epoch,drag_resid_da,reentry
2023-10-07 10:33:35.795232+00:00,-0.0003355645707119098,False
2023-10-07 13:51:56.980512+00:00,-0.0016353069976093905,False
2023-10-07 17:10:18.176160+00:00,-0.00022888905108944834,False
2023-10-08 03:05:21.717312+00:00,-0.001970699413982165,False
2023-10-08 09:42:04.053312+00:00,-0.0018890690813187006,False
2023-10-08 17:57:56.949120+00:00,-0.0018785130485665707,False
2023-10-08 21:16:18.097248+00:00,-0.0004580840942329952,False
2023-10-09 02:13:49.804320+00:00,-0.0011457444724758334,False
2023-10-09 03:53:00.388320+00:00,-8.314833371224768e-05,False
2023-10-09 13:48:03.795552+00:00,-0.001239308119068925,False
2023-10-09 18:45:35.483616+00:00,-0.0006478133993753547,False
2023-10-10 03:01:28.236000+00:00,-0.0025093946386621022,False
2023-10-10 09:38:10.444992+00:00,-0.0012717049950537749,False
2023-10-10 17:54:03.194784+00:00,-0.0010475267843610113,False
2023-10-11 02:09:55.906560+00:00,-0.00034469639729724656,False
2023-10-11 10:25:48.600192+00:00,-0.0022317296934800993,False
2023-10-11 18:41:41.254080+00:00,-0.001805226700543208,False
2023-10-12 04:36:44.409024+00:00,-0.001742836048999077,False
2023-10-12 09:34:15.969216+00:00,-0.0010903066837085456,False
2023-10-12 14:31:47.526816+00:00,-0.0007904150530938065,False
2023-10-12 17:50:08.571264+00:00,0.00014397030561795216,False
2023-10-13 03:45:11.672640+00:00,-0.00010929761734861988,False
2023-10-13 18:37:46.183008+00:00,-0.004649226458094795,False
2023-10-13 21:56:07.150560+00:00,-0.0018824154074473204,False
2023-10-14 04:32:49.163424+00:00,0.0006999075849176083,False
2023-10-14 17:46:13.091520+00:00,-0.0013836110356218933,False
2023-10-14 21:04:34.069440+00:00,-0.00010823193258863726,False
2023-10-15 03:41:16.027008+00:00,-0.00032190879836450307,False
2023-10-15 10:17:57.954336+00:00,-0.0008792866776918774,False
2023-10-15 16:54:39.881664+00:00,8.725503759868204e-05,False
2023-10-15 21:52:11.307936+00:00,-0.0002446412160277963,False
2023-10-16 02:49:42.727296+00:00,-0.0005414578690113072,False
2023-10-16 14:23:56.022144+00:00,-0.0009119512494787222,False
2023-10-16 16:03:06.491232+00:00,-6.309975387890364e-05,False
2023-10-17 10:14:01.597632+00:00,-0.0009136179435387643,False
2023-10-17 15:11:32.960832+00:00,-0.0010757964478610143,False
2023-10-18 04:24:56.618496+00:00,-0.00013447029893150068,False
2023-10-18 11:01:38.420544+00:00,-0.0005629098489010799,False
2023-10-18 20:56:41.065728+00:00,-0.002811659890650137,False
2023-10-19 03:33:22.834080+00:00,-0.0003325582010144524,False
2023-10-19 21:44:17.631168+00:00,-0.0017356532238553169,False
2023-10-20 04:20:59.381376+00:00,0.001172424101532671,False
2023-10-21 03:29:25.341216+00:00,-0.0014235173936795052,False
2023-10-21 10:06:07.010208+00:00,-0.001197145652597828,False
2023-10-21 21:40:19.937856+00:00,0.0015601094919082449,False
2023-10-22 04:17:01.599072+00:00,-0.00023651657914767826,False
2023-10-22 10:53:43.243008+00:00,-0.0005187282396512358,False
2023-10-22 14:12:04.046400+00:00,0.00020020606399319738,False
2023-10-22 17:30:24.861024+00:00,-0.00020436301448801218,False
2023-10-22 22:27:56.059200+00:00,-0.0018999791703275294,False
2023-10-23 03:25:27.262560+00:00,-0.0005342789613865164,False
2023-10-23 18:18:00.892512+00:00,0.0006487540535766471,False
2023-10-23 21:36:21.685536+00:00,-0.0005661331152838922,False
2023-10-24 04:13:03.274176+00:00,7.923089767513161e-05,False
2023-10-24 10:49:44.847264+00:00,-0.00047370131960984844,False
2023-10-25 14:55:41.464416+00:00,-0.0006045918428122985,False
2023-10-25 21:32:23.000352+00:00,-0.0004992029487861506,False
2023-10-26 04:09:04.529376+00:00,-0.00045238371918775774,False
2023-10-26 14:04:06.803904+00:00,-8.543167569035693e-05,False
2023-10-26 19:01:37.935552+00:00,4.6803677954408425e-05,False
2023-10-27 03:17:29.795424+00:00,-0.000606606504975166,False
2023-10-27 09:54:11.265696+00:00,-0.0013608116075392194,False
2023-10-27 21:28:23.855520+00:00,0.0005175113067722387,False
2023-10-28 00:46:44.589792+00:00,-7.4173399006883e-05,False
2023-10-28 10:41:46.799520+00:00,-0.0003117527765971672,False
2023-10-28 18:57:38.588544+00:00,-0.0009068994980925451,False
2023-10-28 22:15:59.293440+00:00,-0.000880111876892968,False
2023-10-29 03:13:30.354240+00:00,-0.00041462290851284635,False
2023-10-29 11:29:22.119936+00:00,-0.0011516416860606236,False
2023-10-29 18:06:03.516768+00:00,-0.0003053899310300706,False
2023-10-29 21:24:24.215616+00:00,-0.00015912188294210075,False
2023-10-30 04:01:05.596032+00:00,-0.0006073050505540937,False
2023-10-30 10:37:46.966080+00:00,-0.0004579086486105888,False
2023-10-30 18:53:38.693760+00:00,0.000603225572231147,False
2023-10-30 22:11:59.353728+00:00,-0.0011452123995846684,False
2023-10-31 03:09:30.364416+00:00,-0.00031973649948981565,False
2023-10-31 18:02:03.391296+00:00,0.00032943009311563274,False
2023-10-31 21:20:24.049536+00:00,-0.0003338394769766932,False
2023-11-01 03:57:05.362560+00:00,-0.0006787238624016789,False
2023-11-01 10:33:46.669536+00:00,-0.00031818548289168965,False
2023-11-01 13:52:07.317408+00:00,0.0007953071523267778,False
2023-11-01 18:49:38.294400+00:00,8.653509256503029e-05,False
2023-11-01 22:07:58.930176+00:00,-0.0005170067630986646,False
2023-11-02 03:05:29.892480+00:00,-0.00019718406902797766,False
2023-11-02 09:42:11.164032+00:00,-0.001025700854523941,False
2023-11-02 14:39:42.115968+00:00,-2.6216228490927697e-05,False
2023-11-02 17:58:02.756064+00:00,0.00019128536126423784,False
2023-11-02 21:16:23.387520+00:00,-1.6015691007944957e-05,False
2023-11-03 03:53:04.650432+00:00,-0.0008272116706994086,False
2023-11-03 10:29:45.900384+00:00,-0.0002988315792682933,False
2023-11-03 18:45:37.444032+00:00,-0.0011130808225589533,False
2023-11-03 22:03:58.066848+00:00,0.00014969124183564556,False
2023-11-04 04:40:39.296928+00:00,-0.0011838857059236734,False
2023-11-04 09:38:10.215168+00:00,-0.00020578044477389667,False
2023-11-04 14:35:41.127360+00:00,-0.00022991207748849303,False
2023-11-04 17:54:01.744992+00:00,0.00032655886960771083,False
2023-11-04 21:12:22.322880+00:00,-0.0014898257575159256,False
2023-11-05 03:49:03.513216+00:00,-0.0021217144328527955,False
2023-11-05 10:25:44.707008+00:00,-6.840459816364187e-05,False
2023-11-05 18:41:36.188448+00:00,0.0006376135873930398,False
2023-11-05 21:59:56.621184+00:00,-0.008826224378848183,False
2023-11-06 02:57:27.472896+00:00,0.0003375790142034745,False
2023-11-06 11:13:18.912864+00:00,0.0014092699887191368,False
2023-11-06 14:31:39.498528+00:00,0.00014799397769758545,False
2023-11-06 17:50:00.074688+00:00,0.0005515714792792895,False
2023-11-06 21:08:20.672448+00:00,0.0006559025152837548,False
2023-11-07 03:45:01.777248+00:00,-0.0002861806997181914,False
2023-11-07 18:37:34.284000+00:00,0.002203844997061145,False
2023-11-08 02:53:25.631520+00:00,-0.0007636999345860022,False
2023-11-08 04:32:35.906208+00:00,-0.000626142341315721,False
2023-11-08 14:27:37.507680+00:00,-0.0002633462227389109,False
2023-11-08 17:45:58.041504+00:00,-0.00011510762485231955,False
2023-11-08 21:04:18.573600+00:00,-0.00020758725798720665,False
2023-11-09 03:40:59.636064+00:00,-0.00010786944426282338,False
2023-11-09 15:15:11.476800+00:00,-0.00024899922618166646,False
2023-11-09 18:33:32.002848+00:00,2.3189901506930912e-05,False
2023-11-09 21:51:52.528032+00:00,0.00016246236838198945,False
2023-11-10 04:28:33.561984+00:00,-0.0004229250861538024,False
2023-11-10 14:23:35.109888+00:00,-0.000948756054378292,False
2023-11-10 17:41:55.619520+00:00,-8.503049142547512e-05,False
2023-11-10 21:00:16.136064+00:00,0.001709321825643217,False
2023-11-11 03:36:57.167424+00:00,1.8932827628817843e-05,False
2023-11-11 10:13:38.190144+00:00,-0.0017392608188516213,False
2023-11-11 18:29:29.453856+00:00,-6.015670262787842e-05,False
2023-11-12 02:45:20.736576+00:00,0.0019593066927964405,False
2023-11-12 04:24:30.996576+00:00,-0.0008750120387579766,False
2023-11-12 14:19:32.496096+00:00,-0.0012129222711375607,False
2023-11-12 17:37:52.999680+00:00,4.596615337056466e-05,False
2023-11-12 20:56:13.515360+00:00,0.0010862790786237604,False
2023-11-13 03:32:54.520800+00:00,-0.0001206669509512114,False
2023-11-13 10:09:35.519328+00:00,-0.00046542783684485234,False
2023-11-13 21:43:47.280576+00:00,0.0005804474421820826,False
2023-11-14 04:20:28.274784+00:00,-0.00016168589285912372,False
2023-11-14 10:57:09.285408+00:00,0.0005060928038310087,False
2023-11-14 14:15:29.776896+00:00,-0.0004562969856957589,False
2023-11-14 20:52:10.765056+00:00,-0.00011444765223823916,False
2023-11-15 03:28:51.748896+00:00,-0.000304560585345258,False
2023-11-15 21:39:44.463744+00:00,-0.0008346963108309363,False
2023-11-16 02:37:15.193632+00:00,-0.0002474710583213009,False
2023-11-16 04:16:25.448448+00:00,0.000674677311465131,False
2023-11-16 22:27:18.136512+00:00,-0.00021799550282289087,False
2023-11-17 03:24:48.862944+00:00,-0.00031155855970018624,False
2023-11-17 21:35:41.563104+00:00,0.0003352156835732536,False
2023-11-18 04:12:22.536576+00:00,-0.0002898538528953488,False
2023-11-18 10:49:03.523872+00:00,-0.0006081030387058226,False
2023-11-18 22:23:15.228096+00:00,0.0008331300152626309,False
2023-11-19 03:20:45.957120+00:00,-0.00015302641769299608,False
2023-11-19 09:57:26.931456+00:00,-0.0011583684036079078,False
2023-11-19 18:13:18.139008+00:00,-0.00012409639749429678,False
2023-11-19 21:31:38.630496+00:00,0.00110820830373589,False
2023-11-20 04:08:19.598784+00:00,-9.155897074356197e-05,False
2023-11-20 10:45:00.563616+00:00,-0.0009620904352116975,False
2023-11-20 14:03:21.048192+00:00,-0.00017894359689424083,False
2023-11-20 19:00:51.774624+00:00,5.637106294558542e-05,False
2023-11-21 03:16:42.983040+00:00,0.0006425432313836154,False
2023-11-21 09:53:23.948736+00:00,-0.0006776137160158337,False
2023-11-21 18:09:15.126912+00:00,-0.0012414723852394462,False
2023-11-22 04:04:16.547808+00:00,-0.0007817498992744344,False
2023-11-22 13:59:17.940192+00:00,-0.0006227467890459011,False
2023-11-22 18:56:48.653664+00:00,0.000843721124204457,False
2023-11-23 03:12:39.835296+00:00,-0.0002477469385391952,False
2023-11-23 04:51:50.066784+00:00,0.0004787957114930313,False
2023-11-23 18:05:11.938560+00:00,0.0011700510422636545,False
2023-11-24 04:00:13.333536+00:00,1.5410793012412237e-05,False
2023-11-24 08:57:44.017632+00:00,-0.0016505881003062667,False
2023-11-24 13:55:14.702592+00:00,-0.0008029340730801939,False
2023-11-24 18:52:45.386688+00:00,-0.00015708840647996524,False
2023-11-24 20:31:55.599168+00:00,-0.0005210764481381914,False
2023-11-25 03:08:36.502656+00:00,-0.0003412626176192853,False
2023-11-25 18:01:08.465088+00:00,-0.004687411841108361,False
2023-11-26 02:16:59.401344+00:00,-0.007278962908781085,False
2023-11-26 03:56:09.758112+00:00,0.007612823132266753,False
2023-11-26 13:51:11.047680+00:00,0.00016823075225839415,False
2023-11-26 18:48:41.689440+00:00,-0.00026602872796915,False
2023-11-27 04:43:42.953088+00:00,-3.5882115477487916e-05,False
2023-11-27 14:38:44.176992+00:00,-0.0027941850202727898,False
2023-11-27 17:57:04.589856+00:00,-0.00033611367080530526,False
2023-11-28 02:12:55.599552+00:00,-0.0012295654371398178,False
2023-11-28 03:52:05.812896+00:00,-0.0009388542822464359,False
2023-11-28 18:44:37.636224+00:00,-0.0005412580440201133,False
2023-11-29 03:00:28.605312+00:00,0.0005529507593081268,False
2023-11-29 04:39:38.810016+00:00,-0.002148923460755914,False
2023-11-29 14:34:39.957024+00:00,-0.0033091287342717126,False
2023-11-29 17:53:00.338784+00:00,-0.0007672364707076002,False
2023-11-30 03:48:01.475424+00:00,0.00013630746801230535,False
2023-11-30 18:40:33.173472+00:00,-0.007480909215115799,False
2023-12-01 02:56:24.117504+00:00,0.003143136322619401,False
2023-12-01 04:35:34.308384+00:00,-0.002498351023200693,False
2023-12-01 17:48:55.749888+00:00,-0.001606439538787246,False
2023-12-02 00:25:36.427008+00:00,-0.003259506998260378,False
2023-12-02 03:43:56.604000+00:00,-0.01002300198949257,False
2023-12-02 18:36:28.428192+00:00,0.01349780886930741,False
2023-12-03 02:52:19.324704+00:00,0.0012656622133045592,False
2023-12-03 04:31:29.512128+00:00,-0.002770909951480512,False
2023-12-03 14:26:30.567552+00:00,-0.00025107495080820236,False
2023-12-03 17:44:50.920800+00:00,-0.00020907302543260215,False
2023-12-04 03:39:51.975360+00:00,0.001199104354450401,False
2023-12-05 02:48:14.423904+00:00,-0.0015271592849838652,False
2023-12-05 04:27:24.603552+00:00,-0.0001901969988609409,False
2023-12-06 03:35:47.014080+00:00,-0.0005412150748380531,False
2023-12-07 04:23:19.593888+00:00,-0.0006352480028280496,False
2023-12-08 03:31:42.011328+00:00,-0.0001971700362254909,False
2023-12-08 15:05:53.224800+00:00,-0.0004714329511466668,False
2023-12-09 04:19:14.602368+00:00,-0.0006349092407691276,False
2023-12-09 12:35:05.474688+00:00,-0.0003214293433463234,False
2023-12-10 11:43:27.887808+00:00,-0.001926570912122253,False
2023-12-10 15:01:48.229824+00:00,-0.0003524641862727675,False
2023-12-10 18:20:08.575296+00:00,-0.0001415199711735378,False
2023-12-10 21:38:28.912128+00:00,0.00038041414205836885,False
2023-12-11 04:15:09.603072+00:00,-0.00036681958201667975,False
2023-12-11 10:51:50.293152+00:00,-0.0012456596480457918,False
2023-12-11 14:10:10.642080+00:00,-0.0006210806423547328,False
2023-12-11 19:07:41.155104+00:00,-0.00040163143324530644,False
2023-12-11 22:26:01.495392+00:00,0.0007708699457990328,False
2023-12-12 03:23:32.011872+00:00,-0.0003285910854156674,False
2023-12-12 18:16:03.550080+00:00,-0.0025583258184980282,False
2023-12-13 04:11:04.553664+00:00,-0.0017958628935581503,False
2023-12-13 14:06:05.593536+00:00,0.0009331730166443743,False
2023-12-13 19:03:36.107424+00:00,-0.00014019842465441072,False
2023-12-14 03:19:26.957280+00:00,-1.1079170726144153e-05,False
2023-12-14 18:11:58.492032+00:00,-5.411747841114383e-05,False
2023-12-15 04:06:59.516352+00:00,0.0008356464794174962,False
2023-12-15 14:02:00.515616+00:00,-0.001244250920196934,False
2023-12-15 18:59:31.034688+00:00,0.0006329717817048618,False
2023-12-16 03:15:21.867264+00:00,4.1363714326796055e-06,False
2023-12-16 18:07:53.355360+00:00,-0.0016062806435403832,False
2023-12-17 04:02:54.357216+00:00,0.0015722943623437354,False
2023-12-17 18:55:25.790016+00:00,-0.0023268729165772176,False
2023-12-18 03:11:16.572480+00:00,-0.0021608188760606425,False
2023-12-18 14:45:27.670176+00:00,0.0004959708767807024,False
2023-12-18 18:03:47.980224+00:00,6.959288423612827e-05,False
2023-12-19 03:58:48.916416+00:00,-0.0001475968425216096,False
2023-12-19 13:53:49.825824+00:00,-0.0006885082613756564,False
2023-12-19 18:51:20.275776+00:00,-0.00016718885026470562,False
2023-12-20 03:07:11.025408+00:00,-6.751039139217844e-05,False
2023-12-20 17:59:42.324288+00:00,-0.001392100238318276,False
2023-12-21 03:54:43.169760+00:00,-0.0013066182126270512,False
2023-12-21 18:47:14.450496+00:00,-0.0002721499004085912,False
2023-12-22 03:03:05.135328+00:00,-0.000842720119876305,False
2023-12-22 04:42:15.270912+00:00,-0.0014229414992890446,False
2023-12-22 14:37:16.064544+00:00,-0.0023518212928835295,False
2023-12-22 17:55:36.333120+00:00,-2.596413820134735e-06,False
2023-12-23 03:50:37.146624+00:00,0.0010173967388435632,False
2023-12-23 18:43:08.292576+00:00,-0.0031500172758615677,False
2023-12-24 02:58:58.922112+00:00,-0.0008734965045699048,False
2023-12-24 04:38:09.062880+00:00,0.0003273181786054793,False
2023-12-24 14:33:09.783072+00:00,-0.0006003397515192319,False
2023-12-24 17:51:30.030912+00:00,0.0002319496625163461,False
2023-12-25 03:46:30.766656+00:00,-0.00034770810269437293,False
2023-12-25 18:39:01.808928+00:00,-0.0011099930311229411,False
2023-12-26 02:54:52.370208+00:00,-0.00025196072768973276,False
2023-12-26 04:34:02.495424+00:00,-0.001105952681216514,False
2023-12-26 14:29:03.134400+00:00,-0.0014155967984403322,False
2023-12-26 17:47:23.347680+00:00,-0.00039989493822488963,False
2023-12-27 03:42:23.973696+00:00,-0.0007696432274075307,False
2023-12-27 18:34:54.884640+00:00,-0.004095894792535602,False
2023-12-28 04:29:55.467456+00:00,4.841271695765759e-05,False
2023-12-28 11:06:35.846496+00:00,-0.0018675472265505756,False
2023-12-28 14:24:56.033856+00:00,-9.20658947861562e-05,False
2023-12-28 19:22:26.309280+00:00,-0.000675504933630079,False
2023-12-28 21:01:36.402528+00:00,0.0013074565791247397,False
2023-12-29 03:38:16.758240+00:00,-0.0010017717873753032,False
2023-12-29 18:30:47.534400+00:00,-0.002698543432973742,False
2023-12-30 04:25:48.027360+00:00,-0.0005661708576960669,False
2023-12-30 14:20:48.526368+00:00,-0.001723929975951964,False
2023-12-30 17:39:08.688672+00:00,-0.00024910219053937764,False
2023-12-31 03:34:09.146208+00:00,0.0001877145831309533,False
2023-12-31 18:26:39.823008+00:00,-0.0022850535928350536,False
2024-01-01 02:42:30.185568+00:00,0.0007116007721012954,False
2024-01-01 04:21:40.261536+00:00,-0.001003725548184133,False
2024-01-01 14:16:40.659456+00:00,-0.0010524464674351928,False
2024-01-01 17:35:00.792384+00:00,-0.00032920754092184733,False
2024-01-02 03:30:01.171296+00:00,-0.0010794974928284543,False
2024-01-02 18:22:31.728864+00:00,-0.0010230709198704789,False
2024-01-03 04:17:32.074944+00:00,6.445784528470245e-05,False
2024-01-03 14:12:32.417568+00:00,1.7398802375504646e-05,False
2024-01-03 17:30:52.528896+00:00,-3.156452073538443e-05,False
2024-01-04 03:25:52.843008+00:00,-0.0009113192877596393,False
2024-01-04 18:18:23.280480+00:00,-0.000504108220419835,False
2024-01-05 04:13:23.551392+00:00,-0.0007843321198211413,False
2024-01-05 14:08:23.814528+00:00,-0.0006334818813717143,False
2024-01-05 17:26:43.888704+00:00,-0.0004070415111547078,False
2024-01-06 03:21:44.103456+00:00,-0.0009620827586083965,False
2024-01-06 18:14:14.417376+00:00,-0.0008515344550337326,False
2024-01-07 04:09:14.608800+00:00,0.0005565188038569432,False
2024-01-07 14:04:14.767392+00:00,-0.0022689724825198116,False
2024-01-07 17:22:34.830336+00:00,0.0003648707513290582,False
2024-01-08 03:17:34.973376+00:00,0.00039981411620750463,False
2024-01-08 18:10:05.151648+00:00,-0.0008112209656331608,False
2024-01-09 04:05:05.243712+00:00,-0.00024012620275561266,False
2024-01-09 09:02:35.271168+00:00,-0.0006918652579983916,False
2024-01-09 14:00:05.299488+00:00,-0.0009492212164486717,False
2024-01-09 17:18:25.324416+00:00,0.0002063891737514045,False
2024-01-10 03:13:25.365504+00:00,-8.613816186697917e-05,False
2024-01-10 18:05:55.380480+00:00,-0.0008291715884013017,False
2024-01-11 04:00:55.320480+00:00,-0.001945455235031084,False
2024-01-11 17:14:15.228384+00:00,-0.0008499093758390932,False
2024-01-12 03:09:15.133824+00:00,-0.00026694283548266747,False
2024-01-12 14:43:24.992544+00:00,-0.0017440686319295483,False
2024-01-12 18:01:44.944032+00:00,-0.00015136595226964106,False
2024-01-13 03:56:44.763936+00:00,-0.0010281574972857764,False
2024-01-13 17:10:04.488672+00:00,-0.0026757415001842193,False
2024-01-14 03:05:04.242048+00:00,-0.0008639116366298948,False
2024-01-14 14:39:13.906368+00:00,-0.002354532011019191,False
2024-01-14 17:57:33.812928+00:00,4.801272495330263e-05,False
2024-01-15 03:52:33.484224+00:00,-0.0013826401448502664,False
2024-01-15 17:05:53.023200+00:00,0.0004430480416344213,False
2024-01-16 03:00:52.631424+00:00,-0.00015570628127016062,False
2024-01-16 04:40:02.563968+00:00,-0.0011092269828510192,False
2024-01-16 14:35:02.141952+00:00,0.00035932717505212514,False
2024-01-16 17:53:22.001856+00:00,0.00026538857780683696,False
2024-01-17 03:48:21.532320+00:00,-0.0004134574154826668,False
2024-01-17 18:40:50.796480+00:00,-0.0020112083688508683,False
2024-01-18 02:56:40.346016+00:00,-0.00022564953124433506,False
2024-01-18 14:30:49.688064+00:00,-0.0014617668785009003,False
2024-01-18 17:49:09.488352+00:00,-0.00037347963876274855,False
2024-01-19 03:44:08.871072+00:00,-0.0006360406765651228,False
2024-01-19 18:36:37.886400+00:00,-0.0011807591437970055,False
2024-01-20 02:52:27.312384+00:00,-0.0004080864003215036,False
2024-01-20 04:31:37.207776+00:00,-0.0005383614627069108,False
2024-01-20 14:26:36.492864+00:00,-0.0008671170210072469,False
2024-01-20 17:44:56.243904+00:00,-0.0003068086952050796,False
2024-01-21 03:39:55.484064+00:00,-0.000224092742326725,False
2024-01-21 18:32:24.282528+00:00,-0.0021044187921730514,False
2024-01-22 04:27:23.463072+00:00,0.0013768301212776298,False
2024-01-22 17:40:42.313440+00:00,-0.0015903111742853636,False
2024-01-23 03:35:41.414496+00:00,0.0018651261647119454,False
2024-01-23 16:49:00.161184+00:00,-0.003329944722463148,False
2024-01-23 18:28:09.996096+00:00,0.002102482041099387,False
2024-01-24 02:43:59.179296+00:00,-0.00026297579900553094,False
2024-01-24 04:23:09.014208+00:00,-0.0028233826078407397,False
2024-01-24 14:18:08.009856+00:00,-0.0004986408595900951,False
2024-01-24 17:36:27.658944+00:00,-0.00031305266363811297,False
2024-01-25 03:31:26.613984+00:00,0.0011890945422363976,False
2024-01-25 18:23:54.983904+00:00,-0.0011765366940655947,False
2024-01-26 02:39:44.051328+00:00,0.0006569575873559557,False
2024-01-26 04:18:53.896608+00:00,-0.0008791682918344525,False
2024-01-26 14:13:52.761792+00:00,0.0007433839823263423,False
2024-01-26 17:32:12.373728+00:00,-0.00010831595034561307,False
2024-01-27 01:48:01.394496+00:00,0.00015816739610515634,False
2024-01-27 18:19:39.392832+00:00,-0.0011721107288750667,False
2024-01-27 21:37:58.979712+00:00,0.0015586071222207848,False
2024-01-28 04:14:38.150016+00:00,-0.0003355994766523799,False
2024-01-28 14:09:36.890784+00:00,-0.0007870613692167745,False
2024-01-28 17:27:56.454336+00:00,-0.0003848242085097823,False
2024-01-29 03:22:55.150176+00:00,-9.928618864153216e-05,False
2024-01-29 14:57:03.585888+00:00,-0.000659136627202981,False
2024-01-29 21:33:42.679296+00:00,-9.463046472297934e-06,False
2024-01-30 04:10:21.762336+00:00,-0.00017552173939774018,False
2024-01-30 14:05:20.354496+00:00,-0.0007073699622962744,False
2024-01-30 17:23:39.885216+00:00,-4.954546896116798e-05,False
2024-01-31 03:18:38.462688+00:00,0.0007952046158822689,False
2024-01-31 21:29:25.773216+00:00,-0.0003962489069593727,False
2024-02-01 04:06:04.774176+00:00,-0.00023763416780749438,False
2024-02-01 14:01:03.254016+00:00,-0.0005606319621616069,False
2024-02-02 03:14:21.186816+00:00,-0.0004426373981764923,False
2024-02-02 14:48:29.347776+00:00,-0.00038087492503692186,False
2024-02-02 18:06:48.818016+00:00,1.2773143471226918e-05,False
2024-02-03 04:01:47.201952+00:00,0.0001039197042679743,False
2024-02-03 17:15:05.014656+00:00,-0.0015204098560618804,False
2024-02-03 20:33:24.452928+00:00,0.0005716870224535327,False
2024-02-04 03:10:03.333792+00:00,-0.00019509379120110954,False
2024-02-04 09:46:42.196512+00:00,-0.0019856080039170757,False
2024-02-04 14:44:11.336640+00:00,-7.890316972986098e-05,False
2024-02-04 18:02:30.764544+00:00,0.00012253573599171983,False
2024-02-05 03:57:29.021472+00:00,0.0008698822388731034,False
2024-02-05 17:10:46.654464+00:00,-0.0012948899370149774,False
2024-02-06 03:05:44.852640+00:00,0.0006227894931506634,False
2024-02-06 14:39:52.697376+00:00,-0.0003845475282594972,False
2024-02-06 17:58:12.076032+00:00,8.70853846522805e-05,False
2024-02-07 03:53:10.178304+00:00,-0.00116238757515668,False
2024-02-07 10:29:48.928704+00:00,0.00044660287780605456,False
2024-02-07 17:06:27.635040+00:00,-0.0008236073123197001,False
2024-02-07 22:03:56.656800+00:00,0.00014113789615566872,False
2024-02-08 01:22:16.004352+00:00,1.2573102360104323e-05,False
2024-02-08 09:38:04.370208+00:00,-0.0015462453139510523,False
2024-02-08 14:35:33.359136+00:00,-0.0005788195315614621,False
2024-02-08 17:53:52.684224+00:00,-0.00010568442967348493,False
2024-02-09 03:48:50.649984+00:00,0.0002815689736208526,False
2024-02-09 17:02:07.890720+00:00,-0.0014008260693069638,False
2024-02-10 02:57:05.797728+00:00,0.0005215532653402421,False
2024-02-10 17:49:32.554560+00:00,-0.0041737230502320085,False
2024-02-11 03:44:30.336288+00:00,-0.0008677056327137571,False
2024-02-11 18:36:57.036960+00:00,0.002386822958106645,False
2024-02-12 02:52:45.171264+00:00,0.0020287216179070444,False
2024-02-12 14:26:52.494144+00:00,-0.003085500345101767,False
2024-02-12 17:45:11.720736+00:00,5.1604265561231875e-05,False
2024-02-13 03:40:09.408288+00:00,0.003603472307226898,False
2024-02-13 10:16:47.839008+00:00,-0.0030531772619377846,False
2024-02-13 18:32:35.858400+00:00,-0.0017270962988794776,False
2024-02-13 21:50:55.059936+00:00,-9.999420246945478e-05,False
2024-02-14 02:48:23.860512+00:00,0.0003174148870838519,False
2024-02-14 14:22:31.035648+00:00,0.0019509795097830398,False
2024-02-14 16:01:40.645056+00:00,0.000712158446283921,False
2024-02-14 20:59:09.410208+00:00,-0.0001955888975892755,False
2024-02-15 03:35:47.759712+00:00,-7.328956152624112e-05,False
2024-02-15 18:28:14.039616+00:00,0.0010911893990114426,False
2024-02-15 21:46:33.209184+00:00,0.0008905834703819717,False
2024-02-16 04:23:11.520672+00:00,-0.00011869167137704118,False
2024-02-16 14:18:08.957664+00:00,0.00019881875728396592,False
2024-02-16 17:36:28.096992+00:00,-0.00020198863885136542,False
2024-02-17 03:31:25.509792+00:00,6.538597024402949e-05,False
2024-02-17 10:08:03.778944+00:00,-0.001207793698335864,False
2024-02-17 18:23:51.580608+00:00,-0.00025034316308376577,False
2024-02-17 21:42:10.684512+00:00,-0.0005193594025003795,False
2024-02-18 04:18:48.910464+00:00,-0.00014352195814309413,False
2024-02-18 14:13:46.232544+00:00,-0.0008051117197002294,False
2024-02-18 17:32:05.323488+00:00,-0.0005772346833023733,False
2024-02-18 20:50:24.417888+00:00,-0.00014443004040115646,False
2024-02-19 03:27:02.602368+00:00,-0.00044348510515805585,False
2024-02-19 10:03:40.785984+00:00,-0.0008132317523950135,False
2024-02-19 18:19:28.501248+00:00,-0.000429972975856564,False
2024-02-19 21:37:47.587872+00:00,0.001724415107840027,False
2024-02-20 04:14:25.739520+00:00,-0.0004873035322440801,False
2024-02-20 10:51:03.885984+00:00,-0.0011054906723565996,False
2024-02-20 14:09:22.945824+00:00,-0.0005834392414599968,False
2024-02-20 17:27:42.009120+00:00,-0.0001786521506811703,False
2024-02-20 20:46:01.068960+00:00,0.00032551718331594065,False
2024-02-21 03:22:39.186048+00:00,-0.000251672562757158,False
2024-02-21 09:59:17.301408+00:00,-0.00012653902451117494,False
2024-02-21 14:56:45.885120+00:00,0.0011028785481004466,False
2024-02-21 18:15:04.935456+00:00,3.349556936316884e-05,False
2024-02-21 21:33:23.972832+00:00,-4.020917954599085e-05,False
2024-02-22 04:10:02.059680+00:00,-1.6042336902827217e-06,False
2024-02-22 10:46:40.145664+00:00,-3.961529746370645e-05,False
2024-02-22 14:04:59.181312+00:00,-3.1252256330501914e-05,False
2024-02-22 17:23:18.219552+00:00,0.00025840421617738724,False
2024-02-23 03:18:15.317856+00:00,0.0008549436584596964,False
2024-02-23 09:54:53.381376+00:00,-0.00019040373262910627,False
2024-02-23 18:10:40.930752+00:00,-0.0011897119609492344,False
2024-02-23 21:28:59.950848+00:00,0.0006478555699475975,False
2024-02-24 04:05:37.988448+00:00,0.0002074608409041185,False
2024-02-24 10:42:16.020864+00:00,-0.0011166535458340874,False
2024-02-25 03:13:51.043584+00:00,-3.133506721236757e-05,False
2024-02-25 09:50:29.051808+00:00,0.0011121469221221144,False
2024-02-25 14:47:57.527520+00:00,-0.0006352312781382234,False
2024-02-25 18:06:16.522560+00:00,0.0003320947202631418,False
2024-02-25 21:24:35.523648+00:00,0.00012782659132355928,False
2024-02-26 04:01:13.498176+00:00,0.0004027873941118438,False
2024-02-26 13:56:10.447872+00:00,0.0006701920789055228,False
2024-02-26 18:53:38.914080+00:00,0.00014472389181158273,False
2024-02-27 03:09:26.353728+00:00,0.0004436851225562109,False
2024-02-27 09:46:04.291104+00:00,0.0007436209398073213,False
2024-02-27 14:43:32.752128+00:00,0.0007467672919594141,False
2024-02-27 18:01:51.718656+00:00,0.00011808136738087358,False
2024-02-27 21:20:10.692960+00:00,0.0006070740539600361,False
2024-02-28 03:56:48.620832+00:00,0.00025605682385745204,False
2024-02-28 10:33:26.544384+00:00,0.0006651879840027775,False
2024-02-28 13:51:45.507456+00:00,0.000849463017997584,False
2024-02-28 18:49:13.947744+00:00,0.0005261125393674659,False
2024-02-29 03:05:01.338144+00:00,0.0005422375768472563,False
2024-02-29 09:41:39.239232+00:00,-0.00039654939947649263,False
2024-02-29 14:39:07.660512+00:00,0.0006235447085202687,False
2024-02-29 17:57:26.619264+00:00,0.0005254891369115433,False
2024-02-29 21:15:45.566784+00:00,0.0001671997357694737,False
2024-03-01 03:52:23.455776+00:00,0.00020823233973357464,False
2024-03-01 10:29:01.332672+00:00,-0.0008996560152343025,False
2024-03-01 13:47:20.267232+00:00,0.00014024382783994847,False
2024-03-01 17:05:39.204384+00:00,6.340265684907779e-05,False
2024-03-02 03:00:36.015840+00:00,0.00039873145386530584,False
2024-03-02 14:34:42.266496+00:00,-0.0010824151251753338,False
2024-03-02 17:53:01.188960+00:00,-0.00013547674508856836,False
2024-03-03 03:47:57.984000+00:00,0.0008563471173890298,False
2024-03-03 10:24:35.819424+00:00,-0.0011126262834679262,False
2024-03-03 13:42:54.749664+00:00,0.000817049405455057,False
2024-03-03 18:40:23.121696+00:00,-9.86637659839073e-05,False
2024-03-04 02:56:10.284000+00:00,-0.004806299173584307,False
2024-03-04 09:32:48.195456+00:00,0.004374600294183639,False
2024-03-04 14:30:16.557120+00:00,0.0006077194595051744,False
2024-03-04 17:48:35.468352+00:00,0.00012965955652435282,False
2024-03-04 21:06:54.361440+00:00,-0.00027628195797639,False
2024-03-05 03:43:32.152800+00:00,-0.0005507825965301466,False
2024-03-05 13:38:28.817376+00:00,-0.002188377369510485,False
2024-03-05 18:35:57.158304+00:00,-7.305943593934917e-05,False
2024-03-06 02:51:44.370720+00:00,-0.0018899910027762108,False
2024-03-06 04:30:53.807328+00:00,-4.9474122862531734e-05,False
2024-03-06 14:25:50.450304+00:00,-0.0009354587185867638,False
2024-03-06 17:44:09.333888+00:00,-4.3585415073680894e-05,False
2024-03-07 03:39:05.978592+00:00,0.0001831041052566889,False
2024-03-07 10:15:43.739712+00:00,-0.0009900121829126266,False
2024-03-08 02:47:18.100608+00:00,-0.000149290078294229,False
2024-03-08 04:26:27.531168+00:00,-0.0002139027500999395,False
2024-03-09 03:34:39.593568+00:00,0.0007227558304712346,False
2024-03-09 10:11:17.299392+00:00,-0.0017604862385424242,False
2024-03-09 21:45:23.307264+00:00,0.0013334556880005323,False
2024-03-10 04:22:01.022592+00:00,6.196286923671433e-05,False
2024-03-10 14:16:57.596448+00:00,0.0003169160627119593,False
2024-03-10 20:53:35.303136+00:00,9.303540957957836e-05,False
2024-03-11 03:30:13.013280+00:00,0.00010899848180155928,False
2024-03-11 10:06:50.728608+00:00,0.00012432468827563016,False
2024-03-11 15:04:19.003008+00:00,-7.250784898687253e-05,False
2024-03-12 04:17:34.414656+00:00,0.00024195989635653623,False
2024-03-12 20:49:08.664096+00:00,-6.394674078185822e-05,False
2024-03-13 03:25:46.354368+00:00,-0.00020717107896260243,False
2024-03-13 14:59:52.317312+00:00,-0.0007246816062616835,False
2024-03-13 21:36:30.008448+00:00,0.00029233011602391307,False
2024-03-14 04:13:07.708224+00:00,-2.4612941051787305e-05,False
2024-03-14 19:05:32.499456+00:00,0.00036198846323137355,False
2024-03-15 03:21:19.614240+00:00,0.0003676469280788296,False
2024-03-16 04:08:40.952544+00:00,0.0013424932036515012,False
2024-03-16 14:03:37.483200+00:00,0.0003985190999674876,False
2024-03-16 19:01:05.750688+00:00,0.0002960524537812451,False
2024-03-16 22:19:24.592800+00:00,-5.4048708052631834e-05,False
2024-03-17 03:16:52.858560+00:00,0.00014185210468138307,False
2024-03-17 18:09:17.654112+00:00,0.0015165044410224249,False
2024-03-18 04:04:14.185632+00:00,0.0004780524203159234,False
2024-03-19 03:12:26.069184+00:00,0.0010652875185541465,False
2024-03-20 02:20:37.911264+00:00,-0.0006627910686763626,False
2024-03-20 03:59:47.323680+00:00,-0.0006962883089930056,False
2024-03-20 13:54:43.837920+00:00,3.632691577485454e-05,False
2024-03-20 18:52:12.084672+00:00,0.00015899447991268335,False
2024-03-20 22:10:30.907776+00:00,2.96256645237813e-05,False
2024-03-21 03:07:59.141568+00:00,-0.00016770091716241178,False
2024-03-21 09:44:36.811104+00:00,0.001187160587964942,False
2024-03-21 14:42:05.051808+00:00,-0.0004763243163944744,False
2024-03-21 18:00:23.875776+00:00,0.0003867288185397189,False
2024-03-22 03:55:20.351136+00:00,0.001788712207546176,False
2024-03-22 13:50:16.816992+00:00,0.001838134245310573,False
2024-03-22 18:47:45.037824+00:00,0.0002983651830849403,False
2024-03-23 04:42:41.469984+00:00,-0.0019784597034631967,False
2024-03-23 17:55:56.634528+00:00,-0.0003109106604937441,False
2024-03-24 03:50:53.029536+00:00,0.00041923877767260746,False
2024-03-24 10:27:30.610080+00:00,0.0005196454575751705,False
2024-03-24 13:45:49.334688+00:00,-0.0065604580248791455,False
2024-03-24 18:43:17.463072+00:00,-0.0013050997968630583,False
2024-03-24 22:01:35.961312+00:00,-0.022839147194242272,False
2024-03-25 04:38:13.748352+00:00,0.02488982257615826,False
2024-03-25 09:35:41.885376+00:00,0.00015268719845096387,False
2024-03-25 17:51:28.776384+00:00,-0.005920943688594555,False
2024-03-25 21:09:47.585664+00:00,0.004188376436781126,False
2024-03-26 03:46:25.059936+00:00,-0.0011576962104694753,False
2024-03-26 10:23:02.566176+00:00,4.5069443389957574e-05,False
2024-03-26 13:41:21.439392+00:00,0.006341813539294611,False
2024-03-26 18:38:49.562592+00:00,-0.0003142721691315187,False
2024-03-26 21:57:08.338176+00:00,0.002692472275135121,False
2024-03-27 04:33:45.851328+00:00,-0.001686957032341388,False
2024-03-27 09:31:13.975392+00:00,-0.0002655897890193064,False
2024-03-27 14:28:42.092544+00:00,0.003597958116340707,False
2024-03-27 21:05:19.594464+00:00,-0.00022641814787996819,False
2024-03-28 03:41:57.094656+00:00,0.00019018818362719677,False
2024-03-28 13:36:53.324640+00:00,-0.0008279697376687204,False
2024-03-28 21:52:40.188864+00:00,-0.0002080036378300878,False
2024-03-29 04:29:17.657088+00:00,-0.0006819965507774393,False
2024-03-29 09:26:45.760416+00:00,-0.00020138406246319367,False
2024-03-29 21:00:51.330240+00:00,-0.0015965948460601878,False
2024-03-30 03:37:28.799328+00:00,-0.00011491183755778841,False
2024-03-30 10:14:06.277056+00:00,0.00027705084456761597,False
2024-03-30 13:32:25.023264+00:00,0.002565939958394203,False
2024-03-30 21:48:11.817504+00:00,-0.0053191711684496545,False
2024-03-31 04:24:49.281408+00:00,0.0007284045616647963,False
2024-03-31 09:22:17.367456+00:00,-0.0005022230319992961,False
2024-03-31 14:19:45.526080+00:00,0.004515628599503941,False
2024-03-31 20:56:23.005536+00:00,0.00017246852289929185,False
2024-04-01 03:33:00.471168+00:00,-0.0005768233331582861,False
2024-04-01 10:09:37.938528+00:00,-0.00020670180577165328,False
2024-04-01 18:25:24.755232+00:00,9.51122310336957e-06,False
2024-04-02 04:20:20.961888+00:00,-0.0005937266846668672,False
2024-04-02 20:51:54.622944+00:00,-0.00011481102735632666,False
2024-04-03 03:28:32.084256+00:00,-0.00034415008082796605,False
2024-04-03 18:20:56.399424+00:00,0.0004057178927736639,False
2024-04-03 21:39:15.132672+00:00,-0.00010536183555171451,False
2024-04-04 04:15:52.615584+00:00,0.0004786876666307996,False
2024-04-04 10:52:30.089856+00:00,-0.00012405328187975906,False
2024-04-04 14:10:48.817920+00:00,0.0002190430341657214,False
2024-04-04 20:47:26.286144+00:00,-0.00010145722182487325,False
2024-04-05 03:24:03.754368+00:00,2.1197898286378367e-05,False
2024-04-05 10:00:41.225184+00:00,0.00010414040825365242,False
2024-04-05 18:16:28.057440+00:00,0.0006123692089786378,False
2024-04-06 04:11:24.260640+00:00,0.00012341982607574496,False
2024-04-06 10:48:01.731456+00:00,0.00034076460274179085,False
2024-04-06 20:42:57.932928+00:00,7.743558069652021e-05,False
2024-04-07 09:56:12.869376+00:00,-0.0009609759038323321,False
2024-04-07 14:53:40.969248+00:00,-1.7432970760605966e-06,False
2024-04-07 21:30:18.432288+00:00,0.00046776766651932,False
2024-04-08 04:06:55.891872+00:00,-0.0008329735551448098,False
2024-04-08 10:43:33.354048+00:00,0.00010776416474614706,False
2024-04-09 03:15:07.016832+00:00,0.000862110521452407,False
2024-04-09 09:51:44.474688+00:00,-0.00012074197152387193,False
2024-04-09 21:25:50.001312+00:00,-0.0007096028288514087,False
2024-04-10 04:02:27.447936+00:00,-0.0004956804360188329,False
2024-04-10 10:39:04.898016+00:00,0.0002133079218157761,False
2024-04-10 18:54:51.725952+00:00,0.0011915348630686933,False
2024-04-10 22:13:10.453152+00:00,4.4363502334535034e-05,False
2024-04-11 04:49:47.896320+00:00,-5.5874638021386836e-05,False
2024-04-11 09:47:15.985824+00:00,0.00041982800442114413,False
2024-04-11 18:03:02.793888+00:00,-0.00024071646914352153,False
2024-04-11 21:21:21.514176+00:00,0.000516379599837188,False
2024-04-12 03:57:58.950432+00:00,-0.00033017727024435236,False
2024-04-12 13:52:55.107840+00:00,-7.848411894322829e-05,False
2024-04-13 04:45:19.323648+00:00,-0.00021176815652843147,False
2024-04-13 14:40:15.474144+00:00,0.0007487264442207395,False
2024-04-13 17:58:34.193568+00:00,0.0006404780232200721,False
2024-04-14 03:53:30.331104+00:00,-0.00032941971278817013,False
2024-04-14 18:45:54.508032+00:00,-0.000542457307678196,False
2024-04-15 03:01:41.259072+00:00,3.658459727693764e-05,False
2024-04-16 03:49:01.483680+00:00,0.001391408289647747,False
2024-04-16 10:25:38.835264+00:00,-0.0028959975724093213,False
2024-04-16 18:41:25.475712+00:00,-0.0017699861466696962,False
2024-04-17 04:36:21.457728+00:00,-0.001247720369146622,False
2024-04-17 14:31:17.469120+00:00,0.004000242646289206,False
2024-04-17 21:07:54.730848+00:00,-0.0020348587247202266,False
2024-04-18 03:44:32.044416+00:00,0.0006371461761775529,False
2024-04-18 18:36:55.912032+00:00,0.0008048526213393636,False
2024-04-18 18:36:55.913760+00:00,6.83409355437537e-05,False
2024-04-19 04:31:51.778272+00:00,-0.001169070732093303,False
2024-04-19 14:26:47.576256+00:00,-0.002816016960547926,False
2024-04-19 17:45:06.032160+00:00,-0.005347202440207964,False
2024-04-19 17:45:06.161760+00:00,0.004767572753877739,False
2024-04-20 03:40:01.915680+00:00,0.0010309469974853942,False
2024-04-20 18:32:25.493856+00:00,-0.0020352475171850973,False
2024-04-21 04:27:21.164832+00:00,-0.001077869295667503,False
2024-04-21 14:22:16.760640+00:00,-0.0041901184418421,False
2024-04-21 17:40:35.292576+00:00,5.094093926520725e-05,False
2024-04-22 03:35:30.850368+00:00,-0.0009552774122186438,False
2024-04-22 18:27:54.088992+00:00,-0.0013247250675572546,False
2024-04-23 04:22:49.537920+00:00,-0.0008613084489493819,False
2024-04-23 14:17:44.954880+00:00,-0.00043447198867628024,False
2024-04-23 17:36:03.424608+00:00,3.7724399898909824e-05,False
2024-04-24 03:30:58.781088+00:00,-0.0012237622739973489,False
2024-04-24 18:23:21.741504+00:00,-0.0040242617766530365,False
2024-04-25 04:18:17.002944+00:00,-0.0013265452520235086,False
2024-04-25 14:13:12.236736+00:00,-0.0024832080999973327,False
2024-04-25 17:31:30.647712+00:00,0.0009006581535379906,False
2024-04-26 03:26:25.831392+00:00,-0.0066458860323246405,False
2024-04-26 10:03:02.638656+00:00,0.003318842608755686,False
2024-04-26 18:18:48.511008+00:00,-0.005821258178196728,False
2024-04-27 04:13:43.629024+00:00,-0.002294853438450496,False
2024-04-27 10:50:20.337792+00:00,-0.0012316069267610734,False
2024-04-27 17:26:57.016320+00:00,0.002546502808713143,False
2024-04-28 03:21:52.028928+00:00,-0.002518948195274509,False
2024-04-28 09:58:28.685856+00:00,-0.001125256493850348,False
2024-04-28 18:14:14.527104+00:00,0.0037079292850319577,False
2024-04-28 21:32:32.856000+00:00,-0.000506280775535406,False
2024-04-29 04:09:09.493920+00:00,-0.0002302792468644808,False
2024-04-29 10:45:46.121472+00:00,-0.0006464514749432964,False
2024-04-29 17:22:22.729152+00:00,-0.0006156273045784943,False
2024-04-30 03:17:17.644992+00:00,-0.0006354035699563218,False
2024-04-30 09:53:54.228480+00:00,-0.0010385313523706972,False
2024-04-30 14:51:21.666528+00:00,-0.001299636890934899,False
2024-04-30 18:09:39.953952+00:00,-0.00033183920345038166,False
2024-04-30 21:27:58.235328+00:00,-0.0006044462070536568,False
2024-05-01 04:04:34.789440+00:00,-0.0013755769244620372,False
2024-05-01 10:41:11.334912+00:00,-0.0004230385481781239,False
2024-05-02 03:12:42.685632+00:00,0.0009310774496414011,False
2024-05-02 09:49:19.212096+00:00,-0.0002180112672063362,False
2024-05-02 14:46:46.598304+00:00,0.000664861458988944,False
2024-05-02 18:05:04.849440+00:00,3.122824289953957e-05,False
2024-05-03 03:59:59.601120+00:00,0.0019736507897712323,False
2024-05-03 10:36:36.084384+00:00,-0.0005887221592233214,False
2024-05-03 13:54:54.336384+00:00,0.0011065828621405088,False
2024-05-03 17:13:12.575424+00:00,0.00016130045694563093,False
2024-05-03 22:10:39.927072+00:00,0.0005286061462998228,False
2024-05-04 03:08:07.273536+00:00,0.00016945355914267375,False
2024-05-04 09:44:43.755072+00:00,0.0002845212810091162,False
2024-05-04 18:00:29.315520+00:00,-0.0011550711191920418,False
2024-05-05 03:55:23.942784+00:00,-8.383886510105907e-05,False
2024-05-05 20:26:54.997152+00:00,0.001007837575248029,False
2024-05-05 22:06:04.095936+00:00,8.807573490880033e-05,False
2024-05-06 03:03:31.387104+00:00,0.00043369328858909595,False
2024-05-06 09:40:07.753728+00:00,-0.000909874745009713,False
2024-05-06 14:37:35.057856+00:00,-0.000277138960303968,False
2024-05-06 17:55:53.239008+00:00,0.0002489857281161704,False
2024-05-06 21:14:11.417568+00:00,0.0022361987856462815,False
2024-05-07 03:50:47.765184+00:00,-0.0023525209497259904,False
2024-05-07 10:27:24.096384+00:00,0.0006148026593719804,False
2024-05-07 13:45:42.309504+00:00,0.003301931389911348,False
2024-05-07 20:22:18.625152+00:00,0.0017125401403603382,False
2024-05-08 02:58:54.937344+00:00,0.0007580090710193684,False
2024-05-08 09:35:31.233984+00:00,-0.0012120729434171567,False
2024-05-08 14:32:58.451712+00:00,0.0002476746005630483,False
2024-05-08 17:51:16.595712+00:00,0.0006783811805741312,False
2024-05-08 21:09:34.714656+00:00,0.0022394121740925087,False
2024-05-09 03:46:10.988832+00:00,-0.0018691428844378921,False
2024-05-09 10:22:47.240544+00:00,0.0009951798759355326,False
2024-05-09 16:59:23.496576+00:00,1.8391831402784706e-05,False
2024-05-09 21:56:50.630496+00:00,-0.003332485562152807,False
2024-05-10 02:54:17.773056+00:00,0.00025429803454967434,False
2024-05-10 09:30:54.004032+00:00,0.0002881067348798833,False
2024-05-10 14:28:21.157824+00:00,0.00013154999897834916,False
2024-05-10 17:46:39.244800+00:00,0.0004327294839699073,False
2024-05-11 03:41:33.494496+00:00,-0.005470537600884259,False
2024-05-11 16:54:45.331776+00:00,-0.008445722654639276,False
2024-05-11 21:52:12.336096+00:00,0.004750667553588027,False
2024-05-12 04:28:48.312192+00:00,0.0027962557049421126,False
2024-05-12 09:26:15.272448+00:00,0.0022404443781847104,False
2024-05-12 14:23:42.208512+00:00,0.003396953667425035,False
2024-05-12 21:00:18.112032+00:00,0.0002011473480560584,False
2024-05-13 03:36:53.980128+00:00,0.002723030752749625,False
2024-05-13 15:10:56.636544+00:00,-0.0005052469977308372,False
2024-05-13 21:47:32.432928+00:00,0.0006250389451852925,False
2024-05-14 04:24:08.193024+00:00,-0.0005359902258227408,False
2024-05-14 09:21:35.005536+00:00,-0.0003112094738390069,False
2024-05-14 20:55:37.527168+00:00,-0.001530566235273756,False
2024-05-15 03:32:13.200864+00:00,-0.0033992849892460573,False
2024-05-15 10:08:48.902208+00:00,-0.0006004234801250835,False
2024-05-15 18:24:33.590880+00:00,0.003991584375593155,False
2024-05-15 21:42:51.326208+00:00,-0.003392109401934589,False
2024-05-16 04:19:26.992992+00:00,-0.0001275094649016168,False
2024-05-16 09:16:53.643936+00:00,-0.002468102605908265,False
2024-05-17 10:04:06.966048+00:00,0.00012575004577105968,False
2024-05-17 21:38:08.958912+00:00,-0.004172432705419254,False
2024-05-18 04:14:44.364768+00:00,-0.0030638255957763155,False
2024-05-18 10:51:19.783584+00:00,-3.347382110100794e-05,False
2024-05-18 14:09:37.548288+00:00,-0.0015774160991433985,False
2024-05-18 20:46:12.904896+00:00,-0.002089904272794357,False
2024-05-19 03:22:48.238176+00:00,-0.002035177979887993,False
2024-05-19 18:15:07.657920+00:00,-0.004598111190944195,False
2024-05-20 04:10:00.536448+00:00,-0.0004770183228636699,False
2024-05-20 14:04:53.346720+00:00,-0.002651015652277664,False
2024-05-20 17:23:10.942080+00:00,-0.000338521204035766,False
2024-05-21 03:18:03.697056+00:00,-0.0014910357256140536,False
2024-05-21 18:10:22.751328+00:00,-0.0003106755265862172,False
2024-05-21 21:28:40.293120+00:00,-0.0012901357523108917,False
2024-05-22 04:05:15.384480+00:00,-0.0008914857814132189,False
2024-05-23 03:13:18.056064+00:00,-0.002176890734236307,False
2024-05-23 14:47:19.298112+00:00,-0.0008667702457809397,False
2024-05-23 18:05:36.782880+00:00,-0.0006493708778497344,False
2024-05-24 04:00:29.191392+00:00,-0.002626070762593509,False
2024-05-24 12:16:12.825984+00:00,-0.0017474605459153747,False
2024-05-24 20:31:56.451936+00:00,-0.00039355453426405396,False
2024-05-24 22:11:05.171424+00:00,-0.0002379367295990209,False
2024-05-25 03:08:31.324704+00:00,-0.0007463137454462327,False
2024-05-25 09:45:06.200064+00:00,0.00017143665417361119,False
2024-05-25 14:42:32.321376+00:00,-0.0014743436844097285,False
2024-05-25 18:00:49.741344+00:00,-0.00026021893464525496,False
2024-05-26 03:55:41.971872+00:00,-0.0009034347941458344,False
2024-05-26 13:50:34.170432+00:00,-0.00017832864338062629,False
2024-05-26 17:08:51.564480+00:00,-0.00012607445589370527,False
2024-05-26 22:06:17.634816+00:00,-0.000716152445298112,False
2024-05-27 03:03:43.699104+00:00,-0.0005396586124056142,False
2024-05-27 09:40:18.458688+00:00,-8.908188136134672e-06,False
2024-05-27 14:37:44.517792+00:00,0.001764775812738924,False
2024-05-27 17:56:01.885056+00:00,0.0001778575913484533,False
2024-05-28 03:50:53.928960+00:00,-0.0014193395212571537,False
2024-05-28 10:27:28.621152+00:00,-9.960267270051558e-05,False
2024-05-28 17:04:03.315072+00:00,0.001020352478172476,False
2024-05-29 02:58:55.304544+00:00,-0.0003864019050956453,False
2024-05-29 14:32:55.936608+00:00,-0.0014908071511057015,False
2024-05-29 17:51:13.249440+00:00,-0.002313959785083444,False
2024-05-29 17:51:13.254624+00:00,0.0024403631163873226,False
2024-05-30 03:46:05.190528+00:00,-0.001710940837687297,False
2024-05-30 16:59:14.310528+00:00,-0.00494613019265948,False
2024-05-30 16:59:14.361504+00:00,0.002202830275351296,False
2024-05-31 02:54:06.141888+00:00,-0.0022069256522984923,False
2024-05-31 02:54:06.218784+00:00,0.0030553272416087743,False
2024-05-31 14:28:06.624480+00:00,-0.0019803630494872175,False
2024-05-31 17:46:23.881152+00:00,-7.714235130618313e-05,False
2024-06-01 03:41:15.745344+00:00,0.005081118229208902,False
2024-06-01 03:41:15.760032+00:00,0.0006832996899368913,False
2024-06-01 16:54:24.776352+00:00,0.0016066487631371112,False
2024-06-02 02:49:16.481568+00:00,0.0006202027347092559,False
2024-06-02 02:49:16.504032+00:00,0.0010932767190175864,False
2024-06-02 17:41:34.016064+00:00,-0.0011523805219035453,False
2024-06-03 03:36:25.653888+00:00,1.3136312880527874e-05,False
2024-06-03 03:36:25.660800+00:00,-0.001991317234736492,False
2024-06-03 10:13:00.086880+00:00,-4.323151879259755e-05,False
2024-06-03 21:47:00.258432+00:00,-0.00028372516199982965,False
2024-06-04 02:44:26.031552+00:00,-1.89240435065287e-06,False
2024-06-04 09:21:00.375552+00:00,-0.0010123534758754082,False
2024-06-04 20:55:00.472800+00:00,0.000264421228936375,False
2024-06-05 03:31:34.793472+00:00,0.0001389817097679541,False
2024-06-05 10:08:09.127104+00:00,0.001929017533864564,False
2024-06-05 21:42:09.118944+00:00,-0.0006664029907363432,False
2024-06-06 04:18:43.380864+00:00,-0.00044022132909753197,False
2024-06-06 19:11:00.415968+00:00,-0.0011432970065983466,False
2024-06-07 10:03:17.401824+00:00,0.0005496978159918093,False
2024-06-07 15:00:43.008192+00:00,-0.0022892832404291007,False
2024-06-08 04:13:51.309984+00:00,0.00018303946980212458,False
2024-06-08 14:08:42.501120+00:00,0.0006179871279160753,False
2024-06-08 20:45:16.607520+00:00,0.00011878308834782593,False
2024-06-09 03:21:50.696640+00:00,-0.00010605222742956794,False
2024-06-09 18:14:07.376640+00:00,-0.0019496758267160469,False
2024-06-09 21:32:24.389664+00:00,-0.0006462547614801041,False
2024-06-10 04:08:58.438176+00:00,3.9588267587889686e-05,False
2024-06-10 14:03:49.486752+00:00,0.00019592050768893433,False
2024-06-10 20:40:23.485152+00:00,-0.0009747116523027744,False
2024-06-11 03:16:57.473184+00:00,-0.00021582418666957182,False
2024-06-11 09:53:31.462944+00:00,0.0002468335422513737,False
2024-06-12 04:04:04.865664+00:00,0.0006199469866720389,False
2024-06-12 10:40:38.803584+00:00,-0.00037562268764427414,False
2024-06-12 17:17:12.742368+00:00,0.0013711579234386413,False
2024-06-13 03:12:03.596544+00:00,-0.0010340396868111367,False
2024-06-13 09:48:37.505952+00:00,-0.00023237209067443086,False
2024-06-13 14:46:02.928288+00:00,0.0007255668567259759,False
2024-06-13 18:04:19.870464+00:00,-1.6774788737052666e-05,False
2024-06-14 13:54:01.469088+00:00,-0.001461864184025088,False
2024-06-14 17:12:18.387936+00:00,-0.00018439468711278512,False
2024-06-15 14:41:08.320704+00:00,-0.0016728995572167964,False
2024-06-15 17:59:25.224000+00:00,2.5186442141348557e-05,False
2024-06-16 13:49:06.616992+00:00,0.0007660574544805432,False
2024-06-16 22:04:48.833760+00:00,0.00034778677182556363,False
2024-06-17 14:36:13.237920+00:00,0.0016800082672563596,False
2024-06-17 21:12:46.982304+00:00,0.00025017995937612987,False
2024-06-18 03:49:20.739648+00:00,0.0014525113760897016,False
2024-06-18 10:25:54.477984+00:00,0.0008092200768383257,False
2024-06-18 18:41:36.631680+00:00,0.0013192716066320444,False
2024-06-18 21:59:53.489184+00:00,0.00034437739772215316,False
2024-06-19 02:57:18.774144+00:00,0.0004600013370953302,False
2024-06-19 09:33:52.485696+00:00,0.0011340581261592335,False
2024-06-19 14:31:17.766336+00:00,0.0007631451430146277,False
2024-06-19 17:49:34.614336+00:00,0.00045518588747500515,False
2024-06-20 03:44:25.150560+00:00,0.0018902148761838892,False
2024-06-20 13:39:15.660864+00:00,-5.3803447023644934e-05,False
2024-06-20 18:36:40.912128+00:00,0.0004570797406119424,False
2024-06-21 02:52:22.981152+00:00,0.0006755773171832655,False
2024-06-21 14:26:21.869664+00:00,-0.00021028033471493087,False
2024-06-21 17:44:38.691744+00:00,0.0005334581806040588,False
2024-06-22 03:39:29.135520+00:00,0.00039105152844653946,False
2024-06-22 11:55:11.180352+00:00,0.00040672516499546795,False
2024-06-22 13:34:19.586208+00:00,7.855475969108217e-05,False
2024-06-22 18:31:44.795136+00:00,0.00010345899895911016,False
2024-06-23 02:47:26.805408+00:00,0.0006308344392306682,False
2024-06-23 14:21:25.614432+00:00,0.0011407660042824686,False
2024-06-23 17:39:42.412320+00:00,0.00040095542527086587,False
2024-06-24 03:34:32.785248+00:00,0.0007341773693101557,False
2024-06-24 18:26:48.342912+00:00,0.0015878221765400235,False
2024-06-25 02:42:30.294432+00:00,0.000589287694295268,False
2024-06-25 14:16:29.020512+00:00,0.00016272702115672317,False
2024-06-25 17:34:45.793344+00:00,0.00014588176228589797,False
2024-06-26 03:29:36.085920+00:00,0.00028744440117408005,False
2024-06-27 02:37:33.415392+00:00,-7.112784511234625e-05,False
2024-06-27 17:29:48.834816+00:00,-0.0003905460148499241,False
2024-06-28 03:24:39.096288+00:00,0.000805176749910957,False
2024-06-28 10:01:12.575424+00:00,-0.0012288538225016523,False
2024-06-28 18:16:54.389568+00:00,-0.001167408769863642,False
2024-06-29 04:11:44.619936+00:00,0.0017093757486741391,False
2024-06-29 14:06:34.814880+00:00,0.0008010709701418146,False
2024-06-29 17:24:51.541920+00:00,0.00023546900001988717,False
2024-06-29 20:43:08.275872+00:00,0.0006691509598199327,False
2024-06-30 03:19:41.725632+00:00,0.00059688277855816,False
2024-06-30 09:56:15.172800+00:00,0.0011842288064905096,False
2024-06-30 18:11:56.975712+00:00,0.0007674394866515144,False
2024-06-30 21:30:13.686336+00:00,-0.0001522429086017403,False
2024-07-01 02:27:38.763072+00:00,0.0003481185669886844,False
2024-07-01 14:01:37.269696+00:00,0.0009235485537292015,False
2024-07-01 20:38:10.684896+00:00,-7.903226592566445e-05,False
2024-07-02 03:14:44.095776+00:00,7.61867312624924e-05,False
2024-07-02 09:51:17.521344+00:00,0.0002420796390792126,False
2024-07-02 14:48:42.564384+00:00,3.5218123780965784e-06,False
2024-07-02 18:06:59.262048+00:00,-8.955664343676954e-05,False
2024-07-03 04:01:49.345536+00:00,-0.000355796433642137,False
2024-07-03 20:33:12.820896+00:00,0.00043321245366639404,False
2024-07-03 22:12:21.166272+00:00,-1.1561542795079764e-05,False
2024-07-04 03:09:46.201536+00:00,-3.134841714727175e-05,False
2024-07-04 09:46:19.570944+00:00,0.0004045300195450901,False
2024-07-04 14:43:44.598432+00:00,0.00014798717567707795,False
2024-07-04 18:02:01.284000+00:00,9.357782911625142e-05,False
2024-07-04 21:20:17.966112+00:00,-0.0005767656700057966,False
2024-07-05 03:56:51.338112+00:00,0.00041234809804583197,False
2024-07-05 10:33:24.705792+00:00,0.00033359671054754097,False
2024-07-05 18:49:06.402432+00:00,-0.0008840795036017853,False
2024-07-05 22:07:23.080224+00:00,6.559919777437767e-05,False
2024-07-06 03:04:48.099072+00:00,5.654023681517608e-05,False
2024-07-06 09:41:21.452928+00:00,0.00026934275028629717,False
2024-07-06 17:57:03.146976+00:00,0.001651615541604769,False
2024-07-06 21:15:19.820448+00:00,-0.00048615751374797675,False
2024-07-07 03:51:53.168256+00:00,0.00014822051201625612,False
2024-07-07 13:46:43.182624+00:00,-0.0002504541570533497,False
2024-07-07 18:44:08.196288+00:00,0.0004853194530816643,False
2024-07-08 04:38:58.214112+00:00,0.000749108849308699,False
2024-07-08 09:36:23.220000+00:00,0.0004015113779016256,False
2024-07-08 14:33:48.226752+00:00,-0.000124660122559739,False
2024-07-08 17:52:04.895904+00:00,0.00029586228771646093,False
2024-07-08 21:10:21.562464+00:00,-0.00028740817380851983,False
2024-07-09 03:46:54.899904+00:00,0.0008942033800986306,False
2024-07-09 10:23:28.238208+00:00,0.0006337996038366953,False
2024-07-09 13:41:44.901312+00:00,-0.00011060872686918983,False
2024-07-09 18:39:09.900288+00:00,0.00040598212246962455,False
2024-07-10 02:54:51.565824+00:00,0.00045506049160930293,False
2024-07-10 09:31:24.896352+00:00,0.0007740008244626971,False
2024-07-11 03:41:56.520096+00:00,0.0018670551356434386,False
2024-07-11 13:36:46.505088+00:00,0.0008239397777482838,False
2024-07-11 18:34:11.498016+00:00,0.0003097378309146277,False
2024-07-12 02:49:53.138496+00:00,0.0007528517636851101,False
2024-07-12 09:26:26.449152+00:00,-1.0893578799162345e-05,False
2024-07-12 14:23:51.437760+00:00,-0.00012994628580799005,False
2024-07-12 21:00:24.745824+00:00,0.0009098032910258348,False
2024-07-13 03:36:58.046976+00:00,0.000394967843722041,False
2024-07-13 10:13:31.367136+00:00,0.0009021148143310244,False
2024-07-13 13:31:48.020736+00:00,-7.673696295830987e-05,False
2024-07-13 18:29:13.001568+00:00,0.0007974497177708096,False
2024-07-13 21:47:29.649120+00:00,-0.0010009555489973762,False
2024-07-14 04:24:02.972736+00:00,0.001748146637010653,False
2024-07-14 09:21:27.950112+00:00,0.0006199944759416329,False
2024-07-14 14:18:52.924896+00:00,0.0008630747827733415,False
2024-07-14 17:37:09.578496+00:00,0.0006325241871946849,False
2024-07-15 03:31:59.518560+00:00,0.0009996203773421641,False
2024-07-15 10:08:32.832672+00:00,0.0008720360298887491,False
2024-07-15 13:26:49.498368+00:00,0.0006222805826133879,False
2024-07-15 18:24:14.482656+00:00,0.0010553847044053944,False
2024-07-15 21:42:31.130208+00:00,0.0026342305792822754,False
2024-07-16 04:19:04.417536+00:00,0.0001702822053506704,False
2024-07-16 14:13:54.365376+00:00,0.0021584225201981126,False
2024-07-16 17:32:11.021568+00:00,0.0009405097263495488,False
2024-07-17 03:27:00.957312+00:00,0.001657912953719929,False
2024-07-17 10:03:34.276608+00:00,0.0012846674813844282,False
2024-07-17 13:21:50.907744+00:00,-0.0038296683538060813,False
2024-07-17 18:19:15.870432+00:00,0.0005738003207740947,False
2024-07-18 04:14:05.807040+00:00,0.001408829293113539,False
2024-07-18 09:11:30.768000+00:00,0.0002543452685335554,False
2024-07-18 14:08:55.733280+00:00,3.0660892143270346e-06,False
2024-07-18 17:27:12.370464+00:00,8.359347716952793e-05,False
2024-07-19 03:22:02.290656+00:00,0.0006016288123688201,False
2024-07-19 18:14:17.174400+00:00,0.0038206423739853335,False
2024-07-19 21:32:33.802080+00:00,-0.00020472346788700136,False
2024-07-20 04:09:07.070400+00:00,0.00010212814022260604,False
2024-07-20 14:03:56.964672+00:00,-0.0010149717987371636,False
2024-07-20 20:40:30.226080+00:00,0.00016490631930778966,False
2024-07-21 03:17:03.478848+00:00,0.0002468933373510687,False
2024-07-21 14:51:01.690848+00:00,0.0002355379921020885,False
2024-07-21 18:09:18.316800+00:00,8.119027383185669e-05,False
2024-07-22 04:04:08.189472+00:00,0.0005566881220097461,False
2024-07-23 03:12:04.535712+00:00,-0.0009929978709406952,False
2024-07-23 09:48:37.772064+00:00,-0.0012879696247936451,False
2024-07-23 14:46:02.691552+00:00,-0.0002625135419300265,False
2024-07-23 18:04:19.303680+00:00,-0.00017643782496596814,False
2024-07-24 03:59:09.173760+00:00,0.0017383483500242121,False
2024-07-24 13:53:59.022240+00:00,-2.2464834223782752e-05,False
2024-07-24 15:33:07.327008+00:00,-7.04766206268015e-05,False
2024-07-25 03:07:05.494944+00:00,0.0008479513780883284,False
2024-07-25 14:41:03.666336+00:00,0.000987488784648841,False
2024-07-26 03:54:10.116576+00:00,0.002137347669782203,False
2024-07-26 13:48:59.952096+00:00,0.0014036979416316262,False
2024-07-26 15:28:08.259456+00:00,0.00020320951292381013,False
2024-07-27 04:41:14.720064+00:00,0.0017711281463380756,False
2024-07-27 16:15:12.861216+00:00,0.0007901872686814967,False
2024-07-28 03:49:11.028288+00:00,0.0024653655434366444,False
2024-07-28 10:25:44.253408+00:00,0.0008862064552855112,False
2024-07-28 18:41:25.766016+00:00,0.0006916703212964934,False
2024-07-28 21:59:42.384192+00:00,-0.0005727145664462658,False
2024-07-29 04:36:15.603264+00:00,0.0006180308103018958,False
2024-07-29 09:33:40.519296+00:00,0.0008717291472525137,False
2024-07-29 21:07:38.656128+00:00,0.0009190865967773796,False
2024-07-30 03:44:11.863104+00:00,0.000505086820198967,False
2024-07-30 10:20:45.077856+00:00,0.0032622461561637103,False
2024-07-30 18:36:26.542080+00:00,0.001964608300104322,False
2024-07-30 21:54:43.172352+00:00,0.0017295534619504176,False
2024-07-31 04:31:16.373280+00:00,0.002251662962183029,False
2024-07-31 09:28:41.268576+00:00,0.000604110640686934,False
2024-07-31 14:26:06.207936+00:00,0.0033658711176731554,False
2024-07-31 21:02:39.381216+00:00,-0.0007070385446189338,False
2024-08-01 03:39:12.571776+00:00,0.0014778975313242417,False
2024-08-01 10:15:45.743328+00:00,0.0009161420533708594,False
2024-08-01 18:31:27.308640+00:00,0.004217183138428214,False
2024-08-02 04:26:17.095776+00:00,0.0018957040196397384,False
2024-08-02 09:23:41.985888+00:00,0.0011543494519842628,False
2024-08-02 14:21:06.888960+00:00,0.00038534505163799644,False
2024-08-02 20:57:40.056192+00:00,0.0016179318766281706,False
2024-08-03 03:34:13.251936+00:00,0.001769952877316901,False
2024-08-03 13:29:03.014016+00:00,0.0016167994919347754,False
2024-08-03 18:26:27.898944+00:00,0.0012109224291545146,False
2024-08-03 21:44:44.468736+00:00,7.051345962263587e-05,False
2024-08-04 04:21:17.642016+00:00,0.0010528045229758688,False
2024-08-04 09:18:42.512256+00:00,0.0010114126821530517,False
2024-08-04 14:16:07.366944+00:00,-7.318335159459469e-05,False
2024-08-04 20:52:40.372608+00:00,-0.005143916038830916,False
2024-08-05 03:29:13.500096+00:00,0.0023875480505384425,False
2024-08-05 18:21:28.186848+00:00,0.009342834769789718,False
2024-08-05 21:39:44.748864+00:00,0.0012434806334267533,False
2024-08-06 04:16:17.864256+00:00,0.00040359883721646957,False
2024-08-06 14:11:07.534752+00:00,0.002327193424553618,False
2024-08-06 17:29:24.095904+00:00,0.000830984281111917,False
2024-08-07 03:24:13.742208+00:00,0.000886125424014274,False
2024-08-07 18:16:28.187904+00:00,0.0024730151079777945,False
2024-08-08 14:06:07.372512+00:00,-0.0011033947678420527,False
2024-08-08 17:24:23.880960+00:00,0.00025810256257589523,False
2024-08-09 03:19:13.428768+00:00,0.002162780757527738,False
2024-08-09 09:55:46.503552+00:00,0.000722486379974901,False
2024-08-09 18:11:27.790656+00:00,0.0014514641584710474,False
2024-08-10 04:06:17.266752+00:00,0.0023561702544084104,False
2024-08-10 14:01:06.721248+00:00,-0.00044798379383131914,False
2024-08-10 17:19:23.208096+00:00,0.0004600507525012298,False
2024-08-11 03:14:12.608160+00:00,-0.0011173048954944073,False
2024-08-11 09:50:45.547296+00:00,-0.002605074551067525,False
2024-08-11 16:27:18.405216+00:00,-0.001969728617412163,False
2024-08-11 21:24:43.068096+00:00,-0.002188015803450373,False
2024-08-12 04:01:15.988224+00:00,0.007176935983044951,False
2024-08-12 10:37:48.840096+00:00,0.0010618136314297201,False
2024-08-12 13:56:04.996032+00:00,-0.013822319314458703,False
2024-08-12 15:35:13.176384+00:00,-0.00028169355994136884,False
2024-08-13 03:09:10.621152+00:00,-0.007143513274131109,False
2024-08-13 09:45:43.514496+00:00,0.019690527198675797,False
2024-08-13 14:43:07.988160+00:00,-0.008764061186825333,False
2024-08-13 21:19:40.679328+00:00,-0.00021953610136594796,False
2024-08-14 03:56:13.317792+00:00,-0.0026974856184289056,False
2024-08-14 10:32:45.946752+00:00,-0.0009291169074174587,False
2024-08-14 13:51:02.293632+00:00,0.002824022556161745,False
2024-08-14 17:09:18.606816+00:00,-4.2234257217829436e-05,False
2024-08-15 04:43:15.643776+00:00,-0.0035611772561176796,False
2024-08-15 12:58:56.343360+00:00,-0.0013667422879164908,False
2024-08-15 21:14:37.030848+00:00,-0.0011039708367962487,False
2024-08-16 03:51:09.572544+00:00,-0.002733311715864258,False
2024-08-16 12:06:50.212512+00:00,-0.002599158248493016,False
2024-08-16 18:43:22.707552+00:00,-0.0012478430819372298,False
2024-08-17 02:59:03.318144+00:00,-0.0006970725060255214,False
2024-08-17 04:38:11.527008+00:00,0.0026127521100950454,False
2024-08-17 16:12:08.262432+00:00,-0.0013785495246337424,False
2024-08-18 03:46:04.977984+00:00,-0.0024412194892753517,False
2024-08-18 16:59:09.766752+00:00,0.0029475300157841677,False
2024-08-19 02:53:58.311456+00:00,-0.002786605538551227,False
2024-08-19 09:30:30.676896+00:00,0.0015932629524227832,False
2024-08-19 14:27:54.904320+00:00,0.0005611796670542055,False
2024-08-20 03:40:59.531520+00:00,-0.001440385902746616,False
2024-08-20 13:35:47.962176+00:00,1.6005056054469585e-05,False
2024-08-20 18:33:12.151584+00:00,-0.000597338388572872,False
2024-08-21 02:48:52.444224+00:00,-0.0012412207087267569,False
2024-08-21 14:22:48.845280+00:00,-0.0018417169146563153,False
2024-08-21 20:59:21.043104+00:00,-0.00019108510086825355,False
2024-08-22 03:35:53.232288+00:00,-3.242408109798648e-05,False
2024-08-22 10:12:25.411104+00:00,0.0006571558701931142,False
2024-08-22 16:48:57.567456+00:00,0.0004936213493438113,False
2024-08-22 21:46:21.668736+00:00,-0.00020813048067219123,False
2024-08-23 02:43:45.759648+00:00,-0.0002201546442150322,False
2024-08-23 09:20:17.891808+00:00,0.0006942907359230922,False
2024-08-23 14:17:41.987040+00:00,0.0023708215243630165,False
2024-08-23 20:54:14.095872+00:00,0.0011703553365385987,False
2024-08-24 05:09:54.191520+00:00,-0.0008794737079509604,False
2024-08-24 10:07:18.236640+00:00,9.660895284950696e-05,False
2024-08-24 15:04:42.266208+00:00,0.00036570419425532505,False
2024-08-24 18:22:58.286496+00:00,0.00023081598966871579,False
2024-08-24 21:41:14.299872+00:00,0.0003362115748071549,False
2024-08-25 04:17:46.341312+00:00,0.0005669415413637308,False
2024-08-25 09:15:10.351872+00:00,0.00031865430541891046,False
2024-08-25 20:49:06.365856+00:00,0.002196379601095925,False
2024-08-26 03:25:38.348544+00:00,-0.0009592433047219714,False
2024-08-26 10:02:10.311360+00:00,7.606411457546699e-06,False
2024-08-26 21:36:06.185376+00:00,-0.002170676719463996,False
2024-08-27 04:12:38.133504+00:00,0.0018115156080003025,False
2024-08-27 09:10:02.063712+00:00,-0.00015003777032981296,False
2024-08-27 20:43:57.834912+00:00,-0.0018641792115771695,False
2024-08-28 03:20:29.704416+00:00,0.0007177909779438264,False
2024-08-28 09:57:01.518624+00:00,-0.001752285849501497,False
2024-08-28 21:30:57.190464+00:00,-8.91425103874419e-05,False
2024-08-29 04:07:28.977024+00:00,-0.0003145071107575276,False
2024-08-29 10:44:00.737664+00:00,-0.00046262292777683733,False
2024-08-30 03:15:20.127168+00:00,1.7468181895385557e-05,False
2024-08-30 21:25:47.219232+00:00,-0.004280044048598271,False
2024-08-31 04:02:18.661920+00:00,-0.008967339381116934,False
2024-08-31 13:57:06.254496+00:00,0.010684225469349233,False
2024-09-01 03:10:09.398208+00:00,0.0012654297373214819,False
2024-09-01 13:04:56.673696+00:00,-0.0030674113313287456,False
2024-09-01 14:44:04.547328+00:00,-0.00018536934766331058,False
2024-09-01 18:02:20.342976+00:00,0.00025897101023058654,False
2024-09-01 21:20:36.085056+00:00,0.0007144566010365595,False
2024-09-02 03:57:07.562304+00:00,0.00030293464054984226,False
2024-09-02 10:33:39.004128+00:00,-0.0003181665956366506,False
2024-09-02 13:51:54.727200+00:00,-0.00040762471068458853,False
2024-09-02 17:10:10.439904+00:00,6.360083830426978e-05,False
2024-09-03 03:04:57.520128+00:00,-0.002231285153395177,False
2024-09-03 09:41:28.873824+00:00,-0.0012211402653757811,False
2024-09-03 14:38:52.365120+00:00,-0.002294986965937778,False
2024-09-03 16:18:00.187776+00:00,-0.0006344858627703613,False
2024-09-03 17:57:08.009568+00:00,-0.0013836124372205796,False
2024-09-04 03:51:54.937728+00:00,-0.0005840275358047027,False
2024-09-04 13:46:41.797632+00:00,-0.002522894685688268,False
2024-09-04 17:04:57.391968+00:00,-0.0009097608152181498,False
2024-09-05 02:59:44.215584+00:00,0.004908401184314138,False
2024-09-05 04:38:52.008000+00:00,-0.00026993194748370483,False
2024-09-05 17:51:54.297216+00:00,-0.00046773819573033264,False
2024-09-06 03:46:40.927296+00:00,-0.0016398458342900442,False
2024-09-06 12:02:19.745088+00:00,-0.0018453051401970712,False
2024-09-06 18:38:50.750592+00:00,-0.0017428904206110724,False
2024-09-07 02:54:29.473344+00:00,-0.0014249792666057278,False
2024-09-07 09:31:00.421824+00:00,-0.002789181458496236,False
2024-09-07 14:28:23.621952+00:00,-0.002594630012566662,False
2024-09-07 17:46:39.072000+00:00,-0.000746584083187087,False
2024-09-08 03:41:25.385856+00:00,-0.0022640777333356498,False
2024-09-08 11:57:03.925440+00:00,-0.00010447915655376755,False
2024-09-08 13:36:11.622816+00:00,-0.0006995000002231386,False
2024-09-08 16:54:27.033984+00:00,0.0002669198403816937,False
2024-09-08 21:51:50.110560+00:00,-0.0013919367632500008,False
2024-09-09 04:28:20.888832+00:00,-0.001830263610197645,False
2024-09-09 09:25:43.939488+00:00,-0.0014775005011853845,False
2024-09-09 12:43:59.295360+00:00,0.0004575128541304957,False
2024-09-09 17:41:22.322688+00:00,-0.0015069679098436567,False
2024-09-09 20:59:37.644864+00:00,-0.001616883555468506,False
2024-09-10 03:36:08.303904+00:00,-0.0011928959015719653,False
2024-09-10 10:12:38.936160+00:00,-0.001086292900324178,False
2024-09-10 18:28:17.181984+00:00,-0.001581056811717356,False
2024-09-11 01:04:47.745120+00:00,-0.0016884373299427334,False
2024-09-11 09:20:25.933056+00:00,-0.0009326611137452832,False
2024-09-11 14:17:48.830784+00:00,-0.00195907024062634,False
2024-09-11 17:36:04.077792+00:00,-0.0007877759833876052,False
2024-09-12 03:30:49.770432+00:00,-0.00037236777172843915,False
2024-09-12 11:46:27.621408+00:00,-0.022417840268637287,False
2024-09-12 13:25:35.192640+00:00,-0.001738101495920727,False
2024-09-12 18:22:57.934848+00:00,9.150798454984725e-05,False
2024-09-13 02:38:36.021696+00:00,0.013921486891026768,False
2024-09-13 09:15:06.313536+00:00,-0.0019811413374564834,False
2024-09-13 20:48:59.280192+00:00,-0.0004721408372920996,False
2024-09-14 03:25:29.496864+00:00,-0.0007627807420487109,False
2024-09-14 10:01:59.648736+00:00,-0.003975883507838169,False
2024-09-14 13:20:14.790336+00:00,0.0032326713229445716,False
2024-09-14 18:17:37.394304+00:00,-0.0012424825815845345,False
2024-09-14 21:35:52.519488+00:00,0.004493772716349596,False
2024-09-15 04:12:22.659264+00:00,-0.0019277855386629589,False
2024-09-15 09:09:45.230400+00:00,-0.001743302744770686,False
2024-09-15 20:43:37.830720+00:00,-0.0035799756873472702,False
2024-09-16 04:59:15.420768+00:00,0.0033412801084146495,False
2024-09-16 09:56:37.929696+00:00,-0.0009209652660135972,False
2024-09-16 14:54:00.414432+00:00,0.0004255358231465235,False
2024-09-16 18:12:15.410016+00:00,-0.0001033538872052982,False
2024-09-17 04:07:00.215328+00:00,-0.02012227675483811,False
2024-09-17 05:46:07.680288+00:00,-0.0005550036793226736,False
2024-09-17 18:59:07.653984+00:00,0.019324392432750144,False
2024-09-18 03:14:45.006432+00:00,0.0001692777686264895,False
2024-09-18 13:09:29.816928+00:00,0.001976407415906752,False
2024-09-18 18:06:52.223904+00:00,0.001507689715861585,False
2024-09-19 04:01:36.949728+00:00,-0.00011057157517087041,False
2024-09-19 10:38:06.732672+00:00,-0.00047878131628561115,False
2024-09-19 13:56:21.624576+00:00,-0.0027260684814981026,False
2024-09-19 18:53:43.916640+00:00,-0.0007473881356708715,False
2024-09-20 03:09:21.085056+00:00,-0.0002689655774743317,False
2024-09-20 06:27:35.984736+00:00,0.0012506345003861195,False
2024-09-20 18:01:27.979392+00:00,-0.0005695010278247334,False
2024-09-21 00:37:57.658656+00:00,-7.289720207463322e-05,False
2024-09-21 10:32:42.162432+00:00,-0.0011503107064993047,False
2024-09-21 13:50:57.010272+00:00,0.002198297193670311,False
2024-09-21 18:48:19.236672+00:00,-0.00012022873197442682,False
2024-09-22 03:03:56.266848+00:00,-0.0003894707992577258,False
2024-09-22 11:19:33.289248+00:00,0.0017711958599980365,False
2024-09-22 14:37:48.082656+00:00,-0.00016051829756848148,False
2024-09-22 17:56:02.873472+00:00,-0.00011487659351945394,False
2024-09-23 03:50:47.197536+00:00,-0.004558943788354166,False
2024-09-23 10:27:16.732512+00:00,-0.00037309066613649836,False
2024-09-23 17:03:46.251072+00:00,0.0006849440607260868,False
2024-09-23 22:01:08.315904+00:00,-0.002338958365907776,False
2024-09-24 04:37:37.955424+00:00,0.005982404355113449,False
2024-09-24 09:35:00.072960+00:00,0.00015154109245725089,False
2024-09-24 17:50:36.897504+00:00,-0.00024710313942212167,False
2024-09-25 03:45:21.018528+00:00,-0.0009598173405553313,False
2024-09-25 10:21:50.430816+00:00,0.0007894654347033623,False
2024-09-25 18:37:27.157728+00:00,-0.00011509484789798755,False
2024-09-25 21:55:41.841408+00:00,0.00027229684244765764,False
2024-09-26 02:53:03.856128+00:00,0.0005069822833260484,False
2024-09-26 09:29:33.203616+00:00,0.0002611412880155774,False
2024-09-26 14:26:55.226976+00:00,0.0013427943619837017,False
2024-09-27 03:39:53.813952+00:00,0.0005763880532300555,False
2024-09-27 10:16:23.116512+00:00,0.0018020393613792313,False
2024-09-28 02:47:36.188448+00:00,0.00010648252274054852,False
2024-09-28 09:24:05.421888+00:00,0.0008328803613064091,False
2024-09-28 20:57:56.419488+00:00,-0.0017601717285000594,False
2024-09-29 01:55:18.289056+00:00,0.0007036914869394265,False
2024-09-29 10:10:54.702336+00:00,0.0008001851991897412,False
2024-09-30 02:42:07.369920+00:00,-0.00030488729439741465,False
2024-09-30 09:18:36.386496+00:00,-0.0008738692223169342,False
2024-09-30 12:36:50.914656+00:00,0.002015283485936612,False
2024-10-01 03:28:56.075808+00:00,-0.00178218325765395,False
2024-10-01 10:05:25.007712+00:00,-0.00026895861216445424,False
2024-10-01 13:23:39.482304+00:00,0.0008084360026772456,False
2024-10-01 18:21:01.141056+00:00,-0.0010011100856796564,False
2024-10-02 02:36:37.264032+00:00,-1.1218055813739386e-05,False
2024-10-02 09:13:06.118176+00:00,-0.009605327255312681,False
2024-10-02 14:10:27.720768+00:00,0.0009386322092290065,False
2024-10-03 03:23:25.219104+00:00,-0.0033231288411622994,False
2024-10-03 11:39:01.262592+00:00,0.007824361967570349,False
2024-10-03 18:15:29.965536+00:00,-0.000264857997857873,False
2024-10-04 04:10:12.917568+00:00,0.0034490287497068485,False
2024-10-04 12:25:48.690624+00:00,-0.0005043028566002342,False
2024-10-04 17:23:10.129920+00:00,-0.0004164169017904472,False
2024-10-05 03:17:52.959264+00:00,-0.0020159555305052108,False
2024-10-05 09:54:21.466080+00:00,-0.0019312920232054647,False
2024-10-05 13:12:35.731584+00:00,0.0026345691449809333,False
2024-10-05 16:30:49.977216+00:00,0.00038281334262268594,False
2024-10-05 21:28:11.314560+00:00,-0.0012006928975076738,False
2024-10-06 02:25:32.651904+00:00,0.0009333394695606192,False
2024-10-06 04:04:39.775584+00:00,0.006010919653942865,False
2024-10-06 13:59:22.394976+00:00,-8.076642194536181e-05,False
2024-10-06 20:35:50.772192+00:00,-0.0002046608435551621,False
2024-10-07 03:12:19.131264+00:00,0.0010964522206145374,False
2024-10-07 09:48:47.420352+00:00,-0.0006964725259739788,False
2024-10-07 13:07:01.584768+00:00,0.004481438180842362,False
2024-10-08 02:19:58.097280+00:00,0.0034395387193382806,False
2024-10-08 13:53:47.262336+00:00,-0.014160966336385547,False
2024-10-08 17:12:01.380096+00:00,-0.0013158959085204534,False
2024-10-08 20:30:15.579936+00:00,0.016145719895681778,False
2024-10-09 03:06:43.712640+00:00,0.0030241477191178144,False
2024-10-09 17:58:46.960032+00:00,0.003129635510303633,False
2024-10-09 21:17:00.981888+00:00,-0.002789499338872279,False
2024-10-10 02:14:22.003872+00:00,-0.0005068081919848352,False
2024-10-10 10:29:57.022656+00:00,-0.0032181441865035626,False
2024-10-10 13:48:11.062656+00:00,0.0025400383441623684,False
2024-10-10 17:06:25.047360+00:00,-0.0007890671060973198,False
2024-10-11 03:01:06.724128+00:00,-0.02772104892930695,False
2024-10-11 09:37:34.334976+00:00,-0.07279695560392258,False
2024-10-11 17:53:09.498912+00:00,0.09270613743988856,False
2024-10-11 21:11:23.453376+00:00,0.005586168195749464,False
2024-10-12 03:47:51.288864+00:00,0.0056577759041119184,False
2024-10-12 12:03:26.035488+00:00,0.003732565805273965,False
2024-10-12 17:00:46.860480+00:00,0.00034045264604157287,False
2024-10-13 04:34:35.412096+00:00,0.0027002516845399376,False
2024-10-13 21:05:44.705760+00:00,0.0038892400755823862,False
2024-10-14 03:42:12.387456+00:00,0.0006914740394741302,False
2024-10-14 11:57:46.975968+00:00,0.0004399710751561334,False
2024-10-14 13:36:53.886240+00:00,-0.00046503227412660996,False
2024-10-15 04:28:56.097696+00:00,-0.0015539423996050392,False
2024-10-15 06:08:03.094368+00:00,0.0012778858169423702,False
2024-10-15 21:00:05.209056+00:00,0.0014463085283701882,False
2024-10-16 03:36:32.822496+00:00,-0.002138729359077484,False
2024-10-16 13:31:14.198592+00:00,-0.006770242245506126,False
2024-10-17 02:44:09.321792+00:00,0.0018204203423867289,False
2024-10-17 09:20:36.845376+00:00,-0.002452367446274359,False
2024-10-17 14:17:57.488928+00:00,-0.0018044189129064847,False
2024-10-18 03:30:52.453152+00:00,-0.0010191059778663974,False
2024-10-18 21:41:07.917504+00:00,0.0010703753374758764,False
2024-10-19 02:38:28.454784+00:00,-0.0006859518683625093,False
2024-10-19 09:14:55.801248+00:00,-0.00597190025819882,False
2024-10-19 14:12:16.418880+00:00,0.00167274744071213,False
2024-10-20 03:25:11.256096+00:00,0.008344741100994594,False
2024-10-20 13:19:52.413600+00:00,0.0024860427534122284,False
2024-10-20 16:38:06.083808+00:00,-0.0002035036063638715,False
2024-10-20 18:17:13.065792+00:00,0.0047022239580193775,False
2024-10-21 02:32:47.207616+00:00,-0.0017858947833086975,False
2024-10-21 04:11:54.237120+00:00,0.010981527436042015,False
2024-10-22 03:19:29.870688+00:00,-0.0004956502223474567,False
2024-10-22 18:11:31.417728+00:00,0.005580125476353721,False
2024-10-23 04:06:12.343680+00:00,0.0003007006262941104,False
2024-10-23 14:00:53.263584+00:00,0.0007168191284096879,False
2024-10-23 17:19:06.908736+00:00,0.0009720589390255648,False
2024-10-24 03:13:47.765568+00:00,-0.00150787709464796,False
2024-10-24 11:29:21.794208+00:00,-0.001338041816777864,False
2024-10-24 18:05:49.007616+00:00,0.0008371736174754034,False
2024-10-25 20:31:37.781760+00:00,0.0036695421421654995,False
2024-10-26 03:08:04.934688+00:00,0.0005895192270484379,False
2024-10-26 09:44:32.118720+00:00,0.0020977273367701952,False
2024-10-26 21:18:19.526400+00:00,-0.0021504053439254022,False
2024-10-26 22:57:26.305344+00:00,0.0006221518961479601,False
2024-10-27 10:31:13.672416+00:00,-0.002073414885308697,False
2024-10-27 13:49:27.212160+00:00,-0.0014641699146970598,False
2024-10-27 20:25:54.206976+00:00,-0.0012949368678907471,False
2024-10-27 22:05:00.963456+00:00,0.0003988391244230472,False
2024-10-28 01:23:14.488512+00:00,0.0013752043148068062,False
2024-10-28 09:38:48.301152+00:00,0.003080205430636574,False
2024-10-28 14:36:08.520480+00:00,6.607027493332838e-05,False
2024-10-28 21:12:35.593920+00:00,0.002422947423176178,False
2024-10-29 02:09:55.826208+00:00,0.0014041310957819144,False
2024-10-29 10:25:29.529120+00:00,0.004754617632018121,False
2024-10-29 21:59:16.640448+00:00,0.0010145419395715255,False
2024-10-30 04:35:43.524672+00:00,0.0003147620204290401,False
2024-10-30 09:33:03.686976+00:00,0.0018682390132367804,False
2024-10-30 12:51:17.122176+00:00,0.000889913650201502,False
2024-10-30 14:30:23.834592+00:00,0.00025308824752008304,False
2024-10-31 02:04:10.802496+00:00,0.0025573569731050464,False
2024-10-31 13:37:57.700416+00:00,0.000915832333854975,False
2024-10-31 18:35:17.786688+00:00,0.0005011018231200117,False
2024-11-01 02:50:51.254592+00:00,0.001908179052480424,False
2024-11-01 09:27:17.974656+00:00,-0.001467823112423678,False
2024-11-01 14:24:38.024640+00:00,0.0017313349240000737,False
2024-11-01 21:01:04.722240+00:00,-1.3932358450498804e-05,False
2024-11-02 01:58:24.718656+00:00,-0.0014669267085984177,False
2024-11-02 11:53:04.719264+00:00,-0.001054055036495161,False
2024-11-02 13:32:11.382432+00:00,0.00024133967113714513,False
2024-11-02 18:29:31.339968+00:00,-0.0007184732751961682,False
2024-11-02 21:47:44.612736+00:00,-0.0023480297318561687,False
2024-11-03 01:05:57.915744+00:00,-6.46830773980366e-05,False
2024-11-03 09:21:31.133952+00:00,-0.0005203806416515001,False
2024-11-03 14:18:51.069888+00:00,0.000518831999919226,False
2024-11-03 20:55:17.598144+00:00,-0.0021329787519997583,False
2024-11-04 03:31:44.122944+00:00,-0.00013552740022538135,False
2024-11-04 10:08:10.608864+00:00,-0.0002967420234897128,False
2024-11-04 15:05:30.472224+00:00,0.0033387905326548993,False
2024-11-04 18:23:43.708704+00:00,4.7228372966414117e-05,False
2024-11-04 21:41:56.934816+00:00,-0.0003721145762705467,False
2024-11-05 02:39:16.780032+00:00,0.0008620725284548348,False
2024-11-05 09:15:43.205472+00:00,-0.0008288582968668688,False
2024-11-05 14:13:03.015264+00:00,0.002823580492373594,False
2024-11-05 17:31:16.221504+00:00,0.0007831722405896254,False
2024-11-06 03:25:55.810848+00:00,0.0012666848176375468,False
2024-11-06 13:20:35.337984+00:00,-0.004386163863756679,False
2024-11-06 16:38:48.519168+00:00,0.0012104824848801635,False
2024-11-06 21:36:08.258112+00:00,0.002144720876248026,False
2024-11-07 02:33:28.001376+00:00,0.0006090255144061718,False
2024-11-07 14:07:14.031840+00:00,-0.0012263349673356854,False
2024-11-08 01:41:00.020832+00:00,0.0014393258003710116,False
2024-11-08 11:35:39.419232+00:00,0.0007987585706763474,False
2024-11-08 14:53:52.555488+00:00,0.00010700268589535324,False
2024-11-08 21:30:18.792576+00:00,0.0014309008726810773,False
2024-11-09 02:27:38.460672+00:00,0.0007095023582696118,False
2024-11-09 09:04:04.639008+00:00,-0.002510015939194415,False
2024-11-09 18:58:43.801536+00:00,-0.007043903234922282,False
2024-11-09 20:37:50.438784+00:00,0.005253591055865262,False
2024-11-10 03:14:16.607616+00:00,0.00179003079736162,False
2024-11-10 04:53:23.160192+00:00,0.003419622153441844,False
2024-11-10 16:27:08.911584+00:00,0.005077212722874919,False
2024-11-10 21:24:28.511424+00:00,-0.0005278031030886286,False
2024-11-11 04:00:54.599904+00:00,0.000296464145611932,False
2024-11-11 05:40:01.136928+00:00,0.0021146351162781053,False
2024-11-11 18:52:53.303520+00:00,-9.270504205473318e-05,False
2024-11-12 01:29:19.387680+00:00,0.0012253232094617925,False
2024-11-12 09:44:51.984672+00:00,0.0005129636843391482,False
2024-11-12 18:00:24.556608+00:00,-0.0008595902574545394,False
2024-11-12 21:18:37.577952+00:00,0.001969610907025512,False
2024-11-13 03:55:03.675936+00:00,0.002114771925116941,False
2024-11-13 10:31:29.734176+00:00,-0.0037227553387840207,False
2024-11-13 13:49:42.770208+00:00,0.001084067205096764,False
2024-11-13 17:07:55.782048+00:00,-0.0005749188813597406,False
2024-11-13 18:47:02.275008+00:00,-0.00026856655468512967,False
2024-11-13 23:44:21.789312+00:00,-0.0006357270357839945,False
2024-11-14 03:02:34.817568+00:00,0.00036871643785809857,False
2024-11-14 14:36:20.314944+00:00,-0.001239192509109289,False
2024-11-15 03:49:12.300960+00:00,-0.00017319680198658437,False
2024-11-15 21:59:23.708832+00:00,-0.001152534685238348,False
2024-11-16 02:56:43.178208+00:00,-0.00021446781147682983,False
2024-11-16 04:35:49.716096+00:00,0.003179219698901664,False
2024-11-16 09:33:09.193248+00:00,-0.00020797258578670523,False
2024-11-16 17:48:41.658912+00:00,0.0006785544619683122,False
2024-11-17 02:04:14.136672+00:00,0.0017397997389752566,False
2024-11-17 15:17:06.069120+00:00,-0.0018976225055367473,False
2024-11-17 18:35:19.055040+00:00,0.0009491884891728816,False
2024-11-18 02:50:51.498240+00:00,0.00010941283400891025,False
2024-11-18 09:27:17.461440+00:00,0.0008145385136610799,False
2024-11-18 17:42:49.895136+00:00,0.00015041810986826535,False
2024-11-18 21:01:02.862912+00:00,-4.196673578278913e-05,False
2024-11-19 01:58:22.323648+00:00,0.0005798409725967918,False
2024-11-19 10:13:54.743520+00:00,-0.0005678863287964515,False
2024-11-19 18:29:27.152160+00:00,0.00023225346157890094,False
2024-11-20 02:44:59.528832+00:00,-0.002629273945991088,False
2024-11-20 04:24:06.034752+00:00,0.003054669559541326,False
2024-11-20 22:34:17.285376+00:00,-0.00019123870199908109,False
2024-11-21 05:10:43.176000+00:00,-6.318100905010468e-05,False
2024-11-22 02:39:07.304544+00:00,-0.002704802763032455,False
2024-11-22 09:15:33.166656+00:00,6.0263495579278206e-05,False
2024-11-22 15:51:59.044320+00:00,0.0013909487676019203,False
2024-11-22 17:31:05.476800+00:00,-0.00368278260932974,False
2024-11-23 10:02:10.089312+00:00,0.0025266412200149026,False
2024-11-23 16:38:35.934144+00:00,0.002630933076307174,False
2024-11-24 14:06:59.784480+00:00,-0.00013484146470807944,False
2024-11-25 01:40:44.886144+00:00,-0.0006533986598059203,False
2024-11-25 03:19:51.292704+00:00,-0.002021275633410169,False
2024-11-25 13:14:29.948928+00:00,0.002498923914873101,False
2024-11-25 14:53:36.384000+00:00,0.00017652034956194297,False
2024-11-26 02:27:21.386304+00:00,-0.0014692852774795002,False
2024-11-27 03:13:57.779328+00:00,0.0045954843533927165,False
2024-11-27 09:50:23.442720+00:00,-0.0031616385055709124,False
2024-11-27 18:05:55.491072+00:00,-0.0012015019168160326,False
2024-11-28 10:36:59.541120+00:00,-0.0016179676086719354,False
2024-11-28 18:52:31.538496+00:00,-0.0008253774911355875,False
2024-11-28 22:10:44.340384+00:00,0.0033650874384189566,False
2024-11-29 01:28:57.130176+00:00,0.00012526899068525626,False
2024-11-29 09:44:29.086080+00:00,-0.002326112240534431,False
2024-11-29 18:00:01.000512+00:00,0.0010030374231247497,False
2024-11-30 00:36:26.544672+00:00,0.0008052895580115058,False
2024-11-30 10:31:04.820736+00:00,-0.0025260048096745185,False
2024-11-30 22:04:49.447200+00:00,0.0026056032637126044,False
2024-12-01 01:23:02.186880+00:00,-0.00011269592791398188,False
2024-12-01 11:17:40.380864+00:00,-0.001628227226221391,False
2024-12-01 21:12:18.544608+00:00,-0.0004699921128991317,False
2024-12-02 03:48:43.964352+00:00,-0.0006434840475735104,False
2024-12-02 10:25:09.383232+00:00,-0.0012298425352990049,False
2024-12-03 02:56:12.869088+00:00,0.0006479064297698163,False
2024-12-03 09:32:38.211072+00:00,-0.002431642537381791,False
2024-12-03 14:29:57.238944+00:00,0.0006644300502966895,False
2024-12-03 17:48:09.918144+00:00,3.128952378408088e-05,False
2024-12-04 03:42:47.896128+00:00,-0.0027081543584410598,False
2024-12-04 10:19:13.229472+00:00,0.0003156552129082238,False
2024-12-04 13:37:25.881024+00:00,0.00045790941351378034,False
2024-12-04 16:55:38.538624+00:00,-0.00011020153140484622,False
2024-12-04 21:52:57.483552+00:00,-0.0021413609825645203,False
2024-12-05 02:50:16.443168+00:00,-0.0005380964127477681,False
2024-12-05 09:26:41.722080+00:00,-0.0016821105896569102,False
2024-12-05 14:24:00.675648+00:00,0.0011853571518042811,False
2024-12-05 17:42:13.304736+00:00,-0.0004077917866369717,False
2024-12-05 22:39:32.230656+00:00,0.00024632226432641014,False
2024-12-06 03:36:51.163488+00:00,-0.0003856586355629574,False
2024-12-06 10:13:16.387968+00:00,-0.0020548787049984394,False
2024-12-06 16:49:41.599488+00:00,-0.00032673967537688803,False
2024-12-07 02:44:19.394304+00:00,-0.00014773586667502295,False
2024-12-07 09:20:44.582496+00:00,-0.0021381283847712357,False
2024-12-07 17:36:16.040736+00:00,-0.0013598824579401708,False
2024-12-07 20:54:28.617120+00:00,-5.747128888596866e-05,False
2024-12-08 01:51:47.479104+00:00,-0.0003929274569553663,False
2024-12-08 10:07:18.918336+00:00,-0.0005934168514477138,False
2024-12-08 13:25:31.480032+00:00,-0.00023574046456236917,False
2024-12-08 18:22:50.326464+00:00,-0.00014132805157122388,False
2024-12-08 21:41:02.863968+00:00,-0.0012127372222444043,False
2024-12-09 04:17:27.962304+00:00,-0.0007697107807653511,False
2024-12-09 09:14:46.791456+00:00,-0.00045978725177609793,False
2024-12-09 15:51:11.882880+00:00,0.00022189570679481728,False
2024-12-09 20:48:30.658464+00:00,-0.0019790210939697505,False
2024-12-10 03:24:55.725696+00:00,0.000324946768624003,False
2024-12-10 10:01:20.790336+00:00,0.0005377775701156423,False
2024-12-10 21:35:04.638336+00:00,0.003646082939322763,False
2024-12-11 04:11:29.655456+00:00,-0.0005092053083450535,False
2024-12-11 14:06:07.173792+00:00,-0.001019998815029784,False
2024-12-11 17:24:19.676736+00:00,-0.0001858944640114363,False
2024-12-11 20:42:32.163264+00:00,0.0003026944247652454,False
2024-12-12 00:00:44.658432+00:00,-0.00020762821720656,False
2024-12-12 09:55:22.142208+00:00,-0.0007423959949170987,False
2024-12-12 16:31:47.122176+00:00,0.0012941727950106286,False
2024-12-12 18:10:53.349888+00:00,-0.00010734702290805538,False
2024-12-13 12:21:01.967904+00:00,-0.002142462283774893,False
2024-12-14 03:12:58.032864+00:00,-0.0006385170762766021,False
2024-12-14 09:49:22.950624+00:00,-0.0008206739441555307,False
2024-12-14 18:04:54.050304+00:00,-0.0013012794905790334,False
2024-12-15 02:20:25.124928+00:00,-0.0015679455295888652,False
2024-12-15 10:35:56.196096+00:00,-0.00010826379422996732,False
2024-12-15 17:12:21.053376+00:00,0.0007961524590702727,False
2024-12-15 20:30:33.465600+00:00,-0.0005156831053254353,False
2024-12-16 03:06:58.291776+00:00,-7.653180027631518e-06,False
2024-12-16 04:46:04.504800+00:00,0.0008933994331837687,False
2024-12-16 16:19:47.909568+00:00,-0.0014997565156774353,False
2024-12-16 21:17:06.510624+00:00,0.00010510946471968541,False
2024-12-17 02:14:25.099584+00:00,4.9079028025997805e-05,False
2024-12-17 03:53:31.281504+00:00,0.0005353492103755699,False
2024-12-17 13:48:08.420544+00:00,-0.00028034461157735655,False
2024-12-17 17:06:20.800800+00:00,0.0003621632974570633,False
2024-12-18 01:21:51.728544+00:00,-0.0006284738652337567,False
2024-12-18 09:37:22.649376+00:00,0.0022546954515332293,False
2024-12-18 21:11:05.902944+00:00,0.00023240591940421051,False
2024-12-19 03:47:30.593472+00:00,7.732091890789343e-05,False
2024-12-19 15:21:13.806432+00:00,0.004258831799344759,False
2024-12-20 01:15:50.800320+00:00,8.119822750573408e-06,False
2024-12-20 02:54:56.939040+00:00,-0.0005917378156822873,False
2024-12-20 14:28:40.065600+00:00,0.002063435153869645,False
2024-12-20 17:46:52.364640+00:00,-0.0020045375055933144,False
2024-12-21 03:41:29.271264+00:00,0.0005079736033573273,False
2024-12-21 13:36:06.160608+00:00,0.0016725784272046467,False
2024-12-21 15:15:12.307968+00:00,0.0003177456750741575,False
2024-12-21 16:54:18.440640+00:00,-0.0019593359219425223,False
2024-12-22 04:28:01.427232+00:00,0.002636095215793859,False
2024-12-22 14:22:38.237952+00:00,0.001405061940119647,False
2024-12-22 17:40:50.507616+00:00,0.0008929584321962503,False
2024-12-23 03:35:27.250944+00:00,-0.0005729715276023301,False
2024-12-23 18:27:22.358592+00:00,0.004280406411137151,False
2024-12-24 02:42:52.910496+00:00,-0.000626879666063289,False
2024-12-24 09:19:17.340960+00:00,-0.00011982495801587858,False
2024-12-24 17:34:47.879040+00:00,0.002163182949320612,False
2024-12-24 20:53:00.076128+00:00,0.0004502581127068105,False
2024-12-25 01:50:18.375648+00:00,0.0011086050277228018,False
2024-12-25 03:29:24.473760+00:00,-0.0021679940928665837,False
2024-12-25 13:24:01.027008+00:00,0.0011740123422790292,False
2024-12-25 16:42:13.214592+00:00,0.000888731064543795,False
2024-12-26 02:36:49.747104+00:00,0.00402901112009624,False
2024-12-26 04:15:55.833120+00:00,-0.0013546442212289433,False
2024-12-26 09:13:14.074752+00:00,0.00045983650165194777,False
2024-12-26 17:28:44.433984+00:00,-0.001264101730146865,False
2024-12-27 01:44:14.794944+00:00,0.002519475018969059,False
2024-12-27 09:59:45.139488+00:00,0.0006087588106397897,False
2024-12-27 18:15:15.442560+00:00,0.0006508935882958405,False
2024-12-27 21:33:27.556704+00:00,0.0007599118597543539,False
2024-12-28 02:30:45.719712+00:00,0.0006990383033570252,False
2024-12-28 09:07:09.930720+00:00,-0.00025460958461372184,False
2024-12-28 15:43:34.097664+00:00,9.896569102433661e-05,False
2024-12-28 20:40:52.226976+00:00,0.0012877632104707328,False
2024-12-29 09:53:40.537536+00:00,0.0015500746135839434,False
2024-12-29 14:50:58.615872+00:00,-0.00015592091892469538,False
2024-12-29 16:30:04.641408+00:00,8.618705008223756e-05,False
2024-12-29 21:27:22.710240+00:00,-2.9810827329660415e-05,False
2024-12-30 02:24:40.774752+00:00,0.0004911141072081815,False
2024-12-30 09:01:04.841472+00:00,-0.003544339947946103,False
2024-12-30 15:37:28.841664+00:00,-0.0028769029923616306,False
2024-12-31 04:50:16.919808+00:00,0.0035915758204676726,False
2024-12-31 16:23:58.875648+00:00,-0.0022933172177762437,False
2025-01-01 08:54:58.669632+00:00,-0.00011712225881676131,False
2025-01-02 21:15:09.641664+00:00,-0.0035491431212505663,False
2025-01-03 13:46:08.901696+00:00,0.0009478165576313705,False
2025-01-04 02:58:56.248032+00:00,0.0016227499138071373,False
2025-01-04 06:17:08.068416+00:00,-0.0019382020738153722,False
2025-01-04 14:32:37.579200+00:00,0.0019556131870143807,False
2025-01-04 17:50:49.382304+00:00,0.00047686556691511114,False
2025-01-04 21:09:01.166400+00:00,-0.004568422886670722,False
2025-01-05 03:45:24.738912+00:00,0.00032144545348444624,False
2025-01-05 10:21:48.289824+00:00,0.0004158038877206962,False
2025-01-05 13:40:00.060960+00:00,0.00044047631780706016,False
2025-01-05 18:37:17.709024+00:00,-0.0001342932458805121,False
2025-01-06 02:52:47.100576+00:00,-0.0012659310309310616,False
2025-01-06 09:29:10.587552+00:00,-6.406559312620167e-05,False
2025-01-06 14:26:28.225248+00:00,0.0034858170066223225,False
2025-01-06 17:44:39.955776+00:00,-0.0001635266228387348,False
2025-01-06 21:02:51.698400+00:00,0.00038106620518510827,False
2025-01-07 03:39:15.145632+00:00,-4.134706352149076e-05,False
2025-01-07 10:15:38.600640+00:00,0.0008155223247596141,False
2025-01-07 13:33:50.291424+00:00,1.7646581329420867e-05,False
2025-01-07 18:31:07.850496+00:00,-8.828469005011047e-06,False
2025-01-08 09:23:00.494016+00:00,0.00016568019994685473,False
2025-01-08 14:20:18.034080+00:00,0.001712886927907746,False
2025-01-08 17:38:29.717088+00:00,-0.00010998677869718124,False
2025-01-08 20:56:41.393184+00:00,0.00012516482676099754,False
2025-01-09 03:33:04.747968+00:00,0.00021806154862653382,False
2025-01-10 02:40:26.361408+00:00,-0.0012220588903324161,False
2025-01-10 09:16:49.667808+00:00,0.0009679513088127918,False
2025-01-10 20:50:30.359616+00:00,-0.0009618890090815342,False
2025-01-11 10:03:16.845408+00:00,-0.0001420843815117586,False
2025-01-11 18:18:45.904320+00:00,0.0020142479981148788,False
2025-01-12 02:34:14.900160+00:00,-0.0005664342967204232,False
2025-01-12 09:10:38.118432+00:00,0.00024370967767021003,False
2025-01-12 17:26:07.090944+00:00,0.0006049200274548454,False
2025-01-13 03:20:41.834976+00:00,0.0007431368828970468,False
2025-01-13 04:59:47.619456+00:00,-0.001236176459391386,False
2025-01-13 09:57:04.982400+00:00,0.001317245516169449,False
2025-01-13 18:12:33.899616+00:00,0.0002806634210383149,False
2025-01-13 21:30:45.445248+00:00,0.00017415416416350976,False
2025-01-14 02:28:02.783136+00:00,0.0003776361099238803,False
2025-01-14 09:04:25.891680+00:00,-0.00048111773629701477,False
2025-01-14 14:01:43.206240+00:00,0.0009160639229394861,False
2025-01-14 17:19:54.752736+00:00,0.00045262324916910124,False
2025-01-15 03:14:29.345568+00:00,0.0007836119441108724,False
2025-01-15 14:48:09.665856+00:00,0.0013114848695657119,False
2025-01-15 18:06:21.184704+00:00,0.0005857032646011658,False
2025-01-16 02:21:49.956768+00:00,0.00042130907366965233,False
2025-01-16 13:55:30.192384+00:00,0.0014794410175786388,False
2025-01-17 03:08:16.126080+00:00,0.002125744401710713,False
2025-01-17 14:41:56.259744+00:00,0.0027344007802788664,False
2025-01-17 18:00:07.724160+00:00,0.0010806078869478799,False
2025-01-17 21:18:19.183392+00:00,-0.0002595768983080604,False
2025-01-18 00:36:30.637440+00:00,0.0010265978374446102,False
2025-01-18 03:54:42.074208+00:00,0.0002565619988782043,False
2025-01-18 13:49:16.406976+00:00,0.0024780321236411136,False
2025-01-18 17:07:27.848064+00:00,0.0009796965741808539,False
2025-01-18 20:25:39.282240+00:00,-5.049811935794969e-05,False
2025-01-19 03:02:02.125536+00:00,0.0009717497697953794,False
2025-01-19 14:35:42.072576+00:00,0.0013257569032124597,False
2025-01-19 17:53:53.479968+00:00,0.0008902356414040614,False
2025-01-19 21:12:04.856256+00:00,-0.0010082654360466922,False
2025-01-20 02:09:21.944448+00:00,0.0011180379152029712,False
2025-01-20 13:43:01.787808+00:00,0.0034688587701129222,False
2025-01-20 17:01:13.163232+00:00,0.0008671666579975535,False
2025-01-21 02:55:47.226432+00:00,-0.0006169631580654313,False
2025-01-21 14:29:26.961792+00:00,0.00364221811845565,False
2025-01-21 17:47:38.295744+00:00,0.00022812886201546375,False
2025-01-22 02:03:06.620256+00:00,0.0007333979323600279,False
2025-01-23 14:23:10.931712+00:00,0.0022143977269050708,False
2025-01-23 17:41:22.214688+00:00,0.0003749525697563992,False
2025-01-24 03:35:55.984992+00:00,0.0005751565682044699,False
2025-01-24 13:30:29.747520+00:00,-0.0018810408103797143,False
2025-01-24 16:48:40.968288+00:00,-0.004653413403650667,False
2025-01-24 16:48:41.004576+00:00,0.00516595573761748,False
2025-01-24 21:45:57.877632+00:00,0.0034383281662702984,False
2025-01-25 02:43:14.735136+00:00,0.00035882856898830987,False
2025-01-25 17:35:05.257536+00:00,-0.0012676586151082652,False
2025-01-26 03:29:38.897376+00:00,0.0020459142405650213,False
2025-01-26 11:45:06.910848+00:00,-0.0014247909057815366,False
2025-01-26 15:03:18.111744+00:00,0.0011964681276075049,False
2025-01-26 16:42:23.710464+00:00,-3.7161705925341096e-05,False
2025-01-27 02:36:57.257856+00:00,-0.00020524807772926475,False
2025-01-28 03:23:21.047712+00:00,-0.0011686159322311512,False
2025-01-28 09:59:43.360512+00:00,5.9108218794565355e-05,False
2025-01-29 02:30:39.038400+00:00,-0.0016015728045820285,False
2025-01-29 09:07:01.299360+00:00,0.0006682174058788453,False
2025-01-29 14:04:17.995296+00:00,0.0017649829036722987,False
2025-01-29 20:40:40.216512+00:00,-0.0004796338250599697,False
2025-01-30 03:17:02.441184+00:00,0.0003283409114224773,False
2025-01-30 13:11:35.763936+00:00,-0.00035469568432882313,False
2025-01-31 02:24:20.141568+00:00,0.0016676987331038177,False
2025-01-31 09:00:42.292800+00:00,-0.0015168419037206475,False
2025-01-31 20:34:21.047520+00:00,0.002641619285930573,False
2025-02-01 03:10:43.181472+00:00,0.0009465688559212536,False
2025-02-01 18:02:32.883072+00:00,-0.00047833645857818,False
2025-02-02 03:57:06.002784+00:00,0.00047531989226635464,False
2025-02-02 13:51:39.098304+00:00,0.003299367334497324,False
2025-02-02 15:30:44.613216+00:00,0.00044665407697219543,False
2025-02-03 03:04:23.159712+00:00,0.001690339734802794,False
2025-02-03 04:43:28.695360+00:00,0.0013367426324767278,False
2025-02-03 14:38:01.718304+00:00,0.0025247732815322343,False
2025-02-03 17:56:12.720480+00:00,0.0005094791785339554,False
2025-02-03 21:14:23.721792+00:00,0.001393126244444893,False
2025-02-04 03:50:45.715776+00:00,0.0010719816669705748,False
2025-02-04 17:03:29.643264+00:00,-0.0007195030391753633,False
2025-02-05 02:58:02.587584+00:00,0.002503905187982273,False
2025-02-05 07:55:19.053696+00:00,-0.0006706923375820624,False
2025-02-05 14:31:40.979424+00:00,-0.00021185411404968336,False
2025-02-05 21:08:02.899968+00:00,-0.00028139660231806234,False
2025-02-06 13:38:57.675840+00:00,0.0027912648866931034,False
2025-02-06 16:57:08.629632+00:00,0.0006889847747224818,False
2025-02-07 17:43:30.660384+00:00,0.0030858602353996366,False
2025-02-07 21:01:41.593440+00:00,0.001324091503225367,False
2025-02-08 03:38:03.437952+00:00,0.00023836816176322747,False
2025-02-08 10:14:25.299744+00:00,-0.0006091836584041475,False
2025-02-08 13:32:36.199104+00:00,-0.00019204874279085617,False
2025-02-08 16:50:47.109696+00:00,7.04323165208146e-05,False
2025-02-08 21:48:03.478176+00:00,0.0020054787828559565,False
2025-02-09 02:45:19.840608+00:00,0.0003026031094678029,False
2025-02-09 09:21:41.673024+00:00,-0.0005503809583593949,False
2025-02-09 14:18:58.016448+00:00,-0.00023558787854282702,False
2025-02-09 17:37:08.910624+00:00,-8.401531574721635e-06,False
2025-02-09 20:55:19.781472+00:00,-0.0011606820015747181,False
2025-02-10 03:31:41.560320+00:00,0.0006261570355650132,False
2025-02-10 13:26:14.229888+00:00,0.0014086943401408446,False
2025-02-10 18:23:30.551712+00:00,0.0004113162542083706,False
2025-02-11 02:38:57.739200+00:00,0.0011596887670761434,False
2025-02-11 14:12:35.783712+00:00,0.0016512911433642754,False
2025-02-11 17:30:46.641600+00:00,5.684391467913148e-06,False
2025-02-12 03:25:19.216992+00:00,0.0006661150893398898,False
2025-02-12 10:01:40.927584+00:00,0.0001394806832355792,False
2025-02-12 14:58:57.194112+00:00,0.0004368770779155072,False
2025-02-12 18:17:08.041632+00:00,0.00021436387459387862,False
2025-02-13 02:32:35.163456+00:00,0.0012559458072772078,False
2025-02-13 09:08:56.844672+00:00,0.00026179685095082967,False
2025-02-14 03:18:56.390688+00:00,0.0006374636950623224,False
2025-02-14 09:55:18.024384+00:00,0.0006213294037376747,False
2025-02-14 14:52:34.252896+00:00,0.0014479531131715677,False
2025-02-14 21:28:55.871904+00:00,-0.000661665808195799,False
2025-02-15 02:26:12.081408+00:00,0.00046691048734833103,False
2025-02-15 09:02:33.671904+00:00,-4.023211170376762e-05,False
2025-02-15 13:59:49.864128+00:00,0.001106771017242823,False
2025-02-15 17:18:00.656352+00:00,0.0003355684841729314,False
2025-02-15 20:36:11.445984+00:00,-0.0011955474631480535,False
2025-02-16 03:12:33.014880+00:00,0.0007278559565143468,False
2025-02-16 09:48:54.605376+00:00,0.0016381564376477423,False
2025-02-16 14:46:10.782048+00:00,0.0017564627459789972,False
2025-02-16 18:04:21.568224+00:00,0.0007377364424525099,False
2025-02-17 03:58:53.877504+00:00,-0.00019028579382382275,False
2025-02-17 13:53:26.186784+00:00,0.0013347993487976776,False
2025-02-17 17:11:36.954816+00:00,0.00046200820620368377,False
2025-02-17 20:29:47.700384+00:00,-0.0006340320269717142,False
2025-02-18 03:06:09.219168+00:00,0.0007056249877022331,False
2025-02-18 09:42:30.732768+00:00,7.601186461091668e-06,False
2025-02-18 17:57:57.629952+00:00,0.002626279232682088,False
2025-02-18 21:16:08.353920+00:00,-0.0007533644460029989,False
2025-02-19 03:52:29.838144+00:00,0.0006210016568461612,False
2025-02-19 13:47:02.034240+00:00,-0.0002901775057626106,False
2025-02-19 17:05:12.778944+00:00,0.0007352531223175844,False
2025-02-19 20:23:23.508960+00:00,0.00015105052156890245,False
2025-02-20 02:59:44.957760+00:00,0.00039652101712944364,False
2025-02-20 14:33:22.491648+00:00,0.0014097113081369145,False
2025-02-20 17:51:33.214752+00:00,0.0003496165227646292,False
2025-02-21 03:46:05.348640+00:00,0.0012561272825090922,False
2025-02-21 10:22:26.764608+00:00,-0.0006829681058315535,False
2025-02-21 13:40:37.468704+00:00,0.0006179637942032698,False
2025-02-21 16:58:48.173664+00:00,4.810480544883435e-05,False
2025-02-22 02:53:20.258304+00:00,0.00080976651238664,False
2025-02-22 09:29:41.636256+00:00,-0.0008432886111232833,False
2025-02-22 14:26:57.677280+00:00,0.0005833823574643692,False
2025-02-22 21:03:19.034496+00:00,-0.00020273826768832425,False
2025-02-23 03:39:40.401216+00:00,0.00048797454349711923,False
2025-02-23 10:16:01.751520+00:00,-3.806348044792067e-05,False
2025-02-23 18:31:28.454304+00:00,0.0013902786629430017,False
2025-02-23 21:49:39.126432+00:00,0.0010576628453640097,False
2025-02-24 02:46:55.122528+00:00,0.0007135472577683446,False
2025-02-24 09:23:16.417536+00:00,-0.0014328782671395855,False
2025-02-24 14:20:32.412768+00:00,0.0009856537048205495,False
2025-02-24 17:38:43.059840+00:00,-5.2836984726134083e-05,False
2025-02-25 01:54:09.650304+00:00,-0.003211939144627538,False
2025-02-25 13:27:46.908576+00:00,0.0019442194326311727,False
2025-02-25 18:25:02.864064+00:00,0.00012537498542271363,False
2025-02-26 02:40:29.434656+00:00,1.7919861135218176e-05,False
2025-02-26 14:14:06.591840+00:00,-0.0016376390492536426,False
2025-02-27 03:26:49.058304+00:00,0.00018146805603975157,False
2025-02-27 10:03:10.281600+00:00,-0.0005471347525549388,False
2025-02-27 19:57:42.046560+00:00,8.287637088436918e-05,False
2025-02-28 02:34:03.226656+00:00,-0.0014786716649040094,False
2025-02-28 09:10:24.411072+00:00,0.0008436062976062376,False
2025-02-28 12:28:35.020128+00:00,0.002110563648059936,False
2025-03-01 03:20:22.630848+00:00,-0.0012379520519975465,False
2025-03-01 13:14:54.381984+00:00,0.003142571832098133,False
2025-03-01 18:12:10.249344+00:00,0.0005519933743446774,False
2025-03-02 04:06:41.964192+00:00,0.00020351295681592888,False
2025-03-02 14:01:13.685952+00:00,0.001385545565083556,False
2025-03-02 17:19:24.260448+00:00,0.0003316544405241414,False
2025-03-03 03:13:55.961472+00:00,0.000935161837147491,False
2025-03-03 13:08:27.646080+00:00,-0.0014760210017008804,False
2025-03-03 18:05:43.478880+00:00,-0.00013832128645732992,False
2025-03-04 04:00:15.149664+00:00,0.0018540610023699403,False
2025-03-04 10:36:36.267552+00:00,-0.0018611748061046283,False
2025-03-04 13:54:46.812672+00:00,0.0005323036091022118,False
2025-03-05 03:07:29.029440+00:00,0.0017158157364500133,False
2025-03-05 09:43:50.118816+00:00,-0.001241849433227929,False
2025-03-05 17:59:16.502784+00:00,0.0016221650609474498,False
2025-03-06 03:53:48.164064+00:00,0.001466400005869338,False
2025-03-06 13:48:19.814112+00:00,0.0003068329235471055,False
2025-03-06 15:27:25.091424+00:00,0.0001797681522991523,False
2025-03-07 09:37:23.128032+00:00,0.0003513387639009699,False
2025-03-07 16:13:44.212224+00:00,2.3139781730342713e-05,False
2025-03-07 21:11:00.028608+00:00,0.0009221382327515737,False
2025-03-08 03:47:21.117984+00:00,0.00022772490611113697,False
2025-03-08 17:00:03.296736+00:00,-0.0006414827263876832,False
2025-03-09 02:54:34.913088+00:00,0.000691554674129504,False
2025-03-09 14:28:11.763552+00:00,-0.0007179088028356501,False
2025-03-09 17:46:22.294848+00:00,0.00032702033272161537,False
2025-03-10 03:40:53.909472+00:00,0.0016228917401005347,False
2025-03-10 13:35:25.503360+00:00,0.0012801336339293727,False
2025-03-10 18:32:41.294688+00:00,0.00034826948356819765,False
2025-03-11 02:48:07.605216+00:00,1.4352160696395888e-05,False
2025-03-11 09:24:28.678176+00:00,0.0008121282297405821,False
2025-03-11 20:58:05.489760+00:00,8.640534060294679e-05,False
2025-03-12 01:55:21.270720+00:00,0.00031402697323699687,False
2025-03-12 10:10:47.567424+00:00,-0.0007182445064676602,False
2025-03-12 13:28:58.079712+00:00,0.0007009604460144325,False
2025-03-12 18:26:13.846848+00:00,0.00029645424272139835,False
2025-03-12 21:44:24.328896+00:00,-0.0006680579826855151,False
2025-03-13 02:41:40.089984+00:00,0.0006087009286629744,False
2025-03-13 09:18:01.071360+00:00,-0.002112986112485145,False
2025-03-13 14:15:16.826400+00:00,0.0018047661601049573,False
2025-03-13 17:33:27.326592+00:00,0.0006456147078574349,False
2025-03-14 03:27:58.816800+00:00,0.0021121947505414523,False
2025-03-14 13:22:30.278496+00:00,-0.0014135943244984973,False
2025-03-14 18:19:46.001568+00:00,0.0001815537077387605,False
2025-03-14 21:37:56.475840+00:00,0.0005504378107022887,False
2025-03-15 04:14:17.424384+00:00,-0.0009375795053855676,False
2025-03-15 09:11:33.136224+00:00,0.0003326299258868508,False
2025-03-15 14:08:48.849792+00:00,0.0013618984046273475,False
2025-03-15 20:45:09.784512+00:00,0.0006455909005875795,False
2025-03-16 03:21:30.720960+00:00,0.0004501356366808547,False
2025-03-16 13:16:02.142912+00:00,0.00033914797559088513,False
2025-03-16 14:55:07.381344+00:00,0.00048345810339418653,False
2025-03-16 18:13:17.848704+00:00,0.0005208215527177733,False
2025-03-17 04:07:49.209312+00:00,-0.0016280985687192628,False
2025-03-17 14:02:20.553504+00:00,0.001776792771415776,False
2025-03-17 17:20:31.006176+00:00,0.0007684876145942529,False
2025-03-18 03:15:02.327904+00:00,0.0001447213620905819,False
2025-03-18 13:09:33.641856+00:00,2.328449170213749e-05,False
2025-03-18 18:06:49.279392+00:00,-3.709588305934571e-05,False
2025-03-19 02:22:15.354048+00:00,-0.0014130507338812942,False
2025-03-19 04:01:20.571744+00:00,0.0001612307479386334,False
2025-03-19 13:55:51.789792+00:00,-0.0013888686440451398,False
2025-03-19 17:14:02.206176+00:00,0.00023298830717105611,False
2025-03-20 03:08:33.460512+00:00,0.0010146907371765953,False
2025-03-20 13:03:04.698432+00:00,0.00043890269232676245,False
2025-03-20 18:00:20.291904+00:00,-0.001400066370891193,False
2025-03-21 03:54:51.487488+00:00,-0.0013188037372871193,False
2025-03-21 13:49:22.643328+00:00,0.0004897542140043956,False
2025-03-21 17:07:33.046752+00:00,0.00044785341970300326,False
2025-03-22 03:02:04.080768+00:00,-0.007948470046618363,False
2025-03-22 09:38:24.797760+00:00,0.00010871017374567684,False
2025-03-22 17:53:50.668512+00:00,-0.0005894703060084455,False
2025-03-22 21:12:01.022688+00:00,0.00025848005949889773,False
2025-03-23 03:48:21.724128+00:00,-0.0026362364153471292,False
2025-03-23 13:42:52.764192+00:00,0.001314072078787179,False
2025-03-23 20:19:13.436256+00:00,-0.0004573369794842507,False
2025-03-24 01:16:28.926048+00:00,-0.0006151258523340944,False
2025-03-24 09:31:54.769152+00:00,0.00010946475764200695,False
2025-03-24 14:29:10.226112+00:00,-0.0012341208536437826,False
2025-03-24 21:05:30.848064+00:00,-0.0011040414870740903,False
2025-03-25 02:02:46.305888+00:00,-0.0006626470114291627,False
2025-03-26 01:09:58.407552+00:00,-0.0009775265116009554,False
2025-03-26 09:25:24.095136+00:00,-0.003768457148833581,False
2025-03-26 20:59:00.049632+00:00,-0.00030300043772343074,False
2025-03-27 03:35:20.571360+00:00,-0.0015924589992057652,False
2025-03-27 10:11:41.088768+00:00,-0.00026213066634455393,False
2025-03-27 13:29:51.357408+00:00,0.001736653023382553,False
2025-03-28 04:21:37.519200+00:00,0.0013009429728560026,False
2025-03-28 20:52:28.750944+00:00,0.001119568948513591,False
2025-03-29 03:28:49.223424+00:00,-0.00010990493241136434,False
2025-03-29 16:41:30.184800+00:00,0.0013471635501977747,False
2025-03-29 21:38:45.538080+00:00,0.000324777460786104,False
2025-03-30 04:15:05.991552+00:00,-0.000858037949917328,False
2025-03-30 09:12:21.331008+00:00,0.0001531671590234156,False
2025-03-30 14:09:36.663552+00:00,0.00012977390200373745,False
2025-03-30 17:27:46.884672+00:00,3.361908350918777e-05,False
2025-03-31 03:22:17.551488+00:00,0.00029426896752937984,False
2025-03-31 13:16:48.194976+00:00,0.00040717317217114565,False
2025-03-31 14:55:53.305536+00:00,0.0002849001952822868,False
2025-03-31 16:34:58.415232+00:00,0.00022166614976383363,False
2025-03-31 18:14:03.518016+00:00,-6.710038374399692e-05,False
2025-04-01 04:08:34.155456+00:00,0.0002266880166687103,False
2025-04-01 09:05:49.467264+00:00,0.0002591267472514436,False
2025-04-01 14:03:04.775616+00:00,0.0008770680369046555,False
2025-04-01 17:21:14.992416+00:00,0.0007688332700189994,False
2025-04-01 20:39:25.195392+00:00,0.0003964103807068415,False
2025-04-02 03:15:45.599616+00:00,0.000638159722740918,False
2025-04-02 13:10:16.177440+00:00,-0.00022986898332389653,False
2025-04-02 18:07:31.458144+00:00,0.0002619802046078697,False
2025-04-03 04:02:02.004864+00:00,-0.0024024206496104997,False
2025-04-03 08:59:17.276064+00:00,0.00037467939597798515,False
2025-04-03 13:56:32.560224+00:00,0.002472109061018042,False
2025-04-03 17:14:42.737280+00:00,0.0003464676782244736,False
2025-04-04 03:09:13.272768+00:00,0.0013173631607834744,False
2025-04-04 18:00:58.992192+00:00,0.0004935080976285373,False
2025-04-05 03:55:29.444736+00:00,1.2231584405221832e-05,False
2025-04-05 08:52:44.665824+00:00,0.0007459651265275266,False
2025-04-05 17:08:10.044096+00:00,0.0031871249150392314,False
2025-04-06 03:02:40.454304+00:00,0.0009311854012754783,False
2025-04-06 09:39:00.703872+00:00,-0.0018232882706641453,False
2025-04-06 21:12:36.157248+00:00,0.0023516688557085903,False
2025-04-07 03:48:56.382624+00:00,-0.0010818584623923481,False
2025-04-07 13:43:26.737536+00:00,0.0019237497865622444,False
2025-04-07 20:19:46.948224+00:00,0.00020975893731471043,False
2025-04-08 02:56:07.141632+00:00,-0.0001308784512204916,False
2025-04-09 03:42:22.758048+00:00,-0.0029685111343392117,False
2025-04-09 10:18:42.903936+00:00,0.0003434615846675676,False
2025-04-09 13:36:52.985088+00:00,0.0005527924674888522,False
2025-04-09 16:55:03.059328+00:00,0.0005356350433537934,False
2025-04-10 04:28:38.290656+00:00,0.0004037662502844484,False
2025-04-10 09:25:53.375232+00:00,4.695336820855324e-05,False
2025-04-10 17:41:18.520224+00:00,0.000490523183369279,False
2025-04-11 03:35:48.669504+00:00,-0.0009732859854782961,False
2025-04-11 16:48:28.846368+00:00,0.00262774944191135,False
2025-04-12 04:22:03.956736+00:00,0.00012179246469676925,False
2025-04-12 09:19:18.993792+00:00,0.00031758913621890384,False
2025-04-12 20:52:54.059232+00:00,0.0009464555131940737,False
2025-04-13 03:29:14.084160+00:00,0.0005080708677848941,False
2025-04-13 10:05:34.081440+00:00,-0.0004698738178237111,False
2025-04-13 16:41:54.105504+00:00,0.0011229010390285507,False
2025-04-14 04:15:29.091456+00:00,-0.000421277335144831,False
2025-04-14 17:28:09.032448+00:00,1.210226467378804e-05,False
2025-04-14 20:46:19.009056+00:00,0.00019858313395658986,False
2025-04-15 01:43:33.969216+00:00,-8.352673818230088e-05,False
2025-04-15 09:58:58.884384+00:00,-0.001368747779867114,False
2025-04-15 13:17:08.863584+00:00,0.0007961823296171265,False
2025-04-15 16:35:18.830688+00:00,-0.00014062408446681017,False
2025-04-16 02:29:48.673248+00:00,-0.0008451362596503024,False
2025-04-16 09:06:08.546112+00:00,-0.0012200098414702982,False
2025-04-16 14:03:23.469984+00:00,0.0015075370812512208,False
2025-04-16 17:21:33.406848+00:00,0.0001547288970682036,False
2025-04-17 01:36:57.911616+00:00,-0.014403087173707113,False
2025-04-17 14:49:37.928640+00:00,0.016602017069277393,False
2025-04-17 16:28:42.891456+00:00,0.00014396349051709926,False
2025-04-18 02:23:12.606144+00:00,-0.00042943299961058353,False
2025-04-18 17:14:57.175584+00:00,0.0010657226906531812,False
2025-04-19 03:09:26.865216+00:00,0.0003067031127889177,False
2025-04-19 22:58:26.138208+00:00,-5.293548540961316e-05,False
2025-04-20 02:16:36.010272+00:00,0.00024093725528368144,False
2025-04-20 13:50:10.527936+00:00,0.00018285853471008062,False
2025-04-21 03:02:49.958304+00:00,0.0008856483398036719,False
2025-04-21 14:36:24.372288+00:00,-0.002252472077105225,False
2025-04-22 03:49:03.697248+00:00,0.0017964137114946004,False
2025-04-22 13:43:33.160512+00:00,0.0008883563641946222,False
2025-04-23 01:17:07.482048+00:00,0.000828479820869235,False
2025-04-24 03:42:25.848576+00:00,0.0019371386475284134,False
2025-04-24 16:55:04.922976+00:00,-0.0012061975017640574,False
2025-04-25 02:49:34.192704+00:00,0.00020303996084385535,False
2025-04-26 03:35:47.271552+00:00,-0.001005142341495781,False
2025-04-26 16:48:26.174880+00:00,-0.00044122242979944106,False
2025-04-27 02:42:55.269216+00:00,-0.001587863552854662,False
2025-04-27 14:16:29.217504+00:00,-0.0017006879210164439,False
2025-04-28 03:29:07.894464+00:00,-0.002519217003431816,False
2025-04-28 10:05:27.244608+00:00,0.0004786333491365567,False
2025-04-29 00:57:10.706400+00:00,-0.0008946047410278522,False
2025-05-01 17:21:18.203904+00:00,-0.006389813276157929,False
2025-05-02 04:54:51.708960+00:00,-0.0014178993060329761,False
2025-05-02 11:31:10.838784+00:00,0.0007537454111535627,False
2025-05-02 14:49:20.392032+00:00,-0.000215015907410038,False
2025-05-02 18:07:29.940096+00:00,-0.00017497535643637343,False
2025-05-02 21:25:39.482112+00:00,-0.00018450036003975266,False
2025-05-03 02:22:53.796000+00:00,-3.269145902574759e-05,False
2025-05-03 10:38:17.635488+00:00,-0.0009300107678631305,False
2025-05-03 13:56:27.174912+00:00,0.0007208997593084026,False
2025-05-03 17:14:36.696192+00:00,-0.0001648514139656965,False
2025-05-04 03:09:05.265216+00:00,0.000925661726506944,False
2025-05-04 13:03:33.791904+00:00,-0.00017943337045711084,False
2025-05-04 14:42:38.542176+00:00,-0.0001351108489934752,False
2025-05-04 18:00:48.039264+00:00,-0.00019036564776995547,False
2025-05-04 21:18:57.538080+00:00,0.00023203484329281253,False
2025-05-05 02:16:11.771616+00:00,6.147071153978249e-05,False
2025-05-05 08:52:30.739008+00:00,-0.00012607313871805352,False
2025-05-05 20:26:03.903648+00:00,0.0007291576578437979,False
2025-05-06 03:02:22.846848+00:00,0.0003513731804771279,False
2025-05-06 09:38:41.775360+00:00,-0.0008631158612101382,False
2025-05-06 17:54:05.418720+00:00,0.000629266668340693,False
2025-05-06 21:12:14.864832+00:00,0.0002519363886177479,False
2025-05-07 02:09:29.031840+00:00,6.754821636622372e-05,False
2025-05-07 20:19:20.920224+00:00,0.0004707276307961798,False
2025-05-08 01:16:35.046624+00:00,-0.001382327452486032,False
2025-05-08 02:55:39.755424+00:00,-0.00011164066790961404,False
2025-05-08 16:08:17.387808+00:00,-0.00038519055601188637,False
2025-05-08 17:47:22.089696+00:00,1.7746784564006822e-05,False
2025-05-08 22:44:36.190176+00:00,-0.00013247777175570783,False
2025-05-09 16:54:27.843552+00:00,0.0005073957022516144,False
2025-05-10 02:48:55.972800+00:00,-0.00012088302280677992,False
2025-05-10 09:25:14.693088+00:00,-0.0018315524641171167,False
2025-05-10 20:58:47.474112+00:00,0.0014611790423230075,False
2025-05-11 00:16:56.823456+00:00,-0.0002970522476775082,False
2025-05-11 11:50:29.527584+00:00,-0.001210884043841461,False
2025-05-11 13:29:34.192320+00:00,-0.0003036730555983478,False
2025-05-11 16:47:43.539936+00:00,0.0005822717200817227,False
2025-05-12 02:42:11.531808+00:00,-0.0006530516772735796,False
2025-05-12 09:18:30.151008+00:00,-0.0022683436474175214,False
2025-05-12 20:52:02.767008+00:00,0.00028811527788860625,False
2025-05-13 03:28:21.387072+00:00,-0.001006924828909002,False
2025-05-13 13:22:49.283040+00:00,-0.0008877863427395329,False
2025-05-13 16:40:58.577952+00:00,-0.0002431242330086581,False
2025-05-13 21:38:12.504768+00:00,-0.0006461741743502102,False
2025-05-14 02:35:26.419488+00:00,-0.0007065561958047831,False
2025-05-14 09:11:44.972160+00:00,-0.00045763424538448904,False
2025-05-14 17:27:08.167968+00:00,0.000600373036382033,False
2025-05-15 00:03:26.685216+00:00,-0.0007244405796301902,False
2025-05-15 18:13:17.586048+00:00,-0.0011540140894536143,False
2025-05-16 02:28:40.696320+00:00,-0.00020189108585629066,False
2025-05-16 17:20:22.255584+00:00,-0.0009226441582592384,False
2025-05-17 03:14:49.928640+00:00,-0.00045106364294936153,False
2025-05-17 13:09:17.544672+00:00,-0.0037266761335320825,False
2025-05-17 18:06:31.346208+00:00,-0.00025530986784689656,False
2025-05-17 21:24:40.556448+00:00,-0.0001079796938279812,False
2025-05-18 04:00:58.965696+00:00,-0.0003038113714934937,False
2025-05-18 08:58:12.752544+00:00,-0.0003283999401225273,False
2025-05-18 13:55:26.535072+00:00,0.0007189198727154749,False
2025-05-18 20:31:44.916672+00:00,0.00023672454267452511,False
2025-05-19 03:08:03.268032+00:00,-0.0003958562897121244,False
2025-05-19 09:44:21.638400+00:00,0.0010104928795152926,False
2025-05-19 21:17:53.734272+00:00,0.0001384485624859838,False
2025-05-20 03:54:12.062304+00:00,-0.0005714967546237311,False
2025-05-20 08:51:25.798176+00:00,-0.0002251178832651812,False
2025-05-20 13:48:39.516768+00:00,0.0002711057173044229,False
2025-05-20 17:06:48.667392+00:00,-1.4724767400510193e-05,False
2025-05-20 20:24:57.825792+00:00,-0.0002867696406574408,False
2025-05-21 14:34:48.086400+00:00,0.00022028717466348463,False
2025-05-21 21:11:06.360864+00:00,-2.2786197592877507e-05,False
2025-05-22 03:47:24.612864+00:00,-0.0017374489111565005,False
2025-05-22 13:41:51.973152+00:00,-2.797292427588285e-05,False
2025-05-22 17:00:01.088352+00:00,-0.00015416362859466516,False
2025-05-23 02:54:28.417536+00:00,7.689688078713216e-05,False
2025-05-23 09:30:46.637568+00:00,-0.0006804693455840234,False
2025-05-23 17:46:09.389280+00:00,7.729628402654125e-05,False
2025-05-24 02:01:32.121984+00:00,-0.00043719385998066784,False
2025-05-24 03:40:36.674400+00:00,-0.0002457210015493517,False
2025-05-24 13:35:03.943968+00:00,-0.00031293360000241347,False
2025-05-24 16:53:13.026336+00:00,8.579777188778408e-05,False
2025-05-25 09:23:58.417440+00:00,-0.00043759729769446876,False
2025-05-25 14:21:12.021984+00:00,-0.0008129079270667032,False
2025-05-27 17:32:32.341632+00:00,-0.001900511694363032,False
2025-05-28 01:47:54.917952+00:00,-0.00030867298281385554,False
2025-05-28 03:26:59.431488+00:00,-0.0007555023027648878,False
2025-05-28 21:36:49.058784+00:00,0.00013783967481554183,False
2025-05-29 04:13:07.065408+00:00,-0.0012142354626281603,False
2025-05-29 09:10:20.577504+00:00,4.3294427310070394e-05,False
2025-05-29 20:43:52.070304+00:00,-0.0002051342473341814,False
2025-05-30 03:20:10.064832+00:00,-0.0007410079053471364,False
2025-05-30 13:14:37.049280+00:00,0.001242767662848014,False
2025-05-30 18:11:50.531136+00:00,0.00023002151645770317,False
2025-05-30 21:29:59.508096+00:00,-5.141105765840996e-05,False
2025-05-31 04:06:17.482752+00:00,0.0001299261826420272,False
2025-05-31 09:03:30.949920+00:00,0.0001265570292911392,False
2025-05-31 14:00:44.410176+00:00,0.00028733793090643617,False
2025-05-31 20:37:02.345952+00:00,-0.00018455461307139787,False
2025-06-01 03:13:20.276544+00:00,-1.6148203001745522e-05,False
2025-06-01 11:28:42.431232+00:00,-0.014993162595044534,False
2025-06-01 14:46:51.355488+00:00,-0.00014712939860301406,False
2025-06-01 18:05:00.279744+00:00,4.3709635131087e-05,False
2025-06-01 21:23:09.483936+00:00,0.012878596214698754,False
2025-06-02 03:59:27.373920+00:00,-0.00040128281118470815,False
2025-06-02 08:56:40.785792+00:00,1.2201353942202032e-05,False
2025-06-02 20:30:12.037536+00:00,-0.0004968253949644641,False
2025-06-03 03:06:29.893824+00:00,7.919601297568901e-05,False
2025-06-03 09:42:47.726784+00:00,-0.0013039409936485991,False
2025-06-03 14:40:01.078176+00:00,-0.0016432552376534214,False
2025-06-03 17:58:09.992928+00:00,0.00021816746062086687,False
2025-06-04 03:52:36.824448+00:00,0.004495575439654507,False
2025-06-04 08:49:50.196576+00:00,-0.00015006712727544847,False
2025-06-04 20:23:21.357600+00:00,-0.001746780910413241,False
2025-06-05 02:59:39.164640+00:00,-0.00014016327148181967,False
2025-06-05 14:33:10.343808+00:00,0.0009113092544917865,False
2025-06-05 16:12:14.785632+00:00,8.352965069346492e-05,False
2025-06-05 17:51:19.235232+00:00,1.524562385920821e-05,False
2025-06-06 00:27:37.035360+00:00,9.76566852064762e-05,False
2025-06-06 03:45:45.926784+00:00,-0.0002514821383074298,False
2025-06-06 13:40:12.602784+00:00,-0.0007567170735632461,False
2025-06-06 20:16:30.377856+00:00,0.0002365032405226827,False
2025-06-07 09:29:05.939232+00:00,-0.00024677017634551317,False
2025-06-07 21:02:37.023360+00:00,-0.0002700321863149339,False
2025-06-08 03:38:54.780288+00:00,-0.000835327509244235,False
2025-06-08 16:51:30.313152+00:00,0.00032774428995469853,False
2025-06-09 17:37:36.860160+00:00,-0.0005637200682498725,False
2025-06-10 13:26:30.099840+00:00,0.0007848027961178999,False
2025-06-10 20:02:47.835168+00:00,-8.844667870574487e-05,False
2025-06-11 09:15:23.298048+00:00,-0.0004092379234642955,False
2025-06-11 14:12:36.596736+00:00,0.00029105279838256154,False
2025-06-11 17:30:45.463104+00:00,0.0001434793266873304,False
2025-06-12 01:46:07.616928+00:00,-3.3635549503307615e-05,False
2025-06-12 13:19:38.624160+00:00,-0.00046395417743162986,False
2025-06-12 18:16:51.909888+00:00,0.00012697596530612007,False
2025-06-12 21:35:00.761568+00:00,-0.00016818009112557,False
2025-06-13 04:11:18.372480+00:00,-0.00556715572324242,False
2025-06-13 14:05:44.962944+00:00,0.0027857898579888712,False
2025-06-13 20:42:02.663712+00:00,0.0004712705002650078,False
2025-06-14 01:39:15.934752+00:00,0.0003054250936288769,False
2025-06-14 09:54:38.106720+00:00,0.002435836383039673,False
2025-06-14 13:12:46.957536+00:00,0.00048048254074475546,False
2025-06-14 16:30:55.806624+00:00,0.00019265137640159095,False
2025-06-14 21:28:09.069888+00:00,-0.00014957404970191075,False
2025-06-15 04:04:26.767200+00:00,0.00034336626479404217,False
2025-06-15 09:01:40.032192+00:00,8.700379264185828e-05,False
2025-06-15 20:35:10.975488+00:00,-5.064295091633574e-06,False
2025-06-16 01:32:24.243936+00:00,0.0002580268737495551,False
2025-06-16 09:47:46.350240+00:00,0.00025142910180286904,False
2025-06-16 18:03:08.441856+00:00,-0.000313922675653023,False
2025-06-16 21:21:17.280576+00:00,-9.080284527558197e-05,False
2025-06-17 03:57:34.961472+00:00,-0.0002602655999884739,False
2025-06-17 08:54:48.218688+00:00,-2.5107899904420962e-05,False
2025-06-17 20:28:19.152480+00:00,1.2816268049197551e-05,False
2025-06-18 01:25:32.407968+00:00,-5.117672790728978e-05,False
2025-06-18 09:40:54.502176+00:00,-0.00014891688787303217,False
2025-06-18 16:17:12.176160+00:00,4.6665564231749526e-05,False
2025-06-19 02:11:38.688864+00:00,0.00015185238077072404,False
2025-06-19 08:47:56.365440+00:00,-0.00020321515198481078,False
2025-06-19 13:45:09.624384+00:00,0.00029301753665535374,False
2025-06-20 09:34:02.650656+00:00,0.00020529378247804942,False
2025-06-21 02:04:46.854624+00:00,0.0006041929325680587,False
2025-06-21 20:14:35.482272+00:00,-0.00022698783533228436,False
2025-06-22 14:24:24.109920+00:00,-5.4203334425005764e-05,False
2025-06-23 03:36:59.497632+00:00,6.817667816849779e-05,False
2025-06-23 20:07:43.727520+00:00,0.00014390377394687373,False
2025-06-24 01:04:56.994240+00:00,-0.00012454022553938624,False
2025-06-24 09:20:19.123008+00:00,-0.000189344276724885,False
2025-06-24 17:35:41.242272+00:00,2.1044002245104287e-05,False
2025-06-25 01:51:03.366720+00:00,1.4716293365331498e-06,False
2025-06-25 03:30:07.798176+00:00,0.0003488292157308834,False
2025-06-26 02:37:09.761664+00:00,-0.00048250118200364933,False
2025-06-26 17:28:49.599840+00:00,-8.078195521460797e-05,False
2025-06-27 01:44:11.738112+00:00,0.00010508482449315688,False
2025-06-27 09:59:33.876384+00:00,-1.9947940492970806e-06,False
2025-06-27 21:33:04.887936+00:00,0.0006019511287370014,False
2025-06-28 00:51:13.748256+00:00,1.3895736582269017e-07,False
2025-06-28 14:03:49.196448+00:00,0.00031518657892523876,False
2025-06-28 17:21:58.062816+00:00,0.00018263070682999008,False
2025-06-29 03:16:24.660192+00:00,9.454846824317011e-05,False
2025-06-29 13:10:51.261888+00:00,0.0002086080085877078,False
2025-06-29 14:49:55.698528+00:00,9.332131739333955e-05,False
2025-06-29 16:29:00.132576+00:00,6.065054902404003e-05,False
2025-06-30 02:23:26.737728+00:00,-4.3501403835748196e-05,False
2025-06-30 20:33:15.528672+00:00,-0.00024991116472370084,False
2025-07-01 03:09:33.271776+00:00,-0.0007289844181817858,False
2025-07-01 13:03:59.898528+00:00,0.0003845901790054401,False
2025-07-01 14:43:04.336032+00:00,-1.924309045273049e-05,False
2025-07-01 18:01:13.213632+00:00,8.192706912048649e-05,False
2025-07-01 21:19:22.090368+00:00,-0.0001376585120917679,False
2025-07-02 03:55:39.850752+00:00,0.0002626905750743937,False
2025-07-02 08:52:53.173632+00:00,0.00012992101509883122,False
2025-07-02 13:50:06.490464+00:00,-0.0003137715900869505,False
2025-07-02 20:26:24.256896+00:00,0.00013454807335620724,False
2025-07-03 01:23:37.578912+00:00,-1.5683973982105043e-05,False
2025-07-03 12:57:08.676864+00:00,-2.1165950285377045e-05,False
2025-07-03 14:36:13.122144+00:00,0.00010324985253466442,False
2025-07-03 16:15:17.564832+00:00,6.971382785007899e-05,False
2025-07-04 03:48:48.675744+00:00,1.7545146749524095e-05,False
2025-07-04 13:43:15.350880+00:00,9.289229730748746e-05,False
2025-07-04 15:22:19.797888+00:00,4.404218823759811e-05,False
2025-07-04 20:19:33.138912+00:00,0.00010637353009979771,False
2025-07-05 04:34:55.367904+00:00,-0.0005285596509793378,False
2025-07-05 12:50:17.611584+00:00,0.00037759825634884323,False
2025-07-05 14:29:22.058592+00:00,-4.4974019843452084e-05,False
2025-07-05 17:47:30.956064+00:00,9.961820335704338e-05,False
2025-07-06 03:41:57.656256+00:00,7.498791192592517e-05,False
2025-07-06 13:36:24.359904+00:00,0.000259974284819968,False
2025-07-06 16:54:33.262560+00:00,7.791156416030301e-05,False
2025-07-07 02:48:59.978304+00:00,0.00035247708046836506,False
2025-07-07 14:22:31.143648+00:00,-0.00011086400914140423,False
2025-07-07 20:58:48.959328+00:00,0.00021802651278939815,False
2025-07-08 03:35:06.776736+00:00,-0.00015199015886662988,False
2025-07-08 10:11:24.598464+00:00,7.222040809864386e-05,False
2025-07-08 13:29:33.510624+00:00,3.393315845060305e-05,False
2025-07-08 20:05:51.336672+00:00,0.00015446119198584286,False
2025-07-09 20:51:58.204224+00:00,7.295714677932894e-05,False
2025-07-10 03:28:16.035456+00:00,-0.00023555977349102425,False
2025-07-10 13:22:42.803040+00:00,5.7481726109843544e-05,False
2025-07-10 16:40:51.723840+00:00,-2.759068020510746e-05,False
2025-07-11 04:14:22.949664+00:00,-0.0002454664217885101,False
2025-07-11 20:45:07.576128+00:00,-4.794049181832804e-05,False
2025-07-12 03:21:25.435872+00:00,0.00014786911623054756,False
2025-07-12 09:57:43.294752+00:00,-0.0002101131570375435,False
2025-07-12 21:31:14.553408+00:00,0.00024143543323974933,False
2025-07-13 02:28:27.956640+00:00,0.0001365295535603577,False
2025-07-13 09:04:45.826752+00:00,-5.2938465574287334e-05,False
2025-07-13 14:01:59.226528+00:00,-5.957879544566996e-05,False
2025-07-13 20:38:17.101824+00:00,0.0004728099587675038,False
2025-07-14 04:53:39.453504+00:00,0.00010330297226347036,False
2025-07-14 09:50:52.864512+00:00,0.00013126437106012362,False
2025-07-14 14:48:06.274656+00:00,-5.9831247705328515e-05,False
2025-07-14 18:06:15.216192+00:00,9.733232058860118e-05,False
2025-07-15 04:00:42.042528+00:00,-0.00014902498576123923,False
2025-07-15 08:57:55.459584+00:00,0.0002496864913767388,False
2025-07-15 13:55:08.876640+00:00,0.00013120328133483757,False
2025-07-15 20:31:26.773536+00:00,0.000675151532954784,False
2025-07-16 04:46:49.145952+00:00,0.00011965246059376315,False
2025-07-16 09:44:02.569920+00:00,0.0002482957861661447,False
2025-07-16 14:41:15.987840+00:00,-4.020551349607853e-05,False
2025-07-16 17:59:24.939744+00:00,0.000257451498717195,False
2025-07-17 03:53:51.792864+00:00,-0.00022326470594573778,False
2025-07-17 15:27:23.128416+00:00,0.0008392014665536869,False
2025-07-18 03:00:54.470880+00:00,0.0006494361330249394,False
2025-07-18 12:55:21.344736+00:00,0.00010866915098101245,False
2025-07-18 14:34:25.824576+00:00,9.988520470238799e-05,False
2025-07-19 03:47:01.656384+00:00,0.0006673657428495408,False
2025-07-19 20:17:46.460832+00:00,0.0002846373958634717,False
2025-07-20 02:54:04.384512+00:00,0.00026806351992406466,False
2025-07-20 09:30:22.310784+00:00,0.0002296085306465142,False
2025-07-20 21:03:53.676576+00:00,5.788297295985481e-05,False
2025-07-21 03:40:11.608032+00:00,-8.253645012550189e-05,False
2025-07-21 08:37:25.054464+00:00,9.15107661452629e-05,False
2025-07-21 15:13:42.985056+00:00,-0.00019580982187475914,False
2025-07-21 20:10:56.431488+00:00,0.0001245758260993733,False
2025-07-22 02:47:14.357760+00:00,-3.564002549920819e-05,False
2025-07-22 14:20:45.729600+00:00,-0.0010074449310272559,False
2025-07-22 17:38:54.692736+00:00,7.416414937132178e-05,False
2025-07-23 03:33:21.575232+00:00,-0.0005047933229921251,False
2025-07-23 10:09:39.499776+00:00,0.0002290588115215922,False
2025-07-23 15:06:52.942752+00:00,-1.1470225653002113e-05,False
2025-07-23 16:45:57.423456+00:00,0.00012526103456115992,False
2025-07-24 02:40:24.298176+00:00,0.00033721469146639235,False
2025-07-24 14:13:55.663968+00:00,0.0005182263229797696,False
2025-07-24 15:53:00.144672+00:00,0.000125247819940891,False
2025-07-25 01:47:27.016800+00:00,0.0003670149681749969,False
2025-07-25 10:02:49.426368+00:00,0.0003018741761560452,False
2025-07-26 04:12:38.671776+00:00,-0.0010270320186596352,False
2025-07-26 12:28:01.056288+00:00,-0.0003281745614549783,False
2025-07-26 17:25:14.485440+00:00,2.2915877981856143e-05,False
2025-07-27 03:19:41.331648+00:00,-0.0003236802937797,False
2025-07-27 13:14:08.191680+00:00,-0.00016470377767203634,False
2025-07-27 14:53:12.666336+00:00,-5.809683286302515e-05,False
2025-07-27 16:32:17.135808+00:00,-0.00025273128167746474,False
2025-07-28 02:26:43.978560+00:00,-0.0001600105527439842,False
2025-07-28 09:03:01.884096+00:00,5.113947585663433e-05,False
2025-07-28 14:00:15.300288+00:00,-0.0002411075753344183,False
2025-07-28 20:36:33.186816+00:00,-0.00025319118704749744,False
2025-07-29 03:12:51.074208+00:00,-0.00013035862428582292,False
2025-07-29 13:07:17.904000+00:00,-0.0005393541327855507,False
2025-07-29 16:25:26.847264+00:00,6.2955579171314e-05,False
2025-07-30 03:58:58.131840+00:00,-0.00017873331194667458,False
2025-07-30 08:56:11.538528+00:00,-0.0003793810509444064,False
2025-07-30 13:53:24.948672+00:00,-0.00021095174188990142,False
2025-07-30 20:29:42.815328+00:00,-0.00030587853139024093,False
2025-07-31 03:06:00.687168+00:00,3.488739792526668e-05,False
2025-07-31 09:42:18.560736+00:00,0.00010905775500116746,False
2025-07-31 14:39:31.963968+00:00,-0.00037537386954982356,False
2025-07-31 17:57:40.899456+00:00,0.0001978875795972582,False
2025-08-01 03:52:07.696416+00:00,0.00030070850459965634,False
2025-08-02 02:59:10.215456+00:00,0.0008856341720904701,False
2025-08-03 03:45:17.132256+00:00,-0.00020618916041055839,False
2025-08-03 13:39:43.898976+00:00,0.00020755595948989541,False
2025-08-03 20:16:01.731072+00:00,0.0002671278192344429,False
2025-08-04 02:52:19.563168+00:00,0.0001768335099633472,False
2025-08-04 14:25:50.747520+00:00,-0.0011350562600377582,False
2025-08-04 21:02:08.569248+00:00,0.0005773113672700567,False
2025-08-05 03:38:26.368512+00:00,-0.00036106773433539367,False
2025-08-05 10:14:44.178144+00:00,0.0001900308875520775,False
2025-08-06 20:55:17.580000+00:00,-0.0007462811161820619,False
2025-08-07 13:26:01.999968+00:00,-0.00030333187489543995,False
2025-08-07 15:05:06.441792+00:00,1.2469903433718358e-05,False
2025-08-08 02:38:37.523328+00:00,-0.0005936784420392627,False
2025-08-08 09:14:55.288896+00:00,0.0007060611311403346,False
2025-08-08 14:12:08.591040+00:00,-0.0004965595144444449,False
2025-08-08 20:48:26.321184+00:00,-0.0014847356461603063,False
2025-08-09 01:45:39.616416+00:00,-4.2315776563963325e-05,False
2025-08-09 13:19:10.631424+00:00,-0.00026588688636832456,False
2025-08-09 16:37:19.490880+00:00,0.00023997207454363014,False
2025-08-10 00:52:41.624832+00:00,4.4520382948808664e-05,False
2025-08-10 09:08:03.777792+00:00,0.0009521438906466176,False
2025-08-10 14:05:17.052288+00:00,0.00029729946172351077,False
2025-08-10 17:23:25.899648+00:00,0.0002149505118353484,False
2025-08-10 23:59:43.579680+00:00,-0.00012477546206429344,False
2025-08-11 09:54:10.107936+00:00,0.0005166490273581723,False
2025-08-11 14:51:23.366016+00:00,3.582345790024825e-05,False
2025-08-11 16:30:27.781920+00:00,2.985752413084381e-05,False
2025-08-11 21:27:41.031360+00:00,0.0009295815215579329,False
2025-08-12 09:01:11.936640+00:00,-0.0006591851129545581,False
2025-08-12 13:58:25.171392+00:00,0.00021482865337889322,False
2025-08-12 17:16:33.990240+00:00,3.2886690914223386e-05,False
2025-08-13 03:11:00.452832+00:00,0.0009885442861899511,False
2025-08-13 09:47:18.068928+00:00,-0.00111863957352787,False
2025-08-13 14:44:31.301952+00:00,0.0008270456446911809,False
2025-08-13 21:20:48.912864+00:00,-0.0003050070850083629,False
2025-08-14 02:18:02.119104+00:00,-6.300679500723582e-06,False
2025-08-14 13:51:32.918112+00:00,-0.0009410863928960109,False
2025-08-14 22:06:54.896544+00:00,-0.0001389560285880128,False
2025-08-15 03:04:08.080320+00:00,-0.00017416045859667444,False
2025-08-15 09:40:25.656672+00:00,-0.00018071292783268804,False
2025-08-15 21:13:56.394336+00:00,-4.539015442826507e-05,False
2025-08-16 08:47:27.119904+00:00,-0.00038278003949789637,False
2025-08-17 02:57:15.345792+00:00,-0.0006981957095796745,False
2025-08-17 09:33:32.878080+00:00,-0.00041907185404153457,False
2025-08-17 14:30:46.016928+00:00,-8.482418936893069e-05,False
2025-08-17 21:07:03.523296+00:00,1.3547386106335527e-06,False
2025-08-18 02:04:16.651776+00:00,-0.0001569010827932224,False
2025-08-18 08:40:34.160736+00:00,-0.0003375512159503239,False
2025-08-18 13:37:47.280576+00:00,-0.0002515294017992612,False
2025-08-18 20:14:04.753248+00:00,-0.00032259595587546283,False
2025-08-19 02:50:22.219008+00:00,-0.00041994680162131385,False
2025-08-19 14:23:52.786464+00:00,-0.00013222325299084127,False
2025-08-19 17:42:01.511136+00:00,-3.958415304974877e-05,False
2025-08-20 03:36:27.662688+00:00,-0.000710617456015151,False
2025-08-20 08:33:40.736736+00:00,1.862364415789093e-05,False
2025-08-20 13:30:53.812512+00:00,0.0003944728782501875,False
2025-08-20 20:07:11.235936+00:00,-8.593719930767628e-05,False
2025-08-22 01:50:29.518656+00:00,-0.0003609677732135598,False
2025-08-23 02:36:34.604640+00:00,6.559789244540981e-05,False
2025-08-23 20:46:22.250784+00:00,-0.00028079938206681913,False
2025-08-24 13:17:05.494848+00:00,-0.0007995759367954427,False
2025-08-24 16:35:14.140032+00:00,0.00017633966620916007,False
2025-08-25 04:08:44.367936+00:00,-0.0004928617014813654,False
2025-08-25 15:42:14.563872+00:00,0.0009089631717425352,False
2025-08-26 11:31:06.254400+00:00,0.000595020929764269,False
2025-08-26 16:28:19.169472+00:00,0.0008021512689604709,False
2025-08-27 02:22:44.967648+00:00,0.0003475774330492713,False
2025-08-27 13:56:15.040032+00:00,0.000946774531082641,False
2025-08-27 20:32:32.199936+00:00,-2.184558751498495e-05,False
2025-08-28 11:24:10.783584+00:00,0.0017633098913807013,False
2025-08-28 14:42:19.350144+00:00,0.0004908377790706676,False
2025-08-29 02:15:49.295520+00:00,0.0003207134390477424,False
2025-08-29 17:07:27.765984+00:00,0.002443908838457927,False
2025-08-30 03:01:53.358528+00:00,0.0002639650096390952,False
2025-08-30 21:11:40.170912+00:00,0.00019082232738882633,False
2025-08-31 02:08:52.914048+00:00,0.0006167703087337248,False
2025-08-31 13:42:22.643424+00:00,-0.000983380631255755,False
2025-08-31 20:18:39.587328+00:00,-0.0011064422668881236,False
2025-09-01 02:54:56.511360+00:00,-0.0005692554508059452,False
2025-09-01 12:49:21.931104+00:00,-0.0012950742452701013,False
2025-09-01 21:04:43.042080+00:00,-0.000625363033527844,False
2025-09-02 00:22:51.483360+00:00,-6.594319437640554e-05,False
2025-09-02 08:38:12.545088+00:00,-0.001886338457680171,False
2025-09-02 20:11:42.043776+00:00,0.0012399272199394885,False
2025-09-03 01:08:54.660768+00:00,4.870439357288815e-05,False
2025-09-03 17:39:36.703008+00:00,0.0012969959218178109,False
2025-09-04 03:34:01.879104+00:00,0.0018420907881686235,False
2025-09-04 16:46:35.400576+00:00,-0.0014044169313850003,False
2025-09-05 02:41:00.481632+00:00,0.000992033131454034,False
2025-09-05 14:14:29.739264+00:00,-0.0009529149412917355,False
2025-09-05 17:32:38.087232+00:00,-0.0001227082753074869,False
2025-09-06 03:27:03.100896+00:00,0.000532461488425386,False
2025-09-06 19:57:44.706816+00:00,-0.0022936465363655226,False
2025-09-07 02:34:01.333632+00:00,0.0001270360687238765,False
2025-09-07 20:43:47.045280+00:00,0.0020407584196018643,False
2025-09-08 03:20:03.634944+00:00,-0.0003108536146594459,False
2025-09-08 13:14:28.504320+00:00,-0.00020783725662798188,False
2025-09-08 21:29:49.219584+00:00,0.0010933113966868342,False
2025-09-09 02:27:01.633536+00:00,-0.00014119441615820314,False
2025-09-09 17:18:38.844288+00:00,-0.00012633894389895827,False
2025-09-10 01:33:59.497344+00:00,0.0003785235898713566,False
2025-09-10 09:49:20.119296+00:00,-0.001191354140154676,False
2025-09-10 16:25:36.624288+00:00,0.0005741037657763062,False
2025-09-10 21:22:48.994176+00:00,0.00040779853285521624,False
2025-09-11 17:11:38.395104+00:00,-0.0013569222709804468,False
2025-09-12 13:00:27.728640+00:00,-1.8998870477972794e-05,False
2025-09-12 21:15:48.265920+00:00,0.0007311403088026143,False
2025-09-13 20:22:45.676992+00:00,-0.001197939928301953,False
2025-09-14 01:19:57.963072+00:00,-0.00011029579714941153,False
2025-09-14 14:32:30.712992+00:00,-0.0003385382198646972,False
2025-09-15 03:45:03.333312+00:00,-0.00493586809508373,False
2025-09-15 13:39:27.914112+00:00,0.004522406515787588,False
2025-09-15 16:57:36.074592+00:00,0.00024781711599836543,False
2025-09-16 01:12:56.472768+00:00,0.00047362590201326473,False
2025-09-16 14:25:29.087904+00:00,0.0012537297521098664,False
2025-09-17 00:19:53.532192+00:00,0.0007897633596887698,False
2025-09-17 18:29:38.289120+00:00,0.0010506888981858821,False
2025-09-18 01:05:54.545280+00:00,0.0004226837283114978,False
2025-09-18 22:33:47.331360+00:00,0.0011221591033778325,False
2025-09-19 00:12:51.386976+00:00,5.320143405645214e-05,False
2025-09-19 13:25:23.818080+00:00,0.0006287748140260431,False
2025-09-19 18:22:35.984928+00:00,0.0009464938964401757,False
2025-09-20 02:37:56.234496+00:00,-0.0003497401920657733,False
2025-09-20 17:29:32.639136+00:00,8.089178058251229e-05,False
2025-09-21 03:23:56.902848+00:00,-0.0010225497948000528,False
2025-09-21 13:18:21.123360+00:00,0.0007379393922151106,False
2025-09-22 02:30:53.378208+00:00,-0.0011225357009095618,False
2025-09-22 09:07:09.515136+00:00,0.0009510230350816046,False
2025-09-22 17:22:29.632512+00:00,0.0005253120771324224,False
2025-09-23 01:37:49.724832+00:00,-0.002477267992591945,False
2025-09-23 14:50:21.871680+00:00,0.001471338498449857,False
2025-09-24 17:15:26.035776+00:00,0.001271692473136887,False
2025-09-25 03:09:50.035968+00:00,-0.001113579616752299,False
2025-09-25 16:22:22.010016+00:00,8.444006744803487e-05,False
2025-09-26 02:16:45.942816+00:00,-0.0008228034735802705,False
2025-09-26 17:08:21.842880+00:00,-7.490994456864353e-05,False
2025-09-27 03:02:45.711744+00:00,-0.00036707184195312924,False
2025-09-27 12:57:09.590112+00:00,-0.0014280523705816751,False
2025-09-27 17:54:21.515904+00:00,-7.423402188557501e-05,False
2025-09-28 02:09:41.359392+00:00,0.00031686070125112615,False
2025-09-28 17:01:17.054688+00:00,-0.0016856685720806341,False
2025-09-29 02:55:40.813824+00:00,0.0008427327546985087,False
2025-09-29 17:47:16.406304+00:00,-0.0008652120072999772,False
2025-09-30 02:02:36.179808+00:00,0.003112781535472403,False
2025-09-30 02:02:36.180672+00:00,9.639267651552138e-11,False
2025-09-30 15:15:07.651008+00:00,-0.0032965341922811,False
2025-10-01 02:48:35.220384+00:00,0.0028405308134478186,False
2025-10-01 09:24:50.940864+00:00,-0.001117505898059906,False
2025-10-01 14:22:02.712864+00:00,-0.001359041351667424,False
2025-10-01 22:37:22.342944+00:00,0.0011955376509972184,False
2025-10-02 03:34:34.113216+00:00,0.0012032504396867366,False
2025-10-02 13:28:57.628704+00:00,-0.001097447465977599,False
2025-10-02 16:47:05.457408+00:00,-2.0300279800979266e-05,False
2025-10-03 02:41:28.951296+00:00,0.00096337753304916,False
2025-10-03 14:14:56.355648+00:00,0.0005509787360851335,False
2025-10-04 19:58:06.642048+00:00,0.005999277023717458,False
2025-10-05 02:34:22.243296+00:00,0.0004987286717007366,False
2025-10-06 03:20:20.707584+00:00,0.0019020321632270375,False
2025-10-06 09:56:36.292416+00:00,-8.45109673755656e-05,False
2025-10-06 21:30:03.523968+00:00,-0.0006452195980502246,False
2025-10-07 02:27:15.180192+00:00,-0.00046244228972609606,False
2025-10-07 14:00:42.407424+00:00,-7.101022109723496e-05,False
2025-10-07 20:36:57.926592+00:00,-0.0008491262655759722,False
2025-10-07 20:36:57.927456+00:00,5.1276059073636344e-11,False
2025-10-08 03:13:13.456128+00:00,-0.00016175520032523792,False
2025-10-08 09:49:29.004672+00:00,0.0006920295935539502,False
2025-10-08 14:46:40.653120+00:00,-0.00022900775345565218,False
2025-10-08 21:22:56.173152+00:00,8.338200871606206e-05,False
2025-10-09 02:20:07.812960+00:00,-0.00020803480055120785,False
2025-10-09 02:20:07.813824+00:00,3.670152919721086e-11,False
2025-10-09 08:56:23.351136+00:00,0.0004932789967307691,False
2025-10-10 04:45:09.887040+00:00,-0.0015005401389023678,False
2025-10-10 04:45:09.887904+00:00,-3.2494726173314873e-06,False
2025-10-10 11:21:25.396704+00:00,0.00012037228770993367,False
2025-10-10 16:18:37.024416+00:00,-0.00018252597329822934,False
2025-10-10 22:54:52.521984+00:00,-0.0002010887702199684,False
2025-10-11 03:52:04.156608+00:00,-0.00041163963084267096,False
2025-10-11 03:52:04.157472+00:00,4.52609206058001e-11,False
2025-10-11 20:22:42.883680+00:00,-0.0001130402357279476,False
2025-10-12 02:58:58.372608+00:00,0.00019634422398932946,False
2025-10-12 21:08:40.927200+00:00,0.00029072341179496846,False
2025-10-13 02:05:52.536768+00:00,0.00036684203672696005,False
2025-10-13 13:39:19.605888+00:00,0.0017858104707156133,False
2025-10-13 20:15:35.091360+00:00,0.0005612077705839783,False
2025-10-14 02:51:50.588064+00:00,0.001292876164715625,False
2025-10-14 21:01:33.144384+00:00,0.0017488136872788294,False
2025-10-15 08:35:00.201408+00:00,0.0005672137463624185,False
2025-10-15 20:08:27.273984+00:00,-0.00011743939809101545,False
2025-10-15 20:08:27.274848+00:00,5.5036518379646534e-11,False
2025-10-16 02:44:42.712800+00:00,-0.00014599750643819252,False
2025-10-16 09:20:58.174944+00:00,0.0020820506317142393,False
2025-10-17 03:30:40.667328+00:00,-0.00022734474996473093,False
2025-10-17 13:25:03.827712+00:00,0.000444071826285418,False
2025-10-17 20:01:19.267392+00:00,-7.301481002901667e-05,False
2025-10-17 23:19:26.985504+00:00,0.0001899693981544029,False
2025-10-18 02:37:34.701024+00:00,7.646499405990323e-05,False
2025-10-18 20:47:17.143296+00:00,-0.00019120213260421202,False
2025-10-19 03:23:32.563104+00:00,0.0005849627407833189,False
2025-10-19 19:54:11.090592+00:00,-0.0005708094627409994,False
2025-10-20 02:30:26.492256+00:00,-3.160170081602611e-05,False
2025-10-20 14:03:53.455104+00:00,0.0001967147475640898,False
2025-10-20 20:40:08.862816+00:00,0.00012376137389435993,False
2025-10-21 14:49:51.183264+00:00,-0.0009075262785230324,False
2025-10-21 18:07:58.878048+00:00,-5.6264721176643674e-05,False
2025-10-21 21:26:06.577152+00:00,0.0004889385169029568,False
2025-10-22 02:23:18.113280+00:00,-0.00023154897034720215,False
2025-10-22 08:59:33.496800+00:00,0.00013970646472322547,False
2025-10-22 08:59:33.497664+00:00,4.0808264128793914e-11,False
2025-10-23 03:09:15.789600+00:00,-0.0006422364794576329,False
2025-10-23 13:03:38.849760+00:00,-0.0006821976046975135,False
2025-10-23 13:03:38.850624+00:00,4.035424019581977e-11,False
2025-10-24 02:16:09.595200+00:00,-0.0004176222597186974,False
2025-10-24 17:07:44.175936+00:00,0.00014739798623386114,False
2025-10-24 23:43:59.543904+00:00,9.290506354971096e-06,False
2025-10-25 03:02:07.223136+00:00,-0.0005229923267467681,False
2025-10-25 09:38:22.587648+00:00,5.7821061112147895e-05,False
2025-10-25 17:53:41.790048+00:00,0.0005731660221809745,False
2025-10-25 21:11:49.481376+00:00,0.0002695473768924535,False
2025-10-26 02:09:01.000224+00:00,-0.00019548864321743034,False
2025-10-26 15:21:31.724928+00:00,-0.0010046492105260066,False
2025-10-26 20:18:43.246368+00:00,-0.00041001433517930683,False
2025-10-27 02:54:58.591872+00:00,-0.0006188422068712503,False
2025-10-27 02:54:58.592736+00:00,3.6413640238461024e-11,False
2025-10-28 13:35:19.222944+00:00,-0.0014786648480287785,False
2025-10-29 02:47:49.915680+00:00,0.00014377583018356259,False
2025-10-29 12:42:12.948192+00:00,-0.0001611114841156727,False
2025-10-29 20:57:32.122944+00:00,0.0001252950979274631,False
2025-10-30 03:33:47.459808+00:00,-0.00033906764974234367,False
2025-10-31 02:40:41.136672+00:00,-0.0001909499657603295,False
2025-10-31 15:53:11.800032+00:00,0.0006035443198428455,False
2025-10-31 17:32:15.631008+00:00,2.1608774666788996e-05,False
2025-11-01 13:21:01.644192+00:00,0.0015771344967041093,False
2025-11-02 02:33:32.297184+00:00,9.407295164076679e-05,False
2025-11-02 09:09:47.633184+00:00,0.0004207922954868816,False
2025-11-03 13:13:52.752000+00:00,0.00033009719922121126,False
2025-11-03 13:13:52.752864+00:00,5.832246531088034e-11,False
2025-11-04 02:26:23.385120+00:00,0.00018463528945899393,False
2025-11-04 09:02:38.707296+00:00,0.0009995525187564218,False
2025-11-04 13:59:50.198496+00:00,0.0007148674901269535,False
2025-11-04 20:36:05.524128+00:00,0.000980161672335687,False
2025-11-05 01:33:17.005824+00:00,0.0005024757655334988,False
2025-11-05 14:45:47.632896+00:00,-0.00018826123789702663,False
2025-11-06 02:19:14.415168+00:00,-0.0007208181519137444,False
2025-11-06 13:52:41.175840+00:00,-0.00038012221307867806,False
2025-11-06 13:52:41.176704+00:00,7.917912074842039e-11,False
2025-11-07 03:05:11.785632+00:00,0.0036200529160465072,False
2025-11-07 03:05:11.786496+00:00,9.138586159663443e-11,False
2025-11-07 12:59:34.698912+00:00,-0.0009199752642675028,False
2025-11-08 02:12:05.275008+00:00,0.0022429800426844683,False
2025-11-08 02:12:05.275872+00:00,8.873488921979402e-11,False
2025-11-08 08:48:20.555712+00:00,0.0004889215771593544,False
2025-11-08 13:45:31.989024+00:00,-0.00024929192048514146,False
2025-11-10 20:14:37.961088+00:00,0.006936360819878758,False
2025-11-11 02:50:53.210688+00:00,0.0005319803116992485,False
2025-11-12 01:57:46.530720+00:00,0.0004540141295936457,False
2025-11-12 20:07:28.241184+00:00,-0.004482630594914458,False
2025-11-12 23:25:35.798592+00:00,-0.002980435629262838,False
2025-11-13 02:43:43.348224+00:00,-0.0009683555778742701,False
2025-11-13 09:19:58.451808+00:00,-0.0014857401557391262,False
2025-11-13 09:19:58.452672+00:00,8.891106353671333e-11,False
2025-11-14 03:29:40.012800+00:00,-0.0028247338326131107,False
2025-11-14 13:24:02.756736+00:00,0.0039230637133219,False
2025-11-15 09:12:48.051072+00:00,-0.003983426330021869,False
2025-11-15 14:09:59.346144+00:00,-0.0014999541306202205,False
2025-11-16 03:22:29.458272+00:00,-0.0015150349652665275,False
2025-11-16 09:58:44.501376+00:00,-0.002465520017050731,False
2025-11-16 13:16:52.029408+00:00,-3.7654554159940947e-05,False
2025-11-17 02:29:22.070688+00:00,-0.001889955902801609,False
2025-11-17 14:02:48.345792+00:00,-0.0011080818601898125,False
2025-11-17 14:02:48.346656+00:00,4.06572817594602e-11,False
2025-11-18 03:15:18.374976+00:00,0.00013204701988341581,False
2025-11-18 03:15:18.375840+00:00,3.8413298747458706e-11,False
2025-11-19 02:22:10.848288+00:00,-0.0013887154635531438,False
2025-11-19 13:55:37.063776+00:00,-0.0016618240855554474,False
2025-11-19 13:55:37.064640+00:00,3.438258874541122e-11,False
2025-11-19 20:31:52.051584+00:00,0.00022153647607363368,False
2025-11-20 03:08:07.024704+00:00,-0.0006270206581490082,False
2025-11-20 09:44:21.997824+00:00,-0.0008786371690428168,False
2025-11-20 09:44:21.998688+00:00,3.523649120973265e-11,False
2025-11-21 02:14:59.416800+00:00,-0.0006789861239387901,False
2025-11-21 13:48:25.566624+00:00,-0.0011655803254659283,False
2025-11-21 17:06:33.048000+00:00,9.361059134608022e-05,False
2025-11-22 01:21:51.736320+00:00,-7.933789357242424e-05,False
2025-11-22 03:00:55.461888+00:00,-0.0015541164938146182,False
2025-11-22 12:55:17.884416+00:00,0.0008317433939591542,False
2025-11-22 16:13:25.357152+00:00,8.434841890499661e-05,False
2025-11-23 02:07:47.759808+00:00,-0.00042158223088960343,False
2025-11-23 02:07:47.760672+00:00,3.859223418851205e-11,False
2025-11-23 16:59:21.346944+00:00,-0.0002522228878931911,False
2025-11-24 01:14:39.979104+00:00,-0.0019167596487458818,False
2025-11-24 02:53:43.715904+00:00,0.0005873352433645054,False
2025-11-24 02:53:43.716768+00:00,-3.2491779317692095e-06,False
2025-11-24 16:06:13.533408+00:00,-0.000301866460270818,False
2025-11-24 21:03:24.688512+00:00,-0.0013875796581799128,False
2025-11-25 02:00:35.852256+00:00,-0.00019333892249049332,False
2025-11-25 08:36:50.751072+00:00,4.045778642060814e-05,False
2025-11-25 16:52:09.352128+00:00,0.00018730355875980838,False
2025-11-26 01:07:27.942816+00:00,0.00015662481553869643,False
2025-11-26 02:46:31.662336+00:00,9.056785592667616e-05,False
2025-11-26 09:22:46.549056+00:00,0.000282732899468293,False
2025-11-26 17:38:05.124192+00:00,1.2475514178173852e-05,False
2025-11-27 01:53:23.695008+00:00,0.0005047286184045752,False
2025-11-27 20:03:04.536288+00:00,0.0009955200249753757,False
2025-11-28 02:39:19.360800+00:00,-0.0006440163122646808,False
2025-11-28 14:12:45.317952+00:00,0.0018908553119026286,False
2025-11-29 03:25:14.935872+00:00,4.550779279807954e-05,False
2025-11-29 03:25:14.936736+00:00,7.054734929002218e-11,False
2025-11-29 13:19:37.150176+00:00,0.0017649278283732666,False
2025-11-30 02:32:06.723168+00:00,5.6678679452797955e-05,False
2025-11-30 14:05:32.594784+00:00,0.0030889045304020413,False
2025-11-30 17:23:39.983712+00:00,0.0006201562371096732,False
2025-11-30 17:23:39.984576+00:00,7.148517553156529e-11,False
2025-12-01 03:18:02.115936+00:00,0.0001270554815658207,False
2025-12-01 14:51:27.936576+00:00,0.0016028560721038343,False
2025-12-01 14:51:27.937440+00:00,7.420465367064578e-11,False
2025-12-02 02:24:53.701920+00:00,-8.850934360664017e-05,False
2025-12-02 02:24:53.702784+00:00,-3.249098858920303e-06,False
2025-12-02 09:01:08.436576+00:00,-0.0007359527928692219,False
2025-12-02 15:37:23.134944+00:00,0.0006739943711315593,False
2025-12-02 17:16:26.812128+00:00,0.00023088543285629324,False
2025-12-03 03:10:48.857088+00:00,0.0007090487105616589,False
2025-12-03 03:10:48.857952+00:00,7.788684747956173e-11,False
2025-12-03 09:47:03.552000+00:00,-0.0007257991325154548,False
2025-12-03 16:23:18.220128+00:00,0.0006793118825649484,False
2025-12-04 02:17:40.164000+00:00,-0.0025842020500073224,False
2025-12-04 15:30:09.408672+00:00,0.0026767309472039468,False
2025-12-04 15:30:09.409536+00:00,1.0825610866847817e-10,False
2025-12-04 17:09:13.063392+00:00,0.00037106639004997797,False
2025-12-05 03:03:34.989120+00:00,0.0014691396552778957,False
2025-12-05 21:13:15.155616+00:00,0.004686423593355268,False
2025-12-06 02:10:26.086080+00:00,0.0005501079766733977,False
2025-12-06 15:22:55.183872+00:00,0.0001773310356092666,False
2025-12-06 20:20:06.082368+00:00,0.00031405486187737136,False
2025-12-07 02:56:20.621760+00:00,0.0016071416644180955,False
2025-12-07 16:08:49.646976+00:00,-1.9317417300409104e-05,False
2025-12-08 02:03:11.406816+00:00,0.0026824853236303457,False
2025-12-08 15:15:40.342176+00:00,-0.00423228595924297,False
2025-12-08 20:12:51.199200+00:00,0.004126736129167178,False
2025-12-09 02:49:05.648736+00:00,2.724202081850948e-05,False
2025-12-09 02:49:05.649600+00:00,5.7578168708828954e-11,False
2025-12-09 09:25:20.080128+00:00,-0.0030781208465341975,False
2025-12-09 09:25:20.080992+00:00,5.802840835806937e-11,False
2025-12-10 01:55:56.121024+00:00,0.0023153295722131697,False
2025-12-10 08:32:10.523040+00:00,-0.0008260579304472044,False
2025-12-10 20:05:35.676672+00:00,0.00022672428676946514,False
2025-12-11 02:41:50.044128+00:00,0.00025660079467674764,False
2025-12-11 14:15:15.147648+00:00,-0.0003822132320974261,False
2025-12-12 00:09:36.626688+00:00,-0.000653584714345198,False
2025-12-12 03:27:43.782336+00:00,-2.642359048659682e-05,False
2025-12-12 19:58:19.529472+00:00,-0.00036336557809581215,False
2025-12-13 02:34:33.798432+00:00,0.0004698239729818848,False
2025-12-13 15:47:02.325984+00:00,0.0005040687194137173,False
2025-12-14 00:02:20.128704+00:00,0.00031617271716969666,False
2025-12-14 03:20:27.242880+00:00,-0.00010497184309829813,False
2025-12-14 16:32:55.695264+00:00,0.0007865369369761716,False
2025-12-15 09:03:31.195296+00:00,0.0002156894152959398,False
2025-12-15 17:18:48.921120+00:00,5.254341497547385e-05,False
2025-12-16 03:13:10.165152+00:00,-0.00020245470981712969,False
2025-12-16 16:25:38.465472+00:00,-0.00063773167422573,False
2025-12-17 02:19:59.666304+00:00,0.0002170741380869898,False
2025-12-17 15:32:27.906144+00:00,0.00024124694721332348,False
2025-12-17 20:29:38.488416+00:00,0.00011817681283925012,False
2025-12-18 03:05:52.589760+00:00,0.0003350342620429766,False
2025-12-18 14:39:17.249184+00:00,0.0007892078731274489,False
2025-12-18 16:18:20.770848+00:00,0.00015459014340932757,False
2025-12-19 02:12:41.880960+00:00,0.00025189191620904826,False
2025-12-19 13:46:06.492000+00:00,0.0009703951150791109,False
2025-12-19 13:46:06.492864+00:00,3.438662409937169e-11,False
2025-12-20 02:58:34.595328+00:00,0.0008234393499985495,False
2025-12-20 09:34:48.633600+00:00,0.00021915827306639621,False
2025-12-20 09:34:48.634464+00:00,3.301056669519255e-11,False
2025-12-20 16:11:02.662368+00:00,0.0005249366964492487,False
2025-12-20 21:08:13.176384+00:00,-1.8153933452247275e-05,False
2025-12-21 02:05:23.685216+00:00,0.00018165827484324963,False
2025-12-21 08:41:37.689792+00:00,-0.0005532954430806992,False
2025-12-21 13:38:48.182208+00:00,0.00015146614324420876,False
2025-12-21 16:56:55.178016+00:00,0.0003046331754907079,False
2025-12-22 02:51:16.127424+00:00,-0.000628580388661564,False
2025-12-22 14:24:40.548384+00:00,0.00102991990043667,False
2025-12-22 21:00:54.500256+00:00,0.000145876749843128,False
2025-12-23 01:58:04.952064+00:00,0.0004964120996022896,False
2025-12-23 20:07:43.236768+00:00,0.0018303409740787818,False
2025-12-24 02:43:57.135072+00:00,0.0006911003138399803,False
2025-12-24 02:43:57.135936+00:00,5.2310031154912566e-11,False
2025-12-24 17:35:28.381632+00:00,0.0016595472928227794,False
2025-12-24 17:35:28.382496+00:00,5.035239445583422e-11,False
2025-12-25 15:03:13.421952+00:00,0.0010588796005633425,False
2025-12-25 16:42:16.883136+00:00,0.00022757792397138944,False
2025-12-26 02:36:37.622592+00:00,0.001549478232494587,False
2025-12-26 02:36:37.623456+00:00,5.566105851540809e-11,False
2025-12-26 14:10:01.795584+00:00,0.00024022282409219206,False
2025-12-26 14:10:01.796448+00:00,5.749340615887176e-11,False
2025-12-26 22:25:19.033248+00:00,-0.00020262328553798808,False
2025-12-27 01:43:25.923648+00:00,0.00027134680169714064,False
2025-12-27 01:43:25.924512+00:00,5.904146744570076e-11,False
2025-12-27 14:55:53.472288+00:00,0.0012250128623924337,False
2025-12-28 02:29:17.536416+00:00,0.0006244503759535486,False
2025-12-28 15:41:44.996928+00:00,0.001672874902243499,False
2025-12-28 17:20:48.426144+00:00,0.00024733856058294735,False
2025-12-29 03:15:08.959104+00:00,-0.0008591334110660074,False
2025-12-29 14:48:32.891040+00:00,0.001007032114009705,False
2025-12-29 16:27:36.308160+00:00,0.0002195480241097749,False
2025-12-30 02:21:56.795328+00:00,0.0003121360776676455,False
2025-12-30 13:55:20.659008+00:00,-0.00016225624927365028,False
2025-12-30 17:13:27.469920+00:00,0.00038570519293657413,False
2025-12-30 17:13:27.470784+00:00,6.802915351971236e-11,False
2025-12-31 03:07:47.856000+00:00,-0.0006264007283633055,False
2025-12-31 03:07:47.856864+00:00,5.6886443613601045e-11,False
2025-12-31 09:44:01.466592+00:00,-0.00010796771575140871,False
2025-12-31 14:41:11.640192+00:00,-0.00048706619723751926,False
2025-12-31 16:20:15.032256+00:00,7.195064163600668e-05,False
2026-01-01 02:14:35.377728+00:00,0.0019664472664470394,False
2026-01-01 13:47:59.065152+00:00,-0.0022866347868052963,False
2026-01-01 17:06:05.830272+00:00,0.00032797803165120307,False
2026-01-01 23:42:19.337184+00:00,0.0016665704120362435,False
2026-01-02 03:00:26.085888+00:00,6.73789492224759e-05,False
2026-01-02 14:33:49.710240+00:00,-0.00040616946232055473,False
2026-01-02 16:12:53.082432+00:00,0.00022954073963127845,False
2026-01-03 02:07:13.273248+00:00,0.0008707689657956419,False
2026-01-03 15:19:40.160064+00:00,0.0015576197010566044,False
2026-01-03 23:34:56.934624+00:00,0.0009983342321677681,False
2026-01-04 02:53:03.640128+00:00,0.00017679984116688154,False
2026-01-04 02:53:03.640992+00:00,5.042234643669694e-11,False
2026-01-04 14:26:27.113280+00:00,0.0006929854396250821,False
2026-01-04 16:05:30.458688+00:00,-2.6945367321948147e-05,False
2026-01-04 21:02:40.490592+00:00,0.0012606466378130923,False
2026-01-05 01:59:50.519904+00:00,0.00012990950599001128,False
2026-01-05 01:59:50.520768+00:00,5.32374373546852e-11,False
2026-01-05 08:36:03.877344+00:00,-0.0004033139184754578,False
2026-01-05 15:12:17.213184+00:00,-0.0005238700754842116,False
2026-01-06 02:45:40.561056+00:00,0.0015905891541334845,False
2026-01-06 02:45:40.561920+00:00,4.352528392399672e-11,False
2026-01-06 14:19:03.875232+00:00,-0.0001979473532535904,False
2026-01-06 20:55:17.172192+00:00,0.0009356575853131713,False
2026-01-07 01:52:27.147072+00:00,6.871858560636445e-05,False
2026-01-07 08:28:40.450080+00:00,-0.00014284357817121384,False
2026-01-07 20:02:03.683040+00:00,-0.0006040563009448857,False
2026-01-07 21:41:06.992160+00:00,0.001102915074350464,False
2026-01-08 02:38:16.939392+00:00,0.0001083176655738323,False
2026-01-08 09:14:30.186240+00:00,-0.0016318305720157793,False
2026-01-08 14:11:40.110144+00:00,-0.000500768740909742,False
2026-01-09 00:05:59.970048+00:00,0.0026653162166339044,False
2026-01-09 03:24:06.583104+00:00,-1.544645368464564e-05,False
2026-01-09 14:57:29.702880+00:00,-0.0013124604848632415,False
2026-01-09 16:36:33.012864+00:00,0.0010388012276099704,False
2026-01-10 20:40:29.078688+00:00,-0.00021055660766555045,False
2026-01-11 03:16:42.244320+00:00,0.00020369275779516267,False
2026-01-11 13:11:01.981536+00:00,0.00036756175732065364,False
2026-01-11 19:47:15.129888+00:00,0.0002446250626403541,False
2026-01-12 02:23:28.271328+00:00,-0.00019367822686171244,False
2026-01-12 20:33:04.377888+00:00,0.00158046676018998,False
2026-01-12 20:33:04.378752+00:00,3.4967732076098464e-11,False
2026-01-13 03:09:17.508960+00:00,0.0011538286254765742,False
2026-01-13 03:09:17.509824+00:00,3.725000002600211e-11,False
2026-01-13 09:45:30.615840+00:00,-0.00010244675530677065,False
2026-01-13 13:03:37.174464+00:00,0.0007190384314721726,False
2026-01-13 16:21:43.727040+00:00,0.00011604816096972485,False
2026-01-14 02:16:03.377856+00:00,0.0004961184916327612,False
2026-01-14 17:07:32.817792+00:00,0.0008503923183899552,False
2026-01-14 17:07:32.818656+00:00,-3.248917112240097e-06,False
2026-01-15 03:01:52.425408+00:00,0.00023664835896359377,False
2026-01-15 04:40:55.688736+00:00,-0.0004260041603122309,False
2026-01-15 14:35:15.289440+00:00,0.0009504763618398268,False
2026-01-15 16:14:18.555360+00:00,0.00016159729042019086,False
2026-01-16 02:08:38.136192+00:00,0.0004654453383968688,False
2026-01-16 13:42:00.953568+00:00,0.0006140013971141418,False
2026-01-16 23:36:20.498112+00:00,-0.00010207536574117961,False
2026-01-17 02:54:27.010080+00:00,0.0004075722777122984,False
2026-01-17 14:27:49.800672+00:00,0.002154685814011883,False
2026-01-17 16:06:53.054496+00:00,0.0002445689473155736,False
2026-01-18 15:13:38.557920+00:00,0.002326559868372999,False
2026-01-18 23:28:54.789888+00:00,0.002297642824399508,False
2026-01-19 02:47:01.274208+00:00,0.0007008895986269528,False
2026-01-19 14:20:23.974944+00:00,0.0009969978268759417,False
2026-01-19 17:38:30.458400+00:00,0.00041437194329364954,False
2026-01-20 01:53:46.645440+00:00,-0.002071859675333397,False
2026-01-20 16:45:15.573024+00:00,-0.002391561259729765,False
2026-01-21 09:15:47.784672+00:00,0.0041212152705603616,False
2026-01-22 01:46:19.898688+00:00,0.0013001957012816461,False
2026-01-22 14:58:45.570720+00:00,0.002629074849258277,False
2026-01-23 09:08:20.796864+00:00,0.0002894177807618208,False
2026-01-23 20:41:43.173600+00:00,-0.0013020947849019951,False
2026-01-24 13:12:15.099264+00:00,0.003548102614873757,False
2026-01-25 02:24:40.582080+00:00,-0.001497651746777122,False
2026-01-25 13:58:02.868096+00:00,0.00045283910665225345,False
2026-01-25 20:34:15.587904+00:00,-0.0006584366962174087,False
2026-01-26 03:10:28.298208+00:00,-8.474059090781793e-05,False
2026-01-26 09:46:41.009376+00:00,0.0007521677482634642,False
2026-01-26 14:43:50.533248+00:00,-0.000606316661224346,False
2026-01-27 00:38:09.558528+00:00,-0.0003921483590768331,False
2026-01-27 13:50:34.920384+00:00,-0.0011492203740542765,False
2026-01-28 22:51:38.242080+00:00,-0.00034973895695407636,False
2026-01-29 08:45:57.201696+00:00,6.612144477593758e-05,False
2026-01-30 02:55:31.931040+00:00,-0.0005210188992548939,False
2026-01-30 16:07:57.177984+00:00,0.0012152564716200872,False
2026-01-31 02:02:16.094400+00:00,0.00037895513163040367,False
2026-01-31 16:53:44.450880+00:00,-9.32956487272223e-05,False
2026-01-31 16:53:44.451744+00:00,3.7005066820287534e-11,False
2026-02-01 02:48:03.343104+00:00,0.00041616152521394673,False
2026-02-01 09:24:15.939360+00:00,-0.00010002403416465504,False
2026-02-01 17:39:31.669344+00:00,0.00020364793160565237,False
2026-02-02 01:54:47.395872+00:00,0.00045967766991046144,False
2026-02-02 13:28:09.382944+00:00,-0.0005028739714656697,False
2026-02-03 02:40:34.512384+00:00,0.0005597610877652137,False
2026-02-03 09:16:47.069760+00:00,-0.00015137679360739697,False
2026-02-03 12:34:53.345856+00:00,-0.0005248471800303983,False
2026-02-04 03:26:21.588288+00:00,0.0009343929907517064,False
2026-02-04 19:56:52.952352+00:00,-0.000966369714546788,False
2026-02-05 04:12:08.590752+00:00,-0.0004479104926993979,False
2026-02-05 17:24:33.628608+00:00,-0.001050986355694979,False
2026-02-05 17:24:33.629472+00:00,6.301187025795049e-11,False
2026-02-06 01:39:49.285152+00:00,0.0018877763084150824,False
2026-02-06 14:52:14.342880+00:00,0.00020367796311792762,False
2026-02-06 16:31:17.473152+00:00,0.0001645158143948112,False
2026-02-07 02:25:36.231456+00:00,0.000501268626800287,False
2026-02-07 15:38:01.247712+00:00,0.001212199502068329,False
2026-02-07 17:17:04.372800+00:00,0.0001236192157092817,False
2026-02-07 17:17:04.373664+00:00,5.742931233885527e-11,False
2026-02-08 03:11:23.139744+00:00,0.0015027739195710428,False
2026-02-08 13:05:41.899776+00:00,0.0009168415767308799,False
2026-02-08 16:23:48.149952+00:00,0.00015084110147807657,False
2026-02-09 02:18:06.887520+00:00,0.000633006140537966,False
2026-02-09 13:51:28.752768+00:00,-0.0007897765843619549,False
2026-02-09 17:09:34.995168+00:00,-7.468964413915311e-05,False
2026-02-09 17:09:34.996032+00:00,4.006997080699353e-11,False
2026-02-10 03:03:53.713728+00:00,-2.5876330165169924e-05,False
2026-02-10 03:03:53.714592+00:00,3.575068227880338e-11,False
2026-02-10 12:58:12.446976+00:00,-0.00036982555288036156,False
2026-02-10 16:16:18.689376+00:00,-4.799089670334627e-06,False
2026-02-11 02:10:37.410528+00:00,-0.0001677550386207894,False
2026-02-11 13:43:59.244672+00:00,-0.00011532430231679137,False
2026-02-11 17:02:05.483616+00:00,-4.9038435467299536e-05,False
2026-02-12 02:56:24.201312+00:00,-0.0006368919832635885,False
2026-02-12 14:29:46.037184+00:00,0.0003655953370494899,False
2026-02-12 17:47:52.274400+00:00,-6.477514368902567e-05,False
2026-02-13 02:03:07.864416+00:00,-0.00022000815272933986,False
2026-02-13 16:54:35.933184+00:00,-0.00038471711263625896,False
2026-02-14 02:48:54.638784+00:00,-0.00044417056488741963,False
2026-02-14 14:22:16.475520+00:00,-0.00021934251796325473,False
2026-02-15 01:55:38.301888+00:00,0.000484413796954722,False
2026-02-15 01:55:38.302752+00:00,3.6877098584110415e-11,False
2026-02-15 13:29:00.097152+00:00,-0.001781770585654788,False
2026-02-15 16:47:06.330048+00:00,-1.9094331254364207e-05,False
2026-02-16 02:41:25.038240+00:00,-0.00011739261206270544,False
2026-02-16 02:41:25.039104+00:00,3.852076895031766e-11,False
2026-02-16 14:14:46.858560+00:00,0.0010166015170162547,False
2026-02-16 17:32:53.093184+00:00,0.00010320544049452517,False
2026-02-17 03:27:11.792736+00:00,-0.0014587411410656515,False
2026-02-17 03:27:11.793600+00:00,3.454572999369344e-11,False
2026-02-17 13:21:30.513888+00:00,0.0020300283900819985,False
2026-02-17 16:39:36.758016+00:00,0.00034885175317336386,False
2026-02-18 02:33:55.466208+00:00,-0.0001274978183468667,False
2026-02-18 14:07:17.299488+00:00,2.99119884695435e-05,False
2026-02-18 17:25:23.540160+00:00,0.00021060133199384776,False
2026-02-19 01:40:39.142272+00:00,0.00047571121348797445,False
2026-02-19 03:19:42.262176+00:00,-0.00023857068485747448,False
2026-02-19 14:53:04.099776+00:00,0.00010461276586846936,False
2026-02-19 14:53:04.100640+00:00,3.3346716624556825e-11,False
2026-02-20 02:26:25.939968+00:00,0.00035488060814153877,False
2026-02-20 17:17:54.045024+00:00,0.000255765529057015,False
2026-02-21 03:12:12.779136+00:00,-0.00011583361509704001,False
2026-02-21 03:12:12.780000+00:00,3.345627541130008e-11,False
2026-02-21 09:48:25.280352+00:00,0.00017006879447727477,False
2026-02-21 13:06:31.528800+00:00,0.0002534249052538082,False
2026-02-21 16:24:37.777248+00:00,0.0001353572265262741,False
2026-02-21 23:00:50.274144+00:00,0.0002645689348860209,False
2026-02-22 02:18:56.515680+00:00,-0.00010694742604741862,False
2026-02-22 17:10:24.605184+00:00,-0.0015129620511095303,False
2026-02-22 20:28:30.850176+00:00,-0.0001392124021800589,False
2026-02-23 03:04:43.344480+00:00,0.00014513124473401902,False
2026-02-23 09:40:55.838784+00:00,0.0002639000146077168,False
2026-02-23 12:59:02.087232+00:00,0.00019252141856624912,False
2026-02-23 12:59:02.088096+00:00,3.5484689180783175e-11,False
2026-02-24 02:11:27.074112+00:00,0.00019186351497980187,False
2026-02-24 13:44:48.946272+00:00,3.810737033229728e-05,False
2026-02-24 20:21:01.444896+00:00,0.0009656130268759376,False
2026-02-25 02:57:13.942656+00:00,0.0001899470323683686,False
2026-02-25 02:57:13.943520+00:00,4.054155410742332e-11,False
2026-02-25 12:51:32.700096+00:00,-2.2623667892886874e-05,False
2026-02-26 02:03:57.696480+00:00,0.0003827732615452853,False
2026-02-26 08:40:10.195968+00:00,-0.00020946229119634101,False
2026-02-26 08:40:10.196832+00:00,4.4812304167813437e-11,False
2026-02-27 02:49:44.581440+00:00,0.0006780201504339393,False
2026-02-27 12:44:03.350112+00:00,0.0003472660128315307,False
2026-02-27 20:59:18.973824+00:00,-7.743182815903265e-05,False
2026-02-28 03:35:31.480224+00:00,0.0002992157148373571,False
2026-02-28 03:35:31.481088+00:00,4.2141136500765087e-11,False
2026-02-28 08:32:40.875360+00:00,0.00013865522683965655,False
2026-02-28 16:47:56.513760+00:00,0.000445015442254006,False
2026-02-28 23:24:09.022752+00:00,3.76259575370283e-05,False
2026-03-01 02:42:15.277248+00:00,7.685824369669917e-05,False
2026-03-01 17:33:43.428960+00:00,0.00038691399121206773,False
2026-03-01 20:51:49.689504+00:00,0.0005842990138502995,False
2026-03-02 03:28:02.198496+00:00,0.00012747590669175005,False
2026-03-02 08:25:11.584992+00:00,-0.0006228471645164592,False
2026-03-02 15:01:24.102624+00:00,0.0004779534981675232,False
2026-03-02 16:40:27.231168+00:00,7.570910483076476e-05,False
2026-03-02 16:40:27.232032+00:00,4.0815809386061314e-11,False
2026-03-03 02:34:45.999840+00:00,0.000566979761129171,False
2026-03-03 14:08:07.898784+00:00,-0.0010220876427514572,False
2026-03-03 17:26:14.147232+00:00,-0.00022025023675611316,False
2026-03-04 03:20:32.902944+00:00,-0.0005995569976304108,False
2026-03-04 13:14:51.649152+00:00,-0.0003302517064069778,False
2026-03-04 13:14:51.650016+00:00,-3.248666846282706e-06,False
2026-03-05 04:06:19.781856+00:00,0.0008058801448750635,False
2026-03-05 04:06:19.782720+00:00,3.8453868464548416e-11,False
2026-03-05 14:00:38.534976+00:00,-0.0012198240254135896,False
2026-03-05 17:18:44.788608+00:00,0.0001233463093921989,False
2026-03-05 17:18:44.790336+00:00,7.55720548004508e-11,False
2026-03-06 01:34:00.426144+00:00,0.0018973440496852063,False
2026-03-06 09:49:16.055040+00:00,-0.0018297440171315537,False
2026-03-07 02:19:47.297280+00:00,0.001275449924491957,False
2026-03-07 02:19:47.298144+00:00,3.9387733251742496e-11,False
2026-03-07 13:53:09.146112+00:00,-0.002385256231528373,False
2026-03-07 20:29:21.626592+00:00,-0.0001574250141221673,False
2026-03-07 20:29:21.628320+00:00,-3.248608313239152e-06,False
2026-03-08 03:05:34.115712+00:00,2.5877019927727325e-05,False
2026-03-08 12:59:52.847232+00:00,0.00030816085476981724,False
2026-03-08 14:38:55.970592+00:00,7.208281507661135e-05,False
2026-03-08 22:54:11.573568+00:00,0.0009538219488925215,False
2026-03-09 15:24:42.792480+00:00,0.0006486489211564796,False
2026-03-09 17:03:45.913248+00:00,3.7068681301358935e-05,False
2026-03-10 02:58:04.624896+00:00,3.874558206047813e-05,False
2026-03-10 02:58:04.625760+00:00,3.542522188551361e-11,False
2026-03-10 14:31:26.459040+00:00,-0.00032469249767866034,False
2026-03-10 21:07:38.923104+00:00,0.000146165346489515,False
2026-03-11 02:04:48.275904+00:00,-4.8959457556254173e-05,False
2026-03-11 08:41:00.750336+00:00,-8.619282519869856e-05,False
2026-03-11 13:38:10.104864+00:00,-0.0002232440785050698,False
2026-03-11 23:32:28.814784+00:00,0.0006451095390198904,False
2026-03-12 02:50:35.050272+00:00,-3.1278475519930325e-05,False
2026-03-12 12:44:53.764512+00:00,-0.0012783551471624594,False
2026-03-12 14:23:56.885280+00:00,0.00013814340545463056,False
2026-03-12 17:42:03.113856+00:00,0.00023259967116110488,False
2026-03-12 17:42:03.114720+00:00,3.1042839666748307e-11,False
2026-03-13 13:30:40.510368+00:00,-0.0007805042019899261,False
2026-03-13 23:24:59.200416+00:00,0.0005573267256743025,False
2026-03-14 02:43:05.431584+00:00,8.769941682973425e-05,False
2026-03-14 14:16:27.220800+00:00,-0.0006386481712040417,False
2026-03-14 20:52:39.683136+00:00,0.0007990557656878073,False
2026-03-15 03:28:52.135104+00:00,9.990673102054214e-06,False
2026-03-15 13:23:10.821696+00:00,0.0012427138965340583,False
2026-03-15 19:59:23.268480+00:00,-0.0001158539647545786,False
2026-03-16 02:35:35.716128+00:00,-0.0009239888886805922,False
2026-03-16 20:45:09.944352+00:00,0.0006917671555350751,False
2026-03-17 01:42:19.276416+00:00,-9.784795902264241e-05,False
2026-03-17 03:21:22.398048+00:00,-0.0001096160793647377,False
2026-03-17 13:15:41.063040+00:00,-0.00028628022932453796,False
2026-03-17 23:09:59.720256+00:00,-3.032586519638317e-05,False
2026-03-18 02:28:05.945376+00:00,-0.0006755604742225203,False
2026-03-18 14:01:27.709536+00:00,0.00017736460930529692,False
2026-03-18 20:37:40.145088+00:00,0.0004052896723741059,False
2026-03-18 20:37:40.145952+00:00,2.5022486641538204e-11,False
2026-03-19 01:34:49.471104+00:00,-7.489558827200181e-05,False
2026-03-19 16:26:17.460384+00:00,0.00028211480742617277,False
2026-03-20 02:20:36.101184+00:00,-0.0004065638757252565,False
2026-03-20 08:56:48.549696+00:00,0.00040495396362285284,False
2026-03-20 13:53:57.855840+00:00,-0.0007521659667753875,False
2026-03-20 20:30:10.282752+00:00,0.0008289897462412208,False
2026-03-20 20:30:10.283616+00:00,3.0925448499171045e-11,False
2026-03-21 03:06:22.702752+00:00,0.00010045720097626577,False
2026-03-21 13:00:41.301216+00:00,-0.0006189707777195827,False
2026-03-21 16:18:47.509056+00:00,0.00052336359914967,False
2026-03-22 02:13:06.117888+00:00,0.00039247823236031754,False
2026-03-22 15:25:30.926784+00:00,0.000646332024411831,False
2026-03-23 02:58:52.592448+00:00,0.00015548325619435272,False
2026-03-23 09:35:04.990848+00:00,0.0013614518848705636,False
2026-03-24 02:05:35.928960+00:00,0.0009799339894826144,False
2026-03-24 08:41:48.309216+00:00,0.0005605166550666431,False
2026-03-24 23:33:16.123104+00:00,0.0007549342247462044,False
2026-03-25 09:27:34.652448+00:00,0.00019069934617866246,False
2026-03-25 21:00:56.263680+00:00,0.0010038920266434727,False
2026-03-26 01:58:05.518848+00:00,0.0001301027727828116,False
2026-03-26 08:34:17.852448+00:00,0.00014578499246200465,False
2026-03-26 13:31:27.100704+00:00,0.0005308237966449445,False
2026-03-26 23:25:45.590304+00:00,1.9409138744279483e-05,False
2026-03-27 02:43:51.742848+00:00,-1.966941440983733e-05,False
2026-03-27 14:17:13.310016+00:00,0.0014898021898599903,False
2026-03-28 03:29:37.921920+00:00,-0.0005648575370547325,False
2026-03-28 08:26:47.146848+00:00,0.0003369521609704908,False
2026-03-28 13:23:56.371776+00:00,0.0007178582138993269,False
2026-03-28 20:00:08.666496+00:00,0.0003145896689732174,False
2026-03-29 02:36:20.949984+00:00,0.0003651872846706424,False
2026-03-30 01:43:03.883008+00:00,0.0003559915892180016,False
2026-03-30 01:43:03.883872+00:00,4.571998132481361e-11,False
2026-03-30 08:19:16.147488+00:00,0.00043930098690564607,False
2026-03-30 13:16:25.330944+00:00,0.00020084825048277536,False
2026-03-30 19:52:37.578144+00:00,0.0006914989657685155,False
2026-03-31 02:28:49.802016+00:00,1.3963830110673208e-05,False
2026-03-31 14:02:11.206752+00:00,-0.00034180703508828163,False
2026-03-31 20:38:23.419392+00:00,0.000608104460199747,False
2026-03-31 20:38:23.419392+00:00,0.0,False
2026-04-01 03:14:35.620800+00:00,-1.8943395645525888e-05,False
2026-04-01 03:14:35.620800+00:00,0.0,False
2026-04-01 03:14:35.621664+00:00,4.10604329315819e-11,False
2026-04-01 03:14:35.621664+00:00,0.0,False
2026-04-01 19:45:06.120864+00:00,0.0015574000353089116,False
2026-04-01 19:45:06.120864+00:00,0.0,False
2026-04-01 19:45:06.121728+00:00,4.145949496270781e-11,False
2026-04-01 19:45:06.121728+00:00,0.0,False
2026-04-02 02:21:18.292896+00:00,-7.425587093101618e-05,False
2026-04-02 02:21:18.292896+00:00,0.0,False
2026-04-02 02:21:18.293760+00:00,4.4591663173693745e-11,False
2026-04-02 02:21:18.293760+00:00,0.0,False
2026-04-02 08:57:30.451968+00:00,-0.0024147782872802957,False
2026-04-02 08:57:30.451968+00:00,0.0,False
2026-04-03 03:07:03.823968+00:00,-0.00013264647193168746,False
2026-04-03 03:07:03.823968+00:00,0.0,False
2026-04-03 09:43:15.959712+00:00,-0.0009376828043599426,False
2026-04-03 09:43:15.959712+00:00,0.0,False
2026-04-03 14:40:25.052448+00:00,-0.00016147787222712574,False
2026-04-03 14:40:25.052448+00:00,0.0,False
2026-04-03 16:19:28.078176+00:00,-1.93771532170629e-05,False
2026-04-03 16:19:28.078176+00:00,0.0,False
2026-04-04 02:13:46.191936+00:00,4.9923125892935294e-05,False
2026-04-04 02:13:46.191936+00:00,0.0,False
2026-04-04 15:26:10.376160+00:00,0.0010957575242911276,False
2026-04-04 15:26:10.376160+00:00,0.0,False
2026-04-04 20:23:19.414464+00:00,0.00116237026232212,False
2026-04-04 20:23:19.414464+00:00,0.0,False
2026-04-04 20:23:19.414464+00:00,0.0,False
2026-04-05 02:59:31.471584+00:00,-0.00013343616607938398,False
2026-04-05 02:59:31.471584+00:00,0.0,False
2026-04-05 09:35:43.519200+00:00,-0.000910133501544142,False
2026-04-05 09:35:43.519200+00:00,0.0,False
2026-04-05 14:32:52.558368+00:00,-0.00025645038637073735,False
2026-04-05 14:32:52.558368+00:00,0.0,False
2026-04-05 16:11:55.565952+00:00,-7.216531667608776e-05,False
2026-04-05 16:11:55.565952+00:00,0.0,False
2026-04-05 16:11:55.566816+00:00,-3.248539208528105e-06,False
2026-04-05 16:11:55.566816+00:00,0.0,False
2026-04-06 02:06:13.602816+00:00,0.000399136449636627,False
2026-04-06 02:06:13.602816+00:00,0.0,False
2026-04-06 20:15:46.617984+00:00,-0.0006191883833733375,False
2026-04-06 20:15:46.617984+00:00,0.0,False
2026-04-07 02:51:58.607712+00:00,-0.00013554501913793239,False
2026-04-07 02:51:58.607712+00:00,0.0,False
2026-04-07 06:10:04.597824+00:00,-0.0003473135006766883,False
2026-04-07 06:10:04.597824+00:00,0.0,False
2026-04-07 12:46:16.595328+00:00,0.00026161125519500567,False
2026-04-07 12:46:16.595328+00:00,0.0,False
2026-04-07 21:01:31.550304+00:00,0.00012633748539145893,False
2026-04-08 01:58:40.521216+00:00,-0.00016511732248017787,False
2026-04-08 01:58:40.522080+00:00,2.8048600285536814e-11,False
2026-04-08 13:32:01.434336+00:00,-0.00016655848279360785,False
2026-04-08 20:08:13.367040+00:00,0.00018603606021169337,False
2026-04-08 20:08:13.367040+00:00,0.0,False
2026-04-08 20:08:13.367040+00:00,0.0,False
2026-04-09 01:05:22.316352+00:00,-0.00012289724554557905,False
2026-04-09 01:05:22.316352+00:00,0.0,False
2026-04-09 01:05:22.316352+00:00,0.0,False
2026-04-09 01:05:22.316352+00:00,0.0,False
2026-04-09 01:05:22.316352+00:00,0.0,False
2026-04-09 09:20:37.218624+00:00,-0.0018842345440056294,False
2026-04-09 09:20:37.218624+00:00,0.0,False
2026-04-09 09:20:37.218624+00:00,0.0,False
2026-04-09 20:53:58.053120+00:00,-0.0004993680025450226,False
2026-04-09 20:53:58.053120+00:00,0.0,False
2026-04-09 20:53:58.053120+00:00,0.0,False
2026-04-09 20:53:58.053984+00:00,2.2975212908418256e-11,False
2026-04-09 20:53:58.053984+00:00,0.0,False
2026-04-10 01:51:06.975648+00:00,-0.0003088024176094141,False
2026-04-10 01:51:06.975648+00:00,0.0,False
2026-04-10 01:51:06.976512+00:00,2.3667292826849994e-11,False
2026-04-10 01:51:06.976512+00:00,0.0,False
2026-04-10 08:27:18.866880+00:00,-0.0006157608533383755,False
2026-04-10 08:27:18.866880+00:00,0.0,False
2026-04-10 20:00:39.652128+00:00,0.00029196574861934223,False
2026-04-10 20:00:39.652128+00:00,0.0,False
2026-04-11 02:36:51.516576+00:00,-0.000138352654619133,False
2026-04-11 02:36:51.516576+00:00,0.0,False
2026-04-11 02:36:51.517440+00:00,2.3447363570951715e-11,False
2026-04-11 02:36:51.517440+00:00,0.0,False
2026-04-11 12:31:09.321024+00:00,0.0006590742911046325,False
2026-04-11 12:31:09.321024+00:00,0.0,False
2026-04-11 20:46:24.142080+00:00,0.0005287981644294362,False
2026-04-11 20:46:24.142080+00:00,0.0,False
2026-04-12 01:43:33.024000+00:00,-9.286289284342764e-05,False
2026-04-12 01:43:33.024864+00:00,2.3726151948413175e-11,False
2026-04-12 08:19:44.872032+00:00,0.00041565018457470897,False
2026-04-12 19:53:05.565696+00:00,7.834798161780862e-05,False
2026-04-12 19:53:05.566560+00:00,2.3890156578073546e-11,False
2026-04-13 00:50:14.421696+00:00,-0.00017622210435575827,False
2026-04-13 00:50:14.422560+00:00,2.193764418178223e-11,False
2026-04-13 14:02:38.040000+00:00,9.616612324645619e-05,False
2026-04-14 01:35:58.674048+00:00,-3.8116771173909384e-05,False
2026-04-14 01:35:58.674912+00:00,2.1827307596275442e-11,False
2026-04-14 13:09:19.284768+00:00,0.00017385047906536325,False
2026-04-14 13:09:19.285632+00:00,-3.2485244955475584e-06,False
2026-04-14 19:45:31.048128+00:00,-3.553207210446358e-05,False
2026-04-15 02:21:42.799392+00:00,-0.00034833836206398883,False
2026-04-15 20:31:15.094848+00:00,0.00048177577179847044,False
2026-04-15 20:31:15.095712+00:00,2.377356725828013e-11,False
2026-04-16 01:28:23.892096+00:00,-9.7038000082129e-06,False
2026-04-16 19:37:56.119296+00:00,-0.0003692659413935878,False
2026-04-17 02:14:07.810080+00:00,-0.0001703775744183295,False
2026-04-17 20:23:39.940512+00:00,-0.0003862464129716441,False
2026-04-17 20:23:39.940512+00:00,0.0,False
2026-04-18 02:59:51.621792+00:00,0.00026406965078083755,False
2026-04-18 02:59:51.621792+00:00,0.0,False
2026-04-18 09:36:03.288384+00:00,0.00019349228719877515,False
2026-04-18 09:36:03.288384+00:00,0.0,False
2026-04-18 14:33:12.017376+00:00,5.197591330137279e-05,False
2026-04-18 14:33:12.017376+00:00,0.0,False
2026-04-19 02:06:32.395680+00:00,0.0005772001885073102,False
2026-04-19 02:06:32.396544+00:00,3.226358432949024e-11,False
2026-04-19 08:42:44.019936+00:00,0.00025421852536609824,False
2026-04-19 13:39:52.729920+00:00,0.00029533898605882576,False
2026-04-19 20:16:04.353312+00:00,0.0005249767377931466,False
2026-04-20 02:52:15.955104+00:00,8.498379725487969e-05,False
2026-04-20 09:28:27.577632+00:00,0.0010166121986922814,False
2026-04-20 09:28:27.578496+00:00,3.053331188115774e-11,False
2026-04-20 21:01:47.836704+00:00,-0.0004237619365860595,False
2026-04-21 08:35:08.075904+00:00,9.106830954127947e-05,False
2026-04-21 15:11:19.642272+00:00,0.0010679846146874113,False
2026-04-21 20:08:28.303008+00:00,-6.507178246584948e-05,False
2026-04-21 21:47:31.187904+00:00,1.2979792433884257e-05,False
2026-04-21 21:47:31.187904+00:00,0.0,False
2026-04-22 02:44:39.840000+00:00,0.00013125378991094157,False
2026-04-22 02:44:39.840000+00:00,0.0,False
2026-04-22 20:54:11.540160+00:00,0.0007532640854197312,False
2026-04-22 20:54:11.540160+00:00,0.0,False
2026-04-23 01:51:20.174112+00:00,0.00011767214565713293,False
2026-04-23 01:51:20.174112+00:00,0.0,False
2026-04-23 01:51:20.174112+00:00,0.0,False
2026-04-24 02:37:03.258336+00:00,0.0007269410356572337,False
2026-04-24 02:37:03.258336+00:00,0.0,False
2026-04-24 15:49:26.179392+00:00,0.0004577289716395103,False
2026-04-24 15:49:26.179392+00:00,0.0,False
2026-04-24 15:49:26.179392+00:00,0.0,False
2026-04-25 01:43:43.334976+00:00,-0.00029692247745583575,False
2026-04-25 01:43:43.334976+00:00,0.0,False
2026-04-25 08:19:54.745824+00:00,-0.0009066060622674086,False
2026-04-25 08:19:54.745824+00:00,0.0,False
2026-04-25 16:35:09.020832+00:00,0.0009900854566151185,False
2026-04-25 16:35:09.020832+00:00,0.0,False
2026-04-25 16:35:09.021696+00:00,4.143637108012204e-11,False
2026-04-25 16:35:09.021696+00:00,0.0,False
2026-04-26 09:05:37.497408+00:00,-0.0013307176384199254,False
2026-04-26 09:05:37.497408+00:00,0.0,False
2026-04-26 20:38:57.401376+00:00,0.0012048432104099002,False
2026-04-26 20:38:57.401376+00:00,0.0,False
2026-04-26 20:38:57.401376+00:00,0.0,False
2026-04-27 01:36:05.916960+00:00,0.0001727225404894717,False
2026-04-27 01:36:05.916960+00:00,0.0,False
2026-04-27 01:36:05.917824+00:00,4.4377772358389396e-11,False
2026-04-27 01:36:05.917824+00:00,0.0,False
2026-04-27 08:12:17.245728+00:00,-0.0009717723916842363,False
2026-04-27 08:12:17.245728+00:00,0.0,False
2026-04-27 19:45:37.088352+00:00,0.00036211592611169914,False
2026-04-27 19:45:37.088352+00:00,0.0,False
2026-04-27 19:45:37.088352+00:00,0.0,False
2026-04-28 02:21:48.396384+00:00,-0.00019556352153260242,False
2026-04-28 02:21:48.396384+00:00,0.0,False
2026-04-28 08:57:59.720832+00:00,0.0002556817505576911,False
2026-04-28 08:57:59.720832+00:00,0.0,False
2026-04-28 20:31:19.485696+00:00,0.0005577662997017713,False
2026-04-28 20:31:19.485696+00:00,0.0,False
2026-04-28 20:31:19.486560+00:00,3.95605334562128e-11,False
2026-04-28 20:31:19.486560+00:00,0.0,False
2026-04-29 03:07:30.770400+00:00,-0.0003376590165821958,False
2026-04-29 03:07:30.770400+00:00,0.0,False
2026-04-29 13:01:47.669376+00:00,-0.00039854655842333454,False
2026-04-29 13:01:47.669376+00:00,0.0,False
2026-04-29 14:40:50.483424+00:00,-1.651797313669028e-05,False
2026-04-29 14:40:50.483424+00:00,0.0,False
2026-04-29 19:37:58.915200+00:00,0.0001372794030386653,False
2026-04-29 19:37:58.915200+00:00,0.0,False
2026-04-29 19:37:58.915200+00:00,0.0,False
2026-04-30 00:35:07.341792+00:00,-0.0001092831262020801,False
2026-04-30 00:35:07.341792+00:00,0.0,False
2026-04-30 00:35:07.342656+00:00,3.784420583454694e-11,False
2026-04-30 00:35:07.342656+00:00,0.0,False
2026-04-30 08:50:21.386112+00:00,0.00033021060937986563,False
2026-04-30 08:50:21.386112+00:00,0.0,False
2026-04-30 13:47:29.807520+00:00,3.236586297712836e-05,False
2026-04-30 13:47:29.807520+00:00,0.0,False
2026-04-30 17:05:35.415744+00:00,4.667616314472825e-05,False
2026-04-30 17:05:35.415744+00:00,0.0,False
2026-05-01 02:59:52.181664+00:00,-0.0018107890045674106,False
2026-05-01 02:59:52.181664+00:00,0.0,False
2026-05-01 02:59:52.182528+00:00,4.877100208437345e-11,False
2026-05-01 02:59:52.182528+00:00,0.0,False
2026-05-01 12:54:08.976096+00:00,0.0011194183131654307,False
2026-05-01 12:54:08.976096+00:00,0.0,False
2026-05-01 16:12:14.567040+00:00,0.00011469566266056916,False
2026-05-01 16:12:14.567040+00:00,0.0,False
2026-05-01 16:12:14.567040+00:00,0.0,False
2026-05-02 02:06:31.319136+00:00,0.0011270867504623795,False
2026-05-02 02:06:31.319136+00:00,0.0,False
2026-05-02 08:42:42.457824+00:00,-0.0005185304383443783,False
2026-05-02 08:42:42.457824+00:00,0.0,False
2026-05-02 13:39:50.829984+00:00,0.00036798809826994424,False
2026-05-02 13:39:50.829984+00:00,0.0,False
2026-05-02 20:16:01.960032+00:00,0.0005971918139010669,False
2026-05-02 20:16:01.960032+00:00,0.0,False
2026-05-02 20:16:01.960032+00:00,0.0,False
2026-05-03 02:52:13.084032+00:00,0.00017987309714763205,False
2026-05-03 02:52:13.084032+00:00,0.0,False
2026-05-03 09:28:24.204576+00:00,-9.20366918105587e-05,False
2026-05-03 09:28:24.204576+00:00,0.0,False
2026-05-03 14:25:32.542176+00:00,6.505450139531084e-06,False
2026-05-03 14:25:32.542176+00:00,0.0,False
2026-05-03 16:04:35.315616+00:00,1.2677526012645714e-05,False
2026-05-03 16:04:35.315616+00:00,0.0,False
2026-05-03 21:01:43.642848+00:00,0.0007080729844672786,False
2026-05-03 21:01:43.642848+00:00,0.0,False
2026-05-04 01:58:51.964032+00:00,0.000116440186163915,False
2026-05-04 01:58:51.964032+00:00,0.0,False
2026-05-04 08:35:03.055200+00:00,0.0006961500398946366,False
2026-05-04 08:35:03.055200+00:00,0.0,False
2026-05-04 18:29:19.663872+00:00,-0.0008621758820035433,False
2026-05-04 18:29:19.663872+00:00,0.0,False
2026-05-05 01:05:30.721344+00:00,0.000899757878253226,False
2026-05-05 01:05:30.721344+00:00,0.0,False
2026-05-05 09:20:44.497824+00:00,-0.001857994012393383,False
2026-05-05 09:20:44.497824+00:00,0.0,False
2026-05-05 12:38:50.042976+00:00,0.0009488781227184621,False
2026-05-05 12:38:50.042976+00:00,0.0,False
2026-05-05 12:38:50.043840+00:00,3.479864524711413e-11,False
2026-05-05 12:38:50.043840+00:00,0.0,False
2026-05-06 01:51:12.100896+00:00,0.0003165679441930931,False
2026-05-06 01:51:12.100896+00:00,0.0,False
2026-05-06 01:51:12.101760+00:00,2.8921288307745874e-11,False
2026-05-06 01:51:12.101760+00:00,0.0,False
2026-05-06 08:27:23.120352+00:00,-5.864227299919511e-05,False
2026-05-06 08:27:23.120352+00:00,0.0,False
2026-05-06 23:18:47.881728+00:00,4.8388961830124564e-05,False
2026-05-06 23:18:47.881728+00:00,0.0,False
2026-05-07 02:36:53.374176+00:00,-0.00014745418326758897,False
2026-05-07 02:36:53.374176+00:00,0.0,False
2026-05-07 14:10:12.606816+00:00,-0.00018078080024592634,False
2026-05-07 14:10:12.606816+00:00,0.0,False
2026-05-07 17:28:18.095808+00:00,2.429901083397367e-05,False
2026-05-07 17:28:18.095808+00:00,0.0,False
2026-05-07 20:46:23.581344+00:00,0.00013744892444655016,False
2026-05-07 20:46:23.581344+00:00,0.0,False
2026-05-07 20:46:23.581344+00:00,0.0,False
2026-05-08 01:43:31.806624+00:00,4.003177865492661e-06,False
2026-05-08 01:43:31.806624+00:00,0.0,False
2026-05-08 01:43:31.807488+00:00,3.025005451524416e-11,False
2026-05-08 01:43:31.807488+00:00,0.0,False
2026-05-08 13:16:50.979648+00:00,-5.083197108467002e-05,False
2026-05-08 13:16:50.979648+00:00,0.0,False
2026-05-08 19:53:01.927392+00:00,0.00011893328234686398,False
2026-05-08 19:53:01.927392+00:00,0.0,False
2026-05-08 19:53:01.927392+00:00,0.0,False
2026-05-09 02:29:12.869088+00:00,0.0001366064046238873,False
2026-05-09 02:29:12.869088+00:00,0.0,False
2026-05-09 12:23:29.284224+00:00,0.0009204013170482149,False
2026-05-09 12:23:29.284224+00:00,0.0,False
2026-05-09 17:20:37.480992+00:00,0.0001405140890532653,False
2026-05-09 17:20:37.480992+00:00,0.0,False
2026-05-09 20:38:42.944928+00:00,0.0002543533517890927,False
2026-05-09 20:38:42.944928+00:00,0.0,False
2026-05-10 03:14:53.862432+00:00,-1.651523780666676e-05,False
2026-05-10 03:14:53.862432+00:00,0.0,False
2026-05-10 08:12:02.054016+00:00,0.0002577885224053671,False
2026-05-10 08:12:02.054016+00:00,0.0,False
2026-05-10 16:27:15.692256+00:00,0.00019430694068261936,False
2026-05-10 16:27:15.692256+00:00,0.0,False
2026-05-10 16:27:15.692256+00:00,0.0,False
2026-05-11 02:21:32.041728+00:00,0.0003283875158254087,False
2026-05-11 02:21:32.041728+00:00,0.0,False
2026-05-11 12:15:48.386016+00:00,0.0003149591378566825,False
2026-05-11 12:15:48.386016+00:00,0.0,False
2026-05-12 03:07:12.885600+00:00,0.00029092598457622614,False
2026-05-12 03:07:12.885600+00:00,0.0,False
2026-05-12 03:07:12.886464+00:00,2.1888174640501058e-11,False
2026-05-12 03:07:12.886464+00:00,0.0,False
2026-05-12 19:37:40.079136+00:00,0.0003555497983516254,False
2026-05-12 19:37:40.079136+00:00,0.0,False
2026-05-12 19:37:40.079136+00:00,0.0,False
2026-05-13 00:34:48.225792+00:00,-9.13909933018673e-06,False
2026-05-13 00:34:48.225792+00:00,0.0,False
2026-05-13 00:34:48.226656+00:00,1.934657696073424e-11,False
2026-05-13 00:34:48.226656+00:00,0.0,False
2026-05-13 08:50:01.815648+00:00,0.00031775892840529266,False
2026-05-13 08:50:01.815648+00:00,0.0,False
2026-05-13 20:23:20.815008+00:00,9.490017597181283e-05,False
2026-05-13 20:23:20.815008+00:00,0.0,False
2026-05-13 20:23:20.815872+00:00,2.366826212938001e-11,False
2026-05-13 20:23:20.815872+00:00,0.0,False
2026-05-14 02:59:31.672032+00:00,-0.00012845156057908957,False
2026-05-14 02:59:31.672032+00:00,0.0,False
2026-05-14 12:53:47.945472+00:00,0.0004913823988750203,False
2026-05-14 12:53:47.945472+00:00,0.0,False
2026-05-15 02:06:09.611136+00:00,8.86779995206196e-05,False
2026-05-15 02:06:09.611136+00:00,0.0,False
2026-05-16 02:51:50.213952+00:00,0.000342711736228264,False
2026-05-16 02:51:50.213952+00:00,0.0,False
2026-05-16 12:46:06.427776+00:00,0.0002859058380799487,False
2026-05-16 12:46:06.427776+00:00,0.0,False
2026-05-16 12:46:06.428640+00:00,3.1184879731517396e-11,False
2026-05-16 12:46:06.428640+00:00,0.0,False
2026-05-16 21:01:19.939008+00:00,0.0005819533644950687,False
2026-05-16 21:01:19.939008+00:00,0.0,False
2026-05-17 08:34:38.841600+00:00,0.0005424060642767676,False
2026-05-17 08:34:38.841600+00:00,0.0,False
2026-05-17 13:31:46.937280+00:00,1.4241582953703987e-05,False
2026-05-17 13:31:46.937280+00:00,0.0,False
2026-05-17 20:07:57.719136+00:00,-0.00027514836338658744,False
2026-05-17 20:07:57.719136+00:00,0.0,False
2026-05-17 20:07:57.719136+00:00,0.0,False
2026-05-18 01:05:05.805312+00:00,-7.215009515918272e-05,False
2026-05-18 01:05:05.805312+00:00,0.0,False
2026-05-18 09:20:19.294080+00:00,0.00031512848682605486,False
2026-05-18 09:20:19.294080+00:00,0.0,False
2026-05-18 09:20:19.294080+00:00,0.0,False
2026-05-19 01:50:46.228416+00:00,-0.00012554027700822923,False
2026-05-19 01:50:46.228416+00:00,0.0,False
2026-05-19 13:24:05.067072+00:00,0.0001255826789239422,False
2026-05-19 13:24:05.067072+00:00,0.0,False
2026-05-19 13:24:05.067936+00:00,2.802986819522111e-11,False
2026-05-19 13:24:05.067936+00:00,0.0,False
2026-05-20 02:36:26.582400+00:00,5.130819414766118e-05,False
2026-05-20 02:36:26.582400+00:00,0.0,False
2026-05-20 09:12:37.339200+00:00,0.00022760751182252024,False
2026-05-20 09:12:37.339200+00:00,0.0,False
2026-05-20 20:45:56.150208+00:00,0.00019037958118490127,False
2026-05-20 20:45:56.150208+00:00,0.0,False
2026-05-21 01:43:04.209600+00:00,-0.0001701559387164574,False
2026-05-21 01:43:04.209600+00:00,0.0,False
2026-05-21 16:34:28.377408+00:00,0.0007070580913773087,False
2026-05-21 16:34:28.377408+00:00,0.0,False
2026-05-21 16:34:28.377408+00:00,0.0,False
2026-05-22 02:28:44.486688+00:00,3.152953221532062e-06,False
2026-05-22 02:28:44.486688+00:00,0.0,False
2026-05-22 14:02:03.269184+00:00,0.0002473334688530627,False
2026-05-22 14:02:03.269184+00:00,0.0,False
2026-05-23 01:35:22.047360+00:00,0.000417267714966437,False
2026-05-23 01:35:22.047360+00:00,0.0,False
2026-05-23 08:11:32.767008+00:00,2.69731288327354e-05,False
2026-05-23 08:11:32.767008+00:00,0.0,False
2026-05-23 16:26:46.180608+00:00,0.0010175281474158924,False
2026-05-23 16:26:46.180608+00:00,0.0,False
2026-05-24 02:21:02.252736+00:00,2.139191829037923e-05,False
2026-05-24 02:21:02.252736+00:00,0.0,False
2026-05-24 15:33:23.682528+00:00,0.0002602206085596725,False
2026-05-24 15:33:23.682528+00:00,0.0,False
2026-05-25 03:06:42.420096+00:00,-0.00035055945319486886,False
2026-05-25 03:06:42.420096+00:00,-3.2484185794601217e-06,False
2026-05-26 02:13:19.879680+00:00,0.00041050786959271907,False
2026-05-26 02:13:19.879680+00:00,0.0,False
2026-05-26 13:46:38.607744+00:00,0.0011447596042203302,False
2026-05-26 13:46:38.607744+00:00,0.0,False
2026-05-26 17:04:43.955904+00:00,0.0001739997216879442,False
2026-05-26 17:04:43.955904+00:00,0.0,False
2026-05-27 02:58:59.990016+00:00,-8.532922154368041e-05,False
2026-05-27 02:58:59.990016+00:00,0.0,False
2026-05-27 02:58:59.990880+00:00,3.791143378397729e-11,False
2026-05-27 02:58:59.990880+00:00,0.0,False
2026-05-27 12:53:16.024128+00:00,0.0003918737127862281,False
2026-05-27 12:53:16.024128+00:00,0.0,False
2026-05-27 14:32:18.697344+00:00,0.00013985048578472788,False
2026-05-27 14:32:18.697344+00:00,0.0,False
2026-05-27 16:11:21.367968+00:00,9.763887996854371e-05,False
2026-05-27 16:11:21.367968+00:00,0.0,False
2026-05-27 16:11:21.368832+00:00,3.819091572953808e-11,False
2026-05-27 16:11:21.368832+00:00,0.0,False
2026-05-28 02:05:37.392576+00:00,0.0004326433840001864,False
2026-05-28 02:05:37.392576+00:00,0.0,False
2026-05-28 02:05:37.393440+00:00,3.888763067035283e-11,False
2026-05-28 02:05:37.393440+00:00,0.0,False
2026-05-28 08:41:48.069888+00:00,-0.0002327217301958725,False
2026-05-28 08:41:48.069888+00:00,0.0,False
2026-05-28 15:17:58.748928+00:00,0.0002530018915141456,False
2026-05-28 15:17:58.748928+00:00,0.0,False
2026-05-29 02:51:17.426880+00:00,0.0008496782264150854,False
2026-05-29 02:51:17.426880+00:00,0.0,False
2026-05-29 12:45:33.438528+00:00,0.00015047672284495498,False
2026-05-29 12:45:33.438528+00:00,0.0,False
2026-05-29 16:03:38.769408+00:00,7.044105165868425e-05,False
2026-05-29 16:03:38.769408+00:00,0.0,False
2026-05-30 01:57:54.760320+00:00,0.00032283258748793515,False
2026-05-30 01:57:54.760320+00:00,0.0,False
2026-05-30 13:31:13.414080+00:00,2.7503932366101328e-05,False
2026-05-30 13:31:13.414080+00:00,0.0,False
2026-05-30 13:31:13.414944+00:00,3.700582064878014e-11,False
2026-05-30 13:31:13.414944+00:00,0.0,False
2026-05-31 02:43:34.707360+00:00,-4.599076907021689e-05,False
2026-05-31 02:43:34.707360+00:00,0.0,False
2026-05-31 15:55:55.996320+00:00,-0.00018552524286767017,False
2026-05-31 15:55:55.996320+00:00,0.0,False
2026-06-01 01:50:11.952672+00:00,0.00035049914291040876,False
2026-06-01 01:50:11.952672+00:00,0.0,False
2026-06-01 01:50:11.953536+00:00,3.189396878496907e-11,False
2026-06-01 01:50:11.953536+00:00,0.0,False
2026-06-01 13:23:30.581376+00:00,-0.0004329361521178594,False
2026-06-01 13:23:30.581376+00:00,0.0,False
2026-06-01 16:41:35.883744+00:00,-7.136560371779206e-05,False
2026-06-01 16:41:35.883744+00:00,0.0,False
2026-06-02 02:35:51.834048+00:00,5.6751742953869066e-05,False
2026-06-02 02:35:51.834048+00:00,0.0,False
2026-06-02 17:27:15.754752+00:00,0.00015833616321423057,False
2026-06-02 17:27:15.755616+00:00,3.535745196967519e-11,False
2026-06-02 17:27:15.755616+00:00,0.0,False
2026-06-03 13:15:47.642400+00:00,-0.00026512152679533923,False
2026-06-03 14:54:50.295744+00:00,0.0003688434357169911,False
2026-06-03 14:54:50.295744+00:00,0.0,False
2026-06-04 00:49:06.229632+00:00,0.0002370470649749872,False
2026-06-04 00:49:06.229632+00:00,0.0,False
2026-06-04 02:28:08.888160+00:00,-0.0009859748456892132,False
2026-06-04 02:28:08.888160+00:00,0.0,False
2026-06-04 17:19:32.801088+00:00,0.001059155881061635,False
2026-06-04 17:19:32.801088+00:00,0.0,False
2026-06-04 23:55:43.421376+00:00,8.175214168945285e-05,False
2026-06-04 23:55:43.421376+00:00,0.0,False
2026-06-05 08:10:56.719200+00:00,0.00108155849803014,False
2026-06-05 08:10:56.719200+00:00,0.0,False
2026-06-05 08:10:56.719200+00:00,0.0,False
2026-06-06 08:56:36.565152+00:00,0.00013089450874508024,False
2026-06-06 08:56:36.565152+00:00,0.0,False
2026-06-06 12:14:41.889120+00:00,0.00037749827383206345,False
2026-06-06 12:14:41.889120+00:00,0.0,False
2026-06-06 13:53:44.551104+00:00,0.00023585262455808786,False
2026-06-06 13:53:44.551104+00:00,0.0,False
2026-06-06 15:32:47.215680+00:00,0.0006955778820598763,False
2026-06-06 15:32:47.215680+00:00,0.0,False
2026-06-06 15:32:47.216544+00:00,3.9538915478580744e-11,False
2026-06-06 15:32:47.216544+00:00,0.0,False
2026-06-07 03:06:05.840928+00:00,5.533899827440242e-05,False
2026-06-07 03:06:05.840928+00:00,0.0,False
2026-06-07 19:36:32.422752+00:00,0.0009318461683934911,False
2026-06-07 19:36:32.422752+00:00,0.0,False
2026-06-08 00:33:40.396608+00:00,8.607577563852348e-05,False
2026-06-08 00:33:40.396608+00:00,0.0,False
2026-06-08 00:33:40.397472+00:00,2.6782096210255423e-11,False
2026-06-08 00:33:40.397472+00:00,0.0,False
2026-06-08 17:04:07.006944+00:00,0.0008643350155404243,False
2026-06-08 17:04:07.006944+00:00,0.0,False
2026-06-09 04:37:25.647744+00:00,0.0014075515919821653,False
2026-06-09 04:37:25.647744+00:00,0.0,False
2026-06-09 04:37:25.648608+00:00,-3.2483398498898593e-06,False
2026-06-09 04:37:25.648608+00:00,0.0,False
2026-06-09 09:34:33.643200+00:00,0.00030469714895755,False
2026-06-09 09:34:33.643200+00:00,0.0,False
2026-06-09 12:52:38.969760+00:00,-8.582801508820166e-05,False
2026-06-09 12:52:38.969760+00:00,0.0,False
2026-06-09 16:10:44.296320+00:00,0.00018243935841678383,False
2026-06-09 16:10:44.296320+00:00,0.0,False
2026-06-10 00:25:57.608832+00:00,0.0005169712797766846,False
2026-06-10 00:25:57.608832+00:00,0.0,False
2026-06-10 02:05:00.272544+00:00,1.5974789182020575e-05,False
2026-06-10 02:05:00.272544+00:00,0.0,False
2026-06-10 08:41:10.929984+00:00,0.00032205284960619017,False
2026-06-10 08:41:10.929984+00:00,0.0,False
2026-06-10 15:17:21.595200+00:00,0.00014375936715473427,False
2026-06-10 15:17:21.595200+00:00,0.0,False
2026-06-11 02:50:40.254144+00:00,0.000568747332306383,False
2026-06-11 02:50:40.254144+00:00,0.0,False
2026-06-11 14:23:58.926048+00:00,6.372946365881902e-05,False
2026-06-11 14:23:58.926048+00:00,0.0,False
2026-06-11 16:03:01.593216+00:00,0.0001035549188311773,False
2026-06-11 16:03:01.593216+00:00,0.0,False
2026-06-11 17:42:04.258656+00:00,0.00019196829897014195,False
2026-06-11 17:42:04.258656+00:00,0.0,False
2026-06-12 01:57:17.596224+00:00,0.0002956280787877075,False
2026-06-12 01:57:17.596224+00:00,0.0,False
2026-06-13 06:01:02.965728+00:00,0.0005595770946982747,False
2026-06-13 06:01:02.965728+00:00,0.0,False
2026-06-13 12:37:13.649088+00:00,0.00013322354993518877,False
2026-06-13 12:37:13.649088+00:00,0.0,False
2026-06-13 14:16:16.318848+00:00,7.850042796224275e-06,False
2026-06-13 14:16:16.318848+00:00,0.0,False
2026-06-13 15:55:18.987744+00:00,5.254295738560101e-05,False
2026-06-13 15:55:18.987744+00:00,0.0,False
2026-06-13 15:55:18.988608+00:00,2.5803998729719626e-11,False
2026-06-13 15:55:18.988608+00:00,0.0,False
2026-06-14 05:07:40.356192+00:00,0.0004258607718450327,False
2026-06-14 05:07:40.356192+00:00,-3.248356733820401e-06,False
2026-06-14 08:25:45.700896+00:00,0.0001487782860453425,False
2026-06-14 08:25:45.700896+00:00,0.0,False
2026-06-14 13:22:53.718816+00:00,6.623960841276857e-05,False
2026-06-14 13:22:53.718816+00:00,0.0,False
2026-06-14 19:59:04.409088+00:00,0.00015626085540388084,False
2026-06-14 19:59:04.409088+00:00,0.0,False
2026-06-14 23:17:09.756384+00:00,7.340928451392064e-05,False
2026-06-14 23:17:09.756384+00:00,0.0,False
2026-06-15 02:35:15.101088+00:00,0.0,False
2026-06-15 02:35:15.101088+00:00,0.0,False
2026-06-15 02:35:15.101952+00:00,2.130001715083739e-11,False
2026-06-15 02:35:15.101952+00:00,0.0,False
2026-06-15 12:29:31.156800+00:00,0.0001806253595921317,False
2026-06-15 12:29:31.156800+00:00,0.0,False
2026-06-15 14:08:33.830880+00:00,-7.145334085811793e-05,False
2026-06-15 14:08:33.830880+00:00,0.0,False
2026-06-15 17:26:39.179904+00:00,9.139277696934849e-05,False
2026-06-15 17:26:39.179904+00:00,0.0,False
2026-06-16 00:02:49.888320+00:00,6.236799202405515e-05,False
2026-06-16 00:02:49.888320+00:00,0.0,False
2026-06-16 08:18:03.276864+00:00,7.250578711907722e-05,False
2026-06-16 08:18:03.276864+00:00,0.0,False
2026-06-16 13:15:11.308608+00:00,1.7048125112762032e-05,False
2026-06-16 13:15:11.308608+00:00,0.0,False
2026-06-16 19:51:22.016160+00:00,-3.4730310612456614e-05,False
2026-06-16 19:51:22.016160+00:00,0.0,False
2026-06-17 02:27:32.734944+00:00,0.00014879899359468462,False
2026-06-17 02:27:32.734944+00:00,0.0,False
2026-06-17 02:27:32.735808+00:00,1.9185036096997697e-11,False
2026-06-17 02:27:32.735808+00:00,0.0,False
2026-06-17 17:18:56.849184+00:00,-1.4279843956053768e-05,False
2026-06-17 17:18:56.849184+00:00,0.0,False
2026-06-17 17:18:56.849184+00:00,0.0,False
2026-06-18 03:13:12.950688+00:00,0.00016500733369593568,False
2026-06-18 03:13:12.950688+00:00,0.0,False
2026-06-18 16:25:34.415040+00:00,0.0001117235831073959,False
2026-06-18 16:25:34.415040+00:00,0.0,False
2026-06-18 19:43:39.788256+00:00,0.00021436526298421763,False
2026-06-18 19:43:39.788256+00:00,0.0,False
2026-06-18 19:43:39.788256+00:00,0.0,False
2026-06-19 02:19:50.520000+00:00,-9.219624162244168e-05,False
2026-06-19 02:19:50.520000+00:00,0.0,False
2026-06-19 02:19:50.520864+00:00,2.0692918798177337e-11,False
2026-06-19 02:19:50.520864+00:00,0.0,False
2026-06-19 08:56:01.260384+00:00,-5.644771116188009e-06,False
2026-06-19 08:56:01.260384+00:00,0.0,False
2026-06-19 17:11:14.692992+00:00,0.00017197029145014345,False
2026-06-19 17:11:14.692992+00:00,0.0,False
2026-06-19 17:11:14.693856+00:00,1.909215256943081e-11,False
2026-06-19 17:11:14.693856+00:00,0.0,False
2026-06-20 01:26:28.134240+00:00,0.0001725864134539003,False
2026-06-20 01:26:28.134240+00:00,0.0,False
2026-06-20 08:02:38.890176+00:00,0.0001596166444405632,False
2026-06-20 08:02:38.890176+00:00,0.0,False
2026-06-22 09:33:59.649984+00:00,0.0007705952337101838,False
2026-06-22 09:33:59.649984+00:00,0.0,False
2026-06-23 20:13:56.265312+00:00,-2.1147509603555974e-05,False
2026-06-23 20:13:56.265312+00:00,0.0,False
2026-06-24 02:50:07.056672+00:00,0.00010946689249599411,False
2026-06-24 02:50:07.056672+00:00,0.0,False
2026-06-25 03:35:47.535072+00:00,-0.00055768757315289,False
2026-06-25 03:35:47.535072+00:00,0.0,False
2026-06-25 13:30:03.730752+00:00,0.000679589484708978,False
2026-06-25 13:30:03.730752+00:00,0.0,False
2026-06-25 15:09:06.429888+00:00,0.0001581399245905692,False
2026-06-25 15:09:06.429888+00:00,0.0,False
2026-06-25 16:48:09.129888+00:00,0.00015159322843498425,False
2026-06-25 16:48:09.129888+00:00,0.0,False
2026-06-26 02:42:25.344576+00:00,0.0011199918894183555,False
2026-06-26 02:42:25.344576+00:00,0.0,False
2026-06-26 02:42:25.345440+00:00,4.100982925716962e-11,False
2026-06-26 02:42:25.345440+00:00,0.0,False
2026-06-26 12:36:41.563584+00:00,0.0009518061152585745,False
2026-06-26 12:36:41.563584+00:00,0.0,False
2026-06-26 17:33:49.671360+00:00,0.00041088388919453085,False
2026-06-26 17:33:49.671360+00:00,0.0,False
2026-06-26 20:51:55.074816+00:00,-5.4898561354510566e-05,False
2026-06-26 20:51:55.074816+00:00,0.0,False
2026-06-27 01:49:03.182592+00:00,0.0003030046675714948,False
2026-06-27 01:49:03.182592+00:00,0.0,False
2026-06-27 01:49:03.183456+00:00,-3.2482808186567495e-06,False
2026-06-27 01:49:03.183456+00:00,0.0,False
2026-06-27 08:25:13.997280+00:00,0.0004563258521794386,False
2026-06-27 08:25:13.997280+00:00,0.0,False
2026-06-27 19:58:32.930112+00:00,0.0013443628138537548,False
2026-06-27 19:58:32.930112+00:00,0.0,False
2026-06-28 00:55:41.043072+00:00,0.00044030474227428585,False
2026-06-28 00:55:41.043072+00:00,0.0,False
2026-06-28 00:55:41.043936+00:00,4.1062737841046584e-11,False
2026-06-28 00:55:41.043936+00:00,0.0,False
2026-06-28 14:08:02.697504+00:00,0.0011972775901346253,False
2026-06-28 14:08:02.697504+00:00,0.0,False
2026-06-28 17:26:08.107008+00:00,0.00023088953083193024,False
2026-06-28 17:26:08.107008+00:00,0.0,False
2026-06-29 03:20:24.349344+00:00,0.0001462973489127252,False
2026-06-29 03:20:24.349344+00:00,0.0,False
2026-06-30 14:00:21.214368+00:00,0.002396465199848382,False
2026-06-30 14:00:21.214368+00:00,0.0,False
2026-06-30 14:00:21.214368+00:00,0.0,False
2026-07-01 01:33:40.161024+00:00,0.0001579773962740146,False
2026-07-01 01:33:40.161024+00:00,0.0,False
2026-07-01 01:33:40.161888+00:00,7.081651705482192e-11,False
2026-07-01 01:33:40.161888+00:00,0.0,False
2026-07-01 08:09:50.992128+00:00,0.0011882259046321249,False
2026-07-01 08:09:50.992128+00:00,0.0,False
2026-07-01 08:09:50.992992+00:00,6.679470574047083e-11,False
2026-07-01 08:09:50.992992+00:00,0.0,False
2026-07-01 23:01:15.389760+00:00,0.003114837968636974,False
2026-07-01 23:01:15.389760+00:00,0.0,False
2026-07-02 02:19:20.808768+00:00,-0.00017304252065729754,False
2026-07-02 02:19:20.808768+00:00,0.0,False
2026-07-02 13:52:39.787392+00:00,0.0008338005081615914,False
2026-07-02 13:52:39.787392+00:00,0.0,False
2026-07-02 20:28:50.629728+00:00,0.0014875435740287217,False
2026-07-02 20:28:50.629728+00:00,0.0,False
2026-07-03 12:59:17.723040+00:00,0.0008015145994495873,False
2026-07-03 12:59:17.723040+00:00,0.0,False
2026-07-03 19:35:28.565376+00:00,-0.0005014087902447399,False
2026-07-03 19:35:28.565376+00:00,0.0,False
2026-07-03 19:35:28.565376+00:00,0.0,False
2026-07-04 08:47:50.237088+00:00,0.0005368423248147498,False
2026-07-04 08:47:50.237088+00:00,0.0,False
2026-07-04 13:44:58.318944+00:00,-0.0025070332086566107,False
2026-07-04 13:44:58.318944+00:00,0.0,False
2026-07-04 20:21:09.162144+00:00,0.0017244360792064062,False
2026-07-04 20:21:09.162144+00:00,0.0,False
2026-07-05 02:57:20.012256+00:00,0.000991787118100001,False
2026-07-05 02:57:20.012256+00:00,0.0,False
2026-07-05 02:57:20.012256+00:00,0.0,False
2026-07-05 19:27:47.121984+00:00,0.002590208109407508,False
2026-07-05 19:27:47.121984+00:00,0.0,False
2026-07-06 02:03:57.979008+00:00,0.0007040359496998205,False
2026-07-06 02:03:57.979008+00:00,0.0,False
2026-07-06 16:55:22.380960+00:00,0.0012016652213222912,False
2026-07-06 16:55:22.380960+00:00,0.0,False
2026-07-06 16:55:22.381824+00:00,2.2129119153670154e-11,False
2026-07-06 16:55:22.381824+00:00,0.0,False
2026-07-07 16:02:00.328704+00:00,0.0008120901995500593,False
2026-07-07 16:02:00.328704+00:00,0.0,False
2026-07-08 01:56:16.595232+00:00,0.00038266686478045844,False
2026-07-08 01:56:16.595232+00:00,0.0,False
2026-07-08 08:32:27.440160+00:00,-0.00012586772002026996,False
2026-07-08 08:32:27.440160+00:00,0.0,False
2026-07-08 15:08:38.280768+00:00,-0.00019783739425477018,False
2026-07-08 15:08:38.280768+00:00,0.0,False
2026-07-09 01:02:54.542976+00:00,0.0003757848831243123,False
2026-07-09 01:02:54.542976+00:00,0.0,False
2026-07-10 01:48:35.208864+00:00,8.684622472483576e-05,False
2026-07-10 01:48:35.208864+00:00,0.0,False
2026-07-11 00:55:13.174752+00:00,0.0005465276049272608,False
2026-07-11 00:55:13.174752+00:00,0.0,False
2026-07-11 00:55:13.174752+00:00,0.0,False
2026-07-11 12:28:32.162016+00:00,0.00011955383475627159,False
2026-07-11 12:28:32.162016+00:00,0.0,False
2026-07-11 12:28:32.162016+00:00,0.0,False
2026-07-11 17:25:40.299168+00:00,9.452851382285398e-05,False
2026-07-11 17:25:40.299168+00:00,0.0,False
2026-07-11 17:25:40.299168+00:00,0.0,False
2026-07-11 17:25:40.299168+00:00,0.0,False
2026-07-11 17:25:40.299168+00:00,0.0,False
2026-07-12 01:40:53.857056+00:00,-5.998409081597216e-05,False
2026-07-12 01:40:53.857056+00:00,0.0,False
2026-07-12 01:40:53.857056+00:00,0.0,False
2026-07-12 13:14:12.844320+00:00,0.00021776751559978878,False
2026-07-12 13:14:12.844320+00:00,0.0,False
2026-07-12 13:14:12.844320+00:00,0.0,False
2026-07-12 16:32:18.269376+00:00,0.0001346172367162832,False
2026-07-12 16:32:18.269376+00:00,0.0,False
2026-07-12 16:32:18.269376+00:00,0.0,False
2026-07-13 00:47:31.822944+00:00,-7.2224399107556e-05,False
2026-07-13 00:47:31.822944+00:00,0.0,False
2026-07-13 00:47:31.822944+00:00,0.0,False
2026-07-13 00:47:31.823808+00:00,1.6397438574498136e-11,False
2026-07-13 00:47:31.823808+00:00,0.0,False
2026-07-13 00:47:31.823808+00:00,0.0,False
2026-07-13 17:17:58.948224+00:00,0.00024105606864001893,False
2026-07-13 17:17:58.948224+00:00,0.0,False
2026-07-14 03:12:15.220800+00:00,1.4171190838975912e-05,False
2026-07-14 03:12:15.220800+00:00,0.0,False
2026-07-14 14:45:34.209792+00:00,0.00010465063607266987,False
2026-07-14 14:45:34.209792+00:00,0.0,False
2026-07-14 16:24:36.921024+00:00,2.58556760058059e-05,False
2026-07-14 16:24:36.921024+00:00,0.0,False
2026-07-14 23:00:47.765952+00:00,1.133004961073814e-05,False
2026-07-14 23:00:47.765952+00:00,0.0,False
2026-07-15 02:18:53.186688+00:00,-3.578457837313261e-05,False
2026-07-15 02:18:53.186688+00:00,0.0,False
2026-07-15 02:18:53.187552+00:00,1.579181752723545e-11,False
2026-07-15 02:18:53.187552+00:00,0.0,False
2026-07-16 03:04:33.849984+00:00,0.0003104709255477827,False
2026-07-16 03:04:33.849984+00:00,0.0,False
2026-07-16 03:04:33.850848+00:00,1.64202578228815e-11,False
2026-07-16 03:04:33.850848+00:00,0.0,False
2026-07-16 12:58:50.107872+00:00,-3.697771276912822e-05,False
2026-07-16 12:58:50.107872+00:00,0.0,False
2026-07-16 14:37:52.817376+00:00,2.6303465903785274e-05,False
2026-07-16 14:37:52.817376+00:00,0.0,False
2026-07-16 16:16:55.527744+00:00,1.6160503519744082e-05,False
2026-07-16 16:16:55.527744+00:00,0.0,False
2026-07-16 22:53:06.369216+00:00,0.00013756962735562555,False
2026-07-16 22:53:06.369216+00:00,0.0,False
2026-07-17 13:44:30.747840+00:00,0.0001560335320233378,False
2026-07-17 13:44:30.747840+00:00,0.0,False
2026-07-17 13:44:30.748704+00:00,1.546784885855954e-11,False
2026-07-17 13:44:30.748704+00:00,0.0,False
2026-07-18 07:54:00.533376+00:00,3.988768549962208e-05,False
2026-07-18 07:54:00.533376+00:00,0.0,False
2026-07-18 16:09:14.065344+00:00,0.00020978780349824376,False
2026-07-18 16:09:14.065344+00:00,0.0,False
2026-07-19 02:03:30.295584+00:00,-0.00016310885740506407,False
2026-07-19 02:03:30.295584+00:00,0.0,False
2026-07-19 20:13:00.032736+00:00,0.00011835810909708168,False
2026-07-19 20:13:00.032736+00:00,0.0,False
2026-07-20 01:10:08.141376+00:00,5.944854530575067e-06,False
2026-07-20 01:10:08.141376+00:00,0.0,False
2026-07-20 09:25:21.660384+00:00,-0.0001342219111796643,False
2026-07-20 09:25:21.660384+00:00,0.0,False
2026-07-21 01:55:48.653472+00:00,-0.0004939072339322926,False
2026-07-21 01:55:48.653472+00:00,0.0,False
2026-07-22 02:41:29.085216+00:00,-0.0007700406844820345,False
2026-07-22 02:41:29.085216+00:00,0.0,False
2026-07-22 12:35:45.241152+00:00,0.0005330786036533992,False
2026-07-22 12:35:45.241152+00:00,0.0,False
2026-07-23 01:48:06.771168+00:00,1.9812037445624637e-05,False
2026-07-23 01:48:06.771168+00:00,0.0,False
2026-07-23 13:21:25.597728+00:00,0.00012159603453468552,False
2026-07-23 13:21:25.597728+00:00,0.0,False
2026-07-23 13:21:25.598592+00:00,3.0688872657870914e-11,False
2026-07-23 13:21:25.598592+00:00,0.0,False
2026-07-23 23:15:41.723424+00:00,-0.00016599613627478818,False
2026-07-23 23:15:41.723424+00:00,0.0,False
2026-07-24 02:33:47.068992+00:00,-0.0009556947020625474,False
2026-07-24 02:33:47.068992+00:00,0.0,False
2026-07-24 09:09:57.801600+00:00,0.00020273562966008514,False
2026-07-24 09:09:57.801600+00:00,0.0,False
2026-07-25 08:16:35.338944+00:00,0.00012391039735895918,False
2026-07-25 08:16:35.338944+00:00,0.0,False
2026-07-26 02:26:04.750368+00:00,-0.000788532988768096,False
2026-07-26 02:26:04.750368+00:00,0.0,False
2026-07-26 13:59:23.449920+00:00,-0.00099688039860146,False
2026-07-26 13:59:23.449920+00:00,0.0,False
2026-07-27 01:32:42.122688+00:00,8.604228988983169e-05,False
2026-07-27 01:32:42.122688+00:00,0.0,False
2026-07-27 13:06:00.776448+00:00,-0.0005166399361356609,False
2026-07-27 13:06:00.776448+00:00,0.0,False
2026-07-28 02:18:22.056768+00:00,-0.000245053267724155,False
2026-07-28 02:18:22.056768+00:00,0.0,False
2026-07-28 13:51:40.674240+00:00,1.2922743132485733e-05,False
2026-07-28 13:51:40.674240+00:00,0.0,False
2026-07-29 01:24:59.249376+00:00,-0.0004026462613413366,False
2026-07-29 01:24:59.249376+00:00,0.0,False
2026-07-29 03:04:01.904448+00:00,2.85634842447292e-05,False
2026-07-29 03:04:01.904448+00:00,0.0,False
2026-07-29 12:58:17.815008+00:00,-0.0007394787567425334,False
2026-07-29 12:58:17.815008+00:00,0.0,False
2026-07-30 02:10:38.984736+00:00,0.00039105833426045103,False
2026-07-30 02:10:38.984736+00:00,0.0,False
2026-07-30 17:02:02.781024+00:00,-0.0010819206742514666,False
2026-07-30 17:02:02.781024+00:00,0.0,False
2026-07-31 14:29:37.067136+00:00,-0.00014963952993001265,False
2026-07-31 14:29:37.067136+00:00,0.0,False
2026-07-31 21:05:47.588064+00:00,0.0005673694183389505,False
2026-07-31 21:05:47.588064+00:00,0.0,False
2026-08-01 02:02:55.478976+00:00,-0.0001542731508037612,False
2026-08-01 02:02:55.478976+00:00,0.0,False
2026-08-01 13:36:13.893408+00:00,-0.0014198112786676916,False
2026-08-01 13:36:13.893408+00:00,0.0,False
2026-08-01 23:30:29.638944+00:00,0.0006304958842938735,False
2026-08-01 23:30:29.638944+00:00,0.0,False
2026-08-02 02:48:34.881696+00:00,0.00032967560491110344,False
2026-08-02 02:48:34.881696+00:00,0.0,False
2026-08-02 02:48:34.882560+00:00,1.9131661208482306e-11,False
2026-08-02 02:48:34.882560+00:00,0.0,False
2026-08-02 09:24:45.369792+00:00,-0.00022398838470262343,False
2026-08-02 09:24:45.369792+00:00,0.0,False
2026-08-02 16:00:55.855296+00:00,-0.0008034180239864563,False
2026-08-02 16:00:55.855296+00:00,0.0,False
2026-08-03 13:28:29.840736+00:00,-0.0005307575028902539,False
2026-08-03 13:28:29.840736+00:00,0.0,False
2026-08-03 20:04:40.285632+00:00,0.00077304382562686,False
2026-08-03 20:04:40.285632+00:00,0.0,False
2026-08-05 01:47:27.170592+00:00,-0.00023477164621040023,False
2026-08-05 14:59:47.973120+00:00,-0.00011712115107921,False
2026-08-06 02:33:06.142176+00:00,-5.840530206353107e-05,False
2026-08-06 14:06:24.293952+00:00,-0.00036994530731715154,False
2026-08-06 15:45:26.885952+00:00,1.3641288894760152e-05,False
2026-08-07 01:39:42.422400+00:00,-5.971531689863592e-06,False
2026-08-07 16:31:05.699424+00:00,-0.0005503815855510798,False
2026-08-07 19:49:10.867008+00:00,0.0002527624134334855,False
2026-08-07 23:07:16.032000+00:00,-6.273667508091728e-05,False
2026-08-08 02:25:21.197856+00:00,-8.919426001362653e-05,False
2026-08-08 02:25:21.198720+00:00,1.1250232894773238e-11,False
2026-08-08 13:58:39.259776+00:00,-0.00047828696358796644,False
2026-08-08 15:37:41.837088+00:00,-1.8729596605776585e-05,False
2026-08-09 01:31:57.286272+00:00,-0.00015268801144659682,False
2026-08-09 08:08:07.577376+00:00,-0.0003789982859759995,False
2026-08-09 19:41:25.581408+00:00,0.00036012353728364613,False
2026-08-10 02:17:35.856096+00:00,-0.00011628089913848943,False
2026-08-10 15:29:56.388192+00:00,-0.0001691322867702343,False
2026-08-11 03:03:14.323104+00:00,-0.0002827181401952361,False
2026-08-11 16:15:34.792128+00:00,-0.000336015767834125,False
2026-08-11 16:15:34.792992+00:00,1.4061040521014308e-11,False
2026-08-12 02:09:50.117760+00:00,-0.00024477749780846714,False
2026-08-12 13:43:07.987872+00:00,0.00019757036470362645,False
2026-08-13 02:55:28.380000+00:00,-3.09472866620072e-05,False
2026-08-13 16:07:48.737568+00:00,-0.000326733049567425,False
2026-08-13 16:07:48.738432+00:00,1.4522237849035402e-11,False
2026-08-14 02:02:03.988032+00:00,-0.00023873805926664547,False
2026-08-14 02:02:03.988896+00:00,1.740785786440501e-11,False
2026-08-14 08:38:14.142624+00:00,-6.0281351205186435e-05,False
2026-08-14 13:35:21.753600+00:00,0.00021490803330085517,False
2026-08-14 20:11:31.896096+00:00,-0.0002115501772803805,False
2026-08-14 20:11:31.896960+00:00,1.6927517260175908e-11,False
2026-08-15 02:47:42.037728+00:00,0.0002318348584904533,False
2026-08-15 02:47:42.038592+00:00,1.6628946238968366e-11,False
2026-08-15 09:23:52.166400+00:00,9.239125408013046e-06,False
2026-08-15 12:41:57.224256+00:00,0.00020821616474626882,False
2026-08-15 16:00:02.282112+00:00,4.487779710343122e-05,False
2026-08-15 16:00:02.282976+00:00,1.7202484508526115e-11,False
2026-08-16 01:54:17.447904+00:00,-0.0007485389450232541,False
2026-08-16 01:54:17.448768+00:00,1.922115035643473e-11,False
2026-08-16 08:30:27.546336+00:00,3.50799594151267e-05,False
2026-08-16 16:45:40.163328+00:00,1.4678262413297103e-05,False
2026-08-16 23:21:50.246208+00:00,-6.742946507172335e-05,False
2026-08-17 02:39:55.279008+00:00,-8.853614900340516e-05,False
2026-08-17 20:49:22.949472+00:00,-0.00027139674305067495,False
2026-08-18 01:46:30.483552+00:00,-0.0010171831223756934,False
2026-08-18 19:55:58.071072+00:00,0.0002975254835345146,False
2026-08-18 23:14:03.070176+00:00,-0.0008479442664983532,False
2026-08-19 02:32:08.072736+00:00,-5.447918746882347e-05,False
2026-08-19 12:26:23.082144+00:00,0.000602110897275942,False
2026-08-20 14:51:02.991168+00:00,0.00032179899935934255,False
2026-08-20 23:06:15.426720+00:00,-0.0006162601178653259,False
2026-08-21 02:24:20.405088+00:00,3.7576155025467826e-05,False
2026-08-21 20:33:47.721312+00:00,-0.00010665713290588402,False
2026-08-22 08:07:05.060928+00:00,-0.0003260348922865208,False
2026-08-22 08:07:05.061792+00:00,1.7838907550035437e-11,False
2026-08-22 13:04:12.487008+00:00,-0.0002425767180052483,False
2026-08-22 19:40:22.383264+00:00,-4.3165486441176576e-05,False
2026-08-23 00:37:29.793792+00:00,-0.0002502438800544449,False
2026-08-23 20:25:59.392704+00:00,-0.0004045027818123659,False
2026-08-24 19:32:33.831744+00:00,-0.0007529279486273739,False
2026-08-25 02:08:43.651968+00:00,-0.00010224347273254041,False
2026-08-25 13:42:00.811008+00:00,-0.0004102738924870858,False
2026-08-25 13:42:00.811872+00:00,2.085978751048047e-11,False
2026-08-26 02:54:20.397024+00:00,-0.0005217985687140602,False
2026-08-26 02:54:20.397888+00:00,1.8768821425217032e-11,False
2026-08-27 02:00:54.597600+00:00,-0.0008789931057526911,False
2026-08-27 02:00:54.598464+00:00,1.7394727916445478e-11,False
2026-08-27 13:34:11.663328+00:00,-0.0014005210977243135,False
2026-08-28 02:46:31.143072+00:00,0.0010536906554268067,False
2026-08-28 02:46:31.143936+00:00,1.6757333964984215e-11,False
2026-08-29 01:53:05.142336+00:00,-0.0009817291889919625,False
2026-08-29 23:20:36.635136+00:00,0.0001939614363984628,False
2026-08-30 02:38:41.477856+00:00,7.163457435582446e-05,False
2026-08-30 02:38:41.478720+00:00,-3.2481408272736156e-06,False
2026-08-30 14:11:58.405344+00:00,-2.476858517888559e-05,False
2026-08-30 15:51:00.821088+00:00,1.973366220936213e-05,False
2026-08-30 15:51:00.821952+00:00,1.9595245826199887e-11,False
2026-08-31 01:45:15.299136+00:00,0.00015250457547551655,False
2026-08-31 08:21:24.941376+00:00,-0.00018279824853065815,False
2026-08-31 13:18:32.173920+00:00,-0.00011461304159273268,False
2026-08-31 16:36:36.991584+00:00,-4.302879700965095e-06,False
2026-08-31 16:36:36.992448+00:00,1.8502662518593834e-11,False
2026-09-01 02:30:51.433344+00:00,0.0002470873245561619,False
2026-09-01 15:43:10.670304+00:00,-0.0002567203260377025,False
2026-09-02 01:37:25.078368+00:00,-0.00022834968968743203,False
2026-09-02 08:13:34.679136+00:00,0.00020709654850330054,False
2026-09-02 13:10:41.872800+00:00,-0.00011760680111584274,False
2026-09-02 19:46:51.461472+00:00,0.0003456656989973163,False
2026-09-03 13:56:17.810016+00:00,0.00044718141145101416,False
2026-09-03 17:14:22.594848+00:00,-3.7312902038727145e-05,False
2026-09-03 17:14:22.595712+00:00,1.6900360157356854e-11,False
2026-09-04 19:39:00.838080+00:00,0.0001512619060298659,False
2026-09-04 19:39:00.838080+00:00,0.0,False
2026-09-05 13:48:27.081216+00:00,-0.0006966937031150828,False
2026-09-05 15:27:29.471040+00:00,0.0003166594181706021,False
2026-09-05 15:27:29.471904+00:00,1.7194983913739983e-11,False
2026-09-06 01:21:43.775424+00:00,0.00010542287170841268,False
2026-09-06 14:34:02.830080+00:00,-0.0001994795154671875,False
2026-09-06 19:31:09.970176+00:00,-4.8872992903411985e-05,False
2026-09-07 13:40:36.132096+00:00,-0.0004285134654500491,False
2026-09-07 20:16:45.634368+00:00,-8.567489280088606e-05,False
2026-09-08 12:47:09.375360+00:00,2.1511596699825934e-05,False
2026-09-08 14:26:11.745312+00:00,-7.568297096622128e-05,False
2026-09-08 22:41:23.601120+00:00,0.00010527517945513537,False
2026-09-09 08:35:37.830336+00:00,0.0006612060189365454,False
2026-09-09 13:32:44.937600+00:00,4.035538806804347e-05,False
2026-09-09 16:50:49.674912+00:00,6.831043766092131e-05,False
2026-09-09 23:26:59.145216+00:00,-0.000157977414642412,False
2026-09-10 12:39:18.084096+00:00,0.00028885108502952673,False
2026-09-10 14:18:20.448864+00:00,3.5983701845821e-06,False
2026-09-10 15:57:22.815360+00:00,-5.78949269592367e-05,False
2026-09-11 01:51:36.991008+00:00,-0.00011587846010141967,False
2026-09-11 01:51:36.991872+00:00,1.790734593583934e-11,False
2026-09-11 13:24:53.529696+00:00,-0.00015128344853779837,False
2026-09-11 16:42:58.254912+00:00,-1.1212757986603578e-05,False
2026-09-11 20:01:02.978400+00:00,2.9394424469476464e-05,False
2026-09-12 00:58:10.062336+00:00,-8.131827774582242e-05,False
2026-09-12 02:37:12.420192+00:00,-5.800543605326035e-05,False
2026-09-12 15:49:31.294272+00:00,-0.0002347941775019516,False
2026-09-13 01:43:45.444000+00:00,-0.00047336717799546075,False
2026-09-13 01:43:45.444864+00:00,1.8245929151471124e-11,False
2026-09-13 13:17:01.937760+00:00,-0.00020644076170100035,False
2026-09-14 00:50:18.433248+00:00,0.00017803546413231851,False
2026-09-14 12:23:34.920096+00:00,-0.00010903652196856079,False
2026-09-14 12:23:34.920960+00:00,1.778675048852837e-11,False
2026-09-15 08:12:03.163392+00:00,-0.0002892464929217847,False
2026-09-15 13:09:10.228320+00:00,0.00047144567898351744,False
2026-09-16 00:42:26.689248+00:00,-4.583596737385586e-06,False
2026-09-16 08:57:38.447424+00:00,-0.0004005367014408357,False
2026-09-17 01:28:01.951680+00:00,0.0001606123981282169,False
2026-09-17 13:01:18.408288+00:00,0.0005510547813928136,False
2026-09-17 16:19:23.105856+00:00,0.00014875920326908406,False
2026-09-17 16:19:23.106720+00:00,1.648410227925702e-11,False
2026-09-18 20:23:03.040800+00:00,0.0003682446531674919,False
2026-09-18 20:23:03.041664+00:00,1.445543967321995e-11,False
2026-09-19 01:20:10.074624+00:00,-0.000305888628507887,False
2026-09-19 01:20:10.075488+00:00,1.4993511964238374e-11,False
2026-09-19 19:29:35.903040+00:00,0.00017938655842755866,False
2026-09-19 19:29:35.903904+00:00,-3.248100622926833e-06,False
2026-09-20 02:05:45.292992+00:00,-8.493876408183107e-05,False
2026-09-20 02:05:45.293856+00:00,1.611563256249815e-11,False
2026-09-20 20:15:11.117088+00:00,0.0002512884308543647,False
2026-09-20 20:15:11.117952+00:00,1.4910913820197457e-11,False
2026-09-21 14:24:36.941184+00:00,-0.00014842490336917772,False
2026-09-22 01:57:53.373600+00:00,-0.00034903164361143593,False
2026-09-22 13:31:09.804288+00:00,0.00013059606762861698,False
2026-09-22 16:49:14.500992+00:00,0.00018467474314532134,False
2026-09-23 01:04:26.238432+00:00,6.169473365351906e-05,False
2026-09-23 12:37:42.681216+00:00,-7.41857296547516e-05,False
2026-09-23 19:13:52.071168+00:00,-9.109646790798204e-06,False
2026-09-24 16:41:22.593696+00:00,5.2969537441429834e-05,False
2026-09-24 23:17:31.980192+00:00,-9.814051037373961e-05,False
2026-09-25 12:29:50.766144+00:00,7.747117308804993e-05,False
2026-09-25 17:26:57.805152+00:00,5.1327505485855855e-05,False
2026-09-25 20:45:02.501856+00:00,8.992924245644016e-05,False
2026-09-26 01:42:09.540000+00:00,-6.46804288044479e-05,False
2026-09-26 01:42:09.540864+00:00,2.0945575531688e-11,False
2026-09-26 19:51:35.377056+00:00,0.0006426855151045582,False
2026-09-27 00:48:42.422976+00:00,-4.9007171877488696e-05,False
2026-09-27 00:48:42.423840+00:00,1.8631609032070823e-11,False
2026-09-28 01:34:17.665536+00:00,0.00034032003867718414,False
2026-09-28 14:46:36.466176+00:00,-0.00023598566677905176,False
2026-09-29 02:19:52.927104+00:00,0.00021774041376297984,False
2026-09-29 12:14:07.041408+00:00,0.00018020198927026635,False
2026-09-29 17:11:14.099424+00:00,0.0001616030963577876,False
2026-09-30 03:05:28.224096+00:00,-2.0625652216464782e-05,False
2026-09-30 12:59:42.348768+00:00,-5.3915119808081616e-05,False
2026-09-30 19:35:51.768960+00:00,0.00014664642435647672,False
2026-10-01 00:32:58.833888+00:00,-3.7886127589397106e-05,False
2026-10-01 08:48:10.619712+00:00,-4.0836866099194845e-05,False
2026-10-01 15:24:20.046816+00:00,-2.3851601541821643e-05,False
2026-10-01 17:03:22.404672+00:00,6.387870091020847e-05,False
2026-10-02 02:57:36.558720+00:00,0.00025874000145010255,False
2026-10-02 19:28:00.158016+00:00,4.996843495830652e-05,False
2026-10-03 02:04:09.603264+00:00,-1.4006576396330514e-05,False
2026-10-03 08:40:19.058880+00:00,7.174310930847485e-05,False
2026-10-03 20:13:35.599296+00:00,0.0003233830754318073,False
2026-10-04 01:10:42.691872+00:00,-3.317805807443526e-06,False
2026-10-04 12:43:59.248704+00:00,3.6354727816740196e-05,False
2026-10-04 14:23:01.612608+00:00,-3.2885670361578335e-05,False
2026-10-04 19:20:08.700000+00:00,-0.0004499674361763007,False
2026-10-05 01:56:18.166848+00:00,0.0002485378197449599,False
2026-10-05 15:08:37.110048+00:00,0.0009438424597958436,False
2026-10-05 16:47:39.478272+00:00,7.535859583661708e-05,False
2026-10-06 02:41:53.685024+00:00,9.294193831071204e-05,False
2026-10-06 02:41:53.685888+00:00,2.558985916737743e-11,False
2026-10-06 14:15:10.282464+00:00,0.0007772714266459856,False
