epoch,drag_resid_da,reentry
2016-01-18 01:25:41.153376+00:00,4.432351932646514,False
2016-01-18 07:01:34.686912+00:00,0.06078852894754049,False
2016-01-18 21:56:34.243872+00:00,0.0005375963433938043,False
2016-01-19 09:07:48.079776+00:00,-0.010247636448986118,False
2016-01-19 18:27:09.700128+00:00,-0.0023802266878881523,False
2016-01-20 11:14:00.634560+00:00,0.0030118412798104217,False
2016-01-20 16:49:37.736544+00:00,0.0013834476171153307,False
2016-01-21 17:03:58.450752+00:00,0.00806765058381458,False
2016-01-22 15:26:26.868192+00:00,0.0065276167364648995,False
2016-01-23 00:45:48.802176+00:00,0.0018513968820824392,False
2016-01-23 15:40:48.071424+00:00,0.0048478954355254044,False
2016-01-24 12:11:24.508320+00:00,0.00743600335840838,False
2016-01-24 17:47:01.839264+00:00,0.000657320746577856,False
2016-01-25 16:09:30.610944+00:00,0.0036089029674532605,False
2016-01-26 16:23:51.741600+00:00,0.0021395587226838235,False
2016-01-27 14:46:20.492544+00:00,0.0016398037559746312,False
2016-01-28 01:57:34.811424+00:00,0.000305204840590693,False
2016-01-28 13:08:50.554176+00:00,0.012218441381423431,False
2016-01-28 15:00:41.626656+00:00,-0.011006560790492604,False
2016-01-28 22:28:11.190432+00:00,0.00013147920763197291,False
2016-01-31 19:27:29.355552+00:00,9.997001103701376,False
2016-02-04 19:09:58.974336+00:00,19.898796078426535,False
2016-02-04 21:04:22.608480+00:00,6.92643871455203,False
2016-02-05 17:43:49.867104+00:00,0.013865385983160282,False
2016-02-06 01:14:32.477856+00:00,-0.0021657110507825182,False
2016-02-06 14:23:17.076480+00:00,0.0012624633255328352,False
2016-02-07 01:39:21.000384+00:00,-5.3928315129678675e-05,False
2016-02-07 12:55:25.024512+00:00,0.0015506110281893763,False
2016-02-08 02:04:09.630912+00:00,-5.515665261795356,False
2016-02-10 12:10:21.869184+00:00,-4.978508647216303,False
2016-02-11 14:24:35.368704+00:00,-0.005132479148313279,False
2016-02-12 03:31:42.802752+00:00,-0.08156076904065296,False
2016-02-12 22:16:09.212160+00:00,-0.7922688434298945,False
2016-02-13 18:52:41.312928+00:00,0.009603220789809767,False
2016-02-14 02:22:24.319776+00:00,0.0010720516519857795,False
2016-02-14 13:36:58.932864+00:00,0.0003497150283116356,False
2016-02-15 02:43:59.170656+00:00,-0.0012506273120077183,False
2016-02-15 13:58:33.677472+00:00,-0.0009589937601485633,False
2016-02-16 08:42:51.160032+00:00,-0.0007613634998741154,False
2016-02-16 12:27:42.673824+00:00,-0.00026037114729648124,False
2016-02-17 09:04:25.918464+00:00,-0.0006338087762003243,False
2016-02-17 14:41:43.188288+00:00,-0.0003177882388678997,False
2016-02-18 18:48:09.476928+00:00,-0.0006743368746976199,False
2016-02-19 13:32:26.992320+00:00,-0.0006413723014655141,False
2016-02-20 00:47:01.464576+00:00,-0.0003137801601624274,False
2016-02-20 15:46:27.497280+00:00,-0.000656835843021418,False
2016-02-21 01:08:36.217824+00:00,-0.0001510672644470386,False
2016-02-21 12:23:10.773888+00:00,-0.0003724656387947623,False
2016-02-22 01:30:10.977984+00:00,-0.00042941998119846975,False
2016-02-22 14:37:11.280576+00:00,-0.00044884710931300374,False
2016-02-23 01:51:45.728640+00:00,-0.0005283280675136439,False
2016-02-23 13:06:20.241504+00:00,-0.0004710213627458355,False
2016-02-24 07:50:37.662720+00:00,-0.0008920518904235197,False
2016-02-24 15:20:20.646240+00:00,-0.0002792112557647631,False
2016-02-25 08:12:12.385728+00:00,-0.00017121027712735474,False
2016-02-25 15:41:55.362336+00:00,0.0004278230300108278,False
2016-02-25 21:19:14.063808+00:00,0.012905180108376506,False
2016-02-26 08:33:47.306592+00:00,-0.011131889628843584,False
2016-02-26 16:03:30.447360+00:00,0.0009826706431616528,False
2016-02-27 08:55:22.495296+00:00,0.0021080621283392446,False
2016-02-27 14:32:39.910272+00:00,0.000541947028867103,False
2016-02-28 14:54:15.125760+00:00,0.0025352750638976368,False
2016-02-29 15:15:50.196960+00:00,0.0014573761765371395,False
2016-03-01 15:37:25.281120+00:00,0.0018803000584466162,False
2016-03-02 10:21:43.111872+00:00,0.002519535317775693,False
2016-03-03 01:21:09.209376+00:00,0.00013090274081806755,False
2016-03-03 14:28:09.702912+00:00,0.0001955981047046606,False
2016-03-04 01:42:44.267616+00:00,0.0006281930523176044,False
2016-03-04 14:49:44.730912+00:00,0.00021269195098102482,False
2016-03-05 07:41:36.631968+00:00,0.0006786273549833598,False
2016-03-05 15:11:19.737312+00:00,8.770382061391124e-05,False
2016-03-06 08:03:11.748960+00:00,0.000426408006316377,False
2016-03-06 15:32:54.811968+00:00,-0.0001810805186926475,False
2016-03-07 14:02:04.096896+00:00,0.00027021637340071377,False
2016-03-08 14:23:39.209568+00:00,0.00029647764719104697,False
2016-03-09 16:37:40.007424+00:00,-4.594531561350162e-05,False
2016-03-10 16:59:15.117504+00:00,0.0012633914578788822,False
2016-03-11 15:28:24.517344+00:00,0.0008613499833413187,False
2016-03-12 00:50:33.322560+00:00,0.003463066959445962,False
2016-03-12 15:49:59.727648+00:00,0.004023326949203201,False
2016-03-13 01:12:08.590752+00:00,-1.8433307519948787e-05,False
2016-03-13 18:04:00.503040+00:00,-0.0017295535084843406,False
2016-03-14 16:33:09.749088+00:00,2.905575999374602e-05,False
2016-03-15 01:55:18.573312+00:00,0.002086456280436673,False
2016-03-15 07:32:35.963232+00:00,-0.0006743008081817722,False
2016-03-15 18:47:10.546080+00:00,-0.0007726129586761882,False
2016-03-16 07:54:10.914336+00:00,-0.000897482380616695,False
2016-03-16 17:16:19.725600+00:00,-0.0007178314778730573,False
2016-03-17 10:08:11.649984+00:00,0.00019073370724979132,False
2016-03-17 17:37:54.718176+00:00,-0.00041042144740256997,False
2016-03-18 08:37:20.921088+00:00,0.0007633630682732445,False
2016-03-18 16:07:03.993600+00:00,-0.0002892119631808215,False
2016-03-19 08:58:55.932672+00:00,0.0014967577769268894,False
2016-03-19 16:28:39.044928+00:00,-0.00014075460448364035,False
2016-03-20 07:28:05.208096+00:00,-0.00040461868588937777,False
2016-03-20 14:57:48.252096+00:00,-0.00015993833252978833,False
2016-03-21 09:42:05.935104+00:00,0.0005197782784340676,False
2016-03-21 15:19:23.223936+00:00,-0.0002909515500174758,False
2016-03-22 10:03:40.938912+00:00,0.0006730577222822302,False
2016-03-22 17:33:23.964768+00:00,-0.0006184299603477575,False
2016-03-23 08:32:50.057088+00:00,5.495143520357546e-05,False
2016-03-23 16:02:33.095904+00:00,-0.0006419111163883261,False
2016-03-24 08:54:25.021152+00:00,0.0010932452568532761,False
2016-03-24 14:31:42.312576+00:00,-0.0004753264110313711,False
2016-03-25 07:23:34.217088+00:00,0.0011935115066526313,False
2016-03-25 22:23:00.342240+00:00,-0.0005420753263539771,False
2016-03-26 11:30:00.720000+00:00,-0.0006069596520322974,False
2016-03-26 18:59:43.755360+00:00,0.00039752309842085214,False
2016-03-27 08:06:44.220384+00:00,-0.00030254110371680454,False
2016-03-27 15:36:27.278208+00:00,-1.485432225407228e-05,False
2016-03-28 08:28:19.223328+00:00,0.0015047232695517424,False
2016-03-28 17:50:28.072608+00:00,-6.103912796830049e-05,False
2016-03-29 08:49:54.175296+00:00,-0.000632752140086659,False
2016-03-29 16:19:37.242624+00:00,-0.00023183937365911096,False
2016-03-30 09:11:29.078016+00:00,-0.0012529013417560666,False
2016-03-30 16:41:12.102144+00:00,-0.0005890832254497024,False
2016-03-31 07:40:38.239392+00:00,0.001540143108702145,False
2016-03-31 15:10:21.276480+00:00,-0.00023541502643441078,False
2016-04-01 09:54:38.887776+00:00,0.00046903500594431874,False
2016-04-01 17:24:21.923136+00:00,-0.0002279882111628337,False
2016-04-02 08:23:48.125184+00:00,-0.0009368143203523818,False
2016-04-02 15:53:31.157088+00:00,0.0013510310048888943,False
2016-04-03 06:52:57.319392+00:00,0.0006899195062623677,False
2016-04-03 16:15:06.147936+00:00,0.0010202611471520039,False
2016-04-04 09:06:58.115520+00:00,0.00048438733408231647,False
2016-04-04 16:36:41.167296+00:00,-0.0007371307349642647,False
2016-04-05 09:28:32.958624+00:00,-0.0028442497768256365,False
2016-04-05 16:58:15.987936+00:00,-0.0009179950946544217,False
2016-04-06 07:57:41.970528+00:00,-0.0022399575655968063,False
2016-04-06 15:27:24.969600+00:00,0.0021425552435794418,False
2016-04-07 08:19:16.918176+00:00,-0.001398169152538171,False
2016-04-07 15:48:59.935392+00:00,0.0017289230119513863,False
2016-04-08 08:40:51.737088+00:00,-0.0020961527632305174,False
2016-04-08 21:47:51.980064+00:00,-0.0004805014857306146,False
2016-04-09 10:54:52.248960+00:00,-0.0018271274333095144,False
2016-04-09 18:24:35.227296+00:00,0.003997698322331993,False
2016-04-10 07:31:35.635296+00:00,-0.0006505631931893068,False
2016-04-10 15:01:18.651648+00:00,0.0013397853038315344,False
2016-04-11 06:00:44.706816+00:00,-0.0011823650894653322,False
2016-04-11 15:22:53.461056+00:00,-0.0008292531264900924,False
2016-04-12 08:14:45.233376+00:00,-0.0012871696431489819,False
2016-04-12 15:44:28.201344+00:00,0.00038846043425670186,False
2016-04-13 08:36:20.000448+00:00,0.0006333697520264408,False
2016-04-13 16:06:03.028032+00:00,0.0011593061317153692,False
2016-04-14 08:57:54.836640+00:00,0.00011573071738407088,False
2016-04-14 16:27:37.866816+00:00,0.00018014772261950294,False
2016-04-15 09:19:29.679744+00:00,-0.0013091187456027852,False
2016-04-15 14:56:46.947840+00:00,0.0008598810973294994,False
2016-04-16 15:18:21.813408+00:00,0.001181720951701273,False
2016-04-17 15:39:56.757600+00:00,0.001190927633545745,False
2016-04-18 19:46:23.068704+00:00,-0.0024160495430066904,False
2016-04-19 05:08:31.833312+00:00,-0.0004357314024607008,False
2016-04-19 12:38:14.773632+00:00,-0.0010664291183543955,False
2016-04-19 14:30:40.521888+00:00,0.0033685052906667775,False
2016-04-19 18:15:32.059872+00:00,-6.97248186139378e-05,False
2016-04-20 16:44:41.208288+00:00,0.0011867318805811515,False
2016-04-21 02:06:50.059296+00:00,-0.0013472651640653516,False
2016-04-21 17:06:16.001280+00:00,-0.0013970413065580408,False
2016-04-22 02:28:24.780576+00:00,-0.00058754079317273,False
2016-04-22 15:35:25.033920+00:00,0.001599290127131723,False
2016-04-23 08:27:16.886592+00:00,-0.0003072037231364946,False
2016-04-23 15:56:59.885664+00:00,0.0024352574706781207,False
2016-04-24 08:48:51.748704+00:00,-0.001973986475848971,False
2016-04-24 16:18:34.726176+00:00,0.0010304588854338505,False
2016-04-25 09:10:26.536512+00:00,-0.002009781075471385,False
2016-04-25 14:47:43.749312+00:00,0.0020262914621669544,False
2016-04-26 09:32:01.334688+00:00,-0.0009295378584433824,False
2016-04-26 15:09:18.558720+00:00,0.002231423896268876,False
2016-04-27 13:38:27.649248+00:00,-0.0006416539064709596,False
2016-04-27 19:15:44.932032+00:00,-0.00030999832434991647,False
2016-04-28 15:52:28.187904+00:00,-0.0005291241808573037,False
2016-04-29 16:14:02.973120+00:00,0.00041032698656254463,False
2016-04-30 14:43:12.057600+00:00,0.001811180377782063,False
2016-05-01 01:57:46.657728+00:00,-0.001447292890576869,False
2016-05-01 15:04:46.857504+00:00,-9.099728771477949e-05,False
2016-05-02 02:19:21.404928+00:00,-0.0016923553030513106,False
2016-05-02 17:18:47.399616+00:00,0.0003292940268342858,False
2016-05-03 02:40:56.138304+00:00,-0.0001745751097602026,False
2016-05-04 03:02:31.012512+00:00,0.0007005877529760696,False
2016-05-04 16:09:31.265856+00:00,0.0010759674494483923,False
2016-05-05 09:01:23.013120+00:00,-0.00201657639465312,False
2016-05-05 16:31:05.993184+00:00,0.001956338337726191,False
2016-05-06 09:22:57.794880+00:00,-0.0015553424224661232,False
2016-05-06 15:00:15.034464+00:00,0.002499095156084918,False
2016-05-07 15:21:49.850784+00:00,0.0009976006677150189,False
2016-05-08 15:43:24.645504+00:00,-0.0021081381332187124,False
2016-05-09 16:04:59.477376+00:00,0.0009266709831106617,False
2016-05-10 16:26:34.330848+00:00,0.0007963292653111634,False
2016-05-11 14:55:43.355712+00:00,-0.00046882779303225564,False
2016-05-12 02:10:17.865984+00:00,-0.0009633287349895383,False
2016-05-12 15:17:18.057120+00:00,-0.0001153436627217804,False
2016-05-13 08:09:09.806112+00:00,-0.0005110907595920111,False
2016-05-13 15:38:52.808640+00:00,0.0010928754490493464,False
2016-05-14 08:30:44.541216+00:00,-0.0004001443563647596,False
2016-05-14 16:00:27.561024+00:00,0.0006871846183116683,False
2016-05-15 08:52:19.274592+00:00,-0.0007989480014763816,False
2016-05-15 16:22:02.284032+00:00,-0.0004622497732848647,False
2016-05-16 09:13:54.001056+00:00,0.0018621967003382663,False
2016-05-16 14:51:11.327040+00:00,-0.00032405327596915186,False
2016-05-17 09:35:28.804416+00:00,0.0015250150900004951,False
2016-05-17 15:12:46.128672+00:00,-1.5100023856638278e-05,False
2016-05-18 15:34:20.885376+00:00,-0.0012069153540884444,False
2016-05-19 08:26:12.605856+00:00,-5.335920099156359e-05,False
2016-05-19 15:55:55.666272+00:00,0.0009412149578096104,False
2016-05-20 16:17:30.556032+00:00,0.0035079744220929145,False
2016-05-21 14:46:39.784800+00:00,0.004649422222283896,False
2016-05-21 22:16:22.865088+00:00,0.0007761290706204964,False
2016-05-22 18:53:06.319680+00:00,0.0027702552739227275,False
2016-05-23 02:22:49.380960+00:00,-0.0007380260733934175,False
2016-05-23 15:29:49.815744+00:00,0.002969554753164901,False
2016-05-24 02:44:24.429696+00:00,-0.0011259336555887842,False
2016-05-24 15:51:24.818688+00:00,0.0004545858744411875,False
2016-05-25 19:57:51.289632+00:00,-0.0010170387573121193,False
2016-05-26 16:34:34.732992+00:00,0.0003871769592316517,False
2016-05-27 15:03:43.957440+00:00,0.0011172550865132217,False
2016-05-28 02:18:18.540288+00:00,-0.0018846165074847285,False
2016-05-28 15:25:18.838560+00:00,-0.0006459665895458208,False
2016-05-29 02:39:53.366976+00:00,-0.0017646651040649937,False
2016-05-29 15:46:53.796576+00:00,0.002525805241749226,False
2016-05-30 08:38:45.596544+00:00,0.0034629013575851013,False
2016-05-30 16:08:28.754592+00:00,-0.001831708280329551,False
2016-05-31 09:00:20.561472+00:00,-0.00025231843908790044,False
2016-05-31 14:37:37.908192+00:00,-0.00047445151550497977,False
2016-06-01 09:21:55.510848+00:00,0.00044536272109248567,False
2016-06-01 14:59:12.847200+00:00,-0.0003539164846008998,False
2016-06-02 15:20:47.886432+00:00,0.002519882626072008,False
2016-06-03 15:42:22.904064+00:00,-0.0009186048379399622,False
2016-06-04 14:11:32.042112+00:00,-0.0011642813945832932,False
2016-06-05 01:26:06.586944+00:00,-0.0002582511624774983,False
2016-06-05 14:33:07.013088+00:00,0.0015345815744640956,False
2016-06-06 01:47:41.589888+00:00,-0.0005598364444082158,False
2016-06-06 14:54:41.931360+00:00,-0.0006950198962961897,False
2016-06-07 02:09:16.461504+00:00,-0.001391645795823265,False
2016-06-07 15:16:16.805568+00:00,0.0006098917482885147,False
2016-06-08 02:30:51.349536+00:00,-0.0015647656672589248,False
2016-06-08 21:15:08.976384+00:00,0.0024716093892609104,False
2016-06-09 02:52:26.258304+00:00,0.0009623388274480472,False
2016-06-09 17:51:52.385184+00:00,0.0004639675571924427,False
2016-06-10 03:14:01.213728+00:00,-0.0005892930403180803,False
2016-06-10 14:28:35.819040+00:00,0.0003248847886560337,False
2016-06-11 09:12:53.456256+00:00,4.8974922506500574e-05,False
2016-06-11 14:50:10.769280+00:00,5.3993380233137974e-05,False
2016-06-12 13:19:20.095680+00:00,0.0020308967731104805,False
2016-06-12 18:56:37.381056+00:00,-0.00046405072860988773,False
2016-06-13 13:40:55.011360+00:00,-0.0011482699251434158,False
2016-06-14 15:54:55.707264+00:00,-0.00031261651436613924,False
2016-06-15 01:17:04.497792+00:00,0.0007030468077549628,False
2016-06-15 16:16:30.695520+00:00,0.0011298307781046073,False
2016-06-16 12:53:14.152704+00:00,0.0005328092158993309,False
2016-06-17 02:00:14.520960+00:00,-0.001515749433400753,False
2016-06-17 15:07:14.876256+00:00,-0.00013085130508324607,False
2016-06-18 02:21:49.415904+00:00,-0.0005954677750976028,False
2016-06-18 15:28:49.793664+00:00,0.0007886822829600753,False
2016-06-19 08:20:41.685216+00:00,0.0007586440659354255,False
2016-06-19 15:50:24.733536+00:00,-0.0004258027832230363,False
2016-06-20 08:42:16.613856+00:00,6.788492712421653e-05,False
2016-06-20 16:11:59.658720+00:00,-0.0007271324295865445,False
2016-06-21 09:03:51.528672+00:00,0.0007259392137132227,False
2016-06-21 14:41:08.832192+00:00,0.00024186179997501175,False
2016-06-22 09:25:26.522112+00:00,0.0018854120130215178,False
2016-06-22 15:02:43.860192+00:00,-0.0009071316213714335,False
2016-06-23 13:31:52.993920+00:00,-5.693558624766162e-05,False
2016-06-24 15:45:53.713152+00:00,-0.00018517580863624332,False
2016-06-25 19:52:20.243712+00:00,-0.00011074079439470048,False
2016-06-26 16:29:03.703488+00:00,0.0019899441771570516,False
2016-06-27 01:51:12.533760+00:00,-0.0005404957719173525,False
2016-06-27 14:58:12.876096+00:00,0.000620888018558272,False
2016-06-28 02:12:47.462400+00:00,0.0002486691456374112,False
2016-06-28 15:19:47.856576+00:00,-0.0004477997268847103,False
2016-06-29 02:34:22.440288+00:00,0.000802530903491302,False
2016-06-29 15:41:22.760160+00:00,-0.0020270613212054907,False
2016-06-30 08:33:14.653440+00:00,-0.000346967100341872,False
2016-06-30 16:02:57.670656+00:00,-0.0009187274242570755,False
2016-07-01 08:54:49.556160+00:00,0.0016238412711016654,False
2016-07-01 14:32:06.845856+00:00,-0.00015428384000688077,False
2016-07-02 09:16:24.528000+00:00,0.0003040014688949902,False
2016-07-02 16:46:07.561632+00:00,-0.0006706084042219033,False
2016-07-03 09:37:59.510208+00:00,0.0014094089096547864,False
2016-07-03 17:07:42.542112+00:00,-0.0005304160963499516,False
2016-07-04 09:59:34.439712+00:00,0.0006657877125387896,False
2016-07-04 17:29:17.490624+00:00,-0.0008201283592535006,False
2016-07-05 17:50:52.476288+00:00,0.0005994310724724092,False
2016-07-06 16:20:01.654080+00:00,0.0009373630134602313,False
2016-07-07 01:42:10.454976+00:00,0.0010010636699512637,False
2016-07-07 14:49:10.815456+00:00,-0.0017917067592123535,False
2016-07-08 02:03:45.362016+00:00,0.0010058286310642372,False
2016-07-08 15:10:45.721632+00:00,-0.0003671281779315536,False
2016-07-09 02:25:20.288064+00:00,0.002069369130499064,False
2016-07-09 15:32:20.587200+00:00,-0.0028780716511919626,False
2016-07-10 08:24:12.577248+00:00,0.0006153211607685466,False
2016-07-10 15:53:55.609152+00:00,2.453820545124534e-05,False
2016-07-11 08:45:47.574144+00:00,0.0012770802198844588,False
2016-07-11 16:15:30.645792+00:00,0.00028097117042334533,False
2016-07-12 09:07:22.600416+00:00,-0.0009161287092053042,False
2016-07-12 16:37:05.595168+00:00,-0.0005105923071606209,False
2016-07-13 15:06:14.767776+00:00,-0.00119214501182722,False
2016-07-14 17:20:15.590688+00:00,0.005574755332160326,False
2016-07-14 22:57:32.884704+00:00,7.172772222386939e-06,False
2016-07-15 19:34:16.305600+00:00,0.00014528055191473537,False
2016-07-15 21:26:42.068544+00:00,-5.528912713914958e-05,False
2016-07-16 19:55:51.256704+00:00,-3.4311149643114554e-06,False
2016-07-16 21:48:17.022240+00:00,-5.531979684800142e-05,False
2016-07-17 22:09:51.965568+00:00,-0.00016471584342039175,False
2016-07-18 20:39:01.148544+00:00,0.00025497640311669364,False
2016-07-19 22:53:01.856544+00:00,-0.00018677966994814032,False
2016-07-20 04:30:19.152288+00:00,7.392664955577219e-05,False
2016-07-20 21:22:11.027424+00:00,-0.00018704929239884977,False
2016-07-21 04:51:54.084384+00:00,4.2088353222424414e-05,False
2016-07-21 21:43:45.956064+00:00,-8.348343548686094e-05,False
2016-07-22 05:13:29.012160+00:00,8.167374723488172e-05,False
2016-07-22 22:05:20.882112+00:00,-5.220580226081058e-05,False
2016-07-23 11:12:21.223584+00:00,1.6518444850846786e-05,False
2016-07-23 22:26:55.800384+00:00,-0.00010470429278419415,False
2016-07-24 11:33:56.136672+00:00,-6.455857963677684e-05,False
2016-07-24 22:48:30.714336+00:00,0.0001880879349255784,False
2016-07-25 11:55:31.039392+00:00,-0.0008203240081131507,False
2016-07-25 21:17:39.829056+00:00,-0.0012862067688233273,False
2016-07-26 12:17:05.901504+00:00,-0.001009730953412935,False
2016-07-26 21:39:14.699808+00:00,-0.00023423308904864382,False
2016-07-27 12:38:40.770528+00:00,-0.00017516936638337338,False
2016-07-27 22:00:49.573152+00:00,0.0005806020559881519,False
2016-07-28 14:52:41.403360+00:00,0.0005343762290316485,False
2016-07-29 20:51:33.552576+00:00,0.00012563163755451083,False
2016-07-29 22:43:59.312064+00:00,-3.232619591505394e-05,False
2016-07-30 21:13:08.422464+00:00,0.00015833034206776497,False
2016-07-31 21:34:43.282848+00:00,-0.0002118157462379013,False
2016-08-01 05:04:26.319072+00:00,9.064868047327964e-05,False
2016-08-01 21:56:18.145824+00:00,-0.00017447808232318328,False
2016-08-02 12:55:44.213088+00:00,0.00012349513940045176,False
2016-08-02 22:17:53.001888+00:00,6.541241521055892e-05,False
2016-08-03 13:17:19.063104+00:00,-5.202091667152298e-06,False
2016-08-03 22:39:27.848448+00:00,-0.00015133453848017173,False
2016-08-04 19:16:11.181216+00:00,0.0001855216428353438,False
2016-08-05 19:37:46.025184+00:00,-7.91738716804491e-06,False
2016-08-05 21:30:11.783808+00:00,7.577497216093948e-06,False
2016-08-06 19:59:20.866560+00:00,8.722852318110961e-06,False
2016-08-06 21:51:46.624320+00:00,5.182922577015262e-05,False
2016-08-07 20:20:55.708800+00:00,7.741014256185686e-05,False
2016-08-07 22:13:21.467424+00:00,3.170498341450725e-05,False
2016-08-08 20:42:30.556224+00:00,0.00010606661704526144,False
2016-08-08 22:34:56.313984+00:00,-3.1815845489526474e-07,False
2016-08-09 21:04:05.401056+00:00,6.640701608370266e-05,False
2016-08-10 04:33:48.428640+00:00,2.872264775506752e-06,False
2016-08-10 21:25:40.245024+00:00,3.603664403961754e-05,False
2016-08-11 08:40:14.788128+00:00,1.418163171011387e-05,False
2016-08-11 21:47:15.091584+00:00,0.00017412690218199576,False
2016-08-12 12:46:41.145888+00:00,-0.00012275053296018207,False
2016-08-12 22:08:49.931232+00:00,7.115255904442619e-05,False
2016-08-13 13:08:15.981216+00:00,-8.187590124092654e-05,False
2016-08-13 22:30:24.765696+00:00,0.00011184792422361324,False
2016-08-14 19:07:08.085504+00:00,6.307208110949741e-05,False
2016-08-14 20:59:33.842400+00:00,4.015439646551062e-05,False
2016-08-15 19:28:42.914784+00:00,-0.000100250863021445,False
2016-08-15 21:21:08.670816+00:00,1.619934907052624e-05,False
2016-08-16 19:50:17.741472+00:00,9.236413956973603e-06,False
2016-08-16 21:42:43.497504+00:00,8.058933274105979e-05,False
2016-08-17 20:11:52.569024+00:00,0.0002918331722953801,False
2016-08-17 22:04:18.325056+00:00,-3.587273180225644e-05,False
2016-08-18 20:33:27.398304+00:00,1.6078382385228398e-05,False
2016-08-18 22:25:53.154336+00:00,3.665892555456911e-05,False
2016-08-19 20:55:02.224992+00:00,0.00014178385041511916,False
2016-08-20 21:16:37.056864+00:00,0.0001600872479932491,False
2016-08-21 02:53:54.324960+00:00,-1.807278145236271e-05,False
2016-08-21 21:38:11.886144+00:00,-2.5346796528567995e-05,False
2016-08-22 03:15:29.155968+00:00,3.887353734672029e-05,False
2016-08-22 21:59:46.718880+00:00,5.987544823303468e-05,False
2016-08-23 03:37:03.986112+00:00,-2.5107162243937756e-05,False
2016-08-23 20:28:55.789536+00:00,3.209549621779026e-05,False
2016-08-24 03:58:38.814528+00:00,2.4339548049027267e-05,False
2016-08-24 20:50:30.623136+00:00,0.00027408252258356977,False
2016-08-25 09:57:30.913632+00:00,5.656813504031249e-05,False
2016-08-25 21:12:05.447232+00:00,-4.5544691784323574e-05,False
2016-08-26 12:11:31.485984+00:00,1.4374702228658084e-05,False
2016-08-26 21:33:40.264416+00:00,-1.418681140345849e-05,False
2016-08-27 12:33:06.306624+00:00,5.130520238692003e-05,False
2016-08-27 21:55:15.083328+00:00,9.901237476889435e-05,False
2016-08-28 12:54:41.124672+00:00,-3.213934618759001e-05,False
2016-08-28 22:16:49.898784+00:00,-0.00012921971932193743,False
2016-08-29 18:53:33.205632+00:00,9.7531213458407e-05,False
2016-08-29 22:38:24.715104+00:00,0.00013177110963666664,False
2016-08-30 19:15:08.021952+00:00,0.00013502200353468892,False
2016-08-30 21:07:33.776256+00:00,5.754144100488758e-06,False
2016-08-31 19:36:42.840864+00:00,9.746443721660541e-05,False
2016-08-31 21:29:08.595168+00:00,-4.227934136270216e-05,False
2016-09-01 18:05:51.902016+00:00,-0.00011180656399766966,False
2016-09-02 05:20:26.432160+00:00,-1.1788139976133538e-05,False
2016-09-02 12:50:09.451968+00:00,0.0002082765319299169,False
2016-09-03 13:11:44.267424+00:00,1.04302604026901e-05,False
2016-09-03 22:33:53.042400+00:00,2.2037223599083753e-05,False
2016-09-04 19:10:36.340608+00:00,-0.00018116956194816502,False
2016-09-04 21:03:02.094912+00:00,1.8293032523614413e-05,False
2016-09-05 19:32:11.147424+00:00,0.00011892074055204618,False
2016-09-05 21:24:36.900864+00:00,-5.663366766050647e-06,False
2016-09-06 16:08:55.313088+00:00,0.0003806675065757054,False
2016-09-06 19:53:45.947328+00:00,-0.00037973120660697617,False
2016-09-06 21:46:11.701632+00:00,-1.6252973656667488e-06,False
2016-09-07 20:15:20.742048+00:00,-0.00015602619996953298,False
2016-09-07 22:07:46.495488+00:00,2.268618006172953e-05,False
2016-09-08 20:36:55.528992+00:00,1.350958733987214e-05,False
2016-09-08 22:29:21.282432+00:00,5.8851047193034795e-05,False
2016-09-09 19:06:04.565952+00:00,0.00016059500655399994,False
2016-09-09 22:50:56.071968+00:00,1.4084497949039332e-06,False
2016-09-10 21:20:05.108928+00:00,0.00013184847101970588,False
2016-09-11 02:57:22.369248+00:00,8.918208542819276e-06,False
2016-09-11 21:41:39.899328+00:00,0.00017917224690673322,False
2016-09-12 05:11:22.910496+00:00,1.996945399304527e-05,False
2016-09-12 12:41:05.922528+00:00,-2.9697280395105596e-05,False
2016-09-12 20:10:48.934560+00:00,0.00017969673692550903,False
2016-09-13 13:02:40.723296+00:00,0.00022689113756945394,False
2016-09-13 22:24:49.483584+00:00,-4.987636490878455e-05,False
2016-09-14 20:53:58.522272+00:00,0.00022033396657419177,False
2016-09-15 21:15:33.489792+00:00,0.011207339363046175,False
2016-09-16 04:45:16.554528+00:00,-1.879708257273232e-05,False
2016-09-16 21:37:08.453856+00:00,0.0001440452022571994,False
2016-09-17 12:36:34.587648+00:00,0.0002704425674404909,False
2016-09-17 21:58:43.422240+00:00,-0.00028063080871271423,False
2016-09-18 20:27:52.629408+00:00,-0.00019347381626717494,False
2016-09-18 22:20:18.396672+00:00,-4.555162539137856e-07,False
2016-09-19 13:19:44.524416+00:00,6.687160982850348e-05,False
2016-09-19 22:41:53.355552+00:00,9.707985187715337e-06,False
2016-09-20 13:41:19.480704+00:00,-0.0001494364518737641,False
2016-09-20 21:11:02.543712+00:00,0.00015494353579763632,False
2016-09-21 12:10:28.669728+00:00,3.236237952072268e-05,False
2016-09-21 21:32:37.497408+00:00,0.00012279292693916292,False
2016-09-22 18:09:20.916576+00:00,8.818811361670917e-05,False
2016-09-22 21:54:12.449376+00:00,4.814577895097278e-05,False
2016-09-23 22:15:47.408256+00:00,0.0002538906601980812,False
2016-09-24 00:08:13.173792+00:00,-7.992004426918024e-06,False
2016-09-24 20:44:56.593824+00:00,0.00010273520226960749,False
2016-09-25 04:14:39.653376+00:00,-0.00012445875290186114,False
2016-09-25 21:06:31.547520+00:00,0.0002805319598036877,False
2016-09-26 12:05:57.673536+00:00,7.618765139453415e-05,False
2016-09-26 13:58:23.438208+00:00,-5.615476344197013e-05,False
2016-09-26 17:43:14.968416+00:00,8.466068116975029e-06,False
2016-09-28 03:26:58.742880+00:00,-4.02710616960275e-05,False
2016-09-28 12:49:07.568832+00:00,5.274517579062229e-05,False
2016-09-28 22:11:16.391328+00:00,0.00010266822351243077,False
2016-09-29 11:18:16.744032+00:00,8.222981185120501e-05,False
2016-09-29 18:47:59.801856+00:00,6.65608504999915e-05,False
2016-09-30 11:39:51.682176+00:00,-4.18229256862038e-06,False
2016-09-30 22:54:26.266752+00:00,-1.1860328503781359e-05,False
2016-10-01 12:01:26.612544+00:00,1.5550467511624884e-05,False
2016-10-01 21:23:35.430720+00:00,5.648796890707323e-05,False
2016-10-02 12:23:01.539456+00:00,0.00010547843585954615,False
2016-10-02 21:45:10.360224+00:00,0.00018179386563692886,False
2016-10-03 12:44:36.469824+00:00,7.849448287861689e-05,False
2016-10-03 22:06:45.288864+00:00,2.1536281628370776e-05,False
2016-10-04 11:13:45.654528+00:00,0.0004882057405482942,False
2016-10-04 22:28:20.218368+00:00,-0.0003336033906967273,False
2016-10-05 11:35:20.564160+00:00,0.00011157548785178935,False
2016-10-05 22:49:55.147872+00:00,8.063146912497499e-05,False
2016-10-06 11:56:55.498848+00:00,0.00020915748780628887,False
2016-10-06 23:11:30.086880+00:00,0.00016184834542590937,False
2016-10-07 12:18:30.434400+00:00,2.9693921989450554e-05,False
2016-10-07 19:48:13.498272+00:00,0.00015972499583493435,False
2016-10-08 12:40:05.369952+00:00,3.409839106881471e-05,False
2016-10-08 22:02:14.187264+00:00,-7.911986740395674e-05,False
2016-10-09 18:38:57.588288+00:00,0.00047016995740297297,False
2016-10-09 22:23:49.123680+00:00,-0.00012058006074980029,False
2016-10-10 11:30:49.471200+00:00,1.2824597642335046e-05,False
2016-10-10 22:45:24.048864+00:00,-0.00012337596085653816,False
2016-10-11 11:52:24.393792+00:00,0.00013465377308742157,False
2016-10-11 23:06:58.971456+00:00,-9.98114040380185e-06,False
2016-10-12 12:13:59.311200+00:00,9.99928261639532e-05,False
2016-10-12 21:36:08.125920+00:00,0.00010135194886681395,False
2016-10-13 18:12:51.520032+00:00,0.00023219561830339455,False
2016-10-13 21:57:43.045920+00:00,-1.914483702514099e-05,False
2016-10-14 20:26:52.196064+00:00,-4.7612018891216165e-05,False
2016-10-14 22:19:17.958144+00:00,1.0614874858687885e-05,False
2016-10-15 22:40:52.875552+00:00,0.00038220595150590997,False
2016-10-16 04:18:10.164384+00:00,0.00010866388703422655,False
2016-10-16 11:47:53.217024+00:00,8.409818320653301e-05,False
2016-10-16 23:02:27.797280+00:00,0.00014339438354110117,False
2016-10-17 12:09:28.138752+00:00,8.577078922483237e-05,False
2016-10-17 14:01:53.902560+00:00,4.35169281976748e-05,False
2016-10-17 21:31:36.956928+00:00,3.3614744922955006e-05,False
2016-10-18 20:00:46.120032+00:00,0.0003123883551385761,False
2016-10-18 21:53:11.882976+00:00,1.517004628217435e-05,False
2016-10-19 20:22:21.047808+00:00,0.0001863259507802749,False
2016-10-19 22:14:46.809888+00:00,7.265636286139102e-06,False
2016-10-20 22:36:21.737664+00:00,0.0002066469734007392,False
2016-10-21 04:13:39.029952+00:00,0.00018691661539946744,False
2016-10-22 04:35:13.950816+00:00,-5.050261436116178e-07,False
2016-10-22 21:27:05.820768+00:00,0.00022415260557334915,False
2016-10-23 04:56:48.876000+00:00,0.00019461954583071785,False
2016-10-23 12:26:31.916544+00:00,0.0002089232791734951,False
2016-10-23 21:48:40.743360+00:00,-0.00014500514123313649,False
2016-10-24 10:55:41.082240+00:00,3.4825143736359315e-05,False
2016-10-24 22:10:15.659040+00:00,4.478113814479644e-05,False
2016-10-25 11:17:15.998784+00:00,0.00016783189004997604,False
2016-10-25 22:31:50.573856+00:00,0.00011284833633819486,False
2016-10-26 11:38:50.914464+00:00,0.00016023190888377867,False
2016-10-26 22:53:25.491264+00:00,0.0001171144267203581,False
2016-10-27 12:00:25.831008+00:00,6.863738634393381e-05,False
2016-10-27 21:22:34.647456+00:00,0.0001496989452520615,False
2016-10-28 12:22:00.751008+00:00,0.00020103489797285257,False
2016-10-29 03:21:26.854560+00:00,0.00014478529131722957,False
2016-10-29 10:51:09.908928+00:00,0.00010100194403669494,False
2016-10-29 22:05:44.490912+00:00,0.00020638647525936965,False
2016-10-30 11:12:44.838432+00:00,6.0559817621924254e-05,False
2016-10-30 22:27:19.419552+00:00,8.933844509982328e-05,False
2016-10-31 11:34:19.765344+00:00,8.460873988434543e-05,False
2016-10-31 22:48:54.344736+00:00,5.3077776037769995e-05,False
2016-11-01 21:18:03.511296+00:00,0.00037910823342680037,False
2016-11-02 21:39:38.420928+00:00,6.858306857935968e-05,False
2016-11-03 03:16:55.727904+00:00,7.150452574375947e-05,False
2016-11-03 22:01:13.356480+00:00,-9.924322693897304e-05,False
2016-11-04 03:38:30.647904+00:00,0.00017518931346967932,False
2016-11-04 22:22:48.273888+00:00,7.315445048166423e-05,False
2016-11-05 04:00:05.565312+00:00,0.00012726001060808648,False
2016-11-05 22:44:23.185248+00:00,-0.0001287263443991575,False
2016-11-06 04:21:40.473216+00:00,5.084552682770199e-05,False
2016-11-06 13:43:49.284480+00:00,5.2897568710969504e-05,False
2016-11-06 21:13:32.330208+00:00,5.960855479182083e-05,False
2016-11-07 19:42:41.466528+00:00,-4.273403525007776e-05,False
2016-11-07 21:35:07.226880+00:00,4.748997629744613e-05,False
2016-11-08 10:42:07.558848+00:00,2.1674065595807387e-05,False
2016-11-08 21:56:42.127008+00:00,-1.3786742339308926e-06,False
2016-11-09 12:56:08.222784+00:00,0.00014190340881300865,False
2016-11-09 22:18:17.028864+00:00,5.373706516328176e-05,False
2016-11-10 18:55:00.403968+00:00,-2.7628574373028117e-07,False
2016-11-10 22:39:51.923808+00:00,-0.0001265413293122298,False
2016-11-11 19:16:35.303232+00:00,0.0002037450900159088,False
2016-11-11 21:09:01.063584+00:00,-5.714843721208152e-05,False
2016-11-12 19:38:10.204224+00:00,0.00024159157697391267,False
2016-11-12 21:30:35.965440+00:00,-5.192137408860725e-06,False
2016-11-13 19:59:45.099168+00:00,0.00012449751942387487,False
2016-11-13 21:52:10.858656+00:00,-9.3661142113552e-05,False
2016-11-14 20:21:19.988064+00:00,0.00012311729513052287,False
2016-11-14 22:13:45.745824+00:00,-0.00015789383150470966,False
2016-11-15 22:35:20.630400+00:00,8.141369153835784e-06,False
2016-11-16 04:12:37.910592+00:00,3.239448415257094e-05,False
2016-11-16 21:04:29.744256+00:00,8.500032731673343e-05,False
2016-11-17 04:34:12.782208+00:00,6.209134872059262e-06,False
2016-11-17 21:26:04.609824+00:00,-5.244103278948152e-05,False
2016-11-18 21:47:39.474528+00:00,7.35200937589265e-05,False
2016-11-19 12:47:05.546976+00:00,0.00011171858278677464,False
2016-11-19 22:09:14.335776+00:00,7.307091024356695e-05,False
2016-11-20 20:38:23.434080+00:00,2.0940974807929228e-05,False
2016-11-20 22:30:49.192704+00:00,3.4187460136860976e-05,False
2016-11-21 20:59:58.297056+00:00,0.0003014894163013281,False
2016-11-21 22:52:24.055680+00:00,-1.8024827469811948e-05,False
2016-11-22 21:21:33.160896+00:00,0.00023597732973427545,False
2016-11-23 21:43:08.021280+00:00,7.287860603005946e-05,False
2016-11-24 05:12:51.054912+00:00,1.7041379269199707e-05,False
2016-11-24 20:12:17.119584+00:00,-7.195711021600851e-06,False
2016-11-25 13:04:08.947200+00:00,2.6673260206299304e-05,False
2016-11-25 22:26:17.737728+00:00,4.245508751546269e-05,False
2016-11-26 19:03:01.071360+00:00,8.727234630127929e-05,False
2016-11-26 20:55:26.829120+00:00,-3.4292242537051874e-05,False
2016-11-27 21:17:01.672224+00:00,3.381644811375489e-05,False
2016-11-28 21:38:36.507552+00:00,-6.272660726008505e-05,False
2016-11-29 05:08:19.531680+00:00,-0.00010404454538937885,False
2016-11-29 22:00:11.335104+00:00,6.488164534549523e-05,False
2016-11-30 12:59:37.381632+00:00,9.557768448791113e-05,False
2016-11-30 20:29:20.404032+00:00,0.00018043102043437375,False
2016-12-01 20:50:55.228128+00:00,0.00016512767925534847,False
2016-12-01 22:43:20.983296+00:00,-1.430020101815656e-05,False
2016-12-02 21:12:30.049632+00:00,7.46023643266772e-05,False
2016-12-03 04:42:13.071168+00:00,6.048119079992601e-05,False
2016-12-03 17:49:13.358208+00:00,0.00010102863042029569,False
2016-12-04 12:33:30.915936+00:00,0.0002509982458410196,False
2016-12-04 21:55:39.696096+00:00,6.965405195972903e-05,False
2016-12-05 12:55:05.742624+00:00,3.4838042695532555e-05,False
2016-12-05 22:17:14.522784+00:00,7.764916917257732e-05,False
2016-12-06 13:16:40.568448+00:00,8.296677397112004e-05,False
2016-12-06 22:38:49.347744+00:00,0.00010597938621629385,False
2016-12-07 21:07:58.413216+00:00,9.439699738402247e-05,False
2016-12-08 21:29:33.232128+00:00,-0.00015230215544441702,False
2016-12-09 21:51:08.051040+00:00,0.00021278849258177685,False
2016-12-10 03:28:25.313952+00:00,1.023889562185798e-05,False
2016-12-10 22:12:42.859584+00:00,0.00014250271268198962,False
2016-12-11 03:50:00.122496+00:00,9.863736804566531e-05,False
2016-12-11 22:34:17.662944+00:00,2.02625678724774e-06,False
2016-12-12 04:11:34.923264+00:00,6.161641397929544e-06,False
2016-12-12 21:03:26.709408+00:00,0.00012822280265787131,False
2016-12-13 04:33:09.723168+00:00,6.062566985108111e-05,False
2016-12-13 12:02:52.737792+00:00,6.18631537442855e-05,False
2016-12-13 21:25:01.507584+00:00,0.00010636168929489234,False
2016-12-14 12:24:27.536832+00:00,0.00014241528283974293,False
2016-12-14 21:46:36.308352+00:00,2.558557971218725e-05,False
2016-12-15 18:23:19.605696+00:00,0.0001802891165898323,False
2016-12-15 22:08:11.114304+00:00,1.1456831613534837e-05,False
2016-12-16 20:37:20.167680+00:00,0.0002900492303749174,False
2016-12-16 22:29:45.921120+00:00,-2.2331881233385095e-05,False
2016-12-17 20:58:54.976224+00:00,0.00025306884175528576,False
2016-12-18 02:36:12.240864+00:00,1.3574287132000931e-05,False
2016-12-18 21:20:29.789088+00:00,0.00015644751391407998,False
2016-12-19 04:50:12.808896+00:00,8.363330678887624e-05,False
2016-12-19 21:42:04.598496+00:00,6.127559098162801e-05,False
2016-12-20 12:41:30.632928+00:00,0.0001078757276632706,False
2016-12-20 22:03:39.403584+00:00,2.4053492729218627e-05,False
2016-12-21 13:03:05.437152+00:00,0.0001713741906812023,False
2016-12-21 22:25:14.207808+00:00,-6.0597444547899905e-05,False
2016-12-22 19:01:57.501696+00:00,0.00011891952738750416,False
2016-12-22 20:54:23.254272+00:00,-3.077843810752937e-05,False
2016-12-23 19:23:32.431200+00:00,0.008994027411988315,False
2016-12-23 21:15:58.196736+00:00,8.96092457070273e-05,False
2016-12-24 19:45:07.378848+00:00,7.374629060040143e-05,False
2016-12-24 21:37:33.143520+00:00,1.3159011442276062e-05,False
2016-12-25 20:06:42.324768+00:00,0.00018894084382101067,False
2016-12-25 21:59:08.088576+00:00,5.065499250462999e-06,False
2016-12-26 20:28:17.265504+00:00,3.4715669401890495e-05,False
2016-12-26 22:20:43.031040+00:00,1.7004431761770073e-05,False
2016-12-27 20:49:52.212288+00:00,0.00022616617997641173,False
2016-12-28 21:11:27.166848+00:00,0.0003016578312897513,False
2016-12-29 21:33:02.118816+00:00,0.0001391936359126699,False
2016-12-30 05:02:45.180960+00:00,4.300583650041058e-05,False
2016-12-30 21:54:37.069920+00:00,8.670973333970667e-05,False
2016-12-31 05:24:20.134656+00:00,0.00010648155406244748,False
2016-12-31 22:16:12.024480+00:00,8.140423859622793e-05,False
2017-01-01 13:15:37.146528+00:00,9.050733527324415e-06,False
2017-01-01 22:37:45.971616+00:00,-2.2583994050764117e-05,False
2017-01-02 21:06:55.147680+00:00,4.498914798887712e-05,False
2017-01-03 21:28:30.085824+00:00,-5.114397752008405e-06,False
2017-01-04 04:58:13.143648+00:00,4.8674189675248816e-05,False
2017-01-04 21:50:05.017920+00:00,-7.93847400832884e-05,False
2017-01-05 05:19:48.074016+00:00,3.1747401371759226e-05,False
2017-01-05 22:11:39.946560+00:00,0.00017235418105610275,False
2017-01-06 05:41:23.000064+00:00,-6.888589972783269e-05,False
2017-01-06 16:55:57.577728+00:00,-0.00011688417735794829,False
2017-01-07 11:40:15.214944+00:00,0.00023005197492078359,False
2017-01-08 00:47:15.563328+00:00,0.00014119621571799702,False
2017-01-08 12:01:50.144448+00:00,9.049709702374432e-05,False
2017-01-08 21:23:58.961760+00:00,3.692129305539845e-05,False
2017-01-09 12:23:25.070496+00:00,0.00015663550143680117,False
2017-01-09 21:45:33.891264+00:00,0.0001729741532917487,False
2017-01-10 12:45:00.004320+00:00,7.117301889176324e-05,False
2017-01-10 22:07:08.825952+00:00,0.0001319086040683024,False
2017-01-11 13:06:34.939008+00:00,1.7891197368917917e-05,False
2017-01-11 22:28:43.758048+00:00,7.089042505891865e-05,False
2017-01-12 19:05:27.159072+00:00,9.7790551972629e-05,False
2017-01-12 20:57:52.924608+00:00,9.513618076750412e-05,False
2017-01-13 19:27:02.088576+00:00,-1.3656445195704025e-05,False
2017-01-14 01:04:19.383456+00:00,0.00013242052524967504,False
2017-01-14 21:41:02.779296+00:00,6.249115879812693e-05,False
2017-01-15 03:18:20.068128+00:00,-4.468619296887285e-05,False
2017-01-15 22:02:37.697568+00:00,0.0001066321062243599,False
2017-01-16 05:32:20.745888+00:00,1.000293891862078e-05,False
2017-01-16 22:24:12.612384+00:00,9.443447379644523e-05,False
2017-01-17 09:38:47.191776+00:00,0.00037626871125886905,False
2017-01-17 20:53:21.765984+00:00,-0.0002752802673809542,False
2017-01-17 22:45:47.529792+00:00,1.8235467223405233e-05,False
2017-01-18 21:14:56.679072+00:00,7.917780074092747e-05,False
2017-01-19 04:44:39.725664+00:00,-1.5427730825287636e-05,False
2017-01-19 21:36:31.592160+00:00,0.00016794250042352992,False
2017-01-20 05:06:14.643936+00:00,0.00018870998404928939,False
2017-01-20 21:58:06.512160+00:00,0.00010285026779022102,False
2017-01-21 05:27:49.561344+00:00,-5.6410428176222136e-05,False
2017-01-21 22:19:41.428704+00:00,0.0001338816187880351,False
2017-01-22 13:19:07.533120+00:00,0.0001079704561662577,False
2017-01-22 18:56:24.821952+00:00,6.966133265166519e-05,False
2017-01-23 19:17:59.741952+00:00,0.00015589152762049633,False
2017-01-23 23:02:51.269568+00:00,1.1259790671039297e-05,False
2017-01-24 21:32:00.424032+00:00,8.133750072732339e-05,False
2017-01-25 21:53:35.334528+00:00,1.785251386350519e-05,False
2017-01-26 22:15:10.245888+00:00,0.00012971440248137203,False
2017-01-27 13:14:36.342528+00:00,-1.8736642778614912e-05,False
2017-01-27 22:36:45.152064+00:00,-2.0210319340200603e-05,False
2017-01-28 21:05:54.292704+00:00,0.00014764651017600106,False
2017-01-28 22:58:20.054784+00:00,-1.453934483237103e-05,False
2017-01-29 21:27:29.195424+00:00,0.00024041922609110272,False
2017-01-30 04:57:12.254112+00:00,0.0003835543104761119,False
2017-01-30 21:49:04.103328+00:00,-0.0002139753841037031,False
2017-01-31 05:18:47.146464+00:00,-1.7766902725588223e-05,False
2017-01-31 22:10:39.006048+00:00,0.00010719811481958456,False
2017-02-01 13:10:05.100096+00:00,0.00013403299301946984,False
2017-02-02 19:08:57.295968+00:00,0.000240116593839354,False
2017-02-02 22:53:48.820992+00:00,3.2838989934454064e-06,False
2017-02-03 19:30:32.210784+00:00,0.00022068800108391797,False
2017-02-04 19:52:07.122144+00:00,0.00014402371088851064,False
2017-02-04 21:44:32.885088+00:00,1.7918699278386925e-05,False
2017-02-05 20:13:42.032640+00:00,0.00012731231007344373,False
2017-02-05 22:06:07.794720+00:00,-1.8352256876155126e-05,False
2017-02-06 22:27:42.704352+00:00,6.220277044247162e-05,False
2017-02-07 04:04:59.989728+00:00,0.00014612801507382314,False
2017-02-07 22:49:17.610528+00:00,6.518543697738426e-05,False
2017-02-08 21:18:26.752032+00:00,5.830296258735917e-05,False
2017-02-08 23:10:52.512384+00:00,1.963851388186771e-06,False
2017-02-09 21:40:01.659072+00:00,0.0002800639887891288,False
2017-02-10 05:09:44.716032+00:00,0.0003381071970568016,False
2017-02-10 22:01:36.561792+00:00,-0.0002475861191026031,False
2017-02-11 13:01:02.657568+00:00,0.00015581201866579977,False
2017-02-11 22:23:11.469696+00:00,7.28803076896567e-05,False
2017-02-12 15:15:03.332736+00:00,0.00024358508378898,False
2017-02-12 22:44:46.381920+00:00,6.61181374894724e-05,False
2017-02-13 21:13:55.533792+00:00,0.00013633593051952183,False
2017-02-13 23:06:21.295872+00:00,7.469437674563894e-05,False
2017-02-14 21:35:30.448608+00:00,0.00022564251822616523,False
2017-02-15 21:57:05.365152+00:00,0.00011283075576852758,False
2017-02-16 03:34:22.654848+00:00,4.034382709457683e-05,False
2017-02-16 22:18:40.284288+00:00,0.00018662125114941123,False
2017-02-17 03:55:57.573120+00:00,3.627571915722341e-05,False
2017-02-18 04:17:32.485344+00:00,7.984250537774697e-05,False
2017-02-18 23:01:50.112192+00:00,0.0002122306291033482,False
2017-02-19 04:39:07.401024+00:00,2.892526907921522e-05,False
2017-02-19 21:30:59.262336+00:00,6.587746797259589e-05,False
2017-02-20 05:00:42.310656+00:00,0.00036165663920371467,False
2017-02-20 21:52:34.172832+00:00,-0.00020268968412866418,False
2017-02-21 05:22:17.223744+00:00,0.00011323236241124024,False
2017-02-21 22:14:09.098016+00:00,0.0006054386634806482,False
2017-02-22 11:21:09.419616+00:00,-0.0004943126606035469,False
2017-02-22 22:35:44.011104+00:00,0.000514832680650772,False
2017-02-23 11:42:44.332704+00:00,-0.0003530236576712419,False
2017-02-23 22:57:18.906912+00:00,0.00022629137664922748,False
2017-02-24 12:04:19.244064+00:00,1.7205345867796787e-05,False
2017-02-24 21:26:28.057056+00:00,0.00015885405519886847,False
2017-02-25 12:25:54.158880+00:00,9.001597361211973e-06,False
2017-02-25 21:48:02.974464+00:00,0.00021929636624754866,False
2017-02-26 12:47:29.077152+00:00,-6.246939729316568e-05,False
2017-02-26 22:09:37.891872+00:00,0.0001635142588566372,False
2017-02-27 20:38:47.041152+00:00,0.0002144212060470224,False
2017-02-28 21:00:21.960288+00:00,-1.7403688100992075e-06,False
2017-02-28 22:52:47.720640+00:00,-4.067930688310289e-05,False
2017-03-01 21:21:56.870784+00:00,-3.2744038919011755e-05,False
2017-03-02 21:43:31.776096+00:00,3.972316463132837e-05,False
2017-03-03 03:20:49.062336+00:00,5.1491383163141087e-05,False
2017-03-03 22:05:06.673632+00:00,-6.692437671657021e-05,False
2017-03-04 03:42:23.958144+00:00,-5.292275019702076e-05,False
2017-03-04 22:26:41.569440+00:00,5.400088839735328e-05,False
2017-03-05 04:03:58.853952+00:00,-1.6198294557930967e-05,False
2017-03-05 20:55:50.699712+00:00,7.470308999032053e-05,False
2017-03-06 04:25:33.743712+00:00,2.36658419590369e-05,False
2017-03-06 21:17:25.582560+00:00,-0.0002097322130978061,False
2017-03-07 04:47:08.626560+00:00,9.644332522380954e-05,False
2017-03-07 21:39:00.469728+00:00,8.761152184877377e-05,False
2017-03-08 05:08:43.513728+00:00,3.670909776866342e-05,False
2017-03-08 22:00:35.355168+00:00,7.207799015075038e-05,False
2017-03-09 13:00:01.435392+00:00,-6.049914973542549e-05,False
2017-03-09 22:22:10.233696+00:00,1.1485144996693867e-06,False
2017-03-10 20:51:19.354464+00:00,7.410575186563961e-05,False
2017-03-10 22:43:45.114816+00:00,1.6049978406373584e-05,False
2017-03-11 21:12:54.230400+00:00,-3.752786938497572e-05,False
2017-03-12 21:34:29.099424+00:00,1.5382229678724725e-05,False
2017-03-13 05:04:12.137376+00:00,1.812108510393876e-05,False
2017-03-13 21:56:03.963264+00:00,-4.1715451151795395e-05,False
2017-03-14 12:55:30.033984+00:00,4.287537700496834e-05,False
2017-03-14 22:17:38.821920+00:00,-0.00010592216754410446,False
2017-03-15 22:39:13.668480+00:00,-5.004869540048288e-05,False
2017-03-16 21:08:22.759872+00:00,0.00021968367230632035,False
2017-03-17 21:29:57.605568+00:00,0.00011240637178534885,False
2017-03-18 21:51:32.446080+00:00,-0.00011120107400815972,False
2017-03-19 22:13:07.285728+00:00,0.0002110025727429869,False
2017-03-20 22:34:42.127104+00:00,6.341780060862857e-05,False
2017-03-21 21:03:51.209856+00:00,6.382695039471576e-05,False
2017-03-22 21:25:26.047776+00:00,0.0002141479987642333,False
2017-03-23 21:47:00.878784+00:00,-1.33729469803921e-05,False
2017-03-24 22:08:35.706336+00:00,-7.640192455163569e-05,False
2017-03-25 22:30:10.524384+00:00,6.132540133938475e-05,False
2017-03-26 22:51:45.338976+00:00,0.000127126258262161,False
2017-03-27 21:20:54.394080+00:00,-1.7933534334300282e-05,False
2017-03-28 21:42:29.200896+00:00,0.00022208861959345866,False
2017-03-29 22:04:04.001664+00:00,3.486573222307742e-05,False
2017-03-30 22:25:38.810208+00:00,0.00040991872782112314,False
2017-03-31 22:47:13.617024+00:00,7.83195664692157e-05,False
2017-04-01 21:16:22.665216+00:00,2.5287430038937407e-05,False
2017-04-02 17:53:05.963424+00:00,0.00018508021920267067,False
2017-04-03 21:59:32.279712+00:00,0.00019652854348524396,False
2017-04-04 22:21:07.076160+00:00,8.511249019783874e-05,False
2017-04-05 22:42:41.869152+00:00,8.280283966296512e-05,False
2017-04-06 21:11:50.905248+00:00,-5.5202735791416474e-05,False
2017-04-07 21:33:25.690464+00:00,0.00021864085464967588,False
2017-04-08 21:55:00.469632+00:00,8.767771854899166e-05,False
2017-04-09 22:16:35.251392+00:00,0.0003344266889000921,False
2017-04-10 22:38:10.030560+00:00,0.00010686519473241264,False
2017-04-11 21:07:19.059744+00:00,0.00021285857598429188,False
2017-04-12 19:36:28.092384+00:00,0.00029026199152346955,False
2017-04-13 21:50:28.823712+00:00,0.011631587864126207,False
2017-04-14 22:12:03.795552+00:00,0.00011175915175586966,False
2017-04-15 22:33:38.765664+00:00,0.00019266112254666808,False
2017-04-16 21:02:47.981472+00:00,-6.781439764593961e-05,False
2017-04-17 21:24:22.957632+00:00,0.00027424126147602664,False
2017-04-18 21:45:57.919968+00:00,1.332105794334495e-06,False
2017-04-19 20:15:07.120224+00:00,0.00021044376632498637,False
2017-04-20 22:29:07.843776+00:00,8.614414757095526e-05,False
2017-04-21 20:58:17.034528+00:00,0.00011369406819534543,False
2017-04-22 21:19:51.996000+00:00,0.00043503582650729225,False
2017-04-23 21:41:26.949696+00:00,-0.00023232341960171746,False
2017-04-24 22:03:01.910304+00:00,0.00030953322953632595,False
2017-04-25 20:32:11.108832+00:00,0.0002642005773600427,False
2017-04-26 20:53:46.070304+00:00,2.2749699806832405e-05,False
2017-04-27 21:15:21.028320+00:00,8.604500876811761e-05,False
2017-04-28 21:36:55.980288+00:00,8.863149348482965e-05,False
2017-04-29 21:58:30.930528+00:00,1.1440372350534668e-05,False
2017-04-30 22:20:05.873856+00:00,7.022046690867081e-05,False
2017-05-01 22:41:40.812000+00:00,0.00024137017944950482,False
2017-05-02 13:41:06.929376+00:00,0.0005004183755279382,False
2017-05-02 21:10:49.990656+00:00,0.00010975736440368294,False
2017-05-03 14:02:41.866656+00:00,-0.0002881810232225444,False
2017-05-03 21:32:24.921888+00:00,1.2634935626297373e-05,False
2017-05-04 14:24:16.802208+00:00,0.00026873956421652576,False
2017-05-04 21:53:59.859168+00:00,8.492646464976505e-05,False
2017-05-05 05:23:42.918720+00:00,0.0001292191194583383,False
2017-05-05 14:45:51.742080+00:00,7.409116115289746e-05,False
2017-05-05 22:15:34.800768+00:00,9.649871156769409e-05,False
2017-05-06 13:15:00.920736+00:00,3.877089217323249e-05,False
2017-05-06 22:37:09.744960+00:00,5.85146331538181e-05,False
2017-05-07 13:36:35.868384+00:00,0.00035092706761129136,False
2017-05-07 21:06:18.927072+00:00,-2.4989587640412473e-05,False
2017-05-08 13:58:10.812576+00:00,0.00022030923776140897,False
2017-05-08 21:27:53.873856+00:00,-7.38925683341987e-05,False
2017-05-09 14:19:45.759360+00:00,0.00024718760864475575,False
2017-05-09 19:57:03.054240+00:00,4.385939799189959e-05,False
2017-05-10 05:19:11.877600+00:00,-6.729120230123124e-05,False
2017-05-10 14:41:20.701824+00:00,6.695410902503926e-05,False
2017-05-10 22:11:03.757056+00:00,-6.227660100510186e-05,False
2017-05-11 05:40:46.817472+00:00,0.00016635965661294114,False
2017-05-11 13:10:29.874432+00:00,2.005471733843687e-05,False
2017-05-11 18:47:47.166720+00:00,5.490126747992858e-05,False
2017-05-12 13:32:04.808256+00:00,8.99453100518919e-05,False
2017-05-12 21:01:47.845344+00:00,0.00020981027456960712,False
2017-05-13 13:53:39.735168+00:00,-0.00022673732001896705,False
2017-05-13 23:15:48.550752+00:00,-3.337652350639935e-05,False
2017-05-14 14:15:14.656032+00:00,0.0001712649149685102,False
2017-05-14 19:52:31.945728+00:00,0.0001225992640446823,False
2017-05-15 14:36:49.576032+00:00,0.00015072112960254778,False
2017-05-15 20:14:06.877824+00:00,0.0004355236485473202,False
2017-05-16 13:05:58.732224+00:00,-0.0003619561281930075,False
2017-05-16 22:28:07.548672+00:00,8.951144377124557e-05,False
2017-05-17 13:27:33.654816+00:00,0.00016906961527346221,False
2017-05-17 19:04:50.943648+00:00,6.54583619775467e-05,False
2017-05-18 13:49:08.576544+00:00,0.0001761375677327867,False
2017-05-18 21:18:51.630048+00:00,6.68631018494541e-05,False
2017-05-19 12:18:17.738784+00:00,6.343350753302055e-05,False
2017-05-19 19:48:00.794016+00:00,9.859260527660196e-05,False
2017-05-20 14:32:18.428640+00:00,0.00011399360273575714,False
2017-05-20 22:02:01.483872+00:00,6.256320087762807e-05,False
2017-05-21 13:01:27.590880+00:00,9.804297731670755e-05,False
2017-05-21 22:23:36.407328+00:00,5.9404864542597494e-05,False
2017-05-22 19:00:19.803168+00:00,0.0001176464410746966,False
2017-05-23 13:44:37.431744+00:00,-1.2493612364286642e-05,False
2017-05-24 06:36:29.293056+00:00,0.0001073301863351395,False
2017-05-24 14:06:12.343104+00:00,0.00011606853542504794,False
2017-05-24 21:35:55.392288+00:00,2.1194383035578326e-05,False
2017-05-25 14:27:47.249280+00:00,7.723628124555113e-05,False
2017-05-25 21:57:30.298464+00:00,2.5016986396977315e-05,False
2017-05-26 12:56:56.394240+00:00,9.164344837417975e-05,False
2017-05-26 22:19:05.202912+00:00,-2.2431499440870513e-05,False
2017-05-27 13:18:31.296960+00:00,0.00025199986648777306,False
2017-05-27 22:40:40.121184+00:00,0.00034694361149274246,False
2017-05-28 23:02:15.037728+00:00,0.00032132851704680214,False
2017-05-29 14:01:41.109312+00:00,-0.00017034625188854335,False
2017-05-29 21:31:24.160224+00:00,7.242669225385029e-05,False
2017-05-30 14:23:16.019808+00:00,0.00010371931114574735,False
2017-05-30 21:52:59.070720+00:00,2.7983827731909293e-05,False
2017-05-31 22:14:34.014912+00:00,0.00044435839350657184,False
2017-06-01 22:36:08.908992+00:00,7.501173341251243e-05,False
2017-06-02 06:05:51.963360+00:00,7.899808499128707e-05,False
2017-06-02 13:35:35.013408+00:00,3.533572663383973e-05,False
2017-06-02 22:57:43.828128+00:00,3.624646833270082e-05,False
2017-06-03 13:57:09.918720+00:00,0.00031471373757158345,False
2017-06-03 21:26:52.972224+00:00,3.9504873282926095e-05,False
2017-06-04 14:18:44.846496+00:00,0.0007292792814117088,False
2017-06-04 21:48:27.898272+00:00,-0.0006875808551066227,False
2017-06-05 12:47:53.994912+00:00,-1.4725232184994855e-05,False
2017-06-05 22:10:02.805312+00:00,-1.2584673049734815e-05,False
2017-06-06 15:01:54.664896+00:00,-0.0011266810798869667,False
2017-06-06 22:31:37.710624+00:00,0.0017738624667648782,False
2017-06-07 22:53:12.614208+00:00,-0.00022490009291336967,False
2017-06-08 13:52:38.711712+00:00,0.0001690689271053555,False
2017-06-08 21:22:21.761760+00:00,3.837347096369761e-05,False
2017-06-09 21:43:56.670528+00:00,0.0003401768340079528,False
2017-06-10 10:50:57.035328+00:00,0.00044513529159656334,False
2017-06-10 22:05:31.584480+00:00,-4.1761017123352414e-05,False
2017-06-11 13:04:57.687168+00:00,9.58304358573428e-05,False
2017-06-11 22:27:06.502752+00:00,6.197848386858164e-05,False
2017-06-12 13:26:32.608032+00:00,0.00010733872408312138,False
2017-06-12 20:56:15.659808+00:00,-3.5286347937218195e-05,False
2017-06-13 13:48:07.530624+00:00,0.0003960301075018414,False
2017-06-13 21:17:50.583264+00:00,3.2653115005087024e-05,False
2017-06-14 14:09:42.454944+00:00,0.0001624886596133189,False
2017-06-14 21:39:25.509312+00:00,4.044429325515277e-05,False
2017-06-15 08:54:00.873216+00:00,-0.002151481811905289,False
2017-06-15 22:01:00.431040+00:00,0.0021444561043395525,False
2017-06-16 13:00:26.536320+00:00,0.00020898323153068947,False
2017-06-16 22:22:35.347584+00:00,-0.00010123170311469957,False
2017-06-17 05:52:18.402816+00:00,0.0001928957615066517,False
2017-06-17 13:22:01.452864+00:00,6.74286186091905e-05,False
2017-06-18 13:43:36.368544+00:00,0.00012133584518606125,False
2017-06-18 21:13:19.418592+00:00,6.305675613101314e-06,False
2017-06-19 06:35:28.231584+00:00,9.152762443028061e-05,False
2017-06-19 14:05:11.279040+00:00,2.608551694062772e-05,False
2017-06-19 21:34:54.327360+00:00,-2.217538765418505e-05,False
2017-06-20 14:26:46.191264+00:00,0.0002848281904312205,False
2017-06-20 21:56:29.239584+00:00,2.967617967695477e-05,False
2017-06-21 12:55:55.362144+00:00,0.000489364037556209,False
2017-06-21 22:18:04.156128+00:00,-0.0002248856772160244,False
2017-06-22 13:17:30.261408+00:00,0.0001188338295828781,False
2017-06-22 20:47:13.312320+00:00,4.300319588650306e-06,False
2017-06-23 23:01:13.996128+00:00,0.00032852093165906885,False
2017-06-24 14:00:40.106592+00:00,0.00018061821984525193,False
2017-06-24 21:30:23.160960+00:00,0.00010357569079432521,False
2017-06-25 05:00:06.217920+00:00,4.053186369465196e-05,False
2017-06-25 12:29:49.272288+00:00,2.7491094228113442e-06,False
2017-06-25 21:51:58.087872+00:00,9.45598193596579e-06,False
2017-06-26 05:21:41.145696+00:00,0.00020848692563880535,False
2017-06-26 10:58:58.434528+00:00,-1.6210433088702876e-05,False
2017-06-26 22:13:33.013056+00:00,-1.3140040712634828e-05,False
2017-06-27 22:35:07.939968+00:00,0.00020556592562621037,False
2017-06-28 11:42:08.286624+00:00,0.0001257028470860331,False
2017-06-28 19:11:51.335808+00:00,-0.0001882465382907433,False
2017-06-29 13:56:08.966112+00:00,0.00020792372235595296,False
2017-06-29 21:25:52.015296+00:00,-3.577382087824433e-05,False
2017-06-30 21:47:26.930976+00:00,0.00031239516616764185,False
2017-07-01 14:39:18.797472+00:00,2.9618058604998513e-05,False
2017-07-01 22:09:01.844928+00:00,-4.864918808841773e-05,False
2017-07-02 13:08:27.947616+00:00,0.00011114832121302051,False
2017-07-02 22:30:36.759744+00:00,6.47895052233512e-05,False
2017-07-03 06:00:19.810656+00:00,4.792211731428134e-05,False
2017-07-03 13:30:02.859840+00:00,3.7665841814269394e-05,False
2017-07-03 22:52:11.669376+00:00,-0.0001364180368513592,False
2017-07-04 06:21:54.722016+00:00,0.00017159728874951576,False
2017-07-04 13:51:37.772064+00:00,-3.51234087285011e-05,False
2017-07-04 21:21:20.822112+00:00,1.3652302531155764e-05,False
2017-07-05 06:43:29.636832+00:00,-7.92020325614849e-06,False
2017-07-05 14:13:12.687744+00:00,2.126267192690214e-07,False
2017-07-05 21:42:55.736928+00:00,6.15913738072936e-05,False
2017-07-06 12:42:21.836160+00:00,-4.2238942385011347e-05,False
2017-07-06 22:04:30.648288+00:00,6.993107714304078e-05,False
2017-07-07 13:03:56.749248+00:00,0.0001291844690814549,False
2017-07-07 22:26:05.560512+00:00,-9.127660249066516e-05,False
2017-07-08 15:17:57.421824+00:00,-0.00010052947378738106,False
2017-07-08 22:47:40.469280+00:00,1.6162155051928428e-05,False
2017-07-09 13:47:06.565056+00:00,9.03168548869764e-05,False
2017-07-09 21:16:49.612512+00:00,0.00017961860856374653,False
2017-07-10 14:08:41.463456+00:00,-0.00021509526835504635,False
2017-07-10 21:38:24.507456+00:00,6.29114757468605e-05,False
2017-07-11 05:08:07.554048+00:00,3.9261277797263094e-05,False
2017-07-11 14:30:16.358400+00:00,-9.117881856652053e-05,False
2017-07-11 21:59:59.398944+00:00,-0.00020660188291291167,False
2017-07-12 05:29:42.443808+00:00,0.00014708372276663555,False
2017-07-12 14:51:51.248160+00:00,2.865299058556111e-05,False
2017-07-12 22:21:34.286976+00:00,5.765104002138312e-06,False
2017-07-13 15:13:26.130144+00:00,5.7871857641775756e-05,False
2017-07-13 20:50:43.408608+00:00,-7.128090871812924e-05,False
2017-07-14 13:42:35.252640+00:00,0.00013360845147089822,False
2017-07-14 21:12:18.291456+00:00,-7.180911338086092e-05,False
2017-07-15 14:04:10.134624+00:00,4.001472229285526e-05,False
2017-07-15 21:33:53.173440+00:00,7.256685814611993e-05,False
2017-07-16 14:25:45.014880+00:00,4.283015126968502e-05,False
2017-07-16 21:55:28.054560+00:00,0.00013648142313488117,False
2017-07-17 14:47:19.893408+00:00,-0.00018703391525975698,False
2017-07-17 22:17:02.933088+00:00,-4.457636629225033e-07,False
2017-07-18 22:38:37.816800+00:00,0.00010454112853497735,False
2017-07-19 13:38:03.898752+00:00,0.00016901974135197651,False
2017-07-19 21:07:46.933248+00:00,-0.0001459783285895064,False
2017-07-20 13:59:38.775552+00:00,0.0002003246917566938,False
2017-07-20 21:29:21.812640+00:00,-4.563387338886521e-05,False
2017-07-21 04:59:04.851456+00:00,3.8712968752287256e-05,False
2017-07-21 14:21:13.648896+00:00,-2.786799363754135e-05,False
2017-07-21 21:50:56.685120+00:00,-0.00014618738555129026,False
2017-07-22 14:42:48.517056+00:00,0.00017095094871469687,False
2017-07-22 22:12:31.553280+00:00,5.433907311473937e-05,False
2017-07-23 13:11:57.621408+00:00,-9.789395250326892e-05,False
2017-07-23 22:34:06.413664+00:00,-2.259274207200078e-05,False
2017-07-24 13:33:32.484384+00:00,0.00011865396467159863,False
2017-07-24 22:55:41.277504+00:00,-7.907299068492593e-05,False
2017-07-25 04:32:58.552512+00:00,5.457146010283147e-05,False
2017-07-25 13:55:07.344768+00:00,3.5676066609070936e-05,False
2017-07-25 21:24:50.377536+00:00,4.191074438497461e-05,False
2017-07-26 04:54:33.409440+00:00,-3.047258280729223e-05,False
2017-07-26 21:46:25.231872+00:00,-2.556451284060828e-06,False
2017-07-27 20:15:34.333632+00:00,0.00019225703908621485,False
2017-07-28 22:29:34.951776+00:00,9.11658663353528e-05,False
2017-07-29 20:58:44.050080+00:00,3.192825941088296e-05,False
2017-07-30 21:20:18.912192+00:00,0.00019662026130934696,False
2017-07-31 14:12:10.737216+00:00,4.636655914897736e-05,False
2017-07-31 21:41:53.769984+00:00,-9.029697101859617e-05,False
2017-08-01 14:33:45.593280+00:00,6.284245627742541e-05,False
2017-08-01 22:03:28.626048+00:00,6.639193821211318e-05,False
2017-08-02 22:25:03.478656+00:00,7.783363291517318e-05,False
2017-08-03 13:24:29.538144+00:00,-7.229817185783365e-05,False
2017-08-03 22:46:38.326944+00:00,-1.9903205350810414e-06,False
2017-08-04 13:46:04.384704+00:00,3.4352575969221833e-07,False
2017-08-04 21:15:47.415744+00:00,5.9055752301705194e-05,False
2017-08-05 14:07:39.226944+00:00,2.4709892203800786e-05,False
2017-08-05 21:37:22.257120+00:00,9.130333230769355e-05,False
2017-08-06 05:07:05.286432+00:00,3.5127869288752896e-05,False
2017-08-06 14:29:14.073504+00:00,3.841683841014442e-05,False
2017-08-06 21:58:57.103680+00:00,7.138722685521274e-05,False
2017-08-07 05:28:40.133856+00:00,-1.2629362346251315e-05,False
2017-08-07 22:20:31.946784+00:00,1.004787117937016e-05,False
2017-08-08 05:50:14.975232+00:00,2.733663715622612e-05,False
2017-08-08 13:19:58.001952+00:00,8.7753463844914e-05,False
2017-08-08 22:42:06.789024+00:00,2.347080691233042e-05,False
2017-08-09 06:11:49.820928+00:00,0.00016054263928948984,False
2017-08-09 13:41:32.847648+00:00,-8.215874946679292e-07,False
2017-08-09 19:18:50.121792+00:00,-3.611712799641188e-05,False
2017-08-09 21:11:15.880416+00:00,8.032081798945025e-05,False
2017-08-10 14:03:07.697664+00:00,5.592742007007617e-05,False
2017-08-10 19:40:24.971808+00:00,-2.4138356990136784e-05,False
2017-08-10 21:32:50.730432+00:00,6.040613741492752e-05,False
2017-08-11 14:24:42.545088+00:00,-2.3662424506364242e-05,False
2017-08-11 20:01:59.818368+00:00,5.641680777229615e-05,False
2017-08-11 21:54:25.576128+00:00,3.219613375814049e-05,False
2017-08-12 14:46:17.389056+00:00,8.990544384957896e-06,False
2017-08-12 20:23:34.663200+00:00,5.286103952558153e-05,False
2017-08-12 22:16:00.420096+00:00,3.6392106325636677e-05,False
2017-08-13 13:15:26.476992+00:00,-4.26618091161282e-05,False
2017-08-13 22:37:35.263200+00:00,-2.720248544189266e-05,False
2017-08-14 04:14:52.535616+00:00,5.334563673376172e-05,False
2017-08-14 06:07:18.292512+00:00,-3.5909117653160724e-05,False
2017-08-14 13:37:01.319232+00:00,7.689115478897219e-05,False
2017-08-14 21:06:44.346816+00:00,-6.300431001798498e-05,False
2017-08-15 04:36:27.372672+00:00,1.3416847835977506e-05,False
2017-08-15 13:58:36.153696+00:00,-1.4572847606808819e-05,False
2017-08-15 21:28:19.181280+00:00,9.372817849271855e-05,False
2017-08-16 04:58:02.208864+00:00,0.0001222034011784709,False
2017-08-16 21:49:54.015744+00:00,-6.4991444049479e-05,False
2017-08-17 05:19:37.041600+00:00,-1.7271021235833517e-06,False
2017-08-17 14:41:45.819168+00:00,-7.457315769202794e-05,False
2017-08-17 22:11:28.843296+00:00,-9.963038334531566e-06,False
2017-08-18 13:10:54.892416+00:00,5.639978715393386e-05,False
2017-08-18 22:33:03.670848+00:00,-9.799340590577879e-05,False
2017-08-19 04:10:20.944992+00:00,0.0002672026457969679,False
2017-08-19 21:02:12.749280+00:00,4.092406113273843e-05,False
2017-08-20 06:24:21.530304+00:00,-6.471489881483838e-05,False
2017-08-20 13:54:04.553568+00:00,-1.8631436728483162e-06,False
2017-08-20 21:23:47.579424+00:00,3.863299466598375e-05,False
2017-08-21 04:53:30.604416+00:00,-4.960139481827638e-06,False
2017-08-21 14:15:39.381984+00:00,-6.104589768349225e-05,False
2017-08-21 21:45:22.406112+00:00,5.0781249843385374e-05,False
2017-08-22 05:15:05.432832+00:00,3.567977552477501e-05,False
2017-08-22 14:37:14.209536+00:00,-3.304737190838985e-05,False
2017-08-22 22:06:57.234528+00:00,7.54458642975509e-05,False
2017-08-23 05:36:40.260384+00:00,-4.563512692759175e-06,False
2017-08-23 13:06:23.279328+00:00,-0.00013350071879044475,False
2017-08-23 22:28:32.057760+00:00,2.786565300003461e-05,False
2017-08-24 09:43:06.591360+00:00,-2.586784191460661e-06,False
2017-08-24 13:27:58.102560+00:00,-1.0688441247583722e-05,False
2017-08-24 20:57:41.124096+00:00,3.9533711080794116e-05,False
2017-08-25 11:57:07.161984+00:00,-5.275816680044292e-05,False
2017-08-25 13:49:32.918016+00:00,8.702420999565066e-06,False
2017-08-25 21:19:15.938688+00:00,8.785867147970806e-05,False
2017-08-26 12:18:41.977440+00:00,1.5838098547864957e-05,False
2017-08-26 14:11:07.732608+00:00,8.399612453553806e-07,False
2017-08-26 19:48:24.998112+00:00,2.2769448087944494e-05,False
2017-08-27 12:40:16.787712+00:00,-1.0930048931387281e-05,False
2017-08-27 14:32:42.542880+00:00,4.806962262064107e-06,False
2017-08-27 20:09:59.807520+00:00,0.00010752312923877174,False
2017-08-28 14:54:17.350560+00:00,6.67873315358136e-05,False
2017-08-28 18:39:08.859168+00:00,5.011677967651311e-05,False
2017-08-28 22:24:00.366912+00:00,6.658532049884402e-05,False
2017-08-29 13:23:26.402208+00:00,0.00010120318019436588,False
2017-08-29 19:00:43.676352+00:00,0.00028842332465989196,False
2017-08-29 20:53:09.430656+00:00,-5.1008560960815285e-05,False
2017-08-30 06:15:18.191808+00:00,-0.00023046100764380492,False
2017-08-30 19:22:18.471072+00:00,-2.0811137321760775e-05,False
2017-08-31 19:43:53.277888+00:00,0.00017658306012490903,False
2017-08-31 21:36:19.033056+00:00,0.00010173526503838329,False
2017-09-01 14:28:10.825248+00:00,0.00015184681190169024,False
2017-09-01 20:05:28.088160+00:00,-2.0036906592796233e-05,False
2017-09-01 21:57:53.843328+00:00,5.770735385394823e-05,False
2017-09-02 12:57:19.877760+00:00,-9.371269705907007e-05,False
2017-09-02 20:27:02.896704+00:00,3.731929631391982e-05,False
2017-09-02 22:19:28.651872+00:00,4.976305656111634e-05,False
2017-09-03 13:18:54.685440+00:00,-2.5080953425110844e-05,False
2017-09-03 22:41:03.456096+00:00,1.9499193027024158e-05,False
2017-09-04 04:18:20.717280+00:00,-1.9190722459266508e-05,False
2017-09-04 13:40:29.488800+00:00,9.893175822321364e-05,False
2017-09-04 21:10:12.505152+00:00,9.048979505246955e-05,False
2017-09-05 04:39:55.520640+00:00,-8.153516522220773e-05,False
2017-09-05 21:31:47.305056+00:00,-1.0695179622724265e-05,False
2017-09-06 05:01:30.319680+00:00,-1.6944288551946442e-05,False
2017-09-06 14:23:39.086016+00:00,-4.517920084873647e-05,False
2017-09-06 20:00:56.347200+00:00,0.0002823623787715219,False
2017-09-07 14:45:14.025024+00:00,0.0102729841271458,False
2017-09-07 22:14:57.090624+00:00,4.3496550793041586e-05,False
2017-09-08 05:44:40.156224+00:00,5.578856250867959e-05,False
2017-09-08 13:14:23.220096+00:00,-4.594216964783387e-05,False
2017-09-08 22:36:32.051232+00:00,1.365730164122481e-05,False
2017-09-09 06:06:15.113376+00:00,1.5821639945931014e-05,False
2017-09-09 13:35:58.179840+00:00,2.6670161854366526e-05,False
2017-09-09 19:13:15.477312+00:00,9.880741670306503e-06,False
2017-09-09 21:05:41.241984+00:00,-4.599307444434955e-05,False
2017-09-10 13:57:33.130080+00:00,-0.0001393465608022548,False
2017-09-10 19:34:50.424960+00:00,2.1571541241958343e-06,False
2017-09-10 21:27:16.191360+00:00,3.030726233690391e-05,False
2017-09-11 14:19:08.078592+00:00,1.3854475380240807e-05,False
2017-09-11 19:56:25.375200+00:00,0.0001272597170667744,False
2017-09-11 21:48:51.156288+00:00,0.00015091312112920787,False
2017-09-12 14:40:43.031424+00:00,-0.00013387198065648219,False
2017-09-12 20:18:00.328896+00:00,0.00010733263479283757,False
2017-09-12 22:10:26.096160+00:00,-2.163261264941598e-05,False
2017-09-13 13:09:52.219584+00:00,-9.509746420614565e-05,False
2017-09-13 22:32:01.044672+00:00,4.0358631123514366e-05,False
2017-09-14 04:09:18.339552+00:00,-2.4959798122398408e-05,False
2017-09-14 13:31:27.169824+00:00,0.0001554426934309314,False
2017-09-14 19:08:44.467296+00:00,0.00012806126414765772,False
2017-09-15 12:00:36.357984+00:00,-2.6338845721934206e-05,False
2017-09-15 13:53:02.123520+00:00,3.058435411041412e-05,False
2017-09-15 21:22:45.183936+00:00,1.4677213357249188e-05,False
2017-09-16 12:22:11.305632+00:00,3.9987179616787354e-05,False
2017-09-16 14:14:37.070304+00:00,-3.75507212238013e-05,False
2017-09-16 21:44:20.119488+00:00,0.00018010188814761624,False
2017-09-17 14:36:12.012768+00:00,-8.479345485001356e-05,False
2017-09-17 22:05:55.072320+00:00,9.208501022693828e-05,False
2017-09-18 05:35:38.127552+00:00,-3.3035683159430316e-05,False
2017-09-18 13:05:21.187968+00:00,2.6782750185397752e-05,False
2017-09-18 22:27:29.997504+00:00,0.00034469156678203086,False
2017-09-19 05:57:13.065696+00:00,-0.00034996056591095787,False
2017-09-19 13:26:56.123520+00:00,6.760441216883861e-05,False
2017-09-19 19:04:13.416672+00:00,0.00010196868809628657,False
2017-09-19 20:56:39.172704+00:00,0.00032857025248850415,False
2017-09-20 13:48:31.053024+00:00,-0.00030195870679164486,False
2017-09-20 19:25:48.346176+00:00,0.0004357588162735418,False
2017-09-20 21:18:14.111712+00:00,1.1337805719028863e-05,False
2017-09-21 14:10:05.979936+00:00,-0.0003208183992578187,False
2017-09-21 19:47:23.286048+00:00,0.0005046958234872936,False
2017-09-21 21:39:49.050720+00:00,1.1557439297744867e-05,False
2017-09-22 14:31:40.911168+00:00,-0.00036758316338090364,False
2017-09-22 20:08:58.204320+00:00,0.00013545076535649878,False
2017-09-22 22:01:23.968128+00:00,1.163231809305387e-05,False
2017-09-23 13:00:50.077728+00:00,7.995251472905603e-05,False
2017-09-23 18:38:07.370880+00:00,0.00016834895408871322,False
2017-09-24 04:00:16.211520+00:00,0.00014259470546102788,False
2017-09-24 13:22:25.008960+00:00,-0.0001060111550691076,False
2017-09-24 22:44:33.855648+00:00,0.00033321057546779534,False
2017-09-25 04:21:51.142752+00:00,-9.31513478088574e-05,False
2017-09-25 13:43:59.945376+00:00,-3.2788593495025666e-05,False
2017-09-25 23:06:08.785152+00:00,0.0002574769721277408,False
2017-09-26 04:43:26.073120+00:00,-0.00010461703729739436,False
2017-09-26 14:05:34.884384+00:00,6.858659062647179e-05,False
2017-09-26 21:35:17.952576+00:00,0.00020243477156225807,False
2017-09-27 05:05:01.000896+00:00,-7.22307594656994e-05,False
2017-09-27 14:27:09.821664+00:00,2.9791139579083832e-05,False
2017-09-27 21:56:52.882944+00:00,0.0002588563182500661,False
2017-09-28 05:26:35.937312+00:00,-0.00010316580947711917,False
2017-09-28 12:56:18.995136+00:00,-4.6492841102638955e-05,False
2017-09-28 22:18:27.813312+00:00,-6.864395191199736e-05,False
2017-09-29 05:48:10.876320+00:00,0.00015414998251722482,False
2017-09-29 11:25:28.167744+00:00,-2.6052465890251624e-05,False
2017-09-29 13:17:53.931552+00:00,2.093214842826145e-05,False
2017-09-29 22:40:02.741088+00:00,0.0004461632307628748,False
2017-09-30 11:47:03.096384+00:00,-0.00038848828961034654,False
2017-09-30 13:39:28.859328+00:00,3.33296963163302e-05,False
2017-09-30 23:01:37.677504+00:00,0.00011340399291456333,False
2017-10-01 12:08:38.020704+00:00,3.0799330339638715e-05,False
2017-10-01 14:01:03.783648+00:00,2.536868168208021e-05,False
2017-10-01 17:45:55.312128+00:00,5.1059074259059405e-05,False
2017-10-02 12:30:12.945024+00:00,5.165249889747334e-05,False
2017-10-02 14:22:38.707968+00:00,2.5667012799977593e-05,False
2017-10-02 21:52:21.761472+00:00,8.181153394774863e-05,False
2017-10-03 10:59:22.102080+00:00,5.325161465143994e-05,False
2017-10-03 20:21:30.916800+00:00,4.0864650118352605e-05,False
2017-10-04 13:13:22.783296+00:00,0.00016628201319627796,False
2017-10-04 20:43:05.838528+00:00,0.00011178610407048044,False
2017-10-05 22:57:06.529248+00:00,0.0003745176266472198,False
2017-10-06 10:11:41.111232+00:00,4.342470987503817e-05,False
2017-10-06 13:56:32.637120+00:00,2.0482208087574683e-05,False
2017-10-06 21:26:15.693216+00:00,3.303210059624201e-05,False
2017-10-07 12:25:41.805408+00:00,0.0003376539926563209,False
2017-10-07 21:47:50.627040+00:00,3.957218597993311e-05,False
2017-10-08 12:47:16.740960+00:00,0.0001786810220892772,False
2017-10-08 22:09:25.570368+00:00,0.00012092048371614674,False
2017-10-09 13:08:51.677376+00:00,1.9423186114933734e-05,False
2017-10-09 22:31:00.499872+00:00,0.00013748005869117894,False
2017-10-10 19:07:43.906080+00:00,0.00017378437663922495,False
2017-10-10 22:52:35.433696+00:00,4.087254942216922e-05,False
2017-10-11 13:52:01.545024+00:00,0.00010240858434964347,False
2017-10-11 21:21:44.601984+00:00,8.001872409902762e-05,False
2017-10-12 14:13:36.477120+00:00,9.390059910887894e-05,False
2017-10-12 21:43:19.531488+00:00,2.360097462334434e-05,False
2017-10-13 05:13:02.576352+00:00,0.00033634941105037744,False
2017-10-13 12:42:45.637632+00:00,-0.0002243801116375696,False
2017-10-13 22:04:54.453216+00:00,1.560822847348025e-05,False
2017-10-14 13:04:20.560224+00:00,0.00022535621245750888,False
2017-10-14 18:41:37.852512+00:00,5.798256608121374e-05,False
2017-10-15 13:25:55.486272+00:00,0.00014788109909462312,False
2017-10-15 19:03:12.777696+00:00,6.235276596754582e-05,False
2017-10-15 22:48:04.301856+00:00,2.9795589636505842e-05,False
2017-10-16 13:47:30.408000+00:00,6.256768615209047e-05,False
2017-10-16 19:24:47.698560+00:00,6.664426604993562e-05,False
2017-10-16 21:17:13.461504+00:00,4.327586501379438e-05,False
2017-10-17 14:09:05.335776+00:00,0.00024685257895280187,False
2017-10-17 19:46:22.627200+00:00,0.00012653450144128956,False
2017-10-17 21:38:48.390144+00:00,3.5198086857120425e-05,False
2017-10-18 14:30:40.267008+00:00,0.0001111788608907562,False
2017-10-18 20:07:57.560160+00:00,0.00011892734995674164,False
2017-10-18 22:00:23.344704+00:00,2.7125913766906347e-05,False
2017-10-19 12:59:49.439616+00:00,9.591587346724208e-05,False
2017-10-19 20:29:32.496576+00:00,7.028371932392722e-05,False
2017-10-19 22:21:58.258656+00:00,1.1231300769266797e-05,False
2017-10-20 13:21:24.376896+00:00,0.00029709642472456666,False
2017-10-20 20:51:07.439904+00:00,-5.823292065311984e-05,False
2017-10-21 04:20:50.490816+00:00,8.907359521977465e-05,False
2017-10-21 13:42:59.314176+00:00,9.121300868460467e-05,False
2017-10-21 21:12:42.368544+00:00,-5.823417615139439e-06,False
2017-10-22 04:42:25.430688+00:00,0.00015709898920424905,False
2017-10-22 14:04:34.253184+00:00,3.157568365551093e-05,False
2017-10-22 21:34:17.306688+00:00,-2.2435389494357527e-05,False
2017-10-23 05:04:00.364512+00:00,3.325399625719061e-05,False
2017-10-23 14:26:09.183552+00:00,0.00010361192750684746,False
2017-10-23 21:55:52.236192+00:00,6.206205292328628e-05,False
2017-10-24 12:55:18.346656+00:00,2.4756053564369484e-05,False
2017-10-24 18:32:35.636352+00:00,3.908157155792293e-05,False
2017-10-25 18:54:10.554624+00:00,-0.00022265477609040632,False
2017-10-25 22:39:02.078784+00:00,-6.214501808474222e-05,False
2017-10-26 13:38:28.180608+00:00,9.749059097586727e-05,False
2017-10-26 17:23:19.704768+00:00,-8.594838952862618e-06,False
2017-10-27 04:37:54.278976+00:00,0.00010344392945907732,False
2017-10-27 12:07:37.327296+00:00,7.61238451168418e-05,False
2017-10-27 21:29:46.135968+00:00,-2.2714692558088555e-05,False
2017-10-28 12:29:12.236064+00:00,0.00015699193484368265,False
2017-10-28 14:21:37.998144+00:00,-1.2090538238533165e-05,False
2017-10-28 21:51:21.043872+00:00,-2.2680030588698844e-05,False
2017-10-29 12:50:47.142240+00:00,3.6700920024543147e-05,False
2017-10-29 14:43:12.905184+00:00,7.801244404657976e-06,False
2017-10-29 22:12:55.951776+00:00,0.00015369337238689022,False
2017-10-30 13:12:22.048416+00:00,-3.494807839739375e-06,False
2017-10-30 20:42:05.093280+00:00,2.1585756394436727e-05,False
2017-10-31 13:33:56.956320+00:00,0.00015217966430366018,False
2017-10-31 19:11:14.243424+00:00,0.000138934531790913,False
2017-11-01 04:33:23.052096+00:00,-0.00022184943229655845,False
2017-11-01 13:55:31.863360+00:00,5.58415149285833e-05,False
2017-11-01 21:25:14.909088+00:00,0.00012920033191609655,False
2017-11-02 04:54:57.955680+00:00,-5.973011993232874e-05,False
2017-11-02 14:17:06.764352+00:00,1.9188850386871645e-05,False
2017-11-02 21:46:49.806624+00:00,-9.57621507171015e-05,False
2017-11-03 05:16:32.853216+00:00,4.4528556159159055e-05,False
2017-11-03 14:38:41.661024+00:00,5.5472319920690186e-05,False
2017-11-03 22:08:24.705024+00:00,9.669161076150673e-05,False
2017-11-04 11:15:25.031808+00:00,-8.434413840003772e-05,False
2017-11-04 13:07:50.793024+00:00,-2.0137250554405498e-05,False
2017-11-04 22:29:59.593920+00:00,2.3450502838694213e-05,False
2017-11-05 13:29:25.676736+00:00,1.6137341137888335e-05,False
2017-11-05 22:51:34.474176+00:00,-2.4785357021624193e-05,False
2017-11-06 13:51:00.550944+00:00,7.64389210376697e-05,False
2017-11-06 19:28:17.826816+00:00,2.528684988123488e-05,False
2017-11-07 12:20:09.666528+00:00,0.00014248313304999937,False
2017-11-07 19:49:52.701888+00:00,0.00012940202999933681,False
2017-11-07 21:42:18.463104+00:00,3.47187008043616e-05,False
2017-11-08 12:41:44.532096+00:00,-0.00021740215611720383,False
2017-11-08 20:11:27.566592+00:00,0.00011278594576453754,False
2017-11-08 22:03:53.325216+00:00,-6.151059167884772e-05,False
2017-11-09 13:03:19.395936+00:00,0.00010388412741384653,False
2017-11-09 20:33:02.429568+00:00,4.8082743823050914e-05,False
2017-11-10 13:24:54.260640+00:00,7.049337983585806e-05,False
2017-11-10 20:54:37.296000+00:00,0.0001244616343860263,False
2017-11-10 22:47:03.057216+00:00,4.6764456867999664e-05,False
2017-11-11 13:46:29.127936+00:00,-1.6299530167391706e-05,False
2017-11-11 21:16:12.164160+00:00,0.0002001446142428446,False
2017-11-12 14:08:03.992640+00:00,-2.1566666120319484e-05,False
2017-11-12 21:37:47.027136+00:00,-3.688293517894042e-05,False
2017-11-13 05:07:30.063360+00:00,0.0001608865414547202,False
2017-11-13 14:29:38.859072+00:00,5.05438914515708e-05,False
2017-11-13 21:59:21.894432+00:00,3.266265329807664e-06,False
2017-11-14 12:58:47.966880+00:00,0.00015602685282478806,False
2017-11-14 14:51:13.725504+00:00,7.158329096298116e-05,False
2017-11-14 22:20:56.758272+00:00,-6.944074457461336e-05,False
2017-11-15 13:20:22.822944+00:00,7.6038546976133175e-06,False
2017-11-15 22:42:31.612608+00:00,5.053899960560484e-05,False
2017-11-16 13:41:57.674688+00:00,8.819711786781816e-05,False
2017-11-16 19:19:14.946240+00:00,-7.467037064510676e-06,False
2017-11-16 21:11:40.704864+00:00,2.6901247166512787e-06,False
2017-11-17 14:03:32.520384+00:00,-2.9329916274584773e-05,False
2017-11-17 19:40:49.790208+00:00,-3.545206213410713e-05,False
2017-11-17 21:33:15.547968+00:00,-6.159800915861255e-05,False
2017-11-18 14:25:07.357440+00:00,2.301930800373663e-05,False
2017-11-18 20:02:24.628128+00:00,0.00011306102927054881,False
2017-11-18 21:54:50.385024+00:00,5.9028727376349844e-05,False
2017-11-19 14:46:42.191040+00:00,0.00013178888309078605,False
2017-11-19 20:23:59.460864+00:00,3.2575325544945506e-05,False
2017-11-19 22:16:25.216896+00:00,-3.337907400683849e-05,False
2017-11-20 13:15:51.266016+00:00,4.20249787028097e-06,False
2017-11-20 20:45:34.290144+00:00,-5.6173489482992596e-05,False
2017-11-20 22:38:00.047040+00:00,5.907960954750006e-05,False
2017-11-21 21:07:09.122016+00:00,0.00035764466749166823,False
2017-11-22 04:36:52.145280+00:00,6.542159394722916e-05,False
2017-11-22 13:59:00.925440+00:00,8.697298570430055e-05,False
2017-11-22 21:28:43.951296+00:00,1.6097864229848294e-05,False
2017-11-23 04:58:26.974560+00:00,5.7516351943230265e-05,False
2017-11-23 14:20:35.756448+00:00,7.899788605526084e-05,False
2017-11-23 21:50:18.784896+00:00,9.650692872598845e-05,False
2017-11-24 05:20:01.811616+00:00,8.191765713481806e-05,False
2017-11-24 12:49:44.836608+00:00,1.9514207210383187e-05,False
2017-11-24 14:42:10.593504+00:00,0.00011992839639070415,False
2017-11-24 22:11:53.619360+00:00,-2.4282392389513604e-08,False
2017-11-25 20:41:02.696928+00:00,5.025030819794194e-05,False
2017-11-25 22:33:28.452096+00:00,2.721818248297053e-05,False
2017-11-26 13:32:54.502080+00:00,0.00012208113764858075,False
2017-11-26 21:02:37.528800+00:00,4.056490454288829e-05,False
2017-11-27 04:32:20.553792+00:00,7.024655446323804e-05,False
2017-11-27 21:24:12.358080+00:00,3.9341014854172175e-06,False
2017-11-28 04:53:55.381344+00:00,3.8064345189219406e-05,False
2017-11-28 21:45:47.183040+00:00,3.214761671843419e-05,False
2017-11-29 12:45:13.224384+00:00,0.00012633744456259978,False
2017-11-29 14:37:38.978688+00:00,7.59064474114204e-06,False
2017-11-29 22:07:21.998496+00:00,-3.3418918538708593e-06,False
2017-11-30 14:59:13.792416+00:00,0.000145874508764183,False
2017-11-30 20:36:31.057920+00:00,-3.018638122503907e-05,False
2017-11-30 22:28:56.812224+00:00,-4.758122233814258e-06,False
2017-12-01 13:28:22.850112+00:00,0.00017858755592162307,False
2017-12-01 20:58:05.868192+00:00,-1.1149183804133736e-05,False
2017-12-02 04:27:48.885408+00:00,1.0169305237393321e-05,False
2017-12-02 13:49:57.656928+00:00,9.538792355883984e-05,False
2017-12-02 21:19:40.675872+00:00,8.948864545011085e-05,False
2017-12-03 04:49:23.694816+00:00,6.624863019732444e-05,False
2017-12-03 14:11:32.468064+00:00,0.00012720758998540813,False
2017-12-03 19:48:49.735296+00:00,0.00010626326517244773,False
2017-12-04 12:40:41.526624+00:00,0.00011292099111771131,False
2017-12-04 22:02:50.300736+00:00,8.043324397886172e-05,False
2017-12-05 13:02:16.339488+00:00,0.00016937908079159633,False
2017-12-05 14:54:42.095520+00:00,1.9520261236528143e-05,False
2017-12-05 22:24:25.114464+00:00,7.791286662907164e-07,False
2017-12-06 13:23:51.155808+00:00,0.00020514595064693774,False
2017-12-06 19:01:08.424768+00:00,0.00010581871906911017,False
2017-12-06 20:53:34.179936+00:00,-4.912645221099652e-06,False
2017-12-07 06:15:42.957504+00:00,1.2743534000467268e-05,False
2017-12-07 13:45:25.979040+00:00,9.46589559385578e-05,False
2017-12-07 21:15:09.000576+00:00,-3.985121154825944e-05,False
2017-12-08 06:37:17.779872+00:00,0.0002053146859963012,False
2017-12-08 12:14:35.043648+00:00,9.874934082326889e-05,False
2017-12-08 14:07:00.799680+00:00,7.2617111054791685e-06,False
2017-12-08 21:36:43.820352+00:00,3.619400352346724e-05,False
2017-12-09 12:36:09.857376+00:00,5.45591477305272e-05,False
2017-12-09 14:28:35.613408+00:00,-3.301682168242617e-05,False
2017-12-09 21:58:18.634944+00:00,9.189361723558641e-05,False
2017-12-10 12:57:44.674560+00:00,0.00014199599984821996,False
2017-12-10 14:50:10.429728+00:00,-2.906772999663665e-05,False
2017-12-10 22:19:53.450400+00:00,6.338755306395564e-05,False
2017-12-11 13:19:19.484832+00:00,5.680896532312058e-05,False
2017-12-11 20:49:02.502912+00:00,2.9104868687790684e-06,False
2017-12-11 22:41:28.257216+00:00,4.682356333182123e-05,False
2017-12-12 13:40:54.290784+00:00,0.0001321856947734134,False
2017-12-12 21:10:37.305408+00:00,-6.989131598273699e-05,False
2017-12-13 14:02:29.196960+00:00,0.007534686740549796,False
2017-12-13 21:32:12.257376+00:00,0.0005438863689541301,False
2017-12-14 05:01:55.319520+00:00,0.00019507065790206262,False
2017-12-14 14:24:04.141152+00:00,3.785730903261891e-05,False
2017-12-14 21:53:47.199840+00:00,4.950721896953318e-05,False
2017-12-15 05:23:30.260256+00:00,5.7752965468799145e-05,False
2017-12-15 14:45:39.084480+00:00,0.00018180496072026662,False
2017-12-15 22:15:22.143168+00:00,4.880294418573585e-05,False
2017-12-16 11:22:22.471680+00:00,-0.0001719552040702144,False
2017-12-16 13:14:48.236352+00:00,2.3888824383689533e-06,False
2017-12-16 22:36:57.060576+00:00,4.233223090764283e-05,False
2017-12-17 11:43:57.413280+00:00,0.00010821203133511682,False
2017-12-17 13:36:23.178816+00:00,3.025327722278858e-05,False
2017-12-17 21:06:06.236640+00:00,-1.6387917498711735e-05,False
2017-12-18 12:05:32.354880+00:00,0.00015701241761184842,False
2017-12-18 13:57:58.120416+00:00,5.426638121482055e-05,False
2017-12-18 21:27:41.179104+00:00,3.886297996719868e-05,False
2017-12-19 12:27:07.297344+00:00,0.0001438552702304419,False
2017-12-19 14:19:33.062016+00:00,1.3862696083681852e-05,False
2017-12-19 21:49:16.120704+00:00,-2.5798391329509066e-05,False
2017-12-20 07:11:24.946656+00:00,0.0001046578518404831,False
2017-12-20 12:48:42.239808+00:00,9.720838257074046e-06,False
2017-12-20 14:41:08.004480+00:00,-6.671550061984201e-05,False
2017-12-20 20:18:25.298496+00:00,7.242717968779896e-05,False
2017-12-21 18:47:34.469376+00:00,-5.422858523693316e-05,False
2017-12-21 22:32:25.997856+00:00,4.635343683591664e-05,False
2017-12-22 13:31:52.108320+00:00,4.753152135839609e-05,False
2017-12-22 19:09:09.399744+00:00,-2.8648583683301156e-05,False
2017-12-22 21:01:35.163552+00:00,5.055707698765778e-06,False
2017-12-23 13:53:27.036960+00:00,7.524440384292506e-05,False
2017-12-23 19:30:44.328384+00:00,5.0809896348856366e-05,False
2017-12-23 21:23:10.091328+00:00,-4.3373962051592897e-05,False
2017-12-24 14:15:01.959552+00:00,-7.074706262865415e-05,False
2017-12-24 19:52:19.247520+00:00,-2.1742137514445038e-05,False
2017-12-24 21:44:45.010464+00:00,2.469452887404544e-05,False
2017-12-25 20:13:54.162336+00:00,6.980264677645614e-05,False
2017-12-25 22:06:19.925280+00:00,4.5741237382201814e-06,False
2017-12-26 13:05:46.027104+00:00,0.00015034576713340576,False
2017-12-26 20:35:29.078016+00:00,3.37378581545094e-05,False
2017-12-26 22:27:54.841824+00:00,5.246264971277498e-05,False
2017-12-27 13:27:20.943648+00:00,5.2670117381648965e-05,False
2017-12-27 20:57:03.994560+00:00,0.00010149662945078675,False
2017-12-28 04:26:47.045472+00:00,3.687497021793529e-05,False
2017-12-28 21:18:38.912832+00:00,0.00029965797191163987,False
2017-12-29 04:48:21.963744+00:00,-7.186186905266948e-05,False
2017-12-29 14:10:30.778464+00:00,0.00013785934920043365,False
2017-12-29 21:40:13.831968+00:00,8.382434980827333e-05,False
2017-12-30 05:09:56.886336+00:00,8.382470627514158e-05,False
2017-12-30 14:32:05.701920+00:00,-2.3533300725506705e-05,False
2017-12-30 22:01:48.756288+00:00,0.00012732397906552162,False
2017-12-31 05:31:31.808064+00:00,1.0995659129622856e-05,False
2017-12-31 14:53:40.623648+00:00,1.1685489164132791e-05,False
2017-12-31 22:23:23.675424+00:00,0.0001303498245927364,False
2018-01-01 05:53:06.726336+00:00,-5.4994380383365155e-06,False
2018-01-01 11:30:24.016032+00:00,5.963487200740748e-05,False
2018-01-01 13:22:49.779840+00:00,3.9804016822273636e-05,False
2018-01-01 20:52:32.832480+00:00,0.00011814097991295627,False
2018-01-02 11:51:58.935168+00:00,-3.615280738691301e-05,False
2018-01-02 13:44:24.699840+00:00,5.1694913324465045e-05,False
2018-01-02 21:14:07.751616+00:00,6.89471047322806e-05,False
2018-01-03 12:13:33.851712+00:00,-4.1422066705308646e-05,False
2018-01-03 14:05:59.614656+00:00,3.94791251886523e-05,False
2018-01-03 21:35:42.663840+00:00,1.6203703138505442e-05,False
2018-01-04 12:35:08.760480+00:00,-2.6640641310761022e-05,False
2018-01-04 14:27:34.522560+00:00,1.1086215678482573e-05,False
2018-01-04 21:57:17.571744+00:00,0.0001039235009272134,False
2018-01-05 12:56:43.670112+00:00,0.00014478796003726183,False
2018-01-05 22:18:52.481376+00:00,4.975852907521163e-05,False
2018-01-06 20:48:01.622016+00:00,-2.246384673529152e-05,False
2018-01-07 06:10:10.430688+00:00,9.737110977117122e-05,False
2018-01-07 13:39:53.479008+00:00,2.3477149504673296e-05,False
2018-01-07 19:17:10.763520+00:00,5.9513947204594305e-05,False
2018-01-08 04:39:19.571328+00:00,7.265647777488327e-05,False
2018-01-08 14:01:28.382592+00:00,0.00010157629598444062,False
2018-01-08 21:31:11.430912+00:00,0.00010161314045956541,False
2018-01-09 14:23:03.289632+00:00,-6.087061046550598e-06,False
2018-01-09 21:52:46.338816+00:00,5.2947266813301006e-05,False
2018-01-10 14:44:38.195808+00:00,9.729045602888012e-05,False
2018-01-10 22:14:21.244992+00:00,8.832028161788775e-05,False
2018-01-11 13:13:47.339904+00:00,1.78911279948766e-05,False
2018-01-11 20:43:30.389952+00:00,0.0002049109454956883,False
2018-01-12 13:35:22.251264+00:00,2.2933800120644157e-05,False
2018-01-12 19:12:39.538368+00:00,0.00010998835849707018,False
2018-01-12 21:05:05.301312+00:00,5.820121250831278e-06,False
2018-01-13 13:56:57.157440+00:00,-2.995189252632372e-05,False
2018-01-13 19:34:14.442816+00:00,6.177216404540774e-05,False
2018-01-13 21:26:40.205760+00:00,1.7722962154572338e-05,False
2018-01-14 14:18:32.059296+00:00,1.3403371381710426e-05,False
2018-01-14 19:55:49.344672+00:00,8.154908480389295e-05,False
2018-01-14 21:48:15.107616+00:00,5.396108422916084e-05,False
2018-01-15 20:17:24.246528+00:00,4.184663586044419e-05,False
2018-01-15 22:09:50.007744+00:00,1.5588588735202144e-06,False
2018-01-16 22:31:24.905280+00:00,8.338447712108091e-05,False
2018-01-17 11:38:25.232064+00:00,2.8608009860138118e-05,False
2018-01-17 21:00:34.038144+00:00,0.00010846029250067023,False
2018-01-18 13:52:25.885632+00:00,5.5959795504502695e-05,False
2018-01-18 23:14:34.694304+00:00,0.0001042560590577087,False
2018-01-19 04:51:51.975360+00:00,1.7104706015606435e-05,False
2018-01-19 21:43:43.828896+00:00,0.00010381135211282608,False
2018-01-20 05:13:26.871168+00:00,8.275348303794004e-05,False
2018-01-20 14:35:35.677248+00:00,5.0787896670331735e-06,False
2018-01-20 22:05:18.723840+00:00,0.00010649028606530379,False
2018-01-21 13:04:44.812704+00:00,9.018978472038256e-05,False
2018-01-21 22:26:53.623104+00:00,0.00014892344177635212,False
2018-01-22 13:26:19.713696+00:00,9.827946103931076e-05,False
2018-01-22 20:56:02.771520+00:00,0.0002513824056757372,False
2018-01-22 22:48:28.532736+00:00,2.1759718135494853e-05,False
2018-01-23 13:47:54.622464+00:00,4.633709797704195e-05,False
2018-01-23 23:10:03.425952+00:00,-0.00014427519336356265,False
2018-01-24 04:47:20.708736+00:00,6.940717284983959e-05,False
2018-01-24 14:09:29.517408+00:00,7.354208474790602e-05,False
2018-01-24 19:46:46.802784+00:00,-3.895637095083589e-05,False
2018-01-25 05:08:55.612320+00:00,0.00022141497128547508,False
2018-01-25 14:31:04.420992+00:00,-6.449364830571493e-06,False
2018-01-25 22:00:47.470176+00:00,4.690903320901418e-05,False
2018-01-26 13:00:13.560768+00:00,5.9047696247234785e-05,False
2018-01-26 22:22:22.368576+00:00,1.3366718253947184e-05,False
2018-01-27 13:21:48.458304+00:00,0.0001477293646257386,False
2018-01-27 20:51:31.504896+00:00,1.1293494486074586e-05,False
2018-01-27 22:43:57.265248+00:00,1.8661575452000273e-06,False
2018-01-28 13:43:23.354112+00:00,0.00014012460541052677,False
2018-01-28 23:05:32.161920+00:00,3.766098761314024e-05,False
2018-01-29 04:42:49.444704+00:00,1.3684145972050656e-05,False
2018-01-29 14:04:58.252512+00:00,8.269392345041179e-05,False
2018-01-29 21:34:41.299968+00:00,0.0001204546852008641,False
2018-01-30 05:04:24.343968+00:00,3.575891098708473e-05,False
2018-01-30 12:34:07.387968+00:00,4.549055246619142e-06,False
2018-01-30 21:56:16.195776+00:00,3.011788421759134e-05,False
2018-01-31 12:55:42.305376+00:00,0.0004704793369786573,False
2018-01-31 22:17:51.095904+00:00,-0.00014581530937267162,False
2018-02-01 13:17:17.189952+00:00,0.00010949883798439596,False
2018-02-01 18:54:34.476192+00:00,7.858805509400088e-05,False
2018-02-01 20:47:00.253824+00:00,0.00019081794441487836,False
2018-02-02 13:38:52.093536+00:00,-8.866712600375104e-05,False
2018-02-02 19:16:09.380640+00:00,2.703656981577676e-05,False
2018-02-02 23:01:00.903072+00:00,4.014768713996882e-05,False
2018-02-03 14:00:26.998848+00:00,0.000186732475261308,False
2018-02-03 21:30:10.048032+00:00,5.737198891832665e-05,False
2018-02-04 14:22:01.908480+00:00,0.00010906544035070177,False
2018-02-04 21:51:44.957664+00:00,8.922283425293238e-05,False
2018-02-05 03:29:02.243904+00:00,-1.331479914510287e-05,False
2018-02-05 12:51:11.053440+00:00,1.99373110095089e-05,False
2018-02-05 22:13:19.864704+00:00,0.00012461925291145276,False
2018-02-06 03:50:37.149216+00:00,-1.768599889346144e-05,False
2018-02-06 13:12:45.957024+00:00,5.2869399622109545e-05,False
2018-02-06 22:34:54.763968+00:00,-4.839033607327953e-05,False
2018-02-07 04:12:12.049344+00:00,2.3112353653829357e-05,False
2018-02-07 13:34:20.858880+00:00,0.00012094218953755868,False
2018-02-07 22:56:29.665824+00:00,-1.5913784684176206e-05,False
2018-02-08 04:33:46.952064+00:00,3.5085676247351926e-05,False
2018-02-08 21:25:38.806464+00:00,0.00013569131704986275,False
2018-02-09 12:25:04.897056+00:00,4.4102566391735507e-05,False
2018-02-09 21:47:13.711776+00:00,0.0004785086624469641,False
2018-02-10 05:16:56.750592+00:00,-0.0003233947983159836,False
2018-02-10 12:46:39.795456+00:00,5.475212603725303e-05,False
2018-02-10 22:08:48.603264+00:00,0.00011368299459937786,False
2018-02-11 13:08:14.698176+00:00,0.00012932485785653353,False
2018-02-11 22:30:23.521536+00:00,0.0003623387756621697,False
2018-02-12 11:37:23.837088+00:00,-0.0002908679192937427,False
2018-02-12 17:14:41.121600+00:00,5.692321984947314e-05,False
2018-02-12 22:51:58.406112+00:00,0.00017205926149405505,False
2018-02-13 13:51:24.506208+00:00,0.00020246947341968444,False
2018-02-13 21:21:07.551936+00:00,2.7024392126577293e-05,False
2018-02-14 12:20:33.649440+00:00,3.7669433085160095e-05,False
2018-02-14 21:42:42.463296+00:00,-7.467591612334986e-05,False
2018-02-15 05:12:25.509024+00:00,0.0001992209692399985,False
2018-02-15 14:34:34.320288+00:00,5.0759646024640094e-05,False
2018-02-15 22:04:17.366880+00:00,6.726672659003986e-05,False
2018-02-16 13:03:43.463520+00:00,0.00012688104938010913,False
2018-02-16 22:25:52.267008+00:00,2.583878540272832e-05,False
2018-02-17 11:32:52.605024+00:00,-1.2448631603544788e-05,False
2018-02-17 20:55:01.412832+00:00,2.2653364382098864e-05,False
2018-02-17 22:47:27.175776+00:00,9.48269896602849e-05,False
2018-02-18 13:46:53.265504+00:00,-0.0003179806380190092,False
2018-02-18 21:16:36.312960+00:00,0.00018412516275044972,False
2018-02-19 14:08:28.157856+00:00,-0.00025879367300016406,False
2018-02-19 21:38:11.198400+00:00,3.127397031223296e-05,False
2018-02-20 03:15:28.481184+00:00,-5.213507528152964e-05,False
2018-02-20 21:59:46.076928+00:00,-6.617738145712123e-05,False
2018-02-21 03:37:03.360576+00:00,0.00014442557196334138,False
2018-02-21 22:21:20.959776+00:00,6.274343595368996e-05,False
2018-02-22 03:58:38.238240+00:00,-0.0001201426059613354,False
2018-02-22 13:20:47.036544+00:00,8.09538988158334e-06,False
2018-02-22 22:42:55.831392+00:00,5.067702849020667e-05,False
2018-02-23 09:57:30.388320+00:00,5.0560660795909694e-05,False
2018-02-23 13:42:21.909024+00:00,2.6845012442610667e-06,False
2018-02-23 21:12:04.946976+00:00,8.821930666770878e-05,False
2018-02-24 06:34:13.746144+00:00,-7.395049822352074e-05,False
2018-02-24 12:11:31.026336+00:00,-3.772790091969113e-05,False
2018-02-24 14:03:56.785824+00:00,-4.586751861910465e-06,False
2018-02-24 21:33:39.821184+00:00,5.991670180824425e-05,False
2018-02-25 14:25:31.657440+00:00,-7.55085155538619e-05,False
2018-02-25 21:55:14.691936+00:00,3.20998998699845e-05,False
2018-02-26 12:54:40.764384+00:00,-1.4020858924080004e-05,False
2018-02-26 22:16:49.556640+00:00,-8.850854325929185e-06,False
2018-02-27 09:31:24.110976+00:00,4.349263491954349e-05,False
2018-02-27 22:38:24.423936+00:00,-5.468119253212634e-06,False
2018-02-28 13:37:50.489472+00:00,-0.00025761854448409446,False
2018-02-28 21:07:33.523968+00:00,0.00018130344167417337,False
2018-03-01 13:59:25.348128+00:00,6.907447917614166e-06,False
2018-03-02 04:58:51.407616+00:00,-4.666929017358073e-05,False
2018-03-02 14:21:00.193824+00:00,-7.367717052676035e-05,False
2018-03-02 21:50:43.224000+00:00,0.00014537206395180084,False
2018-03-03 14:42:35.039520+00:00,-8.388706503920053e-05,False
2018-03-03 22:12:18.065376+00:00,4.847876664975588e-06,False
2018-03-04 15:04:09.871392+00:00,-6.300945215437782e-05,False
2018-03-04 22:33:52.897248+00:00,0.0001334210660428185,False
2018-03-05 13:33:18.944640+00:00,-0.00010990509589607563,False
2018-03-05 22:55:27.726528+00:00,0.00012143734926566725,False
2018-03-06 13:54:53.776512+00:00,9.158697146753015e-05,False
2018-03-06 21:24:36.797184+00:00,-8.662069009884354e-05,False
2018-03-07 14:16:28.598880+00:00,-3.6710117662080294e-05,False
2018-03-07 21:46:11.622144+00:00,0.00014666892990686633,False
2018-03-08 05:15:54.648000+00:00,0.00023616566787477126,False
2018-03-08 14:38:03.425568+00:00,-0.00010320359449237359,False
2018-03-08 22:07:46.449696+00:00,0.00015494131154564602,False
2018-03-09 13:07:12.497088+00:00,-9.907965370695057e-05,False
2018-03-09 14:59:38.252256+00:00,-3.987686954032569e-06,False
2018-03-09 20:36:55.520352+00:00,5.114500618055513e-05,False
2018-03-10 13:28:47.328960+00:00,0.00011850628218012239,False
2018-03-10 22:50:56.108256+00:00,7.135273752536884e-05,False
2018-03-11 13:50:22.152192+00:00,1.5333680476664055e-05,False
2018-03-11 21:20:05.174592+00:00,-1.6515377279036517e-05,False
2018-03-12 14:11:56.971968+00:00,5.6373089773260085e-05,False
2018-03-12 21:41:39.995232+00:00,-5.619694967228648e-05,False
2018-03-13 05:11:23.015904+00:00,9.416390097737986e-05,False
2018-03-13 14:33:31.791744+00:00,7.188532230928626e-05,False
2018-03-13 22:03:14.808096+00:00,-0.00014414795791175135,False
2018-03-14 11:10:15.091680+00:00,0.00010967243578559696,False
2018-03-14 22:24:49.616640+00:00,0.00013460114982451058,False
2018-03-15 19:01:32.908800+00:00,2.445649297519971e-05,False
2018-03-15 22:46:24.417408+00:00,3.297814017024436e-05,False
2018-03-16 13:45:50.444064+00:00,-5.600765447016446e-05,False
2018-03-16 21:15:33.457824+00:00,-0.00011441049698713596,False
2018-03-17 14:07:25.237920+00:00,0.0001424897799417719,False
2018-03-17 21:37:08.249952+00:00,4.2905632062701694e-05,False
2018-03-18 05:06:51.262848+00:00,0.00011725374189858388,False
2018-03-18 14:29:00.032640+00:00,0.00024362822647646363,False
2018-03-18 21:58:43.048992+00:00,5.540022352770267e-05,False
2018-03-19 12:58:09.073056+00:00,-8.48093683503292e-05,False
2018-03-19 14:50:34.825632+00:00,1.128730603873607e-06,False
2018-03-19 22:20:17.840256+00:00,3.215124085569834e-05,False
2018-03-20 13:19:43.864320+00:00,9.674188640741688e-07,False
2018-03-20 18:57:01.124640+00:00,3.943128024677153e-05,False
2018-03-20 22:41:52.633248+00:00,0.0001953554708916179,False
2018-03-21 13:41:18.657312+00:00,1.4204942630097081e-05,False
2018-03-21 21:11:01.666752+00:00,-0.00010723406994694838,False
2018-03-22 14:02:53.451168+00:00,0.00027389528554814667,False
2018-03-22 19:40:10.714080+00:00,4.523168086408125e-06,False
2018-03-23 05:02:19.478688+00:00,9.842924898982832e-06,False
2018-03-23 14:24:28.248480+00:00,0.00014694415548582458,False
2018-03-23 21:54:11.263104+00:00,3.870453367523314e-05,False
2018-03-24 12:53:37.288896+00:00,0.00017457945071420043,False
2018-03-24 14:46:03.042336+00:00,2.6027305557493214e-05,False
2018-03-24 22:15:46.054368+00:00,-6.868044490598861e-05,False
2018-03-25 13:15:12.075840+00:00,0.00011983218352971129,False
2018-03-25 22:37:20.841312+00:00,1.833947340506919e-05,False
2018-03-26 13:36:46.859328+00:00,-9.981456926750595e-05,False
2018-03-26 21:06:29.867904+00:00,-6.359707218619049e-05,False
2018-03-27 12:05:55.882464+00:00,9.818311318673711e-05,False
2018-03-27 21:28:04.643616+00:00,0.00013653629408950794,False
2018-03-28 04:57:47.650464+00:00,-2.0527148304463547e-05,False
2018-03-28 14:19:56.406432+00:00,0.00013870315011034942,False
2018-03-28 21:49:39.415872+00:00,0.0001546310082606551,False
2018-03-29 12:49:05.427840+00:00,8.847887113948351e-05,False
2018-03-29 14:41:31.178688+00:00,-6.154191980946354e-05,False
2018-03-29 22:11:14.188128+00:00,0.00010344564294933628,False
2018-03-30 13:10:40.199232+00:00,0.00014993661566315095,False
2018-03-31 13:32:14.970624+00:00,0.00018946055782073228,False
2018-03-31 21:01:57.981792+00:00,0.00020059945106804862,False
2018-04-01 13:53:49.748928+00:00,6.26183067721301e-05,False
2018-04-01 21:23:32.760096+00:00,0.00017340384621905482,False
2018-04-02 04:53:15.769536+00:00,4.6532777625658155e-05,False
2018-04-02 14:15:24.530688+00:00,-6.789549408836018e-06,False
2018-04-02 21:45:07.540992+00:00,0.00011734129475848844,False
2018-04-03 12:44:33.561600+00:00,0.00016965633892199698,False
2018-04-03 14:36:59.314176+00:00,5.551544018826168e-05,False
2018-04-03 22:06:42.333120+00:00,0.0002146028963674979,False
2018-04-04 11:13:42.602016+00:00,0.00041213122207023084,False
2018-04-04 20:35:51.510048+00:00,0.01063059791389282,False
2018-04-04 22:28:17.276448+00:00,6.406633101338412e-05,False
2018-04-05 13:27:43.399872+00:00,-0.00020242006696113098,False
2018-04-05 20:57:26.463744+00:00,0.00011453592727170542,False
2018-04-06 04:27:09.526752+00:00,2.0207355560551533e-05,False
2018-04-06 13:49:18.355296+00:00,0.00013089587845220352,False
2018-04-06 21:19:01.420896+00:00,0.00012323541372483832,False
2018-04-07 04:48:44.502048+00:00,-0.00018461697161096922,False
2018-04-07 14:10:53.328864+00:00,-1.2981500171654396e-05,False
2018-04-07 21:40:36.391872+00:00,4.284232565898522e-05,False
2018-04-08 12:40:02.517024+00:00,0.00012823415069424315,False
2018-04-08 14:32:28.282560+00:00,-6.863482986047947e-05,False
2018-04-08 22:02:11.345568+00:00,6.360136060729481e-05,False
2018-04-09 14:54:03.233664+00:00,0.0001119710574026538,False
2018-04-09 20:31:20.528544+00:00,3.147910806279078e-05,False
2018-04-09 22:23:46.293216+00:00,2.826682298356507e-05,False
2018-04-10 13:23:12.410592+00:00,-4.0066693766087065e-05,False
2018-04-10 20:52:55.473600+00:00,0.00017987415922472694,False
2018-04-11 13:44:47.359968+00:00,0.00012047890813098597,False
2018-04-11 21:14:30.422112+00:00,9.999782523338264e-05,False
2018-04-12 14:06:22.306752+00:00,3.625484583945907e-05,False
2018-04-12 21:36:05.368032+00:00,9.967444755061202e-05,False
2018-04-13 03:13:22.665504+00:00,8.675719395030723e-07,False
2018-04-13 12:35:31.489728+00:00,9.562034764334523e-05,False
2018-04-13 21:57:40.316544+00:00,7.57496229383396e-05,False
2018-04-14 03:34:57.614016+00:00,6.480204136643544e-05,False
2018-04-14 14:49:32.207232+00:00,0.0001153755967674719,False
2018-04-14 22:19:15.269376+00:00,3.584457399418583e-05,False
2018-04-15 03:56:32.565984+00:00,-4.359962884303395e-05,False
2018-04-15 13:18:41.392800+00:00,3.110984571118392e-05,False
2018-04-15 22:40:50.220480+00:00,3.129941112527442e-05,False
2018-04-16 04:18:07.517088+00:00,2.0669161943886728e-05,False
2018-04-16 13:40:16.342176+00:00,6.26588644034235e-05,False
2018-04-16 21:09:59.401728+00:00,3.4005045158668292e-06,False
2018-04-17 04:39:42.462144+00:00,4.037161040393631e-05,False
2018-04-17 14:01:51.288096+00:00,0.00017919093601913793,False
2018-04-17 21:31:34.347648+00:00,-6.135199728505107e-05,False
2018-04-18 05:01:17.406336+00:00,-3.174600344994178e-05,False
2018-04-18 14:23:26.230560+00:00,8.601195482616366e-05,False
2018-04-18 21:53:09.289248+00:00,9.956875237758517e-05,False
2018-04-19 05:22:52.347936+00:00,-1.2164515301590095e-05,False
2018-04-19 14:45:01.170432+00:00,0.00019017861377117635,False
2018-04-19 22:14:44.225664+00:00,-2.5075661058252056e-05,False
2018-04-20 05:44:27.282624+00:00,6.378440052415278e-05,False
2018-04-20 13:14:10.337856+00:00,0.0001343051060341097,False
2018-04-20 22:36:19.155168+00:00,1.818426275367777e-05,False
2018-04-21 11:43:19.503552+00:00,8.166664347123855e-05,False
2018-04-21 13:35:45.267360+00:00,-3.6980701379381835e-05,False
2018-04-21 21:05:28.322592+00:00,0.00011890599698887531,False
2018-04-22 12:04:54.431328+00:00,2.463273731555612e-05,False
2018-04-22 13:57:20.195136+00:00,-8.833447953411118e-06,False
2018-04-22 21:27:03.247776+00:00,8.620016069353568e-05,False
2018-04-23 14:18:55.122912+00:00,0.000312142860002625,False
2018-04-23 19:56:12.434208+00:00,0.00032369142136018446,False
2018-04-23 21:48:38.196288+00:00,-8.873432039672233e-05,False
2018-04-24 14:40:30.051552+00:00,-6.221820881606763e-05,False
2018-04-24 22:10:13.108512+00:00,0.00021473529000160202,False
2018-04-25 03:47:30.420672+00:00,0.00013528141550218117,False
2018-04-25 22:31:48.038016+00:00,-0.0002650087037460832,False
2018-04-26 04:09:05.331168+00:00,0.00012311680000643858,False
2018-04-26 13:31:14.152800+00:00,0.00018739620623600315,False
2018-04-26 21:00:57.222720+00:00,0.00013373054193467396,False
2018-04-27 04:30:40.264128+00:00,-7.475314899832215e-05,False
2018-04-27 13:52:49.085760+00:00,0.00012711682801204698,False
2018-04-27 21:22:32.141856+00:00,2.475135242209653e-05,False
2018-04-28 04:52:15.198816+00:00,9.78780948733791e-05,False
2018-04-28 14:14:24.023040+00:00,0.00011429313395644576,False
2018-04-28 21:44:07.077408+00:00,-3.5405966171145765e-05,False
2018-04-29 05:13:50.132640+00:00,2.9028484056662897e-05,False
2018-04-29 14:35:58.952544+00:00,0.00013000873510684674,False
2018-04-29 22:05:42.005184+00:00,3.281470105601195e-05,False
2018-04-30 05:35:25.056960+00:00,-9.605536553506088e-05,False
2018-04-30 13:05:08.111328+00:00,9.897147016320576e-05,False
2018-04-30 22:27:16.926912+00:00,3.917947641642854e-05,False
2018-05-01 11:34:17.269248+00:00,7.990363069677045e-05,False
2018-05-01 13:26:43.032192+00:00,1.4577030660669532e-05,False
2018-05-01 20:56:26.084832+00:00,0.00014456075239738228,False
2018-05-02 11:55:52.184928+00:00,-8.618114216936147e-05,False
2018-05-02 13:48:17.947872+00:00,-5.511724637451493e-06,False
2018-05-02 21:18:00.985824+00:00,0.0004292297597287116,False
2018-05-03 14:09:52.856640+00:00,-0.00022088984517701493,False
2018-05-03 17:54:44.379936+00:00,6.988556564602497e-05,False
2018-05-03 21:39:35.904960+00:00,2.602961289206491e-05,False
2018-05-04 14:31:27.766272+00:00,0.00021202950253742695,False
2018-05-04 20:08:45.051648+00:00,-5.570217340927494e-05,False
2018-05-04 22:01:10.815456+00:00,7.535226046724065e-05,False
2018-05-05 13:00:36.911232+00:00,4.057750079938853e-06,False
2018-05-05 20:30:19.958688+00:00,5.095937096201794e-05,False
2018-05-05 22:22:45.719904+00:00,-2.9200443128655482e-05,False
2018-05-06 13:22:11.819136+00:00,0.00024838961537452923,False
2018-05-06 20:51:54.867456+00:00,9.13043899453406e-05,False
2018-05-07 13:43:46.729632+00:00,0.00023877887994724583,False
2018-05-07 21:13:29.801280+00:00,9.900903409645744e-05,False
2018-05-08 04:43:12.848736+00:00,2.2496274496006948e-05,False
2018-05-08 14:05:21.644448+00:00,2.90739107215085e-06,False
2018-05-08 21:35:04.696224+00:00,0.00011503843656374714,False
2018-05-09 05:04:47.745408+00:00,2.2113763411124717e-05,False
2018-05-09 14:26:56.559264+00:00,7.103550652394968e-05,False
2018-05-09 21:56:39.610176+00:00,0.00012310203592942484,False
2018-05-10 05:26:22.658496+00:00,1.4208025024770786e-06,False
2018-05-10 14:48:31.472352+00:00,8.72827269693331e-05,False
2018-05-10 22:18:14.524128+00:00,5.851833537132554e-05,False
2018-05-11 09:32:49.097472+00:00,-2.6675700348318697e-05,False
2018-05-11 13:17:40.622496+00:00,2.02785122219223e-05,False
2018-05-11 20:47:23.671680+00:00,3.428987144840824e-05,False
2018-05-12 11:46:49.770048+00:00,6.21105249887913e-05,False
2018-05-12 13:39:15.531264+00:00,1.4268742758673065e-05,False
2018-05-12 21:08:58.578720+00:00,6.616333676249609e-05,False
2018-05-13 12:08:24.671040+00:00,9.374772121676104e-05,False
2018-05-13 14:00:50.432256+00:00,1.0345030363150779e-05,False
2018-05-13 21:30:33.477984+00:00,5.015881640791748e-05,False
2018-05-14 12:29:59.571168+00:00,0.0001780628270084591,False
2018-05-14 21:52:08.371200+00:00,0.0003213734514778884,False
2018-05-15 14:44:00.227328+00:00,0.00021233857555959173,False
2018-05-15 22:13:43.273056+00:00,-0.00038380493272082686,False
2018-05-16 13:13:09.359328+00:00,0.00016163953628096467,False
2018-05-16 20:42:52.403328+00:00,6.194860051002126e-05,False
2018-05-17 13:34:44.252544+00:00,0.00021640857993014172,False
2018-05-17 22:56:53.084544+00:00,0.0004054428945404064,False
2018-05-18 13:56:19.176864+00:00,0.00015759006794938235,False
2018-05-18 19:33:36.456192+00:00,1.9338533136053944e-05,False
2018-05-18 23:18:27.978624+00:00,-1.9441966781595933e-05,False
2018-05-19 14:17:54.051936+00:00,-5.5038708149016406e-05,False
2018-05-19 21:47:37.101120+00:00,6.978193286154708e-05,False
2018-05-20 14:39:28.956384+00:00,0.0002364430864364137,False
2018-05-20 20:16:46.245216+00:00,0.0001073375508353126,False
2018-05-20 22:09:12.024576+00:00,1.4370285818736113e-05,False
2018-05-21 13:08:38.102208+00:00,0.0001257492678547096,False
2018-05-21 16:53:29.626368+00:00,1.2636384920248933e-05,False
2018-05-22 04:08:04.200576+00:00,0.00017404906431946595,False
2018-05-22 13:30:13.013568+00:00,9.552617111641179e-05,False
2018-05-22 22:52:21.825696+00:00,-5.280476028647792e-05,False
2018-05-23 04:29:39.111936+00:00,0.00011496686728699551,False
2018-05-23 13:51:47.922336+00:00,0.00015525162148910944,False
2018-05-23 23:13:56.725824+00:00,0.00019208729799620998,False
2018-05-24 04:51:14.015520+00:00,-0.00012188726341282472,False
2018-05-24 14:13:22.825056+00:00,-1.3257561625151643e-05,False
2018-05-24 21:43:05.873376+00:00,8.9426363687494e-05,False
2018-05-25 14:34:57.724320+00:00,5.964780916725728e-05,False
2018-05-25 22:04:40.771776+00:00,0.00012512190783287638,False
2018-05-26 13:04:06.864096+00:00,0.00015767337413535556,False
2018-05-26 22:26:15.671040+00:00,0.00011940886660996525,False
2018-05-27 05:55:58.715040+00:00,2.043074689053528e-05,False
2018-05-27 13:25:41.760768+00:00,2.4759555996104257e-05,False
2018-05-27 20:55:24.806496+00:00,1.232390636731399e-05,False
2018-05-27 22:47:50.566848+00:00,5.446430739362527e-05,False
2018-05-28 13:47:16.658304+00:00,6.875454452242235e-05,False
2018-05-28 21:16:59.707488+00:00,-7.887517619258397e-06,False
2018-05-28 23:09:25.468704+00:00,0.0001225183631847114,False
2018-05-29 14:08:51.562752+00:00,0.00020517542835991336,False
2018-05-29 21:38:34.609344+00:00,0.00016470201875018605,False
2018-05-30 14:30:26.462880+00:00,6.20539929777117e-05,False
2018-05-30 22:00:09.512064+00:00,0.00011196418761894223,False
2018-05-31 03:37:26.800032+00:00,0.00016272733227929744,False
2018-05-31 12:59:35.612160+00:00,0.00017401585586033157,False
2018-05-31 22:21:44.425152+00:00,8.144104096663446e-05,False
2018-06-01 13:21:10.523520+00:00,0.00012341211382946364,False
2018-06-01 22:43:19.337376+00:00,0.0002456646210383668,False
2018-06-02 13:42:45.435744+00:00,-3.4197398181484365e-05,False
2018-06-02 23:04:54.249600+00:00,0.00011656210725677581,False
2018-06-03 04:42:11.542752+00:00,0.00023436308921294478,False
2018-06-03 14:04:20.354880+00:00,-5.630812603513913e-05,False
2018-06-03 21:34:03.406656+00:00,1.8143641038717706e-05,False
2018-06-04 05:03:46.458432+00:00,7.481839096821374e-05,False
2018-06-04 12:33:29.508480+00:00,1.4152991109526043e-05,False
2018-06-04 21:55:38.321472+00:00,0.00017964135206532754,False
2018-06-05 05:25:21.372384+00:00,9.060333544525245e-05,False
2018-06-05 11:02:38.658624+00:00,4.4354316194581046e-05,False
2018-06-05 22:17:13.232832+00:00,5.564024957807506e-05,False
2018-06-06 13:16:39.328608+00:00,-3.7405290661341037e-05,False
2018-06-06 22:38:48.139008+00:00,2.984709415737966e-05,False
2018-06-07 09:53:22.714944+00:00,5.975734484226354e-05,False
2018-06-07 13:38:14.239104+00:00,4.600257897534558e-05,False
2018-06-07 23:00:23.052096+00:00,0.0003263702158399881,False
2018-06-08 12:07:23.380608+00:00,-0.00017310507058164562,False
2018-06-08 21:29:32.188416+00:00,0.00012049365475282786,False
2018-06-09 12:28:58.284192+00:00,0.0002002189210293516,False
2018-06-09 21:51:07.094592+00:00,8.382648067550296e-05,False
2018-06-10 20:20:16.243008+00:00,0.00034122005485381663,False
2018-06-10 22:12:42.020640+00:00,0.00033808049993292995,False
2018-06-11 22:34:16.911264+00:00,-0.00024606790779616266,False
2018-06-12 04:11:34.200096+00:00,7.826719551818677e-05,False
2018-06-12 13:33:43.013088+00:00,0.00014992023419258194,False
2018-06-12 22:55:51.824352+00:00,6.563928028832467e-05,False
2018-06-13 04:33:09.114912+00:00,0.00010582761887537722,False
2018-06-13 13:55:17.929632+00:00,9.691042694691465e-05,False
2018-06-13 21:25:00.989184+00:00,0.0001526819799768541,False
2018-06-14 04:54:44.033184+00:00,-7.082551802252307e-05,False
2018-06-14 12:24:27.084096+00:00,-1.6448518387307258e-05,False
2018-06-14 21:46:35.897952+00:00,0.00016411857899455888,False
2018-06-15 12:46:02.001504+00:00,5.5728411499179545e-05,False
2018-06-15 22:08:10.808448+00:00,7.886068279489938e-05,False
2018-06-16 11:15:11.154240+00:00,7.506945503353763e-05,False
2018-06-16 22:29:45.731904+00:00,9.758965560435008e-05,False
2018-06-17 11:36:46.069056+00:00,-6.29492515248468e-05,False
2018-06-17 22:51:20.644992+00:00,0.0001249394332223231,False
2018-06-18 10:05:55.219200+00:00,0.00012140077641242605,False
2018-06-18 21:20:29.789952+00:00,-1.2563970226054278e-06,False
2018-06-19 14:12:21.646944+00:00,2.500988251850423e-05,False
2018-06-19 21:42:04.696128+00:00,0.00014899013861069177,False
2018-06-20 12:41:30.796224+00:00,8.877844622082565e-05,False
2018-06-20 22:03:39.603168+00:00,3.4524022515264674e-05,False
2018-06-21 03:40:56.888544+00:00,3.776501190109053e-05,False
2018-06-21 13:03:05.692032+00:00,-0.00019142421559477444,False
2018-06-21 22:25:14.501568+00:00,0.0002786856909380551,False
2018-06-22 04:02:31.786944+00:00,-3.5042057044564535e-05,False
2018-06-22 13:24:40.593024+00:00,-0.00014045299913666224,False
2018-06-22 22:46:49.405152+00:00,0.0002782103474706796,False
2018-06-23 04:24:06.693120+00:00,4.449488616404003e-05,False
2018-06-23 13:46:15.498336+00:00,-0.00014532589665168516,False
2018-06-23 21:15:58.542336+00:00,9.465744118429457e-06,False
2018-06-24 04:45:41.590656+00:00,2.677580846901284e-05,False
2018-06-24 14:07:50.398464+00:00,-0.00013444201603832884,False
2018-06-24 21:37:33.445920+00:00,0.0001937776716504663,False
2018-06-25 05:07:16.494240+00:00,8.61132560496566e-05,False
2018-06-25 14:29:25.298592+00:00,-0.00015958217023207867,False
2018-06-25 21:59:08.345184+00:00,0.00012096371515909176,False
2018-06-26 09:13:42.912480+00:00,-0.00015611949695826095,False
2018-06-26 14:51:00.196992+00:00,4.485307113507568e-05,False
2018-06-26 22:20:43.244448+00:00,3.596498312018698e-05,False
2018-06-27 11:27:43.572096+00:00,-6.370386371084621e-05,False
2018-06-27 13:20:09.334176+00:00,-2.6915254753418995e-06,False
2018-06-27 22:42:18.137664+00:00,9.455071559203939e-07,False
2018-06-28 13:41:44.223072+00:00,-1.5811026047279908e-05,False
2018-06-28 21:11:27.261888+00:00,2.624071840601902e-05,False
2018-06-29 04:41:10.304160+00:00,3.525003936132644e-05,False
2018-06-29 12:10:53.346432+00:00,-9.589119083941241e-05,False
2018-06-29 21:33:02.148192+00:00,0.00017948688590418185,False
2018-06-30 14:24:53.989632+00:00,-8.952332324792935e-05,False
2018-06-30 21:54:37.026720+00:00,-0.00012320797382696602,False
2018-07-01 12:54:03.106080+00:00,0.0001249678084920671,False
2018-07-01 14:46:28.864704+00:00,8.098770890733097e-07,False
2018-07-01 22:16:11.900064+00:00,-5.1565579749583754e-05,False
2018-07-02 13:15:37.974240+00:00,1.0984903425483567e-05,False
2018-07-02 20:45:21.010464+00:00,-2.2062737128107976e-07,False
2018-07-02 22:37:46.769088+00:00,-4.693928136179538e-05,False
2018-07-03 13:37:12.844128+00:00,0.00011398098806774401,False
2018-07-03 21:06:55.877760+00:00,-0.00010127027934240116,False
2018-07-03 21:06:55.878624+00:00,8.433102071014632e-05,False
2018-07-04 13:58:47.708832+00:00,-2.274443200203843e-05,False
2018-07-04 21:28:30.746784+00:00,0.000267841463972664,False
2018-07-05 04:58:13.779552+00:00,-6.126979950394333e-05,False
2018-07-05 14:20:22.573536+00:00,-5.534259124929983e-05,False
2018-07-05 21:50:05.610624+00:00,0.00010690015178835833,False
2018-07-06 12:49:31.681344+00:00,-4.572094495443485e-05,False
2018-07-06 14:41:57.439968+00:00,6.440887226043715e-05,False
2018-07-06 22:11:40.476192+00:00,-6.635574313312536e-05,False
2018-07-07 15:03:32.310720+00:00,0.00019409951086046432,False
2018-07-07 20:40:49.588320+00:00,0.00010564660105598134,False
2018-07-07 22:33:15.346944+00:00,-8.379465071181263e-05,False
2018-07-08 21:02:24.447840+00:00,-0.0001475342906781335,False
2018-07-09 13:54:16.273728+00:00,7.879710449218373e-06,False
2018-07-09 21:23:59.309952+00:00,6.884311258703933e-05,False
2018-07-10 14:15:51.138432+00:00,0.00025182303207469065,False
2018-07-10 21:45:34.170336+00:00,-5.97664090305547e-05,False
2018-07-11 03:22:51.444480+00:00,1.627180403415522e-05,False
2018-07-11 12:45:00.235008+00:00,0.000138710253377636,False
2018-07-11 22:07:09.020352+00:00,-0.0002452068471561643,False
2018-07-12 03:44:26.291040+00:00,-8.831560160117366e-05,False
2018-07-12 13:06:35.081568+00:00,0.00014623958498855667,False
2018-07-12 20:36:18.110880+00:00,-8.061557102295536e-05,False
2018-07-13 04:06:01.140192+00:00,3.9717356597144614e-05,False
2018-07-13 13:28:09.930720+00:00,0.00013022367839746475,False
2018-07-13 22:50:18.718656+00:00,-0.0001049884696335753,False
2018-07-14 11:57:19.017792+00:00,2.9260862040349572e-05,False
2018-07-14 13:49:44.774688+00:00,5.9823008595320554e-05,False
2018-07-14 21:19:27.804864+00:00,5.555924870409701e-05,False
2018-07-15 12:18:53.860896+00:00,5.3089431625259845e-05,False
2018-07-15 14:11:19.618656+00:00,1.151449786812941e-05,False
2018-07-15 21:41:02.650560+00:00,0.00013996120164520652,False
2018-07-16 12:40:28.705728+00:00,-0.00010385183434146539,False
2018-07-16 14:32:54.464352+00:00,8.793496028313051e-05,False
2018-07-16 22:02:37.495392+00:00,3.927889034594006e-05,False
2018-07-17 14:54:29.309184+00:00,1.197823221028358e-05,False
2018-07-17 18:39:20.822976+00:00,-0.00015302543062725585,False
2018-07-17 22:24:12.339360+00:00,0.00014832983556601725,False
2018-07-18 13:23:38.396256+00:00,0.00010069285018036997,False
2018-07-18 19:00:55.664352+00:00,-0.00017372671034769394,False
2018-07-18 22:45:47.179872+00:00,0.0001684426917504615,False
2018-07-19 13:45:13.238496+00:00,9.253844780640657e-05,False
2018-07-19 19:22:30.510912+00:00,-4.09395426517749e-05,False
2018-07-19 21:14:56.268672+00:00,3.9965182840006205e-05,False
2018-07-20 14:06:48.086784+00:00,0.00010845731752996992,False
2018-07-20 19:44:05.357472+00:00,-0.00011320459064377549,False
2018-07-20 21:36:31.114368+00:00,1.1957407004012574e-05,False
2018-07-21 14:28:22.923840+00:00,-7.848805260621337e-06,False
2018-07-21 20:05:40.196256+00:00,9.956636506028018e-05,False
2018-07-21 21:58:05.953152+00:00,3.9970012922382984e-05,False
2018-07-22 14:49:57.761760+00:00,3.6393748408546415e-05,False
2018-07-22 22:19:40.791936+00:00,8.365760665924425e-05,False
2018-07-23 22:41:15.623808+00:00,-0.00017704431691289833,False
2018-07-24 13:40:41.672928+00:00,-1.5151996077192426e-05,False
2018-07-24 21:10:24.697056+00:00,1.533851549439784e-05,False
2018-07-25 21:31:59.526336+00:00,0.00020513835024704084,False
2018-07-26 21:53:34.356480+00:00,9.286555562754151e-05,False
2018-07-27 12:53:00.404736+00:00,0.00011818560498507855,False
2018-07-27 22:15:09.186624+00:00,3.554720428513271e-05,False
2018-07-28 20:44:18.258144+00:00,3.740361245716103e-05,False
2018-07-28 22:36:44.013312+00:00,-1.2076765947616822e-05,False
2018-07-29 21:05:53.092608+00:00,0.00023071589788136075,False
2018-07-29 21:05:53.093472+00:00,2.0078801453308097e-05,False
2018-07-30 21:27:27.923616+00:00,-7.420732950368824e-05,False
2018-07-31 04:57:10.949472+00:00,0.00010376573594345531,False
2018-07-31 21:49:02.752896+00:00,-9.184426833498571e-06,False
2018-08-01 12:48:28.802016+00:00,6.726406544188387e-05,False
2018-08-01 22:10:37.583040+00:00,-4.087965794866658e-06,False
2018-08-02 18:47:20.897664+00:00,-0.00010551487346377846,False
2018-08-02 22:32:12.408864+00:00,0.00010049232059612399,False
2018-08-03 21:01:21.475200+00:00,9.577764879967359e-05,False
2018-08-04 13:53:13.269984+00:00,-8.067742063385178e-05,False
2018-08-04 21:22:56.291520+00:00,9.253720596082439e-05,False
2018-08-05 04:52:39.313056+00:00,-4.425270717512627e-05,False
2018-08-05 14:14:48.086304+00:00,1.2046836598563096e-05,False
2018-08-05 21:44:31.106976+00:00,3.20397560600784e-05,False
2018-08-06 05:14:14.126784+00:00,-8.78405618205555e-05,False
2018-08-06 20:13:40.163808+00:00,4.010008540492243e-05,False
2018-08-07 05:35:48.937920+00:00,-3.594280017994754e-05,False
2018-08-07 22:27:40.727520+00:00,0.00010480646553360217,False
2018-08-08 13:27:06.768000+00:00,7.27092588151723e-05,False
2018-08-08 20:56:49.788672+00:00,6.0535080025456614e-05,False
2018-08-09 21:18:24.598080+00:00,-0.00010318892899770419,False
2018-08-10 19:47:33.654048+00:00,0.00013761560119888416,False
2018-08-11 03:17:16.672992+00:00,-7.538105222325143e-05,False
2018-08-11 14:31:51.199680+00:00,0.00013278573324343706,False
2018-08-11 22:01:34.217760+00:00,-6.357761249812125e-05,False
2018-08-12 13:01:00.251328+00:00,-8.310958239329985e-05,False
2018-08-12 22:23:09.023712+00:00,1.2671282441393896e-05,False
2018-08-13 13:22:35.059008+00:00,0.00012172381808355691,False
2018-08-13 20:52:18.073632+00:00,1.6672134903960465e-05,False
2018-08-14 19:21:27.120096+00:00,0.0001707849619939915,False
2018-08-14 21:13:52.873536+00:00,1.6378329675192905e-05,False
2018-08-15 19:43:01.917408+00:00,1.0309568312663516e-05,False
2018-08-15 21:35:27.669984+00:00,-3.990418203561651e-05,False
2018-08-16 20:04:36.709536+00:00,9.108635211462461e-05,False
2018-08-16 21:57:02.462112+00:00,-1.5764248771626458e-05,False
2018-08-17 20:26:11.499072+00:00,0.00010723487725323522,False
2018-08-17 22:18:37.253376+00:00,8.074254169036656e-05,False
2018-08-18 22:40:12.044640+00:00,-3.6553631268330564e-05,False
2018-08-19 04:17:29.304096+00:00,-1.0645964694104036e-05,False
2018-08-19 13:39:38.070432+00:00,0.0001736082294206277,False
2018-08-19 21:09:21.081600+00:00,6.15722912470304e-05,False
2018-08-20 04:39:04.140288+00:00,0.01350683859227409,False
2018-08-20 14:01:13.011168+00:00,-0.0006613791646973488,False
2018-08-20 21:30:56.076768+00:00,-0.0008660066251605117,False
2018-08-22 20:21:40.223808+00:00,-0.001736832619648356,False
2018-08-22 22:14:05.990208+00:00,6.568507236390987e-07,False
2018-08-23 13:13:32.119680+00:00,-4.473554759555256e-05,False
2018-08-23 20:43:15.182688+00:00,-2.6132715386406424e-05,False
2018-08-23 22:35:40.949088+00:00,6.241586161209204e-07,False
2018-08-24 21:04:50.138112+00:00,6.631033737586388e-05,False
2018-08-25 06:26:58.967520+00:00,-0.0005791267629318581,False
2018-08-25 13:56:42.030528+00:00,0.0005798611210887429,False
2018-08-25 21:26:25.091808+00:00,2.438787826559035e-06,False
2018-08-26 12:25:51.213504+00:00,2.0729936713623725e-05,False
2018-08-26 14:18:16.978176+00:00,-3.5016549847018947e-06,False
2018-08-26 19:55:34.271328+00:00,1.023952735452899e-05,False
2018-08-27 12:47:26.154240+00:00,-7.43897609147912e-05,False
2018-08-27 22:09:34.976736+00:00,5.198781962618783e-05,False
2018-08-28 16:53:52.622592+00:00,0.00013955156446566493,False
2018-08-28 22:31:09.916608+00:00,-1.2730762194175025e-06,False
2018-08-29 21:00:19.083168+00:00,3.3860835318821414e-05,False
2018-08-30 13:52:10.958304+00:00,1.1591242124419192e-05,False
2018-08-30 21:21:54.015264+00:00,0.00014456606125592053,False
2018-08-31 04:51:37.068768+00:00,4.29759238578994e-06,False
2018-08-31 21:43:28.948224+00:00,0.00016916797647785313,False
2018-09-01 05:13:12.004320+00:00,3.219489815311599e-07,False
2018-09-01 20:12:38.119104+00:00,1.6220802141282423e-05,False
2018-09-02 11:12:04.233024+00:00,7.301455690042102e-05,False
2018-09-02 22:26:38.818464+00:00,7.995645456796337e-05,False
2018-09-03 11:33:39.167712+00:00,5.2232506873449176e-05,False
2018-09-03 13:26:04.931520+00:00,1.3188318338126282e-05,False
2018-09-03 20:55:47.989344+00:00,8.208744353124364e-05,False
2018-09-04 19:24:57.162816+00:00,8.028466326351043e-05,False
2018-09-04 21:17:22.927488+00:00,9.610134028677543e-06,False
2018-09-05 19:46:32.093184+00:00,-3.0644601490420595e-05,False
2018-09-06 14:30:49.730400+00:00,0.00017176761439721352,False
2018-09-06 20:08:07.009728+00:00,0.0002583527749937221,False
2018-09-06 22:00:32.773536+00:00,2.9953767072822137e-05,False
2018-09-07 12:59:58.880544+00:00,4.899126341398868e-05,False
2018-09-07 20:29:41.934912+00:00,8.400694211661654e-05,False
2018-09-07 22:22:07.698720+00:00,2.1936430562721057e-05,False
2018-09-08 13:21:33.816096+00:00,-0.0003475455392008372,False
2018-09-08 20:51:16.867008+00:00,8.290275765732735e-06,False
2018-09-08 22:43:42.629952+00:00,-1.804312168471035e-05,False
2018-09-09 21:12:51.782688+00:00,0.0002325284928636251,False
2018-09-10 04:42:34.831872+00:00,4.836985143246801e-05,False
2018-09-10 21:34:26.712192+00:00,0.0005216775588811659,False
2018-09-11 05:04:09.763104+00:00,-1.9641158170478638e-05,False
2018-09-11 21:56:01.616640+00:00,-0.0002638548836132753,False
2018-09-12 05:25:44.665824+00:00,0.00010163016977034393,False
2018-09-12 12:55:27.719328+00:00,6.162604957801872e-05,False
2018-09-12 22:17:36.533184+00:00,4.943638500169012e-05,False
2018-09-13 13:17:02.639328+00:00,0.0001485686676988042,False
2018-09-13 22:39:11.458368+00:00,8.650003325207407e-05,False
2018-09-14 13:38:37.566240+00:00,0.00013400749373193842,False
2018-09-14 19:15:54.859392+00:00,8.93403490099079e-05,False
2018-09-14 23:00:46.387872+00:00,2.576600249191223e-05,False
2018-09-15 14:00:12.509568+00:00,0.00021591802496643888,False
2018-09-15 19:37:29.799264+00:00,2.5978955464861636e-05,False
2018-09-15 21:29:55.551840+00:00,1.918298920429716e-05,False
2018-09-16 14:21:47.422656+00:00,3.970652115301018e-05,False
2018-09-16 21:51:30.479616+00:00,0.00010168349548172463,False
2018-09-17 14:43:22.353024+00:00,4.575035521909191e-05,False
2018-09-17 22:13:05.407392+00:00,-2.0275310326057323e-06,False
2018-09-18 03:50:22.696224+00:00,7.01305613321195e-05,False
2018-09-18 22:34:40.329984+00:00,3.2447155218342665e-05,False
2018-09-19 04:11:57.617952+00:00,5.454555039805478e-05,False
2018-09-19 13:34:06.433536+00:00,4.2974268740282807e-05,False
2018-09-19 22:56:15.249120+00:00,-8.894687619203533e-06,False
2018-09-20 04:33:32.534496+00:00,-2.886501477883398e-05,False
2018-09-20 15:48:07.113888+00:00,0.0001645956480713275,False
2018-09-21 21:46:59.318400+00:00,8.99158873148694e-05,False
2018-09-22 14:38:51.180576+00:00,0.0002754545860653052,False
2018-09-22 22:08:34.231488+00:00,-2.6527946354178424e-05,False
2018-09-23 13:08:00.330720+00:00,0.00015595534714243475,False
2018-09-23 22:30:09.145440+00:00,0.0001437912699485864,False
2018-09-24 13:29:35.250720+00:00,0.00016148917015886016,False
2018-09-24 22:51:44.065440+00:00,3.978335700320515e-05,False
2018-09-25 19:28:27.461280+00:00,0.00015449007192914257,False
2018-09-25 21:20:53.223360+00:00,7.709369148035637e-05,False
2018-09-26 12:20:19.332096+00:00,0.00018407057155015293,False
2018-09-26 19:50:02.389056+00:00,0.00012517028560929055,False
2018-09-26 21:42:28.152864+00:00,4.9167372696325284e-05,False
2018-09-27 20:11:37.322880+00:00,0.0003116127893867901,False
2018-09-27 22:04:03.093600+00:00,-1.9116818695736907e-05,False
2018-09-28 20:33:12.253248+00:00,0.00018511093202658714,False
2018-09-28 22:25:38.016192+00:00,1.2276553797459838e-06,False
2018-09-29 20:54:47.181888+00:00,9.018809917582689e-05,False
2018-09-29 22:47:12.944832+00:00,6.149367615639647e-05,False
2018-09-30 21:16:22.097568+00:00,0.0003132851698342046,False
2018-09-30 21:16:22.098432+00:00,5.220498083930066e-05,False
2018-10-01 12:15:48.219264+00:00,-0.00019523575104318837,False
2018-10-01 21:37:57.035712+00:00,0.0001497497685565214,False
2018-10-02 05:07:40.089216+00:00,5.8831575506916096e-05,False
2018-10-02 12:37:23.140992+00:00,5.6366976119928304e-05,False
2018-10-02 21:59:31.955712+00:00,4.994248741102584e-05,False
2018-10-03 11:06:32.298912+00:00,0.00013814475459558346,False
2018-10-03 22:21:06.875712+00:00,0.00010091830168130228,False
2018-10-04 13:20:32.978400+00:00,3.293089628911958e-05,False
2018-10-04 20:50:16.031040+00:00,4.4739369613483123e-05,False
2018-10-05 21:11:50.948448+00:00,0.0002096008833024525,False
2018-10-06 21:33:25.870176+00:00,0.000170288726322757,False
2018-10-07 21:55:00.802272+00:00,0.0004928386577930973,False
2018-10-07 23:47:26.568672+00:00,0.00013849274459463347,False
2018-10-08 22:16:35.733504+00:00,7.03031401687133e-05,False
2018-10-09 03:53:53.026656+00:00,0.00011101370012713073,False
2018-10-09 22:38:10.661280+00:00,1.0030089096189259e-05,False
2018-10-10 04:15:27.957888+00:00,0.00014763374110532068,False
2018-10-10 11:45:11.014848+00:00,0.00015590875543368925,False
2018-10-10 22:59:45.591648+00:00,-6.48073278446314e-05,False
2018-10-11 04:37:02.891712+00:00,4.705563625040411e-05,False
2018-10-11 13:59:11.712480+00:00,0.00011145723810169204,False
2018-10-11 19:36:29.003040+00:00,0.00010017918611882882,False
2018-10-12 10:35:55.112640+00:00,0.0001413448168757427,False
2018-10-12 12:28:20.876448+00:00,2.7244957120091938e-05,False
2018-10-12 21:50:29.673024+00:00,-0.00012311526928647184,False
2018-10-13 12:49:55.798176+00:00,1.843964051613097e-05,False
2018-10-13 22:12:04.611168+00:00,-3.481230422371071e-05,False
2018-10-14 13:11:30.714720+00:00,-1.730539947436324e-05,False
2018-10-14 15:03:56.477664+00:00,7.1511568920230005e-06,False
2018-10-15 21:02:48.664896+00:00,2.858478927558907e-05,False
2018-10-15 22:55:14.426112+00:00,-2.980179347033542e-05,False
2018-10-16 21:24:23.565888+00:00,-0.00010581292278625192,False
2018-10-17 04:54:06.617664+00:00,0.00023941649054340228,False
2018-10-17 21:45:58.473792+00:00,0.0002078389490117246,False
2018-10-18 05:15:41.519520+00:00,-0.000137940131976489,False
2018-10-18 22:07:33.370464+00:00,4.763734602602435e-05,False
2018-10-19 11:14:33.705024+00:00,0.00022187430892166713,False
2018-10-19 13:06:59.467968+00:00,5.571918307412665e-05,False
2018-10-19 22:29:08.272320+00:00,-0.00013489614438782246,False
2018-10-20 11:36:08.610336+00:00,0.0002788393190972269,False
2018-10-20 13:28:34.373280+00:00,-8.670114882258003e-06,False
2018-10-20 22:50:43.180224+00:00,-1.827306694135275e-05,False
2018-10-21 13:50:09.276864+00:00,9.398942244265686e-05,False
2018-10-21 21:19:52.319136+00:00,-2.9082998163841678e-05,False
2018-10-22 19:49:01.453728+00:00,4.1251922056660396e-05,False
2018-10-23 05:11:10.261536+00:00,-3.431912826915533e-05,False
2018-10-23 14:33:19.067616+00:00,4.5860431942109235e-05,False
2018-10-23 20:10:36.351264+00:00,0.00018122292395958043,False
2018-10-24 14:54:53.957376+00:00,-0.00023284105747966343,False
2018-10-24 22:24:36.997920+00:00,5.8941211077289345e-05,False
2018-10-25 22:46:11.875584+00:00,0.0001375041133856567,False
2018-10-26 08:08:20.673888+00:00,2.5125588150009246e-07,False
2018-10-26 21:15:20.987712+00:00,-7.776348946668147e-05,False
2018-10-27 12:14:47.064480+00:00,9.52317906182226e-05,False
2018-10-27 21:36:55.857600+00:00,4.711097777037114e-05,False
2018-10-28 12:36:21.929184+00:00,0.00017233720654367347,False
2018-10-28 14:28:47.686080+00:00,-2.871196572867263e-05,False
2018-10-28 21:58:30.718848+00:00,7.589318725239978e-06,False
2018-10-29 12:57:56.789568+00:00,0.00014069181486608907,False
2018-10-29 14:50:22.547328+00:00,1.948368570511451e-05,False
2018-10-29 22:20:05.580960+00:00,-3.2841419566859194e-05,False
2018-10-30 13:19:31.653408+00:00,0.00012924122333674815,False
2018-10-30 20:49:14.687904+00:00,8.860302854359905e-05,False
2018-10-30 22:41:40.445664+00:00,-3.3415972946349475e-05,False
2018-10-31 21:10:49.550880+00:00,0.0002223667004037784,False
2018-11-01 21:32:24.411264+00:00,2.0994174334527916e-05,False
2018-11-02 03:09:41.688000+00:00,3.7949069089770125e-05,False
2018-11-02 21:53:59.276832+00:00,0.00014467424880551714,False
2018-11-03 03:31:16.552704+00:00,5.016874020434266e-05,False
2018-11-03 22:15:34.140672+00:00,0.0003016473428341888,False
2018-11-04 03:52:51.413088+00:00,-0.0001016864510505137,False
2018-11-04 22:37:08.995008+00:00,8.115040412626549e-05,False
2018-11-05 04:14:26.267424+00:00,-2.9199497561644666e-05,False
2018-11-05 21:06:18.088992+00:00,9.462695783276528e-05,False
2018-11-06 04:36:01.118304+00:00,-1.3314468478837403e-05,False
2018-11-06 13:58:09.904512+00:00,2.928422796485065e-05,False
2018-11-06 21:27:52.932960+00:00,2.5535646605801324e-05,False
2018-11-07 12:27:18.985536+00:00,-0.000111624737414043,False
2018-11-07 14:19:44.740704+00:00,1.586350496998446e-05,False
2018-11-07 21:49:27.767424+00:00,0.00010225662332776509,False
2018-11-08 14:41:19.575168+00:00,0.00018622491907001809,False
2018-11-08 20:18:36.845856+00:00,0.0001389256568608566,False
2018-11-08 22:11:02.603616+00:00,2.7593784285199052e-05,False
2018-11-09 20:40:11.680320+00:00,0.00011356391896512864,False
2018-11-10 21:01:46.507872+00:00,1.3569374698342888e-05,False
2018-11-11 21:23:21.341472+00:00,0.0003603246016298961,False
2018-11-11 21:23:21.342336+00:00,-2.007880376383733e-05,False
2018-11-12 14:15:13.151808+00:00,0.00022513710204022846,False
2018-11-12 21:44:56.179392+00:00,8.412042075158676e-05,False
2018-11-13 14:36:47.988864+00:00,0.00013374012387738478,False
2018-11-13 20:14:05.258688+00:00,0.00014029407710228426,False
2018-11-13 22:06:31.017312+00:00,-6.0248097912314524e-05,False
2018-11-14 20:35:40.091424+00:00,2.2335513181818067e-05,False
2018-11-14 22:28:05.847456+00:00,4.030398589668761e-05,False
2018-11-15 13:27:31.902624+00:00,0.00021902624772696303,False
2018-11-15 20:57:14.932800+00:00,0.00020938248834200747,False
2018-11-15 22:49:40.689696+00:00,1.2432272208506751e-05,False
2018-11-16 13:49:06.739680+00:00,2.274183688692573e-05,False
2018-11-16 21:18:49.766400+00:00,-1.4964941479107309e-05,False
2018-11-17 04:48:32.790528+00:00,-2.129121369555528e-05,False
2018-11-17 14:10:41.565504+00:00,-9.180771513006542e-05,False
2018-11-17 21:40:24.591360+00:00,6.981923706347027e-05,False
2018-11-18 12:39:50.636160+00:00,0.00029656903362363155,False
2018-11-18 22:01:59.414592+00:00,5.9587647638936915e-06,False
2018-11-19 13:01:25.458528+00:00,0.0001722626967181698,False
2018-11-19 22:23:34.234368+00:00,-4.154164557402364e-05,False
2018-11-20 13:23:00.274848+00:00,5.206823405939383e-05,False
2018-11-20 22:45:09.049824+00:00,0.00010290321853253465,False
2018-11-21 21:14:18.109248+00:00,0.00016661125526451048,False
2018-11-22 21:35:52.927296+00:00,0.0002596351411668631,False
2018-11-23 05:05:35.948832+00:00,0.00012779534266894372,False
2018-11-23 21:57:27.744480+00:00,0.00019578803072768083,False
2018-11-24 12:56:53.784096+00:00,0.0001359162846572669,False
2018-11-24 14:49:19.540128+00:00,2.0794899010509118e-05,False
2018-11-24 22:19:02.562528+00:00,6.221625279354139e-05,False
2018-11-25 13:18:28.609056+00:00,0.00026006094799080684,False
2018-11-25 22:40:37.388352+00:00,2.645686937275794e-05,False
2018-11-26 13:40:03.436608+00:00,0.00022748075643228788,False
2018-11-26 21:09:46.459872+00:00,2.166136800171418e-05,False
2018-11-27 21:31:21.283104+00:00,0.00016030217822593192,False
2018-11-28 05:01:04.307232+00:00,0.0001428016522472101,False
2018-11-28 21:52:56.108064+00:00,0.00018111511005627922,False
2018-11-29 05:22:39.132192+00:00,4.59336623982492e-05,False
2018-11-29 22:14:30.928704+00:00,3.158374757776384e-05,False
2018-11-30 13:13:56.970912+00:00,0.00016005710263044154,False
2018-11-30 22:36:05.745888+00:00,6.853481751767769e-05,False
2018-12-01 13:35:31.784640+00:00,0.0001270026909812991,False
2018-12-01 21:05:14.806176+00:00,0.00011223440346322179,False
2018-12-02 19:34:23.866464+00:00,0.00014516767487804215,False
2018-12-02 21:26:49.620768+00:00,-1.6336853228871444e-05,False
2018-12-03 19:55:58.676736+00:00,0.0001397267466043001,False
2018-12-03 21:48:24.431040+00:00,-1.648744604972354e-05,False
2018-12-04 20:17:33.487872+00:00,0.00014162419216960474,False
2018-12-04 22:09:59.242176+00:00,6.38044270654165e-05,False
2018-12-05 20:39:08.306784+00:00,0.0003364209770905652,False
2018-12-05 22:31:34.061952+00:00,-8.758569638222117e-06,False
2018-12-06 21:00:43.123968+00:00,0.0001580330320648458,False
2018-12-07 12:00:09.166176+00:00,0.00016749434410012962,False
2018-12-07 21:22:17.942016+00:00,2.730720164036581e-05,False
2018-12-08 12:21:43.985088+00:00,0.00011805720666629286,False
2018-12-08 21:43:52.762656+00:00,5.873345999813063e-05,False
2018-12-09 12:43:18.804864+00:00,-3.6041531161535846e-05,False
2018-12-09 22:05:27.578976+00:00,-9.479630821223245e-05,False
2018-12-10 13:04:53.621184+00:00,0.00033996686640378333,False
2018-12-10 22:27:02.395296+00:00,1.2386269867760788e-05,False
2018-12-11 13:26:28.430592+00:00,-2.6850497364487352e-05,False
2018-12-11 20:56:11.448672+00:00,3.361455057336299e-05,False
2018-12-12 19:25:20.501184+00:00,9.253970901867305e-05,False
2018-12-12 21:17:46.254624+00:00,-6.218199916377097e-05,False
2018-12-13 19:46:55.297632+00:00,-0.00010618552714699282,False
2018-12-14 20:08:30.094080+00:00,0.00026256981298853103,False
2018-12-14 22:00:55.848384+00:00,9.809580789213186e-05,False
2018-12-15 20:30:04.891392+00:00,0.0001657962027460923,False
2018-12-15 22:22:30.645696+00:00,3.7572289012151456e-05,False
2018-12-16 20:51:39.687840+00:00,0.00017583229616496322,False
2018-12-17 21:13:14.486880+00:00,0.00034296636737267297,False
2018-12-18 21:34:49.290240+00:00,0.00038466752488761996,False
2018-12-19 03:12:06.567840+00:00,0.00038008775196878936,False
2018-12-19 14:26:41.218080+00:00,0.009062536379309346,False
2018-12-19 21:56:24.282816+00:00,0.0001757539180664336,False
2018-12-20 03:33:41.582016+00:00,9.850118132311405e-05,False
2018-12-20 14:48:16.178688+00:00,-1.0309242400312902e-05,False
2018-12-20 20:25:33.475296+00:00,1.4630723537801627e-06,False
2018-12-21 03:55:16.540896+00:00,9.854703406496274e-05,False
2018-12-21 17:02:16.902240+00:00,0.00010127982380655816,False
2018-12-22 11:46:34.569696+00:00,-5.982482715762385e-05,False
2018-12-22 13:39:00.336096+00:00,4.436828879054301e-06,False
2018-12-22 19:16:17.633568+00:00,-9.990335241035553e-05,False
2018-12-23 12:08:09.529440+00:00,0.00027138821642804195,False
2018-12-23 21:30:18.357120+00:00,1.6119436700929893e-05,False
2018-12-24 12:29:44.481408+00:00,0.00011723947225194929,False
2018-12-24 21:51:53.308224+00:00,1.5187510392465652e-05,False
2018-12-25 12:51:19.433376+00:00,9.567075799636241e-05,False
2018-12-25 20:21:02.494656+00:00,4.257014685577947e-05,False
2018-12-26 13:12:54.381024+00:00,-3.071708015295899e-05,False
2018-12-26 22:35:03.206112+00:00,1.728071094621532e-05,False
2018-12-27 13:34:29.326944+00:00,0.0001531094988042072,False
2018-12-27 19:11:46.621824+00:00,0.00012223312955548545,False
2018-12-27 19:11:46.622688+00:00,-4.015766395881367e-06,False
2018-12-28 13:56:04.274592+00:00,0.00011407643920597054,False
2018-12-28 19:33:21.570336+00:00,1.3526998147661304e-06,False
2018-12-28 21:25:47.335872+00:00,1.8987259952594538e-05,False
2018-12-29 14:17:39.223104+00:00,9.028884919020774e-06,False
2018-12-29 19:54:56.519712+00:00,4.5077635099127974e-05,False
2018-12-29 21:47:22.285248+00:00,-5.099069169230634e-06,False
2018-12-30 14:39:14.171616+00:00,0.00020851381889965903,False
2018-12-30 22:08:57.232896+00:00,7.113510342408024e-05,False
2018-12-31 03:46:14.540736+00:00,0.0003018698242462203,False
2018-12-31 13:08:23.356320+00:00,-0.00024592692253018765,False
2018-12-31 20:38:06.418464+00:00,9.134531217028219e-05,False
2019-01-01 04:07:49.479744+00:00,-4.1672117153804605e-05,False
2019-01-01 13:29:58.309152+00:00,8.70709694987743e-05,False
2019-01-01 22:52:07.137696+00:00,8.10840184635844e-05,False
2019-01-02 04:29:24.431712+00:00,0.0001003142163623544,False
2019-01-02 21:21:16.318080+00:00,2.3723867983970468e-05,False
2019-01-03 04:50:59.373312+00:00,-7.418534822734352e-05,False
2019-01-03 21:42:51.262272+00:00,0.00023588765273431273,False
2019-01-04 05:12:34.319232+00:00,-1.4513285660683999e-05,False
2019-01-04 22:04:26.204736+00:00,4.6170345812100635e-05,False
2019-01-05 11:11:26.554848+00:00,1.2799587889335409e-06,False
2019-01-05 22:26:01.143744+00:00,0.00015845375251868107,False
2019-01-06 11:33:01.491264+00:00,-2.322127906412573e-05,False
2019-01-06 22:47:36.077568+00:00,3.338429115334548e-05,False
2019-01-07 11:54:36.427680+00:00,0.00019317070602033488,False
2019-01-07 23:09:11.026944+00:00,0.0003784202407820467,False
2019-01-08 12:16:11.368416+00:00,-0.0002405538766089793,False
2019-01-08 14:08:37.132224+00:00,-5.836739465377878e-06,False
2019-01-08 21:38:20.192640+00:00,0.00013724215356513046,False
2019-01-09 12:37:46.307424+00:00,7.843307985882097e-05,False
2019-01-09 21:59:55.131648+00:00,0.0001228360544843062,False
2019-01-10 12:59:21.248160+00:00,0.0001184930892156622,False
2019-01-10 18:36:38.543040+00:00,5.085135594685662e-05,False
2019-01-10 22:21:30.073248+00:00,-1.1982729504577936e-05,False
2019-01-11 20:50:39.250176+00:00,2.191548556934245e-06,False
2019-01-11 22:43:05.014848+00:00,-2.9958327729593592e-05,False
2019-01-12 21:12:14.193504+00:00,0.00024314595584276448,False
2019-01-12 23:04:39.958176+00:00,-6.051395157781541e-06,False
2019-01-13 21:33:49.140288+00:00,0.00032778535340539754,False
2019-01-14 21:55:24.084480+00:00,9.646604347772781e-05,False
2019-01-15 05:25:07.142304+00:00,5.706936999786381e-05,False
2019-01-15 22:16:59.025216+00:00,7.613420073915476e-05,False
2019-01-16 13:16:25.140000+00:00,0.0004074302796197598,False
2019-01-16 22:38:33.962496+00:00,-0.00029048236262187616,False
2019-01-17 13:38:00.079872+00:00,0.00022677361676669354,False
2019-01-17 19:15:17.375616+00:00,6.693669842167902e-05,False
2019-01-17 21:07:43.144608+00:00,0.0002911639491868923,False
2019-01-18 13:59:35.018880+00:00,-0.0002891362931569925,False
2019-01-18 19:36:52.313760+00:00,1.0751942355466846e-05,False
2019-01-18 21:29:18.077568+00:00,-5.774671741310735e-06,False
2019-01-19 14:21:09.957888+00:00,0.00029335892729165575,False
2019-01-19 19:58:27.251904+00:00,-2.9768205372014056e-05,False
2019-01-19 21:50:53.015712+00:00,-2.2016933660136977e-05,False
2019-01-20 22:12:27.959040+00:00,0.0003266211318721496,False
2019-01-21 13:11:54.079008+00:00,7.43605151562364e-05,False
2019-01-21 20:41:37.140288+00:00,5.69311736263038e-05,False
2019-01-22 21:03:12.082752+00:00,-2.2696412826144662e-05,False
2019-01-22 22:55:37.846560+00:00,5.82239047458048e-05,False
2019-01-23 13:55:03.970848+00:00,0.0003917353409910004,False
2019-01-24 04:54:30.093408+00:00,2.5780022353821783e-05,False
2019-01-24 14:16:38.920224+00:00,2.4165915965780068e-05,False
2019-01-24 21:46:21.979776+00:00,-1.1411022308900376e-05,False
2019-01-25 20:15:31.161888+00:00,8.800383280369825e-05,False
2019-01-25 22:07:56.925696+00:00,1.0147552403165004e-05,False
2019-01-26 13:07:23.045664+00:00,0.0001909361781817507,False
2019-01-26 20:37:06.104352+00:00,3.711293549775909e-05,False
2019-01-26 22:29:31.869024+00:00,1.4325622136918379e-05,False
2019-01-27 13:28:57.988128+00:00,6.648604984238163e-05,False
2019-01-27 20:58:41.047680+00:00,-7.114465483224795e-05,False
2019-01-27 22:51:06.811488+00:00,4.618682234711213e-05,False
2019-01-28 13:50:32.929728+00:00,9.867116642284028e-05,False
2019-01-28 21:20:15.986688+00:00,4.9607315507844895e-05,False
2019-01-29 04:49:59.045376+00:00,6.453784325726334e-05,False
2019-01-29 21:41:50.923104+00:00,0.0001053857481550471,False
2019-01-30 05:11:33.981792+00:00,4.0972529855609915e-05,False
2019-01-30 20:11:00.111264+00:00,0.0003683112053337042,False
2019-01-31 11:10:26.214816+00:00,-0.00014674727342791277,False
2019-01-31 20:32:35.039040+00:00,5.972794610951584e-05,False
2019-02-01 11:32:01.152960+00:00,2.9893860452910752e-05,False
2019-02-01 22:46:35.739264+00:00,8.19912467471148e-05,False
2019-02-02 11:53:36.096288+00:00,0.00024079899011307957,False
2019-02-02 17:30:53.392032+00:00,-2.8907819601714072e-05,False
2019-02-03 12:15:11.043072+00:00,0.00021521676862063665,False
2019-02-03 21:37:19.865568+00:00,-0.00012127204243936015,False
2019-02-04 12:36:45.983808+00:00,5.9716363238500715e-06,False
2019-02-04 21:58:54.806304+00:00,9.585161254910862e-05,False
2019-02-05 12:58:20.922816+00:00,-3.0042844835373746e-05,False
2019-02-05 22:20:29.742720+00:00,-8.521654648647271e-05,False
2019-02-06 20:49:38.911008+00:00,-0.00016551909303870143,False
2019-02-06 22:42:04.675680+00:00,1.3958509569631952e-05,False
2019-02-07 13:41:30.788736+00:00,9.871394120889345e-05,False
2019-02-07 21:11:13.840512+00:00,-5.517431644939221e-05,False
2019-02-07 23:03:39.601728+00:00,-0.00011850290545558598,False
2019-02-08 21:32:48.756192+00:00,-3.7091060316320136e-05,False
2019-02-08 23:25:14.519136+00:00,-3.8177416350604205e-05,False
2019-02-09 03:10:06.047616+00:00,0.00013669199716196236,False
2019-02-09 21:54:23.671872+00:00,-7.707681207320914e-05,False
2019-02-10 03:31:40.963296+00:00,6.607932990515638e-05,False
2019-02-10 22:15:58.583232+00:00,7.5034692629028e-06,False
2019-02-11 03:53:15.866880+00:00,-0.00021074658217721512,False
2019-02-11 22:37:33.485088+00:00,0.00015183342545954976,False
2019-02-12 04:14:50.770464+00:00,-1.7794521034988788e-05,False
2019-02-12 21:06:42.624000+00:00,-2.4219982944444338e-06,False
2019-02-13 04:36:25.674048+00:00,0.00012050547600392143,False
2019-02-13 21:28:17.526720+00:00,-8.264114936083346e-05,False
2019-02-14 04:58:00.576768+00:00,4.070240848646664e-05,False
2019-02-14 14:20:09.384576+00:00,-3.1169074777892645e-05,False
2019-02-14 18:05:00.908736+00:00,0.00019352285185847022,False
2019-02-14 21:49:52.431168+00:00,-1.6063115724438016e-05,False
2019-02-15 20:19:01.565760+00:00,-0.00011191699894046235,False
2019-02-15 22:11:27.326976+00:00,-6.623380380235978e-05,False
2019-02-16 20:40:36.463296+00:00,5.712447066029709e-05,False
2019-02-16 22:33:02.225376+00:00,-1.0103028958146427e-05,False
2019-02-17 21:02:11.353920+00:00,3.377510974101816e-05,False
2019-02-17 22:54:37.115136+00:00,-6.00743911357758e-06,False
2019-02-18 21:23:46.240224+00:00,-2.620421120998637e-05,False
2019-02-19 21:45:21.116160+00:00,-0.0002200885127038488,False
2019-02-20 05:15:04.158432+00:00,0.00022651233740678519,False
2019-02-20 22:06:55.992960+00:00,6.819499632388284e-05,False
2019-02-21 09:21:30.544704+00:00,-4.8171174465374354e-05,False
2019-02-21 11:13:56.304192+00:00,1.5176240477847032e-05,False
2019-02-21 22:28:30.855072+00:00,7.069725114619563e-06,False
2019-02-22 13:27:56.924928+00:00,-0.00011747760995417198,False
2019-02-22 22:50:05.716320+00:00,-9.59899854667611e-05,False
2019-02-23 13:49:31.786176+00:00,6.799042367505651e-05,False
2019-02-23 21:19:14.820672+00:00,0.0001666911959362188,False
2019-02-24 19:48:23.918976+00:00,9.521451177646817e-05,False
2019-02-24 21:40:49.675872+00:00,-8.593702992292407e-05,False
2019-02-25 20:09:58.770720+00:00,-0.00019284061295963395,False
2019-02-25 22:02:24.528480+00:00,-5.762042854507378e-05,False
2019-02-26 20:31:33.628512+00:00,0.0001374496390556573,False
2019-02-26 22:23:59.386272+00:00,-9.371618137910375e-05,False
2019-02-27 20:53:08.476800+00:00,2.3653273936895464e-06,False
2019-02-27 22:45:34.237152+00:00,0.00013932057384707385,False
2019-02-28 21:14:43.325088+00:00,-8.514552676616109e-06,False
2019-03-01 12:14:09.381984+00:00,-0.00016445334183362337,False
2019-03-01 14:06:35.138016+00:00,2.755572662727638e-05,False
2019-03-01 21:36:18.166464+00:00,-1.98077213299264e-05,False
2019-03-02 12:35:44.218176+00:00,-0.00018724688537886039,False
2019-03-02 14:28:09.973344+00:00,-4.57428490050624e-06,False
2019-03-02 21:57:52.999200+00:00,3.6849670504007126e-05,False
2019-03-03 12:57:19.044864+00:00,-4.971100336334473e-05,False
2019-03-03 22:19:27.820704+00:00,-5.144201271553208e-05,False
2019-03-04 13:18:53.862048+00:00,-3.6390181913604943e-05,False
2019-03-04 22:41:02.638752+00:00,-6.550731086704843e-06,False
2019-03-05 21:10:11.693856+00:00,-0.00011709458797183229,False
2019-03-06 21:31:46.503264+00:00,0.00037447685073242775,False
2019-03-07 05:01:29.518752+00:00,5.149951994504035e-06,False
2019-03-07 12:31:12.537696+00:00,4.241005613820603e-05,False
2019-03-08 12:52:47.347968+00:00,0.00020107380317329932,False
2019-03-08 14:45:13.101408+00:00,2.0375601773159824e-05,False
2019-03-08 22:14:56.119488+00:00,-0.00012407100366453825,False
2019-03-09 13:14:22.154784+00:00,0.00017468943016782403,False
2019-03-09 20:44:05.175456+00:00,0.00019793418907177856,False
2019-03-09 22:36:30.930624+00:00,4.462923541241338e-05,False
2019-03-10 21:05:39.985728+00:00,9.349264390126746e-05,False
2019-03-11 13:57:31.778784+00:00,9.771684832356883e-05,False
2019-03-11 21:27:14.801184+00:00,6.780513239269077e-06,False
2019-03-12 04:56:57.820128+00:00,-3.537433094712916e-05,False
2019-03-12 21:48:49.617504+00:00,0.00019832286624414452,False
2019-03-13 03:26:06.879552+00:00,-7.824162135332468e-06,False
2019-03-13 22:10:24.424320+00:00,9.692001673699017e-05,False
2019-03-14 03:47:41.686368+00:00,-7.157485295822624e-06,False
2019-03-14 22:31:59.227680+00:00,8.66450070218484e-05,False
2019-03-15 04:09:16.488864+00:00,-3.880510773573003e-05,False
2019-03-15 21:01:08.273280+00:00,-9.716133529300437e-06,False
2019-03-16 04:30:51.283584+00:00,-6.0300612620194105e-05,False
2019-03-16 13:53:00.054240+00:00,0.0002220517331965976,False
2019-03-16 21:22:43.069728+00:00,4.6647254184790053e-05,False
2019-03-17 19:51:52.108416+00:00,6.392474671765126e-05,False
2019-03-17 21:44:17.862720+00:00,0.00012244531683543001,False
2019-03-18 14:36:09.639360+00:00,8.722884253141916e-08,False
2019-03-18 20:13:26.900544+00:00,0.00011012016704336296,False
2019-03-18 22:05:52.653984+00:00,3.015833103546924e-05,False
2019-03-19 14:57:44.428896+00:00,8.962427347211383e-05,False
2019-03-19 16:50:10.182336+00:00,-3.0138247812696187e-05,False
2019-03-20 11:34:27.713280+00:00,0.00026997619927300056,False
2019-03-20 20:56:36.482208+00:00,0.00021978881504807423,False
2019-03-21 17:33:19.769184+00:00,-4.770831686300118e-05,False
2019-03-21 21:18:11.280384+00:00,0.0002580182461214088,False
2019-03-22 19:47:20.325984+00:00,0.00018097871210771702,False
2019-03-22 21:39:46.080288+00:00,5.89500735268617e-05,False
2019-03-23 20:08:55.127616+00:00,0.0001825860159392484,False
2019-03-23 22:01:20.881056+00:00,1.485130405450149e-05,False
2019-03-24 20:30:29.934432+00:00,0.00038850118605036985,False
2019-03-25 04:00:12.948192+00:00,-0.00019191840662474181,False
2019-03-25 22:44:30.484320+00:00,0.000101927261528792,False
2019-03-26 04:21:47.749824+00:00,0.00018694711098416494,False
2019-03-26 21:13:39.521280+00:00,0.00045685235534998045,False
2019-03-27 12:13:05.555712+00:00,-0.0005115944375761619,False
2019-03-27 14:05:31.309152+00:00,1.0872086680622695e-05,False
2019-03-27 21:35:14.323776+00:00,0.0001726342306213055,False
2019-03-28 14:27:06.099552+00:00,-0.00012677876730624832,False
2019-03-28 18:11:57.606432+00:00,3.827136833880924e-05,False
2019-03-28 21:56:49.112448+00:00,0.00011490837584246047,False
2019-03-29 14:48:40.885632+00:00,5.0142428538230437e-05,False
2019-03-29 20:25:58.145088+00:00,0.00019017396515718426,False
2019-03-29 22:18:23.896800+00:00,-2.458585143863991e-05,False
2019-03-30 20:47:32.925984+00:00,0.00013656371205485345,False
2019-03-30 22:39:58.676832+00:00,-6.076429662704956e-05,False
2019-03-31 21:09:07.710336+00:00,0.00022544252500596344,False
2019-04-01 21:30:42.492960+00:00,0.00014871989921090253,False
2019-04-02 05:00:25.504128+00:00,6.719570451385192e-05,False
2019-04-02 14:22:34.266144+00:00,2.435255865673101e-05,False
2019-04-02 21:52:17.278176+00:00,0.00013403528876074878,False
2019-04-03 20:21:26.316864+00:00,0.00016159577774427979,False
2019-04-03 22:13:52.068576+00:00,-1.635599801194376e-05,False
2019-04-04 20:43:01.103808+00:00,0.00010549090633834459,False
2019-04-04 22:35:26.855520+00:00,-2.8512476911823137e-05,False
2019-04-05 13:34:52.877856+00:00,8.787541892946933e-05,False
2019-04-05 21:04:35.889024+00:00,8.596747346413973e-05,False
2019-04-06 13:56:27.663072+00:00,8.341378629871801e-05,False
2019-04-06 21:26:10.675968+00:00,0.00015387325070583273,False
2019-04-06 23:18:36.429408+00:00,-4.843638579327251e-05,False
2019-04-07 21:47:45.458592+00:00,0.00018151527541463377,False
2019-04-08 05:17:28.446432+00:00,0.00015925812025526653,False
2019-04-08 22:09:20.230848+00:00,-0.0001510647430281604,False
2019-04-09 05:39:03.223872+00:00,0.000303629174633035,False
2019-04-09 22:30:54.997056+00:00,-0.0003881804036942644,False
2019-04-10 13:30:21.006432+00:00,-5.7684144918611086e-05,False
2019-04-10 21:00:04.009824+00:00,7.382618620008613e-05,False
2019-04-11 17:36:47.268288+00:00,0.00022092656874724985,False
2019-04-11 21:21:38.767392+00:00,-0.0001054667375711186,False
2019-04-12 19:50:47.774112+00:00,0.00034483598773304546,False
2019-04-12 21:43:13.523232+00:00,-6.0739900125464734e-05,False
2019-04-13 20:12:22.554144+00:00,0.00042453911542313837,False
2019-04-13 22:04:48.285120+00:00,-0.00022122686705649413,False
2019-04-14 20:33:57.297024+00:00,0.0003959919143909194,False
2019-04-14 22:26:23.068608+00:00,0.00022841305618407745,False
2019-04-15 20:55:32.268864+00:00,0.011439289092486309,False
2019-04-15 22:47:58.035264+00:00,4.769530547675665e-05,False
2019-04-16 21:17:07.215648+00:00,-3.8397707864607606e-05,False
2019-04-17 21:38:42.163296+00:00,0.00012160553816214191,False
2019-04-18 05:08:25.236672+00:00,0.00012188685637705865,False
2019-04-18 18:15:25.582464+00:00,0.0002051560929601983,False
2019-04-19 05:30:00.171360+00:00,0.00011643890906649053,False
2019-04-19 22:21:52.074144+00:00,-0.00012115565593464971,False
2019-04-20 13:21:18.193248+00:00,3.7660288350860294e-06,False
2019-04-20 20:51:01.249344+00:00,-4.717415120275731e-05,False
2019-04-21 21:12:36.190080+00:00,0.00021660349343146203,False
2019-04-22 19:41:45.360960+00:00,0.0006307311208056508,False
2019-04-23 05:03:54.185184+00:00,6.0380294415304e-05,False
2019-04-23 14:26:03.003360+00:00,-0.00021931967048607168,False
2019-04-23 21:55:46.057728+00:00,-2.284734265447735e-05,False
2019-04-24 05:25:29.113824+00:00,3.6385809161513616e-05,False
2019-04-24 14:47:37.934592+00:00,8.221712367733652e-05,False
2019-04-24 22:17:20.990688+00:00,6.525676810089743e-05,False
2019-04-25 09:31:55.575264+00:00,9.785807390376472e-05,False
2019-04-25 13:16:47.104608+00:00,9.785242565455012e-05,False
2019-04-25 18:54:04.396896+00:00,9.799180620171742e-05,False
2019-04-26 11:45:56.277216+00:00,0.00014733444592074496,False
2019-04-26 23:00:30.866976+00:00,0.00018785057215448767,False
2019-04-27 12:07:31.220544+00:00,4.39347215632401e-05,False
2019-04-27 21:29:40.043904+00:00,6.826106248566192e-05,False
2019-04-28 12:29:06.161280+00:00,0.00022399643048728386,False
2019-04-28 21:51:14.990688+00:00,0.00010058238287501534,False
2019-04-29 12:50:41.103744+00:00,0.00012769595093025247,False
2019-04-29 18:27:58.394304+00:00,4.568608124712605e-05,False
2019-04-29 22:12:49.922784+00:00,1.4723041113702626e-05,False
2019-04-30 20:41:59.104032+00:00,0.00018111474744965397,False
2019-04-30 22:34:24.869568+00:00,2.7419616240884337e-05,False
2019-05-01 21:03:34.037856+00:00,4.87018771337017e-05,False
2019-05-01 22:55:59.801664+00:00,-8.677667669277242e-06,False
2019-05-02 13:55:25.911264+00:00,0.00014003540827666004,False
2019-05-02 23:17:34.732032+00:00,5.678367618512992e-05,False
2019-05-03 04:54:52.021728+00:00,7.742504403892268e-05,False
2019-05-03 14:17:00.831264+00:00,0.0003842379959019773,False
2019-05-03 21:46:43.888224+00:00,0.00011402559029849138,False
2019-05-04 01:31:35.416704+00:00,0.00012688973569340334,False
2019-05-04 14:38:35.765952+00:00,-0.00044857420876612367,False
2019-05-04 22:08:18.820320+00:00,3.754911633071435e-05,False
2019-05-05 01:53:10.345344+00:00,7.075807731125366e-05,False
2019-05-05 22:29:53.758464+00:00,0.0006657539292444681,False
2019-05-06 04:07:11.049888+00:00,4.1389790737854236e-05,False
2019-05-06 22:51:28.690560+00:00,0.00023382467020036457,False
2019-05-07 04:28:45.976800+00:00,-3.0619363998596285e-05,False
2019-05-07 23:13:03.597600+00:00,-0.00014357645664965689,False
2019-05-08 04:50:20.916672+00:00,0.0004675218201986034,False
2019-05-09 05:11:55.852224+00:00,0.0003123348006182089,False
2019-05-09 16:26:30.432480+00:00,-5.577029581202477e-05,False
2019-05-10 09:18:22.298112+00:00,0.00013474339780919639,False
2019-05-10 16:48:05.355936+00:00,0.0001142836551968089,False
2019-05-11 11:32:23.000064+00:00,9.054202353418273e-05,False
2019-05-11 13:24:48.763008+00:00,-2.063372320788168e-05,False
2019-05-11 17:09:40.292352+00:00,2.8998221638169876e-06,False
2019-05-12 11:53:57.938208+00:00,0.00020703348134210915,False
2019-05-12 13:46:23.702880+00:00,3.5759873287712754e-05,False
2019-05-13 12:15:32.877216+00:00,0.00019440368985060503,False
2019-05-13 14:07:58.641888+00:00,3.958373343849171e-05,False
2019-05-14 16:21:59.338656+00:00,0.00011745626765613889,False
2019-05-15 14:51:08.505216+00:00,0.00022651668800467202,False
2019-05-16 03:58:08.852736+00:00,0.00017694728740147694,False
2019-05-16 15:12:43.437312+00:00,6.12825699587933e-05,False
2019-05-17 04:19:43.783968+00:00,0.00016482779880966605,False
2019-05-17 23:04:01.421184+00:00,0.00012280682289956283,False
2019-05-18 04:41:18.712608+00:00,0.00010690233120547659,False
2019-05-19 12:32:36.700800+00:00,0.00033503825945314935,False
2019-05-19 21:54:45.524160+00:00,0.00014905343750368168,False
2019-05-20 12:54:11.641536+00:00,0.00018740858741255425,False
2019-05-20 14:46:37.407072+00:00,3.538052413072866e-05,False
2019-05-21 15:08:12.347808+00:00,0.0002512183241067573,False
2019-05-21 22:37:55.405632+00:00,9.3047755291145e-05,False
2019-05-22 13:37:21.528192+00:00,0.000230289379495634,False
2019-05-23 04:36:47.651616+00:00,0.00021762473081951455,False
2019-05-23 21:28:39.542304+00:00,0.00019559188631675787,False
2019-05-24 04:58:22.601856+00:00,5.645726365517197e-05,False
2019-05-24 21:50:14.485632+00:00,3.8004322194943615e-05,False
2019-05-25 10:57:14.842656+00:00,0.00020918830173331356,False
2019-05-25 22:11:49.432416+00:00,0.0001203561271324823,False
2019-05-26 11:18:49.786848+00:00,5.986229132175482e-05,False
2019-05-26 22:33:24.378336+00:00,0.00013977856864806387,False
2019-05-27 11:40:24.731904+00:00,4.660374690767526e-05,False
2019-05-27 21:02:33.554400+00:00,2.3907308324241193e-05,False
2019-05-28 12:01:59.668320+00:00,0.00019684910460305874,False
2019-05-28 19:31:42.727008+00:00,8.092464709247909e-05,False
2019-05-29 21:45:43.428096+00:00,0.0001600386377652544,False
2019-05-30 03:23:00.722112+00:00,1.0935546382674418e-05,False
2019-05-30 22:07:18.367104+00:00,0.0002166288521698053,False
2019-05-31 03:44:35.663712+00:00,0.00010301655045212003,False
2019-05-31 11:14:18.718944+00:00,2.7790166675979865e-05,False
2019-06-01 11:35:53.662272+00:00,0.0002521488855869711,False
2019-06-01 22:50:28.253760+00:00,0.00011799267069683004,False
2019-06-02 11:57:28.613376+00:00,0.0001601532505517083,False
2019-06-02 21:19:37.440192+00:00,7.083910901323074e-05,False
2019-06-03 12:19:03.563616+00:00,0.00016044689916787074,False
2019-06-03 21:41:12.387840+00:00,7.026589389934119e-05,False
2019-06-04 22:02:47.339808+00:00,0.00028831682579208277,False
2019-06-05 18:39:30.763296+00:00,0.00018739318124075258,False
2019-06-06 20:53:31.473888+00:00,0.0001841521950604408,False
2019-06-07 10:00:31.827456+00:00,1.360585932917618e-05,False
2019-06-07 21:15:06.415488+00:00,8.249550147170306e-05,False
2019-06-08 10:22:06.769920+00:00,8.8410613358087e-05,False
2019-06-08 21:36:41.354496+00:00,-3.883490853084469e-05,False
2019-06-09 10:43:41.707200+00:00,9.484025718187381e-05,False
2019-06-09 20:05:50.526240+00:00,-2.618732733813316e-07,False
2019-06-10 11:05:16.640160+00:00,-6.669647205089624e-06,False
2019-06-11 20:49:00.390432+00:00,4.86463370204356e-05,False
2019-06-12 21:10:35.327712+00:00,0.00021558716281326547,False
2019-06-13 21:32:10.255488+00:00,-7.203918484273683e-05,False
2019-06-14 03:09:27.546912+00:00,-6.934942342091591e-05,False
2019-06-14 21:53:45.187584+00:00,0.00013519359663386198,False
2019-06-15 03:31:02.481600+00:00,1.0244040079362855e-05,False
2019-06-15 22:15:20.117952+00:00,2.4720080147008273e-05,False
2019-06-16 09:29:54.698208+00:00,-4.264163333713435e-05,False
2019-06-16 20:44:29.277600+00:00,-1.2353548375705612e-05,False
2019-06-17 19:13:38.399232+00:00,-0.0012782508731111353,False
2019-06-17 21:06:04.158720+00:00,-0.00011356133610465643,False
2019-06-18 19:35:13.259616+00:00,-0.0014731954447996165,False
2019-06-18 21:27:39.019104+00:00,-9.409127088205278e-06,False
2019-06-19 19:56:48.129504+00:00,-0.0002147233967143732,False
2019-06-19 21:49:13.887264+00:00,-0.00015803310137471417,False
2019-06-20 20:18:22.989024+00:00,-4.0465975978545214e-05,False
2019-06-20 22:10:48.747648+00:00,-2.5737166381429916e-05,False
2019-06-21 20:39:57.849408+00:00,0.0004072638453538228,False
2019-06-22 02:17:15.127008+00:00,0.00010257338529330533,False
2019-06-22 21:01:32.708928+00:00,0.00045308267267589193,False
2019-06-23 04:31:15.739968+00:00,-6.493659120821344e-05,False
2019-06-23 21:23:07.563264+00:00,0.00014865830654645562,False
2019-06-24 06:45:16.352928+00:00,3.9795164527360913e-05,False
2019-06-24 14:14:59.385696+00:00,1.179404405383167e-05,False
2019-06-25 07:06:51.209856+00:00,0.00011693533315957026,False
2019-06-25 23:58:43.032288+00:00,6.308997660045107e-06,False
2019-06-27 04:05:09.401280+00:00,9.969586280270229e-05,False
2019-06-27 22:49:26.979744+00:00,3.665690119897724e-05,False
2019-06-28 11:56:27.284928+00:00,-7.256552330335575e-06,False
2019-06-28 21:18:36.072000+00:00,9.665554635790673e-05,False
2019-06-29 12:18:02.132352+00:00,-5.115383139990846e-05,False
2019-06-29 21:40:10.919424+00:00,5.627313390350986e-05,False
2019-06-30 20:09:20.000448+00:00,1.4712580715768933e-05,False
2019-06-30 22:01:45.758208+00:00,8.99307289207719e-06,False
2019-07-01 20:30:54.843552+00:00,0.00022277410686658345,False
2019-07-02 04:00:37.866816+00:00,-0.00013413755544453525,False
2019-07-02 19:00:03.919392+00:00,2.659596992915419e-05,False
2019-07-03 04:22:12.699552+00:00,-5.321717307630343e-05,False
2019-07-03 21:14:04.507296+00:00,0.00013121558451771728,False
2019-07-04 12:13:30.557280+00:00,1.0043723934531691e-05,False
2019-07-04 21:35:39.340896+00:00,0.00013082766543694163,False
2019-07-05 20:04:48.418464+00:00,9.927716456429054e-05,False
2019-07-05 21:57:14.175360+00:00,-1.9493292064652558e-05,False
2019-07-06 20:26:23.251200+00:00,0.0001512544581775625,False
2019-07-06 22:18:49.007232+00:00,-1.961922714347466e-05,False
2019-07-07 20:47:58.083936+00:00,0.0001226446299537781,False
2019-07-07 22:40:23.839968+00:00,-5.570527313836049e-05,False
2019-07-08 21:09:32.918400+00:00,2.5927591069551808e-05,False
2019-07-09 04:39:15.942528+00:00,-1.1170488358071237e-05,False
2019-07-09 21:31:07.750272+00:00,0.00010969651501429713,False
2019-07-10 12:30:33.795072+00:00,-5.574677685138181e-05,False
2019-07-10 20:00:16.820064+00:00,6.106541327340507e-05,False
2019-07-12 20:43:26.464800+00:00,4.321006318600104e-05,False
2019-07-13 21:05:01.281984+00:00,7.356783237321877e-05,False
2019-07-14 02:42:18.545760+00:00,2.040689515921446e-05,False
2019-07-14 21:26:36.098304+00:00,6.511774292609328e-05,False
2019-07-15 10:33:36.381888+00:00,-7.230369628368194e-05,False
2019-07-15 19:55:45.158592+00:00,4.8744918194765235e-05,False
2019-07-16 10:55:11.202528+00:00,0.00016084624237060248,False
2019-07-16 22:09:45.732672+00:00,5.712727816813426e-05,False
2019-07-17 11:16:46.013664+00:00,-5.620304201271692e-05,False
2019-07-17 20:38:54.791232+00:00,5.2552151494735675e-05,False
2019-07-18 11:38:20.834304+00:00,0.00015654885517742676,False
2019-07-18 21:00:29.613600+00:00,-2.3497265371391645e-05,False
2019-07-19 19:29:38.674752+00:00,2.77117845270459e-07,False
2019-07-19 21:22:04.429920+00:00,-7.796118781744008e-06,False
2019-07-20 19:51:13.490208+00:00,9.624551627769167e-05,False
2019-07-20 21:43:39.245376+00:00,2.4175936863502058e-05,False
2019-07-21 20:12:48.306528+00:00,3.63049524882027e-05,False
2019-07-22 20:34:23.111616+00:00,-0.0001649432433136576,False
2019-07-23 19:03:32.164128+00:00,0.00012820362844008244,False
2019-07-24 00:40:49.423584+00:00,-4.83609720907305e-05,False
2019-07-24 21:17:32.717472+00:00,5.998860136427321e-05,False
2019-07-25 01:02:24.225216+00:00,-4.033995452448926e-05,False
2019-07-25 19:46:41.758752+00:00,-8.512808037682942e-05,False
2019-07-26 01:23:59.019072+00:00,4.092198832190927e-06,False
2019-07-26 22:00:42.305184+00:00,9.13617254383226e-05,False
2019-07-27 11:07:42.575808+00:00,-5.631475707353094e-07,False
2019-07-27 22:22:17.096448+00:00,7.172525829934752e-05,False
2019-07-28 11:29:17.368800+00:00,-3.3101275613845826e-05,False
2019-07-28 15:14:08.877408+00:00,5.204456990772311e-05,False
2019-07-28 20:51:26.136864+00:00,-0.00010079876350831044,False
2019-07-29 21:13:00.927264+00:00,-5.509542990154309e-06,False
2019-07-30 21:34:35.720256+00:00,0.00013445901107020716,False
2019-07-31 05:04:18.733152+00:00,-5.6437531420175926e-05,False
2019-07-31 21:56:10.512384+00:00,0.00011861609349523062,False
2019-08-01 05:25:53.524416+00:00,-5.6697173221271084e-05,False
2019-08-01 16:40:28.044192+00:00,0.0001350839136322955,False
2019-08-02 13:17:11.324256+00:00,0.00017472683901646396,False
2019-08-02 17:02:02.830272+00:00,7.5960441454913834e-06,False
2019-08-03 19:16:03.352512+00:00,0.0002380455282612002,False
2019-08-03 21:08:29.118048+00:00,-0.00020493978064744196,False
2019-08-04 19:37:38.141184+00:00,-5.90257197364625e-05,False
2019-08-04 21:30:03.893760+00:00,3.196014461070187e-05,False
2019-08-05 16:14:21.410880+00:00,0.0004313879366583373,False
2019-08-06 05:21:21.674592+00:00,-0.0003304303754817952,False
2019-08-07 05:42:56.470176+00:00,0.0007559671847769999,False
2019-08-08 06:04:31.466208+00:00,0.009012466816389494,False
2019-08-08 21:03:57.587040+00:00,0.00022651414961796982,False
2019-08-09 10:10:57.934560+00:00,-9.437583360900287e-06,False
2019-08-09 21:25:32.520000+00:00,7.468317695090738e-05,False
2019-08-10 12:24:58.617504+00:00,-5.401287810516516e-05,False
2019-08-10 19:54:41.676192+00:00,4.336758091231746e-05,False
2019-08-10 21:47:07.440864+00:00,-2.824186968754594e-05,False
2019-08-12 20:37:51.548160+00:00,0.00015971578444256234,False
2019-08-13 20:59:26.480256+00:00,1.8100152478957228e-05,False
2019-08-14 04:29:09.534624+00:00,-4.8362798373150145e-05,False
2019-08-14 21:21:01.407168+00:00,1.0435586736126594e-05,False
2019-08-15 04:50:44.458080+00:00,-3.596587047423854e-05,False
2019-08-15 14:12:53.275392+00:00,2.6250094165656475e-06,False
2019-08-16 10:49:36.666048+00:00,6.376357799188655e-05,False
2019-08-16 20:11:45.479904+00:00,1.9708063212762473e-05,False
2019-08-17 13:03:37.345536+00:00,3.6190265824687502e-06,False
2019-08-17 20:33:20.394720+00:00,4.185767369836919e-06,False
2019-08-18 20:54:55.301760+00:00,6.0756301525187386e-05,False
2019-08-19 19:24:04.444992+00:00,9.716961395219323e-05,False
2019-08-20 19:45:39.356352+00:00,0.00016260164958222938,False
2019-08-21 20:07:14.266848+00:00,0.00013126805147999472,False
2019-08-22 18:36:23.416992+00:00,0.00022813920646950968,False
2019-08-23 09:35:49.519680+00:00,0.00012720861059966308,False
2019-08-23 18:57:58.332672+00:00,1.9911649105044976e-06,False
2019-08-24 11:49:50.198304+00:00,4.7847349812993586e-05,False
2019-08-24 19:19:33.248352+00:00,1.4162767536700163e-05,False
2019-08-25 12:11:25.110528+00:00,2.443204374338558e-05,False
2019-08-25 17:48:42.396768+00:00,5.022701933082765e-05,False
2019-08-26 18:10:17.306400+00:00,9.657320601378437e-05,False
2019-08-27 18:31:52.213440+00:00,6.203090364458882e-05,False
2019-08-28 18:53:27.110976+00:00,2.7284577243169664e-05,False
2019-08-29 22:59:53.530944+00:00,0.000183816495407267,False
2019-08-30 02:44:45.051648+00:00,3.0302071783199138e-05,False
2019-08-30 15:51:45.381888+00:00,9.987138344188514e-05,False
2019-08-31 03:06:19.948320+00:00,5.960895053722181e-05,False
2019-08-31 18:05:46.038048+00:00,7.843722815097542e-05,False
2019-09-01 03:27:54.843264+00:00,7.114929795432273e-05,False
2019-09-01 16:34:55.174368+00:00,0.00016247331354937668,False
2019-09-02 03:49:29.743392+00:00,0.00013744729136922547,False
2019-09-02 16:56:30.077088+00:00,7.522827249267944e-05,False
2019-09-03 04:11:04.646976+00:00,7.808839773332834e-05,False
2019-09-03 17:18:04.984128+00:00,0.00010877081444914623,False
2019-09-04 04:32:39.554880+00:00,0.0001191908446806822,False
2019-09-04 12:02:22.606656+00:00,4.73250026301493e-05,False
2019-09-05 04:54:14.465376+00:00,0.00015434030872983428,False
2019-09-05 21:46:06.331008+00:00,9.957578061158947e-05,False
2019-09-06 09:00:40.906080+00:00,9.26741971892577e-05,False
2019-09-06 22:07:41.243232+00:00,4.85867070947089e-05,False
2019-09-07 11:14:41.575200+00:00,-7.970981042247378e-06,False
2019-09-07 16:51:58.860576+00:00,4.7829281766854334e-05,False
2019-09-08 20:58:25.287456+00:00,0.00014263304193285595,False
2019-09-08 22:50:51.048672+00:00,-1.4479050469153157e-06,False
2019-09-09 23:12:25.948800+00:00,5.978226186828078e-05,False
2019-09-10 02:57:17.469504+00:00,2.5376420857698083e-05,False
2019-09-10 12:19:26.275584+00:00,-5.38502624332536e-06,False
2019-09-11 14:33:26.931744+00:00,0.0002633077699256039,False
2019-09-12 14:55:01.831872+00:00,0.00023409417525825418,False
2019-09-12 22:24:44.879328+00:00,6.950876443595368e-05,False
2019-09-13 07:46:53.688000+00:00,0.00010039205736927774,False
2019-09-14 02:31:11.306208+00:00,0.0002876239437710335,False
2019-09-14 13:45:45.877824+00:00,8.580168184921404e-05,False
2019-09-15 04:45:11.977056+00:00,0.00028936459715674724,False
2019-09-15 21:37:03.837504+00:00,-1.0019836433038852e-05,False
2019-09-16 10:44:04.178112+00:00,0.0002069449770926867,False
2019-09-16 21:58:38.754048+00:00,3.5564067037306574e-05,False
2019-09-17 11:05:39.094656+00:00,0.00017608450356641444,False
2019-09-17 12:58:04.857600+00:00,5.237439036303242e-05,False
2019-09-18 11:27:14.008608+00:00,8.463442218899667e-05,False
2019-09-18 22:41:48.584544+00:00,4.096504757101409e-05,False
2019-09-19 13:41:14.690688+00:00,0.00019064961958063084,False
2019-09-19 21:10:57.741600+00:00,1.3068572194313704e-05,False
2019-09-20 14:02:49.601184+00:00,7.928189101239511e-05,False
2019-09-20 21:32:32.649504+00:00,1.3357591341882634e-05,False
2019-09-22 03:31:24.841920+00:00,0.0002797016666860193,False
2019-09-22 22:15:42.459264+00:00,9.878375255228602e-05,False
2019-09-23 03:52:59.746368+00:00,6.145638783699973e-05,False
2019-09-23 13:15:08.552448+00:00,-1.5923649129282488e-05,False
2019-09-24 04:14:34.648224+00:00,0.0002015649721885312,False
2019-09-24 21:06:26.501760+00:00,0.00011609145525455549,False
2019-09-25 10:13:26.837184+00:00,0.00015401711334967795,False
2019-09-25 21:28:01.410528+00:00,0.00010984528642087363,False
2019-09-26 19:57:10.558944+00:00,8.770421147817896e-05,False
2019-09-27 03:26:53.612448+00:00,0.00021963926368760042,False
2019-09-27 22:11:11.234976+00:00,0.00015963632198224274,False
2019-09-28 03:48:28.524672+00:00,5.064758376603264e-05,False
2019-09-28 20:40:20.387712+00:00,0.00012724769149298303,False
2019-09-29 04:10:03.443808+00:00,0.0001482907156616528,False
2019-09-29 22:54:21.072384+00:00,0.00016483706239464968,False
2019-09-30 12:01:21.410400+00:00,-3.8999770059357206e-05,False
2019-09-30 21:23:30.219936+00:00,3.406786894304706e-05,False
2019-10-01 19:52:39.367488+00:00,8.021400260025549e-05,False
2019-10-01 21:45:05.129568+00:00,4.1053506852759844e-05,False
2019-10-02 10:52:05.463264+00:00,-0.00011062519298122387,False
2019-10-03 07:28:48.836640+00:00,-3.7683476538546116e-05,False
2019-10-03 22:28:14.923776+00:00,-9.639783088499087e-05,False
2019-10-04 11:35:15.248832+00:00,9.945449240852076e-05,False
2019-10-04 20:57:24.048000+00:00,-4.47578531056875e-05,False
2019-10-05 19:26:33.172224+00:00,-1.3093155226324895e-05,False
2019-10-05 21:18:58.932576+00:00,1.3252294764216742e-05,False
2019-10-06 19:48:08.056800+00:00,0.00012031045869657353,False
2019-10-06 21:40:33.817152+00:00,3.326380310182634e-05,False
2019-10-07 22:02:08.698272+00:00,0.00011853337601435993,False
2019-10-08 03:39:25.982784+00:00,5.648956547703734e-05,False
2019-10-08 22:23:43.584576+00:00,8.672947662062823e-05,False
2019-10-09 04:01:00.868224+00:00,5.3157477218370024e-05,False
2019-10-09 20:52:52.708800+00:00,3.764222047241645e-05,False
2019-10-10 17:29:36.070080+00:00,-3.056859962573925e-05,False
2019-10-10 21:14:27.590784+00:00,0.00010741923758676532,False
2019-10-11 17:51:10.949472+00:00,-9.558153040984324e-06,False
2019-10-12 20:05:11.585760+00:00,5.2226621729254395e-05,False
2019-10-12 21:57:37.345248+00:00,1.5634523915966552e-06,False
2019-10-13 20:26:46.454784+00:00,6.59995432129029e-05,False
2019-10-13 22:19:12.213408+00:00,9.673048598903609e-06,False
2019-10-14 20:48:21.314304+00:00,2.7022649181818355e-05,False
2019-10-15 02:25:38.592768+00:00,2.1650369470149988e-05,False
2019-10-15 21:09:56.172960+00:00,2.0192524142301568e-05,False
2019-10-16 06:32:04.961760+00:00,1.9451673171016963e-05,False
2019-10-16 08:24:30.720384+00:00,6.934580731398616e-06,False
2019-10-17 08:46:05.562624+00:00,1.5937766952934585e-05,False
2019-10-17 14:23:22.833312+00:00,-4.387067971979458e-05,False
2019-10-18 05:22:48.891072+00:00,0.00021493132235750356,False
2019-10-19 03:51:57.978144+00:00,0.00014368527257165904,False
2019-10-19 07:36:49.491936+00:00,-1.3838894479964793e-05,False
2019-10-20 07:58:24.331584+00:00,9.586330729136647e-05,False
2019-10-21 21:26:59.476416+00:00,0.00037763153391538246,False
2019-10-22 03:04:16.750560+00:00,4.058248549815234e-05,False
2019-10-22 21:48:34.329888+00:00,0.0001872735143877194,False
2019-10-23 03:25:51.597984+00:00,-0.0001518309046599818,False
2019-10-23 20:17:43.409184+00:00,6.526694511222947e-05,False
2019-10-24 03:47:26.437632+00:00,0.00015690408100067562,False
2019-10-24 20:39:18.247104+00:00,0.00015436064790705457,False
2019-10-25 06:01:27.029856+00:00,-3.128744502438261e-05,False
2019-10-25 21:00:53.078112+00:00,-1.7136595544987437e-05,False
2019-10-26 12:00:19.125504+00:00,-3.047923391282504e-05,False
2019-10-26 21:22:27.905664+00:00,0.00015648566687376199,False
2019-10-27 19:51:36.967680+00:00,5.647158980262145e-05,False
2019-10-27 21:44:02.723712+00:00,1.931774193108264e-05,False
2019-10-28 20:13:11.784000+00:00,0.000134371785755961,False
2019-10-28 22:05:37.539168+00:00,-5.991143786682956e-07,False
2019-10-29 20:34:46.602048+00:00,0.0002206555061203103,False
2019-10-30 02:12:03.864096+00:00,-3.262154637952603e-05,False
2019-10-30 20:56:21.412320+00:00,0.00018621861763816588,False
2019-10-31 02:33:38.676960+00:00,6.865378992402641e-05,False
2019-10-31 19:25:30.476064+00:00,0.0002679959216868146,False
2019-11-01 19:47:05.294112+00:00,0.00020959731854163432,False
2019-11-01 21:39:31.048416+00:00,-7.621645753404299e-05,False
2019-11-02 20:08:40.108704+00:00,0.00018726869391743,False
2019-11-03 03:38:23.131104+00:00,0.00010296192231875921,False
2019-11-03 20:30:14.929344+00:00,0.0001306909152372724,False
2019-11-04 03:59:57.951744+00:00,6.718249454461406e-05,False
2019-11-04 20:51:49.751712+00:00,0.00012779563602118417,False
2019-11-05 04:21:32.772384+00:00,3.831914021648053e-06,False
2019-11-05 21:13:24.568896+00:00,0.00017286217178595688,False
2019-11-06 12:12:50.604192+00:00,7.803562857443177e-05,False
2019-11-07 12:34:25.411008+00:00,0.0001029669183688396,False
2019-11-09 02:03:00.497088+00:00,0.00024349288696497932,False
2019-11-09 20:47:18.034944+00:00,0.00016187392319183967,False
2019-11-10 11:46:44.063328+00:00,8.448866633700003e-05,False
2019-11-10 21:08:52.834848+00:00,0.00013393857663858297,False
2019-11-11 19:38:01.879584+00:00,0.00016968045936825618,False
2019-11-11 21:30:27.632160+00:00,-2.8703348647822465e-06,False
2019-11-12 19:59:36.678624+00:00,0.00023009365765379932,False
2019-11-13 20:21:11.488032+00:00,0.0004201961883283321,False
2019-11-14 13:13:03.281088+00:00,0.00023069639479155848,False
2019-11-16 02:41:38.368896+00:00,9.521164584695366e-05,False
2019-11-16 19:33:30.164544+00:00,0.00031342303517686463,False
2019-11-17 12:25:21.961056+00:00,0.0004263812012004122,False
2019-11-17 21:47:30.735168+00:00,-4.28906116206627e-05,False
2019-11-18 12:46:56.767872+00:00,1.4891362253647357e-05,False
2019-11-18 20:16:39.782496+00:00,-8.442473193841072e-05,False
2019-11-19 20:38:14.583264+00:00,0.000319908779859269,False
2019-11-20 00:23:06.092736+00:00,0.00015853006742817062,False
2019-11-20 20:59:49.383168+00:00,3.174194322889796e-05,False
2019-11-21 00:44:40.892640+00:00,9.00922847727869e-05,False
2019-11-21 21:21:24.184800+00:00,0.00013447365444456104,False
2019-11-22 01:06:15.693408+00:00,5.793579485315529e-05,False
2019-11-22 17:58:07.478688+00:00,0.00019644574362394978,False
2019-11-23 10:49:59.259648+00:00,0.0001752787183225295,False
2019-11-23 14:34:50.769120+00:00,0.00013366747171624107,False
2019-11-24 13:03:59.815584+00:00,0.00011541366438467366,False
2019-11-24 18:41:17.077632+00:00,-6.336729351853224e-05,False
2019-11-25 17:10:26.123232+00:00,0.00015356204797214242,False
2019-11-26 17:32:00.922272+00:00,0.00011939051093745758,False
2019-11-27 19:46:01.478208+00:00,0.00018162715511365382,False
2019-11-28 20:07:36.278976+00:00,0.00014310990198287033,False
2019-11-28 22:00:02.032416+00:00,2.3794309345710468e-05,False
2019-11-29 20:29:11.073696+00:00,0.00010073795322123358,False
2019-11-30 00:14:02.582304+00:00,7.929335533862948e-05,False
2019-11-30 18:58:20.112384+00:00,-3.227912988671886e-05,False
2019-12-01 04:20:28.878720+00:00,8.40562371895814e-06,False
2019-12-01 21:12:20.650176+00:00,-9.900495477176293e-06,False
2019-12-02 04:42:03.660480+00:00,4.743758599441814e-06,False
2019-12-02 21:33:55.431072+00:00,0.00014871003072309326,False
2019-12-03 20:03:04.469760+00:00,0.0006543485474615742,False
2019-12-04 20:24:39.429504+00:00,0.0089789805610737,False
2019-12-05 11:24:05.545152+00:00,0.00018189576660439694,False
2019-12-05 20:46:14.365920+00:00,7.25784785815779e-05,False
2019-12-06 11:45:40.483296+00:00,0.0002846139908268126,False
2019-12-06 21:07:49.305792+00:00,8.731937708272347e-05,False
2019-12-07 12:07:15.422304+00:00,4.2069438569547886e-05,False
2019-12-07 21:29:24.248256+00:00,0.0001504552198027988,False
2019-12-08 12:28:50.369952+00:00,0.00019303434537652674,False
2019-12-08 19:58:33.426048+00:00,-6.897002075425461e-05,False
2019-12-09 16:35:16.840896+00:00,0.0002605653237094014,False
2019-12-09 20:20:08.370240+00:00,5.507157890855931e-05,False
2019-12-10 15:04:26.018688+00:00,0.00012049243165586666,False
2019-12-11 04:11:26.368800+00:00,-2.7279112221960275e-05,False
2019-12-11 19:10:52.483584+00:00,3.117182205432685e-05,False
2019-12-12 04:33:01.307808+00:00,0.00015401643028110714,False
2019-12-12 19:32:27.417408+00:00,-1.4869953224459472e-05,False
2019-12-13 10:31:53.530464+00:00,0.00017646224122274293,False
2019-12-13 19:54:02.347776+00:00,-2.7928503817241718e-05,False
2019-12-14 18:23:11.512608+00:00,6.499853427088033e-05,False
2019-12-14 20:15:37.276416+00:00,2.4483502703808684e-05,False
2019-12-15 20:37:12.198144+00:00,2.302406709694943e-05,False
2019-12-16 02:14:29.492160+00:00,0.00012499822102167337,False
2019-12-16 19:06:21.361248+00:00,0.00018837187544249647,False
2019-12-17 02:36:04.417344+00:00,5.669430180976469e-05,False
2019-12-17 19:27:56.289024+00:00,8.21087622307179e-05,False
2019-12-18 02:57:39.343392+00:00,7.989954542190797e-05,False
2019-12-18 19:49:31.214208+00:00,6.075172101525439e-05,False
2019-12-19 03:19:14.267712+00:00,6.318582767282717e-05,False
2019-12-19 18:18:40.375584+00:00,0.00017199759292332,False
2019-12-20 03:40:49.193760+00:00,7.460879163970845e-05,False
2019-12-20 18:40:15.304224+00:00,0.00011456151510185939,False
2019-12-21 04:02:24.122400+00:00,6.549072618286286e-05,False
2019-12-21 19:01:50.231136+00:00,3.317565456786232e-05,False
2019-12-22 04:23:59.046720+00:00,3.321530420248365e-05,False
2019-12-22 19:23:25.153728+00:00,0.00010433392929573931,False
2019-12-23 10:22:51.259008+00:00,3.5272167130389644e-05,False
2019-12-23 17:52:34.310784+00:00,3.342000321240494e-05,False
2019-12-24 10:44:26.179872+00:00,9.799601563554344e-05,False
2019-12-24 18:14:09.231648+00:00,5.6911890935436975e-05,False
2019-12-25 11:06:01.096416+00:00,4.895857075187243e-05,False
2019-12-25 18:35:44.145600+00:00,2.083263097433057e-05,False
2019-12-26 17:04:53.297472+00:00,0.00020996293048248737,False
2019-12-27 17:26:28.213152+00:00,0.00018855766402094996,False
2019-12-28 17:48:03.128832+00:00,0.00012727712682074224,False
2019-12-29 18:09:38.045376+00:00,0.0002592316408446376,False
2019-12-30 22:16:04.493856+00:00,0.00021621503064330133,False
2019-12-31 03:53:21.782688+00:00,0.00010876583859914572,False
2019-12-31 17:00:22.125024+00:00,4.58110973774072e-06,False
2020-01-01 04:14:56.705280+00:00,0.0001734701275294069,False
2020-01-01 13:37:05.521728+00:00,6.303456341656994e-05,False
2020-01-01 15:29:31.284672+00:00,-9.14733020542812e-06,False
2020-01-02 15:51:06.205536+00:00,0.00014089165941843108,False
2020-01-02 21:28:23.496960+00:00,2.852500640967157e-05,False
2020-01-03 16:12:41.126400+00:00,0.00011651487843963968,False
2020-01-04 16:34:16.041216+00:00,8.82745269250058e-05,False
2020-01-04 22:11:33.330048+00:00,3.2097142601317264e-05,False
2020-01-05 20:40:42.485376+00:00,0.00022968060492825385,False
2020-01-05 22:33:08.246592+00:00,6.798027182896672e-06,False
2020-01-06 21:02:17.401056+00:00,0.00013296253286475675,False
2020-01-07 04:32:00.451968+00:00,0.00015921162266811767,False
2020-01-07 21:23:52.314144+00:00,-5.172754528660255e-05,False
2020-01-08 04:53:35.363328+00:00,0.0001305889336713888,False
2020-01-08 21:45:27.249696+00:00,0.0004939985241951278,False
2020-01-09 05:15:10.303200+00:00,9.497831177778871e-05,False
2020-01-09 12:44:53.335968+00:00,-0.00023839925705761793,False
2020-01-09 22:07:02.151552+00:00,5.745065597833139e-05,False
2020-01-10 20:36:11.310336+00:00,0.00015563557288900305,False
2020-01-10 22:28:37.071552+00:00,2.644861775395028e-06,False
2020-01-11 15:20:28.940640+00:00,0.00019607806051378,False
2020-01-12 04:27:29.283840+00:00,0.00014980177001347147,False
2020-01-12 19:26:55.391712+00:00,-1.14394967750541e-05,False
2020-01-13 04:49:04.210752+00:00,0.0001443532851962588,False
2020-01-13 21:40:56.079840+00:00,-5.343493107067026e-06,False
2020-01-14 12:40:22.185120+00:00,0.000148147787546346,False
2020-01-14 20:10:05.237760+00:00,1.0246352802929371e-05,False
2020-01-15 13:01:57.106848+00:00,0.00018624845196748272,False
2020-01-16 05:53:48.971616+00:00,-2.7158652485055108e-05,False
2020-01-16 13:23:32.024256+00:00,7.437730957908297e-05,False
2020-01-17 06:15:23.891616+00:00,0.00015331758489978354,False
2020-01-17 13:45:06.939072+00:00,-6.687722956325078e-05,False
2020-01-17 19:22:24.227040+00:00,-4.636726304241231e-06,False
2020-01-18 12:14:16.090944+00:00,0.00026950067779242656,False
2020-01-18 19:43:59.142720+00:00,5.723326558419785e-05,False
2020-01-19 05:06:07.966944+00:00,0.00034421798903466034,False
2020-01-19 12:35:51.005760+00:00,-0.0002639077780512031,False
2020-01-19 20:05:34.058400+00:00,6.1630569846064e-05,False
2020-01-20 05:27:42.872256+00:00,2.6346446990591847e-05,False
2020-01-20 20:27:08.976672+00:00,0.00021501864650576736,False
2020-01-20 22:19:34.737024+00:00,-4.606375329959238e-05,False
2020-01-21 05:49:17.789664+00:00,0.00013242615066792266,False
2020-01-21 11:26:35.076768+00:00,-5.119823644120039e-06,False
2020-01-22 04:18:26.942400+00:00,8.32314416263625e-05,False
2020-01-22 11:48:09.992448+00:00,-1.5440477424511513e-05,False
2020-01-23 08:24:53.384832+00:00,4.282008092289206e-05,False
2020-01-23 12:09:44.910720+00:00,6.508853558175481e-07,False
2020-01-24 10:38:54.060864+00:00,-5.627600718241058e-05,False
2020-01-24 12:31:19.823808+00:00,1.4333520870255093e-05,False
2020-01-25 11:00:28.972224+00:00,-1.6142107645531617e-05,False
2020-01-26 09:29:38.118912+00:00,-8.928729867579163e-05,False
2020-01-26 18:51:46.928448+00:00,-4.5643142482557704e-05,False
2020-01-27 06:06:21.495744+00:00,-0.0001139430228206427,False
2020-01-27 19:13:21.824256+00:00,2.2359595806532428e-05,False
2020-01-27 21:05:47.583744+00:00,-1.0325326293485722e-05,False
2020-01-28 12:05:13.671744+00:00,-3.7269287850811816e-05,False
2020-01-28 19:34:56.712288+00:00,-1.64782038106168e-05,False
2020-01-28 21:27:22.472640+00:00,1.7700255271271843e-05,False
2020-01-29 10:34:22.798560+00:00,5.45612847613683e-07,False
2020-01-30 03:26:14.640864+00:00,-7.232627590624376e-05,False
2020-01-30 10:55:57.678816+00:00,-3.2079050542131755e-05,False
2020-01-31 09:25:06.795264+00:00,6.143780335459754e-05,False
2020-01-31 11:17:32.555616+00:00,6.2242162732883695e-06,False
2020-01-31 16:54:49.834080+00:00,2.059535641538294e-06,False
2020-02-01 04:09:24.393600+00:00,0.00011376424280545237,False
2020-02-01 09:46:41.672928+00:00,2.592521539054342e-05,False
2020-02-02 04:30:59.273856+00:00,0.0001697056767578881,False
2020-02-02 15:45:33.835104+00:00,0.00011666740192918561,False
2020-02-02 19:30:25.354080+00:00,7.549367516783263e-05,False
2020-02-03 04:52:34.153248+00:00,-7.257137961607102e-05,False
2020-02-03 23:36:51.748992+00:00,1.8016570358575865e-05,False
2020-02-04 08:59:00.546432+00:00,-1.496269375077701e-05,False
2020-02-05 01:50:52.386144+00:00,1.547108069921378e-05,False
2020-02-05 03:43:18.145632+00:00,-3.856928232091541e-05,False
2020-02-05 09:20:35.424960+00:00,3.808659078433927e-05,False
2020-02-06 04:04:53.021568+00:00,-7.100887714330559e-05,False
2020-02-06 05:57:18.781920+00:00,8.225259408067618e-05,False
2020-02-06 22:49:10.615584+00:00,6.477550801951062e-05,False
2020-02-07 04:26:27.891456+00:00,-5.1468061574372536e-05,False
2020-02-07 10:03:45.167328+00:00,-2.5552618645285216e-05,False
2020-02-07 19:25:53.958720+00:00,-1.077358822359627e-05,False
2020-02-08 08:32:54.265632+00:00,-0.00011624662534102554,False
2020-02-08 16:02:37.298400+00:00,-3.961106662865071e-05,False
2020-02-09 05:09:37.600992+00:00,-0.00016121687808497387,False
2020-02-09 08:54:29.115648+00:00,-1.1543281449341153e-05,False
2020-02-09 16:24:12.144960+00:00,-4.390844878798582e-05,False
2020-02-10 01:46:20.931168+00:00,-1.2110571822850942e-05,False
2020-02-10 20:30:38.494944+00:00,-0.00014045480060483878,False
2020-02-10 22:23:04.251840+00:00,-6.522842265705724e-06,False
2020-02-11 13:22:30.302688+00:00,-0.00011155688985369006,False
2020-02-11 15:14:56.058720+00:00,6.087548930294589e-06,False
2020-02-11 20:52:13.326816+00:00,3.330631594363225e-05,False
2020-02-12 13:44:05.131104+00:00,-0.00010131420047617136,False
2020-02-12 21:13:48.153504+00:00,2.7213664718768267e-05,False
2020-02-13 02:51:05.422464+00:00,4.5750624456825734e-05,False
2020-02-13 08:28:22.687104+00:00,-6.523954026564665e-05,False
2020-02-13 21:35:22.977600+00:00,7.884410959088708e-05,False
2020-02-14 03:12:40.245696+00:00,2.5969374108542866e-05,False
2020-02-14 14:27:14.781888+00:00,4.295296291135019e-05,False
2020-02-14 20:04:32.049120+00:00,5.799963582540753e-05,False
2020-02-15 03:34:15.074112+00:00,4.412349840178488e-05,False
2020-02-15 07:19:06.586176+00:00,1.3136293126382018e-05,False
2020-02-15 22:18:32.637024+00:00,0.0001062856799662819,False
2020-02-16 07:40:41.416320+00:00,1.7108284901757242e-07,False
2020-02-16 13:17:58.684416+00:00,1.192278911036122e-05,False
2020-02-16 18:55:15.950784+00:00,9.892648104574444e-05,False
2020-02-17 06:09:50.486976+00:00,9.016183491345054e-05,False
2020-02-17 17:24:25.022304+00:00,4.7767590713093124e-05,False
2020-02-18 14:01:08.336928+00:00,6.039299049217237e-05,False
2020-02-18 17:45:59.848128+00:00,4.888106951399014e-05,False
2020-02-18 21:30:51.359328+00:00,-3.984232251204162e-05,False
2020-02-19 14:22:43.155840+00:00,-2.2929977117382757e-05,False
2020-02-19 20:00:00.421344+00:00,5.9334200226309225e-05,False
2020-02-19 21:52:26.177376+00:00,1.8427754653551663e-05,False
2020-02-20 12:51:52.214400+00:00,-2.4522036088090043e-05,False
2020-02-20 22:14:00.987648+00:00,5.277537854633991e-05,False
2020-02-21 03:51:18.248832+00:00,-6.350644960293593e-05,False
2020-02-21 13:13:27.022080+00:00,3.973248983683928e-06,False
2020-02-21 18:50:44.284992+00:00,5.631578490783603e-05,False
2020-02-22 04:12:53.054784+00:00,-5.783123473729442e-05,False
2020-02-22 13:35:01.824576+00:00,-3.203194070337196e-06,False
2020-02-22 21:04:44.840064+00:00,6.721162058730879e-05,False
2020-02-23 04:34:27.853824+00:00,2.489738789728725e-05,False
2020-02-23 12:04:10.868448+00:00,-2.104951895447955e-06,False
2020-02-23 21:26:19.636512+00:00,5.917984855003563e-05,False
2020-02-24 04:56:02.648544+00:00,1.7539205677502478e-05,False
2020-02-24 12:25:45.660576+00:00,-3.749022453377331e-05,False
2020-02-24 21:47:54.429504+00:00,5.166424785684304e-05,False
2020-02-25 12:47:20.460480+00:00,0.0001740538446274736,False
2020-02-25 18:24:37.719936+00:00,-2.1445912324561935e-06,False
2020-02-26 09:24:03.749184+00:00,0.00011012303456861102,False
2020-02-26 18:46:12.519840+00:00,0.00021049213133586352,False
2020-02-27 06:00:47.046528+00:00,0.0002036000032782445,False
2020-02-27 19:07:47.326656+00:00,7.105429289989888e-05,False
2020-02-28 08:14:47.609376+00:00,0.00012095287080107149,False
2020-02-28 21:21:47.889504+00:00,1.93598060741691e-05,False
2020-02-29 01:06:39.397248+00:00,-2.0048589863477665e-05,False
2020-02-29 14:13:39.674784+00:00,-3.3582996844887754e-05,False
2020-02-29 21:43:22.692864+00:00,0.00013622850448509753,False
2020-03-01 03:20:39.954048+00:00,4.938841190083194e-05,False
2020-03-01 12:42:48.723840+00:00,6.796286870875098e-06,False
2020-03-01 22:04:57.497088+00:00,0.0001731709978175989,False
2020-03-02 03:42:14.756544+00:00,-9.840516486090073e-05,False
2020-03-02 13:04:23.524608+00:00,-1.6815355002663653e-05,False
2020-03-02 20:34:06.540960+00:00,3.730265293762746e-05,False
2020-03-03 04:03:49.553856+00:00,-8.958002316982975e-05,False
2020-03-03 13:25:58.319328+00:00,-3.9817962913393107e-05,False
2020-03-03 20:55:41.334816+00:00,0.0001822019424613749,False
2020-03-04 11:55:07.356288+00:00,4.385320774297121e-05,False
2020-03-04 13:47:33.108000+00:00,-4.74563611657961e-05,False
2020-03-04 17:32:24.614016+00:00,-0.00010720794118396378,False
2020-03-04 17:32:24.614880+00:00,4.01575801772116e-05,False
2020-03-05 08:31:50.638944+00:00,0.00022526294072743288,False
2020-03-06 03:16:08.165568+00:00,8.984034984364932e-05,False
2020-03-06 10:45:51.175008+00:00,7.362445895630301e-05,False
2020-03-06 22:00:25.693056+00:00,0.00010609559595056496,False
2020-03-07 11:07:25.957632+00:00,6.237037278060374e-05,False
2020-03-07 12:59:51.708480+00:00,-7.923136660358595e-05,False
2020-03-08 02:06:51.980832+00:00,0.0003338838115833798,False
2020-03-08 18:58:43.756608+00:00,0.0001572413444861902,False
2020-03-09 06:13:18.273792+00:00,7.012404231915143e-05,False
2020-03-09 13:43:01.284096+00:00,-0.00016662841756952742,False
2020-03-09 17:27:52.793568+00:00,0.00016724065937616235,False
2020-03-10 04:42:27.313344+00:00,0.00019088121634300436,False
2020-03-10 10:19:44.571072+00:00,-3.4670922038044025e-05,False
2020-03-10 17:49:27.588288+00:00,0.00015413187549705756,False
2020-03-13 20:46:38.023104+00:00,0.01029038898712242,False
2020-03-14 04:16:21.084384+00:00,4.9134637998696104e-05,False
2020-03-14 09:53:38.380128+00:00,4.6589208098560415e-05,False
2020-03-14 21:08:12.973344+00:00,0.00010765456281395296,False
2020-03-15 17:44:56.408064+00:00,-2.4827814497550295e-05,False
2020-03-15 21:29:47.938272+00:00,8.274879348839278e-08,False
2020-03-16 03:07:05.234016+00:00,-7.297508970110791e-05,False
2020-03-16 10:36:48.291840+00:00,-9.534428312792712e-05,False
2020-03-16 21:51:22.882464+00:00,0.00012866160471031166,False
2020-03-17 12:50:48.998976+00:00,6.680690749257258e-05,False
2020-03-17 22:12:57.823200+00:00,0.00011500154750444616,False
2020-03-18 03:50:15.117216+00:00,2.3750495866054043e-05,False
2020-03-18 18:49:41.233728+00:00,4.966581598899212e-05,False
2020-03-19 11:41:33.114048+00:00,-6.333458668462174e-06,False
2020-03-19 19:11:16.175328+00:00,0.00020537533417552503,False
2020-03-20 12:03:08.054784+00:00,-4.1991900077816355e-05,False
2020-03-20 17:40:25.350528+00:00,0.0001627864352738822,False
2020-03-21 04:54:59.935968+00:00,-7.678602784665575e-05,False
2020-03-21 12:24:42.993792+00:00,0.00010960375854743309,False
2020-03-21 18:02:00.290400+00:00,0.0001713108800188378,False
2020-03-22 10:53:52.171584+00:00,-0.00010576544614998226,False
2020-03-22 12:46:17.936256+00:00,-4.612171369852152e-05,False
2020-03-23 18:45:10.177056+00:00,0.00040812867958122084,False
2020-03-24 13:29:27.819456+00:00,-0.00019177921335696688,False
2020-03-24 19:06:45.116064+00:00,0.00019591758297005427,False
2020-03-24 20:59:10.879872+00:00,3.8778381595779776e-05,False
2020-03-24 22:51:36.644544+00:00,-4.1485271848190877e-05,False
2020-03-26 02:58:03.118080+00:00,0.00039555176755778145,False
2020-03-26 19:49:54.994944+00:00,1.493578756466533e-06,False
2020-03-27 10:49:21.106272+00:00,0.00012119637326259565,False
2020-03-27 12:41:46.851072+00:00,-9.949930417295897e-06,False
2020-03-27 14:34:12.633888+00:00,-4.604739103955539e-05,False
2020-03-28 01:48:47.218464+00:00,0.00020483928549976148,False
2020-03-28 13:03:21.799584+00:00,-5.364017600073412e-05,False
2020-03-28 18:40:39.079776+00:00,0.00043271531887120534,False
2020-03-29 07:47:39.435936+00:00,-0.00029026723944067397,False
2020-03-29 11:32:30.960960+00:00,-0.00011210861703312807,False
2020-03-29 17:09:48.253248+00:00,0.0002158998309771007,False
2020-03-29 20:54:39.778272+00:00,-4.275961996894608e-05,False
2020-03-30 17:31:23.172384+00:00,0.0001679692075211536,False
2020-03-30 19:23:48.935328+00:00,2.2716716934654066e-05,False
2020-03-30 21:16:14.698272+00:00,-9.208356131140461e-06,False
2020-03-31 19:45:23.871744+00:00,0.000512458904481536,False
2020-04-01 01:22:41.160576+00:00,3.657329864096092e-05,False
2020-04-01 05:07:32.689056+00:00,-5.876178853746386e-05,False
2020-04-01 21:59:24.540000+00:00,-0.00015441936049891364,False
2020-04-02 07:21:33.355584+00:00,8.164432208786845e-05,False
2020-04-02 20:28:33.699648+00:00,0.0001093975694317519,False
2020-04-03 09:35:34.043712+00:00,0.00027953232293111347,False
2020-04-03 13:20:25.570464+00:00,-2.7654816339331247e-05,False
2020-04-03 20:50:08.623968+00:00,8.709646962716186e-05,False
2020-04-04 04:19:51.690432+00:00,1.1209776599745632e-05,False
2020-04-04 09:57:08.968896+00:00,1.925042734333877e-05,False
2020-04-04 19:19:17.788800+00:00,0.00011666941449140335,False
2020-04-05 08:26:18.131136+00:00,-6.133659650494098e-05,False
2020-04-05 19:40:52.713120+00:00,0.00019182272282406457,False
2020-04-05 21:33:18.476064+00:00,6.9234074267255745e-06,False
2020-04-06 12:32:44.581344+00:00,0.00011675339059146698,False
2020-04-06 20:02:27.633120+00:00,7.115153890730638e-05,False
2020-04-07 01:39:44.909856+00:00,0.0001373210094237223,False
2020-04-07 11:01:53.737536+00:00,-7.20137520115878e-05,False
2020-04-07 12:54:19.502208+00:00,9.474282594173252e-05,False
2020-04-07 20:24:02.553120+00:00,-5.341063133512604e-05,False
2020-04-08 11:23:28.652352+00:00,-4.324181871934827e-05,False
2020-04-08 13:15:54.416160+00:00,1.4507149434786938e-05,False
2020-04-08 20:45:37.463616+00:00,-1.2644740666277167e-05,False
2020-04-09 11:45:03.561120+00:00,0.00018165199428690396,False
2020-04-09 19:14:46.608576+00:00,6.311713670707325e-05,False
2020-04-10 04:36:55.415520+00:00,2.2600958812204783e-05,False
2020-04-10 17:43:55.748352+00:00,0.0001465029022752332,False
2020-04-10 19:36:21.510432+00:00,2.7120120493610608e-05,False
2020-04-11 04:58:30.317376+00:00,-3.3650622472468906e-05,False
2020-04-11 18:05:30.649344+00:00,0.00013071086506890768,False
2020-04-11 19:57:56.411424+00:00,7.181712971291568e-06,False
2020-04-12 12:49:48.264096+00:00,6.0656960642623795e-05,False
2020-04-12 16:34:39.785664+00:00,4.579525003304783e-05,False
2020-04-12 22:11:57.073632+00:00,0.00024227943944928336,False
2020-04-13 18:48:40.450464+00:00,0.00018737478945186312,False
2020-04-14 04:10:49.283328+00:00,0.0002880951849136403,False
2020-04-14 13:32:58.070400+00:00,-0.000179550150646663,False
2020-04-14 21:02:41.119584+00:00,9.695419966560933e-05,False
2020-04-15 04:32:24.167904+00:00,0.00014845606562095224,False
2020-04-15 12:02:07.217952+00:00,4.67608576107658e-05,False
2020-04-15 19:31:50.266272+00:00,0.0001169788534380656,False
2020-04-16 08:38:50.612064+00:00,6.879832922739972e-05,False
2020-04-16 12:23:42.124992+00:00,-2.5111262712536225e-06,False
2020-04-16 19:53:25.173312+00:00,0.00010938161201366245,False
2020-04-17 12:45:17.038080+00:00,0.00026370095196728903,False
2020-04-17 16:30:08.562240+00:00,2.2472367165337045e-05,False
2020-04-18 11:14:26.186496+00:00,0.00012725402554634364,False
2020-04-18 13:06:51.948576+00:00,3.124058680523591e-05,False
2020-04-18 18:44:09.233952+00:00,3.439852734259542e-05,False
2020-04-19 04:06:18.029664+00:00,0.00018884699513674238,False
2020-04-19 09:43:35.315040+00:00,-4.321795438736574e-05,False
2020-04-19 15:20:52.613376+00:00,-7.46899433691775e-05,False
2020-04-20 02:35:27.182400+00:00,0.00014110556007936796,False
2020-04-20 10:05:10.230720+00:00,3.609704569759994e-05,False
2020-04-21 02:57:02.071296+00:00,0.0003804592891174563,False
2020-04-21 17:56:28.175712+00:00,-0.0001498522226871105,False
2020-04-21 19:48:53.930016+00:00,0.00034512940719960217,False
2020-04-22 12:40:45.788736+00:00,-0.00020634020105222945,False
2020-04-22 18:18:03.071520+00:00,3.515896172583506e-05,False
2020-04-22 20:10:28.833600+00:00,5.591660074144819e-05,False
2020-04-23 05:32:37.637088+00:00,9.38608773525266e-05,False
2020-04-23 13:02:20.678496+00:00,1.770386374829182e-05,False
2020-04-23 18:39:37.962144+00:00,0.00010005385793924548,False
2020-04-23 20:32:03.735456+00:00,0.00036928912628424247,False
2020-04-24 09:39:04.049280+00:00,-0.0002803718955063859,False
2020-04-24 19:01:12.857088+00:00,0.0001755957000786067,False
2020-04-25 13:45:30.467520+00:00,0.0001255405219843162,False
2020-04-25 21:15:13.514112+00:00,0.00016849737538262606,False
2020-04-26 02:52:30.798624+00:00,0.00013978909290184136,False
2020-04-26 10:22:13.846944+00:00,8.7258578521881e-05,False
2020-04-26 14:07:05.369376+00:00,5.596788358680201e-05,False
2020-04-26 19:44:22.654752+00:00,4.860127006653824e-05,False
2020-04-27 10:43:48.750528+00:00,0.00020760555988079795,False
2020-04-27 20:05:57.563520+00:00,8.876616564656725e-05,False
2020-04-28 05:28:06.375648+00:00,0.00017649644997108757,False
2020-04-28 11:05:23.665344+00:00,0.00010410054165505239,False
2020-04-28 18:35:06.714528+00:00,2.1162707658908657e-05,False
2020-04-28 20:27:32.476608+00:00,-3.852933982426453e-06,False
2020-04-29 05:49:41.294784+00:00,0.00025286325076646064,False
2020-04-29 18:56:41.621568+00:00,-5.08132183152948e-05,False
2020-04-30 04:18:50.431968+00:00,9.700842872617571e-05,False
2020-04-30 21:10:42.294144+00:00,0.00011060350505306732,False
2020-05-01 04:40:25.344192+00:00,0.00017344204301905953,False
2020-05-01 10:17:42.632160+00:00,1.2700990733703529e-05,False
2020-05-01 19:39:51.443424+00:00,1.7951522074412542e-05,False
2020-05-02 10:39:17.537472+00:00,0.00013860464744562258,False
2020-05-02 12:31:43.298688+00:00,4.0595473309850555e-05,False
2020-05-02 21:53:52.107360+00:00,2.183024889286003e-05,False
2020-05-03 05:23:35.153952+00:00,7.34733703170109e-05,False
2020-05-03 20:23:01.248864+00:00,0.00013570026595409497,False
2020-05-03 22:15:27.010080+00:00,3.6373494222774954e-05,False
2020-05-04 13:14:53.104128+00:00,0.00022796821814203725,False
2020-05-04 20:44:36.151584+00:00,-3.850610498027557e-05,False
2020-05-05 04:14:19.198176+00:00,0.00016588409760445573,False
2020-05-05 21:06:11.049984+00:00,2.378390950922722e-05,False
2020-05-06 04:35:54.097440+00:00,0.00017827438624295523,False
2020-05-06 10:13:11.381088+00:00,9.364426541307302e-05,False
2020-05-06 17:42:54.428544+00:00,7.394981318135817e-05,False
2020-05-07 01:12:37.474272+00:00,2.1300786126084005e-05,False
2020-05-07 19:56:55.120992+00:00,0.000598261714379116,False
2020-05-08 05:19:03.910656+00:00,-0.00017892184133013828,False
2020-05-08 20:18:30.010752+00:00,0.0002475739729847033,False
2020-05-09 03:48:13.060800+00:00,0.00010165279097028013,False
2020-05-09 13:10:21.873792+00:00,0.0001624145635280634,False
2020-05-09 22:32:30.685920+00:00,9.135757283654824e-06,False
2020-05-10 09:47:05.264448+00:00,0.00021055413496744968,False
2020-05-10 13:31:56.790336+00:00,0.000132965425167779,False
2020-05-10 21:01:39.840384+00:00,-4.3705734216380215e-05,False
2020-05-11 12:01:05.947392+00:00,0.0002226772886385217,False
2020-05-11 13:53:31.710336+00:00,5.6304088391884464e-05,False
2020-05-11 21:23:14.761248+00:00,5.226950001861028e-05,False
2020-05-12 04:52:57.815616+00:00,0.00015728199418313214,False
2020-05-12 17:59:58.149312+00:00,0.00018095459282608655,False
2020-05-12 21:44:49.676928+00:00,-0.0001606943979957357,False
2020-05-13 12:44:15.776160+00:00,0.00037770293846268305,False
2020-05-13 18:21:33.072768+00:00,-4.083847658820229e-05,False
2020-05-13 22:06:24.594336+00:00,-0.00015686904104501398,False
2020-05-14 05:36:07.649568+00:00,0.00023292016508451476,False
2020-05-14 22:27:59.511744+00:00,3.4088603436203474e-05,False
2020-05-15 09:42:34.088544+00:00,0.00016775224708497516,False
2020-05-15 13:27:25.612704+00:00,-8.350836883649145e-07,False
2020-05-15 20:57:08.659296+00:00,-2.179527187697535e-05,False
2020-05-16 10:04:08.998176+00:00,0.0002550611239885419,False
2020-05-16 13:49:00.523200+00:00,4.703282496320049e-05,False
2020-05-16 19:26:17.811168+00:00,7.431601308106959e-05,False
2020-05-17 04:48:26.624160+00:00,9.452122839520184e-05,False
2020-05-17 10:25:43.910400+00:00,6.664785055618611e-05,False
2020-05-17 17:55:26.961312+00:00,-1.4989884735366784e-05,False
2020-05-18 12:39:44.586432+00:00,0.00019437870298614967,False
2020-05-18 20:09:27.634752+00:00,8.268895642915054e-06,False
2020-05-18 22:01:53.395968+00:00,7.378129303980012e-06,False
2020-05-19 13:01:19.501248+00:00,0.00039132973457741023,False
2020-05-19 20:31:02.550432+00:00,-1.6528516333575737e-05,False
2020-05-20 02:08:19.838400+00:00,-6.36831211547978e-06,False
2020-05-20 09:38:02.890176+00:00,0.00012875928255812408,False
2020-05-20 17:07:45.942816+00:00,1.4916109193969843e-05,False
2020-05-21 04:22:20.523072+00:00,0.00014643158928090492,False
2020-05-21 09:59:37.812768+00:00,0.0001652995695776705,False
2020-05-21 21:14:12.391296+00:00,-5.293326023567024e-05,False
2020-05-22 02:51:29.685312+00:00,0.00033419026105777885,False
2020-05-22 08:28:46.975008+00:00,4.02411113335187e-05,False
2020-05-22 19:43:21.549216+00:00,-6.586762070762264e-05,False
2020-05-23 06:57:56.130336+00:00,0.00023704776624051678,False
2020-05-23 18:12:30.709728+00:00,3.308902019251016e-05,False
2020-05-24 16:41:39.871104+00:00,0.00017199673404622853,False
2020-05-25 00:11:22.922880+00:00,9.335947985243331e-05,False
2020-05-26 09:55:06.651552+00:00,0.0002450563105983767,False
2020-05-26 21:09:41.224896+00:00,-0.00013893077204663764,False
2020-05-27 10:16:41.563776+00:00,0.00015739377717338416,False
2020-05-27 12:09:07.327584+00:00,3.3470544618418685e-05,False
2020-05-27 17:46:24.614688+00:00,-4.011058826364194e-05,False
2020-05-28 20:00:25.283808+00:00,-0.00012812947549999804,False
2020-05-29 10:59:51.378720+00:00,0.00010362755859197006,False
2020-05-29 18:29:34.422720+00:00,-7.264426476276671e-05,False
2020-05-30 03:51:43.236576+00:00,0.00024408263498561778,False
2020-05-30 09:29:00.519360+00:00,-1.3219747300258414e-05,False
2020-05-30 20:43:35.088384+00:00,2.49874142312839e-05,False
2020-05-31 13:35:26.942784+00:00,-0.00010867813471453241,False
2020-05-31 19:12:44.224704+00:00,2.988796999590555e-05,False
2020-06-01 08:19:44.555808+00:00,7.039871601905351e-05,False
2020-06-01 21:26:44.886912+00:00,0.0002236626756877738,False
2020-06-02 10:33:45.212832+00:00,-0.00016900793303105453,False
2020-06-02 14:18:36.736128+00:00,1.1881630646848047e-05,False
2020-06-02 19:55:54.018912+00:00,8.128096308390132e-05,False
2020-06-03 14:40:11.634528+00:00,5.830654845898062e-05,False
2020-06-03 18:25:03.152640+00:00,-0.0001245145203786983,False
2020-06-04 11:16:55.000992+00:00,8.523905647684753e-05,False
2020-06-04 18:46:38.040672+00:00,7.01184416370437e-06,False
2020-06-04 20:39:03.802752+00:00,5.235913463072459e-05,False
2020-06-05 07:53:38.364000+00:00,-0.00013260939244239158,False
2020-06-05 13:30:55.644192+00:00,-8.636092325155581e-05,False
2020-06-05 17:15:47.163168+00:00,-1.04322466858982e-06,False
2020-06-06 10:07:39.008064+00:00,0.00020632867967161438,False
2020-06-06 12:00:04.768416+00:00,-2.0982328310376705e-05,False
2020-06-06 19:29:47.804640+00:00,-0.00018319934634025567,False
2020-06-07 14:14:05.397792+00:00,-0.00023945043087195361,False
2020-06-07 19:51:22.678848+00:00,0.000323335928396141,False
2020-06-08 07:05:57.234048+00:00,0.0001328823799169779,False
2020-06-08 22:05:23.309952+00:00,0.00012043421481278375,False
2020-06-09 09:19:57.861696+00:00,-0.00013040656042157737,False
2020-06-09 13:04:49.379808+00:00,-0.00018774050900712756,False
2020-06-09 20:34:32.415168+00:00,0.0002488181009183565,False
2020-06-10 05:56:41.210880+00:00,9.550491002974993e-05,False
2020-06-10 19:03:41.519520+00:00,-0.0002634654187116532,False
2020-06-11 06:18:16.072992+00:00,0.00016585181723495967,False
2020-06-11 15:40:24.864384+00:00,-7.218357064736635e-07,False
2020-06-11 21:17:42.142848+00:00,0.0001808599810793724,False
2020-06-12 08:32:16.692864+00:00,-0.00015343938033791717,False
2020-06-12 19:46:51.246336+00:00,0.00019022478648032982,False
2020-06-13 12:38:43.073952+00:00,-8.001130467829442e-05,False
2020-06-13 14:31:08.832576+00:00,-1.408103045564584e-05,False
2020-06-13 20:08:26.112768+00:00,0.00023988237846221363,False
2020-06-14 05:30:34.904160+00:00,-6.83507682161914e-05,False
2020-06-14 16:45:09.452448+00:00,-8.137094764740441e-05,False
2020-06-14 20:30:00.970560+00:00,5.687053143988022e-05,False
2020-06-15 09:37:01.280928+00:00,0.00013866264737120776,False
2020-06-15 13:21:52.797312+00:00,-7.31438565405246e-05,False
2020-06-15 20:51:35.828352+00:00,-7.720044135757448e-06,False
2020-06-16 04:21:18.862848+00:00,0.00017301827766820293,False
2020-06-16 06:13:44.621472+00:00,-3.8568628730506156e-05,False
2020-06-16 21:13:10.687872+00:00,1.3977491147735551e-05,False
2020-06-17 08:27:45.234432+00:00,-3.7453457588068384e-05,False
2020-06-17 14:05:02.505120+00:00,-6.821350677686919e-05,False
2020-06-17 19:42:19.777536+00:00,4.587866748587633e-05,False
2020-06-18 08:49:20.077536+00:00,-8.065921479135835e-05,False
2020-06-18 14:26:37.347360+00:00,-3.882252521921018e-06,False
2020-06-18 21:56:20.378400+00:00,4.73972407762721e-05,False
2020-06-19 12:55:46.435296+00:00,2.742679202957572e-05,False
2020-06-19 18:33:03.705984+00:00,5.7050183390596855e-05,False
2020-06-19 20:25:29.463744+00:00,2.588987953579691e-05,False
2020-06-20 03:55:12.491328+00:00,6.271278479733669e-05,False
2020-06-20 11:24:55.520640+00:00,4.0939862726252175e-05,False
2020-06-20 20:47:04.303392+00:00,5.168229963606952e-05,False
2020-06-21 09:54:04.599936+00:00,-3.490581948425452e-05,False
2020-06-21 13:38:56.111136+00:00,-9.633372539632986e-06,False
2020-06-21 21:08:39.139584+00:00,7.831140141201291e-05,False
2020-06-22 04:38:22.165440+00:00,6.604251097522666e-05,False
2020-06-22 10:15:39.437856+00:00,-9.076445660140857e-06,False
2020-06-22 21:30:13.979232+00:00,0.00011264664226710059,False
2020-06-23 04:59:57.005088+00:00,1.3032332940699322e-05,False
2020-06-23 10:37:14.277504+00:00,4.322002195835206e-05,False
2020-06-23 16:14:31.543872+00:00,-8.092772100482464e-05,False
2020-06-24 10:58:49.113696+00:00,0.00018063408887070847,False
2020-06-24 14:43:40.624896+00:00,-1.3881872068728623e-05,False
2020-06-24 20:20:57.895584+00:00,-2.3950467402785542e-05,False
2020-06-25 13:12:49.704192+00:00,4.166382013198939e-05,False
2020-06-25 18:50:06.975744+00:00,-1.2455459177614865e-05,False
2020-06-26 11:41:58.789536+00:00,0.00024239326689411462,False
2020-06-26 13:34:24.542976+00:00,-0.0001033549702274996,False
2020-06-26 21:04:07.571424+00:00,-7.181898683491052e-06,False
2020-06-27 02:41:24.840384+00:00,4.764004776659119e-05,False
2020-06-27 19:33:16.648992+00:00,0.00011310694025834338,False
2020-06-27 21:25:42.405024+00:00,1.3376952305456447e-05,False
2020-06-28 03:02:59.672256+00:00,-4.119875016050838e-05,False
2020-06-28 19:54:51.476544+00:00,2.4457592156082062e-05,False
2020-06-28 21:47:17.232576+00:00,-1.0826778282136172e-05,False
2020-06-29 03:24:34.499808+00:00,-8.303260800365521e-07,False
2020-06-30 01:53:43.571328+00:00,-4.545368300849057e-05,False
2020-06-30 13:08:18.104928+00:00,0.00011315384409818416,False
2020-06-30 20:38:01.128192+00:00,-2.8107578787175143e-05,False
2020-07-01 02:15:18.394560+00:00,5.9200683435272326e-05,False
2020-07-01 13:29:52.927296+00:00,0.00010860302877572527,False
2020-07-01 20:59:35.950560+00:00,-2.0240788108187884e-05,False
2020-07-02 02:36:53.216928+00:00,6.287208466187363e-05,False
2020-07-02 04:29:18.972960+00:00,3.295903919884126e-05,False
2020-07-02 21:21:10.772064+00:00,1.1225244400821645e-05,False
2020-07-03 04:50:53.794464+00:00,3.880288757825431e-05,False
2020-07-03 10:28:11.059968+00:00,1.8235615423915602e-05,False
2020-07-03 21:42:45.590976+00:00,-7.545992641436523e-05,False
2020-07-04 10:49:45.876288+00:00,0.0001330056678104429,False
2020-07-04 12:42:11.629728+00:00,-7.967511657400906e-05,False
2020-07-04 20:11:54.654720+00:00,0.00016814261372708681,False
2020-07-05 09:18:54.941760+00:00,1.6616986031345798e-05,False
2020-07-05 13:03:46.450368+00:00,-6.71916727126771e-05,False
2020-07-05 22:25:55.232256+00:00,0.00012841811108356557,False
2020-07-06 09:40:29.765856+00:00,3.1146568585315606e-05,False
2020-07-06 13:25:21.274464+00:00,-1.871543307600737e-05,False
2020-07-06 20:55:04.297728+00:00,-2.537140103183285e-05,False
2020-07-07 10:02:04.584768+00:00,4.810061548905819e-05,False
2020-07-07 13:46:56.095104+00:00,4.877929439975166e-06,False
2020-07-07 21:16:39.115776+00:00,-1.311036082035477e-05,False
2020-07-08 12:16:05.155392+00:00,-1.2193598009639824e-05,False
2020-07-08 14:08:30.911424+00:00,1.6546450182885873e-05,False
2020-07-08 21:38:13.933824+00:00,0.0001026573464343966,False
2020-07-09 10:45:14.217408+00:00,-7.33093809095844e-05,False
2020-07-09 20:07:22.993248+00:00,-6.143972303971623e-05,False
2020-07-10 11:06:49.030272+00:00,6.754879929172285e-05,False
2020-07-10 12:59:14.784576+00:00,-6.396669534962832e-05,False
2020-07-10 20:28:57.802656+00:00,-4.222773306640758e-05,False
2020-07-11 13:20:49.587072+00:00,-6.907166898432469e-05,False
2020-07-11 20:50:32.604288+00:00,8.184679663828159e-05,False
2020-07-11 22:42:58.357728+00:00,4.372885398789614e-06,False
2020-07-12 08:05:07.127520+00:00,5.80623637572656e-06,False
2020-07-12 19:19:41.649024+00:00,-9.44780622251704e-05,False
2020-07-13 14:03:59.182560+00:00,-7.774451374535242e-05,False
2020-07-13 19:41:16.442880+00:00,2.084226078406542e-05,False
2020-07-14 03:10:59.457504+00:00,0.00014584406239892994,False
2020-07-14 14:25:33.975552+00:00,-4.732978234438218e-05,False
2020-07-14 20:02:51.234144+00:00,-5.5394800787563035e-05,False
2020-07-15 03:32:34.247040+00:00,8.094501464903409e-05,False
2020-07-15 14:47:08.766816+00:00,8.233892284394525e-07,False
2020-07-15 20:24:26.028000+00:00,4.486261316310364e-05,False
2020-07-16 03:54:09.040032+00:00,-7.544785293629882e-06,False
2020-07-16 13:16:17.803776+00:00,-0.00011601492270529923,False
2020-07-16 17:01:09.311520+00:00,4.035569156273489e-05,False
2020-07-17 09:53:01.091616+00:00,0.0002577472144432998,False
2020-07-17 13:37:52.600224+00:00,7.212358336370568e-05,False
2020-07-17 21:07:35.613984+00:00,9.280659888416897e-05,False
2020-07-18 12:07:01.638912+00:00,-1.6037353015706994e-05,False
2020-07-18 13:59:27.394944+00:00,0.00011637730937778958,False
2020-07-18 21:29:10.417344+00:00,0.00010838679451885712,False
2020-07-19 14:21:02.192256+00:00,-5.667929152196624e-05,False
2020-07-19 18:05:53.699136+00:00,0.0001565927126197811,False
2020-07-19 19:58:19.451712+00:00,-3.621827400382458e-05,False
2020-07-20 10:57:45.474048+00:00,7.976639692338402e-05,False
2020-07-20 20:19:54.249024+00:00,-2.4738443067001944e-05,False
2020-07-21 11:19:20.260992+00:00,5.513023787992051e-05,False
2020-07-21 22:33:54.791136+00:00,-4.116686627072214e-05,False
2020-07-22 13:33:20.817792+00:00,3.457171710003332e-05,False
2020-07-22 21:03:03.813408+00:00,0.0003366900767443093,False
2020-07-23 00:47:55.320288+00:00,1.1671037385886007e-05,False
2020-07-23 13:54:55.601280+00:00,-0.00032293533788625706,False
2020-07-23 21:24:38.612448+00:00,0.00025601315799017084,False
2020-07-24 10:31:38.953920+00:00,0.009089904402391298,False
2020-07-24 12:24:04.722912+00:00,-0.0005585714485843639,False
2020-07-24 21:46:13.541952+00:00,0.00016330067011617063,False
2020-07-25 05:15:56.595456+00:00,-4.4917316017382087e-05,False
2020-07-25 10:53:13.885152+00:00,5.1117446298038455e-05,False
2020-07-25 20:15:22.704192+00:00,8.659335469785392e-05,False
2020-07-26 11:14:48.812064+00:00,2.959739537461828e-05,False
2020-07-26 13:07:14.575872+00:00,7.629982807687996e-06,False
2020-07-26 20:36:57.631104+00:00,4.675897373829042e-05,False
2020-07-27 11:36:23.732064+00:00,-3.482611885388055e-05,False
2020-07-27 13:28:49.495008+00:00,-2.0613366921823966e-05,False
2020-07-27 20:58:32.549376+00:00,6.699480545553597e-05,False
2020-07-28 11:57:58.654656+00:00,1.714605752352445e-05,False
2020-07-28 13:50:24.420192+00:00,6.775738931882847e-05,False
2020-07-28 19:27:41.711616+00:00,9.110342060448565e-05,False
2020-07-29 04:49:50.546208+00:00,0.00011520274578877693,False
2020-07-29 17:56:50.875584+00:00,-3.554091996049826e-05,False
2020-07-29 21:41:42.404064+00:00,3.3212379891729524e-06,False
2020-07-30 12:41:08.512800+00:00,2.0816144811095175e-05,False
2020-07-30 20:10:51.568032+00:00,0.00013089355361778305,False
2020-07-31 13:02:43.438848+00:00,-4.3910801851927066e-05,False
2020-07-31 20:32:26.493216+00:00,3.0466018707736406e-05,False
2020-08-01 02:09:43.784640+00:00,5.152124509845245e-05,False
2020-08-01 05:54:35.306208+00:00,5.1469269546251955e-05,False
2020-08-01 20:54:01.420992+00:00,4.199389411792192e-06,False
2020-08-02 04:23:44.474496+00:00,-1.306305825616341e-06,False
2020-08-02 17:30:44.814240+00:00,-3.559652053767445e-05,False
2020-08-03 12:15:02.426400+00:00,0.0001927678312304672,False
2020-08-03 14:07:28.204032+00:00,-0.0001851489885089717,False
2020-08-03 19:44:45.492000+00:00,5.517182681794779e-05,False
2020-08-04 12:36:37.353312+00:00,-3.569699515698327e-05,False
2020-08-04 21:58:46.167168+00:00,0.00011891590702142206,False
2020-08-05 12:58:12.260352+00:00,-0.0001719603308298368,False
2020-08-05 20:27:55.308672+00:00,9.105279929871415e-05,False
2020-08-06 13:19:47.162208+00:00,9.701479727238603e-05,False
2020-08-06 18:57:04.447584+00:00,2.334590025477071e-05,False
2020-08-07 04:19:13.268352+00:00,0.0005449438245039651,False
2020-08-07 13:41:22.064928+00:00,-0.00042369943326685396,False
2020-08-07 21:11:05.130528+00:00,0.0003485037818468242,False
2020-08-08 04:40:48.177984+00:00,5.544074150742962e-05,False
2020-08-08 12:10:31.209024+00:00,-0.00029090564526762904,False
2020-08-08 19:40:14.255616+00:00,7.250679733129117e-06,False
2020-08-09 05:02:23.085888+00:00,0.00029638610249800384,False
2020-08-09 10:39:40.352256+00:00,-0.00016978556529510558,False
2020-08-09 12:32:06.114336+00:00,2.7735437164018552e-05,False
2020-08-09 21:54:14.923872+00:00,0.00010785392655197172,False
2020-08-10 11:01:15.280896+00:00,0.00015493287904643312,False
2020-08-10 12:53:41.043840+00:00,3.996491761545938e-05,False
2020-08-10 20:23:24.091296+00:00,3.6710221164419304e-06,False
2020-08-11 05:45:32.899104+00:00,7.193433950237406e-05,False
2020-08-11 11:22:50.170656+00:00,-2.1004424900015208e-05,False
2020-08-11 20:44:58.985376+00:00,0.00010434139580426028,False
2020-08-12 11:44:25.084608+00:00,3.2547333382105164e-06,False
2020-08-12 13:36:50.846688+00:00,2.4008162367120343e-05,False
2020-08-12 21:06:33.896736+00:00,-3.741822209023471e-06,False
2020-08-13 04:36:16.943328+00:00,1.2185401970612421e-05,False
2020-08-13 10:13:34.232160+00:00,7.580538856417289e-05,False
2020-08-13 21:28:08.800320+00:00,0.0001894981723371396,False
2020-08-14 10:35:09.142656+00:00,-9.60311221569165e-05,False
2020-08-14 12:27:34.905600+00:00,5.2227027287321863e-05,False
2020-08-15 10:56:44.033280+00:00,0.00022680617070692082,False
2020-08-15 12:49:09.794496+00:00,-3.7698529722884674e-06,False
2020-08-15 20:18:52.859232+00:00,-0.0002075795183100385,False
2020-08-16 13:10:44.711040+00:00,8.63838605208392e-05,False
2020-08-16 18:48:01.986048+00:00,0.0004270078776531218,False
2020-08-16 20:40:27.748992+00:00,4.497366601573118e-06,False
2020-08-17 11:39:53.848224+00:00,-0.00033465350651663795,False
2020-08-17 19:09:36.895680+00:00,0.0004516541639345579,False
2020-08-17 21:02:02.657760+00:00,2.8665285731343284e-05,False
2020-08-18 12:01:28.745760+00:00,-0.00032181610399530813,False
2020-08-18 19:31:11.794944+00:00,0.00040020392038402254,False
2020-08-18 21:23:37.557888+00:00,1.6654796448686943e-05,False
2020-08-19 12:23:03.639840+00:00,-0.00024052465263723388,False
2020-08-19 19:52:46.705440+00:00,0.0003844228552321238,False
2020-08-20 03:22:29.752032+00:00,4.289128756261877e-05,False
2020-08-20 18:21:55.821024+00:00,-0.00017860703058780375,False
2020-08-21 07:28:56.152128+00:00,9.390327197345358e-05,False
2020-08-21 13:06:13.437504+00:00,6.480579498482023e-06,False
2020-08-21 20:35:56.487552+00:00,0.00014468929742656136,False
2020-08-22 09:42:56.823840+00:00,0.00011879605308114505,False
2020-08-22 11:35:22.585056+00:00,1.7125291108082087e-05,False
2020-08-22 20:57:31.396320+00:00,2.9494195787158417e-05,False
2020-08-23 10:04:31.731744+00:00,0.00015185982216153537,False
2020-08-23 11:56:57.493824+00:00,1.3251162258611318e-05,False
2020-08-23 21:19:06.306816+00:00,8.260849148094912e-05,False
2020-08-24 10:26:06.643104+00:00,0.00010476217001671076,False
2020-08-24 14:10:58.168128+00:00,-2.950906213756411e-05,False
2020-08-24 21:40:41.219904+00:00,0.00012202292610674436,False
2020-08-25 08:55:15.794112+00:00,-3.243725516983859e-05,False
2020-08-25 12:40:07.319136+00:00,1.5140527745076288e-05,False
2020-08-25 22:02:16.132128+00:00,6.757083717203046e-05,False
2020-08-26 11:09:16.466688+00:00,9.47484443315325e-05,False
2020-08-26 20:31:25.277952+00:00,8.867362612382292e-05,False
2020-08-27 05:53:34.086624+00:00,-1.2448086067697864e-05,False
2020-08-27 09:38:25.611648+00:00,-1.255446651906445e-05,False
2020-08-27 20:53:00.184128+00:00,0.00013903872532533752,False
2020-08-28 10:00:00.516960+00:00,-6.013132988840423e-05,False
2020-08-28 11:52:26.278176+00:00,5.961258855631763e-06,False
2020-08-28 21:14:35.086848+00:00,1.3547368548256215e-05,False
2020-08-29 12:14:01.176576+00:00,8.356199034595524e-05,False
2020-08-29 21:36:09.984384+00:00,7.439642018349405e-05,False
2020-08-30 12:35:36.075840+00:00,0.00014487010028732588,False
2020-08-30 21:57:44.884512+00:00,0.0001310316826741913,False
2020-08-31 12:57:10.978560+00:00,0.00011795832447248891,False
2020-08-31 18:34:28.266528+00:00,8.331056102158531e-05,False
2020-08-31 20:26:54.027744+00:00,1.4238264948932936e-05,False
2020-09-01 11:26:20.120064+00:00,5.840512591739964e-05,False
2020-09-01 18:56:03.170112+00:00,0.00011405017698735994,False
2020-09-01 20:48:28.931328+00:00,1.8370826663645816e-05,False
2020-09-02 09:55:29.265888+00:00,0.00014525159004950236,False
2020-09-02 11:47:55.027968+00:00,3.87461672353535e-05,False
2020-09-02 21:10:03.840096+00:00,0.00011290448145428283,False
2020-09-03 12:09:29.941920+00:00,0.00014892549230466288,False
2020-09-03 15:54:21.469536+00:00,6.157979604946382e-05,False
2020-09-03 21:31:38.756640+00:00,7.997058442815756e-05,False
2020-09-04 10:38:39.097248+00:00,4.656310966612631e-05,False
2020-09-04 21:53:13.674912+00:00,0.0001970000959939319,False
2020-09-05 11:00:14.015520+00:00,6.763157538888314e-05,False
2020-09-05 12:52:39.779328+00:00,6.317641798163064e-05,False
2020-09-05 20:22:22.834560+00:00,-8.801423848908837e-06,False
2020-09-06 05:44:31.646688+00:00,3.3834059023862554e-05,False
2020-09-06 11:21:48.934656+00:00,4.119380412390037e-05,False
2020-09-06 20:43:57.742464+00:00,-2.5516654376003014e-05,False
2020-09-07 13:35:49.620192+00:00,0.0001755062906611965,False
2020-09-07 21:05:32.670240+00:00,5.605022768029224e-05,False
2020-09-08 10:12:33.009984+00:00,0.00012175427462857436,False
2020-09-08 12:04:58.772064+00:00,2.7381224500979724e-05,False
2020-09-08 21:27:07.582464+00:00,-1.674626506637703e-05,False
2020-09-09 04:56:50.630784+00:00,-9.22251787584159e-05,False
2020-09-09 10:34:07.917024+00:00,6.200245679875303e-05,False
2020-09-09 21:48:42.490368+00:00,7.534578170639588e-05,False
2020-09-10 05:18:25.541280+00:00,2.062940222355467e-05,False
2020-09-10 14:40:34.353408+00:00,0.00011342390645752559,False
2020-09-10 20:17:51.637920+00:00,6.581413310472467e-05,False
2020-09-11 13:09:43.493184+00:00,7.824258661792705e-05,False
2020-09-11 16:54:35.019072+00:00,6.303477600381845e-05,False
2020-09-12 09:46:26.874336+00:00,0.00014247375660458706,False
2020-09-12 11:38:52.637280+00:00,5.5800563721199225e-05,False
2020-09-12 21:01:01.445088+00:00,-2.7107902401755652e-05,False
2020-09-13 04:30:44.496000+00:00,5.738425068963941e-05,False
2020-09-13 12:00:27.545184+00:00,9.114089321555864e-05,False
2020-09-13 21:22:36.357312+00:00,0.0001577761974426589,False
2020-09-14 10:29:36.697056+00:00,0.00015733369660062685,False
2020-09-14 12:22:02.460000+00:00,1.9859640234028296e-05,False
2020-09-14 19:51:45.509184+00:00,6.650204429138998e-05,False
2020-09-15 12:43:37.373088+00:00,0.00022552409404705712,False
2020-09-15 22:05:46.185216+00:00,-1.835311961374952e-05,False
2020-09-16 13:05:12.304320+00:00,0.00015858401120781432,False
2020-09-16 22:27:21.106080+00:00,-5.434805449304121e-05,False
2020-09-17 02:12:12.631968+00:00,-7.306068654963676e-05,False
2020-09-17 09:41:55.686336+00:00,0.0002926502176891331,False
2020-09-17 11:34:21.450144+00:00,3.210004587537931e-05,False
2020-09-17 20:56:30.256224+00:00,-4.14843854906272e-05,False
2020-09-18 10:03:30.602016+00:00,1.081297689241515e-05,False
2020-09-18 11:55:56.364096+00:00,-6.011897485907756e-05,False
2020-09-18 15:40:47.890848+00:00,9.619827462363877e-05,False
2020-09-19 02:55:22.464192+00:00,-7.42511299749423e-05,False
2020-09-19 12:17:31.276320+00:00,0.0001127211216187446,False
2020-09-19 21:39:40.084992+00:00,-0.00010133996729843907,False
2020-09-20 03:16:57.371232+00:00,-0.0001773782133596667,False
2020-09-20 12:39:06.181632+00:00,0.00013751288829459506,False
2020-09-20 20:08:49.224768+00:00,-5.266186867803378e-05,False
2020-09-21 03:38:32.271360+00:00,-0.00010930235547515093,False
2020-09-21 13:00:41.077440+00:00,2.157476224956141e-05,False
2020-09-21 22:22:49.880064+00:00,3.5465910657802164e-05,False
2020-09-22 04:00:07.162848+00:00,-4.015917517753201e-05,False
2020-09-22 13:22:15.966336+00:00,4.5762486245463124e-05,False
2020-09-22 22:44:24.767232+00:00,7.59792258810803e-05,False
2020-09-23 04:21:42.050016+00:00,-2.0011166388152485e-05,False
2020-09-23 13:43:50.853504+00:00,4.2564159946516285e-05,False
2020-09-23 19:21:08.133696+00:00,9.244390685285555e-05,False
2020-09-24 08:28:08.452704+00:00,-0.000151453463741852,False
2020-09-24 14:05:25.735488+00:00,4.1847306640994776e-05,False
2020-09-24 19:42:43.013088+00:00,4.842650078318335e-05,False
2020-09-25 12:34:34.852800+00:00,-2.8816080737129306e-05,False
2020-09-25 21:56:43.652832+00:00,0.00012532280340848978,False
2020-09-26 11:03:43.973568+00:00,-3.664964890423859e-05,False
2020-09-26 12:56:09.734784+00:00,4.706937103848894e-06,False
2020-09-26 20:25:52.775328+00:00,0.00012136244825425942,False
2020-09-27 09:32:53.097792+00:00,-8.482251326838615e-05,False
2020-09-27 11:25:18.858144+00:00,8.838845808107945e-06,False
2020-09-27 20:47:27.658176+00:00,0.00014249491484651377,False
2020-09-28 11:46:53.735808+00:00,-0.00014320578259905783,False
2020-09-28 13:39:19.496160+00:00,3.687201579488803e-05,False
2020-09-28 21:09:02.534112+00:00,7.766915412871584e-05,False
2020-09-29 10:16:02.853984+00:00,1.0656585825392971e-06,False
2020-09-29 12:08:28.614336+00:00,-1.9025756888121817e-05,False
2020-09-29 21:30:37.412640+00:00,0.00013888584389788803,False
2020-09-30 12:30:03.493728+00:00,8.356127860341373e-05,False
2020-09-30 21:52:12.286848+00:00,-1.3337774415903364e-05,False
2020-10-01 10:59:12.602400+00:00,-8.527107410465846e-05,False
2020-10-01 12:51:38.361024+00:00,-3.9050543189202325e-05,False
2020-10-01 20:21:21.393792+00:00,5.4690837236496094e-05,False
2020-10-02 13:13:13.220544+00:00,-6.4567754570379996e-06,False
2020-10-02 20:42:56.249856+00:00,5.5037822928597765e-05,False
2020-10-03 09:49:56.556768+00:00,-1.979781541535438e-05,False
2020-10-03 13:34:48.074016+00:00,5.079695052059855e-05,False
2020-10-03 21:04:31.104192+00:00,1.1164567420187622e-05,False
2020-10-04 12:03:57.165408+00:00,0.00011507446581870056,False
2020-10-04 21:26:05.949024+00:00,-0.00013186837850985984,False
2020-10-05 10:33:06.249888+00:00,6.4317313411125815e-06,False
2020-10-05 14:17:57.763680+00:00,6.709451669248572e-05,False
2020-10-05 21:47:40.788672+00:00,-5.6366814532726826e-05,False
2020-10-06 05:17:23.817984+00:00,4.5776851557427075e-05,False
2020-10-06 10:54:41.090400+00:00,3.403231265921082e-05,False
2020-10-06 20:16:49.876608+00:00,0.0001668490062912181,False
2020-10-07 05:38:58.661952+00:00,2.3664523402678575e-05,False
2020-10-07 11:16:15.934368+00:00,1.9869661479230625e-06,False
2020-10-07 13:08:41.691264+00:00,4.19188742680818e-05,False
2020-10-07 20:38:24.717984+00:00,5.322792092406292e-05,False
2020-10-08 13:30:16.529184+00:00,7.720157733707503e-05,False
2020-10-08 17:15:08.041248+00:00,-9.178834035542865e-06,False
2020-10-08 22:52:25.314528+00:00,8.02663949701078e-06,False
2020-10-09 10:06:59.857632+00:00,0.00010514105931830019,False
2020-10-09 11:59:25.615392+00:00,4.637172158075355e-05,False
2020-10-10 04:51:17.430912+00:00,0.00022890946240182547,False
2020-10-10 10:28:34.705056+00:00,3.160018951175976e-05,False
2020-10-10 21:43:09.245568+00:00,1.4750668870452927e-05,False
2020-10-11 10:50:09.546432+00:00,7.327247870988557e-05,False
2020-10-11 12:42:35.303328+00:00,9.874804332294615e-05,False
2020-10-11 22:04:44.084352+00:00,-9.921118923546926e-05,False
2020-10-12 09:19:18.626592+00:00,0.00010395005257225768,False
2020-10-12 13:04:10.140384+00:00,4.528348471371212e-05,False
2020-10-12 20:33:53.166240+00:00,-1.998925024730152e-05,False
2020-10-13 11:33:19.219680+00:00,6.212419502128397e-05,False
2020-10-13 13:25:44.974848+00:00,2.259217799319701e-05,False
2020-10-13 19:03:02.242944+00:00,-3.3708080378227914e-05,False
2020-10-14 10:02:28.293792+00:00,9.08515053011099e-05,False
2020-10-14 13:47:19.804128+00:00,2.1799802028786306e-05,False
2020-10-14 21:17:02.826528+00:00,-2.2763397394489303e-05,False
2020-10-15 12:16:28.870464+00:00,0.00014958833807342955,False
2020-10-15 21:38:37.648032+00:00,1.3046016979057236e-05,False
2020-10-16 12:38:03.690240+00:00,7.107732730137178e-05,False
2020-10-16 18:15:20.954880+00:00,-4.393982741374169e-05,False
2020-10-17 05:29:55.488480+00:00,0.0001440253238810095,False
2020-10-17 12:59:38.509152+00:00,0.00010667112374142556,False
2020-10-17 20:29:21.527232+00:00,1.2039021212059139e-05,False
2020-10-18 11:28:47.567712+00:00,6.194312354576738e-05,False
2020-10-18 13:21:13.322016+00:00,7.5678512483177e-05,False
2020-10-18 22:43:22.096128+00:00,4.8098201054138384e-05,False
2020-10-19 04:20:39.360768+00:00,2.3669324897177955e-05,False
2020-10-19 09:57:56.628864+00:00,7.26519197724139e-05,False
2020-10-19 21:12:31.156416+00:00,8.12975214770508e-05,False
2020-10-20 10:19:31.445184+00:00,0.00012955773279031633,False
2020-10-20 14:04:22.952928+00:00,9.996362479431525e-05,False
2020-10-20 21:34:05.976192+00:00,0.00011087272550151756,False
2020-10-21 05:03:48.996000+00:00,5.303189872746658e-05,False
2020-10-22 03:32:58.061472+00:00,0.000202813895838122,False
2020-10-22 07:17:49.574400+00:00,9.420589753818204e-06,False
2020-10-22 12:55:06.837312+00:00,-2.2779691034656682e-05,False
2020-10-22 20:24:49.860576+00:00,0.0001205500598111066,False
2020-10-23 05:46:58.640736+00:00,7.126429695876301e-05,False
2020-10-23 13:16:41.658816+00:00,-1.278266689031966e-06,False
2020-10-23 22:38:50.439840+00:00,0.00018972985997844314,False
2020-10-24 04:16:07.705344+00:00,-2.563300166104064e-05,False
2020-10-24 11:45:50.726880+00:00,0.00010834053508756319,False
2020-10-24 21:07:59.502720+00:00,2.5910999548207347e-05,False
2020-10-25 12:07:25.541472+00:00,5.229720338525363e-05,False
2020-10-25 21:29:34.318176+00:00,0.00015145990980054594,False
2020-10-26 12:29:00.354336+00:00,-3.458797796587342e-05,False
2020-10-26 14:21:26.108640+00:00,-3.54139348838819e-05,False
2020-10-26 21:51:09.130176+00:00,0.0001511673265463574,False
2020-10-27 10:58:09.412032+00:00,0.00011376339507251137,False
2020-10-27 12:50:35.164608+00:00,-1.896350646757168e-05,False
2020-10-27 20:20:18.184416+00:00,0.00020418796133968883,False
2020-10-28 11:19:44.214528+00:00,-7.696767881080663e-05,False
2020-10-28 13:12:09.967968+00:00,-6.984720628243797e-06,False
2020-10-29 13:33:44.772192+00:00,0.00016995532240527127,False
2020-10-29 15:26:10.528224+00:00,7.336258557748924e-05,False
2020-10-29 21:03:27.793728+00:00,0.000300227525350995,False
2020-10-30 04:33:10.825632+00:00,0.0007132388857053531,False
2020-10-30 10:10:28.095456+00:00,0.00046682354396308844,False
2020-10-30 19:32:36.961152+00:00,0.005796870134156764,False
2020-10-31 10:32:03.066432+00:00,-7.885406740570431e-05,False
2020-10-31 14:16:54.591456+00:00,-5.289128374954679e-06,False
2020-10-31 21:46:37.644960+00:00,0.00014953983988481506,False
2020-11-01 10:53:37.983840+00:00,8.87163231371963e-05,False
2020-11-01 14:38:29.509728+00:00,3.1004394060647736e-05,False
2020-11-01 20:15:46.799424+00:00,8.422031531968116e-05,False
2020-11-02 11:15:12.883968+00:00,-0.00017052219770389798,False
2020-11-02 15:00:04.411584+00:00,1.891399409474596e-05,False
2020-11-02 16:52:30.175392+00:00,4.9500445950242165e-05,False
2020-11-02 22:29:47.465952+00:00,0.0001607962434049647,False
2020-11-03 05:59:30.528096+00:00,0.00020426659731471932,False
2020-11-03 17:14:05.100576+00:00,-7.464378656145336e-05,False
2020-11-03 20:58:56.627328+00:00,0.00013934969684291511,False
2020-11-04 11:58:22.732608+00:00,0.00011472107131352366,False
2020-11-04 13:50:48.494688+00:00,-3.866019711032528e-05,False
2020-11-04 21:20:31.551648+00:00,0.00029468276026365487,False
2020-11-05 14:12:23.419872+00:00,-0.00010058917718121775,False
2020-11-05 19:49:40.712160+00:00,0.00011653947746458525,False
2020-11-06 10:49:06.813984+00:00,7.415535990720081e-05,False
2020-11-06 22:03:41.395104+00:00,0.00020134359800379827,False
2020-11-07 11:10:41.732256+00:00,1.2081383306389824e-05,False
2020-11-07 18:40:24.784896+00:00,9.372317327759221e-05,False
2020-11-11 01:22:26.804352+00:00,0.0004983064729173104,False
2020-11-11 16:21:52.905312+00:00,0.00013922940309348873,False
2020-11-12 07:21:19.001088+00:00,0.00016250049767966467,False
2020-11-13 13:20:11.197824+00:00,7.825243321767165e-05,False
2020-11-13 15:12:36.960768+00:00,3.711207208172548e-05,False
2020-11-14 06:12:03.059136+00:00,0.00014424026414960065,False
2020-11-14 17:26:37.634208+00:00,0.000162112709824921,False
2020-11-15 14:03:21.017952+00:00,-9.05303707190029e-05,False
2020-11-15 19:40:38.305920+00:00,0.00010617813785951773,False
2020-11-16 12:32:30.163776+00:00,8.308156023593589e-05,False
2020-11-16 18:09:47.449152+00:00,1.7041467353143248e-06,False
2020-11-17 11:01:39.304416+00:00,8.184741940928792e-05,False
2020-11-17 12:54:05.065632+00:00,-7.171954209058177e-05,False
2020-11-17 20:23:48.113952+00:00,0.00023014122135457478,False
2020-11-18 13:15:39.966624+00:00,-3.584770471623617e-05,False
2020-11-18 17:00:31.491648+00:00,8.498185905019057e-05,False
2020-11-19 02:22:40.298592+00:00,-4.329434869978879e-05,False
2020-11-19 11:44:49.103808+00:00,8.225475970083489e-05,False
2020-11-19 21:06:57.910752+00:00,0.00013298774019650039,False
2020-11-20 08:21:32.476320+00:00,6.505116183339991e-05,False
2020-11-20 13:58:49.759968+00:00,0.00012097727485815203,False
2020-11-20 21:28:32.804832+00:00,0.00015198706156017145,False
2020-11-20 23:20:58.566912+00:00,1.1891174893830584e-05,False
2020-11-21 04:58:15.848832+00:00,-1.207616912113097e-05,False
2020-11-21 21:50:07.702368+00:00,0.00046886067923397764,False
2020-11-21 23:42:33.464448+00:00,-3.016569649687602e-07,False
2020-11-22 14:41:59.547264+00:00,-0.00020645924421417247,False
2020-11-22 20:19:16.829184+00:00,3.060980322066221e-05,False
2020-11-23 11:18:42.914592+00:00,4.113635389365927e-05,False
2020-11-23 13:11:08.675808+00:00,1.1663823970807545e-05,False
2020-11-23 20:40:51.720672+00:00,0.00021051619641560245,False
2020-11-23 22:33:17.481888+00:00,1.9321463810566414e-05,False
2020-11-24 11:40:17.808672+00:00,0.00014469395610897107,False
2020-11-24 21:02:26.615616+00:00,0.00015684190840542606,False
2020-11-25 12:01:52.702752+00:00,-0.0001105006831815565,False
2020-11-25 21:24:01.509696+00:00,0.000163708862395827,False
2020-11-26 12:23:27.599424+00:00,0.00011690846794212912,False
2020-11-26 14:15:53.361504+00:00,7.126669193931484e-05,False
2020-11-26 21:45:36.405504+00:00,9.175874417078104e-05,False
2020-11-27 10:52:36.728832+00:00,3.204547366601987e-05,False
2020-11-27 14:37:28.250400+00:00,-6.261815017636829e-05,False
2020-11-27 18:22:19.771104+00:00,2.5274110660941892e-05,False
2020-11-28 11:14:11.620320+00:00,0.00010017656282339688,False
2020-11-29 11:35:46.510944+00:00,0.00014073604844796214,False
2020-11-29 13:28:12.271296+00:00,-4.579000094159951e-05,False
2020-11-29 20:57:55.313568+00:00,0.00016166773028440244,False
2020-11-30 13:49:47.153280+00:00,-2.768591831587723e-05,False
2020-11-30 19:27:04.432608+00:00,0.00011850770748431273,False
2020-12-01 12:18:56.273184+00:00,-4.563004618375068e-05,False
2020-12-01 14:11:22.033536+00:00,-5.992554558068259e-06,False
2020-12-01 21:41:05.074080+00:00,0.00016414324000370555,False
2020-12-02 08:55:39.631872+00:00,5.128118286660386e-05,False
2020-12-02 20:10:14.192256+00:00,0.00012711290617152662,False
2020-12-02 22:02:39.951744+00:00,9.616135132988144e-06,False
2020-12-03 03:39:57.226752+00:00,-3.920614714527849e-05,False
2020-12-03 11:09:40.263840+00:00,-9.332643257034373e-05,False
2020-12-03 13:02:06.023328+00:00,-1.0261559082571453e-05,False
2020-12-03 20:31:49.060416+00:00,0.00016271828675705092,False
2020-12-04 13:23:40.895808+00:00,0.0001421921226169464,False
2020-12-04 19:00:58.174272+00:00,0.00011648643308521446,False
2020-12-05 02:30:41.213088+00:00,6.523441223266254e-05,False
2020-12-05 13:45:15.770880+00:00,-5.9626270487794395e-05,False
2020-12-05 21:14:58.808832+00:00,2.8408452850318933e-05,False
2020-12-06 06:37:07.605408+00:00,0.00017461521451378882,False
2020-12-06 10:21:59.124384+00:00,1.4607213713386409e-05,False
2020-12-06 14:06:50.644224+00:00,-3.775927078391584e-05,False
2020-12-06 21:36:33.682176+00:00,6.035022639882696e-05,False
2020-12-07 06:58:42.477024+00:00,0.00010521131244153049,False
2020-12-07 12:35:59.757216+00:00,8.40015749393107e-05,False
2020-12-08 05:27:51.590880+00:00,5.9824770328096926e-05,False
2020-12-08 11:05:08.872800+00:00,5.918959941742396e-05,False
2020-12-08 16:42:26.151264+00:00,9.920365783237544e-05,False
2020-12-09 07:41:52.224576+00:00,-0.00012275442833706787,False
2020-12-09 20:48:52.540128+00:00,0.00014958548326429657,False
2020-12-10 06:11:01.335840+00:00,0.00013536441937246637,False
2020-12-10 09:55:52.854816+00:00,5.392161981170263e-05,False
2020-12-10 13:40:44.372928+00:00,2.169148455496321e-05,False
2020-12-10 21:10:27.410880+00:00,6.990250967266851e-05,False
2020-12-11 04:40:10.442784+00:00,-9.421938754216992e-05,False
2020-12-11 10:17:27.721248+00:00,5.4140950108292944e-05,False
2020-12-11 14:02:19.239360+00:00,2.9242978615498704e-05,False
2020-12-11 21:32:02.276448+00:00,4.1935537507867694e-05,False
2020-12-12 06:54:11.069568+00:00,-6.097435717987331e-06,False
2020-12-12 10:39:02.588544+00:00,5.410158536903024e-06,False
2020-12-12 21:53:37.139424+00:00,1.9310119885843254e-06,False
2020-12-13 03:30:54.413568+00:00,0.0001576635532220536,False
2020-12-13 05:23:20.173920+00:00,8.066842815893572e-05,False
2020-12-13 11:00:37.450656+00:00,-2.67429270200553e-05,False
2020-12-13 22:15:12.001536+00:00,0.000146200144972631,False
2020-12-14 11:22:12.310176+00:00,5.867541487443719e-05,False
2020-12-14 13:14:38.068800+00:00,2.83790650902954e-05,False
2020-12-15 13:36:12.933504+00:00,0.0002520770358956252,False
2020-12-15 15:28:38.692128+00:00,2.829637450965614e-05,False
2020-12-16 12:05:22.050816+00:00,0.00042714159849942176,False
2020-12-16 13:57:47.810304+00:00,5.239869796670361e-05,False
2020-12-16 19:35:05.072352+00:00,-0.00025655215363009677,False
2020-12-17 12:26:56.919840+00:00,0.00045084534137509655,False
2020-12-17 14:19:22.679328+00:00,3.219694404635061e-05,False
2020-12-17 16:11:48.439680+00:00,0.00011240000200846472,False
2020-12-18 05:18:48.746592+00:00,-0.00020478036288762989,False
2020-12-18 10:56:06.010368+00:00,-1.166662306688937e-05,False
2020-12-18 18:25:49.058688+00:00,0.00026541754214208437,False
2020-12-19 11:17:40.879392+00:00,-0.00010439937904535088,False
2020-12-19 13:10:06.637152+00:00,1.2022966768816238e-05,False
2020-12-19 20:39:49.675968+00:00,0.00011615811125559852,False
2020-12-20 11:39:15.746688+00:00,8.008005757058776e-05,False
2020-12-20 19:08:58.784640+00:00,0.00014017256380461707,False
2020-12-21 12:00:50.615712+00:00,7.137090337503153e-05,False
2020-12-21 17:38:07.895040+00:00,0.00014837643779843783,False
2020-12-22 10:29:59.723520+00:00,-0.0001578789801601702,False
2020-12-23 10:51:34.586496+00:00,0.00020210617501633353,False
2020-12-24 11:13:09.447744+00:00,0.00021004345437588212,False
2020-12-24 20:35:18.244320+00:00,0.0004562829605055251,False
2020-12-25 09:42:18.549504+00:00,-0.0004359872015598603,False
2020-12-25 13:27:10.065024+00:00,-1.2228239790378613e-05,False
2020-12-25 20:56:53.100384+00:00,0.00011872670999095854,False
2020-12-26 11:56:19.168512+00:00,0.00018585395468337048,False
2020-12-26 17:33:36.443520+00:00,3.5245696657246694e-05,False
2020-12-26 21:18:27.959904+00:00,9.562941575155814e-05,False
2020-12-27 10:25:28.270272+00:00,0.0001937525375066066,False
2020-12-28 07:02:11.613408+00:00,8.285895356855414e-05,False
2020-12-28 10:47:03.131520+00:00,4.3176412108213245e-05,False
2020-12-28 16:24:20.408256+00:00,1.9112874488866008e-05,False
2020-12-28 20:09:11.926368+00:00,-5.151055771343143e-06,False
2020-12-29 11:08:37.997088+00:00,0.00014404825935257693,False
2020-12-29 18:38:21.035040+00:00,0.00012606969118713834,False
2020-12-29 20:30:46.792800+00:00,1.1572565676836367e-05,False
2020-12-30 11:30:12.862656+00:00,0.00014351103151851835,False
2020-12-30 20:52:21.673056+00:00,0.00019741315685870237,False
2020-12-31 09:59:21.973920+00:00,-3.303911683006463e-05,False
2020-12-31 19:21:30.771360+00:00,7.720092015726007e-05,False
2020-12-31 21:13:56.528256+00:00,-5.299138517935356e-05,False
2021-01-01 10:20:56.842944+00:00,2.495267155285113e-06,False
2021-01-01 19:43:05.639520+00:00,-9.814943510644143e-06,False
2021-01-01 21:35:31.399008+00:00,0.00012270109712611256,False
2021-01-02 12:34:57.472320+00:00,0.00016075456535008623,False
2021-01-02 20:04:40.500768+00:00,0.0001282376270511024,False
2021-01-02 21:57:06.258528+00:00,5.596709821374207e-05,False
2021-01-03 12:56:32.337024+00:00,-0.00017613726316109034,False
2021-01-03 22:18:41.122368+00:00,0.0003211732434404278,False
2021-01-04 11:25:41.441376+00:00,-0.00038415322302611177,False
2021-01-04 13:18:07.201728+00:00,6.422197682838872e-05,False
2021-01-05 11:47:16.301760+00:00,-2.128500752068287e-06,False
2021-01-05 13:39:42.060384+00:00,3.7712242290150095e-07,False
2021-01-05 23:01:50.850912+00:00,0.00045999709939915467,False
2021-01-06 12:08:51.158688+00:00,-0.000306356483218728,False
2021-01-06 21:30:59.956992+00:00,0.00028184757678039184,False
2021-01-07 10:38:00.258720+00:00,-0.0002750033810211683,False
2021-01-07 14:22:51.776832+00:00,3.580231440122861e-06,False
2021-01-07 21:52:34.808736+00:00,0.00012336131873994356,False
2021-01-08 10:59:35.116512+00:00,-6.006112817187368e-05,False
2021-01-08 12:52:00.875136+00:00,-1.65920141227425e-05,False
2021-01-08 18:29:18.152736+00:00,0.00013913393691301407,False
2021-01-09 11:21:09.972576+00:00,-9.43372672415641e-05,False
2021-01-09 13:13:35.731200+00:00,3.162728607065271e-05,False
2021-01-09 20:43:18.762240+00:00,-0.00015108334114055883,False
2021-01-10 11:42:44.829504+00:00,-1.085772068040547e-05,False
2021-01-10 13:35:10.588992+00:00,-8.689520831621e-06,False
2021-01-10 19:12:27.864000+00:00,-2.5666198376646207e-05,False
2021-01-11 13:56:45.446784+00:00,-3.122642326253651e-05,False
2021-01-11 19:34:02.721792+00:00,9.621453853620604e-05,False
2021-01-11 21:26:28.480416+00:00,7.626552099916967e-05,False
2021-01-12 14:18:20.299392+00:00,-0.00031396246926887613,False
2021-01-12 21:48:03.328704+00:00,5.845433816342571e-05,False
2021-01-13 12:47:29.391648+00:00,-0.00021099474709057722,False
2021-01-13 14:39:55.150272+00:00,5.163758878989147e-05,False
2021-01-13 18:24:46.666656+00:00,5.500776061964223e-05,False
2021-01-14 13:09:04.237344+00:00,-0.0002787402521578818,False
2021-01-14 22:31:13.023552+00:00,0.00017626891049803804,False
2021-01-15 11:38:13.319232+00:00,-0.0003085810433177085,False
2021-01-15 13:30:39.074400+00:00,-6.920059963459174e-05,False
2021-01-15 19:07:56.342496+00:00,6.590464401149453e-05,False
2021-01-16 11:59:48.146784+00:00,-0.00017329264342180202,False
2021-01-16 19:29:31.170048+00:00,2.4953697149107085e-05,False
2021-01-17 12:21:22.972608+00:00,-0.00013205897524366333,False
2021-01-17 19:51:05.993280+00:00,5.736473950000054e-05,False
2021-01-18 08:58:06.277728+00:00,-0.00029559948200275814,False
2021-01-18 16:27:49.301856+00:00,0.0001455421479309634,False
2021-01-18 20:12:40.808736+00:00,-2.1644500053786693e-05,False
2021-01-19 11:12:06.849216+00:00,-4.5860335267639685e-05,False
2021-01-19 13:04:32.605248+00:00,1.153523994014427e-05,False
2021-01-19 22:26:41.378496+00:00,1.8460867083921166e-07,False
2021-01-20 13:26:07.418112+00:00,-5.328285073741041e-05,False
2021-01-20 17:10:58.926720+00:00,6.75382376372937e-05,False
2021-01-20 22:48:16.191360+00:00,1.0006470547068742e-05,False
2021-01-21 10:02:50.720640+00:00,-8.594395332707353e-05,False
2021-01-21 13:47:42.230112+00:00,-5.7676416662278134e-05,False
2021-01-21 19:24:59.493024+00:00,4.554666563692019e-05,False
2021-01-22 10:24:25.534368+00:00,8.031006576261676e-05,False
2021-01-22 14:09:17.044704+00:00,-5.458683031335551e-06,False
2021-01-22 21:39:00.062784+00:00,-8.360317115228578e-05,False
2021-01-23 10:46:00.347232+00:00,3.0260894352455868e-05,False
2021-01-23 14:30:51.856704+00:00,-0.0001058246717898112,False
2021-01-23 22:00:34.876512+00:00,4.5078272195742065e-05,False
2021-01-24 11:07:35.159232+00:00,-0.00010556737465407744,False
2021-01-24 14:52:26.668704+00:00,-1.3105238424939454e-05,False
2021-01-24 22:22:09.689376+00:00,8.52614370350301e-05,False
2021-01-25 11:29:09.969504+00:00,-2.755351817566788e-05,False
2021-01-25 15:14:01.477248+00:00,-8.54332106709589e-06,False
2021-01-25 22:43:44.491008+00:00,-4.2096258879811995e-05,False
2021-01-26 11:50:44.770272+00:00,-8.964651182718442e-05,False
2021-01-26 13:43:10.524576+00:00,3.5734027725103575e-06,False
2021-01-26 21:12:53.537472+00:00,-0.00014303567835434103,False
2021-01-27 12:12:19.565856+00:00,-0.000136236091129714,False
2021-01-27 14:04:45.321024+00:00,8.391011624862272e-05,False
2021-01-27 19:42:02.583072+00:00,0.00018271618112164397,False
2021-01-27 21:34:28.337376+00:00,-4.500648439342053e-05,False
2021-01-28 14:26:20.113152+00:00,-0.0001383118537227309,False
2021-01-28 20:03:37.367424+00:00,-0.00012347872381015575,False
2021-01-28 21:56:03.119136+00:00,-5.1297751402583675e-06,False
2021-01-29 07:18:11.882880+00:00,-0.0006799355969381564,False
2021-01-29 14:47:54.892320+00:00,0.0006234344208347521,False
2021-01-29 22:17:37.901760+00:00,7.593014371663392e-05,False
2021-01-30 11:24:38.168064+00:00,-0.00011565739045702627,False
2021-01-30 13:17:03.918912+00:00,3.5252951005786226e-05,False
2021-01-30 15:09:29.670624+00:00,1.918848267466893e-05,False
2021-01-31 23:00:47.448864+00:00,-3.9848310965112806e-05,False
2021-02-01 10:15:21.958272+00:00,2.2062091654172946e-05,False
2021-02-02 12:29:22.483968+00:00,6.543955157865407e-06,False
2021-02-02 14:21:48.234816+00:00,-8.468052305010323e-06,False
2021-02-02 21:51:31.244256+00:00,8.130387224320439e-05,False
2021-02-03 12:50:57.262272+00:00,-4.917328365147973e-06,False
2021-02-03 22:13:06.016512+00:00,-0.0001605644189595557,False
2021-02-04 07:35:14.792352+00:00,0.00048756694422631995,False
2021-02-04 13:12:32.145120+00:00,0.011937262107385957,False
2021-02-04 20:42:15.196896+00:00,-0.002465408924515016,False
2021-02-05 09:49:15.553056+00:00,0.0003442393468399801,False
2021-02-05 13:34:07.082400+00:00,0.0002474194937129725,False
2021-02-05 13:34:07.083264+00:00,-2.0078846313745196e-05,False
2021-02-05 19:11:24.374688+00:00,6.922675397092744e-05,False
2021-02-06 12:03:16.257600+00:00,0.00013558798881320796,False
2021-02-06 13:55:42.022272+00:00,2.316725200087324e-05,False
2021-02-06 19:32:59.316288+00:00,4.97152189984281e-05,False
2021-02-07 12:24:51.204384+00:00,0.0001460921129020863,False
2021-02-07 14:17:16.966464+00:00,-3.654268624518892e-05,False
2021-02-07 19:54:34.259616+00:00,-7.426326361321301e-05,False
2021-02-08 12:46:26.159808+00:00,-0.00031558264278886935,False
2021-02-08 12:46:26.160672+00:00,4.417346374380235e-05,False
2021-02-08 22:08:34.983168+00:00,4.373757178754565e-05,False
2021-02-09 11:15:35.335008+00:00,-8.878518304411255e-05,False
2021-02-09 13:08:01.097088+00:00,-8.799948099454067e-06,False
2021-02-09 22:30:09.916992+00:00,-6.126882528608007e-05,False
2021-02-10 11:37:10.264512+00:00,-4.694758832645985e-05,False
2021-02-10 13:29:36.026592+00:00,7.099691665671032e-06,False
2021-02-10 20:59:19.085280+00:00,2.799882126292468e-05,False
2021-02-11 11:58:45.189696+00:00,-0.00010824647048949858,False
2021-02-11 21:20:54.007872+00:00,5.101754956865823e-05,False
2021-02-12 12:20:20.118336+00:00,8.00859819513163e-05,False
2021-02-12 14:12:45.881280+00:00,2.7118609933809493e-05,False
2021-02-12 21:42:28.934784+00:00,-4.730035223528332e-05,False
2021-02-13 12:41:55.043520+00:00,4.6375884552592525e-05,False
2021-02-13 22:04:03.864288+00:00,7.363994945487062e-05,False
2021-02-14 13:03:29.973888+00:00,7.206835323779386e-05,False
2021-02-14 14:55:55.737696+00:00,3.139630741863125e-05,False
2021-02-14 22:25:38.795520+00:00,5.657170410654271e-05,False
2021-02-15 11:32:39.142176+00:00,-8.67124342849795e-05,False
2021-02-15 13:25:04.904256+00:00,-2.898397757027798e-05,False
2021-02-15 22:47:13.725024+00:00,-1.5807596633079198e-05,False
2021-02-16 11:54:14.076000+00:00,0.00012649325761577687,False
2021-02-16 13:46:39.839808+00:00,-3.648857190448792e-05,False
2021-02-16 15:39:05.604480+00:00,-4.2554013150938315e-07,False
2021-02-17 12:15:49.012416+00:00,0.00016773963637005423,False
2021-02-17 14:08:14.775360+00:00,-1.661025857177578e-05,False
2021-02-17 21:37:57.834912+00:00,1.7963750182842926e-05,False
2021-02-18 12:37:23.946240+00:00,-2.2828195566891544e-05,False
2021-02-18 14:29:49.709184+00:00,-7.691008926803003e-05,False
2021-02-18 21:59:32.766144+00:00,-2.7398259008125515e-05,False
2021-02-19 11:06:33.114528+00:00,0.0001295521184793771,False
2021-02-19 18:36:16.168032+00:00,-0.00016923202974209516,False
2021-02-20 13:20:33.803520+00:00,-2.9466861905672924e-05,False
2021-02-20 18:57:51.095808+00:00,4.8550665771290435e-05,False
2021-02-20 22:42:42.621696+00:00,-3.157630730188307e-06,False
2021-02-21 13:42:08.723520+00:00,-0.0001553863046251695,False
2021-02-21 19:19:26.014944+00:00,0.00010097283027536496,False
2021-02-22 12:11:17.879712+00:00,-3.647797597075294e-05,False
2021-02-22 19:41:00.932352+00:00,3.269456750002181e-05,False
2021-02-23 10:40:27.034176+00:00,4.089636767320148e-05,False
2021-02-23 14:25:18.557472+00:00,-1.550714182530736e-05,False
2021-02-23 21:55:01.609248+00:00,2.8583755414968128e-05,False
2021-02-24 14:46:53.467104+00:00,-0.00010034542720276117,False
2021-02-24 18:31:44.992128+00:00,-1.9054600438237776e-05,False
2021-02-25 11:23:36.859488+00:00,0.0002296896972101809,False
2021-02-25 15:08:28.385376+00:00,7.700999778095606e-05,False
2021-02-25 20:45:45.675936+00:00,-1.052700663809455e-05,False
2021-02-26 11:45:11.783808+00:00,0.0002226091289452016,False
2021-02-26 13:37:37.542432+00:00,-0.0001843833341766271,False
2021-02-26 21:07:20.594208+00:00,5.388712507090241e-05,False
2021-02-27 12:06:46.702944+00:00,0.0002850000723387033,False
2021-02-27 21:28:55.517664+00:00,-0.00011169642753465354,False
2021-02-28 12:28:21.626400+00:00,7.736729707276376e-05,False
2021-02-28 14:20:47.387616+00:00,-0.0001123960886873338,False
2021-02-28 21:50:30.445440+00:00,0.00019339158886022982,False
2021-03-01 10:57:30.789504+00:00,-2.8657771317933928e-05,False
2021-03-01 18:27:13.843872+00:00,-0.0001095665352728981,False
2021-03-02 01:56:56.898240+00:00,-5.284838354962944e-06,False
2021-03-02 15:03:57.236256+00:00,-9.696083272282057e-05,False
2021-03-02 22:33:40.292352+00:00,9.631924137314526e-05,False
2021-03-03 11:40:40.634688+00:00,9.339839535563704e-05,False
2021-03-03 19:10:23.689056+00:00,1.0848995396511264e-05,False
2021-03-04 12:02:15.552960+00:00,2.8761371878134953e-06,False
2021-03-04 21:24:24.365088+00:00,-0.00014285495785782492,False
2021-03-05 12:23:50.460000+00:00,-7.655146134808803e-05,False
2021-03-05 14:16:16.221216+00:00,-9.223507210372589e-05,False
2021-03-05 19:53:33.510048+00:00,8.468770224295823e-05,False
2021-03-06 10:52:59.601504+00:00,-7.047735338847709e-05,False
2021-03-06 22:07:34.171392+00:00,-2.4551033109032662e-05,False
2021-03-07 13:07:00.262848+00:00,-0.0001485246202628586,False
2021-03-07 22:29:09.074112+00:00,0.00014303778488013695,False
2021-03-08 13:28:35.164704+00:00,-0.00014084458693837935,False
2021-03-08 20:58:18.211296+00:00,0.00010222520779095274,False
2021-03-09 11:57:44.302752+00:00,0.0001614355588335695,False
2021-03-09 13:50:10.062240+00:00,-0.00020855236216385056,False
2021-03-09 19:27:27.348480+00:00,0.00015342340649457042,False
2021-03-10 12:19:19.199424+00:00,-0.00015576170439247466,False
2021-03-10 14:11:44.961504+00:00,-4.429070388008585e-05,False
2021-03-10 21:41:28.011552+00:00,0.00016070792600882382,False
2021-03-11 12:40:54.105600+00:00,2.0846449817671253e-05,False
2021-03-11 20:10:37.152192+00:00,-0.0001481641371007393,False
2021-03-12 05:32:45.960000+00:00,6.747348477001487e-05,False
2021-03-12 13:02:29.006592+00:00,-4.167525638430524e-05,False
2021-03-12 20:32:12.054912+00:00,0.0001674775102874253,False
2021-03-13 11:31:38.146368+00:00,1.2497325005292168e-05,False
2021-03-13 19:01:21.196416+00:00,0.00011988091673361684,False
2021-03-14 11:53:13.050816+00:00,4.423043178139765e-05,False
2021-03-14 13:45:38.812896+00:00,3.305624749390973e-05,False
2021-03-15 12:14:47.950080+00:00,-9.142525536198037e-05,False
2021-03-15 14:07:13.711296+00:00,-5.168812453972326e-05,False
2021-03-15 19:44:30.995808+00:00,9.015849116601719e-05,False
2021-03-16 10:43:57.080352+00:00,-0.00012941815015620573,False
2021-03-16 12:36:22.840704+00:00,-5.22299229090422e-05,False
2021-03-16 21:58:31.645920+00:00,0.0001531147064187713,False
2021-03-17 11:05:31.970112+00:00,-2.2224895411681354e-05,False
2021-03-17 12:57:57.730464+00:00,-5.615554040287014e-05,False
2021-03-17 14:50:23.492544+00:00,6.437212635816193e-05,False
2021-03-17 22:20:06.533088+00:00,-5.8777280367546585e-05,False
2021-03-18 13:19:32.615040+00:00,-4.525690529010338e-05,False
2021-03-18 15:11:58.376256+00:00,5.2364096264578735e-05,False
2021-03-18 20:49:15.655584+00:00,-1.969301712357705e-05,False
2021-03-19 11:48:41.733216+00:00,-4.483248738593881e-07,False
2021-03-19 17:25:59.012544+00:00,-2.7692165031915934e-05,False
2021-03-19 21:10:50.531520+00:00,-7.350478346227489e-06,False
2021-03-20 10:17:50.852256+00:00,0.00011840776822982628,False
2021-03-20 21:32:25.412640+00:00,2.0318131661251967e-05,False
2021-03-21 08:46:59.973888+00:00,8.040115713677824e-05,False
2021-03-21 21:54:00.293760+00:00,9.673336252709813e-06,False
2021-03-22 09:08:34.853280+00:00,9.194695952606074e-05,False
2021-03-22 12:53:26.373120+00:00,-4.2781427723275556e-05,False
2021-03-22 20:23:09.412800+00:00,-1.3223649267547839e-05,False
2021-03-23 11:22:35.493024+00:00,0.00010840207759427262,False
2021-03-23 13:15:01.254240+00:00,2.8904524503766862e-05,False
2021-03-23 20:44:44.295648+00:00,-1.6449845096507278e-05,False
2021-03-24 06:06:53.096544+00:00,0.0001062378990945095,False
2021-03-24 09:51:44.618112+00:00,-6.152230894351132e-06,False
2021-03-24 21:06:19.181088+00:00,-4.3385206195640964e-05,False
2021-03-25 08:20:53.741472+00:00,8.073469372577727e-05,False
2021-03-25 21:27:54.062208+00:00,-0.00010523638556890713,False
2021-03-26 06:50:02.860512+00:00,1.4121177735676643e-05,False
2021-03-26 14:19:45.901056+00:00,1.593475300920552e-05,False
2021-03-26 21:49:28.940736+00:00,5.1723016266625436e-05,False
2021-03-27 10:56:29.259744+00:00,-7.928440065855883e-06,False
2021-03-27 12:48:55.019232+00:00,-1.1685325583861653e-05,False
2021-03-27 22:11:03.817536+00:00,-2.059777860080222e-05,False
2021-03-28 11:18:04.131360+00:00,-5.360099719813212e-05,False
2021-03-28 13:10:29.890848+00:00,4.5211064711453696e-06,False
2021-03-28 20:40:12.925344+00:00,-7.014135079992954e-05,False
2021-03-29 06:02:21.718464+00:00,6.38499852817293e-05,False
2021-03-29 09:47:13.235712+00:00,-9.132508522875188e-05,False
2021-03-29 21:01:47.789184+00:00,9.844702727230178e-05,False
2021-03-30 12:01:13.856448+00:00,3.132778443533709e-05,False
2021-03-30 15:46:05.369376+00:00,0.0003297701882647895,False
2021-03-30 21:23:22.649568+00:00,-0.0003479972178630351,False
2021-03-31 08:37:57.198720+00:00,2.1496439939423682e-05,False
2021-03-31 18:00:05.989248+00:00,-3.194113541567118e-05,False
2021-04-01 05:14:40.537536+00:00,6.6964502227289e-05,False
2021-04-01 14:36:49.328928+00:00,-2.4063515150957824e-05,False
2021-04-01 20:14:06.603072+00:00,3.4214173512399376e-05,False
2021-04-02 13:05:58.428960+00:00,0.00020090560029663846,False
2021-04-02 18:43:15.703968+00:00,3.95523218944203e-05,False
2021-04-02 20:35:41.463456+00:00,9.375200519968173e-06,False
2021-04-03 11:35:07.533312+00:00,0.0001065561374314073,False
2021-04-03 19:04:50.567808+00:00,-2.2014923730474547e-05,False
2021-04-04 11:56:42.397152+00:00,6.553234511417264e-05,False
2021-04-04 21:18:51.190272+00:00,1.0643127783006283e-05,False
2021-04-05 01:03:42.707520+00:00,-6.672310631160076e-06,False
2021-04-05 08:33:25.742880+00:00,9.480581161017642e-05,False
2021-04-05 19:48:00.297216+00:00,0.00010072795773499304,False
2021-04-06 05:10:09.099840+00:00,6.72649122625768e-05,False
2021-04-06 07:02:34.854144+00:00,6.069456018016019e-05,False
2021-04-06 20:09:35.168832+00:00,-8.184612935528939e-07,False
2021-04-07 05:31:43.957632+00:00,6.434506401939449e-05,False
2021-04-07 11:09:01.233504+00:00,3.54311230665167e-05,False
2021-04-07 22:23:35.794752+00:00,-5.811429794677549e-05,False
2021-04-08 11:30:36.104256+00:00,3.0419900169308242e-05,False
2021-04-08 20:52:44.898240+00:00,4.0182599157375335e-05,False
2021-04-09 13:44:36.724992+00:00,5.099389121712345e-05,False
2021-04-09 15:37:02.483616+00:00,5.769077307614939e-07,False
2021-04-09 23:06:45.518112+00:00,-2.1752279870267943e-05,False
2021-04-10 14:06:11.583648+00:00,1.7616041101513322e-05,False
2021-04-10 19:43:28.857792+00:00,-2.1578799966826172e-05,False
2021-04-11 14:27:46.436256+00:00,6.634920536036314e-05,False
2021-04-11 21:57:29.469024+00:00,2.377225819262558e-05,False
2021-04-12 12:56:55.531104+00:00,0.0001170701059337669,False
2021-04-13 13:18:30.387168+00:00,5.9864246167061624e-05,False
2021-04-14 13:40:05.246688+00:00,0.00017347469587947873,False
2021-04-14 17:24:56.763936+00:00,2.6628960263765283e-05,False
2021-04-15 14:01:40.105344+00:00,0.00020135924819974314,False
2021-04-15 17:46:31.625184+00:00,5.995084495867259e-05,False
2021-04-15 21:31:23.141568+00:00,-1.6822555320615897e-05,False
2021-04-16 08:45:57.698496+00:00,0.0002080050432622122,False
2021-04-16 16:15:40.734720+00:00,-6.871950220407596e-06,False
2021-04-16 21:52:58.011456+00:00,-5.2187259297138205e-05,False
2021-04-17 12:52:24.097728+00:00,0.00023976947975301436,False
2021-04-17 14:44:49.843392+00:00,-5.293253450790578e-05,False
2021-04-17 22:14:32.878752+00:00,-8.085855182771119e-05,False
2021-04-18 13:13:58.951200+00:00,0.00011011884653700489,False
2021-04-18 16:58:50.468448+00:00,-2.687760876283448e-05,False
2021-04-18 20:43:41.987424+00:00,-2.2961313966056064e-05,False
2021-04-19 09:50:42.305568+00:00,0.00018700218706275686,False
2021-04-19 13:35:33.822816+00:00,-1.0255488076470613e-05,False
2021-04-19 22:57:42.620256+00:00,4.948553659605613e-05,False
2021-04-20 10:12:17.176320+00:00,7.331594750003241e-05,False
2021-04-20 13:57:08.691840+00:00,-5.066041028311852e-05,False
2021-04-20 21:26:51.729792+00:00,-8.929055502857636e-06,False
2021-04-21 10:33:52.042752+00:00,0.00011246700608324992,False
2021-04-21 14:18:43.560000+00:00,-2.618102873477807e-06,False
2021-04-21 19:56:00.836736+00:00,1.9225907359954932e-05,False
2021-04-22 10:55:26.904000+00:00,1.7654165991226858e-05,False
2021-04-22 12:47:52.662624+00:00,-1.4007594580931531e-05,False
2021-04-22 20:17:35.698848+00:00,4.3299123184948434e-05,False
2021-04-23 03:47:18.731616+00:00,1.2977312025105008e-05,False
2021-04-23 11:17:01.766112+00:00,-3.001928633212635e-05,False
2021-04-23 16:54:19.041984+00:00,3.100832865406844e-05,False
2021-04-24 09:46:10.870464+00:00,0.00020078076738619675,False
2021-04-24 13:31:02.385984+00:00,-3.542287977233082e-05,False
2021-04-24 22:53:11.176512+00:00,-1.2470706919797935e-06,False
2021-04-25 10:07:45.729120+00:00,0.00012703427860836104,False
2021-04-25 12:00:11.487744+00:00,3.0209661176570055e-06,False
2021-04-25 21:22:20.283456+00:00,0.00011015296432218027,False
2021-04-26 10:29:20.598144+00:00,0.00011817348917812656,False
2021-04-26 14:14:12.116256+00:00,5.478731937298982e-06,False
2021-04-26 21:43:55.151616+00:00,-2.293984316431516e-05,False
2021-04-27 10:50:55.464576+00:00,0.00014352765445048698,False
2021-04-27 14:35:46.982688+00:00,4.7518565568378746e-06,False
2021-04-28 05:35:13.058592+00:00,0.00024250480017001986,False
2021-04-28 13:04:56.093952+00:00,-4.4989999447773246e-05,False
2021-04-28 20:34:39.131904+00:00,6.765452145761586e-05,False
2021-04-29 11:34:05.209536+00:00,8.520166320839051e-05,False
2021-04-29 15:18:56.729376+00:00,2.8066300178494493e-05,False
2021-04-29 20:56:14.006976+00:00,-3.7955583073358826e-05,False
2021-04-30 10:03:14.327712+00:00,0.00013476286396309428,False
2021-04-30 13:48:05.847552+00:00,-1.669422130141896e-05,False
2021-04-30 21:17:48.886368+00:00,4.506844401193434e-05,False
2021-05-01 10:24:49.203648+00:00,0.00011067355779789671,False
2021-05-01 12:17:14.962272+00:00,1.7914249184021106e-06,False
2021-05-01 19:46:58.001952+00:00,1.1384281384235538e-05,False
2021-05-02 08:53:58.319232+00:00,3.210741597266385e-05,False
2021-05-02 14:31:15.598560+00:00,8.224496719612489e-05,False
2021-05-02 22:00:58.635648+00:00,-6.052430239377988e-05,False
2021-05-03 11:07:58.952064+00:00,-1.4114812229352157e-06,False
2021-05-03 13:00:24.711552+00:00,-3.8408751515150026e-05,False
2021-05-03 18:37:41.990880+00:00,-2.300751296943821e-05,False
2021-05-04 11:29:33.823680+00:00,0.00016761651301211555,False
2021-05-04 13:21:59.581440+00:00,-6.291651468264183e-05,False
2021-05-04 20:51:42.617664+00:00,-1.8008593275596938e-05,False
2021-05-05 09:58:42.932352+00:00,0.00018253435604771365,False
2021-05-05 17:28:25.969440+00:00,-6.882977357512753e-05,False
2021-05-06 12:12:43.614432+00:00,0.003141098379489365,False
2021-05-06 14:05:09.375648+00:00,0.00010553654206697651,False
2021-05-06 21:34:52.479264+00:00,0.002735861591406944,False
2021-05-07 12:34:18.597504+00:00,0.0005823733937441163,False
2021-05-07 21:56:27.420000+00:00,0.00025558143052315196,False
2021-05-08 12:55:53.546016+00:00,-0.00020046399829403105,False
2021-05-08 22:18:02.385792+00:00,-0.0007474412386196972,False
2021-05-09 05:47:45.454848+00:00,3.3774556486929914e-05,False
2021-05-09 13:17:28.503168+00:00,-0.000288347106364782,False
2021-05-09 20:47:11.567040+00:00,-2.1794022997348812e-05,False
2021-05-10 09:54:11.942208+00:00,0.00025750903956287707,False
2021-05-10 21:08:46.532832+00:00,-8.943910276323929e-05,False
2021-05-11 06:30:55.368288+00:00,0.0001745098652698821,False
2021-05-11 10:15:46.899360+00:00,6.86387658206499e-06,False
2021-05-11 21:30:21.496896+00:00,-6.436156464350737e-05,False
2021-05-12 10:37:21.865152+00:00,0.00022542321806419847,False
2021-05-12 14:22:13.393632+00:00,-1.3546403546704203e-05,False
2021-05-12 16:14:39.160896+00:00,6.000438685857473e-05,False
2021-05-13 18:28:39.894816+00:00,-5.4879067077885375e-05,False
2021-05-14 07:35:40.256160+00:00,-1.633952784366592e-05,False
2021-05-14 11:20:31.787232+00:00,-2.237079634284143e-05,False
2021-05-14 15:05:23.318304+00:00,-9.856995448275433e-05,False
2021-05-14 20:42:40.612320+00:00,-0.0001003416372139374,False
2021-05-15 02:19:57.911520+00:00,5.141240920290635e-06,False
2021-05-15 21:04:15.563424+00:00,-0.00013226366094470384,False
2021-05-16 13:56:07.453248+00:00,-6.37180205594467e-05,False
2021-05-16 19:33:24.747264+00:00,3.1565291248357795e-05,False
2021-05-16 21:25:50.511072+00:00,-8.704418630245525e-05,False
2021-05-17 21:47:25.448352+00:00,-0.0001832426025108233,False
2021-05-18 01:32:16.975968+00:00,-0.00015737487403143642,False
2021-05-18 10:54:25.800192+00:00,0.00021368466143765287,False
2021-05-18 12:46:51.565728+00:00,0.00010583662338697454,False
2021-05-18 22:09:00.388224+00:00,-5.356923656689262e-05,False
2021-05-19 11:16:00.740064+00:00,-2.059418429027339e-05,False
2021-05-19 13:08:26.504736+00:00,-3.0737576939052756e-06,False
2021-05-19 20:38:09.559104+00:00,-9.570198993173904e-05,False
2021-05-20 09:45:09.907488+00:00,-5.813825335714031e-05,False
2021-05-20 13:30:01.435968+00:00,6.0067827471858604e-05,False
2021-05-20 19:07:18.726528+00:00,-1.3314300880320165e-05,False
2021-05-21 10:06:44.836992+00:00,-0.00019469073550981665,False
2021-05-21 23:13:45.182784+00:00,4.332770927697076e-05,False
2021-05-22 10:28:19.767360+00:00,2.3717565034952444e-05,False
2021-05-22 14:13:11.294112+00:00,-0.00011532731585541629,False
2021-05-22 21:42:54.347616+00:00,6.396183903462777e-05,False
2021-05-23 10:49:54.695136+00:00,-4.064634734426552e-05,False
2021-05-23 14:34:46.222752+00:00,9.059028735779441e-06,False
2021-05-23 22:04:29.276256+00:00,3.507641736981119e-05,False
2021-05-24 13:03:55.383264+00:00,2.0093734958681234e-05,False
2021-05-24 16:48:46.906560+00:00,-9.510510208055651e-05,False
2021-05-24 22:26:04.194528+00:00,-4.212260399606103e-05,False
2021-05-25 09:40:38.771328+00:00,-9.373150648157955e-05,False
2021-05-25 13:25:30.296352+00:00,-0.00016490871507004735,False
2021-05-25 20:55:13.344672+00:00,-0.00017130964882185477,False
2021-05-26 10:02:13.691328+00:00,0.00044981389127403507,False
2021-05-26 21:16:48.262080+00:00,-0.0001837062340719737,False
2021-05-27 08:31:22.834560+00:00,0.0001187942310628172,False
2021-05-27 21:38:23.166528+00:00,-0.00012726271911463413,False
2021-05-28 08:52:57.738144+00:00,-3.954927268904767e-05,False
2021-05-28 14:30:15.022656+00:00,-1.0570329696739438e-05,False
2021-05-28 18:15:06.544224+00:00,-4.671689689032685e-05,False
2021-05-29 09:14:32.639136+00:00,5.576510961494247e-05,False
2021-05-29 18:36:41.445216+00:00,-0.00012204273560026182,False
2021-05-29 20:29:07.206432+00:00,-4.340345236411137e-05,False
2021-05-30 13:20:59.061696+00:00,0.00011327268744902487,False
2021-05-30 18:58:16.342752+00:00,-0.00015143674386970674,False
2021-05-30 20:50:42.105696+00:00,9.288830334071646e-05,False
2021-05-31 13:42:33.965280+00:00,0.0002999268195161784,False
2021-05-31 15:34:59.717856+00:00,-0.00021693696905693256,False
2021-05-31 21:12:17.001504+00:00,-2.0429332286640474e-05,False
2021-06-01 12:11:43.092096+00:00,-8.310075476779012e-05,False
2021-06-01 14:04:08.852448+00:00,-3.626972769936584e-05,False
2021-06-01 21:33:51.897312+00:00,-1.6695587568780084e-05,False
2021-06-02 10:40:52.229280+00:00,0.00012255880859507717,False
2021-06-02 12:33:17.990496+00:00,1.1812537280720881e-05,False
2021-06-03 11:02:27.119904+00:00,-0.00010449943486111652,False
2021-06-03 12:54:52.879392+00:00,2.423803191369267e-05,False
2021-06-03 20:24:35.920800+00:00,-0.00010761152187505223,False
2021-06-04 13:16:27.770880+00:00,0.00013204381996420752,False
2021-06-04 18:53:45.051936+00:00,-0.00014044988376577327,False
2021-06-04 20:46:10.813152+00:00,2.4073804001916115e-05,False
2021-06-05 08:00:45.376992+00:00,3.285824487651324e-05,False
2021-06-05 13:38:02.660640+00:00,6.730441861909253e-05,False
2021-06-05 21:07:45.701184+00:00,-8.477655224297287e-05,False
2021-06-06 10:14:46.014144+00:00,0.0005427882660312181,False
2021-06-06 21:29:20.583168+00:00,-0.0006249997759035947,False
2021-06-07 10:36:20.903040+00:00,0.000205568654935067,False
2021-06-07 16:13:38.178912+00:00,-0.0001920319928117595,False
2021-06-07 21:50:55.460832+00:00,7.83829081350425e-05,False
2021-06-08 10:57:55.776384+00:00,-0.00011470649172427925,False
2021-06-08 22:12:30.333312+00:00,1.6451358860471072e-05,False
2021-06-09 11:19:30.648864+00:00,1.478192038554819e-06,False
2021-06-09 15:04:22.165248+00:00,4.38742249162533e-05,False
2021-06-09 20:41:39.445440+00:00,-1.2836513761894495e-05,False
2021-06-10 09:48:39.760128+00:00,-9.367104036153614e-06,False
2021-06-10 13:33:31.278240+00:00,8.781528996231153e-05,False
2021-06-10 19:10:48.553248+00:00,-3.646393002617862e-05,False
2021-06-11 12:02:40.388640+00:00,-1.5305597214048292e-05,False
2021-06-11 13:55:06.148128+00:00,4.0117160563287576e-05,False
2021-06-11 21:24:49.189536+00:00,0.00010397824391621176,False
2021-06-12 10:31:49.505952+00:00,-4.019239899464981e-05,False
2021-06-12 12:24:15.264576+00:00,4.16130774793181e-06,False
2021-06-12 18:01:32.543040+00:00,0.00010091821448992373,False
2021-06-13 10:53:24.375840+00:00,-8.136103795100601e-05,False
2021-06-13 20:15:33.169824+00:00,-5.118938893958017e-06,False
2021-06-14 11:14:59.244000+00:00,-0.00011270321270528329,False
2021-06-14 13:07:25.001760+00:00,3.552452875763383e-05,False
2021-06-14 22:29:33.802656+00:00,0.0001647569571749477,False
2021-06-15 11:36:34.117344+00:00,-0.00013193732817002018,False
2021-06-15 13:28:59.875968+00:00,1.939811986359345e-07,False
2021-06-15 20:58:42.913920+00:00,6.66654362238798e-05,False
2021-06-16 10:05:43.226880+00:00,-0.00010926878352340315,False
2021-06-16 13:50:34.743264+00:00,4.4445387834810734e-05,False
2021-06-16 21:20:17.782080+00:00,0.00016570878507696902,False
2021-06-17 10:27:18.092448+00:00,-0.0001160068248330324,False
2021-06-17 14:12:09.608832+00:00,2.194259897402129e-07,False
2021-06-17 21:41:52.645920+00:00,8.394625935153337e-05,False
2021-06-18 10:48:52.951968+00:00,-0.00024158429724621534,False
2021-06-18 14:33:44.466624+00:00,-8.755014738567462e-05,False
2021-06-19 13:02:53.564928+00:00,0.00016154721382861834,False
2021-06-19 18:40:10.845120+00:00,-0.0013104482571863027,False
2021-06-19 20:32:36.602016+00:00,0.0014690566965744924,False
2021-06-20 07:47:11.145984+00:00,-0.00020165563470381733,False
2021-06-20 13:24:28.421856+00:00,-0.0009366155742075289,False
2021-06-21 10:01:11.756352+00:00,0.0009486857312165152,False
2021-06-21 13:46:03.270144+00:00,-6.506976455483273e-05,False
2021-06-21 15:38:29.028768+00:00,-0.0009641769335609328,False
2021-06-22 10:22:46.606368+00:00,0.0008985789371333936,False
2021-06-22 14:07:38.123616+00:00,0.00010829891568506523,False
2021-06-22 19:44:55.399488+00:00,4.3092901295825035e-05,False
2021-06-23 14:29:12.972768+00:00,-0.00013190443131660718,False
2021-06-23 21:58:56.003808+00:00,0.00012580290982677392,False
2021-06-24 12:58:22.064160+00:00,-8.100420919972064e-05,False
2021-06-24 20:28:05.099520+00:00,0.00016286785167141582,False
2021-06-25 13:19:56.920224+00:00,2.600811199076719e-05,False
2021-06-25 13:19:56.922816+00:00,-0.0027226852977507215,False
2021-06-25 15:12:22.679712+00:00,0.002742606933291911,False
2021-06-25 20:49:39.951264+00:00,-0.00014222415633868442,False
2021-06-26 13:41:31.769376+00:00,2.439922090357005e-05,False
2021-06-26 15:33:57.528000+00:00,1.9934335153963138e-05,False
2021-06-26 21:11:14.799552+00:00,-5.371608401444563e-05,False
2021-06-27 10:18:15.101280+00:00,-0.00010440782713934505,False
2021-06-27 14:03:06.616800+00:00,-4.523761448137183e-06,False
2021-06-27 19:40:23.890080+00:00,0.0005645233922836245,False
2021-06-27 21:32:49.647840+00:00,-0.0006031592057227892,False
2021-06-28 08:47:24.188352+00:00,-0.00012704758284852574,False
2021-06-28 12:32:15.703008+00:00,9.22002611704968e-05,False
2021-06-28 20:01:58.733184+00:00,6.557321762956887e-06,False
2021-06-29 05:24:07.517664+00:00,-0.00019123898027469135,False
2021-06-29 12:53:50.543520+00:00,0.0001605289004364343,False
2021-06-29 20:23:33.569376+00:00,-6.0656670579474324e-05,False
2021-06-30 09:30:33.861600+00:00,-6.504010651721469e-05,False
2021-06-30 13:15:25.373664+00:00,8.819362877404711e-07,False
2021-06-30 20:45:08.400384+00:00,7.798461554550585e-05,False
2021-07-01 09:52:08.689152+00:00,-0.0003617254639580603,False
2021-07-01 11:44:34.446048+00:00,-1.5809565785227944e-05,False
2021-07-01 21:06:43.227072+00:00,0.00012414695561813093,False
2021-07-02 10:13:43.514976+00:00,-0.00016892098150945808,False
2021-07-02 13:58:35.027904+00:00,6.046046657603023e-05,False
2021-07-02 17:43:26.540832+00:00,0.000160414237861697,False
2021-07-02 21:28:18.049440+00:00,-9.298700595260284e-05,False
2021-07-03 14:20:09.845952+00:00,-4.013558223497816e-05,False
2021-07-03 16:12:35.601984+00:00,6.0124945876246586e-05,False
2021-07-03 19:57:27.113184+00:00,1.913781933234881e-05,False
2021-07-04 12:49:18.913152+00:00,2.9931867591491103e-05,False
2021-07-04 14:41:44.670048+00:00,5.1927577087336874e-05,False
2021-07-04 20:19:01.936416+00:00,-1.3616627735029935e-05,False
2021-07-05 09:26:02.226048+00:00,4.977393240376011e-05,False
2021-07-05 13:10:53.739840+00:00,0.0001565605672686995,False
2021-07-05 20:40:36.762240+00:00,-9.29256320613788e-06,False
2021-07-06 09:47:37.051008+00:00,-5.491099247198444e-06,False
2021-07-06 13:32:28.565664+00:00,0.0001321464909326669,False
2021-07-06 21:02:11.588928+00:00,3.8590435836435865e-05,False
2021-07-07 10:09:11.878560+00:00,-8.425575454790681e-05,False
2021-07-07 21:23:46.419936+00:00,0.00017178222613413718,False
2021-07-08 10:30:46.712160+00:00,-0.0001025850232863696,False
2021-07-08 12:23:12.469920+00:00,6.734461062481299e-05,False
2021-07-08 18:00:29.738880+00:00,-2.779376119478483e-05,False
2021-07-09 08:59:55.779360+00:00,1.4674158736902436e-05,False
2021-07-09 12:44:47.300064+00:00,0.00013436791442930873,False
2021-07-09 20:14:30.321600+00:00,-9.833827313316258e-05,False
2021-07-10 09:21:30.610368+00:00,-0.00016442859358426138,False
2021-07-10 20:36:05.147424+00:00,0.00018459125100010097,False
2021-07-11 11:35:31.191360+00:00,-0.00012580947043723065,False
2021-07-11 13:27:56.948256+00:00,3.478894564531512e-05,False
2021-07-11 22:50:05.724096+00:00,-3.499540368257825e-06,False
2021-07-12 10:04:40.252512+00:00,-0.00011932845839224673,False
2021-07-12 13:49:31.763712+00:00,4.97322866412194e-05,False
2021-07-12 21:19:14.780928+00:00,2.2866808262790452e-05,False
2021-07-13 10:26:15.061920+00:00,-6.850717791622109e-05,False
2021-07-13 14:11:06.573120+00:00,2.931916592495543e-05,False
2021-07-13 17:55:58.081728+00:00,-5.5586111447821606e-05,False
2021-07-14 10:47:49.872192+00:00,6.385954592287314e-05,False
2021-07-14 18:17:32.892000+00:00,0.00011994473567717973,False
2021-07-15 07:24:33.171264+00:00,-0.00012384277585332246,False
2021-07-16 09:38:33.730656+00:00,4.737863019175087e-05,False
2021-07-16 13:23:25.239264+00:00,3.7194249510130754e-05,False
2021-07-17 10:00:08.535744+00:00,-1.5311502024908043e-05,False
2021-07-17 21:14:43.066752+00:00,0.0001713230581721297,False
2021-07-18 08:29:17.609856+00:00,8.894534566937116e-05,False
2021-07-18 12:14:09.115872+00:00,-0.00017521822795499206,False
2021-07-18 21:36:17.875296+00:00,6.864340767022306e-05,False
2021-07-19 10:43:18.155424+00:00,-2.7110270324919773e-05,False
2021-07-19 14:28:09.665760+00:00,1.7612587826263583e-05,False
2021-07-19 20:05:26.928672+00:00,-7.851697493729782e-06,False
2021-07-20 12:57:18.720864+00:00,6.38556017559606e-05,False
2021-07-20 20:27:01.738080+00:00,-2.0304480104610575e-05,False
2021-07-21 13:18:53.531136+00:00,6.951198790189925e-05,False
2021-07-21 20:48:36.549216+00:00,-7.930086660590596e-06,False
2021-07-22 09:55:36.826752+00:00,-3.632796303295052e-05,False
2021-07-22 13:40:28.336224+00:00,-9.728326879011024e-07,False
2021-07-22 21:10:11.353440+00:00,0.00018602258005982465,False
2021-07-23 12:09:37.475136+00:00,0.006013222525764841,False
2021-07-23 14:02:03.244992+00:00,0.0006616106019992257,False
2021-07-23 21:31:46.309728+00:00,0.0019952723660062554,False
2021-07-24 12:31:12.411552+00:00,0.0016676438888911245,False
2021-07-24 14:23:38.178816+00:00,0.0003360738148685512,False
2021-07-25 12:52:47.316864+00:00,-0.002294167293434293,False
2021-07-25 16:37:38.849664+00:00,-0.00016354161881156353,False
2021-07-25 20:22:30.377280+00:00,-0.0003081269896408955,False
2021-07-26 11:21:56.484288+00:00,-0.0006676357827572747,False
2021-07-26 13:14:22.247232+00:00,2.6729419677927245e-05,False
2021-07-27 11:43:31.399104+00:00,7.310006017552102e-05,False
2021-07-27 13:35:57.162048+00:00,2.6705600269665408e-05,False
2021-07-27 21:05:40.214688+00:00,9.466835958888307e-05,False
2021-07-28 08:20:14.789760+00:00,-5.8376076195074343e-05,False
2021-07-28 21:27:15.130368+00:00,8.555576086208002e-06,False
2021-07-29 10:34:15.470112+00:00,7.316003312748232e-05,False
2021-07-29 12:26:41.233920+00:00,1.8850898399076833e-05,False
2021-07-29 21:48:50.049504+00:00,0.00017019791826672576,False
2021-07-30 09:03:24.626304+00:00,-4.347806874558372e-05,False
2021-07-30 12:48:16.154784+00:00,6.968798151477401e-05,False
2021-07-30 20:17:59.229888+00:00,7.859979251435079e-05,False
2021-07-31 11:17:25.317888+00:00,2.61578176177756e-05,False
2021-07-31 13:09:51.081696+00:00,1.0649417012477166e-05,False
2021-07-31 22:31:59.900736+00:00,3.682166387273216e-05,False
2021-08-01 11:39:00.248256+00:00,6.992232977343963e-06,False
2021-08-01 13:31:26.011200+00:00,2.4195678571910172e-06,False
2021-08-01 21:01:09.062976+00:00,1.3811468528793539e-05,False
2021-08-02 10:08:09.404448+00:00,-9.462070494264592e-06,False
2021-08-02 12:00:35.168256+00:00,1.867306214896161e-05,False
2021-08-02 17:37:52.457952+00:00,4.043063408121308e-05,False
2021-08-03 06:44:52.802880+00:00,1.3631580571741444e-05,False
2021-08-03 12:22:10.094304+00:00,8.477339820824976e-06,False
2021-08-03 19:51:53.133984+00:00,0.00011910606723580419,False
2021-08-04 10:51:19.236672+00:00,0.00011095985668433726,False
2021-08-04 12:43:44.998752+00:00,-2.544301103262335e-05,False
2021-08-04 20:13:28.067808+00:00,-0.000210794642489627,False
2021-08-05 13:05:19.929984+00:00,-7.889588231328519e-05,False
2021-08-05 20:35:02.980896+00:00,4.085594091462674e-05,False
2021-08-06 07:49:37.554240+00:00,-4.401338888636751e-06,False
2021-08-06 13:26:54.842208+00:00,5.190913452432098e-05,False
2021-08-07 08:11:12.467328+00:00,0.0004452993132292532,False
2021-08-07 13:48:29.755296+00:00,4.683074073485382e-06,False
2021-08-08 08:32:47.377824+00:00,-0.00030078863931271043,False
2021-08-08 21:39:47.714976+00:00,8.975351940853716e-05,False
2021-08-09 10:46:48.049536+00:00,-3.315978087089343e-05,False
2021-08-09 12:39:13.811616+00:00,1.8607420517699485e-05,False
2021-08-09 22:01:22.652256+00:00,0.0003816124617988889,False
2021-08-10 11:08:22.966944+00:00,-0.00024217132029521693,False
2021-08-10 13:00:48.729024+00:00,1.8637827632954308e-05,False
2021-08-10 20:30:31.784256+00:00,8.651196739441211e-05,False
2021-08-11 11:29:57.888672+00:00,5.063825102720767e-05,False
2021-08-11 20:52:06.705984+00:00,4.0628030764376335e-05,False
2021-08-12 13:43:58.579392+00:00,0.00019188046146828447,False
2021-08-13 10:20:41.980416+00:00,2.5952442488312496e-05,False
2021-08-13 12:13:07.744224+00:00,4.282042951289036e-05,False
2021-08-13 21:35:16.564128+00:00,2.1081806319431325e-05,False
2021-08-14 10:42:16.909056+00:00,-5.7337377422763375e-05,False
2021-08-14 12:34:42.672000+00:00,-9.518643175137962e-06,False
2021-08-14 21:56:51.491040+00:00,6.478200536544575e-05,False
2021-08-15 09:11:26.070432+00:00,-1.0819441385600398e-05,False
2021-08-15 12:56:17.596320+00:00,1.3659856468347408e-05,False
2021-08-15 20:26:00.652416+00:00,8.323387347542043e-05,False
2021-08-16 09:33:00.994752+00:00,-0.00011086431151158422,False
2021-08-16 13:17:52.521504+00:00,7.406683265280622e-05,False
2021-08-16 20:47:35.576736+00:00,8.361973461610598e-05,False
2021-08-17 11:47:01.679424+00:00,-0.00010890383136476038,False
2021-08-17 13:39:27.443232+00:00,3.49915556595633e-05,False
2021-08-17 21:09:10.495008+00:00,-9.630413736513963e-07,False
2021-08-18 12:08:36.595104+00:00,4.3951105740317035e-05,False
2021-08-18 19:38:19.649472+00:00,0.00042472740110916613,False
2021-08-19 10:37:45.746976+00:00,-0.00042670781234100384,False
2021-08-19 12:30:11.509056+00:00,4.7033523221206766e-05,False
2021-08-19 16:15:03.037536+00:00,0.00014222293552582663,False
2021-08-20 09:06:54.902304+00:00,-0.00010561648384979297,False
2021-08-20 18:29:03.718752+00:00,0.0001641421460502621,False
2021-08-21 09:28:29.820576+00:00,-5.9052388586122836e-05,False
2021-08-21 13:13:21.346464+00:00,0.00011863729864889818,False
2021-08-21 22:35:30.190560+00:00,0.00043310165822245844,False
2021-08-22 09:50:04.743168+00:00,-0.0002986256039715107,False
2021-08-22 13:34:56.272512+00:00,0.00021872337590599143,False
2021-08-22 21:04:39.353664+00:00,0.00014844422967580026,False
2021-08-23 10:11:39.672672+00:00,-0.00024354855675503203,False
2021-08-23 13:56:31.201152+00:00,0.00016635162247778803,False
2021-08-23 21:26:14.276256+00:00,7.991862123030723e-05,False
2021-08-24 10:33:14.605632+00:00,-0.00015040756759993317,False
2021-08-24 12:25:40.369440+00:00,9.545377986775824e-05,False
2021-08-24 21:47:49.201440+00:00,2.791840762957638e-05,False
2021-08-25 10:54:49.538592+00:00,4.664679562046842e-05,False
2021-08-25 12:47:15.303264+00:00,0.0001000567120023374,False
2021-08-25 16:32:06.834336+00:00,0.00011161395281706464,False
2021-08-25 22:09:24.124896+00:00,-0.00021033339736910831,False
2021-08-26 13:08:50.242272+00:00,0.00031909175835884607,False
2021-08-26 18:46:07.526784+00:00,-3.7495727971914865e-05,False
2021-08-27 13:30:25.175232+00:00,-4.352503850022589e-05,False
2021-08-27 17:15:16.691616+00:00,0.00023816873108051506,False
2021-08-27 19:07:42.450240+00:00,-0.00021218625825375684,False
2021-08-28 10:07:08.574528+00:00,-0.00016209975456684143,False
2021-08-28 21:21:43.153056+00:00,-1.7869901237738735e-05,False
2021-08-29 10:28:43.499712+00:00,0.00010168658469509036,False
2021-08-29 12:21:09.264384+00:00,0.0001405578336375594,False
2021-08-29 14:13:35.029920+00:00,0.00010433915564034045,False
2021-08-29 21:43:18.072192+00:00,0.00021758309676265817,False
2021-08-30 12:42:44.186112+00:00,-0.00044727160637077467,False
2021-08-30 20:12:27.233568+00:00,0.00041771423413147323,False
2021-08-31 05:34:36.052608+00:00,-0.0005124356819136727,False
2021-08-31 09:19:27.577632+00:00,4.8976113834731145e-05,False
2021-08-31 13:04:19.104384+00:00,0.00010081827717380718,False
2021-08-31 16:49:10.632000+00:00,2.425834919738353e-05,False
2021-08-31 22:26:27.917376+00:00,-1.2015797324343918e-05,False
2021-09-01 11:33:28.259712+00:00,0.00016794532011431778,False
2021-09-01 22:48:02.855520+00:00,0.00029562136205950394,False
2021-09-02 13:47:28.946976+00:00,-0.0001948773748058077,False
2021-09-02 19:24:46.236672+00:00,2.7261563501693277e-05,False
2021-09-03 08:31:46.579872+00:00,-4.5533102501286456e-05,False
2021-09-03 17:53:55.421376+00:00,0.0003537642192494436,False
2021-09-04 08:53:21.505056+00:00,-0.00020504558524188103,False
2021-09-04 12:38:13.033536+00:00,0.00010010280990456214,False
2021-09-04 16:23:04.562880+00:00,0.00011599084233104104,False
2021-09-05 09:14:56.437152+00:00,-5.201610103388376e-05,False
2021-09-05 12:59:47.967360+00:00,0.0001287064258673319,False
2021-09-05 18:37:05.265696+00:00,-0.00010833953779955823,False
2021-09-06 09:36:31.368384+00:00,-0.00012202568001410983,False
2021-09-06 11:28:57.133056+00:00,4.456224860316371e-05,False
2021-09-06 20:51:05.950368+00:00,5.782630605148643e-05,False
2021-09-07 09:58:06.292704+00:00,-0.00022855873343884272,False
2021-09-07 13:42:57.822048+00:00,7.778113750015947e-05,False
2021-09-07 21:12:40.872960+00:00,-1.2896917339655084e-05,False
2021-09-08 10:19:41.213568+00:00,-0.0002069725886601511,False
2021-09-08 14:04:32.742912+00:00,8.757827146328357e-05,False
2021-09-08 21:34:15.789504+00:00,-0.00015188402057345635,False
2021-09-09 10:41:16.130112+00:00,-1.3391480865042928e-05,False
2021-09-09 21:55:50.699136+00:00,-0.0002083789402002767,False
2021-09-10 09:10:25.273344+00:00,5.731614643476354e-05,False
2021-09-10 22:17:25.600128+00:00,-7.862537228848681e-05,False
2021-09-11 09:32:00.169152+00:00,-1.7824339740841346e-05,False
2021-09-11 13:16:51.693312+00:00,-8.27416982107924e-05,False
2021-09-11 17:01:43.214016+00:00,-5.4855595574328776e-05,False
2021-09-12 13:38:26.589120+00:00,0.0001030989715257964,False
2021-09-12 19:15:43.869312+00:00,-5.8763004714699544e-05,False
2021-09-12 21:08:09.628800+00:00,-5.975890495240005e-05,False
2021-09-13 10:15:09.952992+00:00,-2.894045017804308e-05,False
2021-09-13 21:29:44.514240+00:00,-0.00010100053435774419,False
2021-09-14 08:44:19.077216+00:00,2.271064974392131e-06,False
2021-09-14 18:06:27.878976+00:00,-6.67282954751539e-05,False
2021-09-14 21:51:19.402272+00:00,0.00014896735099970208,False
2021-09-15 12:50:45.489408+00:00,-4.337136457307098e-05,False
2021-09-15 14:43:11.248896+00:00,-2.414838667262989e-05,False
2021-09-15 22:12:54.289440+00:00,-1.2618827424229556e-05,False
2021-09-16 13:12:20.374848+00:00,-6.557119530621361e-05,False
2021-09-16 15:04:46.135200+00:00,-2.560902271038583e-07,False
2021-09-16 20:42:03.415392+00:00,0.00011150769985365669,False
2021-09-17 09:49:03.740448+00:00,-4.817232401767958e-05,False
2021-09-17 13:33:55.262016+00:00,5.688946209513709e-05,False
2021-09-17 22:56:04.061184+00:00,-7.746081242666089e-05,False
2021-09-18 08:18:12.863808+00:00,-4.742562107784358e-05,False
2021-09-18 13:55:30.146592+00:00,-2.0959808627629524e-06,False
2021-09-18 21:25:13.188000+00:00,5.2327626132669064e-05,False
2021-09-19 10:32:13.511328+00:00,-5.2700823127255714e-05,False
2021-09-19 14:17:05.030304+00:00,-4.43177405087734e-05,False
2021-09-19 21:46:48.069984+00:00,6.732020396938221e-05,False
2021-09-20 12:46:14.147616+00:00,-6.872492517847982e-05,False
2021-09-20 22:08:22.942464+00:00,-5.2562678717512527e-05,False
2021-09-21 13:07:49.017504+00:00,-0.0001092725114249015,False
2021-09-21 15:00:14.776128+00:00,8.477206293196967e-06,False
2021-09-21 20:37:32.052864+00:00,2.585796846543077e-05,False
2021-09-22 11:36:58.125312+00:00,-9.577178129512137e-05,False
2021-09-22 15:21:49.640832+00:00,-1.3495864790902526e-05,False
2021-09-22 17:14:15.398592+00:00,-3.512253865693916e-05,False
2021-09-23 11:58:32.983104+00:00,-2.4653567692440998e-05,False
2021-09-23 13:50:58.740864+00:00,4.577715865479073e-05,False
2021-09-23 21:20:41.770176+00:00,-0.00013942315720712547,False
2021-09-24 12:20:07.835712+00:00,8.475843114704579e-05,False
2021-09-24 21:42:16.623648+00:00,1.941871978837047e-05,False
2021-09-25 05:11:59.654688+00:00,1.4425530600110627e-05,False
2021-09-25 07:04:25.413312+00:00,-3.0275304235203806e-05,False
2021-09-25 20:11:25.715904+00:00,-8.588654540397454e-05,False
2021-09-26 09:18:26.021088+00:00,6.19943930997782e-05,False
2021-09-26 14:55:43.293504+00:00,9.191773460166485e-05,False
2021-09-26 22:25:26.324544+00:00,-1.1944617393570404e-05,False
2021-09-27 09:40:00.870240+00:00,3.3789302985875265e-05,False
2021-09-27 13:24:52.385760+00:00,4.716450639623402e-05,False
2021-09-27 22:47:01.174560+00:00,-5.1505289514460625e-06,False
2021-09-28 11:54:01.478880+00:00,-3.512652192793478e-05,False
2021-09-29 12:15:36.335808+00:00,0.00025320251811319135,False
2021-09-29 16:00:27.851328+00:00,4.795144231987488e-05,False
2021-09-30 12:37:11.187552+00:00,3.8251341122645075e-05,False
2021-09-30 18:14:28.459104+00:00,-6.43696207155771e-05,False
2021-10-01 12:58:46.034976+00:00,-0.00013212581798335512,False
2021-10-01 20:28:29.066016+00:00,-2.475033869034532e-05,False
2021-10-02 03:58:12.096192+00:00,3.346717121930994e-05,False
2021-10-02 11:27:55.126368+00:00,6.124833959817291e-06,False
2021-10-02 18:57:38.154816+00:00,7.08722625390677e-05,False
2021-10-03 13:41:55.721184+00:00,-8.930761785607254e-05,False
2021-10-03 21:11:38.749632+00:00,0.00014927939191802117,False
2021-10-04 12:11:04.799616+00:00,-0.0001324230172518954,False
2021-10-04 21:33:13.581504+00:00,-7.394099060534523e-05,False
2021-10-05 10:40:13.876320+00:00,5.661517427639471e-06,False
2021-10-05 20:02:22.655616+00:00,-2.2154648787107742e-05,False
2021-10-06 09:09:22.946976+00:00,3.2559297657777655e-05,False
2021-10-06 18:31:31.724544+00:00,5.645934190155977e-05,False
2021-10-06 20:23:57.478848+00:00,-1.3545627734289003e-05,False
2021-10-07 11:23:23.523648+00:00,3.2943020979795944e-05,False
2021-10-07 13:15:49.278816+00:00,-1.6159759598890856e-06,False
2021-10-07 22:37:58.061568+00:00,0.00020468070712027068,False
2021-10-08 13:37:24.107232+00:00,3.004612576954242e-05,False
2021-10-08 22:59:32.886528+00:00,3.73979143962724e-06,False
2021-10-09 04:36:50.153760+00:00,-2.215559541276899e-05,False
2021-10-09 15:51:24.688224+00:00,3.974176502200085e-05,False
2021-10-09 17:43:50.446848+00:00,7.118610515527749e-06,False
2021-10-10 12:28:08.008032+00:00,-1.1785947088545565e-05,False
2021-10-10 14:20:33.762336+00:00,-9.330498706988902e-06,False
2021-10-10 21:50:16.789920+00:00,0.0001239888188886837,False
2021-10-11 14:42:08.594208+00:00,-3.3463050820244254e-05,False
2021-10-11 22:11:51.620928+00:00,0.00018661127053335732,False
2021-10-12 13:11:17.669184+00:00,-2.4825486102196114e-05,False
2021-10-12 20:41:00.694176+00:00,-5.659802932370005e-05,False
2021-10-13 13:32:52.498464+00:00,0.00013385994715037262,False
2021-10-13 21:02:35.523456+00:00,4.311988813771023e-06,False
2021-10-14 10:09:35.814816+00:00,7.70123638194341e-05,False
2021-10-14 13:54:27.326880+00:00,6.285302672649773e-05,False
2021-10-14 21:24:10.351008+00:00,-5.493582467011652e-05,False
2021-10-15 08:38:44.887200+00:00,5.4816918832321804e-05,False
2021-10-15 14:16:02.151840+00:00,4.219023626599209e-05,False
2021-10-15 18:00:53.662176+00:00,-9.848999446084378e-05,False
2021-10-16 05:15:28.194912+00:00,-6.673622895204513e-05,False
2021-10-16 09:00:19.706112+00:00,-7.503564957960465e-07,False
2021-10-16 12:45:11.212992+00:00,1.4774714351538003e-05,False
2021-10-17 07:29:28.766400+00:00,1.6541924543029323e-05,False
2021-10-17 20:36:29.052576+00:00,0.00015330777960929136,False
2021-10-18 09:43:29.339616+00:00,0.00010560257983361815,False
2021-10-18 13:28:20.847360+00:00,-6.141357826056903e-05,False
2021-10-18 20:58:03.870624+00:00,0.0001099031653199174,False
2021-10-19 11:57:29.909376+00:00,-6.959386730414488e-05,False
2021-10-19 21:19:38.684352+00:00,3.504186776807013e-05,False
2021-10-20 10:26:38.969664+00:00,9.191134364977043e-05,False
2021-10-20 12:19:04.723968+00:00,-1.260578164100029e-05,False
2021-10-20 21:41:13.500672+00:00,1.759330877114188e-05,False
2021-10-21 10:48:13.789440+00:00,0.0001708447781413328,False
2021-10-21 14:33:05.299776+00:00,-5.34962647456998e-06,False
2021-10-21 16:25:31.055808+00:00,-2.0747126735314073e-05,False
2021-10-21 22:02:48.323040+00:00,8.663683613110363e-05,False
2021-10-22 13:02:14.368704+00:00,9.797539616529596e-05,False
2021-10-22 14:54:40.123872+00:00,-2.4546263977710024e-05,False
2021-10-22 20:31:57.391968+00:00,3.4849699869145586e-05,False
2021-10-23 04:01:40.414368+00:00,8.456530703388019e-05,False
2021-10-23 09:38:57.679872+00:00,8.418327770024579e-05,False
2021-10-23 17:08:40.704000+00:00,1.0754706821869391e-05,False
2021-10-24 10:00:32.503968+00:00,5.370592153883114e-05,False
2021-10-24 13:45:24.015168+00:00,-3.1770727930589e-05,False
2021-10-24 19:22:41.283264+00:00,4.512985461949748e-05,False
2021-10-25 06:37:15.820320+00:00,2.8591262441410236e-05,False
2021-10-25 08:29:41.574624+00:00,4.767073088383941e-06,False
2021-10-26 10:43:42.150432+00:00,-4.088829986091707e-05,False
2021-10-27 09:12:51.211584+00:00,5.180762993087606e-05,False
2021-10-28 09:34:26.024448+00:00,-4.344605697312792e-06,False
2021-10-28 20:49:00.553728+00:00,5.882223111379668e-06,False
2021-10-29 09:56:00.833856+00:00,-5.998400052208972e-05,False
2021-10-29 13:40:52.342464+00:00,-8.946075423123824e-05,False
2021-10-29 21:10:35.360544+00:00,5.515747820462244e-05,False
2021-10-30 10:17:35.638080+00:00,-8.33786257689069e-06,False
2021-10-30 14:02:27.146688+00:00,1.5769933967333882e-05,False
2021-10-31 14:24:01.951776+00:00,0.00010968760479646846,False
2021-10-31 20:01:19.215552+00:00,4.529798318491938e-05,False
2021-11-01 12:53:11.000832+00:00,-0.0001183807152934802,False
2021-11-01 18:30:28.263744+00:00,9.298748848848154e-05,False
2021-11-01 20:22:54.018912+00:00,7.832935404969721e-05,False
2021-11-02 13:14:45.801600+00:00,-0.00022361900168142704,False
2021-11-02 15:07:11.555040+00:00,-1.3902668562085782e-05,False
2021-11-02 20:44:28.817088+00:00,0.00014678016827134578,False
2021-11-03 09:51:29.092896+00:00,-5.2676291689275986e-05,False
2021-11-03 13:36:20.601504+00:00,-1.4108127024016225e-05,False
2021-11-03 21:06:03.618720+00:00,0.00013026002032062394,False
2021-11-04 13:57:55.391040+00:00,-0.0005851839454514708,False
2021-11-04 21:27:38.414304+00:00,0.0005145404183228505,False
2021-11-05 12:27:04.440096+00:00,-3.481533311586918e-05,False
2021-11-05 16:11:55.949568+00:00,0.00010351354230990085,False
2021-11-05 21:49:13.209024+00:00,4.183715894575417e-05,False
2021-11-06 05:18:56.220192+00:00,-8.125557139119298e-05,False
2021-11-06 12:48:39.231360+00:00,-3.0090699589079895e-05,False
2021-11-07 13:10:14.020896+00:00,2.6776560482099374e-05,False
2021-11-07 15:02:39.774336+00:00,-5.134961357048359e-08,False
2021-11-07 20:39:57.033792+00:00,2.7906685927053065e-05,False
2021-11-08 13:31:48.924480+00:00,0.011242510846781543,False
2021-11-08 21:01:31.993536+00:00,0.00026600786299937505,False
2021-11-09 13:53:23.896320+00:00,-2.745135692035039e-05,False
2021-11-09 17:38:15.429984+00:00,3.6466655378420797e-05,False
2021-11-09 19:30:41.197248+00:00,1.654589000050473e-05,False
2021-11-10 03:00:24.268032+00:00,3.601951341414773e-05,False
2021-11-10 10:30:07.335360+00:00,9.151548012205609e-05,False
2021-11-10 21:44:41.938944+00:00,2.4850270268098545e-06,False
2021-11-11 10:51:42.308064+00:00,-5.309044780290891e-05,False
2021-11-11 12:44:08.075328+00:00,2.4708949412817625e-05,False
2021-11-11 22:06:16.909920+00:00,9.19933185115046e-05,False
2021-11-12 13:05:43.043712+00:00,-7.564348440216398e-05,False
2021-11-12 14:58:08.811840+00:00,7.531969134326428e-05,False
2021-11-12 20:35:26.111904+00:00,7.337902967775373e-05,False
2021-11-13 13:27:18.014688+00:00,-5.043965157207233e-07,False
2021-11-13 19:04:35.317344+00:00,0.0001574955903231758,False
2021-11-13 20:57:01.085472+00:00,5.52970761723945e-05,False
2021-11-14 13:48:52.988256+00:00,-0.00016443629312231373,False
2021-11-14 17:33:44.521920+00:00,5.437885207168201e-05,False
2021-11-14 21:18:36.057312+00:00,7.067576204399464e-05,False
2021-11-15 12:18:02.191104+00:00,-9.069122993627108e-05,False
2021-11-15 14:10:27.957504+00:00,1.4805474693591036e-05,False
2021-11-15 21:40:11.026560+00:00,0.0001748853515914902,False
2021-11-16 14:32:02.926752+00:00,-6.932123027899403e-05,False
2021-11-16 22:01:45.995808+00:00,0.0001323412220273728,False
2021-11-17 09:16:20.594208+00:00,-9.952056507749467e-05,False
2021-11-17 16:46:03.661536+00:00,4.465876408702665e-05,False
2021-11-17 20:30:55.195200+00:00,1.1644881481129384e-05,False
2021-11-18 13:22:47.090208+00:00,-0.00012013448225704461,False
2021-11-18 15:15:12.855744+00:00,1.1141232229017352e-05,False
2021-11-18 20:52:30.154944+00:00,6.924043935621147e-05,False
2021-11-19 11:51:56.280960+00:00,-2.167723034666011e-05,False
2021-11-19 13:44:22.047360+00:00,3.4924063219540144e-05,False
2021-11-19 19:21:39.345696+00:00,0.00010920653142104921,False
2021-11-20 14:05:57.003648+00:00,-0.00010211505103485991,False
2021-11-20 21:35:40.068384+00:00,0.0001068502128741116,False
2021-11-21 12:35:06.191808+00:00,-3.802240223415169e-05,False
2021-11-21 14:27:31.957344+00:00,1.59406008068472e-05,False
2021-11-21 21:57:15.020352+00:00,5.63057791682832e-05,False
2021-11-22 12:56:41.141184+00:00,-4.361577698864353e-06,False
2021-11-22 14:49:06.905856+00:00,5.912614648798207e-05,False
2021-11-22 20:26:24.202464+00:00,4.1438484755667904e-05,False
2021-11-23 13:18:16.091424+00:00,3.6741286536977596e-05,False
2021-11-23 15:10:41.856960+00:00,2.7335038778867306e-05,False
2021-11-23 20:47:59.155296+00:00,7.414630161030594e-05,False
2021-11-24 13:39:51.042528+00:00,-7.384351304990469e-05,False
2021-11-24 15:32:16.808064+00:00,5.0738088795685934e-05,False
2021-11-24 21:09:34.105536+00:00,6.363685162748717e-05,False
2021-11-25 14:01:25.991904+00:00,1.0681891472873577e-05,False
2021-11-25 15:53:51.756576+00:00,4.696360573650622e-05,False
2021-11-25 17:46:17.522976+00:00,8.7109199602704e-05,False
2021-11-26 12:30:35.176608+00:00,-3.8888524569949854e-05,False
2021-11-26 18:07:52.472352+00:00,1.5263519601570103e-05,False
2021-11-26 21:52:44.004288+00:00,4.649330120202678e-06,False
2021-11-27 12:52:10.128576+00:00,9.578044015699907e-06,False
2021-11-27 20:21:53.193312+00:00,0.00018054086019149993,False
2021-11-28 13:13:45.077088+00:00,-9.065094083818063e-05,False
2021-11-28 20:43:28.138368+00:00,4.166512148923949e-05,False
2021-11-29 13:35:20.021280+00:00,4.812167364117296e-05,False
2021-11-29 22:57:28.848096+00:00,7.301075206920664e-05,False
2021-11-30 08:19:37.668864+00:00,-5.3184087372173106e-05,False
2021-11-30 10:12:03.434400+00:00,-5.316030020428471e-06,False
2021-11-30 21:26:38.023296+00:00,1.413788461000423e-05,False
2021-12-01 10:33:38.376000+00:00,7.052863618525991e-05,False
2021-12-01 12:26:04.139808+00:00,-1.5897823695853977e-05,False
2021-12-01 14:18:29.903616+00:00,-1.9879782207230087e-05,False
2021-12-01 21:48:12.963168+00:00,0.0005434062251500777,False
2021-12-02 10:55:13.311552+00:00,-0.00044354316293824213,False
2021-12-02 14:40:04.840032+00:00,5.890347854489592e-05,False
2021-12-02 20:17:22.133184+00:00,3.0581334667574805e-05,False
2021-12-03 11:16:48.247104+00:00,3.5493454203411014e-05,False
2021-12-03 13:09:14.011776+00:00,4.3075135361610155e-05,False
2021-12-03 20:38:57.070464+00:00,4.619173972321162e-05,False
2021-12-04 06:01:05.889504+00:00,-3.2042118421245563e-06,False
2021-12-04 09:45:57.417984+00:00,-6.595141385219047e-05,False
2021-12-04 21:00:32.006016+00:00,0.00017709014344231366,False
2021-12-05 10:07:32.354400+00:00,7.663247645404615e-06,False
2021-12-05 13:52:23.882016+00:00,6.962229189951399e-05,False
2021-12-05 15:44:49.647552+00:00,7.942294301257146e-05,False
2021-12-05 21:22:06.959712+00:00,0.0002752992267845523,False
2021-12-06 14:13:58.819296+00:00,-0.00020094162991019383,False
2021-12-06 16:06:24.584832+00:00,7.102727766073881e-05,False
2021-12-06 21:43:41.894400+00:00,0.00016514282669208806,False
2021-12-07 12:43:07.995360+00:00,-0.00018317845267591378,False
2021-12-07 16:27:59.524704+00:00,-1.6325798160422528e-05,False
2021-12-07 22:05:16.817856+00:00,1.9963025969208065e-06,False
2021-12-08 13:04:42.936096+00:00,0.00015554596399859264,False
2021-12-08 18:42:00.230112+00:00,3.763263323427477e-05,False
2021-12-08 22:26:51.759456+00:00,1.1940661876810166e-05,False
2021-12-09 11:33:52.111296+00:00,9.42441391189361e-05,False
2021-12-09 22:48:26.698464+00:00,-5.192883688658084e-05,False
2021-12-10 11:55:27.050304+00:00,2.8076376345041482e-05,False
2021-12-10 13:47:52.814976+00:00,-2.7368133961619947e-06,False
2021-12-10 23:10:01.637472+00:00,5.6560865553375935e-05,False
2021-12-11 12:17:01.987584+00:00,1.2724963665031015e-05,False
2021-12-11 14:09:27.752256+00:00,3.3371931810351457e-05,False
2021-12-11 21:39:10.808352+00:00,-1.881786874508924e-05,False
2021-12-12 10:46:11.156736+00:00,8.995627830243671e-05,False
2021-12-12 12:38:36.919680+00:00,9.129462977290459e-06,False
2021-12-12 22:00:45.738720+00:00,0.00028838378315305415,False
2021-12-13 11:07:46.087968+00:00,-0.000271517112245352,False
2021-12-13 13:00:11.852640+00:00,3.390925801089887e-05,False
2021-12-13 20:29:54.907872+00:00,-7.733080265348261e-05,False
2021-12-14 11:29:21.019200+00:00,8.284295534168294e-05,False
2021-12-14 13:21:46.783008+00:00,2.604778931873429e-05,False
2021-12-14 20:51:29.839104+00:00,3.609896096905151e-05,False
2021-12-15 11:50:55.948704+00:00,0.00013717287281416824,False
2021-12-15 13:43:21.712512+00:00,7.546061433083856e-05,False
2021-12-15 19:20:39.022080+00:00,0.0003196147539594309,False
2021-12-15 23:05:30.531552+00:00,-0.00029906698172522137,False
2021-12-16 10:20:05.114400+00:00,6.818946000080163e-05,False
2021-12-16 14:04:56.642880+00:00,2.4149889740940092e-05,False
2021-12-16 21:34:39.700704+00:00,8.392452795433081e-05,False
2021-12-17 10:41:40.048224+00:00,-6.495766879972168e-05,False
2021-12-17 16:18:57.342240+00:00,3.766412935616241e-05,False
2021-12-17 20:03:48.870720+00:00,-1.1467345338749144e-05,False
2021-12-18 12:55:40.750176+00:00,0.00023814455717976796,False
2021-12-18 14:48:06.514848+00:00,2.4511054288602747e-05,False
2021-12-18 22:17:49.570944+00:00,-2.8833828825197683e-05,False
2021-12-19 13:17:15.686592+00:00,0.0001662380449625178,False
2021-12-19 20:46:58.741824+00:00,-0.00013088062882307723,False
2021-12-20 13:38:50.625600+00:00,0.00020513994991743284,False
2021-12-20 19:16:07.919616+00:00,4.747505020148639e-06,False
2021-12-20 21:08:33.683424+00:00,3.328799308651126e-05,False
2021-12-21 14:00:25.564608+00:00,2.997737845380691e-05,False
2021-12-21 15:52:51.330144+00:00,3.751735597831734e-05,False
2021-12-21 21:30:08.622432+00:00,2.877845836586517e-05,False
2021-12-22 12:29:34.736352+00:00,0.0001297252057478584,False
2021-12-22 21:51:43.557120+00:00,-1.5213983458013761e-05,False
2021-12-23 12:51:09.669312+00:00,8.902275537102199e-06,False
2021-12-23 14:43:35.433984+00:00,3.4054653445165886e-05,False
2021-12-23 22:13:18.485760+00:00,-9.181481854236254e-05,False
2021-12-24 13:12:44.597952+00:00,6.954697305574457e-05,False
2021-12-24 15:05:10.361760+00:00,-1.875969973596202e-05,False
2021-12-24 22:34:53.413536+00:00,7.773363964691383e-05,False
2021-12-25 13:34:19.520544+00:00,9.744730062103375e-06,False
2021-12-25 19:11:36.810240+00:00,2.1100066933231457e-05,False
2021-12-25 21:04:02.569728+00:00,-0.00011115432364878846,False
2021-12-26 10:11:02.912064+00:00,0.0001477857952323085,False
2021-12-26 13:55:54.439680+00:00,4.237344822914294e-05,False
2021-12-26 21:25:37.488000+00:00,-8.711844632461129e-05,False
2021-12-27 10:32:37.832928+00:00,0.00012356381621153928,False
2021-12-27 12:25:03.595872+00:00,3.4028076636369e-05,False
2021-12-27 21:47:12.408000+00:00,-5.555234885452976e-05,False
2021-12-28 12:46:38.510688+00:00,-4.5180882536615833e-05,False
2021-12-28 18:23:55.798656+00:00,-7.493929986055861e-06,False
2021-12-28 22:08:47.319360+00:00,-7.019460581751951e-05,False
2021-12-29 13:08:13.425504+00:00,9.349466377666818e-05,False
2021-12-29 18:45:30.711744+00:00,-0.0001058711483227428,False
2021-12-29 20:37:56.472960+00:00,-7.314913121549257e-06,False
2021-12-30 11:37:22.574784+00:00,-5.2431140645777915e-05,False
2021-12-30 15:22:14.102400+00:00,0.00010577114010727298,False
2021-12-30 22:51:57.150720+00:00,-2.3345063080001327e-05,False
2021-12-31 11:58:57.489600+00:00,1.0070510631058721e-05,False
2021-12-31 13:51:23.252544+00:00,-1.6596654897013042e-05,False
2021-12-31 21:21:06.297408+00:00,-0.00014255834595309258,False
2022-01-01 14:12:58.158720+00:00,6.122040706438433e-05,False
2022-01-01 16:05:23.921664+00:00,-4.0784875585791325e-06,False
2022-01-01 21:42:41.203584+00:00,-0.0001212787788168276,False
2022-01-02 07:04:50.016576+00:00,-4.0167914095676644e-05,False
2022-01-02 18:19:24.590784+00:00,0.0001835072244505712,False
2022-01-02 22:04:16.109760+00:00,-0.00027488116091052615,False
2022-01-03 07:26:24.920160+00:00,6.989145948595586e-06,False
2022-01-03 22:25:51.008160+00:00,-5.21039241619547e-05,False
2022-01-04 09:40:25.572000+00:00,-3.793754518483933e-05,False
2022-01-04 13:25:17.095296+00:00,2.8948334280416256e-05,False
2022-01-04 15:17:42.856512+00:00,1.4397135098382869e-05,False
2022-01-04 20:55:00.134112+00:00,-0.00013048733901754156,False
2022-01-05 10:02:00.459168+00:00,-3.499572277193551e-05,False
2022-01-05 13:46:51.979872+00:00,-3.196326023209212e-05,False
2022-01-05 21:16:35.019552+00:00,3.609103049359578e-05,False
2022-01-06 10:23:35.339424+00:00,-0.00018266380328795998,False
2022-01-06 12:16:01.098912+00:00,9.852247566481182e-06,False
2022-01-06 16:00:52.617888+00:00,-1.2388007961419319e-05,False
2022-01-06 21:38:09.894624+00:00,-1.1331973498541264e-05,False
2022-01-07 12:37:35.968800+00:00,-0.00013678557147057453,False
2022-01-07 20:07:19.002432+00:00,1.3298842730726308e-05,False
2022-01-08 12:59:10.835232+00:00,-0.00010694906137908855,False
2022-01-08 14:51:36.594720+00:00,1.959022694311679e-05,False
2022-01-08 22:21:19.630080+00:00,0.0001513222815465595,False
2022-01-09 11:28:19.945632+00:00,-3.8335856452986444e-05,False
2022-01-09 13:20:45.705120+00:00,-8.396970552927242e-06,False
2022-01-09 20:50:28.738752+00:00,6.167626889200435e-05,False
2022-01-10 11:49:54.812928+00:00,1.437981018722481e-05,False
2022-01-10 13:42:20.573280+00:00,3.537147665295857e-05,False
2022-01-10 19:19:37.848288+00:00,8.575659191501744e-05,False
2022-01-11 14:03:55.438848+00:00,-0.00011359253677019236,False
2022-01-11 21:33:38.475072+00:00,0.00012430306510604212,False
2022-01-12 12:33:04.549248+00:00,-2.6833391970762535e-05,False
2022-01-12 14:25:30.308736+00:00,1.0882625887412112e-05,False
2022-01-13 12:54:39.413952+00:00,-9.073625543935739e-05,False
2022-01-13 22:16:48.206208+00:00,5.0197762086212706e-05,False
2022-01-14 07:38:56.999328+00:00,-0.00014258969738751515,False
2022-01-14 13:16:14.276928+00:00,0.00017439416200691274,False
2022-01-14 20:45:57.306240+00:00,-6.675128931845618e-05,False
2022-01-15 08:00:31.856256+00:00,-0.00013851021807795652,False
2022-01-15 13:37:49.135584+00:00,0.0003341420821511467,False
2022-01-15 15:30:14.871744+00:00,4.032450941441006e-06,False
2022-01-15 21:07:32.157120+00:00,-0.0006467029509267402,False
2022-01-16 10:14:32.461440+00:00,5.184954049622151e-06,False
2022-01-16 13:59:23.977824+00:00,6.169533492785963e-05,False
2022-01-16 21:29:07.008000+00:00,9.321647975825864e-05,False
2022-01-17 10:36:07.306272+00:00,-0.00010844785893414668,False
2022-01-17 14:20:58.820064+00:00,2.514938094729929e-05,False
2022-01-17 21:50:41.845920+00:00,8.946098051748288e-05,False
2022-01-18 12:50:07.897632+00:00,-0.00012397724085151389,False
2022-01-18 20:19:50.920032+00:00,-0.00011239856916726233,False
2022-01-19 13:11:42.727776+00:00,4.8265702263036e-05,False
2022-01-19 15:04:08.480352+00:00,-4.75275657646577e-05,False
2022-01-19 20:41:25.749312+00:00,6.830356902296202e-05,False
2022-01-20 11:40:51.793248+00:00,-6.23823103694469e-05,False
2022-01-20 13:33:17.548416+00:00,1.93960250087794e-05,False
2022-01-20 21:03:00.570816+00:00,9.25782836793322e-05,False
2022-01-21 12:02:26.615616+00:00,3.4595653120364706e-05,False
2022-01-21 13:54:52.370784+00:00,7.121796223780305e-06,False
2022-01-21 21:24:35.392320+00:00,-2.865573145727305e-05,False
2022-01-22 12:24:01.439712+00:00,0.00010186848135033453,False
2022-01-22 14:16:27.194016+00:00,-4.954463189777034e-06,False
2022-01-22 18:01:18.706080+00:00,6.612863154333289e-05,False
2022-01-22 21:46:10.219008+00:00,-2.458817546045123e-06,False
2022-01-23 14:38:02.018976+00:00,-3.804819866358024e-06,False
2022-01-23 18:22:53.529312+00:00,1.318514778324876e-05,False
2022-01-23 22:07:45.042240+00:00,2.4903950520189026e-05,False
2022-01-24 13:07:11.087904+00:00,7.231062902957042e-05,False
2022-01-24 14:59:36.843072+00:00,3.472941400504055e-05,False
2022-01-24 22:29:19.866336+00:00,-9.495546069923523e-05,False
2022-01-25 11:36:20.157696+00:00,-6.193079347988439e-06,False
2022-01-25 13:28:45.912864+00:00,4.3390698437741354e-05,False
2022-01-25 22:50:54.693024+00:00,-4.755884473965332e-06,False
2022-01-26 11:57:54.980928+00:00,-6.631772281528466e-05,False
2022-01-26 13:50:20.735232+00:00,4.780052455818112e-05,False
2022-01-26 15:42:46.490400+00:00,5.569298263615431e-05,False
2022-01-26 21:20:03.757632+00:00,-2.166198573853127e-06,False
2022-01-27 12:19:29.797248+00:00,-1.6193236508061236e-05,False
2022-01-27 14:11:55.551552+00:00,3.379070718705681e-06,False
2022-01-27 21:41:38.571360+00:00,-4.288488062931847e-05,False
2022-01-28 12:41:04.607520+00:00,-0.00011300019156172014,False
2022-01-28 18:18:21.870432+00:00,5.879800292525963e-05,False
2022-01-28 22:03:13.381632+00:00,5.144351715259317e-05,False
2022-01-28 23:55:39.136800+00:00,4.4315209393387935e-05,False
2022-01-29 13:02:39.416064+00:00,-7.57214593637438e-05,False
2022-01-29 20:32:22.428096+00:00,-0.00011056049565110658,False
2022-01-30 13:24:14.214240+00:00,6.554971238322163e-05,False
2022-01-30 17:09:05.719392+00:00,3.879388019680542e-05,False
2022-01-30 22:46:22.983168+00:00,7.601489436405315e-05,False
2022-01-31 13:45:49.008960+00:00,-1.905862510085516e-05,False
2022-01-31 21:15:32.024448+00:00,5.4437243073621216e-05,False
2022-02-01 12:14:58.051968+00:00,-8.624771121020933e-05,False
2022-02-01 14:07:23.802816+00:00,-1.457707023487496e-05,False
2022-02-01 21:37:06.819168+00:00,7.361642541751765e-05,False
2022-02-02 12:36:32.845824+00:00,8.872793909585112e-05,False
2022-02-02 14:28:58.598400+00:00,6.178435540276549e-05,False
2022-02-02 21:58:41.613888+00:00,2.6543090259061936e-05,False
2022-02-03 12:58:07.641408+00:00,0.0001067249172931542,False
2022-02-03 18:35:24.902592+00:00,4.5792920472721805e-06,False
2022-02-03 22:20:16.410336+00:00,7.020408523761027e-07,False
2022-02-04 13:19:42.440448+00:00,0.00013251252004440527,False
2022-02-04 20:49:25.455072+00:00,-5.5404648121371974e-05,False
2022-02-05 13:41:17.240352+00:00,0.0002641736719682416,False
2022-02-05 17:26:08.746368+00:00,-7.550435367174363e-05,False
2022-02-06 14:02:52.036800+00:00,0.00011958661932783774,False
2022-02-06 15:55:17.791104+00:00,4.216801599883452e-05,False
2022-02-06 21:32:35.053152+00:00,-6.644723535602416e-05,False
2022-02-07 12:32:01.085856+00:00,0.00014384457694770368,False
2022-02-07 16:16:52.591872+00:00,2.7109371208514584e-06,False
2022-02-07 21:54:09.855648+00:00,4.429213788539218e-05,False
2022-02-08 11:01:10.128864+00:00,-0.00016825226811416463,False
2022-02-08 14:46:01.634016+00:00,-2.500270685354949e-05,False
2022-02-08 22:15:44.648640+00:00,7.43649341853065e-05,False
2022-02-09 11:22:44.919264+00:00,-1.9328233750592398e-05,False
2022-02-09 13:15:10.670112+00:00,-4.7288950251285575e-05,False
2022-02-09 15:07:36.424416+00:00,6.909897373193725e-05,False
2022-02-10 13:36:45.454464+00:00,-9.377056568986991e-08,False
2022-02-10 21:06:28.464768+00:00,-1.4244598945597838e-06,False
2022-02-11 13:58:20.231904+00:00,-0.000193523868917863,False
2022-02-11 21:28:03.242208+00:00,0.00012462008673134114,False
2022-02-12 10:35:03.505920+00:00,5.579844339699861e-05,False
2022-02-12 12:27:29.255904+00:00,-1.8562355900355285e-05,False
2022-02-12 21:49:38.017920+00:00,0.00021237420621614503,False
2022-02-13 10:56:38.278176+00:00,-9.103477158433047e-05,False
2022-02-13 12:49:04.029024+00:00,2.565725001919067e-05,False
2022-02-14 11:18:13.055616+00:00,0.0001689919326481821,False
2022-02-14 15:03:04.559904+00:00,-2.6839919627788568e-05,False
2022-02-14 18:47:56.066784+00:00,0.00013373020412493121,False
2022-02-15 13:32:13.584768+00:00,-7.63594224522012e-05,False
2022-02-15 15:24:39.338208+00:00,4.433321692208934e-06,False
2022-02-15 21:01:56.597664+00:00,0.0002540392904734593,False
2022-02-16 12:01:22.728000+00:00,0.01064442615291991,False
2022-02-16 13:53:48.494400+00:00,-4.666391743009879e-05,False
2022-02-16 21:23:31.562592+00:00,0.00030420227694698157,False
2022-02-17 12:22:57.695520+00:00,1.7315056270189252e-05,False
2022-02-17 14:15:23.461920+00:00,-1.5565954353102395e-05,False
2022-02-17 21:45:06.528384+00:00,9.785519444155616e-05,False
2022-02-18 12:44:32.661312+00:00,5.312195306732696e-05,False
2022-02-18 14:36:58.429440+00:00,4.100959137725387e-06,False
2022-02-18 22:06:41.495904+00:00,1.7382002503017125e-05,False
2022-02-19 11:13:41.860704+00:00,-0.00025316248656604193,False
2022-02-19 13:06:07.626240+00:00,-1.1799314709952942e-05,False
2022-02-19 20:35:50.695296+00:00,0.0002663762757007351,False
2022-02-20 11:35:16.820448+00:00,-0.0002913686832668859,False
2022-02-20 13:27:42.585984+00:00,-4.3551010646870135e-05,False
2022-02-20 20:57:25.652448+00:00,0.00012738082689162949,False
2022-02-21 11:56:51.778464+00:00,-0.00010698012342994114,False
2022-02-21 15:41:43.310400+00:00,4.5971644113590526e-05,False
2022-02-21 21:19:00.606144+00:00,-5.308381515780594e-05,False
2022-02-22 14:10:52.490784+00:00,-0.00010317879913685456,False
2022-02-22 17:55:44.020992+00:00,7.460017109435716e-05,False
2022-02-22 21:40:35.550336+00:00,-1.3884798406536649e-05,False
2022-02-23 12:40:01.666848+00:00,-4.511092014982314e-05,False
2022-02-23 14:32:27.431520+00:00,-5.145339592942325e-05,False
2022-02-23 20:09:44.726400+00:00,0.00012694215763202585,False
2022-02-24 11:09:10.840320+00:00,-9.509671270018332e-05,False
2022-02-24 13:01:36.603264+00:00,-3.561733399234126e-05,False
2022-02-24 22:23:45.424896+00:00,4.962643593669393e-05,False
2022-02-25 11:30:45.773280+00:00,-5.041314734584102e-05,False
2022-02-25 13:23:11.537088+00:00,-4.325473524506406e-05,False
2022-02-25 15:15:37.300896+00:00,-2.7359584538630576e-05,False
2022-02-25 20:52:54.593184+00:00,7.333162499699583e-05,False
2022-02-26 02:30:11.886336+00:00,6.943926804239916e-05,False
2022-02-26 13:44:46.468320+00:00,-0.0001421114290464223,False
2022-02-26 15:37:12.233856+00:00,0.00017681855773428226,False
2022-02-26 21:14:29.525280+00:00,4.441029895246713e-05,False
2022-02-27 14:06:21.399552+00:00,-0.00020124132289777954,False
2022-02-27 17:51:12.929760+00:00,0.00014745411874658048,False
2022-02-27 21:36:04.457376+00:00,-5.366431232892223e-05,False
2022-02-28 12:35:30.568704+00:00,-0.00023559793930834886,False
2022-02-28 21:57:39.389472+00:00,0.00019020095193214866,False
2022-03-01 12:57:05.502528+00:00,0.00014705852283595377,False
2022-03-01 14:49:31.268064+00:00,8.553593855171711e-05,False
2022-03-01 20:26:48.560352+00:00,5.6003164328522434e-05,False
2022-03-02 13:18:40.439808+00:00,0.0001348489748437647,False
2022-03-02 17:03:31.969152+00:00,2.9862268657440407e-05,False
2022-03-02 20:48:23.497632+00:00,2.9808224453672726e-05,False
2022-03-03 02:25:40.782144+00:00,-0.0001403692670255922,False
2022-03-03 11:47:49.609824+00:00,7.252065123623766e-05,False
2022-03-03 13:40:15.372768+00:00,-4.2726097553060096e-05,False
2022-03-03 21:09:58.431456+00:00,0.00012366080193184102,False
2022-03-04 12:09:24.538464+00:00,1.2115592009613019e-05,False
2022-03-04 14:01:50.304000+00:00,9.849591428060786e-05,False
2022-03-04 21:31:33.355776+00:00,-0.0001392063129587518,False
2022-03-05 05:01:16.410144+00:00,-1.140804263715069e-05,False
2022-03-05 12:30:59.459328+00:00,-3.249573991192652e-05,False
2022-03-05 14:23:25.224000+00:00,3.162214385564081e-05,False
2022-03-05 16:15:50.987808+00:00,0.00012024355568346259,False
2022-03-05 21:53:08.274048+00:00,-0.00019160403667496233,False
2022-03-06 14:45:00.144000+00:00,0.00015619653935029925,False
2022-03-06 20:22:17.429376+00:00,-8.107167431203833e-05,False
2022-03-07 11:21:43.528608+00:00,6.45030721846396e-06,False
2022-03-07 18:51:26.576928+00:00,-1.1589447823264535e-05,False
2022-03-07 20:43:52.339008+00:00,7.194060397017597e-06,False
2022-03-08 09:50:52.671840+00:00,2.66144111972758e-05,False
2022-03-08 13:35:44.196000+00:00,-1.885289224293834e-05,False
2022-03-08 15:28:09.958080+00:00,5.868775216580482e-05,False
2022-03-08 21:05:27.243456+00:00,7.234991851641696e-05,False
2022-03-09 13:57:19.101312+00:00,2.5158661255000306e-05,False
2022-03-09 17:42:10.625472+00:00,5.301957591703795e-05,False
2022-03-09 21:27:02.147904+00:00,-5.92157075272183e-05,False
2022-03-10 12:26:28.241088+00:00,9.801173229228742e-06,False
2022-03-10 14:18:54.004032+00:00,6.62087241399294e-06,False
2022-03-10 19:56:11.287680+00:00,2.5752608016734386e-05,False
2022-03-11 10:55:37.380864+00:00,9.845837177035414e-05,False
2022-03-11 18:25:20.427456+00:00,-1.2169433345268698e-05,False
2022-03-11 20:17:46.188672+00:00,-2.6800945570651266e-05,False
2022-03-12 11:17:12.285312+00:00,0.00024212876414360092,False
2022-03-12 13:09:38.048256+00:00,5.662394617912629e-05,False
2022-03-12 20:39:21.096576+00:00,4.082836252513209e-05,False
2022-03-13 09:46:21.431136+00:00,3.6939971653289e-05,False
2022-03-13 13:31:12.956160+00:00,1.997935424236356e-06,False
2022-03-13 21:00:56.002752+00:00,6.33364652556657e-05,False
2022-03-14 12:00:22.095072+00:00,-6.950656114852982e-05,False
2022-03-14 13:52:47.857152+00:00,6.068880901769678e-05,False
2022-03-14 19:30:05.140800+00:00,9.62564236601079e-06,False
2022-03-15 01:07:22.426176+00:00,-3.192354936075613e-06,False
2022-03-15 19:51:40.040928+00:00,9.766818660103196e-05,False
2022-03-16 14:35:57.654816+00:00,-1.4016446437029728e-05,False
2022-03-16 18:20:49.175520+00:00,-5.677411713850248e-06,False
2022-03-17 09:20:15.260928+00:00,-3.3435779638180113e-06,False
2022-03-17 13:05:06.782496+00:00,9.3842460829059e-06,False
2022-03-17 20:34:49.823904+00:00,-1.4768005167500195e-06,False
2022-03-18 11:34:15.904128+00:00,4.9785582539178176e-05,False
2022-03-18 13:26:41.664480+00:00,-2.6287763466942723e-05,False
2022-03-18 17:11:33.182592+00:00,8.951851656000947e-09,False
2022-03-18 20:56:24.703296+00:00,2.0529036654573e-05,False
2022-03-19 13:48:16.543872+00:00,0.00011724062651446857,False
2022-03-19 17:33:08.061984+00:00,-8.866738065875439e-05,False
2022-03-19 21:17:59.580960+00:00,-2.801084790626871e-05,False
2022-03-20 12:17:25.658592+00:00,8.539252432310445e-05,False
2022-03-20 19:47:08.694816+00:00,-7.687174247888389e-05,False
2022-03-21 12:39:00.531072+00:00,0.000273907881969677,False
2022-03-21 18:16:17.808672+00:00,-3.001629895782371e-06,False
2022-03-21 20:08:43.568160+00:00,1.386907371175873e-05,False
2022-03-22 13:00:35.405280+00:00,0.0001160161655419922,False
2022-03-22 14:53:01.164768+00:00,3.040449472610473e-05,False
2022-03-22 20:30:18.445824+00:00,4.019610232375536e-05,False
2022-03-23 13:22:10.282080+00:00,-3.179060935043138e-05,False
2022-03-23 17:07:01.801056+00:00,5.903235852325749e-05,False
2022-03-23 20:51:53.321760+00:00,5.9290856582034154e-05,False
2022-03-24 09:58:53.639904+00:00,7.252617473449417e-05,False
2022-03-24 13:43:45.159744+00:00,8.797362657278014e-05,False
2022-03-24 21:13:28.200288+00:00,0.00013611088209896917,False
2022-03-25 12:12:54.279648+00:00,2.1594237387619595e-05,False
2022-03-25 14:05:20.039136+00:00,8.369460839791045e-06,False
2022-03-25 15:57:45.798624+00:00,-1.1632204406395815e-05,False
2022-03-25 21:35:03.081408+00:00,0.00010160338989462567,False
2022-03-26 12:34:29.163360+00:00,9.225067697612611e-05,False
2022-03-26 18:11:46.441824+00:00,-7.981803136035613e-05,False
2022-03-26 20:04:12.202176+00:00,4.4926842023062396e-05,False
2022-03-27 12:56:04.042752+00:00,0.00010216725849828505,False
2022-03-27 16:40:55.560864+00:00,4.690522409772773e-06,False
2022-03-27 20:25:47.081568+00:00,8.196256100584551e-05,False
2022-03-28 13:17:38.918688+00:00,7.713633526759139e-05,False
2022-03-28 20:47:21.958368+00:00,3.0273604809884642e-05,False
2022-03-29 13:39:13.793760+00:00,0.00012649824912563704,False
2022-03-29 15:31:39.552384+00:00,5.62868273181979e-06,False
2022-03-29 21:08:56.831712+00:00,-6.953674226084955e-06,False
2022-03-30 12:08:22.900704+00:00,2.8191117877252964e-05,False
2022-03-30 14:00:48.658464+00:00,-3.6363808933375618e-06,False
2022-03-30 19:38:05.936064+00:00,7.510123646750545e-05,False
2022-03-31 10:37:32.005056+00:00,0.00011891438441001201,False
2022-03-31 12:29:57.763680+00:00,-7.837249061097057e-06,False
2022-03-31 19:59:40.803360+00:00,7.725241679914587e-05,False
2022-04-01 12:51:32.631840+00:00,0.0003082091420831345,False
2022-04-01 20:21:15.672384+00:00,0.00024745380808830137,False
2022-04-02 11:20:41.744832+00:00,0.00013369610034777164,False
2022-04-02 20:42:50.537952+00:00,-4.416364752984053e-05,False
2022-04-03 09:49:50.844864+00:00,1.6677838466589118e-05,False
2022-04-03 21:04:25.396608+00:00,0.00011211814182809639,False
2022-04-04 12:03:51.465600+00:00,0.0001805060441151791,False
2022-04-04 13:56:17.224224+00:00,2.6292185110882563e-05,False
2022-04-04 21:26:00.256992+00:00,-1.564897877231062e-05,False
2022-04-05 12:25:26.338080+00:00,0.00037765156689922153,False
2022-04-05 14:17:52.096704+00:00,-1.9525932996957213e-05,False
2022-04-05 21:47:35.132928+00:00,1.7356396425709928e-05,False
2022-04-06 12:47:01.203648+00:00,2.3501213971964242e-05,False
2022-04-06 22:09:10.004544+00:00,0.00026847478790643844,False
2022-04-07 11:16:10.314912+00:00,-6.393679626816109e-05,False
2022-04-07 13:08:36.074400+00:00,-3.621141437487432e-06,False
2022-04-07 20:38:19.112352+00:00,5.351633676898257e-05,False
2022-04-15 20:19:09.177600+00:00,19.885163195761972,False
2022-04-15 22:12:01.023840+00:00,0.00040100630485575834,False
2022-04-16 11:22:03.928512+00:00,-0.0014464236580440945,False
2022-04-16 13:14:55.774752+00:00,0.0001226316602895728,False
2022-04-16 20:46:23.155392+00:00,1.0096108718428323e-06,False
2022-04-17 11:49:17.917536+00:00,0.00021666155909054325,False
2022-04-17 13:42:09.763776+00:00,3.552331182638502e-05,False
2022-04-17 21:13:37.145280+00:00,8.943486345953767e-05,False
2022-04-18 12:15:09.506016+00:00,-9.290824357045908,False
2022-04-18 21:38:27.751776+00:00,0.001063030616991627,False
2022-04-19 10:47:05.310528+00:00,-0.0005812525359101684,False
2022-04-19 12:39:44.962272+00:00,0.00010192341564544473,False
2022-04-20 13:02:43.802592+00:00,-9.503221600312951,False
2022-04-20 14:55:10.930656+00:00,-0.008617862961605516,False
2022-04-20 20:32:32.447904+00:00,0.0004433944317040042,False
2022-04-21 11:32:09.824064+00:00,-0.0001862867107957687,False
2022-04-21 13:24:36.998784+00:00,8.569237536050629e-05,False
2022-04-21 19:01:58.520352+00:00,0.00017951295630747865,False
2022-04-22 04:24:09.254880+00:00,-1.0458031064572226,False
2022-04-22 13:46:18.255360+00:00,-0.00041713491299137987,False
2022-04-22 17:31:09.855552+00:00,-8.879553862246874e-05,False
2022-04-23 04:45:44.664768+00:00,-3.300658061501581e-05,False
2022-04-23 08:30:36.266688+00:00,1.9219035689748723e-05,False
2022-04-23 12:15:27.870336+00:00,9.736202494174155e-05,False
2022-04-24 10:44:37.476672+00:00,0.00019983492118724153,False
2022-04-24 12:37:03.277632+00:00,1.8820266198296326e-05,False
2022-04-25 09:13:46.805664+00:00,-0.028186298778860253,False
2022-04-25 12:58:38.331552+00:00,-5.589200453853384e-05,False
2022-04-25 20:28:21.377280+00:00,-0.0003294748949681922,False
2022-04-26 11:27:47.481696+00:00,0.0001794270479141591,False
2022-04-26 15:12:39.011040+00:00,9.485454773930493e-05,False
2022-04-26 20:49:56.297280+00:00,1.623819797622206e-05,False
2022-04-27 09:56:56.637888+00:00,5.960103810408217e-06,False
2022-04-27 13:41:48.163776+00:00,2.7065107068829618e-05,False
2022-04-28 10:18:31.552704+00:00,0.00010504560985506869,False
2022-04-28 12:10:57.314784+00:00,-2.6706781810880705e-05,False
2022-04-29 10:40:06.469248+00:00,0.00025079416073454203,False
2022-04-29 12:32:32.232192+00:00,3.5135556571742763e-06,False
2022-04-29 21:54:41.043456+00:00,-8.305738200933243e-05,False
2022-04-29 23:47:06.805536+00:00,-5.2805716596114126e-05,False
2022-04-30 09:09:15.621120+00:00,0.00022627627583489017,False
2022-04-30 12:54:07.145280+00:00,-1.456489773189466e-05,False
2022-04-30 22:16:15.953952+00:00,2.266906902456961e-05,False
2022-05-01 11:23:16.289376+00:00,-7.0993927374943e-05,False
2022-05-01 13:15:42.049728+00:00,-3.50036756453511e-05,False
2022-05-01 17:00:33.573888+00:00,4.610283317635606e-05,False
2022-05-01 20:45:25.094592+00:00,-3.834040452714228e-05,False
2022-05-02 09:52:25.424832+00:00,-5.322700901880568e-05,False
2022-05-02 21:06:59.987808+00:00,-0.00018837540121454034,False
2022-05-03 10:14:00.317184+00:00,8.879871954433637e-05,False
2022-05-03 21:28:34.880160+00:00,-6.047706530055527e-05,False
2022-05-04 14:20:26.719872+00:00,-0.00013050164824378788,False
2022-05-04 19:57:44.000064+00:00,6.2309907551459605e-06,False
2022-05-04 21:50:09.762144+00:00,0.00015228159381072484,False
2022-05-05 09:04:44.317344+00:00,-0.00035018904239649326,False
2022-05-05 12:49:35.835456+00:00,4.5562327039793604e-05,False
2022-05-05 20:19:18.871680+00:00,-0.0001204483527326846,False
2022-05-06 09:26:19.188960+00:00,0.00010430696940320859,False
2022-05-06 13:11:10.708800+00:00,7.14034952585323e-05,False
2022-05-06 15:03:36.468288+00:00,-4.4440191845443646e-05,False
2022-05-07 11:40:19.813152+00:00,-0.00020111143694395098,False
2022-05-07 21:02:28.608000+00:00,0.0001919955031180433,False
2022-05-08 12:01:54.674400+00:00,-9.037377174985926e-05,False
2022-05-08 17:39:11.947680+00:00,-7.409572253956807e-05,False
2022-05-08 21:24:03.464928+00:00,7.14390750158143e-05,False
2022-05-09 12:23:29.533920+00:00,0.00016862796908998566,False
2022-05-09 14:15:55.292544+00:00,-3.669399461239113e-05,False
2022-05-09 21:45:38.324448+00:00,-6.208057375934902e-05,False
2022-05-10 14:37:30.144288+00:00,-0.00016392100257991678,False
2022-05-10 16:29:55.902912+00:00,0.00011898062104238934,False
2022-05-10 22:07:13.177056+00:00,4.0342483142504114e-05,False
2022-05-11 13:06:39.239136+00:00,2.1167982038525988e-05,False
2022-05-11 16:51:30.752064+00:00,-1.961838411423027e-05,False
2022-05-11 20:36:22.266720+00:00,-4.680047406265975e-05,False
2022-05-12 13:28:14.083104+00:00,1.7104158919334497e-06,False
2022-05-12 17:13:05.595168+00:00,-6.695773204521944e-05,False
2022-05-12 20:57:57.109824+00:00,-1.3331538239458975e-05,False
2022-05-13 08:12:31.654656+00:00,6.0142670709584776e-05,False
2022-05-13 13:49:48.924480+00:00,-7.649503236330441e-05,False
2022-05-13 21:19:31.950336+00:00,-5.863938947287762e-05,False
2022-05-14 08:34:06.490848+00:00,0.000161038651188268,False
2022-05-14 14:11:23.758080+00:00,-2.8161688649744112e-05,False
2022-05-14 21:41:06.783072+00:00,3.396696624355947e-05,False
2022-05-15 01:25:58.293408+00:00,-9.39813924813991e-05,False
2022-05-15 10:48:07.070112+00:00,-4.736340178770887e-05,False
2022-05-15 14:32:58.579584+00:00,1.2731404913129478e-05,False
2022-05-15 22:02:41.601120+00:00,-0.0001502706354520094,False
2022-05-16 13:02:07.650240+00:00,0.0003349642626842624,False
2022-05-16 20:31:50.669184+00:00,-0.00017431970603688676,False
2022-05-16 20:31:50.670048+00:00,0.00012850428554001108,False
2022-05-17 13:23:42.466560+00:00,6.417560579291071e-05,False
2022-05-17 17:08:33.971712+00:00,-4.49431209758881e-05,False
2022-05-17 20:53:25.482048+00:00,-9.251613613276142e-05,False
2022-05-18 13:45:17.271648+00:00,5.8581137030942976e-05,False
2022-05-18 15:37:43.023360+00:00,-8.522329212156287e-05,False
2022-05-18 21:15:00.286272+00:00,-0.00011048463960666733,False
2022-05-19 14:06:52.075872+00:00,0.0003668843746746283,False
2022-05-19 15:59:17.829312+00:00,1.6495337213386548e-05,False
2022-05-19 17:51:43.583616+00:00,2.47769594111125e-05,False
2022-05-19 21:36:35.092224+00:00,-0.0001426929713311901,False
2022-05-20 08:51:09.617184+00:00,4.432043273692714e-05,False
2022-05-20 14:28:26.877504+00:00,0.0001191335294597533,False
2022-05-20 16:20:52.630944+00:00,-1.98769677395484e-05,False
2022-05-21 05:27:52.907616+00:00,6.827273373939541e-05,False
2022-05-21 12:57:35.922240+00:00,0.00011109945813686605,False
2022-05-21 16:42:27.425664+00:00,-9.329024049389709e-05,False
2022-05-21 22:19:44.684256+00:00,-0.0002458726230545039,False
2022-05-22 13:19:10.712640+00:00,0.0002785362626161203,False
2022-05-22 15:11:36.463488+00:00,-3.334013942760865e-05,False
2022-05-22 20:48:53.722944+00:00,-0.00019166663654446038,False
2022-05-23 09:55:53.999616+00:00,0.00029525504450306857,False
2022-05-23 13:40:45.502176+00:00,-0.0001328092546303815,False
2022-05-23 21:10:28.513344+00:00,-9.930725771783233e-05,False
2022-05-24 12:09:54.537408+00:00,0.00039370330891168233,False
2022-05-24 21:32:03.293376+00:00,-0.000499058633608348,False
2022-05-25 12:31:29.314848+00:00,0.0004815472222187551,False
2022-05-25 20:01:12.324288+00:00,-0.00020703335312450264,False
2022-05-26 12:53:04.092288+00:00,7.316370657426194e-05,False
2022-05-26 20:22:47.102592+00:00,1.7204908657151996e-05,False
2022-05-27 13:14:38.863680+00:00,1.4186379059305933e-05,False
2022-05-27 20:44:21.867936+00:00,-0.00015797614265240976,False
2022-05-28 13:36:13.627296+00:00,0.0002631242694140693,False
2022-05-28 15:28:39.376416+00:00,-2.708040316924708e-05,False
2022-05-28 21:05:56.628960+00:00,-0.0001226273140311533,False
2022-05-29 13:57:48.388320+00:00,0.00026165829177580914,False
2022-05-29 15:50:14.139168+00:00,-2.436183115636924e-05,False
2022-05-29 21:27:31.388256+00:00,-0.00015647381763708482,False
2022-05-30 12:26:57.394176+00:00,0.00011595689971270351,False
2022-05-30 14:19:23.143296+00:00,1.0252817580802675e-05,False
2022-05-30 21:49:06.148416+00:00,-1.4179315515357406e-05,False
2022-05-31 03:26:23.397504+00:00,-3.11638278225344e-05,False
2022-05-31 12:48:32.150880+00:00,8.826419462295158e-05,False
2022-05-31 20:18:15.153408+00:00,2.6742224331977083e-05,False
2022-06-01 13:10:06.910176+00:00,0.0002072241786208203,False
2022-06-01 20:39:49.910112+00:00,-6.129982882940402e-05,False
2022-06-02 09:46:50.165184+00:00,9.952412601988022e-05,False
2022-06-02 13:31:41.663424+00:00,4.46414576710651e-05,False
2022-06-02 21:01:24.664224+00:00,-0.00023998522759426092,False
2022-06-03 12:00:50.665824+00:00,0.00011773076560492657,False
2022-06-03 21:22:59.422656+00:00,6.906204933476052e-05,False
2022-06-04 12:22:25.423392+00:00,4.7222009911743575e-05,False
2022-06-04 21:44:34.176768+00:00,1.1305323174264436e-05,False
2022-06-05 12:44:00.178368+00:00,7.832114300210003e-05,False
2022-06-05 18:21:17.428320+00:00,-0.00021532182302878806,False
2022-06-05 20:13:43.178304+00:00,9.719124529794037e-06,False
2022-06-06 09:20:43.429056+00:00,0.00014628265972757272,False
2022-06-06 13:05:34.935072+00:00,0.00042154720270406407,False
2022-06-06 20:35:18.041280+00:00,0.014798920066701056,False
2022-06-07 09:42:18.420768+00:00,-0.0003206148606918951,False
2022-06-07 13:27:09.954432+00:00,-0.00015695244196089678,False
2022-06-07 20:56:53.029536+00:00,2.611390985246017e-05,False
2022-06-08 11:56:19.173696+00:00,6.340833104677154e-05,False
2022-06-08 13:48:44.941824+00:00,1.4055644726866689e-06,False
2022-06-08 21:18:28.014336+00:00,5.58724516016036e-06,False
2022-06-09 12:17:54.155904+00:00,-0.0004629137286449472,False
2022-06-09 21:40:02.991360+00:00,-0.00015347499533916218,False
2022-06-10 08:54:37.595808+00:00,0.00015530441285295206,False
2022-06-10 12:39:29.127744+00:00,-6.801880154861219e-05,False
2022-06-10 20:09:12.197664+00:00,4.433778546708111e-05,False
2022-06-11 13:01:04.102176+00:00,5.6587538480858e-05,False
2022-06-11 14:53:29.870304+00:00,-9.467892930903164e-06,False
2022-06-11 20:30:47.172960+00:00,-5.646250002294508e-05,False
2022-06-12 13:22:39.077472+00:00,0.00011196920573581804,False
2022-06-12 20:52:22.145664+00:00,-0.0001396205921766775,False
2022-06-13 13:44:14.048448+00:00,0.00015336710227012082,False
2022-06-13 19:21:31.350240+00:00,-4.373586792836843e-05,False
2022-06-13 21:13:57.117504+00:00,1.1995682994005193e-05,False
2022-06-14 10:20:57.484896+00:00,-2.620644804294068e-05,False
2022-06-14 14:05:49.018560+00:00,2.8870895674113138e-05,False
2022-06-14 19:43:06.322080+00:00,-1.9357701495975103e-05,False
2022-06-15 08:50:06.689472+00:00,0.00010673718640213996,False
2022-06-15 14:27:23.989536+00:00,-8.01802479266492e-06,False
2022-06-15 20:04:41.288736+00:00,-0.00019519134468093063,False
2022-06-15 23:49:32.821536+00:00,-1.5922330663682783e-05,False
2022-06-19 12:08:52.278432+00:00,-4.877967877802748e-05,False
2022-06-19 19:38:35.337984+00:00,-5.7610751225659017e-05,False
2022-06-20 01:15:52.632000+00:00,8.13885584708543e-05,False
2022-06-20 12:30:27.217440+00:00,-6.003596627319791e-06,False
2022-06-20 20:00:10.274400+00:00,-0.00010764729393983107,False
2022-06-21 07:14:44.859840+00:00,0.00012095976845090486,False
2022-06-21 12:52:02.150400+00:00,-2.9422353998234172e-05,False
2022-06-21 20:21:45.207360+00:00,1.8463209444962583e-05,False
2022-06-22 13:13:37.083360+00:00,8.97475404858227e-05,False
2022-06-22 15:06:02.848032+00:00,-2.6259864600153334e-07,False
2022-06-22 20:43:20.140320+00:00,9.550580984164198e-05,False
2022-06-23 13:35:12.015456+00:00,9.984119135858494e-05,False
2022-06-23 15:27:37.779264+00:00,-1.3370358637192115e-05,False
2022-06-23 21:04:55.069824+00:00,2.4558179635420143e-05,False
2022-06-24 12:04:21.183744+00:00,0.00014045342831083885,False
2022-06-24 13:56:46.948416+00:00,5.7695994626147905e-05,False
2022-06-24 19:34:04.241568+00:00,-4.7662584691939374e-05,False
2022-06-25 08:41:04.593408+00:00,0.00014359648792217062,False
2022-06-25 12:25:56.121888+00:00,-1.55227826363241e-06,False
2022-06-25 19:55:39.178848+00:00,-6.218268677720421e-05,False
2022-06-26 12:47:31.058304+00:00,0.00020665422216350278,False
2022-06-26 20:17:14.115264+00:00,4.2451630441432495e-05,False
2022-06-27 11:16:40.228320+00:00,4.7691481460405684e-05,False
2022-06-27 13:09:05.992992+00:00,-7.942256306152017e-06,False
2022-06-27 20:38:49.049088+00:00,-2.946341931713295e-05,False
2022-06-28 11:38:15.164736+00:00,6.968726573524785e-05,False
2022-06-28 13:30:40.929408+00:00,3.433237233760398e-06,False
2022-06-28 19:07:58.222560+00:00,3.3717924164244524e-05,False
2022-06-29 13:52:15.860640+00:00,-9.493189408307812e-05,False
2022-06-29 21:21:58.915872+00:00,3.9255469601617896e-05,False
2022-06-30 12:21:25.020288+00:00,-6.008905171860551e-05,False
2022-06-30 16:06:16.547040+00:00,-3.862714668637391e-05,False
2022-06-30 19:51:08.073792+00:00,7.71761775875586e-05,False
2022-07-01 12:42:59.942016+00:00,-8.699296266019193e-05,False
2022-07-01 20:12:42.994656+00:00,1.0289008207402778e-05,False
2022-07-02 13:04:34.859424+00:00,-1.7880190522056788e-05,False
2022-07-02 20:34:17.908608+00:00,-5.179515529037804e-05,False
2022-07-03 13:26:09.767328+00:00,-1.956918774415688e-05,False
2022-07-03 20:55:52.816512+00:00,0.00022054042486130008,False
2022-07-04 10:02:53.147616+00:00,-0.00013686928563022135,False
2022-07-04 13:47:44.672640+00:00,1.8790130939953045e-05,False
2022-07-04 21:17:27.720096+00:00,-1.1649523078240806e-06,False
2022-07-05 10:24:28.053792+00:00,3.174987641546106e-05,False
2022-07-05 12:16:53.815872+00:00,-2.503058694283513e-05,False
2022-07-05 19:46:36.861600+00:00,-5.689182508502215e-05,False
2022-07-06 12:38:28.721184+00:00,0.000154333688642646,False
2022-07-06 16:23:20.244480+00:00,6.096965457294034e-06,False
2022-07-06 22:00:37.529856+00:00,7.745777155409065e-05,False
2022-07-07 13:00:03.626496+00:00,6.102529367801166e-05,False
2022-07-07 14:52:29.388576+00:00,1.0457034442626829e-07,False
2022-07-07 20:29:46.675680+00:00,6.563594609087288e-05,False
2022-07-08 13:21:38.538720+00:00,-3.022098954235697e-05,False
2022-07-08 18:58:55.824960+00:00,3.7804570329789065e-05,False
2022-07-09 11:50:47.684544+00:00,-3.4640613620294476e-05,False
2022-07-09 17:28:04.970784+00:00,5.35625522546087e-05,False
2022-07-10 10:19:56.826048+00:00,-5.3268038782215455e-05,False
2022-07-10 12:12:22.588992+00:00,4.906374843867152e-05,False
2022-07-10 19:42:05.635584+00:00,4.3473430439873274e-05,False
2022-07-11 08:49:05.964960+00:00,1.0664065519525384e-05,False
2022-07-11 12:33:57.490848+00:00,0.00013966217706369368,False
2022-07-11 20:03:40.535712+00:00,-0.0001323149751549696,False
2022-07-12 09:10:40.865088+00:00,-3.1286115939706076e-05,False
2022-07-12 12:55:32.387520+00:00,9.28670922591762e-06,False
2022-07-12 20:25:15.429792+00:00,-5.2073302708139765e-05,False
2022-07-13 11:24:41.515200+00:00,7.225313787851693e-05,False
2022-07-13 13:17:07.276416+00:00,2.23345790720153e-05,False
2022-07-13 20:46:50.317824+00:00,8.952104960366228e-05,False
2022-07-14 11:46:16.398912+00:00,-6.314824377225034e-06,False
2022-07-14 13:38:42.159264+00:00,3.412374250109556e-05,False
2022-07-14 21:08:25.200672+00:00,3.2352139712425966e-05,False
2022-07-15 12:07:51.279168+00:00,3.109197328655616e-05,False
2022-07-15 14:00:17.039520+00:00,3.456399401347476e-05,False
2022-07-15 19:37:34.315392+00:00,-0.00024550760648269784,False
2022-07-16 10:37:00.399072+00:00,0.00027907004128759956,False
2022-07-16 12:29:26.159424+00:00,7.489344968927277e-05,False
2022-07-16 19:59:09.195648+00:00,-7.81444792672509e-05,False
2022-07-17 12:51:01.034496+00:00,0.0001254660789639601,False
2022-07-17 20:20:44.075040+00:00,8.298268346319712e-05,False
2022-07-18 07:35:18.633696+00:00,-3.397799377551307e-05,False
2022-07-18 13:12:35.917344+00:00,0.00013475978084346755,False
2022-07-18 20:42:18.958752+00:00,6.158309996825653e-05,False
2022-07-19 11:41:45.042432+00:00,0.00019489068249629095,False
2022-07-19 17:19:02.320896+00:00,-6.74556756171616e-05,False
2022-07-19 21:03:53.842464+00:00,3.056462648545155e-05,False
2022-07-20 13:55:45.684768+00:00,8.941097889080706e-05,False
2022-07-20 15:48:11.445120+00:00,-2.3937398715427084e-06,False
2022-07-20 19:33:02.966688+00:00,5.9484756196437243e-05,False
2022-07-21 12:24:54.813312+00:00,9.771176319851505e-05,False
2022-07-21 18:02:12.096096+00:00,8.060401132884458e-05,False
2022-07-22 05:16:46.659936+00:00,0.00010383868036375218,False
2022-07-22 09:01:38.176320+00:00,-1.1231018748866996e-05,False
2022-07-22 20:16:12.738432+00:00,0.00010284688787844364,False
2022-07-23 13:08:04.585056+00:00,-0.0001307009841781129,False
2022-07-23 20:37:47.625600+00:00,-6.107416399464389e-07,False
2022-07-24 09:44:47.943744+00:00,-7.4271921446512e-05,False
2022-07-24 13:29:39.465312+00:00,9.933860499682445e-05,False
2022-07-24 20:59:22.510176+00:00,0.0001184897790337492,False
2022-07-25 10:06:22.826592+00:00,-8.230019652941676e-07,False
2022-07-25 11:58:48.580032+00:00,-2.5029733284263694e-05,False
2022-07-25 19:28:31.602432+00:00,0.00030089789834758654,False
2022-07-26 10:27:57.695616+00:00,0.00017698955824776524,False
2022-07-26 12:20:23.455104+00:00,-5.304540064477199e-06,False
2022-07-26 16:05:14.975808+00:00,-0.00035609041360122064,False
2022-07-26 19:50:06.496512+00:00,2.1563943535695196e-05,False
2022-07-27 12:41:58.324992+00:00,-6.965712723965212e-06,False
2022-07-27 14:34:24.084480+00:00,-1.3778526971516356e-06,False
2022-07-27 22:04:07.121568+00:00,3.497739528014159e-05,False
2022-07-28 11:11:07.431936+00:00,-3.2941683112244e-05,False
2022-07-28 20:33:16.230240+00:00,0.00012964409052169137,False
2022-07-29 09:40:16.546656+00:00,0.00020952353696138752,False
2022-07-29 11:32:42.328608+00:00,0.0002791022959346375,False
2022-07-29 20:54:51.103584+00:00,-0.00025517715436051264,False
2022-07-30 10:01:51.419136+00:00,0.00010426653132840534,False
2022-07-30 13:46:42.937248+00:00,1.2401955755780402e-05,False
2022-07-30 21:16:25.979520+00:00,9.727432542225525e-05,False
2022-07-31 12:15:52.058016+00:00,4.2307008649720277e-05,False
2022-07-31 21:38:00.859776+00:00,9.283377849790144e-05,False
2022-08-01 08:52:35.421024+00:00,2.8276336337012872e-05,False
2022-08-01 12:37:26.940864+00:00,2.9298604565202777e-05,False
2022-08-01 21:59:35.742624+00:00,-3.865455689537283e-06,False
2022-08-02 09:14:10.305600+00:00,0.00014903481012767806,False
2022-08-02 12:59:01.825440+00:00,3.740713206386282e-05,False
2022-08-02 22:21:10.628064+00:00,6.971178409553928e-05,False
2022-08-03 09:35:45.191904+00:00,-1.6455826247972321e-06,False
2022-08-03 11:28:10.951392+00:00,-2.9258649953009683e-05,False
2022-08-03 20:50:19.754880+00:00,5.8195312508937735e-05,False
2022-08-04 09:57:20.076480+00:00,-7.471121205447281e-05,False
2022-08-04 11:49:45.835968+00:00,-3.318871916242184e-05,False
2022-08-04 21:11:54.637728+00:00,-2.1317538018284722e-05,False
2022-08-05 10:18:54.958464+00:00,0.0001751448302001873,False
2022-08-05 12:11:20.717088+00:00,-3.665590001569023e-05,False
2022-08-05 19:41:03.755904+00:00,1.0017691643312991e-05,False
2022-08-06 10:40:29.832672+00:00,9.962915290398078e-05,False
2022-08-06 12:32:55.590432+00:00,-5.253020879545902e-05,False
2022-08-06 21:55:04.389600+00:00,2.2543885349947805e-05,False
2022-08-07 11:02:04.704288+00:00,-4.461809932871233e-05,False
2022-08-07 14:46:56.223264+00:00,1.8349030721072533e-05,False
2022-08-07 22:16:39.259488+00:00,7.046303835621245e-05,False
2022-08-08 11:23:39.575040+00:00,0.00012364801913370736,False
2022-08-08 13:16:05.334528+00:00,1.390711695688465e-05,False
2022-08-08 15:08:31.093152+00:00,-2.6419752106194082e-05,False
2022-08-08 20:45:48.370752+00:00,-3.949085899401529e-05,False
2022-08-09 13:37:40.202688+00:00,0.00024290535708749742,False
2022-08-09 15:30:05.962176+00:00,-2.380056305258798e-06,False
2022-08-09 21:07:23.239776+00:00,2.0136122235482686e-05,False
2022-08-10 10:14:23.555328+00:00,5.378772943222562e-05,False
2022-08-10 12:06:49.314816+00:00,5.905997870436545e-07,False
2022-08-10 21:28:58.113120+00:00,0.00010435161445976567,False
2022-08-11 10:35:58.429536+00:00,5.648974277562548e-05,False
2022-08-11 12:28:24.189024+00:00,-3.313241571822498e-06,False
2022-08-12 12:49:59.063232+00:00,0.00019974877945838778,False
2022-08-12 16:34:50.584800+00:00,6.20565759789378e-05,False
2022-08-12 20:19:42.104640+00:00,9.506243046303766e-06,False
2022-08-13 13:11:33.945216+00:00,0.00012759800504928668,False
2022-08-13 20:41:16.984896+00:00,-1.863752401443489e-05,False
2022-08-14 07:55:51.546144+00:00,3.528506863302988e-05,False
2022-08-14 11:40:43.066848+00:00,9.577525186795314e-05,False
2022-08-14 21:02:51.867744+00:00,9.16434515019773e-05,False
2022-08-15 08:17:26.427264+00:00,-4.6191390344721504e-05,False
2022-08-15 12:02:17.946240+00:00,5.5479612280505256e-05,False
2022-08-15 19:32:00.985056+00:00,-9.236407389231593e-06,False
2022-08-16 08:39:01.304064+00:00,7.00421604596715e-05,False
2022-08-16 12:23:52.823040+00:00,7.951568835035497e-06,False
2022-08-16 19:53:35.862720+00:00,-1.2389395465901887e-05,False
2022-08-17 09:00:36.179136+00:00,-8.071830134086602e-05,False
2022-08-17 12:45:27.698112+00:00,4.542228800423826e-06,False
2022-08-18 13:07:02.565408+00:00,8.4709076975639e-05,False
2022-08-18 22:29:11.354208+00:00,-0.00023477563834829043,False
2022-08-19 09:43:45.907680+00:00,0.00021320984569648063,False
2022-08-19 11:36:11.667168+00:00,3.792941814695721e-05,False
2022-08-19 20:58:20.460288+00:00,3.4827834238822876e-05,False
2022-08-20 10:05:20.773248+00:00,0.00011682073579537328,False
2022-08-20 13:50:12.291360+00:00,7.737592814504682e-05,False
2022-08-20 21:19:55.320672+00:00,-0.00012299242541472611,False
2022-08-21 10:26:55.631040+00:00,0.0001572873850897492,False
2022-08-21 12:19:21.390528+00:00,3.2544435143652196e-05,False
2022-08-21 21:41:30.180192+00:00,-1.2995078166869645e-05,False
2022-08-22 08:56:04.781184+00:00,0.0015436463324360926,False
2022-08-22 20:10:39.376128+00:00,0.0017241593078305948,False
2022-08-23 09:17:39.739200+00:00,0.0018130721333458008,False
2022-08-23 11:10:05.509056+00:00,-0.0002454422336550109,False
2022-08-23 20:32:14.315136+00:00,0.0008691289217901765,False
2022-08-24 11:31:40.418688+00:00,-0.0002281737067065329,False
2022-08-24 15:16:31.947168+00:00,0.00013930789526740852,False
2022-08-24 20:53:49.255008+00:00,5.45459514106078e-05,False
2022-08-25 08:08:23.860320+00:00,-8.078406228874864e-05,False
2022-08-25 11:53:15.392256+00:00,2.4071156591061783e-05,False
2022-08-25 19:22:58.453536+00:00,-6.853934416807582e-05,False
2022-08-26 12:14:50.345952+00:00,9.648019255695684e-06,False
2022-08-26 21:36:59.171040+00:00,-0.00013631336738754041,False
2022-08-27 10:43:59.528064+00:00,-1.5943537517890732e-05,False
2022-08-27 20:06:08.352288+00:00,-4.349935762789167e-05,False
2022-08-28 09:13:08.705856+00:00,-0.00012837376076144807,False
2022-08-28 12:58:00.235200+00:00,2.9069989971402637e-05,False
2022-08-28 20:27:43.289568+00:00,-5.953952130399843e-05,False
2022-08-29 09:34:43.639680+00:00,3.4748935689421994e-05,False
2022-08-29 13:19:35.168160+00:00,3.5558746476095903e-07,False
2022-08-29 20:49:18.219936+00:00,-0.00025320549148479383,False
2022-08-30 11:48:44.331264+00:00,0.00024662753753147617,False
2022-08-30 13:41:10.095936+00:00,-9.035862636219613e-06,False
2022-08-30 21:10:53.145984+00:00,-7.318654387721261e-05,False
2022-08-31 12:10:19.249536+00:00,-2.0941474543617226e-05,False
2022-08-31 17:47:36.535776+00:00,-2.4836625435297252e-05,False
2022-08-31 21:32:28.058208+00:00,-8.708133411128577e-05,False
2022-09-01 10:39:28.394496+00:00,8.141942807964229e-06,False
2022-09-01 12:31:54.157440+00:00,-1.8451936219135572e-05,False
2022-09-01 20:01:37.203168+00:00,-6.312705574871342e-05,False
2022-09-02 12:53:29.066208+00:00,5.395270066475328e-05,False
2022-09-02 16:38:20.587776+00:00,-8.12967362945097e-05,False
2022-09-02 20:23:12.110208+00:00,5.899458546178773e-05,False
2022-09-03 13:15:03.970656+00:00,-6.757824332144486e-06,False
2022-09-03 15:07:29.731008+00:00,-4.3049199085548225e-06,False
2022-09-03 20:44:47.014656+00:00,6.318917498964428e-05,False
2022-09-04 11:44:13.106976+00:00,-0.00011038790011889388,False
2022-09-04 19:13:56.149248+00:00,-6.59429483213745e-05,False
2022-09-05 12:05:48.008832+00:00,0.000261573914333359,False
2022-09-05 13:58:13.770912+00:00,-4.2826209654224225e-05,False
2022-09-05 19:35:31.053696+00:00,1.576252579102925e-05,False
2022-09-06 10:34:57.149472+00:00,5.8485674395102906e-05,False
2022-09-06 12:27:22.911552+00:00,-7.630696241942975e-06,False
2022-09-06 19:57:05.955552+00:00,2.898987383491231e-05,False
2022-09-07 09:04:06.285792+00:00,-6.864494577781826e-06,False
2022-09-07 12:48:57.809088+00:00,-4.698402025186946e-06,False
2022-09-07 20:18:40.853088+00:00,3.4837173628784004e-05,False
2022-09-08 09:25:41.181600+00:00,6.356684074388489e-05,False
2022-09-08 13:10:32.702304+00:00,-0.00010411099177682609,False
2022-09-08 20:40:15.742848+00:00,-1.6873688971760285e-05,False
2022-09-09 13:32:07.592928+00:00,3.9537633311391256e-05,False
2022-09-09 19:09:24.871392+00:00,-8.576049905136731e-05,False
2022-09-10 12:01:16.712832+00:00,-3.090417905968947e-05,False
2022-09-10 13:53:42.472320+00:00,-4.309328451788803e-06,False
2022-09-10 19:30:59.749920+00:00,6.782649315651772e-05,False
2022-09-11 12:22:51.587904+00:00,-1.6216669836627404e-05,False
2022-09-11 19:52:34.623264+00:00,8.19570965007384e-05,False
2022-09-12 12:44:26.455200+00:00,-0.00018805915580008396,False
2022-09-12 16:29:17.969856+00:00,7.063770205428403e-06,False
2022-09-12 20:14:09.487968+00:00,-4.5499341882536406e-05,False
2022-09-13 09:21:09.800064+00:00,2.4822946606662386e-05,False
2022-09-13 18:43:18.588864+00:00,-5.8559742028574497e-05,False
2022-09-13 20:35:44.348352+00:00,-2.332006875842662e-05,False
2022-09-14 02:13:01.626816+00:00,0.00030455700213983313,False
2022-09-14 13:27:36.175104+00:00,-5.700506203192701e-05,False
2022-09-14 20:57:19.203552+00:00,-0.00010007145399513897,False
2022-09-15 04:27:02.237184+00:00,0.00010398064662443831,False
2022-09-15 11:56:45.271680+00:00,1.0707884469188459e-05,False
2022-09-15 21:18:54.062208+00:00,-1.0035222663823965e-05,False
2022-09-16 12:18:20.130336+00:00,0.00015382045562234743,False
2022-09-16 16:03:11.645856+00:00,1.3715050806900692e-05,False
2022-09-16 19:48:03.163104+00:00,0.00010997811867106345,False
2022-09-17 12:39:54.988992+00:00,0.00020005441494845902,False
2022-09-17 14:32:20.745888+00:00,8.361942039554752e-06,False
2022-09-17 22:02:03.777792+00:00,-9.588244222415338e-05,False
2022-09-18 09:16:38.330400+00:00,0.00018699388777568716,False
2022-09-18 13:01:29.846784+00:00,2.3140538292320262e-05,False
2022-09-18 20:31:12.877824+00:00,-6.701152961826928e-05,False
2022-09-19 09:38:13.185600+00:00,-6.304307199458012e-05,False
2022-09-19 13:23:04.701984+00:00,4.796435869762612e-05,False
2022-09-19 20:52:47.738208+00:00,0.00020606285156419076,False
2022-09-20 09:59:48.044256+00:00,-1.4810317795776269e-05,False
2022-09-20 13:44:39.558048+00:00,-4.973811501664477e-05,False
2022-09-20 21:14:22.588224+00:00,-3.162626883157816e-05,False
2022-09-21 08:28:57.133920+00:00,0.0001392468366916255,False
2022-09-21 21:35:57.438240+00:00,-3.032876864053898e-05,False
2022-09-22 08:50:31.981344+00:00,-4.0180657626270725e-05,False
2022-09-22 12:35:23.496000+00:00,-1.5773045874123686e-05,False
2022-09-22 21:57:32.281344+00:00,9.1215730490535e-05,False
2022-09-23 09:12:06.823584+00:00,7.217602331091043e-05,False
2022-09-23 12:56:58.334784+00:00,-4.131734018625612e-05,False
2022-09-23 14:49:24.089952+00:00,-2.4515244939998146e-05,False
2022-09-23 20:26:41.362368+00:00,0.00014335054915514872,False
2022-09-24 11:26:07.416672+00:00,0.00011583005328870264,False
2022-09-24 13:18:33.171840+00:00,-6.936613843450001e-06,False
2022-09-24 20:48:16.197696+00:00,0.00012570601493945652,False
2022-09-25 09:55:16.494240+00:00,-2.7961011617394152e-05,False
2022-09-25 13:40:08.002848+00:00,-0.00012700316998877825,False
2022-09-25 21:09:51.025248+00:00,0.00013686352548892053,False
2022-09-26 08:24:25.558848+00:00,-2.041145836198986e-05,False
2022-09-26 14:01:42.824352+00:00,-9.234173492117143e-05,False
2022-09-26 19:39:00.091584+00:00,-6.0383527150491296e-05,False
2022-09-27 08:46:00.379488+00:00,8.396718071947311e-05,False
2022-09-27 12:30:51.891552+00:00,3.981531135399575e-05,False
2022-09-27 20:00:34.920000+00:00,0.00021969714194700228,False
2022-09-28 09:07:35.213952+00:00,-2.3656227607596553e-05,False
2022-09-28 12:52:26.726016+00:00,0.00010752901999817353,False
2022-09-28 20:22:09.751872+00:00,0.000287398617329026,False
2022-09-29 11:21:35.801856+00:00,0.00010158012155378601,False
2022-09-29 13:14:01.555296+00:00,-7.593510858020288e-05,False
2022-09-29 20:43:44.581152+00:00,-1.8743842835433004e-05,False
2022-09-30 09:50:44.872512+00:00,9.375654707578402e-05,False
2022-09-30 11:43:10.626816+00:00,-5.7517656374217685e-05,False
2022-09-30 19:12:53.651808+00:00,4.3959117696941417e-05,False
2022-10-01 12:04:45.456960+00:00,8.893402614135022e-05,False
2022-10-01 13:57:11.211264+00:00,-6.383430194787501e-05,False
2022-10-01 19:34:28.486272+00:00,0.00039140423879044687,False
2022-10-02 12:26:20.285376+00:00,-8.551718242466756e-05,False
2022-10-02 19:56:03.309504+00:00,1.2428987288135506e-06,False
2022-10-03 10:55:29.352576+00:00,-6.6222843739384245e-06,False
2022-10-03 12:47:55.106016+00:00,-5.017441688172362e-05,False
2022-10-03 20:17:38.128416+00:00,1.353204607652628e-05,False
2022-10-04 13:09:29.925792+00:00,0.00023273379706253804,False
2022-10-04 16:54:21.436128+00:00,-5.700593549035441e-05,False
2022-10-04 20:39:12.947328+00:00,0.00013761443853109353,False
2022-10-05 13:31:04.742112+00:00,0.0001663948080508009,False
2022-10-05 15:23:30.497280+00:00,-3.8344352877295334e-05,False
2022-10-05 17:15:56.253312+00:00,9.024152392485756e-05,False
2022-10-05 19:08:22.011072+00:00,0.0002591251969725329,False
2022-10-06 12:00:13.798944+00:00,-9.76645738890697e-05,False
2022-10-06 17:37:31.061856+00:00,-7.606945001099046e-05,False
2022-10-06 19:29:56.816160+00:00,-3.126190891923313e-05,False
2022-10-07 10:29:22.847136+00:00,-9.973909139521095e-05,False
2022-10-07 12:21:48.603168+00:00,0.0002290484374943072,False
2022-10-07 19:51:31.619520+00:00,-2.2650430847681013e-05,False
2022-10-08 03:21:14.636736+00:00,7.853379463907279e-05,False
2022-10-08 08:58:31.899648+00:00,0.00012376022816452787,False
2022-10-08 12:43:23.406528+00:00,-3.341058571746711e-05,False
2022-10-08 18:20:40.672896+00:00,0.00026689045248767053,False
2022-10-09 11:12:32.458176+00:00,7.370091754401419e-05,False
2022-10-09 13:04:58.213344+00:00,7.688467302279287e-05,False
2022-10-09 14:57:23.968512+00:00,-3.4346229932428037e-06,False
2022-10-09 20:34:41.229696+00:00,-6.557206837440381e-05,False
2022-10-10 11:34:07.257216+00:00,-7.575492416468394e-07,False
2022-10-10 13:26:33.011520+00:00,-2.4540679509489403e-05,False
2022-10-10 20:56:16.027872+00:00,0.0001196636396435212,False
2022-10-11 11:55:42.199680+00:00,0.011707068663636098,False
2022-10-11 15:40:33.737664+00:00,0.00029763907820218874,False
2022-10-11 19:25:25.271328+00:00,0.00013303253079704835,False
2022-10-12 14:09:42.985440+00:00,0.0006882770293807495,False
2022-10-12 16:02:08.757024+00:00,1.666436639089297e-05,False
2022-10-12 19:47:00.299328+00:00,0.0001622359927301618,False
2022-10-13 12:38:52.227168+00:00,0.00010146107041009606,False
2022-10-13 20:08:35.305728+00:00,4.597969889736433e-06,False
2022-10-14 09:15:35.689536+00:00,-0.00021722154968451156,False
2022-10-14 13:00:27.229248+00:00,0.0001696505855978874,False
2022-10-14 20:30:10.304352+00:00,-0.00035341766104301,False
2022-10-15 13:22:02.228736+00:00,7.602522648344714e-05,False
2022-10-15 13:22:02.229600+00:00,1.2047320614244772e-05,False
2022-10-15 20:51:45.305568+00:00,4.208640271972163e-05,False
2022-10-16 11:51:11.453184+00:00,-7.5328254441485345e-06,False
2022-10-16 17:28:28.757568+00:00,-6.999428134904279e-05,False
2022-10-16 21:13:20.294688+00:00,8.044001878799473e-05,False
2022-10-17 14:05:12.205248+00:00,-6.669728738359907e-05,False
2022-10-17 15:57:37.972512+00:00,-2.2887200088064975e-05,False
2022-10-17 19:42:29.508768+00:00,8.64848739008075e-05,False
2022-10-18 12:34:21.418464+00:00,-4.133175522167922e-05,False
2022-10-18 20:04:04.491840+00:00,5.525196188770942e-05,False
2022-10-19 09:11:04.863552+00:00,1.148257589311447e-05,False
2022-10-19 12:55:56.398080+00:00,-7.6099066236014e-05,False
2022-10-19 20:25:39.466272+00:00,-5.706071043412036e-05,False
2022-10-20 09:32:39.837120+00:00,9.69584338104419e-05,False
2022-10-20 13:17:31.370784+00:00,-3.1763814318704746e-05,False
2022-10-20 20:47:14.438976+00:00,3.769867809302524e-05,False
2022-10-21 09:54:14.806368+00:00,-3.542301086688617e-05,False
2022-10-21 11:46:40.571904+00:00,-5.188398194146503e-05,False
2022-10-21 19:16:23.642688+00:00,0.000148898580815776,False
2022-10-22 12:08:15.542016+00:00,-6.500971873989834e-05,False
2022-10-22 14:00:41.309280+00:00,-5.921010701491486e-05,False
2022-10-22 19:37:58.607616+00:00,-0.00016655722937147013,False
2022-10-23 12:29:50.505216+00:00,-3.008906372330272e-05,False
2022-10-23 16:14:42.038880+00:00,0.00015618225599780338,False
2022-10-23 19:59:33.573408+00:00,0.00019032550373537468,False
2022-10-24 12:51:25.467552+00:00,-1.9523845612525907e-05,False
2022-10-24 14:43:51.233952+00:00,-1.671272017958922e-05,False
2022-10-24 18:28:42.766752+00:00,4.2449581764881426e-05,False
2022-10-25 11:20:34.661760+00:00,0.0001387433378922248,False
2022-10-25 18:50:17.725632+00:00,-2.8131218359400947e-05,False
2022-10-26 09:49:43.855968+00:00,9.838838275905788e-05,False
2022-10-26 11:42:09.620640+00:00,-4.875546375491439e-05,False
2022-10-26 21:04:18.450912+00:00,0.00017655283084689802,False
2022-10-27 12:03:44.570880+00:00,-7.62697879170655e-05,False
2022-10-27 15:48:36.102816+00:00,6.439556206901427e-05,False
2022-10-27 19:33:27.633024+00:00,1.611803090105677e-05,False
2022-10-28 12:25:19.522848+00:00,0.00014837592063976783,False
2022-10-28 16:10:11.053920+00:00,1.4439204915386426e-05,False
2022-10-28 18:02:36.818592+00:00,-4.83702451082876e-05,False
2022-10-29 09:02:02.936832+00:00,3.675189912914149e-05,False
2022-10-29 20:16:37.526592+00:00,5.434328892970868e-05,False
2022-10-30 01:53:54.821472+00:00,0.00010145526677596925,False
2022-10-30 11:16:03.639648+00:00,-0.0001630099340101582,False
2022-10-30 16:53:20.931936+00:00,-5.2222765181216473e-05,False
2022-10-30 20:38:12.462144+00:00,0.00024081588943213077,False
2022-10-31 09:45:12.810528+00:00,-1.1061311341929026e-05,False
2022-10-31 11:37:38.575200+00:00,-1.289751520750582e-05,False
2022-10-31 20:59:47.396832+00:00,0.00014062726596569724,False
2022-11-01 11:59:13.509888+00:00,-1.1663351921865483e-05,False
2022-11-01 19:28:56.564256+00:00,-3.940443301547732e-05,False
2022-11-02 12:20:48.436800+00:00,-5.732799499379821e-05,False
2022-11-02 12:20:48.437664+00:00,6.02365073350345e-05,False
2022-11-02 16:05:39.964416+00:00,-9.798887310267047e-06,False
2022-11-02 19:50:31.492032+00:00,0.00013143705251543756,False
2022-11-03 10:49:57.599904+00:00,3.033188423204024e-05,False
2022-11-03 12:42:23.363712+00:00,4.800491950803463e-06,False
2022-11-03 20:12:06.417216+00:00,9.677267560950625e-05,False
2022-11-04 13:03:58.282848+00:00,-0.0002954395833011748,False
2022-11-04 14:56:24.045792+00:00,1.1253381168131335e-05,False
2022-11-04 20:33:41.336352+00:00,0.00014473196231454394,False
2022-11-05 13:25:33.203712+00:00,5.173616032501068e-05,False
2022-11-05 20:55:16.252032+00:00,-7.159091346921662e-07,False
2022-11-06 11:54:42.347808+00:00,-6.409913749614907e-05,False
2022-11-07 10:23:51.493632+00:00,0.00012653454379113894,False
2022-11-07 21:38:26.063520+00:00,-3.123960998778369e-05,False
2022-11-08 10:45:26.393760+00:00,0.00013753839707967959,False
2022-11-08 16:22:43.675680+00:00,-6.772955967134757e-05,False
2022-11-08 20:07:35.199840+00:00,0.0001351189452996199,False
2022-11-09 12:59:27.044736+00:00,-0.00021831338218889415,False
2022-11-09 18:36:44.325792+00:00,3.6727806139129655e-05,False
2022-11-09 20:29:10.087008+00:00,1.6959775587352275e-05,False
2022-11-10 13:21:01.933632+00:00,0.00011474552179262668,False
2022-11-10 18:58:19.216416+00:00,9.070363128793871e-05,False
2022-11-11 11:50:11.059584+00:00,-2.132148231302579e-05,False
2022-11-11 13:42:36.820800+00:00,6.305837220283622e-05,False
2022-11-11 21:12:19.863072+00:00,0.00014013821495513376,False
2022-11-12 14:04:11.700192+00:00,-5.828177316898812e-05,False
2022-11-12 21:33:54.740736+00:00,9.979390414047582e-05,False
2022-11-13 10:40:55.058016+00:00,3.3442617321070302e-06,False
2022-11-13 20:03:03.858912+00:00,7.232719589212866e-05,False
2022-11-14 11:02:29.939136+00:00,8.990890800768427e-05,False
2022-11-14 14:47:21.458976+00:00,7.5980779167573e-05,False
2022-11-14 20:24:38.741760+00:00,0.00017341968763572648,False
2022-11-15 13:16:30.578880+00:00,-1.7673260859773213e-05,False
2022-11-15 17:01:22.096992+00:00,1.4731127081484392e-05,False
2022-11-15 20:46:13.616832+00:00,7.202309059777116e-06,False
2022-11-16 09:53:13.934112+00:00,6.693194565840808e-05,False
2022-11-16 13:38:05.453952+00:00,6.044273152323257e-05,False
2022-11-16 19:15:22.735008+00:00,0.0001500930881175719,False
2022-11-17 10:14:48.809184+00:00,-0.00014619088461071444,False
2022-11-17 12:07:14.569536+00:00,5.5802978479284676e-05,False
2022-11-17 13:59:40.329024+00:00,3.606987220723647e-05,False
2022-11-17 19:36:57.609216+00:00,0.00012401770923606932,False
2022-11-18 10:36:23.680800+00:00,-0.00011830263157745565,False
2022-11-18 12:28:49.440288+00:00,4.275715841116846e-05,False
2022-11-18 19:58:32.477376+00:00,0.0001094923611580871,False
2022-11-19 10:57:58.546368+00:00,-5.348731269972691e-05,False
2022-11-19 12:50:24.304128+00:00,3.892986010566664e-05,False
2022-11-19 20:20:07.339488+00:00,0.0001108009839805219,False
2022-11-20 13:11:59.166240+00:00,5.2007794213709574e-05,False
2022-11-20 16:56:50.685216+00:00,0.00012535402725760404,False
2022-11-20 20:41:42.203328+00:00,2.6810013358622343e-05,False
2022-11-21 11:41:08.267136+00:00,-9.742464760124792e-05,False
2022-11-21 17:18:25.543872+00:00,0.00016413758939240344,False
2022-11-21 21:03:17.061984+00:00,6.301940799170004e-05,False
2022-11-22 12:02:43.122336+00:00,-0.00010106678372712822,False
2022-11-22 17:40:00.396480+00:00,6.369592209238516e-05,False
2022-11-22 19:32:26.154240+00:00,1.4615001853461823e-05,False
2022-11-23 12:24:17.976672+00:00,0.00017663991652361276,False
2022-11-23 14:16:43.734432+00:00,2.5902079491772655e-05,False
2022-11-23 21:46:26.768064+00:00,4.470038211633136e-05,False
2022-11-24 12:45:52.833600+00:00,0.00010643348576617269,False
2022-11-24 22:08:01.625856+00:00,0.00013230857964038862,False
2022-11-25 09:22:36.175008+00:00,7.597473814936595e-05,False
2022-11-25 11:15:01.932768+00:00,-4.8042200480742086e-05,False
2022-11-25 20:37:10.724160+00:00,0.0001292118450935289,False
2022-11-26 09:44:11.029344+00:00,2.937643151025766e-05,False
2022-11-26 13:29:02.545728+00:00,9.248332674242042e-05,False
2022-11-26 20:58:45.581952+00:00,0.00016328543211406967,False
2022-11-27 02:36:02.852640+00:00,-0.0001376571004400071,False
2022-11-27 11:58:11.646624+00:00,0.00014921467803646356,False
2022-11-27 13:50:37.405248+00:00,1.5543023292031657e-05,False
2022-11-27 21:20:20.438880+00:00,4.256039281084986e-05,False
2022-11-28 14:12:12.262176+00:00,7.57692173346615e-05,False
2022-11-28 19:49:29.538048+00:00,5.3325672240915334e-05,False
2022-11-29 08:56:29.841504+00:00,3.131044380297256e-06,False
2022-11-29 10:48:55.599264+00:00,4.481136315880922e-05,False
2022-11-29 16:26:12.873408+00:00,0.00013544793601448664,False
2022-11-30 09:18:04.692384+00:00,-4.6342644158252805e-05,False
2022-11-30 13:02:56.207040+00:00,6.269474098922115e-05,False
2022-11-30 20:32:39.239808+00:00,0.00010107378242580912,False
2022-12-01 09:39:39.540672+00:00,-2.9652161620091652e-05,False
2022-12-01 13:24:31.054464+00:00,5.711240559396242e-05,False
2022-12-01 20:54:14.084640+00:00,4.290328903179666e-05,False
2022-12-02 11:53:40.137216+00:00,1.9532923551088282e-05,False
2022-12-02 17:30:57.409632+00:00,0.00013127994773160504,False
2022-12-02 21:15:48.923424+00:00,4.82285426910619e-05,False
2022-12-03 14:07:40.733760+00:00,0.0001614369777805849,False
2022-12-03 16:00:06.491520+00:00,1.851136991911643e-06,False
2022-12-03 19:44:58.005312+00:00,4.7786175313638884e-05,False
2022-12-04 12:36:49.815648+00:00,8.798329299687373e-05,False
2022-12-04 14:29:15.572544+00:00,2.0014493064927156e-05,False
2022-12-04 20:06:32.844096+00:00,5.072855676386527e-05,False
2022-12-05 11:05:58.894944+00:00,7.843503211228353e-05,False
2022-12-05 12:58:24.651840+00:00,6.529701310485723e-05,False
2022-12-05 20:28:07.679424+00:00,0.00011281850818026844,False
2022-12-06 09:35:07.974240+00:00,-5.470698757893954e-06,False
2022-12-06 13:19:59.488896+00:00,0.00011783687342252619,False
2022-12-06 20:49:42.515616+00:00,8.21253679424836e-05,False
2022-12-07 13:41:34.330272+00:00,0.00020262156682276553,False
2022-12-07 19:18:51.601824+00:00,2.5944554157596446e-05,False
2022-12-08 14:03:09.169920+00:00,0.00014335410261163278,False
2022-12-08 19:40:26.440608+00:00,7.52960231971068e-05,False
2022-12-09 12:32:18.250944+00:00,0.00016202441687535193,False
2022-12-10 05:24:10.063008+00:00,8.443730731940165e-05,False
2022-12-10 09:09:01.575936+00:00,2.7902364000075407e-05,False
2022-12-10 11:01:27.332832+00:00,5.4224470511414675e-05,False
2022-12-10 12:53:53.090592+00:00,6.138858873482463e-05,False
2022-12-10 20:23:36.116448+00:00,-2.555665832577254e-05,False
2022-12-11 09:30:36.412992+00:00,2.312765962804496e-05,False
2022-12-11 13:15:27.926784+00:00,0.00010988998486483352,False
2022-12-11 20:45:10.949184+00:00,-6.654166829888006e-05,False
2022-12-12 09:52:11.241408+00:00,9.707080945309046e-05,False
2022-12-12 11:44:36.997440+00:00,6.426409707029627e-05,False
2022-12-12 13:37:02.753472+00:00,-2.797532131760398e-05,False
2022-12-12 21:06:45.775008+00:00,2.6685397346991132e-05,False
2022-12-13 13:58:37.577568+00:00,8.689982061210324e-05,False
2022-12-13 21:28:20.597376+00:00,0.0007757205862052185,False
2022-12-14 12:27:46.770048+00:00,0.009149268133885785,False
2022-12-14 18:05:04.073568+00:00,-7.8063453312817e-05,False
2022-12-14 19:57:29.839968+00:00,-7.01444306643569e-06,False
2022-12-15 09:04:30.214272+00:00,0.00019953335311686976,False
2022-12-15 12:49:21.750528+00:00,3.732546904347866e-05,False
2022-12-15 20:19:04.816128+00:00,1.597679830000326e-05,False
2022-12-16 09:26:05.187840+00:00,0.0002364621593580045,False
2022-12-16 13:10:56.724096+00:00,6.061392888999203e-05,False
2022-12-16 15:03:22.492224+00:00,2.2193324237012496e-05,False
2022-12-16 20:40:39.787968+00:00,-0.00025414711579356005,False
2022-12-17 11:40:05.926944+00:00,1.8107135389289333e-05,False
2022-12-17 21:02:14.761536+00:00,3.41494431755108e-05,False
2022-12-18 12:01:40.895328+00:00,-5.469845808444169e-05,False
2022-12-18 13:54:06.662592+00:00,3.7722328951332396e-06,False
2022-12-18 21:23:49.725600+00:00,-0.00010809518620460818,False
2022-12-19 08:38:24.326592+00:00,0.0001517829975273816,False
2022-12-19 18:00:33.160320+00:00,0.00013130147365510007,False
2022-12-19 19:52:58.924128+00:00,-0.00013571666262936,False
2022-12-20 12:44:50.823456+00:00,-2.8582272518043347e-05,False
2022-12-20 18:22:08.120928+00:00,-3.332670426662444e-05,False
2022-12-21 11:14:00.019392+00:00,9.498255978020059e-05,False
2022-12-21 13:06:25.785792+00:00,-2.87125984106936e-05,False
2022-12-22 09:43:09.206688+00:00,-2.3299741963751894e-05,False
2022-12-22 11:35:34.972224+00:00,-2.2489330215470688e-05,False
2022-12-22 20:57:43.794720+00:00,-7.776695743641089e-05,False
2022-12-23 10:04:44.152608+00:00,6.74554517861399e-05,False
2022-12-23 13:49:35.683680+00:00,-3.926902320939201e-05,False
2022-12-23 19:26:52.975968+00:00,-6.526319618965585e-05,False
2022-12-24 10:26:19.093344+00:00,-1.4011203911770985e-05,False
2022-12-24 12:18:44.858016+00:00,-9.524013604957376e-06,False
2022-12-24 21:40:53.677056+00:00,2.2085716703269936e-05,False
2022-12-25 10:47:54.020256+00:00,-0.00014965601981822602,False
2022-12-25 12:40:19.784064+00:00,8.95066455240386e-06,False
2022-12-25 22:02:28.598784+00:00,3.5861107949442816e-05,False
2022-12-26 11:09:28.941984+00:00,3.278087929551294e-05,False
2022-12-26 13:01:54.704064+00:00,-5.1387357707523955e-05,False
2022-12-26 20:31:37.754976+00:00,0.00014159100755898343,False
2022-12-27 13:23:29.616288+00:00,-0.0001956411012497349,False
2022-12-27 19:00:46.902528+00:00,0.00012459781761523306,False
2022-12-28 10:00:12.999168+00:00,-9.504149263525301e-05,False
2022-12-28 13:45:04.522464+00:00,-7.772714871486677e-05,False
2022-12-28 19:22:21.806976+00:00,0.000129271773616276,False
2022-12-29 12:14:13.663104+00:00,4.6286472161754394e-05,False
2022-12-30 10:43:22.805472+00:00,0.00016699429857051017,False
2022-12-30 12:35:48.566688+00:00,-3.74446172850993e-05,False
2022-12-31 09:12:31.942656+00:00,7.317857013509411e-05,False
2022-12-31 12:57:23.466816+00:00,-1.7294686624468085e-05,False
2022-12-31 20:27:06.511680+00:00,0.0001536092859634119,False
2023-01-01 11:26:32.604864+00:00,0.00014693191318208355,False
2023-01-01 15:11:24.127296+00:00,1.4176574319675247e-05,False
2023-01-01 22:41:07.171296+00:00,2.4960323576911066e-05,False
2023-01-02 11:48:07.500672+00:00,-5.7986366568336175e-06,False
2023-01-02 13:40:33.262752+00:00,1.4703519350891057e-05,False
2023-01-02 21:10:16.305888+00:00,6.191691621683224e-05,False
2023-01-03 14:02:08.156832+00:00,-1.4183629301652614e-05,False
2023-01-03 15:54:33.917184+00:00,2.5587501937306122e-05,False
2023-01-04 12:31:17.282784+00:00,8.194331447921877e-05,False
2023-01-04 14:23:43.043136+00:00,7.252677326186287e-05,False
2023-01-04 21:53:26.078496+00:00,-0.00017397064018977973,False
2023-01-05 12:52:52.154400+00:00,-3.5140560931036394e-05,False
2023-01-05 20:22:35.192352+00:00,6.058803552417225e-05,False
2023-01-06 22:36:35.820864+00:00,-4.108144285623719e-05,False
2023-01-07 02:21:27.337248+00:00,-6.449650334702578e-05,False
2023-01-07 06:06:18.852768+00:00,-4.205622450564688e-05,False
2023-01-07 15:28:27.644160+00:00,4.186215604836939e-05,False
2023-01-07 21:05:44.918304+00:00,4.8030954438337106e-05,False
2023-01-08 12:05:10.979520+00:00,-3.522165991641778e-05,False
2023-01-08 13:57:36.737280+00:00,1.2263477988991552e-05,False
2023-01-08 21:27:19.766592+00:00,8.061839051676349e-05,False
2023-01-09 12:26:45.826944+00:00,2.3170969366415354e-05,False
2023-01-09 14:19:11.582976+00:00,1.9524932852468284e-05,False
2023-01-09 16:11:37.339872+00:00,3.56479750374768e-05,False
2023-01-09 21:48:54.614016+00:00,9.021602629334048e-05,False
2023-01-10 14:40:46.428672+00:00,0.00014074447967394845,False
2023-01-10 14:40:46.429536+00:00,2.4094575798902624e-05,False
2023-01-10 22:10:29.458848+00:00,8.299711920211906e-05,False
2023-01-11 13:09:55.514016+00:00,0.00018256226949273102,False
2023-01-11 18:47:12.783840+00:00,7.020196260876553e-06,False
2023-01-11 20:39:38.539872+00:00,-0.0001381485801354585,False
2023-01-12 19:08:47.626944+00:00,0.0003256608125877225,False
2023-01-12 21:01:13.384704+00:00,-5.740550924963745e-05,False
2023-01-13 13:53:05.198496+00:00,0.00024252353507259232,False
2023-01-13 15:45:30.955392+00:00,4.348596555445143e-05,False
2023-01-13 21:22:48.228672+00:00,0.00012006542612302635,False
2023-01-14 12:22:14.284704+00:00,0.00022821559173624966,False
2023-01-15 14:36:14.876064+00:00,0.00019706948192482385,False
2023-01-15 22:05:57.905376+00:00,0.0001380484769078846,False
2023-01-16 13:05:23.954496+00:00,0.00010814405215918551,False
2023-01-16 14:57:49.709664+00:00,2.962411622559089e-05,False
2023-01-16 20:35:06.975168+00:00,0.00010294029062463546,False
2023-01-17 13:26:58.772544+00:00,5.044379311571482e-05,False
2023-01-17 20:56:41.788032+00:00,0.00016560138108751322,False
2023-01-18 13:48:33.584544+00:00,8.958342606398066e-05,False
2023-01-18 21:18:16.611264+00:00,0.00020298527146307306,False
2023-01-19 14:10:08.401728+00:00,0.00018454325336592585,False
2023-01-20 10:46:51.693888+00:00,8.456393308337723e-06,False
2023-01-20 16:24:08.952480+00:00,4.998201725249423e-05,False
2023-01-21 14:53:17.997216+00:00,0.00048622718076901206,False
2023-01-22 11:30:01.285920+00:00,0.0003771401698363784,False
2023-01-23 17:28:53.347008+00:00,0.0004834050948386067,False
2023-01-24 19:42:53.900352+00:00,0.0004948041366247428,False
2023-01-25 12:34:45.681312+00:00,1.241800789637999e-05,False
2023-01-25 18:12:02.941632+00:00,9.89127753299957e-06,False
2023-01-26 03:34:11.710560+00:00,0.00023937292230959113,False
2023-01-26 14:48:46.232064+00:00,3.983850385173897e-05,False
2023-01-27 11:25:29.519904+00:00,0.00017653110025071735,False
2023-01-27 13:17:55.272480+00:00,5.892463593255165e-06,False
2023-01-27 18:55:12.536256+00:00,0.00020257205924591228,False
2023-01-28 11:47:04.308576+00:00,-4.928831064900639e-05,False
2023-01-28 13:39:30.060288+00:00,4.830871623593119e-06,False
2023-01-28 21:09:13.073184+00:00,0.00012165780761775211,False
2023-01-29 12:08:39.094656+00:00,8.86833935301204e-05,False
2023-01-29 21:30:47.854080+00:00,-4.416725814647567e-08,False
2023-01-30 14:22:39.625536+00:00,0.00016559638102769117,False
2023-01-30 18:07:31.130688+00:00,3.8053797677198786e-05,False
2023-01-30 21:52:22.633248+00:00,3.81206388448402e-05,False
2023-01-31 12:51:48.642624+00:00,-0.0001773955833198085,False
2023-01-31 18:29:05.900352+00:00,0.00017594760911973368,False
2023-01-31 20:21:31.651200+00:00,2.2058800453487386e-06,False
2023-02-01 01:58:48.906336+00:00,0.0001342523470866228,False
2023-02-02 13:34:58.536192+00:00,0.013845893500977143,False
2023-02-02 21:04:41.616480+00:00,0.00033329389932504783,False
2023-02-03 13:56:33.537408+00:00,3.5019457564337993e-06,False
2023-02-03 21:26:16.615104+00:00,0.00011158508374112724,False
2023-02-04 03:03:33.919488+00:00,-0.0001460484033378925,False
2023-02-04 14:18:08.532576+00:00,-3.936453385292645e-05,False
2023-02-04 21:47:51.610272+00:00,0.00012625123688812237,False
2023-02-05 03:25:08.920704+00:00,9.989483232839259e-05,False
2023-02-05 12:47:17.764800+00:00,3.2445849945546485e-05,False
2023-02-05 22:09:26.614944+00:00,0.0002814742359274182,False
2023-02-06 11:16:26.999616+00:00,0.00010735830174701444,False
2023-02-06 13:08:52.766880+00:00,-0.00010589362683696379,False
2023-02-06 20:38:35.847168+00:00,0.0003101829583792195,False
2023-02-07 11:38:01.990464+00:00,-0.0004091826616026906,False
2023-02-07 13:30:27.761184+00:00,0.00010338968716075704,False
2023-02-07 21:00:10.838016+00:00,-1.8086266069116747e-05,False
2023-02-08 11:59:36.989952+00:00,0.00014704940872940347,False
2023-02-08 13:52:02.758944+00:00,-4.901199735941859e-05,False
2023-02-08 21:21:45.835776+00:00,0.00023119455331765317,False
2023-02-09 10:28:46.208352+00:00,1.3325390690212453e-05,False
2023-02-09 19:50:55.050720+00:00,0.0002018442877292775,False
2023-02-09 21:43:20.817120+00:00,2.760220740225986e-05,False
2023-02-10 03:20:38.118912+00:00,4.0884997312183396e-05,False
2023-02-10 20:12:30.019104+00:00,-0.0001160320650692819,False
2023-02-11 01:49:47.317440+00:00,-6.895201185818013e-06,False
2023-02-11 13:04:21.910656+00:00,-0.0002744459775261614,False
2023-02-11 20:34:04.978848+00:00,0.0002521111429066665,False
2023-02-12 04:03:48.046176+00:00,0.00017054244866666237,False
2023-02-12 13:25:56.872128+00:00,3.4635614606692345e-06,False
2023-02-13 11:55:06.049920+00:00,-0.0001205409911191706,False
2023-02-13 13:47:31.815456+00:00,-2.1519083941100166e-05,False
2023-02-14 12:16:40.982880+00:00,4.846159386155815e-05,False
2023-02-14 14:09:06.747552+00:00,9.267011118629066e-07,False
2023-02-14 19:46:24.045888+00:00,0.00019942625139992467,False
2023-02-15 12:38:15.911520+00:00,-0.00022445045235771266,False
2023-02-15 18:15:33.208128+00:00,0.00040661863467008995,False
2023-02-16 12:59:50.846208+00:00,0.00018901590093893284,False
2023-02-16 18:37:08.138496+00:00,0.00016805367506067873,False
2023-02-16 22:21:59.663520+00:00,1.027549959587287e-05,False
2023-02-17 13:21:25.770528+00:00,1.957322495268522e-06,False
2023-02-17 18:58:43.062816+00:00,0.00012417176123376197,False
2023-02-17 20:51:08.826624+00:00,7.381528494890328e-05,False
2023-02-18 13:43:00.694848+00:00,9.728230210521099e-05,False
2023-02-18 19:20:17.988864+00:00,0.0002946015557991392,False
2023-02-19 14:04:35.618304+00:00,0.00018299382684656913,False
2023-02-19 19:41:52.908864+00:00,0.00017070795950877978,False
2023-02-20 12:33:44.771904+00:00,-0.00010197077763959909,False
2023-02-21 03:33:10.877184+00:00,0.00025604140953517117,False
2023-02-21 14:47:45.452256+00:00,0.00012994225971283256,False
2023-02-21 20:25:02.737632+00:00,-0.00010311446821895803,False
2023-02-22 03:54:45.786816+00:00,8.744013654365558e-06,False
2023-02-22 13:16:54.597216+00:00,0.0001461965123576673,False
2023-02-22 20:46:37.642944+00:00,5.581005657828273e-05,False
2023-02-23 11:46:03.731808+00:00,-5.02260194002517e-05,False
2023-02-23 13:38:29.492160+00:00,-3.0090851224268662e-06,False
2023-02-23 21:08:12.535296+00:00,5.355295744720586e-05,False
2023-02-24 12:07:38.621568+00:00,3.1346002696709034e-05,False
2023-02-24 14:00:04.381920+00:00,1.0496321568409456e-05,False
2023-02-24 21:29:47.424192+00:00,4.070409573663071e-05,False
2023-02-25 12:29:13.504416+00:00,-0.00012982009532388559,False
2023-02-25 14:21:39.265632+00:00,0.00010865444813948526,False
2023-02-25 21:51:22.304448+00:00,3.0652932812577375e-05,False
2023-02-26 12:50:48.384672+00:00,0.0003655326766096897,False
2023-02-26 18:28:05.662272+00:00,3.737372939748243e-05,False
2023-02-26 20:20:31.420896+00:00,3.3732989883084106e-05,False
2023-02-27 11:19:57.497664+00:00,0.00016332106666941285,False
2023-02-27 18:49:40.529568+00:00,-0.00018312554401163494,False
2023-02-27 20:42:06.294240+00:00,0.000228700278265456,False
2023-02-28 13:33:58.131360+00:00,0.00016280443350513046,False
2023-02-28 21:03:41.170176+00:00,0.00016506000377720633,False
2023-03-01 02:40:58.450368+00:00,9.092449136725653e-05,False
2023-03-01 21:25:16.043520+00:00,0.00023945244786131994,False
2023-03-02 03:02:33.321984+00:00,5.081190811447481e-05,False
2023-03-02 19:54:25.154784+00:00,0.00018715248317965525,False
2023-03-03 09:01:25.467744+00:00,-9.994633722570958e-05,False
2023-03-03 12:46:16.988448+00:00,0.00017711671621091225,False
2023-03-03 20:16:00.022080+00:00,-7.793782641500076e-05,False
2023-03-04 11:15:26.093664+00:00,0.00013812709526162713,False
2023-03-04 13:07:51.852288+00:00,-5.315690780795553e-05,False
2023-03-04 20:37:34.883328+00:00,-6.186934057194384e-05,False
2023-03-05 11:37:00.950592+00:00,0.00024739232413315205,False
2023-03-05 13:29:26.707488+00:00,-4.540144444088499e-05,False
2023-03-05 19:06:43.979904+00:00,-2.873867973966139e-05,False
2023-03-06 11:58:35.798016+00:00,-6.851569324523124e-05,False
2023-03-06 19:28:18.830784+00:00,0.00033586208492223377,False
2023-03-07 19:49:53.666112+00:00,-0.0001440710331051064,False
2023-03-07 21:42:19.423008+00:00,1.5840160432279086e-05,False
2023-03-08 18:19:02.740224+00:00,0.00020791183350910464,False
2023-03-09 01:48:45.764352+00:00,1.5545252021528376e-05,False
2023-03-09 20:33:03.321216+00:00,0.00024104732731485977,False
2023-03-10 04:02:46.345344+00:00,0.0001893971462050438,False
2023-03-10 20:54:38.141856+00:00,-0.00016070347180477927,False
2023-03-11 04:24:21.161664+00:00,0.00013379120895802479,False
2023-03-11 13:46:29.938368+00:00,5.5598105946517176e-05,False
2023-03-11 21:16:12.959040+00:00,0.00013426968416636878,False
2023-03-12 12:15:39.000384+00:00,0.00016979226458202135,False
2023-03-12 21:37:47.777088+00:00,5.854499903033174e-05,False
2023-03-13 12:37:13.819296+00:00,5.297206046552352e-05,False
2023-03-13 21:59:22.599456+00:00,0.000206428997692807,False
2023-03-14 12:58:48.642528+00:00,9.993313588880682e-05,False
2023-03-14 20:28:31.658880+00:00,1.8547558613904208e-05,False
2023-03-15 13:20:23.453664+00:00,0.00016858702370179242,False
2023-03-15 18:57:40.716576+00:00,2.8318558397284285e-05,False
2023-03-15 22:42:32.226912+00:00,-3.4414970044448894e-05,False
2023-03-16 13:41:58.270848+00:00,0.0001683391302720652,False
2023-03-16 19:19:15.535488+00:00,9.513518554377093e-05,False
2023-03-16 21:11:41.291520+00:00,4.4879032387956576e-05,False
2023-03-17 12:11:07.330272+00:00,-6.11156034681905e-05,False
2023-03-17 19:40:50.348352+00:00,0.0001107705358055896,False
2023-03-17 21:33:16.103520+00:00,1.7426680405958957e-05,False
2023-03-18 20:02:25.155168+00:00,0.0003104330328683545,False
2023-03-18 21:54:50.909472+00:00,2.621451394000625e-05,False
2023-03-19 12:54:16.939584+00:00,8.12598276644851e-08,False
2023-03-19 20:23:59.956800+00:00,7.320919960394212e-05,False
2023-03-20 13:15:51.736896+00:00,-8.85889697553444e-05,False
2023-03-20 17:00:43.242912+00:00,2.0131148516491695e-05,False
2023-03-21 06:07:43.517856+00:00,0.00012415835200527828,False
2023-03-21 11:45:00.778176+00:00,0.00013514567467331101,False
2023-03-21 21:07:09.543648+00:00,0.00015777863082146057,False
2023-03-22 12:06:35.565984+00:00,0.0001224932696478296,False
2023-03-22 21:28:44.334048+00:00,0.0001847601179070928,False
2023-03-23 12:28:10.359840+00:00,0.00011817368234111412,False
2023-03-23 19:57:53.374464+00:00,6.909136582173173e-05,False
2023-03-23 21:50:19.126176+00:00,3.817690568447685e-05,False
2023-03-24 12:49:45.154560+00:00,0.0002716134324027295,False
2023-03-24 20:19:28.169184+00:00,0.00010391217332509882,False
2023-03-24 22:11:53.920896+00:00,-3.0393550628770524e-05,False
2023-03-25 20:41:02.959584+00:00,0.00034632101982866174,False
2023-03-25 22:33:28.712160+00:00,5.090265115937406e-05,False
2023-03-26 22:55:03.507744+00:00,0.0004892316991197522,False
2023-03-27 04:32:20.785344+00:00,0.0007052690435961372,False
2023-03-27 13:54:29.734848+00:00,0.015403044216275365,False
2023-03-27 21:24:12.831552+00:00,-6.064385507717276e-05,False
2023-03-28 04:53:55.923072+00:00,3.613116696902808e-05,False
2023-03-28 12:23:39.018048+00:00,7.552554193820973e-05,False
2023-03-28 21:45:47.885472+00:00,1.98587189972273e-05,False
2023-03-29 05:15:30.978720+00:00,1.894743165986812e-05,False
2023-03-29 12:45:14.071968+00:00,3.342998460791714e-05,False
2023-03-29 22:07:22.937664+00:00,6.0743664978836926e-05,False
2023-03-30 05:37:06.033504+00:00,-0.00015346252838245117,False
2023-03-30 20:36:32.218272+00:00,0.00029773701886240444,False
2023-03-31 13:28:24.170304+00:00,0.00019934576769868514,False
2023-04-01 13:49:59.209536+00:00,0.0001456142126948953,False
2023-04-01 19:27:16.526016+00:00,-1.3833275426652705e-05,False
2023-04-01 21:19:42.296736+00:00,-8.632990213713586e-05,False
2023-04-02 14:11:34.248768+00:00,0.00027902946626811166,False
2023-04-02 19:48:51.564384+00:00,-5.323340155122876e-06,False
2023-04-02 21:41:17.335104+00:00,3.192262128590098e-05,False
2023-04-03 12:40:43.509504+00:00,0.00015881553187611921,False
2023-04-03 20:10:26.598432+00:00,7.121414389700987e-05,False
2023-04-04 13:02:18.540960+00:00,0.00013671319137045172,False
2023-04-04 22:24:27.398016+00:00,3.5901329455055055e-05,False
2023-04-05 05:54:10.488672+00:00,0.00016761742629889067,False
2023-04-05 13:23:53.575008+00:00,4.425248608980748e-05,False
2023-04-05 20:53:36.663072+00:00,0.00016376785907451388,False
2023-04-06 10:00:37.062432+00:00,-3.631040550869331e-05,False
2023-04-06 13:45:28.606464+00:00,3.107817059860521e-05,False
2023-04-06 21:15:11.691072+00:00,-5.764494817375573e-05,False
2023-04-07 12:14:37.863744+00:00,0.00014792026865876178,False
2023-04-07 14:07:03.635328+00:00,5.754526669818498e-05,False
2023-04-08 12:36:12.890880+00:00,0.00015326106178963815,False
2023-04-09 12:57:47.915424+00:00,7.361274692861415e-05,False
2023-04-09 20:27:30.996576+00:00,-6.416843295302906e-05,False
2023-04-09 22:19:56.767296+00:00,2.052028127724086e-05,False
2023-04-10 13:19:22.933056+00:00,0.0002002396568546622,False
2023-04-10 20:49:06.009888+00:00,-2.0691276694112103e-05,False
2023-04-11 13:40:57.943776+00:00,4.489223898724855e-06,False
2023-04-11 21:10:41.019744+00:00,-0.00027665229737756827,False
2023-04-12 04:40:24.106944+00:00,0.0004808134753708368,False
2023-04-12 14:02:32.954496+00:00,-0.000116507573838969,False
2023-04-13 08:46:50.647872+00:00,0.00027516349597800675,False
2023-04-13 18:08:59.494560+00:00,0.00010645400531529125,False
2023-04-14 11:00:51.413760+00:00,2.8186437168300506e-05,False
2023-04-14 20:23:00.259584+00:00,9.090931033280955e-05,False
2023-04-15 13:14:52.176192+00:00,-0.0001563854994806676,False
2023-04-15 20:44:35.247840+00:00,-9.666121625156519e-05,False
2023-04-16 13:36:27.170496+00:00,0.0004915571907412427,False
2023-04-16 21:06:10.239552+00:00,-4.674024090800847e-05,False
2023-04-17 04:35:53.310336+00:00,-0.00011371358017285712,False
2023-04-17 13:58:02.148384+00:00,3.857181250261572e-05,False
2023-04-17 21:27:45.217440+00:00,-1.8142253434806876e-05,False
2023-04-18 06:49:54.057216+00:00,-5.607224689079831e-05,False
2023-04-18 10:34:45.591744+00:00,4.738163166640676e-05,False
2023-04-18 21:49:20.196192+00:00,5.066381588054875e-05,False
2023-04-19 12:48:46.329984+00:00,-0.00019350883968074237,False
2023-04-19 14:41:12.097248+00:00,8.443390659735776e-06,False
2023-04-19 22:10:55.161120+00:00,2.832798410209558e-06,False
2023-04-20 13:10:21.290592+00:00,1.5710150974755074e-05,False
2023-04-20 16:55:12.822528+00:00,3.8526520276514664e-05,False
2023-04-20 20:40:04.353600+00:00,7.45261691754757e-05,False
2023-04-21 09:47:04.712352+00:00,-5.6455810235115614e-05,False
2023-04-21 22:54:05.068512+00:00,-7.541332755832506e-07,False
2023-04-22 12:01:05.423808+00:00,-0.0001464825122695045,False
2023-04-22 21:23:14.246304+00:00,4.6547766690071375e-05,False
2023-04-23 12:22:40.359360+00:00,-0.00016125448809997786,False
2023-04-23 21:44:49.173216+00:00,-0.00013165148448968453,False
2023-04-24 03:22:06.450816+00:00,-0.0008469675654378734,False
2023-04-24 14:36:41.034528+00:00,0.0005216686693252438,False
2023-04-25 13:05:50.197632+00:00,0.0005323783684488092,False
2023-04-26 15:19:50.867616+00:00,-1.948438650355871e-05,False
2023-04-26 20:57:08.151264+00:00,7.233126759683806e-05,False
2023-04-27 11:56:34.245312+00:00,-7.159410353370344e-05,False
2023-04-27 13:49:00.006528+00:00,-4.645432869622886e-05,False
2023-04-28 12:18:09.144576+00:00,6.286619867669978e-05,False
2023-04-28 14:10:34.905792+00:00,1.8053072258204545e-05,False
2023-04-29 12:39:44.036064+00:00,-4.55827912354294e-05,False
2023-04-30 13:01:18.919776+00:00,7.993749671060914e-05,False
2023-04-30 14:53:44.680128+00:00,1.5098001742703872e-05,False
2023-05-01 13:22:53.804352+00:00,0.00021410395398792836,False
2023-05-01 20:52:36.843168+00:00,6.46745050436049e-05,False
2023-05-02 13:44:28.678560+00:00,-0.00016505603423019551,False
2023-05-02 13:44:28.679424+00:00,-1.6063046989076626e-05,False
2023-05-02 19:21:45.955296+00:00,1.7186480726294568e-05,False
2023-05-03 14:06:03.545856+00:00,0.00010745091856784433,False
2023-05-03 19:43:20.819136+00:00,3.505791021824954e-05,False
2023-05-03 21:35:46.577760+00:00,-2.2924384612560678e-05,False
2023-05-04 12:35:12.644160+00:00,4.311532800212067e-05,False
2023-05-04 20:04:55.675200+00:00,-9.075902047935347e-06,False
2023-05-05 20:26:30.529536+00:00,0.00018780772085790723,False
2023-05-06 15:10:48.101088+00:00,-7.583072481800985e-05,False
2023-05-07 00:32:56.885568+00:00,8.27547450964368e-05,False
2023-05-07 11:47:31.425216+00:00,-0.00011427611460599924,False
2023-05-07 21:09:40.209696+00:00,0.00029838171729200413,False
2023-05-08 04:39:23.237280+00:00,0.00010348396690118526,False
2023-05-08 21:31:15.045888+00:00,-2.135862380267604e-05,False
2023-05-09 05:00:58.071744+00:00,8.723945241693838e-05,False
2023-05-09 14:23:06.853632+00:00,0.00013602583882883106,False
2023-05-10 12:52:15.926016+00:00,0.00012536394488666064,False
2023-05-10 20:21:58.943232+00:00,-0.00019670286852795394,False
2023-05-11 13:13:50.750112+00:00,0.00047728712758050477,False
2023-05-11 22:35:59.526816+00:00,-7.803435137804964e-05,False
2023-05-12 09:50:34.063872+00:00,0.0002924997922289999,False
2023-05-12 21:05:08.594880+00:00,1.7588263827471827e-05,False
2023-05-13 12:04:34.635360+00:00,0.00022426315967816532,False
2023-05-13 21:26:43.405152+00:00,-0.00021923272395625308,False
2023-05-14 03:04:00.665472+00:00,-0.0001166373156344693,False
2023-05-14 14:18:35.196480+00:00,0.00040547652962665253,False
2023-05-14 19:55:52.458528+00:00,-0.00010790502625532467,False
2023-05-15 03:25:35.474880+00:00,-2.477327669255911e-05,False
2023-05-15 12:47:44.246400+00:00,0.00018983372791289078,False
2023-05-15 18:25:01.508448+00:00,1.7112652718632515e-05,False
2023-05-16 03:47:10.274784+00:00,-0.00010590860086270149,False
2023-05-16 13:09:19.041984+00:00,0.00010595331635447511,False
2023-05-16 20:39:02.053152+00:00,-0.0002084893644760679,False
2023-05-17 11:38:28.076352+00:00,0.00013870094398286674,False
2023-05-17 21:00:36.838368+00:00,-1.9909732582050715e-05,False
2023-05-18 12:00:02.859840+00:00,0.00014418161051699886,False
2023-05-18 13:52:28.613280+00:00,9.667000247991247e-05,False
2023-05-18 21:22:11.625312+00:00,-8.010589284439578e-05,False
2023-05-19 17:58:54.908832+00:00,0.00040587300458335595,False
2023-05-19 21:43:46.413120+00:00,2.6355341438157188e-05,False
2023-05-20 18:20:29.684544+00:00,-8.64797874273175e-05,False
2023-05-20 20:12:55.437120+00:00,3.4888777248982666e-05,False
2023-05-21 13:04:47.209440+00:00,0.0003423363118536766,False
2023-05-21 18:42:04.464576+00:00,-0.00013494971611859074,False
2023-05-21 20:34:30.218016+00:00,6.349415123887511e-05,False
2023-05-22 13:26:21.992064+00:00,0.0004994919293339536,False
2023-05-22 19:03:39.248928+00:00,3.163563181175777e-07,False
2023-05-22 20:56:04.999776+00:00,-3.299155505822944e-05,False
2023-05-23 21:17:39.772032+00:00,-6.199166348980895e-06,False
2023-05-24 01:02:31.276320+00:00,0.00010378428117806046,False
2023-05-24 16:01:57.291744+00:00,0.0002436644211207203,False
2023-05-25 22:00:49.527360+00:00,0.013858762141586762,False
2023-05-26 03:38:06.839520+00:00,0.0004678282180050728,False
2023-05-26 13:00:15.690528+00:00,8.058870051781848e-05,False
2023-05-26 20:29:58.768224+00:00,0.00013251532125133992,False
2023-05-27 03:59:41.845920+00:00,0.00011282298651948855,False
2023-05-27 20:51:33.769440+00:00,0.0001575899905471122,False
2023-05-28 06:13:42.611808+00:00,-0.00025891257781243465,False
2023-05-28 09:58:34.148928+00:00,3.58537723268626e-05,False
2023-05-28 21:13:08.761152+00:00,-0.00013492325779149733,False
2023-05-29 10:20:09.136320+00:00,0.00011013448185405745,False
2023-05-29 14:05:00.671712+00:00,3.921578367445521e-05,False
2023-05-29 21:34:43.741632+00:00,-5.8071498727388306e-05,False
2023-05-30 10:41:44.114208+00:00,0.00021962950728743525,False
2023-05-30 14:26:35.649600+00:00,-2.397325813982528e-05,False
2023-05-30 21:56:18.719520+00:00,-3.6704666950704564e-05,False
2023-05-31 11:03:19.097280+00:00,0.00032735318690412614,False
2023-05-31 12:55:44.863680+00:00,-2.4277259332771123e-05,False
2023-05-31 22:17:53.700864+00:00,-9.133573292812488e-05,False
2023-06-01 09:32:28.307040+00:00,7.464101389759916e-05,False
2023-06-01 20:47:02.908032+00:00,-0.00024542558620629804,False
2023-06-02 13:38:54.816000+00:00,0.0004399692364514973,False
2023-06-02 17:23:46.349664+00:00,-8.934687196326531e-05,False
2023-06-03 02:45:55.184256+00:00,-1.7978905732150233e-06,False
2023-06-03 14:00:29.790432+00:00,0.00020516717453876132,False
2023-06-03 21:30:12.861216+00:00,6.02285413270712e-05,False
2023-06-04 10:37:13.232064+00:00,2.158116600976294e-05,False
2023-06-04 14:22:04.765728+00:00,-8.413934801780189e-06,False
2023-06-04 21:51:47.832192+00:00,-1.927532071581093e-05,False
2023-06-05 10:58:48.194400+00:00,-5.7351657312505966e-05,False
2023-06-05 14:43:39.728928+00:00,6.336229745827277e-06,False
2023-06-05 22:13:22.795392+00:00,8.605551950425509e-05,False
2023-06-06 13:12:48.922272+00:00,2.8156808759004313e-05,False
2023-06-06 16:57:40.455936+00:00,-1.337821583226915e-05,False
2023-06-06 20:42:31.987008+00:00,-1.4663155160117785e-05,False
2023-06-07 13:34:23.877696+00:00,5.7971183714158176e-06,False
2023-06-07 17:19:15.410496+00:00,7.415467914272609e-05,False
2023-06-07 21:04:06.941568+00:00,-2.7203389333161126e-05,False
2023-06-08 13:55:58.823616+00:00,-6.83967535808489e-05,False
2023-06-08 15:48:24.588288+00:00,2.238578652143024e-05,False
2023-06-08 23:18:07.643520+00:00,-7.580679941488525e-05,False
2023-06-09 14:17:33.754848+00:00,-0.0001339811821243314,False
2023-06-09 19:54:51.048864+00:00,0.00029343482069203654,False
2023-06-10 05:16:59.870496+00:00,2.6532723934356373e-06,False
2023-06-10 12:46:42.924000+00:00,-3.555344184462582e-05,False
2023-06-10 22:08:51.744768+00:00,4.612787515434095e-05,False
2023-06-11 13:08:17.854368+00:00,0.0002204631253707581,False
2023-06-11 13:08:17.856096+00:00,5.220499057874135e-05,False
2023-06-11 20:38:00.907008+00:00,-0.00010284701517640348,False
2023-06-12 13:29:52.779552+00:00,0.00023691505272230426,False
2023-06-12 19:07:10.070112+00:00,0.00012409950360576724,False
2023-06-12 20:59:35.833920+00:00,3.9587495183310344e-05,False
2023-06-13 13:51:27.704736+00:00,3.757350172612153e-05,False
2023-06-13 19:28:44.998752+00:00,0.0001547934058141567,False
2023-06-13 21:21:10.761696+00:00,4.221677073905174e-05,False
2023-06-14 14:13:02.633376+00:00,-9.104053309326221e-05,False
2023-06-14 19:50:19.925664+00:00,0.00020767078025484508,False
2023-06-15 01:27:37.218816+00:00,2.660276672430499e-05,False
2023-06-15 12:42:11.799936+00:00,4.872320827169991e-05,False
2023-06-15 18:19:29.089632+00:00,-9.702271467840865e-06,False
2023-06-16 01:49:12.144864+00:00,6.810692819402095e-05,False
2023-06-16 13:03:46.725984+00:00,-5.665682171579852e-06,False
2023-06-16 18:41:04.016544+00:00,4.511946302951577e-05,False
2023-06-17 02:10:47.073504+00:00,0.00017286425984439836,False
2023-06-17 11:32:55.889952+00:00,2.6503894062565708e-05,False
2023-06-17 20:55:04.705536+00:00,2.4285995303273395e-05,False
2023-06-18 04:24:47.756448+00:00,-8.758623788558844e-05,False
2023-06-18 11:54:30.805632+00:00,-2.8354729701659916e-05,False
2023-06-18 19:24:13.853952+00:00,-5.367474254931541e-06,False
2023-06-19 12:16:05.713536+00:00,-5.4495590095593265e-05,False
2023-06-19 21:38:14.522208+00:00,-1.719302537675496e-05,False
2023-06-20 10:45:14.856768+00:00,0.00013823737412687007,False
2023-06-20 16:22:32.141280+00:00,-3.0388673312483887e-05,False
2023-06-20 20:07:23.665440+00:00,4.732384571259712e-05,False
2023-06-21 12:59:15.516384+00:00,1.602643084199569e-05,False
2023-06-21 16:44:07.036224+00:00,-3.3153730921952655e-05,False
2023-06-21 18:36:32.796576+00:00,-2.8649724870794766e-05,False
2023-06-22 18:58:07.682016+00:00,0.00014077364025457973,False
2023-06-24 00:56:59.846784+00:00,0.00012242362542231894,False
2023-06-25 03:11:00.485664+00:00,-0.00010165536824928895,False
2023-06-26 09:09:52.646112+00:00,0.0005097371559451775,False
2023-06-27 09:31:27.527232+00:00,0.00014473570018635058,False
2023-06-28 09:53:02.405760+00:00,3.2179036294140075e-05,False
2023-06-29 10:14:37.283424+00:00,8.929887647113734e-05,False
2023-06-30 14:21:03.678336+00:00,0.00018198201130345705,False
2023-07-01 18:27:30.061152+00:00,4.745517013862217e-05,False
2023-07-03 02:18:47.949120+00:00,3.78507749660176e-05,False
2023-07-04 02:40:22.801728+00:00,0.00016216355538950733,False
2023-07-05 10:31:40.677600+00:00,0.00018032515890810673,False
2023-07-06 10:53:15.524160+00:00,0.00024639013468032937,False
2023-07-07 18:44:33.402624+00:00,0.00018439046815740053,False
2023-07-08 19:06:08.253504+00:00,0.00032450335034806845,False
2023-07-10 04:49:51.896640+00:00,0.0004005068244510144,False
2023-07-11 10:48:44.028576+00:00,0.00039944418717459656,False
2023-07-12 11:10:18.877728+00:00,8.006777557202584e-05,False
2023-07-13 17:09:10.993248+00:00,0.00023358376363623323,False
2023-07-14 17:30:45.838944+00:00,0.00025731718683385824,False
2023-07-15 17:52:20.672544+00:00,0.00015893462620783115,False
2023-07-16 20:06:21.261312+00:00,0.0002456970886260142,False
2023-07-18 02:05:13.365600+00:00,0.0003968267833485381,False
2023-07-19 02:26:48.194016+00:00,0.00016225389012829747,False
2023-07-20 17:47:49.083648+00:00,0.000552314601765577,False
2023-07-21 18:09:23.930208+00:00,0.0004357266230542814,False
2023-07-24 13:36:51.181056+00:00,0.0005017700846385699,False
2023-07-25 13:58:26.013792+00:00,9.613451758466138e-05,False
2023-07-26 14:20:00.839616+00:00,6.98985971213362e-05,False
2023-07-26 21:49:43.862016+00:00,-2.2677163961728295e-05,False
2023-07-27 12:49:09.907680+00:00,0.00014229377591114075,False
2023-07-27 18:26:27.175776+00:00,5.851586397356713e-05,False
2023-07-27 22:11:18.684384+00:00,3.936114429820562e-05,False
2023-07-28 13:10:44.725728+00:00,0.0001907618119479747,False
2023-07-28 18:48:01.991232+00:00,6.030284568471996e-05,False
2023-07-29 19:09:36.804960+00:00,4.353439647404307e-05,False
2023-07-30 19:31:11.622144+00:00,0.00022374488846534064,False
2023-08-01 01:30:03.993408+00:00,0.013861494636981086,False
2023-08-02 01:51:38.993760+00:00,0.0021873159952512248,False
2023-08-03 02:13:13.985472+00:00,-0.003693360500758552,False
2023-08-04 02:34:48.992736+00:00,0.00010287006714154772,False
2023-08-05 02:56:24.000864+00:00,-0.00016732650924616512,False
2023-08-06 03:17:59.005536+00:00,-4.66421502411772e-05,False
2023-08-07 03:39:34.011072+00:00,0.0004367541452472103,False
2023-08-08 09:38:26.307168+00:00,5.1218653065664274e-05,False
2023-08-09 10:00:01.297152+00:00,0.00012838622446809182,False
2023-08-10 10:21:36.278496+00:00,0.00011282640533445893,False
2023-08-11 10:43:11.258976+00:00,0.00018379077231482415,False
2023-08-12 18:34:29.319744+00:00,0.0004777486480696148,False
2023-08-13 18:56:04.291584+00:00,-0.0005586693515265766,False
2023-08-14 19:17:39.270336+00:00,0.00024102172340626502,False
2023-08-16 01:16:31.548288+00:00,-0.00014336795834340863,False
2023-08-17 01:38:06.514080+00:00,-0.00030115847102543024,False
2023-08-18 03:52:07.235040+00:00,-7.781250733861976e-05,False
2023-08-19 04:13:42.182688+00:00,-3.4574257293439156e-05,False
2023-08-20 12:05:00.175200+00:00,-0.00015097484494343792,False
2023-08-21 19:56:18.148704+00:00,-7.608977736037317e-05,False
2023-08-23 01:55:10.355808+00:00,-0.00013800530223518975,False
2023-08-24 21:01:02.885376+00:00,9.522324310245442e-05,False
2023-08-25 02:38:20.173344+00:00,-3.234772143144296e-05,False
2023-08-25 13:52:54.750144+00:00,0.00018769249134599627,False
2023-08-25 21:22:37.800192+00:00,0.00011040066291772022,False
2023-08-26 10:29:38.133024+00:00,-0.0002694890930510336,False
2023-08-26 14:14:29.658048+00:00,-3.964017137227562e-06,False
2023-08-26 21:44:12.705504+00:00,0.00010543266731639081,False
2023-08-27 08:58:47.277120+00:00,-5.336443326566347e-05,False
2023-08-27 18:20:56.084928+00:00,6.093924782644958e-05,False
2023-08-27 22:05:47.610816+00:00,5.361781052608036e-05,False
2023-08-28 18:42:30.986784+00:00,-7.849420103757656e-05,False
2023-08-28 20:34:56.748864+00:00,-1.742623032079281e-05,False
2023-08-29 20:56:31.647264+00:00,0.00014357209980146073,False
2023-08-30 04:26:14.689536+00:00,-7.766692071530281e-05,False
2023-08-30 21:18:06.534432+00:00,9.515432883591148e-05,False
2023-08-31 04:47:49.573248+00:00,-0.00013591765783879997,False
2023-08-31 19:47:15.654336+00:00,6.235093336490893e-05,False
2023-09-01 12:39:07.490592+00:00,-0.00011815339808946197,False
2023-09-01 14:31:33.250080+00:00,-8.046152560738162e-06,False
2023-09-01 20:08:50.531136+00:00,0.00014827018000645212,False
2023-09-02 13:00:42.359616+00:00,-0.00024750522185356327,False
2023-09-02 18:37:59.634624+00:00,2.1539299219061934e-06,False
2023-09-02 22:22:51.153600+00:00,0.00012542251547957285,False
2023-09-03 13:22:17.223456+00:00,7.448515486576613e-05,False
2023-09-03 18:59:34.501056+00:00,0.00016037672932672198,False
2023-09-04 13:43:52.088160+00:00,-5.6778935440939096e-05,False
2023-09-04 19:21:09.366624+00:00,0.00018740298623194732,False
2023-09-05 14:05:26.952864+00:00,-5.350319405698754e-05,False
2023-09-05 19:42:44.229600+00:00,9.594942009198919e-05,False
2023-09-06 12:34:36.058080+00:00,7.382173000617038e-05,False
2023-09-06 21:56:44.851200+00:00,0.00017437568323573638,False
2023-09-07 01:41:36.367584+00:00,-7.925293143573465e-05,False
2023-09-07 12:56:10.919328+00:00,-6.592574559605925e-05,False
2023-09-07 22:18:19.712448+00:00,-4.8911033701600016e-05,False
2023-09-08 02:03:11.231424+00:00,0.00017346452756197665,False
2023-09-08 13:17:45.783168+00:00,-2.4889318837983574e-05,False
2023-09-08 20:47:28.821984+00:00,0.0004159972388178293,False
2023-09-09 02:24:46.095264+00:00,-0.00010755500096661062,False
2023-09-09 13:39:20.645280+00:00,8.068627470659103e-05,False
2023-09-10 10:16:03.983232+00:00,-8.117544739712402e-05,False
2023-09-10 14:00:55.496160+00:00,-4.427432719286766e-05,False
2023-09-11 10:37:38.832384+00:00,5.6723519937851785e-05,False
2023-09-11 14:22:30.343584+00:00,-4.0999597247735946e-05,False
2023-09-12 10:59:13.678080+00:00,0.0002601065263010611,False
2023-09-12 14:44:05.188416+00:00,2.1847472091308912e-05,False
2023-09-12 20:21:22.464288+00:00,0.0003304218113751759,False
2023-09-13 13:13:14.268576+00:00,-0.0003779459632397742,False
2023-09-13 18:50:31.540992+00:00,0.0001665432770107153,False
2023-09-13 22:35:23.057376+00:00,0.0001022869246515213,False
2023-09-14 13:34:49.102176+00:00,-0.0001838539385809822,False
2023-09-14 21:04:32.127168+00:00,5.507646288991631e-05,False
2023-09-14 21:04:32.128032+00:00,4.818913060972252e-05,False
2023-09-15 12:03:58.176288+00:00,0.00011592710566046176,False
2023-09-16 03:03:24.224544+00:00,0.00015493858634863832,False
2023-09-16 12:25:33.002976+00:00,-3.359674800198668e-05,False
2023-09-17 12:47:07.832256+00:00,4.114468542812643e-05,False
2023-09-18 11:16:16.904640+00:00,0.00017541524088519574,False
2023-09-18 13:08:42.658944+00:00,-1.0849193812571343e-05,False
2023-09-18 20:38:25.683936+00:00,5.14886303643597e-05,False
2023-09-19 19:07:34.753728+00:00,0.0003719740908075699,False
2023-09-20 13:51:52.308864+00:00,0.0001595685035626876,False
2023-09-20 21:21:35.333856+00:00,0.00015507884961159826,False
2023-09-21 01:06:26.844192+00:00,-7.057916933727057e-06,False
2023-09-21 14:13:27.131232+00:00,4.2146638721604076e-05,False
2023-09-21 21:43:10.157952+00:00,0.00017614646074121758,False
2023-09-22 01:28:01.663968+00:00,-0.000189508380787505,False
2023-09-22 12:42:36.193248+00:00,7.274112926247906e-05,False
2023-09-22 20:12:19.215648+00:00,0.0001382682522588514,False
2023-09-23 01:49:36.477696+00:00,-7.186687103509321e-05,False
2023-09-23 13:04:11.006976+00:00,5.930866782166255e-05,False
2023-09-24 02:11:11.292288+00:00,0.00011528942687851322,False
2023-09-24 13:25:45.819840+00:00,6.628504862011739e-07,False
2023-09-24 20:55:28.840512+00:00,0.00025320901309639653,False
2023-09-25 02:32:46.100832+00:00,-2.581919548679791e-05,False
2023-09-25 13:47:20.623200+00:00,2.8158527790004867e-05,False
2023-09-25 21:17:03.636960+00:00,-0.00015901745062094546,False
2023-09-26 10:24:03.912768+00:00,0.00012748450701947545,False
2023-09-26 12:16:29.666208+00:00,0.00011217861217078844,False
2023-09-26 19:46:12.681696+00:00,0.00010195546952707456,False
2023-09-27 12:38:04.594848+00:00,0.0122708929488996,False
2023-09-27 18:15:21.903552+00:00,4.549338603831085e-05,False
2023-09-28 14:52:05.370240+00:00,0.0004938081925636985,False
2023-09-28 20:29:22.679808+00:00,6.146181152759481e-05,False
2023-09-29 02:06:39.988512+00:00,5.857795845773884e-05,False
2023-09-29 13:21:14.605056+00:00,0.00016549181652363013,False
2023-09-30 02:28:14.986272+00:00,-0.0003532199083301139,False
2023-09-30 06:13:06.524256+00:00,-4.480572031179656e-05,False
2023-10-01 04:42:15.753888+00:00,9.843714230689792e-05,False
2023-10-01 14:04:24.596256+00:00,-3.7203584596011305e-05,False
2023-10-01 19:41:41.904096+00:00,0.00015507570668909257,False
2023-10-02 10:41:08.051712+00:00,1.1951981238476954e-05,False
2023-10-02 20:03:16.889760+00:00,-0.0001483416474576857,False
2023-10-03 12:55:08.799456+00:00,-0.00010445826946126199,False
2023-10-03 14:47:34.568448+00:00,2.7494281017826073e-05,False
2023-10-03 22:17:17.640960+00:00,0.00012729522410995074,False
2023-10-04 13:16:43.782528+00:00,-1.4197696843015392e-05,False
2023-10-04 18:54:01.085184+00:00,3.39228260806725e-05,False
2023-10-04 20:46:26.851584+00:00,-0.00010913526577577867,False
2023-10-05 13:38:18.749184+00:00,-0.00018731452096323702,False
2023-10-05 21:08:01.813920+00:00,-4.154369521792444e-05,False
2023-10-06 02:45:19.112256+00:00,-1.5946580710641872e-05,False
2023-10-06 13:59:53.704608+00:00,-9.361808364095791e-05,False
2023-10-06 21:29:36.766752+00:00,2.847860833324258e-05,False
2023-10-07 10:36:37.128096+00:00,0.0002271567513883774,False
2023-10-07 12:29:02.891904+00:00,-0.0002102329688478819,False
2023-10-07 21:51:11.717856+00:00,4.8555348316410855e-06,False
2023-10-08 12:50:37.837824+00:00,-0.00011289759645776573,False
2023-10-08 18:27:55.132704+00:00,8.900724600789424e-05,False
2023-10-08 20:20:20.896512+00:00,-1.6879992558487395e-05,False
2023-10-09 13:12:12.772512+00:00,-0.00029768894826203834,False
2023-10-09 18:49:30.064800+00:00,1.9600764791534385e-05,False
2023-10-09 20:41:55.828608+00:00,2.4323224563538186e-05,False
2023-10-10 13:33:47.701152+00:00,-0.00010378912495832333,False
2023-10-10 21:03:30.758976+00:00,0.00019205649094506907,False
2023-10-11 02:40:48.051264+00:00,0.00010322292048574033,False
2023-10-11 13:55:22.632384+00:00,-8.010211101197319e-05,False
2023-10-12 04:54:48.743712+00:00,0.00018487116941269156,False
2023-10-12 14:16:57.555840+00:00,-0.00014275368926289719,False
2023-10-12 21:46:40.609344+00:00,0.00012710442974278493,False
2023-10-13 05:16:23.661120+00:00,-3.7306075578347845e-05,False
2023-10-13 14:38:32.476704+00:00,7.183337985191407e-05,False
2023-10-13 22:08:15.526752+00:00,7.1754062603884605e-06,False
2023-10-14 11:15:15.862176+00:00,-0.00010525907697214197,False
2023-10-14 13:07:41.622528+00:00,-0.0001533189979394869,False
2023-10-14 20:37:24.672576+00:00,0.0001807783484682594,False
2023-10-15 11:36:50.769216+00:00,4.988215805062338e-05,False
2023-10-15 13:29:16.532160+00:00,2.1924783627150503e-05,False
2023-10-15 20:58:59.580480+00:00,0.00018547039480934114,False
2023-10-16 11:58:25.670208+00:00,6.160670573074887e-06,False
2023-10-16 13:50:51.432288+00:00,-2.3598217783321088e-06,False
2023-10-16 21:20:34.478016+00:00,0.00014508521668686944,False
2023-10-17 14:12:26.325504+00:00,-0.0003168983499791159,False
2023-10-17 19:49:43.608288+00:00,3.556121647413416e-05,False
2023-10-18 05:11:52.411776+00:00,2.9197958600534683e-05,False
2023-10-18 20:11:18.493728+00:00,-1.568382141091786e-05,False
2023-10-18 22:03:44.254944+00:00,3.465521403277868e-05,False
2023-10-19 13:03:10.332576+00:00,0.00011720858832047016,False
2023-10-19 20:32:53.370528+00:00,-4.003658824615989e-05,False
2023-10-20 13:24:45.205920+00:00,-8.32355617821884e-05,False
2023-10-20 20:54:28.244736+00:00,2.2886712458476558e-05,False
2023-10-21 02:31:45.522336+00:00,-1.1447211433295948e-05,False
2023-10-21 13:46:20.078400+00:00,4.5736393870664705e-06,False
2023-10-21 21:16:03.115488+00:00,0.00011955529672090658,False
2023-10-22 04:45:46.149984+00:00,-1.393707333603684e-05,False
2023-10-22 14:07:54.945696+00:00,8.117465763844632e-05,False
2023-10-22 21:37:37.980192+00:00,3.303828141844419e-05,False
2023-10-23 05:07:21.012960+00:00,-6.726400868017916e-05,False
2023-10-23 21:59:12.840576+00:00,9.152636767599626e-05,False
2023-10-24 12:58:38.907840+00:00,-6.387360418125206e-05,False
2023-10-24 12:58:38.908704+00:00,6.826795123489965e-05,False
2023-10-24 14:51:04.665600+00:00,-2.551873323425416e-05,False
2023-10-25 13:20:13.760448+00:00,1.8049207901518066e-05,False
2023-10-25 20:49:56.791488+00:00,0.0001025256747289726,False
2023-10-26 13:41:48.607872+00:00,-1.2850971954938558e-05,False
2023-10-26 21:11:31.636320+00:00,1.3948329796239765e-05,False
2023-10-27 14:03:23.447520+00:00,-5.0490536638293006e-05,False
2023-10-27 19:40:40.719072+00:00,7.952506002057935e-05,False
2023-10-27 21:33:06.476832+00:00,4.663502524280461e-06,False
2023-10-28 12:32:32.528544+00:00,-6.06042697965368e-06,False
2023-10-28 20:02:15.550944+00:00,1.0565744975453862e-05,False
2023-10-28 21:54:41.306976+00:00,-7.757775462511498e-05,False
2023-10-29 12:54:07.350912+00:00,-4.241314353072229e-05,False
2023-10-29 22:16:16.131936+00:00,0.00020461680178801887,False
2023-10-30 03:53:33.395712+00:00,-8.660804152194728e-05,False
2023-10-30 20:45:25.197408+00:00,0.0001759560516812706,False
2023-10-31 04:15:08.216352+00:00,6.436524301947428e-05,False
2023-10-31 13:37:16.991328+00:00,-2.7068604834007794e-05,False
2023-10-31 21:07:00.012000+00:00,9.874053957305691e-05,False
2023-11-01 04:36:43.029216+00:00,1.0690609130454905e-05,False
2023-11-01 13:58:51.804192+00:00,0.00012692221728628647,False
2023-11-01 21:28:34.824000+00:00,6.462084307780727e-05,False
2023-11-02 04:58:17.841216+00:00,4.447286693069046e-05,False
2023-11-02 12:28:00.860160+00:00,-2.895543423940703e-05,False
2023-11-02 21:50:09.636864+00:00,0.00018701422962648582,False
2023-11-03 10:57:09.916992+00:00,-0.00012743285664429095,False
2023-11-03 12:49:35.671296+00:00,2.8802126964545827e-05,False
2023-11-03 22:11:44.445408+00:00,0.00010340731477588358,False
2023-11-04 13:11:10.479840+00:00,8.991871603982043e-05,False
2023-11-04 20:40:53.494464+00:00,-1.686072741131514e-05,False
2023-11-04 22:33:19.248768+00:00,1.1779639553612635e-05,False
2023-11-05 13:32:45.279744+00:00,0.00016988430296501064,False
2023-11-05 21:02:28.294368+00:00,1.0102338180019611e-05,False
2023-11-06 02:39:45.554688+00:00,0.0001038469350859158,False
2023-11-06 13:54:20.071872+00:00,-0.00024283984726412242,False
2023-11-06 21:24:03.087360+00:00,0.0001077911542356236,False
2023-11-07 03:01:20.344224+00:00,6.709300981377553e-05,False
2023-11-07 14:15:54.860544+00:00,4.586649476600395e-05,False
2023-11-08 03:22:55.126848+00:00,0.00010254013281980418,False
2023-11-08 12:45:03.890592+00:00,0.00010581712166049146,False
2023-11-08 22:07:12.651744+00:00,1.357790226478423e-05,False
2023-11-09 03:44:29.906880+00:00,0.0001261258801970469,False
2023-11-09 13:06:38.668032+00:00,6.022248862737101e-05,False
2023-11-09 22:28:47.428320+00:00,0.00010465956744391475,False
2023-11-10 04:06:04.680864+00:00,4.85557500387882e-05,False
2023-11-10 13:28:13.436832+00:00,-0.0001364294894228295,False
2023-11-10 20:57:56.444544+00:00,0.00013891141494348628,False
2023-11-11 11:57:22.450464+00:00,-5.3048203894251944e-05,False
2023-11-11 13:49:48.200448+00:00,2.3279428551954725e-05,False
2023-11-11 21:19:31.207296+00:00,0.00014376356400694899,False
2023-11-12 12:18:57.214944+00:00,0.00019938896208102647,False
2023-11-12 17:56:14.468352+00:00,3.9140715767101264e-05,False
2023-11-12 21:41:05.970048+00:00,3.0953230286936425e-05,False
2023-11-13 12:40:31.975104+00:00,-3.8307331082780316e-05,False
2023-11-13 22:02:40.730208+00:00,0.00014340391237593284,False
2023-11-14 03:39:57.981888+00:00,7.137824310269982e-05,False
2023-11-14 13:02:06.737856+00:00,5.431680080754433e-05,False
2023-11-14 22:24:15.494688+00:00,0.00015121505572310496,False
2023-11-15 04:01:32.747232+00:00,9.054211511278283e-05,False
2023-11-15 13:23:41.504928+00:00,0.00023400021093326084,False
2023-11-15 22:45:50.260896+00:00,0.00011316020356902639,False
2023-11-16 11:52:50.518560+00:00,-8.533126850588117e-05,False
2023-11-16 13:45:16.270272+00:00,7.993404177236103e-05,False
2023-11-16 21:14:59.276256+00:00,0.0001875065830015107,False
2023-11-17 14:06:51.239520+00:00,0.011857511518941358,False
2023-11-17 19:44:08.552544+00:00,0.004228022775772288,False
2023-11-17 21:36:34.324992+00:00,-6.162590627689024e-05,False
2023-11-18 12:36:00.491616+00:00,-9.91127247748478e-05,False
2023-11-18 20:05:43.574496+00:00,-0.00011827040329863965,False
2023-11-18 21:58:09.345216+00:00,9.838712920671207e-05,False
2023-11-19 12:57:35.510976+00:00,-0.00013050651178800687,False
2023-11-19 20:27:18.595584+00:00,1.3504120495713801e-05,False
2023-11-19 22:19:44.366304+00:00,0.00012417768611226664,False
2023-11-20 13:19:10.527744+00:00,-5.0148420280215355e-05,False
2023-11-20 22:41:19.377888+00:00,0.00010684635985404274,False
2023-11-21 04:18:36.689184+00:00,9.131621881517178e-05,False
2023-11-21 13:40:45.541920+00:00,0.0003012381583519885,False
2023-11-21 21:10:28.619616+00:00,8.078311462645754e-06,False
2023-11-22 10:17:29.009472+00:00,0.00011462111509039042,False
2023-11-22 14:02:20.547456+00:00,-5.16281394448282e-06,False
2023-11-22 21:32:03.623424+00:00,-4.968386821291193e-05,False
2023-11-23 10:39:04.011552+00:00,7.123762753231781e-05,False
2023-11-23 12:31:29.782272+00:00,5.3679959172085926e-05,False
2023-11-23 21:53:38.631552+00:00,9.56817060945788e-05,False
2023-11-24 11:00:39.013632+00:00,9.49800835769386e-06,False
2023-11-24 12:53:04.782624+00:00,-3.673012368079806e-05,False
2023-11-24 22:15:13.629312+00:00,0.00025590235593004555,False
2023-11-25 13:14:39.782112+00:00,0.00023238766690622422,False
2023-11-25 22:36:48.623616+00:00,-9.892163944550509e-05,False
2023-11-26 11:43:49.008288+00:00,0.00014787195116523175,False
2023-11-26 13:36:14.778144+00:00,4.2507247110843755e-05,False
2023-11-26 21:05:57.852384+00:00,6.664434482672428e-05,False
2023-11-27 12:05:24.004320+00:00,0.00018345799178456722,False
2023-11-27 21:27:32.844960+00:00,6.430784738443616e-05,False
2023-11-28 12:26:58.995168+00:00,9.835260268215728e-05,False
2023-11-28 19:56:42.066816+00:00,4.718748710700089e-05,False
2023-11-29 12:48:33.983424+00:00,0.00013530249086850363,False
2023-11-30 03:48:00.129312+00:00,0.0001741171570852393,False
2023-12-01 11:39:18.177120+00:00,0.00010148524121091366,False
2023-12-01 22:53:52.778976+00:00,0.00011055169588608486,False
2023-12-02 12:00:53.137728+00:00,-0.0003626611882377851,False
2023-12-02 13:53:18.909312+00:00,0.0002665530226596487,False
2023-12-02 21:23:01.974912+00:00,0.00012192431992849801,False
2023-12-03 14:14:53.866464+00:00,-0.0003297656795455669,False
2023-12-03 19:52:11.163072+00:00,9.89314100926683e-05,False
2023-12-04 14:36:28.817568+00:00,7.297743403476012e-05,False
2023-12-04 22:06:11.877984+00:00,-3.844378445473427e-05,False
2023-12-05 03:43:29.174592+00:00,9.138050658865523e-05,False
2023-12-05 13:05:38.001408+00:00,0.00010104107010479557,False
2023-12-05 22:27:46.818720+00:00,1.775704505507683e-05,False
2023-12-06 04:05:04.111008+00:00,-0.00018681198807213659,False
2023-12-06 11:34:47.168832+00:00,-2.0122018589967586e-05,False
2023-12-06 22:49:21.750816+00:00,7.695898607898546e-05,False
2023-12-07 11:56:22.095744+00:00,-0.0001807648008628215,False
2023-12-07 13:48:47.859552+00:00,1.0507550016837308e-05,False
2023-12-08 14:10:22.786464+00:00,2.8151360836210977e-05,False
2023-12-08 19:47:40.076160+00:00,2.5619475519321103e-05,False
2023-12-08 21:40:05.842560+00:00,0.00011948935882935246,False
2023-12-09 12:39:31.953024+00:00,-5.7203374730002346e-05,False
2023-12-09 22:01:40.772064+00:00,0.00020758228531963163,False
2023-12-10 03:38:58.062624+00:00,-0.0002221108764594633,False
2023-12-10 13:01:06.880800+00:00,-5.843699555775762e-05,False
2023-12-10 22:23:15.696384+00:00,0.00012731559105741007,False
2023-12-11 04:00:32.982624+00:00,-0.00032321101146867384,False
2023-12-11 13:22:41.800800+00:00,0.00015499240111479807,False
2023-12-11 22:44:50.609472+00:00,-0.00018909919577095836,False
2023-12-12 09:59:25.184544+00:00,-0.00024366052514992033,False
2023-12-12 13:44:16.711296+00:00,6.454142772297826e-06,False
2023-12-12 21:13:59.761344+00:00,0.0003249140030002894,False
2023-12-13 10:21:00.098496+00:00,-6.131394933817368e-05,False
2023-12-13 14:05:51.622656+00:00,-8.526828470090917e-05,False
2023-12-13 21:35:34.675296+00:00,0.0003957515096013351,False
2023-12-14 10:42:35.003808+00:00,-0.00015079521503492938,False
2023-12-14 12:35:00.756384+00:00,-0.00048560960166903617,False
2023-12-14 21:57:09.559008+00:00,0.00029320156573002683,False
2023-12-15 12:56:35.636640+00:00,-0.00045955315302984446,False
2023-12-15 20:26:18.675456+00:00,0.00019790598116879135,False
2023-12-15 22:18:44.437536+00:00,0.00010681165334953954,False
2023-12-16 13:18:10.510848+00:00,-0.0003526030301161476,False
2023-12-16 20:47:53.553120+00:00,0.0005218207667726807,False
2023-12-17 02:25:10.830720+00:00,-0.0001556640162802011,False
2023-12-17 13:39:45.384192+00:00,4.388318244311255e-05,False
2023-12-17 21:09:28.418688+00:00,-0.00011024862851374667,False
2023-12-18 02:46:45.691968+00:00,-0.00036001600305761504,False
2023-12-18 14:01:20.248032+00:00,0.0002992752967816625,False
2023-12-18 21:31:03.284256+00:00,0.0002675764740561259,False
2023-12-19 03:08:20.560128+00:00,-0.0001302640734577331,False
2023-12-19 14:22:55.113600+00:00,7.67194831124243e-05,False
2023-12-20 03:29:55.422240+00:00,7.014294759999547e-05,False
2023-12-20 12:52:04.213632+00:00,-1.5369986038378357e-05,False
2023-12-20 22:14:13.006752+00:00,0.00022310175317547998,False
2023-12-21 11:21:13.309344+00:00,-0.00015631260093032994,False
2023-12-21 13:13:39.067104+00:00,2.129609752269687e-05,False
2023-12-21 22:35:47.861952+00:00,0.00036286923830586217,False
2023-12-22 11:42:48.166272+00:00,-0.0003086910957888154,False
2023-12-22 13:35:13.923168+00:00,3.7949526317887248e-06,False
2023-12-22 21:04:56.954208+00:00,0.00011832306932094884,False
2023-12-23 13:56:48.771456+00:00,-2.728699141733295e-05,False
2023-12-23 19:34:06.046464+00:00,0.0002920434349700607,False
2023-12-23 21:26:31.802496+00:00,-0.00011754530026720625,False
2023-12-24 14:18:23.611968+00:00,-1.1012182267067862e-05,False
2023-12-24 19:55:40.880064+00:00,6.976732085505277e-06,False
2023-12-24 21:48:06.637824+00:00,-1.4734672671721444e-05,False
2023-12-25 14:39:58.439520+00:00,-0.0002385690951514508,False
2023-12-25 20:17:15.705024+00:00,-4.84192721491997e-05,False
2023-12-25 22:09:41.461920+00:00,-2.0725455119353333e-06,False
2023-12-26 15:01:33.260160+00:00,5.9292972674874686e-05,False
2023-12-26 22:31:16.279968+00:00,-1.5804052319613716e-06,False
2023-12-27 02:16:07.788576+00:00,-0.00010604371675525416,False
2023-12-27 13:30:42.316992+00:00,3.703406484580345e-05,False
2023-12-27 21:00:25.333344+00:00,0.0001085856560128087,False
2023-12-28 02:37:42.595392+00:00,-0.0001223471626696546,False
2023-12-28 13:52:17.122080+00:00,0.00011878486948622993,False
2023-12-28 21:22:00.139296+00:00,0.00011705288990731487,False
2023-12-29 02:59:17.399616+00:00,-0.00011478600389662241,False
2023-12-29 14:13:51.923712+00:00,0.00013322409263622636,False
2023-12-29 21:43:34.936608+00:00,-0.00011423889261486135,False
2023-12-30 03:20:52.195200+00:00,-7.795668463139016e-05,False
2023-12-30 14:35:26.716704+00:00,9.571035574200201e-05,False
2023-12-30 22:05:09.730464+00:00,9.97320537138948e-05,False
2023-12-31 11:12:10.007136+00:00,0.0001699551126902762,False
2023-12-31 22:26:44.529504+00:00,0.00016972639288253505,False
2024-01-01 11:33:44.807040+00:00,8.167107392614549e-05,False
2024-01-01 13:26:10.559616+00:00,8.771068515546021e-05,False
2024-01-01 22:48:19.330272+00:00,5.9700248470345984e-05,False
2024-01-02 11:55:19.603488+00:00,-0.0002021512222602236,False
2024-01-02 13:47:45.356064+00:00,0.00010701176531864293,False
2024-01-02 21:17:28.371552+00:00,6.536074573324467e-05,False
2024-01-03 12:16:54.397344+00:00,-2.4726981228319496e-06,False
2024-01-03 14:09:20.149056+00:00,3.954326915964899e-05,False
2024-01-03 21:39:03.163680+00:00,3.881812252386538e-05,False
2024-01-04 12:38:29.191200+00:00,0.00013370630672382986,False
2024-01-04 14:30:54.942912+00:00,4.300077300811272e-05,False
2024-01-04 22:00:37.957536+00:00,-1.8415269521445722e-05,False
2024-01-05 14:52:29.736768+00:00,7.652334943327309e-05,False
2024-01-05 18:37:21.241920+00:00,-3.012010282866441e-06,False
2024-01-05 22:22:12.747072+00:00,-6.436411099804414e-05,False
2024-01-06 11:29:13.012512+00:00,-1.6851521550162777e-05,False
2024-01-06 18:58:56.021952+00:00,0.00011162810661855835,False
2024-01-07 13:43:13.537344+00:00,3.2524038956315525e-05,False
2024-01-07 19:20:30.790752+00:00,2.3310316938289095e-05,False
2024-01-08 14:04:48.513504+00:00,0.013996929321682073,False
2024-01-08 19:42:05.824800+00:00,0.00020511243566753397,False
2024-01-08 21:34:31.594656+00:00,-1.7180105802378836e-05,False
2024-01-09 14:26:23.518176+00:00,0.00026424686505990494,False
2024-01-09 20:03:40.825152+00:00,4.2255518657309044e-05,False
2024-01-09 21:56:06.594144+00:00,2.042895236694189e-05,False
2024-01-10 11:03:06.977088+00:00,0.000159419388952875,False
2024-01-11 02:02:33.118656+00:00,-0.0002479421680764304,False
2024-01-11 15:09:33.500736+00:00,0.0001453321720133575,False
2024-01-11 20:46:50.808576+00:00,2.6052053301728727e-05,False
2024-01-12 02:24:08.113824+00:00,6.690043880920325e-05,False
2024-01-12 13:38:42.726912+00:00,0.00017396339228998832,False
2024-01-12 21:08:25.803744+00:00,-2.1026381721079874e-06,False
2024-01-13 02:45:43.108992+00:00,0.00010245821870519837,False
2024-01-13 14:00:17.721216+00:00,6.1161061820518e-05,False
2024-01-14 03:07:18.102432+00:00,0.0001898182520147593,False
2024-01-14 14:21:52.713792+00:00,-7.747901561245532e-06,False
2024-01-14 21:51:35.789760+00:00,4.162924699260145e-05,False
2024-01-15 03:28:53.096736+00:00,0.0001747027970002863,False
2024-01-15 14:43:27.707232+00:00,5.952154850152614e-05,False
2024-01-15 22:13:10.779744+00:00,-1.6818751698914744e-05,False
2024-01-16 03:50:28.084992+00:00,0.00013056090137794567,False
2024-01-16 13:12:36.927360+00:00,0.00010567411085610551,False
2024-01-16 20:42:20.001600+00:00,0.00013120987000467743,False
2024-01-17 11:41:46.141440+00:00,-7.187467783636596e-05,False
2024-01-17 13:34:11.906112+00:00,-0.0001529242146738809,False
2024-01-17 21:03:54.977760+00:00,-4.474107250848668e-05,False
2024-01-18 12:03:21.118464+00:00,0.00022802900936338461,False
2024-01-18 13:55:46.882272+00:00,-0.00015324654749291592,False
2024-01-18 21:25:29.950464+00:00,1.5586405399676634e-05,False
2024-01-19 12:24:56.084256+00:00,0.00035308526314470085,False
2024-01-19 14:17:21.850656+00:00,-6.3094817639572865e-06,False
2024-01-19 21:47:04.912800+00:00,-0.00010498429973533669,False
2024-01-20 14:38:56.807808+00:00,6.752141246930716e-05,False
2024-01-20 18:23:48.343200+00:00,0.00018875479624680196,False
2024-01-20 22:08:39.871680+00:00,-0.00015335143520880208,False
2024-01-21 05:38:22.943328+00:00,0.0001924923107373259,False
2024-01-21 18:45:23.301216+00:00,-9.324729719320011e-05,False
2024-01-21 20:37:49.065024+00:00,-5.9515100203550036e-05,False
2024-01-22 05:59:57.895296+00:00,0.00017912199707747426,False
2024-01-22 19:06:58.249728+00:00,-5.6329438383291266e-05,False
2024-01-22 20:59:24.014400+00:00,8.945639240937576e-05,False
2024-01-23 06:21:32.842944+00:00,0.00016366034874341592,False
2024-01-23 21:20:58.957728+00:00,-6.367212530379254e-05,False
2024-01-24 02:58:16.256064+00:00,0.00027317710387081786,False
2024-01-24 14:12:50.846688+00:00,-7.699383434971342e-05,False
2024-01-24 21:42:33.909696+00:00,0.00017937625292941797,False
2024-01-25 03:19:51.206304+00:00,5.463652241191639e-05,False
2024-01-25 14:34:25.796064+00:00,7.755608250001154e-05,False
2024-01-25 22:04:08.858208+00:00,0.0001616768026391977,False
2024-01-26 03:41:26.153088+00:00,6.55335657228773e-05,False
2024-01-26 13:03:34.975584+00:00,-7.480658544303803e-05,False
2024-01-27 11:32:44.155104+00:00,0.00013783063852216052,False
2024-01-27 13:25:09.920640+00:00,2.313595286170508e-05,False
2024-01-27 20:54:52.977600+00:00,-0.00027548027412398646,False
2024-01-28 11:54:19.097568+00:00,0.00026151875058106976,False
2024-01-28 13:46:44.860512+00:00,-0.00014706373364327058,False
2024-01-28 19:24:02.152800+00:00,-2.0353934255210927e-05,False
2024-01-29 12:15:54.028800+00:00,0.00018012328754459523,False
2024-01-29 21:38:02.845248+00:00,-0.00018355214849419821,False
2024-01-30 14:29:54.716064+00:00,0.00011223065682991706,False
2024-01-30 18:14:46.243680+00:00,6.651133703712294e-06,False
2024-01-30 21:59:37.767840+00:00,-0.00010135652992814445,False
2024-01-31 12:59:03.867072+00:00,-0.00023923298563625117,False
2024-01-31 18:36:21.154176+00:00,-8.137930943938883e-05,False
2024-01-31 22:21:12.679200+00:00,0.00011661729015230476,False
2024-02-01 13:20:38.769792+00:00,-0.00019064292538928027,False
2024-02-01 20:50:21.817248+00:00,0.0001419312886948396,False
2024-02-02 13:42:13.666464+00:00,-3.778680789047432e-05,False
2024-02-02 21:11:56.709600+00:00,5.7389679950108725e-05,False
2024-02-03 02:49:13.993248+00:00,-3.3004915104295506e-06,False
2024-02-03 12:11:22.795872+00:00,-0.00015313162108244918,False
2024-02-03 21:33:31.600224+00:00,5.551640667135881e-05,False
2024-02-04 03:10:48.881280+00:00,-2.002586495695839e-06,False
2024-02-04 14:25:23.440800+00:00,-0.00019567670770129886,False
2024-02-04 21:55:06.478752+00:00,-5.7874757254092936e-05,False
2024-02-05 03:32:23.764128+00:00,0.0003888580996862155,False
2024-02-05 14:46:58.322784+00:00,-5.545492630652045e-05,False
2024-02-05 22:16:41.365920+00:00,0.0002858273843369682,False
2024-02-06 03:53:58.647840+00:00,4.401192521383104e-05,False
2024-02-06 13:16:07.445280+00:00,-0.00010351635429243906,False
2024-02-06 20:45:50.489280+00:00,0.0002239850194474908,False
2024-02-07 04:15:33.532416+00:00,5.985504013674449e-05,False
2024-02-07 13:37:42.328992+00:00,-0.00013928965378754015,False
2024-02-07 21:07:25.370400+00:00,5.757779266159982e-05,False
2024-02-08 04:37:08.412672+00:00,0.00013072172084411024,False
2024-02-08 13:59:17.207520+00:00,-0.00012992442608690622,False
2024-02-08 21:29:00.247200+00:00,0.00014979962927281332,False
2024-02-09 10:36:00.563616+00:00,4.3637226391781504e-05,False
2024-02-09 14:20:52.083456+00:00,5.898489816747983e-06,False
2024-02-10 10:57:35.434368+00:00,5.159827339456662e-05,False
2024-02-10 12:50:01.192992+00:00,-7.031838650675131e-05,False
2024-02-10 22:12:09.988704+00:00,7.844649332890792e-05,False
2024-02-11 11:19:10.295616+00:00,0.0001808347113114406,False
2024-02-11 13:11:36.052512+00:00,-0.0001381673254975535,False
2024-02-11 22:33:44.843040+00:00,6.142283452841777e-05,False
2024-02-12 11:40:45.144768+00:00,-0.00011788085988387003,False
2024-02-12 13:33:10.901664+00:00,-5.5698076165691105e-05,False
2024-02-12 19:10:28.172352+00:00,3.0720752321494223e-06,False
2024-02-13 12:02:19.986144+00:00,3.799442343462787e-05,False
2024-02-13 13:54:45.744768+00:00,-5.476292318667488e-06,False
2024-02-13 21:24:28.772352+00:00,0.00013156011345226957,False
2024-02-14 14:16:20.576640+00:00,-8.911194061435291e-05,False
2024-02-14 18:01:12.085248+00:00,-0.00017904294751921307,False
2024-02-14 21:46:03.599040+00:00,0.0001859177321941873,False
2024-02-15 14:37:55.401600+00:00,0.00015183278465159404,False
2024-02-15 18:22:46.912800+00:00,6.457687987692772e-05,False
2024-02-15 22:07:38.425728+00:00,7.7751395168195e-05,False
2024-02-16 13:07:04.468800+00:00,-4.034157793221768e-05,False
2024-02-16 18:44:21.735168+00:00,0.00011312772033991955,False
2024-02-16 20:36:47.492064+00:00,7.960366520891123e-05,False
2024-02-17 13:28:39.292032+00:00,2.1633068009239178e-05,False
2024-02-17 19:05:56.557536+00:00,4.7061216887196125e-05,False
2024-02-17 20:58:22.313568+00:00,9.923494384395836e-05,False
2024-02-18 13:50:14.111808+00:00,0.00012626785522810513,False
2024-02-18 19:27:31.375584+00:00,-7.721712890328116e-05,False
2024-02-18 21:19:57.131616+00:00,4.2156508419396685e-05,False
2024-02-19 14:11:48.930720+00:00,0.00011332415456249902,False
2024-02-19 19:49:06.196224+00:00,4.594566004547316e-05,False
2024-02-19 21:41:31.951392+00:00,3.9708399450133405e-05,False
2024-02-20 14:33:23.748768+00:00,2.7508992112882063e-05,False
2024-02-20 22:03:06.766848+00:00,3.814852698643656e-06,False
2024-02-21 03:40:24.032352+00:00,0.00012991117511284463,False
2024-02-21 14:54:58.559904+00:00,2.210254121401165e-05,False
2024-02-21 22:24:41.577120+00:00,-5.1556142337333345e-06,False
2024-02-22 04:01:58.840896+00:00,7.571547572540204e-05,False
2024-02-22 13:24:07.612416+00:00,5.312809934264901e-05,False
2024-02-22 22:46:16.383936+00:00,8.148788405054782e-05,False
2024-02-23 04:23:33.645984+00:00,2.809605182503722e-05,False
2024-02-23 13:45:42.414912+00:00,-0.00015552907307418918,False
2024-02-23 21:15:25.431264+00:00,0.00012607816313541182,False
2024-02-24 12:14:51.459648+00:00,1.0075299992136154e-05,False
2024-02-24 14:07:17.212224+00:00,-9.180013960449574e-06,False
2024-02-24 21:37:00.223392+00:00,-4.911410111033139e-05,False
2024-02-25 12:36:26.247456+00:00,0.00034117367792729943,False
2024-02-25 20:06:09.260352+00:00,0.00013519819031634282,False
2024-02-25 21:58:35.015520+00:00,0.00016309959989545573,False
2024-02-26 12:58:01.183872+00:00,0.01069533541276154,False
2024-02-26 22:20:10.015008+00:00,-0.00025554191041627397,False
2024-02-27 03:57:27.312480+00:00,3.0513486395169554e-05,False
2024-02-27 13:19:36.142752+00:00,-0.00013156299485539658,False
2024-02-27 20:49:19.207488+00:00,7.659431263192834e-05,False
2024-02-28 04:19:02.269632+00:00,1.1464530391550772e-05,False
2024-02-28 13:41:11.101632+00:00,6.670019729263437e-05,False
2024-02-28 21:10:54.173280+00:00,0.0005360243882473141,False
2024-02-29 12:10:20.303616+00:00,0.00023709093838193874,False
2024-02-29 14:02:46.070016+00:00,4.0606383164657755e-05,False
2024-02-29 21:32:29.138208+00:00,0.00012259462054772417,False
2024-03-01 14:24:21.034080+00:00,6.384082052368037e-05,False
2024-03-01 20:01:38.332416+00:00,2.7754818905167153e-05,False
2024-03-01 21:54:04.098816+00:00,2.2844556674834897e-05,False
2024-03-02 12:53:30.230016+00:00,0.00020682885348720435,False
2024-03-02 22:15:39.062016+00:00,1.0289065129391676e-05,False
2024-03-03 03:52:56.358624+00:00,5.5180300916204644e-05,False
2024-03-03 13:15:05.196672+00:00,0.00021027368616452407,False
2024-03-03 20:44:48.263136+00:00,7.482746075388597e-06,False
2024-03-04 04:14:31.330464+00:00,0.0002775721028882907,False
2024-03-04 13:36:40.159872+00:00,-0.00012415920309624752,False
2024-03-04 21:06:23.225472+00:00,2.382889707484593e-05,False
2024-03-05 13:58:15.117888+00:00,6.957812816400596e-05,False
2024-03-05 19:35:32.413632+00:00,-2.8405188113141827e-05,False
2024-03-06 14:19:50.070720+00:00,0.00013941413770051308,False
2024-03-06 19:57:07.369920+00:00,5.5893232708922514e-05,False
2024-03-07 12:48:59.260608+00:00,0.0001364032135884844,False
2024-03-08 01:55:59.617632+00:00,0.00016252895794581477,False
2024-03-08 13:10:34.204800+00:00,-0.00014181455947472255,False
2024-03-08 22:32:43.028160+00:00,-3.579146372722312e-05,False
2024-03-09 04:10:00.322176+00:00,0.00015402866325813037,False
2024-03-09 13:32:09.146400+00:00,0.00011872567078383107,False
2024-03-09 22:54:17.968896+00:00,4.888786727575045e-05,False
2024-03-10 12:01:18.322464+00:00,0.00018330853814350702,False
2024-03-10 13:53:44.087136+00:00,1.7556938412986175e-05,False
2024-03-10 23:15:52.913952+00:00,0.00016425026767367574,False
2024-03-11 12:22:53.264928+00:00,-3.189030535435998e-05,False
2024-03-11 14:15:19.029600+00:00,-2.036922374671037e-05,False
2024-03-12 12:44:28.207392+00:00,0.00021389699791456282,False
2024-03-12 22:06:37.031616+00:00,0.0001247970367133061,False
2024-03-13 13:06:03.149856+00:00,0.00018378062745802974,False
2024-03-13 22:28:11.973216+00:00,0.00012963744649604797,False
2024-03-14 05:57:55.031040+00:00,-8.192972301138857e-05,False
2024-03-14 20:57:21.151008+00:00,4.327055356330447e-05,False
2024-03-14 22:49:46.914816+00:00,5.8777785093297336e-05,False
2024-03-15 21:18:56.095200+00:00,0.00025054520895486954,False
2024-03-16 04:48:39.153024+00:00,4.124971175809818e-05,False
2024-03-16 14:10:47.978112+00:00,0.00016680968443012935,False
2024-03-16 21:40:31.037664+00:00,2.4824879224910913e-05,False
2024-03-17 05:10:14.098080+00:00,3.703757258266087e-05,False
2024-03-17 14:32:22.921440+00:00,0.00013466252182488622,False
2024-03-17 22:02:05.977536+00:00,3.4307071720151176e-05,False
2024-03-18 11:09:06.325920+00:00,7.941704525654106e-05,False
2024-03-18 13:01:32.089728+00:00,1.7293265744571007e-05,False
2024-03-18 22:23:40.907040+00:00,2.4012425714432876e-05,False
2024-03-19 11:30:41.252832+00:00,6.634684089084605e-05,False
2024-03-19 20:52:50.070144+00:00,0.00022865473636513741,False
2024-03-20 13:44:41.941824+00:00,-1.3068003214696173e-05,False
2024-03-20 21:14:24.993600+00:00,-5.931328438328856e-05,False
2024-03-21 14:06:16.862688+00:00,0.00022149845360702037,False
2024-03-21 21:35:59.912736+00:00,0.0001005820916693349,False
2024-03-22 14:27:51.779232+00:00,0.00020115532771359027,False
2024-03-22 21:57:34.827552+00:00,0.00014527975131747647,False
2024-03-23 03:34:52.115520+00:00,-4.4985915167516005e-05,False
2024-03-23 22:19:09.737184+00:00,0.0002622242306401873,False
2024-03-24 03:56:27.025152+00:00,-0.00016502718772074947,False
2024-03-24 13:18:35.834688+00:00,0.00017501623462548804,False
2024-03-24 22:40:44.639904+00:00,-0.00019351886448285553,False
2024-03-25 04:18:01.933920+00:00,0.0005383892799281993,False
2024-03-25 21:09:53.791776+00:00,0.00044459050075047214,False
2024-03-26 04:39:36.834912+00:00,-9.208802702574144e-05,False
2024-03-26 14:01:45.647040+00:00,0.0002809235696446091,False
2024-03-26 21:31:28.693632+00:00,0.00019348513124881625,False
2024-03-27 05:01:11.738496+00:00,-6.794878231705057e-05,False
2024-03-27 14:23:20.548032+00:00,0.0002561807715436422,False
2024-03-27 21:53:03.588576+00:00,4.823237283670421e-05,False
2024-03-28 12:52:29.677440+00:00,4.7624485418670446e-05,False
2024-03-28 22:14:38.474016+00:00,-4.56952139252172e-05,False
2024-03-29 13:14:04.557696+00:00,5.171676143237526e-05,False
2024-03-29 20:43:47.597376+00:00,7.959552650659875e-05,False
2024-03-29 22:36:13.357728+00:00,2.706881917001982e-05,False
2024-03-30 13:35:39.442272+00:00,0.0002555092219667105,False
2024-03-30 21:05:22.475040+00:00,-0.0002212366376283364,False
2024-03-30 22:57:48.237984+00:00,0.00017583575289036098,False
2024-03-31 13:57:14.315616+00:00,9.431308453095434e-05,False
2024-03-31 21:26:57.348384+00:00,-7.383900928737145e-05,False
2024-04-01 04:56:40.388064+00:00,-2.460344476666094e-05,False
2024-04-01 14:18:49.181184+00:00,0.00020075146328508506,False
2024-04-02 05:18:15.251040+00:00,1.8201782036587774e-05,False
2024-04-02 12:47:58.285536+00:00,0.0001159285504391426,False
2024-04-02 22:10:07.074336+00:00,-7.098107669371173e-05,False
2024-04-03 11:17:07.386432+00:00,1.8326828879922802e-06,False
2024-04-03 13:09:33.144192+00:00,-2.700647394797968e-05,False
2024-04-03 22:31:41.936448+00:00,0.00014001682029091738,False
2024-04-04 11:38:42.239904+00:00,-0.00018234267529325404,False
2024-04-04 13:31:07.997664+00:00,1.749647068218564e-05,False
2024-04-04 22:53:16.783008+00:00,-5.338008524978242e-05,False
2024-04-05 12:00:17.087328+00:00,8.804323729092085e-05,False
2024-04-05 13:52:42.845952+00:00,4.264717823618144e-05,False
2024-04-05 21:22:25.870080+00:00,-0.00015599485548849478,False
2024-04-06 12:21:51.932160+00:00,7.996541373307225e-05,False
2024-04-06 14:14:17.690784+00:00,5.9833634843297676e-05,False
2024-04-06 21:44:00.714912+00:00,-1.1852222793832842e-05,False
2024-04-07 14:35:52.529568+00:00,4.05378254252924e-05,False
2024-04-07 20:13:09.791616+00:00,-0.00016653104347126016,False
2024-04-07 22:05:35.548512+00:00,7.601914403352371e-06,False
2024-04-08 13:05:01.595040+00:00,-0.0001337164336598397,False
2024-04-09 00:19:36.124320+00:00,-0.00023528571588196022,False
2024-04-09 04:04:27.638112+00:00,8.230400654171298e-05,False
2024-04-09 13:26:36.416544+00:00,0.00020964795608847107,False
2024-04-09 22:48:45.188928+00:00,-7.562384150111242e-05,False
2024-04-10 04:26:02.453568+00:00,-0.00024364394349192346,False
2024-04-10 13:48:11.227680+00:00,0.00016051399017408496,False
2024-04-10 23:10:19.999200+00:00,0.0001002287097281702,False
2024-04-11 04:47:37.260384+00:00,-0.0001797612476021131,False
2024-04-11 14:09:46.029312+00:00,1.9882605540453972e-05,False
2024-04-11 21:39:29.039616+00:00,-0.00011066491147166889,False
2024-04-12 12:38:55.072320+00:00,0.00035430681082032124,False
2024-04-12 14:31:20.826624+00:00,7.519997070072525e-05,False
2024-04-12 18:16:12.346464+00:00,0.0010857069922664535,False
2024-04-13 13:00:30.121056+00:00,0.010849100169350909,False
2024-04-13 20:30:13.192704+00:00,7.540126406127421e-05,False
2024-04-14 20:51:48.176640+00:00,0.00031137492511563915,False
2024-04-15 13:43:40.065600+00:00,-0.001013066408619281,False
2024-04-15 21:13:23.131200+00:00,-2.3268225321761068e-05,False
2024-04-15 21:13:23.132928+00:00,9.236271538899359e-05,False
2024-04-16 14:05:15.031392+00:00,0.00018503222171933887,False
2024-04-16 21:34:58.091808+00:00,-0.00022386362976081116,False
2024-04-17 05:04:41.155680+00:00,-1.281830781619278e-05,False
2024-04-17 14:26:49.986816+00:00,0.00033744165248426303,False
2024-04-17 21:56:33.042048+00:00,-0.0003118175066254968,False
2024-04-18 12:55:59.170656+00:00,0.0005750488638018915,False
2024-04-18 16:40:50.699136+00:00,2.9630181953201284e-05,False
2024-04-19 13:17:34.113984+00:00,0.0003069913608736821,False
2024-04-19 15:09:59.877792+00:00,2.3659337884754367e-05,False
2024-04-19 22:39:42.922656+00:00,-0.0007664013246360701,False
2024-04-20 13:39:09.038304+00:00,0.000493995323693334,False
2024-04-20 13:39:09.039168+00:00,6.723484319562659e-12,False
2024-04-20 21:08:52.095264+00:00,0.00032062289023325935,False
2024-04-21 14:00:43.962624+00:00,0.00022965475930843664,False
2024-04-21 19:38:01.248864+00:00,4.838614440427766e-05,False
2024-04-21 21:30:27.007488+00:00,-0.0002774056559606909,False
2024-04-22 10:37:27.346368+00:00,0.000365688721837176,False
2024-04-22 19:59:36.151584+00:00,-0.00011097161088031743,False
2024-04-22 21:52:01.913664+00:00,1.1035230613740796e-06,False
2024-04-23 14:43:53.769792+00:00,0.0004498439952540062,False
2024-04-23 20:21:11.047392+00:00,-0.00015082249767267006,False
2024-04-23 22:13:36.809472+00:00,4.660393386690777e-05,False
2024-04-24 13:13:02.892288+00:00,0.0002230698711731223,False
2024-04-24 20:42:45.931104+00:00,-1.5612219126404412e-05,False
2024-04-24 22:35:11.692320+00:00,3.79404313042209e-05,False
2024-04-25 13:34:37.772544+00:00,0.0003599970769246397,False
2024-04-25 21:04:20.810496+00:00,-0.00013527380441959465,False
2024-04-26 13:56:12.649344+00:00,0.0003149976072795695,False
2024-04-26 21:25:55.689888+00:00,-8.087710571711806e-05,False
2024-04-27 03:03:12.965760+00:00,-0.00017867584882416609,False
2024-04-27 14:17:47.517504+00:00,0.00013157164164718713,False
2024-04-27 21:47:30.554592+00:00,-7.371052677208447e-05,False
2024-04-28 03:24:47.833920+00:00,0.0002321803509653262,False
2024-04-28 14:39:22.387392+00:00,0.0002548555069962897,False
2024-04-28 22:09:05.427936+00:00,0.00022770263119503207,False
2024-04-29 03:46:22.702944+00:00,-2.5258825496679362e-05,False
2024-04-29 15:00:57.254688+00:00,2.3798590183217704e-05,False
2024-04-29 22:30:40.289184+00:00,-2.803374609642849e-05,False
2024-04-30 04:07:57.564192+00:00,1.1298043887405658e-05,False
2024-04-30 13:30:06.353856+00:00,-5.710893423421508e-05,False
2024-04-30 22:52:15.146976+00:00,0.0001423059951093782,False
2024-05-01 04:29:32.418528+00:00,-1.2320746424242487e-05,False
2024-05-01 13:51:41.208192+00:00,0.00021377605399661363,False
2024-05-01 21:21:24.237504+00:00,-6.3417928915614e-05,False
2024-05-02 04:51:07.265952+00:00,0.00010154265594408302,False
2024-05-02 14:13:16.053024+00:00,-5.5091237113266255e-05,False
2024-05-03 05:12:42.109056+00:00,1.7170138981997406e-06,False
2024-05-03 14:34:50.894400+00:00,0.00025951574275870235,False
2024-05-03 22:04:33.923712+00:00,0.0001502873676332516,False
2024-05-04 13:03:59.972832+00:00,0.00011751849784760613,False
2024-05-05 13:25:34.796064+00:00,0.0001133102119691686,False
2024-05-05 20:55:17.819328+00:00,-9.754780112619668e-05,False
2024-05-06 13:47:09.621888+00:00,0.0003130693529110776,False
2024-05-06 21:16:52.642560+00:00,8.646993417609148e-05,False
2024-05-06 21:16:52.645152+00:00,0.0001084255296331884,False
2024-05-07 14:08:44.439936+00:00,0.00024328338469927624,False
2024-05-07 21:38:27.462336+00:00,0.0002554237798869606,False
2024-05-08 03:15:44.726976+00:00,3.908721455549936e-05,False
2024-05-08 14:30:19.256256+00:00,0.0001240950794101446,False
2024-05-08 22:00:02.279520+00:00,0.00042611632084434055,False
2024-05-09 03:37:19.540704+00:00,-0.00016234245672451937,False
2024-05-09 14:51:54.069984+00:00,0.00029485919132899477,False
2024-05-09 22:21:37.090656+00:00,3.2427585528349974e-05,False
2024-05-10 03:58:54.380352+00:00,0.0012649974191421276,False
2024-05-10 09:36:11.666592+00:00,0.0010617312750933927,False
2024-05-11 04:20:29.508576+00:00,0.01854636923962874,False
2024-05-11 21:12:21.548736+00:00,0.00035622638474309964,False
2024-05-12 12:11:47.508000+00:00,-0.0057928015424304966,False
2024-05-12 14:04:13.270080+00:00,-0.00015745744946102277,False
2024-05-12 21:33:56.313216+00:00,-0.0006452311810101153,False
2024-05-13 12:33:22.463424+00:00,0.00014129791405366801,False
2024-05-13 14:25:48.230688+00:00,3.487926091647006e-05,False
2024-05-13 21:55:31.299744+00:00,3.445783721473433e-05,False
2024-05-14 12:54:57.432672+00:00,0.00011904471239341472,False
2024-05-14 14:47:23.199936+00:00,1.59963853304111e-05,False
2024-05-14 22:17:06.268128+00:00,0.0001005718154908579,False
2024-05-15 13:16:32.401056+00:00,0.00023173926722882193,False
2024-05-15 20:46:15.467520+00:00,0.00030854913045352665,False
2024-05-16 15:30:33.123744+00:00,7.150513290524088e-05,False
2024-05-16 21:07:50.419488+00:00,2.3068728857974033e-06,False
2024-05-17 13:59:42.303264+00:00,0.00013533567487550963,False
2024-05-17 21:29:25.362816+00:00,6.916708352521547e-05,False
2024-05-18 04:59:08.419776+00:00,-8.098525520796115e-05,False
2024-05-18 14:21:17.238816+00:00,0.00026855521934454916,False
2024-05-18 21:51:00.299232+00:00,0.00018809054471859675,False
2024-05-19 14:42:52.170048+00:00,2.7428566099556414e-05,False
2024-05-20 13:12:01.328832+00:00,0.00019470599150013014,False
2024-05-21 13:33:36.247968+00:00,0.00015592745660109855,False
2024-05-21 21:03:19.301472+00:00,0.00018247300523231745,False
2024-05-22 13:55:11.161920+00:00,-5.871203474535518e-06,False
2024-05-22 19:32:28.454208+00:00,0.00016016235135234887,False
2024-05-23 03:02:11.508576+00:00,0.00015010944237834012,False
2024-05-23 14:16:46.086240+00:00,0.000311812974327134,False
2024-05-23 19:54:03.370752+00:00,-0.0002361626911672596,False
2024-05-24 03:23:46.417344+00:00,-0.00016271892168245967,False
2024-05-24 14:38:20.985504+00:00,-8.155975688082173e-05,False
2024-05-24 22:08:04.032096+00:00,0.0002029097968017245,False
2024-05-25 03:45:21.318336+00:00,0.0001040974046259781,False
2024-05-25 13:07:30.121824+00:00,-0.00010433801739478401,False
2024-05-26 04:06:56.212416+00:00,0.00013378786716506638,False
2024-05-26 13:29:05.011584+00:00,-2.595968014706043e-05,False
2024-05-26 22:51:13.810752+00:00,-0.00011801921212342017,False
2024-05-27 04:28:31.092672+00:00,-5.39417578410563e-05,False
2024-05-27 13:50:39.891840+00:00,0.00010589192125719433,False
2024-05-27 21:20:22.926336+00:00,5.999328251166266e-05,False
2024-05-28 04:50:05.965152+00:00,4.261120825403946e-05,False
2024-05-28 14:12:14.759136+00:00,6.640637256541382e-05,False
2024-05-28 21:41:57.797088+00:00,0.00020211863355039467,False
2024-05-29 05:11:40.835904+00:00,3.50813832669821e-05,False
2024-05-29 14:33:49.628160+00:00,7.947187792597997e-06,False
2024-05-29 22:03:32.662656+00:00,-3.125757814630725e-05,False
2024-05-30 05:33:15.697152+00:00,-7.253539555957122e-05,False
2024-05-30 13:02:58.729920+00:00,4.152372439428996e-05,False
2024-05-30 22:25:07.522176+00:00,0.00024422567692514716,False
2024-05-31 11:32:07.829952+00:00,0.000141217830045679,False
2024-05-31 13:24:33.589440+00:00,4.14938233906931e-05,False
2024-05-31 20:54:16.625664+00:00,0.0002479919047038908,False
2024-06-01 11:53:42.690336+00:00,1.2769090156658329e-05,False
2024-06-01 13:46:08.449824+00:00,5.678958091596811e-05,False
2024-06-02 12:15:17.552448+00:00,0.00030849691053145753,False
2024-06-02 14:07:43.311072+00:00,6.830802867030499e-05,False
2024-06-02 21:37:26.344704+00:00,0.00018370193247723083,False
2024-06-03 12:36:52.405920+00:00,-0.00027031376555108834,False
2024-06-03 14:29:18.166272+00:00,9.611350797579236e-05,False
2024-06-03 21:59:01.200768+00:00,0.0002986121747462448,False
2024-06-04 12:58:27.266304+00:00,4.422862036455551e-05,False
2024-06-04 18:35:44.540448+00:00,2.0397366770126654e-05,False
2024-06-04 22:20:36.055968+00:00,5.954561245447739e-05,False
2024-06-05 13:20:02.118912+00:00,5.930180260761041e-05,False
2024-06-05 20:49:45.149952+00:00,7.741165052332926e-05,False
2024-06-06 13:41:36.963744+00:00,2.562371852359469e-05,False
2024-06-07 00:56:11.506848+00:00,0.00020099584737919978,False
2024-06-07 14:03:11.800800+00:00,-5.1207541970808265e-05,False
2024-06-07 21:32:54.824928+00:00,-4.594355499469769e-05,False
2024-06-08 05:02:37.847328+00:00,-6.103343567502912e-05,False
2024-06-08 14:24:46.628352+00:00,0.00011842063109974852,False
2024-06-08 21:54:29.650752+00:00,9.644270376324624e-05,False
2024-06-09 05:24:12.670560+00:00,-9.438411446834367e-05,False
2024-06-09 14:46:21.447264+00:00,0.0001309458804874705,False
2024-06-09 22:16:04.466208+00:00,5.7486382179055884e-05,False
2024-06-10 13:15:30.500640+00:00,5.69191575667852e-06,False
2024-06-10 22:37:39.273024+00:00,0.00010282007082048164,False
2024-06-11 13:37:05.306592+00:00,3.007718447388863e-05,False
2024-06-12 04:36:31.340160+00:00,0.00018242670062199907,False
2024-06-12 06:28:57.093600+00:00,6.778523299285037e-06,False
2024-06-12 21:28:23.130624+00:00,0.00039913848121383543,False
2024-06-13 12:27:49.340448+00:00,0.012859715421012153,False
2024-06-13 14:20:15.112896+00:00,0.00027053367026643577,False
2024-06-13 21:49:58.193184+00:00,-0.0002588577903695735,False
2024-06-14 12:49:24.353760+00:00,-0.0002202066910801667,False
2024-06-14 22:11:33.206496+00:00,1.6738092639611587e-05,False
2024-06-15 13:10:59.367936+00:00,-0.0001123589231360847,False
2024-06-15 20:40:42.449088+00:00,0.00021675081153689374,False
2024-06-16 13:32:34.382112+00:00,0.00021369807419052803,False
2024-06-16 21:02:17.462400+00:00,4.200250951473999e-05,False
2024-06-17 21:23:52.475712+00:00,0.0003095668586211047,False
2024-06-18 04:53:35.553408+00:00,2.9187752161250076e-05,False
2024-06-18 14:15:44.400960+00:00,-0.00011386529683071034,False
2024-06-18 21:45:27.477792+00:00,-2.268167912764977e-06,False
2024-06-19 05:15:10.553760+00:00,9.190787576034959e-05,False
2024-06-19 14:37:19.400448+00:00,8.333452026838234e-05,False
2024-06-19 22:07:02.475552+00:00,6.096459142536977e-05,False
2024-06-20 13:06:28.626624+00:00,0.0002970126675226341,False
2024-06-20 20:36:11.700000+00:00,-1.3068679616671077e-05,False
2024-06-21 00:21:03.237120+00:00,-4.0109936899657416e-05,False
2024-06-21 13:28:03.614016+00:00,0.00011144498023292669,False
2024-06-21 20:57:46.686528+00:00,7.094176105712716e-05,False
2024-06-22 04:27:29.756448+00:00,5.2774689737479296e-05,False
2024-06-22 13:49:38.596224+00:00,5.459493400212934e-05,False
2024-06-22 21:19:21.666144+00:00,4.0666496891152905e-05,False
2024-06-23 04:49:04.732608+00:00,0.00012355114376330333,False
2024-06-23 14:11:13.569792+00:00,7.287251190808325e-05,False
2024-06-23 21:40:56.638848+00:00,6.69626423447319e-05,False
2024-06-24 12:40:22.780416+00:00,0.00036923728534454776,False
2024-06-24 12:40:22.781280+00:00,3.614195549005655e-05,False
2024-06-24 22:02:31.619328+00:00,8.206238388867856e-05,False
2024-06-25 13:01:57.760032+00:00,0.00022994753648680722,False
2024-06-25 14:54:23.525568+00:00,-5.217260349875897e-05,False
2024-06-25 22:24:06.596352+00:00,0.00010032276379443476,False
2024-06-26 13:23:32.737920+00:00,0.0002391309484259401,False
2024-06-26 17:08:24.271584+00:00,1.3726282744289689e-05,False
2024-06-26 20:53:15.807840+00:00,3.4115352274438144e-05,False
2024-06-27 19:22:25.024512+00:00,0.00040337752862492276,False
2024-06-27 21:14:50.793504+00:00,1.5179940463134091e-05,False
2024-06-28 14:06:42.702336+00:00,1.4411437995849586e-05,False
2024-06-28 19:44:00.003264+00:00,6.932027421871912e-05,False
2024-06-28 21:36:25.779168+00:00,7.639417628595549e-05,False
2024-06-29 12:35:51.916416+00:00,0.0003192295728536606,False
2024-06-29 21:58:00.752736+00:00,3.157738445607724e-05,False
2024-06-30 03:35:18.052800+00:00,0.00016588148162678567,False
2024-06-30 12:57:26.896032+00:00,0.00013021670076652822,False
2024-06-30 22:19:35.734944+00:00,6.445808231248995e-05,False
2024-07-01 03:56:53.037600+00:00,0.00016011269019574004,False
2024-07-01 13:19:01.865280+00:00,2.55838339728557e-06,False
2024-07-01 22:41:10.699872+00:00,-3.547621640957201e-06,False
2024-07-02 04:18:27.999936+00:00,0.00020760871929564702,False
2024-07-02 13:40:36.831936+00:00,1.181140284348047e-05,False
2024-07-02 21:10:19.898400+00:00,1.0429381090502353e-05,False
2024-07-03 04:40:02.957952+00:00,2.6152662003806187e-05,False
2024-07-03 21:31:54.852096+00:00,-2.8467816376606626e-06,False
2024-07-04 05:01:37.917696+00:00,0.00021728170008818696,False
2024-07-04 14:23:46.748832+00:00,0.00016395687023183653,False
2024-07-04 21:53:29.813568+00:00,3.3745845128226796e-05,False
2024-07-05 05:23:12.879168+00:00,0.00022727605551763614,False
2024-07-05 12:52:55.940448+00:00,-4.568737162986283e-05,False
2024-07-05 22:15:04.770720+00:00,6.139579447897054e-05,False
2024-07-06 11:22:05.128608+00:00,0.00032282582806993586,False
2024-07-06 13:14:30.894144+00:00,1.7241349622869694e-05,False
2024-07-06 22:36:39.722688+00:00,7.205517401722997e-05,False
2024-07-07 11:43:40.083168+00:00,0.0002744487935386907,False
2024-07-07 13:36:05.848704+00:00,6.120613050250117e-06,False
2024-07-08 12:05:15.041184+00:00,0.000142435985668484,False
2024-07-08 13:57:40.806720+00:00,2.2081752984446402e-05,False
2024-07-08 21:27:23.872320+00:00,5.2642369224428824e-05,False
2024-07-09 12:26:50.006976+00:00,0.0004890251636102164,False
2024-07-09 21:48:58.837248+00:00,5.358616405113883e-05,False
2024-07-10 12:48:24.964128+00:00,3.1982518248383775e-05,False
2024-07-10 20:18:08.031456+00:00,0.00010883636823264654,False
2024-07-10 22:10:33.797856+00:00,6.705501493860827e-05,False
2024-07-11 13:09:59.929920+00:00,0.0003448069762428701,False
2024-07-11 16:54:51.463584+00:00,1.0773491700848291e-05,False
2024-07-12 04:09:26.063712+00:00,0.0005583479803988265,False
2024-07-12 13:31:34.888800+00:00,-0.00020710852430116375,False
2024-07-12 22:53:43.715616+00:00,-8.59425717304472e-06,False
2024-07-13 04:31:01.011360+00:00,6.0435360025659065e-05,False
2024-07-13 13:53:09.838176+00:00,0.00012170152821094484,False
2024-07-13 21:22:52.898592+00:00,6.883561758224451e-05,False
2024-07-14 04:52:35.960736+00:00,0.0003638873455330434,False
2024-07-14 14:14:44.785824+00:00,0.0001703631177889503,False
2024-07-14 21:44:27.846240+00:00,0.00018503131500391013,False
2024-07-15 12:43:53.961888+00:00,8.765648643838786e-05,False
2024-07-15 14:36:19.726560+00:00,-4.110131010140331e-06,False
2024-07-15 22:06:02.782656+00:00,0.00010867948217035099,False
2024-07-16 13:05:28.891392+00:00,0.00028866273434682756,False
2024-07-16 20:35:11.944896+00:00,6.192877048762308e-06,False
2024-07-16 22:27:37.707840+00:00,3.187222883883815e-05,False
2024-07-17 13:27:03.820032+00:00,0.00022723328135807087,False
2024-07-17 20:56:46.870080+00:00,2.1463485671872694e-05,False
2024-07-17 22:49:12.633024+00:00,3.979082815234234e-05,False
2024-07-18 13:48:38.747808+00:00,0.0004581394348448966,False
2024-07-18 21:18:21.801312+00:00,6.759870648591714e-05,False
2024-07-19 14:10:13.672992+00:00,0.0003551966210697104,False
2024-07-19 21:39:56.726496+00:00,0.0001549649884188407,False
2024-07-20 05:09:39.779136+00:00,4.446120396457641e-05,False
2024-07-20 14:31:48.596448+00:00,8.264929619304596e-05,False
2024-07-20 22:01:31.648224+00:00,-2.7553339893831002e-05,False
2024-07-21 13:00:57.759552+00:00,0.0003080210043183067,False
2024-07-21 14:53:23.522496+00:00,-3.8117339561802234e-06,False
2024-07-21 22:23:06.571680+00:00,-5.53278088014464e-05,False
2024-07-22 13:22:32.677824+00:00,0.0001785670107616711,False
2024-07-22 18:59:49.965792+00:00,2.9012986563641774e-05,False
2024-07-22 22:44:41.489088+00:00,7.220623504053538e-07,False
2024-07-23 11:51:41.831424+00:00,0.00019853157452636913,False
2024-07-23 19:21:24.881472+00:00,-9.526826046702384e-06,False
2024-07-23 21:13:50.641824+00:00,-3.52095994224535e-05,False
2024-07-24 12:13:16.746240+00:00,0.0003938823523782049,False
2024-07-24 19:42:59.793696+00:00,-0.00011104156668569152,False
2024-07-24 21:35:25.556640+00:00,4.0738820185242106e-05,False
2024-07-25 05:05:08.606688+00:00,4.783828336611014e-05,False
2024-07-25 20:04:34.694688+00:00,8.061281801522514e-05,False
2024-07-25 21:57:00.455904+00:00,1.1984424640379052e-05,False
2024-07-26 11:04:00.786144+00:00,0.000112662635027995,False
2024-07-26 20:26:09.592224+00:00,0.0001453979192863609,False
2024-07-26 22:18:35.353440+00:00,-4.567621370957142e-06,False
2024-07-27 05:48:18.398304+00:00,5.9280135673787595e-05,False
2024-07-27 22:40:10.240608+00:00,-1.0435526906735573e-05,False
2024-07-28 04:17:27.524256+00:00,3.9977964240188305e-05,False
2024-07-28 21:09:19.364832+00:00,0.0003256902961310251,False
2024-07-29 04:39:02.406240+00:00,3.5524842928384286e-05,False
2024-07-29 14:01:11.205408+00:00,0.00013259915734918656,False
2024-07-29 21:30:54.241632+00:00,0.00012721196754138275,False
2024-07-30 05:00:37.283040+00:00,0.0001669488946387111,False
2024-07-30 14:22:46.081344+00:00,0.0001524986754107288,False
2024-07-30 21:52:29.119296+00:00,6.159811814528306e-05,False
2024-07-31 12:51:55.196064+00:00,0.00010538725724786881,False
2024-07-31 14:44:20.954688+00:00,5.176553459306451e-05,False
2024-07-31 22:14:03.990912+00:00,0.0002698797012810166,False
2024-08-01 13:13:30.068544+00:00,0.0003881574166215357,False
2024-08-01 22:35:38.860800+00:00,0.0001060308028044314,False
2024-08-02 15:27:30.693600+00:00,0.00017435710090831364,False
2024-08-02 21:04:47.969472+00:00,0.0002550999298885882,False
2024-08-02 22:57:13.728960+00:00,2.652467294512823e-05,False
2024-08-03 13:56:39.801408+00:00,0.00012071795683783873,False
2024-08-03 21:26:22.835040+00:00,0.00017136631523260575,False
2024-08-03 23:18:48.593664+00:00,4.9785312723833474e-05,False
2024-08-04 14:18:14.654880+00:00,-0.0001355295630924897,False
2024-08-04 23:40:23.441088+00:00,0.00017282969672336042,False
2024-08-05 03:25:14.956608+00:00,-6.376262391494044e-05,False
2024-08-05 22:09:32.528160+00:00,0.00038528555237739585,False
2024-08-06 03:46:49.797984+00:00,-9.598068493899857e-05,False
2024-08-06 15:01:24.337632+00:00,0.00013298419943105007,False
2024-08-06 22:31:07.362624+00:00,0.00015383025613863464,False
2024-08-07 04:08:24.632448+00:00,0.00015319898808849024,False
2024-08-07 13:30:33.411744+00:00,6.48069205504348e-05,False
2024-08-07 21:00:16.429824+00:00,0.0001578890435442568,False
2024-08-08 13:52:08.222016+00:00,0.00010925993060397399,False
2024-08-08 21:21:51.237504+00:00,0.00019457704785513062,False
2024-08-08 23:14:16.989216+00:00,-0.0003518927028199319,False
2024-08-09 14:13:43.016736+00:00,-7.245439443171516e-05,False
2024-08-09 21:43:26.033952+00:00,0.00045266335656708143,False
2024-08-10 03:20:43.295136+00:00,0.00021814023637872448,False
2024-08-10 14:35:17.811456+00:00,2.243189570640293e-05,False
2024-08-10 22:05:00.821760+00:00,9.212178968410377e-05,False
2024-08-11 13:04:26.839776+00:00,-1.0130523462477804e-05,False
2024-08-11 22:26:35.598336+00:00,-4.303465986757162e-05,False
2024-08-12 15:18:27.368064+00:00,0.0008650778311503282,False
2024-08-12 20:55:44.613696+00:00,-0.00032382630168645965,False
2024-08-12 22:48:10.364544+00:00,-5.642154029299454e-05,False
2024-08-13 13:47:36.387744+00:00,0.00102046638575546,False
2024-08-13 21:17:19.390272+00:00,-6.002380900488574e-05,False
2024-08-14 14:09:11.157408+00:00,0.0006715075091610938,False
2024-08-14 21:38:54.159072+00:00,-3.436683307679264e-06,False
2024-08-15 05:08:37.161600+00:00,0.00013776366010965875,False
2024-08-15 14:30:45.914112+00:00,0.00021499422008411362,False
2024-08-15 22:00:28.914912+00:00,-8.173392746367862e-06,False
2024-08-16 12:59:54.918240+00:00,7.395781911652389e-06,False
2024-08-16 20:29:37.916448+00:00,-0.00023796568559132221,False
2024-08-17 13:21:29.663712+00:00,0.000390642318610447,False
2024-08-17 20:51:12.658464+00:00,-0.00014736245840882073,False
2024-08-18 02:28:29.905824+00:00,9.83910417271142e-05,False
2024-08-18 13:43:04.397952+00:00,0.0004084443268058678,False
2024-08-18 21:12:47.385792+00:00,-0.0002335851409728124,False
2024-08-19 14:04:39.122688+00:00,0.000459357939694272,False
2024-08-19 19:41:56.364864+00:00,-6.243780471667677e-05,False
2024-08-20 14:26:13.841376+00:00,0.00035816134906058855,False
2024-08-20 20:03:31.082688+00:00,7.834887157506901e-06,False
2024-08-21 14:47:48.548832+00:00,0.00035409439819219146,False
2024-08-21 20:25:05.787552+00:00,-6.543898548477494e-05,False
2024-08-22 13:16:57.508896+00:00,0.0005181379945655057,False
2024-08-22 20:46:40.491552+00:00,-4.8151388751838006e-05,False
2024-08-22 22:39:06.239808+00:00,8.014297294234066e-05,False
2024-08-23 13:38:32.399520+00:00,0.018701022975337506,False
2024-08-24 04:37:58.563552+00:00,0.0004448710874851262,False
2024-08-24 14:00:07.418016+00:00,0.0005818549171609155,False
2024-08-24 21:29:50.499168+00:00,0.00018532028635884215,False
2024-08-25 04:59:33.579456+00:00,0.00018522896978018176,False
2024-08-25 14:21:42.431328+00:00,0.000254254770357623,False
2024-08-25 21:51:25.515936+00:00,0.0002523650785587283,False
2024-08-26 12:50:51.674784+00:00,-5.941831878320637e-05,False
2024-08-26 22:13:00.523200+00:00,3.008089198731532e-05,False
2024-08-27 13:12:26.685504+00:00,0.000400336709434418,False
2024-08-27 20:42:09.764064+00:00,1.2814894080703641e-05,False
2024-08-27 22:34:35.533920+00:00,9.363951313982428e-05,False
2024-08-28 13:34:01.691040+00:00,0.00041322812100265404,False
2024-08-28 21:03:44.767872+00:00,1.4551420335308867e-05,False
2024-08-29 04:33:27.843840+00:00,0.0001833603795977828,False
2024-08-29 21:25:19.769952+00:00,0.0002510579847969159,False
2024-08-30 04:55:02.843328+00:00,0.0001599169177567981,False
2024-08-30 14:17:11.684832+00:00,0.00016717949863814487,False
2024-08-30 21:46:54.759936+00:00,0.00016723740139410219,False
2024-08-31 12:46:20.898048+00:00,0.000140605784870688,False
2024-08-31 14:38:46.665312+00:00,3.906006779419933e-05,False
2024-08-31 22:08:29.736096+00:00,6.906598853819405e-05,False
2024-09-01 13:07:55.875936+00:00,0.0004488228246681803,False
2024-09-01 15:00:21.642336+00:00,3.124701361081162e-05,False
2024-09-01 22:30:04.712256+00:00,0.0002062325619400063,False
2024-09-02 13:29:30.852096+00:00,0.0004896627682610172,False
2024-09-02 20:59:13.918560+00:00,8.38979131876353e-05,False
2024-09-03 13:51:05.813568+00:00,0.00014647102716329138,False
2024-09-03 21:20:48.883488+00:00,0.00032987406537253157,False
2024-09-04 04:50:31.949088+00:00,0.0001610693990465315,False
2024-09-04 14:12:40.775904+00:00,3.96348424178155e-06,False
2024-09-04 17:57:32.307840+00:00,-7.0224668481982575e-06,False
2024-09-05 10:49:24.205440+00:00,0.0010624381582048635,False
2024-09-05 12:41:49.970112+00:00,-4.18818808885243e-06,False
2024-09-05 22:03:58.803840+00:00,0.0003893326864409543,False
2024-09-06 13:03:24.924672+00:00,0.00010392015287607722,False
2024-09-06 14:55:50.691072+00:00,0.0001029302507362296,False
2024-09-07 13:24:59.876640+00:00,8.268318472265303e-05,False
2024-09-07 20:54:42.943104+00:00,0.0004021472804758357,False
2024-09-08 13:46:34.831200+00:00,0.0005348804947281271,False
2024-09-08 21:16:17.893344+00:00,0.0003656157827156072,False
2024-09-09 04:46:00.955488+00:00,8.314493148339172e-05,False
2024-09-09 14:08:09.776256+00:00,0.0002536650559279628,False
2024-09-09 21:37:52.835808+00:00,8.64579652136871e-05,False
2024-09-10 12:37:18.948000+00:00,0.00015731946435498074,False
2024-09-10 21:59:27.769632+00:00,0.0002532928833962805,False
2024-09-11 12:58:53.878368+00:00,0.00016084741448535894,False
2024-09-11 14:51:19.639584+00:00,-6.458807312396317e-05,False
2024-09-11 22:21:02.694816+00:00,0.00022209091036011448,False
2024-09-12 15:12:54.552672+00:00,1.1115503270244507e-05,False
2024-09-12 20:50:11.844960+00:00,0.00024111383368790224,False
2024-09-12 22:42:37.607040+00:00,2.22764776306238e-05,False
2024-09-13 21:11:46.754592+00:00,0.0006905674310309527,False
2024-09-14 14:03:38.611584+00:00,0.000388089088677276,False
2024-09-14 21:33:21.660768+00:00,0.0002447749587410515,False
2024-09-15 03:10:38.947872+00:00,0.00012641660798639494,False
2024-09-15 21:54:56.554848+00:00,-7.928448315316764e-06,False
2024-09-16 03:32:13.840224+00:00,7.529537158610782e-05,False
2024-09-16 14:46:48.404064+00:00,0.00011020656403509365,False
2024-09-16 22:16:31.445472+00:00,0.00010989293199259676,False
2024-09-17 03:53:48.722208+00:00,-0.00020878525511470862,False
2024-09-17 15:08:23.277408+00:00,-0.0001450447566160917,False
2024-09-17 20:45:40.568832+00:00,0.0007500193167656413,False
2024-09-18 04:15:23.611968+00:00,0.00015996021948464658,False
2024-09-18 13:37:32.411136+00:00,-2.3721310340805665e-05,False
2024-09-18 21:07:15.453408+00:00,0.0002842510318405541,False
2024-09-19 04:36:58.493088+00:00,2.5839050922401e-05,False
2024-09-19 13:59:07.287072+00:00,-0.00021520510202418462,False
2024-09-19 19:36:24.564672+00:00,6.22570842332264e-05,False
2024-09-20 14:20:42.158688+00:00,0.00015087494891560148,False
2024-09-20 21:50:25.194048+00:00,0.0001590856757616577,False
2024-09-21 05:20:08.229408+00:00,-6.626199223730964e-05,False
2024-09-21 12:49:51.260448+00:00,-2.0503411791838452e-05,False
2024-09-22 05:41:43.091520+00:00,0.00035564289621569344,False
2024-09-22 13:11:26.123424+00:00,-0.00013198794082419665,False
2024-09-22 22:33:34.912224+00:00,3.176913348243722e-05,False
2024-09-23 13:33:00.968256+00:00,-0.00021622895637505722,False
2024-09-23 13:33:00.969984+00:00,0.00010039402286775771,False
2024-09-23 21:02:43.997568+00:00,9.132553524716374e-05,False
2024-09-24 13:54:35.808768+00:00,-0.00016389688550858748,False
2024-09-24 13:54:35.809632+00:00,8.031519907822102e-05,False
2024-09-24 17:39:27.323424+00:00,6.900590280367995e-05,False
2024-09-25 14:16:10.644096+00:00,0.0002763685683588584,False
2024-09-25 19:53:27.910464+00:00,-1.5020698613490925e-05,False
2024-09-25 21:45:53.666496+00:00,4.840915809410925e-05,False
2024-09-26 20:15:02.732832+00:00,0.00031459533600764215,False
2024-09-26 22:07:28.488000+00:00,5.357325794896111e-05,False
2024-09-27 13:06:54.524160+00:00,-0.0001382882443178051,False
2024-09-27 18:44:11.793120+00:00,0.0003324779294884777,False
2024-09-28 02:13:54.813792+00:00,0.00015314113081100905,False
2024-09-28 13:28:29.341344+00:00,7.439462262443387e-05,False
2024-09-28 22:50:38.116320+00:00,0.00017451755999100242,False
2024-09-29 04:27:55.380096+00:00,6.974300594401453e-06,False
2024-09-29 13:50:04.152480+00:00,0.00013738596358502488,False
2024-09-29 19:27:21.412800+00:00,5.1630978180251444e-05,False
2024-09-30 04:49:30.183456+00:00,6.825775885371609e-05,False
2024-09-30 14:11:38.948928+00:00,-8.609398179928139e-05,False
2024-09-30 21:41:21.966144+00:00,0.00034830241089132236,False
2024-10-01 05:11:04.981632+00:00,0.00017427098595277062,False
2024-10-01 14:33:13.741056+00:00,-0.00024335897753026533,False
2024-10-01 20:10:31.003104+00:00,0.00037977902432270337,False
2024-10-02 11:09:57.022848+00:00,0.00013144793128368486,False
2024-10-02 20:32:05.783136+00:00,8.713741089365335e-05,False
2024-10-03 13:23:57.552864+00:00,0.0002624477514192139,False
2024-10-03 20:53:40.555392+00:00,2.290459658473628e-05,False
2024-10-04 13:45:32.520384+00:00,0.016010427154825462,False
2024-10-04 21:15:15.604992+00:00,0.0005530687278236074,False
2024-10-05 04:44:58.693920+00:00,0.0006174108592535747,False
2024-10-05 14:07:07.548384+00:00,0.0001866731481752544,False
2024-10-05 21:36:50.627808+00:00,7.798046310192086e-05,False
2024-10-06 12:36:16.790112+00:00,0.0004798023759064085,False
2024-10-06 20:05:59.867808+00:00,0.00017796040090547728,False
2024-10-07 12:57:51.784416+00:00,-3.505905134115349e-05,False
2024-10-07 12:57:51.785280+00:00,4.015786156324264e-06,False
2024-10-07 20:27:34.860384+00:00,0.00018718754318100176,False
2024-10-08 13:19:26.767488+00:00,0.00025295548995558394,False
2024-10-08 13:19:26.770080+00:00,0.00011244163965260073,False
2024-10-08 20:49:09.849504+00:00,0.0005630321236365242,False
2024-10-09 13:41:01.761792+00:00,0.00041548836003337474,False
2024-10-09 19:18:19.063584+00:00,0.00010126594578805471,False
2024-10-09 21:10:44.830848+00:00,6.992800026148719e-05,False
2024-10-10 14:02:36.735360+00:00,0.00027778228170720484,False
2024-10-10 19:39:54.030240+00:00,-0.00010536671660773726,False
2024-10-11 12:31:45.934752+00:00,0.0010646316200365092,False
2024-10-11 20:01:28.999488+00:00,0.0001480354895732363,False
2024-10-12 12:53:20.893632+00:00,0.000287148931161858,False
2024-10-12 20:23:03.953184+00:00,1.9576494137123408e-05,False
2024-10-13 13:14:55.842144+00:00,0.000337423434990129,False
2024-10-13 20:44:38.905152+00:00,0.00040593821880303624,False
2024-10-14 13:36:30.785472+00:00,0.0001976753501671742,False
2024-10-14 21:06:13.845024+00:00,0.00012471090847405663,False
2024-10-15 04:35:56.898528+00:00,-4.4529473573048743e-05,False
2024-10-15 13:58:05.721024+00:00,0.0002791455775793388,False
2024-10-15 21:27:48.776256+00:00,-2.2262540408975976e-05,False
2024-10-16 04:57:31.831488+00:00,0.00017108029745424992,False
2024-10-16 14:19:40.647072+00:00,2.4108635384825707e-05,False
2024-10-16 21:49:23.697120+00:00,-3.425044835219759e-05,False
2024-10-17 05:19:06.748032+00:00,7.68671703902217e-05,False
2024-10-17 12:48:49.800672+00:00,-3.6775617408128054e-05,False
2024-10-17 22:10:58.613664+00:00,0.00017244044484406585,False
2024-10-18 11:17:58.952544+00:00,0.00022709509261595637,False
2024-10-18 22:32:33.527616+00:00,0.00024275155401678783,False
2024-10-19 11:39:33.860448+00:00,0.00010615092699064088,False
2024-10-19 19:09:16.906176+00:00,0.00010650287821636944,False
2024-10-19 21:01:42.666528+00:00,-4.605189525836686e-05,False
2024-10-20 13:53:34.518336+00:00,0.00018299899546353693,False
2024-10-20 19:30:51.802848+00:00,4.1707632273818844e-05,False
2024-10-20 21:23:17.564928+00:00,3.499115034899405e-05,False
2024-10-21 12:22:43.659840+00:00,0.00047186239625825383,False
2024-10-21 19:52:26.706432+00:00,0.00015625147637335357,False
2024-10-21 21:44:52.467648+00:00,-2.7683586341216193e-05,False
2024-10-22 12:44:18.567744+00:00,0.0005694200087266193,False
2024-10-22 20:14:01.612608+00:00,-6.93139977506951e-05,False
2024-10-22 22:06:27.373824+00:00,-5.8217754223066775e-05,False
2024-10-23 13:05:53.463552+00:00,0.0003947854045997141,False
2024-10-23 22:28:02.267040+00:00,3.9699976235624756e-05,False
2024-10-24 04:05:19.543776+00:00,-0.00010975379031607555,False
2024-10-24 13:27:28.349856+00:00,0.0002807548996503245,False
2024-10-24 19:04:45.631776+00:00,9.199696089358993e-05,False
2024-10-25 19:26:20.512896+00:00,0.00020299433155610848,False
2024-10-25 23:11:12.032736+00:00,2.8517531548845004e-05,False
2024-10-26 12:18:12.354336+00:00,0.0005536740683425637,False
2024-10-26 19:47:55.386240+00:00,-3.876116681240352e-05,False
2024-10-26 21:40:21.146592+00:00,8.678508882785904e-05,False
2024-10-27 12:39:47.219040+00:00,0.000529771047371183,False
2024-10-27 20:09:30.254400+00:00,0.000327256640119427,False
2024-10-27 22:01:56.010432+00:00,-7.610174470865287e-05,False
2024-10-28 13:01:22.077696+00:00,0.0004948173221835514,False
2024-10-28 22:23:30.863904+00:00,-5.7950442910924705e-05,False
2024-10-29 04:00:48.135456+00:00,0.0002535279957626553,False
2024-10-29 13:22:56.926848+00:00,0.00048655629227054145,False
2024-10-29 22:45:05.711328+00:00,2.862033510936824e-06,False
2024-10-30 04:22:22.978560+00:00,0.00023673195882096382,False
2024-10-30 13:44:31.769088+00:00,0.000850579671448602,False
2024-10-31 04:43:57.821664+00:00,0.0005274667267423817,False
2024-10-31 12:13:40.853568+00:00,0.0003780195969037752,False
2024-10-31 21:35:49.637184+00:00,0.00016546464043297525,False
2024-11-01 05:05:32.662176+00:00,0.00031843979733744087,False
2024-11-01 12:35:15.682848+00:00,0.0003698331996389538,False
2024-11-01 21:57:24.460416+00:00,3.2477633693530966e-05,False
2024-11-02 11:04:24.747456+00:00,0.0003692424048870943,False
2024-11-02 12:56:50.501760+00:00,7.680259172879685e-05,False
2024-11-02 22:18:59.281056+00:00,0.0002534664804440651,False
2024-11-03 11:25:59.571552+00:00,0.0006534577932320775,False
2024-11-03 13:18:25.327584+00:00,8.287300067847994e-06,False
2024-11-03 22:40:34.106880+00:00,0.00012489935849417628,False
2024-11-04 13:40:00.154272+00:00,0.0009334835340453666,False
2024-11-04 19:17:17.420640+00:00,-5.990325004386944e-05,False
2024-11-04 23:02:08.923200+00:00,-5.8364280464292075e-05,False
2024-11-05 14:01:34.958496+00:00,0.0006009816956689768,False
2024-11-06 03:08:35.237760+00:00,0.00045126824627236644,False
2024-11-06 14:23:09.760992+00:00,0.0003805063551416848,False
2024-11-06 21:52:52.772160+00:00,-1.7269106030154858e-05,False
2024-11-07 03:30:10.035072+00:00,0.00028652058497702376,False
2024-11-07 14:44:44.555712+00:00,0.0002799209816318407,False
2024-11-07 22:14:27.566016+00:00,0.0001628942112479097,False
2024-11-08 11:21:27.833184+00:00,0.0003665118431852709,False
2024-11-08 22:36:02.341728+00:00,5.5339015990236865e-05,False
2024-11-09 11:43:02.604576+00:00,0.0006431818296885871,False
2024-11-09 13:35:28.353696+00:00,-4.680904756647816e-05,False
2024-11-09 21:05:11.359680+00:00,0.00027259841807034823,False
2024-11-10 13:57:03.119904+00:00,0.0005978588277269114,False
2024-11-10 19:34:20.374176+00:00,0.00019238796542011513,False
2024-11-10 21:26:46.121568+00:00,-6.0421342064498874e-05,False
2024-11-11 14:18:37.873152+00:00,0.0004932145847023386,False
2024-11-11 19:55:55.123968+00:00,9.244540637483138e-05,False
2024-11-12 14:40:12.621216+00:00,0.00037313607072064715,False
2024-11-12 22:09:55.618560+00:00,0.0001706500276538295,False
2024-11-13 03:47:12.871968+00:00,0.0002305622885510778,False
2024-11-13 13:09:21.621888+00:00,8.957744652959469e-05,False
2024-11-13 16:54:13.122720+00:00,4.644952598301982e-05,False
2024-11-14 09:46:04.869984+00:00,0.00016307842753445856,False
2024-11-14 13:30:56.369952+00:00,0.00011476165145240746,False
2024-11-15 10:07:39.913536+00:00,0.021104190250805496,False
2024-11-15 13:52:31.467936+00:00,0.0002490851325846559,False
2024-11-15 21:22:14.573280+00:00,-4.300426137409069e-05,False
2024-11-16 06:44:23.455392+00:00,-1.4595853706511928e-05,False
2024-11-16 10:29:15.008064+00:00,8.006511158071003e-05,False
2024-11-17 22:05:24.764064+00:00,0.00037419169841871767,False
2024-11-18 11:12:25.193664+00:00,-1.1169351387053732e-05,False
2024-11-18 13:04:50.969568+00:00,4.018416101092582e-05,False
2024-11-18 22:26:59.848224+00:00,0.00028444124562015515,False
2024-11-19 13:26:26.050272+00:00,-2.773844102660079e-05,False
2024-11-19 19:03:43.373664+00:00,-6.0160798897856174e-05,False
2024-11-19 20:56:09.148704+00:00,4.168461375251142e-05,False
2024-11-20 13:48:01.124064+00:00,7.836809903931336e-05,False
2024-11-20 19:25:18.448320+00:00,0.00015615919196654241,False
2024-11-20 21:17:44.222496+00:00,3.7076560596994195e-05,False
2024-11-21 14:09:36.192672+00:00,8.924694927261773e-05,False
2024-11-21 19:46:53.513472+00:00,0.00016786683742853921,False
2024-11-22 14:31:11.239680+00:00,-0.0003207445715194565,False
2024-11-22 22:00:54.330336+00:00,0.00011671981992863884,False
2024-11-23 03:38:11.649408+00:00,-0.00013940891054891184,False
2024-11-23 13:00:20.514240+00:00,0.00021207931460940537,False
2024-11-23 22:22:29.377344+00:00,0.00017221851089569483,False
2024-11-24 03:59:46.690368+00:00,-0.00025352262429303784,False
2024-11-24 13:21:55.554336+00:00,0.00024706018135067066,False
2024-11-24 20:51:38.639808+00:00,0.00012365922024252667,False
2024-11-25 09:58:39.039168+00:00,3.7163782745269964e-05,False
2024-11-25 13:43:30.583200+00:00,-4.583913620045537e-06,False
2024-11-25 23:05:39.438528+00:00,0.00012085437941297851,False
2024-11-26 10:20:14.063712+00:00,6.876125717539223e-05,False
2024-11-26 21:34:48.692352+00:00,0.00033123345020749705,False
2024-11-27 10:41:49.089120+00:00,-0.00016335610601815554,False
2024-11-27 14:26:40.631424+00:00,5.450829793436778e-05,False
2024-11-27 21:56:23.710848+00:00,0.00019924016717617915,False
2024-11-28 11:03:24.099840+00:00,-0.0002140370473309677,False
2024-11-28 12:55:49.872288+00:00,0.00016104015851532103,False
2024-11-28 22:17:58.720704+00:00,0.00022541704959277292,False
2024-11-29 11:24:59.107968+00:00,2.7246627368339926e-05,False
2024-11-29 15:09:50.650272+00:00,0.00018766777335867338,False
2024-11-29 22:39:33.727104+00:00,0.0001949931809769172,False
2024-11-30 11:46:34.101408+00:00,-0.000390736668518271,False
2024-11-30 13:38:59.872128+00:00,0.0001043507151268285,False
2024-11-30 23:01:08.713632+00:00,0.00017679614054701636,False
2024-12-01 14:00:34.850016+00:00,-0.00041879472728057447,False
2024-12-01 19:37:52.150080+00:00,0.00010791144001282184,False
2024-12-01 21:30:17.913024+00:00,-0.0002174373119950559,False
2024-12-02 12:29:44.050272+00:00,0.0002914187267112971,False
2024-12-02 19:59:27.113280+00:00,9.58067263080933e-05,False
2024-12-02 21:51:52.879680+00:00,3.327960190651026e-05,False
2024-12-03 14:43:44.772960+00:00,-4.0588272718050384e-05,False
2024-12-03 20:21:02.068704+00:00,0.00018366064338662196,False
2024-12-04 01:58:19.361856+00:00,-0.00029428920670000074,False
2024-12-04 15:05:19.716288+00:00,0.00012125074996968758,False
2024-12-04 22:35:02.772384+00:00,7.397911811908933e-06,False
2024-12-05 04:12:20.062944+00:00,-9.245476392409363e-05,False
2024-12-05 13:34:28.883712+00:00,0.00012437128034675893,False
2024-12-05 21:04:11.935488+00:00,-5.035161897322664e-05,False
2024-12-06 10:11:12.283008+00:00,7.04652433265762e-05,False
2024-12-06 15:48:29.575296+00:00,0.00012017053168244404,False
2024-12-06 21:25:46.862400+00:00,-6.140760356982491e-05,False
2024-12-07 10:32:47.209056+00:00,-3.1502405427034214e-05,False
2024-12-07 14:17:38.735808+00:00,-5.051480241702693e-05,False
2024-12-07 21:47:21.789312+00:00,0.00023139927247101675,False
2024-12-08 10:54:22.134240+00:00,0.0003413129837047024,False
2024-12-08 14:39:13.660992+00:00,8.057080780869459e-05,False
2024-12-08 22:08:56.707584+00:00,-0.0002128740318760281,False
2024-12-09 11:15:57.046464+00:00,8.728852760422266e-05,False
2024-12-09 15:00:48.571488+00:00,0.00013471733913269048,False
2024-12-09 20:38:05.857728+00:00,-0.0001448352864163769,False
2024-12-10 11:37:31.955232+00:00,-0.00016671975957798218,False
2024-12-10 13:29:57.719040+00:00,9.667395047480627e-05,False
2024-12-10 22:52:06.531168+00:00,0.00019701108879449455,False
2024-12-11 13:51:32.627808+00:00,0.00011901825725052473,False
2024-12-11 15:43:58.389024+00:00,0.00012718880605716852,False
2024-12-11 21:21:15.674400+00:00,2.2432221367944284e-05,False
2024-12-12 14:13:07.525344+00:00,2.8823279393626648e-05,False
2024-12-12 17:57:59.046912+00:00,2.3727968427073856e-05,False
2024-12-12 21:42:50.569344+00:00,-5.753698196921715e-05,False
2024-12-13 14:34:42.418560+00:00,9.065198361299349e-05,False
2024-12-13 18:19:33.939264+00:00,0.00010044145754911442,False
2024-12-14 13:03:51.540192+00:00,-0.00012692704652151444,False
2024-12-14 18:41:08.817792+00:00,5.827080753013949e-05,False
2024-12-14 20:33:34.578144+00:00,-6.5330310387932e-05,False
2024-12-15 13:25:26.408352+00:00,7.495818003664246e-05,False
2024-12-15 19:02:43.684224+00:00,3.409288029105713e-05,False
2024-12-15 20:55:09.442848+00:00,-0.00010022467347204175,False
2024-12-16 13:47:01.270464+00:00,0.00019972585153621024,False
2024-12-16 19:24:18.548064+00:00,0.00015265460066330773,False
2024-12-16 21:16:44.306688+00:00,5.697548381625662e-06,False
2024-12-17 14:08:36.130848+00:00,0.00019592781315013645,False
2024-12-17 21:38:19.163616+00:00,2.6404935112559218e-05,False
2024-12-18 03:15:36.435168+00:00,-0.00010851916491973365,False
2024-12-18 08:52:53.709312+00:00,5.440673369629158e-05,False
2024-12-19 03:37:11.283456+00:00,0.00012488727597904096,False
2024-12-19 05:29:37.042080+00:00,0.00011108475596609946,False
2024-12-19 14:51:45.832608+00:00,0.0002767490044747336,False
2024-12-19 22:21:28.864512+00:00,8.764167225124001e-05,False
2024-12-20 03:58:46.138656+00:00,0.00012193738192019441,False
2024-12-20 13:20:54.929184+00:00,0.0001408798598610769,False
2024-12-20 20:50:37.961952+00:00,0.00019248585220336278,False
2024-12-21 11:50:04.024032+00:00,8.801278298651931e-05,False
2024-12-21 13:42:29.780064+00:00,6.876318375572108e-06,False
2024-12-21 21:12:12.811104+00:00,5.412061235830762e-05,False
2024-12-22 12:11:38.873184+00:00,0.00033048340086228603,False
2024-12-22 14:04:04.629216+00:00,6.478774400709325e-05,False
2024-12-22 21:33:47.660256+00:00,0.00010663748585684705,False
2024-12-23 14:25:39.475776+00:00,0.00020339640053218446,False
2024-12-23 20:02:56.749056+00:00,0.00016487846895454696,False
2024-12-24 14:47:14.314560+00:00,0.00023061124314534048,False
2024-12-24 22:16:57.343872+00:00,0.0002042409871655203,False
2024-12-25 03:54:14.611104+00:00,7.191541208027654e-05,False
2024-12-25 13:16:23.389536+00:00,0.0001387901526682503,False
2024-12-26 06:08:15.191232+00:00,0.00019904347847910528,False
2024-12-26 11:45:32.454144+00:00,2.684937965398185e-05,False
2024-12-26 13:37:58.209312+00:00,3.539392851631404e-05,False
2024-12-26 21:07:41.230848+00:00,0.0001695422665820491,False
2024-12-27 12:07:07.268736+00:00,0.00037679887858824384,False
2024-12-27 13:59:33.023040+00:00,6.816994172202887e-05,False
2024-12-27 21:29:16.041984+00:00,0.00011568737622058372,False
2024-12-28 12:28:42.075552+00:00,0.00030397010484169596,False
2024-12-28 14:21:07.826400+00:00,-8.805322470498771e-06,False
2024-12-29 14:42:42.630624+00:00,0.000687808616940959,False
2024-12-29 18:27:34.139232+00:00,0.00022435226227674964,False
2024-12-29 22:12:25.645248+00:00,-5.233814821047896e-06,False
2024-12-30 13:11:51.671904+00:00,9.962861789653682e-05,False
2024-12-30 18:49:08.931360+00:00,4.454314640511218e-05,False
2024-12-30 20:41:34.686528+00:00,0.0001537387833656848,False
2024-12-31 13:33:26.464032+00:00,0.00017828824719071546,False
2024-12-31 21:03:09.479520+00:00,0.00026181668412007667,False
2025-01-01 02:40:26.738112+00:00,0.00016060929939709637,False
2025-01-01 13:55:01.258752+00:00,0.0004895678873724003,False
2025-01-01 21:24:44.261280+00:00,-0.0006376619354477778,False
2025-01-02 04:54:27.282816+00:00,0.0007548108181472889,False
2025-01-02 10:31:44.543136+00:00,0.00018410029708191205,False
2025-01-02 21:46:19.063776+00:00,0.0005051064508551609,False
2025-01-03 14:38:10.838688+00:00,0.0004059223742904079,False
2025-01-03 22:07:53.849856+00:00,0.00017801602182956392,False
2025-01-04 11:14:54.115296+00:00,0.00012025110671271704,False
2025-01-04 13:07:19.866144+00:00,6.445112579364924e-05,False
2025-01-04 22:29:28.626432+00:00,-9.432049114959897e-05,False
2025-01-05 11:36:28.891008+00:00,0.0002636880960170401,False
2025-01-05 13:28:54.640992+00:00,6.01463380733628e-05,False
2025-01-05 19:06:11.898720+00:00,8.551515539336743e-05,False
2025-01-06 11:58:03.658944+00:00,0.00017370893679902443,False
2025-01-06 13:50:29.409792+00:00,4.0480929971527634e-05,False
2025-01-06 21:20:12.414048+00:00,1.0421880240621238e-05,False
2025-01-07 12:19:38.414784+00:00,0.00015357835269569326,False
2025-01-07 14:12:04.165632+00:00,4.3912543310080576e-05,False
2025-01-07 19:49:21.414720+00:00,-2.7571308524813334e-05,False
2025-01-07 21:41:47.175072+00:00,4.011606279336686,False
2025-01-08 07:04:41.103552+00:00,2.8544041802512257,False
2025-01-09 07:28:31.684512+00:00,1.1467256450724352,False
2025-01-09 20:36:45.465984+00:00,-0.00037070945906846834,False
2025-01-10 02:14:34.237248+00:00,5.14145770775862e-05,False
2025-01-11 12:04:35.344704+00:00,7.881816686011117,False
2025-01-11 13:57:21.943872+00:00,-0.0001378777900831982,False
2025-01-11 21:28:28.343136+00:00,0.00010771744492563975,False
2025-01-12 14:23:27.736512+00:00,7.96167998078588e-05,False
2025-01-12 18:09:00.936576+00:00,3.117850671994723e-07,False
2025-01-12 21:54:34.133184+00:00,7.492922725601633e-05,False
2025-01-13 12:56:46.930848+00:00,0.00023023255788952584,False
2025-01-13 18:35:06.728352+00:00,1.3394273922410444e-05,False
2025-01-13 22:20:39.924960+00:00,-1.9355513273050845e-05,False
2025-01-14 13:22:52.725216+00:00,0.00036388544276198315,False
2025-01-14 19:01:12.523584+00:00,9.205317194179279e-06,False
2025-01-14 20:53:59.121024+00:00,-3.653192606284725e-05,False
2025-01-15 13:48:58.515264+00:00,0.0002136753517590811,False
2025-01-15 19:27:18.313632+00:00,8.795367910731192e-05,False
2025-01-15 21:20:04.913664+00:00,2.2324330548731566e-05,False
2025-01-16 14:15:04.302720+00:00,3.9031235730529524e-05,False
2025-01-16 19:53:24.096768+00:00,-4.7064151380437166e-05,False
2025-01-16 21:46:10.695072+00:00,8.43998890067215e-06,False
2025-01-17 14:41:10.078080+00:00,0.00023367771688628022,False
2025-01-17 22:12:16.471296+00:00,0.00014110357823420074,False
2025-01-18 01:57:49.667904+00:00,0.00012319310439254497,False
2025-01-18 13:14:29.247360+00:00,-1.975498357190841e-05,False
2025-01-18 20:45:35.634528+00:00,3.467012424397152e-05,False
2025-01-19 02:23:55.425984+00:00,7.150651162584305e-05,False
2025-01-19 13:40:35.004576+00:00,3.9424997265352635e-05,False
2025-01-19 21:11:41.389152+00:00,6.70579224200263e-05,False
2025-01-20 04:42:47.777184+00:00,0.0002930655821855381,False
2025-01-20 14:06:40.751424+00:00,7.422553322549347e-05,False
2025-01-20 21:37:47.130816+00:00,-5.50866319631632e-06,False
2025-01-21 10:47:13.296480+00:00,0.00027029404461241,False
2025-01-21 14:32:46.486176+00:00,-8.386367406201385e-05,False
2025-01-21 18:18:19.673280+00:00,-7.5933371267526e-05,False
2025-01-21 20:11:00.997728+00:00,-3.9377225197308987,False
2025-01-24 13:51:08.044416+00:00,-8.727617282400352,False
2025-01-24 19:28:37.970976+00:00,9.724488405174974e-05,False
2025-01-24 21:21:07.947648+00:00,0.00016208893073513017,False
2025-01-25 12:20:44.627424+00:00,-2.848814612741439,False
2025-01-25 14:13:10.866432+00:00,0.00015810009746825698,False
2025-01-25 21:42:55.807776+00:00,-0.0012598465945262076,False
2025-01-26 14:34:51.946752+00:00,0.00042670243834267547,False
2025-01-26 18:19:44.422176+00:00,0.00013064610006586886,False
2025-01-26 22:04:36.900192+00:00,0.00018355874411635377,False
2025-01-27 11:11:40.557696+00:00,-4.4561549286233234e-05,False
2025-01-27 20:33:51.745824+00:00,0.00016733373568198037,False
2025-01-28 15:18:14.105664+00:00,-0.00014911082762550766,False
2025-01-28 20:55:32.812320+00:00,-0.00014007947832946858,False
2025-01-28 22:47:59.050464+00:00,2.5516612264564668e-05,False
2025-01-29 11:54:59.636448+00:00,-0.3514738771025118,False
2025-01-29 13:47:25.411488+00:00,1.867984579389723e-05,False
2025-01-29 21:17:08.500416+00:00,0.0006229644090977553,False
2025-01-30 14:09:00.488736+00:00,-0.0002381746305900027,False
2025-01-30 19:46:17.812128+00:00,1.777158009599292e-05,False
2025-01-31 14:30:35.556480+00:00,0.00026236572183415525,False
2025-01-31 20:07:52.876416+00:00,-9.822179418056652e-05,False
2025-02-01 03:37:35.970528+00:00,-1.6828278382588285e-05,False
2025-02-01 12:59:44.835360+00:00,8.395514105933905e-05,False
2025-02-01 20:29:27.928608+00:00,6.071611049336147e-05,False
2025-02-02 03:59:11.020992+00:00,9.168542168024998e-05,False
2025-02-02 13:21:19.884960+00:00,5.439093517407373e-05,False
2025-02-02 22:43:28.748928+00:00,0.0001019950987756023,False
2025-02-03 04:20:46.066272+00:00,3.1154399020461644e-05,False
2025-02-03 13:42:54.926784+00:00,-1.781793888237733e-05,False
2025-02-03 19:20:12.241536+00:00,7.72695091691498e-05,False
2025-02-04 04:42:21.102912+00:00,7.292178774663272e-05,False
2025-02-04 14:04:29.915904+00:00,-0.0016343897127266095,False
2025-02-05 12:33:39.018528+00:00,-0.005615657069767705,False
2025-02-05 14:26:04.780608+00:00,8.04074967707673e-05,False
2025-02-05 21:55:47.823744+00:00,-0.0005587135400844447,False
2025-02-06 12:55:13.904832+00:00,-0.00036403320810629597,False
2025-02-06 18:32:31.185024+00:00,-2.683122014214624e-06,False
2025-02-06 22:17:22.706592+00:00,-3.3519389794111595e-05,False
2025-02-07 18:54:06.069600+00:00,0.00011622509832443016,False
2025-02-07 22:38:57.590304+00:00,4.253035685146811e-05,False
2025-02-08 13:38:23.679168+00:00,0.0008594055089640904,False
2025-02-08 19:15:40.960224+00:00,0.0001388071971925073,False
2025-02-08 21:08:06.721440+00:00,6.935198417458308e-05,False
2025-02-09 13:59:58.563744+00:00,-6.675090464602722e-05,False
2025-02-09 19:37:15.843072+00:00,6.205389414267434e-05,False
2025-02-09 21:29:41.603424+00:00,-1.5864256131058267e-05,False
2025-02-10 12:29:07.681920+00:00,0.00015684534590251195,False
2025-02-10 19:58:50.715552+00:00,-3.185344551350145e-05,False
2025-02-10 21:51:16.475040+00:00,1.441437270436306e-05,False
2025-02-11 12:50:42.549216+00:00,0.0002948362529473965,False
2025-02-11 22:12:51.345792+00:00,8.322159784693612e-05,False
2025-02-12 03:50:08.621664+00:00,3.9199174994473056e-05,False
2025-02-12 13:12:17.413920+00:00,-0.00010950098482951457,False
2025-02-12 22:34:26.207904+00:00,4.27599621124413e-05,False
2025-02-13 04:11:43.482912+00:00,9.893645127151476e-05,False
2025-02-13 13:33:52.275168+00:00,0.00017654923385458936,False
2025-02-13 22:56:01.065696+00:00,2.006581913406764e-06,False
2025-02-14 04:33:18.336384+00:00,-7.528181978354942e-05,False
2025-02-14 13:55:27.127776+00:00,0.00046315482909150955,False
2025-02-14 21:25:10.160544+00:00,8.628097848475974e-05,False
2025-02-15 10:32:10.463136+00:00,4.0731589198448616e-05,False
2025-02-15 14:17:01.978656+00:00,7.708820819646811e-05,False
2025-02-15 21:46:45.011424+00:00,0.00019619519455750607,False
2025-02-16 12:46:11.069184+00:00,6.554522086463368e-05,False
2025-02-16 18:23:28.341600+00:00,9.686805835313143e-05,False
2025-02-16 22:08:19.857120+00:00,-2.8379676333587368e-05,False
2025-02-17 13:07:45.916608+00:00,0.0002739115515715635,False
2025-02-17 18:45:03.189024+00:00,0.0001355729753194844,False
2025-02-17 22:29:54.704544+00:00,2.1965924898537245e-05,False
2025-02-18 13:29:20.764032+00:00,0.0002520062357187266,False
2025-02-18 19:06:38.036448+00:00,0.00012288381985021502,False
2025-02-18 22:51:29.551968+00:00,6.0431263379096586e-05,False
2025-02-19 13:50:55.612320+00:00,0.00017736413977390247,False
2025-02-19 21:20:38.641632+00:00,0.00012329084421864667,False
2025-02-20 02:57:55.910592+00:00,5.5066149238219985e-05,False
2025-02-20 14:12:30.456288+00:00,4.595122603347882e-05,False
2025-02-20 21:42:13.485600+00:00,0.00012184283827350794,False
2025-02-21 03:19:30.753696+00:00,-1.533952605269721e-05,False
2025-02-21 12:41:39.543360+00:00,0.000194939117989016,False
2025-02-21 22:03:48.329568+00:00,0.00013961668623821202,False
2025-02-22 03:41:05.598528+00:00,0.0001057982771015841,False
2025-02-22 14:55:40.141632+00:00,0.00014829573310124838,False
2025-02-22 22:25:23.170944+00:00,0.00016106880717401743,False
2025-02-23 04:02:40.439040+00:00,4.03408885145799e-05,False
2025-02-23 22:46:57.998496+00:00,0.00011024828056679773,False
2025-02-24 04:24:15.264864+00:00,1.9100931715274272e-05,False
2025-02-24 13:46:24.045888+00:00,0.0002652363808361899,False
2025-02-24 23:08:32.822592+00:00,8.661535193464046e-05,False
2025-02-25 12:15:33.115680+00:00,0.0003293267024487261,False
2025-02-25 14:07:58.870848+00:00,7.89734344034252e-06,False
2025-02-25 21:37:41.894112+00:00,9.115513735854713e-05,False
2025-02-26 14:29:33.690624+00:00,0.00018856316622850887,False
2025-02-26 20:06:50.956992+00:00,4.783971041172252e-05,False
2025-02-26 21:59:16.710432+00:00,-4.797059360607898e-05,False
2025-02-27 12:58:42.750912+00:00,0.00042124302112612994,False
2025-02-27 20:28:25.775040+00:00,0.0002247523789568745,False
2025-02-27 22:20:51.529344+00:00,-1.75492004887164e-05,False
2025-02-28 13:20:17.569824+00:00,0.0002690055393496038,False
2025-02-28 20:50:00.587904+00:00,-3.0817813651636043e-05,False
2025-02-28 22:42:26.340480+00:00,-6.348959576784127e-05,False
2025-03-01 13:41:52.383552+00:00,0.0003531017824439515,False
2025-03-01 19:19:09.649056+00:00,5.8983037429914e-05,False
2025-03-02 02:48:52.666272+00:00,1.2226512264987754e-05,False
2025-03-02 14:03:27.197280+00:00,0.00020628146981758593,False
2025-03-02 21:33:10.214496+00:00,1.2271151639540908e-05,False
2025-03-03 03:10:27.479136+00:00,0.00015560175420027933,False
2025-03-03 12:32:36.254976+00:00,5.171551040960052e-05,False
2025-03-03 21:54:45.027360+00:00,2.4370471654714158e-06,False
2025-03-04 03:32:02.296320+00:00,0.0003035785883235751,False
2025-03-04 11:01:45.315264+00:00,6.908090052450927e-05,False
2025-03-04 22:16:19.843680+00:00,4.0457211739328743e-05,False
2025-03-05 03:53:37.110912+00:00,0.00019713750493245496,False
2025-03-05 13:15:45.882432+00:00,8.59665981615699e-05,False
2025-03-05 22:37:54.648768+00:00,-9.514388059485e-05,False
2025-03-06 04:15:11.911680+00:00,4.630160935466859e-05,False
2025-03-06 13:37:20.681472+00:00,0.00010572645654453958,False
2025-03-06 17:22:12.190944+00:00,1.704116020873067e-05,False
2025-03-07 12:06:29.729664+00:00,0.00015514046796405196,False
2025-03-07 19:36:12.746880+00:00,2.41453153338589e-06,False
2025-03-08 04:58:21.518400+00:00,0.00027877448870844976,False
2025-03-08 19:57:47.542464+00:00,-0.00024579940826604965,False
2025-03-08 21:50:13.295904+00:00,0.0001082449914072534,False
2025-03-09 12:49:39.323424+00:00,0.0002052557081366454,False
2025-03-09 20:19:22.335456+00:00,4.091466592774179e-05,False
2025-03-09 22:11:48.088032+00:00,3.105045265372201e-05,False
2025-03-10 13:11:14.114688+00:00,0.00020800464156188047,False
2025-03-10 20:40:57.124992+00:00,4.588350798916268e-05,False
2025-03-10 22:33:22.875840+00:00,-2.7950998038487536e-05,False
2025-03-11 13:32:48.899904+00:00,0.00017324120705599868,False
2025-03-11 21:02:31.907616+00:00,-1.4354823690390693e-05,False
2025-03-11 22:54:57.659328+00:00,3.239977894738199e-05,False
2025-03-12 13:54:23.681664+00:00,6.245916396662262e-05,False
2025-03-12 21:24:06.688512+00:00,0.00012863492350302308,False
2025-03-12 23:16:32.441088+00:00,3.958641980239818e-05,False
2025-03-13 12:23:32.709120+00:00,0.00019145836314883775,False
2025-03-13 21:45:41.470272+00:00,0.00011919016222244861,False
2025-03-14 05:15:24.479712+00:00,-5.0258181115898774e-05,False
2025-03-14 14:37:33.243456+00:00,0.0002766452197716008,False
2025-03-14 22:07:16.247712+00:00,1.8740801013104506e-05,False
2025-03-15 13:06:42.261408+00:00,0.00013849369651811516,False
2025-03-15 22:28:51.015648+00:00,7.571258245354478e-05,False
2025-03-16 13:28:17.029344+00:00,0.00016173878039920053,False
2025-03-16 20:58:00.028416+00:00,-9.014963216200165e-05,False
2025-03-16 22:50:25.780992+00:00,0.00010374873337102956,False
2025-03-17 13:49:51.789504+00:00,6.326507390662963e-05,False
2025-03-17 23:12:00.542016+00:00,0.0002811650566701176,False
2025-03-18 04:49:17.791104+00:00,-0.00013157380316789426,False
2025-03-18 14:11:26.542752+00:00,0.00017576521552807822,False
2025-03-18 21:41:09.756096+00:00,0.020822991255523927,False
2025-03-19 05:10:52.845024+00:00,-8.996102222063698e-05,False
2025-03-19 14:33:01.734048+00:00,0.0008316925083918421,False
2025-03-19 22:02:44.836800+00:00,0.00016329589844010014,False
2025-03-20 13:02:11.049216+00:00,9.795522488218069e-05,False
2025-03-20 22:24:19.927872+00:00,0.0003669470348404276,False
2025-03-21 11:31:20.352288+00:00,-0.00027689612830568677,False
2025-03-21 20:53:29.213664+00:00,-0.0014457826735914127,False
2025-03-21 22:45:54.991296+00:00,9.989028249060359e-05,False
2025-03-22 13:45:21.186432+00:00,-9.182759280855772e-05,False
2025-03-22 23:07:30.056448+00:00,0.0002563208023164743,False
2025-03-23 04:44:47.373792+00:00,-0.0005465487949874639,False
2025-03-23 14:06:56.245536+00:00,0.00029327634005495173,False
2025-03-23 21:36:39.339648+00:00,9.897502761783324e-05,False
2025-03-24 05:06:22.432896+00:00,-0.0001027365498391254,False
2025-03-24 14:28:31.299456+00:00,0.00011336440804870883,False
2025-03-24 21:58:14.390112+00:00,-9.3287450089548e-06,False
2025-03-25 11:05:14.796384+00:00,-0.0002195732802777804,False
2025-03-25 14:50:06.339552+00:00,-2.3613648997079228e-05,False
2025-03-25 22:19:49.425024+00:00,-2.4533124906070652e-05,False
2025-03-26 11:26:49.824384+00:00,-0.000349170163916216,False
2025-03-26 13:19:15.597696+00:00,0.00013859152128719643,False
2025-03-26 22:41:24.449568+00:00,-0.00015416853467620172,False
2025-03-27 11:48:24.854112+00:00,0.0003793682403493746,False
2025-03-27 17:25:42.168000+00:00,0.0001794037141671979,False
2025-03-27 21:10:33.705984+00:00,-0.00016849659816635252,False
2025-03-28 10:17:34.097568+00:00,-0.00014923585595483967,False
2025-03-28 21:32:08.717568+00:00,0.00027028819674093033,False
2025-03-28 23:24:34.488288+00:00,-3.8689575627061e-07,False
2025-03-29 10:39:09.101376+00:00,-0.0002524031163821704,False
2025-03-29 21:53:43.713600+00:00,-3.077650660535439e-05,False
2025-03-30 05:23:26.789568+00:00,2.7847558213066407e-05,False
2025-03-30 14:45:35.634528+00:00,7.44844886549872e-05,False
2025-03-30 20:22:52.938912+00:00,4.115195702337567e-05,False
2025-03-31 13:14:44.852064+00:00,-6.226687112966488e-05,False
2025-03-31 20:44:27.921120+00:00,4.2299456451638784e-05,False
2025-04-01 13:36:19.823904+00:00,-0.00017315194063782248,False
2025-04-01 19:13:37.122240+00:00,1.8375347932117388e-06,False
2025-04-01 22:58:28.655040+00:00,-9.051427233736599e-05,False
2025-04-02 13:57:54.788832+00:00,0.00012117600816515266,False
2025-04-02 19:35:12.084576+00:00,-7.913053902888856e-05,False
2025-04-02 21:27:37.852704+00:00,7.592919772583286e-05,False
2025-04-03 14:19:29.754624+00:00,0.00036599678281455303,False
2025-04-03 21:49:12.819360+00:00,0.00019025196606643958,False
2025-04-04 05:18:55.878048+00:00,-0.0003236781763161657,False
2025-04-04 12:48:38.940192+00:00,8.963299758637426e-05,False
2025-04-04 20:18:21.999744+00:00,0.0001418843921506306,False
2025-04-05 13:10:13.886976+00:00,9.25297556439433e-05,False
2025-04-05 22:32:22.712064+00:00,7.328753316133995e-05,False
2025-04-06 13:31:48.830304+00:00,8.375625145301264e-05,False
2025-04-06 22:53:57.653664+00:00,0.00012821419693227783,False
2025-04-07 13:53:23.769312+00:00,0.00012519971747095617,False
2025-04-07 21:23:06.824544+00:00,5.202754976686347e-05,False
2025-04-08 14:14:58.694496+00:00,-7.638966275704776e-05,False
2025-04-08 21:44:41.745408+00:00,-6.896088753055482e-05,False
2025-04-08 21:44:41.746272+00:00,3.212613710953243e-05,False
2025-04-09 14:36:33.617088+00:00,0.00021991364867657434,False
2025-04-09 22:06:16.668000+00:00,5.615621396530578e-06,False
2025-04-10 05:35:59.717184+00:00,-0.00016149744707011924,False
2025-04-10 14:58:08.528448+00:00,0.00010150371478347066,False
2025-04-10 22:27:51.575040+00:00,-2.5464028479424682e-05,False
2025-04-11 11:34:51.907872+00:00,9.76060574225486e-05,False
2025-04-11 22:49:26.470848+00:00,-0.0001677078206862493,False
2025-04-12 11:56:26.801088+00:00,0.00029887800265307647,False
2025-04-12 13:48:52.561440+00:00,1.5243384831370678e-05,False
2025-04-12 21:18:35.603712+00:00,9.781503094626498e-06,False
2025-04-13 12:18:01.689984+00:00,0.00010759124212671644,False
2025-04-13 21:40:10.490880+00:00,0.00010035077344716441,False
2025-04-14 12:39:36.572832+00:00,9.196989303600074e-05,False
2025-04-14 22:01:45.371136+00:00,9.478313876985919e-06,False
2025-04-15 13:01:11.448768+00:00,3.971422379820343e-05,False
2025-04-15 14:53:37.207392+00:00,7.314157612484504e-06,False
2025-04-15 22:23:20.247072+00:00,0.0001842208367552936,False
2025-04-16 13:22:46.326432+00:00,0.00028585153273878744,False
2025-04-16 20:52:29.361792+00:00,-3.6603242519049915e-05,False
2025-04-16 22:44:55.122144+00:00,8.538163569427368e-05,False
2025-04-17 13:44:21.197184+00:00,0.00020122195029533853,False
2025-04-17 21:14:04.233408+00:00,1.316013762437109e-05,False
2025-04-19 05:05:22.137792+00:00,0.0001751309509290291,False
2025-04-19 21:57:13.971456+00:00,0.00028030954830158633,False
2025-04-20 05:26:57.002496+00:00,-0.0001037618489674226,False
2025-04-20 22:18:48.828384+00:00,0.00027883292814880566,False
2025-04-21 13:18:14.884416+00:00,-0.0002822454768654172,False
2025-04-21 22:40:23.669760+00:00,-5.4578888156635725e-05,False
2025-04-22 13:39:49.730112+00:00,0.00033822725091413384,False
2025-04-22 21:09:32.760288+00:00,8.359996252090452e-05,False
2025-04-22 23:01:58.518912+00:00,8.085120330938707e-05,False
2025-04-23 21:31:07.601664+00:00,0.00029237635379767313,False
2025-04-24 05:00:50.624928+00:00,-5.66041851297108e-05,False
2025-04-24 21:52:42.426624+00:00,8.082388895796707e-05,False
2025-04-25 12:52:08.469696+00:00,-1.6458311172157442e-05,False
2025-04-25 14:44:34.224864+00:00,4.213632285866397e-05,False
2025-04-25 22:14:17.253312+00:00,0.00033380841154545147,False
2025-04-26 13:13:43.293792+00:00,-0.00010645687956563452,False
2025-04-26 22:35:52.071360+00:00,0.00018883397675328122,False
2025-04-27 13:35:18.110112+00:00,-8.984835205662166e-05,False
2025-04-27 21:05:01.135104+00:00,0.00013739220452618363,False
2025-04-27 22:57:26.889408+00:00,2.3297760840100108e-05,False
2025-04-28 21:26:35.950560+00:00,0.0001222663741162962,False
2025-04-29 04:56:18.972960+00:00,0.00010635664951756745,False
2025-05-01 20:38:54.637440+00:00,0.0004772464474364802,False
2025-05-02 15:23:12.174432+00:00,-4.364748456627205e-05,False
2025-05-02 21:00:29.438208+00:00,3.519294467782166e-05,False
2025-05-03 04:30:12.457152+00:00,0.00013697746409087116,False
2025-05-03 13:52:21.223488+00:00,2.252187133885351e-06,False
2025-05-03 21:22:04.237248+00:00,1.4409272968820647e-05,False
2025-05-04 04:51:47.250144+00:00,3.43118052284487e-05,False
2025-05-04 14:13:56.013888+00:00,9.397807528843327e-05,False
2025-05-04 21:43:39.024192+00:00,2.039755782584922e-05,False
2025-05-05 05:13:22.034496+00:00,8.571701953859445e-05,False
2025-05-05 22:05:13.805088+00:00,7.496047284006761e-05,False
2025-05-06 09:19:48.315360+00:00,-3.73638192650097e-05,False
2025-05-06 22:26:48.579936+00:00,0.00011777575304647135,False
2025-05-07 13:26:14.591040+00:00,0.00013530336753894224,False
2025-05-07 20:55:57.597024+00:00,1.633767923087668e-05,False
2025-05-08 21:17:32.365824+00:00,0.00019700022055506235,False
2025-05-08 23:09:58.117536+00:00,1.3925768134054518e-05,False
2025-05-09 06:39:41.120064+00:00,-0.0001429566122456373,False
2025-05-09 21:39:07.129440+00:00,0.00010650246848490516,False
2025-05-10 05:08:50.135424+00:00,3.958524838184627e-05,False
2025-05-10 14:30:58.891392+00:00,0.0001394415552207062,False
2025-05-10 22:00:41.894784+00:00,0.00011362105401823037,False
2025-05-11 13:00:07.901568+00:00,5.421675540870531e-05,False
2025-05-11 14:52:33.653280+00:00,1.2857627958705728e-05,False
2025-05-11 22:22:16.657536+00:00,3.929058687780529e-07,False
2025-05-12 13:21:42.667776+00:00,8.253324356952406e-05,False
2025-05-12 22:43:51.422016+00:00,-4.747030339143343e-05,False
2025-05-13 13:43:17.424480+00:00,-0.0001848453057220468,False
2025-05-13 21:13:00.425280+00:00,2.183962419862606e-05,False
2025-05-14 14:04:52.174272+00:00,-8.241725027011788e-05,False
2025-05-14 17:49:43.673376+00:00,-3.9377788725936484e-05,False
2025-05-14 21:34:35.171616+00:00,-9.059903463699021e-05,False
2025-05-15 14:26:26.921472+00:00,0.00022327353271713835,False
2025-05-15 20:03:44.170560+00:00,6.68160816257636e-05,False
2025-05-16 12:55:35.931648+00:00,0.001760711687169906,False
2025-05-16 20:25:19.124256+00:00,0.01613915419758218,False
2025-05-17 13:17:11.076288+00:00,0.00031886106135325075,False
2025-05-17 20:46:54.164352+00:00,0.0003299381446282946,False
2025-05-18 13:38:46.111200+00:00,-1.3096220191149803e-05,False
2025-05-18 21:08:29.198400+00:00,0.00024145807152392454,False
2025-05-19 04:38:12.260544+00:00,-0.0010051313576385679,False
2025-05-19 14:00:21.113280+00:00,-0.00017860381247544667,False
2025-05-20 04:59:47.274720+00:00,-9.699708984457493e-05,False
2025-05-20 14:21:56.127456+00:00,0.0001726754917403778,False
2025-05-20 18:06:47.667168+00:00,5.662318281266453e-05,False
2025-05-21 05:21:22.286304+00:00,-6.97794970107271e-05,False
2025-05-21 14:43:31.138176+00:00,0.0001333728408461238,False
2025-05-22 05:42:57.302208+00:00,8.090725367758454e-05,False
2025-05-22 13:12:40.384224+00:00,0.00013334192967032535,False
2025-05-23 11:41:49.631136+00:00,9.315799638186616e-05,False
2025-05-23 13:34:15.401856+00:00,-1.0804455829681326e-06,False
2025-05-23 21:03:58.483008+00:00,0.00010572504320815498,False
2025-05-24 12:03:24.644448+00:00,-0.0002129509588788409,False
2025-05-24 13:55:50.414304+00:00,2.5865086889609444e-06,False
2025-05-24 21:25:33.495456+00:00,0.00012181956629940553,False
2025-05-25 12:24:59.656896+00:00,-7.305327284951792e-05,False
2025-05-25 14:17:25.427616+00:00,5.5645878132492035e-05,False
2025-05-25 21:47:08.507904+00:00,0.00023409842486471678,False
2025-05-27 20:37:52.743072+00:00,3.567440781945526e-05,False
2025-05-28 13:29:44.658816+00:00,-0.0002001901945324496,False
2025-05-28 20:59:27.733056+00:00,9.997507523003279e-05,False
2025-05-29 10:06:28.110816+00:00,-2.8891914503759468e-05,False
2025-05-29 21:21:02.719584+00:00,5.800390634057691e-05,False
2025-05-30 04:50:45.791232+00:00,7.491323932593402e-05,False
2025-05-30 14:12:54.627552+00:00,-3.082776220691204e-05,False
2025-05-30 21:42:37.695744+00:00,8.394874716503693e-05,False
2025-05-31 05:12:20.761344+00:00,-0.00017336118890155428,False
2025-05-31 12:42:03.832128+00:00,0.00013943573756024794,False
2025-05-31 22:04:12.667584+00:00,7.170427988752946e-05,False
2025-06-01 13:03:38.802240+00:00,-0.00012106618830808098,False
2025-06-01 14:56:04.567776+00:00,-9.273898689517897e-05,False
2025-06-01 22:25:47.640288+00:00,0.0003126416907628844,False
2025-06-02 19:02:31.076736+00:00,0.00020113906359152297,False
2025-06-03 04:24:36.188352+00:00,-1.02814325926028,False
2025-06-03 13:46:38.281152+00:00,0.00019348686491911152,False
2025-06-04 04:45:53.630496+00:00,-8.103889284546343e-05,False
2025-06-04 14:07:55.725024+00:00,-7.909846889995532e-08,False
2025-06-04 21:37:33.400992+00:00,4.71089386224183e-05,False
2025-06-04 23:29:52.467936+00:00,-4.13512083527545,False
2025-06-09 06:15:15.145344+00:00,-12.043033246140949,False
2025-06-09 21:11:40.876800+00:00,6.26252514291248e-05,False
2025-06-10 12:08:06.603936+00:00,-2.8009191509703395e-05,False
2025-06-10 14:00:09.819936+00:00,-1.9642891897455392e-05,False
2025-06-10 19:36:19.467936+00:00,0.00010882425595571589,False
2025-06-10 23:20:20.836032+00:00,-3.8754359451397358,False
2025-06-11 21:43:00.623712+00:00,-3.8455780931582995,False
2025-06-12 05:10:33.031776+00:00,0.0002717971961669093,False
2025-06-12 20:05:37.872960+00:00,0.00011878853911473472,False
2025-06-13 03:33:05.902272+00:00,-1.4901170171907134,False
2025-06-13 12:52:21.614592+00:00,-0.007767925554677474,False
2025-06-13 20:19:46.193952+00:00,0.0001899889494554026,False
2025-06-14 03:47:10.775040+00:00,0.0003883985195413032,False
2025-06-14 13:06:26.503776+00:00,0.00013509857810887162,False
2025-06-14 20:33:51.086592+00:00,0.00011396795050109306,False
2025-06-15 04:01:15.665088+00:00,5.3438010861850806e-05,False
2025-06-15 13:20:31.392096+00:00,0.00010751330251046317,False
2025-06-15 22:39:47.119104+00:00,6.516529706895664e-05,False
2025-06-16 04:15:20.556864+00:00,9.516363162986066e-05,False
2025-06-16 11:42:45.138816+00:00,4.866521401754103e-05,False
2025-06-16 21:02:00.862368+00:00,-7.134734913640398e-05,False
2025-06-17 04:29:25.441728+00:00,0.00012821964295350337,False
2025-06-17 11:56:48.981696+00:00,-0.35220267953965967,False
2025-06-17 21:16:02.422560+00:00,0.0024224966772498475,False
2025-06-18 12:10:47.941248+00:00,0.0012114093479403342,False
2025-06-18 14:02:38.630112+00:00,6.5897183799615e-05,False
2025-06-18 21:30:01.387296+00:00,3.3374119349821715e-05,False
2025-06-19 12:24:46.901664+00:00,0.0001700841223265708,False
2025-06-19 14:16:37.590528+00:00,9.25256771018353e-06,False
2025-06-19 21:44:00.342528+00:00,-2.8140893911858636e-05,False
2025-06-20 12:38:45.848256+00:00,8.638160269150495e-05,False
2025-06-20 21:57:59.287392+00:00,-6.627574245348663e-05,False
2025-06-21 12:52:44.787936+00:00,5.6516948145700054e-05,False
2025-06-21 22:11:58.226208+00:00,1.0032053473630283e-05,False
2025-06-22 13:06:43.727616+00:00,7.42096092764551e-05,False
2025-06-22 20:34:06.479616+00:00,4.606754602880917e-06,False
2025-06-23 13:20:42.668160+00:00,0.00015599105599733152,False
2025-06-23 22:39:56.106432+00:00,4.126665466538646e-05,False
2025-06-24 04:15:28.166112+00:00,-2.7513699693417e-05,False
2025-06-24 13:34:41.600928+00:00,7.235317791136135e-05,False
2025-06-24 21:02:04.350336+00:00,2.0541182136925447e-05,False
2025-06-25 04:29:27.096288+00:00,-1.1458303147534308e-05,False
2025-06-25 13:48:40.537152+00:00,0.00016219962599519608,False
2025-06-25 21:16:03.143136+00:00,-0.007956052708913124,False
2025-06-26 04:43:25.835520+00:00,0.0029730987869902004,False
2025-06-26 14:02:39.242688+00:00,0.00023396481363661313,False
2025-06-26 21:30:01.967904+00:00,-7.65886718546779e-06,False
2025-06-27 04:57:24.694848+00:00,0.00021682610533840604,False
2025-06-27 14:16:38.105472+00:00,1.0342139583477742e-06,False
2025-06-27 21:44:00.831552+00:00,7.315950057554463e-05,False
2025-06-28 05:11:23.557632+00:00,8.87048867615845e-05,False
2025-06-28 14:30:36.967392+00:00,3.702967444028438e-05,False
2025-06-28 21:57:59.690880+00:00,-7.218899681623194e-05,False
2025-06-29 05:25:22.416960+00:00,5.302440401691774e-05,False
2025-06-29 14:44:35.823264+00:00,8.375008885150402e-05,False
2025-06-29 22:11:58.549344+00:00,8.000809852451921e-05,False
2025-06-30 13:06:44.001504+00:00,8.727339730070404e-05,False
2025-06-30 22:25:57.409536+00:00,7.725297712678115e-05,False
2025-07-01 13:20:42.863424+00:00,-3.159986853831087e-05,False
2025-07-01 20:48:05.591232+00:00,3.293989543990013e-05,False
2025-07-01 22:39:56.271456+00:00,6.619844397106739e-07,False
2025-07-02 13:34:41.721888+00:00,6.647238306384148e-05,False
2025-07-02 21:02:04.443648+00:00,-4.2724526996866874e-05,False
2025-07-02 21:02:04.445376+00:00,7.165827507902932e-05,False
2025-07-03 11:56:49.886304+00:00,-0.00011436586639110359,False
2025-07-03 21:16:03.287424+00:00,4.646431415480546e-05,False
2025-07-03 23:07:53.965920+00:00,-3.822392176760596e-05,False
2025-07-04 14:02:39.407712+00:00,0.0001361583019455168,False
2025-07-04 21:30:02.126016+00:00,-8.267129512814883e-05,False
2025-07-05 04:57:24.849504+00:00,0.00016103577085877662,False
2025-07-05 14:16:38.250624+00:00,-3.0639495504505525e-05,False
2025-07-05 21:44:00.969792+00:00,4.904503933358099e-05,False
2025-07-06 12:38:46.409856+00:00,-1.0092712775490117e-06,False
2025-07-06 14:30:37.089216+00:00,-1.036302856192478e-07,False
2025-07-06 21:57:59.808384+00:00,7.509588063107937e-05,False
2025-07-07 12:52:45.246720+00:00,7.619574275803212e-05,False
2025-07-07 22:11:58.642656+00:00,7.946777179226481e-05,False
2025-07-08 13:06:44.080992+00:00,0.00014252272049615006,False
2025-07-08 22:25:57.477792+00:00,2.0548786391806295e-05,False
2025-07-09 13:20:42.922176+00:00,0.00013141211115379078,False
2025-07-09 20:48:05.641344+00:00,-3.760662476137192e-05,False
2025-07-10 13:34:41.769408+00:00,0.00013096780527752295,False
2025-07-10 19:10:13.809216+00:00,-1.7104601295832608e-05,False
2025-07-11 13:48:40.610592+00:00,2.4031727208231825e-05,False
2025-07-11 19:24:12.649536+00:00,5.225920286054128e-05,False
2025-07-11 21:16:03.328896+00:00,3.250406559390291e-05,False
2025-07-12 14:02:39.448320+00:00,3.343371180878214e-05,False
2025-07-12 19:38:11.487264+00:00,-1.153782057241045e-05,False
2025-07-12 21:30:02.165760+00:00,8.209905906122655e-06,False
2025-07-13 14:16:38.287776+00:00,7.114278413872837e-05,False
2025-07-13 19:52:10.325856+00:00,3.605447725508852e-06,False
2025-07-13 21:44:01.003488+00:00,-5.8445669391966126e-05,False
2025-07-14 14:30:37.126368+00:00,9.360933219118613e-05,False
2025-07-14 21:57:59.842944+00:00,6.76257831920426e-05,False
2025-07-15 03:33:31.881024+00:00,-0.00011420075674734557,False
2025-07-15 11:00:54.597600+00:00,9.014337854313746e-05,False
2025-07-15 22:11:58.668576+00:00,2.6129944654040504e-05,False
2025-07-16 03:47:30.703200+00:00,-0.00016127352554096776,False
2025-07-16 11:14:53.417184+00:00,0.00014657305830949433,False
2025-07-16 22:25:57.485568+00:00,2.327223038216341e-05,False
2025-07-17 04:01:29.521056+00:00,-0.00011506624723625015,False
2025-07-17 13:20:42.912672+00:00,0.00019187126639761554,False
2025-07-17 20:48:05.624064+00:00,6.956422714890377e-05,False
2025-07-18 04:15:28.340640+00:00,6.435741952084609e-05,False
2025-07-18 11:42:51.052896+00:00,-5.2903478632772174e-05,False
2025-07-18 21:02:04.441056+00:00,-3.027408900544375e-07,False
2025-07-19 04:29:27.155040+00:00,-7.92593136254647e-05,False
2025-07-19 13:48:40.544928+00:00,5.8823889923170856e-05,False
2025-07-19 21:16:03.249408+00:00,-0.00010884297925347854,False
2025-07-20 04:43:25.961664+00:00,-0.00010526933929380152,False
2025-07-20 14:02:39.348096+00:00,5.5667396705455995e-05,False
2025-07-20 23:21:52.729344+00:00,-0.00013012324606138058,False
2025-07-21 04:57:24.763104+00:00,7.137059875343029e-05,False
2025-07-21 14:16:38.151264+00:00,6.979823786175415e-05,False
2025-07-21 21:44:00.860064+00:00,0.00010216503360302804,False
2025-07-22 05:11:23.569728+00:00,-0.000202161462921373,False
2025-07-22 14:30:36.957024+00:00,3.128078258832266e-05,False
2025-07-23 12:52:45.085152+00:00,-7.475185073028273e-05,False
2025-07-23 14:44:35.761920+00:00,-2.149278481273828e-05,False
2025-07-23 22:11:58.462944+00:00,-0.0002683849936558836,False
2025-07-24 14:58:34.554720+00:00,0.00021955169865850698,False
2025-07-24 16:50:25.229760+00:00,-2.1464359998580818e-05,False
2025-07-24 22:25:57.256608+00:00,3.1489133577703948e-06,False
2025-07-25 15:12:33.340608+00:00,-3.751255718604141e-05,False
2025-07-25 18:56:14.688960+00:00,-6.762349414054702e-05,False
2025-07-25 22:39:56.041632+00:00,8.66577375378984e-06,False
2025-07-26 21:02:04.149024+00:00,-0.0001815197997215291,False
2025-07-26 22:53:54.824928+00:00,-6.101610532786736e-06,False
2025-07-27 13:48:40.225248+00:00,-0.00010347175974067226,False
2025-07-27 21:16:02.919360+00:00,-0.0001757521462893001,False
2025-07-28 14:02:38.988672+00:00,0.00010893416587481455,False
2025-07-28 21:30:01.678464+00:00,-0.000238279823937112,False
2025-07-29 14:16:37.742592+00:00,0.00027258815347494726,False
2025-07-29 21:44:00.428928+00:00,-0.00028275344962049465,False
2025-07-30 03:19:32.451456+00:00,-3.0164896118474297e-05,False
2025-07-30 14:30:36.493056+00:00,0.0002729332665597006,False
2025-07-30 21:57:59.183712+00:00,-6.336587809192671e-05,False
2025-07-31 03:33:31.205376+00:00,-5.6647149158171066e-05,False
2025-07-31 14:44:35.248704+00:00,0.00035280996873084743,False
2025-07-31 22:11:57.935904+00:00,-0.0002999480778604552,False
2025-08-01 03:47:29.954976+00:00,-1.8099405112422053e-05,False
2025-08-01 14:58:33.987072+00:00,-0.00011037511425017219,False
2025-08-01 22:25:56.675136+00:00,-0.00010924423762353601,False
2025-08-02 04:01:28.694208+00:00,4.312081815122648e-05,False
2025-08-02 15:12:32.729760+00:00,0.00021442699801056604,False
2025-08-03 04:15:27.435168+00:00,2.843160807504424e-06,False
2025-08-03 13:34:40.799136+00:00,7.775036150270157e-05,False
2025-08-03 22:53:54.160512+00:00,-2.9008275041039942e-05,False
2025-08-04 04:29:26.180448+00:00,3.352046518062193e-07,False
2025-08-04 13:48:39.547008+00:00,0.00022953733290392592,False
2025-08-04 21:16:02.234208+00:00,-0.00023006310214298555,False
2025-08-05 12:10:47.613792+00:00,3.484533067042711e-05,False
2025-08-05 14:02:38.284512+00:00,-8.401170629799216e-05,False
2025-08-05 15:54:28.956096+00:00,3.565288530774679e-05,False
2025-08-06 21:43:59.700576+00:00,-5.667076451121956e-05,False
2025-08-07 14:30:35.744832+00:00,0.0001897638129743506,False
2025-08-07 21:57:58.429440+00:00,-9.76719622718772e-05,False
2025-08-08 01:41:39.770880+00:00,-0.0001429606731376862,False
2025-08-08 14:44:34.471104+00:00,0.00020963294865616175,False
2025-08-08 22:11:57.157440+00:00,-2.055807937671565e-05,False
2025-08-09 03:47:29.167872+00:00,-0.00010464060492365322,False
2025-08-09 13:06:42.518880+00:00,-9.021109977795422e-05,False
2025-08-10 04:01:27.880320+00:00,5.644089944193385e-05,False
2025-08-10 15:12:31.899456+00:00,0.00014050683295114145,False
2025-08-11 04:15:26.586720+00:00,-4.458915761923276e-05,False
2025-08-11 06:07:17.257440+00:00,5.067420879867061e-05,False
2025-08-11 13:34:39.936864+00:00,0.00012979353319267608,False
2025-08-11 22:53:53.285280+00:00,1.869835747173192e-05,False
2025-08-12 04:29:25.293984+00:00,4.221197323489185e-06,False
2025-08-12 13:48:38.644128+00:00,7.071621592515154e-05,False
2025-08-12 17:32:19.983840+00:00,-1.6800557060804543e-05,False
2025-08-13 04:43:24.005568+00:00,7.259489761346078e-05,False
2025-08-13 14:02:37.353984+00:00,7.045203072613302e-06,False
2025-08-13 21:30:00.035136+00:00,0.00010720594388360435,False
2025-08-14 04:57:22.711968+00:00,-5.096126846078506e-05,False
2025-08-14 14:16:36.058656+00:00,4.580698293055122e-05,False
2025-08-14 21:43:58.737216+00:00,4.654829201481637e-05,False
2025-08-15 12:38:44.092608+00:00,7.421256886080529e-05,False
2025-08-15 14:30:34.759872+00:00,-6.816947689529642e-05,False
2025-08-15 21:57:57.441024+00:00,9.322126191011334e-05,False
2025-08-16 12:52:42.798144+00:00,0.00010377423707062809,False
2025-08-16 14:44:33.468000+00:00,6.634512248996843e-05,False
2025-08-16 18:28:14.806848+00:00,-5.824379031718949e-05,False
2025-08-17 14:58:32.173536+00:00,6.06330083995905e-05,False
2025-08-17 20:34:04.186560+00:00,3.986444916451752e-05,False
2025-08-17 22:25:54.855552+00:00,-4.557902589800632e-05,False
2025-08-18 13:20:40.207488+00:00,-5.667647125308577e-05,False
2025-08-18 20:48:02.884320+00:00,-1.2531697190976798e-05,False
2025-08-18 22:39:53.554176+00:00,8.650067698144181e-05,False
2025-08-19 13:34:38.902656+00:00,4.666562644575207e-05,False
2025-08-19 21:02:01.578624+00:00,2.4703498744928424e-05,False
2025-08-20 04:29:24.252000+00:00,-4.309144256123104e-05,False
2025-08-20 21:16:00.501888+00:00,0.014664324027715605,False
2025-08-23 05:11:21.131520+00:00,0.00046995842613406995,False
2025-08-23 21:57:57.320064+00:00,2.3903657871032205e-05,False
2025-08-24 14:44:33.506016+00:00,0.0002516185482885228,False
2025-08-24 22:11:56.258880+00:00,-1.244828329526599e-05,False
2025-08-25 14:58:32.444832+00:00,-9.844620207513795e-05,False
2025-08-25 22:25:55.200288+00:00,0.00015632365497041895,False
2025-08-26 15:12:31.385376+00:00,-1.6568531314980085e-05,False
2025-08-26 20:48:03.449376+00:00,0.00013492818103075078,False
2025-08-27 06:07:16.885920+00:00,8.98693185711825e-05,False
2025-08-27 13:34:39.630144+00:00,6.439758830694973e-05,False
2025-08-27 21:02:02.380416+00:00,-4.871675514464877e-05,False
2025-08-28 13:48:38.562048+00:00,0.00012908415576565446,False
2025-08-28 21:16:01.314912+00:00,0.0002659107884725213,False
2025-08-29 06:35:14.753184+00:00,4.957940177734331e-05,False
2025-08-29 21:30:00.252864+00:00,0.00013663736399915292,False
2025-08-30 03:05:32.315136+00:00,3.4911534670672664e-05,False
2025-08-30 21:43:59.181312+00:00,7.6121375071787605e-06,False
2025-08-31 07:03:12.613536+00:00,7.342956468760293e-05,False
2025-08-31 14:30:35.352576+00:00,5.256359169044717e-06,False
2025-08-31 21:57:58.096800+00:00,3.0833940677961355e-05,False
2025-09-01 07:17:11.524704+00:00,6.34530657921972e-05,False
2025-09-01 14:44:34.258560+00:00,-0.00019866067025802527,False
2025-09-01 22:11:56.999328+00:00,-3.586922402240336e-05,False
2025-09-02 05:39:19.741824+00:00,-7.4127086577434245e-06,False
2025-09-02 13:06:42.482592+00:00,0.00021292940763191127,False
2025-09-02 22:25:55.910496+00:00,0.0001519494431195911,False
2025-09-03 05:53:18.652128+00:00,-7.944811650441102e-06,False
2025-09-03 20:48:04.134528+00:00,0.00035825324215587565,False
2025-09-04 06:07:17.554656+00:00,-0.00015522620370187563,False
2025-09-04 21:02:03.030144+00:00,0.0002860612568836977,False
2025-09-05 06:21:16.446816+00:00,-0.00028205562928704925,False
2025-09-05 13:48:39.179808+00:00,-9.74376774571746e-05,False
2025-09-05 21:16:01.916256+00:00,0.0001388058434350807,False
2025-09-06 06:35:15.338112+00:00,1.3637229112837756e-05,False
2025-09-06 21:30:00.809280+00:00,4.3485243148917594e-05,False
2025-09-07 06:49:14.228544+00:00,-0.00013161694458089108,False
2025-09-07 21:43:59.701440+00:00,0.00015050262095551414,False
2025-09-08 07:03:13.118976+00:00,-6.562286591646364e-05,False
2025-09-08 14:30:35.851104+00:00,-6.1578060473980735e-06,False
2025-09-08 21:57:58.582368+00:00,-1.6785339571610545e-05,False
2025-09-09 07:17:11.995584+00:00,-1.9432493781719492e-05,False
2025-09-09 22:11:57.456384+00:00,6.240031656767127e-06,False
2025-09-10 05:39:20.182464+00:00,-0.00020989671752417782,False
2025-09-10 09:23:01.546368+00:00,6.741173606354347e-05,False
2025-09-10 18:42:14.961312+00:00,4.6572038968315446e-05,False
2025-09-11 05:53:19.054752+00:00,-2.8491333285562094e-05,False
2025-09-11 20:48:04.513824+00:00,7.958999287859675e-05,False
2025-09-12 13:34:40.651392+00:00,2.33114005364205e-05,False
2025-09-12 21:02:03.376608+00:00,5.1659409896354815e-05,False
2025-09-13 06:21:16.783776+00:00,3.385502234161114e-05,False
2025-09-13 21:16:02.232480+00:00,1.776974310302391e-05,False
2025-09-14 06:35:15.637056+00:00,4.2755163498279754e-05,False
2025-09-14 14:02:38.360544+00:00,5.3232861912536685e-05,False
2025-09-15 06:49:14.489472+00:00,-6.853761775268155e-05,False
2025-09-15 14:16:37.217280+00:00,0.00016739062037279454,False
2025-09-15 18:00:18.578592+00:00,-7.472251548399259e-05,False
2025-09-16 05:11:22.665120+00:00,1.661822052951374e-05,False
2025-09-16 14:30:36.070560+00:00,8.406523881258915e-05,False
2025-09-17 05:25:21.517536+00:00,0.00012941690469224894,False
2025-09-17 22:11:57.642144+00:00,0.00023253731619274766,False
2025-09-18 05:39:20.360448+00:00,-0.00014042104816976592,False
2025-09-18 22:25:56.484192+00:00,5.7553694872109894e-05,False
2025-09-19 05:53:19.205952+00:00,3.3133691603698284e-05,False
2025-09-19 13:20:41.926848+00:00,-7.683106482196692e-05,False
2025-09-19 22:39:55.330560+00:00,0.00011228385390697338,False
2025-09-20 02:23:36.691872+00:00,-1.78733724752413e-05,False
2025-09-20 21:02:03.489792+00:00,-4.6388672267004235e-05,False
2025-09-21 06:21:16.887456+00:00,5.2974544853709416e-05,False
2025-09-21 13:48:39.602304+00:00,-0.00013366519066295706,False
2025-09-22 06:35:15.709632+00:00,5.561299273468959e-05,False
2025-09-22 12:10:47.740800+00:00,-0.00026579956972853875,False
2025-09-22 17:46:19.778880+00:00,0.00024171649512336,False
2025-09-23 03:05:33.170496+00:00,-0.00021705451479494512,False
2025-09-23 21:43:59.950272+00:00,7.234446711334465e-05,False
2025-09-24 07:03:13.341024+00:00,0.0002289418644058811,False
2025-09-24 20:06:08.084448+00:00,-8.50768848268995e-05,False
2025-09-25 05:25:21.470016+00:00,-7.066665650673959e-05,False
2025-09-25 22:11:57.562656+00:00,0.00011456096815514659,False
2025-09-26 03:47:29.588640+00:00,-0.0001062729048258471,False
2025-09-26 22:25:56.350272+00:00,0.00013893712396520594,False
2025-09-27 05:53:19.055616+00:00,0.00025027826763694157,False
2025-09-27 13:20:41.758368+00:00,-0.0002145243265679313,False
2025-09-27 20:48:04.464576+00:00,0.00010481478551814484,False
2025-09-28 06:07:17.845824+00:00,6.534043478023549e-05,False
2025-09-28 21:02:03.255648+00:00,3.482391863634312e-05,False
2025-09-29 06:21:16.635168+00:00,0.00013913507771579146,False
2025-09-29 17:32:20.689728+00:00,-1.861745928146059e-05,False
2025-09-29 21:16:02.043264+00:00,4.4913803579902024e-05,False
2025-09-30 02:51:34.065792+00:00,-8.188196762745688e-05,False
2025-09-30 06:35:15.414144+00:00,-1.0420257635503777e-05,False
2025-09-30 12:10:47.436672+00:00,-0.00019122497949546668,False
2025-09-30 14:02:38.112576+00:00,3.7750164802280075e-05,False
2025-09-30 17:46:19.461792+00:00,0.00014161126338678293,False
2025-10-01 01:13:42.166272+00:00,0.00017592788464180278,False
2025-10-01 06:49:14.188800+00:00,4.0359348728568386e-05,False
2025-10-01 10:32:55.538016+00:00,1.6078904651321537e-05,False
2025-10-01 19:52:08.914080+00:00,0.00012982001465034376,False
2025-10-01 21:43:59.589120+00:00,-1.158924409728282e-05,False
2025-10-02 03:19:31.610784+00:00,6.163685354726073e-05,False
2025-10-02 14:30:35.660160+00:00,3.640969250973613e-05,False
2025-10-02 16:22:26.332608+00:00,-3.576005094895438e-05,False
2025-10-02 21:57:58.356000+00:00,3.839937502733435e-05,False
2025-10-03 07:17:11.725152+00:00,3.473821969145603e-05,False
2025-10-03 14:44:34.421856+00:00,-3.1970024109611857e-05,False
2025-10-04 11:14:51.824832+00:00,0.0001729680823132992,False
2025-10-04 20:34:05.187936+00:00,0.0001033580001793329,False
2025-10-05 04:01:27.877728+00:00,0.00016426711221981239,False
2025-10-05 11:28:50.569248+00:00,-1.3314761288628628e-06,False
2025-10-06 04:15:26.617824+00:00,9.935419905673191e-05,False
2025-10-06 11:42:49.310208+00:00,4.4141693337382187e-05,False
2025-10-06 13:34:39.982656+00:00,5.283939566563603e-06,False
2025-10-06 22:53:53.344896+00:00,3.6145554476064794e-05,False
2025-10-07 06:21:16.032960+00:00,1.5889292981298737e-05,False
2025-10-07 13:48:38.722752+00:00,7.8139772649549e-05,False
2025-10-07 17:32:20.065920+00:00,3.539308077169582e-05,False
2025-10-07 23:07:52.081536+00:00,-1.273935118765849e-05,False
2025-10-08 04:43:24.095424+00:00,9.355980194120038e-05,False
2025-10-08 06:35:14.764416+00:00,-0.00015441100068041644,False
2025-10-08 12:10:46.780032+00:00,3.675317680604304e-05,False
2025-10-08 14:02:37.450752+00:00,-7.72705779168204e-06,False
2025-10-08 19:38:09.462912+00:00,7.839879645696741e-07,False
2025-10-08 23:21:50.805216+00:00,-7.296532621266389e-05,False
2025-10-09 03:05:32.148384+00:00,0.00018963947879451702,False
2025-10-09 06:49:13.491552+00:00,2.2264585983376144e-05,False
2025-10-09 14:16:36.176160+00:00,-3.071038329365576e-05,False
2025-10-09 16:08:26.846016+00:00,5.0941752351602505e-06,False
2025-10-09 19:52:08.190048+00:00,1.8549190226394513e-05,False
2025-10-09 23:35:49.533216+00:00,1.1237673923047671e-05,False
2025-10-10 05:11:21.547104+00:00,0.00013340662853176245,False
2025-10-10 07:03:12.222144+00:00,4.997025936377266e-05,False
2025-10-10 10:46:53.565312+00:00,-3.101079883101812e-05,False
2025-10-10 18:14:16.250784+00:00,4.3477407257225736e-05,False
2025-10-10 23:49:48.268128+00:00,0.00011255811713696373,False
2025-10-11 03:33:29.611296+00:00,3.866711739539423e-06,False
2025-10-11 07:17:10.957056+00:00,9.345090040846894e-05,False
2025-10-11 22:11:56.331456+00:00,-2.9522238366186957e-06,False
2025-10-12 07:31:09.687648+00:00,7.612561523366953e-05,False
2025-10-12 14:58:32.371392+00:00,1.5813372690995028e-05,False
2025-10-12 22:25:55.140672+00:00,0.012969051399488911,False
2025-10-13 07:45:08.567712+00:00,-0.0003223837486422237,False
2025-10-13 13:20:40.629120+00:00,-9.562504442979239e-05,False
2025-10-13 22:39:54.065664+00:00,7.946727595231273e-05,False
2025-10-14 06:07:16.809888+00:00,-6.16433799963246e-05,False
2025-10-14 22:53:52.991520+00:00,-9.059084397614124e-06,False
2025-10-15 13:48:38.490336+00:00,0.00014673713312589358,False
2025-10-15 19:24:10.550880+00:00,-1.6857301503693016e-05,False
2025-10-15 23:07:51.925152+00:00,5.754462663020623e-05,False
2025-10-16 04:43:23.983104+00:00,0.00011100653485832044,False
2025-10-16 14:02:37.412736+00:00,-5.9581948159931575e-05,False
2025-10-16 23:21:50.838912+00:00,-4.4125114379665084e-05,False
2025-10-17 03:05:32.207136+00:00,-2.056480088064138e-05,False
2025-10-17 06:49:13.580544+00:00,0.00011223320889282531,False
2025-10-17 18:00:17.692128+00:00,0.00016369285918788824,False
2025-10-17 19:52:08.375808+00:00,-5.4191993565080785e-05,False
2025-10-17 23:35:49.746624+00:00,0.00014205292548954092,False
2025-10-18 03:19:31.115712+00:00,7.003403606707504e-05,False
2025-10-18 07:03:12.488256+00:00,2.6096940661901036e-05,False
2025-10-18 23:49:48.651744+00:00,2.2019483544855327e-05,False
2025-10-19 07:17:11.395968+00:00,9.682417611824504e-05,False
2025-10-20 00:03:47.557728+00:00,-0.00010284971765799327,False
2025-10-20 03:47:28.931136+00:00,0.00023379351493854627,False
2025-10-20 07:31:10.300224+00:00,-7.62921477107741e-05,False
2025-10-20 14:58:33.037536+00:00,4.944380690864749e-05,False
2025-10-20 22:25:55.776576+00:00,7.42162714183236e-05,False
2025-10-21 15:12:31.935744+00:00,0.00022059027250624695,False
2025-10-21 20:48:03.987648+00:00,-4.4969571644882806e-05,False
2025-10-21 22:39:54.673056+00:00,0.00011043557596621852,False
2025-10-22 04:15:26.724960+00:00,5.999372061879945e-05,False
2025-10-22 06:07:17.413824+00:00,9.227336243202748e-05,False
2025-10-22 11:42:49.466592+00:00,9.819463082690001e-06,False
2025-10-22 19:10:12.209088+00:00,6.745990481993961e-05,False
2025-10-22 22:53:53.576448+00:00,4.5292536464920385e-05,False
2025-10-23 04:29:25.634400+00:00,0.00017139156025472977,False
2025-10-23 13:48:39.061440+00:00,0.0001355271778683701,False
2025-10-23 15:40:29.745120+00:00,9.232329683505904e-06,False
2025-10-23 23:07:52.483296+00:00,-9.323995988962433e-05,False
2025-10-24 06:35:15.226656+00:00,5.970599444136084e-05,False
2025-10-24 17:46:19.333056+00:00,5.20396772561756e-06,False
2025-10-24 19:38:10.017600+00:00,1.8695070259726175e-05,False
2025-10-24 23:21:51.385824+00:00,-6.294830727040973e-05,False
2025-10-25 04:57:23.441184+00:00,3.811540869871274e-05,False
2025-10-25 06:49:14.125728+00:00,-2.344121624591503e-05,False
2025-10-25 10:32:55.493088+00:00,-3.069652133765138e-05,False
2025-10-25 19:52:08.914080+00:00,2.7257446091484376e-05,False
2025-10-25 23:35:50.280576+00:00,4.7485094055256154e-05,False
2025-10-26 03:19:31.651392+00:00,8.563262496880117e-05,False
2025-10-26 07:03:13.019616+00:00,-6.202536105389796e-05,False
2025-10-26 10:46:54.386112+00:00,2.611682203149141e-05,False
2025-10-26 20:06:07.807104+00:00,9.143050298055167e-05,False
2025-10-26 21:57:58.490784+00:00,5.586487064138729e-05,False
2025-10-27 03:33:30.544416+00:00,4.002512064113427e-05,False
2025-10-27 07:17:11.912640+00:00,-3.944296283488335e-05,False
2025-10-27 11:00:53.280000+00:00,1.997644140735503e-05,False
2025-10-27 20:20:06.700128+00:00,5.075727489502936e-05,False
2025-10-27 22:11:57.383808+00:00,2.923676402258971e-05,False
2025-10-28 13:06:42.852384+00:00,-4.555629133597323e-06,False
2025-10-29 05:53:19.000320+00:00,-5.06372034881945e-05,False
2025-10-29 11:28:51.046176+00:00,-1.243066310809262e-05,False
2025-10-29 22:39:55.138752+00:00,0.0001002263144162889,False
2025-10-30 06:07:17.866560+00:00,-0.00015300865630396034,False
2025-10-30 19:10:12.641088+00:00,0.00020307070144305316,False
2025-10-30 21:02:03.321312+00:00,4.84768884868228e-05,False
2025-10-31 06:21:16.731936+00:00,-5.076899446585469e-05,False
2025-10-31 15:40:30.140832+00:00,3.9149010404086596e-05,False
2025-10-31 19:24:11.507328+00:00,0.0002427498849526944,False
2025-11-01 14:02:38.330304+00:00,8.531212633527209e-05,False
2025-11-02 06:49:14.465280+00:00,4.10547490104588e-05,False
2025-11-02 10:32:55.830048+00:00,0.00010294999796937076,False
2025-11-03 20:06:08.093952+00:00,0.00018693462894236735,False
2025-11-03 21:57:58.776768+00:00,5.084059723852647e-05,False
2025-11-04 03:33:30.820896+00:00,4.750336847281751e-06,False
2025-11-04 07:17:12.184800+00:00,1.2815994726672192e-05,False
2025-11-04 11:00:53.547840+00:00,4.774903649946462e-06,False
2025-11-04 14:44:34.913472+00:00,7.518550765998642e-05,False
2025-11-04 20:20:06.961056+00:00,0.00023698708456731108,False
2025-11-04 22:11:57.642144+00:00,1.0744537524281708e-05,False
2025-11-05 05:39:20.370816+00:00,-9.640282908262982e-05,False
2025-11-05 22:25:56.506656+00:00,0.00018388001888185277,False
2025-11-06 05:53:19.232736+00:00,-7.366452625945776e-05,False
2025-11-06 18:56:14.002080+00:00,0.0001425003453013639,False
2025-11-06 22:39:55.365120+00:00,0.00015521882591510664,False
2025-11-07 04:15:27.408384+00:00,-5.745974287634443e-05,False
2025-11-07 06:07:18.087744+00:00,-6.740322373645205e-05,False
2025-11-07 19:10:12.849312+00:00,0.000189128462351378,False
2025-11-08 04:29:26.251296+00:00,1.7217014903349396e-05,False
2025-11-08 06:21:16.930656+00:00,-5.1572684573554555e-05,False
2025-11-08 11:56:48.973056+00:00,8.955276873926917e-05,False
2025-11-08 19:24:11.688768+00:00,-6.152899879471142e-06,False
2025-11-10 21:44:00.025440+00:00,-0.00016049961365476387,False
2025-11-11 07:03:13.414464+00:00,-0.00021215594747985925,False
2025-11-12 07:17:12.215040+00:00,-3.409183975394377e-05,False
2025-11-12 20:20:06.948096+00:00,1.1112478513458971e-05,False
2025-11-12 22:11:57.625728+00:00,1.3889921882797316e-05,False
2025-11-13 03:47:29.656032+00:00,-0.0001969730176922637,False
2025-11-13 05:39:20.331072+00:00,-6.378885164470874e-06,False
2025-11-13 14:58:33.714912+00:00,0.00016040022005552892,False
2025-11-13 16:50:24.389952+00:00,-1.2945633503571316e-06,False
2025-11-13 18:42:15.064992+00:00,-2.2716220553521258e-05,False
2025-11-13 22:25:56.417664+00:00,-7.298787796182615e-05,False
2025-11-14 05:53:19.123008+00:00,-9.053354118579595e-05,False
2025-11-14 17:04:23.186208+00:00,0.00035772172999315845,False
2025-11-14 18:56:13.861248+00:00,-8.961031231550868e-06,False
2025-11-14 20:48:04.536288+00:00,1.4373449189190834e-05,False
2025-11-15 11:42:49.940064+00:00,-0.000248528093143818,False
2025-11-15 19:10:12.640224+00:00,0.00011489912298544054,False
2025-11-16 06:21:16.691328+00:00,-0.00011501683091750571,False
2025-11-16 11:56:48.718176+00:00,3.674120876315912e-05,False
2025-11-16 15:40:30.067392+00:00,3.496143956608748e-05,False
2025-11-16 19:24:11.416608+00:00,8.18083883160474e-05,False
2025-11-17 06:35:15.465120+00:00,-0.0002554989889352337,False
2025-11-17 10:18:56.815200+00:00,3.8821595960587635e-05,False
2025-11-17 14:02:38.167008+00:00,3.770487991777136e-05,False
2025-11-17 19:38:10.187808+00:00,2.337410993179538e-05,False
2025-11-18 03:05:32.887968+00:00,-9.955887313939474e-05,False
2025-11-18 03:05:32.888832+00:00,2.8906639140373083e-12,False
2025-11-18 08:41:04.911360+00:00,-0.0001272767241033046,False
2025-11-18 19:52:08.960736+00:00,0.00016784770951434037,False
2025-11-18 21:43:59.635776+00:00,-6.792270009859661e-06,False
2025-11-19 05:11:22.329888+00:00,-0.00031435146200388257,False
2025-11-19 14:30:35.698176+00:00,5.524127143306776e-05,False
2025-11-19 18:14:17.041344+00:00,-8.836763566707179e-06,False
2025-11-19 21:57:58.389696+00:00,5.8209304456824936e-05,False
2025-11-20 05:25:21.081216+00:00,-0.0001263600836882414,False
2025-11-20 16:36:25.119360+00:00,0.0002757030560055696,False
2025-11-20 18:28:15.790080+00:00,-2.5831814268112254e-05,False
2025-11-20 20:20:06.463392+00:00,-2.176739798789246e-05,False
2025-11-21 01:55:38.478144+00:00,-0.00025976617057063485,False
2025-11-21 13:06:42.511104+00:00,-2.0037762839613483e-05,False
2025-11-21 20:34:05.196576+00:00,-1.5383801998240888e-05,False
2025-11-22 02:09:37.209600+00:00,-0.00034100341056348576,False
2025-11-22 09:36:59.901120+00:00,0.00021870828255326705,False
2025-11-22 13:20:41.246016+00:00,-2.3688386909289493e-05,False
2025-11-22 18:56:13.259040+00:00,0.0001170887795720483,False
2025-11-23 02:23:35.942784+00:00,-0.0003164641245247838,False
2025-11-23 06:07:17.284224+00:00,-4.6399427656903516e-08,False
2025-11-23 09:50:58.628256+00:00,0.00010395911752661414,False
2025-11-23 17:18:21.306816+00:00,6.182533475994285e-05,False
2025-11-24 02:37:34.656960+00:00,-0.0003278417512771497,False
2025-11-24 06:21:15.998400+00:00,-2.627358329923786e-05,False
2025-11-24 10:04:57.338112+00:00,2.3054043010105832e-05,False
2025-11-24 17:32:20.022720+00:00,0.0005203240289649728,False
2025-11-24 23:07:52.031424+00:00,-0.00025395897798754456,False
2025-11-25 02:51:33.365952+00:00,-0.0002449453092105476,False
2025-11-25 06:35:14.707392+00:00,0.00014286047526255606,False
2025-11-25 10:18:56.047104+00:00,5.2333783979686706e-05,False
2025-11-25 19:38:09.398112+00:00,0.0003002428902874301,False
2025-11-25 23:21:50.736960+00:00,-0.00020226120318291284,False
2025-11-26 03:05:32.074080+00:00,-0.000142614687513823,False
2025-11-26 08:41:04.088832+00:00,0.00020115713698919872,False
2025-11-26 10:32:54.758688+00:00,3.703138637066689e-06,False
2025-11-26 19:52:08.107104+00:00,8.80939215572103e-05,False
2025-11-26 23:35:49.446816+00:00,-0.00017075931596222915,False
2025-11-27 03:19:30.787392+00:00,8.886358940804178e-05,False
2025-11-27 07:03:12.127968+00:00,6.659719533788667e-05,False
2025-11-27 14:30:34.813440+00:00,0.00040671915840995144,False
2025-11-28 20:20:05.928576+00:00,0.013741907503155543,False
2025-11-29 03:47:28.677984+00:00,-0.00011250984524299459,False
2025-11-29 07:31:10.053120+00:00,7.89152302364854e-05,False
2025-11-29 20:34:04.865664+00:00,0.00025648673078434205,False
2025-11-30 02:09:36.928800+00:00,-1.4047076201433343e-05,False
2025-11-30 11:28:50.363616+00:00,-0.00021748568176717254,False
2025-11-30 15:12:31.737888+00:00,5.1046070542346784e-05,False
2025-11-30 20:48:03.800160+00:00,5.85535987772191e-05,False
2025-11-30 22:39:54.488160+00:00,-2.3093043588747914e-05,False
2025-12-01 06:07:17.235840+00:00,-5.807982481401819e-05,False
2025-12-01 11:42:49.296384+00:00,-2.8549434066460713e-05,False
2025-12-01 15:26:30.668064+00:00,6.01334203284807e-05,False
2025-12-01 19:10:12.039744+00:00,4.368216279556078e-05,False
2025-12-02 02:37:34.783104+00:00,-0.00014278145608576199,False
2025-12-02 06:21:16.156512+00:00,-2.753199226491557e-05,False
2025-12-02 11:56:48.212736+00:00,6.832984825875408e-05,False
2025-12-02 15:40:29.582688+00:00,0.00011496237188143813,False
2025-12-02 19:24:10.952640+00:00,5.085536859835647e-05,False
2025-12-03 02:51:33.694272+00:00,-5.8048559121489176e-05,False
2025-12-03 06:35:15.064224+00:00,-1.1085630320375721e-05,False
2025-12-03 12:10:47.119584+00:00,9.580488175043136e-05,False
2025-12-03 19:38:09.860352+00:00,0.0002605372438017245,False
2025-12-04 03:05:32.595936+00:00,-0.00024366559087828055,False
2025-12-04 06:49:13.966752+00:00,4.4755810784297544e-05,False
2025-12-04 16:08:27.386016+00:00,0.00010053112692966844,False
2025-12-04 16:08:27.386880+00:00,4.958626890313504e-12,False
2025-12-04 19:52:08.755104+00:00,1.6946838227897598e-05,False
2025-12-04 21:43:59.439648+00:00,-0.00014569089756028686,False
2025-12-05 03:19:31.492416+00:00,3.003323638464507e-05,False
2025-12-05 07:03:12.862368+00:00,8.10261743990761e-05,False
2025-12-05 21:57:58.331808+00:00,0.00012148216650642682,False
2025-12-06 07:17:11.751936+00:00,0.000157241160307706,False
2025-12-06 14:44:34.484928+00:00,0.0002114572452282887,False
2025-12-06 22:11:57.219648+00:00,0.00022522579429547123,False
2025-12-07 05:39:19.950048+00:00,-0.00015206905781262986,False
2025-12-07 22:25:56.099712+00:00,0.0003285954810689738,False
2025-12-08 05:53:18.829248+00:00,-0.0001725470553844478,False
2025-12-08 15:12:32.245056+00:00,0.00017955650622405612,False
2025-12-08 18:56:13.614144+00:00,7.265124718104367e-05,False
2025-12-08 22:39:54.983232+00:00,9.674853200251937e-05,False
2025-12-09 04:15:27.031680+00:00,1.0077715754868805e-05,False
2025-12-09 06:07:17.717088+00:00,-4.9489718155007074e-05,False
2025-12-09 11:42:49.767264+00:00,7.276844810847236e-05,False
2025-12-09 15:26:31.132032+00:00,7.401079229947549e-05,False
2025-12-09 19:10:12.499392+00:00,0.0001008530523560949,False
2025-12-10 02:37:35.232384+00:00,7.056433617322485e-05,False
2025-12-10 06:21:16.598880+00:00,8.043098445041037e-06,False
2025-12-10 11:56:48.647328+00:00,-9.219641004013521e-06,False
2025-12-10 13:48:39.329280+00:00,2.856883173610189e-05,False
2025-12-10 19:24:11.378592+00:00,8.492714599618676e-05,False
2025-12-10 21:16:02.064000+00:00,2.9260480978767835e-05,False
2025-12-11 04:43:24.794400+00:00,3.540789351889759e-05,False
2025-12-11 06:35:15.477216+00:00,-0.0001448382171933132,False
2025-12-11 14:02:38.208480+00:00,0.00018925575153987072,False
2025-12-11 23:21:51.626016+00:00,0.00015683029585996064,False
2025-12-12 03:05:32.990784+00:00,-9.56113881555413e-06,False
2025-12-12 06:49:14.357280+00:00,4.702847673075544e-05,False
2025-12-12 23:35:50.506080+00:00,0.0001491479945342628,False
2025-12-13 07:03:13.235616+00:00,-4.234744089076905e-05,False
2025-12-13 16:22:26.647968+00:00,0.00011001565382575096,False
2025-12-13 23:49:49.377504+00:00,-1.0743068003104587e-05,False
2025-12-14 07:17:12.106176+00:00,2.9938907772485772e-05,False
2025-12-14 22:11:57.559200+00:00,0.00010023118799235849,False
2025-12-15 09:23:01.644864+00:00,-6.168517928959079e-05,False
2025-12-15 22:25:56.408160+00:00,5.4300309979466756e-06,False
2025-12-16 07:45:09.812736+00:00,1.4605466967669299e-05,False
2025-12-16 22:39:55.260576+00:00,0.00017932640793657688,False
2025-12-17 04:15:27.302976+00:00,5.454282218917749e-05,False
2025-12-17 15:26:31.385184+00:00,3.368646653848073e-05,False
2025-12-17 21:02:03.430176+00:00,8.203603333450612e-06,False
2025-12-18 06:21:16.832160+00:00,-1.994494806130604e-05,False
2025-12-18 13:48:39.551328+00:00,6.0720497019553255e-05,False
2025-12-18 23:07:52.952448+00:00,-9.199270274716921e-05,False
2025-12-19 06:35:15.675072+00:00,0.00015669456673445326,False
2025-12-19 15:54:29.073600+00:00,0.00011225744837260487,False
2025-12-19 17:46:19.752960+00:00,1.3029645533524408e-06,False
2025-12-19 19:38:10.434048+00:00,-6.74254910354336e-06,False
2025-12-19 21:30:01.113408+00:00,3.294786820232146e-05,False
2025-12-20 03:05:33.153216+00:00,7.976735748875805e-05,False
2025-12-20 06:49:14.514528+00:00,2.7294490510817232e-05,False
2025-12-20 10:32:55.874112+00:00,4.7417899690507116e-05,False
2025-12-20 14:16:37.233696+00:00,7.87610261913805e-05,False
2025-12-20 19:52:09.275232+00:00,-5.162868982740753e-05,False
2025-12-20 21:43:59.956320+00:00,-2.741297419685908e-06,False
2025-12-21 03:19:31.997856+00:00,0.00014085941011098368,False
2025-12-21 05:11:22.678944+00:00,-2.9279897214621394e-05,False
2025-12-21 10:46:54.719616+00:00,3.406009153578832e-05,False
2025-12-21 14:30:36.082656+00:00,0.00012401791987702912,False
2025-12-21 20:06:08.125056+00:00,-2.741985776995682e-05,False
2025-12-22 03:33:30.850272+00:00,9.242131728127847e-05,False
2025-12-22 05:25:21.531360+00:00,-5.899973450232986e-05,False
2025-12-22 14:44:34.932480+00:00,9.766955094794996e-05,False
2025-12-22 20:20:06.974016+00:00,1.0565284718430383e-05,False
2025-12-22 20:20:06.974880+00:00,3.1633677032489154e-12,False
2025-12-23 01:55:39.014688+00:00,3.563317481554789e-05,False
2025-12-23 07:31:11.057952+00:00,1.1583229276450189e-05,False
2025-12-23 18:42:15.139296+00:00,0.00017072588146401624,False
2025-12-23 22:25:56.499744+00:00,4.061826166375845e-06,False
2025-12-24 02:09:37.859328+00:00,4.2692771273979725e-05,False
2025-12-24 05:53:19.218912+00:00,-7.028572672534335e-05,False
2025-12-24 18:56:13.977024+00:00,6.507882792615273e-05,False
2025-12-24 20:48:04.656384+00:00,-3.305777578961356e-05,False
2025-12-25 02:23:36.697920+00:00,0.00016890174282136768,False
2025-12-25 06:07:18.060096+00:00,3.905347993335717e-06,False
2025-12-25 15:26:31.458624+00:00,2.4257728581796343e-05,False
2025-12-25 17:18:22.137984+00:00,6.079074870036332e-07,False
2025-12-25 19:10:12.819072+00:00,2.793329286979572e-05,False
2025-12-25 22:53:54.177792+00:00,-4.817536829918698e-05,False
2025-12-26 00:45:44.858016+00:00,5.4750073720388805e-05,False
2025-12-26 06:21:16.899552+00:00,3.806622929308231e-06,False
2025-12-26 15:40:30.293760+00:00,-8.163168245726461e-05,False
2025-12-26 17:32:20.973120+00:00,-5.009367212710375e-05,False
2025-12-26 19:24:11.654208+00:00,0.00010822136200723218,False
2025-12-26 21:16:02.332704+00:00,-7.506286390506354e-06,False
2025-12-27 02:51:34.370784+00:00,7.780442600658185e-05,False
2025-12-27 06:35:15.730368+00:00,-1.6070698280595923e-05,False
2025-12-27 12:10:47.764128+00:00,5.0781436624269604e-05,False
2025-12-27 19:38:10.477248+00:00,-0.00010718029220101954,False
2025-12-27 21:30:01.154880+00:00,-1.9251131134736227e-05,False
2025-12-28 01:13:42.511008+00:00,-7.965930997038288e-06,False
2025-12-28 06:49:14.546496+00:00,2.6250056087383938e-05,False
2025-12-28 12:24:46.576800+00:00,7.821831268831663e-05,False
2025-12-28 14:16:37.254432+00:00,-7.594340462395873e-05,False
2025-12-28 19:52:09.289056+00:00,0.00010249470049006883,False
2025-12-28 21:43:59.965824+00:00,-1.7009264814579152e-05,False
2025-12-29 05:11:22.680672+00:00,0.0001297496485429674,False
2025-12-29 10:46:54.709248+00:00,6.976736205742285e-05,False
2025-12-29 14:30:36.066240+00:00,0.00010407222388176007,False
2025-12-29 18:14:17.422368+00:00,-9.771710127736731e-05,False
2025-12-30 03:33:30.807936+00:00,-0.0001271063056469364,False
2025-12-30 07:17:12.163200+00:00,4.210263807659292e-05,False
2025-12-30 14:44:34.869408+00:00,-7.683884303639311e-05,False
2025-12-30 20:20:06.903168+00:00,8.599548385877158e-06,False
2025-12-30 22:11:57.580800+00:00,6.18637912518085e-05,False
2025-12-31 01:55:38.936928+00:00,0.00013248589396697445,False
2025-12-31 07:31:10.968960+00:00,-3.6493788519025727e-06,False
2025-12-31 11:14:52.319904+00:00,4.548285822554141e-05,False
2025-12-31 14:58:33.674304+00:00,-4.8024085806314175e-06,False
2025-12-31 22:25:56.379648+00:00,-3.881470745300988e-05,False
2026-01-01 04:01:28.409952+00:00,7.778497842261205e-05,False
2026-01-01 07:45:09.762624+00:00,-6.968896762908545e-05,False
2026-01-01 15:12:32.466240+00:00,-1.3602642420768149e-05,False
2026-01-01 18:56:13.819776+00:00,1.2993560236107765e-05,False
2026-01-01 22:39:55.170720+00:00,8.301918222281797e-05,False
2026-01-02 04:15:27.201024+00:00,3.938003394699137e-05,False
2026-01-02 07:59:08.552832+00:00,-8.637374047493176e-05,False
2026-01-02 15:26:31.259040+00:00,8.091584384165154e-05,False
2026-01-02 17:18:21.934080+00:00,-0.00017527202110084172,False
2026-01-02 19:10:12.609984+00:00,3.6575224092860955e-05,False
2026-01-02 22:53:53.965248+00:00,0.00017227411145388875,False
2026-01-03 02:37:35.316192+00:00,3.0343925263123488e-05,False
2026-01-03 06:21:16.667136+00:00,-0.00019610022660545694,False
2026-01-03 11:56:48.696576+00:00,0.00019602588902147531,False
2026-01-03 15:40:30.049248+00:00,-5.553681754476245e-05,False
2026-01-03 23:07:52.757184+00:00,0.0001667452705152881,False
2026-01-04 04:43:24.785760+00:00,2.2465550919305912e-05,False
2026-01-04 06:35:15.462528+00:00,-1.2955392710212914e-05,False
2026-01-04 12:10:47.489376+00:00,6.445650118033432e-05,False
2026-01-04 14:02:38.166144+00:00,-4.899642899774434e-05,False
2026-01-04 19:38:10.192128+00:00,-6.872181088045457e-05,False
2026-01-04 21:30:00.867168+00:00,6.2577659790253e-05,False
2026-01-05 04:57:23.570784+00:00,7.077985052537991e-05,False
2026-01-05 06:49:14.244960+00:00,-8.997328549230952e-05,False
2026-01-05 12:24:46.270080+00:00,4.816612694966214e-05,False
2026-01-05 14:16:36.945120+00:00,-1.9273937688598785e-05,False
2026-01-06 03:19:31.666944+00:00,-0.00016316693247940092,False
2026-01-06 07:03:13.016160+00:00,4.352126910976178e-05,False
2026-01-06 10:46:54.365376+00:00,1.2081784334327218e-05,False
2026-01-06 14:30:35.714592+00:00,-8.778831013794142e-05,False
2026-01-06 21:57:58.413888+00:00,0.00018921820451887558,False
2026-01-07 03:33:30.437280+00:00,-7.200221023759925e-05,False
2026-01-07 07:17:11.784768+00:00,-2.6701212925863607e-05,False
2026-01-07 11:00:53.133120+00:00,9.420395826686012e-06,False
2026-01-07 20:20:06.504864+00:00,-7.563599492706229e-05,False
2026-01-07 22:11:57.179904+00:00,8.655080968394389e-05,False
2026-01-08 03:47:29.200704+00:00,-6.286652478205506e-05,False
2026-01-08 07:31:10.547328+00:00,-7.578138412423361e-05,False
2026-01-08 11:14:51.893952+00:00,9.94320029329927e-05,False
2026-01-08 14:58:33.243168+00:00,-2.645561568972532e-05,False
2026-01-08 22:25:55.934688+00:00,-4.1592716352736655e-05,False
2026-01-09 04:01:27.955488+00:00,-4.4778714347550836e-05,False
2026-01-09 07:45:09.298656+00:00,-0.00011441760306816425,False
2026-01-09 15:12:31.987584+00:00,-4.9697720460861836e-05,False
2026-01-10 22:53:53.414880+00:00,0.00014698708869304483,False
2026-01-11 06:21:16.102944+00:00,7.463645848474046e-06,False
2026-01-11 15:40:29.466048+00:00,0.0001495470560567039,False
2026-01-11 23:07:52.156704+00:00,7.470410035970443e-05,False
2026-01-12 06:35:14.843904+00:00,-8.533982870562276e-06,False
2026-01-12 19:38:09.550176+00:00,-2.4082184947796367e-05,False
2026-01-12 23:21:50.896800+00:00,9.620736990478491e-05,False
2026-01-13 04:57:22.910688+00:00,-1.4512596084759229e-05,False
2026-01-13 06:49:13.582272+00:00,2.948654702895453e-06,False
2026-01-13 12:24:45.600480+00:00,8.234483397323946e-05,False
2026-01-13 14:16:36.272928+00:00,4.903230579363748e-05,False
2026-01-13 21:43:58.962720+00:00,9.960948115273028e-05,False
2026-01-14 05:11:21.675840+00:00,0.0011609121512609001,False
2026-01-14 10:46:53.737248+00:00,0.000594202806354198,False
2026-01-14 20:06:07.216128+00:00,0.008289584994713441,False
2026-01-14 21:57:57.875616+00:00,-8.631529556470184e-05,False
2026-01-15 03:33:29.931840+00:00,8.714708417154794e-05,False
2026-01-15 11:00:52.671744+00:00,3.380600210044584e-05,False
2026-01-15 14:44:34.042560+00:00,-1.4339774684337708e-05,False
2026-01-15 20:20:06.098784+00:00,6.397643959862612e-05,False
2026-01-15 22:11:56.785920+00:00,3.467723102247678e-05,False
2026-01-16 07:31:10.212096+00:00,6.665449356855952e-05,False
2026-01-16 14:58:32.958048+00:00,0.00011229665985395834,False
2026-01-16 22:25:55.701408+00:00,0.00010054430263359955,False
2026-01-17 07:45:09.130176+00:00,0.0002213456544016224,False
2026-01-17 15:12:31.872672+00:00,4.70260858558666e-05,False
2026-01-17 22:39:54.613440+00:00,8.034779157076896e-06,False
2026-01-18 15:26:30.772608+00:00,-7.622921588094117e-05,False
2026-01-18 22:53:53.512512+00:00,0.0001286285180778845,False
2026-01-19 06:21:16.247232+00:00,6.60149819632847e-06,False
2026-01-19 15:40:29.668224+00:00,-6.469084498456377e-05,False
2026-01-19 23:07:52.406400+00:00,1.8415243053220812e-05,False
2026-01-20 06:35:15.141120+00:00,0.0002224076054656233,False
2026-01-20 23:21:51.292512+00:00,-0.00017287539334082873,False
2026-01-21 12:24:46.068768+00:00,-9.387618695066996e-05,False
2026-01-22 07:03:12.895200+00:00,0.0002750576121990985,False
2026-01-22 10:46:54.259104+00:00,-2.1689143662957082e-05,False
2026-01-22 21:57:58.349952+00:00,1.8609903889016123e-05,False
2026-01-23 14:44:34.484928+00:00,0.00020567225400727545,False
2026-01-23 22:11:57.212736+00:00,9.370391571184987e-05,False
2026-01-24 03:47:29.257728+00:00,1.7897009738349187e-05,False
2026-01-24 07:31:10.621632+00:00,4.561323263375397e-05,False
2026-01-24 11:14:51.986400+00:00,-4.78735059719818e-05,False
2026-01-24 22:25:56.078112+00:00,7.738543199659731e-06,False
2026-01-25 04:01:28.122240+00:00,7.760854613837573e-05,False
2026-01-25 07:45:09.485280+00:00,2.9039197455410215e-05,False
2026-01-25 11:28:50.850048+00:00,-3.995300693982495e-06,False
2026-01-25 15:12:32.213088+00:00,1.876240730904113e-05,False
2026-01-25 18:56:13.576128+00:00,2.598755654818059e-05,False
2026-01-25 22:39:54.940032+00:00,4.39856689639679e-06,False
2026-01-26 06:07:17.662656+00:00,2.635733165592567e-05,False
2026-01-26 11:42:49.707648+00:00,2.8387544184504775e-05,False
2026-01-26 15:26:31.070688+00:00,-6.886579154098223e-06,False
2026-01-26 19:10:12.432864+00:00,8.804155144136414e-05,False
2026-01-27 06:21:16.516800+00:00,-3.921052849656793e-05,False
2026-01-27 11:56:48.561792+00:00,4.636983797416268e-05,False
2026-01-27 13:48:39.242880+00:00,1.6237688027600012e-05,False
2026-01-27 19:24:11.287008+00:00,7.619151234856755e-05,False
2026-01-27 23:07:52.650912+00:00,1.76476026877856e-05,False
2026-01-28 21:30:00.826560+00:00,-4.015757483595008e-06,False
2026-01-28 23:21:51.507648+00:00,-6.2223988332876975e-06,False
2026-01-29 12:24:46.275264+00:00,2.0055943922888336e-05,False
2026-01-30 03:19:31.721376+00:00,7.514215000720243e-05,False
2026-01-30 07:03:13.083552+00:00,5.014168451777147e-05,False
2026-01-30 10:46:54.444864+00:00,-3.411649263486663e-05,False
2026-01-30 23:49:49.206432+00:00,4.534946311635481e-05,False
2026-01-31 03:33:30.564288+00:00,2.2758256625577615e-05,False
2026-01-31 07:17:11.924736+00:00,3.064886487367705e-05,False
2026-01-31 11:00:53.285184+00:00,-9.98032734991088e-06,False
2026-01-31 20:20:06.681984+00:00,-8.59834263319865e-05,False
2026-02-01 00:03:48.043296+00:00,4.0590252650684156e-05,False
2026-02-01 07:31:10.764192+00:00,0.00011509005899370869,False
2026-02-01 11:14:52.123776+00:00,-8.384304739011782e-05,False
2026-02-01 22:25:56.205120+00:00,5.929582331184065e-05,False
2026-02-02 07:45:09.602784+00:00,4.980187131896382e-05,False
2026-02-02 11:28:50.964096+00:00,7.027904235881183e-05,False
2026-02-02 15:12:32.325408+00:00,7.704590230620917e-05,False
2026-02-03 04:15:27.075744+00:00,-0.0002159413712132405,False
2026-02-03 07:59:08.435328+00:00,4.175835161019144e-05,False
2026-02-03 11:42:49.794912+00:00,4.5258749908962265e-05,False
2026-02-03 15:26:31.154496+00:00,5.586905847758867e-05,False
2026-02-04 04:29:25.907424+00:00,0.0001713063226296657,False
2026-02-04 06:21:16.584192+00:00,-9.356725630333055e-05,False
2026-02-04 11:56:48.622272+00:00,2.646362677813209e-05,False
2026-02-04 19:24:11.337984+00:00,6.315348720660877e-05,False
2026-02-05 02:51:34.051968+00:00,0.00013475712854200435,False
2026-02-05 06:35:15.410688+00:00,-2.1490250889364906e-05,False
2026-02-05 12:10:47.447904+00:00,-3.149315810662899e-05,False
2026-02-05 15:54:28.805760+00:00,2.2287755715184582e-05,False
2026-02-05 19:38:10.162752+00:00,-0.00010418710017339944,False
2026-02-05 23:21:51.523200+00:00,0.00010488572946436799,False
2026-02-06 03:05:32.879328+00:00,-1.0465350303234881e-05,False
2026-02-06 06:49:14.238912+00:00,3.191947156615756e-06,False
2026-02-06 12:24:46.278720+00:00,0.0001456956113167264,False
2026-02-06 14:16:36.960672+00:00,0.00010522668553804366,False
2026-02-06 19:52:09.001344+00:00,0.00013034592063341182,False
2026-02-06 21:43:59.681568+00:00,1.8274449701553487e-05,False
2026-02-07 03:19:31.717920+00:00,0.00015025268350286818,False
2026-02-07 07:03:13.077504+00:00,-7.047558272501457e-05,False
2026-02-07 10:46:54.435360+00:00,-3.0235549095603605e-06,False
2026-02-07 14:30:35.792352+00:00,-1.684902600832213e-05,False
2026-02-07 20:06:07.830432+00:00,5.245026668079224e-05,False
2026-02-07 21:57:58.509792+00:00,7.496768345511313e-05,False
2026-02-08 03:33:30.545280+00:00,8.798135948296543e-05,False
2026-02-08 05:25:21.224640+00:00,-1.9980383555915766e-05,False
2026-02-08 11:00:53.261856+00:00,3.182603938695918e-05,False
2026-02-08 14:44:34.618848+00:00,-7.532091880681186e-06,False
2026-02-08 20:20:06.656064+00:00,3.0071560559525654e-05,False
2026-02-08 22:11:57.335424+00:00,3.4337184694749044e-05,False
2026-02-09 05:39:20.052000+00:00,0.00010229434163466341,False
2026-02-09 11:14:52.090080+00:00,-5.682975097244313e-06,False
2026-02-09 13:06:42.770304+00:00,5.75708062066289e-05,False
2026-02-09 18:42:14.804928+00:00,1.802782702260678e-05,False
2026-02-09 22:25:56.164512+00:00,0.00012737893018897054,False
2026-02-10 04:01:28.204320+00:00,0.00013299598304021914,False
2026-02-10 05:53:18.885408+00:00,-1.340876146774868e-05,False
2026-02-10 11:28:50.922624+00:00,-1.5191052909530317e-05,False
2026-02-10 15:12:32.283072+00:00,-2.1760465731363944e-05,False
2026-02-10 22:39:54.998784+00:00,3.430377375653103e-05,False
2026-02-11 06:07:17.712768+00:00,-5.6499415947307185e-05,False
2026-02-11 13:34:40.427616+00:00,4.6380625401009124e-05,False
2026-02-11 22:53:53.822688+00:00,0.0001049180413307368,False
2026-02-12 04:29:25.855584+00:00,-5.1289009431585446e-05,False
2026-02-12 06:21:16.534080+00:00,-2.1572074103178e-05,False
2026-02-12 11:56:48.568704+00:00,-1.4044083177300357e-05,False
2026-02-12 13:48:39.248064+00:00,4.9390807111120586e-05,False
2026-02-12 19:24:11.281824+00:00,1.288765435479111e-05,False
2026-02-12 23:07:52.637952+00:00,-2.939230456682584e-05,False
2026-02-13 02:51:33.993216+00:00,5.1941347779732296e-05,False
2026-02-13 06:35:15.350208+00:00,-3.53861230679348e-05,False
2026-02-13 12:10:47.384832+00:00,5.352789158313609e-05,False
2026-02-13 21:30:00.777312+00:00,9.706476060407827e-05,False
2026-02-14 06:49:14.168928+00:00,-1.3885970494320168e-05,False
2026-02-14 12:24:46.205280+00:00,2.409861709384921e-05,False
2026-02-14 14:16:36.883776+00:00,0.0001270912808661538,False
2026-02-15 03:19:31.633248+00:00,0.00016185665316853333,False
2026-02-15 07:03:12.991104+00:00,-7.320420261665704e-05,False
2026-02-15 12:38:45.024864+00:00,-2.06354314949474e-05,False
2026-02-15 12:38:45.025728+00:00,2.293269296572048e-12,False
2026-02-15 20:06:07.737120+00:00,-5.6867000517955195e-05,False
2026-02-15 21:57:58.413888+00:00,-1.0294368744648436e-05,False
2026-02-16 03:33:30.446784+00:00,8.734602761798819e-05,False
2026-02-16 05:25:21.125280+00:00,-1.270630069673303e-05,False
2026-02-16 11:00:53.158176+00:00,2.548552442831488e-05,False
2026-02-16 12:52:43.835808+00:00,1.4189913120713826e-05,False
2026-02-16 20:20:06.547200+00:00,7.776719735179105e-05,False
2026-02-17 03:47:29.256864+00:00,7.366549953172612e-06,False
2026-02-17 05:39:19.936224+00:00,5.5191396153301705e-06,False
2026-02-17 11:14:51.968256+00:00,-1.5064903276601564e-05,False
2026-02-17 14:58:33.326976+00:00,0.00014641397921655728,False
2026-02-17 20:34:05.358144+00:00,3.268433757267778e-05,False
2026-02-17 22:25:56.034912+00:00,-1.0606256358578537e-05,False
2026-02-18 04:01:28.070400+00:00,0.00010828432211623459,False
2026-02-18 05:53:18.748896+00:00,-1.0097193808860126e-05,False
2026-02-18 13:20:41.463744+00:00,9.915721037259318e-05,False
2026-02-18 20:48:04.177728+00:00,3.8124635079204736e-05,False
2026-02-19 04:15:26.891712+00:00,9.45296790205184e-05,False
2026-02-19 06:07:17.571072+00:00,-2.1945233409373325e-05,False
2026-02-19 11:42:49.604832+00:00,5.616365146817122e-06,False
2026-02-19 13:34:40.284192+00:00,3.0037455395546858e-05,False
2026-02-19 19:10:12.318816+00:00,-2.3466354666769046e-05,False
2026-02-19 22:53:53.674080+00:00,-5.017269931108806e-05,False
2026-02-20 04:29:25.707840+00:00,-5.956757102437948e-06,False
2026-02-20 06:21:16.388064+00:00,4.876368314875922e-05,False
2026-02-20 17:32:20.457312+00:00,5.161775497897837e-05,False
2026-02-20 19:24:11.134080+00:00,-1.0293710976896098e-05,False
2026-02-20 23:07:52.489344+00:00,0.00016691213219515092,False
2026-02-21 02:51:33.844608+00:00,-1.6439250454819342e-05,False
2026-02-21 06:35:15.200736+00:00,-5.273871486061594e-08,False
2026-02-21 10:18:56.555136+00:00,-8.51376864622923e-06,False
2026-02-21 14:02:37.911264+00:00,5.775617623131642e-05,False
2026-02-21 19:38:09.943296+00:00,-0.00013313234100671906,False
2026-02-21 23:21:51.297696+00:00,0.00010630753576577107,False
2026-02-22 03:05:32.653824+00:00,3.959133620463313e-05,False
2026-02-22 06:49:14.009088+00:00,-2.5899221384600617e-05,False
2026-02-22 19:52:08.751648+00:00,-2.572853898256925e-05,False
2026-02-22 21:43:59.431872+00:00,9.046652495963624e-05,False
2026-02-23 03:19:31.463040+00:00,-0.00015410434051625196,False
2026-02-23 07:03:12.819168+00:00,-6.52320519017945e-05,False
2026-02-23 10:46:54.175296+00:00,8.925135621018697e-05,False
2026-02-23 14:30:35.532288+00:00,6.527595269785279e-05,False
2026-02-23 20:06:07.563456+00:00,-6.152976257436131e-05,False
2026-02-23 21:57:58.241088+00:00,7.778988545445535e-05,False
2026-02-24 05:25:20.950752+00:00,8.21386164486235e-06,False
2026-02-24 11:00:52.980192+00:00,-8.971441739536767e-05,False
2026-02-24 12:52:43.658688+00:00,7.752604488028016e-05,False
2026-02-24 20:20:06.365760+00:00,-9.31878574621223e-06,False
2026-02-24 22:11:57.042528+00:00,6.901555673762035e-05,False
2026-02-25 03:47:29.072832+00:00,1.153110332834254e-05,False
2026-02-25 05:39:19.750464+00:00,-3.296755961435992e-05,False
2026-02-25 11:14:51.778176+00:00,2.0757752160327347e-05,False
2026-02-25 13:06:42.456672+00:00,4.682140460579916e-05,False
2026-02-25 20:34:05.162016+00:00,2.2702227785916594e-05,False
2026-02-26 04:01:27.868224+00:00,7.001259317640787e-05,False
2026-02-26 05:53:18.544992+00:00,-2.7506238380040754e-05,False
2026-02-26 13:20:41.252928+00:00,4.2143449593981733e-05,False
2026-02-26 18:56:13.278048+00:00,-0.00012048984588844556,False
2026-02-26 18:56:13.279776+00:00,5.573414773366356e-05,False
2026-02-26 22:39:54.632448+00:00,2.6256804007287743e-05,False
2026-02-27 04:15:26.664480+00:00,4.336918128932653e-05,False
2026-02-27 06:07:17.341248+00:00,7.693232357863896e-06,False
2026-02-27 17:18:21.401856+00:00,1.083423765584498e-05,False
2026-02-27 19:10:12.080352+00:00,0.00013899888182983578,False
2026-02-27 22:53:53.432160+00:00,2.2380019383828302e-05,False
2026-02-28 02:37:34.785696+00:00,1.1496733448341991e-05,False
2026-02-28 06:21:16.140096+00:00,-2.3113197141266643e-05,False
2026-02-28 11:56:48.166944+00:00,-8.693840245398247e-05,False
2026-02-28 19:24:10.872288+00:00,-4.73393713414277e-05,False
2026-02-28 23:07:52.223232+00:00,5.9776967651443136e-05,False
2026-03-01 02:51:33.578496+00:00,0.00010017719161785595,False
2026-03-01 06:35:14.930304+00:00,-6.630454359594137e-05,False
2026-03-01 10:18:56.281248+00:00,-4.9998029103029073e-05,False
2026-03-01 19:38:09.660768+00:00,8.038928584187105e-05,False
2026-03-01 23:21:51.009984+00:00,-9.193712066232595e-05,False
2026-03-02 03:05:32.360928+00:00,-7.108234787437298e-05,False
2026-03-02 10:32:55.063680+00:00,5.252400506442566e-05,False
2026-03-02 14:16:36.415488+00:00,-4.283932195712923e-05,False
2026-03-02 19:52:08.444928+00:00,0.000211618379158594,False
2026-03-02 23:35:49.796736+00:00,3.5543087370106065e-05,False
2026-03-03 03:19:31.150272+00:00,2.3622374384797623e-05,False
2026-03-03 10:46:53.853888+00:00,1.8183977817129389e-06,False
2026-03-03 14:30:35.209152+00:00,0.00013299288799935806,False
2026-03-03 20:06:07.233408+00:00,-5.9637163815260156e-05,False
2026-03-03 21:57:57.910176+00:00,0.0001058041259784653,False
2026-03-04 03:33:29.937024+00:00,-0.00018275228641387883,False
2026-03-04 11:00:52.638912+00:00,-3.5948732699179936e-05,False
2026-03-04 14:44:33.991584+00:00,1.6536389934300878e-05,False
2026-03-04 18:28:15.339936+00:00,-0.0001233839988646538,False
2026-03-05 03:47:28.714272+00:00,-0.00017302643366993477,False
2026-03-05 07:31:10.065216+00:00,3.020507385030917e-05,False
2026-03-05 14:58:32.766240+00:00,0.00011269931031394555,False
2026-03-05 18:42:14.115456+00:00,4.95143613827195e-05,False
2026-03-05 22:25:55.564032+00:00,0.009340747798641875,False
2026-03-06 05:53:18.326400+00:00,0.0013109669206017712,False
2026-03-06 15:12:31.764672+00:00,-0.00021915774978584863,False
2026-03-06 18:56:13.146720+00:00,0.0002661247797794735,False
2026-03-07 04:15:26.586720+00:00,-7.892876743346897e-05,False
2026-03-07 06:07:17.274720+00:00,-0.00011035319562852295,False
2026-03-07 11:42:49.337856+00:00,-5.175403999111959e-06,False
2026-03-07 15:26:30.713856+00:00,-5.1069952836778014e-05,False
2026-03-07 22:53:53.464128+00:00,1.491150897366258e-05,False
2026-03-08 02:37:34.839264+00:00,-1.4297537085141663e-05,False
2026-03-08 11:56:48.280992+00:00,0.00010575429624797528,False
2026-03-08 13:48:38.969856+00:00,-4.290525527813191e-05,False
2026-03-08 23:07:52.396896+00:00,-0.0002926856140748859,False
2026-03-09 12:10:47.203392+00:00,-3.0034659269441465e-05,False
2026-03-09 14:02:37.890528+00:00,3.495076311647915e-05,False
2026-03-09 19:38:09.943296+00:00,-0.00015889138952423568,False
2026-03-09 23:21:51.314112+00:00,-2.2578471943540237e-05,False
2026-03-10 04:57:23.371200+00:00,-3.562947719822928e-05,False
2026-03-10 06:49:14.056608+00:00,-7.292433876742585e-05,False
2026-03-10 12:24:46.116288+00:00,1.2179024650659138e-05,False
2026-03-10 19:52:08.857056+00:00,5.175941718160185e-05,False
2026-03-10 23:35:50.229600+00:00,-4.69540429562142e-05,False
2026-03-11 05:11:22.285824+00:00,-6.278605084754931e-05,False
2026-03-11 07:03:12.971232+00:00,-4.063655313066254e-05,False
2026-03-11 12:38:45.026592+00:00,-1.5250238528468615e-05,False
2026-03-11 20:06:07.771680+00:00,9.191446737527516e-05,False
2026-03-11 21:57:58.457088+00:00,4.9467141950892195e-05,False
2026-03-12 03:33:30.515904+00:00,-8.293307248176073e-05,False
2026-03-12 07:17:11.886720+00:00,-0.00011947950722278374,False
2026-03-12 14:44:34.629216+00:00,1.166594841684715e-05,False
2026-03-12 16:36:25.312896+00:00,1.6295261150580347e-06,False
2026-03-12 20:20:06.681120+00:00,1.0817326750987122e-05,False
2026-03-12 22:11:57.369120+00:00,0.00011674615400538536,False
2026-03-13 00:03:48.053664+00:00,-3.4479827633467896e-05,False
2026-03-13 14:58:33.528288+00:00,-0.00026336615517446644,False
2026-03-13 22:25:56.262144+00:00,-9.930302348888749e-05,False
2026-03-14 05:53:18.996000+00:00,-0.0002438394194010966,False
2026-03-14 15:12:32.419584+00:00,0.0001396696850018832,False
2026-03-14 22:39:55.149120+00:00,-0.0001628758914738511,False
2026-03-15 06:07:17.887296+00:00,0.00021165598979986316,False
2026-03-15 15:26:31.309152+00:00,0.00015756586678826283,False
2026-03-15 22:53:54.043008+00:00,-1.8140413935536685e-05,False
2026-03-16 06:21:16.776864+00:00,-0.00017421783305528898,False
2026-03-16 21:16:02.242848+00:00,-6.62318459813587e-05,False
2026-03-17 04:43:24.977568+00:00,-4.652277380507598e-05,False
2026-03-17 06:35:15.659520+00:00,-3.1278130703208654e-05,False
2026-03-17 15:54:29.071872+00:00,-9.317187151971578e-05,False
2026-03-17 19:38:10.434912+00:00,-6.783936160300593e-05,False
2026-03-17 23:21:51.799680+00:00,-5.211322679374551e-05,False
2026-03-18 06:49:14.528352+00:00,-5.9369345099173285e-05,False
2026-03-18 12:24:46.574208+00:00,1.7101786610137173e-05,False
2026-03-18 14:16:37.257024+00:00,7.193587416331691e-05,False
2026-03-18 19:52:09.299424+00:00,-1.586666984818928e-05,False
2026-03-18 21:43:59.981376+00:00,1.1803429480040573e-05,False
2026-03-19 07:03:13.388544+00:00,-0.0001387039859803598,False
2026-03-19 20:06:08.156160+00:00,-5.430195708845114e-05,False
2026-03-19 21:57:58.838976+00:00,6.746533237640573e-05,False
2026-03-20 03:33:30.883968+00:00,2.6535498332339135e-05,False
2026-03-20 05:25:21.565056+00:00,1.3067186964258354e-07,False
2026-03-20 12:52:44.289408+00:00,-3.5760614809974886e-05,False
2026-03-20 14:44:34.970496+00:00,-2.6965751646745977e-05,False
2026-03-20 20:20:07.007712+00:00,-0.00012008552702723212,False
2026-03-20 22:11:57.689664+00:00,-2.1336842882154766e-05,False
2026-03-21 05:39:20.414016+00:00,4.815584084884571e-05,False
2026-03-21 14:58:33.822912+00:00,0.00010169317047274371,False
2026-03-21 22:25:56.542944+00:00,-3.992384307413617e-05,False
2026-03-22 05:53:19.262112+00:00,-0.00012617882558759298,False
2026-03-22 22:39:55.378944+00:00,-2.542114844537543e-06,False
2026-03-23 06:07:18.098112+00:00,7.440182261520719e-05,False
2026-03-23 13:34:40.818144+00:00,6.183712928601868e-05,False
2026-03-23 22:53:54.214080+00:00,-0.00012483899425112395,False
2026-03-24 06:21:16.936704+00:00,0.00018207847859330316,False
2026-03-24 11:56:48.977376+00:00,7.692357568719909e-05,False
2026-03-24 23:07:53.056992+00:00,-2.3300201006931203e-05,False
2026-03-25 14:02:38.495328+00:00,2.42027130290439e-05,False
2026-03-25 19:38:10.530816+00:00,-3.425441287180857e-05,False
2026-03-25 23:21:51.889536+00:00,-0.00022521224336305304,False
2026-03-26 03:05:33.249120+00:00,0.00013232974150094047,False
2026-03-26 06:49:14.607840+00:00,2.9558128852713944e-05,False
2026-03-26 12:24:46.645920+00:00,0.00010558980522774175,False
2026-03-26 19:52:09.359040+00:00,-6.17043671739244e-05,False
2026-03-26 21:44:00.039264+00:00,-1.1693915994647352e-05,False
2026-03-27 03:19:32.074752+00:00,1.5751734491651845e-05,False
2026-03-27 07:03:13.431744+00:00,-3.5886761821633665e-05,False
2026-03-27 14:30:36.143136+00:00,-2.1629083890405126e-05,False
2026-03-27 18:14:17.499264+00:00,3.0122359348887263e-05,False
2026-03-27 20:06:08.176896+00:00,-6.25039830410389e-05,False
2026-03-27 21:57:58.857120+00:00,2.936808463971897e-05,False
2026-03-28 03:33:30.892608+00:00,0.00017909006509124985,False
2026-03-28 03:33:30.893472+00:00,2.9188791682838186e-12,False
2026-03-28 12:52:44.285952+00:00,2.240464408513413e-05,False
2026-03-28 14:44:34.962720+00:00,-4.948701569140562e-05,False
2026-03-28 20:20:06.997344+00:00,-4.2086855230557044e-05,False
2026-03-29 03:47:29.711328+00:00,-2.5212002429069954e-05,False
2026-03-30 04:01:28.517952+00:00,-5.9447903620623655e-05,False
2026-03-30 05:53:19.196448+00:00,5.174068319519939e-05,False
2026-03-30 13:20:41.905248+00:00,2.497704943730004e-05,False
2026-03-30 15:12:32.580288+00:00,-3.2114876759764384e-05,False
2026-03-30 22:39:55.284768+00:00,-0.0001669375448063089,False
2026-03-31 04:15:27.315072+00:00,0.00012661315830128162,False
2026-03-31 06:07:17.992704+00:00,3.8601884877931323e-05,False
2026-03-31 13:34:40.697184+00:00,5.41974141780353e-05,False
2026-03-31 21:02:03.403392+00:00,0.000134897505630084,False
2026-03-31 22:53:54.080160+00:00,1.3898936262330381e-05,False
2026-03-31 22:53:54.080160+00:00,0.0,False
2026-04-01 04:29:26.105280+00:00,-4.280401711055895e-05,False
2026-04-01 04:29:26.105280+00:00,0.0,False
2026-04-01 04:29:26.106144+00:00,2.7711968174865237e-12,False
2026-04-01 04:29:26.106144+00:00,0.0,False
2026-04-01 11:56:48.812352+00:00,2.0798708918891228e-05,False
2026-04-01 11:56:48.812352+00:00,0.0,False
2026-04-01 19:24:11.515968+00:00,8.764581234576256e-06,False
2026-04-01 19:24:11.515968+00:00,0.0,False
2026-04-01 23:07:52.869504+00:00,3.028401162155115e-05,False
2026-04-01 23:07:52.869504+00:00,0.0,False
2026-04-02 04:43:24.895488+00:00,-0.00012977341603200504,False
2026-04-02 04:43:24.895488+00:00,0.0,False
2026-04-02 06:35:15.572256+00:00,-1.9566813618018744e-05,False
2026-04-02 06:35:15.572256+00:00,0.0,False
2026-04-02 14:02:38.277600+00:00,0.00018190370114486883,False
2026-04-02 14:02:38.277600+00:00,0.0,False
2026-04-02 19:38:10.302720+00:00,-0.000144542614038061,False
2026-04-02 19:38:10.302720+00:00,0.0,False
2026-04-02 21:30:00.981216+00:00,8.557961803071916e-05,False
2026-04-02 21:30:00.981216+00:00,0.0,False
2026-04-03 04:57:23.681376+00:00,-5.911646866431952e-05,False
2026-04-03 04:57:23.681376+00:00,0.0,False
2026-04-03 12:24:46.383264+00:00,-3.885329664921111e-05,False
2026-04-03 12:24:46.383264+00:00,0.0,False
2026-04-03 14:16:37.057440+00:00,-2.344762224091082e-05,False
2026-04-03 14:16:37.057440+00:00,0.0,False
2026-04-03 19:52:09.085152+00:00,0.00011486396900104633,False
2026-04-03 19:52:09.085152+00:00,0.0,False
2026-04-03 21:43:59.762784+00:00,0.00018667974501008778,False
2026-04-03 21:43:59.762784+00:00,0.0,False
2026-04-04 05:11:22.461216+00:00,-2.7230573993604202e-05,False
2026-04-04 05:11:22.461216+00:00,0.0,False
2026-04-04 14:30:35.834688+00:00,2.657568245254678e-05,False
2026-04-04 14:30:35.834688+00:00,0.0,False
2026-04-04 20:06:07.858944+00:00,0.00011666584282839626,False
2026-04-04 20:06:07.858944+00:00,0.0,False
2026-04-04 21:57:58.535712+00:00,3.411337347021025e-05,False
2026-04-04 21:57:58.535712+00:00,0.0,False
2026-04-05 07:17:11.910912+00:00,-8.008174813837107e-06,False
2026-04-05 07:17:11.910912+00:00,0.0,False
2026-04-05 12:52:43.935168+00:00,2.005293060230266e-05,False
2026-04-05 12:52:43.935168+00:00,0.0,False
2026-04-05 14:44:34.610208+00:00,2.082995678926964e-05,False
2026-04-05 14:44:34.610208+00:00,0.0,False
2026-04-05 20:20:06.637920+00:00,0.0001136372138898353,False
2026-04-05 20:20:06.637920+00:00,0.0,False
2026-04-05 22:11:57.313824+00:00,-6.746618050129324e-05,False
2026-04-05 22:11:57.313824+00:00,0.0,False
2026-04-06 05:39:20.016576+00:00,5.789866646668187e-05,False
2026-04-06 05:39:20.016576+00:00,0.0,False
2026-04-06 22:25:56.098848+00:00,0.0001734595962473766,False
2026-04-06 22:25:56.098848+00:00,0.0,False
2026-04-07 04:01:28.123968+00:00,-4.537665729486329e-06,False
2026-04-07 04:01:28.123968+00:00,0.0,False
2026-04-07 05:53:18.799872+00:00,-1.2266957933706639e-05,False
2026-04-07 05:53:18.799872+00:00,0.0,False
2026-04-07 15:12:32.171616+00:00,-0.0001329434771828605,False
2026-04-07 15:12:32.171616+00:00,0.0,False
2026-04-07 20:48:04.199328+00:00,8.392819314976719e-05,False
2026-04-07 22:39:54.876096+00:00,0.00011482498392294735,False
2026-04-08 04:15:26.896896+00:00,-0.00010374528100660986,False
2026-04-08 06:07:17.572800+00:00,2.206614920347059e-05,False
2026-04-08 15:26:30.941952+00:00,-0.00010545576437503313,False
2026-04-08 22:53:53.642112+00:00,0.00012725700657083682,False
2026-04-08 22:53:53.642112+00:00,0.0,False
2026-04-08 22:53:53.642112+00:00,0.0,False
2026-04-09 04:29:25.664640+00:00,-5.377154487366633e-05,False
2026-04-09 04:29:25.664640+00:00,0.0,False
2026-04-09 04:29:25.664640+00:00,0.0,False
2026-04-09 06:21:16.338816+00:00,-2.994550715408557e-05,False
2026-04-09 06:21:16.338816+00:00,0.0,False
2026-04-09 06:21:16.338816+00:00,0.0,False
2026-04-09 13:48:39.034656+00:00,2.301934624621332e-05,False
2026-04-09 13:48:39.034656+00:00,0.0,False
2026-04-09 13:48:39.034656+00:00,0.0,False
2026-04-09 19:24:11.057184+00:00,-0.00013756159671045228,False
2026-04-09 19:24:11.057184+00:00,0.0,False
2026-04-09 19:24:11.057184+00:00,0.0,False
2026-04-09 21:16:01.731360+00:00,1.93633171413101e-06,False
2026-04-09 21:16:01.731360+00:00,0.0,False
2026-04-10 04:43:24.428928+00:00,8.250889522017813e-05,False
2026-04-10 04:43:24.428928+00:00,0.0,False
2026-04-10 06:35:15.105696+00:00,2.5496665231932946e-05,False
2026-04-10 06:35:15.105696+00:00,0.0,False
2026-04-10 12:10:47.127360+00:00,3.3933625225962517e-06,False
2026-04-10 12:10:47.127360+00:00,0.0,False
2026-04-10 21:30:00.502560+00:00,0.00012475857155882462,False
2026-04-10 21:30:00.502560+00:00,0.0,False
2026-04-11 04:57:23.194944+00:00,-3.0079948509513182e-05,False
2026-04-11 04:57:23.194944+00:00,0.0,False
2026-04-11 06:49:13.869984+00:00,-4.592643809201092e-05,False
2026-04-11 06:49:13.869984+00:00,0.0,False
2026-04-11 12:24:45.889056+00:00,-3.851201171621447e-05,False
2026-04-11 12:24:45.889056+00:00,0.0,False
2026-04-11 19:52:08.584032+00:00,8.706930608409556e-05,False
2026-04-11 19:52:08.584032+00:00,0.0,False
2026-04-11 21:43:59.258208+00:00,-1.1335750751979419e-05,False
2026-04-12 05:11:21.948000+00:00,-6.118441276679495e-05,False
2026-04-12 07:03:12.623040+00:00,-1.9292770424908187e-05,False
2026-04-12 12:38:44.636928+00:00,-3.7729408308309835e-05,False
2026-04-12 20:06:07.331040+00:00,8.558969669868545e-05,False
2026-04-12 21:57:58.003488+00:00,8.278067378938462e-06,False
2026-04-13 01:41:39.346656+00:00,-4.6541379462574664e-05,False
2026-04-13 05:25:20.693280+00:00,1.6988261760046466e-06,False
2026-04-13 22:11:56.747040+00:00,0.00017203475522958398,False
2026-04-14 03:47:28.764384+00:00,3.698688707804711e-05,False
2026-04-14 05:39:19.437696+00:00,-7.55596489629524e-06,False
2026-04-14 13:06:42.124896+00:00,1.976761066246885e-06,False
2026-04-14 14:58:32.799936+00:00,6.417935933153393e-05,False
2026-04-14 20:34:04.819872+00:00,5.4578957651360425e-06,False
2026-04-14 22:25:55.494048+00:00,-1.975100051519424e-05,False
2026-04-15 04:01:27.513120+00:00,8.882098755139043e-05,False
2026-04-15 05:53:18.187296+00:00,7.798846654829736e-07,False
2026-04-15 15:12:31.548672+00:00,8.682292471381934e-06,False
2026-04-15 18:56:12.897024+00:00,3.355456843996855e-05,False
2026-04-15 22:39:54.242784+00:00,7.760503662855204e-05,False
2026-04-16 06:07:16.932576+00:00,-0.00010260657730481642,False
2026-04-16 17:18:20.966400+00:00,5.534674850443199e-05,False
2026-04-16 19:10:11.638848+00:00,7.268257616196119e-05,False
2026-04-16 21:02:02.313024+00:00,5.270002681669389e-05,False
2026-04-17 06:21:15.706368+00:00,0.0012401963160991337,False
2026-04-17 21:16:01.196544+00:00,0.0022132929442230274,False
2026-04-17 21:16:01.196544+00:00,0.0,False
2026-04-18 06:35:14.673696+00:00,0.0019321276453365757,False
2026-04-18 06:35:14.673696+00:00,0.0,False
2026-04-18 10:18:56.024640+00:00,0.00016126024224842123,False
2026-04-18 10:18:56.024640+00:00,0.0,False
2026-04-18 21:30:00.192384+00:00,0.0041953659261930835,False
2026-04-19 03:05:32.246016+00:00,0.0001942794428878206,False
2026-04-19 06:49:13.619424+00:00,0.0001574280690255817,False
2026-04-19 12:24:45.674784+00:00,0.00013373449544555542,False
2026-04-19 14:16:36.360192+00:00,8.357232219729725e-05,False
2026-04-19 19:52:08.417280+00:00,0.0003213523070522915,False
2026-04-19 21:43:59.102688+00:00,0.00013059412593016478,False
2026-04-20 03:19:31.159776+00:00,0.00025507197970349514,False
2026-04-20 07:03:12.534048+00:00,0.00032404519505379475,False
2026-04-20 12:38:44.593728+00:00,0.0002923523640289915,False
2026-04-20 14:30:35.280000+00:00,3.551070543998059e-05,False
2026-04-20 21:57:58.014720+00:00,-0.00031085642480129275,False
2026-04-21 12:52:43.502304+00:00,3.5342012771559365e-06,False
2026-04-21 14:44:34.187712+00:00,-9.211727506299346e-05,False
2026-04-21 20:20:06.245664+00:00,3.67924632688868e-05,False
2026-04-21 22:11:56.931936+00:00,-3.568168542907401e-05,False
2026-04-21 22:11:56.931936+00:00,0.0,False
2026-04-22 03:47:28.989024+00:00,-0.00010387197753931196,False
2026-04-22 03:47:28.989024+00:00,0.0,False
2026-04-22 05:39:19.677024+00:00,4.7336113861771054e-05,False
2026-04-22 05:39:19.677024+00:00,0.0,False
2026-04-22 14:58:33.106656+00:00,0.0001390915435472705,False
2026-04-22 14:58:33.106656+00:00,0.0,False
2026-04-22 18:42:14.480064+00:00,0.00011722334655830328,False
2026-04-22 18:42:14.480064+00:00,0.0,False
2026-04-22 20:34:05.166336+00:00,-2.481845654935097e-05,False
2026-04-22 20:34:05.166336+00:00,0.0,False
2026-04-23 04:01:27.907104+00:00,-0.0001251118693719887,False
2026-04-23 04:01:27.907104+00:00,0.0,False
2026-04-23 05:53:18.594240+00:00,1.5886151200800988e-05,False
2026-04-23 05:53:18.594240+00:00,0.0,False
2026-04-23 13:20:41.335872+00:00,1.1038357207293324e-05,False
2026-04-23 13:20:41.335872+00:00,0.0,False
2026-04-23 17:04:22.710144+00:00,1.8605536585805027e-05,False
2026-04-23 17:04:22.710144+00:00,0.0,False
2026-04-24 04:15:26.821728+00:00,-0.00010675147730538592,False
2026-04-24 04:15:26.821728+00:00,0.0,False
2026-04-24 06:07:17.506272+00:00,-2.6720078179119996e-05,False
2026-04-24 06:07:17.506272+00:00,0.0,False
2026-04-24 11:42:49.559040+00:00,-2.9144553364385378e-05,False
2026-04-24 11:42:49.559040+00:00,0.0,False
2026-04-24 17:18:21.615264+00:00,-2.1277164532566302e-05,False
2026-04-24 17:18:21.615264+00:00,0.0,False
2026-04-24 21:02:02.985216+00:00,7.491039229723502e-05,False
2026-04-24 21:02:02.985216+00:00,0.0,False
2026-04-25 04:29:25.721664+00:00,-0.00016304558477320217,False
2026-04-25 04:29:25.721664+00:00,0.0,False
2026-04-25 06:21:16.406208+00:00,4.117435885771231e-06,False
2026-04-25 06:21:16.406208+00:00,0.0,False
2026-04-25 11:56:48.458112+00:00,9.722749352490329e-05,False
2026-04-25 11:56:48.458112+00:00,0.0,False
2026-04-25 19:24:11.197152+00:00,0.00011232970249954141,False
2026-04-25 19:24:11.197152+00:00,0.0,False
2026-04-25 21:16:01.880832+00:00,2.051810947579381e-05,False
2026-04-25 21:16:01.880832+00:00,0.0,False
2026-04-26 12:10:47.347680+00:00,-0.00021117928616121666,False
2026-04-26 12:10:47.347680+00:00,0.0,False
2026-04-26 14:02:38.033952+00:00,4.768359085393126e-05,False
2026-04-26 14:02:38.033952+00:00,0.0,False
2026-04-26 19:38:10.086720+00:00,5.130976241855542e-05,False
2026-04-26 19:38:10.086720+00:00,0.0,False
2026-04-26 21:30:00.770400+00:00,-8.273049917389822e-05,False
2026-04-26 21:30:00.770400+00:00,0.0,False
2026-04-27 04:57:23.506848+00:00,3.6184737379276106e-05,False
2026-04-27 04:57:23.506848+00:00,0.0,False
2026-04-27 06:49:14.192256+00:00,7.284926766332786e-05,False
2026-04-27 06:49:14.192256+00:00,0.0,False
2026-04-27 10:32:55.559616+00:00,9.308888079287252e-05,False
2026-04-27 10:32:55.559616+00:00,0.0,False
2026-04-27 19:52:08.984064+00:00,0.00010506408131800686,False
2026-04-27 19:52:08.984064+00:00,0.0,False
2026-04-27 21:43:59.668608+00:00,3.583394296037766e-05,False
2026-04-27 21:43:59.668608+00:00,0.0,False
2026-04-28 03:19:31.721376+00:00,-3.531118646011803e-05,False
2026-04-28 03:19:31.721376+00:00,0.0,False
2026-04-28 07:03:13.087872+00:00,-9.103798092241455e-05,False
2026-04-28 07:03:13.087872+00:00,0.0,False
2026-04-28 12:38:45.137184+00:00,-8.599016525158319e-05,False
2026-04-28 12:38:45.137184+00:00,0.0,False
2026-04-28 20:06:07.873632+00:00,0.00014680094530082095,False
2026-04-28 20:06:07.873632+00:00,0.0,False
2026-04-28 21:57:58.558176+00:00,-1.0460641668623378e-05,False
2026-04-28 21:57:58.558176+00:00,0.0,False
2026-04-29 03:33:30.611808+00:00,0.00010151405907801268,False
2026-04-29 03:33:30.611808+00:00,0.0,False
2026-04-29 07:17:11.978304+00:00,4.1103567561175184e-05,False
2026-04-29 07:17:11.978304+00:00,0.0,False
2026-04-29 12:52:44.027616+00:00,-1.214759823860559e-05,False
2026-04-29 12:52:44.027616+00:00,0.0,False
2026-04-29 14:44:34.712160+00:00,-4.532191314053358e-05,False
2026-04-29 14:44:34.712160+00:00,0.0,False
2026-04-29 18:28:16.082112+00:00,0.00026772977598388763,False
2026-04-29 18:28:16.082112+00:00,0.0,False
2026-04-29 22:11:57.446880+00:00,-0.0001732435309822102,False
2026-04-29 22:11:57.446880+00:00,0.0,False
2026-04-30 03:47:29.497056+00:00,-0.00022308227762401177,False
2026-04-30 03:47:29.497056+00:00,0.0,False
2026-04-30 07:31:10.861824+00:00,-6.851080518656405e-06,False
2026-04-30 07:31:10.861824+00:00,0.0,False
2026-04-30 13:06:42.912864+00:00,0.00014691879510384784,False
2026-04-30 13:06:42.912864+00:00,0.0,False
2026-04-30 14:58:33.598272+00:00,-5.413283422664004e-06,False
2026-04-30 14:58:33.598272+00:00,0.0,False
2026-04-30 22:25:56.332128+00:00,5.2422048450267744e-05,False
2026-04-30 22:25:56.332128+00:00,0.0,False
2026-05-01 04:01:28.383168+00:00,-0.00011837233423350209,False
2026-05-01 04:01:28.383168+00:00,0.0,False
2026-05-01 05:53:19.065984+00:00,1.7174330024101182e-05,False
2026-05-01 05:53:19.065984+00:00,0.0,False
2026-05-01 11:28:51.117024+00:00,0.00010345169030190492,False
2026-05-01 11:28:51.117024+00:00,0.0,False
2026-05-01 18:56:13.854336+00:00,5.200988540188355e-05,False
2026-05-01 18:56:13.854336+00:00,0.0,False
2026-05-01 22:39:55.220832+00:00,-1.679563430005532e-05,False
2026-05-01 22:39:55.220832+00:00,0.0,False
2026-05-02 04:15:27.273600+00:00,0.0001189478483145701,False
2026-05-02 04:15:27.273600+00:00,0.0,False
2026-05-02 09:50:59.322048+00:00,-2.6972460376155897e-05,False
2026-05-02 09:50:59.322048+00:00,0.0,False
2026-05-02 15:26:31.372224+00:00,-7.613754327248966e-05,False
2026-05-02 15:26:31.372224+00:00,0.0,False
2026-05-02 19:10:12.737856+00:00,6.505754718763525e-05,False
2026-05-02 19:10:12.737856+00:00,0.0,False
2026-05-02 22:53:54.104352+00:00,1.9857547029969035e-06,False
2026-05-02 22:53:54.104352+00:00,0.0,False
2026-05-03 04:29:26.155392+00:00,7.50995687244427e-05,False
2026-05-03 04:29:26.155392+00:00,0.0,False
2026-05-03 06:21:16.837344+00:00,-2.2717029699989426e-05,False
2026-05-03 06:21:16.837344+00:00,0.0,False
2026-05-03 11:56:48.884928+00:00,8.48803253195577e-05,False
2026-05-03 11:56:48.884928+00:00,0.0,False
2026-05-03 13:48:39.569472+00:00,1.5777862145472108e-05,False
2026-05-03 13:48:39.569472+00:00,0.0,False
2026-05-03 19:24:11.617056+00:00,0.00010041966942708171,False
2026-05-03 19:24:11.617056+00:00,0.0,False
2026-05-03 23:07:52.983552+00:00,4.014128377449647e-05,False
2026-05-03 23:07:52.983552+00:00,0.0,False
2026-05-04 04:43:25.026816+00:00,-0.00012791710740531968,False
2026-05-04 04:43:25.026816+00:00,0.0,False
2026-05-04 12:10:47.754624+00:00,9.357018096176768e-05,False
2026-05-04 12:10:47.754624+00:00,0.0,False
2026-05-04 14:02:38.437440+00:00,-7.298229918903292e-05,False
2026-05-04 14:02:38.437440+00:00,0.0,False
2026-05-04 19:38:10.484160+00:00,0.00010902970564266578,False
2026-05-04 19:38:10.484160+00:00,0.0,False
2026-05-05 04:57:23.893056+00:00,-7.650540795709756e-05,False
2026-05-05 04:57:23.893056+00:00,0.0,False
2026-05-05 06:49:14.572416+00:00,-9.632561501924443e-05,False
2026-05-05 06:49:14.572416+00:00,0.0,False
2026-05-05 12:24:46.619136+00:00,7.40871568406594e-05,False
2026-05-05 12:24:46.619136+00:00,0.0,False
2026-05-05 19:52:09.346944+00:00,-2.9702317933949778e-05,False
2026-05-05 19:52:09.346944+00:00,0.0,False
2026-05-05 21:44:00.028896+00:00,-2.6431746641813892e-05,False
2026-05-05 21:44:00.028896+00:00,0.0,False
2026-05-06 05:11:22.756704+00:00,3.4066114050571717e-05,False
2026-05-06 05:11:22.756704+00:00,0.0,False
2026-05-06 07:03:13.439520+00:00,0.00011148709088580755,False
2026-05-06 07:03:13.439520+00:00,0.0,False
2026-05-06 12:38:45.483648+00:00,-1.3169688886299102e-05,False
2026-05-06 12:38:45.483648+00:00,0.0,False
2026-05-06 14:30:36.165600+00:00,-7.241268712949905e-05,False
2026-05-06 14:30:36.165600+00:00,0.0,False
2026-05-06 20:06:08.208864+00:00,8.14388706501092e-05,False
2026-05-06 21:57:58.891680+00:00,7.260773752753362e-06,False
2026-05-06 21:57:58.891680+00:00,0.0,False
2026-05-07 03:33:30.934080+00:00,-5.117639901205194e-05,False
2026-05-07 03:33:30.934080+00:00,0.0,False
2026-05-07 05:25:21.615168+00:00,-9.063545758945795e-06,False
2026-05-07 05:25:21.615168+00:00,0.0,False
2026-05-07 16:36:25.699968+00:00,0.00018300570638675245,False
2026-05-07 16:36:25.699968+00:00,0.0,False
2026-05-07 18:28:16.380192+00:00,-0.00010012733283693522,False
2026-05-07 18:28:16.380192+00:00,0.0,False
2026-05-07 20:20:07.060416+00:00,3.97376631242997e-05,False
2026-05-07 20:20:07.060416+00:00,0.0,False
2026-05-07 22:11:57.741504+00:00,-1.2078479741957242e-05,False
2026-05-07 22:11:57.741504+00:00,0.0,False
2026-05-08 03:47:29.783040+00:00,3.380874772531549e-05,False
2026-05-08 03:47:29.783040+00:00,0.0,False
2026-05-08 05:39:20.461536+00:00,-4.901335769366759e-05,False
2026-05-08 05:39:20.461536+00:00,0.0,False
2026-05-08 16:50:24.542016+00:00,-1.931211440976753e-06,False
2026-05-08 16:50:24.542016+00:00,0.0,False
2026-05-08 18:42:15.223104+00:00,2.7388501883663693e-05,False
2026-05-08 18:42:15.223104+00:00,0.0,False
2026-05-08 22:25:56.584416+00:00,6.292465277754667e-05,False
2026-05-08 22:25:56.584416+00:00,0.0,False
2026-05-09 04:01:28.625088+00:00,2.243070715932563e-05,False
2026-05-09 04:01:28.625088+00:00,0.0,False
2026-05-09 05:53:19.306176+00:00,5.8699594247223506e-05,False
2026-05-09 05:53:19.306176+00:00,0.0,False
2026-05-09 11:28:51.346848+00:00,1.1513966190124208e-05,False
2026-05-09 11:28:51.346848+00:00,0.0,False
2026-05-09 18:56:14.070336+00:00,1.7457058484802564e-05,False
2026-05-09 18:56:14.070336+00:00,0.0,False
2026-05-09 20:48:04.751424+00:00,3.012197952912656e-05,False
2026-05-09 20:48:04.751424+00:00,0.0,False
2026-05-10 04:15:27.474912+00:00,1.0114862308879417e-05,False
2026-05-10 04:15:27.474912+00:00,0.0,False
2026-05-10 06:07:18.154272+00:00,-1.241234132313696e-06,False
2026-05-10 06:07:18.154272+00:00,0.0,False
2026-05-10 11:42:50.196672+00:00,7.090162104201208e-05,False
2026-05-10 11:42:50.196672+00:00,0.0,False
2026-05-10 19:10:12.921024+00:00,-2.674223916263468e-05,False
2026-05-10 19:10:12.921024+00:00,0.0,False
2026-05-10 21:02:03.601248+00:00,3.0394430072095633e-05,False
2026-05-10 21:02:03.601248+00:00,0.0,False
2026-05-11 04:29:26.323008+00:00,-2.8639007038196016e-05,False
2026-05-11 04:29:26.323008+00:00,0.0,False
2026-05-11 11:56:49.045632+00:00,-2.8812480072523518e-05,False
2026-05-11 11:56:49.045632+00:00,0.0,False
2026-05-11 13:48:39.728448+00:00,5.020074787011668e-05,False
2026-05-11 13:48:39.728448+00:00,0.0,False
2026-05-11 19:24:11.769120+00:00,9.101848344435027e-05,False
2026-05-11 19:24:11.769120+00:00,0.0,False
2026-05-11 21:16:02.451072+00:00,7.835804531357887e-05,False
2026-05-11 21:16:02.451072+00:00,0.0,False
2026-05-12 04:43:25.173696+00:00,0.00010352404034089151,False
2026-05-12 04:43:25.173696+00:00,0.0,False
2026-05-12 06:35:15.853920+00:00,1.595411904765844e-06,False
2026-05-12 06:35:15.853920+00:00,0.0,False
2026-05-12 14:02:38.577408+00:00,8.54096897982526e-05,False
2026-05-12 14:02:38.577408+00:00,0.0,False
2026-05-12 19:38:10.618080+00:00,-6.409792267904954e-05,False
2026-05-12 19:38:10.618080+00:00,0.0,False
2026-05-12 21:30:01.298304+00:00,2.1284870564849157e-05,False
2026-05-12 21:30:01.298304+00:00,0.0,False
2026-05-13 04:57:24.020064+00:00,1.3286361102972767e-05,False
2026-05-13 04:57:24.020064+00:00,0.0,False
2026-05-13 04:57:24.020928+00:00,1.1943046433757471e-05,False
2026-05-13 04:57:24.020928+00:00,0.0,False
2026-05-13 12:24:46.740960+00:00,-2.80398471487738e-05,False
2026-05-13 12:24:46.740960+00:00,0.0,False
2026-05-13 19:52:09.462720+00:00,2.2254976229035443e-05,False
2026-05-13 19:52:09.462720+00:00,0.0,False
2026-05-13 21:44:00.143808+00:00,2.1960419192614363e-05,False
2026-05-13 21:44:00.143808+00:00,0.0,False
2026-05-14 05:11:22.869024+00:00,8.069314053426646e-05,False
2026-05-14 05:11:22.869024+00:00,0.0,False
2026-05-14 07:03:13.550112+00:00,-3.3713619277393065e-06,False
2026-05-14 07:03:13.550112+00:00,0.0,False
2026-05-14 21:57:58.993632+00:00,6.613971432423095e-07,False
2026-05-14 21:57:58.993632+00:00,0.0,False
2026-05-15 07:17:12.394752+00:00,0.00010267391148468177,False
2026-05-15 07:17:12.394752+00:00,0.0,False
2026-05-16 07:31:11.231616+00:00,-1.2488010373879198e-05,False
2026-05-16 07:31:11.231616+00:00,0.0,False
2026-05-16 14:58:33.948192+00:00,-7.053099846021214e-05,False
2026-05-16 14:58:33.948192+00:00,0.0,False
2026-05-16 20:34:05.985408+00:00,9.608652199167557e-06,False
2026-05-16 20:34:05.985408+00:00,0.0,False
2026-05-16 22:25:56.663904+00:00,-2.6044630429956377e-05,False
2026-05-16 22:25:56.663904+00:00,0.0,False
2026-05-17 04:01:28.701120+00:00,7.712973002365864e-05,False
2026-05-17 04:01:28.701120+00:00,0.0,False
2026-05-17 11:28:51.413376+00:00,-0.00016326641064564901,False
2026-05-17 11:28:51.413376+00:00,0.0,False
2026-05-17 15:12:32.771232+00:00,2.19899104269131e-05,False
2026-05-17 15:12:32.771232+00:00,0.0,False
2026-05-17 20:48:04.809312+00:00,0.00012283977328399036,False
2026-05-17 20:48:04.809312+00:00,0.0,False
2026-05-17 22:39:55.487808+00:00,-3.468980229839063e-05,False
2026-05-17 22:39:55.487808+00:00,0.0,False
2026-05-18 04:15:27.524160+00:00,0.00010184082070250207,False
2026-05-18 04:15:27.524160+00:00,0.0,False
2026-05-18 11:42:50.238144+00:00,-0.00011011187556782,False
2026-05-18 11:42:50.238144+00:00,0.0,False
2026-05-18 19:10:12.952128+00:00,8.124924668162702e-05,False
2026-05-18 19:10:12.952128+00:00,0.0,False
2026-05-18 21:02:03.632352+00:00,-1.9189958926817433e-05,False
2026-05-18 21:02:03.632352+00:00,0.0,False
2026-05-19 04:29:26.346336+00:00,6.283220952913937e-05,False
2026-05-19 04:29:26.346336+00:00,0.0,False
2026-05-19 06:21:17.024832+00:00,6.035979781121696e-05,False
2026-05-19 06:21:17.024832+00:00,0.0,False
2026-05-19 11:56:49.058592+00:00,-7.728155862451787e-05,False
2026-05-19 11:56:49.058592+00:00,0.0,False
2026-05-19 19:24:11.770848+00:00,-1.8218328556475423e-05,False
2026-05-19 19:24:11.770848+00:00,0.0,False
2026-05-19 23:07:53.128704+00:00,-8.34204431618097e-07,False
2026-05-19 23:07:53.128704+00:00,0.0,False
2026-05-20 04:43:25.159008+00:00,-1.6209482031193898e-05,False
2026-05-20 04:43:25.159008+00:00,0.0,False
2026-05-20 06:35:15.838368+00:00,3.255801067694191e-05,False
2026-05-20 06:35:15.838368+00:00,0.0,False
2026-05-20 12:10:47.872128+00:00,-1.8306582771191226e-05,False
2026-05-20 12:10:47.872128+00:00,0.0,False
2026-05-20 14:02:38.550624+00:00,5.624840378188055e-05,False
2026-05-20 14:02:38.550624+00:00,0.0,False
2026-05-20 21:30:01.262016+00:00,2.176850018225545e-05,False
2026-05-20 21:30:01.262016+00:00,0.0,False
2026-05-21 06:49:14.647584+00:00,3.559110945505817e-05,False
2026-05-21 06:49:14.647584+00:00,0.0,False
2026-05-21 14:16:37.357248+00:00,-2.6995079255770927e-05,False
2026-05-21 14:16:37.357248+00:00,0.0,False
2026-05-21 16:08:28.034016+00:00,-3.8555384638696015e-05,False
2026-05-21 16:08:28.034016+00:00,0.0,False
2026-05-21 19:52:09.390144+00:00,2.2607373203450798e-05,False
2026-05-21 19:52:09.390144+00:00,0.0,False
2026-05-21 21:44:00.068640+00:00,5.452830439090982e-06,False
2026-05-21 21:44:00.068640+00:00,0.0,False
2026-05-22 07:03:13.459392+00:00,0.0002843383241221821,False
2026-05-22 07:03:13.459392+00:00,0.0,False
2026-05-22 14:30:36.172512+00:00,-6.906074767394072e-05,False
2026-05-22 14:30:36.172512+00:00,0.0,False
2026-05-22 16:22:26.850144+00:00,-2.5519827431640814e-06,False
2026-05-22 16:22:26.850144+00:00,0.0,False
2026-05-23 07:17:12.277248+00:00,0.00015285171250039033,False
2026-05-23 07:17:12.277248+00:00,0.0,False
2026-05-23 11:00:53.634240+00:00,-7.869519773263402e-05,False
2026-05-23 11:00:53.634240+00:00,0.0,False
2026-05-23 20:20:07.025856+00:00,0.00018484309096069754,False
2026-05-24 03:47:29.737248+00:00,-4.715626274734815e-05,False
2026-05-24 03:47:29.737248+00:00,0.0,False
2026-05-24 22:25:56.520480+00:00,0.0002244404219442522,False
2026-05-24 22:25:56.520480+00:00,0.0,False
2026-05-25 04:01:28.550784+00:00,1.177408396585498e-05,False
2026-05-25 04:01:28.550784+00:00,0.0,False
2026-05-25 11:28:51.262176+00:00,-8.954335472389538e-05,False
2026-05-25 11:28:51.262176+00:00,0.0,False
2026-05-25 13:20:41.939808+00:00,-8.60083010455283e-06,False
2026-05-25 13:20:41.939808+00:00,0.0,False
2026-05-26 06:07:18.041952+00:00,0.0004148231067024101,False
2026-05-26 06:07:18.041952+00:00,0.0,False
2026-05-26 13:34:40.753344+00:00,-9.518333944397555e-05,False
2026-05-26 13:34:40.753344+00:00,0.0,False
2026-05-26 22:53:54.144096+00:00,2.028397003440974e-06,False
2026-05-26 22:53:54.144096+00:00,0.0,False
2026-05-27 04:29:26.175264+00:00,5.022937435347412e-05,False
2026-05-27 04:29:26.175264+00:00,0.0,False
2026-05-27 06:21:16.853760+00:00,2.039335832147422e-05,False
2026-05-27 06:21:16.853760+00:00,0.0,False
2026-05-27 11:56:48.886656+00:00,-4.623428014038106e-05,False
2026-05-27 11:56:48.886656+00:00,0.0,False
2026-05-27 13:48:39.565152+00:00,3.6323907487693685e-05,False
2026-05-27 13:48:39.565152+00:00,0.0,False
2026-05-27 19:24:11.598048+00:00,2.252972138451945e-05,False
2026-05-27 19:24:11.598048+00:00,0.0,False
2026-05-27 23:07:52.955040+00:00,5.0395858294916227e-05,False
2026-05-27 23:07:52.955040+00:00,0.0,False
2026-05-28 04:43:24.983616+00:00,-3.693402410518791e-05,False
2026-05-28 04:43:24.983616+00:00,0.0,False
2026-05-28 06:35:15.662976+00:00,6.832616393499814e-05,False
2026-05-28 06:35:15.662976+00:00,0.0,False
2026-05-28 12:10:47.693280+00:00,-0.00014946896349078175,False
2026-05-28 12:10:47.693280+00:00,0.0,False
2026-05-28 19:38:10.397760+00:00,9.170560805518799e-06,False
2026-05-28 19:38:10.397760+00:00,0.0,False
2026-05-29 04:57:23.779872+00:00,0.00014765137940262287,False
2026-05-29 04:57:23.779872+00:00,0.0,False
2026-05-29 12:24:46.486080+00:00,1.2527935495626098e-05,False
2026-05-29 12:24:46.486080+00:00,0.0,False
2026-05-29 14:16:37.161984+00:00,-3.8487709823284636e-05,False
2026-05-29 14:16:37.161984+00:00,0.0,False
2026-05-29 23:35:50.542368+00:00,-8.478098158509731e-06,False
2026-05-29 23:35:50.542368+00:00,0.0,False
2026-05-30 03:19:31.893312+00:00,9.992185974996113e-05,False
2026-05-30 03:19:31.893312+00:00,0.0,False
2026-05-30 12:38:45.275424+00:00,2.3945716982133944e-05,False
2026-05-30 12:38:45.275424+00:00,0.0,False
2026-05-30 14:30:35.950464+00:00,-1.8480872836044133e-05,False
2026-05-30 14:30:35.950464+00:00,0.0,False
2026-05-30 20:06:07.979040+00:00,1.8229138959822034e-06,False
2026-05-30 20:06:07.979040+00:00,0.0,False
2026-05-30 23:49:49.331712+00:00,0.00011270872327575964,False
2026-05-30 23:49:49.331712+00:00,0.0,False
2026-05-31 03:33:30.680928+00:00,-1.6806288707419525e-05,False
2026-05-31 03:33:30.680928+00:00,0.0,False
2026-05-31 11:00:53.387136+00:00,-6.826390044951548e-05,False
2026-05-31 11:00:53.387136+00:00,0.0,False
2026-05-31 20:20:06.768384+00:00,0.00010815553611743178,False
2026-05-31 20:20:06.768384+00:00,0.0,False
2026-06-01 03:47:29.471136+00:00,8.169774256497583e-05,False
2026-06-01 03:47:29.471136+00:00,0.0,False
2026-06-01 05:39:20.147904+00:00,3.9779538761432636e-05,False
2026-06-01 05:39:20.147904+00:00,0.0,False
2026-06-01 13:06:42.852384+00:00,1.4806802531657808e-05,False
2026-06-01 13:06:42.852384+00:00,0.0,False
2026-06-01 20:34:05.558592+00:00,0.0001490390126503623,False
2026-06-01 20:34:05.558592+00:00,0.0,False
2026-06-02 07:45:09.614880+00:00,8.241319537676107e-05,False
2026-06-02 07:45:09.614880+00:00,0.0,False
2026-06-02 13:20:41.640864+00:00,5.686260253000451e-06,False
2026-06-02 13:20:41.640864+00:00,0.0,False
2026-06-02 18:56:13.667712+00:00,4.569077309367593e-05,False
2026-06-02 18:56:13.667712+00:00,0.0,False
2026-06-02 22:39:55.021248+00:00,4.758564166615271e-05,False
2026-06-02 22:39:55.021248+00:00,0.0,False
2026-06-03 04:15:27.042048+00:00,4.2850209854091256e-05,False
2026-06-03 04:15:27.042048+00:00,0.0,False
2026-06-03 06:07:17.720544+00:00,1.3076110373064727e-05,False
2026-06-03 06:07:17.720544+00:00,0.0,False
2026-06-03 11:42:49.745664+00:00,1.9295461129297166e-05,False
2026-06-03 11:42:49.745664+00:00,0.0,False
2026-06-03 13:34:40.421568+00:00,5.669612044684136e-05,False
2026-06-03 19:10:12.448416+00:00,4.281685772974052e-05,False
2026-06-03 19:10:12.448416+00:00,0.0,False
2026-06-04 04:29:25.828800+00:00,0.00013105027526440175,False
2026-06-04 04:29:25.828800+00:00,0.0,False
2026-06-04 06:21:16.506432+00:00,9.086683203658592e-06,False
2026-06-04 06:21:16.506432+00:00,0.0,False
2026-06-04 15:40:29.884224+00:00,-0.0001072264683275843,False
2026-06-04 15:40:29.884224+00:00,0.0,False
2026-06-04 17:32:20.562720+00:00,9.224840905775296e-05,False
2026-06-04 17:32:20.562720+00:00,0.0,False
2026-06-04 21:16:01.917120+00:00,2.9097021337836665e-05,False
2026-06-04 21:16:01.917120+00:00,0.0,False
2026-06-05 04:43:24.624192+00:00,0.00027469359073430995,False
2026-06-05 04:43:24.624192+00:00,0.0,False
2026-06-05 06:35:15.301824+00:00,5.119564090017267e-06,False
2026-06-05 06:35:15.301824+00:00,0.0,False
2026-06-05 17:46:19.358112+00:00,5.747252012463155e-07,False
2026-06-05 17:46:19.358112+00:00,0.0,False
2026-06-05 19:38:10.034880+00:00,1.1819540830216121e-05,False
2026-06-05 19:38:10.034880+00:00,0.0,False
2026-06-05 21:30:00.711648+00:00,4.770370035606051e-05,False
2026-06-05 21:30:00.711648+00:00,0.0,False
2026-06-05 21:30:00.712512+00:00,3.0628792407594712e-12,False
2026-06-05 21:30:00.712512+00:00,0.0,False
2026-06-06 04:57:23.418720+00:00,0.00018555384019161236,False
2026-06-06 04:57:23.418720+00:00,0.0,False
2026-06-06 12:24:46.124064+00:00,-6.02308997818844e-05,False
2026-06-06 12:24:46.124064+00:00,0.0,False
2026-06-06 14:16:36.799104+00:00,-2.1813770638846983e-06,False
2026-06-06 14:16:36.799104+00:00,0.0,False
2026-06-06 19:52:08.827680+00:00,4.422380833307803e-05,False
2026-06-06 19:52:08.827680+00:00,0.0,False
2026-06-06 21:43:59.504448+00:00,5.167809591996442e-06,False
2026-06-06 21:43:59.504448+00:00,0.0,False
2026-06-07 05:11:22.208064+00:00,0.0001249530541990552,False
2026-06-07 05:11:22.208064+00:00,0.0,False
2026-06-07 05:11:22.208928+00:00,2.5797816757438045e-12,False
2026-06-07 05:11:22.208928+00:00,0.0,False
2026-06-07 10:46:54.234048+00:00,-0.0001548926015470533,False
2026-06-07 10:46:54.234048+00:00,0.0,False
2026-06-07 18:14:16.935072+00:00,-0.00017957139023627348,False
2026-06-07 18:14:16.935072+00:00,0.0,False
2026-06-08 03:33:30.314592+00:00,0.00023275579120446622,False
2026-06-08 03:33:30.314592+00:00,0.0,False
2026-06-08 07:17:11.668992+00:00,3.427618916181077e-05,False
2026-06-08 07:17:11.668992+00:00,0.0,False
2026-06-08 11:00:53.019936+00:00,7.020113894669957e-05,False
2026-06-08 11:00:53.019936+00:00,0.0,False
2026-06-08 12:52:43.697568+00:00,3.119075942865515e-05,False
2026-06-08 12:52:43.697568+00:00,0.0,False
2026-06-08 18:28:15.729600+00:00,8.534460683308706e-05,False
2026-06-08 18:28:15.729600+00:00,0.0,False
2026-06-09 03:47:29.109120+00:00,0.00011462032102409402,False
2026-06-09 03:47:29.109120+00:00,0.0,False
2026-06-09 07:31:10.464384+00:00,5.3451936390706565e-05,False
2026-06-09 07:31:10.464384+00:00,0.0,False
2026-06-09 11:14:51.816192+00:00,5.296683951203665e-05,False
2026-06-09 11:14:51.816192+00:00,0.0,False
2026-06-09 13:06:42.491232+00:00,-2.9187499013586183e-05,False
2026-06-09 13:06:42.491232+00:00,0.0,False
2026-06-09 18:42:14.519808+00:00,2.542965801123113e-05,False
2026-06-09 18:42:14.519808+00:00,0.0,False
2026-06-10 04:01:27.895008+00:00,-5.9733323471568764e-05,False
2026-06-10 04:01:27.895008+00:00,0.0,False
2026-06-10 05:53:18.570912+00:00,-6.486258204326689e-05,False
2026-06-10 05:53:18.570912+00:00,0.0,False
2026-06-10 11:28:50.595168+00:00,-2.8039222172096693e-05,False
2026-06-10 11:28:50.595168+00:00,0.0,False
2026-06-10 13:20:41.270208+00:00,1.441715011816186e-05,False
2026-06-10 13:20:41.270208+00:00,0.0,False
2026-06-11 06:07:17.342112+00:00,1.6581894707868092e-05,False
2026-06-11 06:07:17.342112+00:00,0.0,False
2026-06-11 13:34:40.039680+00:00,4.452326468341557e-05,False
2026-06-11 13:34:40.039680+00:00,0.0,False
2026-06-11 15:26:30.713856+00:00,1.4008010773490507e-05,False
2026-06-11 15:26:30.713856+00:00,0.0,False
2026-06-11 19:10:12.063936+00:00,4.045906606409741e-05,False
2026-06-11 19:10:12.063936+00:00,0.0,False
2026-06-11 22:53:53.412288+00:00,3.370569822553011e-05,False
2026-06-11 22:53:53.412288+00:00,0.0,False
2026-06-12 06:21:16.111584+00:00,2.4201875648868133e-05,False
2026-06-12 06:21:16.111584+00:00,0.0,False
2026-06-12 19:24:10.835136+00:00,4.75111153511865e-05,False
2026-06-12 19:24:10.835136+00:00,0.0,False
2026-06-13 06:35:14.884512+00:00,8.001225645903011e-05,False
2026-06-13 06:35:14.884512+00:00,0.0,False
2026-06-13 12:10:46.907904+00:00,5.966726376100061e-05,False
2026-06-13 12:10:46.907904+00:00,0.0,False
2026-06-13 14:02:37.584672+00:00,8.619706439819831e-05,False
2026-06-13 14:02:37.584672+00:00,0.0,False
2026-06-13 19:38:09.608928+00:00,1.5839644259008334e-05,False
2026-06-13 19:38:09.608928+00:00,0.0,False
2026-06-13 23:21:50.958144+00:00,6.113295833750802e-05,False
2026-06-13 23:21:50.958144+00:00,0.0,False
2026-06-14 04:57:22.982400+00:00,4.919657079188906e-05,False
2026-06-14 04:57:22.982400+00:00,0.0,False
2026-06-14 06:49:13.655712+00:00,-0.00015759618212660243,False
2026-06-14 06:49:13.655712+00:00,0.0,False
2026-06-14 12:24:45.679104+00:00,8.364485415913309e-05,False
2026-06-14 12:24:45.679104+00:00,0.0,False
2026-06-14 14:16:36.354144+00:00,4.0866843019759304e-05,False
2026-06-14 14:16:36.354144+00:00,0.0,False
2026-06-14 19:52:08.376672+00:00,2.754874250161865e-05,False
2026-06-14 19:52:08.376672+00:00,0.0,False
2026-06-14 23:35:49.725024+00:00,4.2747742018712854e-05,False
2026-06-14 23:35:49.725024+00:00,0.0,False
2026-06-15 05:11:21.748416+00:00,-2.067916903565571e-06,False
2026-06-15 05:11:21.748416+00:00,0.0,False
2026-06-15 05:11:21.750144+00:00,8.758221526031688e-05,False
2026-06-15 05:11:21.750144+00:00,0.0,False
2026-06-15 10:46:53.772672+00:00,-5.0577372865524515e-05,False
2026-06-15 10:46:53.772672+00:00,0.0,False
2026-06-15 14:30:35.121888+00:00,1.4458076109963685e-05,False
2026-06-15 14:30:35.121888+00:00,0.0,False
2026-06-15 21:57:57.821184+00:00,0.00010131778623760041,False
2026-06-15 21:57:57.821184+00:00,0.0,False
2026-06-16 03:33:29.846304+00:00,0.000134884439120611,False
2026-06-16 03:33:29.846304+00:00,0.0,False
2026-06-16 07:17:11.196384+00:00,-4.2596094999778996e-05,False
2026-06-16 07:17:11.196384+00:00,0.0,False
2026-06-16 12:52:43.219776+00:00,2.458658420435351e-05,False
2026-06-16 12:52:43.219776+00:00,0.0,False
2026-06-16 14:44:33.895680+00:00,5.2063545991649915e-05,False
2026-06-16 14:44:33.895680+00:00,0.0,False
2026-06-16 20:20:05.920800+00:00,-1.7910451491372375e-05,False
2026-06-16 20:20:05.920800+00:00,0.0,False
2026-06-17 03:47:28.621824+00:00,5.8018639392023294e-05,False
2026-06-17 03:47:28.621824+00:00,0.0,False
2026-06-17 11:14:51.324576+00:00,1.2573511638116073e-05,False
2026-06-17 11:14:51.324576+00:00,0.0,False
2026-06-17 13:06:42.000480+00:00,7.97956951657532e-06,False
2026-06-17 13:06:42.000480+00:00,0.0,False
2026-06-17 18:42:14.028192+00:00,-4.0290372571559835e-06,False
2026-06-17 18:42:14.028192+00:00,0.0,False
2026-06-17 22:25:55.376544+00:00,-1.992943073916449e-05,False
2026-06-17 22:25:55.376544+00:00,0.0,False
2026-06-18 05:53:18.081024+00:00,6.755371604591754e-05,False
2026-06-18 05:53:18.081024+00:00,0.0,False
2026-06-18 13:20:40.783776+00:00,0.00020881188354230886,False
2026-06-18 13:20:40.783776+00:00,0.0,False
2026-06-18 15:12:31.457952+00:00,-1.6656826186726032e-05,False
2026-06-18 15:12:31.457952+00:00,0.0,False
2026-06-18 20:48:03.483072+00:00,-5.080201966081451e-06,False
2026-06-18 20:48:03.483072+00:00,0.0,False
2026-06-18 22:39:54.156384+00:00,-5.962731089634284e-05,False
2026-06-18 22:39:54.156384+00:00,0.0,False
2026-06-19 04:15:26.184960+00:00,0.00025530950770703766,False
2026-06-19 04:15:26.184960+00:00,0.0,False
2026-06-19 06:07:16.858272+00:00,-0.00013131607195783208,False
2026-06-19 06:07:16.858272+00:00,0.0,False
2026-06-19 13:34:39.556704+00:00,6.403105731279417e-06,False
2026-06-19 13:34:39.556704+00:00,0.0,False
2026-06-19 21:02:02.256000+00:00,5.723431957419819e-05,False
2026-06-19 21:02:02.256000+00:00,0.0,False
2026-06-19 22:53:52.930176+00:00,7.83982560193154e-06,False
2026-06-19 22:53:52.930176+00:00,0.0,False
2026-06-20 06:21:15.630336+00:00,-1.6123951185217797e-05,False
2026-06-20 06:21:15.630336+00:00,0.0,False
2026-06-20 10:04:56.977824+00:00,-5.65319872051523e-05,False
2026-06-20 10:04:56.977824+00:00,0.0,False
2026-06-22 19:52:07.891104+00:00,8.350107255675914e-05,False
2026-06-22 19:52:07.891104+00:00,0.0,False
2026-06-23 21:57:57.320064+00:00,0.000153686689963829,False
2026-06-23 21:57:57.320064+00:00,0.0,False
2026-06-23 23:49:47.993376+00:00,6.467592104046923e-05,False
2026-06-23 23:49:47.993376+00:00,0.0,False
2026-06-25 07:31:15.909312+00:00,0.2872445597450532,False
2026-06-25 07:31:15.909312+00:00,0.0,False
2026-06-25 13:06:49.056768+00:00,5.294641188432043e-05,False
2026-06-25 13:06:49.056768+00:00,0.0,False
2026-06-25 16:50:31.156800+00:00,7.330690916037901e-05,False
2026-06-25 16:50:31.156800+00:00,0.0,False
2026-06-25 20:34:13.255104+00:00,6.566848841018615e-05,False
2026-06-25 20:34:13.255104+00:00,0.0,False
2026-06-26 00:17:55.355136+00:00,9.49905595146428e-05,False
2026-06-26 00:17:55.355136+00:00,0.0,False
2026-06-26 13:20:50.374176+00:00,-0.2655632399347412,False
2026-06-26 13:20:50.374176+00:00,0.0,False
2026-06-26 17:04:31.772640+00:00,-0.0003860842972788713,False
2026-06-26 17:04:31.772640+00:00,0.0,False
2026-06-26 22:40:03.873792+00:00,-8.225396128948814e-05,False
2026-06-26 22:40:03.873792+00:00,0.0,False
2026-06-27 04:15:35.974944+00:00,-0.0001478460668638177,False
2026-06-27 04:15:35.974944+00:00,0.0,False
2026-06-27 06:07:26.676768+00:00,2.4744225760591535e-05,False
2026-06-27 06:07:26.676768+00:00,0.0,False
2026-06-27 11:42:58.777056+00:00,-1.204990178096434e-05,False
2026-06-27 11:42:58.777056+00:00,0.0,False
2026-06-27 21:02:12.280128+00:00,0.00010220830003381632,False
2026-06-27 21:02:12.280128+00:00,0.0,False
2026-06-27 22:54:02.981088+00:00,3.6202579713653414e-05,False
2026-06-27 22:54:02.981088+00:00,0.0,False
2026-06-28 04:29:35.083104+00:00,5.0812558116716716e-05,False
2026-06-28 04:29:35.083104+00:00,0.0,False
2026-06-28 06:21:25.784928+00:00,1.8243211159119024e-05,False
2026-06-28 06:21:25.784928+00:00,0.0,False
2026-06-28 13:48:48.587904+00:00,8.596504618417033e-05,False
2026-06-28 13:48:48.587904+00:00,0.0,False
2026-06-28 23:08:02.091840+00:00,0.0001428368985816347,False
2026-06-28 23:08:02.091840+00:00,0.0,False
2026-06-29 12:10:57.000288+00:00,-0.00011500735628082673,False
2026-06-29 12:10:57.000288+00:00,0.0,False
2026-06-30 10:33:05.416128+00:00,0.0002301449056406265,False
2026-06-30 10:33:05.416128+00:00,0.0,False
2026-06-30 19:52:18.920928+00:00,1.2347175667054995e-06,False
2026-06-30 19:52:18.920928+00:00,0.0,False
2026-06-30 21:44:09.622752+00:00,8.425462949002328e-05,False
2026-06-30 21:44:09.622752+00:00,0.0,False
2026-07-01 03:19:41.728224+00:00,-3.543282399753288e-05,False
2026-07-01 03:19:41.728224+00:00,0.0,False
2026-07-01 05:11:32.428320+00:00,2.143703100535865e-05,False
2026-07-01 05:11:32.428320+00:00,0.0,False
2026-07-01 12:38:55.230432+00:00,-2.5658679171203873e-05,False
2026-07-01 12:38:55.230432+00:00,0.0,False
2026-07-01 14:30:45.931392+00:00,7.1353279727397346e-06,False
2026-07-01 14:30:45.931392+00:00,0.0,False
2026-07-01 21:58:08.730912+00:00,5.1038608979797086e-05,False
2026-07-01 21:58:08.730912+00:00,0.0,False
2026-07-02 05:25:31.534752+00:00,3.526781778605728e-05,False
2026-07-02 05:25:31.534752+00:00,0.0,False
2026-07-02 14:44:45.035232+00:00,6.419196270154008e-05,False
2026-07-02 14:44:45.035232+00:00,0.0,False
2026-07-02 18:28:26.435424+00:00,7.272545780532833e-05,False
2026-07-02 18:28:26.435424+00:00,0.0,False
2026-07-02 20:20:17.132064+00:00,-5.4871730012578955e-05,False
2026-07-02 20:20:17.132064+00:00,0.0,False
2026-07-02 20:20:17.132928+00:00,3.19680245648319e-12,False
2026-07-02 20:20:17.132928+00:00,0.0,False
2026-07-03 16:50:34.833984+00:00,-2.3947448543073878e-05,False
2026-07-03 16:50:34.833984+00:00,0.0,False
2026-07-04 04:01:39.032832+00:00,1.6117167489079092e-05,False
2026-07-04 04:01:39.032832+00:00,0.0,False
2026-07-04 04:01:39.033696+00:00,3.297904258041774e-12,False
2026-07-04 04:01:39.033696+00:00,0.0,False
2026-07-04 11:29:01.830624+00:00,1.6926393134117335e-05,False
2026-07-04 11:29:01.830624+00:00,0.0,False
2026-07-04 15:12:43.228224+00:00,-0.00021199469144486774,False
2026-07-04 15:12:43.228224+00:00,0.0,False
2026-07-04 17:04:33.926592+00:00,-1.0156463346752028e-05,False
2026-07-04 17:04:33.926592+00:00,0.0,False
2026-07-05 04:15:38.121120+00:00,-2.7878124471177187e-06,False
2026-07-05 04:15:38.121120+00:00,0.0,False
2026-07-05 04:15:38.122848+00:00,4.777239766046716e-05,False
2026-07-05 04:15:38.122848+00:00,0.0,False
2026-07-05 11:43:00.855840+00:00,-0.020790378570573913,False
2026-07-05 11:43:00.855840+00:00,0.0,False
2026-07-05 13:34:51.531744+00:00,0.0005365362943415373,False
2026-07-05 13:34:51.531744+00:00,0.0,False
2026-07-05 19:10:23.572416+00:00,0.00204412449696211,False
2026-07-05 19:10:23.572416+00:00,0.0,False
2026-07-06 02:37:46.263072+00:00,-6.3274707266234475e-06,False
2026-07-06 02:37:46.263072+00:00,0.0,False
2026-07-06 06:21:27.611424+00:00,-7.484477869707724e-06,False
2026-07-06 06:21:27.611424+00:00,0.0,False
2026-07-06 08:13:18.285600+00:00,2.3600577789266967e-05,False
2026-07-06 08:13:18.285600+00:00,0.0,False
2026-07-06 21:16:13.003104+00:00,8.836102522344442e-05,False
2026-07-06 21:16:13.003104+00:00,0.0,False
2026-07-07 02:51:45.028224+00:00,-5.0799080498023116e-05,False
2026-07-07 02:51:45.028224+00:00,0.0,False
2026-07-07 06:35:26.375712+00:00,-4.223361667772343e-06,False
2026-07-07 06:35:26.375712+00:00,0.0,False
2026-07-07 12:10:58.399104+00:00,6.001332139522946e-05,False
2026-07-07 12:10:58.399104+00:00,0.0,False
2026-07-07 14:02:49.073280+00:00,9.428659225263665e-06,False
2026-07-07 14:02:49.073280+00:00,0.0,False
2026-07-07 17:46:30.419904+00:00,-8.45231924134162e-06,False
2026-07-07 17:46:30.419904+00:00,0.0,False
2026-07-08 04:57:34.464096+00:00,-1.4511005547573072e-06,False
2026-07-08 04:57:34.464096+00:00,0.0,False
2026-07-08 10:33:06.484896+00:00,-6.397855217004996e-05,False
2026-07-08 10:33:06.484896+00:00,0.0,False
2026-07-08 14:16:47.831520+00:00,-0.00011753957761429959,False
2026-07-08 14:16:47.831520+00:00,0.0,False
2026-07-08 23:36:01.199808+00:00,-8.820486649430671e-05,False
2026-07-08 23:36:01.199808+00:00,0.0,False
2026-07-09 07:03:23.893056+00:00,-0.00012506041568335064,False
2026-07-09 07:03:23.893056+00:00,0.0,False
2026-07-09 20:06:18.607968+00:00,0.00017450835916303623,False
2026-07-09 20:06:18.607968+00:00,0.0,False
2026-07-10 07:17:22.649568+00:00,-9.327383466667113e-05,False
2026-07-10 07:17:22.649568+00:00,0.0,False
2026-07-10 14:44:45.343680+00:00,1.1842656134618927e-05,False
2026-07-10 14:44:45.343680+00:00,0.0,False
2026-07-10 20:20:17.361024+00:00,0.00011813780312994946,False
2026-07-10 20:20:17.361024+00:00,0.0,False
2026-07-11 03:47:40.054272+00:00,-9.947967674503904e-05,False
2026-07-11 03:47:40.054272+00:00,0.0,False
2026-07-11 03:47:40.054272+00:00,0.0,False
2026-07-11 11:15:02.744928+00:00,-7.517920110362429e-05,False
2026-07-11 11:15:02.744928+00:00,0.0,False
2026-07-11 11:15:02.744928+00:00,0.0,False
2026-07-11 18:42:25.438176+00:00,2.421406341463791e-05,False
2026-07-11 18:42:25.438176+00:00,0.0,False
2026-07-11 18:42:25.438176+00:00,0.0,False
2026-07-11 20:34:16.109760+00:00,-3.939870984051358e-05,False
2026-07-11 20:34:16.109760+00:00,0.0,False
2026-07-11 20:34:16.109760+00:00,0.0,False
2026-07-11 22:26:06.786528+00:00,4.416654587372066e-05,False
2026-07-11 22:26:06.786528+00:00,0.0,False
2026-07-11 22:26:06.786528+00:00,0.0,False
2026-07-12 04:01:38.803872+00:00,-0.00011282834664991167,False
2026-07-12 04:01:38.803872+00:00,0.0,False
2026-07-12 04:01:38.803872+00:00,0.0,False
2026-07-12 07:45:20.153088+00:00,0.00011696319501740348,False
2026-07-12 07:45:20.153088+00:00,0.0,False
2026-07-12 07:45:20.153088+00:00,0.0,False
2026-07-12 11:29:01.500576+00:00,3.724885629907394e-05,False
2026-07-12 11:29:01.500576+00:00,0.0,False
2026-07-12 11:29:01.500576+00:00,0.0,False
2026-07-12 15:12:42.847200+00:00,-6.176963394059228e-05,False
2026-07-12 15:12:42.847200+00:00,0.0,False
2026-07-12 15:12:42.847200+00:00,0.0,False
2026-07-12 20:48:14.866272+00:00,3.970228549841503e-05,False
2026-07-12 20:48:14.866272+00:00,0.0,False
2026-07-12 20:48:14.866272+00:00,0.0,False
2026-07-13 04:15:37.560384+00:00,-0.00013262094028033955,False
2026-07-13 04:15:37.560384+00:00,0.0,False
2026-07-13 04:15:37.560384+00:00,0.0,False
2026-07-13 06:07:28.232832+00:00,3.882815836327754e-06,False
2026-07-13 06:07:28.232832+00:00,0.0,False
2026-07-13 06:07:28.232832+00:00,0.0,False
2026-07-13 11:43:00.251040+00:00,-8.104155566456664e-05,False
2026-07-13 11:43:00.251040+00:00,0.0,False
2026-07-13 11:43:00.251040+00:00,0.0,False
2026-07-13 13:34:50.926080+00:00,6.326920719976296e-05,False
2026-07-13 13:34:50.926080+00:00,0.0,False
2026-07-13 13:34:50.926080+00:00,0.0,False
2026-07-13 21:02:13.615008+00:00,-1.1250669231504146e-05,False
2026-07-13 21:02:13.615008+00:00,0.0,False
2026-07-14 04:29:36.304800+00:00,-7.084251795798227e-05,False
2026-07-14 04:29:36.304800+00:00,0.0,False
2026-07-14 13:48:49.670496+00:00,9.153416875570588e-05,False
2026-07-14 13:48:49.670496+00:00,0.0,False
2026-07-14 21:16:12.355104+00:00,-7.372444652044237e-05,False
2026-07-14 21:16:12.355104+00:00,0.0,False
2026-07-14 21:16:12.355968+00:00,7.962013729192672e-06,False
2026-07-14 21:16:12.355968+00:00,0.0,False
2026-07-15 04:43:35.042304+00:00,-0.0001043292513328185,False
2026-07-15 04:43:35.042304+00:00,0.0,False
2026-07-15 14:02:48.400224+00:00,9.212234332932364e-06,False
2026-07-15 14:02:48.400224+00:00,0.0,False
2026-07-15 19:38:20.413248+00:00,-9.658714987915886e-06,False
2026-07-15 19:38:20.413248+00:00,0.0,False
2026-07-15 21:30:11.085696+00:00,-6.436588908657457e-05,False
2026-07-15 21:30:11.085696+00:00,0.0,False
2026-07-16 04:57:33.772032+00:00,1.3130779092923305e-05,False
2026-07-16 04:57:33.772032+00:00,0.0,False
2026-07-16 06:49:24.443616+00:00,-8.807808487642755e-06,False
2026-07-16 06:49:24.443616+00:00,0.0,False
2026-07-16 14:16:47.132544+00:00,6.310941740119262e-05,False
2026-07-16 14:16:47.132544+00:00,0.0,False
2026-07-16 19:52:19.145568+00:00,2.0682151951413457e-05,False
2026-07-16 19:52:19.145568+00:00,0.0,False
2026-07-17 03:19:41.831904+00:00,-0.00014809938144558658,False
2026-07-17 03:19:41.831904+00:00,0.0,False
2026-07-17 07:03:23.175936+00:00,8.02538507193592e-05,False
2026-07-17 07:03:23.175936+00:00,0.0,False
2026-07-17 14:30:45.861408+00:00,-2.6234380850481272e-05,False
2026-07-17 14:30:45.861408+00:00,0.0,False
2026-07-17 16:22:36.531264+00:00,-2.5154892686844865e-05,False
2026-07-17 16:22:36.531264+00:00,0.0,False
2026-07-17 21:58:08.545152+00:00,2.8524011040674553e-05,False
2026-07-17 21:58:08.545152+00:00,0.0,False
2026-07-18 07:17:21.900480+00:00,-2.564596022675243e-06,False
2026-07-18 07:17:21.900480+00:00,0.0,False
2026-07-18 14:44:44.580768+00:00,-0.00014152844778572915,False
2026-07-18 14:44:44.580768+00:00,0.0,False
2026-07-18 20:20:16.591200+00:00,-1.9279709962898363e-05,False
2026-07-18 20:20:16.591200+00:00,0.0,False
2026-07-18 22:12:07.262784+00:00,6.701769106850287e-06,False
2026-07-18 22:12:07.262784+00:00,0.0,False
2026-07-19 05:39:29.943936+00:00,1.4467305089324127e-05,False
2026-07-19 05:39:29.943936+00:00,0.0,False
2026-07-19 14:58:43.296672+00:00,0.00011668711332666609,False
2026-07-19 14:58:43.296672+00:00,0.0,False
2026-07-19 20:34:15.306240+00:00,-6.6979302416911795e-06,False
2026-07-19 20:34:15.306240+00:00,0.0,False
2026-07-20 05:53:28.658112+00:00,-4.422871274129279e-05,False
2026-07-20 05:53:28.658112+00:00,0.0,False
2026-07-20 15:12:42.012576+00:00,0.00015934677219272522,False
2026-07-20 15:12:42.012576+00:00,0.0,False
2026-07-20 20:48:14.023008+00:00,-6.0706941351118804e-05,False
2026-07-20 20:48:14.023008+00:00,0.0,False
2026-07-20 22:40:04.694592+00:00,-5.999388437760266e-05,False
2026-07-20 22:40:04.694592+00:00,0.0,False
2026-07-21 06:07:27.377472+00:00,2.7679471955990386e-05,False
2026-07-21 06:07:27.377472+00:00,0.0,False
2026-07-21 13:34:50.060352+00:00,2.300184700392867e-06,False
2026-07-21 13:34:50.060352+00:00,0.0,False
2026-07-22 06:21:26.095968+00:00,-7.359668418319604e-05,False
2026-07-22 06:21:26.095968+00:00,0.0,False
2026-07-22 13:48:48.777120+00:00,4.546862168355382e-05,False
2026-07-22 13:48:48.777120+00:00,0.0,False
2026-07-22 21:16:11.458272+00:00,3.078622600861107e-05,False
2026-07-22 21:16:11.458272+00:00,0.0,False
2026-07-23 06:35:24.809280+00:00,-3.109937557574053e-05,False
2026-07-23 06:35:24.809280+00:00,0.0,False
2026-07-23 14:02:47.488704+00:00,1.7152381721604156e-05,False
2026-07-23 14:02:47.488704+00:00,0.0,False
2026-07-23 15:54:38.155968+00:00,7.354757568293996e-06,False
2026-07-23 15:54:38.155968+00:00,0.0,False
2026-07-23 19:38:19.498272+00:00,5.6181325805088145e-05,False
2026-07-23 19:38:19.498272+00:00,0.0,False
2026-07-23 23:22:00.837984+00:00,-3.496186384376877e-05,False
2026-07-23 23:22:00.837984+00:00,0.0,False
2026-07-24 06:49:23.519136+00:00,0.00010573375308186156,False
2026-07-24 06:49:23.519136+00:00,0.0,False
2026-07-24 14:16:46.199424+00:00,2.3682883935466104e-05,False
2026-07-24 14:16:46.199424+00:00,0.0,False
2026-07-25 14:30:44.912736+00:00,6.585616799408445e-05,False
2026-07-25 14:30:44.912736+00:00,0.0,False
2026-07-25 21:58:07.592160+00:00,-0.0001508489163399228,False
2026-07-25 21:58:07.592160+00:00,0.0,False
2026-07-26 07:17:20.942304+00:00,1.898532242874757e-05,False
2026-07-26 07:17:20.942304+00:00,0.0,False
2026-07-26 14:44:43.620864+00:00,4.850488229620809e-05,False
2026-07-26 14:44:43.620864+00:00,0.0,False
2026-07-27 07:31:19.642656+00:00,-8.81868236613369e-05,False
2026-07-27 07:31:19.642656+00:00,0.0,False
2026-07-27 13:06:51.646176+00:00,-7.239821193231501e-05,False
2026-07-27 13:06:51.646176+00:00,0.0,False
2026-07-27 14:58:42.311712+00:00,-0.00018571434054847981,False
2026-07-27 14:58:42.311712+00:00,0.0,False
2026-07-27 20:34:14.319552+00:00,0.0001049637180832873,False
2026-07-27 20:34:14.319552+00:00,0.0,False
2026-07-28 04:01:36.994656+00:00,0.0001785692054535633,False
2026-07-28 04:01:36.994656+00:00,0.0,False
2026-07-28 22:40:03.681984+00:00,-0.00017385030777570314,False
2026-07-28 22:40:03.681984+00:00,0.0,False
2026-07-29 04:15:35.688096+00:00,0.00013653728951816383,False
2026-07-29 04:15:35.688096+00:00,0.0,False
2026-07-29 06:07:26.357088+00:00,9.201502200535688e-06,False
2026-07-29 06:07:26.357088+00:00,0.0,False
2026-07-29 22:54:02.376288+00:00,5.7594827281804494e-05,False
2026-07-29 22:54:02.376288+00:00,0.0,False
2026-07-30 04:29:34.381536+00:00,2.6498899577491527e-05,False
2026-07-30 04:29:34.381536+00:00,0.0,False
2026-07-30 19:24:19.729152+00:00,0.00013105327625378575,False
2026-07-30 19:24:19.729152+00:00,0.0,False
2026-07-31 04:43:33.064608+00:00,-0.00018483261547514568,False
2026-07-31 04:43:33.064608+00:00,0.0,False
2026-07-31 14:02:46.401792+00:00,-0.00010010334077707732,False
2026-07-31 14:02:46.401792+00:00,0.0,False
2026-07-31 19:38:18.407040+00:00,8.16098919227269e-05,False
2026-07-31 19:38:18.407040+00:00,0.0,False
2026-07-31 21:30:09.076032+00:00,1.7817631087111662e-05,False
2026-08-01 04:57:31.746816+00:00,5.2442503820953656e-05,False
2026-08-01 14:16:45.088320+00:00,0.00018920833118145185,False
2026-08-01 21:44:07.759968+00:00,-0.00015375066168038995,False
2026-08-02 03:19:39.761760+00:00,5.7895726583921894e-05,False
2026-08-02 05:11:30.431616+00:00,4.284353941885368e-06,False
2026-08-02 14:30:43.773984+00:00,0.0002038788156868083,False
2026-08-02 21:58:06.447360+00:00,-0.00014364924483281166,False
2026-08-03 14:44:42.460512+00:00,-2.0923942600117564e-05,False
2026-08-03 22:12:05.133024+00:00,1.7805911948133189e-06,False
2026-08-05 04:01:35.817888+00:00,0.00014956855896690977,False
2026-08-05 15:12:39.819744+00:00,-3.23789244822998e-05,False
2026-08-06 06:07:25.165632+00:00,0.00013734491247573046,False
2026-08-06 13:34:47.838144+00:00,0.00013664128022148876,False
2026-08-06 22:54:01.179648+00:00,-5.226505777458422e-06,False
2026-08-07 02:37:42.521952+00:00,0.0003333710534336268,False
2026-08-07 17:32:28.059648+00:00,0.014431025353316224,False
2026-08-07 19:24:18.746784+00:00,0.000157233591780872,False
2026-08-07 23:08:00.123648+00:00,0.00015049665615639304,False
2026-08-08 04:43:32.186784+00:00,6.367197683100094e-05,False
2026-08-08 06:35:22.873920+00:00,-1.0152258727136605e-05,False
2026-08-08 12:10:54.933600+00:00,5.874271680256604e-05,False
2026-08-08 14:02:45.621600+00:00,1.5085345413165195e-05,False
2026-08-08 19:38:17.682144+00:00,7.022658827045404e-06,False
2026-08-08 21:30:08.369280+00:00,1.2129753328583423e-05,False
2026-08-09 03:05:40.429824+00:00,6.184390842163126e-05,False
2026-08-09 04:57:31.118688+00:00,1.8447918087183406e-05,False
2026-08-09 12:24:53.863776+00:00,5.682642457167172e-05,False
2026-08-09 19:52:16.613184+00:00,1.993682615138822e-05,False
2026-08-10 03:19:39.352224+00:00,-0.0004975566406378902,False
2026-08-10 10:47:02.099040+00:00,2.2915048265092925e-05,False
2026-08-10 20:06:15.532128+00:00,-4.383763202020528e-05,False
2026-08-10 21:58:06.218400+00:00,2.512711525326685e-05,False
2026-08-11 03:33:38.278080+00:00,2.390085473636228e-05,False
2026-08-11 05:25:28.966080+00:00,-1.8392801423188686e-05,False
2026-08-11 12:52:51.712032+00:00,3.432699970600983e-05,False
2026-08-11 20:20:14.457984+00:00,-8.31877472358274e-05,False
2026-08-11 22:12:05.145120+00:00,2.1686105045271163e-05,False
2026-08-12 03:47:37.205664+00:00,6.886393400558401e-05,False
2026-08-12 14:58:41.321568+00:00,-7.889307672943202e-05,False
2026-08-13 04:01:36.128064+00:00,0.00014192272430208825,False
2026-08-13 20:48:12.300192+00:00,-6.44651514173135e-05,False
2026-08-13 22:40:02.985600+00:00,7.397833602968792e-05,False
2026-08-14 04:15:35.046144+00:00,9.662202875685907e-05,False
2026-08-14 07:59:16.419552+00:00,-5.7617193511245264e-05,False
2026-08-14 11:42:57.792960+00:00,0.0003045398183358436,False
2026-08-14 13:34:48.492192+00:00,0.00016221036752254488,False
2026-08-14 19:10:20.538048+00:00,-0.0004650557772650619,False
2026-08-14 21:02:11.223456+00:00,-5.3056843027270755e-05,False
2026-08-15 04:29:33.972000+00:00,5.916057939847718e-05,False
2026-08-15 06:21:24.660000+00:00,2.696730361908889e-05,False
2026-08-15 08:13:15.343680+00:00,-9.253977330954416e-05,False
2026-08-15 11:56:56.717952+00:00,0.00016115244103041132,False
2026-08-15 13:48:47.405088+00:00,-6.47282966597104e-05,False
2026-08-15 19:24:19.464768+00:00,-0.00010615063174078656,False
2026-08-15 21:16:10.151904+00:00,7.1168322522918044e-06,False
2026-08-16 04:43:32.897856+00:00,-7.902489360933083e-05,False
2026-08-16 06:35:23.585856+00:00,-1.644852295903328e-05,False
2026-08-16 14:02:46.328352+00:00,3.3233573098248266e-05,False
2026-08-16 21:30:09.075168+00:00,2.7106716118313236e-05,False
2026-08-17 06:49:22.504800+00:00,-6.938840087279718e-05,False
2026-08-17 14:16:45.242976+00:00,8.477692141803869e-05,False
2026-08-17 21:44:07.984608+00:00,-0.00013231439780808229,False
2026-08-18 07:03:21.415968+00:00,6.257276012604984e-05,False
2026-08-18 14:30:44.153280+00:00,-0.00018841122111282877,False
2026-08-18 21:58:06.895776+00:00,2.0306493708439906e-05,False
2026-08-19 03:33:38.954592+00:00,8.05434753805625e-05,False
2026-08-19 07:17:20.326272+00:00,1.538904913024577e-05,False
2026-08-19 14:44:43.069632+00:00,0.0001319986294547864,False
2026-08-19 22:12:05.811264+00:00,-4.862739490684957e-05,False
2026-08-20 07:31:19.238304+00:00,-0.00013086673770528097,False
2026-08-20 14:58:41.976480+00:00,-0.00010529811091119781,False
2026-08-20 20:34:14.031840+00:00,-1.765831154061559e-05,False
2026-08-21 05:53:27.454560+00:00,-4.302426307042956e-05,False
2026-08-21 13:20:50.185824+00:00,-0.00013405524274751906,False
2026-08-21 13:20:50.187552+00:00,5.1753241172118636e-05,False
2026-08-21 22:40:03.610272+00:00,9.967875850810937e-05,False
2026-08-22 06:07:26.348448+00:00,4.855931029415291e-05,False
2026-08-22 13:34:49.077984+00:00,-0.00010368991294451537,False
2026-08-22 15:26:39.763392+00:00,-1.5969157986748347e-05,False
2026-08-22 21:02:11.815296+00:00,9.913145977548233e-05,False
2026-08-23 06:21:25.235424+00:00,7.5383636617671915e-06,False
2026-08-23 13:48:47.967552+00:00,-0.00024659615311146716,False
2026-08-23 21:16:10.704864+00:00,-1.6041379616921242e-05,False
2026-08-24 06:35:24.130176+00:00,2.5667348255326415e-05,False
2026-08-24 12:10:56.178624+00:00,-8.255903299462578e-05,False
2026-08-24 14:02:46.864896+00:00,8.05523587217776e-06,False
2026-08-24 21:30:09.601344+00:00,1.6053021796287523e-05,False
2026-08-25 06:49:23.018880+00:00,-0.000132714199500776,False
2026-08-25 12:24:55.068192+00:00,-2.4221314798317944e-05,False
2026-08-25 14:16:45.751008+00:00,1.1540262112842852e-06,False
2026-08-25 18:00:27.120096+00:00,0.00013341680971567873,False
2026-08-25 21:44:08.486592+00:00,-7.003128615939134e-05,False
2026-08-26 03:19:40.537632+00:00,3.343036766687135e-05,False
2026-08-26 07:03:21.904992+00:00,6.089827091999153e-05,False
2026-08-26 12:38:53.949120+00:00,-0.00024556488045505834,False
2026-08-26 14:30:44.631072+00:00,-5.9401543583263114e-05,False
2026-08-26 20:06:16.682112+00:00,0.00022356299889547449,False
2026-08-26 21:58:07.364928+00:00,4.0716297329688845e-06,False
2026-08-27 03:33:39.415968+00:00,2.4849164419010056e-05,False
2026-08-27 05:25:30.099648+00:00,-1.939447387418834e-05,False
2026-08-27 14:44:43.511136+00:00,-0.00012143319042639334,False
2026-08-27 16:36:34.193952+00:00,-3.9686632432026764e-05,False
2026-08-27 18:28:24.877632+00:00,0.0001474327506967141,False
2026-08-27 22:12:06.245856+00:00,8.022177466142168e-05,False
2026-08-28 01:55:47.613216+00:00,-2.348582058571451e-05,False
2026-08-28 05:39:28.982304+00:00,3.189011412731316e-05,False
2026-08-28 13:06:51.713568+00:00,4.432019747717076e-05,False
2026-08-28 16:50:33.080064+00:00,2.0830771933746696e-05,False
2026-08-28 20:34:14.444832+00:00,-3.778389486092761e-05,False
2026-08-28 20:34:14.445696+00:00,1.7097760416878472e-12,False
2026-08-29 04:01:37.180416+00:00,-1.8390507678218365e-05,False
2026-08-29 05:53:27.866688+00:00,0.00027565428350789773,False
2026-08-29 11:28:59.903040+00:00,6.181646961284082e-05,False
2026-08-29 13:20:50.596224+00:00,-0.00021051273331825973,False
2026-08-29 20:48:13.325760+00:00,-1.3531215496320973e-05,False
2026-08-29 22:40:04.009440+00:00,1.6581533908219274e-05,False
2026-08-30 04:15:36.055296+00:00,-0.0001452848936985277,False
2026-08-30 06:07:26.737248+00:00,3.6443884996877875e-05,False
2026-08-30 11:42:58.781376+00:00,-6.263109150005285e-05,False
2026-08-30 13:34:49.464192+00:00,-1.1859957792633942e-05,False
2026-08-30 19:10:21.509184+00:00,-7.884362516102209e-05,False
2026-08-30 22:54:02.872224+00:00,1.2499362137684742e-05,False
2026-08-31 04:29:34.916352+00:00,-9.110820823126658e-05,False
2026-08-31 06:21:25.597440+00:00,2.001221835795147e-05,False
2026-08-31 11:56:57.640704+00:00,-9.964148645662623e-05,False
2026-08-31 13:48:48.323520+00:00,7.644557422235484e-06,False
2026-08-31 19:24:20.369376+00:00,3.859109860190274e-05,False
2026-08-31 23:08:01.733280+00:00,5.4830423349394896e-05,False
2026-09-01 02:51:43.098048+00:00,1.5025490522564518e-05,False
2026-09-01 04:43:33.779136+00:00,-3.2321821334857695e-05,False
2026-09-01 06:35:24.459360+00:00,-8.472347160987226e-06,False
2026-09-01 10:19:05.820672+00:00,-1.6960813861154163e-05,False
2026-09-01 14:02:47.185440+00:00,-6.078527253066005e-05,False
2026-09-01 21:30:09.909792+00:00,-0.00010569678394907442,False
2026-09-02 06:49:23.315232+00:00,-7.163806632212793e-05,False
2026-09-02 12:24:55.360224+00:00,2.8641636160068728e-05,False
2026-09-02 14:16:46.042176+00:00,3.082465310677934e-05,False
2026-09-02 21:44:08.763936+00:00,3.848526814138328e-06,False
2026-09-03 03:19:40.804608+00:00,-0.00012495004725186575,False
2026-09-03 07:03:22.164192+00:00,-2.085490274933849e-05,False
2026-09-03 14:30:44.887680+00:00,0.00010407592194783804,False
2026-09-03 16:22:35.567040+00:00,5.25491902869453e-06,False
2026-09-03 20:06:16.928352+00:00,1.900851022685587e-05,False
2026-09-03 21:58:07.608576+00:00,-1.827957303425143e-05,False
2026-09-04 03:33:39.646656+00:00,2.8386803477825806e-05,False
2026-09-04 07:17:21.007104+00:00,3.4837126545309013e-05,False
2026-09-04 14:44:43.728000+00:00,-7.836943398325331e-05,False
2026-09-04 14:44:43.728864+00:00,1.4328943934464006e-12,False
2026-09-04 20:20:15.770400+00:00,4.5483618973424475e-05,False
2026-09-04 22:12:06.451488+00:00,2.716304027190726e-05,False
2026-09-05 03:47:38.493024+00:00,1.8708122037929964e-05,False
2026-09-05 07:31:19.853472+00:00,-8.614636179738933e-06,False
2026-09-05 13:06:51.895008+00:00,-0.00011269877951102558,False
2026-09-05 14:58:42.577824+00:00,-8.472876747901645e-06,False
2026-09-05 20:34:14.616768+00:00,-2.169194733220234e-05,False
2026-09-05 22:26:05.299584+00:00,3.536077572907276e-05,False
2026-09-06 04:01:37.341984+00:00,4.6981282437676934e-05,False
2026-09-06 05:53:28.022208+00:00,-1.2290884279831748e-05,False
2026-09-06 11:29:00.063744+00:00,-5.587183245382924e-06,False
2026-09-06 15:12:41.425920+00:00,2.8718865838572665e-06,False
2026-09-06 20:48:13.465728+00:00,4.66241666011868e-05,False
2026-09-06 22:40:04.146816+00:00,3.7406329400941705e-06,False
2026-09-07 04:15:36.184896+00:00,-0.00013613056613414736,False
2026-09-07 06:07:26.864256+00:00,7.742008294912308e-06,False
2026-09-07 13:34:49.583424+00:00,-0.00011583637184609881,False
2026-09-07 21:02:12.300864+00:00,-2.92543355112791e-05,False
2026-09-08 06:21:25.702848+00:00,0.00037163378889663526,False
2026-09-08 11:56:57.740064+00:00,-0.0001446883855339228,False
2026-09-08 13:48:48.421152+00:00,3.250920278644919e-05,False
2026-09-08 21:16:11.136864+00:00,-0.0001511012200503146,False
2026-09-09 04:43:33.855168+00:00,4.259553303117277e-05,False
2026-09-09 06:35:24.534528+00:00,6.3743994621323e-05,False
2026-09-09 12:10:56.572608+00:00,-0.00010357115713866796,False
2026-09-09 14:02:47.253696+00:00,3.209207636339029e-05,False
2026-09-09 21:30:09.971136+00:00,-1.3638073565305601e-05,False
2026-09-10 04:57:32.686848+00:00,-4.2144151940578935e-05,False
2026-09-10 06:49:23.367072+00:00,2.379346976721785e-05,False
2026-09-10 14:16:46.085376+00:00,-3.242225252167903e-05,False
2026-09-10 16:08:36.763872+00:00,1.1958433073438094e-05,False
2026-09-10 19:52:18.120864+00:00,-4.774797317512503e-05,False
2026-09-10 21:44:08.801088+00:00,-3.172682634973202e-05,False
2026-09-11 03:19:40.835712+00:00,2.0811608589125304e-05,False
2026-09-11 05:11:31.514208+00:00,2.4229365291815e-05,False
2026-09-11 14:30:44.907552+00:00,-7.173241145477414e-06,False
2026-09-11 20:06:16.939584+00:00,-6.294002739366102e-05,False
2026-09-11 21:58:07.618944+00:00,-1.9566783051687865e-05,False
2026-09-12 03:33:39.650112+00:00,-7.541636332181661e-05,False
2026-09-12 07:17:21.005376+00:00,5.16222652539349e-05,False
2026-09-12 20:20:15.751392+00:00,3.93550784483707e-05,False
2026-09-12 22:12:06.429888+00:00,-3.5880005343768744e-05,False
2026-09-13 03:47:38.462784+00:00,0.00016302830088658882,False
2026-09-13 05:39:29.141280+00:00,3.571603079703145e-05,False
2026-09-13 11:15:01.174176+00:00,-9.240994083828429e-05,False
2026-09-13 13:06:51.852672+00:00,-4.279533659062059e-06,False
2026-09-13 20:34:14.563200+00:00,-4.9162087553193605e-05,False
2026-09-13 22:26:05.240832+00:00,-8.788933377764705e-05,False
2026-09-14 04:01:37.273728+00:00,0.00011571835289882485,False
2026-09-14 05:53:27.951360+00:00,-1.1826722891724062e-05,False
2026-09-14 13:20:50.664480+00:00,8.473604902502286e-06,False
2026-09-14 18:56:22.694784+00:00,-6.098721833673671e-05,False
2026-09-14 22:40:04.051776+00:00,-2.5662076602041394e-05,False
2026-09-15 06:07:26.760576+00:00,5.629086161207105e-05,False
2026-09-15 11:42:58.794336+00:00,0.0001059232267413607,False
2026-09-15 13:34:49.471968+00:00,3.140555348899711e-05,False
2026-09-15 22:54:02.857536+00:00,-2.0621633325700007e-05,False
2026-09-16 06:21:25.564608+00:00,8.859088820186407e-05,False
2026-09-16 21:16:10.981344+00:00,-8.006521700031472e-05,False
2026-09-17 06:35:24.365184+00:00,3.78522296502754e-05,False
2026-09-17 14:02:47.074848+00:00,-8.567286889909375e-05,False
2026-09-17 23:22:00.463008+00:00,-9.300245461307796e-07,False
2026-09-18 04:57:32.495040+00:00,0.0001613234078093458,False
2026-09-18 06:49:23.173536+00:00,-8.727480588412654e-06,False
2026-09-18 14:16:45.886656+00:00,4.8510472992758324e-05,False
2026-09-18 16:08:36.563424+00:00,-8.733487906291921e-06,False
2026-09-18 19:52:17.918688+00:00,3.838652759895762e-05,False
2026-09-18 21:44:08.598048+00:00,-4.654526011756394e-06,False
2026-09-19 05:11:31.305120+00:00,-3.458754844458001e-05,False
2026-09-19 07:03:21.982752+00:00,2.715193753196884e-05,False
2026-09-19 12:38:54.015648+00:00,-3.0224613305290506e-05,False
2026-09-19 18:14:26.047680+00:00,4.95332913750704e-05,False
2026-09-19 21:58:07.403808+00:00,-1.314644253701244e-05,False
2026-09-20 03:33:39.432384+00:00,2.629838830543575e-05,False
2026-09-20 12:52:52.815360+00:00,-0.00016626935536479887,False
2026-09-20 12:52:52.815360+00:00,0.0,False
2026-09-20 20:20:15.522432+00:00,-4.2983436355401334e-05,False
2026-09-20 22:12:06.200064+00:00,3.510572607374309e-05,False
2026-09-21 07:31:19.582176+00:00,0.0001965176565967466,False
2026-09-21 13:06:51.612480+00:00,-5.8092048230428175e-05,False
2026-09-21 22:26:04.996320+00:00,3.606482353334639e-05,False
2026-09-22 05:53:27.702528+00:00,7.856115190479484e-05,False
2026-09-22 13:20:50.408736+00:00,-0.00012151252140186488,False
2026-09-22 20:48:13.116672+00:00,0.00012193080062279638,False
2026-09-23 06:07:26.497056+00:00,1.97876824064917e-06,False
2026-09-23 13:34:49.203264+00:00,-0.00018494652751418843,False
2026-09-23 22:54:02.582784+00:00,-4.375413985627625e-05,False
2026-09-24 02:37:43.931136+00:00,4.2537345342364287e-05,False
2026-09-24 06:21:25.284672+00:00,3.84927811333513e-05,False
2026-09-24 21:16:10.687584+00:00,5.761672853598806e-05,False
2026-09-25 04:43:33.383424+00:00,-0.0001244708659768816,False
2026-09-25 12:10:56.087040+00:00,-2.7844550037178144e-05,False
2026-09-25 19:38:18.788064+00:00,0.00016474670502106015,False
2026-09-25 21:30:09.463968+00:00,-8.537971311891946e-05,False
2026-09-26 03:05:41.487360+00:00,0.00014408389219241585,False
2026-09-26 06:49:22.836576+00:00,-4.124650465539281e-05,False
2026-09-26 12:24:54.861696+00:00,-6.397143227236888e-05,False
2026-09-26 14:16:45.538464+00:00,7.27871844250156e-05,False
2026-09-26 21:44:08.242944+00:00,6.767601824773788e-05,False
2026-09-27 03:19:40.267200+00:00,8.209766977740687e-05,False
2026-09-27 05:11:30.943968+00:00,2.0587463879001042e-05,False
2026-09-28 05:25:29.724672+00:00,8.201087847513913e-05,False
2026-09-28 12:52:52.430016+00:00,6.883544416325553e-06,False
2026-09-29 03:47:37.831200+00:00,0.00016154418879812715,False
2026-09-29 13:06:51.209856+00:00,1.762663245706734e-05,False
2026-09-29 18:42:23.232384+00:00,1.9150737478644225e-05,False
2026-09-30 04:01:36.609312+00:00,0.0001448674444361945,False
2026-09-30 13:20:49.988832+00:00,-0.00013466242512749798,False
2026-09-30 22:40:03.367488+00:00,3.3181307056555725e-05,False
2026-10-01 00:31:54.044256+00:00,3.4123240154955836e-06,False
2026-10-01 13:34:48.776448+00:00,3.196112318834269e-05,False
2026-10-01 22:54:02.157696+00:00,4.697577664760458e-05,False
2026-10-02 06:21:24.857856+00:00,-0.00015237728007759364,False
2026-10-02 13:48:47.558880+00:00,0.00010162419531891302,False
2026-10-02 23:08:00.935808+00:00,0.00012571350417892198,False
2026-10-03 06:35:23.627328+00:00,0.00023492030209992047,False
2026-10-03 14:02:46.333536+00:00,-0.0002855679607325847,False
2026-10-03 23:21:59.707872+00:00,4.0069658821175815e-05,False
2026-10-04 06:49:22.406304+00:00,-0.00013334556535030942,False
2026-10-04 12:24:54.429696+00:00,9.670659221216793e-06,False
2026-10-04 14:16:45.105600+00:00,6.213842391589153e-05,False
2026-10-04 23:35:58.481664+00:00,0.00010007740195557943,False
2026-10-05 07:03:21.181824+00:00,-0.00016344951197183897,False
2026-10-05 14:30:43.883712+00:00,0.00018630236339714363,False
2026-10-05 21:58:06.583008+00:00,3.497773538456708e-05,False
2026-10-06 05:25:29.277984+00:00,-1.1893125787757905e-05,False
2026-10-06 07:17:19.954752+00:00,5.937547742497439e-06,False
2026-10-06 14:44:42.651456+00:00,2.385502726259563e-05,False
