epoch,drag_resid_da,reentry
2017-08-24 21:54:14.327712+00:00,0.3918795087537883,False
2017-08-24 22:01:28.865280+00:00,3.4927413327033707,False
2017-08-25 02:34:19.425792+00:00,-0.029803532338813287,False
2017-08-25 04:41:08.514816+00:00,0.004487352037098637,False
2017-08-25 05:52:57.656064+00:00,0.007092316114924446,False
2017-08-25 07:32:16.593216+00:00,0.002344098666793264,False
2017-08-25 12:30:14.181408+00:00,0.0042443762599849244,False
2017-08-25 20:46:49.880640+00:00,0.009462238159407546,False
2017-08-26 03:24:06.530400+00:00,0.0012632529506444163,False
2017-08-26 11:40:42.235680+00:00,0.0016267526996405148,False
2017-08-26 13:20:01.378464+00:00,-0.00010272667041737741,False
2017-08-26 19:57:17.934912+00:00,0.000418556997725518,False
2017-08-26 21:36:37.095840+00:00,0.000799761374069827,False
2017-08-27 04:13:53.679072+00:00,-0.00042584005189372643,False
2017-08-27 07:32:31.953408+00:00,6.97766794055265e-05,False
2017-08-27 14:09:48.521088+00:00,0.0001873099280968217,False
2017-08-27 19:07:45.949440+00:00,0.000407658396542004,False
2017-08-27 20:47:05.097408+00:00,4.2801515525520275e-05,False
2017-08-28 05:03:40.798368+00:00,6.924876884821448e-05,False
2017-08-28 11:40:57.368640+00:00,0.00022798177623160968,False
2017-08-28 19:57:33.081696+00:00,0.0020824410684171756,False
2017-08-29 02:34:49.696032+00:00,-0.0014730809832409683,False
2017-08-29 04:14:08.790432+00:00,0.00016740689883314885,False
2017-08-29 19:08:01.091904+00:00,0.0009372584185805288,False
2017-08-30 05:03:55.946016+00:00,-0.0011259298988568524,False
2017-08-30 14:59:50.743968+00:00,0.00034354917946677506,False
2017-08-31 02:35:04.738272+00:00,-0.00011421164577175738,False
2017-08-31 04:14:23.862912+00:00,-0.000592009047868259,False
2017-08-31 15:49:37.821792+00:00,0.00030543701030689004,False
2017-09-01 05:04:10.949376+00:00,-0.0015600990634807078,False
2017-09-01 18:18:43.964640+00:00,0.00033408100378474765,False
2017-09-02 02:35:19.673376+00:00,0.0003478802655453615,False
2017-09-02 07:33:17.091360+00:00,0.0006103440640036965,False
2017-09-02 19:08:31.096896+00:00,0.0004154987326926066,False
2017-09-03 03:25:06.793536+00:00,0.0002593315539666751,False
2017-09-03 06:43:45.069600+00:00,8.037630466247803e-05,False
2017-09-03 18:18:59.038848+00:00,0.00041170587017606874,False
2017-09-04 02:35:34.745856+00:00,0.0001177519835159393,False
2017-09-04 10:52:10.410528+00:00,-0.0001159463126690305,False
2017-09-04 19:08:46.099392+00:00,-9.67113494927289e-06,False
2017-09-05 03:25:21.821952+00:00,0.0005546877144297691,False
2017-09-05 10:02:38.344704+00:00,-1.5672410011171656e-05,False
2017-09-05 18:19:14.009376+00:00,-0.0007358299211873021,False
2017-09-06 02:35:49.689600+00:00,0.0004750756085490973,False
2017-09-06 10:52:25.330080+00:00,-0.0001403038777046096,False
2017-09-06 19:09:00.985248+00:00,-0.000664497662213511,False
2017-09-07 10:02:53.094912+00:00,-0.0003999431311799307,False
2017-09-07 18:19:28.758720+00:00,-0.00021435625729744346,False
2017-09-08 02:36:04.447584+00:00,0.00038969399676179705,False
2017-09-08 10:52:40.071648+00:00,-0.0017694843764446933,False
2017-09-08 19:09:15.704352+00:00,0.000930935513230287,False
2017-09-09 03:25:51.420000+00:00,-0.002858243781025397,False
2017-09-09 10:03:07.866720+00:00,0.00040170307124361,False
2017-09-09 18:19:43.522752+00:00,0.004359102275847999,False
2017-09-10 02:36:19.234080+00:00,-0.003463354524012135,False
2017-09-10 10:52:54.838272+00:00,-0.0013390281782869127,False
2017-09-10 19:09:30.421728+00:00,-7.141594795656716e-05,False
2017-09-11 03:26:06.133056+00:00,0.0017556903202471455,False
2017-09-11 10:03:22.621248+00:00,0.0003610916669135579,False
2017-09-11 18:19:58.223712+00:00,0.0019174564380675292,False
2017-09-12 10:53:09.518496+00:00,-0.0021681765725632897,False
2017-09-12 19:09:45.131328+00:00,-0.0001575723402830818,False
2017-09-13 10:03:37.260000+00:00,2.1316256419151493e-05,False
2017-09-13 18:20:12.871968+00:00,0.00021322144964235746,False
2017-09-14 07:34:45.895872+00:00,0.00021130209192156673,False
2017-09-14 10:53:24.134784+00:00,-6.003902262863265e-05,False
2017-09-14 19:09:59.739840+00:00,-0.00037396237771074385,False
2017-09-15 03:26:35.390688+00:00,0.0006400764296826505,False
2017-09-15 11:43:11.000064+00:00,5.490458822343246e-05,False
2017-09-15 18:20:27.486528+00:00,0.0002825745317772107,False
2017-09-16 09:14:19.608288+00:00,0.0005222718294177239,False
2017-09-16 19:10:14.331072+00:00,-0.0002493751736927229,False
2017-09-17 03:26:49.971552+00:00,0.0008343630287684059,False
2017-09-17 11:43:25.570560+00:00,0.00028223892600737135,False
2017-09-17 18:20:42.054432+00:00,6.79896593834258e-05,False
2017-09-18 02:37:17.695776+00:00,0.0008820806656213127,False
2017-09-18 10:53:53.294784+00:00,0.0001221927687645122,False
2017-09-18 19:10:28.891200+00:00,0.00013206874809289432,False
2017-09-19 03:27:04.510944+00:00,0.0004800256149586892,False
2017-09-19 11:43:40.104768+00:00,0.00029338483844953685,False
2017-09-19 18:20:56.585184+00:00,6.831125598082632e-05,False
2017-09-20 10:54:07.774560+00:00,0.00043236072169669396,False
2017-09-20 19:10:43.368384+00:00,-0.00022540184193986187,False
2017-09-21 10:04:35.436576+00:00,0.0005667761384994843,False
2017-09-21 15:02:32.793216+00:00,-0.0001913302121654941,False
2017-09-21 20:00:30.144672+00:00,0.0006229136688144901,False
2017-09-22 04:17:05.782560+00:00,0.0004937604199945469,False
2017-09-22 12:33:41.365152+00:00,0.00020597131168546227,False
2017-09-22 20:50:16.945152+00:00,0.00028947540261838343,False
2017-09-23 05:06:52.565760+00:00,0.00022559350813019418,False
2017-09-23 11:44:09.032352+00:00,0.00026154230677302015,False
2017-09-23 20:00:44.613216+00:00,0.0004123841555938898,False
2017-09-24 04:17:20.227776+00:00,0.00012653963036771089,False
2017-09-24 12:33:55.793952+00:00,0.00015586435119941511,False
2017-09-24 20:50:31.360128+00:00,0.00025535032228326876,False
2017-09-25 05:07:06.975552+00:00,-0.00017415724364918306,False
2017-09-25 11:44:23.391168+00:00,0.00025213757522518567,False
2017-09-25 20:00:58.971168+00:00,0.0003970054602192759,False
2017-09-26 04:17:34.570176+00:00,0.00022511229813479406,False
2017-09-26 12:34:10.138080+00:00,0.0002940027195103755,False
2017-09-26 20:50:45.717216+00:00,0.00035720657562869716,False
2017-09-27 05:07:21.317952+00:00,0.0001788891112267309,False
2017-09-27 11:44:37.760352+00:00,0.00036073295355045724,False
2017-09-27 20:01:13.329120+00:00,0.004487538878253436,False
2017-09-28 04:17:48.904800+00:00,-0.0021859940749071795,False
2017-09-28 12:34:24.417408+00:00,-0.0037087260083494963,False
2017-09-28 19:11:40.871904+00:00,0.003234641317048554,False
2017-09-29 05:07:35.645664+00:00,-0.0025171465720852286,False
2017-09-29 11:44:51.999072+00:00,0.001558862292236395,False
2017-09-29 20:01:27.576480+00:00,0.004145883395359864,False
2017-09-30 04:18:03.178080+00:00,-0.0041520511702159745,False
2017-09-30 12:34:38.681184+00:00,-0.002861341378525479,False
2017-09-30 19:11:55.099392+00:00,0.003359266493810764,False
2017-10-01 05:07:49.897344+00:00,0.0010223687189701892,False
2017-10-01 11:45:06.331104+00:00,0.00019890845264938458,False
2017-10-01 20:01:41.881728+00:00,0.0004368980142185888,False
2017-10-02 04:18:17.458272+00:00,0.00015672281374619443,False
2017-10-02 12:34:52.999392+00:00,0.00017491575316502285,False
2017-10-02 20:51:28.542240+00:00,0.00028249006702388155,False
2017-10-03 05:08:04.101504+00:00,0.00016895404085193812,False
2017-10-03 08:26:42.308448+00:00,0.00014230366329445545,False
2017-10-03 11:45:20.528352+00:00,5.379271387408023e-05,False
2017-10-03 20:01:56.062560+00:00,0.00023878190028990808,False
2017-10-04 12:35:07.150848+00:00,4.3294118096368875e-05,False
2017-10-04 20:51:42.669504+00:00,0.000355006916300822,False
2017-10-05 20:02:10.142304+00:00,0.0005437281772968008,False
2017-10-06 09:16:43.027968+00:00,0.0005233308603490232,False
2017-10-06 12:35:21.241824+00:00,4.9578752439951104e-05,False
2017-10-06 20:51:56.758752+00:00,0.00031621978849005994,False
2017-10-07 05:08:32.321472+00:00,0.00021207650465796804,False
2017-10-07 11:45:48.729312+00:00,0.00034966412300244955,False
2017-10-07 20:02:24.254016+00:00,0.000419246118810467,False
2017-10-08 04:18:59.808960+00:00,0.0003635514287362517,False
2017-10-08 12:35:35.324160+00:00,0.0003083311188374443,False
2017-10-08 20:52:10.836768+00:00,0.00025782943179656633,False
2017-10-09 05:08:46.387392+00:00,0.00018302313912037216,False
2017-10-09 13:25:21.889632+00:00,0.0003103707438628677,False
2017-10-09 20:02:38.304384+00:00,0.0005077167054125491,False
2017-10-10 04:19:13.832544+00:00,0.00019061161952442388,False
2017-10-10 12:35:49.346880+00:00,0.00019151227629942487,False
2017-10-10 19:13:05.753856+00:00,0.0002874661533100118,False
2017-10-11 03:29:41.287200+00:00,0.0003057904307178926,False
2017-10-11 11:46:16.793760+00:00,0.00013524512870235822,False
2017-10-11 20:02:52.291680+00:00,0.00019773340271085345,False
2017-10-12 04:19:27.825888+00:00,0.00022630141879985107,False
2017-10-12 09:17:25.116000+00:00,0.00011801860006070789,False
2017-10-12 12:36:03.312576+00:00,-5.663330842428847e-05,False
2017-10-12 17:34:00.607008+00:00,-0.00012519969759983482,False
2017-10-12 19:13:19.697952+00:00,0.00041846895552003817,False
2017-10-13 03:29:55.232160+00:00,-0.0002852569081081512,False
2017-10-13 11:46:30.674784+00:00,0.00029191819367321354,False
2017-10-13 20:03:06.126912+00:00,0.005098941994556427,False
2017-10-14 01:01:03.515520+00:00,-0.0023625689945830732,False
2017-10-14 09:17:38.967648+00:00,-0.0011228868595593738,False
2017-10-14 12:36:17.153856+00:00,-0.00076341430268671,False
2017-10-15 03:30:09.080352+00:00,0.002352858591820845,False
2017-10-15 11:46:44.575680+00:00,-8.28802373212865e-05,False
2017-10-15 20:03:20.031264+00:00,0.0004618201969911191,False
2017-10-16 04:19:55.567200+00:00,-0.0012005200601172144,False
2017-10-16 10:57:11.907648+00:00,-0.0022835147110665216,False
2017-10-16 19:13:47.411616+00:00,0.003524731499146549,False
2017-10-17 03:30:22.976928+00:00,0.0003561371724460042,False
2017-10-17 10:07:39.363168+00:00,0.0003377493305052512,False
2017-10-17 18:24:14.848128+00:00,0.00022344199953023777,False
2017-10-18 04:20:09.462912+00:00,0.0007248944602319124,False
2017-10-18 10:57:25.838784+00:00,9.078720207957751e-05,False
2017-10-18 19:14:01.309056+00:00,0.00033505734691026916,False
2017-10-19 03:30:36.815616+00:00,0.00047235777881500876,False
2017-10-19 08:28:34.098816+00:00,0.00015058005625296386,False
2017-10-19 10:07:53.189760+00:00,9.803514968865057e-05,False
2017-10-19 15:05:50.479872+00:00,2.577240580217829e-06,False
2017-10-19 18:24:28.666944+00:00,0.0001711950548375772,False
2017-10-20 04:20:23.253216+00:00,0.0005384043401742906,False
2017-10-20 10:57:39.617856+00:00,0.00012261577568336988,False
2017-10-20 19:14:15.082944+00:00,0.00021365646496087867,False
2017-10-21 03:30:50.578272+00:00,0.0004549744813605764,False
2017-10-21 10:08:06.943776+00:00,0.0002998150456069962,False
2017-10-21 20:04:01.504128+00:00,0.00013319804096251296,False
2017-10-22 04:20:36.989088+00:00,3.2244376778655976e-06,False
2017-10-22 10:57:53.317440+00:00,0.00037947425809026306,False
2017-10-22 19:14:28.778208+00:00,0.000238984134280099,False
2017-10-23 03:31:04.264896+00:00,0.0002646166869694634,False
2017-10-23 11:47:39.720480+00:00,0.00040117146388318406,False
2017-10-23 18:24:56.081664+00:00,2.088484943080362e-05,False
2017-10-24 04:20:50.652384+00:00,0.0004650323001128816,False
2017-10-24 10:58:07.010112+00:00,0.00021501810124239894,False
2017-10-24 19:14:42.455328+00:00,0.00019202325683248978,False
2017-10-25 03:31:17.921280+00:00,0.00013238987157818344,False
2017-10-25 11:47:53.366496+00:00,0.00037413619526586376,False
2017-10-25 18:25:09.721632+00:00,-8.206297198547468e-05,False
2017-10-26 04:21:04.239648+00:00,-0.00038493929352856175,False
2017-10-26 10:58:20.575776+00:00,0.00014810408877531574,False
2017-10-26 15:56:17.839968+00:00,-0.0004923207733976863,False
2017-10-26 19:14:55.982976+00:00,-0.0006357022137565697,False
2017-10-27 03:31:31.374624+00:00,-0.0012436090249792384,False
2017-10-27 10:08:47.590656+00:00,-0.0014341081370559667,False
2017-10-27 18:25:22.895904+00:00,-0.0061681319450496,False
2017-10-28 04:21:16.975008+00:00,-0.008052771184433656,False
2017-10-28 10:58:32.750400+00:00,-0.004572362201229991,False
2017-10-28 19:15:07.861248+00:00,-0.0055418369378918515,False
2017-10-29 03:31:42.915072+00:00,-0.004123974315843143,False
2017-10-29 11:48:18.018144+00:00,-0.0031463096665561804,False
2017-10-29 20:04:53.120352+00:00,-0.004308802475962704,False
2017-10-30 04:21:28.220832+00:00,-0.0029934942438176464,False
2017-10-30 10:58:44.243328+00:00,-0.0027824350726654437,False
2017-10-30 19:15:19.325664+00:00,-0.002720912688506141,False
2017-10-31 03:31:54.465888+00:00,-0.0020344690031965477,False
2017-10-31 11:48:29.566368+00:00,-0.0013310529965336335,False
2017-10-31 18:25:45.656256+00:00,-0.0015380921332962681,False
2017-11-01 04:21:39.780288+00:00,-0.0007049556947504112,False
2017-11-01 10:58:55.928064+00:00,3.766268981155401e-05,False
2017-11-01 19:15:31.037184+00:00,-0.0010367364190979394,False
2017-11-02 03:32:06.205056+00:00,0.002661265021896976,False
2017-11-02 08:30:03.368160+00:00,0.00033741738372794586,False
2017-11-02 11:48:41.453280+00:00,0.0005017356184066346,False
2017-11-02 15:07:19.512480+00:00,0.00024199178081996863,False
2017-11-02 18:25:57.566496+00:00,0.0011539191733827133,False
2017-11-03 04:21:51.878016+00:00,0.00324060567752853,False
2017-11-03 10:59:08.074176+00:00,0.0015586537952586817,False
2017-11-03 19:15:43.231680+00:00,0.004455860958848446,False
2017-11-04 03:32:18.544704+00:00,0.002330006317089214,False
2017-11-04 11:48:53.759232+00:00,0.002604427825369877,False
2017-11-04 18:26:09.955392+00:00,0.0032420367974388587,False
2017-11-05 04:22:04.279008+00:00,0.0009946071812221,False
2017-11-05 10:59:20.401728+00:00,0.0002785060530767067,False
2017-11-05 19:15:55.575648+00:00,0.002173965528413047,False
2017-11-06 03:32:30.808320+00:00,0.0009118184855338556,False
2017-11-06 10:09:46.943136+00:00,0.0004574711537181411,False
2017-11-06 20:05:41.141472+00:00,0.0002640340468412017,False
2017-11-07 04:22:16.336128+00:00,0.00013590262076962882,False
2017-11-07 10:59:32.432064+00:00,0.00016836211102041722,False
2017-11-07 19:16:07.587840+00:00,0.0001480858012495492,False
2017-11-08 03:32:42.690048+00:00,-0.0029356806450394368,False
2017-11-08 11:49:17.842368+00:00,0.0035283298465818985,False
2017-11-08 18:26:33.972000+00:00,0.003629292114971725,False
2017-11-09 04:22:28.243776+00:00,-0.0032050660223751424,False
2017-11-09 07:41:06.236448+00:00,-0.0011042155111983818,False
2017-11-09 10:59:44.287872+00:00,-0.0006437934088474868,False
2017-11-09 19:16:19.416000+00:00,0.0036555226978032605,False
2017-11-10 03:32:54.646944+00:00,-0.0044994765070204305,False
2017-11-10 11:49:29.739648+00:00,0.0019623158158536117,False
2017-11-10 18:26:45.872736+00:00,0.0038545143027724554,False
2017-11-11 04:22:40.163520+00:00,-0.0009634446214976921,False
2017-11-11 10:59:56.277600+00:00,-0.0006158870608878209,False
2017-11-11 19:16:31.419552+00:00,0.00013222585791360797,False
2017-11-12 03:33:06.596928+00:00,0.0004548098880033126,False
2017-11-12 11:49:41.742336+00:00,0.00023435406682241976,False
2017-11-12 20:06:16.886880+00:00,0.0003060752496869161,False
2017-11-13 04:22:52.072032+00:00,0.0003966252904982466,False
2017-11-13 11:00:08.172288+00:00,0.00017230619860082356,False
2017-11-13 19:16:43.310784+00:00,0.0003209836392186045,False
2017-11-14 03:33:18.488160+00:00,0.00036595641270298135,False
2017-11-14 11:49:53.627520+00:00,0.000312377878850097,False
2017-11-14 18:27:09.735552+00:00,0.00019392905060336456,False
2017-11-15 04:23:03.946848+00:00,0.0006022211214870196,False
2017-11-15 11:00:20.054016+00:00,0.00025695499144008925,False
2017-11-15 19:16:55.182144+00:00,0.0003534128439839364,False
2017-11-16 03:33:30.356064+00:00,0.000349293416171499,False
2017-11-16 08:31:27.436224+00:00,0.0002750757925904008,False
2017-11-16 11:50:05.498016+00:00,0.0001383870425877459,False
2017-11-16 20:06:40.635648+00:00,0.000207160919297809,False
2017-11-17 04:23:15.808704+00:00,0.00034364517709698,False
2017-11-17 11:00:31.883904+00:00,0.0003428547200893998,False
2017-11-17 19:17:07.024992+00:00,0.0004488195256522398,False
2017-11-18 03:33:42.198912+00:00,0.0004020325643246967,False
2017-11-18 11:50:17.340864+00:00,0.00033931352912140933,False
2017-11-18 20:06:52.481088+00:00,0.0002762509127342821,False
2017-11-19 04:23:27.639456+00:00,0.00039605936647213143,False
2017-11-19 11:00:43.747488+00:00,0.00020218194465164598,False
2017-11-19 19:17:18.884256+00:00,0.00018032669200181297,False
2017-11-20 03:33:54.034848+00:00,0.0003846866892539002,False
2017-11-20 11:50:29.175936+00:00,0.00040054788631956853,False
2017-11-20 18:27:45.283104+00:00,0.00010187672018204663,False
2017-11-21 04:23:39.482304+00:00,0.0005551329987079467,False
2017-11-21 11:00:55.580832+00:00,0.0001980738950745948,False
2017-11-21 19:17:30.707232+00:00,0.00012678425200512023,False
2017-11-22 03:34:05.872512+00:00,0.0002593536785870459,False
2017-11-22 11:50:40.992864+00:00,0.00023295766759642665,False
2017-11-22 18:27:57.087072+00:00,7.13972539633e-05,False
2017-11-23 04:23:51.281952+00:00,0.0002500531039546247,False
2017-11-23 11:01:07.360608+00:00,0.00014182470447945316,False
2017-11-23 19:17:42.481824+00:00,0.00016811389918704303,False
2017-11-24 03:34:17.641920+00:00,0.0003885426125793577,False
2017-11-24 10:11:33.740448+00:00,0.00028356128283619077,False
2017-11-24 18:28:08.873760+00:00,-2.3844382374652094e-05,False
2017-11-25 04:24:03.043584+00:00,-0.00018919562330444914,False
2017-11-25 11:01:19.089408+00:00,0.00018362032185373903,False
2017-11-25 19:17:54.206304+00:00,0.0003498133480482551,False
2017-11-26 03:34:29.376768+00:00,0.0004427741016216053,False
2017-11-26 10:11:45.470112+00:00,0.00035791360221416803,False
2017-11-26 18:28:20.588736+00:00,8.935432216436619e-05,False
2017-11-27 04:24:14.783616+00:00,0.0006188530448100173,False
2017-11-27 11:01:30.871776+00:00,9.426862402971001e-05,False
2017-11-27 19:18:05.984352+00:00,0.0003547487200437639,False
2017-11-28 03:34:41.148768+00:00,-2.5432669264330624e-05,False
2017-11-28 10:11:57.204960+00:00,0.0004519109461283071,False
2017-11-28 18:28:32.331360+00:00,0.0003853813270927269,False
2017-11-29 04:24:26.525376+00:00,0.0007221107830016826,False
2017-11-29 11:01:42.622176+00:00,0.00011325098620410277,False
2017-11-29 19:18:17.739072+00:00,0.00044840117422482567,False
2017-11-30 03:34:52.904352+00:00,0.00020856841474579013,False
2017-11-30 06:53:30.925536+00:00,0.00016791262661744794,False
2017-11-30 10:12:08.978688+00:00,0.00021430677573683451,False
2017-11-30 18:28:44.109408+00:00,0.00026619260604749377,False
2017-12-01 04:24:38.272320+00:00,0.00034177704050125136,False
2017-12-01 11:01:54.350112+00:00,0.0002590882495819114,False
2017-12-01 19:18:29.477376+00:00,0.0005610128053765324,False
2017-12-02 03:35:04.637472+00:00,0.00041572711853885843,False
2017-12-02 10:12:20.738592+00:00,0.00026973874442699476,False
2017-12-02 18:28:55.864992+00:00,0.00025125750391059637,False
2017-12-03 04:24:50.046912+00:00,0.000525221712311768,False
2017-12-03 11:02:06.143712+00:00,0.00035499672657776784,False
2017-12-03 19:18:41.260608+00:00,0.0004441513448413487,False
2017-12-04 03:35:16.428480+00:00,0.0005338250096091764,False
2017-12-04 10:12:32.525280+00:00,0.0003002456968503787,False
2017-12-04 18:29:07.646496+00:00,0.00024182607007518556,False
2017-12-05 04:25:01.839648+00:00,0.00041073503693359894,False
2017-12-05 11:02:17.913120+00:00,0.0003136954155045007,False
2017-12-05 19:18:53.036064+00:00,0.00034677753622340193,False
2017-12-06 03:35:28.197888+00:00,0.00012972939896352208,False
2017-12-06 10:12:44.276544+00:00,0.0002752079096439496,False
2017-12-06 18:29:19.403808+00:00,0.0001476370407569886,False
2017-12-07 04:25:13.577952+00:00,0.0002802324385577738,False
2017-12-07 07:43:51.617280+00:00,0.00010987021042408739,False
2017-12-07 11:02:29.667840+00:00,0.00013300238600330697,False
2017-12-07 19:19:04.788192+00:00,0.00024921458068287406,False
2017-12-08 03:35:39.942240+00:00,5.8322475475027e-05,False
2017-12-08 11:52:15.045312+00:00,0.0004894839270897973,False
2017-12-08 20:08:50.173440+00:00,0.00024828528306547893,False
2017-12-09 04:25:25.324032+00:00,0.00040390553009784895,False
2017-12-09 11:02:41.416512+00:00,0.00028288780466735575,False
2017-12-09 19:19:16.539456+00:00,0.00014825767375013262,False
2017-12-10 03:35:51.671904+00:00,5.5332842825992e-05,False
2017-12-10 11:52:26.792256+00:00,0.0004275968265111135,False
2017-12-10 18:29:42.889920+00:00,-9.054844223301689e-05,False
2017-12-11 04:25:37.060608+00:00,0.0002404160693036221,False
2017-12-11 11:02:53.140128+00:00,0.0003194876020829687,False
2017-12-11 19:19:28.263072+00:00,0.0005267930129167794,False
2017-12-12 10:13:19.527744+00:00,0.0007507087445866084,False
2017-12-12 18:29:54.655872+00:00,0.00016100669127978986,False
2017-12-13 02:46:29.812512+00:00,0.0007151469081011801,False
2017-12-13 11:03:04.936320+00:00,0.0002948041555394841,False
2017-12-13 17:40:21.029664+00:00,-4.0631418388717075e-06,False
2017-12-14 03:36:15.208128+00:00,0.0006707265313361235,False
2017-12-14 10:13:31.301472+00:00,-0.00022445754313400794,False
2017-12-14 18:30:06.388128+00:00,0.0003730131622396844,False
2017-12-15 02:46:41.557728+00:00,0.0007576999875208447,False
2017-12-15 11:03:16.680672+00:00,0.00032415659689781186,False
2017-12-15 19:19:51.807936+00:00,0.00016415878541736485,False
2017-12-16 03:36:26.973216+00:00,0.0007210040009099966,False
2017-12-16 10:13:43.065696+00:00,0.00043196774713928724,False
2017-12-16 18:30:18.196416+00:00,0.00016049314426114236,False
2017-12-17 01:07:34.335552+00:00,0.0007351754784414821,False
2017-12-17 11:03:28.489824+00:00,0.00029372174307280494,False
2017-12-17 17:40:44.584896+00:00,-2.280222507275453e-05,False
2017-12-18 03:36:38.775456+00:00,0.0006233335730479718,False
2017-12-18 10:13:54.861888+00:00,0.0003147715969586892,False
2017-12-18 18:30:29.994336+00:00,4.578789060917575e-05,False
2017-12-19 02:47:05.144064+00:00,0.0006557227626836287,False
2017-12-19 11:03:40.267008+00:00,0.00020228141278038405,False
2017-12-19 19:20:15.390816+00:00,0.00012062388612328346,False
2017-12-20 03:36:50.544864+00:00,0.00028610067441566477,False
2017-12-20 10:14:06.627840+00:00,0.00012892240667526612,False
2017-12-20 18:30:41.751648+00:00,-0.00010495731880161681,False
2017-12-21 01:07:57.884736+00:00,0.0006118831676582674,False
2017-12-21 11:03:52.032960+00:00,0.00020953918773922614,False
2017-12-21 19:20:27.156768+00:00,-3.313967848138838e-05,False
2017-12-22 03:37:02.299584+00:00,0.0003673898927213476,False
2017-12-22 10:14:18.392064+00:00,0.0002400757562795827,False
2017-12-22 20:10:12.542016+00:00,0.0004446018256912159,False
2017-12-23 04:26:47.708160+00:00,0.0003567667092600883,False
2017-12-23 11:04:03.793728+00:00,7.973114517600017e-05,False
2017-12-23 19:20:38.902848+00:00,0.00015212519012297934,False
2017-12-24 03:37:14.062080+00:00,0.00033414844708602227,False
2017-12-24 10:14:30.155424+00:00,0.00032828014977824435,False
2017-12-24 18:31:05.276640+00:00,0.00018420299032434814,False
2017-12-25 04:26:59.467200+00:00,0.0005042455739437386,False
2017-12-25 11:04:15.553632+00:00,2.759767032291569e-05,False
2017-12-25 19:20:50.665344+00:00,0.0002493736350985108,False
2017-12-26 03:37:25.824576+00:00,0.0001509197458363443,False
2017-12-26 10:14:41.904096+00:00,0.00032513275896579435,False
2017-12-26 20:10:36.048864+00:00,0.00016108348841262812,False
2017-12-27 04:27:11.202048+00:00,0.0004698853540898398,False
2017-12-27 11:04:27.291072+00:00,8.957415979897492e-05,False
2017-12-27 19:21:02.401920+00:00,0.0002876863743558422,False
2017-12-28 03:37:37.558560+00:00,0.00034926102643628373,False
2017-12-28 11:54:12.670272+00:00,0.0003217818579038775,False
2017-12-28 18:31:28.771392+00:00,0.00020879184137101848,False
2017-12-29 04:27:22.936032+00:00,0.0004850138005510549,False
2017-12-29 11:04:39.028512+00:00,0.00014803411402067746,False
2017-12-29 19:21:14.137632+00:00,9.08248440730546e-05,False
2017-12-30 01:58:30.262944+00:00,0.0006020296393796456,False
2017-12-30 08:35:46.356288+00:00,0.00015067666911898866,False
2017-12-30 11:54:24.411168+00:00,0.0001576780847966689,False
2017-12-30 18:31:40.501920+00:00,0.00012366383133943245,False
2017-12-30 21:50:18.566304+00:00,0.00010539652061898399,False
2017-12-31 01:08:56.617728+00:00,0.0005920926284457159,False
2017-12-31 06:06:53.709984+00:00,0.00013304826147250018,False
2017-12-31 09:25:31.759680+00:00,0.00018041459508520737,False
2017-12-31 12:44:09.810240+00:00,-0.00043066803881113827,False
2017-12-31 14:23:28.813920+00:00,-0.0002511348555921161,False
2017-12-31 17:42:06.850656+00:00,0.0006089284422002604,False
2017-12-31 21:00:44.929728+00:00,0.0009102969378925051,False
2018-01-01 03:38:01.067136+00:00,0.0007048053064698638,False
2018-01-01 10:15:17.161344+00:00,0.00038893866124743563,False
2018-01-01 18:31:52.285152+00:00,5.878981553039236e-05,False
2018-01-02 04:27:46.446336+00:00,0.0003140875193516766,False
2018-01-02 11:05:02.535360+00:00,-0.0003655074560421849,False
2018-01-02 19:21:37.652256+00:00,0.0007082324231970691,False
2018-01-03 03:38:12.798528+00:00,-0.00023806230939937308,False
2018-01-03 11:54:47.901600+00:00,0.00012853114215061293,False
2018-01-03 18:32:03.999264+00:00,0.00034504908943162036,False
2018-01-03 18:32:04.000128+00:00,1.0411711828524941e-11,False
2018-01-04 04:27:58.172544+00:00,-0.00014387596720264178,False
2018-01-04 11:05:14.236512+00:00,-0.00015646429932722814,False
2018-01-04 19:21:49.350816+00:00,0.0006817030847435354,False
2018-01-05 03:38:24.504000+00:00,0.00021854558601843094,False
2018-01-05 10:15:40.581792+00:00,-6.086453356196305e-05,False
2018-01-05 18:32:15.698688+00:00,0.0005768399892212533,False
2018-01-06 04:28:09.884064+00:00,0.0006156532336027394,False
2018-01-06 11:05:25.967040+00:00,-0.0003454614152304898,False
2018-01-06 19:22:01.073568+00:00,0.00073369302730542,False
2018-01-07 03:38:36.231072+00:00,-0.00043419078132556457,False
2018-01-07 10:15:52.252704+00:00,0.00026543770463472474,False
2018-01-07 18:32:27.373056+00:00,0.0007977967596645631,False
2018-01-08 04:28:21.539424+00:00,0.00032032982325590827,False
2018-01-08 11:05:37.624992+00:00,7.848258563249416e-05,False
2018-01-08 19:22:12.736704+00:00,0.0007653865421240642,False
2018-01-09 10:16:03.966816+00:00,0.000411516032030434,False
2018-01-09 18:32:39.081984+00:00,0.0008236801039927226,False
2018-01-10 04:28:33.269952+00:00,0.0005938099312644572,False
2018-01-10 11:05:49.352928+00:00,-3.195994649835113e-05,False
2018-01-10 19:22:24.462912+00:00,0.0007914823951812788,False
2018-01-11 10:16:15.703392+00:00,0.0009246137084673033,False
2018-01-11 18:32:50.824608+00:00,0.0005463236175869228,False
2018-01-12 04:28:44.997024+00:00,0.0002572415270103904,False
2018-01-12 11:06:01.061856+00:00,0.0003272354580718418,False
2018-01-12 19:22:36.157152+00:00,0.0004485811124821582,False
2018-01-13 10:16:27.449472+00:00,0.0021322103501411078,False
2018-01-13 20:12:21.615840+00:00,0.0009149215526150823,False
2018-01-14 11:06:12.908160+00:00,0.0020003238364035532,False
2018-01-14 19:22:48.057888+00:00,0.0011535436318997482,False
2018-01-15 03:39:23.257728+00:00,0.0012752875748440506,False
2018-01-15 10:16:39.391680+00:00,0.001265843359013624,False
2018-01-15 15:14:36.488256+00:00,0.00044527651335304755,False
2018-01-15 20:12:33.582240+00:00,0.0020097241469412227,False
2018-01-15 21:51:52.675776+00:00,0.00013363689410524266,False
2018-01-16 12:45:43.949952+00:00,0.0012736184013674152,False
2018-01-16 16:04:22.016928+00:00,0.00043198618029411035,False
2018-01-16 19:23:00.060576+00:00,0.002195414776639432,False
2018-01-16 21:02:19.161024+00:00,0.0007889903585080007,False
2018-01-17 00:20:57.240096+00:00,0.0005411462297720685,False
2018-01-17 10:16:51.446208+00:00,0.0013987059485504041,False
2018-01-17 18:33:26.614944+00:00,0.0009055773087120287,False
2018-01-18 02:50:01.799232+00:00,0.0009897473706249088,False
2018-01-18 11:06:36.970560+00:00,0.00030447352214775324,False
2018-01-18 16:04:34.074048+00:00,0.0005367341119834157,False
2018-01-19 08:37:44.443488+00:00,0.0004274865432182445,False
2018-01-19 20:12:57.630816+00:00,0.0017059018486318839,False
2018-01-20 04:29:32.796096+00:00,-3.539974929620351e-05,False
2018-01-20 11:06:48.911040+00:00,-0.00016196142401604527,False
2018-01-20 19:23:24.024480+00:00,0.00012772732914034373,False
2018-01-21 05:19:18.238368+00:00,0.0006481316591075221,False
2018-01-21 11:56:34.369728+00:00,0.00017956691023808817,False
2018-01-21 20:13:09.531552+00:00,0.0007908358520494788,False
2018-01-22 04:29:44.720160+00:00,0.00023339528813819924,False
2018-01-22 11:07:00.848064+00:00,0.00018858672516569933,False
2018-01-22 19:23:36.007296+00:00,0.00042915776000199444,False
2018-01-23 05:19:30.227232+00:00,0.0005351724001777041,False
2018-01-23 11:56:46.347360+00:00,0.00022045405994528108,False
2018-01-23 20:13:21.504000+00:00,0.0006032725597689438,False
2018-01-24 04:29:56.670144+00:00,-2.9268450639583475e-05,False
2018-01-24 11:07:12.784224+00:00,0.00011189801290306174,False
2018-01-24 19:23:47.928768+00:00,0.0009201311266017074,False
2018-01-25 11:56:58.234272+00:00,0.00041137537892830037,False
2018-01-25 20:13:33.403872+00:00,0.0006727615315732889,False
2018-01-26 02:50:49.531776+00:00,0.00019141329732037847,False
2018-01-26 09:28:05.626848+00:00,-0.0009643113549280574,False
2018-01-26 14:26:02.703552+00:00,1.4166846668637895e-05,False
2018-01-26 16:05:21.718464+00:00,0.00044522695203879633,False
2018-01-26 22:42:37.844640+00:00,0.0012592990340745157,False
2018-01-27 03:40:34.981824+00:00,-9.64965017035501e-05,False
2018-01-27 10:17:51.095040+00:00,6.62225037183079e-05,False
2018-01-27 18:34:26.236992+00:00,0.0005623840909736256,False
2018-01-28 11:07:36.528672+00:00,0.0003042199378908943,False
2018-01-28 19:24:11.670624+00:00,0.00028999541485723215,False
2018-01-29 03:40:46.826400+00:00,2.4445921838120595e-05,False
2018-01-29 10:18:02.918880+00:00,-0.000150166135242791,False
2018-01-29 20:13:57.071424+00:00,-0.02380196798560486,False
2018-01-30 09:28:29.246880+00:00,-0.1698757101786064,False
2018-01-30 11:07:44.504256+00:00,0.1448601815679205,False
2018-01-30 19:24:20.338272+00:00,-0.08453687830755716,False
2018-01-31 11:57:27.004608+00:00,-0.04375143194142076,False
2018-01-31 20:14:01.065696+00:00,-0.003199600987502742,False
2018-02-01 11:07:51.030048+00:00,0.03258907327141578,False
2018-02-01 17:45:06.379488+00:00,3.4107308381357035e-05,False
2018-02-01 21:03:44.064576+00:00,0.005602998224271968,False
2018-02-02 00:22:21.845568+00:00,-0.0009386454656111131,False
2018-02-02 03:40:59.525472+00:00,-0.0009467388148081271,False
2018-02-02 11:57:33.684192+00:00,-0.0016889261617275713,False
2018-02-02 21:53:26.707488+00:00,0.002076904089152216,False
2018-02-03 02:51:23.275296+00:00,-0.0007637200243333891,False
2018-02-03 11:07:57.344160+00:00,-0.002955361254304135,False
2018-02-03 12:47:16.175040+00:00,0.0001881983553596236,False
2018-02-03 16:05:53.851488+00:00,0.00023730098283455638,False
2018-02-03 17:45:12.704832+00:00,-0.000511578377892188,False
2018-02-03 19:24:31.506336+00:00,0.002382484771138098,False
2018-02-03 22:43:09.251904+00:00,0.0017107745026246157,False
2018-02-04 02:01:46.982784+00:00,-0.00020349268015892877,False
2018-02-04 10:18:21.161376+00:00,-0.00017530656938526937,False
2018-02-04 13:36:58.833504+00:00,-0.0003811741319106947,False
2018-02-04 20:14:14.173440+00:00,0.0006490991373011932,False
2018-02-05 09:28:44.849856+00:00,-0.0008977329510762508,False
2018-02-05 12:47:22.510752+00:00,-9.356675081952131e-05,False
2018-02-05 19:24:37.853280+00:00,0.00041473618030508637,False
2018-02-06 00:22:34.393440+00:00,0.0007948723477975081,False
2018-02-06 11:57:46.243296+00:00,-2.801546901324897e-05,False
2018-02-06 18:35:01.572000+00:00,0.0003209824395375389,False
2018-02-07 04:30:54.618624+00:00,0.0005385875447873936,False
2018-02-07 12:47:28.773888+00:00,-0.0005725887508272495,False
2018-02-07 14:26:47.592672+00:00,-7.363029985921169e-05,False
2018-02-07 17:45:25.260480+00:00,0.0008145118401115495,False
2018-02-07 19:24:44.121600+00:00,0.0007184172869330669,False
2018-02-08 05:20:37.165632+00:00,0.001482928227237707,False
2018-02-08 18:35:07.853280+00:00,-4.0422073687694754e-05,False
2018-02-09 09:28:57.334656+00:00,-0.0011263102821319957,False
2018-02-09 19:24:50.333760+00:00,0.0004175806986225198,False
2018-02-10 03:41:24.501984+00:00,0.00019291517306745852,False
2018-02-10 10:18:39.849696+00:00,0.0005518722577140738,False
2018-02-10 13:37:17.536512+00:00,1.1015481733316692e-05,False
2018-02-10 18:35:14.025696+00:00,0.0005913622034427029,False
2018-02-11 02:51:48.224160+00:00,0.00023566675355164035,False
2018-02-11 12:47:41.199072+00:00,-0.0009928047794848832,False
2018-02-11 14:26:59.998848+00:00,-0.0002820149471686288,False
2018-02-11 17:45:37.650240+00:00,0.00011727867768638085,False
2018-02-11 21:04:15.320640+00:00,0.0017022884152304671,False
2018-02-12 11:58:04.841760+00:00,0.00036098931298459813,False
2018-02-12 20:14:39.013440+00:00,0.0008638532355082863,False
2018-02-13 11:08:28.502592+00:00,-1.0261957080598383e-05,False
2018-02-13 19:25:02.663904+00:00,0.0015932501365567232,False
2018-02-14 03:41:36.864096+00:00,-0.0005700285488850158,False
2018-02-14 11:58:11.000352+00:00,0.0004271418081379035,False
2018-02-14 18:35:26.317824+00:00,0.0008411265605579516,False
2018-02-15 04:31:19.345440+00:00,0.00022654185579836552,False
2018-02-15 11:08:34.640448+00:00,-0.00024092159874718568,False
2018-02-15 19:25:08.796576+00:00,0.0006555975063022679,False
2018-02-16 03:41:42.981216+00:00,0.00031322778546999977,False
2018-02-16 10:18:58.280544+00:00,0.00025589040388545806,False
2018-02-16 18:35:32.432352+00:00,0.0004942257905165969,False
2018-02-17 02:52:06.629952+00:00,0.0006012355037092764,False
2018-02-17 09:29:21.920640+00:00,-0.0001512824038915686,False
2018-02-17 19:25:14.911968+00:00,0.0004985692279690022,False
2018-02-18 03:41:49.076736+00:00,-7.573810138377957e-05,False
2018-02-18 11:58:23.212128+00:00,0.0001669570091543713,False
2018-02-18 20:14:57.350112+00:00,0.0005085156730916384,False
2018-02-19 04:31:31.533888+00:00,-2.1711232010668702e-05,False
2018-02-19 11:08:46.824576+00:00,-7.760526482070932e-05,False
2018-02-19 19:25:20.960832+00:00,0.00010244412647387395,False
2018-02-20 18:35:44.524032+00:00,0.0005977590449813658,False
2018-02-21 11:08:52.825056+00:00,0.0005265799582408504,False
2018-02-21 19:25:26.944032+00:00,0.00021997041715519233,False
2018-02-22 10:19:16.396032+00:00,0.0003815404948836245,False
2018-02-22 18:35:50.522784+00:00,0.00022192244842713271,False
2018-02-23 11:08:58.794432+00:00,0.0007808633266557102,False
2018-02-23 19:25:32.906496+00:00,-0.00010289233285489739,False
2018-02-24 03:42:07.064352+00:00,0.0004758361079698305,False
2018-02-24 10:19:22.359360+00:00,0.00035627193050017324,False
2018-02-24 18:35:56.482656+00:00,0.0002224640155763022,False
2018-02-25 04:31:49.480032+00:00,0.0006237441615713102,False
2018-02-25 11:09:04.768992+00:00,7.047508630597877e-05,False
2018-02-25 19:25:38.890560+00:00,0.0005046236488139581,False
2018-02-26 03:42:13.056192+00:00,0.00026435633890052514,False
2018-02-26 10:19:28.348608+00:00,0.0003624606323277789,False
2018-02-26 18:36:02.476224+00:00,0.0004286147865338071,False
2018-02-27 11:09:10.765152+00:00,0.0008843923160127421,False
2018-02-27 19:25:44.887584+00:00,0.00030936609490861395,False
2018-02-28 03:42:19.030752+00:00,0.00013115604359860514,False
2018-02-28 13:38:11.961600+00:00,0.00031099531591860925,False
2018-02-28 16:56:49.612128+00:00,-6.151131713965675e-05,False
2018-02-28 20:15:27.258336+00:00,0.00023510741510475097,False
2018-03-01 01:13:23.740608+00:00,0.0003600948458504317,False
2018-03-01 09:29:57.852672+00:00,0.00014921634912068384,False
2018-03-01 12:48:35.504928+00:00,1.5114582901841993e-05,False
2018-03-01 16:07:13.150272+00:00,-1.1690914942911004e-05,False
2018-03-02 10:19:40.251936+00:00,0.0014309955931587773,False
2018-03-02 11:58:59.077632+00:00,-1.8092814983223515e-05,False
2018-03-02 20:15:33.193152+00:00,0.00029249490810353336,False
2018-03-03 07:50:44.990304+00:00,-0.014587695627064266,False
2018-03-03 11:09:22.201056+00:00,0.0152456113140746,False
2018-03-03 19:25:56.746848+00:00,0.0002686181146931696,False
2018-03-04 11:59:05.010720+00:00,0.0006114688288224448,False
2018-03-04 20:15:39.115008+00:00,0.00039788077790673304,False
2018-03-05 11:09:28.553184+00:00,0.00037507496500696353,False
2018-03-05 19:26:02.661792+00:00,0.00034487711162188795,False
2018-03-06 11:59:10.916160+00:00,0.0005583206454924921,False
2018-03-06 20:15:45.023040+00:00,0.00040243188555137986,False
2018-03-07 11:09:34.424928+00:00,0.00032556752225400374,False
2018-03-07 19:26:08.536992+00:00,0.00037297726066058185,False
2018-03-08 05:22:01.503264+00:00,6.92902979014984e-05,False
2018-03-08 11:59:16.766304+00:00,0.00029730141715786135,False
2018-03-08 15:17:54.411648+00:00,-0.00025950320741618987,False
2018-03-08 20:15:50.872320+00:00,0.0007034478460355053,False
2018-03-09 01:13:47.365824+00:00,0.0004402568440072898,False
2018-03-09 04:32:25.026720+00:00,-6.875052810247382e-05,False
2018-03-09 11:09:40.301856+00:00,0.00025355158704980566,False
2018-03-09 19:26:14.407008+00:00,0.00027339948231832185,False
2018-03-10 11:59:22.631136+00:00,0.00038622818095230746,False
2018-03-10 20:15:56.738016+00:00,0.00037424967968828417,False
2018-03-11 04:32:30.882912+00:00,0.0004096500911334644,False
2018-03-11 11:09:46.162368+00:00,0.00013363762407328533,False
2018-03-11 19:26:20.273568+00:00,0.0005038682238826355,False
2018-03-12 05:22:13.241568+00:00,0.0005844432586930624,False
2018-03-12 11:59:28.527072+00:00,0.0002593567844816711,False
2018-03-12 20:16:02.635680+00:00,0.0005128855861078086,False
2018-03-13 04:32:36.776256+00:00,0.000339877970821506,False
2018-03-13 11:09:52.047936+00:00,0.00021588232821955476,False
2018-03-13 21:05:44.976192+00:00,0.0005059288967441493,False
2018-03-14 03:43:00.298848+00:00,0.00024088234336935095,False
2018-03-14 11:59:34.403136+00:00,0.00047319089000038845,False
2018-03-14 20:16:08.509152+00:00,0.0005706592195276255,False
2018-03-15 04:32:42.662688+00:00,0.0003581766842230999,False
2018-03-15 21:05:50.898912+00:00,0.0007773242625815738,False
2018-03-16 05:22:25.018752+00:00,0.0004100953204811714,False
2018-03-16 11:59:40.302528+00:00,0.00025742255496442754,False
2018-03-16 20:16:14.405952+00:00,0.0006246558354091672,False
2018-03-17 04:32:48.560352+00:00,0.00021969896716232613,False
2018-03-17 11:10:03.832896+00:00,0.00019742529872485067,False
2018-03-17 21:05:56.763744+00:00,0.0005150513619678468,False
2018-03-18 05:22:30.906912+00:00,0.00028805356053798926,False
2018-03-18 11:59:46.182912+00:00,0.00016338254383507544,False
2018-03-18 20:16:20.275968+00:00,0.00024177352227806355,False
2018-03-19 04:32:54.414816+00:00,0.00030386853035477523,False
2018-03-19 11:10:09.676128+00:00,0.00010385396070853388,False
2018-03-19 21:06:02.607840+00:00,0.00043375292614347704,False
2018-03-20 05:22:36.749280+00:00,0.0002448254022251057,False
2018-03-20 11:59:52.020960+00:00,0.0003144506575339054,False
2018-03-20 20:16:26.119200+00:00,0.0001786465892210035,False
2018-03-21 04:33:00.262368+00:00,0.0003710617548547822,False
2018-03-21 11:10:15.528000+00:00,-4.8977087080052007e-05,False
2018-03-21 21:06:08.445024+00:00,0.00030951404769048393,False
2018-03-22 05:22:42.567456+00:00,0.0001299014324367867,False
2018-03-22 11:59:57.844320+00:00,0.00030910147972195416,False
2018-03-22 20:16:31.941696+00:00,0.00030857452564909846,False
2018-03-23 04:33:06.090912+00:00,0.0003183927333803354,False
2018-03-23 11:10:21.363456+00:00,0.00018390918103310648,False
2018-03-23 19:26:55.458240+00:00,0.00025525066564498867,False
2018-03-24 05:22:48.396864+00:00,0.00034684969905660165,False
2018-03-24 12:00:03.678912+00:00,0.00030061737640900486,False
2018-03-24 20:16:37.779744+00:00,0.0005170123827505919,False
2018-03-25 04:33:11.934144+00:00,0.00039999970971198965,False
2018-03-25 11:10:27.204960+00:00,0.00020487627630673638,False
2018-03-25 19:27:01.301472+00:00,0.00038856717152464744,False
2018-03-26 05:22:54.262560+00:00,0.00017181684843427117,False
2018-03-26 12:00:09.523872+00:00,0.00039914375273165286,False
2018-03-26 18:37:24.805920+00:00,0.00011630805566948223,False
2018-03-26 21:56:02.458176+00:00,0.0007464313955996591,False
2018-03-26 23:35:21.306336+00:00,4.7032753366133305e-05,False
2018-03-27 02:53:58.951680+00:00,7.542717407471185e-05,False
2018-03-27 11:10:33.033504+00:00,0.0002954902307275554,False
2018-03-27 16:08:29.498496+00:00,3.238463520278365e-05,False
2018-03-27 21:06:25.973856+00:00,0.0005984932195154928,False
2018-03-28 02:04:22.459584+00:00,0.00015974807798547114,False
2018-03-28 05:23:00.101472+00:00,2.665566433408928e-05,False
2018-03-28 10:20:56.556096+00:00,0.00015382760934723255,False
2018-03-28 12:00:15.382656+00:00,3.708592009845701e-05,False
2018-03-28 15:18:53.027136+00:00,-0.0001243222705104208,False
2018-03-28 18:37:30.667296+00:00,0.00013720271774772877,False
2018-03-29 02:54:04.832064+00:00,0.0013799307667572527,False
2018-03-29 11:10:38.937216+00:00,0.00038425353989951033,False
2018-03-29 17:47:54.227040+00:00,0.00012158411765663904,False
2018-03-30 03:43:47.186400+00:00,0.0005522376926432104,False
2018-03-30 10:21:02.459808+00:00,0.00036795853081622674,False
2018-03-30 18:37:36.577056+00:00,0.00010334632456743774,False
2018-03-31 02:54:10.710720+00:00,0.0008463594937340869,False
2018-03-31 09:31:26.003136+00:00,0.00024944134318384407,False
2018-03-31 19:27:18.945216+00:00,0.0003796276790825429,False
2018-04-01 03:43:53.097888+00:00,0.0007115201123896828,False
2018-04-01 10:21:08.388576+00:00,0.0003941762819166039,False
2018-04-01 18:37:42.506688+00:00,1.6262945567291473e-05,False
2018-04-02 02:54:16.642944+00:00,0.0005344443015061616,False
2018-04-02 09:31:31.902528+00:00,-2.1183043858390962e-05,False
2018-04-02 19:27:24.838560+00:00,0.0005090298454644962,False
2018-04-03 03:43:58.992960+00:00,0.0007718165804285438,False
2018-04-03 10:21:14.294880+00:00,0.00032245603285457967,False
2018-04-03 18:37:48.410400+00:00,0.00014457771892738654,False
2018-04-04 02:54:22.541472+00:00,0.0006664107206241506,False
2018-04-04 11:10:56.669088+00:00,0.00043945333116835497,False
2018-04-04 19:27:30.788928+00:00,0.00018025055192340164,False
2018-04-05 05:23:23.736192+00:00,-0.0001256002216732002,False
2018-04-05 08:42:01.348704+00:00,0.0002505584021581455,False
2018-04-05 12:00:39.002688+00:00,0.0001980269952553727,False
2018-04-05 15:19:16.654080+00:00,-0.000212219919414582,False
2018-04-05 20:17:13.118208+00:00,0.0005586378518052272,False
2018-04-06 04:33:47.275200+00:00,0.0006411685642947684,False
2018-04-06 11:11:02.574528+00:00,0.00017638292710058987,False
2018-04-06 19:27:36.680544+00:00,9.628667438952513e-05,False
2018-04-07 03:44:10.822848+00:00,0.0004151207770427184,False
2018-04-07 12:00:44.934912+00:00,0.00042154929235800614,False
2018-04-07 20:17:19.053024+00:00,0.0001805900065935057,False
2018-04-08 04:33:53.199648+00:00,0.0004166390557388621,False
2018-04-08 11:11:08.480832+00:00,0.0001300601750168094,False
2018-04-08 19:27:42.592032+00:00,0.0004359461512445599,False
2018-04-09 05:23:35.582496+00:00,0.00010915391286017186,False
2018-04-09 12:00:50.831712+00:00,0.0009627875087594585,False
2018-04-09 20:17:24.957600+00:00,-0.00032171444410513013,False
2018-04-10 04:33:59.118912+00:00,0.0008969815301901917,False
2018-04-10 11:11:14.407872+00:00,0.00034478398458065126,False
2018-04-10 11:11:14.408736+00:00,1.3375359262787459e-11,False
2018-04-10 21:07:07.359456+00:00,0.0007513566476554881,False
2018-04-11 05:23:41.520768+00:00,0.00029125899919780845,False
2018-04-11 10:21:37.976256+00:00,0.00039757249687430874,False
2018-04-11 20:17:30.922656+00:00,0.00010541866306893117,False
2018-04-12 04:34:05.063232+00:00,0.0007236839915584574,False
2018-04-12 09:32:01.532544+00:00,0.0002713993625713103,False
2018-04-12 11:11:20.352192+00:00,9.462036946637253e-05,False
2018-04-12 16:09:16.831872+00:00,-9.633526797157605e-05,False
2018-04-12 21:07:13.302912+00:00,0.0009062217880898148,False
2018-04-13 05:23:47.487552+00:00,0.00021224842978639149,False
2018-04-13 12:01:02.754048+00:00,0.0003595793526287585,False
2018-04-13 20:17:36.882528+00:00,0.0003627906454472144,False
2018-04-14 04:34:11.027424+00:00,0.000527299889507608,False
2018-04-14 11:11:26.331936+00:00,0.00045901319946228906,False
2018-04-14 21:07:19.285248+00:00,0.0005223989012420159,False
2018-04-15 05:23:53.422368+00:00,0.00030280526523309657,False
2018-04-15 12:01:08.721696+00:00,0.0004914826375188621,False
2018-04-15 20:17:42.853632+00:00,0.0004953836429260978,False
2018-04-16 04:34:17.005440+00:00,0.00043136908611996166,False
2018-04-16 11:11:32.301312+00:00,0.00010105867715169226,False
2018-04-16 21:07:25.257216+00:00,0.0006843796208769208,False
2018-04-17 05:23:59.405568+00:00,0.0003666592712751895,False
2018-04-17 12:01:14.709216+00:00,0.00035217552542477745,False
2018-04-17 20:17:48.825600+00:00,0.00027849793009163305,False
2018-04-18 04:34:22.986912+00:00,-2.364551429159741e-05,False
2018-04-18 11:11:38.239584+00:00,0.0002876911952690825,False
2018-04-18 21:07:31.193760+00:00,0.0005683961762320351,False
2018-04-19 05:24:05.335200+00:00,-0.00034047593574562695,False
2018-04-19 08:42:42.947712+00:00,0.00015189077647671117,False
2018-04-19 12:01:20.599104+00:00,0.000151478376447327,False
2018-04-19 16:59:17.079648+00:00,-8.954522424821636e-05,False
2018-04-19 20:17:54.719808+00:00,0.00046329776829799206,False
2018-04-20 04:34:28.887168+00:00,0.0005024493147307599,False
2018-04-20 11:11:44.175264+00:00,0.00028799692286610444,False
2018-04-20 21:07:37.121664+00:00,0.0005855731536392485,False
2018-04-21 05:24:11.294208+00:00,0.0003683979434446018,False
2018-04-21 12:01:26.584032+00:00,0.0002579694215159212,False
2018-04-21 20:18:00.701280+00:00,0.0006584913832658553,False
2018-04-22 04:34:34.871232+00:00,0.0004575270702072856,False
2018-04-22 11:11:50.160192+00:00,0.00013141251407469928,False
2018-04-22 21:07:43.104864+00:00,0.000560147159911016,False
2018-04-23 05:24:17.262720+00:00,0.00034609290376946524,False
2018-04-23 12:01:32.549088+00:00,0.00018925893341103193,False
2018-04-23 20:18:06.676704+00:00,0.0004987735755567637,False
2018-04-24 04:34:40.822464+00:00,0.00040233585493189484,False
2018-04-24 11:11:56.106240+00:00,8.868346967385947e-05,False
2018-04-24 19:28:30.220896+00:00,0.00023935090372213715,False
2018-04-25 00:26:26.706624+00:00,0.0005017959476144452,False
2018-04-25 12:01:38.489952+00:00,0.0003408964644839725,False
2018-04-25 20:18:12.607200+00:00,0.00031914930023672965,False
2018-04-26 04:34:46.747776+00:00,0.00044735954877657213,False
2018-04-26 09:32:43.206720+00:00,0.0001718918043664567,False
2018-04-26 14:30:39.672576+00:00,0.00014236738720589215,False
2018-04-26 17:49:17.323968+00:00,-1.170660999801087e-05,False
2018-04-26 21:07:54.972768+00:00,0.000624491904022626,False
2018-04-27 02:05:51.467136+00:00,0.00033754043409061284,False
2018-04-27 10:22:25.577472+00:00,6.051095408943734e-05,False
2018-04-27 13:41:03.226272+00:00,6.919107517810806e-05,False
2018-04-27 18:38:59.699904+00:00,-4.90886986231194e-05,False
2018-04-27 21:57:37.336608+00:00,0.000859176218813696,False
2018-04-28 02:55:33.844800+00:00,0.0002969764726444995,False
2018-04-28 09:32:49.143264+00:00,0.00031613883179344027,False
2018-04-28 12:51:26.790336+00:00,4.891394036159066e-05,False
2018-04-28 17:49:23.264832+00:00,7.015460967619165e-05,False
2018-04-28 21:08:00.911040+00:00,0.00041509822791227784,False
2018-04-29 02:05:57.397632+00:00,0.00040514879337952584,False
2018-04-29 10:22:31.526976+00:00,0.0004693809821417603,False
2018-04-29 13:41:09.180960+00:00,1.609588544419747e-05,False
2018-04-29 18:39:05.657184+00:00,6.081294263720602e-05,False
2018-04-29 21:57:43.300800+00:00,0.000639995308983969,False
2018-04-30 02:55:39.804672+00:00,0.0005081713568221879,False
2018-04-30 09:32:55.111776+00:00,0.00022632136080202511,False
2018-04-30 12:51:32.758848+00:00,-3.0240291859540776e-05,False
2018-04-30 16:10:10.401600+00:00,2.8239096296626162e-05,False
2018-04-30 21:08:06.879552+00:00,0.0007099087579239264,False
2018-05-01 02:06:03.379968+00:00,0.00027699633647891824,False
2018-05-01 10:22:37.495488+00:00,0.00041802202168176634,False
2018-05-01 13:41:15.150336+00:00,-3.380252278736208e-05,False
2018-05-01 16:59:52.799136+00:00,-1.0290771461999302e-06,False
2018-05-01 20:18:30.444480+00:00,0.0005142161094606756,False
2018-05-02 02:55:45.765408+00:00,0.0004771531901235541,False
2018-05-02 09:33:01.058688+00:00,0.0003184612068585439,False
2018-05-02 12:51:38.711808+00:00,6.64036650288526e-05,False
2018-05-02 17:49:35.188896+00:00,2.1728930853027843e-05,False
2018-05-02 21:08:12.834240+00:00,0.0005506011240919029,False
2018-05-03 02:06:09.331200+00:00,0.00030474548259128625,False
2018-05-03 10:22:43.440672+00:00,0.00021266622605569296,False
2018-05-03 13:41:21.092064+00:00,-3.8317624908056134e-05,False
2018-05-03 16:59:58.741728+00:00,-3.154994674503509e-05,False
2018-05-03 21:57:55.212768+00:00,0.0005547698038189238,False
2018-05-04 02:55:51.705408+00:00,0.00021147020156267,False
2018-05-04 09:33:06.995232+00:00,0.00019206251588561787,False
2018-05-04 12:51:44.640576+00:00,2.929198629452091e-05,False
2018-05-04 17:49:41.114208+00:00,-8.435825132915566e-05,False
2018-05-04 22:47:37.584384+00:00,0.0007996075314824752,False
2018-05-05 02:06:15.261696+00:00,8.914362304207588e-05,False
2018-05-05 10:22:49.369440+00:00,0.0002781248811352198,False
2018-05-05 13:41:27.021696+00:00,-3.96000768293484e-05,False
2018-05-05 18:39:23.491872+00:00,-2.544385638663597e-05,False
2018-05-05 21:58:01.132032+00:00,0.0007057036986799319,False
2018-05-06 02:55:57.635904+00:00,0.00027821337687352563,False
2018-05-06 09:33:12.928320+00:00,0.0001731316918320729,False
2018-05-06 12:51:50.571072+00:00,-6.340967532141042e-05,False
2018-05-06 17:49:47.037792+00:00,4.4310616738449686e-05,False
2018-05-06 21:08:24.683136+00:00,0.0006529208291861356,False
2018-05-07 02:06:21.182688+00:00,0.00011541843958581209,False
2018-05-07 10:22:55.277472+00:00,0.00034287848145944037,False
2018-05-07 13:41:32.930592+00:00,-9.329770835511995e-05,False
2018-05-07 18:39:29.401632+00:00,4.7589720747260656e-05,False
2018-05-07 21:58:07.044384+00:00,0.0005837076755864547,False
2018-05-08 02:56:03.540480+00:00,0.00035767799816420823,False
2018-05-08 09:33:18.808704+00:00,-0.00011390583291936036,False
2018-05-08 12:51:56.454048+00:00,-3.20372542828514e-06,False
2018-05-08 17:49:52.923360+00:00,6.465122076934051e-05,False
2018-05-08 21:08:30.566976+00:00,0.000621974687924132,False
2018-05-09 03:45:45.886176+00:00,0.0002549315204033763,False
2018-05-09 10:23:01.176000+00:00,0.00042804615047375337,False
2018-05-09 18:39:35.294112+00:00,-0.0001055281015043045,False
2018-05-10 02:56:09.428640+00:00,0.0007610607756683327,False
2018-05-10 06:14:47.066208+00:00,6.046656701608297e-05,False
2018-05-10 09:33:24.706368+00:00,0.00014810495734408777,False
2018-05-10 14:31:21.175680+00:00,8.352114753458739e-05,False
2018-05-10 19:29:17.643264+00:00,0.000309829136203681,False
2018-05-11 03:45:51.800256+00:00,0.0007253929709887587,False
2018-05-11 05:25:10.601760+00:00,2.671875284496322e-05,False
2018-05-11 10:23:07.071936+00:00,0.0004075798687785763,False
2018-05-11 18:39:41.186592+00:00,4.02899479055983e-05,False
2018-05-12 02:56:15.329760+00:00,0.0009298109504345534,False
2018-05-12 09:33:30.609216+00:00,0.000136491186989734,False
2018-05-12 19:29:23.548704+00:00,0.0003816037106396231,False
2018-05-13 10:23:12.952320+00:00,0.0008287229716907864,False
2018-05-13 18:39:47.066112+00:00,0.00010421002513639338,False
2018-05-14 09:33:36.464544+00:00,0.0008034228742900597,False
2018-05-14 19:29:29.402304+00:00,0.000268185541203715,False
2018-05-15 03:46:03.531648+00:00,0.0004455225865396878,False
2018-05-15 10:23:18.783456+00:00,0.0003740215682282888,False
2018-05-15 18:39:52.896384+00:00,0.00017405862968407717,False
2018-05-16 02:56:27.021408+00:00,0.0007537019940132977,False
2018-05-16 06:15:04.663296+00:00,2.8433002893776246e-05,False
2018-05-16 09:33:42.298272+00:00,0.0001779647778003182,False
2018-05-16 19:29:35.231712+00:00,0.00022252399313735824,False
2018-05-17 03:46:09.342912+00:00,0.0005315260721448342,False
2018-05-17 10:23:24.619776+00:00,0.00041226200738606804,False
2018-05-17 18:39:58.727520+00:00,2.8602441025033572e-05,False
2018-05-18 02:56:32.853408+00:00,0.0008693767080009609,False
2018-05-18 09:33:48.125952+00:00,0.00023476361226919425,False
2018-05-18 19:29:41.048160+00:00,0.000333677693457923,False
2018-05-19 03:46:15.172320+00:00,0.0003696638974992181,False
2018-05-19 10:23:30.432768+00:00,0.00031317414174749335,False
2018-05-19 18:40:04.525824+00:00,-3.2342803820239845e-05,False
2018-05-20 02:56:38.649984+00:00,0.0008084658188070139,False
2018-05-20 09:33:53.912160+00:00,0.00015516425864918942,False
2018-05-20 19:29:46.829184+00:00,0.00021930157768290898,False
2018-05-21 10:23:36.212064+00:00,0.0008848719647257576,False
2018-05-21 18:40:10.298208+00:00,-4.447087673891672e-05,False
2018-05-22 09:33:59.672448+00:00,0.0008945758079756601,False
2018-05-22 19:29:52.579104+00:00,0.0001470687815065216,False
2018-05-23 03:46:26.687712+00:00,0.0005443087200453977,False
2018-05-23 10:23:41.949024+00:00,0.00034303324086335104,False
2018-05-23 18:40:16.035168+00:00,0.00011279801738539082,False
2018-05-24 02:56:50.138592+00:00,0.0005979891949363874,False
2018-05-24 09:34:05.398176+00:00,0.0001423668330742818,False
2018-05-24 19:29:58.297056+00:00,0.00034877229948844827,False
2018-05-25 10:23:47.660064+00:00,0.0008469680855006677,False
2018-05-25 18:40:21.743616+00:00,0.00019155311113785523,False
2018-05-26 02:56:55.859136+00:00,0.0007648011093725293,False
2018-05-26 11:13:29.941824+00:00,0.000346365184956575,False
2018-05-26 19:30:04.015008+00:00,0.00025620552054683986,False
2018-05-27 03:46:38.129664+00:00,0.0007603579177047267,False
2018-05-27 10:23:53.390112+00:00,0.00042431336522209264,False
2018-05-27 18:40:27.475392+00:00,0.0002112602838613859,False
2018-05-28 09:34:16.840128+00:00,0.0011385547917390085,False
2018-05-28 19:30:09.734688+00:00,0.0004412442904658406,False
2018-05-29 10:23:59.105472+00:00,0.001147092088317845,False
2018-05-29 18:40:33.184704+00:00,9.729015688199989e-05,False
2018-05-30 09:34:22.536480+00:00,0.0009050319890837565,False
2018-05-30 19:30:15.433632+00:00,0.0003422099926719719,False
2018-05-31 03:46:49.535328+00:00,0.0006137336679301988,False
2018-05-31 10:24:04.778496+00:00,0.00040435036792824683,False
2018-05-31 18:40:38.852544+00:00,7.138357559182198e-05,False
2018-06-01 11:13:47.018784+00:00,0.001043363060766496,False
2018-06-01 19:30:21.081600+00:00,-5.6662930631595516e-05,False
2018-06-02 03:46:55.166016+00:00,0.0004147830800033238,False
2018-06-02 10:24:10.399680+00:00,0.00021969472983819692,False
2018-06-02 18:40:44.462496+00:00,4.8489975803746755e-05,False
2018-06-03 02:57:18.553824+00:00,0.0004974445695685544,False
2018-06-03 11:13:52.606272+00:00,0.00017354045163903934,False
2018-06-03 19:30:26.661312+00:00,-7.300401062358469e-05,False
2018-06-04 10:24:15.964704+00:00,0.0005506498727031207,False
2018-06-04 18:40:50.023200+00:00,-3.303743206548753e-05,False
2018-06-05 09:34:39.324000+00:00,0.0007231307707541407,False
2018-06-05 17:51:13.374720+00:00,-3.165703503942724e-05,False
2018-06-06 10:24:21.499488+00:00,0.0008535844126932574,False
2018-06-06 17:01:36.734880+00:00,-0.000202278262401487,False
2018-06-07 02:57:29.618208+00:00,0.0008037284830500354,False
2018-06-07 06:16:07.239360+00:00,-1.8458464590978378e-05,False
2018-06-07 11:14:03.657696+00:00,0.00021827861077413578,False
2018-06-07 17:51:18.889632+00:00,-3.704900632168752e-05,False
2018-06-08 10:24:27.006624+00:00,0.0010235478483743455,False
2018-06-08 18:41:01.054752+00:00,0.00011081489242301519,False
2018-06-09 11:14:09.167424+00:00,0.0009619339106628664,False
2018-06-09 19:30:43.206048+00:00,0.00011335288401071331,False
2018-06-10 03:47:17.281824+00:00,0.00062042330324953,False
2018-06-10 18:41:06.550656+00:00,0.0006137909884135945,False
2018-06-11 11:14:14.661600+00:00,0.0010474078820332268,False
2018-06-11 19:30:48.704544+00:00,0.000257258347689052,False
2018-06-12 03:47:22.783776+00:00,0.000653277903825897,False
2018-06-12 10:24:38.010528+00:00,0.0004097284491319137,False
2018-06-12 18:41:12.057792+00:00,6.574404544956416e-05,False
2018-06-13 02:57:46.126656+00:00,0.0007362475787767118,False
2018-06-13 09:35:01.353408+00:00,0.0001565555189124627,False
2018-06-13 19:30:54.203904+00:00,0.0005823156966262004,False
2018-06-14 03:47:28.285728+00:00,0.0005392765081046787,False
2018-06-14 12:04:02.322624+00:00,0.0004256109392982931,False
2018-06-14 15:22:39.942048+00:00,-6.394100873524156e-05,False
2018-06-14 18:41:17.551968+00:00,0.0003278510546717567,False
2018-06-15 11:14:25.620576+00:00,0.0004614582962136646,False
2018-06-15 19:30:59.657472+00:00,0.0003854496985711172,False
2018-06-16 03:47:33.728928+00:00,0.0003735487059241098,False
2018-06-16 12:04:07.752000+00:00,0.0003809651298780679,False
2018-06-16 20:20:41.783712+00:00,7.49451385038007e-05,False
2018-06-17 11:14:31.047360+00:00,0.0006549895620085466,False
2018-06-17 19:31:05.078208+00:00,0.00021693224282326798,False
2018-06-18 03:47:39.134112+00:00,0.00041055445225947584,False
2018-06-18 12:04:13.165824+00:00,0.0003854716688458222,False
2018-06-18 18:41:28.388256+00:00,0.00016385696611668967,False
2018-06-19 04:37:21.249984+00:00,0.0004352946568848611,False
2018-06-19 11:14:36.463776+00:00,0.0002165492225710571,False
2018-06-19 19:31:10.491168+00:00,0.00016572308048073487,False
2018-06-20 10:24:59.747040+00:00,0.0005390905727906017,False
2018-06-20 18:41:33.766656+00:00,-0.0001457814447090074,False
2018-06-21 04:37:26.608512+00:00,0.0004552672906094534,False
2018-06-21 07:56:04.208928+00:00,0.00012002498514514793,False
2018-06-21 11:14:41.819712+00:00,0.00014154840032478005,False
2018-06-21 16:12:38.238912+00:00,-8.570655567711859e-05,False
2018-06-21 19:31:15.841920+00:00,0.0003214430061300993,False
2018-06-22 12:04:23.920032+00:00,0.0006577210691851897,False
2018-06-22 18:41:39.136416+00:00,0.00014904966975949613,False
2018-06-23 11:14:47.209344+00:00,0.0007225242159953502,False
2018-06-23 19:31:21.222912+00:00,0.00018155413256454328,False
2018-06-24 12:04:29.286336+00:00,0.0008041176976440954,False
2018-06-24 18:41:44.496672+00:00,0.00012553568072907806,False
2018-06-25 11:14:52.554048+00:00,0.0007292388725288465,False
2018-06-25 19:31:26.569344+00:00,0.000196463703047205,False
2018-06-26 12:04:34.628448+00:00,0.0008113919371604767,False
2018-06-26 18:41:49.832736+00:00,-3.473997609924228e-05,False
2018-06-27 04:37:42.692736+00:00,0.0006135239462337034,False
2018-06-27 11:14:57.900480+00:00,0.00018823267253441936,False
2018-06-27 19:31:31.916640+00:00,0.000273518729283467,False
2018-06-28 03:48:05.944896+00:00,0.0003167419788737351,False
2018-06-28 10:25:21.159552+00:00,0.0003543535388502002,False
2018-06-28 18:41:55.183488+00:00,0.00022061117506803467,False
2018-06-29 04:37:48.034848+00:00,0.0006703518560896118,False
2018-06-29 11:15:03.244320+00:00,0.00017198924025640873,False
2018-06-29 19:31:37.257024+00:00,0.00016821605168283076,False
2018-06-30 03:48:11.295648+00:00,0.0002997561735198368,False
2018-06-30 12:04:45.297120+00:00,0.000335204507248705,False
2018-06-30 18:42:00.509184+00:00,0.000177354665878454,False
2018-07-01 04:37:53.364000+00:00,0.0006199314765300668,False
2018-07-01 11:15:08.572608+00:00,0.00011031079988903304,False
2018-07-01 19:31:42.580128+00:00,4.039661154919773e-05,False
2018-07-02 03:48:16.617888+00:00,0.00030557972307541096,False
2018-07-02 12:04:50.628864+00:00,0.00028577829269826226,False
2018-07-02 18:42:05.831424+00:00,0.0001873967135331525,False
2018-07-03 11:15:13.878432+00:00,0.0004910843998075435,False
2018-07-03 19:31:47.891136+00:00,0.00024555164053335,False
2018-07-04 03:48:21.933216+00:00,0.0002821340065840652,False
2018-07-04 12:04:55.938144+00:00,0.00024309686662065712,False
2018-07-04 18:42:11.147616+00:00,1.8056855991716546e-05,False
2018-07-05 04:38:03.980832+00:00,0.00038897074789077376,False
2018-07-05 06:17:22.778880+00:00,-3.922223617144022e-06,False
2018-07-05 11:15:19.185120+00:00,9.569583460472224e-05,False
2018-07-05 19:31:53.190912+00:00,0.00018989890462507367,False
2018-07-06 03:48:27.241632+00:00,0.00036343710503170364,False
2018-07-06 10:25:42.439872+00:00,0.00026127781948742277,False
2018-07-06 18:42:16.449120+00:00,6.90181054735759e-05,False
2018-07-07 04:38:09.302208+00:00,0.0006753041452265985,False
2018-07-07 11:15:24.503040+00:00,2.7272578000762086e-05,False
2018-07-07 19:31:58.508832+00:00,0.00018995947959072896,False
2018-07-08 03:48:32.550912+00:00,0.000291778769875989,False
2018-07-08 10:25:47.743104+00:00,0.00045164581298877675,False
2018-07-08 18:42:21.758400+00:00,0.0001706851760906095,False
2018-07-09 04:38:14.616672+00:00,0.000724077417082266,False
2018-07-09 11:15:29.825280+00:00,0.00016224844332697795,False
2018-07-09 19:32:03.840576+00:00,0.00044497738238367235,False
2018-07-10 03:48:37.864512+00:00,0.00013556432077569623,False
2018-07-10 10:25:53.073984+00:00,0.00032916844938724824,False
2018-07-10 18:42:27.095328+00:00,0.00024664291449960835,False
2018-07-11 09:36:16.362432+00:00,0.0009307247697209952,False
2018-07-11 12:54:53.977536+00:00,1.3062281175374872e-05,False
2018-07-11 16:13:31.581408+00:00,-1.6561837914294474e-05,False
2018-07-11 21:11:27.995424+00:00,0.000681921678022673,False
2018-07-12 02:09:24.436224+00:00,0.00028119032156370444,False
2018-07-12 08:46:39.655200+00:00,0.00022463529939773102,False
2018-07-12 18:42:32.483232+00:00,-6.28099403012701e-05,False
2018-07-13 02:59:06.520992+00:00,0.0006879376928395946,False
2018-07-13 09:36:21.736512+00:00,0.00029429674735172097,False
2018-07-13 17:52:55.754400+00:00,-6.536624314872259e-05,False
2018-07-14 03:48:48.599712+00:00,0.00046374074523201957,False
2018-07-14 10:26:03.805728+00:00,-4.94781791886594e-05,False
2018-07-14 18:42:37.830528+00:00,-0.00012638935149600691,False
2018-07-15 02:59:11.878656+00:00,0.0009176307350318502,False
2018-07-15 09:36:27.084672+00:00,0.00017210801564955378,False
2018-07-15 17:53:01.101696+00:00,-0.00010967800013791262,False
2018-07-15 21:11:38.714208+00:00,0.0004396953347925295,False
2018-07-16 00:30:16.341408+00:00,0.0001425970758703037,False
2018-07-16 08:46:50.370528+00:00,0.0002664374319753359,False
2018-07-16 12:05:27.983904+00:00,5.3790168712055094e-05,False
2018-07-16 17:03:24.398784+00:00,-0.00024011040112719486,False
2018-07-16 20:22:01.999200+00:00,8.934729283161047e-05,False
2018-07-17 02:59:17.216448+00:00,0.0003158691491004368,False
2018-07-17 09:36:32.431968+00:00,1.7656942949452497e-05,False
2018-07-17 12:55:10.035840+00:00,-0.00015209520815048796,False
2018-07-17 17:53:06.439488+00:00,-0.00022321015840250086,False
2018-07-17 21:11:44.037312+00:00,0.0004912713394597242,False
2018-07-18 02:09:40.474656+00:00,0.00014725455065336455,False
2018-07-18 10:26:14.479584+00:00,0.00012505120742787326,False
2018-07-18 12:05:33.288000+00:00,-4.662068309952107e-05,False
2018-07-18 17:03:29.701152+00:00,-0.00029629292771946015,False
2018-07-18 20:22:07.298976+00:00,0.00036617730057485534,False
2018-07-19 01:20:03.729408+00:00,0.00025159090579048363,False
2018-07-19 09:36:37.757664+00:00,8.31827721562832e-05,False
2018-07-19 12:55:15.363264+00:00,-9.006021342456056e-06,False
2018-07-19 17:53:11.773824+00:00,-0.0001326833152558909,False
2018-07-19 21:11:49.376832+00:00,0.00047101223833776417,False
2018-07-20 02:09:45.811584+00:00,0.00013008972548602193,False
2018-07-20 13:44:57.435936+00:00,3.369127716746674e-05,False
2018-07-20 17:03:35.044992+00:00,-0.00017203443309084698,False
2018-07-20 20:22:12.641952+00:00,0.0004700299405870905,False
2018-07-21 01:20:09.078432+00:00,0.00033554371617158763,False
2018-07-21 07:57:24.303456+00:00,-2.065159712415877e-05,False
2018-07-21 12:55:20.714880+00:00,-3.39706779858436e-05,False
2018-07-21 17:53:17.123712+00:00,-3.868928249087681e-05,False
2018-07-21 21:11:54.722400+00:00,0.0005325009623986213,False
2018-07-22 02:09:51.161472+00:00,0.00013910206005710864,False
2018-07-22 10:26:25.175904+00:00,0.00020134325977114653,False
2018-07-22 12:05:43.982592+00:00,-1.1118196924345853e-05,False
2018-07-22 20:22:18.000480+00:00,0.00021441199074274746,False
2018-07-23 21:12:00.086112+00:00,0.0009486309256881577,False
2018-07-24 12:05:49.358400+00:00,0.0005440638239061332,False
2018-07-24 22:01:42.169152+00:00,-0.0001233539963771571,False
2018-07-25 21:12:05.438592+00:00,0.0010451271639400613,False
2018-07-26 20:22:28.737408+00:00,0.0008436911083883863,False
2018-07-27 21:12:10.842912+00:00,0.00101227878083695,False
2018-07-28 02:10:07.288032+00:00,0.00014883904461804225,False
2018-07-28 10:26:41.305056+00:00,6.499779712660817e-05,False
2018-07-28 17:03:56.536128+00:00,-3.093062707426413e-05,False
2018-07-28 20:22:34.141728+00:00,0.0004761412298469511,False
2018-07-29 01:20:30.583392+00:00,0.0002666169281354997,False
2018-07-29 09:37:04.624608+00:00,0.00020336931850778716,False
2018-07-29 17:53:38.648544+00:00,-0.00010986722914224406,False
2018-07-29 21:12:16.261056+00:00,0.00048335493891514,False
2018-07-30 02:10:12.703584+00:00,0.00018809290027727057,False
2018-07-30 08:47:27.926880+00:00,0.00014510351050508078,False
2018-07-30 17:04:01.969824+00:00,-0.00017554996727952546,False
2018-07-30 20:22:39.571104+00:00,0.0004990741023993566,False
2018-07-31 01:20:36.015360+00:00,0.0002308816929909995,False
2018-07-31 09:37:10.053120+00:00,0.00026590950863548203,False
2018-07-31 16:14:25.271232+00:00,-0.0003351945136546528,False
2018-07-31 22:51:40.499712+00:00,0.0005185705986911704,False
2018-08-01 02:10:18.132096+00:00,0.00010173942723426737,False
2018-08-01 08:47:33.357120+00:00,0.00010001169474454079,False
2018-08-01 17:04:07.398336+00:00,-0.0002694704389498854,False
2018-08-01 20:22:44.998752+00:00,0.00027738193259956294,False
2018-08-02 01:20:41.432640+00:00,8.114943604349307e-05,False
2018-08-02 09:37:15.460032+00:00,-4.9672831225211554e-05,False
2018-08-02 16:14:30.670368+00:00,-0.0002235685957051464,False
2018-08-02 21:12:27.090432+00:00,0.0005041219931693301,False
2018-08-03 00:31:04.725408+00:00,0.00014773376425890412,False
2018-08-03 10:26:57.575904+00:00,0.00028775457313621376,False
2018-08-03 17:04:12.809568+00:00,-0.00021858588260845798,False
2018-08-03 22:02:09.221856+00:00,0.0005410456213419279,False
2018-08-04 01:20:46.858560+00:00,0.0001673957830716574,False
2018-08-04 09:37:20.904960+00:00,0.0001570102051559974,False
2018-08-04 12:55:58.512288+00:00,-0.0001516652001747413,False
2018-08-04 16:14:36.118752+00:00,-0.00021457818012707845,False
2018-08-04 21:12:32.534496+00:00,0.00037412108011253693,False
2018-08-05 00:31:10.166016+00:00,6.653478145604492e-05,False
2018-08-05 08:47:44.197728+00:00,0.00014311233457301446,False
2018-08-05 12:06:21.815424+00:00,0.0002696884287993244,False
2018-08-05 17:04:18.239808+00:00,-0.00019107122819168865,False
2018-08-05 22:02:14.652960+00:00,0.0005677369170100699,False
2018-08-06 01:20:52.293120+00:00,0.00017436436861645034,False
2018-08-06 09:37:26.338656+00:00,0.000249776975145814,False
2018-08-06 17:54:00.378144+00:00,-5.061395800404851e-05,False
2018-08-06 21:12:37.988064+00:00,0.000533429780602545,False
2018-08-07 02:10:34.433184+00:00,-7.091102151745774e-05,False
2018-08-07 08:47:49.637472+00:00,0.00015542973124838704,False
2018-08-07 17:04:23.686464+00:00,-0.00018733272747699787,False
2018-08-07 20:23:01.289472+00:00,0.00032434988312944304,False
2018-08-08 03:00:16.530912+00:00,0.00037900393642673286,False
2018-08-08 09:37:31.774944+00:00,0.0002691909001740359,False
2018-08-08 17:54:05.815296+00:00,-3.580284663307195e-05,False
2018-08-08 21:12:43.429536+00:00,0.0005699590419038007,False
2018-08-09 02:10:39.880704+00:00,0.00021730867259853716,False
2018-08-09 17:04:29.160768+00:00,6.935857476983312e-05,False
2018-08-09 22:02:25.584288+00:00,0.0005924917166798979,False
2018-08-10 01:21:03.223584+00:00,0.00013006754133854768,False
2018-08-10 09:37:37.270848+00:00,0.00035483335386687036,False
2018-08-10 17:54:11.318112+00:00,5.303907563482008e-06,False
2018-08-10 21:12:48.934080+00:00,0.0005445606871827836,False
2018-08-11 12:06:38.248704+00:00,0.0005739864180072652,False
2018-08-11 20:23:12.291648+00:00,0.00027493054438016085,False
2018-08-12 12:56:20.421600+00:00,0.0005321240880200418,False
2018-08-12 21:12:54.462816+00:00,0.0003425381487397278,False
2018-08-13 20:23:17.805696+00:00,0.0006303126672651853,False
2018-08-14 09:37:48.317088+00:00,0.0005539713333465848,False
2018-08-14 17:54:22.369536+00:00,2.2988052897583006e-05,False
2018-08-14 21:12:59.982912+00:00,0.0002884755354865558,False
2018-08-15 02:10:56.427168+00:00,5.7417737640448325e-06,False
2018-08-15 10:27:30.452832+00:00,8.904197966346276e-05,False
2018-08-15 17:04:45.695136+00:00,-0.00038884505175121916,False
2018-08-15 20:23:23.303328+00:00,0.00032755269372873564,False
2018-08-16 03:00:38.558592+00:00,0.00017696500851102596,False
2018-08-16 09:37:53.787072+00:00,0.0001658870917436595,False
2018-08-16 16:15:09.018144+00:00,-0.00031384090786164157,False
2018-08-16 21:13:05.444256+00:00,0.0003613573053208184,False
2018-08-17 02:11:01.885056+00:00,5.2926373719396644e-05,False
2018-08-17 10:27:35.924544+00:00,0.0002484570991743409,False
2018-08-17 17:04:51.167712+00:00,-0.0003442102332006747,False
2018-08-17 20:23:28.775040+00:00,0.0004949937413157646,False
2018-08-18 01:21:25.226208+00:00,0.00023662520402020564,False
2018-08-18 09:37:59.275200+00:00,2.2605825794290186e-05,False
2018-08-18 16:15:14.499360+00:00,-0.00020383249806550107,False
2018-08-18 21:13:10.925472+00:00,0.00045758977767250587,False
2018-08-19 02:11:07.373184+00:00,0.00014597289371703307,False
2018-08-19 10:27:41.417856+00:00,0.0004342829455925486,False
2018-08-19 12:07:00.231456+00:00,1.9203532127112324e-05,False
2018-08-19 17:04:56.662752+00:00,-0.0001130729919355129,False
2018-08-19 20:23:34.275264+00:00,0.0004536611862152103,False
2018-08-20 03:00:49.536576+00:00,0.00028254413031800863,False
2018-08-20 09:38:04.781472+00:00,-1.1961489265311048e-05,False
2018-08-20 12:56:42.390528+00:00,-6.244988749404891e-05,False
2018-08-20 16:15:20.002176+00:00,-4.426928704634861e-05,False
2018-08-20 21:13:16.433472+00:00,0.0005833418219655043,False
2018-08-21 20:23:39.810048+00:00,0.000978642799567343,False
2018-08-22 04:40:13.889280+00:00,0.00033902815576694595,False
2018-08-22 11:17:29.128128+00:00,0.00026055405109199226,False
2018-08-22 19:34:03.178848+00:00,0.00034394616154774835,False
2018-08-23 05:29:56.077728+00:00,0.00048380354956462107,False
2018-08-23 08:48:33.691968+00:00,0.00020454793932929977,False
2018-08-23 12:07:11.317440+00:00,0.00012588140945691005,False
2018-08-23 15:25:48.939456+00:00,-0.00012107103767667651,False
2018-08-23 20:23:45.369024+00:00,0.000566418940928196,False
2018-08-24 01:21:41.824512+00:00,0.0003141794644785813,False
2018-08-26 19:34:14.342592+00:00,0.0014184662416310634,False
2018-08-26 21:13:33.030912+00:00,0.002275596770892779,False
2018-08-27 02:11:29.501088+00:00,-0.0028908892590614583,False
2018-08-27 10:28:03.520704+00:00,0.00062100196855835,False
2018-08-27 17:05:18.756096+00:00,0.0008502918034852413,False
2018-08-27 22:03:15.196032+00:00,0.003168633139835382,False
2018-08-28 03:01:11.731008+00:00,-0.002582787696559099,False
2018-08-28 09:38:26.885184+00:00,-0.0013934939290301525,False
2018-08-28 17:55:00.892704+00:00,0.001387433795485234,False
2018-08-29 02:11:35.041056+00:00,-0.0022325141592459984,False
2018-08-29 10:28:08.990688+00:00,0.00201159537154468,False
2018-08-29 18:44:43.107936+00:00,0.002046192819040651,False
2018-08-30 03:01:17.223456+00:00,-0.00010895475207422752,False
2018-08-30 06:19:54.844608+00:00,1.9111923033598164e-05,False
2018-08-30 09:38:32.457984+00:00,0.00010202515128258233,False
2018-08-30 17:55:06.505248+00:00,-8.62664212237714e-05,False
2018-08-31 03:50:59.380800+00:00,0.0001338080709235271,False
2018-08-31 10:28:14.582496+00:00,0.000249519754127097,False
2018-08-31 18:44:48.630624+00:00,-0.00012573650660777612,False
2018-09-01 03:01:22.702080+00:00,0.0006752887737574566,False
2018-09-01 09:38:37.932288+00:00,0.0001505271566824864,False
2018-09-01 17:55:11.972640+00:00,-7.242249585580834e-05,False
2018-09-02 02:11:46.033728+00:00,0.00045837810878734015,False
2018-09-02 10:28:20.076672+00:00,0.00029851755882334176,False
2018-09-02 18:44:54.121344+00:00,-0.00010185141122762186,False
2018-09-03 03:01:28.192800+00:00,0.0008197539286872208,False
2018-09-03 09:38:43.419552+00:00,0.00010522419656026276,False
2018-09-03 17:55:17.453856+00:00,-0.00015606832256151936,False
2018-09-04 03:51:10.324224+00:00,0.0004664238796742848,False
2018-09-04 10:28:25.550112+00:00,0.00028287915219648825,False
2018-09-04 18:44:59.592192+00:00,-7.45291097905029e-05,False
2018-09-05 03:01:33.667104+00:00,0.0007327268631992393,False
2018-09-05 11:18:07.703136+00:00,0.0002883264049813326,False
2018-09-05 17:55:22.932480+00:00,-8.286187894642692e-05,False
2018-09-06 03:51:15.809760+00:00,0.00043269079916207685,False
2018-09-06 05:30:34.587072+00:00,2.087503943558077e-05,False
2018-09-06 10:28:31.010592+00:00,0.0002689402097527651,False
2018-09-06 20:24:23.859360+00:00,0.00047404587515216285,False
2018-09-07 04:40:57.927360+00:00,0.0004260287456651031,False
2018-09-07 11:18:13.148064+00:00,8.863873267957726e-05,False
2018-09-07 21:14:05.989920+00:00,0.0003139340017561336,False
2018-09-08 05:30:40.061376+00:00,0.000558605981257202,False
2018-09-08 12:07:55.288992+00:00,0.00041349872093649636,False
2018-09-08 20:24:29.332800+00:00,0.0002918967657165838,False
2018-09-09 04:41:03.413760+00:00,0.0005513986324636469,False
2018-09-09 11:18:18.626688+00:00,0.00018402058267560364,False
2018-09-09 21:14:11.467680+00:00,0.0007372780217963695,False
2018-09-10 05:30:45.540864+00:00,0.00036097768822937156,False
2018-09-10 12:08:00.771936+00:00,0.0004010056913758343,False
2018-09-10 20:24:34.804512+00:00,0.00040406788168066574,False
2018-09-11 04:41:08.887200+00:00,0.0005297453061833171,False
2018-09-11 11:18:24.110496+00:00,0.0001487002003173295,False
2018-09-11 19:34:58.145664+00:00,0.0004312878342704506,False
2018-09-12 05:30:51.022944+00:00,0.0004907940699730481,False
2018-09-12 12:08:06.238464+00:00,0.0003397770981576315,False
2018-09-12 20:24:40.271904+00:00,0.00020649188112638323,False
2018-09-13 04:41:14.330400+00:00,0.0003645978900728182,False
2018-09-13 11:18:29.549376+00:00,0.0001852431861165038,False
2018-09-13 19:35:03.582816+00:00,0.00026306774180833396,False
2018-09-14 05:30:56.442816+00:00,0.00030055430514698285,False
2018-09-14 12:08:11.660064+00:00,0.00026213688357940674,False
2018-09-14 20:24:45.682272+00:00,5.119145001612676e-05,False
2018-09-15 04:41:19.743360+00:00,0.0003856114374994798,False
2018-09-15 11:18:34.964928+00:00,0.0002644099069528937,False
2018-09-15 19:35:08.982816+00:00,9.814265906139764e-05,False
2018-09-16 05:31:01.834176+00:00,0.0002637537566055476,False
2018-09-16 12:08:17.050560+00:00,0.0002401182886484677,False
2018-09-16 20:24:51.071040+00:00,0.0001538632798731942,False
2018-09-17 04:41:25.119168+00:00,0.00036098117828116985,False
2018-09-17 11:18:40.326048+00:00,0.00011839500975091143,False
2018-09-17 19:35:14.338752+00:00,0.0002498713053648589,False
2018-09-18 05:31:07.196160+00:00,0.00027592586506171394,False
2018-09-18 12:08:22.396128+00:00,0.00020179986466728548,False
2018-09-18 20:24:56.405376+00:00,0.00015540308101996095,False
2018-09-19 04:41:30.456960+00:00,0.00046677204843065354,False
2018-09-19 11:18:45.666432+00:00,0.0002823444590783237,False
2018-09-19 19:35:19.685184+00:00,0.0002481413762271689,False
2018-09-20 05:31:12.541728+00:00,0.0006371667019150393,False
2018-09-20 08:49:50.138688+00:00,0.00015534754625505265,False
2018-09-20 20:25:01.752672+00:00,0.0006772516583818801,False
2018-09-21 19:35:25.040256+00:00,0.0012196577138842762,False
2018-09-22 12:08:33.097632+00:00,0.0008362999217465209,False
2018-09-22 20:25:07.105152+00:00,0.0004780264876087687,False
2018-09-23 11:18:56.375712+00:00,0.0009948088098470122,False
2018-09-23 19:35:30.399648+00:00,0.0002739628692990504,False
2018-09-24 12:08:38.420736+00:00,0.0007414530840868253,False
2018-09-24 20:25:12.436032+00:00,0.00046933061211217665,False
2018-09-25 17:56:16.878912+00:00,0.0006312271599921986,False
2018-09-25 21:14:54.479328+00:00,0.0005432282960275417,False
2018-09-26 02:12:50.905440+00:00,0.00028761950451746993,False
2018-09-26 08:50:06.120096+00:00,0.00029079785965268923,False
2018-09-26 12:08:43.727424+00:00,0.00020000728910867137,False
2018-09-26 17:06:40.138848+00:00,-0.00016120132938403977,False
2018-09-26 20:25:17.731488+00:00,0.000569861679733438,False
2018-09-27 01:23:14.161920+00:00,0.0003115221263575547,False
2018-09-27 09:39:48.175488+00:00,0.00019617417625613991,False
2018-09-27 17:56:22.168320+00:00,-0.0001349154803421624,False
2018-09-27 21:14:59.765280+00:00,0.0005971547374072694,False
2018-09-28 02:12:56.196576+00:00,0.0001271032366610132,False
2018-09-28 08:50:11.393952+00:00,0.00025881015235439765,False
2018-09-28 17:06:45.401472+00:00,-9.668129610745387e-05,False
2018-09-28 20:25:22.994112+00:00,0.0005258846941841644,False
2018-09-29 01:23:19.418496+00:00,0.0003499707002593333,False
2018-09-29 09:39:53.426016+00:00,0.00013895907059397427,False
2018-09-29 17:56:27.422304+00:00,-0.00010739868368283835,False
2018-09-29 21:15:05.015808+00:00,0.0006771131837217554,False
2018-09-30 02:13:01.442784+00:00,3.4981462003589285e-05,False
2018-09-30 10:29:35.434752+00:00,0.00042484393204784255,False
2018-09-30 17:06:50.636448+00:00,-0.00020535278423891665,False
2018-09-30 20:25:28.221312+00:00,0.0003219999191745083,False
2018-10-01 01:23:24.632736+00:00,0.0003622464221694579,False
2018-10-01 09:39:58.631616+00:00,0.00018604426159476073,False
2018-10-01 12:58:36.228576+00:00,6.452051456866636e-05,False
2018-10-01 16:17:13.825536+00:00,-0.00013437568687180114,False
2018-10-01 21:15:10.217952+00:00,0.0005903211933302348,False
2018-10-02 02:13:06.632832+00:00,0.00014191794178742314,False
2018-10-02 10:29:40.616160+00:00,0.00032843516455151886,False
2018-10-02 12:08:59.415936+00:00,3.281834399167432e-05,False
2018-10-02 17:06:55.814400+00:00,-0.00031607360784135054,False
2018-10-02 22:04:52.197312+00:00,0.0004808308358638921,False
2018-10-03 01:23:29.808096+00:00,0.0002727924638029996,False
2018-10-03 09:40:03.800928+00:00,0.000327754918143114,False
2018-10-03 11:19:22.597248+00:00,9.201114322372603e-05,False
2018-10-03 16:17:18.995712+00:00,-0.00015813178931287016,False
2018-10-03 21:15:15.382944+00:00,0.0005536618417317563,False
2018-10-04 02:13:11.795232+00:00,-0.0001493405937768384,False
2018-10-04 12:09:04.559328+00:00,0.0003699005511424652,False
2018-10-04 17:07:00.944832+00:00,-0.0001275265494693638,False
2018-10-04 20:25:38.527968+00:00,0.0005993371004314817,False
2018-10-05 01:23:34.941984+00:00,0.00043229191800142944,False
2018-10-05 04:42:12.549312+00:00,1.697016827508066e-05,False
2018-10-05 09:40:08.934816+00:00,0.0001358071676241253,False
2018-10-05 17:56:42.915552+00:00,0.00014106005726019288,False
2018-10-05 21:15:20.506464+00:00,0.0006232056408699877,False
2018-10-06 02:13:16.917024+00:00,0.00027719963165017704,False
2018-10-06 10:29:50.894304+00:00,0.00041260211041073533,False
2018-10-06 17:07:06.086496+00:00,-0.00011954025695760126,False
2018-10-06 20:25:43.671360+00:00,0.0005878552871394732,False
2018-10-07 21:15:25.650720+00:00,0.0017896066345107562,False
2018-10-07 22:54:44.478144+00:00,0.00021124421383360406,False
2018-10-08 12:09:14.835744+00:00,0.0002859050790257207,False
2018-10-08 20:25:48.809568+00:00,0.00039524409547129,False
2018-10-09 04:42:22.821408+00:00,0.00042127734734876933,False
2018-10-09 11:19:37.983360+00:00,0.00037638522895063056,False
2018-10-09 19:36:11.964960+00:00,0.0005310233460415472,False
2018-10-10 05:32:04.772256+00:00,0.00046951581933209945,False
2018-10-10 12:09:19.935072+00:00,0.0004923052515947008,False
2018-10-10 20:25:53.913216+00:00,0.00032760375126199547,False
2018-10-11 04:42:27.913824+00:00,0.0005459644011125537,False
2018-10-11 09:40:24.297600+00:00,0.00021582716753781037,False
2018-10-11 11:19:43.088736+00:00,-4.137600547607847e-05,False
2018-10-11 16:17:39.470784+00:00,-8.897783789291603e-05,False
2018-10-11 19:36:17.049600+00:00,0.0004054137060744528,False
2018-10-12 05:32:09.841344+00:00,0.00044486411417710874,False
2018-10-12 12:09:25.011072+00:00,0.00036207655216124465,False
2018-10-12 20:25:58.976256+00:00,0.00034118649238246927,False
2018-10-13 04:42:32.969952+00:00,0.0004257031609306025,False
2018-10-13 11:19:48.137088+00:00,0.0001779639408671883,False
2018-10-13 21:15:40.895136+00:00,0.0004328986427795104,False
2018-10-14 05:32:14.887104+00:00,0.00023557867354141862,False
2018-10-14 12:09:30.050784+00:00,0.0003785995727839587,False
2018-10-14 20:26:04.006464+00:00,0.0002698984440578204,False
2018-10-15 04:42:38.001888+00:00,0.000298825982752655,False
2018-10-15 11:19:53.155200+00:00,9.986730703048373e-05,False
2018-10-15 19:36:27.115200+00:00,0.00037320323278712504,False
2018-10-16 05:32:19.892256+00:00,0.00027397562543607693,False
2018-10-16 12:09:35.049024+00:00,0.000372154240039274,False
2018-10-16 20:26:09.002112+00:00,0.00028655213453072855,False
2018-10-17 04:42:42.993216+00:00,0.0003510725618263615,False
2018-10-17 11:19:58.148256+00:00,0.00026301834776887317,False
2018-10-17 21:15:50.899392+00:00,0.0006309236384791649,False
2018-10-18 05:32:24.886176+00:00,0.00016742789308654774,False
2018-10-18 12:09:40.033440+00:00,0.00039172642568247485,False
2018-10-18 20:26:13.987392+00:00,0.00036188942854302426,False
2018-10-19 04:42:47.975904+00:00,0.00048502345942945206,False
2018-10-19 11:20:03.142176+00:00,0.00036403484916037863,False
2018-10-19 21:15:55.892448+00:00,0.0007817410271449687,False
2018-10-20 05:32:29.886144+00:00,0.00020641374574351188,False
2018-10-20 12:09:45.039456+00:00,0.00037819337286001747,False
2018-10-20 20:26:18.990816+00:00,0.000472473634386567,False
2018-10-21 04:42:52.981920+00:00,0.0005465229343732472,False
2018-10-21 11:20:08.146464+00:00,0.00037975585297908115,False
2018-10-21 21:16:00.902784+00:00,0.0005926197618340396,False
2018-10-22 05:32:34.879200+00:00,0.00025476762110920176,False
2018-10-22 20:26:23.991648+00:00,0.0009700750767411439,False
2018-10-23 04:42:57.982752+00:00,0.000509822826069523,False
2018-10-23 09:40:54.355296+00:00,0.0001546866462294004,False
2018-10-23 11:20:13.140384+00:00,0.00021772892600628772,False
2018-10-23 19:36:47.099520+00:00,0.0004771415055201557,False
2018-10-24 05:32:39.876576+00:00,0.0003659969198025498,False
2018-10-25 16:18:14.499936+00:00,0.0014275979565976818,False
2018-10-25 19:36:52.059744+00:00,0.00053113479809474,False
2018-10-26 12:09:59.997888+00:00,0.0009494879843377056,False
2018-10-26 18:47:15.154656+00:00,6.723036134438697e-05,False
2018-10-27 04:43:07.920480+00:00,0.0007014306290701305,False
2018-10-27 11:20:23.073792+00:00,0.00014839114506834655,False
2018-10-27 19:36:57.019104+00:00,0.00037418779426058265,False
2018-10-27 22:55:34.610880+00:00,0.00046045291405038744,False
2018-10-28 22:05:57.716160+00:00,0.0007649655300721345,False
2018-10-29 01:24:35.268192+00:00,0.0003114654853071648,False
2018-10-29 08:01:50.427552+00:00,0.00015245078582534728,False
2018-10-29 12:59:46.796640+00:00,2.8743615095464003e-05,False
2018-10-29 17:57:43.157088+00:00,-3.720139149474152e-05,False
2018-10-29 21:16:20.729856+00:00,0.000588246575843486,False
2018-10-30 02:14:17.125728+00:00,0.00024604333933416243,False
2018-10-30 10:30:51.055488+00:00,0.00026273258352315325,False
2018-10-30 12:10:09.848352+00:00,6.93477171832287e-05,False
2018-10-30 17:08:06.220896+00:00,-1.311457888898812e-05,False
2018-10-30 20:26:43.793664+00:00,0.00018385698185589055,False
2018-10-31 01:24:40.168800+00:00,0.000350537113105938,False
2018-10-31 09:41:14.114976+00:00,0.00027031354002649867,False
2018-10-31 17:57:48.059424+00:00,-5.297540666549471e-05,False
2018-10-31 21:16:25.633056+00:00,0.0006117554999993271,False
2018-11-01 02:14:22.023744+00:00,0.0002048547089504916,False
2018-11-01 10:30:55.969056+00:00,0.0004902848507500935,False
2018-11-01 17:08:11.129280+00:00,-3.665964670217979e-05,False
2018-11-01 20:26:48.703776+00:00,0.0005761196322124064,False
2018-11-02 01:24:45.096192+00:00,0.0003547176231710356,False
2018-11-02 08:02:00.259008+00:00,0.0002113363689226166,False
2018-11-02 17:57:52.988544+00:00,8.468614827785131e-05,False
2018-11-02 21:16:30.563040+00:00,0.000710152178238826,False
2018-11-03 02:14:26.960640+00:00,2.939153315202191e-05,False
2018-11-03 08:51:42.094080+00:00,0.0003080149022993343,False
2018-11-03 17:08:16.048896+00:00,0.0001010347878880938,False
2018-11-03 20:26:53.621664+00:00,0.00035820937103403776,False
2018-11-04 01:24:50.000256+00:00,0.00041454243756343693,False
2018-11-04 09:41:23.960256+00:00,0.00035302614292017146,False
2018-11-04 17:57:57.902112+00:00,7.80696497746778e-05,False
2018-11-04 21:16:35.477472+00:00,0.0006032014722857747,False
2018-11-05 02:14:31.869024+00:00,0.00035671904364919415,False
2018-11-05 10:31:05.816064+00:00,0.0003769673188303574,False
2018-11-05 17:08:20.984064+00:00,0.00014899364829128024,False
2018-11-05 22:06:17.353152+00:00,0.00041717185469521075,False
2018-11-06 01:24:54.940608+00:00,0.00050343996671253,False
2018-11-06 09:41:28.896288+00:00,-0.000533065042496674,False
2018-11-06 13:00:06.426720+00:00,0.00016464579103521077,False
2018-11-06 17:58:02.800992+00:00,-0.0001571504527579287,False
2018-11-06 21:16:40.362528+00:00,-6.8668305461666e-05,False
2018-11-07 02:14:36.713472+00:00,-0.000324852479532078,False
2018-11-07 10:31:10.413408+00:00,-0.009721151922295314,False
2018-11-07 13:49:47.529120+00:00,-0.002062826689001143,False
2018-11-07 17:08:24.965376+00:00,-0.0012565503973155075,False
2018-11-07 20:27:02.457792+00:00,-0.0013626880552746984,False
2018-11-08 01:24:58.704192+00:00,-0.0012893311417175222,False
2018-11-08 09:41:32.251200+00:00,-0.007107462038556293,False
2018-11-08 13:00:09.645984+00:00,-0.0019980101154242736,False
2018-11-08 17:58:05.840544+00:00,-0.0025385713810543945,False
2018-11-08 21:16:43.282848+00:00,-0.003360866352002153,False
2018-11-09 02:14:39.362496+00:00,-0.0049712342591425015,False
2018-11-09 10:31:12.684864+00:00,-0.005678276192481755,False
2018-11-09 17:08:27.457152+00:00,-0.005440654980537731,False
2018-11-09 20:27:04.861440+00:00,-0.0016320747925560365,False
2018-11-10 01:25:00.988608+00:00,-0.004476568908791766,False
2018-11-10 14:39:30.356928+00:00,-0.009600421093227627,False
2018-11-10 21:16:45.162912+00:00,-0.0038302717786599084,False
2018-11-11 00:35:22.500672+00:00,-0.0026980883093752693,False
2018-11-11 08:51:55.878336+00:00,-0.0034621154077294635,False
2018-11-11 15:29:10.628160+00:00,-0.003220708976947046,False
2018-11-11 20:27:06.681024+00:00,-0.00223118492536427,False
2018-11-12 01:25:02.720928+00:00,-0.0010950574375936074,False
2018-11-12 09:41:36.172032+00:00,-0.002210571221518484,False
2018-11-12 14:39:32.306112+00:00,-0.0009708123616375065,False
2018-11-12 21:16:47.012736+00:00,-0.002517501640275525,False
2018-11-13 02:14:43.026720+00:00,0.0024916148199631287,False
2018-11-13 10:31:16.721472+00:00,0.0010264533534825662,False
2018-11-13 13:49:54.200928+00:00,0.00010985064973500531,False
2018-11-13 17:08:31.610400+00:00,-0.0005496052751560787,False
2018-11-13 22:06:27.663264+00:00,0.001827148365938313,False
2018-11-14 01:25:05.195424+00:00,0.002791063262758479,False
2018-11-14 08:02:20.178528+00:00,-0.00010724822210785034,False
2018-11-14 16:18:53.677152+00:00,0.0011608760051280197,False
2018-11-14 21:16:49.798272+00:00,0.005482104196518689,False
2018-11-15 02:14:46.028256+00:00,0.002139540003155414,False
2018-11-15 08:52:01.041600+00:00,0.0019175570860443165,False
2018-11-15 13:49:57.140256+00:00,0.004507488343582598,False
2018-11-15 20:27:12.090528+00:00,0.008549823093117746,False
2018-11-16 01:25:08.466528+00:00,0.0017794738358239577,False
2018-11-16 08:02:23.377056+00:00,0.0014660768950438437,False
2018-11-16 13:00:19.520640+00:00,0.00041472029894031444,False
2018-11-16 17:58:15.663360+00:00,0.0007349090662300234,False
2018-11-16 21:16:53.099616+00:00,0.0007900459532798386,False
2018-11-17 02:14:49.279488+00:00,0.000328751050574688,False
2018-11-17 10:31:22.837728+00:00,0.0002509868895827353,False
2018-11-17 13:50:00.266208+00:00,0.00018196936101960606,False
2018-11-17 17:08:37.694688+00:00,0.00025990225647231675,False
2018-11-17 20:27:15.129216+00:00,0.0006724137858093786,False
2018-11-18 01:25:11.299584+00:00,0.00047146492147283846,False
2018-11-18 08:02:26.156544+00:00,0.00011241341105658597,False
2018-11-18 21:16:55.863552+00:00,0.0009440622390943847,False
2018-11-19 02:14:52.040832+00:00,0.0002665112718251379,False
2018-11-19 10:31:25.586976+00:00,0.0001528809634712946,False
2018-11-19 17:08:40.452576+00:00,0.00021052182953595428,False
2018-11-19 22:06:36.599616+00:00,0.0006039848826852956,False
2018-11-20 01:25:14.047968+00:00,0.0004061302436735569,False
2018-11-20 09:41:47.631264+00:00,0.0003744950797419023,False
2018-11-20 17:58:21.212832+00:00,0.0004668168670484749,False
2018-11-20 21:16:58.646496+00:00,0.0006102144052342871,False
2018-11-21 02:14:54.816864+00:00,0.00023362863015344396,False
2018-11-21 08:52:09.666912+00:00,0.0002472050726479476,False
2018-11-21 17:08:43.255392+00:00,0.0003890340838515155,False
2018-11-21 20:27:20.687328+00:00,0.00045979365231568065,False
2018-11-22 01:25:16.848192+00:00,0.0003238541820858658,False
2018-11-22 09:41:50.432352+00:00,0.0003276550526083688,False
2018-11-22 17:58:24.002688+00:00,0.00017167691861673764,False
2018-11-23 03:54:16.309728+00:00,0.0006744517270113573,False
2018-11-23 10:31:31.182240+00:00,0.0003903553615376303,False
2018-11-23 18:48:04.772448+00:00,0.00015250439635089826,False
2018-11-24 03:04:38.384256+00:00,0.0009102104701858921,False
2018-11-24 11:21:11.958912+00:00,0.000304242317168399,False
2018-11-24 17:58:26.821056+00:00,0.00023893145422739849,False
2018-11-25 03:54:19.143648+00:00,0.00048269765754607177,False
2018-11-25 10:31:33.994560+00:00,0.0004216094678090019,False
2018-11-25 18:48:07.583904+00:00,-2.7886544617893288e-06,False
2018-11-26 03:04:41.185344+00:00,0.0008070222274932856,False
2018-11-26 06:23:18.620736+00:00,0.00012796519155390998,False
2018-11-28 05:04:42.975264+00:00,0.00148898372980777,False
2018-11-28 11:21:17.557632+00:00,0.00029675541531150974,False
2018-11-28 19:37:51.141792+00:00,0.0001751013293379704,False
2018-11-29 03:54:24.754464+00:00,0.0006226499949518879,False
2018-11-29 10:31:39.620064+00:00,0.0004505516208823069,False
2018-11-29 18:48:13.204224+00:00,5.430432544835552e-05,False
2018-11-30 04:44:05.544096+00:00,0.0007475121343009884,False
2018-11-30 11:21:20.400192+00:00,0.00025102717886477425,False
2018-11-30 19:37:53.986944+00:00,0.0002831921637707162,False
2018-12-01 03:54:27.599616+00:00,0.0005903795485928846,False
2018-12-01 12:11:01.183776+00:00,0.0005988725372787247,False
2018-12-01 18:48:16.062336+00:00,0.00016167747894878703,False
2018-12-02 04:44:08.403936+00:00,0.000720936329581207,False
2018-12-02 11:21:23.274720+00:00,0.00027463900084466844,False
2018-12-02 19:37:56.864064+00:00,0.00030941644842728344,False
2018-12-03 03:54:30.487968+00:00,0.0006492342129388204,False
2018-12-03 10:31:45.354432+00:00,0.00029891701197444314,False
2018-12-03 18:48:18.948960+00:00,0.00035165008268175165,False
2018-12-04 04:44:11.290560+00:00,0.0007661831963169539,False
2018-12-04 11:21:26.175168+00:00,0.000500517190629154,False
2018-12-04 19:37:59.774016+00:00,0.00043990113627696413,False
2018-12-05 10:31:48.284256+00:00,0.00105649920008276,False
2018-12-05 17:09:03.160224+00:00,5.775486335890794e-06,False
2018-12-06 03:04:55.507872+00:00,0.0008576713548443265,False
2018-12-06 09:42:10.392480+00:00,0.00034752301731814917,False
2018-12-06 17:58:43.996512+00:00,0.0002572147841760883,False
2018-12-07 10:31:51.217536+00:00,0.0011409386518698573,False
2018-12-07 18:48:24.821568+00:00,-4.477707852130499e-06,False
2018-12-08 03:04:58.444608+00:00,0.0007302294634770372,False
2018-12-08 11:21:32.039136+00:00,0.0003657346850883935,False
2018-12-08 17:58:46.915968+00:00,-1.274635163794137e-05,False
2018-12-09 03:54:39.262752+00:00,0.0005001011189752022,False
2018-12-09 10:31:54.124032+00:00,0.00041741340620026054,False
2018-12-09 18:48:27.727200+00:00,-2.0697078890167153e-06,False
2018-12-10 03:05:01.353696+00:00,0.0006836950738548785,False
2018-12-10 11:21:34.945632+00:00,0.0003483746264470867,False
2018-12-10 17:58:49.827648+00:00,1.0400828309465324e-07,False
2018-12-11 02:15:23.452416+00:00,0.000521274723122833,False
2018-12-11 10:31:57.057312+00:00,0.00046944386021080607,False
2018-12-11 17:09:11.945376+00:00,-4.9387978484492995e-05,False
2018-12-12 03:05:04.282656+00:00,0.0005564720866261341,False
2018-12-12 09:42:19.162080+00:00,0.0002365740084729692,False
2018-12-12 17:58:52.760928+00:00,8.821228447874352e-05,False
2018-12-13 02:15:26.395200+00:00,0.0006183906596695599,False
2018-12-13 10:31:59.990592+00:00,0.00025314407943610723,False
2018-12-13 18:48:33.585984+00:00,-8.222330762107345e-05,False
2018-12-14 03:05:07.221120+00:00,0.000730884367151295,False
2018-12-14 09:42:22.081536+00:00,0.00024265399763557876,False
2018-12-14 17:58:55.689024+00:00,4.119953928912454e-05,False
2018-12-15 03:54:48.037536+00:00,0.0006935571017788883,False
2018-12-15 10:32:02.916960+00:00,0.00038071828599962735,False
2018-12-15 18:48:36.527904+00:00,6.636394331513385e-05,False
2018-12-16 03:05:10.163040+00:00,0.0007915588373339673,False
2018-12-16 09:42:25.045056+00:00,0.0003270139272398548,False
2018-12-16 17:58:58.655136+00:00,3.984951777414035e-05,False
2018-12-17 03:54:51.006240+00:00,0.00018571261834933234,False
2018-12-17 10:32:05.855424+00:00,0.00040631477234241866,False
2018-12-17 18:48:39.466368+00:00,0.0001432915672562438,False
2018-12-18 03:05:13.110144+00:00,0.0009632443820044451,False
2018-12-18 09:42:27.989568+00:00,0.00016662738728383497,False
2018-12-18 17:59:01.597056+00:00,0.0001689840647918578,False
2018-12-19 03:54:53.963712+00:00,0.0008687203141847546,False
2018-12-19 10:32:08.845728+00:00,0.0003309008795263202,False
2018-12-19 18:48:42.455808+00:00,8.335061068165167e-05,False
2018-12-20 11:21:49.705344+00:00,0.0013401692768226102,False
2018-12-20 17:59:04.590816+00:00,0.0001321642233066678,False
2018-12-20 22:57:00.765504+00:00,0.000664902622757962,False
2018-12-21 15:30:08.027136+00:00,0.0003635072049871608,False
2018-12-21 18:48:45.444384+00:00,7.442590563520144e-05,False
2018-12-22 03:05:19.076064+00:00,0.0008367321448003391,False
2018-12-22 09:42:33.961536+00:00,0.0002536150301077897,False
2018-12-22 17:59:07.574208+00:00,0.0001856068644903434,False
2018-12-23 02:15:41.212800+00:00,0.0007621240765574586,False
2018-12-23 10:32:14.830656+00:00,0.00044486833437066696,False
2018-12-23 18:48:48.447648+00:00,0.00017187856732898488,False
2018-12-24 03:05:22.089696+00:00,0.0008486024549639495,False
2018-12-24 09:42:36.976032+00:00,0.00021412379978195142,False
2018-12-24 17:59:10.585248+00:00,9.958527427814763e-05,False
2018-12-25 03:55:02.954496+00:00,0.000509885135928018,False
2018-12-25 10:32:17.824416+00:00,0.0002640907479251844,False
2018-12-25 18:48:51.425856+00:00,3.0069889314522495e-05,False
2018-12-26 03:05:25.064448+00:00,0.0005731655899569612,False
2018-12-26 11:21:58.653792+00:00,0.000118766005112418,False
2018-12-26 17:59:13.534944+00:00,-8.799205462466445e-05,False
2018-12-27 02:15:47.164032+00:00,0.0005116002409702545,False
2018-12-27 10:32:20.772384+00:00,0.0004451264236078069,False
2018-12-27 18:48:54.373824+00:00,-0.00028779987720757203,False
2018-12-28 03:05:27.990816+00:00,0.000496892278534307,False
2018-12-28 11:22:01.587072+00:00,0.00013683618918330356,False
2018-12-28 17:59:16.461312+00:00,0.0001302357330410259,False
2018-12-28 17:59:16.462176+00:00,1.0708931684300865e-11,False
2018-12-29 03:55:08.818464+00:00,0.00032913970036521476,False
2018-12-29 10:32:23.678880+00:00,0.0003376975844522637,False
2018-12-29 18:48:57.287232+00:00,-8.047219061798065e-05,False
2018-12-30 03:05:30.918912+00:00,0.000847950209781246,False
2018-12-30 11:22:04.523808+00:00,0.00035716241823955687,False
2018-12-30 17:59:19.405824+00:00,0.0001265107226877685,False
2018-12-31 03:55:11.768160+00:00,0.0006337352978183683,False
2018-12-31 10:32:26.635488+00:00,0.0003765912864772144,False
2018-12-31 18:49:00.242976+00:00,8.48776464322387e-05,False
2019-01-01 03:05:33.878112+00:00,0.0008731317083006564,False
2019-01-01 11:22:07.484736+00:00,0.0004178657315387048,False
2019-01-01 17:59:22.366752+00:00,0.00016204890771231198,False
2019-01-01 22:57:18.539712+00:00,0.0006976988825208146,False
2019-01-06 18:49:09.096384+00:00,0.00504854834962475,False
2019-01-07 04:45:01.420704+00:00,0.0006038555097037391,False
2019-01-07 11:22:16.290624+00:00,0.00017210094444755354,False
2019-01-07 19:38:49.880832+00:00,8.515499898395957e-05,False
2019-01-08 03:55:23.515104+00:00,0.0004165932394042334,False
2019-01-08 10:32:38.377248+00:00,0.00047367368158633184,False
2019-01-08 18:49:11.976096+00:00,3.0191855711764735e-06,False
2019-01-09 04:45:04.309920+00:00,0.0006484867919001127,False
2019-01-09 11:22:19.186752+00:00,9.075294440204765e-05,False
2019-01-09 19:38:52.770912+00:00,0.0003001643421726373,False
2019-01-10 03:55:26.386176+00:00,0.0002237907102043403,False
2019-01-10 07:14:03.812928+00:00,3.8999529181938514e-05,False
2019-01-10 10:32:41.250912+00:00,0.00022927157575195836,False
2019-01-10 18:49:14.839392+00:00,-4.9627077527102364e-05,False
2019-01-11 04:45:07.179264+00:00,0.0006507571671337325,False
2019-01-11 11:22:22.049184+00:00,0.0001986770537027435,False
2019-01-11 19:38:55.631616+00:00,0.00024770189391056636,False
2019-01-12 03:55:29.254656+00:00,0.0002040888179231475,False
2019-01-12 10:32:44.105568+00:00,0.00037629922007312045,False
2019-01-12 18:49:17.691456+00:00,0.0003352980478007268,False
2019-01-13 04:45:10.027008+00:00,0.00015756931284751903,False
2019-01-13 08:03:47.451168+00:00,0.00017458104647002543,False
2019-01-14 10:32:46.940352+00:00,0.0009744761694278699,False
2019-01-14 18:49:20.521056+00:00,0.00017890191918366454,False
2019-01-15 04:45:12.862656+00:00,0.0007119613822316526,False
2019-01-15 11:22:27.723936+00:00,0.00028481605494339024,False
2019-01-15 19:39:01.306368+00:00,0.00040489569549014074,False
2019-01-16 03:55:34.927680+00:00,0.0004104403652402828,False
2019-01-16 12:12:08.500608+00:00,0.0004377727246145923,False
2019-01-16 18:49:23.363616+00:00,0.00021118928454712488,False
2019-01-17 04:45:15.700896+00:00,0.0005426480150316204,False
2019-01-17 08:03:53.129376+00:00,0.00011031450003673132,False
2019-01-17 11:22:30.559584+00:00,9.732183523616193e-05,False
2019-01-17 19:39:04.130784+00:00,0.00025882251238174014,False
2019-01-18 03:55:37.746048+00:00,0.000313497718289674,False
2019-01-18 10:32:52.594368+00:00,0.0004542864851748567,False
2019-01-18 18:49:26.175936+00:00,0.00031759697501885674,False
2019-01-19 04:45:18.511488+00:00,0.0007391480295563507,False
2019-01-19 11:22:33.367584+00:00,0.0001503067915593948,False
2019-01-19 19:39:06.936192+00:00,0.0002991615392285849,False
2019-01-20 03:55:40.525536+00:00,0.00026583054899128754,False
2019-01-20 12:12:14.103648+00:00,0.0005045737697588323,False
2019-01-20 18:49:28.964064+00:00,0.0002532848917751469,False
2019-01-21 04:45:21.292704+00:00,0.0006451652815685929,False
2019-01-21 19:39:09.738144+00:00,0.0005368512119436917,False
2019-01-22 05:35:02.033088+00:00,0.0005115981783402662,False
2019-01-22 12:12:16.891776+00:00,0.00038871149298511543,False
2019-01-22 20:28:50.456064+00:00,0.0002493390646277565,False
2019-01-23 04:45:24.060096+00:00,0.00033902464549037225,False
2019-01-23 11:22:38.905824+00:00,0.00020558013575263116,False
2019-01-23 16:20:35.047680+00:00,-8.165639904160067e-05,False
2019-01-24 03:55:46.049088+00:00,0.00033279728727325777,False
2019-01-24 10:33:00.900864+00:00,0.00030236249246565065,False
2019-01-24 18:49:34.469472+00:00,-0.0001155904898149778,False
2019-01-25 03:06:08.059680+00:00,0.0007038831500760923,False
2019-01-25 09:43:22.894176+00:00,6.725267125517234e-05,False
2019-01-25 17:59:56.448096+00:00,-4.63704623867946e-05,False
2019-01-25 22:57:52.592544+00:00,0.0005046113020205925,False
2019-01-26 03:55:48.747360+00:00,-8.62802875164591e-05,False
2019-01-26 10:33:03.582720+00:00,0.00032753336922301145,False
2019-01-26 18:49:37.142688+00:00,-0.00021768324261440484,False
2019-01-27 03:06:10.728576+00:00,0.0008433990424447522,False
2019-01-27 11:22:44.286816+00:00,0.00016676011926505373,False
2019-01-27 17:59:59.117856+00:00,-0.00016394608074951178,False
2019-01-28 10:33:06.250752+00:00,0.0010117530137614388,False
2019-01-28 18:49:39.805536+00:00,-0.0002445307515883677,False
2019-01-29 03:06:13.384512+00:00,0.0007678757935575455,False
2019-01-29 11:22:46.939296+00:00,0.0004041643198054387,False
2019-01-29 18:00:01.781568+00:00,9.33641513215135e-05,False
2019-01-30 02:16:35.375232+00:00,0.0008032677169621588,False
2019-01-30 10:33:08.929152+00:00,0.00037396216972748167,False
2019-01-30 18:49:42.482208+00:00,-0.00014057157466139023,False
2019-01-31 03:06:16.062048+00:00,0.0008590078280948661,False
2019-01-31 11:22:49.603008+00:00,0.00015569657567208176,False
2019-01-31 18:00:04.433184+00:00,8.012022855274524e-05,False
2019-02-01 03:55:56.727264+00:00,0.0007269317326246373,False
2019-02-03 00:37:21.927072+00:00,0.002728420150306719,False
2019-02-03 03:55:59.368512+00:00,-0.0003064322054854436,False
2019-02-03 12:12:32.915520+00:00,0.00038363555387265234,False
2019-02-03 18:49:47.742240+00:00,7.637815094273254e-05,False
2019-02-04 04:45:40.028544+00:00,0.0006303298904622082,False
2019-02-04 11:22:54.859584+00:00,2.441837397086622e-07,False
2019-02-04 19:39:28.395360+00:00,0.00018561244980417734,False
2019-02-05 03:56:01.963104+00:00,0.0003327281480893552,False
2019-02-05 10:33:16.769952+00:00,0.0003691152625509295,False
2019-02-05 18:49:50.311776+00:00,-8.391962537501751e-05,False
2019-02-06 04:45:42.581664+00:00,0.0005858027535480832,False
2019-02-06 11:22:57.419616+00:00,0.0003336999472425169,False
2019-02-06 19:39:30.951936+00:00,0.0001148390482659412,False
2019-02-07 03:56:04.523136+00:00,0.0005329504292039824,False
2019-02-07 07:14:41.929152+00:00,9.972689073851483e-05,False
2019-02-07 12:12:38.054592+00:00,0.00022665149531121443,False
2019-02-07 15:31:15.470976+00:00,-0.00024096809018947968,False
2019-02-07 20:29:11.589504+00:00,0.00043372317136358837,False
2019-02-08 04:45:45.152064+00:00,0.00029940286140269455,False
2019-02-08 11:22:59.971008+00:00,0.00013543065343534102,False
2019-02-08 19:39:33.498144+00:00,0.00022702708510305056,False
2019-02-09 05:35:25.770624+00:00,0.0004490158473705524,False
2019-02-09 12:12:40.592160+00:00,0.00030199763385013403,False
2019-02-09 20:29:14.114976+00:00,0.00041288892905231553,False
2019-02-10 04:45:47.686176+00:00,0.00032715194766135713,False
2019-02-10 09:43:43.805568+00:00,0.00015981393735868118,False
2019-02-10 18:00:17.323200+00:00,-0.00023639219906459416,False
2019-02-10 21:18:54.732672+00:00,0.0004631460151613738,False
2019-02-11 02:16:50.871072+00:00,6.282045099269268e-06,False
2019-02-11 08:54:05.668416+00:00,0.0001273149245906979,False
2019-02-11 17:10:39.205056+00:00,-4.219247832099759e-05,False
2019-02-11 20:29:16.611072+00:00,0.0004992571412482073,False
2019-02-12 01:27:12.748608+00:00,0.0003817637836247373,False
2019-02-12 09:43:46.292160+00:00,0.00035656656997283315,False
2019-02-12 16:21:01.111968+00:00,-0.00014166232739023756,False
2019-02-12 21:18:57.229632+00:00,0.000704237183541832,False
2019-02-13 02:16:53.373216+00:00,0.0001480048407201912,False
2019-02-13 10:33:26.904672+00:00,0.00039675052243503476,False
2019-02-13 17:10:41.729664+00:00,-0.00016128471312334405,False
2019-02-13 20:29:19.133088+00:00,0.0005229825848139687,False
2019-02-14 01:27:15.271488+00:00,0.00037332234940800734,False
2019-02-14 08:04:30.105984+00:00,0.00010647668272556916,False
2019-02-14 13:02:26.216736+00:00,0.0001419574541316063,False
2019-02-14 16:21:03.631392+00:00,-0.00018648232503353732,False
2019-02-14 21:18:59.743008+00:00,0.0007676093982070416,False
2019-02-15 02:16:55.891776+00:00,0.00017222964027740456,False
2019-02-15 10:33:29.418048+00:00,0.00031722778865696217,False
2019-02-15 17:10:44.237856+00:00,-0.00022472948964772526,False
2019-02-15 22:08:40.348608+00:00,0.0008269107988776923,False
2019-02-16 01:27:17.793504+00:00,0.0002676049044503158,False
2019-02-16 18:00:24.845184+00:00,0.00020584765833612303,False
2019-02-16 21:19:02.257248+00:00,0.0006552995444729202,False
2019-02-17 10:33:31.930560+00:00,0.0005226765140465501,False
2019-02-17 17:10:46.752960+00:00,-8.897648140974675e-05,False
2019-02-17 20:29:24.157248+00:00,0.0006523331255368869,False
2019-02-18 01:27:20.301696+00:00,0.00037649846361869624,False
2019-02-18 09:43:53.837472+00:00,0.00013833068515977753,False
2019-02-18 18:00:27.357696+00:00,7.904051153347492e-06,False
2019-02-19 10:33:34.417152+00:00,0.0011054863146622153,False
2019-02-19 17:10:49.240416+00:00,-0.000229949899085788,False
2019-02-19 20:29:26.643840+00:00,0.0006732539577220353,False
2019-02-20 01:27:22.789152+00:00,0.000424240117253135,False
2019-02-20 09:43:56.324928+00:00,0.00028838162646126057,False
2019-02-20 18:00:29.849472+00:00,-0.00014215265733718354,False
2019-02-20 21:19:07.252896+00:00,0.0007231651459583357,False
2019-02-21 02:17:03.403392+00:00,0.00011250632495969913,False
2019-02-21 10:33:36.924480+00:00,0.0004301709855781623,False
2019-02-21 13:52:14.339136+00:00,-0.0001293665293929163,False
2019-02-21 17:10:51.746016+00:00,-0.00016655986730353562,False
2019-02-21 20:29:29.146848+00:00,0.0005669325485747475,False
2019-02-22 01:27:25.288704+00:00,0.0003055485502699687,False
2019-02-22 09:43:58.821024+00:00,0.00031775635400507795,False
2019-02-22 16:21:13.633056+00:00,-0.00017967525136902565,False
2019-02-23 10:33:39.395520+00:00,0.0008142991390390459,False
2019-02-23 17:10:54.215328+00:00,-0.00019178509143294323,False
2019-02-23 20:29:31.611840+00:00,0.000513102204989615,False
2019-02-24 01:27:27.751104+00:00,0.0002688948566645454,False
2019-02-24 09:44:01.273056+00:00,0.00015852612695709255,False
2019-02-24 18:00:34.782048+00:00,-0.0001575306681055394,False
2019-02-24 21:19:12.189792+00:00,0.0005599575649428924,False
2019-02-25 02:17:08.327328+00:00,0.00014021102151037237,False
2019-02-25 08:54:23.128128+00:00,6.190065028531771e-05,False
2019-02-25 17:10:56.653536+00:00,4.730865754614473e-06,False
2019-02-25 20:29:34.055232+00:00,0.0003908752901282068,False
2019-02-26 01:27:30.183264+00:00,0.0003597427268845679,False
2019-02-26 09:44:03.706080+00:00,2.2479959331483338e-05,False
2019-02-26 18:00:37.220256+00:00,-6.481862428178698e-06,False
2019-02-26 21:19:14.625408+00:00,0.0007281839280914007,False
2019-02-27 02:17:10.772448+00:00,0.00017231134764189267,False
2019-02-27 08:54:25.573248+00:00,0.00021546685070357647,False
2019-02-27 17:10:59.105568+00:00,1.5692364701449634e-05,False
2019-02-27 20:29:36.509856+00:00,0.0005885240264876891,False
2019-02-28 01:27:32.649984+00:00,0.0004996228148230434,False
2019-02-28 09:44:06.181440+00:00,0.00035661300571562696,False
2019-02-28 21:19:17.114592+00:00,0.0008034402754008543,False
2019-03-01 08:54:28.068480+00:00,0.0004142139788275835,False
2019-03-01 13:52:24.189600+00:00,0.00011141576054410316,False
2019-03-01 17:11:01.600800+00:00,0.00013094055469439224,False
2019-03-01 20:29:39.014592+00:00,0.00020874259871819353,False
2019-03-02 01:27:35.139168+00:00,0.00033296812679349465,False
2019-03-02 09:44:08.680128+00:00,0.0005114211442569089,False
2019-03-02 13:02:46.087872+00:00,3.8283231228929707e-05,False
2019-03-02 18:00:42.205536+00:00,7.88752980242558e-05,False
2019-03-03 10:33:49.264128+00:00,0.001336203459076908,False
2019-03-03 18:50:22.805952+00:00,5.103890994784873e-05,False
2019-03-04 03:06:56.362464+00:00,0.0008911402424146431,False
2019-03-04 11:23:29.891328+00:00,0.0003501226491391792,False
2019-03-04 18:00:44.714592+00:00,9.2453393685531e-05,False
2019-03-05 03:56:36.985344+00:00,0.0006858146724204736,False
2019-03-05 10:33:51.796512+00:00,0.00040962201606161683,False
2019-03-05 18:50:25.330560+00:00,-0.00021499195933942608,False
2019-03-06 03:06:58.874976+00:00,0.0006289041645657279,False
2019-03-06 11:23:32.400384+00:00,0.00035814219219838485,False
2019-03-06 14:42:09.811584+00:00,-0.00020922736726890315,False
2019-03-07 10:33:54.296064+00:00,0.0011567351672634842,False
2019-03-07 13:52:31.720224+00:00,-7.452005293863816e-05,False
2019-03-07 23:48:23.965056+00:00,0.0005777161694118653,False
2019-03-08 03:07:01.387488+00:00,0.00011971082167746601,False
2019-03-08 11:23:34.915488+00:00,0.00016390344878557226,False
2019-03-08 18:00:49.730976+00:00,6.770815983721831e-05,False
2019-03-09 02:17:23.296128+00:00,0.0005809284655874034,False
2019-03-09 10:33:56.826720+00:00,0.0003978045527737371,False
2019-03-09 18:50:30.360768+00:00,8.208603338485357e-05,False
2019-03-09 22:09:07.777152+00:00,0.0007559665173858037,False
2019-03-10 11:23:37.460832+00:00,0.0005640574684608067,False
2019-03-10 18:00:52.277184+00:00,-6.433319587569378e-06,False
2019-03-11 03:56:44.559168+00:00,0.000678522054839004,False
2019-03-11 10:33:59.368608+00:00,0.00030039553194850175,False
2019-03-11 17:11:14.195328+00:00,-9.241105481156764e-05,False
2019-03-12 03:07:06.411648+00:00,0.0002111862770699683,False
2019-03-12 11:23:39.943104+00:00,0.00041883565910013964,False
2019-03-12 19:40:13.479744+00:00,0.00018831336866796092,False
2019-03-13 02:17:28.345344+00:00,0.00080322900222509,False
2019-03-13 10:34:01.880256+00:00,0.0002909015807019177,False
2019-03-13 18:50:35.416032+00:00,0.0002235030964890384,False
2019-03-14 03:07:08.980320+00:00,0.0007879663917822233,False
2019-03-14 09:44:23.805312+00:00,0.00030750366116747834,False
2019-03-14 19:40:16.044960+00:00,0.00016997053000788022,False
2019-03-14 22:58:53.469984+00:00,0.0006188113989375724,False
2019-03-15 02:17:30.912288+00:00,3.4604359861059933e-06,False
2019-03-15 10:34:04.440288+00:00,0.0002640007846318298,False
2019-03-15 18:50:37.982976+00:00,1.786272067841126e-05,False
2019-03-16 03:07:11.545536+00:00,0.0008110571076826235,False
2019-03-16 09:44:26.364480+00:00,6.123238807226132e-05,False
2019-03-16 18:00:59.900256+00:00,0.00024252358380678001,False
2019-03-17 02:17:33.476640+00:00,0.0006697236353734674,False
2019-03-17 10:34:07.015008+00:00,0.00048815824012264755,False
2019-03-17 18:50:40.557696+00:00,8.184114993559837e-05,False
2019-03-18 03:07:14.140128+00:00,0.000973376345294283,False
2019-03-18 09:44:28.965984+00:00,0.00030662079877045594,False
2019-03-18 18:01:02.507808+00:00,0.00016284697572782402,False
2019-03-19 03:56:54.794976+00:00,0.0005769418699149364,False
2019-03-19 10:34:09.613056+00:00,0.0003831493378707026,False
2019-03-19 18:50:43.162656+00:00,7.420312024873253e-05,False
2019-03-19 22:09:20.577312+00:00,0.0007321902646171142,False
2019-03-20 09:44:31.588224+00:00,0.0005775122708210058,False
2019-03-20 18:01:05.121408+00:00,0.0002303501442110296,False
2019-03-21 03:56:57.413760+00:00,0.0007010991591032479,False
2019-03-21 10:34:12.244800+00:00,0.00036119946291489097,False
2019-03-21 18:50:45.796128+00:00,-5.736730221792832e-05,False
2019-03-22 03:07:19.369056+00:00,0.0007664348964118552,False
2019-03-22 09:44:34.200096+00:00,0.00026606481778627413,False
2019-03-22 18:01:07.749696+00:00,0.00010509069664990726,False
2019-03-23 02:17:41.333856+00:00,0.0007490780072146027,False
2019-03-23 18:50:48.439104+00:00,0.00045495797691240576,False
2019-03-24 03:07:22.000800+00:00,0.000867229888641789,False
2019-03-24 11:23:55.547808+00:00,0.0003366175284332055,False
2019-03-24 19:40:29.098272+00:00,0.00023520127137294244,False
2019-03-25 03:57:02.680704+00:00,0.0003744818870860215,False
2019-03-25 12:13:36.231168+00:00,0.00041022418268973914,False
2019-03-25 18:50:51.064800+00:00,4.649044999614511e-05,False
2019-03-26 04:46:43.359744+00:00,0.0006698929012095774,False
2019-03-26 11:23:58.191648+00:00,0.0002963104160190912,False
2019-03-26 19:40:31.742112+00:00,0.0002142293369452366,False
2019-03-27 03:57:05.320224+00:00,0.00037340814958358005,False
2019-03-27 12:13:38.868096+00:00,0.0005096379881843186,False
2019-03-27 18:50:53.713824+00:00,3.428328890642626e-05,False
2019-03-28 04:46:46.007904+00:00,0.0007089315807700418,False
2019-03-28 08:05:23.426880+00:00,1.028495630931296e-05,False
2019-03-28 11:24:00.838944+00:00,9.387868131236106e-05,False
2019-03-28 16:21:56.977344+00:00,-0.00012412826880953723,False
2019-03-28 19:40:34.392000+00:00,0.0005130088345590924,False
2019-03-29 03:57:07.983072+00:00,0.0004960602777277323,False
2019-03-29 12:13:41.542176+00:00,0.0004814943571822295,False
2019-03-29 18:50:56.390496+00:00,6.104420313822608e-05,False
2019-03-30 11:24:03.528576+00:00,0.000969760254616702,False
2019-03-30 19:40:37.087680+00:00,0.00047206133529319394,False
2019-03-31 03:57:10.681344+00:00,0.00048160689952188383,False
2019-03-31 12:13:44.231808+00:00,0.0005510258639460676,False
2019-03-31 18:50:59.083584+00:00,0.00028334345260059977,False
2019-04-01 04:46:51.390624+00:00,0.0007665784669127376,False
2019-04-01 11:24:06.235488+00:00,0.00016311438601969268,False
2019-04-01 19:40:39.802368+00:00,0.0005775080252946038,False
2019-04-02 03:57:13.398624+00:00,0.0005154623399938923,False
2019-04-02 12:13:46.968960+00:00,0.0005645701932930325,False
2019-04-02 18:51:01.823328+00:00,0.00013654383480639983,False
2019-04-03 04:46:54.132960+00:00,0.0007359349920838084,False
2019-04-03 11:24:08.976096+00:00,0.0002769336474011362,False
2019-04-03 19:40:42.543840+00:00,0.00019650489948213918,False
2019-04-04 03:57:16.132320+00:00,0.00039899435029582485,False
2019-04-04 12:13:49.688832+00:00,0.0005648140881072735,False
2019-04-04 15:32:27.123360+00:00,-0.0001512852764046507,False
2019-04-04 18:51:04.546656+00:00,0.0003040748537644297,False
2019-04-04 23:49:00.701472+00:00,0.0007243210620751827,False
2019-04-05 11:24:11.726208+00:00,0.0005378109419227681,False
2019-04-05 19:40:45.298272+00:00,0.0005005636414349202,False
2019-04-06 03:57:18.908352+00:00,0.00030191466827959266,False
2019-04-06 12:13:52.453632+00:00,0.0006103520509082385,False
2019-04-06 18:51:07.309728+00:00,0.0002827835643989679,False
2019-04-07 04:46:59.637504+00:00,0.0006408616179788754,False
2019-04-07 11:24:14.486688+00:00,0.0002948510018795051,False
2019-04-07 19:40:48.057024+00:00,0.0004057869128730084,False
2019-04-08 03:57:21.653280+00:00,0.00017794780398967846,False
2019-04-08 10:34:36.484320+00:00,0.0003513681554628973,False
2019-04-08 18:51:10.055520+00:00,5.713658055043558e-05,False
2019-04-09 04:47:02.366880+00:00,0.0005858995075779913,False
2019-04-09 11:24:17.210016+00:00,0.00012056542039820935,False
2019-04-09 19:40:50.774304+00:00,-0.00045935378608581685,False
2019-04-10 03:57:24.310944+00:00,-0.0003410269463146235,False
2019-04-10 12:13:57.837216+00:00,-0.0010422528241856397,False
2019-04-10 18:51:12.523104+00:00,-0.0025316274967417435,False
2019-04-11 04:47:04.638336+00:00,-0.002973239710938892,False
2019-04-11 06:26:23.243712+00:00,-0.0010357340416493903,False
2019-04-11 16:22:15.000384+00:00,-0.009282015418524992,False
2019-04-11 19:40:52.252608+00:00,-0.0040636449836599885,False
2019-04-12 03:57:25.371072+00:00,-0.0046708103339788976,False
2019-04-12 10:34:39.950688+00:00,-0.0028036062319508103,False
2019-04-12 18:51:13.153824+00:00,-0.0054356296630476,False
2019-04-13 04:47:04.992576+00:00,-0.004213209743304242,False
2019-04-13 11:24:19.556640+00:00,-0.0030022007669609613,False
2019-04-13 19:40:52.767552+00:00,-0.003906146373704129,False
2019-04-14 03:57:25.996608+00:00,-0.0020875767430687813,False
2019-04-14 12:13:59.223936+00:00,-0.0026016473032637794,False
2019-04-14 18:51:13.800096+00:00,-0.001924228645468897,False
2019-04-15 04:47:05.743392+00:00,-0.0009152981620344241,False
2019-04-15 11:24:20.326464+00:00,-0.000707388566482828,False
2019-04-15 19:40:53.558112+00:00,-0.0010889522750971113,False
2019-04-16 02:18:08.195616+00:00,0.021944835310568542,False
2019-04-18 17:11:57.679584+00:00,-0.004438928319580203,False
2019-04-18 20:30:35.057088+00:00,0.0014242390511256485,False
2019-04-19 04:47:08.472768+00:00,0.002938737428639366,False
2019-04-19 11:24:23.114592+00:00,-0.0005212588389930662,False
2019-04-19 19:40:56.522496+00:00,0.003767392017362087,False
2019-04-20 05:36:48.566880+00:00,0.0013770985945528997,False
2019-04-20 12:14:03.219072+00:00,0.0008197788024532169,False
2019-04-20 20:30:36.537984+00:00,0.0010546870908148007,False
2019-04-21 04:47:09.890592+00:00,0.00038797063284594287,False
2019-04-21 11:24:24.533280+00:00,0.0003076740084496928,False
2019-04-21 19:40:57.845280+00:00,0.0005145206500155181,False
2019-04-22 05:36:49.860288+00:00,0.00047307080089429936,False
2019-04-22 12:14:04.504704+00:00,0.0004210465689768578,False
2019-04-22 20:30:37.816704+00:00,0.00040830689258622747,False
2019-04-23 04:47:11.159808+00:00,0.0003746448715820753,False
2019-04-23 11:24:25.800768+00:00,0.0003853948976453584,False
2019-04-23 19:40:59.105856+00:00,0.00033775236651885815,False
2019-04-24 05:36:51.112224+00:00,0.000367877934569648,False
2019-04-24 12:14:05.754912+00:00,0.0004363780597212762,False
2019-04-24 20:30:39.067776+00:00,0.0004368270218691918,False
2019-04-25 04:47:12.410016+00:00,0.0005302720612058904,False
2019-04-25 08:05:49.729632+00:00,0.000183387054906735,False
2019-04-25 11:24:27.052704+00:00,0.00022032479598293203,False
2019-04-25 16:22:23.046816+00:00,-3.6112466036331144e-05,False
2019-04-25 21:20:19.031424+00:00,0.0005574926196756391,False
2019-04-26 05:36:52.370208+00:00,9.665640060963702e-05,False
2019-04-26 12:14:06.997344+00:00,0.00038893284663197745,False
2019-04-26 20:30:40.302432+00:00,0.0001643845876133924,False
2019-04-27 04:47:13.636032+00:00,0.00043412931207962284,False
2019-04-27 11:24:28.264896+00:00,0.00016069002832185008,False
2019-04-27 19:41:01.565664+00:00,2.223406958680224e-06,False
2019-04-28 05:36:53.555616+00:00,0.0005800566512511133,False
2019-04-28 12:14:08.195712+00:00,0.00038107169499201215,False
2019-04-28 20:30:41.503392+00:00,0.0007178285816468824,False
2019-04-29 04:47:14.854272+00:00,0.0006575931770966131,False
2019-04-29 11:24:29.491776+00:00,0.00027627966429211496,False
2019-04-29 19:41:02.796864+00:00,0.00042775335438090007,False
2019-04-30 05:36:54.807552+00:00,0.0006133830205678413,False
2019-04-30 12:14:09.436416+00:00,0.00044424684555736846,False
2019-04-30 20:30:42.741504+00:00,0.00047739019809388343,False
2019-05-01 04:47:16.080288+00:00,0.0006552727446004476,False
2019-05-01 11:24:30.718656+00:00,0.00028400721757601425,False
2019-05-01 19:41:04.024608+00:00,0.0004287687602419499,False
2019-05-02 05:36:56.030976+00:00,0.0007278058224882765,False
2019-05-02 08:55:33.343680+00:00,0.00022775631936966366,False
2019-05-02 12:14:10.668480+00:00,0.0002597921221139458,False
2019-05-02 17:12:06.660000+00:00,0.0001430056772737291,False
2019-05-02 20:30:43.978752+00:00,0.00025999698246365456,False
2019-05-03 04:47:17.310624+00:00,0.0005775167250071212,False
2019-05-03 08:05:54.631104+00:00,0.0001597604759891831,False
2019-05-04 18:51:26.549280+00:00,0.0014422507942141042,False
2019-05-04 20:30:45.177984+00:00,0.0007011005267604073,False
2019-05-05 01:28:41.185056+00:00,0.0004289585578316184,False
2019-05-05 08:05:55.821696+00:00,0.00025110880020935873,False
2019-05-05 18:01:47.790048+00:00,0.00033484498383129903,False
2019-05-05 21:20:25.111392+00:00,0.0006079983017081244,False
2019-05-06 02:18:21.121920+00:00,0.00031917727578746846,False
2019-05-06 10:34:54.418368+00:00,0.0003977615834519161,False
2019-05-06 17:12:09.063648+00:00,-5.5784185277952235e-05,False
2019-05-07 08:05:57.015744+00:00,0.0009059870179412866,False
2019-05-07 18:01:48.978048+00:00,6.89203479276809e-05,False
2019-05-07 21:20:26.288160+00:00,0.0006359210007782096,False
2019-05-08 02:18:22.291776+00:00,7.537543448559971e-05,False
2019-05-08 10:34:55.566624+00:00,0.0001128809896216581,False
2019-05-08 15:32:51.546048+00:00,4.5447360788703275e-05,False
2019-05-09 01:28:43.510944+00:00,0.0007485464414541081,False
2019-05-09 09:45:16.810848+00:00,0.00024357047489375754,False
2019-05-09 18:01:50.102112+00:00,0.00012983525705585958,False
2019-05-09 21:20:27.414816+00:00,0.0006700770642218698,False
2019-05-10 02:18:23.420160+00:00,0.0001640773158482886,False
2019-05-10 10:34:56.709696+00:00,0.00044092155649481403,False
2019-05-10 17:12:11.346336+00:00,-0.00010200168991435145,False
2019-05-10 20:30:48.657312+00:00,0.0005508594642632655,False
2019-05-11 01:28:44.658336+00:00,0.0003466095375149341,False
2019-05-11 09:45:17.947872+00:00,0.00015705970047710864,False
2019-05-11 13:03:55.257984+00:00,-6.383561859618804e-05,False
2019-05-11 18:01:51.223584+00:00,-8.860592843138381e-05,False
2019-05-11 21:20:28.533696+00:00,0.0006356175930803382,False
2019-05-12 02:18:24.537312+00:00,-3.450548810008991e-05,False
2019-05-12 10:34:57.797472+00:00,0.00032779207528916686,False
2019-05-12 13:53:35.116224+00:00,5.58552334306236e-05,False
2019-05-12 17:12:12.431520+00:00,1.7397885382035966e-05,False
2019-05-12 20:30:49.744224+00:00,0.0004901325300443267,False
2019-05-13 01:28:45.733152+00:00,0.0004413604225600461,False
2019-05-13 08:06:00.365472+00:00,4.326330638854158e-06,False
2019-05-13 18:01:52.296672+00:00,0.00010044449379722131,False
2019-05-13 21:20:29.605920+00:00,0.00070864667739662,False
2019-05-14 02:18:25.603488+00:00,0.00011893082000034676,False
2019-05-14 10:34:58.878336+00:00,-0.001054295679046525,False
2019-05-14 17:12:13.444992+00:00,0.0017624883337339853,False
2019-05-14 20:30:50.756832+00:00,0.0036041091177853707,False
2019-05-15 01:28:46.804512+00:00,-0.0010463683978723778,False
2019-05-15 08:06:01.415232+00:00,-0.002613083774794686,False
2019-05-15 16:22:34.649472+00:00,0.0014880120400560413,False
2019-05-15 21:20:30.614208+00:00,0.0036465789003131887,False
2019-05-16 02:18:26.680896+00:00,-0.0049416781165746,False
2019-05-16 08:55:41.221632+00:00,-0.00013486979973642603,False
2019-05-16 17:12:14.525856+00:00,0.0022469394127654684,False
2019-05-16 20:30:51.823008+00:00,0.003497936937818838,False
2019-05-17 01:28:47.881056+00:00,-0.0010229402923020098,False
2019-05-17 08:06:02.496960+00:00,-0.0029076020802786566,False
2019-05-17 18:01:54.427296+00:00,0.0017657491295155166,False
2019-05-17 21:20:31.729632+00:00,0.0007501214207038692,False
2019-05-18 02:18:27.728928+00:00,0.0001614873735814907,False
2019-05-18 05:37:05.032992+00:00,1.3353323559070317e-05,False
2019-05-18 18:51:34.263936+00:00,0.0007254181933176949,False
2019-05-19 04:47:26.224512+00:00,0.0007158960072580858,False
2019-05-19 11:24:40.836096+00:00,0.00011252381011305022,False
2019-05-19 19:41:14.095392+00:00,0.00027623122441336565,False
2019-05-20 03:57:47.391840+00:00,0.00045702059582565264,False
2019-05-20 10:35:01.987008+00:00,0.00035491725613249846,False
2019-05-20 18:51:35.254944+00:00,0.00020911434091327286,False
2019-05-21 04:47:27.198240+00:00,0.0006203327903155636,False
2019-05-21 11:24:41.810688+00:00,0.0002542767667164475,False
2019-05-21 19:41:15.063072+00:00,0.0003385375742102663,False
2019-05-22 03:57:48.369888+00:00,0.0004214925847707639,False
2019-05-22 10:35:02.963328+00:00,0.0003074233543417887,False
2019-05-22 18:51:36.210528+00:00,-6.484205206783221e-05,False
2019-05-23 04:47:28.142592+00:00,0.0006388771203247539,False
2019-05-23 08:06:05.448384+00:00,5.723794185742451e-05,False
2019-05-23 16:22:38.704224+00:00,7.997920975853133e-05,False
2019-05-23 19:41:15.998784+00:00,0.00044735253636726113,False
2019-05-24 03:57:49.289184+00:00,0.0003530107558424617,False
2019-05-24 10:35:03.873984+00:00,0.0003675220041230927,False
2019-05-24 18:51:37.132416+00:00,0.00019639300285118348,False
2019-05-25 04:47:29.064480+00:00,0.0006964301523871597,False
2019-05-25 11:24:43.663104+00:00,0.00030921681158303614,False
2019-05-25 19:41:16.914624+00:00,0.00037805207310354636,False
2019-05-26 03:57:50.192928+00:00,0.0003695280102167814,False
2019-05-26 10:35:04.777728+00:00,0.0003690276460530873,False
2019-05-26 18:51:38.030976+00:00,0.00036952243354405824,False
2019-05-27 04:47:29.969952+00:00,0.0007050886154274629,False
2019-05-27 11:24:44.562528+00:00,0.00017037307757721313,False
2019-05-27 19:41:17.808000+00:00,0.0003553047418645225,False
2019-05-28 03:57:51.072480+00:00,0.000353276290336791,False
2019-05-28 12:14:24.310176+00:00,0.00041135202270406744,False
2019-05-28 18:51:38.910528+00:00,0.00023380196258708231,False
2019-05-29 04:47:30.839136+00:00,0.0007070455386213737,False
2019-05-29 11:24:45.430848+00:00,0.00030543744060706763,False
2019-05-29 19:41:18.681504+00:00,0.00045004325165894733,False
2019-05-30 03:57:51.958080+00:00,0.00046753458343099815,False
2019-05-30 07:16:29.242272+00:00,0.00015302220822657856,False
2019-05-30 18:51:39.792672+00:00,0.0005327761558007486,False
2019-05-31 04:47:31.721280+00:00,0.0006013128583919058,False
2019-05-31 11:24:46.299168+00:00,0.0003296624634351645,False
2019-05-31 19:41:19.545504+00:00,0.00015973713532258123,False
2019-06-01 05:37:11.450784+00:00,0.000543116879045862,False
2019-06-01 12:14:26.050272+00:00,0.00036540695396214266,False
2019-06-01 20:30:59.284512+00:00,0.00035131830562100326,False
2019-06-02 01:28:55.245792+00:00,0.0004834402303982977,False
2019-06-02 11:24:47.156256+00:00,0.0002841240808345549,False
2019-06-02 19:41:20.389632+00:00,0.00017612035464960768,False
2019-06-03 03:57:53.638560+00:00,0.00042507420254340723,False
2019-06-03 12:14:26.884896+00:00,0.0006465695302692101,False
2019-06-03 18:51:41.474880+00:00,0.00011064318470732881,False
2019-06-04 04:47:33.392256+00:00,0.0007685667846194318,False
2019-06-04 08:06:10.688544+00:00,0.00012337480343199727,False
2019-06-04 21:20:39.873696+00:00,0.0008802838321091978,False
2019-06-05 20:31:00.949440+00:00,0.0008106891089864779,False
2019-06-06 21:20:40.684128+00:00,0.001140092327536135,False
2019-06-07 10:35:09.858048+00:00,0.00014546519689298022,False
2019-06-08 03:08:16.338624+00:00,0.0007713484954322702,False
2019-06-08 09:45:30.907872+00:00,-0.00010700396123235,False
2019-06-08 18:02:04.136928+00:00,-1.9473906873127965e-05,False
2019-06-09 02:18:37.356480+00:00,0.00035543970155249197,False
2019-06-09 10:35:10.571712+00:00,0.0002353912350818315,False
2019-06-09 18:51:43.804224+00:00,-0.00012842412470152003,False
2019-06-09 18:51:43.805088+00:00,1.040721126856872e-11,False
2019-06-10 03:08:17.054016+00:00,0.0008487871815681545,False
2019-06-10 18:02:04.860960+00:00,0.00023847283742149694,False
2019-06-11 02:18:38.102112+00:00,0.0005290408923619809,False
2019-06-11 10:35:11.313024+00:00,0.00026196772008037336,False
2019-06-11 18:51:44.537760+00:00,-0.0002552081847194073,False
2019-06-12 03:08:17.769408+00:00,0.0006436226323494564,False
2019-06-12 09:45:32.344704+00:00,0.0003471527182853022,False
2019-06-12 18:02:05.570304+00:00,0.00012867231970981367,False
2019-06-13 02:18:38.808000+00:00,0.0004936992607794231,False
2019-06-13 07:16:34.732992+00:00,7.435392708926694e-05,False
2019-06-13 18:51:45.233280+00:00,6.113599512943575e-05,False
2019-06-14 03:08:18.475296+00:00,0.0008076105886996856,False
2019-06-14 09:45:33.036768+00:00,0.00018281272765950218,False
2019-06-14 18:02:06.248544+00:00,-7.268702770547479e-05,False
2019-06-15 03:57:58.129632+00:00,0.0007094901942904703,False
2019-06-15 10:35:12.692832+00:00,0.00026095259878254395,False
2019-06-15 18:51:45.914112+00:00,7.929499241212594e-05,False
2019-06-16 03:08:19.163904+00:00,0.0009422205367338989,False
2019-06-16 09:45:33.734016+00:00,0.00022733909100536813,False
2019-06-16 18:02:06.949248+00:00,2.942139784912833e-05,False
2019-06-17 02:18:40.179168+00:00,0.0005248056336742302,False
2019-06-17 10:35:13.392672+00:00,0.0004051908524401629,False
2019-06-17 18:51:46.613952+00:00,5.425851566305984e-05,False
2019-06-18 03:08:19.854240+00:00,0.000760507647103756,False
2019-06-18 09:45:34.424352+00:00,0.0003309034875461943,False
2019-06-18 18:02:07.643040+00:00,0.00022001993951599214,False
2019-06-19 02:18:40.897152+00:00,0.0008980140994164566,False
2019-06-19 10:35:14.100288+00:00,0.00016843160927752652,False
2019-06-19 17:12:28.679040+00:00,-1.744137458763303e-05,False
2019-06-20 03:08:20.572224+00:00,0.0009232971962783409,False
2019-06-20 06:26:57.861600+00:00,-8.024380040052789e-06,False
2019-06-20 09:45:35.142336+00:00,0.00015550677909428016,False
2019-06-20 18:02:08.367072+00:00,0.0002671947692200756,False
2019-06-21 03:58:00.250752+00:00,0.0007034367818087967,False
2019-06-21 10:35:14.811360+00:00,0.00031414914086720994,False
2019-06-21 18:51:48.036960+00:00,-2.412854993259886e-05,False
2019-06-22 03:08:21.276384+00:00,0.0006037205573470003,False
2019-06-22 09:45:35.846496+00:00,0.0002678194107582582,False
2019-06-22 18:02:09.066912+00:00,8.962316909660829e-05,False
2019-06-23 02:18:42.311520+00:00,0.0006272073278209806,False
2019-06-23 10:35:15.517248+00:00,0.0002929446889324298,False
2019-06-23 18:51:48.741120+00:00,3.97214350734709e-05,False
2019-06-24 03:08:21.979680+00:00,0.0006283749151308644,False
2019-06-24 09:45:36.552384+00:00,9.447617386670643e-05,False
2019-06-24 18:02:09.766752+00:00,-8.797192514173747e-05,False
2019-06-25 02:18:43.012224+00:00,0.000677768202471164,False
2019-06-25 10:35:16.205856+00:00,0.00018747921399107383,False
2019-06-25 17:12:30.783744+00:00,-0.00016887412830883167,False
2019-06-26 03:08:22.663968+00:00,0.0006614702981319104,False
2019-06-26 11:24:55.870560+00:00,0.00023004989521061714,False
2019-06-26 18:02:10.448448+00:00,3.3343973128101615e-05,False
2019-06-27 02:18:43.689600+00:00,0.0006410427920668142,False
2019-06-27 05:37:20.968608+00:00,-6.548054995131873e-05,False
2019-06-27 17:12:31.471488+00:00,8.04298849669035e-05,False
2019-06-28 03:08:23.356032+00:00,0.0008559040936782102,False
2019-06-28 11:24:56.567808+00:00,0.0001580550013505928,False
2019-06-28 18:02:11.147424+00:00,0.00018716868136230477,False
2019-06-29 03:58:03.047520+00:00,0.0007577957694993839,False
2019-06-29 10:35:17.609856+00:00,0.0002848626533798576,False
2019-06-29 18:51:50.836320+00:00,5.064347914955815e-05,False
2019-06-30 18:02:11.879232+00:00,0.0009969533740844844,False
2019-06-30 21:20:49.170336+00:00,0.0007589328760520599,False
2019-07-01 02:18:45.137664+00:00,0.0002889341974109112,False
2019-07-01 10:35:18.365856+00:00,0.0003589856396078976,False
2019-07-01 17:12:32.955840+00:00,-2.4668791687374174e-05,False
2019-07-01 20:31:10.237440+00:00,0.0003854363307276747,False
2019-07-02 01:29:06.189216+00:00,0.0003574103578138628,False
2019-07-02 09:45:39.422592+00:00,0.00013753088753731585,False
2019-07-02 18:02:12.649920+00:00,0.00015470493028290526,False
2019-07-02 21:20:49.941888+00:00,0.0005518204224722433,False
2019-07-03 02:18:45.901440+00:00,0.00019214046488226846,False
2019-07-03 08:56:00.475872+00:00,0.00014448916995598028,False
2019-07-03 17:12:33.714432+00:00,-1.2017201292373358e-05,False
2019-07-03 20:31:10.993440+00:00,0.0004786493193751004,False
2019-07-04 01:29:06.953856+00:00,0.00030308490558642693,False
2019-07-04 09:45:40.189824+00:00,0.0001278225758077443,False
2019-07-04 18:02:13.417152+00:00,-3.778994087705681e-05,False
2019-07-04 21:20:50.702208+00:00,0.0005700436833026307,False
2019-07-05 02:18:46.664352+00:00,0.00013797757330364502,False
2019-07-05 08:56:01.250880+00:00,0.00031176382681787204,False
2019-07-05 18:51:53.140608+00:00,-6.245026176295184e-05,False
2019-07-06 03:08:26.375712+00:00,0.0005043356364665991,False
2019-07-06 11:24:59.605632+00:00,0.00027865043639516775,False
2019-07-06 18:02:14.193024+00:00,-0.0001924158309727949,False
2019-07-07 03:58:06.083616+00:00,0.0005389623105666224,False
2019-07-07 10:35:20.658912+00:00,0.00015412143116921652,False
2019-07-07 18:51:53.889696+00:00,-4.378825744714976e-05,False
2019-07-08 03:08:27.144672+00:00,0.00047572341544657054,False
2019-07-08 11:25:00.359040+00:00,0.00016861365647170747,False
2019-07-08 18:02:14.947296+00:00,-0.00010305606551230177,False
2019-07-09 03:58:06.849984+00:00,0.000532667042782623,False
2019-07-09 10:35:21.417504+00:00,0.00016524551661246627,False
2019-07-09 18:51:54.656928+00:00,-0.00020303666522483976,False
2019-07-10 03:08:27.911904+00:00,0.0007111448848977203,False
2019-07-10 11:25:01.134912+00:00,0.00018248180420378735,False
2019-07-10 18:02:15.724896+00:00,-3.329397845088517e-05,False
2019-07-10 19:41:34.371744+00:00,0.00026164933168785576,False
2019-07-12 08:06:24.661152+00:00,0.0012546911584003808,False
2019-07-12 11:25:01.937568+00:00,0.0001408515152334022,False
2019-07-12 19:41:35.173536+00:00,0.00024316325453827573,False
2019-07-13 03:58:08.448384+00:00,0.0004361842734709574,False
2019-07-13 10:35:23.039232+00:00,0.0002929158128159588,False
2019-07-13 18:51:56.276928+00:00,0.00031198808477441396,False
2019-07-14 04:47:48.214176+00:00,0.0006924189955820288,False
2019-07-14 11:25:02.806752+00:00,0.00014838449467609454,False
2019-07-14 16:22:58.750752+00:00,-1.2653933889756572e-05,False
2019-07-15 17:39:37.546272+00:00,0.0009183624500601988,False
2019-07-16 14:43:40.989504+00:00,0.0007267539383281147,False
2019-07-17 17:12:39.415104+00:00,0.000912165236289768,False
2019-07-18 21:20:56.497920+00:00,0.0018579589057685698,False
2019-07-19 02:18:52.475616+00:00,2.497394867552295e-05,False
2019-07-19 10:35:25.703808+00:00,0.00016404349472346798,False
2019-07-19 17:12:40.312800+00:00,-0.0002131287768342804,False
2019-07-19 20:31:17.605632+00:00,0.0005043525211421599,False
2019-07-20 01:29:13.579872+00:00,0.0003125511383342076,False
2019-07-20 08:06:28.194048+00:00,1.960352697982323e-05,False
2019-07-20 18:02:20.101056+00:00,-3.0822304141395293e-05,False
2019-07-20 21:20:57.395616+00:00,0.00045916817491175617,False
2019-07-21 02:18:53.373312+00:00,2.4427106076678652e-05,False
2019-07-21 10:35:26.613600+00:00,0.00011103820511350722,False
2019-07-21 17:12:41.218272+00:00,-0.00030191156064469595,False
2019-07-21 20:31:18.511104+00:00,0.0004843799274733447,False
2019-07-22 01:29:14.487936+00:00,0.00027285027781586324,False
2019-07-22 08:06:29.101248+00:00,5.8231664400414655e-05,False
2019-07-22 16:23:02.354496+00:00,-8.23223294684624e-05,False
2019-07-22 21:20:58.306272+00:00,0.0005912010038348744,False
2019-07-23 02:18:54.281376+00:00,8.273331092066726e-05,False
2019-07-23 10:35:27.538080+00:00,0.0002639714231773229,False
2019-07-23 20:31:19.446816+00:00,0.0002861987164244258,False
2019-07-24 01:29:15.427104+00:00,0.00030508716597560826,False
2019-07-24 08:06:30.041280+00:00,2.2048600988695377e-05,False
2019-07-24 19:41:40.613280+00:00,0.00019182608901890437,False
2019-07-25 05:37:32.537568+00:00,0.0002862228697271764,False
2019-07-25 08:56:09.826944+00:00,0.0001881854631216362,False
2019-07-25 17:12:43.102656+00:00,-9.784775739670842e-05,False
2019-07-25 20:31:20.398944+00:00,0.0004970088578681475,False
2019-07-26 11:25:08.298336+00:00,0.0006383212894681298,False
2019-07-26 19:41:41.564544+00:00,3.042553603483034e-05,False
2019-07-27 05:37:33.501792+00:00,0.0001489820516269065,False
2019-07-27 12:14:48.103872+00:00,0.0004509761700799216,False
2019-07-27 20:31:21.369216+00:00,0.00022431776324401684,False
2019-07-28 11:25:09.291072+00:00,0.000582973480748499,False
2019-07-28 21:21:01.210176+00:00,0.0002685731373254291,False
2019-07-29 05:37:34.503168+00:00,0.0004791235309082621,False
2019-07-29 12:14:49.128576+00:00,0.0003534862629924278,False
2019-07-29 20:31:22.398240+00:00,0.00036168683979402073,False
2019-07-30 11:25:10.322688+00:00,0.0005937981799677709,False
2019-07-30 16:23:06.287424+00:00,1.0954852407074102e-05,False
2019-07-31 19:30:18.531072+00:00,0.0013142458436531635,False
2019-08-01 04:47:56.756544+00:00,0.0005435973678123695,False
2019-08-01 08:06:34.069248+00:00,2.3425949775647114e-05,False
2019-08-01 16:23:07.347552+00:00,9.503872190265715e-05,False
2019-08-01 19:41:44.657664+00:00,0.00022926120065201575,False
2019-08-02 03:58:17.966208+00:00,0.0004176331589027678,False
2019-08-02 10:35:32.582112+00:00,0.00047644213672787576,False
2019-08-02 18:52:05.863872+00:00,0.00011850955758545159,False
2019-08-03 04:47:57.829632+00:00,0.0004687475743047666,False
2019-08-03 11:25:12.450720+00:00,9.806372422920559e-05,False
2019-08-03 19:41:45.718656+00:00,0.0001533138097054435,False
2019-08-04 03:58:19.036704+00:00,0.0005816028701375594,False
2019-08-04 12:14:52.315872+00:00,0.00035990773066571274,False
2019-08-04 18:52:06.940416+00:00,4.1167709538706294e-05,False
2019-08-05 04:47:58.918272+00:00,0.000531989871385058,False
2019-08-05 11:25:13.535040+00:00,0.0002296269525331789,False
2019-08-05 19:41:46.824576+00:00,-2.171332582321647e-05,False
2019-08-06 03:58:20.082144+00:00,-0.00019375704840568665,False
2019-08-06 12:14:53.357856+00:00,0.0004100950335948521,False
2019-08-06 18:52:07.989312+00:00,-0.0001406638721471888,False
2019-08-07 04:47:59.955936+00:00,0.0005104859130685551,False
2019-08-07 11:25:14.576160+00:00,0.00011324777489554863,False
2019-08-07 18:02:29.207616+00:00,3.875148587681302e-05,False
2019-08-08 03:58:21.137952+00:00,0.00013334888009453358,False
2019-08-08 07:16:58.443744+00:00,0.0001102174940687191,False
2019-08-08 15:33:31.737600+00:00,0.00011113609508261926,False
2019-08-08 18:52:09.052896+00:00,0.00017474596095590176,False
2019-08-09 04:48:01.013472+00:00,0.0004859668697265927,False
2019-08-09 11:25:15.638016+00:00,0.00016995468809522104,False
2019-08-09 19:41:48.918912+00:00,9.182801113082447e-05,False
2019-08-10 03:58:22.227456+00:00,0.0004875773437047096,False
2019-08-10 10:35:36.856320+00:00,0.00030476814542357864,False
2019-08-10 18:52:10.144128+00:00,0.0002934798949907387,False
2019-08-11 04:48:02.116800+00:00,0.0003836005008210248,False
2019-08-11 11:25:16.741344+00:00,0.0002302388429954512,False
2019-08-11 19:41:50.027424+00:00,0.00019804605338281977,False
2019-08-12 03:58:23.340288+00:00,0.00046006821455257596,False
2019-08-12 12:14:56.629824+00:00,0.00038613582369910574,False
2019-08-12 20:31:29.911584+00:00,0.00011534479183026832,False
2019-08-13 04:48:03.230496+00:00,0.000512370230592915,False
2019-08-13 11:25:17.864544+00:00,0.00023207481682564047,False
2019-08-13 19:41:51.163584+00:00,0.0004254008745597773,False
2019-08-14 05:37:43.140576+00:00,0.00046826276971906545,False
2019-08-14 12:14:57.774624+00:00,0.0004120006044852286,False
2019-08-14 20:31:31.070208+00:00,0.00024168591585681796,False
2019-08-15 04:48:04.391712+00:00,0.0003712957602946782,False
2019-08-15 08:06:41.698368+00:00,0.00022726553532365724,False
2019-08-15 16:23:15.000864+00:00,0.0001426816304345968,False
2019-08-15 21:21:10.974240+00:00,0.0004474746245089422,False
2019-08-16 05:37:44.292288+00:00,0.00023436419408404949,False
2019-08-16 12:14:58.920288+00:00,0.0003293608074583897,False
2019-08-16 20:31:32.208096+00:00,5.167377942696266e-05,False
2019-08-17 04:48:05.534784+00:00,0.00044885609187029547,False
2019-08-17 11:25:20.162784+00:00,0.00011248856059479305,False
2019-08-17 19:41:53.450592+00:00,0.0003913749858587618,False
2019-08-18 20:31:33.345120+00:00,0.0008575315361286879,False
2019-08-19 21:21:13.241376+00:00,0.0007315340152584056,False
2019-08-20 05:37:46.548192+00:00,0.00021685421659172296,False
2019-08-20 12:15:01.179648+00:00,0.0003567756231824084,False
2019-08-20 20:31:34.468320+00:00,-5.38056515735342e-05,False
2019-08-21 04:48:07.782912+00:00,0.00041516757228654777,False
2019-08-21 11:25:22.417824+00:00,0.0003717215524684243,False
2019-08-21 19:41:55.705632+00:00,-5.01751673864238e-05,False
2019-08-22 12:15:02.270016+00:00,0.0003119817144434555,False
2019-08-22 20:31:35.564736+00:00,0.00018712074429501672,False
2019-08-23 09:46:04.842336+00:00,0.0005266579894096305,False
2019-08-23 11:25:23.497824+00:00,4.021486343111638e-05,False
2019-08-23 19:41:56.789088+00:00,0.0003345164981965614,False
2019-08-24 05:37:48.767808+00:00,0.0003213367401930961,False
2019-08-24 12:15:03.383712+00:00,0.0004335517042761905,False
2019-08-24 20:31:36.673248+00:00,0.00020326248968255536,False
2019-08-25 04:48:09.991296+00:00,0.0004405386870889679,False
2019-08-25 11:25:24.618432+00:00,0.00027892882589163146,False
2019-08-25 19:41:57.918336+00:00,0.00041935338824280517,False
2019-08-26 00:39:53.906400+00:00,0.00032354183271618485,False
2019-08-26 20:31:37.824096+00:00,0.0007429663153031584,False
2019-08-27 04:48:11.130048+00:00,0.0004867038168664562,False
2019-08-27 11:25:25.765824+00:00,0.0002657162275103833,False
2019-08-27 21:21:17.711712+00:00,0.0004903466163548288,False
2019-08-28 05:37:51.034080+00:00,0.0003275231367152441,False
2019-08-28 12:15:05.656896+00:00,0.00038090415413760697,False
2019-08-28 20:31:38.946432+00:00,0.00027568487032359634,False
2019-08-29 04:48:12.265344+00:00,0.00042489432868443545,False
2019-08-29 09:46:08.236128+00:00,0.00034708878210142297,False
2019-08-29 16:23:22.872768+00:00,-3.363106140006955e-05,False
2019-08-29 19:42:00.181152+00:00,0.0003494652659687638,False
2019-08-30 05:37:52.152096+00:00,0.00021987398832824177,False
2019-08-30 12:15:06.766272+00:00,0.00030573153163745374,False
2019-08-30 20:31:40.046304+00:00,0.00023042905846718973,False
2019-08-31 04:48:13.359168+00:00,0.00031436870222727837,False
2019-08-31 11:25:27.976800+00:00,0.0004057940154440772,False
2019-08-31 19:42:01.268928+00:00,0.00015309272067495663,False
2019-09-01 05:37:53.227776+00:00,0.0004070671369708389,False
2019-09-01 10:35:49.192512+00:00,0.00028803839214055463,False
2019-09-01 20:31:41.134080+00:00,0.00022927201315843786,False
2019-09-02 04:48:14.437440+00:00,0.0002627917666155826,False
2019-09-02 09:46:10.396128+00:00,3.2219446334579184e-05,False
2019-09-02 21:21:20.992320+00:00,0.00042743724188237055,False
2019-09-03 05:37:54.273216+00:00,0.0001627533425284819,False
2019-09-03 12:15:08.889120+00:00,0.00023733098705317797,False
2019-09-03 20:31:42.157056+00:00,0.00016972028697809943,False
2019-09-04 04:48:15.464736+00:00,0.00039720316138838253,False
2019-09-04 11:25:30.081504+00:00,4.3820875661769844e-05,False
2019-09-04 19:42:03.345984+00:00,5.6685443892520184e-05,False
2019-09-05 05:37:55.297056+00:00,0.0003186323224949892,False
2019-09-05 12:15:09.906912+00:00,0.00036157533353490656,False
2019-09-05 20:31:43.175712+00:00,0.00032390532753589845,False
2019-09-06 04:48:16.482528+00:00,0.0003066763795216583,False
2019-09-06 11:25:31.088928+00:00,0.00011589522311434555,False
2019-09-06 19:42:04.356864+00:00,0.00023055568615170839,False
2019-09-07 05:37:56.309664+00:00,0.00044425800481780826,False
2019-09-07 12:15:10.921248+00:00,0.00031296233379774093,False
2019-09-07 20:31:44.184864+00:00,0.00029877708853554973,False
2019-09-08 04:48:17.482176+00:00,0.0003368474361676136,False
2019-09-08 11:25:32.089440+00:00,0.0002467433348668638,False
2019-09-08 19:42:05.357376+00:00,0.0001531226670040238,False
2019-09-09 03:58:38.646912+00:00,0.000701340102624255,False
2019-09-09 10:35:53.256768+00:00,0.00024200100018279902,False
2019-09-09 18:52:26.525568+00:00,1.7378966378250936e-05,False
2019-09-10 03:08:59.801280+00:00,0.0005761706036165346,False
2019-09-10 09:46:14.411136+00:00,0.00023494613803672667,False
2019-09-10 18:02:47.676480+00:00,8.440616437751998e-05,False
2019-09-11 03:58:39.612000+00:00,0.0006437300104230623,False
2019-09-11 10:35:54.214080+00:00,0.000363253408320867,False
2019-09-11 18:52:27.483744+00:00,5.126139398880825e-05,False
2019-09-12 03:09:00.758592+00:00,0.0006065480402257678,False
2019-09-12 19:42:07.281504+00:00,0.0005570486438957209,False
2019-09-13 03:58:40.578816+00:00,0.0007949582696894391,False
2019-09-13 10:35:55.184352+00:00,0.0002528842598379192,False
2019-09-13 18:52:28.450560+00:00,7.216191260665789e-05,False
2019-09-14 03:09:01.730592+00:00,0.000796847483339441,False
2019-09-14 09:46:16.332672+00:00,0.00024582837332533627,False
2019-09-14 18:02:49.589376+00:00,0.00011654064183067063,False
2019-09-15 03:58:41.508480+00:00,0.0005040482688806179,False
2019-09-15 10:35:56.108832+00:00,0.0005502205219347359,False
2019-09-15 18:52:29.367264+00:00,-9.977273769440061e-05,False
2019-09-16 03:09:02.653344+00:00,0.0010848008254769116,False
2019-09-16 11:25:35.914368+00:00,0.00038145373011058865,False
2019-09-16 18:02:50.519904+00:00,8.340549074808506e-05,False
2019-09-17 02:19:23.788704+00:00,0.0006393449094152691,False
2019-09-17 10:35:57.053184+00:00,0.0004463295517171981,False
2019-09-17 18:52:30.310752+00:00,-0.00031700718022132035,False
2019-09-18 03:09:03.570912+00:00,0.0008115874619751987,False
2019-09-18 09:46:18.166944+00:00,2.1591876387226086e-05,False
2019-09-18 18:02:51.414144+00:00,0.00022021910467655677,False
2019-09-19 03:58:43.342752+00:00,0.000706508692199786,False
2019-09-19 05:38:01.985280+00:00,3.563170915608211e-07,False
2019-09-19 18:52:31.188576+00:00,0.00022247131708083817,False
2019-09-20 03:09:04.461696+00:00,0.0007964873132508922,False
2019-09-20 09:46:19.035264+00:00,2.2397717061510764e-05,False
2019-09-20 19:42:10.934496+00:00,0.0003207445878348727,False
2019-09-21 15:33:54.744192+00:00,0.00043063761699092416,False
2019-09-21 18:52:32.013696+00:00,-8.177970082506709e-05,False
2019-09-22 03:09:05.267808+00:00,0.0006020354220067851,False
2019-09-22 11:25:38.498592+00:00,0.00021715693044617804,False
2019-09-22 18:02:53.091168+00:00,-1.282308056454925e-05,False
2019-09-23 03:58:45.000768+00:00,0.0006489378431726707,False
2019-09-23 10:35:59.579520+00:00,0.00026282736672327434,False
2019-09-23 15:33:55.521792+00:00,7.759209987845986e-05,False
2019-09-24 03:09:06.086880+00:00,0.0009050449256900495,False
2019-09-24 11:25:39.321120+00:00,0.00034289830047893807,False
2019-09-24 18:02:53.902464+00:00,-0.00015262889630843977,False
2019-09-25 03:58:45.808608+00:00,0.000840174910518232,False
2019-09-25 10:36:00.395136+00:00,0.00030922807631360847,False
2019-09-25 18:52:33.628512+00:00,0.00012306131582069863,False
2019-09-26 03:09:06.911136+00:00,0.0011459069897251342,False
2019-09-26 06:27:44.203968+00:00,-3.4510027928670166e-05,False
2019-09-26 18:02:54.718944+00:00,0.0003346670289393341,False
2019-09-27 03:58:46.626816+00:00,0.0007704978429974583,False
2019-09-27 10:36:01.205568+00:00,0.00041456611154273756,False
2019-09-27 18:52:34.445856+00:00,-9.718145023638789e-05,False
2019-09-28 03:09:07.693920+00:00,0.0010199262074855697,False
2019-09-28 09:46:22.284768+00:00,0.0003159939113845987,False
2019-09-28 18:02:55.520736+00:00,0.00013679174696878417,False
2019-09-29 03:58:47.386272+00:00,0.0004661674254641573,False
2019-09-29 10:36:01.967616+00:00,0.0005102529461996268,False
2019-09-29 18:52:35.205312+00:00,0.00010698778108989514,False
2019-09-30 03:09:08.465472+00:00,0.0009103678794482502,False
2019-09-30 11:25:41.688480+00:00,0.0002932276318191553,False
2019-09-30 18:02:56.271552+00:00,-5.5992235178575116e-05,False
2019-10-01 03:58:48.162144+00:00,0.0007327302757197344,False
2019-10-01 08:56:44.088864+00:00,0.00015276902322604405,False
2019-10-01 18:52:35.970816+00:00,0.00011435014808331123,False
2019-10-01 22:11:13.255008+00:00,0.0005054990891325602,False
2019-10-02 18:02:57.014592+00:00,0.0006517740178584078,False
2019-10-02 21:21:34.326432+00:00,0.0003069474267536136,False
2019-10-03 02:19:30.256608+00:00,-0.00019673461818681628,False
2019-10-03 08:56:44.795616+00:00,0.00015050178902881764,False
2019-10-03 17:13:18.025536+00:00,7.100490911758953e-05,False
2019-10-03 20:31:55.309728+00:00,0.0005327206582391972,False
2019-10-04 03:09:09.912672+00:00,0.0003150254303731643,False
2019-10-04 09:46:24.483648+00:00,6.748218457968498e-05,False
2019-10-04 18:02:57.695424+00:00,8.652774197669908e-05,False
2019-10-04 21:21:34.984800+00:00,0.0005927317652590194,False
2019-10-05 02:19:30.938304+00:00,0.0002530375682119361,False
2019-10-05 10:36:04.140576+00:00,0.0001494278150799342,False
2019-10-05 17:13:18.718464+00:00,-0.0001409461400375256,False
2019-10-05 20:31:55.992288+00:00,0.0004692916340878236,False
2019-10-06 03:09:10.585728+00:00,0.00032852245074225546,False
2019-10-06 09:46:25.156704+00:00,0.0002804820380992875,False
2019-10-06 18:02:58.376256+00:00,0.00011112950754652549,False
2019-10-06 21:21:35.657856+00:00,0.0006108987278850702,False
2019-10-07 02:19:31.617408+00:00,0.0002133229884437702,False
2019-10-07 10:36:04.825728+00:00,0.00032436087938868583,False
2019-10-07 17:13:19.399296+00:00,-1.950340122863043e-05,False
2019-10-07 20:31:56.682624+00:00,0.00046774812182347983,False
2019-10-08 03:09:11.269152+00:00,0.00046583330143642993,False
2019-10-08 09:46:25.843584+00:00,0.00018340444525257637,False
2019-10-08 18:02:59.059680+00:00,0.00022360275069130279,False
2019-10-08 21:21:36.343872+00:00,0.0007169926139511107,False
2019-10-09 02:19:32.304288+00:00,0.00017678368273654744,False
2019-10-09 08:56:46.867488+00:00,0.00029633035181435546,False
2019-10-09 17:13:20.091360+00:00,0.0001249300836539845,False
2019-10-09 20:31:57.366912+00:00,0.0005673471597139406,False
2019-10-10 01:29:53.322144+00:00,0.00035377947682876086,False
2019-10-10 09:46:26.541696+00:00,0.0002015673930114862,False
2019-10-10 18:02:59.754336+00:00,0.0002999380106134801,False
2019-10-10 21:21:37.036800+00:00,0.0005195649492704436,False
2019-10-11 02:19:32.985984+00:00,0.000228206658990392,False
2019-10-11 10:36:06.197760+00:00,0.00041245767455359286,False
2019-10-11 17:13:20.773920+00:00,-0.00010014841189291262,False
2019-10-11 20:31:58.048608+00:00,0.00044823711394408397,False
2019-10-12 03:09:12.636864+00:00,0.0004365747106293114,False
2019-10-12 09:46:27.215616+00:00,0.0004392364310267174,False
2019-10-12 18:03:00.423936+00:00,6.31792801154507e-05,False
2019-10-12 21:21:37.708128+00:00,0.0005636600714563564,False
2019-10-13 02:19:33.659040+00:00,0.00020791764380683852,False
2019-10-13 10:36:06.866496+00:00,0.0002901578368152784,False
2019-10-13 18:52:40.082592+00:00,0.00013997942905883575,False
2019-10-14 03:09:13.313376+00:00,0.0007773183436832441,False
2019-10-14 11:25:46.514784+00:00,0.00012621916511523903,False
2019-10-14 18:03:01.076256+00:00,4.846705101997092e-05,False
2019-10-15 02:19:34.306176+00:00,0.0007428565932715006,False
2019-10-15 10:36:07.519680+00:00,0.0005038155193979658,False
2019-10-15 20:31:59.381760+00:00,0.0006458748351432326,False
2019-10-16 01:29:55.327488+00:00,0.00043945098353786186,False
2019-10-16 16:23:43.106784+00:00,0.00016771264391300905,False
2019-10-16 21:21:39.033504+00:00,0.0005988805186170001,False
2019-10-17 02:19:34.984416+00:00,0.00019302209773768128,False
2019-10-17 08:56:49.547616+00:00,0.000301581475111715,False
2019-10-17 17:13:22.762848+00:00,7.14146871772403e-05,False
2019-10-17 20:32:00.036672+00:00,0.0005900362475245472,False
2019-10-18 03:09:14.630976+00:00,0.00043304884283451844,False
2019-10-18 09:46:29.203680+00:00,0.00020922275108598866,False
2019-10-18 18:03:02.400768+00:00,0.0002853249401920413,False
2019-10-18 21:21:39.688416+00:00,0.00029426730951888087,False
2019-10-19 00:40:16.989888+00:00,0.00021012881379925307,False
2019-10-19 08:56:50.207712+00:00,0.00043402968905487105,False
2019-10-19 17:13:23.425536+00:00,8.87581147374508e-05,False
2019-10-19 20:32:00.700224+00:00,0.0004512070532337951,False
2019-10-20 09:46:29.858592+00:00,0.0005896957424534964,False
2019-10-20 21:21:40.361472+00:00,0.0006140216805776699,False
2019-10-21 02:19:36.292512+00:00,1.143330972294763e-05,False
2019-10-21 10:36:09.486144+00:00,0.0003438386687946735,False
2019-10-21 20:32:01.330944+00:00,0.0002357642467303349,False
2019-10-22 01:29:57.269760+00:00,0.0002924503819905586,False
2019-10-22 09:46:30.472032+00:00,0.0001892239635634657,False
2019-10-22 18:03:03.679488+00:00,4.824940945640264e-05,False
2019-10-22 21:21:40.957632+00:00,0.0006851158149678713,False
2019-10-23 02:19:36.913728+00:00,0.00018635268528089538,False
2019-10-23 08:56:51.470016+00:00,0.00022346978646810447,False
2019-10-23 17:13:24.685248+00:00,5.0844393237026576e-05,False
2019-10-23 20:32:01.958208+00:00,0.00043752027907726515,False
2019-10-24 01:29:57.898752+00:00,0.000343307597803774,False
2019-10-24 09:46:31.106208+00:00,0.00029103978118479967,False
2019-10-24 18:03:04.315392+00:00,0.00012370818185159665,False
2019-10-24 21:21:41.597856+00:00,0.0006178665449995878,False
2019-10-25 02:19:37.548768+00:00,0.00020459121417530104,False
2019-10-25 10:36:10.751040+00:00,0.0004333345142983849,False
2019-10-25 17:13:25.322880+00:00,1.4139687452482453e-05,False
2019-10-25 20:32:02.598432+00:00,0.000566049479543924,False
2019-10-26 01:29:58.545024+00:00,0.000387564826493019,False
2019-10-26 08:07:13.114272+00:00,0.00023716138533214553,False
2019-10-26 18:03:04.960800+00:00,0.0002138858681676167,False
2019-10-26 21:21:42.242400+00:00,0.000723494897762688,False
2019-10-27 02:19:38.203680+00:00,0.0002390549354293535,False
2019-10-27 10:36:11.422368+00:00,0.0005869556566559392,False
2019-10-27 17:13:25.996800+00:00,-8.44698065727605e-05,False
2019-10-27 20:32:03.270624+00:00,0.000635642216307655,False
2019-10-28 03:09:17.870976+00:00,0.0006580288832549331,False
2019-10-28 08:07:13.800288+00:00,-2.9318472558631297e-05,False
2019-10-28 18:03:05.657184+00:00,0.0002794001215434533,False
2019-10-28 21:21:42.935328+00:00,0.0006722495445170242,False
2019-10-29 02:19:38.887968+00:00,0.00015264294044264193,False
2019-10-29 08:56:53.446848+00:00,0.0002778109466252479,False
2019-10-29 17:13:26.668992+00:00,6.104672386271444e-05,False
2019-10-29 20:32:03.941088+00:00,0.000561769690433347,False
2019-10-30 01:29:59.892864+00:00,0.00032568907918338803,False
2019-10-30 08:07:14.461248+00:00,0.00017383333166163438,False
2019-10-30 18:03:06.322464+00:00,0.00017250172855430373,False
2019-10-30 21:21:43.598016+00:00,0.0005330805260823414,False
2019-10-31 02:19:39.548928+00:00,0.00013790699040579907,False
2019-10-31 10:36:12.752064+00:00,0.00034548524047918553,False
2019-10-31 17:13:27.329952+00:00,-0.00011233338201610348,False
2019-10-31 20:32:04.605504+00:00,0.0004908676772876047,False
2019-11-01 01:30:00.552960+00:00,0.0002845687020429503,False
2019-11-01 08:07:15.116160+00:00,-1.6536871556505344e-05,False
2019-11-01 18:03:06.968736+00:00,0.00011698368179928194,False
2019-11-01 21:21:44.251200+00:00,0.0004947550813069112,False
2019-11-02 02:19:40.200384+00:00,-0.00015448480494296697,False
2019-11-02 10:36:13.378464+00:00,0.0003066723349121287,False
2019-11-02 17:13:27.947712+00:00,2.4066504866594924e-05,False
2019-11-02 20:32:05.231904+00:00,0.000498480855445083,False
2019-11-03 01:30:01.177632+00:00,0.0003841263980412676,False
2019-11-03 09:46:34.392864+00:00,0.00025513571374196606,False
2019-11-03 16:23:48.968160+00:00,6.454583725319359e-06,False
2019-11-03 21:21:44.889696+00:00,0.0007389577482827998,False
2019-11-04 02:19:40.847520+00:00,0.00012109071666907198,False
2019-11-04 10:36:14.048928+00:00,0.00031524817898535097,False
2019-11-04 17:13:28.624224+00:00,-8.541529017093766e-05,False
2019-11-04 20:32:05.899776+00:00,0.00032292426156556515,False
2019-11-05 01:30:01.842048+00:00,0.000447096612121514,False
2019-11-05 09:46:35.059872+00:00,0.0002244446010046573,False
2019-11-05 16:23:49.629984+00:00,5.688893360182129e-05,False
2019-11-05 21:21:45.559296+00:00,0.0007790042971910855,False
2019-11-06 02:19:41.519712+00:00,0.00021323695322376587,False
2019-11-06 08:56:56.079456+00:00,0.00015548982296764079,False
2019-11-06 17:13:29.300736+00:00,0.0001848436564083255,False
2019-11-06 20:32:06.588384+00:00,0.0003886307317979287,False
2019-11-07 01:30:02.534112+00:00,0.00043469715815280786,False
2019-11-07 09:46:35.752800+00:00,0.0003367983641476822,False
2019-11-07 16:23:50.325504+00:00,0.0001525299248354749,False
2019-11-08 18:52:48.641376+00:00,0.0013998807591798336,False
2019-11-09 01:30:03.223584+00:00,0.001164495222868496,False
2019-11-09 19:42:28.332000+00:00,0.0006657791739721308,False
2019-11-10 05:38:20.220864+00:00,0.0007379856351384417,False
2019-11-10 12:15:34.801344+00:00,0.0005010380789286378,False
2019-11-10 20:32:08.029536+00:00,0.0004817955709404502,False
2019-11-11 04:48:41.287104+00:00,0.0006146249502737132,False
2019-11-11 11:25:55.861536+00:00,0.0003125546288527383,False
2019-11-11 19:42:29.086272+00:00,0.000568527594616937,False
2019-11-12 03:59:02.347296+00:00,0.0005446359635962458,False
2019-11-12 12:15:35.568576+00:00,0.0005685513874609015,False
2019-11-12 20:32:08.799360+00:00,0.0004165987098816586,False
2019-11-13 04:48:42.049152+00:00,0.00042213480425340314,False
2019-11-13 11:25:56.620992+00:00,0.000175637241615506,False
2019-11-13 19:42:29.849184+00:00,0.0005456447407436099,False
2019-11-14 05:38:21.754464+00:00,0.0006048703920368265,False
2019-11-14 12:15:36.330624+00:00,0.000393826849226201,False
2019-11-14 20:32:09.562272+00:00,0.00025972788430822643,False
2019-11-15 04:48:42.806016+00:00,0.000301041777468202,False
2019-11-15 11:25:57.368352+00:00,0.00016572940247092967,False
2019-11-15 19:42:30.595680+00:00,0.00032652570829592824,False
2019-11-16 05:38:22.496640+00:00,0.0004150823614172633,False
2019-11-16 12:15:37.062432+00:00,0.00033475486344915277,False
2019-11-16 20:32:10.289760+00:00,0.00042874210285956057,False
2019-11-17 04:48:43.543872+00:00,0.00036874027790469545,False
2019-11-17 11:25:58.117440+00:00,0.00016846223580116394,False
2019-11-17 19:42:31.346496+00:00,0.0002571356644591584,False
2019-11-18 12:15:37.822752+00:00,0.0008555414111142777,False
2019-11-18 20:32:11.050944+00:00,0.00025786230823771793,False
2019-11-19 04:48:44.299872+00:00,0.0003022370371706219,False
2019-11-19 19:42:32.115456+00:00,0.0008963244749093443,False
2019-11-20 03:59:05.374752+00:00,0.0004303044965170709,False
2019-11-20 12:15:38.604672+00:00,0.0004157460849723237,False
2019-11-20 20:32:11.834592+00:00,0.0003019167577759104,False
2019-11-21 04:48:45.085248+00:00,0.00037236305093077046,False
2019-11-21 08:07:22.372032+00:00,0.000202005835747409,False
2019-11-21 16:23:55.612320+00:00,0.0002184979371921396,False
2019-11-21 19:42:32.903424+00:00,0.00041080002047196024,False
2019-11-22 05:38:24.813024+00:00,0.0006086515535578443,False
2019-11-22 12:15:39.397824+00:00,0.00043576161908768574,False
2019-11-22 20:32:12.622560+00:00,0.000306289902029806,False
2019-11-23 04:48:45.888768+00:00,0.00042891134563451,False
2019-11-23 11:26:00.470112+00:00,0.0003342308089639929,False
2019-11-23 18:03:15.062688+00:00,0.00012015863871762966,False
2019-11-23 21:21:52.358976+00:00,0.0006867461562095956,False
2019-11-24 02:19:48.333216+00:00,0.00011222922014990589,False
2019-11-24 08:57:02.904192+00:00,0.00029296874706626546,False
2019-11-24 17:13:36.155712+00:00,0.00022896518920270063,False
2019-11-24 20:32:13.447680+00:00,0.0005653007742493091,False
2019-11-25 01:30:09.413280+00:00,0.00037168299692384114,False
2019-11-25 09:46:42.659616+00:00,0.00033113937585770384,False
2019-11-25 16:23:57.253920+00:00,9.154597048104975e-05,False
2019-11-25 21:21:53.202240+00:00,0.0007221238964275583,False
2019-11-26 02:19:49.173888+00:00,0.00028348515188483396,False
2019-11-26 08:57:03.764736+00:00,0.00027768796242583736,False
2019-11-26 17:13:37.016256+00:00,0.00019346261380174905,False
2019-11-26 20:32:14.309088+00:00,0.0004075249429806923,False
2019-11-27 01:30:10.271232+00:00,0.00037647629345090804,False
2019-11-27 09:46:43.525344+00:00,0.00037722788617272634,False
2019-11-27 16:23:58.113600+00:00,6.3078050654541e-05,False
2019-11-27 21:21:54.063648+00:00,0.0007757602822978189,False
2019-11-28 02:19:50.039616+00:00,0.00020654527563799022,False
2019-11-28 08:57:04.622688+00:00,0.00019028675200515738,False
2019-11-28 17:13:37.878528+00:00,0.00010864913576299459,False
2019-11-28 22:11:33.819936+00:00,0.0005916395999877408,False
2019-11-29 03:09:29.788992+00:00,0.00022264137960515464,False
2019-11-29 09:46:44.374656+00:00,0.00014761977650805684,False
2019-11-29 18:03:17.617536+00:00,5.94597770567012e-05,False
2019-11-29 21:21:54.913824+00:00,0.0005851181858262584,False
2019-11-30 02:19:50.886336+00:00,0.00016849443305287404,False
2019-11-30 08:57:05.463360+00:00,0.00013515688284217528,False
2019-11-30 17:13:38.714880+00:00,4.288130841505856e-05,False
2019-11-30 20:32:16.005120+00:00,0.0004699406427573473,False
2019-12-01 01:30:11.973312+00:00,0.0002971170606855366,False
2019-12-01 09:46:45.217920+00:00,0.0002490694712159819,False
2019-12-01 18:03:18.468576+00:00,3.602255450985072e-05,False
2019-12-01 21:21:55.763136+00:00,0.0005737810386290097,False
2019-12-02 02:19:51.734784+00:00,0.0001335076270677458,False
2019-12-02 08:57:06.313536+00:00,0.00010582287224070462,False
2019-12-02 22:11:35.509056+00:00,0.000619404115512088,False
2019-12-03 21:21:56.606400+00:00,0.0009569958947960421,False
2019-12-04 22:11:36.348864+00:00,0.0008466976668628674,False
2019-12-05 09:46:46.913088+00:00,0.0006532647603769137,False
2019-12-05 18:03:20.168064+00:00,0.00013198668963430523,False
2019-12-05 21:21:57.461760+00:00,0.0006323907105709216,False
2019-12-06 02:19:53.437728+00:00,0.0002784843757768222,False
2019-12-06 08:57:08.032032+00:00,0.00020982145914038208,False
2019-12-06 17:13:41.286144+00:00,0.0001281490598857752,False
2019-12-06 22:11:37.232736+00:00,0.0005687946436840794,False
2019-12-07 01:30:14.549760+00:00,0.00045001071729133455,False
2019-12-07 09:46:47.814240+00:00,0.00027865646092106044,False
2019-12-07 18:03:21.062304+00:00,0.00013083545906469022,False
2019-12-07 21:21:58.360320+00:00,0.0007481307452763409,False
2019-12-08 02:19:54.343200+00:00,0.00024975480273381435,False
2019-12-08 10:36:27.579168+00:00,0.00026041813901777656,False
2019-12-08 17:13:42.184704+00:00,0.00015744682404656514,False
2019-12-08 22:11:38.135616+00:00,0.0006965826260862747,False
2019-12-09 01:30:15.457824+00:00,0.0003665725870961534,False
2019-12-09 09:46:48.718848+00:00,0.00025103898288878797,False
2019-12-09 18:03:21.966048+00:00,0.00014557277461294384,False
2019-12-09 21:21:59.268384+00:00,0.0006744412977311688,False
2019-12-10 02:19:55.248672+00:00,0.00026970942417605114,False
2019-12-10 10:36:28.499328+00:00,0.0004088928141777794,False
2019-12-10 17:13:43.108320+00:00,2.774896957867122e-07,False
2019-12-10 22:11:39.055776+00:00,0.0007003112350723324,False
2019-12-11 03:09:35.032608+00:00,0.0004159179621217713,False
2019-12-11 09:46:49.649376+00:00,0.00020153585031755587,False
2019-12-11 18:03:22.890528+00:00,0.00010816951319527634,False
2019-12-12 10:36:29.409120+00:00,0.0011216467260095919,False
2019-12-12 17:13:44.015520+00:00,-1.6771777230409216e-05,False
2019-12-12 22:11:39.964704+00:00,0.000553820800654029,False
2019-12-13 03:09:35.934624+00:00,0.000357473204864967,False
2019-12-13 09:46:50.539296+00:00,5.383695806178532e-05,False
2019-12-13 16:24:05.125824+00:00,-0.00010851824885787793,False
2019-12-13 21:22:01.079328+00:00,0.0006244238909325506,False
2019-12-14 02:19:57.055296+00:00,0.0001594147882538877,False
2019-12-14 08:57:11.646144+00:00,0.0002820738976237548,False
2019-12-14 17:13:44.906304+00:00,0.00018029306059577687,False
2019-12-14 22:11:40.857216+00:00,0.0006257802870095073,False
2019-12-15 03:09:36.830592+00:00,0.0003608433676182449,False
2019-12-15 16:24:06.028704+00:00,4.771339835128263e-05,False
2019-12-15 21:22:01.978752+00:00,0.0005723839338516454,False
2019-12-16 02:19:57.952992+00:00,0.0001987237520709316,False
2019-12-16 10:36:31.192416+00:00,0.0002889382283613375,False
2019-12-16 17:13:45.795360+00:00,4.347590327219864e-05,False
2019-12-16 22:11:41.748000+00:00,0.0004596414763116931,False
2019-12-17 01:30:19.056384+00:00,0.00022810610550490839,False
2019-12-17 09:46:52.309632+00:00,9.998383232846206e-05,False
2019-12-17 18:03:25.541280+00:00,-0.00010964989781041566,False
2019-12-17 21:22:02.834112+00:00,0.0005490094376183352,False
2019-12-18 02:19:58.807488+00:00,0.00024131168354222745,False
2019-12-18 10:36:32.055552+00:00,0.0002543601379201226,False
2019-12-18 17:13:46.654176+00:00,-7.150773432713177e-05,False
2019-12-18 22:11:42.597312+00:00,0.00043703939054248297,False
2019-12-19 03:09:38.561184+00:00,0.000305854989477764,False
2019-12-19 09:46:53.158080+00:00,0.000174944890284122,False
2019-12-19 18:03:26.394912+00:00,-8.536103453711384e-05,False
2019-12-19 21:22:03.691200+00:00,0.000488296149407385,False
2019-12-20 02:19:59.659392+00:00,0.00024485404397621153,False
2019-12-20 08:57:14.247648+00:00,0.0001750117676305734,False
2019-12-20 17:13:47.498304+00:00,-8.632776770268146e-05,False
2019-12-20 20:32:24.789408+00:00,0.0004120993508262649,False
2019-12-21 01:30:20.748096+00:00,0.00027871003079530743,False
2019-12-21 09:46:53.997024+00:00,0.00030180558281839683,False
2019-12-21 18:03:27.230400+00:00,4.232097362702925e-06,False
2019-12-21 21:22:04.527552+00:00,0.0006593009320036032,False
2019-12-22 02:20:00.505248+00:00,0.00011796476883731979,False
2019-12-22 10:36:33.723072+00:00,0.0002893386184387774,False
2019-12-22 17:13:48.323424+00:00,0.00010616758067634745,False
2019-12-22 22:11:44.266560+00:00,0.00047008331968702435,False
2019-12-23 03:09:40.226112+00:00,0.00044321314070150234,False
2019-12-23 09:46:54.829056+00:00,0.00017615363174802235,False
2019-12-23 18:03:28.066752+00:00,0.00023372735497304904,False
2019-12-24 03:59:19.986720+00:00,0.0009180775680942028,False
2019-12-24 10:36:34.579296+00:00,0.00038920386405837375,False
2019-12-24 18:53:07.823904+00:00,0.00020678776180712254,False
2019-12-25 03:09:41.095296+00:00,0.0009460805101957719,False
2019-12-25 11:26:14.332128+00:00,0.00026600183064186175,False
2019-12-25 18:03:28.920384+00:00,0.0002032394086229885,False
2019-12-26 03:59:20.846400+00:00,0.0006902070604133033,False
2019-12-26 07:17:58.126272+00:00,0.00017735245769964411,False
2019-12-26 18:53:08.678400+00:00,0.0004063583897864051,False
2019-12-27 03:09:41.942016+00:00,0.0007030546951962432,False
2019-12-27 11:26:15.174528+00:00,0.000251185202816623,False
2019-12-27 18:03:29.753280+00:00,2.3181572555035874e-05,False
2019-12-28 03:59:21.674112+00:00,0.00059639517008286,False
2019-12-28 10:36:36.239040+00:00,0.0003615722333514109,False
2019-12-28 18:53:09.481056+00:00,6.332510471564906e-05,False
2019-12-29 03:09:42.737760+00:00,0.0006950895302901944,False
2019-12-29 11:26:15.970272+00:00,0.0002365426651011423,False
2019-12-29 18:03:30.549024+00:00,-3.383005984561999e-06,False
2019-12-30 03:59:22.455168+00:00,0.0005616815996508952,False
2019-12-30 10:36:37.033056+00:00,0.0003024093798196777,False
2019-12-30 18:53:10.269888+00:00,0.00011758647691803857,False
2019-12-31 11:26:16.737504+00:00,0.0005507899715417305,False
2019-12-31 19:42:49.956192+00:00,-9.890835131133981e-06,False
2020-01-01 03:59:23.204256+00:00,0.00032764115207559234,False
2020-01-01 12:15:56.421216+00:00,0.00036948830340868897,False
2020-01-01 18:53:11.000832+00:00,4.239214314339903e-05,False
2020-01-02 03:09:44.255808+00:00,0.0006766368353697928,False
2020-01-02 06:28:21.542592+00:00,-2.8280757344182586e-05,False
2020-01-02 19:42:50.685408+00:00,0.00022200423221286334,False
2020-01-03 10:36:38.497536+00:00,0.0008667585663897007,False
2020-01-03 18:53:11.723136+00:00,3.3900342106626946e-05,False
2020-01-04 03:09:44.972928+00:00,0.0008128949217327857,False
2020-01-04 11:26:18.184704+00:00,0.00020690403714455007,False
2020-01-04 18:03:32.759136+00:00,0.00011688303728357052,False
2020-01-05 03:59:24.643680+00:00,0.00042270369980059195,False
2020-01-05 10:36:39.205152+00:00,0.00037663100774398486,False
2020-01-05 18:53:12.427296+00:00,8.855090136234095e-05,False
2020-01-06 03:09:45.671904+00:00,0.0008350277735638891,False
2020-01-06 11:26:18.877632+00:00,0.00019617277612253618,False
2020-01-06 19:42:52.098048+00:00,0.00033680505282132845,False
2020-01-07 03:59:25.338336+00:00,0.0005212796668337199,False
2020-01-07 10:36:39.906720+00:00,0.00037683882817565853,False
2020-01-07 17:13:54.475968+00:00,-9.549418264437662e-05,False
2020-01-08 03:09:46.355328+00:00,0.0008389651935462761,False
2020-01-08 11:26:19.572288+00:00,0.0003425338628169351,False
2020-01-08 18:03:34.146720+00:00,0.0002021934613016504,False
2020-01-09 03:59:26.032992+00:00,0.0006227270696383023,False
2020-01-09 07:18:03.309408+00:00,0.00013598054033783517,False
2020-01-09 20:32:32.464320+00:00,0.0006618933239045904,False
2020-01-10 04:49:05.693376+00:00,0.00039687615920720677,False
2020-01-10 11:26:20.251392+00:00,0.00013776884289360845,False
2020-01-10 19:42:53.454528+00:00,0.0003038951945501388,False
2020-01-11 10:36:41.257152+00:00,0.0008826849989684602,False
2020-01-11 18:53:14.467200+00:00,7.183102215071216e-05,False
2020-01-12 04:49:06.336192+00:00,0.0006213479945487624,False
2020-01-12 11:26:20.889888+00:00,0.00017760461197408462,False
2020-01-12 19:42:54.092160+00:00,0.0002292057870654559,False
2020-01-13 03:59:27.326400+00:00,0.00035849682712546033,False
2020-01-13 12:16:00.513120+00:00,7.965936938574112e-05,False
2020-01-13 18:53:15.058176+00:00,-0.00016370134717234408,False
2020-01-14 04:49:06.890880+00:00,-0.00017146856793357601,False
2020-01-14 11:26:21.428160+00:00,-6.292450995170414e-05,False
2020-01-14 19:42:54.598464+00:00,-0.005552227257425698,False
2020-01-14 23:01:31.563840+00:00,-0.0025868097453881026,False
2020-01-16 08:07:43.969440+00:00,-0.04129671051489109,False
2020-01-16 11:26:18.564864+00:00,-0.005576918578973439,False
2020-01-16 16:24:13.987008+00:00,-0.003990168275239107,False
2020-01-16 19:42:51.012000+00:00,-0.006798982202619074,False
2020-01-17 03:59:23.506656+00:00,-0.008596833733777969,False
2020-01-17 12:15:56.045376+00:00,-0.0063988443669778985,False
2020-01-17 18:53:10.094496+00:00,-0.004604978417041939,False
2020-01-18 11:26:15.175392+00:00,-0.009696235830567916,False
2020-01-18 19:42:47.731392+00:00,-0.004557411283305238,False
2020-01-19 03:59:20.374656+00:00,-0.0016479083201644093,False
2020-01-19 10:36:34.454016+00:00,-0.003979294923050768,False
2020-01-19 18:53:06.956448+00:00,-0.0038399965065638,False
2020-01-20 04:48:58.003776+00:00,0.0011557510845742987,False
2020-01-20 11:26:12.361344+00:00,0.00131856078780853,False
2020-01-20 19:42:44.996832+00:00,-0.0009998069911833047,False
2020-01-21 03:59:17.958048+00:00,0.008305143608321955,False
2020-01-21 10:36:32.180832+00:00,-1.3311298743995696e-05,False
2020-01-21 18:53:04.773120+00:00,0.0011541607828576684,False
2020-01-22 04:48:56.131488+00:00,0.005138246351512278,False
2020-01-22 11:26:10.359456+00:00,0.004599226635893437,False
2020-01-22 19:42:43.293888+00:00,0.01298587012528412,False
2020-01-23 03:59:16.319904+00:00,0.004444051695594021,False
2020-01-23 07:17:53.414016+00:00,0.003353010517596353,False
2020-01-23 12:15:49.095360+00:00,-1.748624014970401e-05,False
2020-01-23 18:53:03.267168+00:00,0.0007622725666741783,False
2020-01-24 04:48:54.561600+00:00,0.0014269356409016385,False
2020-01-24 11:26:08.728224+00:00,0.0007391141509413311,False
2020-01-24 19:42:41.446656+00:00,0.0007439007729138647,False
2020-01-25 03:59:14.211744+00:00,0.000811910697265899,False
2020-01-25 12:15:46.918080+00:00,0.0004895744560327114,False
2020-01-25 18:53:01.083840+00:00,0.00015487846732750293,False
2020-01-26 04:48:52.362720+00:00,0.0006333951217650185,False
2020-01-26 11:26:06.517248+00:00,0.0001576388604483825,False
2020-01-26 19:42:39.220992+00:00,0.0003061180657798375,False
2020-01-27 03:59:11.950656+00:00,0.0002763874438940934,False
2020-01-27 12:15:44.643168+00:00,0.00041092331935530164,False
2020-01-27 18:52:58.801152+00:00,0.00013843366508992398,False
2020-01-28 04:48:50.071392+00:00,0.0004538839003342861,False
2020-01-28 11:26:04.220736+00:00,-4.150909885891889e-05,False
2020-01-28 19:42:36.908928+00:00,0.00024746108875718377,False
2020-01-29 03:59:09.637728+00:00,0.0003288285710319577,False
2020-01-29 12:15:42.325920+00:00,0.0004077055532057924,False
2020-01-29 18:52:56.483904+00:00,-7.02171425538116e-05,False
2020-01-30 04:48:47.744640+00:00,0.0005358492582865067,False
2020-01-30 06:28:06.274848+00:00,4.8209028938237506e-05,False
2020-01-30 11:26:01.899168+00:00,0.00013881914473004995,False
2020-01-31 13:54:58.555296+00:00,0.0004124412791704187,False
2020-01-31 17:13:35.599296+00:00,-0.00014785169332740978,False
2020-01-31 22:11:31.209792+00:00,0.0006118986359518209,False
2020-02-01 03:09:26.850528+00:00,0.0002163768930028765,False
2020-02-01 06:28:03.931680+00:00,6.069563576730863e-05,False
2020-02-01 14:44:36.624192+00:00,7.14446588870184e-05,False
2020-02-01 16:23:55.151808+00:00,-2.136671708801558e-06,False
2020-02-02 02:19:46.417728+00:00,0.0008804627724941356,False
2020-02-02 12:15:37.643040+00:00,0.00029002698613059047,False
2020-02-02 15:34:14.728512+00:00,4.554151509503278e-07,False
2020-02-02 18:52:51.807072+00:00,8.685852348084452e-05,False
2020-02-03 03:09:24.522912+00:00,0.0007729908553888338,False
2020-02-03 09:46:38.673984+00:00,0.0001945726631947101,False
2020-02-04 02:19:44.068512+00:00,0.0007142763600505016,False
2020-02-04 05:38:21.156576+00:00,-0.00019363957577099827,False
2020-02-04 12:15:35.297280+00:00,0.0003578091066825959,False
2020-02-04 15:34:12.374112+00:00,1.7268928395536444e-05,False
2020-02-04 20:32:07.988928+00:00,0.0004732160159448041,False
2020-02-05 16:23:50.479296+00:00,0.0008125484093708685,False
2020-02-05 21:21:46.094976+00:00,0.000754269460931013,False
2020-02-06 02:19:41.746080+00:00,0.00021445627064554427,False
2020-02-06 05:38:18.822912+00:00,-0.00010492138844829264,False
2020-02-06 15:34:10.048224+00:00,0.0003473874787293499,False
2020-02-06 18:52:47.121600+00:00,0.00031972967452793735,False
2020-02-07 04:48:38.390112+00:00,0.0006556146531930403,False
2020-02-07 11:25:52.541184+00:00,0.00018374946060115556,False
2020-02-07 19:42:25.239744+00:00,0.0005200030770038164,False
2020-02-08 05:38:16.507392+00:00,0.0005011018199720627,False
2020-02-08 12:15:30.659328+00:00,0.0004122667671588773,False
2020-02-08 20:32:03.354432+00:00,0.00048724814029744464,False
2020-02-09 04:48:36.080640+00:00,0.00032344924194436636,False
2020-02-09 19:42:22.919040+00:00,0.0006317330223629746,False
2020-02-10 05:38:14.186688+00:00,0.00034374471231768286,False
2020-02-10 12:15:28.327392+00:00,0.00038117750923072694,False
2020-02-10 20:32:01.025088+00:00,0.0002642320349983464,False
2020-02-11 04:48:33.740064+00:00,0.0002441929696502932,False
2020-02-11 11:25:47.872992+00:00,0.00021930557692798053,False
2020-02-11 19:42:20.567232+00:00,0.00027950742410860925,False
2020-02-12 05:38:11.828832+00:00,0.0003173663692543656,False
2020-02-12 12:15:25.969536+00:00,0.0003015588702234499,False
2020-02-12 20:31:58.660320+00:00,0.00014618264653616555,False
2020-02-13 04:48:31.367520+00:00,0.00020776214332502216,False
2020-02-13 09:46:26.973696+00:00,0.000122232160004314,False
2020-02-13 11:25:45.505632+00:00,-7.381089291137276e-05,False
2020-02-13 19:42:18.190368+00:00,8.957312958091421e-05,False
2020-02-14 05:38:09.449376+00:00,0.0004087279552251514,False
2020-02-14 12:15:23.590080+00:00,0.00034913045851543684,False
2020-02-14 20:31:56.276544+00:00,0.00021408715966372914,False
2020-02-15 04:48:28.988928+00:00,7.683316418315156e-05,False
2020-02-15 11:25:43.121856+00:00,0.0001352881537640859,False
2020-02-15 19:42:15.810048+00:00,0.00029462833908670935,False
2020-02-16 05:38:07.068192+00:00,0.0004807392785278789,False
2020-02-16 10:36:02.680416+00:00,0.0003364155417862688,False
2020-02-16 13:54:39.758976+00:00,4.274619310965075e-05,False
2020-02-16 17:13:16.835808+00:00,-9.916364849929285e-05,False
2020-02-16 22:11:12.443712+00:00,0.0003575477893887582,False
2020-02-17 01:29:49.530912+00:00,0.00038442268730606085,False
2020-02-17 09:46:22.232064+00:00,0.0002703556822683585,False
2020-02-17 11:25:40.771776+00:00,7.08394592461722e-05,False
2020-02-17 18:02:54.928896+00:00,2.2647531768035518e-05,False
2020-02-17 21:21:32.004864+00:00,0.000491397058362552,False
2020-02-18 02:19:27.640416+00:00,0.00037054506369491144,False
2020-02-18 10:36:00.343296+00:00,0.0005034082680673989,False
2020-02-18 13:54:37.430496+00:00,4.722073467483353e-05,False
2020-02-18 17:13:14.506464+00:00,-5.218080917999469e-05,False
2020-02-18 20:31:51.578976+00:00,0.00042656708515595855,False
2020-02-19 01:29:47.212800+00:00,0.0007136083607017604,False
2020-02-19 09:46:19.926912+00:00,0.0001822028447844728,False
2020-02-19 13:04:57.002880+00:00,-6.274184754348586e-05,False
2020-02-19 18:02:52.614240+00:00,7.155870280641175e-05,False
2020-02-19 21:21:29.691936+00:00,0.000718039321936376,False
2020-02-20 02:19:25.339584+00:00,0.00028147949110571345,False
2020-02-20 08:56:39.489792+00:00,0.00023279675297606796,False
2020-02-20 12:15:16.577856+00:00,0.0001501028040028643,False
2020-02-20 17:13:12.199584+00:00,-5.73530828703842e-05,False
2020-02-20 20:31:49.272096+00:00,0.0005521364874391388,False
2020-02-21 01:29:44.917152+00:00,0.0004647505073643439,False
2020-02-21 09:46:17.623488+00:00,0.0002544656390055485,False
2020-02-21 13:04:54.704640+00:00,7.571465392799807e-05,False
2020-02-21 16:23:31.784064+00:00,-8.861986367079334e-05,False
2020-02-21 21:21:27.398880+00:00,0.0007286921107724792,False
2020-02-22 02:19:23.048256+00:00,0.00030999121368276297,False
2020-02-22 10:35:55.744224+00:00,0.00027250065542457373,False
2020-02-22 13:54:32.829696+00:00,5.0107591846086517e-05,False
2020-02-22 15:33:51.368544+00:00,-2.9430013446513293e-05,False
2020-02-22 20:31:46.991136+00:00,0.0003317505732918658,False
2020-02-23 01:29:42.623232+00:00,0.0004345920777747512,False
2020-02-23 09:46:15.339936+00:00,0.00026485640612155457,False
2020-02-23 11:25:33.872736+00:00,6.641792989133792e-05,False
2020-02-23 21:21:25.130880+00:00,0.000485338259433491,False
2020-02-24 03:58:39.325152+00:00,0.0008458323917801102,False
2020-02-24 12:15:12.085920+00:00,0.004064123113693955,False
2020-02-24 20:31:45.044544+00:00,0.001102719027590939,False
2020-02-25 04:48:17.934048+00:00,0.005860515182882495,False
2020-02-25 11:25:32.419488+00:00,0.004773106303087565,False
2020-02-25 18:02:46.989600+00:00,0.05953096841250217,False
2020-02-26 03:58:39.141984+00:00,-0.031050179864082365,False
2020-02-26 10:35:54.119040+00:00,0.004724980294375238,False
2020-02-26 17:13:08.648544+00:00,0.004982434303067768,False
2020-02-27 01:29:41.974368+00:00,0.009885968067353156,False
2020-02-27 18:02:48.546528+00:00,0.014367017539085534,False
2020-02-28 02:19:21.964800+00:00,0.008598985658909044,False
2020-02-28 10:35:55.247424+00:00,0.005100434294957006,False
2020-02-28 17:13:09.881472+00:00,0.00447355818903807,False
2020-02-29 01:29:43.196928+00:00,0.005119245539054294,False
2020-02-29 11:25:35.186880+00:00,0.003413196275474964,False
2020-02-29 18:02:49.776864+00:00,0.00182464001241943,False
2020-03-01 03:58:41.700288+00:00,0.0016422552115891102,False
2020-03-01 10:35:56.215104+00:00,0.0013502295008427927,False
2020-03-01 12:15:14.843808+00:00,0.0006829051123220565,False
2020-03-01 17:13:10.869888+00:00,0.0016561858120491169,False
2020-03-01 20:31:48.191232+00:00,0.0010675545068874093,False
2020-03-02 01:29:44.208672+00:00,-0.0001664661450508672,False
2020-03-02 09:46:17.340960+00:00,-0.00041764042318421667,False
2020-03-02 13:04:54.580224+00:00,0.0007405395335011982,False
2020-03-02 16:23:31.924032+00:00,-0.0025134819186035376,False
2020-03-02 21:21:27.770400+00:00,-0.004183006783281184,False
2020-03-03 10:35:56.463936+00:00,-0.003939332503169047,False
2020-03-03 12:15:15.056352+00:00,-0.0002067115829213766,False
2020-03-03 17:13:11.032320+00:00,-0.0022133365735365947,False
2020-03-03 20:31:48.256032+00:00,-0.0015535364133835558,False
2020-03-04 01:29:44.132640+00:00,-0.003034528169514559,False
2020-03-04 09:46:17.043744+00:00,-0.006011563983545866,False
2020-03-04 13:04:54.308064+00:00,-0.0028403505856015357,False
2020-03-04 16:23:31.487712+00:00,-0.0033924595306466542,False
2020-03-04 21:21:27.328032+00:00,-0.0004869987142118354,False
2020-03-05 02:19:23.238336+00:00,-0.0005628646494803364,False
2020-03-05 05:38:00.494880+00:00,1.719437580071639e-07,False
2020-03-05 08:56:37.754016+00:00,2.946340244916267e-05,False
2020-03-05 17:13:10.926912+00:00,-0.00015963631635386704,False
2020-03-05 20:31:48.186912+00:00,0.0003110787989747851,False
2020-03-06 04:48:21.365856+00:00,-0.0001660252608185607,False
2020-03-06 09:46:17.254560+00:00,0.00012871105473618986,False
2020-03-06 13:04:54.518016+00:00,-6.384048560519496e-06,False
2020-03-06 16:23:31.778016+00:00,-6.255611394365544e-05,False
2020-03-06 21:21:27.678816+00:00,0.0006449613634954505,False
2020-03-07 02:19:23.602080+00:00,0.0002592715990810217,False
2020-03-07 10:35:56.764608+00:00,0.0003344822765394344,False
2020-03-07 12:15:15.401952+00:00,2.00775180256626e-05,False
2020-03-07 17:13:11.307936+00:00,4.333294645758674e-05,False
2020-03-07 22:11:07.209600+00:00,0.0005684638818605175,False
2020-03-08 01:29:44.494656+00:00,0.00033816051522827595,False
2020-03-08 04:48:21.776256+00:00,3.4066346912001914e-06,False
2020-03-08 11:25:36.310944+00:00,0.0002961059251881545,False
2020-03-08 18:02:50.847360+00:00,-6.511209143884449e-05,False
2020-03-08 21:21:28.110816+00:00,0.0006478329209117768,False
2020-03-09 05:38:01.313088+00:00,0.00015304978400529638,False
2020-03-09 12:15:15.846048+00:00,0.00031732457122947395,False
2020-03-09 20:31:49.012896+00:00,0.00044059718723124015,False
2020-03-10 04:48:22.222944+00:00,0.00043608115008598043,False
2020-03-10 11:25:36.756768+00:00,0.0003133438332545892,False
2020-03-10 19:42:09.927072+00:00,0.00033266069002805605,False
2020-03-11 05:38:01.772736+00:00,0.0004904801936888463,False
2020-03-13 20:31:49.960704+00:00,0.002717946705200889,False
2020-03-14 04:48:23.169888+00:00,0.00041164463381406755,False
2020-03-14 11:25:37.705440+00:00,0.00011272939259573733,False
2020-03-14 21:21:29.520864+00:00,0.0006615745903910136,False
2020-03-15 02:19:25.454496+00:00,0.00021449901674841688,False
2020-03-15 20:31:50.450592+00:00,0.0007128917496196544,False
2020-03-16 04:48:23.662368+00:00,0.0004074314342380074,False
2020-03-16 11:25:38.193600+00:00,1.2280400767825919e-05,False
2020-03-16 19:42:11.372544+00:00,0.0003131937747360974,False
2020-03-17 12:15:17.760672+00:00,0.0008084992771238994,False
2020-03-17 20:31:50.943936+00:00,0.0004921559885160244,False
2020-03-18 04:48:24.172128+00:00,0.000501261056430812,False
2020-03-18 11:25:38.711136+00:00,0.0003002039884574154,False
2020-03-18 19:42:11.901312+00:00,0.000514400074816206,False
2020-03-19 08:56:41.039808+00:00,0.0007668057494823863,False
2020-03-19 15:33:55.591776+00:00,0.00017009983577061016,False
2020-03-19 18:52:32.867328+00:00,0.0003696132574494325,False
2020-03-20 04:48:24.738048+00:00,0.0007651111231479789,False
2020-03-20 11:25:39.286560+00:00,0.00025839900032284633,False
2020-03-20 19:42:12.468960+00:00,0.0002814697516639455,False
2020-03-21 03:58:45.704064+00:00,0.0006789279214737117,False
2020-03-21 12:15:18.887328+00:00,0.00039852410638075163,False
2020-03-21 18:52:33.442752+00:00,0.00040322797788426866,False
2020-03-22 03:09:06.676128+00:00,0.0007886941383136099,False
2020-03-22 11:25:39.858528+00:00,-0.00013678544838750535,False
2020-03-22 19:42:13.052160+00:00,0.0007466480204301085,False
2020-03-23 03:58:46.288128+00:00,0.0004591177710546295,False
2020-03-23 12:15:19.469664+00:00,0.00019420268777189346,False
2020-03-23 15:33:56.749536+00:00,0.00011172146865913197,False
2020-03-25 05:38:05.511264+00:00,0.0020274408678077897,False
2020-03-25 12:15:20.061504+00:00,0.00028639222148223615,False
2020-03-25 20:31:53.252544+00:00,0.0004312925333482076,False
2020-03-26 04:48:26.485920+00:00,0.00032657668410734746,False
2020-03-26 08:07:03.751104+00:00,0.00022331185925968778,False
2020-03-26 16:23:36.954240+00:00,1.025649831502991e-06,False
2020-03-26 19:42:14.230656+00:00,0.00034752604080741877,False
2020-03-27 05:38:06.101376+00:00,0.00046410890098208123,False
2020-03-27 12:15:20.653344+00:00,0.0003615759387064812,False
2020-03-27 20:31:53.847840+00:00,0.0004818006155159158,False
2020-03-28 04:48:27.088128+00:00,0.0003967100211658695,False
2020-03-28 09:46:23.000160+00:00,0.000294449171868235,False
2020-03-28 19:42:14.836320+00:00,0.00021040562262193154,False
2020-03-29 03:58:48.066240+00:00,0.0006241957426013005,False
2020-03-29 12:15:21.263328+00:00,0.0004744702538791558,False
2020-03-29 20:31:54.458688+00:00,0.0003361614981335408,False
2020-03-30 01:29:50.399232+00:00,0.00038835524578004676,False
2020-03-30 04:48:27.689472+00:00,-6.218336127618854e-05,False
2020-03-30 09:46:23.599776+00:00,0.0002705598761633912,False
2020-03-30 16:23:38.156064+00:00,-4.1242865072336555e-05,False
2020-03-30 21:21:34.078464+00:00,0.0007562932019049358,False
2020-03-31 05:38:07.313568+00:00,0.00025594001326363544,False
2020-03-31 17:13:17.794848+00:00,0.00031985580589162933,False
2020-03-31 20:31:55.070400+00:00,0.0004829271541961905,False
2020-04-01 04:48:28.305504+00:00,0.0004642757362022863,False
2020-04-01 11:25:42.860064+00:00,0.0002881342215723661,False
2020-04-01 19:42:16.063200+00:00,0.0004168993480387668,False
2020-04-02 03:58:49.294848+00:00,0.0002968716875293079,False
2020-04-02 08:56:45.196512+00:00,0.0002968153171861804,False
2020-04-02 15:33:59.767488+00:00,0.00016771454265330322,False
2020-04-02 20:31:55.692480+00:00,0.0003874646759840494,False
2020-04-03 04:48:28.924128+00:00,0.0005758431182265105,False
2020-04-03 11:25:43.471776+00:00,0.00018945249330171735,False
2020-04-03 19:42:16.675776+00:00,0.00035199823957041376,False
2020-04-04 05:38:08.542176+00:00,0.0005431176063571216,False
2020-04-04 12:15:23.100192+00:00,0.0004508280331620342,False
2020-04-04 20:31:56.302464+00:00,0.0004031697877550077,False
2020-04-05 04:48:29.538432+00:00,0.0005170498883360037,False
2020-04-05 08:07:06.812256+00:00,0.00019773643694290634,False
2020-04-05 13:05:02.736384+00:00,0.00021608111881058346,False
2020-04-05 19:42:17.302176+00:00,0.00042299760649679077,False
2020-04-06 05:38:09.189312+00:00,0.0005956178426894136,False
2020-04-06 12:15:23.739552+00:00,0.00047889187095917073,False
2020-04-06 20:31:56.941824+00:00,0.0005269305892775873,False
2020-04-07 11:25:44.733216+00:00,0.000726491420131581,False
2020-04-07 19:42:17.938080+00:00,0.00047204732219494495,False
2020-04-08 05:38:09.820896+00:00,0.0006217487814417391,False
2020-04-08 12:15:24.378912+00:00,0.00048712872727461133,False
2020-04-08 20:31:57.583776+00:00,0.0005394374994677324,False
2020-04-09 04:48:30.835296+00:00,0.0003857729484527585,False
2020-04-09 08:07:08.100480+00:00,9.837730641957265e-05,False
2020-04-09 11:25:45.378624+00:00,0.00014220435536464396,False
2020-04-09 16:23:41.303616+00:00,-3.048778821489683e-05,False
2020-04-09 19:42:18.580896+00:00,0.0005213464770689245,False
2020-04-10 05:38:10.465440+00:00,0.0004617248389800692,False
2020-04-10 12:15:25.014816+00:00,0.00040050922939830326,False
2020-04-10 20:31:58.214496+00:00,0.0005352997505627577,False
2020-04-11 04:48:31.459104+00:00,0.00037502734959951687,False
2020-04-11 11:25:46.005888+00:00,0.0003267245083931949,False
2020-04-11 19:42:19.202112+00:00,0.00019933204535423467,False
2020-04-12 03:58:52.434624+00:00,0.00040272189047575545,False
2020-04-12 12:15:25.628256+00:00,0.0004955198131763151,False
2020-04-12 20:31:58.820160+00:00,0.00040320170530749216,False
2020-04-13 04:48:32.059584+00:00,0.00033419799410162377,False
2020-04-13 11:25:46.601184+00:00,0.00031775683944027547,False
2020-04-13 19:42:19.801728+00:00,0.00020390093553645963,False
2020-04-14 05:38:11.668128+00:00,0.0005698943259930807,False
2020-04-14 10:36:07.580160+00:00,0.00035451752905363157,False
2020-04-14 12:15:26.220096+00:00,4.102580978731634e-05,False
2020-04-14 17:13:22.144224+00:00,-8.222152758489943e-06,False
2020-04-14 22:11:18.058848+00:00,0.0006167847574528097,False
2020-04-15 01:29:55.365504+00:00,0.00029327083935194265,False
2020-04-15 09:46:28.558272+00:00,0.0003076132348418663,False
2020-04-15 13:05:05.848512+00:00,1.6902443130740498e-05,False
2020-04-15 18:03:01.764864+00:00,-1.6629414065877715e-05,False
2020-04-15 21:21:39.040416+00:00,0.0007172131435549121,False
2020-04-16 02:19:34.987872+00:00,0.00031777355489519716,False
2020-04-16 13:54:45.470016+00:00,0.0005410306151703676,False
2020-04-16 18:52:41.392416+00:00,9.503551645035502e-05,False
2020-04-16 20:32:00.023712+00:00,0.00034065248985462745,False
2020-04-17 04:48:33.252768+00:00,0.00034257563044337043,False
2020-04-17 11:25:47.795232+00:00,0.00026270309803542226,False
2020-04-17 19:42:20.988000+00:00,0.00022792097040448236,False
2020-04-18 05:38:12.850080+00:00,0.0006171764294695679,False
2020-04-18 12:15:27.403776+00:00,0.0004771215787529949,False
2020-04-18 20:32:00.599136+00:00,0.0006469226581382759,False
2020-04-19 04:48:33.849792+00:00,0.0005125050943407487,False
2020-04-19 11:25:48.396576+00:00,0.0004027314541123295,False
2020-04-19 18:03:02.945952+00:00,0.00011942944396312261,False
2020-04-19 21:21:40.226688+00:00,0.000554535548311631,False
2020-04-20 02:19:36.157728+00:00,0.00018426507157873597,False
2020-04-20 05:38:13.422912+00:00,1.595108550633652e-05,False
2020-04-20 20:32:01.169376+00:00,0.0007570370880606503,False
2020-04-21 01:29:57.098688+00:00,0.0005369311810940495,False
2020-04-21 04:48:34.394976+00:00,6.817163008066896e-07,False
2020-04-21 09:46:30.304416+00:00,0.0003479631734219018,False
2020-04-21 18:03:03.501504+00:00,0.00015593013838801001,False
2020-04-21 21:21:40.777056+00:00,0.0006456061464031068,False
2020-04-22 05:38:14.003520+00:00,0.0003756765051622357,False
2020-04-22 08:56:51.270432+00:00,0.00029683721750490806,False
2020-04-22 12:15:28.554624+00:00,0.0002079530223686884,False
2020-04-22 17:13:24.476160+00:00,0.0002491006807098911,False
2020-04-22 20:32:01.756032+00:00,0.00030520417882845096,False
2020-04-23 01:29:57.686208+00:00,0.0005072381798325633,False
2020-04-23 04:48:34.979040+00:00,-1.276246575019637e-05,False
2020-04-23 09:46:30.885888+00:00,0.0002819349079926293,False
2020-04-23 13:05:08.159712+00:00,7.778757841759277e-05,False
2020-04-23 16:23:45.434400+00:00,0.00017784026059625661,False
2020-04-23 21:21:41.354208+00:00,0.00040098069182234876,False
2020-04-24 00:40:18.645312+00:00,0.00028971440771569166,False
2020-04-24 08:56:51.828576+00:00,0.0003452136328677763,False
2020-04-24 12:15:29.111040+00:00,0.00020080252545416443,False
2020-04-24 17:13:25.028256+00:00,-0.00014323976834789695,False
2020-04-24 20:32:02.292576+00:00,0.0005723326813120225,False
2020-04-25 01:29:58.231392+00:00,0.0005130786249513112,False
2020-04-25 11:25:50.066688+00:00,0.00025189930433730783,False
2020-04-25 13:05:08.697120+00:00,-6.401126340928384e-05,False
2020-04-25 18:03:04.607424+00:00,0.00013816040918941837,False
2020-04-25 21:21:41.882976+00:00,0.0006643257751747269,False
2020-04-26 00:40:19.180992+00:00,0.00017489652318753725,False
2020-04-26 10:36:10.996416+00:00,0.00042801170938453576,False
2020-04-26 13:54:48.276288+00:00,-4.7323599225957964e-05,False
2020-04-26 17:13:25.548384+00:00,-5.063058664687406e-05,False
2020-04-26 20:32:02.813568+00:00,0.00046071096237936936,False
2020-04-27 01:29:58.743744+00:00,0.0003553580518230205,False
2020-04-27 13:05:09.190464+00:00,0.00019738447919904329,False
2020-04-27 16:23:46.457376+00:00,-9.132038640398947e-05,False
2020-04-27 21:21:42.365088+00:00,0.0006827808192691857,False
2020-04-28 00:40:19.657056+00:00,0.00024252404007530276,False
2020-04-28 05:38:15.574272+00:00,-4.512830256967631e-05,False
2020-04-28 08:56:52.827360+00:00,0.0002158443083258835,False
2020-04-28 17:13:26.017536+00:00,1.692480927205787e-05,False
2020-04-28 20:32:03.278400+00:00,0.00060010021352981,False
2020-04-29 01:29:59.209440+00:00,0.000428934367984848,False
2020-04-29 04:48:36.491904+00:00,-1.2239971736428237e-05,False
2020-04-29 09:46:32.389248+00:00,0.00021872203649991526,False
2020-04-29 16:23:46.929120+00:00,9.012013002944642e-05,False
2020-04-29 21:21:42.831648+00:00,0.0007073296713469724,False
2020-04-30 02:19:38.762688+00:00,0.0002836656782645336,False
2020-04-30 05:38:16.036512+00:00,-7.616150818945508e-05,False
2020-04-30 08:56:53.293920+00:00,0.00024064493555929974,False
2020-04-30 20:32:03.752736+00:00,0.0004692280325611399,False
2020-05-01 04:48:36.934272+00:00,0.00037449153635035407,False
2020-05-01 13:05:10.098528+00:00,0.000247691382027469,False
2020-05-01 21:21:43.268832+00:00,0.0005138326248510826,False
2020-05-02 05:38:16.459872+00:00,0.00033775515923410314,False
2020-05-02 12:15:30.985920+00:00,0.00037628680191491466,False
2020-05-02 20:32:04.152768+00:00,0.0005421949732130754,False
2020-05-03 04:48:37.351584+00:00,0.0004490362138885039,False
2020-05-03 09:46:33.248928+00:00,0.00020765205389668888,False
2020-05-03 18:03:06.409728+00:00,0.00017662676913897857,False
2020-05-04 10:36:12.766752+00:00,0.0011174498074486149,False
2020-05-04 18:52:45.936192+00:00,2.5575677579086384e-05,False
2020-05-05 03:09:19.112544+00:00,0.0007448111062318932,False
2020-05-05 09:46:33.632544+00:00,0.0002984537865631069,False
2020-05-05 18:03:06.803712+00:00,0.0002475087815269202,False
2020-05-06 03:58:58.632960+00:00,0.0009018093622321275,False
2020-05-06 10:36:13.153824+00:00,0.00039634402092898443,False
2020-05-06 17:13:27.683328+00:00,3.4596955859219215e-05,False
2020-05-07 01:30:00.878688+00:00,0.001246259634209921,False
2020-05-07 09:46:34.057632+00:00,0.0003010774013070707,False
2020-05-07 14:44:29.931648+00:00,0.00027416130574340415,False
2020-05-07 19:42:25.848000+00:00,0.00019022755283375686,False
2020-05-08 03:58:59.028672+00:00,0.0006847557989306145,False
2020-05-08 12:15:32.192064+00:00,0.0006105170519299611,False
2020-05-08 18:52:46.720704+00:00,0.00021292767317644673,False
2020-05-09 03:09:19.905696+00:00,0.0008045282139677293,False
2020-05-09 11:25:53.062176+00:00,0.00024370712938388844,False
2020-05-09 19:42:26.209152+00:00,0.00019881484335737402,False
2020-05-10 03:58:59.396736+00:00,0.0007417915166893268,False
2020-05-10 10:36:13.918464+00:00,0.000411123917828719,False
2020-05-10 15:34:09.822720+00:00,-0.00012439332574989937,False
2020-05-11 13:05:12.027840+00:00,0.0012822662017423104,False
2020-05-11 16:23:49.302528+00:00,-4.091630162903661e-05,False
2020-05-11 21:21:45.184320+00:00,0.0005192874585220976,False
2020-05-12 02:19:41.094624+00:00,0.00021581012403899325,False
2020-05-12 05:38:18.355488+00:00,-2.2000440473101074e-05,False
2020-05-12 10:36:14.239008+00:00,0.0003530257267191466,False
2020-05-12 17:13:28.765920+00:00,-5.281379494312578e-05,False
2020-05-12 20:32:06.016416+00:00,0.0004057562302469212,False
2020-05-13 01:30:01.921536+00:00,0.00037845721373254497,False
2020-05-13 09:46:35.078880+00:00,0.00030787308199560205,False
2020-05-13 13:05:12.329376+00:00,-3.5987358720945465e-05,False
2020-05-13 16:23:49.580736+00:00,-0.00013771930247701825,False
2020-05-13 21:21:45.470304+00:00,0.0006008593185878907,False
2020-05-14 00:40:22.748448+00:00,0.00015720003056245258,False
2020-05-14 05:38:18.636288+00:00,-7.334210389858836e-05,False
2020-05-14 08:56:55.872096+00:00,0.0003021308876999531,False
2020-05-14 20:32:06.272160+00:00,0.000433154182415081,False
2020-05-15 09:46:35.329440+00:00,0.0007165793114914267,False
2020-05-15 13:05:12.583392+00:00,4.003667512082022e-05,False
2020-05-15 16:23:49.839072+00:00,-4.861348299981842e-05,False
2020-05-15 21:21:45.723456+00:00,0.000806368241105701,False
2020-05-16 00:40:23.007648+00:00,0.00028878113757482436,False
2020-05-16 12:15:33.409440+00:00,0.0004665224090924313,False
2020-05-16 17:13:29.292960+00:00,-0.00010569819454034964,False
2020-05-16 20:32:06.543456+00:00,0.0006297362106009359,False
2020-05-17 01:30:02.447712+00:00,0.0005185903293938695,False
2020-05-17 11:25:54.225120+00:00,0.00033280053298572767,False
2020-05-17 19:42:27.366912+00:00,0.00032014355572978234,False
2020-05-18 03:59:00.540672+00:00,0.0007846952716316773,False
2020-05-18 10:36:15.043392+00:00,0.0004938624189252574,False
2020-05-18 18:52:48.176544+00:00,-7.94354943578642e-06,False
2020-05-19 01:30:02.712096+00:00,0.0009273025394301731,False
2020-05-19 11:25:54.475680+00:00,0.0001722966420488847,False
2020-05-19 19:42:27.611424+00:00,0.0004023231807849004,False
2020-05-20 03:59:00.776544+00:00,0.0004622175438119229,False
2020-05-20 10:36:15.266304+00:00,0.00043039376478429253,False
2020-05-20 18:52:48.401184+00:00,0.00026667758327592576,False
2020-05-21 04:48:40.196736+00:00,0.000738041771253096,False
2020-05-21 08:07:17.441184+00:00,0.00021682375159547303,False
2020-05-21 11:25:54.696000+00:00,0.00015239331514356079,False
2020-05-21 16:23:50.582112+00:00,0.00010290313396275408,False
2020-05-21 19:42:27.835200+00:00,0.0002477938852991045,False
2020-05-22 03:59:00.990816+00:00,0.000404055427586194,False
2020-05-22 12:15:34.114464+00:00,0.0005995729412260602,False
2020-05-22 18:52:48.624960+00:00,0.00015507989650436697,False
2020-05-23 04:48:40.411008+00:00,0.0006590010005395849,False
2020-05-23 11:25:54.905088+00:00,0.000129373670865247,False
2020-05-23 19:42:28.032192+00:00,0.00039681406482158294,False
2020-05-24 03:59:01.190400+00:00,0.0005512977266636254,False
2020-05-24 18:52:48.821952+00:00,0.0005999365749958121,False
2020-05-25 04:48:40.607136+00:00,0.0005927940714832485,False
2020-05-25 11:25:55.098624+00:00,0.0003201715979643154,False
2020-05-25 19:42:28.231776+00:00,0.0003155991730957781,False
2020-05-26 12:15:34.505856+00:00,0.0009691586890000973,False
2020-05-26 18:52:49.007712+00:00,0.0001452633410348403,False
2020-05-27 04:48:40.786848+00:00,0.00064417986112955,False
2020-05-27 11:25:55.281792+00:00,0.00010314349691429073,False
2020-05-27 19:42:28.408032+00:00,0.00020832522225704538,False
2020-05-28 07:17:38.778720+00:00,0.0005122125195061486,False
2020-05-28 10:36:16.038720+00:00,0.0002055714501576233,False
2020-05-28 20:32:07.793664+00:00,0.00021761803824854538,False
2020-05-29 04:48:40.931136+00:00,0.00038709101193462516,False
2020-05-29 11:25:55.419168+00:00,0.00035272084978568236,False
2020-05-29 19:42:28.546272+00:00,0.0002478158053305889,False
2020-05-30 05:38:20.336640+00:00,0.0006895941190251571,False
2020-05-30 10:36:16.192512+00:00,0.0002877023057385824,False
2020-05-30 20:32:07.949184+00:00,0.0004254662585726659,False
2020-05-31 09:46:36.965856+00:00,0.0006874995617294412,False
2020-05-31 13:05:14.212896+00:00,3.0271888029018303e-05,False
2020-05-31 21:21:47.340000+00:00,0.0005950199218912267,False
2020-06-01 02:19:43.231296+00:00,0.00023858685285108928,False
2020-06-01 12:15:34.970688+00:00,0.00033058951127198347,False
2020-06-01 17:13:30.853344+00:00,-9.275285520030685e-05,False
2020-06-01 20:32:08.096064+00:00,0.0004601626406721982,False
2020-06-02 03:09:22.607424+00:00,0.000313775450010954,False
2020-06-02 21:21:47.496384+00:00,0.0006376327286725644,False
2020-06-03 05:38:20.627808+00:00,0.0005602768458929459,False
2020-06-03 12:15:35.120160+00:00,0.0003393048646400521,False
2020-06-03 20:32:08.241216+00:00,0.000296050941339512,False
2020-06-04 04:48:41.393376+00:00,0.0004660628016720127,False
2020-06-04 09:46:37.257024+00:00,0.0003449392295913121,False
2020-06-04 11:25:55.883136+00:00,-6.261472101178002e-05,False
2020-06-04 16:23:51.753696+00:00,-1.1152608771042803e-05,False
2020-06-04 19:42:28.999872+00:00,0.0003577883884409204,False
2020-06-05 05:38:20.775552+00:00,0.0006313338772756794,False
2020-06-05 12:15:35.272224+00:00,0.0004912161769783742,False
2020-06-05 20:32:08.388096+00:00,0.00036197265535877556,False
2020-06-06 04:48:41.552352+00:00,0.0004309260072225396,False
2020-06-06 11:25:56.042112+00:00,0.00032002851719622886,False
2020-06-06 13:05:14.665632+00:00,-8.289995461828166e-05,False
2020-06-06 21:21:47.779776+00:00,0.0005768002589198911,False
2020-06-07 10:36:16.792992+00:00,0.0005422307569298737,False
2020-06-07 18:52:49.915776+00:00,0.0001660603401047497,False
2020-06-08 11:25:56.170848+00:00,0.0008178110152251347,False
2020-06-08 19:42:29.299680+00:00,0.00027979528581046037,False
2020-06-09 03:59:02.444064+00:00,0.0004601242009233384,False
2020-06-09 12:15:35.560800+00:00,0.00040802059251794794,False
2020-06-09 18:52:50.056608+00:00,0.0002649378340718231,False
2020-06-10 04:48:41.829696+00:00,0.0006194392875195794,False
2020-06-10 11:25:56.324640+00:00,0.00013515945053142227,False
2020-06-10 19:42:29.444832+00:00,2.946513645785625e-05,False
2020-06-11 07:17:39.801696+00:00,0.0003690742010860564,False
2020-06-11 12:15:35.679168+00:00,0.00027332245583711827,False
2020-06-11 15:34:12.931392+00:00,-3.4612062986525446e-07,False
2020-06-11 18:52:50.181888+00:00,-2.9356232159710423e-06,False
2020-06-12 04:48:41.944608+00:00,0.00047993350776797474,False
2020-06-12 11:25:56.430912+00:00,0.00020304488918725469,False
2020-06-12 19:42:29.551968+00:00,0.00012257989233817383,False
2020-06-13 03:59:02.702400+00:00,0.000622586208071076,False
2020-06-13 10:36:17.193024+00:00,0.0002533389935567587,False
2020-06-13 18:52:50.314944+00:00,0.0002710865274662858,False
2020-06-14 01:30:04.824576+00:00,0.0005591025295104737,False
2020-06-14 06:28:00.715872+00:00,-1.1925708825687333e-05,False
2020-06-14 11:25:56.576928+00:00,0.00017109425006643113,False
2020-06-14 19:42:29.701440+00:00,0.00035879533901019006,False
2020-06-15 03:59:02.853600+00:00,0.00044447530730998416,False
2020-06-15 12:15:35.968608+00:00,0.0003703040202073579,False
2020-06-15 18:52:50.467872+00:00,0.0002396650696947457,False
2020-06-16 04:48:42.250464+00:00,0.0006044759053771555,False
2020-06-16 11:25:56.746272+00:00,0.00030269917880539423,False
2020-06-16 19:42:29.868192+00:00,0.00033751092912595956,False
2020-06-17 05:38:21.651648+00:00,0.00048538946004754105,False
2020-06-17 12:15:36.150912+00:00,0.00035869485723717047,False
2020-06-17 17:13:32.027520+00:00,-8.284850836196058e-05,False
2020-06-18 13:05:15.548640+00:00,0.0008952198626071672,False
2020-06-18 18:03:11.433024+00:00,0.00027283047831037677,False
2020-06-18 21:21:48.686112+00:00,0.0005697678792112668,False
2020-06-19 02:19:44.590368+00:00,0.0002514441832320673,False
2020-06-19 10:36:17.714880+00:00,0.00035310379364274,False
2020-06-19 12:15:36.345312+00:00,2.1160975312179374e-05,False
2020-06-19 17:13:32.227104+00:00,-9.548981422361614e-05,False
2020-06-19 20:32:09.474144+00:00,0.0005582142513475634,False
2020-06-20 01:30:05.372352+00:00,0.0004339034806662432,False
2020-06-20 09:46:38.513280+00:00,0.00016716246818304913,False
2020-06-20 13:05:15.764640+00:00,-3.349058878900169e-05,False
2020-06-20 18:03:11.641248+00:00,3.197177698993891e-05,False
2020-06-20 21:21:48.894336+00:00,0.0005972939732864229,False
2020-06-21 02:19:44.799456+00:00,0.00023572610439759242,False
2020-06-21 10:36:17.923968+00:00,0.00026390292374293256,False
2020-06-21 18:52:51.064896+00:00,0.00019977594590697717,False
2020-06-22 04:48:42.854400+00:00,0.0005418550278487646,False
2020-06-22 11:25:57.361440+00:00,0.00034404415878398965,False
2020-06-22 18:03:11.860704+00:00,-5.49200942051095e-05,False
2020-06-22 23:01:07.749408+00:00,0.0003879882198745725,False
2020-06-23 05:38:22.263360+00:00,6.890251149901342e-05,False
2020-06-23 08:56:59.507808+00:00,0.00015332719858798758,False
2020-06-23 17:13:32.654784+00:00,0.00013722098572076886,False
2020-06-23 22:11:28.534848+00:00,0.0005755772543531279,False
2020-06-24 03:09:24.438240+00:00,0.00016289168216604953,False
2020-06-24 11:25:57.574848+00:00,0.0003095097310875371,False
2020-06-24 18:03:12.090528+00:00,4.009535250038346e-05,False
2020-06-25 03:59:03.886944+00:00,0.0006696095934433069,False
2020-06-25 05:38:22.505280+00:00,1.9754832806562184e-05,False
2020-06-25 10:36:18.394848+00:00,0.00028089752545472173,False
2020-06-25 18:52:51.542688+00:00,1.2421108747099252e-05,False
2020-06-26 01:30:06.075648+00:00,0.0006318111451593257,False
2020-06-26 09:46:39.216576+00:00,0.00020756867554412069,False
2020-06-26 13:05:16.471392+00:00,9.881450019550998e-05,False
2020-06-26 16:23:53.731392+00:00,-8.457400178463569e-05,False
2020-07-08 19:42:33.131520+00:00,0.006800576288606954,False
2020-07-10 19:42:33.569568+00:00,0.001734720000374883,False
2020-07-13 17:13:36.140160+00:00,0.0016296907837160856,False
2020-07-13 18:52:54.778368+00:00,8.50193723042856e-05,False
2020-07-14 13:05:19.787424+00:00,0.0006678156805169483,False
2020-07-14 18:03:15.699456+00:00,0.00022599740774696417,False
2020-07-14 21:21:52.975008+00:00,5.411560342304849e-05,False
2020-07-15 12:15:40.714560+00:00,0.0005476475346046581,False
2020-07-15 22:11:32.541216+00:00,0.0003503016455631784,False
2020-07-16 04:48:47.089728+00:00,0.00017940607115339872,False
2020-07-16 13:05:20.280768+00:00,0.00025792709891191325,False
2020-07-16 16:23:57.556320+00:00,0.0001372600974642548,False
2020-07-17 10:36:22.578336+00:00,0.0005918060181710979,False
2020-07-17 12:15:41.217408+00:00,5.914756837963736e-05,False
2020-07-17 20:32:14.410176+00:00,0.0003672042338084975,False
2020-07-18 11:26:02.159232+00:00,0.0005141273866476393,False
2020-07-18 18:03:16.713792+00:00,0.00025770654057037743,False
2020-07-18 21:21:53.992800+00:00,7.91065601129279e-05,False
2020-07-19 12:15:41.744448+00:00,0.00043592946136224793,False
2020-07-19 18:52:56.299872+00:00,0.00024833491629570295,False
2020-07-19 22:11:33.580608+00:00,0.00011864724339850661,False
2020-07-20 11:26:02.694048+00:00,0.0004039416945725383,False
2020-07-20 19:42:35.893728+00:00,0.00041983288255290725,False
2020-07-20 21:21:54.534528+00:00,5.2898362320582195e-05,False
2020-07-21 10:36:23.652288+00:00,0.0004409697656168681,False
2020-07-21 17:13:38.211168+00:00,0.00024202209208697273,False
2020-07-22 01:30:11.412576+00:00,0.0002840025435191973,False
2020-07-22 13:05:21.892992+00:00,0.0004129692067293926,False
2020-07-22 19:42:36.453600+00:00,0.0002262908272217192,False
2020-07-23 02:19:51.015936+00:00,0.00027463085596725974,False
2020-07-23 12:15:42.859872+00:00,0.0004237673620724296,False
2020-07-23 20:32:16.062144+00:00,0.0002733455857066206,False
2020-07-24 11:26:03.827616+00:00,0.0005072257844219387,False
2020-07-24 13:05:22.469280+00:00,7.857805621473718e-05,False
2020-07-24 19:42:37.031616+00:00,0.0002128662289652434,False
2020-07-25 03:59:10.236480+00:00,0.000315376037944615,False
2020-07-25 18:52:58.006272+00:00,0.000567439606194329,False
2020-07-25 22:11:35.289600+00:00,7.53896030144693e-05,False
2020-07-26 11:26:04.416000+00:00,0.00037263593365780256,False
2020-07-26 19:42:37.621728+00:00,0.00030103292153037486,False
2020-07-26 21:21:56.263392+00:00,2.319211844760607e-05,False
2020-07-27 12:15:44.033184+00:00,0.00045582779076111556,False
2020-07-27 20:32:17.239776+00:00,0.00032837796239855465,False
2020-07-28 04:48:50.444640+00:00,0.00031721274923704804,False
2020-07-28 11:26:05.012160+00:00,0.00025169652417788977,False
2020-07-28 18:03:19.576224+00:00,0.00019076795425991325,False
2020-07-29 05:38:30.067008+00:00,0.0003971371132343251,False
2020-07-29 08:57:07.352064+00:00,0.0001405938995591128,False
2020-07-29 18:52:59.202048+00:00,0.0003902957466825746,False
2020-07-30 11:26:05.619552+00:00,0.0004975416076798817,False
2020-07-30 19:42:38.827872+00:00,0.00029807409430311415,False
2020-07-31 12:15:45.247968+00:00,0.0005910477634343116,False
2020-07-31 18:52:59.816352+00:00,0.0003126143256892788,False
2020-07-31 20:32:18.458016+00:00,3.1719887763603704e-06,False
2020-08-01 04:48:51.666336+00:00,0.0002557809055139097,False
2020-08-01 21:21:58.089888+00:00,0.0006135908601590331,False
2020-08-02 03:59:12.656544+00:00,0.00014909236772746176,False
2020-08-02 18:53:00.437568+00:00,0.0005665708523855769,False
2020-08-03 11:26:06.861984+00:00,0.0005749143358996723,False
2020-08-03 13:05:25.504512+00:00,2.6729714147709103e-05,False
2020-08-03 21:21:58.716288+00:00,0.00021109919957952995,False
2020-08-04 12:15:46.497312+00:00,0.00046607805583587106,False
2020-08-04 20:32:19.709088+00:00,0.0003074136342882455,False
2020-08-05 13:05:26.130912+00:00,0.0004828507958436638,False
2020-08-05 19:42:40.699296+00:00,0.00020148956456698654,False
2020-08-05 21:21:59.342688+00:00,5.618861971054189e-05,False
2020-08-06 12:15:47.122848+00:00,0.0005626596535765972,False
2020-08-06 20:32:20.332896+00:00,0.00026603076775817913,False
2020-08-07 04:48:53.542080+00:00,0.00028116328116488236,False
2020-08-07 11:26:08.113920+00:00,0.0002844506629536066,False
2020-08-07 19:42:41.323968+00:00,0.0003503421683065794,False
2020-08-08 05:38:33.174816+00:00,0.0002749479429386799,False
2020-08-08 12:15:47.744928+00:00,0.00022242895957557698,False
2020-08-08 20:32:20.954976+00:00,0.00032276647862864984,False
2020-08-09 09:46:50.089152+00:00,0.00042688851030542405,False
2020-08-09 11:26:08.731680+00:00,8.906361700097035e-05,False
2020-08-09 19:42:41.940864+00:00,0.0002603740365666546,False
2020-08-10 10:36:29.718432+00:00,0.0005545628754301829,False
2020-08-10 12:15:48.360096+00:00,6.659042973243331e-05,False
2020-08-10 20:32:21.569280+00:00,0.00030140941290441036,False
2020-08-11 04:48:54.775872+00:00,0.00022849624092704732,False
2020-08-11 11:26:09.344256+00:00,0.0002316102980374822,False
2020-08-11 19:42:42.551712+00:00,0.0002978810248673638,False
2020-08-12 12:15:48.969216+00:00,0.0006115488076282607,False
2020-08-12 22:11:40.820064+00:00,0.0004222369564651004,False
2020-08-13 04:48:55.384128+00:00,0.0002383118184088402,False
2020-08-13 18:03:24.515712+00:00,0.0005124979177393601,False
2020-08-13 21:22:01.800768+00:00,0.00012989985607524902,False
2020-08-14 12:15:49.571424+00:00,0.0004242694819732841,False
2020-08-14 18:53:04.137216+00:00,0.00031980961322050584,False
2020-08-15 11:26:10.549536+00:00,0.0005305657387489628,False
2020-08-15 19:42:43.755264+00:00,0.00030169984090286156,False
2020-08-16 05:38:35.600064+00:00,0.00024725311912323717,False
2020-08-16 12:15:50.166720+00:00,0.00022546129680483935,False
2020-08-16 20:32:23.373312+00:00,0.00044739423111123214,False
2020-08-17 09:46:52.498848+00:00,0.000406403576078198,False
2020-08-17 11:26:11.140512+00:00,5.4847221704065824e-05,False
2020-08-17 21:22:02.987040+00:00,0.00041094489443785814,False
2020-08-18 10:36:32.112576+00:00,0.0004782163558605773,False
2020-08-18 12:15:50.753376+00:00,2.592572056703051e-05,False
2020-08-18 20:32:23.957376+00:00,0.00035834392682053054,False
2020-08-19 13:05:30.361920+00:00,0.0005508004805462263,False
2020-08-19 18:03:26.282592+00:00,0.00023218553086080842,False
2020-08-19 21:22:03.565056+00:00,0.00010301647318097912,False
2020-08-20 18:53:05.887680+00:00,0.0009157920744476953,False
2020-08-21 13:05:30.926976+00:00,0.0006175496281604645,False
2020-08-21 19:42:45.485856+00:00,0.00026568341581307067,False
2020-08-22 12:15:51.884352+00:00,0.0005824508545224682,False
2020-08-22 20:32:25.083168+00:00,0.0004254968661449046,False
2020-08-23 04:48:58.277664+00:00,0.0002612556831185075,False
2020-08-23 13:05:31.475616+00:00,0.000297138215326957,False
2020-08-23 19:42:46.031904+00:00,0.00023526522718662728,False
2020-08-24 10:36:33.779232+00:00,0.00025711324085305343,False
2020-08-24 12:15:52.417440+00:00,4.070991400483513e-05,False
2020-08-24 20:32:25.613664+00:00,7.270068705141736e-05,False
2020-08-25 09:46:54.714144+00:00,0.00030249852853594093,False
2020-08-25 19:42:46.542528+00:00,0.00045646685946338966,False
2020-08-25 21:22:05.180736+00:00,9.266561974311221e-05,False
2020-08-26 12:15:52.920288+00:00,0.000576299489313948,False
2020-08-26 20:32:26.111328+00:00,0.000594321014301951,False
2020-08-27 03:09:40.660704+00:00,0.00021141156666724454,False
2020-08-27 04:48:59.297184+00:00,8.832721857825554e-05,False
2020-08-27 19:42:47.035872+00:00,0.0005763757695095696,False
2020-08-28 03:59:20.220864+00:00,0.00029548822941172784,False
2020-08-28 12:15:53.407584+00:00,0.000272694274180827,False
2020-08-28 18:53:07.956960+00:00,0.00040673991844052213,False
2020-08-29 04:48:59.778432+00:00,0.00040580103847943775,False
2020-08-29 11:26:14.326080+00:00,0.00017976403164113249,False
2020-08-29 19:42:47.510208+00:00,0.0003570531800517736,False
2020-08-30 12:15:53.875872+00:00,0.0005391252893336325,False
2020-08-30 20:32:27.059136+00:00,0.0004151135146032349,False
2020-08-31 11:26:14.784000+00:00,0.00048573251567850717,False
2020-08-31 19:42:47.965536+00:00,0.000357270977873056,False
2020-09-01 12:15:54.321696+00:00,0.0004516618806410501,False
2020-09-01 20:32:27.502368+00:00,0.000438219080672239,False
2020-09-02 04:49:00.677856+00:00,0.0002673406919143791,False
2020-09-02 11:26:15.231552+00:00,0.0002967977899537544,False
2020-09-02 19:42:48.395808+00:00,0.00026614618533832746,False
2020-09-03 05:38:40.204320+00:00,0.00034401663498036814,False
2020-09-03 12:15:54.759744+00:00,0.0002717795261316532,False
2020-09-03 22:11:46.555296+00:00,0.0003676816129309776,False
2020-09-04 11:26:15.630720+00:00,0.0005113527354398152,False
2020-09-04 21:22:07.439232+00:00,0.00045088122583273726,False
2020-09-05 12:15:55.145952+00:00,0.0005406851162437959,False
2020-09-05 18:53:09.681504+00:00,0.0003401534468676591,False
2020-09-05 22:11:46.951008+00:00,0.0001692938470677651,False
2020-09-06 04:49:01.483104+00:00,0.0002143877903115455,False
2020-09-06 21:22:07.821120+00:00,0.0006774277514723478,False
2020-09-07 03:59:22.353216+00:00,0.0002686435512970067,False
2020-09-07 12:15:55.520064+00:00,0.000272953716535579,False
2020-09-07 22:11:47.320800+00:00,0.0005174604184972934,False
2020-09-08 04:49:01.850304+00:00,0.00024696890690966035,False
2020-09-08 11:26:16.383264+00:00,0.0002808785076557658,False
2020-09-08 19:42:49.548384+00:00,0.00047069836284259616,False
2020-09-09 05:38:41.343072+00:00,0.00035475723995305095,False
2020-09-09 10:36:37.241280+00:00,0.00013086274274603347,False
2020-09-09 20:32:29.032512+00:00,0.0005465148889287966,False
2020-09-10 04:49:02.194176+00:00,0.0002895907191808937,False
2020-09-10 14:44:53.987136+00:00,0.00036016956746491666,False
2020-09-10 19:42:49.884480+00:00,0.0002691732564543118,False
2020-09-11 12:15:56.205216+00:00,0.0006722018001784437,False
2020-09-11 15:34:33.468672+00:00,0.00014829333154645446,False
2020-09-12 11:26:17.051136+00:00,0.0008434856150127995,False
2020-09-12 16:24:12.945888+00:00,0.0002276310888985962,False
2020-09-12 19:42:50.209344+00:00,0.000147570821867576,False
2020-09-13 05:38:41.999712+00:00,0.00045008887972639494,False
2020-09-13 18:53:11.051808+00:00,0.00061789448888997,False
2020-09-13 20:32:29.683968+00:00,9.578271783584561e-05,False
2020-09-14 11:26:17.363040+00:00,0.0005547643796725084,False
2020-09-14 19:42:50.518656+00:00,0.00039934082361983903,False
2020-09-15 02:20:05.042112+00:00,0.0002368101589040014,False
2020-09-15 12:15:56.826432+00:00,0.0003397117817405182,False
2020-09-15 20:32:29.981184+00:00,0.00043483185900023243,False
2020-09-16 11:26:17.655072+00:00,0.0005959988666785121,False
2020-09-16 19:42:50.806368+00:00,0.00039101677025166356,False
2020-09-17 07:18:01.218528+00:00,0.0004339168825325694,False
2020-09-17 12:15:57.109824+00:00,0.0002371259080423061,False
2020-09-17 20:32:30.261120+00:00,0.0004428309193561358,False
2020-09-18 11:26:17.930688+00:00,0.0006440111531709737,False
2020-09-19 12:15:57.377664+00:00,0.0011092354937237861,False
2020-09-19 18:53:11.896800+00:00,0.00035578067008445194,False
2020-09-20 11:26:18.193344+00:00,0.0007482443584585321,False
2020-09-20 19:42:51.341184+00:00,0.0004041033191529289,False
2020-09-20 21:22:09.970752+00:00,4.3880890709250815e-05,False
2020-09-21 12:15:57.632544+00:00,0.0005982634150217126,False
2020-09-21 20:32:30.779520+00:00,0.0004167409012191677,False
2020-09-22 04:49:03.924768+00:00,0.00031062404937419246,False
2020-09-22 13:05:37.070016+00:00,0.00038255198418368904,False
2020-09-22 19:42:51.586560+00:00,0.00016959803746700007,False
2020-09-23 07:18:02.019456+00:00,0.0008952232232406517,False
2020-09-23 12:15:57.901248+00:00,5.449754117167917e-05,False
2020-09-23 18:53:12.410016+00:00,0.0007620613665491008,False
2020-09-24 08:07:41.466432+00:00,-3.84910355393296e-05,False
2020-09-24 13:05:37.336128+00:00,-0.00045303256255987447,False
2020-09-24 18:03:33.202368+00:00,0.0008331634972028015,False
2020-09-25 12:15:58.121568+00:00,0.0026917440214268753,False
2020-09-25 18:53:12.647616+00:00,0.0008583896663446239,False
2020-09-26 13:05:37.521024+00:00,-0.0021381649695307535,False
2020-09-26 19:42:52.011648+00:00,0.0011249456562524018,False
2020-09-27 12:15:58.326336+00:00,0.0015373285767187152,False
2020-09-27 18:53:12.843744+00:00,0.00039605701126762334,False
2020-09-28 01:30:27.363744+00:00,-0.00031268108471970964,False
2020-09-28 13:05:37.742208+00:00,-0.0005410094021612672,False
2020-09-28 18:03:33.611040+00:00,0.0009446696763035882,False
2020-09-29 12:15:58.531968+00:00,0.0016245550858551947,False
2020-09-29 18:53:13.048512+00:00,0.0014576524377892725,False
2020-09-30 13:05:37.935744+00:00,-0.0021920937550268344,False
2020-09-30 18:03:33.803712+00:00,0.0008760715379123542,False
2020-10-01 12:15:58.737600+00:00,0.0018976684974217671,False
2020-10-01 18:53:13.252416+00:00,0.0011289117006059017,False
2020-10-02 13:05:38.139648+00:00,-0.0015148965807473783,False
2020-10-02 19:42:52.632000+00:00,0.0008991861262671394,False
2020-10-03 12:15:58.914720+00:00,0.0014912685777086132,False
2020-10-03 18:53:13.430400+00:00,0.001038701179598638,False
2020-10-04 01:30:27.954720+00:00,-0.000558410394291447,False
2020-10-04 11:26:19.709664+00:00,-0.0006885055347375627,False
2020-10-04 18:03:34.199424+00:00,0.0005350417784383275,False
2020-10-05 02:20:07.335168+00:00,0.0009528513582951065,False
2020-10-05 12:15:59.101344+00:00,0.0005544015403114297,False
2020-10-05 18:53:13.617024+00:00,0.0007949424201824035,False
2020-10-06 01:30:28.135296+00:00,-0.0006882725308845843,False
2020-10-06 08:07:42.636288+00:00,-0.0006455566760013131,False
2020-10-06 18:03:34.358400+00:00,0.0013254906255231558,False
2020-10-07 02:20:07.514880+00:00,-0.0001970878488886424,False
2020-10-07 18:53:13.783776+00:00,0.002185511058612279,False
2020-10-08 13:05:38.687424+00:00,-0.0004583443952659973,False
2020-10-08 19:42:53.178912+00:00,0.0008691709420726402,False
2020-10-09 12:15:59.468544+00:00,0.0015925257755029785,False
2020-10-09 18:53:13.992864+00:00,0.0015405548393869234,False
2020-10-10 01:30:28.532736+00:00,-0.0009906790677403393,False
2020-10-10 19:42:53.371584+00:00,-0.00029248346952719356,False
2020-10-11 02:20:07.892448+00:00,0.0013352001239742345,False
2020-10-11 12:15:59.680224+00:00,0.0006164562760647463,False
2020-10-11 18:53:14.185536+00:00,0.0003796959561823708,False
2020-10-12 08:07:43.201344+00:00,-0.0004840778617474761,False
2020-10-12 13:05:39.047712+00:00,-0.0002938437910027397,False
2020-10-12 18:03:34.915680+00:00,0.0013320471518900566,False
2020-10-13 12:15:59.853024+00:00,0.0011586790573102196,False
2020-10-13 18:53:14.365248+00:00,-3.08486149392847e-05,False
2020-10-14 13:05:39.232608+00:00,0.00018931400116317968,False
2020-10-14 19:42:53.725824+00:00,0.0008061554338680467,False
2020-10-15 12:16:00.035328+00:00,0.002374239420004038,False
2020-10-15 18:53:14.556192+00:00,0.001627997363858666,False
2020-10-16 13:05:39.463296+00:00,0.0012875087322543916,False
2020-10-16 18:03:35.410752+00:00,0.0022614409873959523,False
2020-10-17 02:20:08.612160+00:00,0.007501338093966748,False
2020-10-17 18:53:15.301824+00:00,0.011136571510484142,False
2020-10-18 08:07:44.655456+00:00,0.006134617957608259,False
2020-10-18 13:05:40.639200+00:00,0.0007441301552045178,False
2020-10-18 18:03:36.603072+00:00,0.0023918376818795875,False
2020-10-19 00:40:51.272544+00:00,0.0012739563000656654,False
2020-10-19 12:16:01.867872+00:00,-0.00017596291710442506,False
2020-10-19 17:13:57.828288+00:00,-0.00018393153390559836,False
2020-10-20 13:05:41.587008+00:00,-0.008062741997325847,False
2020-10-20 18:03:37.505952+00:00,-0.00021898595495331862,False
2020-10-21 02:20:10.779936+00:00,0.00011679527461581798,False
2020-10-22 11:26:23.843040+00:00,0.00014344450538391414,False
2020-10-22 18:03:38.456352+00:00,0.0009368071109081012,False
2020-10-23 12:16:03.664128+00:00,0.0015576770067962404,False
2020-10-23 17:13:59.630592+00:00,0.000193202962774809,False
2020-10-24 01:30:32.900256+00:00,0.0002714599819076224,False
2020-10-24 11:26:24.801216+00:00,-0.0004978022105701496,False
2020-10-24 16:24:20.761632+00:00,0.0008802866368523309,False
2020-10-25 12:16:04.636992+00:00,0.0018277838974089398,False
2020-10-25 18:53:19.265856+00:00,0.00046717392504794366,False
2020-10-26 11:26:25.820736+00:00,0.0004937384908760727,False
2020-10-26 18:03:40.439232+00:00,0.0006095316116297489,False
2020-10-27 12:16:05.659104+00:00,0.0011258107123843174,False
2020-10-27 18:53:20.290560+00:00,0.0003293150821667786,False
2020-10-28 11:26:26.829024+00:00,-0.0007497423020695027,False
2020-10-29 02:20:14.722368+00:00,0.0018569075068680197,False
2020-10-29 12:16:06.655296+00:00,0.00011826772265988216,False
2020-10-29 18:53:21.278976+00:00,0.0013787331485985426,False
2020-10-30 01:30:35.922528+00:00,-0.00019891761043304602,False
2020-10-30 08:07:50.548800+00:00,-0.00021616245334208034,False
2020-10-30 19:43:01.122528+00:00,0.0007079868229635377,False
2020-10-31 12:16:07.709376+00:00,0.0014519668250360612,False
2020-10-31 18:53:22.337376+00:00,0.001263263352559886,False
2020-11-01 13:05:47.558976+00:00,-0.0012800684658234734,False
2020-11-01 18:03:43.505568+00:00,0.0009698291238884181,False
2020-11-02 00:40:58.147392+00:00,0.00047854953564815104,False
2020-11-02 12:16:08.734944+00:00,7.010200155662815e-05,False
2020-11-02 18:53:23.365536+00:00,0.000592556994223238,False
2020-11-02 23:51:19.340640+00:00,-0.0008294684597098113,False
2020-11-03 11:26:29.912640+00:00,-0.00012188997659954074,False
2020-11-03 18:03:44.533728+00:00,0.0013283578652188697,False
2020-11-04 12:16:09.777792+00:00,0.001262788366686655,False
2020-11-04 18:53:24.407520+00:00,0.0004075016924035603,False
2020-11-05 11:26:30.976224+00:00,0.0004276973311094169,False
2020-11-05 18:03:45.601632+00:00,0.001289964146897033,False
2020-11-06 12:16:10.834464+00:00,0.00017171625678021464,False
2020-11-06 18:53:25.458144+00:00,0.0007702819101216354,False
2020-11-07 13:05:50.656416+00:00,-0.0013306051977857109,False
2020-11-07 18:03:46.622016+00:00,0.0011772325563543838,False
2020-11-11 03:10:00.842016+00:00,0.004061841959260067,False
2020-11-11 16:24:30.104928+00:00,0.0007211872955167183,False
2020-11-12 07:18:18.022464+00:00,0.000674878926864997,False
2020-11-12 18:53:28.813920+00:00,0.0013496732659699388,False
2020-11-13 08:07:57.885888+00:00,-0.002258872498133794,False
2020-11-13 16:24:31.110624+00:00,0.001333996790334409,False
2020-11-14 12:16:15.109536+00:00,0.002680266257065244,False
2020-11-14 18:53:29.699520+00:00,-9.95711953963199e-05,False
2020-11-15 11:26:36.283776+00:00,0.0005151519315520153,False
2020-11-15 18:03:50.904000+00:00,0.00095509772149604,False
2020-11-16 12:16:16.159296+00:00,0.0010655671509472858,False
2020-11-16 18:53:30.791616+00:00,1.659193165446022e-05,False
2020-11-17 09:47:18.710880+00:00,-0.0003191421310085869,False
2020-11-17 21:22:29.281152+00:00,0.0021310217152302052,False
2020-11-18 03:59:43.974816+00:00,-0.00029054531149331694,False
2020-11-18 08:57:39.925728+00:00,0.0007631695679347361,False
2020-11-18 22:12:09.187776+00:00,-7.958658695201269e-05,False
2020-11-19 03:10:05.166336+00:00,-0.0006080695974134578,False
2020-11-19 09:47:19.766688+00:00,0.00016715179791314104,False
2020-11-19 21:22:30.341280+00:00,0.0020815608724296026,False
2020-11-20 10:36:59.609376+00:00,-0.0004531942981901302,False
2020-11-20 22:12:10.203840+00:00,0.0003773909814868419,False
2020-11-21 04:49:24.843936+00:00,0.00034996526468121985,False
2020-11-21 14:45:16.765632+00:00,-0.0004259324789772052,False
2020-11-21 21:22:31.380672+00:00,0.0024547892854165825,False
2020-11-22 10:37:00.656544+00:00,-0.00011276084315884575,False
2020-11-22 15:34:56.636832+00:00,7.966851771388188e-05,False
2020-11-22 22:12:11.263104+00:00,0.0005540888531171404,False
2020-11-23 09:47:21.862752+00:00,-0.0011581938856132692,False
2020-11-23 21:22:32.406240+00:00,0.0023430589628493682,False
2020-11-24 03:59:47.102496+00:00,-0.0008171991418829215,False
2020-11-24 22:12:12.279168+00:00,0.0016045241424381953,False
2020-11-25 04:49:26.936544+00:00,0.00023653856750030153,False
2020-11-25 08:08:04.248384+00:00,-0.0006075912623356845,False
2020-11-25 21:22:33.461184+00:00,0.002442692808367751,False
2020-11-26 10:37:02.732736+00:00,-0.000248669780967882,False
2020-11-26 22:12:13.331520+00:00,0.0007211246968114511,False
2020-11-27 08:08:05.259264+00:00,-0.0013743905328257424,False
2020-11-27 14:45:19.852704+00:00,-0.0002741629431779392,False
2020-11-27 21:22:34.459104+00:00,0.002592446626992855,False
2020-11-28 10:37:03.728064+00:00,-0.0005721312685681733,False
2020-11-28 20:32:55.660128+00:00,0.0011572211263095687,False
2020-11-29 11:26:43.552608+00:00,-0.00116990437409125,False
2020-11-29 18:03:58.156416+00:00,0.0010864307269370013,False
2020-11-30 00:41:12.787872+00:00,0.0006668792895219051,False
2020-11-30 12:16:23.373696+00:00,-0.00017760170184002695,False
2020-11-30 17:14:19.326336+00:00,0.00029608687750717205,False
2020-12-01 11:26:44.512512+00:00,-0.0006100709149327334,False
2020-12-01 18:03:59.111136+00:00,0.0008248930745239785,False
2020-12-02 12:16:24.325824+00:00,0.0014773294204872796,False
2020-12-02 17:14:20.285376+00:00,-6.235823514523113e-05,False
2020-12-02 23:51:34.890048+00:00,0.00044563748896910243,False
2020-12-03 14:45:22.740192+00:00,-0.0008608321916344068,False
2020-12-04 03:59:51.945216+00:00,0.0005745311511508878,False
2020-12-04 18:53:39.816960+00:00,0.002070031374426346,False
2020-12-05 18:04:00.912576+00:00,-0.0006433991434983397,False
2020-12-06 02:20:34.177920+00:00,0.000787688954612906,False
2020-12-06 12:16:26.083200+00:00,0.0002029675285383876,False
2020-12-06 17:14:22.034112+00:00,0.0003065295015313424,False
2020-12-07 01:30:55.284768+00:00,-3.4799501793790076e-05,False
2020-12-07 13:06:05.819616+00:00,-0.00045345726254924373,False
2020-12-07 18:04:01.761024+00:00,0.0009595751889319298,False
2020-12-08 02:20:35.020320+00:00,0.0008638390668232185,False
2020-12-08 12:16:26.935104+00:00,0.0005195594991008719,False
2020-12-08 15:35:04.238304+00:00,4.205362055372333e-05,False
2020-12-09 08:08:10.732704+00:00,0.00052994512515473,False
2020-12-09 19:43:21.257184+00:00,0.0009271634829805372,False
2020-12-10 02:20:35.883456+00:00,3.397272875513724e-05,False
2020-12-10 08:57:50.476032+00:00,0.0004999335279007933,False
2020-12-10 20:33:01.018656+00:00,0.0013838746356132467,False
2020-12-11 01:30:56.985984+00:00,-0.0010863726847138604,False
2020-12-11 13:06:07.468992+00:00,-0.0009610400367386246,False
2020-12-11 19:43:22.048608+00:00,0.0007460006632165982,False
2020-12-12 02:20:36.648960+00:00,0.001788574426762724,False
2020-12-12 18:53:43.177920+00:00,0.0008930358692633346,False
2020-12-13 01:30:57.759264+00:00,0.0004412964883041992,False
2020-12-13 18:04:04.203552+00:00,-0.0002920409547042407,False
2020-12-14 02:20:37.440384+00:00,0.0005841052699778653,False
2020-12-14 12:16:29.334432+00:00,0.0003667489983340085,False
2020-12-15 11:26:50.346240+00:00,-0.0009412691879232178,False
2020-12-15 18:04:04.918080+00:00,0.001027228155508874,False
2020-12-16 12:16:30.067968+00:00,0.0024399738950653164,False
2020-12-16 17:14:26.016288+00:00,0.00022239926810916342,False
2020-12-17 13:06:09.716256+00:00,-0.0017195022101311299,False
2020-12-17 19:43:24.274272+00:00,0.0010990924455750442,False
2020-12-18 02:20:38.871168+00:00,0.00036656124509352263,False
2020-12-18 22:12:22.588416+00:00,0.0013918913516843662,False
2020-12-19 04:49:37.200000+00:00,-0.0002131656715389632,False
2020-12-19 09:47:33.112032+00:00,-0.0005135784279157407,False
2020-12-19 19:43:24.928320+00:00,0.0010785344078721435,False
2020-12-20 08:57:54.103104+00:00,0.0007793026523596489,False
2020-12-20 22:12:23.226912+00:00,0.0006232041584390259,False
2020-12-21 09:47:33.732384+00:00,-0.00102445693268939,False
2020-12-21 19:43:25.547808+00:00,0.0011180778244286739,False
2020-12-22 08:57:54.713952+00:00,0.0004252585611440985,False
2020-12-22 20:33:05.185728+00:00,0.0016213031017459955,False
2020-12-23 13:06:11.604096+00:00,-0.0007619365779430055,False
2020-12-24 02:20:40.757280+00:00,0.0016343194415585007,False
2020-12-24 20:33:05.774976+00:00,0.0007478788851392168,False
2020-12-25 03:10:20.351136+00:00,-0.0004488712408500564,False
2020-12-25 13:06:12.171744+00:00,-0.0005540561432359618,False
2020-12-25 19:43:26.710752+00:00,0.0008126882654133346,False
2020-12-26 07:18:37.230048+00:00,0.0008174260010304922,False
2020-12-26 12:16:33.117888+00:00,0.00037949453558431894,False
2020-12-26 18:53:47.671584+00:00,0.0010797597737790031,False
2020-12-27 13:06:12.702240+00:00,-0.0011259517895479544,False
2020-12-27 19:43:27.241248+00:00,0.0011844153213964382,False
2020-12-28 02:20:41.814816+00:00,0.0007033131954176325,False
2020-12-28 18:53:48.197760+00:00,0.0012999596495486651,False
2020-12-29 01:31:02.765280+00:00,-0.0003921944755884522,False
2020-12-29 13:06:13.198176+00:00,-0.0010563749321925173,False
2020-12-29 18:04:09.094656+00:00,0.0010023437578868628,False
2020-12-30 07:18:38.233152+00:00,0.0005702017884162118,False
2020-12-30 12:16:34.117536+00:00,0.00011661646571772003,False
2020-12-30 18:53:48.657408+00:00,0.0010144923360563439,False
2020-12-31 13:06:13.642272+00:00,-0.0014372750794074073,False
2020-12-31 18:04:09.531840+00:00,0.001029425648812842,False
2021-01-01 07:18:38.638368+00:00,-0.00044894680943775443,False
2021-01-01 20:33:07.676640+00:00,0.0018767023115877808,False
2021-01-02 04:49:40.893600+00:00,-0.001013099490653818,False
2021-01-02 08:08:18.137184+00:00,-0.0003501630699097308,False
2021-01-02 19:43:28.555392+00:00,0.0006657282755441657,False
2021-01-03 07:18:39.033216+00:00,0.000159690687744157,False
2021-01-03 12:16:34.919328+00:00,2.6838226717758733e-05,False
2021-01-03 18:53:49.449696+00:00,-0.00011585984376939468,False
2021-01-04 13:06:14.401728+00:00,-0.0011825369950315928,False
2021-01-04 19:43:28.913952+00:00,0.0006145670779138031,False
2021-01-05 12:16:35.250240+00:00,-5.268222022080949e-05,False
2021-01-05 18:53:49.769376+00:00,0.0007832930310614258,False
2021-01-06 01:31:04.312704+00:00,-0.0005128783689572172,False
2021-01-06 13:06:14.712768+00:00,-0.0003657787619081722,False
2021-01-06 19:43:29.237088+00:00,0.0006218103999934538,False
2021-01-07 02:20:43.776960+00:00,0.000871296715950457,False
2021-01-07 12:16:35.569920+00:00,0.0001587054928176128,False
2021-01-07 18:53:50.093376+00:00,0.0009069855197856504,False
2021-01-08 06:29:00.524544+00:00,-0.001969368370397635,False
2021-01-08 13:06:15.014304+00:00,7.266112153824575e-05,False
2021-01-08 19:43:29.531712+00:00,0.0007454689777467043,False
2021-01-09 07:18:39.981888+00:00,0.0007715606251337566,False
2021-01-09 12:16:35.864544+00:00,0.00021772550185351983,False
2021-01-09 18:53:50.386272+00:00,0.0009727726741273884,False
2021-01-10 11:26:56.691456+00:00,-0.001283975387864768,False
2021-01-10 18:04:11.195904+00:00,0.0008913651567148206,False
2021-01-11 12:16:36.148800+00:00,0.0004349932680990118,False
2021-01-11 18:53:50.666208+00:00,-1.1379968786036365e-05,False
2021-01-12 11:26:56.944608+00:00,-0.0010634763326579024,False
2021-01-12 18:04:11.456832+00:00,0.0005685529525992373,False
2021-01-13 02:20:44.611584+00:00,0.0007214133015905667,False
2021-01-13 12:16:36.388992+00:00,-0.0003657552179330615,False
2021-01-13 18:53:50.903808+00:00,0.0013772132821558496,False
2021-01-14 06:29:01.333248+00:00,-0.001535917472512932,False
2021-01-14 13:06:15.810912+00:00,-0.0003606451802925771,False
2021-01-14 18:04:11.682336+00:00,0.0009542499973465686,False
2021-01-15 12:16:36.612768+00:00,-9.252798502423835e-05,False
2021-01-15 17:14:32.480736+00:00,-0.00018536849763562915,False
2021-01-16 11:26:57.367104+00:00,-0.001142826913308116,False
2021-01-16 18:04:11.866368+00:00,0.0006862844237682813,False
2021-01-17 13:55:55.402176+00:00,0.00017030330414247256,False
2021-01-17 18:53:51.271008+00:00,0.0004318449415223086,False
2021-01-18 06:29:01.678848+00:00,-0.0006701265015501806,False
2021-01-18 18:04:12.040032+00:00,0.0008039593375688811,False
2021-01-19 00:41:26.555712+00:00,0.0004217530896682076,False
2021-01-19 12:16:36.941088+00:00,-2.143495664805591e-05,False
2021-01-19 17:14:32.816832+00:00,0.00013138337199063903,False
2021-01-20 11:26:57.702336+00:00,-0.0009649299392596774,False
2021-01-20 18:04:12.190368+00:00,0.0015226290911426578,False
2021-01-21 12:16:37.103520+00:00,-6.919081802295128e-05,False
2021-01-21 18:53:51.597600+00:00,-9.553265321639251e-05,False
2021-01-22 11:26:57.833664+00:00,-0.0011258697390076058,False
2021-01-22 18:04:12.324288+00:00,0.0011583190209956745,False
2021-01-23 00:41:26.839968+00:00,0.0008671564295968223,False
2021-01-23 12:16:37.221024+00:00,-0.0004897336395014327,False
2021-01-23 18:53:51.711648+00:00,-0.0001462987710151073,False
2021-01-24 01:31:06.206592+00:00,0.0006433098067660714,False
2021-01-24 13:06:16.594560+00:00,-0.000882973330502084,False
2021-01-24 18:04:12.455616+00:00,0.0010025332088550874,False
2021-01-25 12:16:37.356672+00:00,0.0006447103601399428,False
2021-01-25 17:14:33.230688+00:00,-9.954903775884482e-05,False
2021-01-26 11:26:58.069536+00:00,-0.0013750470602130844,False
2021-01-26 18:04:12.567072+00:00,0.0009611451862648578,False
2021-01-27 12:16:37.458624+00:00,0.0008887272660167946,False
2021-01-27 18:53:51.957888+00:00,0.0008813362983903076,False
2021-01-28 13:06:16.815744+00:00,-0.0017854126996830646,False
2021-01-28 18:04:12.684576+00:00,0.0009492827759010976,False
2021-01-29 02:20:45.822048+00:00,0.0001514160067123267,False
2021-01-29 12:16:37.557120+00:00,-0.0003552821104590694,False
2021-01-29 18:53:52.048608+00:00,0.00087152830079513,False
2021-01-30 06:29:02.446080+00:00,-0.0022191081197440302,False
2021-01-30 13:06:16.891776+00:00,-0.0005892370881884518,False
2021-01-31 18:53:52.069344+00:00,0.002600134524455105,False
2021-02-01 03:10:25.276800+00:00,-0.00017709774509235503,False
2021-02-01 13:06:17.001504+00:00,-0.0013836665415655363,False
2021-02-02 07:18:41.875776+00:00,0.001024283311014132,False
2021-02-02 12:16:37.726464+00:00,-0.0003251672482348697,False
2021-02-02 18:53:52.209312+00:00,0.00014654581107055787,False
2021-02-03 08:08:21.214752+00:00,-0.00036377958447277676,False
2021-02-03 13:06:17.062848+00:00,-0.0006387034768520268,False
2021-02-03 18:04:12.914400+00:00,0.000992619155053096,False
2021-02-04 12:16:37.791264+00:00,0.00047774888318192067,False
2021-02-04 18:53:52.274976+00:00,0.000365301558675938,False
2021-02-05 13:06:17.137152+00:00,-0.0009061657400310085,False
2021-02-05 18:04:12.991296+00:00,0.0011350720745908246,False
2021-02-06 00:41:27.505248+00:00,0.0005103095955507206,False
2021-02-06 12:16:37.868160+00:00,-0.0003679954783783171,False
2021-02-06 18:53:52.357056+00:00,0.0005054014851640551,False
2021-02-07 01:31:06.862368+00:00,-0.00013302328813152815,False
2021-02-07 13:06:17.230464+00:00,-0.0005582297082698372,False
2021-02-07 18:04:13.084608+00:00,0.0008079009671452171,False
2021-02-08 12:16:37.956288+00:00,8.921434439152981e-05,False
2021-02-08 17:14:33.816480+00:00,0.00013785379455093198,False
2021-02-09 11:26:58.681248+00:00,-0.0009958807358829433,False
2021-02-09 18:04:13.165824+00:00,0.001312304668045606,False
2021-02-10 12:16:38.054784+00:00,0.00031647131607722665,False
2021-02-10 17:14:33.919296+00:00,0.00021677757343803992,False
2021-02-10 23:51:48.417696+00:00,0.0003927040588904187,False
2021-02-11 11:26:58.792704+00:00,-0.0011477718804777134,False
2021-02-11 18:04:13.281600+00:00,0.0006858382135481515,False
2021-02-12 00:41:27.787776+00:00,0.0009492557737075061,False
2021-02-12 12:16:38.160192+00:00,-0.0010778534969937555,False
2021-02-12 17:14:34.016928+00:00,-0.00019765902690201465,False
2021-02-13 11:26:58.898112+00:00,-0.0006952559833911746,False
2021-02-13 18:04:13.378368+00:00,0.0009115182988617692,False
2021-02-14 12:16:38.251776+00:00,-0.0002449839869331921,False
2021-02-14 15:35:15.484128+00:00,0.0002471043931264183,False
2021-02-15 11:26:58.994016+00:00,-0.000566747990778601,False
2021-02-15 18:04:13.474272+00:00,0.001110870416230625,False
2021-02-16 12:16:38.373600+00:00,5.5829419865643714e-05,False
2021-02-16 23:51:48.737376+00:00,-0.00016280975695436004,False
2021-02-17 11:26:59.114112+00:00,-0.0009116177671348326,False
2021-02-17 18:04:13.593504+00:00,0.0005129632510181886,False
2021-02-18 00:41:28.098816+00:00,0.00026251563018853016,False
2021-02-18 12:16:38.491968+00:00,-0.00023667143048748058,False
2021-02-18 17:14:34.352160+00:00,0.00016534724770458386,False
2021-02-19 06:29:03.399072+00:00,0.000551717052085842,False
2021-02-19 11:26:59.263584+00:00,-0.0006134906735048519,False
2021-02-20 12:16:38.669088+00:00,0.0022096404096224507,False
2021-02-20 17:14:34.544832+00:00,-0.00014196866435776403,False
2021-02-21 11:26:59.430336+00:00,-0.0012700712481433728,False
2021-02-21 18:04:13.918368+00:00,0.0007226972161615328,False
2021-02-22 12:16:38.786592+00:00,-0.0005904360450074563,False
2021-02-22 15:35:16.031904+00:00,0.00036939789970199367,False
2021-02-22 23:51:49.168512+00:00,-0.00010918368776176697,False
2021-02-23 11:26:59.549568+00:00,-0.0004740245309864093,False
2021-02-23 18:04:14.044512+00:00,0.00023461900373650328,False
2021-02-24 00:41:28.547232+00:00,0.001457736069104188,False
2021-02-24 12:16:38.947296+00:00,-0.00018346522676675414,False
2021-02-24 17:14:34.825632+00:00,0.0003047906576988188,False
2021-02-25 08:08:22.502112+00:00,0.0001853928399162251,False
2021-02-25 13:06:18.368352+00:00,-0.0006782633710863409,False
2021-02-25 18:04:14.225952+00:00,0.0012028958714060155,False
2021-02-26 12:16:39.163296+00:00,0.0003875570959854607,False
2021-02-26 18:53:53.654784+00:00,-0.00011321750322030493,False
2021-02-27 13:06:18.521280+00:00,-0.002106542934176514,False
2021-02-27 18:04:14.387520+00:00,0.0006679093366178931,False
2021-02-28 02:20:47.536224+00:00,0.0005812786479111279,False
2021-02-28 12:16:39.305856+00:00,-0.0007963122191861117,False
2021-02-28 17:14:35.171232+00:00,-0.00014924785993080704,False
2021-03-01 11:27:00.100800+00:00,3.138201615591254e-05,False
2021-03-01 18:04:14.593152+00:00,0.0010650825447116763,False
2021-03-02 12:16:39.521856+00:00,0.0004710970579298887,False
2021-03-03 13:06:18.923040+00:00,-0.0015920155789005699,False
2021-03-03 18:04:14.788416+00:00,0.0012199744780995172,False
2021-03-04 12:16:39.730944+00:00,0.00018818935090211456,False
2021-03-04 18:53:54.227616+00:00,0.0006409173943253745,False
2021-03-05 11:27:00.502560+00:00,-0.0016504929116749778,False
2021-03-05 18:04:14.989728+00:00,0.00126081245831683,False
2021-03-06 00:41:29.515776+00:00,0.0006904651639541209,False
2021-03-06 12:16:39.902880+00:00,-0.0009495652650496414,False
2021-03-06 17:14:35.776896+00:00,0.00011734847802173097,False
2021-03-07 11:27:00.686592+00:00,-0.0006534004305689535,False
2021-03-07 18:04:15.188448+00:00,0.0005932309934501917,False
2021-03-08 12:16:40.118016+00:00,0.0012197714686111281,False
2021-03-08 18:53:54.638016+00:00,0.0005458249385802864,False
2021-03-09 13:06:19.557216+00:00,-0.001586773159014459,False
2021-03-09 19:43:34.051296+00:00,0.0007437914313139654,False
2021-03-10 13:55:58.986912+00:00,0.0004940875032984235,False
2021-03-10 18:53:54.866112+00:00,0.0006388941540082315,False
2021-03-11 01:31:09.400800+00:00,-0.0006214762910734123,False
2021-03-11 13:06:19.780128+00:00,-0.0012358733427352898,False
2021-03-11 19:43:34.286304+00:00,0.0009726016366885289,False
2021-03-12 02:20:48.821856+00:00,0.000436580427764345,False
2021-03-12 18:53:55.101120+00:00,0.0011848604798434907,False
2021-03-13 11:27:01.420128+00:00,-0.0012490312174654318,False
2021-03-13 18:04:15.923712+00:00,0.0004670052029508095,False
2021-03-14 12:16:40.828224+00:00,-0.0007396963491117936,False
2021-03-14 18:53:55.335264+00:00,0.0002066235550292915,False
2021-03-15 13:06:20.244096+00:00,-0.0010836579480484616,False
2021-03-15 19:43:34.751136+00:00,0.0014201513626218697,False
2021-03-16 12:16:41.098656+00:00,0.0008503103411796773,False
2021-03-16 18:53:55.609152+00:00,0.0013946734727085578,False
2021-03-17 01:31:10.161120+00:00,-8.277140385576403e-05,False
2021-03-17 13:06:20.549088+00:00,-0.001297415185077805,False
2021-03-17 18:04:16.418784+00:00,0.0006770900019968262,False
2021-03-18 02:20:49.579584+00:00,-0.0004350438341632234,False
2021-03-18 13:55:59.956320+00:00,-0.001474745747168039,False
2021-03-18 18:53:55.816512+00:00,0.0008313911084908911,False
2021-03-19 08:08:24.895392+00:00,-0.0008994164737267897,False
2021-03-19 13:06:20.751264+00:00,-0.0006134366877685514,False
2021-03-19 19:43:35.241024+00:00,0.0010744190737295729,False
2021-03-20 12:16:41.537568+00:00,-0.0001754565275462951,False
2021-03-20 18:53:56.033376+00:00,0.0016873079410000588,False
2021-03-21 13:06:20.965536+00:00,-0.0011564816214835144,False
2021-03-21 18:04:16.841280+00:00,0.0013700831441957521,False
2021-03-22 02:20:50.015904+00:00,-0.00031514214155013254,False
2021-03-22 12:16:41.761344+00:00,-0.0004080380791490898,False
2021-03-22 18:53:56.280480+00:00,0.0015020098742598023,False
2021-03-23 08:08:25.355040+00:00,9.418211927956274e-06,False
2021-03-23 13:06:21.244608+00:00,-0.0005033374260383467,False
2021-03-23 19:43:35.743008+00:00,0.0006466018402939883,False
2021-03-24 00:41:31.659360+00:00,-0.00020553002573538376,False
2021-03-24 18:53:56.548320+00:00,0.0009225924486202487,False
2021-03-25 09:47:44.287872+00:00,-0.0008906783049576093,False
2021-03-25 21:22:54.637824+00:00,-0.00568024930797917,False
2021-03-26 05:39:27.669024+00:00,-0.004322468049712122,False
2021-03-26 12:16:42.078432+00:00,-0.0036842223681174445,False
2021-03-26 18:53:56.456736+00:00,-0.010582894300299052,False
2021-03-27 01:31:10.654464+00:00,-0.01053148323859524,False
2021-03-27 11:27:01.851264+00:00,-0.011415041275013828,False
2021-03-27 18:04:16.086144+00:00,-0.003938245838033852,False
2021-03-28 12:16:40.311552+00:00,-0.007248283965494155,False
2021-03-28 17:14:36.048192+00:00,0.0006939855097507812,False
2021-03-28 23:51:50.340096+00:00,0.004057601434951415,False
2021-03-29 19:43:33.408480+00:00,0.008433584024012343,False
2021-03-30 08:58:02.262720+00:00,0.009612341178361357,False
2021-03-30 18:53:53.777472+00:00,0.0017019528661189364,False
2021-03-31 03:10:26.726592+00:00,-0.0016172107708089447,False
2021-03-31 08:08:22.430400+00:00,-0.0007901833970760814,False
2021-04-01 00:41:28.218048+00:00,0.0004930801615784648,False
2021-04-01 07:18:42.568704+00:00,-0.000861879159110526,False
2021-04-01 18:53:52.590336+00:00,0.0010819374342251322,False
2021-04-02 11:26:58.402176+00:00,-0.002051164934591251,False
2021-04-02 16:24:54.126720+00:00,0.0002162844444464359,False
2021-04-03 12:16:37.102656+00:00,0.0006752776825888294,False
2021-04-03 18:53:51.420480+00:00,0.00010477212412655573,False
2021-04-04 13:06:15.836832+00:00,-4.605266791404968e-05,False
2021-04-04 18:04:11.551872+00:00,0.0013556570979555381,False
2021-04-05 07:18:40.248000+00:00,0.0001794635135434812,False
2021-04-05 17:14:31.716960+00:00,-0.00010339560967067817,False
2021-04-06 06:29:00.387168+00:00,9.738564991957775e-05,False
2021-04-06 18:04:10.404480+00:00,0.000425368915192508,False
2021-04-07 07:18:39.072960+00:00,-0.0004168955474598377,False
2021-04-07 17:14:30.525504+00:00,0.00017227014685817257,False
2021-04-07 23:51:44.841600+00:00,0.001097881473334608,False
2021-04-08 11:26:54.919392+00:00,-0.0012976750704042279,False
2021-04-08 16:24:50.635296+00:00,0.0008553970537707053,False
2021-04-09 00:41:23.543808+00:00,0.0002165763895437795,False
2021-04-09 12:16:33.604320+00:00,0.0002690371233667264,False
2021-04-09 17:14:29.335776+00:00,-0.0006025643964845131,False
2021-04-10 11:26:53.693376+00:00,-0.00034613891332522763,False
2021-04-10 18:04:07.987872+00:00,0.0008760580566137709,False
2021-04-11 12:16:32.353248+00:00,-0.00012642263171274982,False
2021-04-11 17:14:28.082976+00:00,0.0001141996431480905,False
2021-04-12 11:26:52.443168+00:00,7.559176014980255e-05,False
2021-04-12 18:04:06.748896+00:00,0.0008744133867631317,False
2021-04-14 01:30:59.711040+00:00,0.0008027137929847485,False
2021-04-14 13:06:09.767232+00:00,-0.0010521595925560524,False
2021-04-15 02:20:38.383872+00:00,0.000565284123170781,False
2021-04-15 12:16:29.837280+00:00,-0.0005399652593583047,False
2021-04-15 17:14:25.554048+00:00,-8.300095784531298e-05,False
2021-04-16 06:28:54.200064+00:00,0.0006521880945718387,False
2021-04-16 19:43:22.770912+00:00,0.00023000365115160507,False
2021-04-17 08:57:51.411744+00:00,0.0005352295185055578,False
2021-04-17 20:33:01.412640+00:00,0.0004016754639087789,False
2021-04-18 08:08:11.448960+00:00,-0.0013767436749438332,False
2021-04-18 19:43:21.440352+00:00,-0.00030293222686694863,False
2021-04-19 08:57:50.035392+00:00,-0.0008280446091299984,False
2021-04-19 20:33:00.025056+00:00,0.00196811184518258,False
2021-04-20 08:08:10.084704+00:00,-0.0005072089324933892,False
2021-04-20 19:43:20.059680+00:00,0.001907793760556561,False
2021-04-21 02:20:34.396512+00:00,0.00022056366817094862,False
2021-04-21 08:57:48.695328+00:00,-0.0006601366990686793,False
2021-04-21 20:32:58.683264+00:00,0.0017296261412763627,False
2021-04-22 03:10:13.014912+00:00,-0.0007416381050321422,False
2021-04-22 08:08:08.720448+00:00,-0.001099595493546656,False
2021-04-22 19:43:18.658272+00:00,0.00026027263307921555,False
2021-04-23 02:20:32.978688+00:00,0.00012060288672731772,False
2021-04-23 18:53:38.644512+00:00,-0.00017310396315321726,False
2021-04-24 13:06:02.932992+00:00,-0.0008332682770563515,False
2021-04-24 19:43:17.193792+00:00,0.0007566537453084179,False
2021-04-25 12:16:22.918368+00:00,0.0004159962829050267,False
2021-04-25 18:53:37.187808+00:00,0.00045494357494172723,False
2021-04-25 23:51:32.894208+00:00,-0.0008034959280516681,False
2021-04-26 11:26:42.845856+00:00,-0.0006701839798423122,False
2021-04-26 16:24:38.549664+00:00,0.0007127479791347795,False
2021-04-27 00:41:11.398560+00:00,0.0010446595998254832,False
2021-04-27 12:16:21.422784+00:00,0.0005105918120685633,False
2021-04-27 23:51:31.386528+00:00,0.000299231371857841,False
2021-04-28 11:26:41.359776+00:00,-0.0010951119427557265,False
2021-04-28 18:03:55.619712+00:00,0.0007401980096470533,False
2021-04-29 12:16:19.870176+00:00,-1.7770152710003457e-06,False
2021-04-29 18:53:34.134432+00:00,0.0004661005407237725,False
2021-04-30 08:08:02.683680+00:00,-0.0017574102982417324,False
2021-04-30 13:05:58.344288+00:00,-0.0008077839430954044,False
2021-04-30 19:43:12.578304+00:00,0.0013502936617189123,False
2021-05-01 13:55:36.849504+00:00,0.0009680201908448643,False
2021-05-01 20:32:51.100800+00:00,0.0014506133260961702,False
2021-05-02 13:05:56.769216+00:00,-0.0018036160063752064,False
2021-05-02 19:43:11.004960+00:00,0.0007529031345859424,False
2021-05-03 02:20:25.288224+00:00,0.00012929332449953515,False
2021-05-03 13:55:35.221728+00:00,-0.0004548720440323219,False
2021-05-03 20:32:49.465248+00:00,0.000387990092782139,False
2021-05-04 03:10:03.732960+00:00,-0.0008683679334642046,False
2021-05-04 09:47:17.975616+00:00,-0.0007083416096061725,False
2021-05-04 21:22:27.886656+00:00,0.00193740485474108,False
2021-05-05 03:59:42.195840+00:00,-0.0005285656809789306,False
2021-05-05 08:57:37.860768+00:00,0.0002739424443802283,False
2021-05-05 17:14:10.685472+00:00,0.00035266311584007806,False
2021-05-06 11:26:34.896192+00:00,0.0001815143262387474,False
2021-05-06 19:43:07.699296+00:00,0.000586626018186279,False
2021-05-07 12:16:13.368576+00:00,0.0006976923209983971,False
2021-05-07 18:53:27.610368+00:00,0.00024118462082286547,False
2021-05-07 23:51:23.296032+00:00,-0.0001525885275608237,False
2021-05-08 19:43:06.005856+00:00,-0.0011503170643566776,False
2021-05-09 02:20:20.269248+00:00,0.0002515485846633313,False
2021-05-09 12:16:11.646624+00:00,0.00016500616786873962,False
2021-05-09 17:14:07.327104+00:00,0.0005622434626622341,False
2021-05-10 11:26:31.529184+00:00,-8.249241102790863e-05,False
2021-05-10 18:03:45.760608+00:00,0.0009084334037524225,False
2021-05-11 00:41:00.021408+00:00,0.000931712504939803,False
2021-05-11 12:16:09.997248+00:00,0.0004011119504043849,False
2021-05-11 17:14:05.659584+00:00,0.0002775863995606509,False
2021-05-12 11:26:29.841792+00:00,-0.0015978793873840137,False
2021-05-12 16:24:25.489440+00:00,8.663951854164716e-05,False
2021-05-12 21:22:21.167328+00:00,0.0019403599724347395,False
2021-05-13 10:36:49.656096+00:00,-0.0021936112151554506,False
2021-05-14 04:49:13.835712+00:00,0.00036440519132938386,False
2021-05-14 09:47:09.502368+00:00,-0.0009222561339201269,False
2021-05-14 21:22:19.379712+00:00,0.002498608616806685,False
2021-05-15 08:57:29.333088+00:00,-0.0007606068411239002,False
2021-05-15 20:32:39.251904+00:00,0.0017715666069580494,False
2021-05-16 13:05:44.871072+00:00,-0.0015115258667535603,False
2021-05-16 19:42:59.094720+00:00,0.000263483346933153,False
2021-05-17 12:16:04.705248+00:00,0.0004027520184387459,False
2021-05-17 18:53:18.935808+00:00,-0.0002025951596194093,False
2021-05-18 13:05:43.040256+00:00,-0.0023586245341127316,False
2021-05-18 19:42:57.256128+00:00,-0.0001613853920540547,False
2021-05-19 12:16:02.858880+00:00,0.0023903611511312895,False
2021-05-19 17:13:58.533312+00:00,9.44093591212756e-06,False
2021-05-19 23:51:12.758688+00:00,0.0011091053455476558,False
2021-05-20 11:26:22.669728+00:00,-0.0012959459783270122,False
2021-05-20 16:24:18.338976+00:00,0.0009581368460842335,False
2021-05-21 00:40:51.141216+00:00,0.0010224858845378248,False
2021-05-21 12:16:01.079904+00:00,-9.80909182308561e-05,False
2021-05-21 18:53:15.304416+00:00,0.001301126660556134,False
2021-05-22 06:28:25.228416+00:00,-0.002589211011713278,False
2021-05-22 11:26:20.851008+00:00,-0.00082516156743675,False
2021-05-22 18:03:35.055648+00:00,0.0007946523360867799,False
2021-05-23 08:57:22.076352+00:00,0.00055829599296175,False
2021-05-23 20:32:31.972704+00:00,0.0015689851907363585,False
2021-05-24 13:05:37.572864+00:00,-0.0012830896825034876,False
2021-05-24 19:42:51.782688+00:00,0.0002740780130382856,False
2021-05-25 12:15:57.392352+00:00,0.0015112619085560618,False
2021-05-25 17:13:53.062464+00:00,0.0003365685442459363,False
2021-05-26 06:28:21.534816+00:00,-0.0013742939631569565,False
2021-05-26 19:42:49.952736+00:00,0.0011415300780218435,False
2021-05-27 07:17:59.884512+00:00,-0.00011519318681714409,False
2021-05-27 20:32:28.325760+00:00,0.0011100566818729965,False
2021-05-28 09:46:56.786880+00:00,-0.0012406093863477701,False
2021-05-28 19:42:48.088224+00:00,0.0011636517152280423,False
2021-05-29 12:15:53.674560+00:00,1.6471740253651019e-06,False
2021-05-29 18:53:07.898208+00:00,0.0009226054459071183,False
2021-05-30 13:05:31.988832+00:00,-0.002633226300898224,False
2021-05-30 18:03:27.633888+00:00,0.0003705623594740024,False
2021-05-31 00:40:41.863584+00:00,-0.0014502061874244428,False
2021-05-31 12:15:51.727104+00:00,0.0012474049556894318,False
2021-05-31 18:53:05.956800+00:00,0.0003421888575065109,False
2021-06-01 11:26:11.556096+00:00,0.0013105859410287278,False
2021-06-01 16:24:07.221888+00:00,0.0003399423736281556,False
2021-06-02 12:15:49.917024+00:00,0.001092379196130108,False
2021-06-03 11:26:09.666528+00:00,-0.0017946286938227186,False
2021-06-03 16:24:05.332320+00:00,0.00019708204399113193,False
2021-06-04 12:15:48.019680+00:00,0.0005667515172291307,False
2021-06-04 18:53:02.234688+00:00,0.0008996126082442485,False
2021-06-05 11:26:07.805472+00:00,-0.0006993869856547187,False
2021-06-05 18:03:22.015296+00:00,0.0007545492500201126,False
2021-06-06 00:40:36.249312+00:00,0.00031397083926922644,False
2021-06-06 12:15:46.170720+00:00,0.0005911983561729859,False
2021-06-06 18:53:00.394368+00:00,0.0009455858656715742,False
2021-06-07 01:30:14.642208+00:00,-0.0005483139605503274,False
2021-06-07 13:05:24.518688+00:00,-0.001500749580688266,False
2021-06-07 18:03:20.162016+00:00,0.0010957545297623163,False
2021-06-08 12:15:44.340768+00:00,0.0014463859399936603,False
2021-06-08 18:52:58.567872+00:00,-0.0005616722409209799,False
2021-06-09 13:05:22.696512+00:00,-0.00011787004836196863,False
2021-06-09 19:42:36.915840+00:00,0.00036685194506626425,False
2021-06-10 12:15:42.494400+00:00,-2.841431481046371e-05,False
2021-06-10 18:52:56.714592+00:00,3.3770005584884074e-05,False
2021-06-11 11:26:02.294016+00:00,-0.0006299753420291451,False
2021-06-11 18:03:16.511616+00:00,0.0006437658900153269,False
2021-06-12 00:40:30.749088+00:00,0.0005421368045357379,False
2021-06-12 12:15:40.672224+00:00,-0.00019664124631684447,False
2021-06-12 18:52:54.901920+00:00,0.00031292925791892557,False
2021-06-13 11:26:00.486528+00:00,-0.000639694884474926,False
2021-06-13 18:03:14.711904+00:00,0.0010078216319028604,False
2021-06-14 12:15:38.868192+00:00,-0.00019864418128211745,False
2021-06-14 18:52:53.097024+00:00,0.0002840943721858598,False
2021-06-15 11:25:58.666944+00:00,-0.0015928942689834007,False
2021-06-15 18:03:12.891456+00:00,0.00081695067832185,False
2021-06-16 12:15:37.060704+00:00,0.000422800324966174,False
2021-06-16 18:52:51.280896+00:00,0.0005513213881927558,False
2021-06-17 11:25:56.880192+00:00,-0.0003724397671044725,False
2021-06-17 18:03:11.106432+00:00,0.0005645342778614277,False
2021-06-18 00:40:25.347360+00:00,0.0010679454763358467,False
2021-06-18 12:15:35.260128+00:00,-0.0006566360853527808,False
2021-06-19 11:25:55.110720+00:00,-0.0008843557862895678,False
2021-06-19 18:03:09.311040+00:00,-0.00023035717383820614,False
2021-06-20 12:15:33.479424+00:00,0.0020470537321247706,False
2021-06-21 13:05:11.872320+00:00,-0.0008906079484678506,False
2021-06-22 12:15:31.719456+00:00,0.0015519183080121798,False
2021-06-22 18:52:45.973344+00:00,0.0003960496813011724,False
2021-06-23 19:42:24.420672+00:00,-0.0003381240502562234,False
2021-06-24 08:56:52.904256+00:00,0.0009260793090451725,False
2021-06-24 20:32:02.825664+00:00,0.001573439816882315,False
2021-06-25 11:25:49.867968+00:00,-0.002564014489754145,False
2021-06-25 19:42:22.673664+00:00,0.0006286972046582938,False
2021-06-26 02:19:36.935328+00:00,0.0006193008345863718,False
2021-06-26 08:56:51.201312+00:00,-0.0004742514566313819,False
2021-06-26 20:32:01.098528+00:00,0.001482834370996534,False
2021-06-27 03:09:15.374880+00:00,-0.0013631054795771513,False
2021-06-27 08:07:11.048448+00:00,-0.0005261379214953382,False
2021-06-27 19:42:20.942208+00:00,7.121198660428604e-05,False
2021-06-28 10:36:08.030304+00:00,0.00028401797249575896,False
2021-06-28 20:31:59.379168+00:00,0.001246539043913275,False
2021-06-29 04:48:32.221152+00:00,-0.0013438489356013398,False
2021-06-29 14:44:23.540640+00:00,-0.00046733982844758884,False
2021-06-29 21:21:37.790208+00:00,0.002693399487206106,False
2021-06-30 10:36:06.314400+00:00,-0.0006331485540334302,False
2021-06-30 18:52:39.133056+00:00,3.8239723370970814e-05,False
2021-07-01 11:25:44.753088+00:00,-0.0013809582397549902,False
2021-07-01 14:44:21.854976+00:00,-0.0002028295522172103,False
2021-07-02 02:19:31.781568+00:00,0.00107624966640857,False
2021-07-02 13:54:41.731488+00:00,-8.756660076644616e-05,False
2021-07-02 18:52:37.412832+00:00,0.0003463491439132194,False
2021-07-03 06:27:47.380896+00:00,-0.0009640965207344597,False
2021-07-03 13:05:01.600224+00:00,-1.6782628207701858e-05,False
2021-07-03 19:42:15.845472+00:00,0.00030207347283219314,False
2021-07-04 07:17:25.828224+00:00,0.0014173148278398395,False
2021-07-04 12:15:21.509568+00:00,-7.121450342854896e-05,False
2021-07-04 18:52:35.756544+00:00,0.00032344369637806613,False
2021-07-05 08:07:04.280736+00:00,-0.0010292475347250215,False
2021-07-05 13:04:59.947392+00:00,-0.0001880310024610032,False
2021-07-05 19:42:14.192640+00:00,0.00019101927594666372,False
2021-07-06 12:15:19.849824+00:00,0.001247422321517465,False
2021-07-07 19:42:12.557088+00:00,-0.0006350663261127502,False
2021-07-08 12:15:18.227232+00:00,0.001666345649786504,False
2021-07-08 18:52:32.476800+00:00,4.7770576582699945e-05,False
2021-07-09 01:29:46.736736+00:00,0.00012870798293510957,False
2021-07-09 08:07:01.012224+00:00,-0.0009051156208366955,False
2021-07-09 19:42:10.919808+00:00,0.0003370785951713891,False
2021-07-10 03:58:43.760928+00:00,-0.00037796453466309586,False
2021-07-10 10:35:57.999264+00:00,0.0006081371252561554,False
2021-07-10 17:13:12.266976+00:00,0.00012248782156870815,False
2021-07-11 13:04:55.028640+00:00,-0.0003578829237953107,False
2021-07-11 18:02:50.725536+00:00,0.0006217637368462641,False
2021-07-12 12:15:14.956992+00:00,0.0006320871168921766,False
2021-07-12 17:13:10.645248+00:00,-0.00018928788735293365,False
2021-07-13 11:25:34.835232+00:00,-0.0015271346834923032,False
2021-07-13 16:23:30.524352+00:00,0.0007724128082917984,False
2021-07-14 20:31:46.147008+00:00,0.0008778039130126405,False
2021-07-15 08:06:56.118528+00:00,-0.00028761697776204795,False
2021-07-16 12:15:11.736864+00:00,0.0010901027115669286,False
2021-07-17 13:04:50.201472+00:00,-0.002005281743555712,False
2021-07-17 19:42:04.444128+00:00,0.000706323631622709,False
2021-07-17 19:42:04.444992+00:00,2.977701251315359e-12,False
2021-07-18 12:15:10.093536+00:00,0.0005550857727148275,False
2021-07-18 18:52:24.350880+00:00,-0.0007846312899892423,False
2021-07-18 23:50:20.025312+00:00,0.0007645143063154477,False
2021-07-19 18:02:44.250720+00:00,-0.0002751161551082026,False
2021-07-20 12:15:08.480448+00:00,0.0019131986092149216,False
2021-07-20 18:52:22.741248+00:00,-7.027372076257066e-05,False
2021-07-21 01:29:37.003776+00:00,0.0003137681294573208,False
2021-07-21 13:04:46.940736+00:00,-0.0009204668175130768,False
2021-07-21 19:42:01.198944+00:00,-1.8680258130017243e-05,False
2021-07-22 02:19:15.458880+00:00,0.0014370873019619195,False
2021-07-22 12:15:06.874272+00:00,-8.293121400780782e-05,False
2021-07-22 18:52:21.134208+00:00,0.0012064398160453532,False
2021-07-23 13:04:45.346656+00:00,-0.0025452604967419485,False
2021-07-23 19:41:59.591904+00:00,0.0010369994565902181,False
2021-07-24 12:15:05.267232+00:00,0.0005317196779163123,False
2021-07-24 23:50:15.207648+00:00,8.733244166623638e-05,False
2021-07-25 11:25:25.184352+00:00,-0.0012209233490676277,False
2021-07-25 18:02:39.420960+00:00,0.000275645351028759,False
2021-07-26 00:39:53.681760+00:00,0.0007649803579255976,False
2021-07-26 12:15:03.642912+00:00,-0.00023229419663493343,False
2021-07-27 01:29:32.137728+00:00,-0.0003057421517801012,False
2021-07-27 11:25:23.502144+00:00,-0.0009720092255723937,False
2021-07-27 18:02:37.749984+00:00,0.00017098798210795946,False
2021-07-28 02:19:10.566912+00:00,0.0010033941238833052,False
2021-07-28 08:56:24.850176+00:00,-0.00016848890608327355,False
2021-07-28 20:31:34.788000+00:00,0.0013032854764339844,False
2021-07-29 03:08:49.068672+00:00,-0.0012765805712633867,False
2021-07-29 11:25:21.848448+00:00,-0.00048645389845126225,False
2021-07-29 19:41:54.654144+00:00,0.0008123484618680837,False
2021-07-30 08:56:23.191296+00:00,1.4077804684651385e-05,False
2021-07-30 20:31:33.095424+00:00,0.0005779851272559409,False
2021-07-31 13:04:38.702496+00:00,-0.0018706518008107325,False
2021-07-31 18:02:34.382976+00:00,0.0007672845728047789,False
2021-08-01 00:39:48.646368+00:00,0.0012785645423284563,False
2021-08-01 12:14:58.608384+00:00,0.0008308779144259027,False
2021-08-01 17:12:54.304416+00:00,-0.0005437348746945085,False
2021-08-02 01:29:27.108384+00:00,0.00017046228334179525,False
2021-08-02 13:04:37.041888+00:00,-0.001016473289133457,False
2021-08-02 18:02:32.712864+00:00,0.0004881626651941017,False
2021-08-03 02:19:05.532384+00:00,0.0011457735715738892,False
2021-08-03 12:14:56.916672+00:00,1.7922351362844875e-05,False
2021-08-03 20:31:29.731872+00:00,0.00022639309641359355,False
2021-08-04 11:25:16.767264+00:00,-0.0020396301970540464,False
2021-08-04 18:02:30.995232+00:00,0.0002765483288870625,False
2021-08-05 12:14:55.211136+00:00,0.0021731831663124256,False
2021-08-05 17:12:50.901120+00:00,-0.0002350133308605036,False
2021-08-06 11:25:15.064320+00:00,-0.0013093751044575613,False
2021-08-06 18:02:29.275008+00:00,0.000875671068162344,False
2021-08-07 12:14:53.462400+00:00,0.0005760173455850903,False
2021-08-07 17:12:49.142016+00:00,-2.569571082500387e-05,False
2021-08-07 23:50:03.381216+00:00,0.00031016244596975906,False
2021-08-08 11:25:13.300896+00:00,-0.0014277269750341656,False
2021-08-08 16:23:08.971008+00:00,0.0002803820789759515,False
2021-08-09 02:19:00.330240+00:00,0.0014207981347313437,False
2021-08-09 12:14:51.712800+00:00,-0.00010086536446886281,False
2021-08-09 18:52:05.950272+00:00,0.0008199920591571291,False
2021-08-10 11:25:11.527104+00:00,-0.0015267738562693698,False
2021-08-10 18:02:25.758528+00:00,0.0004891651854705231,False
2021-08-11 12:14:49.932960+00:00,0.0007865527538098609,False
2021-08-11 17:12:45.603936+00:00,6.850178778832986e-05,False
2021-08-12 11:25:09.738624+00:00,-0.001508765008606352,False
2021-08-12 18:02:23.953632+00:00,0.0006169831151254096,False
2021-08-13 12:14:48.113376+00:00,0.0002758064570443738,False
2021-08-13 18:52:02.325792+00:00,0.0006193054195417813,False
2021-08-14 11:25:07.892256+00:00,-0.0017036488611190356,False
2021-08-14 16:23:03.548544+00:00,0.00019692377248921,False
2021-08-15 00:39:36.330048+00:00,0.0012954734449766988,False
2021-08-15 12:14:46.273920+00:00,-0.0002937941155835861,False
2021-08-15 18:52:00.483744+00:00,7.894476958757309e-05,False
2021-08-16 11:25:06.050208+00:00,-0.0004767117085408345,False
2021-08-16 18:02:20.270400+00:00,0.0002536212315166185,False
2021-08-17 12:14:44.431008+00:00,0.0016406068707146054,False
2021-08-17 17:12:40.084704+00:00,-5.071126152384148e-05,False
2021-08-18 13:04:22.743552+00:00,-0.0010862109973497132,False
2021-08-18 18:02:18.406752+00:00,0.0009240904158854398,False
2021-08-19 12:14:42.548352+00:00,0.0008659700173863538,False
2021-08-19 15:33:19.657152+00:00,0.00016469046436525425,False
2021-08-19 23:49:52.439520+00:00,0.00023686439554851561,False
2021-08-20 11:25:02.324640+00:00,-0.0012583424393122766,False
2021-08-20 18:02:16.534464+00:00,0.0007592891315180077,False
2021-08-21 00:39:30.763296+00:00,0.000657506298222146,False
2021-08-21 12:14:40.670880+00:00,0.0006541090987424433,False
2021-08-21 15:33:17.785728+00:00,0.00018594304771333192,False
2021-08-22 11:25:00.420384+00:00,-0.0019286855439073682,False
2021-08-22 16:22:56.074080+00:00,0.0005948971772894833,False
2021-08-23 12:14:38.746752+00:00,0.0012889122515436576,False
2021-08-23 18:51:52.965216+00:00,0.0004553522251771264,False
2021-08-24 11:24:58.485888+00:00,-0.0017042118540133095,False
2021-08-24 18:02:12.692256+00:00,0.0006675878732332163,False
2021-08-25 12:14:36.772512+00:00,-0.000158687317490759,False
2021-08-25 18:51:50.974560+00:00,0.00018448528615262503,False
2021-08-26 11:24:56.473632+00:00,-0.0013940402277478965,False
2021-08-26 18:02:10.683456+00:00,0.0002849560380532613,False
2021-08-27 12:14:34.791360+00:00,0.002704805957108534,False
2021-08-27 17:12:30.456288+00:00,0.0003457790766044015,False
2021-08-28 11:24:54.495936+00:00,-0.0025216869961350173,False
2021-08-28 18:02:08.683296+00:00,0.0005027333526558379,False
2021-08-29 12:14:32.791200+00:00,0.0010345551766132062,False
2021-08-29 18:51:46.968192+00:00,3.304119596996832e-05,False
2021-08-30 11:24:52.470720+00:00,-0.0011086943900167484,False
2021-08-30 18:02:06.654624+00:00,0.0002481838003759138,False
2021-08-31 00:39:20.847168+00:00,0.000789265571060318,False
2021-08-31 12:14:30.706368+00:00,0.0006000062366066169,False
2021-08-31 18:51:44.908416+00:00,0.00038482109668595377,False
2021-09-01 11:24:50.393664+00:00,-0.0010833280079055796,False
2021-09-01 18:02:04.587072+00:00,0.00019252600127069914,False
2021-09-02 12:14:28.626720+00:00,0.0015611306950718586,False
2021-09-02 18:51:42.834816+00:00,0.0005217205466072544,False
2021-09-03 13:04:06.845952+00:00,-0.002164417500116682,False
2021-09-03 19:41:21.014304+00:00,0.0007247352776418609,False
2021-09-04 07:16:30.914976+00:00,0.0011397726797610249,False
2021-09-04 20:30:59.272416+00:00,0.0012846023301985908,False
2021-09-05 11:24:46.198944+00:00,-0.0016390995137284406,False
2021-09-05 18:02:00.368160+00:00,0.0005939929328586465,False
2021-09-06 00:39:14.571936+00:00,0.000854702977571336,False
2021-09-06 12:14:24.403488+00:00,-0.00021949336541985553,False
2021-09-06 15:33:01.494144+00:00,0.00011108172188986419,False
2021-09-07 11:24:44.066592+00:00,-0.0011751607051253459,False
2021-09-07 18:01:58.234944+00:00,0.0004779826557971602,False
2021-09-08 12:14:22.261632+00:00,0.0014605799121408807,False
2021-09-08 15:32:59.354016+00:00,-0.00014261229259908333,False
2021-09-09 11:24:41.916096+00:00,-0.0007720431165576466,False
2021-09-09 18:01:56.093088+00:00,0.0006043264332299977,False
2021-09-10 12:14:20.094720+00:00,0.00034373654767572945,False
2021-09-10 18:51:34.276032+00:00,-0.0001783263881216245,False
2021-09-11 11:24:39.712032+00:00,-0.0013651591115748625,False
2021-09-11 18:01:53.879520+00:00,0.00045970946816747954,False
2021-09-12 00:39:08.066016+00:00,0.0009475768373004591,False
2021-09-12 12:14:17.872512+00:00,-0.0009065843248902335,False
2021-09-12 17:12:13.503744+00:00,0.00022521250331428844,False
2021-09-13 11:24:37.501056+00:00,1.9915838864905506e-05,False
2021-09-13 18:01:51.677184+00:00,0.0005879985841622339,False
2021-09-14 10:34:57.041472+00:00,-0.001657222019258694,False
2021-09-14 15:32:52.662336+00:00,0.00018976485308537874,False
2021-09-15 11:24:35.237376+00:00,0.0013861905394814337,False
2021-09-15 18:01:49.389312+00:00,0.0003145051651149724,False
2021-09-16 12:14:13.377984+00:00,0.0017331701498515995,False
2021-09-16 17:12:09.019584+00:00,-0.000511319590154888,False
2021-09-17 01:28:41.725920+00:00,0.0001905462100545948,False
2021-09-17 11:24:32.967648+00:00,-0.0015736095900416676,False
2021-09-17 18:01:47.119584+00:00,0.001232721704601831,False
2021-09-18 12:14:11.135040+00:00,0.0015765536490852236,False
2021-09-18 17:12:06.768864+00:00,-0.0004066393856446478,False
2021-09-19 11:24:30.762720+00:00,-0.00031675626660922093,False
2021-09-19 18:01:44.937984+00:00,0.0010075285728057323,False
2021-09-20 12:14:08.924928+00:00,0.00022092961100872292,False
2021-09-20 18:51:23.100192+00:00,-0.00027394384614821526,False
2021-09-21 11:24:28.525824+00:00,-0.0009588860380679613,False
2021-09-21 18:01:42.688992+00:00,0.000898100979626109,False
2021-09-22 00:38:56.876352+00:00,0.0007739564989638135,False
2021-09-22 12:14:06.679392+00:00,-0.0006335918891232572,False
2021-09-22 17:12:02.295936+00:00,0.0002848465585295981,False
2021-09-23 01:28:35.009184+00:00,-0.00016420237271046184,False
2021-09-23 11:24:26.275104+00:00,-0.0006426454180072696,False
2021-09-23 18:01:40.425312+00:00,0.0007422491383259923,False
2021-09-24 12:14:04.407936+00:00,0.0004434328707178083,False
2021-09-24 20:30:37.132416+00:00,0.0006815408141738435,False
2021-09-25 01:28:32.776608+00:00,-0.0010670293104488645,False
2021-09-25 19:40:56.695296+00:00,-0.00022671887019579752,False
2021-09-26 02:18:10.886112+00:00,7.258871000905313e-05,False
2021-09-26 13:53:20.679648+00:00,4.64091466789318e-05,False
2021-09-26 20:30:34.842816+00:00,0.0006490652023369962,False
2021-09-27 08:05:44.651904+00:00,-0.0007052992492665154,False
2021-09-27 13:03:40.273632+00:00,-0.0004989250132790885,False
2021-09-27 18:01:35.879808+00:00,0.0010234643359579253,False
2021-09-28 12:13:59.788992+00:00,-0.0006145951645227638,False
2021-09-28 18:51:13.960800+00:00,0.0013700182727802237,False
2021-09-29 13:03:37.928736+00:00,-0.0008480795297949209,False
2021-09-30 02:18:06.274080+00:00,0.0017572193872444014,False
2021-09-30 12:13:57.527904+00:00,-0.0007215397815783614,False
2021-10-01 08:05:40.023456+00:00,-0.0007394382054315761,False
2021-10-01 13:03:35.615808+00:00,-0.00017862251404191702,False
2021-10-01 19:40:49.777248+00:00,0.0009940097846679943,False
2021-10-02 02:18:03.966336+00:00,0.0012298154805222075,False
2021-10-02 18:51:09.377280+00:00,-0.00048448854848456846,False
2021-10-03 13:03:33.340896+00:00,-0.0006886293657150731,False
2021-10-03 19:40:47.498016+00:00,0.0004197491275379719,False
2021-10-04 12:13:52.942656+00:00,0.0003714316521720452,False
2021-10-04 18:51:07.094592+00:00,0.0004615072313986058,False
2021-10-05 01:28:21.269856+00:00,-0.0006787591366030117,False
2021-10-05 13:03:31.032288+00:00,-0.0006161046911238361,False
2021-10-05 19:40:45.195456+00:00,0.0003863713895141775,False
2021-10-06 02:17:59.371584+00:00,0.0017192999474917785,False
2021-10-06 12:13:50.646144+00:00,-0.00040882052922466795,False
2021-10-06 18:51:04.808448+00:00,0.0010568351276574138,False
2021-10-07 13:03:28.752192+00:00,-0.0020487723854129758,False
2021-10-07 19:40:42.911904+00:00,0.0007068268182411162,False
2021-10-08 13:53:06.883296+00:00,-0.0001605871126999689,False
2021-10-08 20:30:21.027456+00:00,0.0009759568759512691,False
2021-10-09 03:07:35.216544+00:00,-0.0010195535381000318,False
2021-10-09 19:40:40.581696+00:00,-0.0001840418070347934,False
2021-10-10 02:17:54.761280+00:00,0.001080235998124473,False
2021-10-10 12:13:46.016832+00:00,-0.0003807633152576617,False
2021-10-10 17:11:41.632512+00:00,-0.00021019666208107324,False
2021-10-11 11:24:05.569344+00:00,-0.0006677690972956169,False
2021-10-11 16:22:01.187616+00:00,0.00032009166775566277,False
2021-10-12 12:13:43.677984+00:00,0.0005672897243965026,False
2021-10-12 17:11:39.285888+00:00,0.00012316605316056134,False
2021-10-13 11:24:03.221856+00:00,-0.0008461666397326915,False
2021-10-13 16:21:58.839264+00:00,0.0004596244989536576,False
2021-10-14 12:13:41.294208+00:00,8.020375807011654e-05,False
2021-10-14 18:50:55.452192+00:00,0.0002065613960700015,False
2021-10-15 11:24:00.864864+00:00,-0.0003208445909673343,False
2021-10-15 18:01:15.026304+00:00,0.0011244588423155132,False
2021-10-16 00:38:29.206752+00:00,0.001477601898541423,False
2021-10-16 05:36:24.869088+00:00,-0.0002881741961155177,False
2021-10-16 12:13:39.017568+00:00,7.899462603070721e-05,False
2021-10-17 04:46:44.462208+00:00,-8.204610174883522e-05,False
2021-10-17 21:19:49.819584+00:00,0.0013270027566725075,False
2021-10-18 08:54:59.636448+00:00,-0.0008320786242309842,False
2021-10-18 12:13:36.710688+00:00,-0.00021461082893944406,False
2021-10-18 18:50:50.870400+00:00,-0.00030253787993135756,False
2021-10-19 11:23:56.255424+00:00,-0.0015117067422769886,False
2021-10-19 18:01:10.425504+00:00,0.00040941109938343436,False
2021-10-20 12:13:34.400352+00:00,0.001080998465364491,False
2021-10-20 18:50:48.554880+00:00,0.0003269868607648055,False
2021-10-21 11:23:53.980512+00:00,-0.0002600049851385146,False
2021-10-21 16:21:49.593600+00:00,0.00041235033479730606,False
2021-10-22 00:38:22.298208+00:00,0.001872919238049554,False
2021-10-22 12:13:32.130624+00:00,-0.0005633120986800634,False
2021-10-22 18:50:46.289472+00:00,-0.00022886955937908662,False
2021-10-23 06:25:56.109792+00:00,-0.0011902121941551522,False
2021-10-23 11:23:51.685728+00:00,-0.000737290458207358,False
2021-10-23 18:01:05.833344+00:00,0.0009120786110038642,False
2021-10-24 08:54:52.762464+00:00,0.0010015435261896098,False
2021-10-24 18:50:43.985184+00:00,0.00027123255068873425,False
2021-10-25 06:25:53.776128+00:00,-0.0022220174750672336,False
2021-10-26 00:38:17.680992+00:00,0.0020472544827813063,False
2021-10-26 12:13:27.498720+00:00,0.00037933964551158605,False
2021-10-27 01:27:55.846656+00:00,4.35989642783843e-06,False
2021-10-27 13:03:05.606496+00:00,-0.0013983033635451194,False
2021-10-28 03:56:52.492416+00:00,0.001962011322502837,False
2021-10-28 12:13:25.189248+00:00,-0.00016108123815811499,False
2021-10-28 18:50:39.351552+00:00,0.0003891633934963656,False
2021-10-29 08:05:07.690848+00:00,-0.0019678675318933816,False
2021-10-29 13:03:03.265056+00:00,-0.0007622394449314403,False
2021-10-29 19:40:17.404032+00:00,-0.00012388890629911906,False
2021-10-30 12:13:22.852128+00:00,0.002649861083656432,False
2021-10-30 18:50:37.007520+00:00,0.0014562616045801034,False
2021-10-31 13:03:00.987552+00:00,-0.0017847172112210763,False
2021-10-31 19:40:15.108384+00:00,-0.00045883987101267177,False
2021-11-01 12:13:20.528832+00:00,0.0016879699326272403,False
2021-11-01 18:50:34.683360+00:00,0.0008295303508000306,False
2021-11-02 01:27:48.864672+00:00,-0.0013004757306322638,False
2021-11-02 11:23:40.065792+00:00,-0.0017983414378040258,False
2021-11-02 18:00:54.194400+00:00,0.0006424958973168882,False
2021-11-03 12:13:18.132960+00:00,0.0007044395869181556,False
2021-11-03 17:11:13.742592+00:00,-0.0004982469939258858,False
2021-11-04 11:23:37.638816+00:00,-0.0002583216355845176,False
2021-11-04 16:21:33.245856+00:00,8.357890166771199e-05,False
2021-11-05 12:13:15.706848+00:00,0.0008230852568993602,False
2021-11-05 17:11:11.317344+00:00,-0.0003977055368069986,False
2021-11-06 06:25:39.631584+00:00,-0.0011242722814492042,False
2021-11-06 11:23:35.180736+00:00,-0.0007441930002441516,False
2021-11-06 18:00:49.298976+00:00,0.0007711902944363674,False
2021-11-07 12:13:13.171872+00:00,-0.00130554449173805,False
2021-11-07 18:50:27.295296+00:00,0.001081145615837304,False
2021-11-08 11:23:32.662176+00:00,-0.0015793029710912613,False
2021-11-08 18:00:46.757088+00:00,0.00040913954239104347,False
2021-11-09 02:17:19.421088+00:00,0.0007996393219221649,False
2021-11-09 12:13:10.625664+00:00,-0.0004098765313610834,False
2021-11-09 18:50:24.750816+00:00,0.0013858576893132878,False
2021-11-10 01:27:38.913120+00:00,-0.00011202711012762295,False
2021-11-10 08:04:53.058144+00:00,-0.00047503368479061503,False
2021-11-10 19:40:02.751456+00:00,4.266379222760315e-05,False
2021-11-11 12:13:08.102784+00:00,0.0007409583030046811,False
2021-11-11 17:11:03.696000+00:00,3.915698409537083e-05,False
2021-11-12 11:23:27.547296+00:00,-0.0009323962473481377,False
2021-11-12 18:00:41.661216+00:00,0.0008672472908115451,False
2021-11-13 12:13:05.532384+00:00,0.0006678828476753126,False
2021-11-13 17:11:01.139424+00:00,-9.679731025821708e-05,False
2021-11-14 01:27:33.793056+00:00,0.0006788689521945904,False
2021-11-14 11:23:25.009728+00:00,-0.0008262827242774704,False
2021-11-14 18:00:39.109824+00:00,0.0006743186031786278,False
2021-11-15 12:13:02.986176+00:00,0.000604941900897375,False
2021-11-15 17:10:58.575072+00:00,-7.596326980230313e-06,False
2021-11-16 13:02:40.929792+00:00,-0.0012095164804661752,False
2021-11-16 19:39:55.035936+00:00,0.00041316036826706906,False
2021-11-17 12:13:00.363936+00:00,0.0008181051684393992,False
2021-11-17 18:50:14.486496+00:00,0.0007282733303656558,False
2021-11-18 01:27:28.624608+00:00,0.00036114143248800465,False
2021-11-18 11:23:19.800672+00:00,-0.001649659746240162,False
2021-11-18 19:39:52.424928+00:00,0.0008144245682192163,False
2021-11-19 07:15:02.176992+00:00,0.0004321112379504491,False
2021-11-19 12:12:57.753792+00:00,0.00028514191561843934,False
2021-11-19 18:50:11.877216+00:00,-0.0002338883270892144,False
2021-11-20 09:43:58.687104+00:00,8.035658634071834e-05,False
2021-11-20 13:02:35.706048+00:00,-0.00020644055469345597,False
2021-11-20 19:39:49.812192+00:00,0.0010825862190718787,False
2021-11-21 10:33:36.593568+00:00,-0.0008089860242218742,False
2021-11-21 22:08:46.291200+00:00,0.0014999892584793323,False
2021-11-22 09:43:56.010432+00:00,-0.001456861612341837,False
2021-11-22 16:21:10.107936+00:00,0.0003002621488612842,False
2021-11-23 12:12:52.469568+00:00,0.0007428545456214562,False
2021-11-23 18:50:06.583488+00:00,0.0008182624230278524,False
2021-11-24 01:27:20.713824+00:00,-0.0007908813055941398,False
2021-11-24 06:25:16.294944+00:00,-0.0010351621878631533,False
2021-11-24 21:19:02.997696+00:00,0.0016484886244096842,False
2021-11-25 03:56:17.156544+00:00,-0.0013500937156706674,False
2021-11-25 08:54:12.700512+00:00,-8.768153202837312e-05,False
2021-11-25 17:10:45.328224+00:00,5.979406203491657e-05,False
2021-11-26 13:02:27.653568+00:00,0.00022479441630021094,False
2021-11-26 18:00:23.221728+00:00,0.000989162741125578,False
2021-11-27 12:12:47.013408+00:00,-1.0580388874287965e-05,False
2021-11-27 18:50:01.106592+00:00,-5.7983195678924104e-05,False
2021-11-28 13:02:24.874944+00:00,-0.0009358606847228157,False
2021-11-28 19:39:38.962944+00:00,0.0005545078484992775,False
2021-11-29 12:12:44.220096+00:00,0.0006494456931421088,False
2021-11-29 17:10:39.794304+00:00,-3.749046721678872e-05,False
2021-11-30 01:27:12.411648+00:00,0.0001615497840517722,False
2021-11-30 06:25:08.001408+00:00,-0.0010714084328693242,False
2021-11-30 19:39:36.150624+00:00,0.0012369194590607516,False
2021-12-01 02:16:50.269728+00:00,0.00023505741129183912,False
2021-12-01 12:12:41.409504+00:00,-1.0606964201696268e-06,False
2021-12-01 18:49:55.498368+00:00,0.000966726985628585,False
2021-12-02 11:23:00.732192+00:00,-0.0010656217373297226,False
2021-12-02 18:00:14.809824+00:00,0.0012861975571608084,False
2021-12-03 12:12:38.562624+00:00,-6.207844631121631e-05,False
2021-12-03 17:10:34.116096+00:00,-4.1880159145633194e-05,False
2021-12-04 03:06:25.240320+00:00,-0.00036867666413626965,False
2021-12-04 19:39:30.405888+00:00,-0.0010701442408314334,False
2021-12-05 12:12:35.637984+00:00,0.0009454630177500359,False
2021-12-05 18:49:49.706976+00:00,6.81384075527144e-05,False
2021-12-05 23:47:45.261312+00:00,0.0003703921368080974,False
2021-12-06 11:22:54.895872+00:00,-0.0008418735142220976,False
2021-12-06 16:20:50.437248+00:00,-2.1283624403928728e-05,False
2021-12-07 02:16:41.537280+00:00,0.0011483557473768963,False
2021-12-07 12:12:32.643360+00:00,-0.0004319090576684532,False
2021-12-07 17:10:28.195968+00:00,-3.86497077321354e-06,False
2021-12-08 11:22:51.893472+00:00,-0.0006469840335839275,False
2021-12-08 18:00:05.936544+00:00,0.0007321543541120024,False
2021-12-09 12:12:29.615904+00:00,-0.0003555996302225191,False
2021-12-09 17:10:25.149504+00:00,-0.000154275949853836,False
2021-12-10 11:22:48.817632+00:00,-0.00011767857180547934,False
2021-12-10 16:20:44.351232+00:00,0.0002735865457296952,False
2021-12-11 12:12:26.541792+00:00,0.000490634723676563,False
2021-12-11 18:49:40.584864+00:00,0.00026935975649527874,False
2021-12-12 09:43:27.250464+00:00,0.0009985943882001383,False
2021-12-12 21:18:36.821088+00:00,0.0009184277269935609,False
2021-12-13 08:53:46.440960+00:00,-0.0006680452188744747,False
2021-12-13 20:28:56.021952+00:00,0.0009262844218412503,False
2021-12-14 03:06:10.105632+00:00,-0.0006464853465685299,False
2021-12-14 09:43:24.152160+00:00,-0.0006052117225544074,False
2021-12-14 19:39:15.190848+00:00,0.0013223963972344025,False
2021-12-15 12:12:20.330496+00:00,-0.0007974288731777934,False
2021-12-15 18:49:34.375296+00:00,0.0007268833146148533,False
2021-12-16 11:22:39.502848+00:00,-0.0006448561007809631,False
2021-12-16 17:59:53.532960+00:00,0.0006349542599977403,False
2021-12-17 02:16:26.089824+00:00,0.0011373142894737516,False
2021-12-17 17:10:12.698400+00:00,-0.00029225647965917546,False
2021-12-18 11:22:36.300864+00:00,-0.0010654769738609481,False
2021-12-18 16:20:31.814592+00:00,0.0005965314910164095,False
2021-12-19 12:12:13.961952+00:00,0.001197380890287814,False
2021-12-19 18:49:27.994656+00:00,0.0001876317621827919,False
2021-12-20 11:22:33.060864+00:00,-0.0012217930259018788,False
2021-12-20 17:59:47.079744+00:00,0.00038181666538151496,False
2021-12-21 02:16:19.614144+00:00,0.0005509773490707879,False
2021-12-21 12:12:10.662336+00:00,-0.000476240792238216,False
2021-12-21 18:49:24.678624+00:00,0.00015220587847845468,False
2021-12-22 11:22:29.712864+00:00,-0.0019742825188116897,False
2021-12-22 17:59:43.707552+00:00,0.00037687701437052535,False
2021-12-23 12:12:07.236576+00:00,0.0005584134316377846,False
2021-12-23 18:49:21.243360+00:00,-0.00035543429136249594,False
2021-12-24 13:01:44.743008+00:00,-0.0008758614594059414,False
2021-12-24 19:38:58.726464+00:00,0.0006710179463644264,False
2021-12-25 12:12:03.739104+00:00,0.00046112427797455596,False
2021-12-25 18:49:17.733792+00:00,0.0007088397953178068,False
2021-12-26 03:05:50.243136+00:00,-1.764912771334815e-05,False
2021-12-26 09:43:04.251648+00:00,-0.0008624564139964109,False
2021-12-26 17:59:36.710016+00:00,-3.3128697047139733e-05,False
2021-12-27 12:12:00.179424+00:00,0.00025609217829032584,False
2021-12-27 17:09:55.660320+00:00,0.0001551742317031359,False
2021-12-28 11:22:19.124544+00:00,-0.0006358869885926921,False
2021-12-28 17:59:33.095904+00:00,0.0005798409055825402,False
2021-12-29 12:11:56.542848+00:00,0.00023414466518485158,False
2021-12-29 18:49:10.528032+00:00,0.0009866500886531078,False
2021-12-30 08:03:38.506176+00:00,-0.0013670438543798215,False
2021-12-30 19:38:47.915232+00:00,0.0009107700820137603,False
2021-12-31 12:11:52.875168+00:00,-2.6131843763684828e-05,False
2021-12-31 18:49:06.834432+00:00,-8.234192712893172e-06,False
2022-01-01 01:26:20.796288+00:00,0.0007451197618495661,False
2022-01-01 13:01:30.252000+00:00,-0.0007667856829642738,False
2022-01-01 19:38:44.211264+00:00,0.0002653744064400631,False
2022-01-02 10:32:30.678144+00:00,0.0010620898457793819,False
2022-01-02 20:28:21.604512+00:00,0.0010079574901995744,False
2022-01-03 09:42:49.570560+00:00,-0.0011926459642154646,False
2022-01-03 21:17:58.946784+00:00,0.0002970987099990599,False
2022-01-04 10:32:26.872224+00:00,-0.0004199872315635586,False
2022-01-04 20:28:17.811552+00:00,0.0012316223109823312,False
2022-01-05 04:44:50.294976+00:00,-0.0012335255249962087,False
2022-01-05 09:42:45.741312+00:00,-0.0006290167040635746,False
2022-01-05 19:38:36.639168+00:00,0.0012697603960993115,False
2022-01-06 07:13:46.091424+00:00,-0.0002775650834928051,False
2022-01-06 12:11:41.542944+00:00,0.00014401386058027546,False
2022-01-06 18:48:55.497024+00:00,0.00014645536746955165,False
2022-01-07 11:22:00.341184+00:00,-0.0012713651576996103,False
2022-01-07 19:38:32.771040+00:00,0.0006821696272235917,False
2022-01-08 13:50:56.154048+00:00,0.000494745758110205,False
2022-01-08 18:48:51.612480+00:00,0.0010708097475913146,False
2022-01-09 06:24:01.019808+00:00,-0.0007097460001942202,False
2022-01-09 11:21:56.475648+00:00,-0.0003881607641893092,False
2022-01-09 17:59:10.412448+00:00,0.00043760109673345125,False
2022-01-10 12:11:33.802368+00:00,0.001326571681806958,False
2022-01-10 17:09:29.247840+00:00,4.550899206789857e-05,False
2022-01-11 13:01:11.055648+00:00,-0.0016617827452878914,False
2022-01-11 17:59:06.499392+00:00,0.0005284425166615607,False
2022-01-12 12:11:29.850432+00:00,0.0009825520253546527,False
2022-01-13 01:25:57.774144+00:00,0.0006803924544234761,False
2022-01-13 11:21:48.654720+00:00,-0.0006156152849482413,False
2022-01-13 17:59:02.589792+00:00,0.0011209315176622695,False
2022-01-14 12:11:25.983168+00:00,0.001232129870690459,False
2022-01-14 18:48:39.916512+00:00,0.00023297190697251603,False
2022-01-15 11:21:44.733888+00:00,-0.002366713296527886,False
2022-01-15 17:58:58.642176+00:00,0.0007708158881007546,False
2022-01-16 12:11:21.974208+00:00,0.00013860005485750982,False
2022-01-16 17:09:17.421408+00:00,-3.247777839334381e-05,False
2022-01-17 01:25:49.830528+00:00,-0.0002088511023207329,False
2022-01-17 11:21:40.722336+00:00,-0.0011477785809116384,False
2022-01-17 16:19:36.151392+00:00,0.0008088562439785641,False
2022-01-18 12:11:17.968704+00:00,0.0013896945506217495,False
2022-01-18 18:48:31.904640+00:00,0.0003472574668090016,False
2022-01-19 11:21:36.675360+00:00,-0.0023684475290746214,False
2022-01-19 16:19:32.092320+00:00,0.0002273419422857269,False
2022-01-20 12:11:13.861248+00:00,0.0012392963869126913,False
2022-01-20 17:09:09.308448+00:00,0.0005654003719935585,False
2022-01-21 13:00:51.054048+00:00,-0.0019840525454214546,False
2022-01-21 19:38:04.939872+00:00,0.0008486149624838476,False
2022-01-22 12:11:09.753792+00:00,0.001709908480992835,False
2022-01-22 18:48:23.676768+00:00,-0.000380901741642766,False
2022-01-23 01:25:37.581600+00:00,0.0001412566284753844,False
2022-01-23 08:02:51.520128+00:00,-0.0015149603255783623,False
2022-01-23 19:38:00.782304+00:00,0.0006246592527997471,False
2022-01-24 02:15:14.728608+00:00,-4.592424899553163e-06,False
2022-01-24 08:52:28.644672+00:00,0.00040805587763081085,False
2022-01-24 20:27:37.976832+00:00,0.0009786609287098316,False
2022-01-25 11:21:24.267456+00:00,-0.0016958330436626827,False
2022-01-25 17:58:38.168832+00:00,0.0005363475933122829,False
2022-01-26 12:11:01.442976+00:00,0.0010841019833215649,False
2022-01-26 18:48:15.351264+00:00,0.00022999815355330714,False
2022-01-27 13:31:23.184192+00:00,-0.0013565134853145925,False
2022-01-27 17:58:33.992256+00:00,0.0013384722525298161,False
2022-01-28 02:15:06.412608+00:00,0.0005315713420107465,False
2022-01-28 12:10:57.268992+00:00,-0.000234684606403743,False
2022-01-28 18:48:11.177280+00:00,3.082302077463166e-05,False
2022-01-29 11:21:15.919488+00:00,-0.0012769938016651931,False
2022-01-29 17:58:29.806176+00:00,0.0011906512387220801,False
2022-01-30 08:52:16.142592+00:00,0.0008903597455564813,False
2022-01-30 20:27:25.447968+00:00,0.0010672048423319815,False
2022-01-31 13:00:30.208320+00:00,-0.0016778438462891664,False
2022-01-31 19:37:44.090688+00:00,0.001037040870096683,False
2022-02-01 00:35:39.541344+00:00,0.0008592598141865554,False
2022-02-01 12:10:48.862272+00:00,-0.0005655214330496024,False
2022-02-01 17:08:44.282688+00:00,-0.00016356803156335819,False
2022-02-02 01:25:16.651200+00:00,0.00010754166759722826,False
2022-02-02 11:21:07.510176+00:00,-0.0011090815293039464,False
2022-02-02 17:58:21.385632+00:00,0.0004677027377178785,False
2022-02-03 02:14:53.758464+00:00,0.0007244486145430822,False
2022-02-03 10:31:26.160672+00:00,-0.00023594634953826553,False
2022-02-03 20:27:16.967808+00:00,0.0010760605362755949,False
2022-02-04 03:04:30.899424+00:00,-0.0014262425328498468,False
2022-02-04 09:41:44.766240+00:00,-0.0003005204426416916,False
2022-02-04 19:37:35.568192+00:00,0.0006054312575334703,False
2022-02-05 12:10:40.309536+00:00,0.00020924345245608704,False
2022-02-06 11:20:58.886592+00:00,-0.0018669376208842441,False
2022-02-06 19:37:31.215360+00:00,0.0002531651813672714,False
2022-02-07 10:31:17.477472+00:00,0.0006833501567972069,False
2022-02-07 17:08:31.333920+00:00,0.0004056323223896538,False
2022-02-08 01:25:03.676512+00:00,-0.0002967809192913639,False
2022-02-08 11:20:54.482784+00:00,-0.0008706008948738046,False
2022-02-08 17:58:08.343552+00:00,0.0008024981668077989,False
2022-02-09 02:14:40.695648+00:00,0.0011639670926022704,False
2022-02-09 12:10:31.524384+00:00,-0.0003439909912656235,False
2022-02-10 11:20:50.083296+00:00,-0.000861839822637708,False
2022-02-10 17:58:03.937152+00:00,0.0011705905695350441,False
2022-02-11 12:10:27.123168+00:00,0.0008715094390223059,False
2022-02-11 18:47:40.997760+00:00,0.0010621559724453586,False
2022-02-12 13:00:04.118112+00:00,-0.0034044143312618835,False
2022-02-12 19:37:17.955552+00:00,0.001643213440652059,False
2022-02-13 10:31:04.203840+00:00,-0.0004464667370348256,False
2022-02-13 20:26:54.954816+00:00,0.00019787943901029744,False
2022-02-14 12:59:59.603712+00:00,-0.002127491774624045,False
2022-02-14 19:37:13.447200+00:00,0.001055129383894279,False
2022-02-15 02:14:27.333024+00:00,0.0004799449442933691,False
2022-02-15 12:10:18.101280+00:00,-0.0006525313250436158,False
2022-02-15 18:47:31.956864+00:00,0.0011561946354185417,False
2022-02-16 11:20:36.599712+00:00,-0.0015244901731196405,False
2022-02-16 17:57:50.441472+00:00,-7.471020611704289e-05,False
2022-02-17 12:10:13.568736+00:00,0.002047550693206474,False
2022-02-17 18:47:27.433824+00:00,-0.00021858391782713483,False
2022-02-18 11:20:32.059392+00:00,-0.0014181890658282775,False
2022-02-18 17:57:45.893376+00:00,0.0009753378883713971,False
2022-02-19 12:10:09.005952+00:00,0.000116250016915597,False
2022-02-19 18:47:22.855488+00:00,0.00016168731967683588,False
2022-02-20 06:22:32.103840+00:00,-0.0011210002958498965,False
2022-02-20 19:36:59.770080+00:00,0.0006408501479237855,False
2022-02-21 18:47:18.233952+00:00,0.0005336614201541356,False
2022-02-22 01:24:32.104224+00:00,-0.0010490965091210385,False
2022-02-22 11:20:22.855200+00:00,-0.00041500414515829355,False
2022-02-22 17:57:36.684864+00:00,0.0002053507503092049,False
2022-02-23 02:14:08.985984+00:00,0.0011843444544223124,False
2022-02-23 05:50:26.997792+00:00,-0.00044077780425791975,False
2022-02-23 12:09:59.772384+00:00,0.0004969971639161529,False
2022-02-23 17:07:55.153920+00:00,4.398444725640848e-05,False
2022-02-24 12:59:36.673152+00:00,-0.001168654953064818,False
2022-02-24 19:36:50.501952+00:00,0.0006038580514714712,False
2022-02-24 22:55:27.437952+00:00,0.0012200945401808347,False
2022-02-25 12:09:55.132704+00:00,-0.0006117108201666218,False
2022-02-25 18:47:08.965824+00:00,0.0006449958565050847,False
2022-02-26 04:42:59.745312+00:00,-0.0010914004496053319,False
2022-02-26 11:20:13.561152+00:00,-6.325473787918362e-05,False
2022-02-26 21:16:04.319040+00:00,0.00189196695511475,False
2022-02-27 12:09:50.487840+00:00,-0.0006014616417271445,False
2022-02-27 18:47:04.315776+00:00,-8.504479257865748e-05,False
2022-02-28 11:20:08.911968+00:00,-0.000490118160810829,False
2022-02-28 19:36:41.200128+00:00,0.0003262016026270723,False
2022-03-01 13:49:04.292832+00:00,0.0010667360702523365,False
2022-03-01 18:46:59.656224+00:00,0.000791576926302955,False
2022-03-02 01:24:13.515264+00:00,-0.0010651031977944227,False
2022-03-02 12:59:22.691904+00:00,-0.0014751006272877441,False
2022-03-02 17:57:18.050976+00:00,0.0008958690933080997,False
2022-03-03 12:09:41.109120+00:00,0.00045089437132141196,False
2022-03-03 18:46:54.943968+00:00,-0.0003922092353330747,False
2022-03-04 11:19:59.522016+00:00,-9.473378362175803e-05,False
2022-03-04 17:57:13.346496+00:00,0.0008919257549119857,False
2022-03-05 00:34:27.188256+00:00,0.0005694133821803444,False
2022-03-05 12:09:36.400320+00:00,-6.170323402150842e-05,False
2022-03-05 18:46:50.229120+00:00,0.0009031982617261894,False
2022-03-06 06:21:59.443776+00:00,-0.0015860882647117983,False
2022-03-06 16:17:50.148960+00:00,-0.00020064133266598503,False
2022-03-07 02:13:40.866240+00:00,0.0005976103267910041,False
2022-03-07 12:09:31.600800+00:00,-0.00043794409610096064,False
2022-03-07 17:07:26.957280+00:00,-0.00013503155997334775,False
2022-03-08 11:19:49.957536+00:00,-0.0008617508934322332,False
2022-03-08 17:57:03.752640+00:00,6.103784374329353e-05,False
2022-03-09 12:09:26.745120+00:00,0.0007167561116584108,False
2022-03-09 18:46:40.549728+00:00,-5.650167371808838e-05,False
2022-03-10 11:19:45.085440+00:00,-0.00022938420329582767,False
2022-03-10 17:56:58.874496+00:00,0.0002332071992426142,False
2022-03-11 12:09:21.866976+00:00,0.0015294553030712984,False
2022-03-11 17:07:17.216544+00:00,0.0001725614097511487,False
2022-03-12 01:23:49.471872+00:00,0.000422344091246425,False
2022-03-12 11:19:40.171008+00:00,-0.0016848718216475348,False
2022-03-12 17:56:53.938464+00:00,0.001319971459349119,False
2022-03-13 02:13:26.211072+00:00,-8.43028232488124e-05,False
2022-03-13 13:48:35.337600+00:00,-0.0008597653472790616,False
2022-03-13 18:46:30.664704+00:00,0.0008130157569205983,False
2022-03-14 08:00:58.266144+00:00,-0.0005301396235417347,False
2022-03-14 12:58:53.586336+00:00,-0.0011403824311146818,False
2022-03-14 19:36:07.334784+00:00,0.0005697175195461056,False
2022-03-15 12:09:11.800512+00:00,0.00035643007135255757,False
2022-03-15 18:46:25.570560+00:00,0.0007098536103367396,False
2022-03-16 12:58:48.447264+00:00,-0.0015384786219081118,False
2022-03-16 19:36:02.209536+00:00,0.00013335349030794427,False
2022-03-17 12:09:06.659712+00:00,0.0011451620390411092,False
2022-03-17 18:46:20.430624+00:00,-0.0005188115265208433,False
2022-03-18 06:21:29.546784+00:00,-0.00038814602148920903,False
2022-03-18 11:19:24.835872+00:00,-0.00014998904904927262,False
2022-03-18 17:56:38.590368+00:00,4.70117426984505e-07,False
2022-03-19 12:09:01.454976+00:00,0.0009382819656674593,False
2022-03-19 18:46:15.207744+00:00,0.0013114405106487068,False
2022-03-20 06:21:24.334272+00:00,-0.0008373117288700168,False
2022-03-20 19:35:51.815616+00:00,0.0006277089657744144,False
2022-03-21 12:08:56.227776+00:00,4.1093241395006815e-05,False
2022-03-21 17:06:51.546240+00:00,-0.0001380171638561823,False
2022-03-22 03:02:42.174528+00:00,8.82562571990633e-05,False
2022-03-22 08:00:37.512000+00:00,-0.0006802072663934551,False
2022-03-22 21:15:04.970880+00:00,0.001724062291794562,False
2022-03-23 03:52:18.786720+00:00,-0.0015012430796357817,False
2022-03-23 10:29:32.487648+00:00,0.0002618855824775191,False
2022-03-23 22:04:41.532960+00:00,0.0007647093802395236,False
2022-03-24 04:41:55.326336+00:00,-0.0004327811782229255,False
2022-03-24 09:39:50.620608+00:00,-0.0004829898029945076,False
2022-03-24 19:35:41.183232+00:00,0.0002960020122771081,False
2022-03-25 07:10:50.270880+00:00,-0.0001277926490683616,False
2022-03-25 12:08:45.540096+00:00,8.745217784595049e-05,False
2022-03-25 18:45:59.267808+00:00,0.0009539398873265331,False
2022-03-26 11:19:03.616896+00:00,-0.0008238459306988372,False
2022-03-26 17:56:17.343744+00:00,0.000508051252220636,False
2022-03-27 12:08:40.112448+00:00,0.0009259592656561723,False
2022-03-27 18:45:53.848800+00:00,0.0004962117959284735,False
2022-03-28 11:18:58.166784+00:00,-0.001002469335534328,False
2022-03-28 17:56:11.865120+00:00,0.0007481209822499315,False
2022-03-29 12:08:34.605312+00:00,0.00033537985057168233,False
2022-03-29 17:06:29.894400+00:00,5.0326784839823616e-05,False
2022-03-30 01:23:02.031360+00:00,0.0005434469410313726,False
2022-03-30 11:18:52.612128+00:00,-0.0006369253124828743,False
2022-03-30 17:56:06.306144+00:00,0.00022723681086132927,False
2022-03-31 02:12:38.437056+00:00,0.0013364771380793535,False
2022-03-31 12:08:29.010048+00:00,-5.121866062955758e-05,False
2022-03-31 18:45:42.704064+00:00,-0.0003237982170065242,False
2022-04-01 08:00:10.095552+00:00,0.0003573144106095072,False
2022-04-01 21:14:37.429152+00:00,0.001982708303632267,False
2022-04-02 08:49:46.397568+00:00,-0.001800067136958233,False
2022-04-02 20:24:55.292544+00:00,0.0010684346774677716,False
2022-04-03 11:18:41.041440+00:00,-0.0026403186893516413,False
2022-04-03 19:35:13.098912+00:00,0.0002673674245515489,False
2022-04-04 12:08:17.251872+00:00,0.0001664933273130575,False
2022-04-04 18:45:30.896640+00:00,0.0009919243693289276,False
2022-04-05 12:57:53.434656+00:00,-0.002079656429495799,False
2022-04-05 19:35:07.055232+00:00,0.000766853771952082,False
2022-04-06 12:08:11.180544+00:00,0.000462564118682464,False
2022-04-06 17:06:06.398784+00:00,6.869595301277066e-05,False
2022-04-07 11:18:28.886688+00:00,-0.0008236865766834713,False
2022-04-07 17:55:42.497760+00:00,0.00011486642892244626,False
2022-04-08 12:08:04.977024+00:00,0.0009028463531150738,False
2022-04-08 17:06:00.187488+00:00,-0.0001271532303347711,False
2022-04-09 01:22:32.199168+00:00,-0.00038621375871476685,False
2022-04-09 12:57:41.006880+00:00,-0.0009628313784431243,False
2022-04-09 19:34:54.604128+00:00,0.0012317227938051353,False
2022-04-10 03:51:26.644320+00:00,-0.0012153611785107586,False
2022-04-10 13:47:16.999584+00:00,0.00011558543993456748,False
2022-04-10 18:45:12.191904+00:00,0.0012562463861017477,False
2022-04-11 07:59:39.400224+00:00,-0.0015952305357152556,False
2022-04-11 12:57:34.566624+00:00,0.0002586014927101794,False
2022-04-11 19:34:48.163872+00:00,0.0008784158900240879,False
2022-04-12 12:07:52.139712+00:00,0.0001960421595491393,False
2022-04-12 18:45:05.728320+00:00,0.0008779352797559971,False
2022-04-13 12:57:28.058112+00:00,-0.0014533414023726926,False
2022-04-13 17:55:23.233152+00:00,0.0008680520018063546,False
2022-04-14 02:11:55.217184+00:00,0.0005540827212450826,False
2022-04-14 12:07:45.569856+00:00,-0.00013813213312370305,False
2022-04-14 18:44:59.144640+00:00,0.00024223683209095522,False
2022-04-15 03:01:31.102752+00:00,-4.149171820921763e-05,False
2022-04-15 12:57:21.435552+00:00,-0.0004929465229589594,False
2022-04-15 19:34:34.988736+00:00,0.0009573480076863173,False
2022-04-16 12:07:38.902368+00:00,-0.00027633975364968,False
2022-04-16 18:44:52.445184+00:00,8.068809371147709e-05,False
2022-04-17 11:17:56.309568+00:00,-0.0010571258670001751,False
2022-04-17 17:55:09.841152+00:00,0.0009035787673012871,False
2022-04-18 00:32:23.396928+00:00,0.000550921402071088,False
2022-04-18 12:07:32.097504+00:00,0.0019454025436231425,False
2022-04-18 18:44:45.684384+00:00,0.0035973839559319968,False
2022-04-19 01:21:59.310144+00:00,0.013009592322644536,False
2022-04-19 11:17:50.200224+00:00,0.01555664067555841,False
2022-04-19 19:34:22.478880+00:00,0.011651082718283745,False
2022-04-20 12:07:27.336864+00:00,0.025215768678140967,False
2022-04-20 17:05:22.776288+00:00,0.0031573347826137953,False
2022-04-21 01:21:55.128384+00:00,0.003823789107406793,False
2022-04-21 11:17:45.792960+00:00,0.0005741597168804913,False
2022-04-21 16:15:41.143392+00:00,0.0007745983029728562,False
2022-04-22 00:32:13.473888+00:00,-0.00805740195538256,False
2022-04-22 12:07:22.373184+00:00,-0.008558212859031092,False
2022-04-23 03:01:08.224896+00:00,-0.006618804209707107,False
2022-04-23 11:17:40.312608+00:00,-0.0015040329955380326,False
2022-04-24 10:27:58.468896+00:00,0.0015231162686505633,False
2022-04-25 11:17:34.983456+00:00,-0.00033616891293104714,False
2022-04-25 21:13:25.572000+00:00,0.0009066424739247746,False
2022-04-26 08:48:34.608672+00:00,8.583330793967463e-05,False
2022-04-26 20:23:43.630656+00:00,0.0015307137832943052,False
2022-04-27 12:56:47.956416+00:00,-0.001302619095800569,False
2022-04-28 00:31:56.957664+00:00,0.0012451981867831173,False
2022-04-28 12:07:05.967552+00:00,-0.0003671223454591152,False
2022-04-29 01:21:33.382368+00:00,0.0005658531442906921,False
2022-04-29 11:17:23.944992+00:00,-0.0011232260302791747,False
2022-04-29 22:52:32.898720+00:00,0.0004804317828326026,False
2022-04-30 03:50:28.197312+00:00,-0.0006551602302675892,False
2022-04-30 10:27:41.867136+00:00,8.400847645067351e-05,False
2022-04-30 22:02:50.805312+00:00,-2.9972061798454338e-05,False
2022-05-01 04:40:04.520928+00:00,-0.0005417486473321986,False
2022-05-01 09:37:59.768544+00:00,-0.000489865854261855,False
2022-05-01 17:54:31.854528+00:00,-0.00028510017987686345,False
2022-05-02 12:06:54.457344+00:00,4.000499504548433e-05,False
2022-05-02 18:44:08.119392+00:00,0.0001365561253556168,False
2022-05-03 11:17:12.297408+00:00,-0.00043659447179431575,False
2022-05-03 16:15:07.536384+00:00,0.0004481799194683403,False
2022-05-04 07:08:53.307744+00:00,0.0007292681745990273,False
2022-05-04 12:06:48.545856+00:00,0.00014591682712320538,False
2022-05-04 17:04:43.786560+00:00,-2.4656096611710022e-05,False
2022-05-05 11:17:06.360864+00:00,-4.90427583079375e-05,False
2022-05-05 17:54:20.001312+00:00,0.0004476722074525833,False
2022-05-06 08:48:05.748480+00:00,0.0006760040344275498,False
2022-05-06 13:46:00.976224+00:00,-0.0003139804155733964,False
2022-05-07 12:56:18.712608+00:00,-0.0013917418398022045,False
2022-05-07 19:33:32.334048+00:00,0.0006556855513884156,False
2022-05-08 12:06:36.467136+00:00,0.0012943093650077493,False
2022-05-08 18:43:50.108448+00:00,0.000723488820988764,False
2022-05-09 01:21:03.754080+00:00,-0.0006551089011166836,False
2022-05-09 11:16:54.187968+00:00,-0.0003242475665125138,False
2022-05-09 19:33:26.216064+00:00,0.0004731063996551485,False
2022-05-10 02:10:39.854784+00:00,0.0006328392580366446,False
2022-05-10 12:06:30.295584+00:00,0.00022230933472540193,False
2022-05-10 20:23:02.344416+00:00,0.0005387336573266222,False
2022-05-11 03:00:15.982272+00:00,-0.0009593920800388986,False
2022-05-11 12:56:06.376416+00:00,-0.0005014018214265525,False
2022-05-11 17:54:01.598112+00:00,0.0010230426448173723,False
2022-05-12 12:06:24.090336+00:00,0.0007043874044422994,False
2022-05-12 17:04:19.303392+00:00,3.433133886032556e-05,False
2022-05-13 11:16:41.731680+00:00,-0.0005394324425459958,False
2022-05-13 14:35:18.537216+00:00,0.0001359528136250939,False
2022-05-14 00:31:08.954688+00:00,0.0010909138366519931,False
2022-05-14 12:06:17.798688+00:00,0.0004955968624358138,False
2022-05-14 18:43:31.412352+00:00,0.00021062900556898797,False
2022-05-15 01:20:45.016512+00:00,0.0004103665297297619,False
2022-05-15 11:16:35.428800+00:00,-0.0011532100276433533,False
2022-05-15 17:53:49.011360+00:00,0.0009188075620975025,False
2022-05-16 12:06:11.420640+00:00,0.00048787275474588654,False
2022-05-16 17:04:06.612096+00:00,-9.299708651232361e-05,False
2022-05-17 11:16:28.954848+00:00,-0.0017336438643587898,False
2022-05-17 16:14:24.135936+00:00,0.0004567556823496608,False
2022-05-18 12:06:04.893120+00:00,0.0010682657265912007,False
2022-05-18 17:04:00.075936+00:00,-0.0007904595320528379,False
2022-05-19 11:16:22.362528+00:00,-0.0005525934327117554,False
2022-05-19 17:53:35.928672+00:00,0.0002118564119242001,False
2022-05-20 12:05:58.216128+00:00,0.00037116134067082776,False
2022-05-20 17:03:53.376480+00:00,-0.00022678977681022425,False
2022-05-21 01:20:25.309536+00:00,7.420917276953066e-05,False
2022-05-21 11:16:15.619872+00:00,-0.0008158784725161873,False
2022-05-21 17:53:29.168736+00:00,0.0001832497401455807,False
2022-05-22 07:07:56.283744+00:00,0.0006693706144441796,False
2022-05-22 20:22:23.318400+00:00,0.000574852040918349,False
2022-05-23 11:16:08.762304+00:00,-0.0016020844433572766,False
2022-05-23 17:53:22.280928+00:00,-9.000069154482907e-05,False
2022-05-24 12:05:44.479392+00:00,0.0005918624806207681,False
2022-05-24 18:42:57.991104+00:00,6.950449199101397e-05,False
2022-05-25 11:16:01.777728+00:00,-0.0011939454337503146,False
2022-05-25 17:53:15.277344+00:00,0.0007470326637912904,False
2022-05-26 12:05:37.444704+00:00,0.0005906269991205017,False
2022-05-26 17:03:32.568768+00:00,-0.00024045554420247452,False
2022-05-27 01:20:04.438752+00:00,-9.519048602811553e-05,False
2022-05-27 11:15:54.711072+00:00,-0.00014441835571552908,False
2022-05-27 19:32:26.558592+00:00,0.0010387377019892574,False
2022-05-28 02:09:40.097952+00:00,-0.00010977522418019486,False
2022-05-28 12:05:30.321024+00:00,-0.00018073564152108713,False
2022-05-28 18:42:43.817184+00:00,-0.00012525392731679933,False
2022-05-29 07:57:10.825056+00:00,-0.00021750630510464697,False
2022-05-29 19:32:19.407264+00:00,0.0008809921563089377,False
2022-05-30 12:05:23.149824+00:00,-0.00012540919349344148,False
2022-05-30 18:42:36.638208+00:00,0.0007719867445255157,False
2022-05-30 23:40:31.770048+00:00,-0.00038328301426386824,False
2022-05-31 16:13:35.488416+00:00,-0.00012176138022269064,False
2022-06-01 00:30:07.344576+00:00,0.0007735718852045232,False
2022-06-01 17:03:11.056032+00:00,-0.0009909627461181206,False
2022-06-02 01:19:42.899232+00:00,-8.111979891888514e-05,False
2022-06-02 11:15:33.117984+00:00,-0.0007927244054420049,False
2022-06-02 16:13:28.223040+00:00,0.0003273197081207063,False
2022-06-03 12:05:08.683872+00:00,0.0010976779825907141,False
2022-06-03 17:03:03.793248+00:00,0.00020137542532140123,False
2022-06-04 11:15:25.881984+00:00,0.00021547991449575807,False
2022-06-04 16:13:20.988768+00:00,0.00015669183420800149,False
2022-06-05 17:02:56.543424+00:00,0.00040046233929103556,False
2022-06-06 11:15:18.601920+00:00,-0.0005394056112962649,False
2022-06-06 17:52:32.077344+00:00,0.0007692715844934581,False
2022-06-07 12:04:54.153984+00:00,0.00025499220606609713,False
2022-06-07 17:02:49.253856+00:00,-0.0002720731337402077,False
2022-06-08 01:19:21.084960+00:00,0.0003535087330688194,False
2022-06-08 11:15:11.311488+00:00,-0.0004601732436786882,False
2022-06-08 16:13:06.413952+00:00,0.0004140020812930497,False
2022-06-09 12:04:46.860096+00:00,0.0009033681314102534,False
2022-06-09 17:02:41.963424+00:00,-0.00021917076937202708,False
2022-06-10 12:54:22.394016+00:00,-0.0007210181259040275,False
2022-06-10 19:31:35.834880+00:00,0.0009762634465482449,False
2022-06-11 18:41:53.001024+00:00,0.0011892881235421352,False
2022-06-12 01:19:06.492864+00:00,-0.0002502491828793834,False
2022-06-12 11:14:56.685696+00:00,-0.001289036347530697,False
2022-06-12 17:52:10.141248+00:00,0.000756927361398531,False
2022-06-13 12:04:32.205792+00:00,0.001102830327926801,False
2022-06-13 17:02:27.304800+00:00,-0.00022071855907203366,False
2022-06-14 11:14:49.350336+00:00,-0.00037938219497339566,False
2022-06-14 17:52:02.795520+00:00,0.0006936819444170359,False
2022-06-14 17:52:03.815904+00:00,-0.0003099406784322314,False
2022-06-15 12:04:24.833280+00:00,0.0005637684161440568,False
2022-06-15 17:02:19.926240+00:00,0.00026637310731038804,False
2022-06-16 01:18:51.751296+00:00,0.00029106452470323947,False
2022-06-20 01:18:37.198080+00:00,0.0007459104792238132,False
2022-06-20 11:14:26.911392+00:00,-0.0013889060954406177,False
2022-06-20 17:51:40.325472+00:00,6.813469231922167e-05,False
2022-06-21 02:08:12.115968+00:00,-1.5221104358504852e-05,False
2022-06-21 10:24:43.921152+00:00,-0.0006574155352137631,False
2022-06-21 20:20:34.038816+00:00,0.0004181787351254491,False
2022-06-22 07:55:42.587328+00:00,0.0005349373583859459,False
2022-06-22 19:30:51.060672+00:00,0.0008051795525311726,False
2022-06-23 12:03:54.662400+00:00,0.00042495647689691106,False
2022-06-23 17:01:49.737216+00:00,-0.0002812324474347371,False
2022-06-24 12:53:30.037344+00:00,0.000448568887743733,False
2022-06-24 19:30:43.450560+00:00,-9.701612266020427e-05,False
2022-06-25 12:03:47.018592+00:00,0.0004031169602876991,False
2022-06-25 18:41:00.436128+00:00,0.0009463513689621085,False
2022-06-26 02:57:32.238720+00:00,-0.00029830006843138,False
2022-06-26 11:14:04.006752+00:00,-0.0011913374043925735,False
2022-06-26 17:51:17.412192+00:00,0.0007154286977224748,False
2022-06-27 12:03:39.347136+00:00,0.0008781208512770603,False
2022-06-27 17:01:34.409856+00:00,-0.00013697225483295011,False
2022-06-28 12:53:14.663328+00:00,-0.0007933806979338353,False
2022-06-28 19:30:28.071360+00:00,0.0010309558170512765,False
2022-06-29 12:03:31.638528+00:00,-0.00014638271161599613,False
2022-06-29 18:40:45.049152+00:00,0.00021412882075001389,False
2022-06-30 11:13:48.586944+00:00,-0.0010631870318800146,False
2022-06-30 19:30:20.343744+00:00,0.0007031884162900854,False
2022-07-01 05:26:10.511520+00:00,0.0010824696434343709,False
2022-07-01 12:03:23.919552+00:00,0.0003412420689588,False
2022-07-01 17:01:18.977952+00:00,3.447524632988746e-05,False
2022-07-02 11:13:40.866240+00:00,-0.0007418656953903735,False
2022-07-02 19:30:12.626496+00:00,0.001208765490510349,False
2022-07-03 10:23:57.839712+00:00,-0.00032270900093581947,False
2022-07-03 17:01:11.242560+00:00,-0.0001774271932945914,False
2022-07-04 11:13:33.091968+00:00,-0.001702649382010374,False
2022-07-04 17:50:46.487904+00:00,0.0008609719329134173,False
2022-07-05 13:42:26.741376+00:00,0.0007467304796541275,False
2022-07-05 18:40:21.791136+00:00,0.000553002838540798,False
2022-07-06 11:13:25.291776+00:00,-0.0016322364420606735,False
2022-07-06 17:50:38.680800+00:00,0.0004429690219917876,False
2022-07-07 02:07:10.436736+00:00,0.0011152760550267936,False
2022-07-07 12:03:00.552672+00:00,-0.0005581290410417463,False
2022-07-07 18:40:13.943424+00:00,0.0008780091095133594,False
2022-07-08 02:56:45.711456+00:00,-0.0004625727027453858,False
2022-07-08 09:33:59.114304+00:00,-0.0003195845831830509,False
2022-07-08 21:09:07.530624+00:00,0.0011251157974018844,False
2022-07-09 03:46:20.968032+00:00,-0.001213347577892268,False
2022-07-09 10:23:34.316448+00:00,0.00046626418178947484,False
2022-07-09 17:00:47.718432+00:00,-0.00011595876306041896,False
2022-07-10 04:35:56.179680+00:00,-6.218813837120525e-05,False
2022-07-10 11:13:09.553152+00:00,-0.0010108328610986326,False
2022-07-10 19:29:41.258112+00:00,0.00041524754510836496,False
2022-07-11 05:25:31.386144+00:00,0.0011209858903441494,False
2022-07-11 12:02:44.765664+00:00,0.0006638759119583688,False
2022-07-11 21:58:34.837536+00:00,0.0009650786736298573,False
2022-07-12 09:33:43.280640+00:00,-0.0008199066022158708,False
2022-07-12 19:29:33.346464+00:00,0.0009391387643337383,False
2022-07-13 13:41:55.148352+00:00,-0.0005519218723228119,False
2022-07-13 18:39:50.173920+00:00,0.0005212329340346326,False
2022-07-14 12:52:11.949888+00:00,-0.0013482049433442126,False
2022-07-14 17:50:06.972864+00:00,0.0003071103578651469,False
2022-07-15 12:02:28.705632+00:00,-0.0001920793436237041,False
2022-07-15 17:00:23.734656+00:00,3.7704298914949545e-05,False
2022-07-16 01:16:55.434432+00:00,0.0002452893788400121,False
2022-07-16 11:12:45.482112+00:00,-0.0006539908790662765,False
2022-07-16 17:49:58.833120+00:00,0.00045431618075020784,False
2022-07-17 05:25:07.215744+00:00,-0.00021779077252123528,False
2022-07-17 18:39:33.893568+00:00,0.00032034260456995805,False
2022-07-18 11:12:37.268064+00:00,-0.0008387237046431984,False
2022-07-18 17:49:50.602656+00:00,0.0005599784071838315,False
2022-07-19 12:02:12.294816+00:00,0.0002493503593789646,False
2022-07-19 18:39:25.638912+00:00,-0.0001410933300011454,False
2022-07-20 11:12:28.993536+00:00,6.257951673797272e-05,False
2022-07-20 17:49:42.316896+00:00,5.694725620291344e-05,False
2022-07-21 12:02:03.961536+00:00,-0.00021878877514343016,False
2022-07-21 16:59:58.949088+00:00,-0.0002706385441498119,False
2022-07-22 01:16:30.594432+00:00,0.00014291794418718184,False
2022-07-22 16:10:15.549312+00:00,-0.0010943862475920683,False
2022-07-23 12:01:55.510752+00:00,0.0008168491342427745,False
2022-07-23 18:39:08.827200+00:00,0.0005341082014250006,False
2022-07-24 09:32:53.812320+00:00,0.0003243616541417505,False
2022-07-24 16:10:07.120128+00:00,-0.0004133024440251635,False
2022-07-25 12:01:47.050464+00:00,0.0008327596318662329,False
2022-07-25 16:59:42.031104+00:00,-0.0003494605883152881,False
2022-07-26 11:12:03.674016+00:00,0.0016727200329967936,False
2022-07-26 19:28:35.322816+00:00,0.23735106863891586,False
2022-07-27 09:20:32.597952+00:00,-0.04111329103210154,False
2022-07-27 20:18:15.587136+00:00,0.0018490417458445932,False
2022-07-28 02:55:30.195264+00:00,0.046031625695791514,False
2022-07-28 09:32:45.227616+00:00,0.022556811399795932,False
2022-07-28 16:10:00.024096+00:00,0.018672493961861294,False
2022-07-29 12:01:43.566816+00:00,0.013347764012357505,False
2022-07-29 16:59:39.238656+00:00,-0.010170766101996883,False
2022-07-30 01:16:12.357984+00:00,-0.03732315783156601,False
2022-07-30 11:12:02.844576+00:00,-0.039984568421890486,False
2022-07-30 17:49:16.848768+00:00,-0.0057530845193108325,False
2022-07-31 12:01:41.189088+00:00,0.000504735962766664,False
2022-07-31 16:59:36.925728+00:00,-0.0004283426087122312,False
2022-08-01 11:12:01.287648+00:00,-0.000878353970562067,False
2022-08-01 17:49:15.593376+00:00,0.0003335398105044998,False
2022-08-02 12:01:39.965664+00:00,0.00024175506310421594,False
2022-08-02 16:59:35.691936+00:00,-0.00022771752919234663,False
2022-08-03 01:16:08.566752+00:00,0.000334335421210405,False
2022-08-03 11:12:00.035712+00:00,-0.00036602857435485937,False
2022-08-03 17:49:14.348352+00:00,0.0008198114339266794,False
2022-08-04 12:01:38.711136+00:00,0.00024013225215109183,False
2022-08-04 16:59:34.433088+00:00,-0.00014693779652491865,False
2022-08-05 11:11:58.763904+00:00,-0.0004516376913312642,False
2022-08-05 17:49:13.069632+00:00,0.0007643498598291101,False
2022-08-06 12:01:37.403040+00:00,0.0005879824099180873,False
2022-08-06 16:59:33.131040+00:00,-1.0027288214725487e-06,False
2022-08-07 01:16:06.001536+00:00,0.0006571088128557025,False
2022-08-07 11:11:57.463584+00:00,-0.0009774623155451804,False
2022-08-07 16:09:53.185536+00:00,0.0003873463482358429,False
2022-08-08 02:05:44.633760+00:00,0.0018784790218827256,False
2022-08-08 12:01:36.096672+00:00,-0.000534950403716607,False
2022-08-08 16:59:31.814304+00:00,-0.00023894634380947094,False
2022-08-09 11:11:56.117472+00:00,-0.000539480191288513,False
2022-08-09 17:49:10.389504+00:00,4.410990935175185e-05,False
2022-08-10 12:01:34.657248+00:00,0.00022436062792375276,False
2022-08-10 16:59:30.376608+00:00,-0.00011594500861885601,False
2022-08-11 11:11:54.657312+00:00,-0.00018837871864979322,False
2022-08-11 17:49:08.925888+00:00,0.00025346727601347613,False
2022-08-12 08:42:56.057184+00:00,0.0009171647567597326,False
2022-08-12 18:38:47.460480+00:00,0.000726455452213207,False
2022-08-13 12:51:11.704032+00:00,-0.0018554958977116415,False
2022-08-13 19:28:25.957920+00:00,0.0009817978142823507,False
2022-08-14 10:22:13.077120+00:00,-0.00016861365591080545,False
2022-08-14 16:59:27.343968+00:00,-0.00030201226918100685,False
2022-08-15 01:16:00.146208+00:00,0.0009447724596929751,False
2022-08-15 11:11:51.555552+00:00,-0.0013183378375611018,False
2022-08-15 17:49:05.800800+00:00,0.0005577385255653589,False
2022-08-16 12:01:29.985600+00:00,-0.0003373509826363158,False
2022-08-16 16:59:25.679040+00:00,0.00017205739724168896,False
2022-08-17 12:51:08.437248+00:00,-0.000422029396295378,False
2022-08-17 19:28:22.670400+00:00,0.0003596352232599381,False
2022-08-18 12:01:28.279200+00:00,0.0012074973862445178,False
2022-08-18 18:38:42.527904+00:00,0.0003687033214254458,False
2022-08-18 23:36:38.209248+00:00,0.0007418463076814334,False
2022-08-19 11:11:48.140160+00:00,-0.0010368077943988753,False
2022-08-19 17:49:02.359488+00:00,0.000827060766713453,False
2022-08-20 02:05:35.163456+00:00,3.5408065509403034e-07,False
2022-08-20 07:03:30.849120+00:00,1.7947702433160828e-05,False
2022-08-20 18:38:40.748064+00:00,0.000782146471595628,False
2022-08-21 09:32:27.780864+00:00,-0.0016910370894316013,False
2022-08-21 21:07:37.646976+00:00,0.0015929239815501406,False
2022-08-22 12:01:24.652992+00:00,-0.0007861156310182422,False
2022-08-22 15:20:01.773888+00:00,-0.00029128934979281523,False
2022-08-23 11:11:44.453472+00:00,0.0005057850619706528,False
2022-08-23 16:09:40.116672+00:00,0.0001471462596548818,False
2022-08-24 12:01:22.789344+00:00,0.00109861163116393,False
2022-08-24 16:59:18.453408+00:00,3.147047524092324e-05,False
2022-08-25 12:51:01.107936+00:00,-0.0005301709495917335,False
2022-08-25 19:28:15.315168+00:00,0.0013676132627632599,False
2022-08-26 08:42:43.777152+00:00,-1.4489490424536176e-05,False
2022-08-26 18:38:35.101824+00:00,0.0012693953210420673,False
2022-08-27 12:50:59.197632+00:00,-0.0011192181260002868,False
2022-08-27 17:48:54.847008+00:00,0.0010556448953003962,False
2022-08-28 08:42:41.851296+00:00,0.0002408245350483773,False
2022-08-28 16:59:14.601696+00:00,0.0005100075155090618,False
2022-08-29 11:11:38.660352+00:00,-0.0004184575693787992,False
2022-08-29 17:48:52.859808+00:00,0.0013086316902527204,False
2022-08-30 12:01:16.915872+00:00,0.0007712765900163311,False
2022-08-30 18:38:31.127424+00:00,0.0003138627436152333,False
2022-08-31 12:50:55.200768+00:00,-0.0006577343512369874,False
2022-08-31 19:28:09.383808+00:00,0.0012920948706142128,False
2022-09-01 12:01:14.915712+00:00,0.0005443107904751918,False
2022-09-01 16:59:10.565088+00:00,-0.00018629519621101318,False
2022-09-02 02:55:01.856064+00:00,0.00024280732559645257,False
2022-09-02 12:50:53.156544+00:00,-0.0007163909180795552,False
2022-09-02 19:28:07.342176+00:00,0.0008772299232700559,False
2022-09-03 08:42:35.760096+00:00,3.274824689081539e-05,False
2022-09-03 20:17:45.579552+00:00,0.001281329541100031,False
2022-09-04 09:32:13.981056+00:00,-0.0005259156216514901,False
2022-09-04 17:48:46.711584+00:00,0.0008468174431535613,False
2022-09-05 12:01:10.721856+00:00,0.0005943985075399826,False
2022-09-05 18:38:24.911808+00:00,0.0003353682480704517,False
2022-09-06 11:11:30.350400+00:00,-0.0012541155423597523,False
2022-09-06 16:09:25.974720+00:00,0.0005829266822580887,False
2022-09-07 12:01:08.495328+00:00,0.0005753604307891086,False
2022-09-07 18:38:22.682688+00:00,1.6261279650784516e-05,False
2022-09-08 12:50:46.680864+00:00,0.00092441228705458,False
2022-09-08 17:48:42.306912+00:00,0.0009097570743432394,False
2022-09-09 02:05:15.038304+00:00,0.0011906302440844896,False
2022-09-09 13:40:24.840480+00:00,-0.00017306212196670245,False
2022-09-09 18:38:20.463936+00:00,0.000613664088847232,False
2022-09-10 02:54:53.191008+00:00,-0.0014802185747175105,False
2022-09-10 09:32:07.333440+00:00,6.972684820584897e-06,False
2022-09-10 19:27:58.550112+00:00,0.00021417989675868087,False
2022-09-11 05:23:49.828128+00:00,-0.00040328330218395456,False
2022-09-11 12:01:03.961920+00:00,-9.760329662628959e-05,False
2022-09-11 18:38:18.114720+00:00,0.0002954187501738366,False
2022-09-12 07:52:46.424640+00:00,-0.0004495557256399791,False
2022-09-12 12:50:42.026496+00:00,-0.0006164426095267332,False
2022-09-12 19:27:56.162016+00:00,0.0013515464854202822,False
2022-09-13 08:42:24.511680+00:00,0.0007504749991882204,False
2022-09-13 21:56:52.781856+00:00,0.00037058127142728086,False
2022-09-14 09:32:02.549472+00:00,-0.0010976449228984626,False
2022-09-14 21:07:12.279072+00:00,0.0006773428845686516,False
2022-09-15 13:40:17.619168+00:00,-0.0012421546292544266,False
2022-09-15 18:38:13.203744+00:00,0.0009789112757247161,False
2022-09-16 07:52:41.517120+00:00,-0.00048145000434083175,False
2022-09-16 19:27:51.206112+00:00,-0.00014355485292404677,False
2022-09-17 08:42:19.482336+00:00,0.000515332725626847,False
2022-09-17 20:17:29.206752+00:00,0.0009756935629615798,False
2022-09-18 06:13:20.438112+00:00,-0.0003533199488940327,False
2022-09-18 19:27:48.638304+00:00,0.0004473096444007953,False
2022-09-19 03:44:21.327360+00:00,-0.0005556254007737075,False
2022-09-19 08:42:16.883424+00:00,0.0003562911586422525,False
2022-09-19 20:17:26.587968+00:00,0.0008714945786911281,False
2022-09-20 12:50:31.896960+00:00,-0.001752590929272017,False
2022-09-20 19:27:45.987552+00:00,0.0009553104593866997,False
2022-09-21 16:58:46.905312+00:00,0.0014400090137910685,False
2022-09-22 11:11:10.754880+00:00,0.0005635367174935493,False
2022-09-22 17:48:24.851520+00:00,0.00028442323429433156,False
2022-09-23 12:00:48.671712+00:00,0.0006438677058693502,False
2022-09-23 20:17:21.312384+00:00,0.0009494292017414796,False
2022-09-24 06:13:12.506592+00:00,-0.0007405382484477315,False
2022-09-24 19:27:40.680864+00:00,0.0005987507880850005,False
2022-09-25 02:04:54.814656+00:00,0.00039498374939097214,False
2022-09-25 07:02:50.400960+00:00,2.366482342580124e-05,False
2022-09-25 21:56:37.117536+00:00,0.001045434176682167,False
2022-09-26 11:11:05.326368+00:00,-0.0019238712022991533,False
2022-09-26 21:06:56.435040+00:00,0.0019477431005555912,False
2022-09-27 08:42:06.147360+00:00,-0.0003118711653283258,False
2022-09-27 20:17:15.816480+00:00,0.0008840137441138144,False
2022-09-28 11:11:02.492448+00:00,-0.0014528411101813123,False
2022-09-28 17:48:16.580448+00:00,0.0008971178365440365,False
2022-09-29 00:25:30.686592+00:00,0.00023520021275669602,False
2022-09-29 12:00:40.329792+00:00,-0.0004767929921138639,False
2022-09-29 16:58:35.897088+00:00,4.5200245569190865e-05,False
2022-09-30 01:15:08.497152+00:00,3.536026625184784e-05,False
2022-09-30 12:50:18.124800+00:00,-0.00157987251143974,False
2022-09-30 17:48:13.672224+00:00,0.0007491803048320911,False
2022-10-01 02:04:46.284384+00:00,0.0011375081763709961,False
2022-10-01 10:21:18.903456+00:00,8.784174923861892e-05,False
2022-10-01 16:58:32.987136+00:00,-4.451678061100946e-05,False
2022-10-02 06:13:01.169184+00:00,-0.000348321279935898,False
2022-10-02 12:50:15.202752+00:00,-0.0005778134703161074,False
2022-10-02 19:27:29.256192+00:00,0.0012220976979610233,False
2022-10-03 07:02:38.904576+00:00,-0.0002383154186195067,False
2022-10-03 12:00:34.425216+00:00,6.871923856807108e-05,False
2022-10-03 18:37:48.488160+00:00,0.000235915827632926,False
2022-10-04 11:10:53.629536+00:00,-0.0005494116870900108,False
2022-10-04 17:48:07.676064+00:00,0.00019245330792746985,False
2022-10-05 12:00:31.303584+00:00,0.0009200895398047094,False
2022-10-05 18:37:45.350976+00:00,-0.0002144306777757826,False
2022-10-06 11:10:50.438784+00:00,-0.0006980759902271915,False
2022-10-06 16:08:45.954240+00:00,0.00011578306905193236,False
2022-10-07 10:21:09.560160+00:00,0.0007039784774952225,False
2022-10-07 16:58:23.575584+00:00,0.00023289366370511915,False
2022-10-08 11:10:47.126208+00:00,-0.0012775199167982107,False
2022-10-08 17:48:01.125216+00:00,0.0003135447784251117,False
2022-10-09 08:41:47.655168+00:00,-0.00028646560878632676,False
2022-10-09 16:58:20.130816+00:00,-0.00011430695419265902,False
2022-10-10 06:12:48.152160+00:00,-0.0005283183122626346,False
2022-10-10 11:10:43.614912+00:00,-0.0008197355881240486,False
2022-10-10 21:06:34.558560+00:00,0.0012873064095037696,False
2022-10-11 08:41:44.048832+00:00,-0.001488723850628254,False
2022-10-11 18:37:34.995072+00:00,0.0006324256336232987,False
2022-10-12 09:31:21.467136+00:00,-0.0017588993299473717,False
2022-10-12 19:27:12.358944+00:00,0.00013427796638419676,False
2022-10-13 08:41:40.307712+00:00,-0.00023437901461169093,False
2022-10-13 15:18:54.262656+00:00,-0.0003990834567584314,False
2022-10-13 21:56:08.194272+00:00,0.0014684135002325741,False
2022-10-14 11:10:36.143904+00:00,-0.0010450510077305527,False
2022-10-14 16:08:31.595424+00:00,-6.422871358086713e-05,False
2022-10-15 10:20:54.944736+00:00,-3.049056850538967e-05,False
2022-10-15 15:18:50.399712+00:00,-0.0006222708030872736,False
2022-10-15 23:35:22.794144+00:00,0.0005565480009356342,False
2022-10-16 12:49:50.685888+00:00,-0.0012142717975480717,False
2022-10-16 19:27:04.594176+00:00,0.000611447379052409,False
2022-10-17 00:25:00.052608+00:00,-0.0006862840921509985,False
2022-10-17 12:00:09.389952+00:00,-0.0006028652549282398,False
2022-10-17 16:58:04.827648+00:00,1.755282342810429e-05,False
2022-10-18 07:51:51.169248+00:00,-0.0005756655312305382,False
2022-10-18 17:47:41.994528+00:00,0.0005955949758634477,False
2022-10-19 02:04:14.407968+00:00,0.00040127727533652,False
2022-10-19 12:00:05.279904+00:00,-0.00016872345869479478,False
2022-10-19 18:37:19.193376+00:00,0.00011089437247403301,False
2022-10-20 12:49:42.464928+00:00,-0.00037835973379351997,False
2022-10-20 19:26:56.353344+00:00,0.001429827526653502,False
2022-10-21 12:00:01.126656+00:00,-0.00014959489934643821,False
2022-10-21 16:57:56.560896+00:00,0.0002737230010379424,False
2022-10-22 12:49:38.289216+00:00,-0.0005211778553559292,False
2022-10-22 19:26:52.164672+00:00,0.000698047239727502,False
2022-10-23 07:02:01.527936+00:00,0.0006318686562541418,False
2022-10-23 20:16:29.275392+00:00,0.0007842904170679996,False
2022-10-24 09:30:57.072096+00:00,-0.0017898252943225695,False
2022-10-24 21:06:06.330816+00:00,0.0003425417707958791,False
2022-10-25 13:39:11.022048+00:00,-0.0014646135946630619,False
2022-10-25 18:37:06.424320+00:00,0.0010849732431091382,False
2022-10-26 01:14:20.328288+00:00,0.0004208687879980939,False
2022-10-26 07:51:34.228800+00:00,-0.0005487681029790463,False
2022-10-26 19:26:43.476288+00:00,0.0005739293771930164,False
2022-10-27 03:43:15.844800+00:00,-0.00041075313688886204,False
2022-10-27 11:59:48.161472+00:00,0.0003727666392644807,False
2022-10-27 18:37:02.042112+00:00,0.000404827117839457,False
2022-10-28 07:51:29.810304+00:00,-0.0005242157890263943,False
2022-10-28 12:49:25.182336+00:00,-0.0002781878937793264,False
2022-10-28 19:26:39.035328+00:00,9.941126648922336e-05,False
2022-10-29 11:59:43.695456+00:00,0.0010884829476183573,False
2022-10-29 16:57:39.096864+00:00,-0.00019845873947198065,False
2022-10-30 04:32:48.362496+00:00,-0.0001405480297868543,False
2022-10-30 19:26:34.450080+00:00,-0.0005037929006157084,False
2022-10-31 13:38:57.495264+00:00,-0.001890012192222753,False
2022-10-31 18:36:52.854336+00:00,0.00039280675848777535,False
2022-11-01 12:49:15.877920+00:00,-0.0007036172959007656,False
2022-11-01 17:47:11.249088+00:00,0.0016153714961343719,False
2022-11-02 00:24:25.111584+00:00,0.0023406946486595765,False
2022-11-02 11:59:34.383264+00:00,0.0019844094201503957,False
2022-11-02 18:36:48.250080+00:00,0.0015447525907204035,False
2022-11-03 01:14:02.109984+00:00,0.003415248709665118,False
2022-11-03 12:49:11.466336+00:00,0.0032016013561793513,False
2022-11-03 19:26:25.345248+00:00,0.003348585279952402,False
2022-11-04 02:03:39.275136+00:00,0.005927032953537843,False
2022-11-04 11:59:30.279264+00:00,0.006986252742593229,False
2022-11-04 18:36:44.262720+00:00,0.005336247319853393,False
2022-11-05 11:09:49.470624+00:00,0.022175516240306604,False
2022-11-05 17:47:03.759936+00:00,0.007669455217921329,False
2022-11-06 11:59:28.152960+00:00,0.03668929426076058,False
2022-11-07 12:49:07.468608+00:00,0.045322658070225105,False
2022-11-07 17:47:03.391008+00:00,0.008143917847599453,False
2022-11-08 11:59:28.683456+00:00,0.032701568979769086,False
2022-11-08 18:36:43.431552+00:00,0.01006874194297315,False
2022-11-09 06:11:54.282624+00:00,0.016324288579251577,False
2022-11-09 19:26:23.974944+00:00,0.02002746224584958,False
2022-11-10 08:40:53.886720+00:00,0.019529471169381425,False
2022-11-10 20:16:05.232864+00:00,0.0183099690396338,False
2022-11-11 12:49:13.091520+00:00,0.02325653734530494,False
2022-11-11 19:26:28.311360+00:00,0.011476102846698786,False
2022-11-12 05:22:21.260352+00:00,0.01603771046115139,False
2022-11-12 20:16:10.871328+00:00,0.023826080349432077,False
2022-11-13 12:49:19.592256+00:00,0.022683718974482455,False
2022-11-13 19:26:35.138688+00:00,0.009295909865307617,False
2022-11-14 10:20:25.268064+00:00,0.01183997032243317,False
2022-11-14 20:16:18.375168+00:00,0.001310597518358346,False
2022-11-15 12:49:27.637824+00:00,-0.05131660148690791,False
2022-11-15 19:26:41.906400+00:00,0.03955163786186718,False
2022-11-16 11:59:50.845920+00:00,-0.01316397035683872,False
2022-11-16 18:37:06.260160+00:00,-0.0023479030990086617,False
2022-11-17 11:10:14.720160+00:00,-0.008501888835725124,False
2022-11-17 16:08:11.257728+00:00,-0.00030310306219219875,False
2022-11-18 11:59:57.567840+00:00,0.001034878022624307,False
2022-11-18 18:37:12.991584+00:00,-0.00021013809791641246,False
2022-11-19 11:10:21.565632+00:00,-0.00010502005423351551,False
2022-11-19 21:06:14.683104+00:00,0.0015416827528207846,False
2022-11-20 03:43:30.145728+00:00,-0.0007118406517338366,False
2022-11-20 12:00:04.390848+00:00,0.0009370858373868793,False
2022-11-20 15:18:42.107040+00:00,-0.0004581291086562838,False
2022-11-21 04:33:12.925152+00:00,0.0005834328475216913,False
2022-11-21 11:10:28.361856+00:00,-0.0008076342929702321,False
2022-11-21 21:06:21.435264+00:00,0.0014175017475368404,False
2022-11-22 10:20:52.251648+00:00,-0.0011899504443075078,False
2022-11-22 20:16:45.343200+00:00,0.0011591991362127634,False
2022-11-23 09:31:16.171680+00:00,-0.001488341262688572,False
2022-11-23 22:45:46.925856+00:00,0.0008483091013598508,False
2022-11-24 12:00:17.724096+00:00,0.000600969477259484,False
2022-11-24 15:18:55.433376+00:00,-0.00034907518454136143,False
2022-11-25 04:33:26.257536+00:00,0.00011755922540008753,False
2022-11-25 11:10:41.598336+00:00,-0.00039692078168389685,False
2022-11-25 21:06:34.650144+00:00,0.0009491383510727552,False
2022-11-26 10:21:05.410368+00:00,-0.00047425492256080587,False
2022-11-26 15:19:01.950528+00:00,8.537288108940576e-05,False
2022-11-27 09:31:29.256096+00:00,-0.00020020473326624118,False
2022-11-27 22:45:59.946336+00:00,0.0004434922684937744,False
2022-11-28 20:17:04.884288+00:00,0.0013056498866560542,False
2022-11-29 01:15:01.436544+00:00,-0.001194614967283953,False
2022-11-29 12:50:13.265664+00:00,-0.001286769651113422,False
2022-11-29 19:27:28.588320+00:00,0.0012017974678102225,False
2022-11-30 02:04:43.968000+00:00,0.00030713917381497674,False
2022-11-30 12:00:36.976608+00:00,-0.0003224182309911435,False
2022-11-30 18:37:52.315680+00:00,0.0008473341900300684,False
2022-12-01 06:13:04.189728+00:00,-0.0004004462641353769,False
2022-12-01 11:11:00.672000+00:00,-1.6899025858753956e-05,False
2022-12-01 16:08:57.170688+00:00,0.0001924630644814166,False
2022-12-02 12:00:43.189632+00:00,0.0011789588466232577,False
2022-12-02 16:58:39.688320+00:00,-0.0002900710446122257,False
2022-12-03 11:11:06.840096+00:00,-7.67020260646822e-05,False
2022-12-03 17:48:22.150656+00:00,0.0007212270464405851,False
2022-12-04 13:40:08.113440+00:00,0.00018081640065296186,False
2022-12-04 20:17:23.430048+00:00,0.001348657141988242,False
2022-12-05 12:50:31.732800+00:00,-0.0012198441365167216,False
2022-12-05 19:27:47.015712+00:00,0.0014349039028431752,False
2022-12-06 02:05:02.357376+00:00,-0.0001792240459870956,False
2022-12-06 13:40:14.111328+00:00,-3.391831916379497e-05,False
2022-12-06 20:17:29.405472+00:00,0.0012142183971208564,False
2022-12-07 09:32:00.014496+00:00,-0.001097715844237874,False
2022-12-07 21:07:11.734752+00:00,0.001557483118042065,False
2022-12-08 08:42:23.482656+00:00,-0.0011817187341853336,False
2022-12-08 20:17:35.196864+00:00,0.0011159383173485584,False
2022-12-09 09:32:05.768736+00:00,-0.0005728771800362991,False
2022-12-09 21:07:17.428512+00:00,-0.00013463916954716004,False
2022-12-10 10:21:47.939904+00:00,-0.0012424548188037432,False
2022-12-10 18:38:22.008768+00:00,0.0011408272811179016,False
2022-12-11 02:54:56.094912+00:00,-0.0005341078350221811,False
2022-12-11 12:50:48.963552+00:00,-0.0006373491785268518,False
2022-12-11 19:28:04.179936+00:00,0.0012498738287658974,False
2022-12-12 12:01:12.279648+00:00,-0.0003584899772742943,False
2022-12-12 16:59:08.704896+00:00,-0.0001087274463288913,False
2022-12-13 11:11:35.582784+00:00,-0.0006810703502678423,False
2022-12-13 17:48:50.793984+00:00,0.001050834007351739,False
2022-12-14 13:40:36.469056+00:00,-0.00033909603117089496,False
2022-12-14 18:38:32.872704+00:00,0.0009717751142220575,False
2022-12-15 12:50:59.725536+00:00,-0.0003839916566651417,False
2022-12-15 19:28:14.903040+00:00,0.00031452976983113463,False
2022-12-16 02:05:30.111648+00:00,8.556901085133217e-05,False
2022-12-16 08:42:45.307296+00:00,-0.00021437270505070011,False
2022-12-16 20:17:56.865984+00:00,0.0007232956638105247,False
2022-12-17 04:34:30.877824+00:00,-0.0008619223101942461,False
2022-12-17 11:11:46.037184+00:00,-0.0007537709531771057,False
2022-12-17 22:46:57.558720+00:00,0.0008163868726151079,False
2022-12-18 08:42:50.348736+00:00,0.0004995111389109947,False
2022-12-18 21:57:20.688192+00:00,0.00111071111829045,False
2022-12-19 09:32:32.244288+00:00,-0.0011394749213280704,False
2022-12-19 16:09:47.392416+00:00,0.0007340566317596436,False
2022-12-20 10:22:14.104416+00:00,0.0009694708472989021,False
2022-12-21 09:32:37.159584+00:00,-0.0006120568775269675,False
2022-12-21 17:49:11.052192+00:00,0.0001601252887693408,False
2022-12-22 12:01:37.687296+00:00,0.0002664231424533952,False
2022-12-22 16:59:34.027008+00:00,0.0002601809807273272,False
2022-12-23 02:55:26.721120+00:00,0.00021755324918883406,False
2022-12-23 11:12:00.651744+00:00,-0.0010209365194327517,False
2022-12-23 21:07:53.304384+00:00,0.001388803376082022,False
2022-12-24 05:24:27.241056+00:00,0.0003388632132904208,False
2022-12-24 12:01:42.358080+00:00,0.00023181260650850094,False
2022-12-24 18:38:57.470784+00:00,0.0007055924087873787,False
2022-12-25 07:53:27.717792+00:00,-0.0006940479238703491,False
2022-12-25 12:51:24.033312+00:00,-0.0008564099092349637,False
2022-12-25 19:28:39.114912+00:00,0.0009531139055238506,False
2022-12-26 08:43:09.347232+00:00,0.0002897798746977448,False
2022-12-26 18:39:01.987776+00:00,0.0005499449789091839,False
2022-12-27 11:12:09.731520+00:00,-0.0009499517417192915,False
2022-12-27 16:10:06.022848+00:00,0.0006604015960412477,False
2022-12-28 10:22:32.535264+00:00,0.0011787931816898429,False
2022-12-28 15:20:28.840416+00:00,-4.670644544049231e-06,False
2022-12-29 11:12:14.075712+00:00,-0.0002408506320608697,False
2022-12-29 17:49:29.125344+00:00,0.0009943876707361981,False
2022-12-30 12:01:55.548768+00:00,0.0005065596023258647,False
2022-12-30 18:39:10.616544+00:00,0.0013555614558698472,False
2022-12-31 09:32:59.519904+00:00,-0.0012915707179876224,False
2022-12-31 22:47:29.578560+00:00,0.002022301276531013,False
2023-01-01 12:01:59.691648+00:00,0.00028056957617954314,False
2023-01-01 20:18:33.499584+00:00,0.0011844857800261258,False
2023-01-02 06:14:26.087424+00:00,-0.0010094781041387524,False
2023-01-02 19:28:56.107200+00:00,0.001233598627270225,False
2023-01-03 10:22:44.956992+00:00,-0.0005479438985923079,False
2023-01-04 09:33:07.541280+00:00,-0.00016431663888922523,False
2023-01-04 22:47:37.544640+00:00,0.000990763526637947,False
2023-01-05 12:02:07.587744+00:00,0.0002607563213962321,False
2023-01-05 20:18:41.349888+00:00,0.0008947220379036751,False
2023-01-06 01:16:37.626528+00:00,-0.0005134730912429593,False
2023-01-06 21:08:22.576704+00:00,-0.00030098327824287004,False
2023-01-07 03:45:37.605600+00:00,-0.0014372843078428298,False
2023-01-07 21:58:03.748224+00:00,0.0010145938892999146,False
2023-01-08 09:33:14.974272+00:00,-0.0012433688067943385,False
2023-01-08 19:29:07.392768+00:00,0.0007438071584143712,False
2023-01-09 08:43:37.364160+00:00,0.00013297190903540116,False
2023-01-09 15:20:52.306656+00:00,3.0849752246448403e-06,False
2023-01-09 21:58:07.254336+00:00,0.0012522318309957383,False
2023-01-10 11:12:37.174752+00:00,-0.0009063080433740307,False
2023-01-10 16:10:33.373632+00:00,-0.0001085109824507691,False
2023-01-10 21:08:29.569920+00:00,0.0019016823578942438,False
2023-01-11 08:43:40.749312+00:00,-0.000795728479353336,False
2023-01-11 18:39:33.138432+00:00,0.0007299696509978429,False
2023-01-12 21:08:32.824608+00:00,0.0011163625993333738,False
2023-01-13 12:02:21.400512+00:00,-0.00048246036375250954,False
2023-01-13 21:58:13.736928+00:00,0.00015638564662752083,False
2023-01-14 04:35:28.658688+00:00,-0.00020835329267492346,False
2023-01-14 11:12:43.537248+00:00,-0.0010678608942895304,False
2023-01-15 08:43:46.863840+00:00,0.001310616785259477,False
2023-01-15 20:18:57.892896+00:00,0.0011423233577890842,False
2023-01-16 12:52:04.999872+00:00,-0.0013686413909801964,False
2023-01-16 17:50:01.101984+00:00,0.000971936832316479,False
2023-01-17 12:02:26.878272+00:00,-0.0010557815623603345,False
2023-01-17 17:00:22.985568+00:00,0.00021525468397314148,False
2023-01-18 01:16:56.507520+00:00,9.087242769543189e-05,False
2023-01-18 11:12:48.747168+00:00,-6.268059557540005e-05,False
2023-01-18 16:10:44.832000+00:00,0.0005092091502470743,False
2023-01-19 12:02:29.236128+00:00,0.001976824606713917,False
2023-01-20 11:12:51.009120+00:00,3.3137732285071046e-05,False
2023-01-20 19:29:24.458496+00:00,0.0012029705608079064,False
2023-01-22 01:17:00.877632+00:00,-0.00036629937743868236,False
2023-01-23 03:45:59.806944+00:00,-0.0008218120064154332,False
2023-01-24 07:54:17.332128+00:00,-0.0006789389866653853,False
2023-01-25 13:41:53.420352+00:00,-0.0007246965885529546,False
2023-01-25 18:39:49.435200+00:00,0.000491995770392341,False
2023-01-26 07:54:18.827712+00:00,-0.0003026067865901127,False
2023-01-26 16:10:52.141440+00:00,0.0005672682269138938,False
2023-01-27 12:02:36.146400+00:00,0.0006922162833685455,False
2023-01-27 17:00:32.143968+00:00,0.0003438124244769434,False
2023-01-28 11:12:57.461472+00:00,-0.0007676447024825696,False
2023-01-28 17:50:12.097248+00:00,0.0005627593040341197,False
2023-01-29 18:39:52.020288+00:00,0.0009281086834335493,False
2023-01-30 06:15:02.688192+00:00,-0.0005816794275470341,False
2023-01-30 19:29:31.915680+00:00,0.00046964270661297705,False
2023-01-31 12:02:38.513760+00:00,0.0009686641697214844,False
2023-01-31 17:00:34.503552+00:00,2.2462464927192722e-05,False
2023-02-01 01:17:07.784448+00:00,0.0003078791591527068,False
2023-02-01 12:52:18.396192+00:00,-0.0006957782590924065,False
2023-02-02 12:02:39.551424+00:00,0.0010576240351172946,False
2023-02-02 18:39:54.177696+00:00,-0.00017997415308251992,False
2023-02-03 07:54:23.438880+00:00,-6.103878095681334e-05,False
2023-02-03 19:29:33.940896+00:00,0.00022918133975448492,False
2023-02-04 08:44:03.185664+00:00,-0.0004932259558568654,False
2023-02-04 18:39:55.077120+00:00,0.0015798184954703453,False
2023-02-05 01:17:09.703392+00:00,-0.00097222207798673,False
2023-02-05 07:54:24.298560+00:00,-0.0006699612889848758,False
2023-02-05 19:29:34.792800+00:00,-0.00011086247999147689,False
2023-02-06 03:46:08.040000+00:00,-0.0010381996131447122,False
2023-02-06 08:44:03.946848+00:00,0.0005408754013963855,False
2023-02-06 21:58:33.103488+00:00,0.0017593675752318164,False
2023-02-07 04:35:47.738400+00:00,-0.0009798472938159298,False
2023-02-07 11:13:02.271360+00:00,-0.0005175387781077098,False
2023-02-07 17:50:16.816416+00:00,0.0008534220414193833,False
2023-02-08 10:23:23.221824+00:00,-0.0005336378956259085,False
2023-02-08 21:58:33.628800+00:00,0.001156135174723329,False
2023-02-09 11:13:02.701632+00:00,-0.002924047195926815,False
2023-02-09 12:52:21.280224+00:00,-0.00020344407338398736,False
2023-02-10 02:06:50.310720+00:00,-1.5684838889065602e-05,False
2023-02-10 17:00:37.935360+00:00,-7.121499341993572e-05,False
2023-02-11 07:54:25.515936+00:00,-4.7163152591451e-05,False
2023-02-11 17:50:17.195712+00:00,-0.0006730844148891168,False
2023-02-12 08:44:04.657920+00:00,-0.0015010696001630523,False
2023-02-13 02:56:29.348160+00:00,-0.00036846129477849507,False
2023-02-13 12:52:20.987328+00:00,-0.0020976306058923108,False
2023-02-14 08:44:04.196544+00:00,-0.0005241555109521522,False
2023-02-14 18:39:55.767456+00:00,0.0006212689984938275,False
2023-02-15 07:54:24.563808+00:00,-0.00027031800098310235,False
2023-02-15 19:29:34.683936+00:00,0.0008418752336895306,False
2023-02-16 10:23:22.054560+00:00,0.0002318168329673866,False
2023-02-16 20:19:13.568448+00:00,0.00047470968065261524,False
2023-02-17 04:35:46.525344+00:00,-0.001369734528555378,False
2023-02-17 19:29:33.669600+00:00,-0.002625701727099487,False
2023-02-18 00:27:29.430432+00:00,-0.0006781558403932458,False
2023-02-18 12:02:39.461568+00:00,0.0004933362902619482,False
2023-02-19 01:17:08.028960+00:00,0.0021302314044543786,False
2023-02-19 06:15:03.794976+00:00,-7.123131476145447e-07,False
2023-02-20 05:25:23.836512+00:00,0.0015789003002246176,False
2023-02-20 12:02:38.105952+00:00,0.0011342416410312019,False
2023-02-21 12:52:16.653504+00:00,-0.00027212543893459073,False
2023-02-21 19:29:30.897888+00:00,0.0013261816644228215,False
2023-02-22 12:02:36.547296+00:00,-0.0007486656764935061,False
2023-02-22 17:00:32.240736+00:00,-0.00015760502737140918,False
2023-02-23 11:12:56.426400+00:00,-0.00031448768518417373,False
2023-02-23 17:50:10.644000+00:00,0.0009147651005098852,False
2023-02-24 12:02:34.806336+00:00,0.0006819386223519473,False
2023-02-24 18:39:49.033440+00:00,0.00012092373193792172,False
2023-02-25 01:17:03.264864+00:00,-0.0006510130986431998,False
2023-02-25 09:33:36.039456+00:00,-0.0006830491091779798,False
2023-02-25 22:48:04.405536+00:00,0.0002804956547446055,False
2023-02-26 03:46:00.098976+00:00,0.00045194392725715084,False
2023-02-26 10:23:14.284608+00:00,0.0015634862389673691,False
2023-02-26 17:00:28.489248+00:00,0.001248298410022616,False
2023-02-27 04:35:38.368320+00:00,0.0027197086195445397,False
2023-02-27 11:12:52.564320+00:00,-0.0005270630171459992,False
2023-02-27 16:10:48.164448+00:00,0.0008038444860385707,False
2023-02-28 10:23:12.135840+00:00,0.0007600736234885637,False
2023-02-28 15:21:07.754112+00:00,-0.0008253295781672905,False
2023-03-01 11:12:50.145984+00:00,-0.004154135258818269,False
2023-03-01 17:50:04.245216+00:00,-4.262505203430202e-05,False
2023-03-02 18:39:42.168096+00:00,-0.0021074626575308918,False
2023-03-03 09:33:28.944288+00:00,0.0007191395916885442,False
2023-03-03 14:31:24.497760+00:00,-0.00024958345984469937,False
2023-03-04 03:45:52.696224+00:00,0.0010009639936139122,False
2023-03-04 17:00:20.818656+00:00,0.0006160080693943179,False
2023-03-05 11:12:44.479872+00:00,-0.0018868887173611902,False
2023-03-05 21:08:35.499552+00:00,0.0006679777368234923,False
2023-03-06 20:18:54.514656+00:00,-0.0020980035425539833,False
2023-03-07 01:16:50.055168+00:00,-0.001520260678359029,False
2023-03-07 19:29:13.458912+00:00,-0.0009476415326268284,False
2023-03-08 03:45:45.950112+00:00,-0.0017126822572162614,False
2023-03-08 20:18:50.771808+00:00,-0.0014842673330314566,False
2023-03-09 04:35:23.222400+00:00,-0.0023623870522577095,False
2023-03-09 19:29:09.494880+00:00,-0.0010565400037773247,False
2023-03-10 12:02:14.259552+00:00,-0.0012293211040938844,False
2023-03-10 15:20:51.205920+00:00,-0.0010590648756757205,False
2023-03-11 09:33:14.353920+00:00,-0.0020029488565897805,False
2023-03-11 16:10:28.198272+00:00,-0.0010278099041463081,False
2023-03-11 21:08:23.571168+00:00,0.0010682261215067906,False
2023-03-12 13:41:28.196736+00:00,-0.003103039061021717,False
2023-03-12 18:39:23.551488+00:00,-0.0005539193456846535,False
2023-03-13 11:12:28.088064+00:00,-0.002780240144843563,False
2023-03-13 17:49:41.870208+00:00,-0.00026295877732008947,False
2023-03-14 02:06:14.107392+00:00,0.000647043196232099,False
2023-03-14 12:02:04.806528+00:00,-0.0007925767634584958,False
2023-03-14 17:00:00.139680+00:00,-0.00024618699310735093,False
2023-03-15 11:12:23.031936+00:00,-0.0007335645987875811,False
2023-03-15 16:10:18.338304+00:00,0.0002338405858932763,False
2023-03-16 12:01:59.615616+00:00,6.366706502985422e-05,False
2023-03-16 16:59:54.922848+00:00,-0.0007017119116277907,False
2023-03-17 11:12:17.673408+00:00,-0.0024841271681731187,False
2023-03-17 16:10:12.945216+00:00,-0.00017206272933527133,False
2023-03-18 18:39:07.766208+00:00,-0.0013004310865095182,False
2023-03-19 11:12:12.011616+00:00,-0.0005293671019117694,False
2023-03-19 17:49:25.695264+00:00,0.0005527320956032186,False
2023-03-20 05:24:34.687008+00:00,0.0009598431805870641,False
2023-03-20 12:01:48.343008+00:00,0.0003468772108771611,False
2023-03-20 20:18:20.425536+00:00,0.0009074954773814704,False
2023-03-21 09:32:47.777280+00:00,-0.0014038942279252366,False
2023-03-21 21:07:56.650656+00:00,0.0015536209965726418,False
2023-03-22 18:38:55.980384+00:00,-0.00032416233718455655,False
2023-03-23 11:12:00.063360+00:00,-0.0026031536163454846,False
2023-03-23 19:28:32.062080+00:00,0.00017866507209554757,False
2023-03-24 12:01:36.063840+00:00,0.001576806936604812,False
2023-03-24 18:38:49.644672+00:00,0.00031863306182130136,False
2023-03-25 01:16:03.238464+00:00,-0.001767676532416488,False
2023-03-25 19:28:25.438656+00:00,-0.00279758954611378,False
2023-03-26 02:05:39.003936+00:00,-0.0008701356951431018,False
2023-03-26 18:38:42.782784+00:00,-0.001963030576803507,False
2023-03-27 07:53:09.839904+00:00,-0.0009684084096540609,False
2023-03-27 12:51:04.958784+00:00,-0.0009606810486105088,False
2023-03-27 19:28:18.435936+00:00,0.0007568026368567545,False
2023-03-28 13:40:40.597248+00:00,0.0014974730826073273,False
2023-03-28 20:17:54.103776+00:00,0.0018302369174040282,False
2023-03-29 12:50:57.856704+00:00,-0.001554040298405132,False
2023-03-29 17:48:52.946208+00:00,0.0003555884437263059,False
2023-03-30 18:38:28.397184+00:00,-0.0014832685317653525,False
2023-04-01 05:23:53.892384+00:00,-0.004146458927565475,False
2023-04-01 12:01:07.280544+00:00,0.00037447572598817754,False
2023-04-01 16:59:02.350176+00:00,-0.00021555440645250454,False
2023-04-02 06:13:29.181792+00:00,-0.00027277788904747115,False
2023-04-02 11:11:24.205632+00:00,-0.0005428215389592883,False
2023-04-02 17:48:37.583424+00:00,-0.0002913944732077651,False
2023-04-03 08:42:22.684320+00:00,-0.000742569303602409,False
2023-04-03 20:17:31.080768+00:00,0.0006614155571835418,False
2023-04-04 12:50:34.514016+00:00,-0.0018962284381271023,False
2023-04-04 19:27:47.839104+00:00,0.0002172911212814998,False
2023-04-05 12:00:51.191136+00:00,-0.00042880529366578113,False
2023-04-05 16:58:46.194240+00:00,0.00038254819434078416,False
2023-04-06 06:13:12.909216+00:00,0.00021764801170048344,False
2023-04-06 11:11:07.879488+00:00,-0.0007065594479684163,False
2023-04-06 16:09:02.856672+00:00,-0.00015020568382863894,False
2023-04-07 10:21:24.447744+00:00,-0.00011123122451859473,False
2023-04-08 12:50:17.640960+00:00,-0.001150739811924611,False
2023-04-09 13:39:52.433568+00:00,9.975605847937748e-05,False
2023-04-09 18:37:47.393472+00:00,0.0012509267347210668,False
2023-04-10 11:10:50.595168+00:00,-0.0009436326654517647,False
2023-04-10 17:48:03.843360+00:00,0.000781903677043742,False
2023-04-11 00:25:17.112288+00:00,-6.564001099867284e-05,False
2023-04-11 12:00:25.291872+00:00,-0.00043192559802629005,False
2023-04-11 16:58:20.229312+00:00,-0.00022820504383878822,False
2023-04-12 01:14:51.774432+00:00,0.000330918906525178,False
2023-04-12 11:10:41.634624+00:00,-0.0018098254369526934,False
2023-04-13 10:20:57.903072+00:00,0.00010024086980532816,False
2023-04-14 02:54:00.945792+00:00,0.4711439600169917,False
2023-04-14 12:50:02.838912+00:00,0.03152948583985225,False
2023-04-15 13:39:47.382624+00:00,0.011536201842487034,False
2023-04-15 18:37:44.166432+00:00,0.0038725123964448607,False
2023-04-16 11:10:53.588064+00:00,-0.006080326313478267,False
2023-04-16 17:48:09.313344+00:00,-0.0003786282313799719,False
2023-04-17 12:00:37.638432+00:00,0.0004849674150832887,False
2023-04-17 18:37:53.365440+00:00,0.00017408640597756672,False
2023-04-18 06:13:05.922912+00:00,-0.0006106231699084632,False
2023-04-18 19:27:37.298304+00:00,-0.0009867295135997604,False
2023-04-19 12:00:46.574784+00:00,0.0007724651192877819,False
2023-04-19 18:38:02.276736+00:00,0.0008401880286491077,False
2023-04-20 12:50:30.416928+00:00,-0.002152140769656792,False
2023-04-20 17:48:27.167904+00:00,0.00033143433342607405,False
2023-04-21 02:05:01.768992+00:00,-0.0009795463118874646,False
2023-04-21 12:00:55.205280+00:00,-0.000922480015385396,False
2023-04-21 18:38:10.867488+00:00,0.0011017891870356796,False
2023-04-22 12:50:38.933376+00:00,-0.001386587330127944,False
2023-04-22 19:27:54.561888+00:00,0.0012013383310273869,False
2023-04-23 10:21:44.783712+00:00,0.0002798591151467276,False
2023-04-23 20:17:38.213088+00:00,0.00030453772219533686,False
2023-04-24 09:32:09.499488+00:00,0.0009199101681013561,False
2023-04-25 03:44:37.441824+00:00,-0.0015181071554625399,False
2023-04-25 10:21:52.992576+00:00,-0.0010321941269037839,False
2023-04-26 09:32:17.504448+00:00,-0.003691452052084862,False
2023-04-26 21:07:29.708544+00:00,0.0004724352154027397,False
2023-04-27 10:22:00.845472+00:00,-0.00012914844267742612,False
2023-04-27 20:17:54.187584+00:00,0.000984966212353773,False
2023-04-28 12:51:03.100320+00:00,0.0006750435132417401,False
2023-04-29 00:26:15.323424+00:00,0.002484895114578942,False
2023-04-29 12:01:27.533568+00:00,0.0011242278427220204,False
2023-04-30 01:15:58.616064+00:00,0.0007828372045372129,False
2023-04-30 12:51:10.810656+00:00,-0.0010793960865780824,False
2023-05-01 02:05:41.875872+00:00,0.0015872599907025542,False
2023-05-01 12:01:35.154048+00:00,-0.00014736648666508379,False
2023-05-01 18:38:50.677152+00:00,-0.0004542976887711937,False
2023-05-02 12:51:18.348192+00:00,0.000294552525282456,False
2023-05-02 19:28:33.845376+00:00,0.0006158063093480658,False
2023-05-03 12:01:42.594816+00:00,-4.977867852397951e-05,False
2023-05-03 18:38:58.090272+00:00,0.0005807607547835842,False
2023-05-04 11:12:06.847488+00:00,-0.0002810699535055574,False
2023-05-04 17:49:22.328256+00:00,0.0010631072192112262,False
2023-05-05 05:24:34.443360+00:00,-0.0007870081164353963,False
2023-05-05 18:39:05.385888+00:00,0.0009442210589649315,False
2023-05-06 11:12:14.099904+00:00,-0.000216729874659264,False
2023-05-07 12:01:57.078048+00:00,0.0014281932670629199,False
2023-05-07 16:59:53.671776+00:00,-0.0003253746438707744,False
2023-05-08 19:28:55.441056+00:00,-0.0006292787255543562,False
2023-05-09 12:02:04.043616+00:00,0.00032673109416194064,False
2023-05-10 12:51:46.898208+00:00,0.0006016520915024491,False
2023-05-10 19:29:02.295168+00:00,0.0014010650404461813,False
2023-05-11 02:06:17.733600+00:00,0.0002263223791088831,False
2023-05-11 12:02:10.832928+00:00,0.0002189805605247808,False
2023-05-11 18:39:26.239392+00:00,0.00037249188809192777,False
2023-05-12 07:53:57.047136+00:00,-0.0005670159659513531,False
2023-05-12 16:10:31.271520+00:00,-0.0009026926860075831,False
2023-05-12 22:47:46.614048+00:00,0.0011782923815464716,False
2023-05-13 10:22:58.559808+00:00,-0.00048791615182494164,False
2023-05-13 17:00:13.931712+00:00,-0.0003772009883116907,False
2023-05-14 06:14:44.693664+00:00,-0.00019425060744594335,False
2023-05-14 11:12:41.184576+00:00,-0.0005690295623564177,False
2023-05-14 17:49:56.533152+00:00,0.0011556051154756695,False
2023-05-15 12:02:23.767872+00:00,-0.00013506004339250378,False
2023-05-15 18:39:39.124224+00:00,0.0006196457254967234,False
2023-05-16 09:33:28.651392+00:00,-0.00139703357640988,False
2023-05-16 21:08:40.490016+00:00,0.0010560289142557658,False
2023-05-17 20:19:04.217376+00:00,0.0012892663347682492,False
2023-05-18 02:56:19.555584+00:00,3.316751562683969e-05,False
2023-05-18 12:52:12.562464+00:00,0.00027450443115483965,False
2023-05-18 21:08:46.726368+00:00,-0.00011541394758270932,False
2023-05-19 03:46:02.059392+00:00,-9.910223060877882e-05,False
2023-05-19 20:19:10.380288+00:00,0.00020741432642581536,False
2023-05-20 04:35:44.527776+00:00,-0.00041651444115540235,False
2023-05-20 21:08:52.810656+00:00,0.0007316219166445866,False
2023-05-21 08:44:04.604352+00:00,0.00022265678175771076,False
2023-05-21 20:19:15.990240+00:00,-0.03474771733010112,False
2023-05-22 04:35:49.885440+00:00,-9.020616565592865e-05,False
2023-05-22 12:52:23.790144+00:00,0.0006432050327330363,False
2023-05-22 21:08:57.684480+00:00,0.0004392416195941266,False
2023-05-23 12:02:46.688064+00:00,0.0006859912347737882,False
2023-05-23 20:19:20.572032+00:00,0.00038007172358201847,False
2023-05-24 16:11:05.875584+00:00,0.0006740604931588278,False
2023-05-25 18:40:06.246048+00:00,0.001092141223318624,False
2023-05-25 20:19:25.021632+00:00,0.000397991901325516,False
2023-05-26 12:52:32.738592+00:00,0.0005919583865391191,False
2023-05-26 21:09:06.592320+00:00,0.0003848011474376329,False
2023-05-27 03:46:21.675648+00:00,0.00021498590160924104,False
2023-05-27 20:19:29.376192+00:00,0.0002993182456003964,False
2023-05-28 04:36:03.219552+00:00,-6.575189764316158e-05,False
2023-05-28 11:13:18.292512+00:00,0.0002416967885063298,False
2023-05-28 21:09:10.896768+00:00,0.0001341245979187048,False
2023-05-29 13:42:18.568800+00:00,0.0005920871297411649,False
2023-05-29 17:00:56.100960+00:00,5.829110282721644e-05,False
2023-05-29 20:19:33.632256+00:00,0.00016155845378965067,False
2023-05-30 11:13:22.524384+00:00,0.0005283421658184907,False
2023-05-30 19:29:56.346144+00:00,7.24190813515583e-05,False
2023-05-30 21:09:15.109632+00:00,8.938290435630715e-05,False
2023-05-31 12:03:03.980160+00:00,-4.469831769985245e-05,False
2023-05-31 20:19:37.792416+00:00,0.00034575953174606597,False
2023-06-01 04:36:11.598624+00:00,5.283078287292536e-05,False
2023-06-01 11:13:26.644800+00:00,0.00036932884554097885,False
2023-06-01 21:09:19.207584+00:00,0.0002337307208818923,False
2023-06-02 12:03:08.047008+00:00,0.00015741629719946974,False
2023-06-02 18:40:23.079360+00:00,0.00010534641824800272,False
2023-06-03 12:52:49.418976+00:00,0.000663220320219068,False
2023-06-03 17:50:45.688704+00:00,6.25602776348425e-05,False
2023-06-03 21:09:23.198400+00:00,1.0105353526462118e-05,False
2023-06-04 12:03:12.003264+00:00,0.0006839328599824092,False
2023-06-04 18:40:27.020928+00:00,0.00019351556594094776,False
2023-06-04 20:19:45.773184+00:00,7.509014790213286e-05,False
2023-06-05 12:52:53.307840+00:00,0.0003652875603952991,False
2023-06-05 21:09:27.064800+00:00,5.186738042514878e-05,False
2023-06-06 03:46:42.070368+00:00,4.126423466198109e-06,False
2023-06-06 12:03:15.823872+00:00,0.00015964438799928268,False
2023-06-06 20:19:49.569600+00:00,-6.701689361095361e-05,False
2023-06-07 04:36:23.322240+00:00,0.00033952545509571765,False
2023-06-07 12:52:57.061920+00:00,3.427473604677804e-05,False
2023-06-07 21:09:30.797280+00:00,8.656312581382475e-05,False
2023-06-08 10:24:00.770400+00:00,0.0002011012426259614,False
2023-06-08 12:03:19.519200+00:00,0.0001029765307424407,False
2023-06-08 18:40:34.495392+00:00,-0.00011060605312846936,False
2023-06-09 11:13:41.943648+00:00,0.00053621212565029,False
2023-06-09 12:53:00.686400+00:00,2.988968038082629e-05,False
2023-06-09 19:30:15.656544+00:00,-4.175346473218747e-06,False
2023-06-10 12:03:23.078880+00:00,0.00017886653576535696,False
2023-06-10 17:01:19.300224+00:00,1.7011844546027557e-05,False
2023-06-10 20:19:56.777952+00:00,-0.00014187819187327168,False
2023-06-11 12:53:04.174368+00:00,0.00010949310418408649,False
2023-06-11 21:09:37.862208+00:00,0.00011939969393219151,False
2023-06-12 03:46:52.809024+00:00,9.393785838965741e-06,False
2023-06-12 12:03:26.502912+00:00,0.0004543437551387671,False
2023-06-12 20:20:00.179520+00:00,-0.00022613268992346426,False
2023-06-13 04:36:33.862176+00:00,0.0006138825358477898,False
2023-06-13 12:53:07.535328+00:00,4.769072645158961e-05,False
2023-06-13 19:30:22.470912+00:00,-1.2514052188921515e-06,False
2023-06-14 12:03:29.809440+00:00,0.00015917284747983453,False
2023-06-14 20:20:03.467904+00:00,8.223932485248054e-05,False
2023-06-15 11:13:52.052448+00:00,-2.0551651949131996e-05,False
2023-06-15 17:51:06.973344+00:00,0.00014168770623572858,False
2023-06-16 12:03:32.969952+00:00,-0.0002083101572957066,False
2023-06-16 18:40:47.877888+00:00,0.0004460685814039789,False
2023-06-17 01:18:02.780640+00:00,0.00010470908041614957,False
2023-06-17 11:13:55.138656+00:00,0.00019517761173043317,False
2023-06-17 21:09:47.482848+00:00,4.542495752028427e-05,False
2023-06-18 03:47:02.377824+00:00,-5.8463373948658306e-05,False
2023-06-18 12:03:35.993088+00:00,0.00010274881384488759,False
2023-06-18 18:40:50.879424+00:00,0.00010689136872334159,False
2023-06-19 04:36:43.202016+00:00,-3.1308109536802445e-05,False
2023-06-19 12:53:16.800864+00:00,1.5033549627648424e-05,False
2023-06-19 19:30:31.674240+00:00,5.425006704063643e-05,False
2023-06-20 08:45:01.412352+00:00,8.152271454455622e-05,False
2023-06-20 12:03:38.848608+00:00,-2.494186572224525e-05,False
2023-06-20 20:20:12.424992+00:00,1.3676842336415797e-05,False
2023-06-21 11:14:00.853152+00:00,-5.609554501541402e-05,False
2023-06-21 12:53:19.569120+00:00,0.0001274763883368474,False
2023-06-21 19:30:34.420896+00:00,0.00015182553957476157,False
2023-06-22 18:40:56.367552+00:00,-0.0005083726954516377,False
2023-06-24 03:47:10.508928+00:00,-0.00016689786673464244,False
2023-06-25 11:14:05.848800+00:00,-2.276072676167789e-05,False
2023-06-26 17:01:42.419136+00:00,-7.458187523946488e-05,False
2023-06-27 19:30:41.530752+00:00,0.0003437116643720604,False
2023-06-29 04:36:55.362816+00:00,0.00023903969300033455,False
2023-07-01 09:34:53.356224+00:00,0.001265430530431274,False
2023-07-02 12:03:52.302816+00:00,0.00036145516912287814,False
2023-07-03 17:51:28.564704+00:00,0.0004610799346651921,False
2023-07-04 23:39:04.776480+00:00,0.0003042847229882753,False
2023-07-06 02:08:03.593472+00:00,0.0004980489315962989,False
2023-07-07 04:37:02.368128+00:00,-0.0003700054299389721,False
2023-07-08 10:24:38.424384+00:00,0.0006013890444839113,False
2023-07-09 11:14:18.446784+00:00,0.0011236565534017253,False
2023-07-10 12:03:58.419936+00:00,0.000555035030689073,False
2023-07-11 17:51:34.339680+00:00,0.000679133182486085,False
2023-07-12 18:41:14.225568+00:00,0.0004885545756882896,False
2023-07-14 02:08:08.694528+00:00,0.0010711257181192624,False
2023-07-15 04:37:07.127040+00:00,0.000754806065897313,False
2023-07-16 10:24:42.821280+00:00,0.0008306734923705585,False
2023-07-17 11:14:22.494624+00:00,-0.0003485788958167619,False
2023-07-18 12:04:02.119584+00:00,0.0005582067165287139,False
2023-07-19 19:30:56.240352+00:00,0.0004118458898786808,False
2023-07-21 01:18:31.638240+00:00,-8.690864033574722e-06,False
2023-07-24 12:04:02.940384+00:00,0.0005132449369991271,False
2023-07-25 12:53:42.224064+00:00,-0.00030940525328283395,False
2023-07-26 13:43:21.440352+00:00,-0.0007337439671839725,False
2023-07-26 18:41:17.277216+00:00,1.91554369509641e-05,False
2023-07-26 20:20:35.892960+00:00,0.00017795642135519073,False
2023-07-27 12:53:42.014112+00:00,0.0003259890074737155,False
2023-07-27 21:10:15.061728+00:00,-6.191986369209518e-06,False
2023-07-28 02:08:10.887360+00:00,-4.637912784265577e-05,False
2023-07-28 12:04:02.544672+00:00,9.20870405488615e-05,False
2023-07-29 02:57:50.005152+00:00,1.562123179949036e-05,False
2023-07-30 10:24:43.479648+00:00,-0.0003452318685484095,False
2023-07-31 11:14:22.468704+00:00,-0.0006030241884201716,False
2023-08-01 18:41:15.804960+00:00,-0.00018236238904869835,False
2023-08-03 02:08:09.042720+00:00,-0.00048538343903252153,False
2023-08-04 02:57:47.868480+00:00,-0.0004939105716235074,False
2023-08-05 03:47:26.633760+00:00,-3.181395755862213e-06,False
2023-08-06 04:37:05.342016+00:00,9.338669404559876e-05,False
2023-08-07 10:24:39.725568+00:00,-0.0003773332946882847,False
2023-08-08 11:14:18.308544+00:00,-0.0010414489283510726,False
2023-08-09 15:22:34.004640+00:00,0.0004310334334273157,False
2023-08-10 19:30:49.636800+00:00,0.00019602204404169403,False
2023-08-12 02:57:42.339744+00:00,-0.0005794941460806054,False
2023-08-13 10:24:34.979616+00:00,-0.0005229738790911947,False
2023-08-14 11:14:13.337088+00:00,-0.00031613318940764985,False
2023-08-15 17:01:47.312832+00:00,-0.0006142355638795293,False
2023-08-16 17:51:25.578720+00:00,-0.0002633985980877015,False
2023-08-17 18:41:03.795360+00:00,-0.00041734461627889125,False
2023-08-18 19:30:41.967072+00:00,-0.00011078344016769064,False
2023-08-19 20:20:20.099904+00:00,-0.00040239356411800775,False
2023-08-21 03:47:12.333696+00:00,-0.00043248328572008604,False
2023-08-22 04:36:50.366304+00:00,-0.0004749813092906165,False
2023-08-23 12:03:42.484320+00:00,-0.00016917215063421863,False
2023-08-24 17:51:16.013376+00:00,-0.0005378900782823917,False
2023-08-24 21:09:53.064288+00:00,-5.8130506089506824e-05,False
2023-08-25 13:42:58.341312+00:00,6.684433913817993e-05,False
2023-08-25 20:20:12.442272+00:00,-0.0002232100562381533,False
2023-08-26 01:18:08.019072+00:00,-0.00010517540109288996,False
2023-08-26 12:53:17.694240+00:00,-4.915740310312551e-05,False
2023-08-26 21:09:50.315040+00:00,5.581097447690184e-05,False
2023-08-27 03:47:04.405632+00:00,-0.00018644907711832246,False
2023-08-27 08:44:59.972928+00:00,-0.00019516702718633304,False
2023-08-27 20:20:09.628224+00:00,0.0002861199195690296,False
2023-08-28 11:13:56.315424+00:00,-0.00010784652428603774,False
2023-08-28 19:30:28.910304+00:00,-7.167777976270441e-05,False
2023-08-29 17:01:29.656992+00:00,-0.00033759894931182526,False
2023-08-29 20:20:06.689760+00:00,1.11423425918426e-05,False
2023-08-30 19:30:25.919136+00:00,-0.00010495434909132484,False
2023-08-31 03:46:58.495008+00:00,-0.00011773085044206337,False
2023-08-31 20:20:03.633792+00:00,-0.00017082669876119735,False
2023-09-01 11:13:50.246688+00:00,-0.00048327860547103937,False
2023-09-01 12:53:08.757888+00:00,-1.5529166223469606e-05,False
2023-09-01 19:30:22.800960+00:00,3.435971987965022e-05,False
2023-09-02 12:03:27.901728+00:00,-0.00013085818430706568,False
2023-09-02 20:20:00.401568+00:00,-0.001837903352893723,False
2023-09-03 12:53:05.501472+00:00,0.001398773599936304,False
2023-09-03 17:51:01.016928+00:00,-0.00011796741409219073,False
2023-09-04 12:03:24.578784+00:00,0.000527362791053891,False
2023-09-04 18:40:38.592480+00:00,-0.0001195805867566463,False
2023-09-05 12:53:02.124096+00:00,-3.9597856079243675e-05,False
2023-09-05 19:30:16.123968+00:00,-0.00029355123272573194,False
2023-09-06 12:03:21.134016+00:00,-0.0003339407028030948,False
2023-09-06 20:19:53.625216+00:00,-0.0003326905884915136,False
2023-09-07 01:17:49.120800+00:00,-5.3155016174098724e-05,False
2023-09-07 12:52:58.615392+00:00,0.0004971621652113206,False
2023-09-07 21:09:31.096224+00:00,-0.0005241082893652095,False
2023-09-08 02:07:26.584896+00:00,-3.4712424632771005e-05,False
2023-09-08 12:03:17.575200+00:00,0.0005136503457126288,False
2023-09-08 20:19:50.050848+00:00,-0.00016385416329142222,False
2023-09-09 04:36:22.523040+00:00,0.0002795627273722874,False
2023-09-09 12:52:54.996960+00:00,-0.00012523993030356126,False
2023-09-10 10:23:55.404960+00:00,-6.12431381190675e-05,False
2023-09-10 12:03:13.898016+00:00,-8.745224145628798e-05,False
2023-09-11 11:13:32.768832+00:00,-0.00025374781895088163,False
2023-09-11 12:52:51.254976+00:00,-0.0001856181984900327,False
2023-09-12 12:03:10.088640+00:00,-0.00013657348834506802,False
2023-09-12 17:01:05.547936+00:00,0.0002322915624802615,False
2023-09-12 20:19:42.497760+00:00,-0.0010618228255062957,False
2023-09-13 09:34:11.978400+00:00,0.4302851112093952,False
2023-09-13 12:52:50.031552+00:00,0.0005001290050204005,False
2023-09-13 21:09:25.153632+00:00,7.797678008293293e-05,False
2023-09-14 10:23:57.313536+00:00,-0.002297701290816259,False
2023-09-14 12:03:16.343136+00:00,-0.00025905897415445664,False
2023-09-14 20:19:51.442752+00:00,0.0007827680497334631,False
2023-09-15 11:13:42.632256+00:00,0.0012101651014670548,False
2023-09-15 17:50:58.702272+00:00,-0.00026508711032382327,False
2023-09-16 12:03:27.878400+00:00,-0.0004826657392207284,False
2023-09-17 02:57:18.997920+00:00,-0.0008022726441231436,False
2023-09-17 11:13:54.050016+00:00,-0.0013134125599317576,False
2023-09-18 10:24:20.212992+00:00,0.00010182666496135135,False
2023-09-18 12:03:39.222720+00:00,-7.477216830286917e-06,False
2023-09-18 20:20:14.256672+00:00,-0.0005088420501658579,False
2023-09-19 11:14:05.298432+00:00,-0.00012913904540144336,False
2023-09-20 12:03:50.320800+00:00,-0.0007834127887590601,False
2023-09-20 18:41:06.321696+00:00,2.643237329760838e-05,False
2023-09-20 20:20:25.325376+00:00,0.0002117918684643987,False
2023-09-21 12:53:35.311200+00:00,-0.00044185474533363855,False
2023-09-21 21:10:10.288128+00:00,-0.0005410851581085424,False
2023-09-22 03:47:26.273472+00:00,-0.0004371042102865539,False
2023-09-22 12:04:01.240896+00:00,-0.00029559485878860397,False
2023-09-22 20:20:36.198816+00:00,-0.00035585957935226726,False
2023-09-23 11:14:27.117888+00:00,1.6448268732702177e-05,False
2023-09-23 12:53:46.114656+00:00,0.00022676565470068516,False
2023-09-24 12:04:11.944992+00:00,-0.0009158162355467027,False
2023-09-24 20:20:46.874400+00:00,0.00016621702124029736,False
2023-09-25 12:53:56.684832+00:00,-0.0013638812541970544,False
2023-09-25 19:31:12.607104+00:00,-7.588009602813007e-05,False
2023-09-25 21:10:31.584864+00:00,1.7719864467603184e-05,False
2023-09-26 12:04:22.382112+00:00,-0.0007278407223511711,False
2023-09-26 20:20:57.257088+00:00,-0.00012047309841824259,False
2023-09-27 04:37:32.135520+00:00,-7.56843592442664e-05,False
2023-09-27 11:14:48.037920+00:00,0.0001422344358581782,False
2023-09-28 12:04:32.602368+00:00,-0.0009373469154838336,False
2023-09-28 13:43:51.570624+00:00,-0.0001099739819921165,False
2023-09-28 20:21:07.443648+00:00,-0.00016054558198841276,False
2023-09-29 12:54:17.100288+00:00,-0.001133198247735974,False
2023-09-29 17:52:13.992960+00:00,-0.00019671941191363415,False
2023-09-30 05:27:26.733600+00:00,-0.0006865810146081161,False
2023-10-01 04:37:52.142304+00:00,-0.0024134415796050078,False
2023-10-01 12:54:26.926560+00:00,-0.00010759103993557685,False
2023-10-01 19:31:42.739104+00:00,-0.0007479439576376628,False
2023-10-02 05:27:36.461376+00:00,-0.0007295102759466499,False
2023-10-02 18:42:08.070912+00:00,-0.000311543615042553,False
2023-10-03 11:15:17.557344+00:00,-0.001265071981537534,False
2023-10-03 12:54:36.504000+00:00,-0.000128316637078289,False
2023-10-03 21:11:11.227776+00:00,-0.0007931084927939908,False
2023-10-04 13:44:20.645088+00:00,-0.002272099446403968,False
2023-10-04 18:42:17.465184+00:00,-0.0002938678139074211,False
2023-10-04 22:00:55.342944+00:00,-0.0002352985027137536,False
2023-10-05 12:54:45.762624+00:00,-0.0019719023823486616,False
2023-10-05 19:32:01.494816+00:00,-0.0006121909648648239,False
2023-10-05 21:11:20.434560+00:00,0.00030282651328588023,False
2023-10-06 13:44:29.744736+00:00,-0.0022659190942872823,False
2023-10-06 20:21:45.455328+00:00,-0.00042940532827724794,False
2023-10-07 12:54:54.727488+00:00,-0.0011319192773127295,False
2023-10-07 21:11:29.340672+00:00,-0.0008729732596071957,False
2023-10-08 02:09:26.104608+00:00,-0.00046541419548053105,False
2023-10-08 12:05:19.623840+00:00,-0.0014704168102183458,False
2023-10-08 20:21:54.206784+00:00,-0.0008158335799755676,False
2023-10-09 02:59:09.866400+00:00,-0.0006642663252018527,False
2023-10-09 12:55:03.359712+00:00,-0.0006960865131633713,False
2023-10-09 22:50:56.808960+00:00,-0.0018495150845240184,False
2023-10-10 05:28:12.445248+00:00,-0.0008848770068285821,False
2023-10-10 12:05:28.074624+00:00,-0.0009089796308552315,False
2023-10-10 20:22:02.605728+00:00,-5.945516235672922e-05,False
2023-10-11 11:15:52.734240+00:00,-0.0020098400619252945,False
2023-10-11 12:55:11.635968+00:00,-0.00018825907962292932,False
2023-10-12 13:44:55.096224+00:00,-0.0028769999420831683,False
2023-10-12 18:42:51.778944+00:00,-0.0004096220842833052,False
2023-10-12 22:01:29.561664+00:00,-0.0002765702787743706,False
2023-10-13 12:55:19.575264+00:00,-0.0019441191533743575,False
2023-10-13 19:32:35.107872+00:00,-0.0016116104060767051,False
2023-10-13 21:11:53.993184+00:00,-0.00015383827044420292,False
2023-10-14 12:05:43.973088+00:00,-0.00016825338616284014,False
2023-10-14 20:22:18.382368+00:00,-0.0007759333066463362,False
2023-10-15 04:38:52.790784+00:00,-0.0008436950614718852,False
2023-10-15 12:55:27.194880+00:00,-0.0002441871651031974,False
2023-10-15 21:12:01.579104+00:00,-0.000609586586529558,False
2023-10-16 08:47:13.706304+00:00,-0.0011968813121723874,False
2023-10-16 13:45:10.331136+00:00,2.3274135190709208e-06,False
2023-10-16 20:22:25.820544+00:00,-0.00059524263688594,False
2023-10-17 11:16:15.663936+00:00,-0.001387943983698504,False
2023-10-17 12:55:34.532832+00:00,-0.0001323321181014907,False
2023-10-18 03:49:24.354624+00:00,-0.0007855190508981775,False
2023-10-18 12:05:58.680960+00:00,-0.0010949502560450742,False
2023-10-18 22:01:51.852864+00:00,-0.0011636452141560731,False
2023-10-19 12:55:41.604672+00:00,-0.0012191846161396925,False
2023-10-19 19:32:57.033600+00:00,-0.0005863596519341677,False
2023-10-19 21:12:15.892992+00:00,1.1633149412001152e-06,False
2023-10-20 12:06:05.616288+00:00,5.364138360499358e-05,False
2023-10-20 20:22:39.889920+00:00,-0.00045494297334440037,False
2023-10-21 02:59:55.302432+00:00,-0.0005118091260330621,False
2023-10-21 12:55:48.422496+00:00,0.0005033128909933938,False
2023-10-21 21:12:22.669344+00:00,-0.0004775633431993234,False
2023-10-22 03:49:38.071488+00:00,-0.00034553699772931433,False
2023-10-22 13:45:31.153536+00:00,-0.00013912511345974446,False
2023-10-22 22:02:05.368416+00:00,-0.0018680143763806876,False
2023-10-23 04:39:20.755008+00:00,3.0251490792896902e-06,False
2023-10-23 21:12:29.193408+00:00,-0.0005386331363785449,False
2023-10-24 12:06:18.766368+00:00,-0.0003012904938522519,False
2023-10-24 13:45:37.605888+00:00,-0.00010525542360446307,False
2023-10-25 12:56:01.348800+00:00,-0.0006394408759413455,False
2023-10-25 21:12:35.529120+00:00,-0.0006649070279988072,False
2023-10-26 13:45:43.872480+00:00,-0.0006072352823420924,False
2023-10-26 22:02:18.027744+00:00,-0.0006313585909997926,False
2023-10-27 04:39:33.343488+00:00,-0.0009903821425122235,False
2023-10-27 12:56:07.497024+00:00,0.00023094164857210078,False
2023-10-27 21:12:41.636736+00:00,-0.0006115924904531082,False
2023-10-28 12:06:31.078368+00:00,-0.0010283229564223158,False
2023-10-28 20:23:05.188704+00:00,-0.0008885882528376148,False
2023-10-29 12:56:13.401600+00:00,-0.0010048872124197347,False
2023-10-29 19:33:28.672416+00:00,-0.0005893722972596353,False
2023-10-29 21:12:47.488608+00:00,-7.806700014348656e-05,False
2023-10-30 20:23:10.907520+00:00,-0.0009067123135506933,False
2023-10-31 04:39:44.978112+00:00,0.0002661310374972495,False
2023-10-31 12:56:19.035744+00:00,-0.00020319245430556988,False
2023-10-31 21:12:53.078688+00:00,-0.0005492036657473697,False
2023-11-01 12:06:42.342336+00:00,2.4230240565436146e-05,False
2023-11-01 13:46:01.147296+00:00,-8.055389911551023e-05,False
2023-11-01 22:02:35.167776+00:00,-0.0003884080158473253,False
2023-11-02 12:56:24.381312+00:00,-0.0009588186618573707,False
2023-11-02 19:33:39.581280+00:00,-0.00019573049748215548,False
2023-11-02 21:12:58.380192+00:00,-9.269400653949317e-05,False
2023-11-03 12:06:47.549664+00:00,-0.0019350073451343819,False
2023-11-03 20:23:21.528672+00:00,-6.993781958113609e-05,False
2023-11-04 04:39:55.492128+00:00,-0.0012420624747848602,False
2023-11-04 12:56:29.450400+00:00,-0.00034950627425979204,False
2023-11-04 21:13:03.380160+00:00,-0.001227597128465207,False
2023-11-05 12:06:52.433856+00:00,-0.002401161530194469,False
2023-11-05 13:46:11.230176+00:00,0.0007134662020072072,False
2023-11-05 22:02:45.022560+00:00,-0.006804358162631575,False
2023-11-06 12:56:34.020960+00:00,0.0008176757182616875,False
2023-11-06 19:33:49.101696+00:00,-0.00044325284889816454,False
2023-11-06 21:13:07.889376+00:00,-0.00019711902668602578,False
2023-11-07 12:06:56.810880+00:00,0.000692255948614214,False
2023-11-08 04:40:04.432800+00:00,-0.0014566516764448736,False
2023-11-08 12:56:38.231232+00:00,-0.0006590706460930775,False
2023-11-08 21:13:12.022752+00:00,-0.0005508816366774603,False
2023-11-09 12:07:00.806016+00:00,-0.0014684631906998994,False
2023-11-09 22:02:53.322144+00:00,-0.00010005301234227533,False
2023-11-10 12:56:42.059616+00:00,-0.001611611163734815,False
2023-11-10 19:33:57.040992+00:00,-0.0006403800379016663,False
2023-11-10 21:13:15.793248+00:00,0.0012751908802325228,False
2023-11-11 12:07:04.494432+00:00,-0.001880984950364099,False
2023-11-11 20:23:38.212512+00:00,0.0009548474124765807,False
2023-11-12 04:40:11.921088+00:00,-0.00035110054657789137,False
2023-11-12 12:56:45.614976+00:00,-0.0015616126815688539,False
2023-11-12 21:13:19.314912+00:00,0.0003127526786457816,False
2023-11-13 12:07:07.940064+00:00,-0.0009617270923074732,False
2023-11-13 22:03:00.361152+00:00,0.00027603905633390906,False
2023-11-14 12:56:48.969888+00:00,-0.0002520147546418443,False
2023-11-14 17:54:45.166176+00:00,-0.00018955132297793274,False
2023-11-14 21:13:22.624896+00:00,-6.753094340061929e-05,False
2023-11-15 13:46:29.924544+00:00,-0.0006614034324089028,False
2023-11-15 18:44:26.107872+00:00,-0.0001917716348869088,False
2023-11-15 22:03:03.564000+00:00,-0.00014157623123190567,False
2023-11-16 12:56:52.113120+00:00,0.000555328423619229,False
2023-11-16 21:13:25.736160+00:00,-0.00028740050116016246,False
2023-11-17 03:50:40.633728+00:00,-0.00011906675597772674,False
2023-11-17 13:46:32.983104+00:00,1.3582041789726783e-05,False
2023-11-17 22:03:06.595776+00:00,0.00016731346201472898,False
2023-11-18 04:40:21.482976+00:00,-0.00020245652881049117,False
2023-11-18 12:56:55.092192+00:00,-0.00041338734506808476,False
2023-11-18 21:13:28.692768+00:00,0.0004660327214742892,False
2023-11-19 12:07:17.164992+00:00,-0.0006553079480341672,False
2023-11-19 13:46:35.881824+00:00,3.0432859786934312e-05,False
2023-11-19 22:03:09.472896+00:00,0.0005506340447337418,False
2023-11-20 12:56:57.920928+00:00,-0.0005817142438870838,False
2023-11-20 19:34:12.781344+00:00,2.4777564927476676e-05,False
2023-11-20 21:13:31.493856+00:00,0.00020159737560879472,False
2023-11-21 12:07:19.907328+00:00,-0.0010174742492787751,False
2023-11-21 20:23:53.456064+00:00,-0.0006992310161266985,False
2023-11-22 04:40:27.004800+00:00,0.00042347449155116486,False
2023-11-22 09:38:23.119872+00:00,-0.00015414374489194362,False
2023-11-22 19:34:17.572224+00:00,0.2525486130496373,False
2023-11-23 12:07:27.788736+00:00,-0.00015165791153770591,False
2023-11-23 20:24:02.880576+00:00,-0.0003280782364142895,False
2023-11-24 04:40:37.972416+00:00,0.0002662477837865112,False
2023-11-24 12:57:13.046976+00:00,-0.0010917678248581072,False
2023-11-24 21:13:48.109440+00:00,-0.00017803904452099503,False
2023-11-25 12:07:39.187488+00:00,-0.001832714884279512,False
2023-11-25 20:24:14.129856+00:00,-0.004920378575318008,False
2023-11-26 12:57:24.222816+00:00,0.0042481138046250805,False
2023-11-26 19:34:40.220256+00:00,-0.00037641766424647877,False
2023-11-26 21:13:59.223072+00:00,0.0007234986824431366,False
2023-11-27 13:47:09.168288+00:00,-0.002079072584317178,False
2023-11-27 20:24:25.133760+00:00,-0.0005017266038954881,False
2023-11-28 03:01:41.097504+00:00,-0.0003246533559331156,False
2023-11-28 12:57:35.030592+00:00,-0.0016523131746948255,False
2023-11-28 19:34:50.978784+00:00,-0.00011792274803570674,False
2023-11-29 03:51:25.886592+00:00,-0.0002470738077189822,False
2023-11-29 13:47:19.773888+00:00,-0.002149591178154917,False
2023-11-30 04:41:10.572864+00:00,0.0005697561206047552,False
2023-12-01 05:30:55.191744+00:00,-0.0033538782616000995,False
2023-12-01 22:04:04.840608+00:00,-0.0018262715672751925,False
2023-12-02 11:18:36.382752+00:00,-0.007180863513243043,False
2023-12-02 12:57:55.500480+00:00,0.00793317449805417,False
2023-12-02 21:14:30.293376+00:00,0.00010310664384707185,False
2023-12-03 12:08:20.907456+00:00,-0.0022501546982411106,False
2023-12-03 18:45:36.723456+00:00,-0.00041691724780491823,False
2023-12-04 12:58:05.210976+00:00,-0.0003463044386138826,False
2023-12-04 21:14:39.965856+00:00,0.00044978884087309816,False
2023-12-05 03:51:55.760256+00:00,-0.0003594029711139762,False
2023-12-05 13:47:49.442784+00:00,-0.0004943908105095479,False
2023-12-05 22:04:24.177792+00:00,9.426948607930876e-05,False
2023-12-06 04:41:39.957504+00:00,-0.00020180064979000622,False
2023-12-06 12:58:14.683872+00:00,0.0005350152495966199,False
2023-12-06 21:14:49.398144+00:00,-0.000288206551895772,False
2023-12-07 05:31:24.115872+00:00,0.00028161866404330903,False
2023-12-07 13:47:58.823232+00:00,-0.00023576412225671947,False
2023-12-08 11:19:05.055456+00:00,6.834755267613214e-05,False
2023-12-08 12:58:23.993472+00:00,-9.120228462850803e-05,False
2023-12-08 21:14:58.690464+00:00,9.6900118244117e-05,False
2023-12-09 13:48:08.075808+00:00,-2.157706238833522e-05,False
2023-12-09 18:46:04.888128+00:00,-3.026647381935044e-05,False
2023-12-09 22:04:42.762432+00:00,0.0002707918647680066,False
2023-12-10 12:58:33.195072+00:00,-0.00026043837302846564,False
2023-12-10 19:35:48.937632+00:00,-2.091945784527601e-05,False
2023-12-10 21:15:07.873920+00:00,0.00043858004418226445,False
2023-12-11 12:08:58.288416+00:00,-0.0004492971989098003,False
2023-12-11 22:04:51.892320+00:00,0.0005135213669858539,False
2023-12-12 03:02:48.691680+00:00,-7.466763591757304e-05,False
2023-12-12 12:58:42.286080+00:00,-0.00044156063431494597,False
2023-12-12 21:15:16.939872+00:00,-0.00037159179015421224,False
2023-12-13 03:52:32.661696+00:00,7.811244882407684e-06,False
2023-12-13 13:48:26.247456+00:00,0.0004627975253160794,False
2023-12-13 22:05:00.895200+00:00,0.00027819508559112107,False
2023-12-14 04:42:16.609248+00:00,0.00014342740252414933,False
2023-12-14 12:58:51.246624+00:00,-0.00025608247001257295,False
2023-12-14 21:15:25.879680+00:00,0.00019391404221495029,False
2023-12-15 10:29:57.285312+00:00,8.641460258165508e-05,False
2023-12-15 13:48:35.131968+00:00,-0.00018626020109466885,False
2023-12-15 22:05:09.746016+00:00,0.00016556485033698636,False
2023-12-16 11:19:41.112768+00:00,-0.000490798485587517,False
2023-12-16 12:59:00.036960+00:00,-0.00013610807642634024,False
2023-12-16 21:15:34.640640+00:00,0.0006335128838097454,False
2023-12-17 13:48:43.805664+00:00,-0.001078203873019033,False
2023-12-17 18:46:40.554048+00:00,0.00020013246666280638,False
2023-12-17 20:25:59.461824+00:00,-0.001156717754222791,False
2023-12-18 12:59:08.606976+00:00,0.0010978597255057515,False
2023-12-18 19:36:24.254496+00:00,5.3340710667941623e-05,False
2023-12-18 21:15:43.169184+00:00,-6.696861693803279e-05,False
2023-12-19 13:48:52.264224+00:00,-0.00026560704261286523,False
2023-12-20 03:03:23.529024+00:00,0.0003390886927167537,False
2023-12-20 12:59:16.946304+00:00,-0.0008896639728375104,False
2023-12-20 21:15:51.462720+00:00,-0.0003651101551293465,False
2023-12-21 03:53:07.068768+00:00,-3.446113770865075e-05,False
2023-12-21 13:49:00.475680+00:00,-0.00030197106490244957,False
2023-12-21 20:26:16.071360+00:00,-2.6934179588161125e-06,False
2023-12-22 11:20:06.141984+00:00,-0.0008262484863694169,False
2023-12-22 12:59:25.033344+00:00,-0.0007947154333369804,False
2023-12-22 21:15:59.506560+00:00,0.0003292958742659224,False
2023-12-23 12:09:49.535712+00:00,-0.0008493516532466475,False
2023-12-23 13:49:08.416704+00:00,-0.0008614585963294463,False
2023-12-23 20:26:23.978688+00:00,-4.6544288322294784e-05,False
2023-12-24 12:59:32.846496+00:00,-0.0004447852671186946,False
2023-12-24 19:36:48.386880+00:00,-0.00012032517759048595,False
2023-12-24 21:16:07.279104+00:00,-0.00020950226826830015,False
2023-12-25 13:49:16.101984+00:00,-0.00042392826041285996,False
2023-12-25 20:26:31.626816+00:00,0.00022818652815527864,False
2023-12-26 04:43:06.023136+00:00,-0.000283763680596321,False
2023-12-26 12:59:40.413408+00:00,-0.0007925846887276122,False
2023-12-26 21:16:14.795904+00:00,-1.7926415476583399e-06,False
2023-12-27 10:30:45.795456+00:00,-0.0014105281079076313,False
2023-12-27 13:49:23.541888+00:00,-0.00047876555341607363,False
2023-12-27 20:26:39.034752+00:00,0.0006625429098985094,False
2023-12-28 11:20:28.873824+00:00,-0.0010622016034711735,False
2023-12-28 12:59:47.742720+00:00,3.0010598329049113e-05,False
2023-12-28 21:16:22.087200+00:00,0.0004648642002633138,False
2023-12-29 13:49:30.757152+00:00,-0.0010943626426648853,False
2023-12-29 18:47:27.355200+00:00,-3.4932850309767744e-05,False
2023-12-29 20:26:46.219776+00:00,0.00023245735413635852,False
2023-12-30 12:59:54.867264+00:00,-0.0008600105185341241,False
2023-12-30 19:37:10.317792+00:00,-0.00018548201104585688,False
2023-12-30 21:16:29.178048+00:00,0.000609285418055261,False
2023-12-31 20:26:53.237184+00:00,-0.00041114396294536677,False
2024-01-01 04:43:27.532416+00:00,-0.00023104649268900987,False
2024-01-01 04:43:27.532416+00:00,0.0,False
2024-01-01 13:00:01.825056+00:00,-0.0003805418170891268,False
2024-01-01 13:00:01.825056+00:00,0.0,False
2024-01-01 21:16:36.109056+00:00,-0.00012265348716703156,False
2024-01-01 21:16:36.109056+00:00,0.0,False
2024-01-02 10:31:06.954816+00:00,-0.0006766417645027091,False
2024-01-02 10:31:06.954816+00:00,0.0,False
2024-01-02 13:49:44.671872+00:00,0.0002537618157764517,False
2024-01-02 13:49:44.671872+00:00,-9.094947017729282e-13,False
2024-01-02 20:27:00.092160+00:00,0.00035822787471271906,False
2024-01-02 20:27:00.092160+00:00,0.0,False
2024-01-03 11:20:49.783488+00:00,8.083509720862485e-05,False
2024-01-03 11:20:49.783488+00:00,0.0,False
2024-01-03 13:00:08.636832+00:00,0.00011491689155296631,False
2024-01-03 13:00:08.636832+00:00,0.0,False
2024-01-03 21:16:42.901824+00:00,-0.0001785740309899784,False
2024-01-03 21:16:42.901824+00:00,0.0,False
2024-01-04 12:10:32.567232+00:00,0.0001863284401283289,False
2024-01-04 12:10:32.567232+00:00,0.0,False
2024-01-04 18:47:47.972832+00:00,0.00014302458362535687,False
2024-01-04 18:47:47.972832+00:00,0.0,False
2024-01-04 20:27:06.824448+00:00,5.1069813920995646e-05,False
2024-01-04 20:27:06.824448+00:00,0.0,False
2024-01-05 13:00:15.324192+00:00,-0.00046130930526301736,False
2024-01-05 13:00:15.324192+00:00,0.0,False
2024-01-05 21:16:49.564128+00:00,-0.00028677454219364334,False
2024-01-05 21:16:49.564128+00:00,0.0,False
2024-01-06 03:54:04.953312+00:00,-0.00018133265785457299,False
2024-01-06 03:54:04.953312+00:00,-9.094947017729282e-13,False
2024-01-06 10:31:20.345088+00:00,-5.825497744497922e-05,False
2024-01-06 10:31:20.345088+00:00,0.0,False
2024-01-06 18:47:54.580704+00:00,-1.917354003774872e-05,False
2024-01-06 18:47:54.580704+00:00,9.094947017729282e-13,False
2024-01-07 04:43:47.657568+00:00,0.0003980342023021581,False
2024-01-07 04:43:47.657568+00:00,0.0,False
2024-01-07 13:00:21.879360+00:00,-0.00085351512627121,False
2024-01-07 13:00:21.879360+00:00,0.0,False
2024-01-07 21:16:56.099424+00:00,0.0003363606227928318,False
2024-01-07 21:16:56.099424+00:00,-9.094947017729282e-13,False
2024-01-08 10:31:26.841504+00:00,-0.0002759641623002122,False
2024-01-08 10:31:26.841504+00:00,0.0,False
2024-01-08 13:50:04.521408+00:00,-0.0003295964662310201,False
2024-01-08 13:50:04.521408+00:00,-9.094947017729282e-13,False
2024-01-08 22:06:38.728512+00:00,5.538705730531745e-05,False
2024-01-08 22:06:38.728512+00:00,0.0,False
2024-01-09 11:21:09.444672+00:00,-0.0001037706218375786,False
2024-01-09 11:21:09.444672+00:00,0.0,False
2024-01-09 13:00:28.284192+00:00,-0.0002577508802126147,False
2024-01-09 13:00:28.284192+00:00,0.0,False
2024-01-09 21:17:02.477472+00:00,0.00018200958665634255,False
2024-01-09 21:17:02.477472+00:00,0.0,False
2024-01-10 10:31:33.172032+00:00,-3.96361070859599e-05,False
2024-01-10 10:31:33.172032+00:00,9.094947017729282e-13,False
2024-01-10 18:48:07.346304+00:00,-0.0004168426706503668,False
2024-01-10 18:48:07.346304+00:00,0.0,False
2024-01-11 13:00:34.493760+00:00,-0.001102261514036571,False
2024-01-11 13:00:34.493760+00:00,1.8189894035458565e-12,False
2024-01-11 19:37:49.811232+00:00,-0.0003184485814614627,False
2024-01-11 19:37:49.811232+00:00,0.0,False
2024-01-11 21:17:08.642112+00:00,2.5899420903836975e-05,False
2024-01-11 21:17:08.642112+00:00,0.0,False
2024-01-12 13:50:16.929312+00:00,-0.0008449900935305645,False
2024-01-12 13:50:16.929312+00:00,0.0,False
2024-01-12 22:06:51.057792+00:00,5.027832417691812e-05,False
2024-01-12 22:06:51.057792+00:00,0.0,False
2024-01-13 04:44:06.351936+00:00,-0.0003695293542780901,False
2024-01-13 04:44:06.351936+00:00,0.0,False
2024-01-13 13:00:40.467456+00:00,-0.0011549182390577627,False
2024-01-13 13:00:40.467456+00:00,0.0,False
2024-01-14 10:31:45.118560+00:00,-0.0010354220711823185,False
2024-01-14 10:31:45.118560+00:00,0.0,False
2024-01-14 13:50:22.750944+00:00,-0.0006867262297085808,False
2024-01-14 13:50:22.750944+00:00,9.094947017729282e-13,False
2024-01-14 22:06:56.825856+00:00,-0.0005044688145393822,False
2024-01-14 22:06:56.825856+00:00,-9.094947017729282e-13,False
2024-01-15 11:21:27.320832+00:00,-0.001058057638349754,False
2024-01-15 11:21:27.320832+00:00,-9.094947017729282e-13,False
2024-01-15 13:00:46.141344+00:00,0.0007313871640809019,False
2024-01-15 13:00:46.141344+00:00,0.0,False
2024-01-15 21:17:20.195520+00:00,4.2481352277505807e-05,False
2024-01-15 21:17:20.195520+00:00,0.0,False
2024-01-16 13:50:28.268448+00:00,-0.0013586731612444487,False
2024-01-16 13:50:28.268448+00:00,0.0,False
2024-01-16 18:48:24.689376+00:00,4.817584319310097e-05,False
2024-01-16 18:48:24.689376+00:00,0.0,False
2024-01-16 20:27:43.496064+00:00,0.0002479693446661818,False
2024-01-16 20:27:43.496064+00:00,0.0,False
2024-01-17 13:00:51.541344+00:00,-0.001435047673187664,False
2024-01-17 13:00:51.541344+00:00,0.0,False
2024-01-17 19:38:06.744768+00:00,-0.0004981484049596537,False
2024-01-17 19:38:06.744768+00:00,0.0,False
2024-01-17 21:17:25.544544+00:00,0.00019810091629837554,False
2024-01-17 21:17:25.544544+00:00,0.0,False
2024-01-18 13:50:33.531936+00:00,-0.0012809696616060114,False
2024-01-18 13:50:33.531936+00:00,9.094947017729282e-13,False
2024-01-18 20:27:48.716352+00:00,-6.099209277578548e-05,False
2024-01-18 20:27:48.716352+00:00,-9.094947017729282e-13,False
2024-01-19 04:44:22.689312+00:00,-0.0004651454039341353,False
2024-01-19 04:44:22.689312+00:00,0.0,False
2024-01-19 13:00:56.651040+00:00,-0.000778217590289574,False
2024-01-19 13:00:56.651040+00:00,9.094947017729282e-13,False
2024-01-19 21:17:30.611904+00:00,-0.0001553808808800384,False
2024-01-19 21:17:30.611904+00:00,0.0,False
2024-01-20 10:32:00.941856+00:00,-0.0009418663644119192,False
2024-01-20 10:32:00.941856+00:00,9.094947017729282e-13,False
2024-01-20 13:50:38.521536+00:00,-0.00040275841715572465,False
2024-01-20 13:50:38.521536+00:00,1.8189894035458565e-12,False
2024-01-20 22:07:12.459072+00:00,-1.83498809286824e-05,False
2024-01-20 22:07:12.459072+00:00,0.0,False
2024-01-21 04:44:27.612384+00:00,-0.0013212587919893325,False
2024-01-21 04:44:27.612384+00:00,0.0,False
2024-01-21 11:21:42.747552+00:00,5.415984325047717e-05,False
2024-01-21 11:21:42.747552+00:00,-9.094947017729282e-13,False
2024-01-21 21:17:35.455488+00:00,0.0005873456883865177,False
2024-01-21 21:17:35.455488+00:00,0.0,False
2024-01-22 05:34:09.373152+00:00,-0.0013569476508884298,False
2024-01-22 05:34:09.373152+00:00,-9.094947017729282e-13,False
2024-01-22 18:48:39.614976+00:00,-0.00036875077607155917,False
2024-01-22 18:48:39.614976+00:00,0.0,False
2024-01-22 20:27:58.392288+00:00,0.0010350790768992723,False
2024-01-22 20:27:58.392288+00:00,0.0,False
2024-01-23 04:44:32.284032+00:00,-0.0013483980854509308,False
2024-01-23 04:44:32.284032+00:00,0.0,False
2024-01-23 21:17:40.035552+00:00,0.00032738183951070777,False
2024-01-23 21:17:40.035552+00:00,0.0,False
2024-01-24 02:15:36.356256+00:00,1.0341806064216e-05,False
2024-01-24 02:15:36.356256+00:00,0.0,False
2024-01-24 13:50:47.775840+00:00,-0.0021633087480223763,False
2024-01-24 13:50:47.775840+00:00,0.0,False
2024-01-24 22:07:21.629568+00:00,0.0006608132477251005,False
2024-01-24 22:07:21.629568+00:00,0.0,False
2024-01-25 03:05:17.934720+00:00,-0.0002934191481100078,False
2024-01-25 03:05:17.934720+00:00,0.0,False
2024-01-25 13:01:10.548480+00:00,-0.0005948525110879999,False
2024-01-25 13:01:10.548480+00:00,0.0,False
2024-01-25 21:17:44.379744+00:00,0.0003256484850964526,False
2024-01-25 21:17:44.379744+00:00,0.0,False
2024-01-26 03:54:59.437152+00:00,-0.00025581066426304234,False
2024-01-26 03:54:59.437152+00:00,0.0,False
2024-01-26 13:50:52.051776+00:00,-0.0005191043694694919,False
2024-01-26 13:50:52.051776+00:00,0.0,False
2024-01-27 11:21:55.965888+00:00,-0.0013989378852951794,False
2024-01-27 11:21:55.965888+00:00,0.0,False
2024-01-27 13:01:14.735424+00:00,0.0004030205268202942,False
2024-01-27 13:01:14.735424+00:00,0.0,False
2024-01-27 21:17:48.534720+00:00,0.0010103880374380243,False
2024-01-27 21:17:48.534720+00:00,9.094947017729282e-13,False
2024-01-28 13:50:56.124672+00:00,-0.0010982792574068952,False
2024-01-28 13:50:56.124672+00:00,0.0,False
2024-01-28 18:48:52.395264+00:00,-6.277407251952378e-05,False
2024-01-28 18:48:52.395264+00:00,0.0,False
2024-01-29 21:17:52.471104+00:00,-0.0008150210449658479,False
2024-01-29 21:17:52.471104+00:00,0.0,False
2024-01-30 03:55:07.478400+00:00,-0.0003603861860621841,False
2024-01-30 03:55:07.478400+00:00,0.0,False
2024-01-30 13:50:59.985024+00:00,-0.0005111505751036887,False
2024-01-30 13:50:59.985024+00:00,0.0,False
2024-01-30 22:07:33.742848+00:00,0.0007643861566693689,False
2024-01-30 22:07:33.742848+00:00,0.0,False
2024-01-31 04:44:48.739776+00:00,-0.0003084232779480778,False
2024-01-31 04:44:48.739776+00:00,0.0,False
2024-01-31 13:01:22.484640+00:00,-0.00023892243323253646,False
2024-01-31 13:01:22.484640+00:00,0.0,False
2024-01-31 21:17:56.223456+00:00,-0.00015552727599697834,False
2024-01-31 21:17:56.223456+00:00,1.8189894035458565e-12,False
2024-02-01 10:32:26.198304+00:00,-0.0001570752323655901,False
2024-02-01 10:32:26.198304+00:00,0.0,False
2024-02-01 13:51:03.688992+00:00,-0.00043359168960327985,False
2024-02-01 13:51:03.688992+00:00,0.0,False
2024-02-01 22:07:37.413120+00:00,-0.00013467668133579022,False
2024-02-01 22:07:37.413120+00:00,0.0,False
2024-02-02 11:22:07.369824+00:00,-2.522955368958646e-05,False
2024-02-02 11:22:07.369824+00:00,9.094947017729282e-13,False
2024-02-02 13:01:26.111712+00:00,-0.00018473871530958784,False
2024-02-02 13:01:26.111712+00:00,0.0,False
2024-02-02 21:17:59.824608+00:00,0.00021677240828124893,False
2024-02-02 21:17:59.824608+00:00,0.0,False
2024-02-03 12:11:48.496416+00:00,-0.001361359668855677,False
2024-02-03 12:11:48.496416+00:00,0.0,False
2024-02-03 20:28:22.195488+00:00,0.00040115623879739305,False
2024-02-03 20:28:22.195488+00:00,0.0,False
2024-02-03 22:07:40.934784+00:00,-5.4968837731806945e-05,False
2024-02-03 22:07:40.934784+00:00,0.0,False
2024-02-04 13:01:29.576352+00:00,-0.0013812422377603305,False
2024-02-04 13:01:29.576352+00:00,-9.094947017729282e-13,False
2024-02-04 21:18:03.262464+00:00,0.0005109026778815653,False
2024-02-04 21:18:03.262464+00:00,0.0,False
2024-02-05 03:55:18.203232+00:00,-0.0001088364050868103,False
2024-02-05 03:55:18.203232+00:00,0.0,False
2024-02-05 13:51:10.606176+00:00,-0.001056677303787564,False
2024-02-05 13:51:10.606176+00:00,0.0,False
2024-02-05 22:07:44.272416+00:00,0.00024611790739838474,False
2024-02-05 22:07:44.272416+00:00,0.0,False
2024-02-06 04:44:59.195040+00:00,-0.000298473738519105,False
2024-02-06 04:44:59.195040+00:00,0.0,False
2024-02-06 13:01:32.844000+00:00,-0.0004820224125915662,False
2024-02-06 13:01:32.844000+00:00,0.0,False
2024-02-06 21:18:06.485184+00:00,-0.0007383225200640268,False
2024-02-06 21:18:06.485184+00:00,0.0,False
2024-02-07 12:11:55.036032+00:00,-1.524309090593476e-05,False
2024-02-07 12:11:55.036032+00:00,0.0,False
2024-02-07 13:51:13.758048+00:00,-0.0004900135902336246,False
2024-02-07 13:51:13.758048+00:00,0.0,False
2024-02-07 22:07:47.381952+00:00,0.000347823545656913,False
2024-02-07 22:07:47.381952+00:00,0.0,False
2024-02-08 11:22:17.164128+00:00,-0.0012456335403976942,False
2024-02-08 11:22:17.164128+00:00,0.0,False
2024-02-08 19:38:50.762976+00:00,-0.00016995351928014235,False
2024-02-08 19:38:50.762976+00:00,-1.8189894035458565e-12,False
2024-02-08 21:18:09.484128+00:00,0.000284453960755199,False
2024-02-08 21:18:09.484128+00:00,0.0,False
2024-02-09 12:11:57.943392+00:00,-0.0011165668240539885,False
2024-02-09 12:11:57.943392+00:00,0.0,False
2024-02-10 03:05:46.386240+00:00,0.00024414647895289166,False
2024-02-10 03:05:46.386240+00:00,-9.094947017729282e-13,False
2024-02-10 13:01:38.643168+00:00,-0.002827321169289218,False
2024-02-10 13:01:38.643168+00:00,9.094947017729282e-13,False
2024-02-10 21:18:12.178944+00:00,-0.0006976879389481963,False
2024-02-10 21:18:12.178944+00:00,-9.094947017729282e-13,False
2024-02-11 03:55:26.997024+00:00,-0.0004599862825007961,False
2024-02-11 03:55:26.997024+00:00,-9.094947017729282e-13,False
2024-02-11 12:12:00.560448+00:00,0.001403994744415852,False
2024-02-11 12:12:00.560448+00:00,-9.094947017729282e-13,False
2024-02-11 20:28:34.096224+00:00,0.001343108898338002,False
2024-02-11 20:28:34.096224+00:00,0.0,False
2024-02-12 11:22:22.410336+00:00,-0.0023903507674284093,False
2024-02-12 11:22:22.410336+00:00,-9.094947017729282e-13,False
2024-02-12 13:01:41.114208+00:00,-0.00024848950877306595,False
2024-02-12 13:01:41.114208+00:00,9.094947017729282e-13,False
2024-02-12 21:18:14.611968+00:00,0.001334989731253936,False
2024-02-12 21:18:14.611968+00:00,0.0,False
2024-02-13 12:12:02.875968+00:00,-0.0024422108213018835,False
2024-02-13 12:12:02.875968+00:00,0.0,False
2024-02-13 13:51:21.571200+00:00,-0.0012257253681774078,False
2024-02-13 13:51:21.571200+00:00,0.0,False
2024-02-13 22:07:55.033536+00:00,-0.0001558621581671429,False
2024-02-13 22:07:55.033536+00:00,-9.094947017729282e-13,False
2024-02-14 13:01:43.243104+00:00,0.000344155218737719,False
2024-02-14 13:01:43.243104+00:00,0.0,False
2024-02-14 17:59:39.301152+00:00,-0.0004580799990142739,False
2024-02-14 17:59:39.301152+00:00,0.0,False
2024-02-14 21:18:16.670880+00:00,-0.0001589848089474374,False
2024-02-14 21:18:16.670880+00:00,-9.094947017729282e-13,False
2024-02-15 12:12:04.847616+00:00,8.979816823298883e-05,False
2024-02-15 12:12:04.847616+00:00,9.094947017729282e-13,False
2024-02-15 22:07:56.944704+00:00,0.0001461687994733661,False
2024-02-15 22:07:56.944704+00:00,0.0,False
2024-02-16 04:45:11.666880+00:00,-0.0003338462738072585,False
2024-02-16 04:45:11.666880+00:00,0.0,False
2024-02-16 13:01:45.053184+00:00,-0.00016766813610820028,False
2024-02-16 13:01:45.053184+00:00,-1.8189894035458565e-12,False
2024-02-16 21:18:18.446400+00:00,-7.880078076675243e-05,False
2024-02-16 21:18:18.446400+00:00,9.094947017729282e-13,False
2024-02-17 12:12:06.525504+00:00,-0.0015575864217055406,False
2024-02-17 12:12:06.525504+00:00,0.0,False
2024-02-17 13:51:25.199136+00:00,0.00011024577527299364,False
2024-02-17 13:51:25.199136+00:00,0.0,False
2024-02-17 22:07:58.555200+00:00,-0.0003850941349410528,False
2024-02-17 22:07:58.555200+00:00,0.0,False
2024-02-18 13:01:46.582464+00:00,-0.0009548096415486383,False
2024-02-18 13:01:46.582464+00:00,0.0,False
2024-02-18 19:39:01.250208+00:00,-0.0004039355944598839,False
2024-02-18 19:39:01.250208+00:00,0.0,False
2024-02-18 22:57:38.586240+00:00,4.5982770367339115e-05,False
2024-02-18 22:57:38.586240+00:00,0.0,False
2024-02-19 12:12:07.916544+00:00,-0.0009513941485449942,False
2024-02-19 12:12:07.916544+00:00,9.094947017729282e-13,False
2024-02-19 22:07:59.903040+00:00,0.000779287605606119,False
2024-02-19 22:07:59.903040+00:00,0.0,False
2024-02-20 04:45:14.554368+00:00,-0.0002673952579913735,False
2024-02-20 04:45:14.554368+00:00,-9.094947017729282e-13,False
2024-02-20 13:01:47.858592+00:00,-0.0009090766661021714,False
2024-02-20 13:01:47.858592+00:00,0.0,False
2024-02-20 22:57:39.814848+00:00,-4.000281398924897e-05,False
2024-02-20 22:57:39.814848+00:00,0.0,False
2024-02-21 12:12:09.082080+00:00,-0.0005339952689553361,False
2024-02-21 12:12:09.082080+00:00,9.094947017729282e-13,False
2024-02-21 13:51:27.741888+00:00,0.0005635517330990526,False
2024-02-21 13:51:27.741888+00:00,0.0,False
2024-02-21 22:08:01.019328+00:00,-0.00011476197357534058,False
2024-02-21 22:08:01.019328+00:00,0.0,False
2024-02-22 13:01:48.912672+00:00,-0.0003763860686596468,False
2024-02-22 13:01:48.912672+00:00,9.094947017729282e-13,False
2024-02-22 19:39:03.525120+00:00,9.19209237340427e-06,False
2024-02-22 19:39:03.525120+00:00,9.094947017729282e-13,False
2024-02-22 21:18:22.178880+00:00,0.0002633695497563422,False
2024-02-22 21:18:22.178880+00:00,0.0,False
2024-02-23 12:12:10.042848+00:00,-0.0010992535293107776,False
2024-02-23 12:12:10.042848+00:00,-9.094947017729282e-13,False
2024-02-23 22:08:01.941216+00:00,0.00032669894991818973,False
2024-02-23 22:08:01.941216+00:00,-9.094947017729282e-13,False
2024-02-24 04:45:16.533792+00:00,-4.608423722320565e-05,False
2024-02-24 04:45:16.533792+00:00,0.0,False
2024-02-24 13:01:49.769760+00:00,-0.0011916676242505132,False
2024-02-24 13:01:49.769760+00:00,0.0,False
2024-02-24 21:18:22.998816+00:00,0.00017877314276939105,False
2024-02-24 21:18:22.998816+00:00,0.0,False
2024-02-25 05:34:56.220960+00:00,0.0002601277422318675,False
2024-02-25 05:34:56.220960+00:00,0.0,False
2024-02-25 12:12:10.785888+00:00,-0.0004353092079148721,False
2024-02-25 12:12:10.785888+00:00,0.0,False
2024-02-25 20:28:44.001120+00:00,0.00027330374730268276,False
2024-02-25 20:28:44.001120+00:00,-9.094947017729282e-13,False
2024-02-26 11:22:31.757088+00:00,0.00023648875440283662,False
2024-02-26 11:22:31.757088+00:00,9.094947017729282e-13,False
2024-02-26 13:01:50.399616+00:00,0.0002456477304677631,False
2024-02-26 13:01:50.399616+00:00,0.0,False
2024-02-26 21:18:23.587200+00:00,7.347755517869074e-05,False
2024-02-26 21:18:23.587200+00:00,0.0,False
2024-02-27 12:12:11.309472+00:00,0.0005938326864211667,False
2024-02-27 12:12:11.309472+00:00,-9.094947017729282e-13,False
2024-02-27 13:51:29.951136+00:00,0.00039967857571767253,False
2024-02-27 13:51:29.951136+00:00,0.0,False
2024-02-27 22:08:03.126624+00:00,0.0002628752817524964,False
2024-02-27 22:08:03.126624+00:00,0.0,False
2024-02-28 13:01:50.823840+00:00,0.0007098954652494719,False
2024-02-28 13:01:50.823840+00:00,0.0,False
2024-02-28 19:39:05.349024+00:00,6.263216821960282e-05,False
2024-02-28 19:39:05.349024+00:00,-9.094947017729282e-13,False
2024-02-28 21:18:23.982048+00:00,0.00010737150738712555,False
2024-02-28 21:18:23.982048+00:00,0.0,False
2024-02-29 13:51:30.276000+00:00,9.147717151546174e-05,False
2024-02-29 13:51:30.276000+00:00,0.0,False
2024-02-29 20:28:44.791680+00:00,0.00031829983286639366,False
2024-02-29 20:28:44.791680+00:00,0.0,False
2024-02-29 22:08:03.419520+00:00,6.600129981127275e-05,False
2024-02-29 22:08:03.419520+00:00,0.0,False
2024-03-01 13:01:51.054528+00:00,-0.00014023498241500778,False
2024-03-01 13:01:51.054528+00:00,9.094947017729282e-13,False
2024-03-01 21:18:24.180768+00:00,0.00013666144956981676,False
2024-03-01 21:18:24.180768+00:00,0.0,False
2024-03-02 03:55:38.673984+00:00,-0.000140317247594095,False
2024-03-02 03:55:38.673984+00:00,0.0,False
2024-03-02 13:51:30.412512+00:00,-0.00043195956235286977,False
2024-03-02 13:51:30.412512+00:00,9.094947017729282e-13,False
2024-03-02 22:08:03.522336+00:00,0.00014014816512569804,False
2024-03-02 22:08:03.522336+00:00,0.0,False
2024-03-03 04:45:18.000864+00:00,-0.0007136230918190808,False
2024-03-03 04:45:18.000864+00:00,0.0,False
2024-03-03 13:01:51.103776+00:00,0.0005697188869234945,False
2024-03-03 13:01:51.103776+00:00,0.0,False
2024-03-03 19:39:05.577120+00:00,0.00027003990809210685,False
2024-03-03 19:39:05.577120+00:00,0.0,False
2024-03-04 05:34:57.249984+00:00,-0.0006954302291444438,False
2024-03-04 05:34:57.249984+00:00,0.0,False
2024-03-04 13:51:30.323520+00:00,0.00030324175818288485,False
2024-03-04 13:51:30.323520+00:00,-9.094947017729282e-13,False
2024-03-04 22:08:03.388416+00:00,-6.31650427938325e-05,False
2024-03-04 22:08:03.388416+00:00,0.0,False
2024-03-05 13:01:50.876544+00:00,-0.0014325630932380204,False
2024-03-05 13:01:50.876544+00:00,0.0,False
2024-03-05 19:39:05.313600+00:00,-8.97211436362527e-05,False
2024-03-05 19:39:05.313600+00:00,0.0,False
2024-03-06 13:51:29.983104+00:00,-0.0014604126782469646,False
2024-03-06 13:51:29.983104+00:00,0.0,False
2024-03-07 04:45:17.428032+00:00,0.00022899453694817402,False
2024-03-07 04:45:17.428032+00:00,-9.094947017729282e-13,False
2024-03-07 13:01:50.436768+00:00,-0.0007792985135087108,False
2024-03-07 13:01:50.436768+00:00,0.0,False
2024-03-08 12:12:10.830816+00:00,-0.0004778296242606149,False
2024-03-08 12:12:10.830816+00:00,0.0,False
2024-03-08 13:51:29.428416+00:00,-6.054662573518949e-05,False
2024-03-08 13:51:29.428416+00:00,0.0,False
2024-03-08 22:08:02.410368+00:00,0.00028824955683741567,False
2024-03-08 22:08:02.410368+00:00,0.0,False
2024-03-09 13:01:49.756800+00:00,-0.00034222518042974844,False
2024-03-09 13:01:49.756800+00:00,9.094947017729282e-13,False
2024-03-09 17:59:45.534048+00:00,-0.0002457500540517858,False
2024-03-09 17:59:45.534048+00:00,0.0,False
2024-03-09 21:18:22.718880+00:00,-0.0001576125358598462,False
2024-03-09 21:18:22.718880+00:00,0.0,False
2024-03-10 13:51:28.631808+00:00,-0.00020213683459177124,False
2024-03-10 13:51:28.631808+00:00,0.0,False
2024-03-10 20:28:42.988512+00:00,4.423677786570058e-05,False
2024-03-10 20:28:42.988512+00:00,0.0,False
2024-03-10 22:08:01.577472+00:00,2.0124431251287257e-05,False
2024-03-10 22:08:01.577472+00:00,0.0,False
2024-03-11 13:01:48.866880+00:00,-0.00042892866128916326,False
2024-03-11 13:01:48.866880+00:00,0.0,False
2024-03-12 03:55:36.137280+00:00,-0.0003666054890909714,False
2024-03-12 03:55:36.137280+00:00,0.0,False
2024-03-12 22:08:00.552768+00:00,-0.0005812138947263912,False
2024-03-12 22:08:00.552768+00:00,0.0,False
2024-03-13 04:45:14.881824+00:00,0.0001650351589287906,False
2024-03-13 04:45:14.881824+00:00,0.0,False
2024-03-13 13:01:47.781696+00:00,-0.0006392909428314024,False
2024-03-13 13:01:47.781696+00:00,0.0,False
2024-03-13 21:18:20.676384+00:00,6.0301076457737295e-05,False
2024-03-13 21:18:20.676384+00:00,0.0,False
2024-03-14 05:34:53.568480+00:00,-0.00023933436645425302,False
2024-03-14 05:34:53.568480+00:00,0.0,False
2024-03-14 20:28:40.747296+00:00,-0.00016781097368004524,False
2024-03-14 20:28:40.747296+00:00,0.0,False
2024-03-15 11:22:27.915744+00:00,-0.00017646906164149536,False
2024-03-15 11:22:27.915744+00:00,-9.094947017729282e-13,False
2024-03-15 21:18:19.349280+00:00,-0.00021567142897112963,False
2024-03-15 21:18:19.349280+00:00,9.094947017729282e-13,False
2024-03-16 12:12:06.490944+00:00,-6.937781997757892e-05,False
2024-03-16 12:12:06.490944+00:00,-9.094947017729282e-13,False
2024-03-16 13:51:25.060032+00:00,-0.00011911019665532266,False
2024-03-16 13:51:25.060032+00:00,9.094947017729282e-13,False
2024-03-16 22:07:57.907200+00:00,-0.0001071327378451306,False
2024-03-16 22:07:57.907200+00:00,0.0,False
2024-03-17 13:01:45.015168+00:00,0.00040332932532375016,False
2024-03-17 13:01:45.015168+00:00,1.8189894035458565e-12,False
2024-03-17 19:38:59.281152+00:00,-0.00018252895625464562,False
2024-03-17 19:38:59.281152+00:00,0.0,False
2024-03-17 21:18:17.846784+00:00,5.003638961564592e-05,False
2024-03-17 21:18:17.846784+00:00,0.0,False
2024-03-18 12:12:04.928832+00:00,-0.00011611331926452122,False
2024-03-18 12:12:04.928832+00:00,0.0,False
2024-03-18 20:28:37.738848+00:00,-0.00019351539351384012,False
2024-03-18 20:28:37.738848+00:00,0.0,False
2024-03-19 11:22:24.778560+00:00,-0.0010472066790089287,False
2024-03-19 11:22:24.778560+00:00,0.0,False
2024-03-19 21:18:16.119648+00:00,5.9351946398212424e-05,False
2024-03-19 21:18:16.119648+00:00,9.094947017729282e-13,False
2024-03-20 12:12:03.131712+00:00,-0.0007438570674379345,False
2024-03-20 12:12:03.131712+00:00,0.0,False
2024-03-20 22:07:54.444288+00:00,-0.0001231001460523086,False
2024-03-20 22:07:54.444288+00:00,0.0,False
2024-03-21 04:45:08.651520+00:00,0.00012087434358791645,False
2024-03-21 04:45:08.651520+00:00,0.0,False
2024-03-21 13:01:41.401920+00:00,-0.0004925606530129885,False
2024-03-21 13:01:41.401920+00:00,0.0,False
2024-03-21 21:18:14.117760+00:00,-0.0005251577065193854,False
2024-03-21 21:18:14.117760+00:00,0.0,False
2024-03-22 12:12:01.029600+00:00,0.0013558829411399677,False
2024-03-22 12:12:01.029600+00:00,0.0,False
2024-03-22 20:28:33.734208+00:00,0.0003403390836273748,False
2024-03-22 20:28:33.734208+00:00,0.0,False
2024-03-23 19:38:53.214144+00:00,-0.0014379077741797832,False
2024-03-23 19:38:53.214144+00:00,0.0,False
2024-03-23 21:18:11.748672+00:00,0.00026137765768238785,False
2024-03-23 21:18:11.748672+00:00,0.0,False
2024-03-24 13:51:17.001504+00:00,-0.004890446825756349,False
2024-03-24 13:51:17.001504+00:00,0.0,False
2024-03-24 20:28:30.912384+00:00,-0.014678588746478403,False
2024-03-24 20:28:30.912384+00:00,0.0,False
2024-03-24 22:07:49.414080+00:00,-0.0004372836299889372,False
2024-03-24 22:07:49.414080+00:00,9.094947017729282e-13,False
2024-03-25 19:38:50.328384+00:00,0.015449128802432023,False
2024-03-25 19:38:50.328384+00:00,0.0,False
2024-03-25 21:18:08.838720+00:00,-9.764174229402338e-05,False
2024-03-25 21:18:08.838720+00:00,0.0,False
2024-03-26 13:51:14.009472+00:00,0.002902686200468987,False
2024-03-26 13:51:14.009472+00:00,0.0,False
2024-03-26 20:28:28.062048+00:00,0.0017878692761955906,False
2024-03-26 20:28:28.062048+00:00,9.094947017729282e-13,False
2024-03-26 22:07:46.569792+00:00,-3.188288267839197e-05,False
2024-03-26 22:07:46.569792+00:00,0.0,False
2024-03-27 13:01:33.129984+00:00,0.0008685319577151989,False
2024-03-27 13:01:33.129984+00:00,0.0,False
2024-03-27 21:18:05.650560+00:00,-0.00056922045109534,False
2024-03-27 21:18:05.650560+00:00,0.0,False
2024-03-28 05:34:38.167680+00:00,-0.0011706706138911159,False
2024-03-28 05:34:38.167680+00:00,0.0,False
2024-03-28 13:51:10.656288+00:00,0.00010908370137703029,False
2024-03-28 13:51:10.656288+00:00,0.0,False
2024-03-28 22:07:43.154400+00:00,-0.00032209187618530816,False
2024-03-28 22:07:43.154400+00:00,0.0,False
2024-03-29 11:22:11.122176+00:00,-0.00040917625222086185,False
2024-03-29 11:22:11.122176+00:00,-9.094947017729282e-13,False
2024-03-29 13:01:29.597088+00:00,-0.0010435340041590148,False
2024-03-29 13:01:29.597088+00:00,0.0,False
2024-03-29 22:57:20.571840+00:00,-0.00010158208307251958,False
2024-03-29 22:57:20.571840+00:00,0.0,False
2024-03-30 12:11:48.503328+00:00,0.00116567914800978,False
2024-03-30 12:11:48.503328+00:00,-1.8189894035458565e-12,False
2024-03-30 13:51:06.992928+00:00,-5.990426520046977e-05,False
2024-03-30 13:51:06.992928+00:00,0.0,False
2024-03-30 22:07:39.420192+00:00,-0.0025361449706882916,False
2024-03-30 22:07:39.420192+00:00,0.0,False
2024-03-31 13:01:25.830048+00:00,0.0026774678982364993,False
2024-03-31 13:01:25.830048+00:00,0.0,False
2024-03-31 19:38:39.778944+00:00,8.862454163795566e-05,False
2024-03-31 19:38:39.778944+00:00,0.0,False
2024-03-31 22:57:16.748640+00:00,-0.0001107796922725001,False
2024-03-31 22:57:16.748640+00:00,-9.094947017729282e-13,False
2024-04-01 13:51:03.100608+00:00,-0.0002415541547526579,False
2024-04-01 13:51:03.100608+00:00,0.0,False
2024-04-01 20:28:17.037408+00:00,0.0003285411075082975,False
2024-04-01 20:28:17.037408+00:00,0.0,False
2024-04-02 13:01:21.852192+00:00,-9.220581686645137e-05,False
2024-04-02 13:01:21.852192+00:00,0.0,False
2024-04-02 22:57:12.730176+00:00,-7.66032741189404e-05,False
2024-04-02 22:57:12.730176+00:00,0.0,False
2024-04-03 03:55:08.170464+00:00,-0.00013286561229462198,False
2024-04-03 03:55:08.170464+00:00,0.0,False
2024-04-03 13:50:59.038080+00:00,5.812119079713553e-05,False
2024-04-03 13:50:59.038080+00:00,0.0,False
2024-04-03 22:07:31.423872+00:00,9.701275840685766e-05,False
2024-04-03 22:07:31.423872+00:00,-9.094947017729282e-13,False
2024-04-04 04:44:45.334752+00:00,0.00028779986526824056,False
2024-04-04 04:44:45.334752+00:00,0.0,False
2024-04-04 13:01:17.708448+00:00,8.86393185031936e-06,False
2024-04-04 13:01:17.708448+00:00,0.0,False
2024-04-04 21:17:50.080416+00:00,6.31911766636184e-05,False
2024-04-04 21:17:50.080416+00:00,9.094947017729282e-13,False
2024-04-05 12:11:36.338208+00:00,7.450697604666667e-05,False
2024-04-05 12:11:36.338208+00:00,-1.8189894035458565e-12,False
2024-04-05 13:50:54.809664+00:00,-7.609936995343555e-05,False
2024-04-05 13:50:54.809664+00:00,0.0,False
2024-04-05 20:28:08.697216+00:00,0.00022257249637944035,False
2024-04-05 20:28:08.697216+00:00,0.0,False
2024-04-06 13:01:13.404864+00:00,5.05667282134927e-05,False
2024-04-06 13:01:13.404864+00:00,9.094947017729282e-13,False
2024-04-06 19:38:27.281184+00:00,0.00014566066946706852,False
2024-04-06 19:38:27.281184+00:00,0.0,False
2024-04-06 22:57:04.218048+00:00,7.81263582975072e-06,False
2024-04-06 22:57:04.218048+00:00,0.0,False
2024-04-07 13:50:50.434368+00:00,-0.00047326301896038255,False
2024-04-07 13:50:50.434368+00:00,0.0,False
2024-04-07 20:28:04.298592+00:00,0.00030842406289398176,False
2024-04-07 20:28:04.298592+00:00,-9.094947017729282e-13,False
2024-04-07 22:07:22.764864+00:00,6.956880247252896e-05,False
2024-04-07 22:07:22.764864+00:00,-9.094947017729282e-13,False
2024-04-08 13:01:08.954400+00:00,-0.00017716862947734406,False
2024-04-08 13:01:08.954400+00:00,0.0,False
2024-04-08 22:56:59.735616+00:00,0.00020426065295993173,False
2024-04-08 22:56:59.735616+00:00,9.094947017729282e-13,False
2024-04-09 03:54:55.127520+00:00,0.00021559985873122374,False
2024-04-09 03:54:55.127520+00:00,1.8189894035458565e-12,False
2024-04-09 13:50:45.896640+00:00,-0.0002571951464770425,False
2024-04-09 13:50:45.896640+00:00,0.0,False
2024-04-09 22:07:18.199488+00:00,0.0003881625188664449,False
2024-04-09 22:07:18.199488+00:00,0.0,False
2024-04-10 04:44:32.040384+00:00,-5.074789254113678e-05,False
2024-04-10 04:44:32.040384+00:00,-9.094947017729282e-13,False
2024-04-10 13:01:04.343232+00:00,0.0005814103214403211,False
2024-04-10 13:01:04.343232+00:00,0.0,False
2024-04-10 21:17:36.635712+00:00,0.00015637473895207393,False
2024-04-10 21:17:36.635712+00:00,-9.094947017729282e-13,False
2024-04-11 05:34:08.923008+00:00,0.00012072580477663923,False
2024-04-11 05:34:08.923008+00:00,0.0,False
2024-04-11 13:50:41.204256+00:00,-0.0002714934762529402,False
2024-04-11 13:50:41.204256+00:00,0.0,False
2024-04-11 22:07:13.482912+00:00,0.0004653049817335297,False
2024-04-11 22:07:13.482912+00:00,0.0,False
2024-04-12 11:21:41.111136+00:00,-0.00033623184598261034,False
2024-04-12 11:21:41.111136+00:00,0.0,False
2024-04-12 13:00:59.564448+00:00,1.665687560384267e-05,False
2024-04-12 13:00:59.564448+00:00,0.0,False
2024-04-12 21:17:31.823232+00:00,0.0003230975316209399,False
2024-04-12 21:17:31.823232+00:00,9.094947017729282e-13,False
2024-04-13 12:11:17.880576+00:00,-0.0002836669108618106,False
2024-04-13 12:11:17.880576+00:00,0.0,False
2024-04-13 13:50:36.330432+00:00,-1.924187263365059e-05,False
2024-04-13 13:50:36.330432+00:00,0.0,False
2024-04-13 20:27:50.124672+00:00,0.00021237624564470186,False
2024-04-13 20:27:50.124672+00:00,0.0,False
2024-04-14 19:38:08.371680+00:00,-0.0005163234930328424,False
2024-04-14 19:38:08.371680+00:00,0.0,False
2024-04-14 21:17:26.811168+00:00,-0.0002886172221923042,False
2024-04-14 21:17:26.811168+00:00,-1.8189894035458565e-12,False
2024-04-15 13:50:31.224192+00:00,-0.0003281613063732683,False
2024-04-15 13:50:31.224192+00:00,0.0,False
2024-04-15 20:27:44.977824+00:00,-0.00013121262179311148,False
2024-04-15 20:27:44.977824+00:00,0.0,False
2024-04-16 13:00:49.318272+00:00,-0.0019112064564289024,False
2024-04-16 13:00:49.318272+00:00,0.0,False
2024-04-16 21:17:21.470784+00:00,0.0002178836579095388,False
2024-04-16 21:17:21.470784+00:00,0.0,False
2024-04-17 05:33:53.593920+00:00,-0.0015319835479636504,False
2024-04-17 05:33:53.593920+00:00,9.094947017729282e-13,False
2024-04-17 13:50:25.756800+00:00,0.002119129635300988,False
2024-04-17 13:50:25.756800+00:00,0.0,False
2024-04-17 22:06:57.860928+00:00,-0.0007585253506464573,False
2024-04-17 22:06:57.860928+00:00,0.0,False
2024-04-18 11:21:25.253280+00:00,0.0006490936655082773,False
2024-04-18 11:21:25.253280+00:00,0.0,False
2024-04-18 13:00:43.670304+00:00,-0.00011232626007510267,False
2024-04-18 13:00:43.670304+00:00,-1.8189894035458565e-12,False
2024-04-18 21:17:15.745056+00:00,-0.0005697333252939133,False
2024-04-18 21:17:15.745056+00:00,0.0,False
2024-04-19 12:11:01.459392+00:00,-0.0006683247672446776,False
2024-04-19 12:11:01.459392+00:00,0.0,False
2024-04-19 13:50:19.866912+00:00,-6.135490093630929e-05,False
2024-04-19 13:50:19.866912+00:00,0.0,False
2024-04-19 22:06:51.825888+00:00,-0.0013774917314567886,False
2024-04-19 22:06:51.825888+00:00,0.0,False
2024-04-20 13:00:37.509984+00:00,0.0016656936814215973,False
2024-04-20 13:00:37.509984+00:00,0.0,False
2024-04-20 19:37:51.096864+00:00,-4.452567293249262e-05,False
2024-04-20 19:37:51.096864+00:00,0.0,False
2024-04-21 12:10:55.013088+00:00,-0.0025372963906291606,False
2024-04-21 12:10:55.013088+00:00,0.0,False
2024-04-21 20:27:26.951328+00:00,-0.00018889674951544063,False
2024-04-21 20:27:26.951328+00:00,0.0,False
2024-04-22 04:43:58.876608+00:00,-0.0006565719485663985,False
2024-04-22 04:43:58.876608+00:00,-9.094947017729282e-13,False
2024-04-22 09:41:54.023136+00:00,-0.00018147383563337643,False
2024-04-22 09:41:54.023136+00:00,0.0,False
2024-04-22 21:17:02.685696+00:00,0.0011515951641237034,False
2024-04-22 21:17:02.685696+00:00,0.0,False
2024-04-23 12:10:48.063072+00:00,9.639735625937423e-05,False
2024-04-23 12:10:48.063072+00:00,0.0,False
2024-04-23 13:50:06.434304+00:00,-9.9628556857177e-05,False
2024-04-23 13:50:06.434304+00:00,0.0,False
2024-04-23 20:27:19.923552+00:00,0.00015483053643356066,False
2024-04-23 20:27:19.923552+00:00,0.0,False
2024-04-24 13:00:23.587488+00:00,-0.0016166821600778064,False
2024-04-24 13:00:23.587488+00:00,9.094947017729282e-13,False
2024-04-24 19:37:37.040448+00:00,-0.0008460608334890469,False
2024-04-24 19:37:37.040448+00:00,0.0,False
2024-04-24 21:16:55.400448+00:00,-6.009392353746048e-05,False
2024-04-24 21:16:55.400448+00:00,0.0,False
2024-04-25 13:49:58.995264+00:00,-0.00036367436689767937,False
2024-04-25 13:49:58.995264+00:00,-1.8189894035458565e-12,False
2024-04-25 20:27:12.430944+00:00,-0.0020276111497578714,False
2024-04-25 20:27:12.430944+00:00,0.0,False
2024-04-26 13:00:15.945408+00:00,0.0007083503249343801,False
2024-04-26 13:00:15.945408+00:00,0.0,False
2024-04-26 22:56:06.023328+00:00,-0.0018638953568367632,False
2024-04-26 22:56:06.023328+00:00,0.0,False
2024-04-27 03:54:01.074816+00:00,-0.000800595866432627,False
2024-04-27 03:54:01.074816+00:00,9.094947017729282e-13,False
2024-04-27 12:10:32.793600+00:00,0.0015909679075201775,False
2024-04-27 12:10:32.793600+00:00,0.0,False
2024-04-27 22:06:22.849920+00:00,-0.0007547306817467588,False
2024-04-27 22:06:22.849920+00:00,9.094947017729282e-13,False
2024-04-28 04:43:36.217344+00:00,-0.00019979848392618878,False
2024-04-28 04:43:36.217344+00:00,9.094947017729282e-13,False
2024-04-28 13:00:07.925760+00:00,0.0017503603034395557,False
2024-04-28 13:00:07.925760+00:00,0.0,False
2024-04-28 21:16:39.623808+00:00,-0.00010473409075143847,False
2024-04-28 21:16:39.623808+00:00,0.0,False
2024-04-29 12:10:24.658176+00:00,-0.00021889739820226631,False
2024-04-29 12:10:24.658176+00:00,-1.8189894035458565e-12,False
2024-04-29 13:49:42.993120+00:00,-6.579654180430996e-05,False
2024-04-29 13:49:42.993120+00:00,0.0,False
2024-04-29 22:06:14.677344+00:00,0.00027791865915501447,False
2024-04-29 22:06:14.677344+00:00,0.0,False
2024-04-30 12:59:59.682336+00:00,-0.0007140535750292684,False
2024-04-30 12:59:59.682336+00:00,0.0,False
2024-04-30 19:37:13.010880+00:00,-4.857289543801083e-05,False
2024-04-30 19:37:13.010880+00:00,-9.094947017729282e-13,False
2024-04-30 21:16:31.343232+00:00,7.821249695450806e-05,False
2024-04-30 21:16:31.343232+00:00,9.094947017729282e-13,False
2024-05-01 13:49:34.655520+00:00,0.0004538030189314697,False
2024-05-01 13:49:34.655520+00:00,0.0,False
2024-05-01 20:26:47.973696+00:00,-9.407291603035373e-05,False
2024-05-01 20:26:47.973696+00:00,0.0,False
2024-05-01 22:06:06.303456+00:00,-1.8032471148500496e-06,False
2024-05-01 22:06:06.303456+00:00,0.0,False
2024-05-02 12:59:51.265248+00:00,0.0005453436415898602,False
2024-05-02 12:59:51.265248+00:00,9.094947017729282e-13,False
2024-05-03 03:53:36.203712+00:00,0.0013661764179614165,False
2024-05-03 03:53:36.203712+00:00,0.0,False
2024-05-03 13:49:26.153760+00:00,1.3542796658398389e-05,False
2024-05-03 13:49:26.153760+00:00,0.0,False
2024-05-03 22:05:57.775776+00:00,0.0004665690614148073,False
2024-05-03 22:05:57.775776+00:00,0.0,False
2024-05-04 04:43:11.080128+00:00,0.0001293274239554886,False
2024-05-04 04:43:11.080128+00:00,0.0,False
2024-05-05 12:09:59.203008+00:00,0.0005359346692776611,False
2024-05-05 12:09:59.203008+00:00,-9.094947017729282e-13,False
2024-05-05 13:49:17.522400+00:00,6.516864210736857e-07,False
2024-05-05 13:49:17.522400+00:00,9.094947017729282e-13,False
2024-05-05 22:05:49.117632+00:00,0.0011105870440871971,False
2024-05-05 22:05:49.117632+00:00,-9.094947017729282e-13,False
2024-05-06 12:59:33.986976+00:00,0.0005115510873635598,False
2024-05-06 12:59:33.986976+00:00,0.0,False
2024-05-06 19:36:47.250720+00:00,0.0011991980606028921,False
2024-05-06 19:36:47.250720+00:00,0.0,False
2024-05-06 21:16:05.566656+00:00,0.00016800949800405954,False
2024-05-06 21:16:05.566656+00:00,0.0,False
2024-05-07 13:49:08.737248+00:00,0.0008848064859141992,False
2024-05-07 13:49:08.737248+00:00,0.0,False
2024-05-07 20:26:21.988896+00:00,0.000941496411234369,False
2024-05-07 20:26:21.988896+00:00,0.0,False
2024-05-08 12:59:25.115424+00:00,0.0003559510514308433,False
2024-05-08 12:59:25.115424+00:00,0.0,False
2024-05-08 21:15:56.660544+00:00,0.0015479521524584474,False
2024-05-08 21:15:56.660544+00:00,0.0,False
2024-05-09 05:32:28.212576+00:00,-0.0003425306432826851,False
2024-05-09 05:32:28.212576+00:00,0.0,False
2024-05-09 13:48:59.762016+00:00,0.00038871129162644557,False
2024-05-09 13:48:59.762016+00:00,-9.094947017729282e-13,False
2024-05-09 22:05:31.283808+00:00,-0.000760490194104003,False
2024-05-09 22:05:31.283808+00:00,0.0,False
2024-05-10 11:19:57.743904+00:00,0.0012475589193391458,False
2024-05-10 11:19:57.743904+00:00,0.0,False
2024-05-10 12:59:16.046016+00:00,9.96052775305727e-05,False
2024-05-10 12:59:16.046016+00:00,0.0,False
2024-05-10 21:15:47.491776+00:00,-0.00010596121842918957,False
2024-05-10 21:15:47.491776+00:00,9.094947017729282e-13,False
2024-05-11 12:09:31.941216+00:00,-0.001672030312915903,False
2024-05-11 12:09:31.941216+00:00,0.0,False
2024-05-11 22:05:21.598368+00:00,0.0036508396629100093,False
2024-05-11 22:05:21.598368+00:00,-9.094947017729282e-13,False
2024-05-12 12:59:06.151488+00:00,0.005853934237614914,False
2024-05-12 12:59:06.151488+00:00,0.0,False
2024-05-12 19:36:19.234656+00:00,-0.0001489682079711275,False
2024-05-12 19:36:19.234656+00:00,0.0,False
2024-05-12 22:54:55.774080+00:00,0.00031238324279925516,False
2024-05-12 22:54:55.774080+00:00,0.0,False
2024-05-13 13:48:40.192416+00:00,0.0033071165208364284,False
2024-05-13 13:48:40.192416+00:00,0.0,False
2024-05-13 20:25:53.255712+00:00,0.0009898178302207325,False
2024-05-13 20:25:53.255712+00:00,0.0,False
2024-05-13 22:05:11.518944+00:00,8.115911401319095e-05,False
2024-05-13 22:05:11.518944+00:00,0.0,False
2024-05-14 12:58:55.861248+00:00,-0.0018980195610930639,False
2024-05-14 12:58:55.861248+00:00,0.0,False
2024-05-14 21:15:27.135936+00:00,0.00039298619723095586,False
2024-05-14 21:15:27.135936+00:00,0.0,False
2024-05-15 05:31:58.410624+00:00,-0.0006852738731959777,False
2024-05-15 05:31:58.410624+00:00,0.0,False
2024-05-15 13:48:29.657664+00:00,-0.00044104471037628105,False
2024-05-15 13:48:29.657664+00:00,0.0,False
2024-05-15 22:05:00.896064+00:00,2.8059096652658516e-05,False
2024-05-15 22:05:00.896064+00:00,0.0,False
2024-05-16 11:19:26.819616+00:00,-0.0014198634057627207,False
2024-05-16 11:19:26.819616+00:00,0.0,False
2024-05-16 12:58:45.060384+00:00,0.000135341842956846,False
2024-05-16 12:58:45.060384+00:00,0.0,False
2024-05-16 19:35:58.054560+00:00,0.0020632604206297553,False
2024-05-16 19:35:58.054560+00:00,0.0,False
2024-05-17 12:09:00.465696+00:00,0.000810203535205153,False
2024-05-17 12:09:00.465696+00:00,0.0,False
2024-05-17 13:48:18.703872+00:00,9.576410276571648e-05,False
2024-05-17 13:48:18.703872+00:00,0.0,False
2024-05-17 22:04:49.873152+00:00,0.0001442906975519416,False
2024-05-17 22:04:49.873152+00:00,9.094947017729282e-13,False
2024-05-18 12:58:33.928608+00:00,-0.0012777307334279307,False
2024-05-18 12:58:33.928608+00:00,-1.8189894035458565e-12,False
2024-05-18 19:35:46.828608+00:00,-0.0006746367341521559,False
2024-05-18 19:35:46.828608+00:00,0.0,False
2024-05-18 21:15:05.054688+00:00,-2.5845570719679612e-05,False
2024-05-18 21:15:05.054688+00:00,9.094947017729282e-13,False
2024-05-19 13:48:07.299072+00:00,-0.0018100278674675987,False
2024-05-19 13:48:07.299072+00:00,0.0,False
2024-05-19 20:25:20.182656+00:00,-0.0002141099699364162,False
2024-05-19 20:25:20.182656+00:00,0.0,False
2024-05-20 11:19:04.146528+00:00,0.0003644398495079985,False
2024-05-20 11:19:04.146528+00:00,0.0,False
2024-05-21 05:31:24.500352+00:00,0.00030960946025372985,False
2024-05-21 05:31:24.500352+00:00,0.0,False
2024-05-21 13:47:55.549536+00:00,0.000598016098247626,False
2024-05-21 13:47:55.549536+00:00,0.0,False
2024-05-21 22:04:26.587488+00:00,-0.0001263704890205428,False
2024-05-21 22:04:26.587488+00:00,0.0,False
2024-05-22 11:18:52.236288+00:00,-0.00022406768778284814,False
2024-05-22 11:18:52.236288+00:00,9.094947017729282e-13,False
2024-05-22 12:58:10.439904+00:00,-4.766268372934394e-05,False
2024-05-22 12:58:10.439904+00:00,0.0,False
2024-05-22 19:35:23.249184+00:00,-0.00017259347408121826,False
2024-05-22 19:35:23.249184+00:00,0.0,False
2024-05-23 12:08:25.252512+00:00,-0.0002701942429696037,False
2024-05-23 12:08:25.252512+00:00,0.0,False
2024-05-23 13:47:43.450944+00:00,2.307168178773824e-05,False
2024-05-23 13:47:43.450944+00:00,-9.094947017729282e-13,False
2024-05-23 20:24:56.240352+00:00,-0.0002471318290423563,False
2024-05-23 20:24:56.240352+00:00,0.0,False
2024-05-24 12:57:58.186656+00:00,9.308928421144754e-05,False
2024-05-24 12:57:58.186656+00:00,0.0,False
2024-05-24 19:35:10.956192+00:00,1.2409161172582343e-06,False
2024-05-24 19:35:10.956192+00:00,0.0,False
2024-05-24 21:14:29.151168+00:00,0.00019948038277625121,False
2024-05-24 21:14:29.151168+00:00,0.0,False
2024-05-25 13:47:31.063776+00:00,7.561578898843862e-05,False
2024-05-25 13:47:31.063776+00:00,0.0,False
2024-05-25 20:24:43.819488+00:00,-0.00019897300162564186,False
2024-05-25 20:24:43.819488+00:00,-9.094947017729282e-13,False
2024-05-26 12:57:45.700128+00:00,0.000708559731215419,False
2024-05-26 12:57:45.700128+00:00,0.0,False
2024-05-26 21:14:16.628352+00:00,9.340619114572716e-05,False
2024-05-26 21:14:16.628352+00:00,-9.094947017729282e-13,False
2024-05-27 05:30:47.553984+00:00,8.121849718062293e-05,False
2024-05-27 05:30:47.553984+00:00,1.8189894035458565e-12,False
2024-05-27 13:47:18.476160+00:00,0.0008651358733188063,False
2024-05-27 13:47:18.476160+00:00,0.0,False
2024-05-27 22:03:49.387968+00:00,0.0002565391281072727,False
2024-05-27 22:03:49.387968+00:00,0.0,False
2024-05-28 11:18:14.844096+00:00,0.0006082612190088058,False
2024-05-28 11:18:14.844096+00:00,1.8189894035458565e-12,False
2024-05-28 12:57:33.025248+00:00,6.178321030948441e-05,False
2024-05-28 12:57:33.025248+00:00,0.0,False
2024-05-28 21:14:03.924096+00:00,0.0002732987473226926,False
2024-05-28 21:14:03.924096+00:00,0.0,False
2024-05-29 12:07:47.539776+00:00,-5.7825156879774426e-05,False
2024-05-29 12:07:47.539776+00:00,0.0,False
2024-05-29 22:03:36.603360+00:00,-0.0005410623731715277,False
2024-05-29 22:03:36.603360+00:00,0.0,False
2024-05-30 12:57:20.195712+00:00,-0.0002567970302571666,False
2024-05-30 12:57:20.195712+00:00,9.094947017729282e-13,False
2024-05-30 17:55:14.718432+00:00,0.00021540921289239117,False
2024-05-30 17:55:14.718432+00:00,9.094947017729282e-13,False
2024-05-30 22:53:09.210048+00:00,-0.0007610108554085573,False
2024-05-30 22:53:09.210048+00:00,-9.094947017729282e-13,False
2024-05-31 13:46:52.781664+00:00,0.0011732044110456083,False
2024-05-31 13:46:52.781664+00:00,0.0,False
2024-05-31 20:24:05.501088+00:00,0.0023849347969751543,False
2024-05-31 20:24:05.501088+00:00,0.0,False
2024-05-31 22:03:23.672736+00:00,8.473621953115202e-05,False
2024-05-31 22:03:23.672736+00:00,-9.094947017729282e-13,False
2024-06-01 12:57:07.221024+00:00,0.0008440162250095873,False
2024-06-01 12:57:07.221024+00:00,0.0,False
2024-06-02 03:50:50.737344+00:00,0.000593792858688554,False
2024-06-02 03:50:50.737344+00:00,0.0,False
2024-06-02 13:46:39.763776+00:00,0.0011219811293563045,False
2024-06-02 13:46:39.763776+00:00,9.094947017729282e-13,False
2024-06-02 22:03:10.589184+00:00,0.0008140155288834472,False
2024-06-02 22:03:10.589184+00:00,-1.8189894035458565e-12,False
2024-06-03 04:40:23.255040+00:00,-0.0006751964551691154,False
2024-06-03 04:40:23.255040+00:00,0.0,False
2024-06-03 12:56:54.083904+00:00,0.00021595935023460255,False
2024-06-03 12:56:54.083904+00:00,0.0,False
2024-06-03 21:13:24.895488+00:00,0.00021695067386322763,False
2024-06-03 21:13:24.895488+00:00,0.0,False
2024-06-04 12:07:08.349600+00:00,7.662967808847723e-05,False
2024-06-04 12:07:08.349600+00:00,0.0,False
2024-06-04 22:02:57.301728+00:00,0.00045492548185760515,False
2024-06-04 22:02:57.301728+00:00,0.0,False
2024-06-05 12:56:40.724736+00:00,0.0006962172242749834,False
2024-06-05 12:56:40.724736+00:00,0.0,False
2024-06-05 19:33:53.343072+00:00,0.00024145461684157207,False
2024-06-05 19:33:53.343072+00:00,9.094947017729282e-13,False
2024-06-05 21:13:11.497440+00:00,6.981294104803278e-05,False
2024-06-05 21:13:11.497440+00:00,-9.094947017729282e-13,False
2024-06-06 13:46:13.028160+00:00,-0.00011163719984457832,False
2024-06-06 13:46:13.028160+00:00,-9.094947017729282e-13,False
2024-06-07 01:21:20.086272+00:00,0.000600468576867328,False
2024-06-07 01:21:20.086272+00:00,-1.8189894035458565e-12,False
2024-06-07 12:56:27.112416+00:00,-0.0007498544810300664,False
2024-06-07 12:56:27.112416+00:00,0.0,False
2024-06-07 21:12:57.822912+00:00,-2.2098161381994266e-05,False
2024-06-07 21:12:57.822912+00:00,9.094947017729282e-13,False
2024-06-08 05:29:28.549824+00:00,0.0006757436626603094,False
2024-06-08 05:29:28.549824+00:00,0.0,False
2024-06-08 13:45:59.261184+00:00,0.0004727567003726782,False
2024-06-08 13:45:59.261184+00:00,0.0,False
2024-06-08 22:02:29.964768+00:00,0.0004099856163522341,False
2024-06-08 22:02:29.964768+00:00,0.0,False
2024-06-09 11:16:55.074432+00:00,-0.0007372639549542361,False
2024-06-09 11:16:55.074432+00:00,0.0,False
2024-06-09 12:56:13.212384+00:00,2.2058861125172076e-06,False
2024-06-09 12:56:13.212384+00:00,-9.094947017729282e-13,False
2024-06-09 22:52:02.015904+00:00,-0.00011984252730544952,False
2024-06-09 22:52:02.015904+00:00,0.0,False
2024-06-10 12:06:27.096192+00:00,0.0005184803820287996,False
2024-06-10 12:06:27.096192+00:00,0.0,False
2024-06-10 13:45:45.227232+00:00,-2.6388540342021607e-05,False
2024-06-10 13:45:45.227232+00:00,-9.094947017729282e-13,False
2024-06-10 22:02:15.871200+00:00,-0.0002186539233248444,False
2024-06-10 22:02:15.871200+00:00,0.0,False
2024-06-11 12:55:59.024640+00:00,0.00028908797532105086,False
2024-06-11 12:55:59.024640+00:00,0.0,False
2024-06-12 05:29:00.294432+00:00,0.0008484975415951881,False
2024-06-12 05:29:00.294432+00:00,0.0,False
2024-06-12 20:22:43.405536+00:00,0.0004385138008542995,False
2024-06-12 20:22:43.405536+00:00,-9.094947017729282e-13,False
2024-06-13 11:16:26.507136+00:00,0.0004534837277953632,False
2024-06-13 11:16:26.507136+00:00,0.0,False
2024-06-13 12:55:44.626944+00:00,-4.010130829228698e-05,False
2024-06-13 12:55:44.626944+00:00,0.0,False
2024-06-13 21:12:15.221664+00:00,-1.2282173669134807e-05,False
2024-06-13 21:12:15.221664+00:00,0.0,False
2024-06-14 13:45:16.402464+00:00,-0.00033205104274130126,False
2024-06-14 13:45:16.402464+00:00,0.0,False
2024-06-14 22:01:46.982496+00:00,0.0002553636218016685,False
2024-06-14 22:01:46.982496+00:00,9.094947017729282e-13,False
2024-06-15 12:55:30.010656+00:00,-0.0001755503260610562,False
2024-06-15 12:55:30.010656+00:00,0.0,False
2024-06-15 21:12:00.563040+00:00,0.00013939332945071977,False
2024-06-15 21:12:00.563040+00:00,-9.094947017729282e-13,False
2024-06-16 12:05:43.579104+00:00,0.0007935646799151846,False
2024-06-16 12:05:43.579104+00:00,1.8189894035458565e-12,False
2024-06-16 22:01:32.233152+00:00,0.0004960911596112423,False
2024-06-16 22:01:32.233152+00:00,0.0,False
2024-06-17 21:11:45.737664+00:00,0.001226892184467665,False
2024-06-17 21:11:45.737664+00:00,0.0,False
2024-06-18 05:28:16.267584+00:00,0.000735094185281612,False
2024-06-18 05:28:16.267584+00:00,0.0,False
2024-06-18 13:44:46.787136+00:00,0.0005954132519072283,False
2024-06-18 13:44:46.787136+00:00,0.0,False
2024-06-18 22:01:17.307552+00:00,0.0006227899107297209,False
2024-06-18 22:01:17.307552+00:00,0.0,False
2024-06-19 11:15:42.126912+00:00,0.0011626876917848507,False
2024-06-19 11:15:42.126912+00:00,0.0,False
2024-06-19 12:55:00.227712+00:00,0.00019211290870812885,False
2024-06-19 12:55:00.227712+00:00,0.0,False
2024-06-19 21:11:30.730848+00:00,0.0009132411801915249,False
2024-06-19 21:11:30.730848+00:00,0.0,False
2024-06-20 13:44:31.722432+00:00,0.000497654898093761,False
2024-06-20 13:44:31.722432+00:00,0.0,False
2024-06-20 22:01:02.210880+00:00,0.0007093979202796141,False
2024-06-20 22:01:02.210880+00:00,0.0,False
2024-06-20 23:40:20.307360+00:00,9.632001709827261e-05,False
2024-06-20 23:40:20.307360+00:00,0.0,False
2024-06-21 12:54:45.077472+00:00,0.000355510177489866,False
2024-06-21 12:54:45.077472+00:00,0.0,False
2024-06-21 21:11:15.549504+00:00,0.0006491609053110368,False
2024-06-21 21:11:15.549504+00:00,9.094947017729282e-13,False
2024-06-22 05:27:46.020672+00:00,0.0005175551808399052,False
2024-06-22 05:27:46.020672+00:00,9.094947017729282e-13,False
2024-06-22 12:04:58.396224+00:00,0.00015848041914267382,False
2024-06-22 12:04:58.396224+00:00,0.0,False
2024-06-22 22:00:46.944864+00:00,0.0007094755892196776,False
2024-06-22 22:00:46.944864+00:00,0.0,False
2024-06-23 11:15:11.670048+00:00,0.0010262110449370432,False
2024-06-23 11:15:11.670048+00:00,0.0,False
2024-06-23 12:54:29.759616+00:00,0.00012393829131070584,False
2024-06-23 12:54:29.759616+00:00,0.0,False
2024-06-23 21:11:00.198816+00:00,0.0005939748305581838,False
2024-06-23 21:11:00.198816+00:00,9.094947017729282e-13,False
2024-06-24 12:04:42.989376+00:00,0.0010068951164765036,False
2024-06-24 12:04:42.989376+00:00,0.0,False
2024-06-24 13:44:01.076352+00:00,6.515346017587197e-05,False
2024-06-24 13:44:01.076352+00:00,0.0,False
2024-06-24 20:21:13.415616+00:00,0.0003619348508798173,False
2024-06-24 20:21:13.415616+00:00,-9.094947017729282e-13,False
2024-06-25 12:54:14.252544+00:00,0.0006243504285704622,False
2024-06-25 12:54:14.252544+00:00,0.0,False
2024-06-25 19:31:26.572800+00:00,0.00024600910796430215,False
2024-06-25 19:31:26.572800+00:00,0.0,False
2024-06-25 21:10:44.653728+00:00,0.00012638146487373516,False
2024-06-25 21:10:44.653728+00:00,0.0,False
2024-06-26 13:43:45.444000+00:00,-9.388876599466123e-06,False
2024-06-26 13:43:45.444000+00:00,0.0,False
2024-06-26 22:00:15.824448+00:00,0.0005097144345020375,False
2024-06-26 22:00:15.824448+00:00,0.0,False
2024-06-27 04:37:28.132608+00:00,-0.0007179145037060151,False
2024-06-27 04:37:28.132608+00:00,0.0,False
2024-06-27 21:10:28.875360+00:00,0.0005319536533726168,False
2024-06-27 21:10:28.875360+00:00,0.0,False
2024-06-28 05:26:59.225568+00:00,-0.0006817423166649227,False
2024-06-28 05:26:59.225568+00:00,0.0,False
2024-06-28 13:43:29.553312+00:00,-0.0007210594090550275,False
2024-06-28 13:43:29.553312+00:00,9.094947017729282e-13,False
2024-06-28 21:59:59.887104+00:00,0.0011286251663239313,False
2024-06-28 21:59:59.887104+00:00,0.0,False
2024-06-29 11:14:24.410112+00:00,-0.00038869285165822826,False
2024-06-29 11:14:24.410112+00:00,-9.094947017729282e-13,False
2024-06-29 14:33:00.533952+00:00,-8.172025907068935e-05,False
2024-06-29 14:33:00.533952+00:00,-9.094947017729282e-13,False
2024-06-29 21:10:12.780768+00:00,0.00017666563422671943,False
2024-06-29 21:10:12.780768+00:00,9.094947017729282e-13,False
2024-06-30 12:03:55.314720+00:00,0.0009018737026541311,False
2024-06-30 12:03:55.314720+00:00,0.0,False
2024-06-30 13:43:13.371456+00:00,-2.471561214197461e-05,False
2024-06-30 13:43:13.371456+00:00,0.0,False
2024-06-30 20:20:25.594944+00:00,7.465554840545524e-05,False
2024-06-30 20:20:25.594944+00:00,9.094947017729282e-13,False
2024-07-01 12:53:26.147616+00:00,0.000523609549291947,False
2024-07-01 12:53:26.147616+00:00,0.0,False
2024-07-01 19:30:38.356416+00:00,-0.00013929816065726412,False
2024-07-01 19:30:38.356416+00:00,0.0,False
2024-07-01 21:09:56.407104+00:00,-1.1670681040857635e-06,False
2024-07-01 21:09:56.407104+00:00,0.0,False
2024-07-02 13:42:56.907936+00:00,6.335916680292979e-06,False
2024-07-02 13:42:56.907936+00:00,0.0,False
2024-07-02 20:20:09.099456+00:00,-0.00021198671482330802,False
2024-07-02 20:20:09.099456+00:00,0.0,False
2024-07-03 21:09:39.775968+00:00,0.00027609996394367155,False
2024-07-03 21:09:39.775968+00:00,0.0,False
2024-07-04 05:26:09.981888+00:00,9.590320902706263e-05,False
2024-07-04 05:26:09.981888+00:00,0.0,False
2024-07-04 13:42:40.186080+00:00,6.40357235304383e-05,False
2024-07-04 13:42:40.186080+00:00,0.0,False
2024-07-04 21:59:10.382496+00:00,-0.00024439952618272257,False
2024-07-04 21:59:10.382496+00:00,0.0,False
2024-07-05 11:13:34.686912+00:00,0.0004001014493758878,False
2024-07-05 11:13:34.686912+00:00,0.0,False
2024-07-05 12:52:52.718592+00:00,-0.0003860802444278225,False
2024-07-05 12:52:52.718592+00:00,9.094947017729282e-13,False
2024-07-05 21:09:22.900320+00:00,1.913116287308213e-05,False
2024-07-05 21:09:22.900320+00:00,0.0,False
2024-07-06 12:03:05.204448+00:00,0.001001846818511985,False
2024-07-06 12:03:05.204448+00:00,0.0,False
2024-07-06 13:42:23.237856+00:00,-7.197544645981004e-07,False
2024-07-06 13:42:23.237856+00:00,9.094947017729282e-13,False
2024-07-06 20:19:35.364576+00:00,-0.00030553526468827575,False
2024-07-06 20:19:35.364576+00:00,9.094947017729282e-13,False
2024-07-07 12:52:35.662368+00:00,-0.0002783006843811405,False
2024-07-07 12:52:35.662368+00:00,0.0,False
2024-07-07 19:29:47.778720+00:00,-0.00017631620689460207,False
2024-07-07 19:29:47.778720+00:00,0.0,False
2024-07-08 13:42:06.061536+00:00,0.0004288529511045579,False
2024-07-08 13:42:06.061536+00:00,0.0,False
2024-07-08 20:19:18.157152+00:00,-0.00010713478619167193,False
2024-07-08 20:19:18.157152+00:00,0.0,False
2024-07-08 21:58:36.181920+00:00,9.801821643653404e-05,False
2024-07-08 21:58:36.181920+00:00,0.0,False
2024-07-09 12:52:18.385824+00:00,0.0007260016183401527,False
2024-07-09 12:52:18.385824+00:00,0.0,False
2024-07-09 21:08:48.490656+00:00,0.00011794836007388313,False
2024-07-09 21:08:48.490656+00:00,0.0,False
2024-07-10 05:25:18.587712+00:00,8.121352530621032e-05,False
2024-07-10 05:25:18.587712+00:00,0.0,False
2024-07-10 13:41:48.674400+00:00,-8.4608570516296e-06,False
2024-07-10 13:41:48.674400+00:00,0.0,False
2024-07-10 21:58:18.755040+00:00,0.00034342491138560473,False
2024-07-10 21:58:18.755040+00:00,0.0,False
2024-07-11 12:52:00.882912+00:00,0.0005826575902869321,False
2024-07-11 12:52:00.882912+00:00,0.0,False
2024-07-11 16:10:36.909120+00:00,0.00020360462703381931,False
2024-07-11 16:10:36.909120+00:00,0.0,False
2024-07-12 13:41:31.053984+00:00,0.0002746544043220277,False
2024-07-12 13:41:31.053984+00:00,0.0,False
2024-07-12 20:18:43.081344+00:00,0.0002823987235287149,False
2024-07-12 20:18:43.081344+00:00,0.0,False
2024-07-12 21:58:01.089696+00:00,0.00010941184745072799,False
2024-07-12 21:58:01.089696+00:00,9.094947017729282e-13,False
2024-07-13 12:51:43.134624+00:00,-0.000493110751808851,False
2024-07-13 12:51:43.134624+00:00,9.094947017729282e-13,False
2024-07-13 21:08:13.143552+00:00,-0.0010476335939750856,False
2024-07-13 21:08:13.143552+00:00,9.094947017729282e-13,False
2024-07-14 05:24:43.157664+00:00,0.0005915287517469152,False
2024-07-14 05:24:43.157664+00:00,0.0,False
2024-07-14 13:41:13.156224+00:00,0.0006358822566875132,False
2024-07-14 13:41:13.156224+00:00,0.0,False
2024-07-14 21:57:43.143552+00:00,0.0007129502630622659,False
2024-07-14 21:57:43.143552+00:00,0.0,False
2024-07-15 11:12:07.115328+00:00,0.000852275067397009,False
2024-07-15 11:12:07.115328+00:00,0.0,False
2024-07-15 12:51:25.120224+00:00,0.00015685254931772566,False
2024-07-15 12:51:25.120224+00:00,0.0,False
2024-07-15 21:07:55.083360+00:00,0.0019553432119513506,False
2024-07-15 21:07:55.083360+00:00,0.0,False
2024-07-16 12:01:36.986592+00:00,0.00028173251539820917,False
2024-07-16 12:01:36.986592+00:00,0.0,False
2024-07-16 13:40:54.975072+00:00,6.47324917557286e-05,False
2024-07-16 13:40:54.975072+00:00,-9.094947017729282e-13,False
2024-07-16 20:18:06.921216+00:00,0.00011696318838134035,False
2024-07-16 20:18:06.921216+00:00,0.0,False
2024-07-17 12:51:06.771456+00:00,-0.002304440598146682,False
2024-07-17 12:51:06.771456+00:00,-9.094947017729282e-13,False
2024-07-17 19:28:18.695136+00:00,0.0003054731173437312,False
2024-07-17 19:28:18.695136+00:00,0.0,False
2024-07-17 22:46:54.658272+00:00,0.0005165346030206933,False
2024-07-17 22:46:54.658272+00:00,0.0,False
2024-07-18 12:01:18.495264+00:00,-0.0001454407498051309,False
2024-07-18 12:01:18.495264+00:00,0.0,False
2024-07-18 20:17:48.376320+00:00,-2.2510727733932034e-07,False
2024-07-18 20:17:48.376320+00:00,0.0,False
2024-07-18 21:57:06.350112+00:00,7.603917389400463e-07,False
2024-07-18 21:57:06.350112+00:00,0.0,False
2024-07-19 12:50:48.108192+00:00,0.002062523853881114,False
2024-07-19 12:50:48.108192+00:00,-9.094947017729282e-13,False
2024-07-19 21:07:17.952096+00:00,-0.00028300260253979223,False
2024-07-19 21:07:17.952096+00:00,0.0,False
2024-07-20 05:23:47.789088+00:00,-0.00032284441199788923,False
2024-07-20 05:23:47.789088+00:00,9.094947017729282e-13,False
2024-07-20 13:40:17.613120+00:00,-0.0013622493218342576,False
2024-07-20 13:40:17.613120+00:00,0.0,False
2024-07-20 21:56:47.431104+00:00,-0.0001635629025380249,False
2024-07-20 21:56:47.431104+00:00,0.0,False
2024-07-21 11:11:11.119488+00:00,-0.000571168226926811,False
2024-07-21 11:11:11.119488+00:00,9.094947017729282e-13,False
2024-07-21 12:50:29.076000+00:00,-0.00012051254735929176,False
2024-07-21 12:50:29.076000+00:00,9.094947017729282e-13,False
2024-07-21 21:06:58.866336+00:00,-0.0001568272561567601,False
2024-07-21 21:06:58.866336+00:00,0.0,False
2024-07-22 12:00:40.454208+00:00,-0.0003110833641285617,False
2024-07-22 12:00:40.454208+00:00,0.0,False
2024-07-22 13:39:58.404672+00:00,-0.00021379321857664782,False
2024-07-22 13:39:58.404672+00:00,-9.094947017729282e-13,False
2024-07-22 21:56:28.165632+00:00,-0.00018544764351454768,False
2024-07-22 21:56:28.165632+00:00,0.0,False
2024-07-23 12:50:09.709440+00:00,-0.0008939472255695287,False
2024-07-23 12:50:09.709440+00:00,9.094947017729282e-13,False
2024-07-23 19:27:21.495744+00:00,-5.721035696149414e-05,False
2024-07-23 19:27:21.495744+00:00,0.0,False
2024-07-23 22:45:57.383712+00:00,-0.0001610437109531242,False
2024-07-23 22:45:57.383712+00:00,0.0,False
2024-07-24 13:39:38.888640+00:00,0.0005510659794944767,False
2024-07-24 13:39:38.888640+00:00,0.0,False
2024-07-24 20:16:50.661984+00:00,0.000333378764183978,False
2024-07-24 20:16:50.661984+00:00,0.0,False
2024-07-24 21:56:08.602944+00:00,-1.1197304106924438e-05,False
2024-07-24 21:56:08.602944+00:00,0.0,False
2024-07-25 06:12:38.310336+00:00,0.00036104987228533967,False
2024-07-25 06:12:38.310336+00:00,0.0,False
2024-07-25 21:06:19.752192+00:00,0.0020390711080592824,False
2024-07-25 21:06:19.752192+00:00,0.0,False
2024-07-26 05:22:49.421568+00:00,-0.0007119887279028946,False
2024-07-26 05:22:49.421568+00:00,0.0,False
2024-07-26 13:39:19.096128+00:00,0.0006104113807114612,False
2024-07-26 13:39:19.096128+00:00,0.0,False
2024-07-26 21:55:48.762048+00:00,0.0003216653913493141,False
2024-07-26 21:55:48.762048+00:00,0.0,False
2024-07-27 04:33:00.495648+00:00,0.00024316310037509259,False
2024-07-27 04:33:00.495648+00:00,9.094947017729282e-13,False
2024-07-27 11:10:12.221472+00:00,0.00026163203939149455,False
2024-07-27 11:10:12.221472+00:00,0.0,False
2024-07-27 22:45:17.730432+00:00,0.00010155583692919926,False
2024-07-27 22:45:17.730432+00:00,0.0,False
2024-07-28 11:59:41.158752+00:00,0.0006459087562351367,False
2024-07-28 11:59:41.158752+00:00,0.0,False
2024-07-28 21:55:28.716384+00:00,-3.597484114958166e-05,False
2024-07-28 21:55:28.716384+00:00,0.0,False
2024-07-29 12:49:10.034688+00:00,0.0006878333764804871,False
2024-07-29 12:49:10.034688+00:00,0.0,False
2024-07-29 19:26:21.722496+00:00,0.0003648165102434265,False
2024-07-29 19:26:21.722496+00:00,0.0,False
2024-07-29 21:05:39.648768+00:00,0.00023730793992552356,False
2024-07-29 21:05:39.648768+00:00,0.0,False
2024-07-30 13:38:38.823360+00:00,0.0005357546410159051,False
2024-07-30 13:38:38.823360+00:00,0.0,False
2024-07-30 20:15:50.506848+00:00,0.0009106494994119375,False
2024-07-30 20:15:50.506848+00:00,9.094947017729282e-13,False
2024-07-30 21:55:08.422752+00:00,0.00015105508437909376,False
2024-07-30 21:55:08.422752+00:00,0.0,False
2024-07-31 12:48:49.684896+00:00,0.004387246584279607,False
2024-07-31 12:48:49.684896+00:00,0.0,False
2024-07-31 22:44:37.150944+00:00,0.00160461464720979,False
2024-07-31 22:44:37.150944+00:00,0.0,False
2024-08-01 05:21:48.790368+00:00,0.0007877550189818801,False
2024-08-01 05:21:48.790368+00:00,0.0,False
2024-08-01 13:38:18.379392+00:00,0.00225578406788708,False
2024-08-01 13:38:18.379392+00:00,0.0,False
2024-08-01 21:54:47.913984+00:00,0.001215899308500299,False
2024-08-01 21:54:47.913984+00:00,0.0,False
2024-08-02 11:09:11.183328+00:00,0.000807304094643867,False
2024-08-02 11:09:11.183328+00:00,-9.094947017729282e-13,False
2024-08-02 12:48:29.095776+00:00,-0.00022859449674819058,False
2024-08-02 12:48:29.095776+00:00,-1.8189894035458565e-12,False
2024-08-02 21:04:58.608768+00:00,0.000818770867730618,False
2024-08-02 21:04:58.608768+00:00,0.0,False
2024-08-03 11:58:39.747360+00:00,0.0017616133972881472,False
2024-08-03 11:58:39.747360+00:00,0.0,False
2024-08-03 13:37:57.648576+00:00,0.00014993140693877745,False
2024-08-03 13:37:57.648576+00:00,-9.094947017729282e-13,False
2024-08-03 21:54:27.140832+00:00,0.0005919962836975906,False
2024-08-03 21:54:27.140832+00:00,0.0,False
2024-08-04 12:48:08.220672+00:00,0.0012433962089432324,False
2024-08-04 12:48:08.220672+00:00,0.0,False
2024-08-04 19:25:19.724448+00:00,-0.002572283911936574,False
2024-08-04 19:25:19.724448+00:00,0.0,False
2024-08-04 22:43:55.501824+00:00,0.0005019927439089752,False
2024-08-04 22:43:55.501824+00:00,0.0,False
2024-08-05 20:14:48.159744+00:00,0.00634038561835808,False
2024-08-05 20:14:48.159744+00:00,0.0,False
2024-08-05 21:54:06.048000+00:00,0.0001692141617206405,False
2024-08-05 21:54:06.048000+00:00,0.0,False
2024-08-06 04:31:17.600160+00:00,0.0003902372363439896,False
2024-08-06 04:31:17.600160+00:00,9.094947017729282e-13,False
2024-08-06 23:01:28.460352+00:00,1.3138268867425467,False
2024-08-06 23:01:28.460352+00:00,0.0,False
2024-08-07 11:58:25.778208+00:00,-0.07286416506063403,False
2024-08-07 11:58:25.778208+00:00,0.0,False
2024-08-07 13:37:45.214752+00:00,7.08072888924424e-05,False
2024-08-07 13:37:45.214752+00:00,9.094947017729282e-13,False
2024-08-07 20:15:02.952288+00:00,0.0008513239763868771,False
2024-08-07 20:15:02.952288+00:00,9.094947017729282e-13,False
2024-08-08 12:48:17.287488+00:00,-0.000657551861026404,False
2024-08-08 12:48:17.287488+00:00,0.0,False
2024-08-08 21:04:54.421824+00:00,0.0005168475963786274,False
2024-08-08 21:04:54.421824+00:00,0.0,False
2024-08-09 05:21:31.572576+00:00,0.00030220831836580723,False
2024-08-09 05:21:31.572576+00:00,0.0,False
2024-08-09 20:15:27.012096+00:00,0.05074490536910399,False
2024-08-09 20:15:27.012096+00:00,0.0,False
2024-08-10 12:48:41.824224+00:00,0.002227485684938169,False
2024-08-10 12:48:41.824224+00:00,0.0,False
2024-08-10 22:44:38.671584+00:00,-0.0005841663653354599,False
2024-08-10 22:44:38.671584+00:00,0.0,False
2024-08-11 02:03:17.621568+00:00,0.00017335010783155365,False
2024-08-11 02:03:17.621568+00:00,0.0,False
2024-08-11 21:55:11.228160+00:00,-0.0032718420174221944,False
2024-08-11 21:55:11.228160+00:00,0.0,False
2024-08-12 04:32:29.089248+00:00,0.003971475504708373,False
2024-08-12 04:32:29.089248+00:00,0.0,False
2024-08-12 12:49:06.243456+00:00,-0.006702858247788112,False
2024-08-12 12:49:06.243456+00:00,9.094947017729282e-13,False
2024-08-12 22:45:02.822976+00:00,-0.005049615538221268,False
2024-08-12 22:45:02.822976+00:00,0.0,False
2024-08-13 05:22:20.792928+00:00,0.01477408600688945,False
2024-08-13 05:22:20.792928+00:00,9.094947017729282e-13,False
2024-08-13 13:38:57.971328+00:00,-0.004851435138110193,False
2024-08-13 13:38:57.971328+00:00,9.094947017729282e-13,False
2024-08-13 20:16:15.739104+00:00,7.043875787940781e-05,False
2024-08-13 20:16:15.739104+00:00,-9.094947017729282e-13,False
2024-08-16 19:27:10.891872+00:00,-0.006849783852021441,False
2024-08-16 19:27:10.891872+00:00,1.8189894035458565e-12,False
2024-08-17 12:00:24.967008+00:00,-0.00017062381776210668,False
2024-08-17 12:00:24.967008+00:00,0.0,False
2024-08-17 20:17:01.965696+00:00,-0.0017691701690808726,False
2024-08-17 20:17:01.965696+00:00,0.0,False
2024-08-18 04:33:38.954880+00:00,0.000735230622316401,False
2024-08-18 04:33:38.954880+00:00,0.0,False
2024-08-18 21:06:52.903008+00:00,0.00039378576988679734,False
2024-08-18 21:06:52.903008+00:00,0.0,False
2024-08-19 05:23:29.865408+00:00,0.0005421664086958297,False
2024-08-19 05:23:29.865408+00:00,0.0,False
2024-08-19 13:40:06.809664+00:00,-0.00017648931977107198,False
2024-08-19 13:40:06.809664+00:00,0.0,False
2024-08-20 11:11:18.813408+00:00,-0.0005470012556262451,False
2024-08-20 11:11:18.813408+00:00,9.094947017729282e-13,False
2024-08-20 12:50:38.193792+00:00,-6.358986462274061e-05,False
2024-08-20 12:50:38.193792+00:00,0.0,False
2024-08-21 12:01:09.493248+00:00,-0.0006916216103938031,False
2024-08-21 12:01:09.493248+00:00,0.0,False
2024-08-21 13:40:28.864128+00:00,-0.00017676495703722734,False
2024-08-21 13:40:28.864128+00:00,0.0,False
2024-08-21 18:38:26.983680+00:00,0.00013119781884685035,False
2024-08-21 18:38:26.983680+00:00,0.0,False
2024-08-22 12:51:00.061632+00:00,0.0012480828979809728,False
2024-08-22 12:51:00.061632+00:00,0.0,False
2024-08-22 17:48:58.161312+00:00,4.914921590182166e-05,False
2024-08-22 17:48:58.161312+00:00,0.0,False
2024-08-22 22:46:56.257536+00:00,0.00017107535581655127,False
2024-08-22 22:46:56.257536+00:00,-9.094947017729282e-13,False
2024-08-23 13:40:50.546208+00:00,0.0018223396792634407,False
2024-08-23 13:40:50.546208+00:00,0.0,False
2024-08-23 20:18:07.996896+00:00,0.0006415008812493425,False
2024-08-23 20:18:07.996896+00:00,0.0,False
2024-08-24 12:51:21.587328+00:00,0.0004997811364672615,False
2024-08-24 12:51:21.587328+00:00,-9.094947017729282e-13,False
2024-08-24 21:07:58.367424+00:00,0.0007750801074575247,False
2024-08-24 21:07:58.367424+00:00,0.0,False
2024-08-25 05:24:35.146656+00:00,0.00045067008913935065,False
2024-08-25 05:24:35.146656+00:00,0.0,False
2024-08-25 13:41:11.917248+00:00,0.0005420942575548619,False
2024-08-25 13:41:11.917248+00:00,0.0,False
2024-08-25 21:57:48.680064+00:00,0.0011677967422659432,False
2024-08-25 21:57:48.680064+00:00,0.0,False
2024-08-26 11:12:23.485536+00:00,-1.6843851151369764e-05,False
2024-08-26 11:12:23.485536+00:00,0.0,False
2024-08-26 12:51:42.833088+00:00,4.121845905637639e-05,False
2024-08-26 12:51:42.833088+00:00,0.0,False
2024-08-26 22:47:38.903712+00:00,-0.0004453354256321604,False
2024-08-26 22:47:38.903712+00:00,0.0,False
2024-08-27 12:02:13.672032+00:00,0.0010366036384389802,False
2024-08-27 12:02:13.672032+00:00,0.0,False
2024-08-27 13:41:33.014400+00:00,2.994864899569569e-05,False
2024-08-27 13:41:33.014400+00:00,-9.094947017729282e-13,False
2024-08-27 21:58:09.717600+00:00,0.0004089559527314657,False
2024-08-27 21:58:09.717600+00:00,0.0,False
2024-08-28 12:52:03.730656+00:00,-0.0011861145424998795,False
2024-08-28 12:52:03.730656+00:00,0.0,False
2024-08-28 19:29:21.088896+00:00,0.0013428730042908464,False
2024-08-28 19:29:21.088896+00:00,-9.094947017729282e-13,False
2024-08-28 21:08:40.421760+00:00,-1.2117495813610999e-05,False
2024-08-28 21:08:40.421760+00:00,0.0,False
2024-08-29 20:19:11.053344+00:00,-0.00038578793089073804,False
2024-08-29 20:19:11.053344+00:00,0.0,False
2024-08-30 12:52:24.328416+00:00,0.00021490326847856817,False
2024-08-30 12:52:24.328416+00:00,0.0,False
2024-08-30 22:48:20.238336+00:00,-0.0004222352329098281,False
2024-08-30 22:48:20.238336+00:00,0.0,False
2024-08-31 05:25:37.390080+00:00,-0.004898891411542027,False
2024-08-31 05:25:37.390080+00:00,0.0,False
2024-08-31 13:42:14.077728+00:00,0.005832074409541018,False
2024-08-31 13:42:14.077728+00:00,0.0,False
2024-08-31 21:58:50.646144+00:00,0.0004978513006657268,False
2024-08-31 21:58:50.646144+00:00,0.0,False
2024-09-01 11:13:25.126752+00:00,-0.0007962476378976895,False
2024-09-01 11:13:25.126752+00:00,0.0,False
2024-09-01 12:52:44.433696+00:00,8.233818269998844e-05,False
2024-09-01 12:52:44.433696+00:00,0.0,False
2024-09-01 21:09:20.959776+00:00,0.0010503890866901738,False
2024-09-01 21:09:20.959776+00:00,0.0,False
2024-09-02 12:03:14.708448+00:00,-0.0010394905391497757,False
2024-09-02 12:03:14.708448+00:00,0.0,False
2024-09-02 13:42:34.008480+00:00,-3.0018625830990095e-05,False
2024-09-02 13:42:34.008480+00:00,0.0,False
2024-09-02 21:59:10.474944+00:00,-0.0004439305716560124,False
2024-09-02 21:59:10.474944+00:00,0.0,False
2024-09-03 12:53:04.114752+00:00,-0.001881251425364998,False
2024-09-03 12:53:04.114752+00:00,-9.094947017729282e-13,False
2024-09-03 16:11:42.692352+00:00,-1.4899550788998687e-05,False
2024-09-03 16:11:42.692352+00:00,0.0,False
2024-09-03 21:09:40.531968+00:00,-0.0007767006786213672,False
2024-09-03 21:09:40.531968+00:00,-9.094947017729282e-13,False
2024-09-04 13:42:53.362080+00:00,-0.0016128734247136704,False
2024-09-04 13:42:53.362080+00:00,0.0,False
2024-09-04 17:01:31.918080+00:00,0.0001358117801253452,False
2024-09-04 17:01:31.918080+00:00,-9.094947017729282e-13,False
2024-09-04 21:59:29.768064+00:00,0.002820631559529086,False
2024-09-04 21:59:29.768064+00:00,9.094947017729282e-13,False
2024-09-05 11:14:03.978240+00:00,-8.030749813447372e-05,False
2024-09-05 11:14:03.978240+00:00,0.0,False
2024-09-05 19:30:40.323744+00:00,-0.00015795158170402558,False
2024-09-05 19:30:40.323744+00:00,0.0,False
2024-09-05 21:09:59.591808+00:00,-3.762931669571963e-05,False
2024-09-05 21:09:59.591808+00:00,0.0,False
2024-09-06 13:43:12.244800+00:00,-0.0009904553849712852,False
2024-09-06 13:43:12.244800+00:00,0.0,False
2024-09-06 20:20:29.286816+00:00,0.00010160814196099916,False
2024-09-06 20:20:29.286816+00:00,0.0,False
2024-09-07 12:53:41.844768+00:00,-0.002675009910949504,False
2024-09-07 12:53:41.844768+00:00,0.0,False
2024-09-07 21:10:18.069312+00:00,-0.001135372349894631,False
2024-09-07 21:10:18.069312+00:00,0.0,False
2024-09-08 05:26:54.308544+00:00,-0.00015250963902380512,False
2024-09-08 05:26:54.308544+00:00,0.0,False
2024-09-08 13:43:30.524448+00:00,0.0010898612805679431,False
2024-09-08 13:43:30.524448+00:00,1.8189894035458565e-12,False
2024-09-08 22:00:06.719616+00:00,-0.0005430562711211005,False
2024-09-08 22:00:06.719616+00:00,0.0,False
2024-09-09 11:14:40.610112+00:00,-0.0019578568482582284,False
2024-09-09 11:14:40.610112+00:00,0.0,False
2024-09-09 12:53:59.840160+00:00,-0.00024766284547501574,False
2024-09-09 12:53:59.840160+00:00,0.0,False
2024-09-09 21:10:35.954976+00:00,-0.0006267849794046481,False
2024-09-09 21:10:35.954976+00:00,0.0,False
2024-09-10 12:04:28.985664+00:00,-0.0013459865706844892,False
2024-09-10 12:04:28.985664+00:00,0.0,False
2024-09-10 22:00:24.293376+00:00,0.0003213212594276025,False
2024-09-10 22:00:24.293376+00:00,0.0,False
2024-09-11 12:54:17.245440+00:00,-0.002502678024233355,False
2024-09-11 12:54:17.245440+00:00,9.094947017729282e-13,False
2024-09-11 19:31:34.078368+00:00,-1.3966328362860145e-05,False
2024-09-11 19:31:34.078368+00:00,0.0,False
2024-09-11 21:10:53.284224+00:00,-0.00025473940846770256,False
2024-09-11 21:10:53.284224+00:00,0.0,False
2024-09-12 13:44:05.122464+00:00,-0.012121130772444852,False
2024-09-12 13:44:05.122464+00:00,9.094947017729282e-13,False
2024-09-12 20:21:22.049568+00:00,0.008095757644432672,False
2024-09-12 20:21:22.049568+00:00,0.0,False
2024-09-12 22:00:41.238144+00:00,-0.00016410326772670243,False
2024-09-12 22:00:41.238144+00:00,0.0,False
2024-09-14 03:48:26.596224+00:00,-0.001875560068379441,False
2024-09-14 03:48:26.596224+00:00,9.094947017729282e-13,False
2024-09-14 12:05:02.534784+00:00,0.001481697390536497,False
2024-09-14 12:05:02.534784+00:00,0.0,False
2024-09-14 22:00:57.652416+00:00,0.0024421360201153154,False
2024-09-14 22:00:57.652416+00:00,-9.094947017729282e-13,False
2024-09-15 04:38:14.369568+00:00,-0.002143584383563246,False
2024-09-15 04:38:14.369568+00:00,9.094947017729282e-13,False
2024-09-15 21:11:26.065248+00:00,-0.0011251540013822304,False
2024-09-15 21:11:26.065248+00:00,0.0,False
2024-09-16 05:28:01.928640+00:00,0.0010226524757736375,False
2024-09-16 05:28:01.928640+00:00,0.0,False
2024-09-16 13:44:37.740192+00:00,0.0012521661886637605,False
2024-09-16 13:44:37.740192+00:00,0.0,False
2024-09-16 22:01:13.550016+00:00,-0.00010644165754864084,False
2024-09-16 22:01:13.550016+00:00,0.0,False
2024-09-17 11:15:46.581696+00:00,-0.012296767302015732,False
2024-09-17 11:15:46.581696+00:00,9.094947017729282e-13,False
2024-09-17 12:55:05.721888+00:00,-0.0001627419547161565,False
2024-09-17 12:55:05.721888+00:00,0.0,False
2024-09-17 21:11:41.709696+00:00,0.012274515157718937,False
2024-09-17 21:11:41.709696+00:00,0.0,False
2024-09-18 12:05:34.101888+00:00,0.0009300538196895538,False
2024-09-18 12:05:34.101888+00:00,0.0,False
2024-09-18 22:01:29.006976+00:00,0.00031021233855905647,False
2024-09-18 22:01:29.006976+00:00,0.0,False
2024-09-19 12:55:21.324864+00:00,-0.001945671078169875,False
2024-09-19 12:55:21.324864+00:00,9.094947017729282e-13,False
2024-09-19 19:32:37.876992+00:00,-0.0004787073334508187,False
2024-09-19 19:32:37.876992+00:00,0.0,False
2024-09-20 13:45:08.445024+00:00,0.00044049247096691066,False
2024-09-20 13:45:08.445024+00:00,0.0,False
2024-09-20 22:01:44.131296+00:00,3.0086744005079682e-05,False
2024-09-20 22:01:44.131296+00:00,0.0,False
2024-09-21 04:39:00.683424+00:00,-0.0005907677651483024,False
2024-09-21 04:39:00.683424+00:00,0.0,False
2024-09-21 12:55:36.371424+00:00,0.0009905521647186276,False
2024-09-21 12:55:36.371424+00:00,9.094947017729282e-13,False
2024-09-22 12:06:04.228704+00:00,8.297492006693278e-05,False
2024-09-22 12:06:04.228704+00:00,-9.094947017729282e-13,False
2024-09-22 13:45:23.357664+00:00,-8.772343157745102e-05,False
2024-09-22 13:45:23.357664+00:00,0.0,False
2024-09-22 22:01:59.004192+00:00,8.096355404768195e-05,False
2024-09-22 22:01:59.004192+00:00,-9.094947017729282e-13,False
2024-09-23 12:55:51.127680+00:00,-0.0025080399035246406,False
2024-09-23 12:55:51.127680+00:00,-9.094947017729282e-13,False
2024-09-23 19:33:07.592544+00:00,-0.001165891298292262,False
2024-09-23 19:33:07.592544+00:00,9.094947017729282e-13,False
2024-09-23 22:51:45.829728+00:00,-0.0002937943981681675,False
2024-09-23 22:51:45.829728+00:00,0.0,False
2024-09-24 13:45:37.999872+00:00,0.0028700640349915434,False
2024-09-24 13:45:37.999872+00:00,0.0,False
2024-09-24 15:24:57.118464+00:00,-9.594396439889627e-05,False
2024-09-24 15:24:57.118464+00:00,-9.094947017729282e-13,False
2024-09-25 04:39:30.036096+00:00,-0.00043066483576672046,False
2024-09-25 04:39:30.036096+00:00,0.0,False
2024-09-25 12:56:05.607456+00:00,-0.00036151229350143456,False
2024-09-25 12:56:05.607456+00:00,0.0,False
2024-09-25 21:12:41.158080+00:00,0.000504897258669272,False
2024-09-25 21:12:41.158080+00:00,0.0,False
2024-09-26 12:06:33.145056+00:00,8.452526317062571e-05,False
2024-09-26 12:06:33.145056+00:00,9.094947017729282e-13,False
2024-09-26 22:02:27.761568+00:00,-0.0002761721404826384,False
2024-09-26 22:02:27.761568+00:00,0.0,False
2024-09-27 12:56:19.681152+00:00,0.0004006818403691041,False
2024-09-27 12:56:19.681152+00:00,0.0,False
2024-09-27 17:54:16.975584+00:00,-0.000177610674819576,False
2024-09-27 17:54:16.975584+00:00,-9.094947017729282e-13,False
2024-09-28 12:06:47.012256+00:00,-0.00044713507955231784,False
2024-09-28 12:06:47.012256+00:00,0.0,False
2024-09-28 20:23:22.440192+00:00,-0.0013029124426860823,False
2024-09-28 20:23:22.440192+00:00,0.0,False
2024-09-28 22:02:41.527680+00:00,-4.6161348728438346e-06,False
2024-09-28 22:02:41.527680+00:00,0.0,False
2024-09-29 12:56:33.274464+00:00,-0.0010603692662621341,False
2024-09-29 12:56:33.274464+00:00,0.0,False
2024-09-29 19:33:49.588128+00:00,-0.00035345948230281463,False
2024-09-29 19:33:49.588128+00:00,0.0,False
2024-09-30 03:50:24.965088+00:00,-0.0010055100870362118,False
2024-09-30 03:50:24.965088+00:00,1.8189894035458565e-12,False
2024-09-30 13:46:19.407936+00:00,0.0004992044947721664,False
2024-09-30 13:46:19.407936+00:00,0.0,False
2024-09-30 20:23:35.668032+00:00,-0.0015493491410696284,False
2024-09-30 20:23:35.668032+00:00,9.094947017729282e-13,False
2024-10-01 04:40:11.002656+00:00,-0.000657295766993729,False
2024-10-01 04:40:11.002656+00:00,0.0,False
2024-10-01 12:56:46.322592+00:00,-0.00015161908137741043,False
2024-10-01 12:56:46.322592+00:00,0.0,False
2024-10-01 19:34:02.545536+00:00,-0.0011227622199675897,False
2024-10-01 19:34:02.545536+00:00,0.0,False
2024-10-02 10:27:53.967456+00:00,-0.008188594586813074,False
2024-10-02 10:27:53.967456+00:00,0.0,False
2024-10-02 20:23:48.205536+00:00,-0.002557633146663443,False
2024-10-02 20:23:48.205536+00:00,0.0,False
2024-10-03 12:56:58.694208+00:00,0.0009093532328275167,False
2024-10-03 12:56:58.694208+00:00,0.0,False
2024-10-03 19:34:14.806560+00:00,-0.0008787020388570299,False
2024-10-03 19:34:14.806560+00:00,0.0,False
2024-10-03 21:13:33.799008+00:00,-0.0030474718129163587,False
2024-10-03 21:13:33.799008+00:00,-9.094947017729282e-13,False
2024-10-04 10:28:06.052224+00:00,0.004959267404710391,False
2024-10-04 10:28:06.052224+00:00,9.094947017729282e-13,False
2024-10-04 20:24:00.146016+00:00,-0.0023735263464415594,False
2024-10-04 20:24:00.146016+00:00,0.0,False
2024-10-05 12:57:10.277856+00:00,0.000887846380586141,False
2024-10-05 12:57:10.277856+00:00,0.0,False
2024-10-05 21:13:45.279840+00:00,-0.0007616215694617439,False
2024-10-05 21:13:45.279840+00:00,0.0,False
2024-10-06 03:51:01.314432+00:00,0.004325898167022345,False
2024-10-06 03:51:01.314432+00:00,0.0,False
2024-10-06 12:07:36.300000+00:00,0.00031904535448471546,False
2024-10-06 12:07:36.300000+00:00,0.0,False
2024-10-06 20:24:11.245824+00:00,-0.0011320801130598871,False
2024-10-06 20:24:11.245824+00:00,0.0,False
2024-10-07 04:40:46.146720+00:00,-0.0011774920648966371,False
2024-10-07 04:40:46.146720+00:00,0.0,False
2024-10-07 12:57:21.048480+00:00,0.0035300357988897876,False
2024-10-07 12:57:21.048480+00:00,0.0,False
2024-10-07 19:34:36.941376+00:00,-0.0004983550323934666,False
2024-10-07 19:34:36.941376+00:00,0.0,False
2024-10-08 05:30:30.144384+00:00,-0.03440717358540057,False
2024-10-08 05:30:30.144384+00:00,0.0,False
2024-10-08 12:07:46.523712+00:00,0.02533252883575165,False
2024-10-08 12:07:46.523712+00:00,0.0,False
2024-10-08 20:24:21.399552+00:00,0.010534376042288648,False
2024-10-08 20:24:21.399552+00:00,0.0,False
2024-10-09 12:57:30.928320+00:00,0.003392633738103501,False
2024-10-09 12:57:30.928320+00:00,0.0,False
2024-10-09 19:34:46.697664+00:00,-0.003016318376968892,False
2024-10-09 19:34:46.697664+00:00,0.0,False
2024-10-10 12:07:56.109792+00:00,-0.0020928114548981165,False
2024-10-10 12:07:56.109792+00:00,0.0,False
2024-10-10 20:24:30.455136+00:00,-0.01774966939618808,False
2024-10-10 20:24:30.455136+00:00,0.0,False
2024-10-11 04:41:05.013024+00:00,-0.05473714977594343,False
2024-10-11 04:41:05.013024+00:00,0.0,False
2024-10-11 11:18:21.004416+00:00,0.06751063274678934,False
2024-10-11 11:18:21.004416+00:00,1.8189894035458565e-12,False
2024-10-11 12:57:39.882816+00:00,-0.0003213773228601352,False
2024-10-11 12:57:39.882816+00:00,1.8189894035458565e-12,False
2024-10-11 19:34:55.555392+00:00,0.00265672502754145,False
2024-10-11 19:34:55.555392+00:00,0.0,False
2024-10-12 12:08:04.658208+00:00,0.0038333588083907825,False
2024-10-12 12:08:04.658208+00:00,0.0,False
2024-10-12 20:24:39.161664+00:00,0.0007714558989152733,False
2024-10-12 20:24:39.161664+00:00,0.0,False
2024-10-13 11:18:29.294496+00:00,0.0015794588591153368,False
2024-10-13 11:18:29.294496+00:00,0.0,False
2024-10-13 19:35:03.774624+00:00,0.002524457808243493,False
2024-10-13 19:35:03.774624+00:00,0.0,False
2024-10-13 21:14:22.667712+00:00,-0.00011143737765835504,False
2024-10-13 21:14:22.667712+00:00,0.0,False
2024-10-14 12:08:12.696864+00:00,-0.00025371537212608066,False
2024-10-14 12:08:12.696864+00:00,0.0,False
2024-10-14 20:24:47.132064+00:00,-0.0010177172388734462,False
2024-10-14 20:24:47.132064+00:00,9.094947017729282e-13,False
2024-10-15 04:41:21.547392+00:00,-0.0014171965203212335,False
2024-10-15 04:41:21.547392+00:00,0.0,False
2024-10-15 11:18:37.077408+00:00,7.901235240643394e-05,False
2024-10-15 11:18:37.077408+00:00,0.0,False
2024-10-15 21:14:30.376320+00:00,0.0008720015008758086,False
2024-10-15 21:14:30.376320+00:00,0.0,False
2024-10-16 13:47:39.183648+00:00,-0.006436175501185694,False
2024-10-16 13:47:39.183648+00:00,0.0,False
2024-10-16 15:26:58.053408+00:00,-0.00023948385635356507,False
2024-10-16 15:26:58.053408+00:00,0.0,False
2024-10-16 20:24:54.704160+00:00,0.0014032594209325193,False
2024-10-16 20:24:54.704160+00:00,0.0,False
2024-10-17 12:58:03.406080+00:00,-0.004124722294660193,False
2024-10-17 12:58:03.406080+00:00,0.0,False
2024-10-17 19:35:18.861792+00:00,0.00029164051139596607,False
2024-10-17 19:35:18.861792+00:00,0.0,False
2024-10-17 21:14:37.724640+00:00,-0.0002387889803922718,False
2024-10-17 21:14:37.724640+00:00,0.0,False
2024-10-18 10:29:08.565216+00:00,-0.0034350216591253996,False
2024-10-18 10:29:08.565216+00:00,0.0,False
2024-10-18 22:04:20.559360+00:00,0.0024886873262334117,False
2024-10-18 22:04:20.559360+00:00,0.0,False
2024-10-19 04:41:35.944224+00:00,-0.0034125495829541975,False
2024-10-19 04:41:35.944224+00:00,0.0,False
2024-10-19 11:18:51.376608+00:00,0.00030753064767001645,False
2024-10-19 11:18:51.376608+00:00,0.0,False
2024-10-19 21:14:44.527776+00:00,0.005568835268241128,False
2024-10-19 21:14:44.527776+00:00,0.0,False
2024-10-20 12:08:34.161216+00:00,-0.0012250186342347151,False
2024-10-20 12:08:34.161216+00:00,-9.094947017729282e-13,False
2024-10-20 20:25:08.451264+00:00,0.002523214159406853,False
2024-10-20 20:25:08.451264+00:00,0.0,False
2024-10-21 11:18:58.095072+00:00,0.0038721560646034128,False
2024-10-21 11:18:58.095072+00:00,9.094947017729282e-13,False
2024-10-21 19:35:32.283168+00:00,0.00013552886785490317,False
2024-10-21 19:35:32.283168+00:00,0.0,False
2024-10-21 21:14:51.122688+00:00,1.1243741084333901e-05,False
2024-10-21 21:14:51.122688+00:00,0.0,False
2024-10-22 12:08:40.693056+00:00,0.0018262240288739215,False
2024-10-22 12:08:40.693056+00:00,-9.094947017729282e-13,False
2024-10-22 22:04:33.688704+00:00,-5.476114155608691e-05,False
2024-10-22 22:04:33.688704+00:00,0.0,False
2024-10-23 08:00:26.670528+00:00,-0.00016874877711071283,False
2024-10-23 08:00:26.670528+00:00,0.0,False
2024-10-23 12:58:23.151072+00:00,-0.0004981230059587329,False
2024-10-23 12:58:23.151072+00:00,0.0,False
2024-10-23 21:14:57.265728+00:00,-0.0005139464412744123,False
2024-10-23 21:14:57.265728+00:00,0.0,False
2024-10-24 10:29:27.822912+00:00,-0.0031160655110156676,False
2024-10-24 10:29:27.822912+00:00,0.0,False
2024-10-24 12:08:46.637376+00:00,-0.00022102628862639723,False
2024-10-24 12:08:46.637376+00:00,0.0,False
2024-10-24 18:46:01.915104+00:00,0.0011311464015112847,False
2024-10-24 18:46:01.915104+00:00,0.0,False
2024-10-25 19:35:44.094912+00:00,-0.0013636142700319811,False
2024-10-25 19:35:44.094912+00:00,0.0,False
2024-10-25 21:15:02.899008+00:00,-8.158637468310152e-05,False
2024-10-25 21:15:02.899008+00:00,9.094947017729282e-13,False
2024-10-26 12:08:52.144512+00:00,-0.0010391054397800577,False
2024-10-26 12:08:52.144512+00:00,0.0,False
2024-10-26 20:25:26.103648+00:00,-0.0010083600533895894,False
2024-10-26 20:25:26.103648+00:00,0.0,False
2024-10-26 22:04:44.899104+00:00,0.00011366761368434533,False
2024-10-26 22:04:44.899104+00:00,0.0,False
2024-10-27 12:58:34.015872+00:00,-0.004318621631504132,False
2024-10-27 12:58:34.015872+00:00,-9.094947017729282e-13,False
2024-10-27 21:15:07.893792+00:00,-0.00171557048873515,False
2024-10-27 21:15:07.893792+00:00,9.094947017729282e-13,False
2024-10-28 03:52:23.041920+00:00,0.0009453204489075777,False
2024-10-28 03:52:23.041920+00:00,0.0,False
2024-10-28 13:48:15.660864+00:00,-0.0015183764650515972,False
2024-10-28 13:48:15.660864+00:00,0.0,False
2024-10-28 22:04:49.513728+00:00,0.0006904705136158971,False
2024-10-28 22:04:49.513728+00:00,0.0,False
2024-10-29 04:42:04.603968+00:00,0.0018627733413249963,False
2024-10-29 04:42:04.603968+00:00,0.0,False
2024-10-29 12:58:38.419680+00:00,-0.001429972790850049,False
2024-10-29 12:58:38.419680+00:00,9.094947017729282e-13,False
2024-10-29 22:54:30.953088+00:00,-0.00014710787103110407,False
2024-10-29 22:54:30.953088+00:00,0.0,False
2024-10-30 12:09:00.931392+00:00,-0.0010360435174947029,False
2024-10-30 12:09:00.931392+00:00,0.0,False
2024-10-31 12:58:42.017376+00:00,0.00042041991375790094,False
2024-10-31 12:58:42.017376+00:00,9.094947017729282e-13,False
2024-10-31 19:35:56.928768+00:00,-0.0013992623535627243,False
2024-10-31 19:35:56.928768+00:00,0.0,False
2024-10-31 21:15:15.652512+00:00,-4.387831398168442e-05,False
2024-10-31 21:15:15.652512+00:00,0.0,False
2024-11-01 13:48:22.847616+00:00,-0.0005467332269060302,False
2024-11-01 13:48:22.847616+00:00,-9.094947017729282e-13,False
2024-11-01 22:04:56.398080+00:00,-0.0017489150129485998,False
2024-11-01 22:04:56.398080+00:00,9.094947017729282e-13,False
2024-11-02 12:58:44.732928+00:00,-0.0026755168839505006,False
2024-11-02 12:58:44.732928+00:00,1.8189894035458565e-12,False
2024-11-02 19:35:59.491392+00:00,-0.002875413083840314,False
2024-11-02 19:35:59.491392+00:00,0.0,False
2024-11-02 21:15:18.184896+00:00,-3.99941550652998e-06,False
2024-11-02 21:15:18.184896+00:00,0.0,False
2024-11-03 13:48:25.091424+00:00,-0.0014901726774394488,False
2024-11-03 13:48:25.091424+00:00,0.0,False
2024-11-03 20:25:39.780768+00:00,-0.0024422337774552476,False
2024-11-03 20:25:39.780768+00:00,0.0,False
2024-11-03 22:04:58.458720+00:00,-8.551621439026465e-05,False
2024-11-03 22:04:58.458720+00:00,0.0,False
2024-11-04 12:58:46.522272+00:00,0.0018784170244301717,False
2024-11-04 12:58:46.522272+00:00,-9.094947017729282e-13,False
2024-11-04 21:15:19.845504+00:00,-0.0005806082521664282,False
2024-11-04 21:15:19.845504+00:00,0.0,False
2024-11-05 03:52:34.496832+00:00,-0.0001280190534384807,False
2024-11-05 03:52:34.496832+00:00,-9.094947017729282e-13,False
2024-11-05 13:48:26.449632+00:00,0.0004721405460183805,False
2024-11-05 13:48:26.449632+00:00,-9.094947017729282e-13,False
2024-11-06 04:42:14.310144+00:00,0.00023938608612340904,False
2024-11-06 04:42:14.310144+00:00,0.0,False
2024-11-06 12:58:47.508960+00:00,-0.005396352962095851,False
2024-11-06 12:58:47.508960+00:00,0.0,False
2024-11-06 22:54:39.339072+00:00,0.0013174013864143278,False
2024-11-06 22:54:39.339072+00:00,0.0,False
2024-11-07 13:48:27.027648+00:00,-0.0021505703522776646,False
2024-11-07 13:48:27.027648+00:00,0.0,False
2024-11-07 20:25:41.539008+00:00,0.00047907032552753576,False
2024-11-07 20:25:41.539008+00:00,0.0,False
2024-11-07 22:05:00.163392+00:00,2.1393993533317117e-05,False
2024-11-07 22:05:00.163392+00:00,0.0,False
2024-11-08 21:15:20.834784+00:00,-0.001986370517400567,False
2024-11-08 21:15:20.834784+00:00,0.0,False
2024-11-09 03:52:35.277024+00:00,9.104013198141681e-05,False
2024-11-09 03:52:35.277024+00:00,0.0,False
2024-11-09 12:09:08.178624+00:00,-0.00827030225146385,False
2024-11-09 12:09:08.178624+00:00,-9.094947017729282e-13,False
2024-11-09 22:04:59.844576+00:00,0.002281416533075317,False
2024-11-09 22:04:59.844576+00:00,0.0,False
2024-11-10 04:42:14.222880+00:00,0.00020116207691223348,False
2024-11-10 04:42:14.222880+00:00,9.094947017729282e-13,False
2024-11-10 12:58:47.249760+00:00,0.005147659998421638,False
2024-11-10 12:58:47.249760+00:00,0.0,False
2024-11-10 21:15:20.179872+00:00,-0.0023489374680593683,False
2024-11-10 21:15:20.179872+00:00,0.0,False
2024-11-11 10:29:48.879456+00:00,0.0014851103396965387,False
2024-11-11 10:29:48.879456+00:00,0.0,False
2024-11-11 13:48:26.048736+00:00,0.0006717630295870831,False
2024-11-11 13:48:26.048736+00:00,0.0,False
2024-11-12 11:19:27.601536+00:00,0.0011883501596711742,False
2024-11-12 11:19:27.601536+00:00,0.0,False
2024-11-12 12:58:46.183584+00:00,-0.00030500385982492906,False
2024-11-12 12:58:46.183584+00:00,0.0,False
2024-11-12 21:15:19.055808+00:00,0.0012426403220211287,False
2024-11-12 21:15:19.055808+00:00,9.094947017729282e-13,False
2024-11-13 13:48:24.779520+00:00,-0.0017748381321023555,False
2024-11-13 13:48:24.779520+00:00,9.094947017729282e-13,False
2024-11-13 17:07:01.913376+00:00,-0.00021147820078864458,False
2024-11-13 17:07:01.913376+00:00,0.0,False
2024-11-14 12:58:44.685408+00:00,-0.0006878200006912335,False
2024-11-14 12:58:44.685408+00:00,-9.094947017729282e-13,False
2024-11-15 05:31:50.279520+00:00,0.00039256592686934093,False
2024-11-15 05:31:50.279520+00:00,-9.094947017729282e-13,False
2024-11-15 13:48:23.058432+00:00,-0.0008344910653697542,False
2024-11-15 13:48:23.058432+00:00,-9.094947017729282e-13,False
2024-11-15 22:04:55.823520+00:00,-0.0007261347866746606,False
2024-11-15 22:04:55.823520+00:00,9.094947017729282e-13,False
2024-11-16 06:21:28.609344+00:00,0.0013865412823371522,False
2024-11-16 06:21:28.609344+00:00,9.094947017729282e-13,False
2024-11-16 11:19:24.266496+00:00,-2.8241150959840578e-05,False
2024-11-16 11:19:24.266496+00:00,0.0,False
2024-11-17 22:04:53.829408+00:00,0.0004945694737167484,False
2024-11-17 22:04:53.829408+00:00,9.094947017729282e-13,False
2024-11-18 12:58:40.738656+00:00,-0.0001543881332163094,False
2024-11-18 12:58:40.738656+00:00,0.0,False
2024-11-18 17:56:36.369024+00:00,-9.23265111850563e-05,False
2024-11-18 17:56:36.369024+00:00,-9.094947017729282e-13,False
2024-11-18 21:15:13.452768+00:00,-0.00017841605585864207,False
2024-11-18 21:15:13.452768+00:00,0.0,False
2024-11-19 12:09:00.312768+00:00,-0.00028632068295483294,False
2024-11-19 12:09:00.312768+00:00,0.0,False
2024-11-19 18:46:14.464704+00:00,0.00020828987594278918,False
2024-11-19 18:46:14.464704+00:00,0.0,False
2024-11-19 20:25:32.991456+00:00,-0.001481784830811103,False
2024-11-19 20:25:32.991456+00:00,0.0,False
2024-11-20 12:58:38.339328+00:00,0.0009255457949548609,False
2024-11-20 12:58:38.339328+00:00,0.0,False
2024-11-20 21:15:11.008512+00:00,-3.1195233114977546e-05,False
2024-11-20 21:15:11.008512+00:00,0.0,False
2024-11-21 02:13:06.601728+00:00,9.893590708850725e-06,False
2024-11-21 02:13:06.601728+00:00,-9.094947017729282e-13,False
2024-11-21 13:48:16.301088+00:00,-0.0007690807005978793,False
2024-11-21 13:48:16.301088+00:00,0.0,False
2024-11-21 20:25:30.406368+00:00,-0.0008858771085278993,False
2024-11-21 20:25:30.406368+00:00,1.8189894035458565e-12,False
2024-11-22 04:42:03.027168+00:00,1.882968691647763e-05,False
2024-11-22 04:42:03.027168+00:00,0.0,False
2024-11-22 12:58:35.641920+00:00,0.0004898846551034072,False
2024-11-22 12:58:35.641920+00:00,0.0,False
2024-11-22 21:15:08.226432+00:00,-0.00191676604819811,False
2024-11-22 21:15:08.226432+00:00,0.0,False
2024-11-23 10:29:36.364416+00:00,0.0009082350267355871,False
2024-11-23 10:29:36.364416+00:00,0.0,False
2024-11-23 12:08:54.884256+00:00,0.0008925115418645269,False
2024-11-23 12:08:54.884256+00:00,0.0,False
2024-11-23 20:25:27.451488+00:00,-0.00040324411866724474,False
2024-11-23 20:25:27.451488+00:00,0.0,False
2024-11-24 11:19:14.039328+00:00,0.0006031467217143347,False
2024-11-24 11:19:14.039328+00:00,0.0,False
2024-11-24 14:37:51.056544+00:00,-0.00044551671673385474,False
2024-11-24 14:37:51.056544+00:00,-9.094947017729282e-13,False
2024-11-24 21:15:05.080608+00:00,-0.00020268866788583466,False
2024-11-24 21:15:05.080608+00:00,9.094947017729282e-13,False
2024-11-25 12:08:51.574272+00:00,-0.0009729544937957081,False
2024-11-25 12:08:51.574272+00:00,9.094947017729282e-13,False
2024-11-25 22:04:42.569760+00:00,-0.00042444552290023555,False
2024-11-25 22:04:42.569760+00:00,0.0,False
2024-11-26 21:15:01.469088+00:00,0.001080629381221069,False
2024-11-26 21:15:01.469088+00:00,1.8189894035458565e-12,False
2024-11-27 02:12:56.932704+00:00,0.00013349377958385227,False
2024-11-27 02:12:56.932704+00:00,0.0,False
2024-11-27 13:48:06.325344+00:00,-0.002428136229831676,False
2024-11-27 13:48:06.325344+00:00,0.0,False
2024-11-27 22:04:38.731872+00:00,0.00164944724840026,False
2024-11-27 22:04:38.731872+00:00,0.0,False
2024-11-28 03:02:34.170432+00:00,0.00011553835576901656,False
2024-11-28 03:02:34.170432+00:00,0.0,False
2024-11-28 12:58:25.019040+00:00,-0.0037509540468758287,False
2024-11-28 12:58:25.019040+00:00,0.0,False
2024-11-28 21:14:57.389280+00:00,0.0021026667980517185,False
2024-11-28 21:14:57.389280+00:00,0.0,False
2024-11-29 03:52:11.270784+00:00,-0.00017061789955635852,False
2024-11-29 03:52:11.270784+00:00,0.0,False
2024-11-29 13:48:02.064960+00:00,-0.0007033532976657704,False
2024-11-29 13:48:02.064960+00:00,0.0,False
2024-11-29 22:04:34.391136+00:00,0.00038523981442591896,False
2024-11-29 22:04:34.391136+00:00,0.0,False
2024-11-30 11:19:02.049600+00:00,-0.001684886096653987,False
2024-11-30 11:19:02.049600+00:00,0.0,False
2024-11-30 12:58:20.532288+00:00,0.001780573332983625,False
2024-11-30 12:58:20.532288+00:00,0.0,False
2024-11-30 21:14:52.816992+00:00,0.0005835301660738344,False
2024-11-30 21:14:52.816992+00:00,0.0,False
2024-12-01 12:08:38.884704+00:00,-0.0022779479588776177,False
2024-12-01 12:08:38.884704+00:00,0.0,False
2024-12-01 13:47:57.332832+00:00,-0.00015634300142894217,False
2024-12-01 13:47:57.332832+00:00,0.0,False
2024-12-01 22:04:29.573472+00:00,0.0007027534424779965,False
2024-12-01 22:04:29.573472+00:00,9.094947017729282e-13,False
2024-12-02 14:37:34.016736+00:00,-0.00025346135052934423,False
2024-12-02 14:37:34.016736+00:00,0.0,False
2024-12-02 17:56:10.900032+00:00,-0.0001430284757705665,False
2024-12-02 17:56:10.900032+00:00,0.0,False
2024-12-02 21:14:47.775552+00:00,1.4680063470719445e-05,False
2024-12-02 21:14:47.775552+00:00,0.0,False
2024-12-03 13:47:52.139328+00:00,-0.000940239507753972,False
2024-12-03 13:47:52.139328+00:00,0.0,False
2024-12-03 18:45:47.442240+00:00,3.001807835380601e-05,False
2024-12-03 18:45:47.442240+00:00,0.0,False
2024-12-04 12:58:10.165152+00:00,-0.0008733673846481093,False
2024-12-04 12:58:10.165152+00:00,0.0,False
2024-12-04 19:35:23.870400+00:00,-0.00037393243488791214,False
2024-12-04 19:35:23.870400+00:00,0.0,False
2024-12-04 21:14:42.283104+00:00,-0.000925484233710799,False
2024-12-04 21:14:42.283104+00:00,0.0,False
2024-12-05 12:08:28.089024+00:00,-0.0006112160115135925,False
2024-12-05 12:08:28.089024+00:00,1.8189894035458565e-12,False
2024-12-05 22:04:18.602400+00:00,6.0457471411918054e-05,False
2024-12-05 22:04:18.602400+00:00,0.0,False
2024-12-06 04:41:32.270496+00:00,-0.00022325369923903134,False
2024-12-06 04:41:32.270496+00:00,9.094947017729282e-13,False
2024-12-06 16:16:41.169792+00:00,-0.0012537673832706418,False
2024-12-06 16:16:41.169792+00:00,0.0,False
2024-12-06 21:14:36.400992+00:00,5.341481839537035e-05,False
2024-12-06 21:14:36.400992+00:00,-1.8189894035458565e-12,False
2024-12-07 12:08:22.085088+00:00,-0.0019220222034022141,False
2024-12-07 12:08:22.085088+00:00,0.0,False
2024-12-07 12:08:22.089408+00:00,0.0004959347026834883,False
2024-12-07 12:08:22.089408+00:00,0.0,False
2024-12-07 22:04:12.521568+00:00,-0.0004997898787716449,False
2024-12-07 22:04:12.521568+00:00,0.0,False
2024-12-08 12:57:58.151232+00:00,-0.0004698509767353475,False
2024-12-08 12:57:58.151232+00:00,0.0,False
2024-12-08 17:55:53.353056+00:00,-0.0001691080397514818,False
2024-12-08 17:55:53.353056+00:00,9.094947017729282e-13,False
2024-12-08 21:14:30.141312+00:00,-0.0005673537404541842,False
2024-12-08 21:14:30.141312+00:00,0.0,False
2024-12-09 13:47:34.116288+00:00,-0.00013056543322366703,False
2024-12-09 13:47:34.116288+00:00,0.0,False
2024-12-09 18:45:29.299968+00:00,6.888979012392455e-07,False
2024-12-09 18:45:29.299968+00:00,9.094947017729282e-13,False
2024-12-09 22:04:06.071808+00:00,-0.0006919518570172988,False
2024-12-09 22:04:06.071808+00:00,0.0,False
2024-12-10 12:57:51.607296+00:00,0.001320868438748578,False
2024-12-10 12:57:51.607296+00:00,0.0,False
2024-12-10 19:35:05.163936+00:00,0.0006531179112955251,False
2024-12-10 19:35:05.163936+00:00,0.0,False
2024-12-11 13:47:27.417696+00:00,-0.0006616681747626725,False
2024-12-11 13:47:27.417696+00:00,0.0,False
2024-12-11 22:03:59.336064+00:00,0.0004490326545830063,False
2024-12-11 22:03:59.336064+00:00,-9.094947017729282e-13,False
2024-12-12 03:01:54.486912+00:00,6.7896715617229986e-06,False
2024-12-12 03:01:54.486912+00:00,-9.094947017729282e-13,False
2024-12-12 12:57:44.786016+00:00,0.00033564980690850045,False
2024-12-12 12:57:44.786016+00:00,0.0,False
2024-12-12 21:14:16.681056+00:00,-3.847763451029899e-05,False
2024-12-12 21:14:16.681056+00:00,0.0,False
2024-12-13 03:51:30.196224+00:00,-0.00012873741102981573,False
2024-12-13 03:51:30.196224+00:00,0.0,False
2024-12-13 12:08:02.093856+00:00,-0.0005267225540726433,False
2024-12-13 12:08:02.093856+00:00,0.0,False
2024-12-14 04:41:05.842464+00:00,-0.0005850694228236044,False
2024-12-14 04:41:05.842464+00:00,0.0,False
2024-12-14 12:57:37.713312+00:00,-0.0006624890736958346,False
2024-12-14 12:57:37.713312+00:00,0.0,False
2024-12-14 21:14:09.562560+00:00,-0.0007932231992160326,False
2024-12-14 21:14:09.562560+00:00,0.0,False
2024-12-15 12:07:54.874272+00:00,-0.00041376965974428397,False
2024-12-15 12:07:54.874272+00:00,0.0,False
2024-12-15 20:24:26.710560+00:00,0.00031638766117784664,False
2024-12-15 20:24:26.710560+00:00,0.0,False
2024-12-16 12:57:30.357216+00:00,6.974217260167972e-05,False
2024-12-16 12:57:30.357216+00:00,0.0,False
2024-12-16 17:55:25.441536+00:00,-0.00018189655951800026,False
2024-12-16 17:55:25.441536+00:00,0.0,False
2024-12-16 21:14:02.167584+00:00,0.0001953824727590418,False
2024-12-16 21:14:02.167584+00:00,-1.8189894035458565e-12,False
2024-12-17 13:47:05.740800+00:00,-4.232791662708542e-05,False
2024-12-17 13:47:05.740800+00:00,-9.094947017729282e-13,False
2024-12-17 22:03:37.516608+00:00,-0.0007397251059161295,False
2024-12-17 22:03:37.516608+00:00,0.0,False
2024-12-18 03:01:32.576736+00:00,-0.00018499519009415632,False
2024-12-18 03:01:32.576736+00:00,-9.094947017729282e-13,False
2024-12-18 09:38:45.994272+00:00,0.0008604660725433644,False
2024-12-18 09:38:45.994272+00:00,0.0,False
2024-12-19 03:51:07.850592+00:00,-0.00022237268956264112,False
2024-12-19 03:51:07.850592+00:00,0.0,False
2024-12-19 05:30:26.198496+00:00,0.001058375653426276,False
2024-12-19 05:30:26.198496+00:00,-9.094947017729282e-13,False
2024-12-19 13:46:57.943200+00:00,0.0007577941525852496,False
2024-12-19 13:46:57.943200+00:00,0.0,False
2024-12-19 22:03:29.674944+00:00,-1.2511269156001512e-05,False
2024-12-19 22:03:29.674944+00:00,0.0,False
2024-12-20 04:40:43.054464+00:00,0.00010665671163597379,False
2024-12-20 04:40:43.054464+00:00,9.094947017729282e-13,False
2024-12-20 12:57:14.768064+00:00,0.0005342688359944012,False
2024-12-20 12:57:14.768064+00:00,-9.094947017729282e-13,False
2024-12-20 21:13:46.469568+00:00,-0.0009704984984200233,False
2024-12-20 21:13:46.469568+00:00,0.0,False
2024-12-21 08:48:54.845280+00:00,0.0007207699141341078,False
2024-12-21 08:48:54.845280+00:00,1.8189894035458565e-12,False
2024-12-21 22:03:21.531744+00:00,-0.0010627745961074584,False
2024-12-21 22:03:21.531744+00:00,9.094947017729282e-13,False
2024-12-22 11:17:48.202656+00:00,0.0009259309728808559,False
2024-12-22 11:17:48.202656+00:00,0.0,False
2024-12-22 12:57:06.535008+00:00,5.980566252129809e-05,False
2024-12-22 12:57:06.535008+00:00,0.0,False
2024-12-22 19:34:19.861824+00:00,0.0004331454785597021,False
2024-12-22 19:34:19.861824+00:00,9.094947017729282e-13,False
2024-12-23 13:46:41.463264+00:00,0.00011763375048602295,False
2024-12-23 13:46:41.463264+00:00,0.0,False
2024-12-23 18:44:36.444768+00:00,0.0005457531058970222,False
2024-12-23 18:44:36.444768+00:00,0.0,False
2024-12-24 12:56:57.977952+00:00,-0.0005904965646100716,False
2024-12-24 12:56:57.977952+00:00,0.0,False
2024-12-24 19:34:11.251200+00:00,0.0003488077382620494,False
2024-12-24 19:34:11.251200+00:00,0.0,False
2024-12-24 21:13:29.568864+00:00,0.00010358240133517105,False
2024-12-24 21:13:29.568864+00:00,0.0,False
2024-12-25 13:46:32.716992+00:00,-0.0006524353181158625,False
2024-12-25 13:46:32.716992+00:00,9.094947017729282e-13,False
2024-12-26 03:00:59.219424+00:00,0.002184613760194511,False
2024-12-26 03:00:59.219424+00:00,1.8189894035458565e-12,False
2024-12-26 06:19:35.842656+00:00,-0.0008121525188127469,False
2024-12-26 06:19:35.842656+00:00,0.0,False
2024-12-26 12:56:49.066656+00:00,-0.0008110681512024317,False
2024-12-26 12:56:49.066656+00:00,0.0,False
2024-12-26 21:13:20.597952+00:00,0.0009516866120922718,False
2024-12-26 21:13:20.597952+00:00,9.094947017729282e-13,False
2024-12-27 12:07:05.321280+00:00,-0.00022882650570083983,False
2024-12-27 12:07:05.321280+00:00,-9.094947017729282e-13,False
2024-12-27 13:46:23.625120+00:00,2.7153234465772077e-05,False
2024-12-27 13:46:23.625120+00:00,0.0,False
2024-12-27 22:02:55.118400+00:00,0.0004648286491834184,False
2024-12-27 22:02:55.118400+00:00,0.0,False
2024-12-28 12:56:39.782976+00:00,-0.00037334642373136476,False
2024-12-28 12:56:39.782976+00:00,0.0,False
2024-12-28 17:54:34.659072+00:00,7.096671018484149e-05,False
2024-12-28 17:54:34.659072+00:00,0.0,False
2024-12-29 13:46:14.116800+00:00,-0.00038038599355343615,False
2024-12-29 13:46:14.116800+00:00,0.0,False
2024-12-29 18:44:08.971296+00:00,0.00011037671887563797,False
2024-12-29 18:44:08.971296+00:00,0.0,False
2024-12-29 22:02:45.532320+00:00,-0.00048422230240692044,False
2024-12-29 22:02:45.532320+00:00,-1.8189894035458565e-12,False
2024-12-30 12:56:30.042240+00:00,-0.0034533076215112167,False
2024-12-30 12:56:30.042240+00:00,0.0,False
2024-12-30 21:13:01.428384+00:00,0.002583468050828008,False
2024-12-30 21:13:01.428384+00:00,0.0,False
2024-12-31 03:50:14.521056+00:00,-8.838357695398159e-05,False
2024-12-31 12:06:45.883872+00:00,-0.0029218255520970784,False
2024-12-31 22:02:35.477952+00:00,-0.0003631172361621025,False
2025-01-01 11:17:01.563072+00:00,0.00013496376131805644,False
2025-01-01 11:17:01.563072+00:00,-1.8189894035458565e-12,False
2025-01-01 12:56:19.802976+00:00,-0.000836737348266502,False
2025-01-01 12:56:19.802976+00:00,0.0,False
2025-01-01 21:12:50.722560+00:00,-0.02327149539041205,False
2025-01-01 21:12:50.722560+00:00,0.0,False
2025-01-02 12:06:35.253216+00:00,0.019070379616667018,False
2025-01-02 12:06:35.253216+00:00,1.8189894035458565e-12,False
2025-01-02 20:23:06.524448+00:00,0.004834196178194947,False
2025-01-02 20:23:06.524448+00:00,-9.094947017729282e-13,False
2025-01-02 22:02:24.767808+00:00,1.584385792266431e-05,False
2025-01-02 22:02:24.767808+00:00,0.0,False
2025-01-03 12:56:08.943360+00:00,0.0005706756113057097,False
2025-01-03 12:56:08.943360+00:00,0.0,False
2025-01-03 21:12:40.125600+00:00,0.0005594355508162778,False
2025-01-03 21:12:40.125600+00:00,0.0,False
2025-01-04 03:49:53.066208+00:00,-0.00023259949232381691,False
2025-01-04 03:49:53.066208+00:00,0.0,False
2025-01-04 13:45:42.437376+00:00,-0.00034384449676716803,False
2025-01-04 13:45:42.437376+00:00,1.8189894035458565e-12,False
2025-01-04 22:02:13.550496+00:00,-0.004130598129954701,False
2025-01-04 22:02:13.550496+00:00,0.0,False
2025-01-05 04:39:26.444448+00:00,-0.00022338548501928883,False
2025-01-05 04:39:26.444448+00:00,-9.094947017729282e-13,False
2025-01-05 12:55:57.552384+00:00,0.0010132887434141837,False
2025-01-05 12:55:57.552384+00:00,0.0,False
2025-01-05 19:33:10.419552+00:00,-0.001152743309318304,False
2025-01-05 19:33:10.419552+00:00,0.0,False
2025-01-06 05:28:59.709504+00:00,-0.0006676457795661071,False
2025-01-06 05:28:59.709504+00:00,0.0,False
2025-01-06 13:45:30.774240+00:00,-0.0004519511726950214,False
2025-01-06 13:45:30.774240+00:00,0.0,False
2025-01-06 22:02:01.845024+00:00,5.164689614150955e-05,False
2025-01-06 22:02:01.845024+00:00,-9.094947017729282e-13,False
2025-01-07 11:16:27.530976+00:00,-0.0002847146110323052,False
2025-01-07 11:16:27.530976+00:00,0.0,False
2025-01-07 12:55:45.730272+00:00,0.00013921510543560322,False
2025-01-07 12:55:45.730272+00:00,0.0,False
2025-01-07 19:32:58.557696+00:00,-0.00025523920351831937,False
2025-01-07 19:32:58.557696+00:00,9.094947017729282e-13,False
2025-01-08 12:06:00.616320+00:00,-0.0006958986297047206,False
2025-01-08 12:06:00.616320+00:00,-9.094947017729282e-13,False
2025-01-08 13:45:18.827712+00:00,0.0010747935394487265,False
2025-01-08 13:45:18.827712+00:00,9.094947017729282e-13,False
2025-01-08 22:01:49.844064+00:00,-4.291374551459309e-06,False
2025-01-08 22:01:49.844064+00:00,0.0,False
2025-01-09 07:57:39.056256+00:00,-0.0007713518436694071,False
2025-01-09 07:57:39.056256+00:00,0.0,False
2025-01-09 19:32:46.459968+00:00,0.00016672580161875158,False
2025-01-09 19:32:46.459968+00:00,0.0,False
2025-01-09 21:12:04.649760+00:00,-0.000861913448316508,False
2025-01-09 21:12:04.649760+00:00,0.0,False
2025-01-10 13:45:06.619392+00:00,-3.6923802476933765e-05,False
2025-01-10 13:45:06.619392+00:00,0.0,False
2025-01-10 22:01:37.596000+00:00,-0.00019178943671387268,False
2025-01-10 22:01:37.596000+00:00,0.0,False
2025-01-11 12:55:21.348192+00:00,0.00039435872870164333,False
2025-01-11 12:55:21.348192+00:00,0.0,False
2025-01-11 21:11:52.300608+00:00,-0.0005274328140453255,False
2025-01-11 21:11:52.300608+00:00,0.0,False
2025-01-12 12:05:36.027744+00:00,-0.0003705979992056226,False
2025-01-12 12:05:36.027744+00:00,0.0,False
2025-01-12 13:44:54.212352+00:00,0.00020442212494891675,False
2025-01-12 13:44:54.212352+00:00,0.0,False
2025-01-12 22:01:25.154400+00:00,0.00023558184839394506,False
2025-01-12 22:01:25.154400+00:00,0.0,False
2025-01-13 12:55:08.840064+00:00,-6.33875849798027e-05,False
2025-01-13 12:55:08.840064+00:00,-9.094947017729282e-13,False
2025-01-13 17:53:03.397344+00:00,-4.622482484554721e-06,False
2025-01-13 17:53:03.397344+00:00,0.0,False
2025-01-13 21:11:39.756192+00:00,-7.141400152403535e-05,False
2025-01-13 21:11:39.756192+00:00,0.0,False
2025-01-14 13:44:41.590176+00:00,-0.00018265351714625427,False
2025-01-14 13:44:41.590176+00:00,0.0,False
2025-01-14 18:42:36.137952+00:00,0.0002104274932902175,False
2025-01-14 18:42:36.137952+00:00,-1.8189894035458565e-12,False
2025-01-14 22:01:12.494208+00:00,7.950756597945789e-05,False
2025-01-14 22:01:12.494208+00:00,1.8189894035458565e-12,False
2025-01-15 12:54:56.097792+00:00,0.0001605133439230872,False
2025-01-15 12:54:56.097792+00:00,0.0,False
2025-01-15 19:32:08.810304+00:00,0.0003300853907660037,False
2025-01-15 19:32:08.810304+00:00,0.0,False
2025-01-15 21:11:26.983680+00:00,-0.00040226020141921924,False
2025-01-15 21:11:26.983680+00:00,-9.094947017729282e-13,False
2025-01-16 13:44:28.726080+00:00,-0.0002752082130873042,False
2025-01-16 13:44:28.726080+00:00,0.0,False
2025-01-16 20:21:41.408352+00:00,-0.0003128692934407358,False
2025-01-16 20:21:41.408352+00:00,0.0,False
2025-01-17 12:54:43.101504+00:00,0.0010526889103338192,False
2025-01-17 12:54:43.101504+00:00,0.0,False
2025-01-17 21:11:13.940736+00:00,0.0001702799771471056,False
2025-01-17 21:11:13.940736+00:00,0.0,False
2025-01-18 12:04:57.415584+00:00,0.0009209763786060038,False
2025-01-18 12:04:57.415584+00:00,0.0,False
2025-01-18 22:00:46.394496+00:00,0.0007047886733905955,False
2025-01-18 22:00:46.394496+00:00,0.0,False
2025-01-19 04:37:59.033568+00:00,0.00018611176204342736,False
2025-01-19 04:37:59.033568+00:00,0.0,False
2025-01-19 12:54:29.820096+00:00,-0.00025325441178908814,False
2025-01-19 12:54:29.820096+00:00,0.0,False
2025-01-19 21:11:00.594528+00:00,-0.00017422205168274914,False
2025-01-19 21:11:00.594528+00:00,0.0,False
2025-01-20 12:04:43.961376+00:00,0.0006467542156821287,False
2025-01-20 12:04:43.961376+00:00,0.0,False
2025-01-20 13:44:02.119200+00:00,0.0010543296087402328,False
2025-01-20 13:44:02.119200+00:00,0.0,False
2025-01-20 22:00:32.862528+00:00,-0.00043610316860662624,False
2025-01-20 22:00:32.862528+00:00,0.0,False
2025-01-21 12:54:16.185312+00:00,0.001522608216724933,False
2025-01-21 12:54:16.185312+00:00,0.0,False
2025-01-21 19:31:28.760448+00:00,0.00026073002684423607,False
2025-01-21 19:31:28.760448+00:00,0.0,False
2025-01-21 21:10:46.899264+00:00,-0.00027675039227246384,False
2025-01-21 21:10:46.899264+00:00,9.094947017729282e-13,False
2025-01-22 12:04:30.158976+00:00,0.00036773851517667286,False
2025-01-22 12:04:30.158976+00:00,-9.094947017729282e-13,False
2025-01-23 04:37:31.528992+00:00,0.0014006394028219563,False
2025-01-23 04:37:31.528992+00:00,0.0,False
2025-01-23 12:54:02.204064+00:00,-0.0007302869387089137,False
2025-01-23 12:54:02.204064+00:00,0.0,False
2025-01-23 21:10:32.843712+00:00,5.778972437740261e-06,False
2025-01-23 21:10:32.843712+00:00,0.0,False
2025-01-24 12:04:15.987648+00:00,-0.0020481430550256235,False
2025-01-24 12:04:15.987648+00:00,0.0,False
2025-01-24 13:43:34.113504+00:00,0.0003510780050640861,False
2025-01-24 13:43:34.113504+00:00,0.0,False
2025-01-24 20:20:46.614336+00:00,0.001876111778211885,False
2025-01-24 20:20:46.614336+00:00,0.0,False
2025-01-25 12:53:47.839200+00:00,-0.0010590470917316228,False
2025-01-25 12:53:47.839200+00:00,0.0,False
2025-01-25 19:31:00.313248+00:00,-0.00022500093575317953,False
2025-01-25 19:31:00.313248+00:00,0.0,False
2025-01-25 22:49:36.552000+00:00,0.0011315418299714473,False
2025-01-25 22:49:36.552000+00:00,0.0,False
2025-01-26 13:43:19.596576+00:00,-0.0009719164385520057,False
2025-01-26 13:43:19.596576+00:00,0.0,False
2025-01-26 21:59:50.168832+00:00,0.0003994659954780805,False
2025-01-26 21:59:50.168832+00:00,0.0,False
2025-01-27 04:37:02.616960+00:00,-0.000420969490234397,False
2025-01-27 04:37:02.616960+00:00,0.0,False
2025-01-27 11:14:15.067680+00:00,-0.0007823102507987031,False
2025-01-27 11:14:15.067680+00:00,0.0,False
2025-01-27 21:10:03.705312+00:00,-0.0006091403618375677,False
2025-01-27 21:10:03.705312+00:00,9.094947017729282e-13,False
2025-01-28 12:03:46.653120+00:00,-0.000892950112032886,False
2025-01-28 12:03:46.653120+00:00,0.0,False
2025-01-28 15:22:22.862496+00:00,9.037108587241536e-05,False
2025-01-28 15:22:22.862496+00:00,0.0,False
2025-01-28 20:20:17.151072+00:00,-0.0012337352455595234,False
2025-01-28 20:20:17.151072+00:00,0.0,False
2025-01-29 12:53:18.152160+00:00,0.0005627581495704502,False
2025-01-29 12:53:18.152160+00:00,0.0,False
2025-01-29 19:30:30.540672+00:00,-0.0003088833776502926,False
2025-01-29 19:30:30.540672+00:00,0.0,False
2025-01-29 22:49:06.723264+00:00,-0.000478143498651756,False
2025-01-29 22:49:06.723264+00:00,0.0,False
2025-01-30 13:42:49.574304+00:00,-0.0012370686088088978,False
2025-01-30 13:42:49.574304+00:00,0.0,False
2025-01-30 18:40:43.850784+00:00,-8.393923046832162e-05,False
2025-01-30 18:40:43.850784+00:00,0.0,False
2025-01-31 04:36:32.394240+00:00,0.0005076762416230346,False
2025-01-31 04:36:32.394240+00:00,-9.094947017729282e-13,False
2025-01-31 12:53:02.827392+00:00,-0.0010860310345220284,False
2025-01-31 12:53:02.827392+00:00,0.0,False
2025-01-31 21:09:33.257088+00:00,0.0003408213353691095,False
2025-01-31 21:09:33.257088+00:00,0.0,False
2025-02-01 05:26:03.668640+00:00,-0.001105033475544172,False
2025-02-01 05:26:03.668640+00:00,-9.094947017729282e-13,False
2025-02-01 13:42:34.062912+00:00,0.00025647381645215665,False
2025-02-01 13:42:34.062912+00:00,0.0,False
2025-02-01 20:19:46.379712+00:00,-0.0002395616413807082,False
2025-02-01 20:19:46.379712+00:00,0.0,False
2025-02-02 04:36:16.763616+00:00,0.00035571655492516036,False
2025-02-02 04:36:16.763616+00:00,9.094947017729282e-13,False
2025-02-02 16:11:23.297280+00:00,0.0010894823155939287,False
2025-02-02 16:11:23.297280+00:00,0.0,False
2025-02-03 05:25:47.875584+00:00,-0.00022110171788004666,False
2025-02-03 05:25:47.875584+00:00,0.0,False
2025-02-03 18:40:12.428832+00:00,0.0009892575428241427,False
2025-02-03 18:40:12.428832+00:00,0.0,False
2025-02-04 02:56:42.762624+00:00,0.0006638287197218888,False
2025-02-04 02:56:42.762624+00:00,0.0,False
2025-02-05 05:25:31.766304+00:00,-0.0007862986083905085,False
2025-02-05 05:25:31.766304+00:00,0.0,False
2025-02-05 12:02:44.000160+00:00,-0.00017038001428784037,False
2025-02-05 12:02:44.000160+00:00,0.0,False
2025-02-05 15:21:20.115360+00:00,-0.00023575084235412922,False
2025-02-05 15:21:20.115360+00:00,0.0,False
2025-02-06 06:15:02.623392+00:00,0.0003465281694054246,False
2025-02-06 06:15:02.623392+00:00,0.0,False
2025-02-06 17:50:08.998080+00:00,0.00019422620717125393,False
2025-02-06 17:50:08.998080+00:00,0.0,False
2025-02-07 18:39:39.760128+00:00,0.0005598721871038319,False
2025-02-07 18:39:39.760128+00:00,0.0,False
2025-02-08 04:35:28.046976+00:00,0.0005318506089481514,False
2025-02-08 04:35:28.046976+00:00,0.0,False
2025-02-08 19:29:10.447872+00:00,-0.0008549095255010056,False
2025-02-08 19:29:10.447872+00:00,0.0,False
2025-02-09 08:43:34.814496+00:00,0.0009531479742973087,False
2025-02-09 08:43:34.814496+00:00,0.0,False
2025-02-09 18:39:23.052096+00:00,-0.00027044169041966757,False
2025-02-09 18:39:23.052096+00:00,0.0,False
2025-02-10 04:35:11.262048+00:00,-0.0006188384920050121,False
2025-02-10 04:35:11.262048+00:00,0.0,False
2025-02-10 19:28:53.601600+00:00,0.0010523775205609413,False
2025-02-10 19:28:53.601600+00:00,0.0,False
2025-02-11 12:01:53.923584+00:00,7.79187517156929e-05,False
2025-02-11 12:01:53.923584+00:00,0.0,False
2025-02-11 20:18:24.070752+00:00,0.0005695157375399933,False
2025-02-11 20:18:24.070752+00:00,0.0,False
2025-02-12 11:12:06.322176+00:00,-0.0003895594161878327,False
2025-02-12 11:12:06.322176+00:00,-9.094947017729282e-13,False
2025-02-13 13:41:19.624992+00:00,1.016796659166138,False
2025-02-13 13:41:19.624992+00:00,0.0,False
2025-02-13 20:18:36.826848+00:00,0.00014984456517056432,False
2025-02-13 20:18:36.826848+00:00,0.0,False
2025-02-14 12:51:49.762368+00:00,-0.0007125635743337332,False
2025-02-14 12:51:49.762368+00:00,0.0,False
2025-02-14 19:29:06.939168+00:00,0.0010276213621445507,False
2025-02-14 19:29:06.939168+00:00,0.0,False
2025-02-14 22:47:45.517632+00:00,-0.0007729544898208752,False
2025-02-14 22:47:45.517632+00:00,0.0,False
2025-02-15 13:41:39.110784+00:00,9.542511169951737e-05,False
2025-02-15 13:41:39.110784+00:00,0.0,False
2025-02-15 21:58:15.544416+00:00,-0.0003495243439761398,False
2025-02-15 21:58:15.544416+00:00,0.0,False
2025-02-16 04:35:32.680608+00:00,0.00017096801540940668,False
2025-02-16 04:35:32.680608+00:00,0.0,False
2025-02-16 12:52:09.102144+00:00,0.0010373627914817304,False
2025-02-16 12:52:09.102144+00:00,0.0,False
2025-02-16 22:48:04.780512+00:00,-0.00043533402030882505,False
2025-02-16 22:48:04.780512+00:00,0.0,False
2025-02-17 12:02:39.000192+00:00,-0.0006285454766025377,False
2025-02-17 12:02:39.000192+00:00,0.0,False
2025-02-17 13:41:58.282944+00:00,0.0009433440389135584,False
2025-02-17 13:41:58.282944+00:00,0.0,False
2025-02-17 21:58:34.646592+00:00,-0.0003756374049551543,False
2025-02-17 21:58:34.646592+00:00,0.0,False
2025-02-18 12:52:28.106688+00:00,0.0008315193978726807,False
2025-02-18 12:52:28.106688+00:00,0.0,False
2025-02-18 19:29:45.186720+00:00,-2.5794686035008957e-05,False
2025-02-18 19:29:45.186720+00:00,9.094947017729282e-13,False
2025-02-18 21:09:04.445280+00:00,-0.0003887313842844766,False
2025-02-18 21:09:04.445280+00:00,0.0,False
2025-02-19 13:42:17.092224+00:00,-0.0007772944621943431,False
2025-02-19 13:42:17.092224+00:00,9.094947017729282e-13,False
2025-02-19 21:58:53.404896+00:00,8.449215642316633e-05,False
2025-02-19 21:58:53.404896+00:00,0.0,False
2025-02-20 04:36:10.447776+00:00,0.00010910697081864345,False
2025-02-20 04:36:10.447776+00:00,0.0,False
2025-02-20 12:52:46.746624+00:00,-0.000377793599308668,False
2025-02-20 12:52:46.746624+00:00,-9.094947017729282e-13,False
2025-02-20 21:09:23.028192+00:00,0.00027557131566260896,False
2025-02-20 21:09:23.028192+00:00,9.094947017729282e-13,False
2025-02-21 05:25:59.300256+00:00,-0.0009271189786530017,False
2025-02-21 05:25:59.300256+00:00,0.0,False
2025-02-21 13:42:35.566272+00:00,0.00016769768968769526,False
2025-02-21 13:42:35.566272+00:00,0.0,False
2025-02-21 21:59:11.810688+00:00,-0.0001063662538974882,False
2025-02-21 21:59:11.810688+00:00,0.0,False
2025-02-22 11:13:45.798816+00:00,-0.000549005412142685,False
2025-02-22 11:13:45.798816+00:00,0.0,False
2025-02-22 14:32:24.296064+00:00,0.00018842277666639964,False
2025-02-22 14:32:24.296064+00:00,0.0,False
2025-02-22 22:49:00.508512+00:00,-0.0006219139553989409,False
2025-02-22 22:49:00.508512+00:00,0.0,False
2025-02-23 18:40:51.400416+00:00,-0.0010794405353449213,False
2025-02-23 18:40:51.400416+00:00,-9.094947017729282e-13,False
2025-02-23 21:59:29.876928+00:00,0.000246208570912072,False
2025-02-23 21:59:29.876928+00:00,9.094947017729282e-13,False
2025-02-24 12:53:22.982784+00:00,-6.128305513729976e-06,False
2025-02-24 12:53:22.982784+00:00,0.0,False
2025-02-24 19:30:39.910752+00:00,0.00044440553091997306,False
2025-02-24 19:30:39.910752+00:00,0.0,False
2025-02-24 22:49:18.356160+00:00,-0.0019931318404122064,False
2025-02-24 22:49:18.356160+00:00,9.094947017729282e-13,False
2025-02-25 13:43:11.403264+00:00,0.0005095522543466708,False
2025-02-25 13:43:11.403264+00:00,0.0,False
2025-02-25 20:20:28.300992+00:00,0.00010040321774921774,False
2025-02-25 20:20:28.300992+00:00,-9.094947017729282e-13,False
2025-02-25 21:59:47.524128+00:00,2.8952512891053796e-05,False
2025-02-25 21:59:47.524128+00:00,9.094947017729282e-13,False
2025-02-26 12:53:40.498656+00:00,-0.0014332247798703917,False
2025-02-26 12:53:40.498656+00:00,0.0,False
2025-02-26 21:10:16.572000+00:00,-0.000788224497611458,False
2025-02-26 21:10:16.572000+00:00,1.8189894035458565e-12,False
2025-02-27 02:08:14.209440+00:00,-0.0003375142509885766,False
2025-02-27 02:08:14.209440+00:00,0.0,False
2025-02-27 12:04:09.479136+00:00,-0.0006513089874235771,False
2025-02-27 12:04:09.479136+00:00,0.0,False
2025-02-27 20:20:45.503232+00:00,-0.0006383138243661051,False
2025-02-27 20:20:45.503232+00:00,9.094947017729282e-13,False
2025-02-28 04:37:21.523872+00:00,-0.0002935907258207254,False
2025-02-28 04:37:21.523872+00:00,0.0,False
2025-02-28 12:53:57.556608+00:00,0.001510742261865647,False
2025-02-28 12:53:57.556608+00:00,0.0,False
2025-02-28 21:10:33.553920+00:00,-0.0014340556192121274,False
2025-02-28 21:10:33.553920+00:00,0.0,False
2025-03-01 05:27:09.554688+00:00,0.0012305625204252582,False
2025-03-01 05:27:09.554688+00:00,0.0,False
2025-03-01 12:04:26.339232+00:00,-0.00021428175946780026,False
2025-03-01 12:04:26.339232+00:00,-9.094947017729282e-13,False
2025-03-01 18:41:43.110816+00:00,-2.0003305468900166e-05,False
2025-03-01 18:41:43.110816+00:00,0.0,False
2025-03-02 11:14:55.039776+00:00,-0.0002280519758358808,False
2025-03-02 11:14:55.039776+00:00,0.0,False
2025-03-02 21:10:50.185056+00:00,0.000438541978052574,False
2025-03-02 21:10:50.185056+00:00,0.0,False
2025-03-03 12:04:42.871008+00:00,-0.0018387533442401236,False
2025-03-03 12:04:42.871008+00:00,0.0,False
2025-03-03 20:21:18.792288+00:00,0.0007806230421314296,False
2025-03-03 20:21:18.792288+00:00,9.094947017729282e-13,False
2025-03-04 11:15:11.445408+00:00,-0.0012193483559940733,False
2025-03-04 11:15:11.445408+00:00,0.0,False
2025-03-04 19:31:47.344224+00:00,0.000148550638269056,False
2025-03-04 19:31:47.344224+00:00,-9.094947017729282e-13,False
2025-03-04 21:11:06.525888+00:00,0.0007530676195525277,False
2025-03-04 21:11:06.525888+00:00,0.0,False
2025-03-05 12:04:59.122848+00:00,-0.0003482106250550414,False
2025-03-05 12:04:59.122848+00:00,0.0,False
2025-03-05 20:21:35.006976+00:00,0.00028203635211642027,False
2025-03-05 20:21:35.006976+00:00,0.0,False
2025-03-06 04:38:10.882464+00:00,-4.7485206120277635e-05,False
2025-03-06 04:38:10.882464+00:00,-9.094947017729282e-13,False
2025-03-06 12:54:46.757088+00:00,5.344193500598517e-05,False
2025-03-06 12:54:46.757088+00:00,0.0,False
2025-03-06 16:13:25.102272+00:00,-0.000111647923478217,False
2025-03-06 16:13:25.102272+00:00,0.0,False
2025-03-07 12:05:15.166464+00:00,-0.0003512132116278489,False
2025-03-07 12:05:15.166464+00:00,-9.094947017729282e-13,False
2025-03-07 18:42:31.838688+00:00,8.469519414135303e-05,False
2025-03-07 18:42:31.838688+00:00,0.0,False
2025-03-08 06:17:46.022208+00:00,-5.9287531032087976e-06,False
2025-03-08 06:17:46.022208+00:00,9.094947017729282e-13,False
2025-03-08 17:53:00.171168+00:00,-0.00035705034774645623,False
2025-03-08 17:53:00.171168+00:00,0.0,False
2025-03-08 21:11:38.496480+00:00,0.00013956064371687467,False
2025-03-08 21:11:38.496480+00:00,0.0,False
2025-03-09 12:05:30.938784+00:00,-0.0007792451877138363,False
2025-03-09 12:05:30.938784+00:00,0.0,False
2025-03-09 18:42:47.572128+00:00,-6.50588271878126e-05,False
2025-03-09 18:42:47.572128+00:00,0.0,False
2025-03-09 20:22:06.733056+00:00,0.00048121860953688424,False
2025-03-09 20:22:06.733056+00:00,-9.094947017729282e-13,False
2025-03-10 12:55:18.309504+00:00,0.00011638745749992198,False
2025-03-10 12:55:18.309504+00:00,0.0,False
2025-03-10 19:32:34.928160+00:00,-0.00010194310786959613,False
2025-03-10 19:32:34.928160+00:00,0.0,False
2025-03-10 21:11:54.077856+00:00,-5.832842585361882e-07,False
2025-03-10 21:11:54.077856+00:00,0.0,False
2025-03-11 13:45:05.601600+00:00,-0.0006408102759826277,False
2025-03-11 13:45:05.601600+00:00,0.0,False
2025-03-11 20:22:22.194336+00:00,-4.8244021858475446e-05,False
2025-03-11 20:22:22.194336+00:00,0.0,False
2025-03-11 22:01:41.344032+00:00,4.8950779043068686e-05,False
2025-03-11 22:01:41.344032+00:00,0.0,False
2025-03-12 12:55:33.662784+00:00,-0.00033132567659519344,False
2025-03-12 12:55:33.662784+00:00,9.094947017729282e-13,False
2025-03-12 22:51:28.501344+00:00,-0.0006444700267241826,False
2025-03-12 22:51:28.501344+00:00,-1.8189894035458565e-12,False
2025-03-13 05:28:45.048288+00:00,-0.0017769825698838546,False
2025-03-13 05:28:45.048288+00:00,0.0,False
2025-03-13 13:45:20.744928+00:00,0.000859840437972479,False
2025-03-13 13:45:20.744928+00:00,-9.094947017729282e-13,False
2025-03-13 22:01:56.424288+00:00,0.0005334775327013898,False
2025-03-13 22:01:56.424288+00:00,0.0,False
2025-03-14 12:55:48.612576+00:00,-0.0014332415804301857,False
2025-03-14 12:55:48.612576+00:00,0.0,False
2025-03-14 21:12:24.248736+00:00,0.00015826932214890797,False
2025-03-14 21:12:24.248736+00:00,-9.094947017729282e-13,False
2025-03-15 12:06:16.375680+00:00,-0.00027124426867044605,False
2025-03-15 12:06:16.375680+00:00,0.0,False
2025-03-15 13:45:35.497728+00:00,-6.983057512146293e-05,False
2025-03-15 13:45:35.497728+00:00,-9.094947017729282e-13,False
2025-03-15 22:02:11.095872+00:00,-3.6545389716033556e-05,False
2025-03-15 22:02:11.095872+00:00,0.0,False
2025-03-16 12:56:03.173568+00:00,-0.0006667901012257301,False
2025-03-16 12:56:03.173568+00:00,0.0,False
2025-03-16 19:33:19.624608+00:00,-0.0006116563162423994,False
2025-03-16 19:33:19.624608+00:00,0.0,False
2025-03-16 21:12:38.738880+00:00,-3.091452151443032e-05,False
2025-03-16 21:12:38.738880+00:00,9.094947017729282e-13,False
2025-03-17 13:45:49.828032+00:00,-0.001497853448029955,False
2025-03-17 13:45:49.828032+00:00,0.0,False
2025-03-17 22:02:25.345824+00:00,-0.0009653938458653272,False
2025-03-17 22:02:25.345824+00:00,0.0,False
2025-03-18 04:39:41.764032+00:00,-0.0007988098997820969,False
2025-03-18 04:39:41.764032+00:00,1.8189894035458565e-12,False
2025-03-18 12:56:17.258496+00:00,0.00011463916736855536,False
2025-03-18 12:56:17.258496+00:00,0.0,False
2025-03-18 22:52:11.835264+00:00,-0.0010015003742858057,False
2025-03-18 22:52:11.835264+00:00,0.0,False
2025-03-19 05:29:28.221504+00:00,-0.0008345840659125796,False
2025-03-19 05:29:28.221504+00:00,0.0,False
2025-03-19 13:46:03.645120+00:00,-0.0014359176729152898,False
2025-03-19 13:46:03.645120+00:00,0.0,False
2025-03-19 22:02:39.089472+00:00,-7.285161360941791e-05,False
2025-03-19 22:02:39.089472+00:00,0.0,False
2025-03-20 11:17:11.760864+00:00,-0.0018651297019382407,False
2025-03-20 11:17:11.760864+00:00,0.0,False
2025-03-20 12:56:30.854400+00:00,0.0010690112878041077,False
2025-03-20 12:56:30.854400+00:00,0.0,False
2025-03-20 22:52:25.325760+00:00,-0.0016691459856780385,False
2025-03-20 22:52:25.325760+00:00,0.0,False
2025-03-21 12:06:57.938400+00:00,-0.0005773149763303887,False
2025-03-21 12:06:57.938400+00:00,0.0,False
2025-03-21 13:46:17.012064+00:00,-0.0001641210325414365,False
2025-03-21 13:46:17.012064+00:00,0.0,False
2025-03-21 22:02:52.362240+00:00,-0.0012123876039898257,False
2025-03-21 22:02:52.362240+00:00,0.0,False
2025-03-22 12:56:43.904256+00:00,-0.003391156069898462,False
2025-03-22 12:56:43.904256+00:00,0.0,False
2025-03-22 19:34:00.130656+00:00,-0.0014213079793816746,False
2025-03-22 19:34:00.130656+00:00,0.0,False
2025-03-22 22:52:38.241696+00:00,-0.0005513785071317858,False
2025-03-22 22:52:38.241696+00:00,0.0,False
2025-03-23 13:46:29.740512+00:00,-0.002198405653829166,False
2025-03-23 13:46:29.740512+00:00,0.0,False
2025-03-23 20:23:45.948768+00:00,-0.00020154570357335498,False
2025-03-23 20:23:45.948768+00:00,0.0,False
2025-03-23 22:03:04.997376+00:00,-0.00016085396480234064,False
2025-03-23 22:03:04.997376+00:00,0.0,False
2025-03-24 12:56:56.422752+00:00,-0.001308999153128483,False
2025-03-24 12:56:56.422752+00:00,9.094947017729282e-13,False
2025-03-24 22:52:50.659104+00:00,-0.0014973813130246243,False
2025-03-24 22:52:50.659104+00:00,0.0,False
2025-03-25 00:32:09.697344+00:00,-0.00017192576340286324,False
2025-03-25 00:32:09.697344+00:00,0.0,False
2025-03-25 13:46:41.996352+00:00,-0.0011733334834053391,False
2025-03-25 13:46:41.996352+00:00,9.094947017729282e-13,False
2025-03-25 22:03:17.172000+00:00,-0.0003284052532894421,False
2025-03-25 22:03:17.172000+00:00,0.0,False
2025-03-26 04:40:33.286944+00:00,-0.002427537398143084,False
2025-03-26 04:40:33.286944+00:00,0.0,False
2025-03-26 12:57:08.433216+00:00,0.0003635554627925517,False
2025-03-26 12:57:08.433216+00:00,0.0,False
2025-03-26 21:13:43.544064+00:00,-0.001393003371831038,False
2025-03-26 21:13:43.544064+00:00,0.0,False
2025-03-27 10:28:15.708288+00:00,-0.0016578689666197385,False
2025-03-27 10:28:15.708288+00:00,-9.094947017729282e-13,False
2025-03-27 17:05:31.791264+00:00,0.0008077474581235286,False
2025-03-27 17:05:31.791264+00:00,0.0,False
2025-03-27 22:03:28.836864+00:00,-0.00034475922173191585,False
2025-03-27 22:03:28.836864+00:00,0.0,False
2025-03-28 11:18:00.982080+00:00,0.0006610376706292845,False
2025-03-28 11:18:00.982080+00:00,0.0,False
2025-03-28 19:34:36.038496+00:00,-0.0007832189586747312,False
2025-03-28 19:34:36.038496+00:00,0.0,False
2025-03-28 21:13:55.049952+00:00,-4.921982906936457e-05,False
2025-03-28 21:13:55.049952+00:00,0.0,False
2025-03-29 08:49:08.118912+00:00,-0.00019993954038859184,False
2025-03-29 08:49:08.118912+00:00,0.0,False
2025-03-29 20:24:21.184416+00:00,0.00032170657617171966,False
2025-03-29 20:24:21.184416+00:00,0.0,False
2025-03-29 22:03:40.191552+00:00,-3.7250665499959107e-05,False
2025-03-29 22:03:40.191552+00:00,0.0,False
2025-03-30 12:57:31.235040+00:00,-0.0009753131145471016,False
2025-03-30 12:57:31.235040+00:00,0.0,False
2025-03-30 19:34:47.248032+00:00,-1.0778660671293305e-05,False
2025-03-30 19:34:47.248032+00:00,0.0,False
2025-03-31 03:51:22.256064+00:00,-0.000558446355988315,False
2025-03-31 03:51:22.256064+00:00,0.0,False
2025-03-31 13:47:16.251360+00:00,-0.000169222579778839,False
2025-03-31 13:47:16.251360+00:00,0.0,False
2025-03-31 20:24:32.245344+00:00,0.0002197514427755709,False
2025-03-31 20:24:32.245344+00:00,-9.094947017729282e-13,False
2025-04-01 04:41:07.235232+00:00,-0.0003586696866710315,False
2025-04-01 04:41:07.235232+00:00,-9.094947017729282e-13,False
2025-04-01 12:57:42.210432+00:00,0.00014389847795293997,False
2025-04-01 12:57:42.210432+00:00,0.0,False
2025-04-01 22:53:36.177216+00:00,0.00016497438711913018,False
2025-04-01 22:53:36.177216+00:00,0.0,False
2025-04-02 05:30:52.146144+00:00,-0.0007185673333121806,False
2025-04-02 05:30:52.146144+00:00,0.0,False
2025-04-02 13:47:27.089376+00:00,0.0002550618867345703,False
2025-04-02 13:47:27.089376+00:00,9.094947017729282e-13,False
2025-04-02 18:45:24.056352+00:00,8.888044313288743e-05,False
2025-04-02 18:45:24.056352+00:00,0.0,False
2025-04-03 11:18:33.928992+00:00,1.522562593844149e-05,False
2025-04-03 11:18:33.928992+00:00,0.0,False
2025-04-03 14:37:11.897472+00:00,2.2920315060289765e-05,False
2025-04-03 14:37:11.897472+00:00,-1.8189894035458565e-12,False
2025-04-03 22:53:46.818240+00:00,0.00011948132519053602,False
2025-04-03 22:53:46.818240+00:00,0.0,False
2025-04-04 12:08:18.660192+00:00,0.0002822490096927124,False
2025-04-04 12:08:18.660192+00:00,-9.094947017729282e-13,False
2025-04-04 18:45:34.567776+00:00,-0.00015270995381783115,False
2025-04-04 18:45:34.567776+00:00,0.0,False
2025-04-05 12:58:03.285984+00:00,0.0007515569159573122,False
2025-04-05 12:58:03.285984+00:00,0.0,False
2025-04-05 22:53:57.111072+00:00,3.1185699941419474e-05,False
2025-04-05 22:53:57.111072+00:00,0.0,False
2025-04-06 20:25:03.701856+00:00,0.0005770954765215927,False
2025-04-06 20:25:03.701856+00:00,0.0,False
2025-04-06 22:04:22.667520+00:00,7.350357994350142e-05,False
2025-04-06 22:04:22.667520+00:00,9.094947017729282e-13,False
2025-04-07 12:58:13.345536+00:00,-0.00016356318254446243,False
2025-04-07 12:58:13.345536+00:00,9.094947017729282e-13,False
2025-04-07 22:54:07.109280+00:00,-0.00012076640989071644,False
2025-04-07 22:54:07.109280+00:00,0.0,False
2025-04-08 03:52:03.987264+00:00,-5.443999666522505e-05,False
2025-04-08 03:52:03.987264+00:00,0.0,False
2025-04-08 13:47:57.728544+00:00,-0.0004263571922047437,False
2025-04-08 13:47:57.728544+00:00,0.0,False
2025-04-08 22:04:32.505024+00:00,9.965108843212065e-05,False
2025-04-08 22:04:32.505024+00:00,0.0,False
2025-04-09 04:41:48.316704+00:00,-0.0010844588370698095,False
2025-04-09 04:41:48.316704+00:00,0.0,False
2025-04-09 12:58:23.084544+00:00,0.00012220847364473905,False
2025-04-09 12:58:23.084544+00:00,0.0,False
2025-04-09 22:54:16.777440+00:00,0.00024131666413337123,False
2025-04-09 22:54:16.777440+00:00,0.0,False
2025-04-10 05:31:32.574432+00:00,-0.0011075259488957736,False
2025-04-10 05:31:32.574432+00:00,0.0,False
2025-04-10 13:48:07.305120+00:00,-0.0010305701832848172,False
2025-04-10 13:48:07.305120+00:00,0.0,False
2025-04-10 22:04:42.033216+00:00,0.0007459006735188534,False
2025-04-10 22:04:42.033216+00:00,0.0,False
2025-04-11 11:19:13.584864+00:00,-0.0006808533465442292,False
2025-04-11 11:19:13.584864+00:00,0.0,False
2025-04-11 22:54:26.158752+00:00,-0.0003269420980108414,False
2025-04-11 22:54:26.158752+00:00,0.0,False
2025-04-12 12:08:57.668064+00:00,-0.00023712172177900795,False
2025-04-12 12:08:57.668064+00:00,0.0,False
2025-04-12 13:48:16.603488+00:00,-0.00011372377673853746,False
2025-04-12 13:48:16.603488+00:00,0.0,False
2025-04-12 22:04:51.269376+00:00,-7.215487702133538e-05,False
2025-04-12 22:04:51.269376+00:00,0.0,False
2025-04-13 19:35:57.392736+00:00,0.000131353582897589,False
2025-04-13 19:35:57.392736+00:00,0.0,False
2025-04-13 21:15:16.322976+00:00,-7.054999098875535e-06,False
2025-04-13 21:15:16.322976+00:00,0.0,False
2025-04-14 22:05:00.241152+00:00,-0.0005987362805985265,False
2025-04-14 22:05:00.241152+00:00,0.0,False
2025-04-15 04:42:15.939648+00:00,-0.000885221534465242,False
2025-04-15 04:42:15.939648+00:00,0.0,False
2025-04-15 12:58:50.562336+00:00,0.00017759263264955608,False
2025-04-15 12:58:50.562336+00:00,9.094947017729282e-13,False
2025-04-15 22:54:44.082432+00:00,-0.00022671111935446847,False
2025-04-15 22:54:44.082432+00:00,0.0,False
2025-04-16 08:50:37.585248+00:00,-0.0008477955049839983,False
2025-04-16 08:50:37.585248+00:00,0.0,False
2025-04-16 13:48:34.350912+00:00,0.0011481444063015846,False
2025-04-16 13:48:34.350912+00:00,0.0,False
2025-04-16 22:05:08.762784+00:00,-0.007807869338701944,False
2025-04-16 22:05:08.762784+00:00,0.0,False
2025-04-17 12:58:59.159136+00:00,0.008625302500623485,False
2025-04-17 12:58:59.159136+00:00,0.0,False
2025-04-17 19:36:14.808384+00:00,-0.00019802314536196224,False
2025-04-17 19:36:14.808384+00:00,0.0,False
2025-04-17 22:54:52.630848+00:00,-0.00010828668055171191,False
2025-04-17 22:54:52.630848+00:00,0.0,False
2025-04-18 20:25:58.463904+00:00,0.0003254004677779826,False
2025-04-18 20:25:58.463904+00:00,0.0,False
2025-04-19 21:15:42.055488+00:00,-0.0003394017956143253,False
2025-04-19 21:15:42.055488+00:00,0.0,False
2025-04-20 05:32:16.564128+00:00,-0.0005070905011769573,False
2025-04-20 05:32:16.564128+00:00,0.0,False
2025-04-20 22:05:25.589184+00:00,0.0005671447641047516,False
2025-04-20 22:05:25.589184+00:00,1.8189894035458565e-12,False
2025-04-21 11:19:56.770176+00:00,-0.0013210475249640198,False
2025-04-21 11:19:56.770176+00:00,0.0,False
2025-04-21 12:59:15.666720+00:00,3.0622438259281844e-05,False
2025-04-21 12:59:15.666720+00:00,0.0,False
2025-04-21 21:15:50.139936+00:00,0.0001197057577174334,False
2025-04-21 21:15:50.139936+00:00,-9.094947017729282e-13,False
2025-04-22 12:09:40.201920+00:00,0.0004759624376781094,False
2025-04-22 12:09:40.201920+00:00,0.0,False
2025-04-22 13:48:59.095008+00:00,-4.4612183946600626e-05,False
2025-04-22 13:48:59.095008+00:00,0.0,False
2025-04-22 22:05:33.554400+00:00,0.0003390233085361007,False
2025-04-22 22:05:33.554400+00:00,-9.094947017729282e-13,False
2025-04-23 19:36:39.133440+00:00,-0.00012974349519707593,False
2025-04-23 19:36:39.133440+00:00,-9.094947017729282e-13,False
2025-04-23 22:55:16.909248+00:00,-0.00010603000237216763,False
2025-04-23 22:55:16.909248+00:00,9.094947017729282e-13,False
2025-04-24 20:26:22.413120+00:00,-0.0008217744172475524,False
2025-04-24 20:26:22.413120+00:00,-9.094947017729282e-13,False
2025-04-24 22:05:41.297568+00:00,4.460688108353164e-05,False
2025-04-24 22:05:41.297568+00:00,0.0,False
2025-04-25 12:59:31.251552+00:00,-8.897981129532876e-05,False
2025-04-25 12:59:31.251552+00:00,0.0,False
2025-04-25 22:55:24.524544+00:00,-0.0005837995131783959,False
2025-04-25 22:55:24.524544+00:00,9.094947017729282e-13,False
2025-04-26 05:32:40.035552+00:00,-0.0006136402127003657,False
2025-04-26 05:32:40.035552+00:00,0.0,False
2025-04-26 22:05:48.802272+00:00,-0.0005177514665466378,False
2025-04-26 22:05:48.802272+00:00,-9.094947017729282e-13,False
2025-04-27 11:20:19.806144+00:00,-0.00047757547029350167,False
2025-04-27 11:20:19.806144+00:00,0.0,False
2025-04-27 12:59:38.675040+00:00,-0.0005407264118219267,False
2025-04-27 12:59:38.675040+00:00,0.0,False
2025-04-27 21:16:13.029888+00:00,-0.00045572431806634997,False
2025-04-27 21:16:13.029888+00:00,-9.094947017729282e-13,False
2025-04-28 12:10:02.864640+00:00,0.0003155749942936872,False
2025-04-28 12:10:02.864640+00:00,0.0,False
2025-04-28 22:05:56.074560+00:00,-0.00043064024181795795,False
2025-04-28 22:05:56.074560+00:00,0.0,False
2025-05-01 19:37:08.280480+00:00,-0.0016343268681701063,False
2025-05-01 19:37:08.280480+00:00,9.094947017729282e-13,False
2025-05-02 05:33:01.405728+00:00,-0.0007059163348802028,False
2025-05-02 05:33:01.405728+00:00,0.0,False
2025-05-02 22:06:09.939168+00:00,0.00046079032954893413,False
2025-05-02 22:06:09.939168+00:00,0.0,False
2025-05-03 04:43:25.336128+00:00,-0.000792090510945719,False
2025-05-03 04:43:25.336128+00:00,0.0,False
2025-05-03 12:59:59.582112+00:00,0.00015055775038106756,False
2025-05-03 12:59:59.582112+00:00,-9.094947017729282e-13,False
2025-05-03 22:55:52.679712+00:00,0.0004313141317690587,False
2025-05-03 22:55:52.679712+00:00,-9.094947017729282e-13,False
2025-05-04 12:10:23.463264+00:00,0.00017894494467819277,False
2025-05-04 12:10:23.463264+00:00,-1.8189894035458565e-12,False
2025-05-04 13:49:42.309696+00:00,-1.4600271776621284e-05,False
2025-05-04 13:49:42.309696+00:00,0.0,False
2025-05-04 22:06:16.537536+00:00,0.00019919779395881137,False
2025-05-04 22:06:16.537536+00:00,9.094947017729282e-13,False
2025-05-05 19:37:21.501408+00:00,0.0008663870463476164,False
2025-05-05 19:37:21.501408+00:00,-1.8189894035458565e-12,False
2025-05-05 21:16:40.344384+00:00,0.00011558301871401601,False
2025-05-05 21:16:40.344384+00:00,9.094947017729282e-13,False
2025-05-06 20:27:04.124448+00:00,0.000350512257054457,False
2025-05-06 20:27:04.124448+00:00,0.0,False
2025-05-06 22:06:22.964832+00:00,0.0001000848062402663,False
2025-05-06 22:06:22.964832+00:00,9.094947017729282e-13,False
2025-05-07 21:16:46.711200+00:00,0.0007185323659324666,False
2025-05-07 21:16:46.711200+00:00,0.0,False
2025-05-08 05:33:20.897568+00:00,-0.0004779725873448443,False
2025-05-08 05:33:20.897568+00:00,1.8189894035458565e-12,False
2025-05-08 22:06:29.253888+00:00,0.0002645879961684207,False
2025-05-08 22:06:29.253888+00:00,0.0,False
2025-05-09 06:23:03.425568+00:00,-0.00020250721366010468,False
2025-05-09 06:23:03.425568+00:00,0.0,False
2025-05-09 11:20:59.935488+00:00,0.0006250442925486083,False
2025-05-09 11:20:59.935488+00:00,9.094947017729282e-13,False
2025-05-09 21:16:52.937184+00:00,0.000254706528382456,False
2025-05-09 21:16:52.937184+00:00,9.094947017729282e-13,False
2025-05-10 12:10:42.432384+00:00,0.000206069519917788,False
2025-05-10 12:10:42.432384+00:00,0.0,False
2025-05-10 13:50:01.263264+00:00,-4.605070466638577e-05,False
2025-05-10 13:50:01.263264+00:00,0.0,False
2025-05-10 22:06:35.422848+00:00,0.0002260883057961157,False
2025-05-10 22:06:35.422848+00:00,0.0,False
2025-05-11 13:00:24.890400+00:00,-0.0003119501862965839,False
2025-05-11 13:00:24.890400+00:00,9.094947017729282e-13,False
2025-05-11 19:37:40.212192+00:00,0.0003871136393083036,False
2025-05-11 19:37:40.212192+00:00,0.0,False
2025-05-11 22:56:17.870496+00:00,0.0001417135234488587,False
2025-05-11 22:56:17.870496+00:00,0.0,False
2025-05-12 13:50:07.322496+00:00,-0.00046871869402378584,False
2025-05-12 13:50:07.322496+00:00,-9.094947017729282e-13,False
2025-05-12 20:27:22.631328+00:00,5.30584980194251e-05,False
2025-05-12 20:27:22.631328+00:00,0.0,False
2025-05-13 11:21:11.100960+00:00,-0.19523821197726673,False
2025-05-13 11:21:11.100960+00:00,0.0,False
2025-05-13 13:00:29.677824+00:00,-0.0004458702340814501,False
2025-05-13 13:00:29.677824+00:00,0.0,False
2025-05-13 22:56:21.167520+00:00,0.0009217831810664756,False
2025-05-13 22:56:21.167520+00:00,0.0,False
2025-05-14 12:10:49.801440+00:00,-5.4349352059909414e-05,False
2025-05-14 12:10:49.801440+00:00,-9.094947017729282e-13,False
2025-05-14 22:06:41.267808+00:00,-0.00021323499772729182,False
2025-05-14 22:06:41.267808+00:00,0.0,False
2025-05-15 13:00:28.471680+00:00,9.541636794974063e-05,False
2025-05-15 13:00:28.471680+00:00,0.0,False
2025-05-15 19:37:42.776544+00:00,-2.94089156403207e-05,False
2025-05-15 19:37:42.776544+00:00,0.0,False
2025-05-16 08:52:11.383680+00:00,-0.00025231035415506286,False
2025-05-16 08:52:11.383680+00:00,-9.094947017729282e-13,False
2025-05-16 18:48:02.829312+00:00,-0.0001567333146573021,False
2025-05-16 18:48:02.829312+00:00,0.0,False
2025-05-17 04:43:54.268896+00:00,-0.0012991652996282872,False
2025-05-17 04:43:54.268896+00:00,-9.094947017729282e-13,False
2025-05-17 13:00:27.122112+00:00,-6.554142213452169e-05,False
2025-05-17 13:00:27.122112+00:00,0.0,False
2025-05-17 21:16:59.981376+00:00,-2.6776364980656323e-05,False
2025-05-17 21:16:59.981376+00:00,0.0,False
2025-05-18 05:33:32.840640+00:00,7.720320934880248e-05,False
2025-05-18 05:33:32.840640+00:00,0.0,False
2025-05-18 13:50:05.686944+00:00,9.803568862848367e-05,False
2025-05-18 13:50:05.686944+00:00,0.0,False
2025-05-18 20:27:19.969344+00:00,0.00029505221332867056,False
2025-05-18 20:27:19.969344+00:00,0.0,False
2025-05-19 11:21:07.089408+00:00,0.0007203828808670474,False
2025-05-19 11:21:07.089408+00:00,0.0,False
2025-05-19 13:00:25.657632+00:00,-4.0418348408406257e-05,False
2025-05-19 13:00:25.657632+00:00,0.0,False
2025-05-20 12:10:45.593760+00:00,-0.00014091224791611535,False
2025-05-20 12:10:45.593760+00:00,0.0,False
2025-05-20 13:50:04.159392+00:00,-2.842231980744075e-05,False
2025-05-20 13:50:04.159392+00:00,0.0,False
2025-05-20 18:47:59.856288+00:00,1.2185445526927585e-05,False
2025-05-20 18:47:59.856288+00:00,0.0,False
2025-05-21 13:00:24.068736+00:00,0.00027754370689910836,False
2025-05-21 13:00:24.068736+00:00,0.0,False
2025-05-21 19:37:38.326944+00:00,-6.441940454334741e-05,False
2025-05-21 19:37:38.326944+00:00,0.0,False
2025-05-22 13:50:02.517792+00:00,-0.0005523680596044775,False
2025-05-22 13:50:02.517792+00:00,0.0,False
2025-05-22 20:27:16.764768+00:00,0.0002574538196158543,False
2025-05-22 20:27:16.764768+00:00,-9.094947017729282e-13,False
2025-05-23 13:00:22.375296+00:00,-0.0001843691316698497,False
2025-05-23 13:00:22.375296+00:00,0.0,False
2025-05-23 21:16:55.173216+00:00,-0.00010816204618394108,False
2025-05-23 21:16:55.173216+00:00,0.0,False
2025-05-24 03:54:09.415872+00:00,-6.633821038253376e-05,False
2025-05-24 03:54:09.415872+00:00,0.0,False
2025-05-24 13:50:00.775104+00:00,1.1229174387181423e-05,False
2025-05-24 13:50:00.775104+00:00,0.0,False
2025-05-24 22:06:33.565248+00:00,4.946755217031596e-05,False
2025-05-24 22:06:33.565248+00:00,0.0,False
2025-05-25 04:43:47.798400+00:00,9.755003305623317e-06,False
2025-05-25 04:43:47.798400+00:00,0.0,False
2025-05-25 13:00:20.583360+00:00,-0.00032498028626439944,False
2025-05-25 13:00:20.583360+00:00,0.0,False
2025-05-25 21:16:53.364000+00:00,0.0001448240864470317,False
2025-05-25 21:16:53.364000+00:00,0.0,False
2025-05-25 22:56:11.920128+00:00,3.7338515260087216e-05,False
2025-05-25 22:56:11.920128+00:00,9.094947017729282e-13,False
2025-05-27 21:16:51.446784+00:00,-0.00011472056220388546,False
2025-05-27 21:16:51.446784+00:00,0.0,False
2025-05-28 13:49:56.963136+00:00,-0.00024911508717587877,False
2025-05-28 13:49:56.963136+00:00,0.0,False
2025-05-28 22:06:29.716992+00:00,0.0002747408966862759,False
2025-05-28 22:06:29.716992+00:00,0.0,False
2025-05-29 04:43:43.913856+00:00,-3.671607959432116e-05,False
2025-05-29 04:43:43.913856+00:00,1.8189894035458565e-12,False
2025-05-29 09:41:39.559776+00:00,0.00013437394088563342,False
2025-05-29 09:41:39.559776+00:00,1.8189894035458565e-12,False
2025-05-29 21:16:49.386144+00:00,9.696424249223913e-05,False
2025-05-29 21:16:49.386144+00:00,-9.094947017729282e-13,False
2025-05-30 05:33:22.118400+00:00,-0.00015923735251573395,False
2025-05-30 05:33:22.118400+00:00,-9.094947017729282e-13,False
2025-05-30 12:10:36.304896+00:00,0.00037417146559853896,False
2025-05-30 12:10:36.304896+00:00,0.0,False
2025-05-30 22:06:27.570816+00:00,0.00015916171385634687,False
2025-05-30 22:06:27.570816+00:00,0.0,False
2025-05-31 11:20:55.922208+00:00,0.0002985360959271333,False
2025-05-31 11:20:55.922208+00:00,0.0,False
2025-05-31 13:00:14.464512+00:00,5.163339182010797e-07,False
2025-05-31 13:00:14.464512+00:00,0.0,False
2025-05-31 21:16:47.173440+00:00,4.4838533850848896e-05,False
2025-05-31 21:16:47.173440+00:00,-9.094947017729282e-13,False
2025-06-01 12:10:33.923712+00:00,-0.006083614136758774,False
2025-06-01 12:10:33.923712+00:00,0.0,False
2025-06-01 13:49:52.454784+00:00,-4.888020069978281e-05,False
2025-06-01 13:49:52.454784+00:00,0.0,False
2025-06-01 20:27:06.705216+00:00,0.005844555122404644,False
2025-06-01 20:27:06.705216+00:00,0.0,False
2025-06-02 19:37:26.202432+00:00,0.000265878581694095,False
2025-06-02 19:37:26.202432+00:00,0.0,False
2025-06-03 13:49:50.043360+00:00,-0.0010978894963290598,False
2025-06-03 13:49:50.043360+00:00,0.0,False
2025-06-03 20:27:04.187520+00:00,0.001311166484886257,False
2025-06-03 20:27:04.187520+00:00,0.0,False
2025-06-04 13:00:09.505152+00:00,0.0002802486704644245,False
2025-06-04 13:00:09.505152+00:00,0.0,False
2025-06-04 21:16:42.138912+00:00,-0.00028047874374006814,False
2025-06-04 21:16:42.138912+00:00,0.0,False
2025-06-05 03:53:56.257152+00:00,0.00016058917920328837,False
2025-06-05 03:53:56.257152+00:00,0.0,False
2025-06-05 12:10:28.902144+00:00,0.00024863294428960835,False
2025-06-05 12:10:28.902144+00:00,0.0,False
2025-06-05 20:27:01.530720+00:00,-5.087321827302422e-05,False
2025-06-05 20:27:01.530720+00:00,0.0,False
2025-06-06 13:00:06.791328+00:00,-0.0001374483765208079,False
2025-06-06 13:00:06.791328+00:00,0.0,False
2025-06-06 19:37:20.886240+00:00,3.775253086776023e-05,False
2025-06-06 19:37:20.886240+00:00,0.0,False
2025-06-06 21:16:39.410400+00:00,2.185885657221857e-05,False
2025-06-06 21:16:39.410400+00:00,-9.094947017729282e-13,False
2025-06-07 13:49:44.648544+00:00,-0.00047522116613510097,False
2025-06-07 13:49:44.648544+00:00,0.0,False
2025-06-07 20:26:58.733952+00:00,5.638745625164538e-05,False
2025-06-07 20:26:58.733952+00:00,0.0,False
2025-06-07 22:06:17.256384+00:00,2.9970230487684385e-05,False
2025-06-07 22:06:17.256384+00:00,0.0,False
2025-06-08 11:20:45.427200+00:00,-0.00040802474610634304,False
2025-06-08 11:20:45.427200+00:00,0.0,False
2025-06-08 17:57:59.516928+00:00,0.0003314628738879155,False
2025-06-08 17:57:59.516928+00:00,0.0,False
2025-06-09 22:06:14.348160+00:00,-0.00010539347291385268,False
2025-06-09 22:06:14.348160+00:00,0.0,False
2025-06-10 13:00:01.007712+00:00,5.267592155265457e-06,False
2025-06-10 13:00:01.007712+00:00,0.0,False
2025-06-10 21:16:33.590496+00:00,-0.00010601542867433555,False
2025-06-10 21:16:33.590496+00:00,0.0,False
2025-06-11 03:53:47.654304+00:00,-0.0002039428708794272,False
2025-06-11 03:53:47.654304+00:00,0.0,False
2025-06-11 12:10:20.234496+00:00,0.0001798588494359765,False
2025-06-11 12:10:20.234496+00:00,0.0,False
2025-06-11 18:47:34.296576+00:00,9.930473148100124e-05,False
2025-06-11 18:47:34.296576+00:00,1.8189894035458565e-12,False
2025-06-12 04:43:25.376736+00:00,-0.00038887220960844384,False
2025-06-12 04:43:25.376736+00:00,0.0,False
2025-06-12 21:16:30.499104+00:00,9.206205655535411e-05,False
2025-06-12 21:16:30.499104+00:00,0.0,False
2025-06-13 12:10:17.054976+00:00,-0.0017986146247936736,False
2025-06-13 12:10:17.054976+00:00,0.0,False
2025-06-13 13:49:35.562720+00:00,-2.326182532017652e-05,False
2025-06-13 13:49:35.562720+00:00,0.0,False
2025-06-13 20:26:49.598880+00:00,0.00028493615811735803,False
2025-06-13 20:26:49.598880+00:00,0.0,False
2025-06-14 12:59:54.695328+00:00,0.001319452942032802,False
2025-06-14 12:59:54.695328+00:00,9.094947017729282e-13,False
2025-06-14 19:37:08.718528+00:00,-4.1370406516139915e-05,False
2025-06-14 19:37:08.718528+00:00,-9.094947017729282e-13,False
2025-06-14 21:16:27.223680+00:00,4.246681985860925e-05,False
2025-06-14 21:16:27.223680+00:00,-9.094947017729282e-13,False
2025-06-15 13:49:32.275200+00:00,0.00014744278813618632,False
2025-06-15 13:49:32.275200+00:00,0.0,False
2025-06-15 20:26:46.286304+00:00,-0.00017774888294155514,False
2025-06-15 20:26:46.286304+00:00,0.0,False
2025-06-16 12:59:51.312768+00:00,0.00025208401809433015,False
2025-06-16 12:59:51.312768+00:00,1.8189894035458565e-12,False
2025-06-16 21:16:23.816928+00:00,1.3149189276603999e-06,False
2025-06-16 21:16:23.816928+00:00,0.0,False
2025-06-17 03:53:37.821984+00:00,-0.00011678129989652259,False
2025-06-17 03:53:37.821984+00:00,0.0,False
2025-06-17 20:26:42.815616+00:00,2.137308305337005e-05,False
2025-06-17 20:26:42.815616+00:00,-9.094947017729282e-13,False
2025-06-18 04:43:15.308544+00:00,-3.348761405852594e-05,False
2025-06-18 04:43:15.308544+00:00,0.0,False
2025-06-18 12:59:47.798016+00:00,4.611001177394746e-05,False
2025-06-18 12:59:47.798016+00:00,0.0,False
2025-06-18 21:16:20.280576+00:00,4.8070203602709445e-05,False
2025-06-18 21:16:20.280576+00:00,-9.094947017729282e-13,False
2025-06-19 12:10:06.744864+00:00,-0.00018664437036669632,False
2025-06-19 12:10:06.744864+00:00,0.0,False
2025-06-19 13:49:25.243104+00:00,0.0001777914107836302,False
2025-06-19 13:49:25.243104+00:00,0.0,False
2025-06-19 20:26:39.222240+00:00,0.00011927496519934639,False
2025-06-19 20:26:39.222240+00:00,-9.094947017729282e-13,False
2025-06-20 12:59:44.168352+00:00,0.000279497228021919,False
2025-06-20 12:59:44.168352+00:00,0.0,False
2025-06-20 19:36:58.142304+00:00,0.00013426781538936723,False
2025-06-20 19:36:58.142304+00:00,0.0,False
2025-06-20 21:16:16.635360+00:00,4.395463043939908e-05,False
2025-06-20 21:16:16.635360+00:00,0.0,False
2025-06-21 12:10:03.072864+00:00,3.4729318252849366e-05,False
2025-06-21 12:10:03.072864+00:00,0.0,False
2025-06-21 20:26:35.531232+00:00,-3.5992466539963987e-05,False
2025-06-21 20:26:35.531232+00:00,0.0,False
2025-06-21 22:05:54.023424+00:00,2.95614323552154e-05,False
2025-06-21 22:05:54.023424+00:00,0.0,False
2025-06-22 12:59:40.445376+00:00,0.00016553947817471383,False
2025-06-22 12:59:40.445376+00:00,0.0,False
2025-06-22 19:36:54.408096+00:00,3.413610592785447e-05,False
2025-06-22 19:36:54.408096+00:00,9.094947017729282e-13,False
2025-06-23 12:09:59.306688+00:00,7.022706177964863e-05,False
2025-06-23 12:09:59.306688+00:00,0.0,False
2025-06-23 13:49:17.795424+00:00,-6.132249872082792e-05,False
2025-06-23 13:49:17.795424+00:00,0.0,False
2025-06-23 22:05:50.239968+00:00,0.000165310976190939,False
2025-06-23 22:05:50.239968+00:00,0.0,False
2025-06-24 12:59:36.631680+00:00,-0.0001832596961032554,False
2025-06-24 12:59:36.631680+00:00,0.0,False
2025-06-24 21:16:09.067584+00:00,0.0001769671477643533,False
2025-06-24 21:16:09.067584+00:00,0.0,False
2025-06-25 13:49:13.935936+00:00,8.553952987181085e-05,False
2025-06-25 13:49:13.935936+00:00,0.0,False
2025-06-25 22:05:46.360608+00:00,1.9859524947721252e-05,False
2025-06-25 22:05:46.360608+00:00,0.0,False
2025-06-25 23:45:04.845888+00:00,1.877630381294927e-05,False
2025-06-25 23:45:04.845888+00:00,0.0,False
2025-06-26 12:59:32.724672+00:00,0.0001576060991332135,False
2025-06-26 12:59:32.724672+00:00,0.0,False
2025-06-26 19:36:46.658880+00:00,5.167200878603966e-05,False
2025-06-26 19:36:46.658880+00:00,0.0,False
2025-06-27 03:53:19.074048+00:00,-4.3861994862297434e-05,False
2025-06-27 03:53:19.074048+00:00,9.094947017729282e-13,False
2025-06-27 13:49:09.968448+00:00,2.8905412179183547e-05,False
2025-06-27 13:49:09.968448+00:00,1.8189894035458565e-12,False
2025-06-27 22:05:42.377568+00:00,0.00010083035641128167,False
2025-06-27 22:05:42.377568+00:00,0.0,False
2025-06-28 04:42:56.302272+00:00,1.5433715371541382e-05,False
2025-06-28 04:42:56.302272+00:00,-9.094947017729282e-13,False
2025-06-28 12:59:28.705344+00:00,9.302557688196613e-05,False
2025-06-28 12:59:28.705344+00:00,0.0,False
2025-06-28 21:16:01.104096+00:00,4.3765188620900066e-05,False
2025-06-28 21:16:01.104096+00:00,1.8189894035458565e-12,False
2025-06-29 05:32:33.502848+00:00,4.003488671506416e-05,False
2025-06-29 05:32:33.502848+00:00,0.0,False
2025-06-29 13:49:05.894688+00:00,-8.027984002527557e-05,False
2025-06-29 13:49:05.894688+00:00,0.0,False
2025-06-29 20:26:19.804704+00:00,-6.067030832750743e-05,False
2025-06-29 20:26:19.804704+00:00,0.0,False
2025-06-30 11:20:06.102240+00:00,3.48152328302284e-05,False
2025-06-30 11:20:06.102240+00:00,0.0,False
2025-06-30 12:59:24.579744+00:00,-7.4276015792643714e-06,False
2025-06-30 12:59:24.579744+00:00,0.0,False
2025-06-30 21:15:56.957760+00:00,-9.405113860256009e-05,False
2025-06-30 21:15:56.957760+00:00,0.0,False
2025-07-01 12:09:43.234560+00:00,-0.0003750482769772945,False
2025-07-01 12:09:43.234560+00:00,0.0,False
2025-07-01 13:49:01.708608+00:00,-1.7565959438845915e-05,False
2025-07-01 13:49:01.708608+00:00,0.0,False
2025-07-01 22:05:34.077984+00:00,-5.078198914627895e-05,False
2025-07-01 22:05:34.077984+00:00,0.0,False
2025-07-02 12:59:20.334912+00:00,-8.33476485059487e-05,False
2025-07-02 12:59:20.334912+00:00,-9.094947017729282e-13,False
2025-07-02 19:36:34.222464+00:00,-3.4509191888458795e-05,False
2025-07-02 19:36:34.222464+00:00,0.0,False
2025-07-02 22:55:11.166240+00:00,3.357139821549138e-05,False
2025-07-02 22:55:11.166240+00:00,0.0,False
2025-07-03 13:48:57.407616+00:00,-4.356725194124315e-05,False
2025-07-03 13:48:57.407616+00:00,-1.8189894035458565e-12,False
2025-07-03 20:26:11.289120+00:00,0.00013917779268397048,False
2025-07-03 20:26:11.289120+00:00,0.0,False
2025-07-03 22:05:29.759712+00:00,4.0950373290302334e-05,False
2025-07-03 22:05:29.759712+00:00,0.0,False
2025-07-04 12:59:15.982080+00:00,-0.0002733528920596213,False
2025-07-04 12:59:15.982080+00:00,0.0,False
2025-07-04 21:15:48.325536+00:00,0.0001321698623373817,False
2025-07-04 21:15:48.325536+00:00,-1.8189894035458565e-12,False
2025-07-05 05:32:20.660352+00:00,-0.00034469890379770443,False
2025-07-05 05:32:20.660352+00:00,9.094947017729282e-13,False
2025-07-05 13:48:52.997760+00:00,9.293814830720363e-05,False
2025-07-05 13:48:52.997760+00:00,0.0,False
2025-07-05 22:05:25.329984+00:00,0.00019572453321776593,False
2025-07-05 22:05:25.329984+00:00,0.0,False
2025-07-06 11:19:53.048928+00:00,-0.00027925889654971316,False
2025-07-06 11:19:53.048928+00:00,0.0,False
2025-07-06 12:59:11.513472+00:00,-1.7053736656159142e-05,False
2025-07-06 12:59:11.513472+00:00,-9.094947017729282e-13,False
2025-07-06 21:15:43.837920+00:00,0.00022639709136729728,False
2025-07-06 21:15:43.837920+00:00,0.0,False
2025-07-07 12:09:30.011040+00:00,-0.00010819619417294104,False
2025-07-07 12:09:30.011040+00:00,0.0,False
2025-07-07 13:48:48.473856+00:00,-5.7768590717788534e-05,False
2025-07-07 13:48:48.473856+00:00,0.0,False
2025-07-07 22:05:20.787072+00:00,0.00012342744295102992,False
2025-07-07 22:05:20.787072+00:00,0.0,False
2025-07-08 11:19:48.480096+00:00,-0.00013198363966927438,False
2025-07-08 11:19:48.480096+00:00,-9.094947017729282e-13,False
2025-07-08 19:36:20.784672+00:00,8.710758082861514e-05,False
2025-07-08 19:36:20.784672+00:00,0.0,False
2025-07-08 21:15:39.246624+00:00,5.903954401500751e-05,False
2025-07-08 21:15:39.246624+00:00,0.0,False
2025-07-09 13:48:43.848000+00:00,-9.721674351999038e-05,False
2025-07-09 13:48:43.848000+00:00,0.0,False
2025-07-09 20:25:57.684576+00:00,8.684110278718067e-05,False
2025-07-09 20:25:57.684576+00:00,0.0,False
2025-07-09 22:05:16.143936+00:00,4.1106403003007467e-05,False
2025-07-09 22:05:16.143936+00:00,0.0,False
2025-07-10 12:59:02.273856+00:00,-9.856314981230142e-05,False
2025-07-10 12:59:02.273856+00:00,0.0,False
2025-07-10 17:56:57.648480+00:00,-2.0205939068933048e-05,False
2025-07-10 17:56:57.648480+00:00,0.0,False
2025-07-11 05:32:06.850176+00:00,-9.695204860602489e-05,False
2025-07-11 05:32:06.850176+00:00,0.0,False
2025-07-11 13:48:39.133152+00:00,-4.368557040689084e-05,False
2025-07-11 13:48:39.133152+00:00,0.0,False
2025-07-11 22:05:11.416128+00:00,0.00021756229815842533,False
2025-07-11 22:05:11.416128+00:00,0.0,False
2025-07-12 11:19:39.061632+00:00,4.321237624363558e-05,False
2025-07-12 11:19:39.061632+00:00,0.0,False
2025-07-12 12:58:57.516672+00:00,1.7616121472776027e-05,False
2025-07-12 12:58:57.516672+00:00,-9.094947017729282e-13,False
2025-07-12 21:15:29.788416+00:00,-1.1996877185520304e-05,False
2025-07-12 21:15:29.788416+00:00,0.0,False
2025-07-13 12:09:15.874272+00:00,2.816272875238459e-05,False
2025-07-13 12:09:15.874272+00:00,0.0,False
2025-07-13 13:48:34.326720+00:00,-4.141844701276268e-05,False
2025-07-13 13:48:34.326720+00:00,0.0,False
2025-07-13 22:05:06.592416+00:00,0.0003249894457637305,False
2025-07-13 22:05:06.592416+00:00,0.0,False
2025-07-14 12:58:52.661856+00:00,-0.00011667684659368677,False
2025-07-14 12:58:52.661856+00:00,0.0,False
2025-07-14 17:56:48.015744+00:00,4.4462675648840365e-05,False
2025-07-14 17:56:48.015744+00:00,0.0,False
2025-07-14 21:15:24.918912+00:00,0.0001420882779446506,False
2025-07-14 21:15:24.918912+00:00,0.0,False
2025-07-15 13:48:29.420064+00:00,-0.00019475357734491708,False
2025-07-15 13:48:29.420064+00:00,1.8189894035458565e-12,False
2025-07-15 20:25:43.221216+00:00,0.0002889016843417679,False
2025-07-15 20:25:43.221216+00:00,0.0,False
2025-07-15 22:05:01.670208+00:00,2.582604230918672e-05,False
2025-07-15 22:05:01.670208+00:00,0.0,False
2025-07-16 12:58:47.710272+00:00,4.424417095102073e-05,False
2025-07-16 12:58:47.710272+00:00,-9.094947017729282e-13,False
2025-07-16 21:15:19.951776+00:00,0.00020202599363391564,False
2025-07-16 21:15:19.951776+00:00,9.094947017729282e-13,False
2025-07-17 03:52:33.742560+00:00,0.0001072198726354257,False
2025-07-17 03:52:33.742560+00:00,0.0,False
2025-07-17 13:48:24.420096+00:00,-3.946521125777823e-05,False
2025-07-17 13:48:24.420096+00:00,0.0,False
2025-07-17 20:25:38.204832+00:00,0.0001470065755174482,False
2025-07-17 20:25:38.204832+00:00,0.0,False
2025-07-18 04:42:10.435968+00:00,7.222171289264165e-05,False
2025-07-18 04:42:10.435968+00:00,1.8189894035458565e-12,False
2025-07-18 12:58:42.664512+00:00,0.00011436236157891011,False
2025-07-18 12:58:42.664512+00:00,0.0,False
2025-07-18 21:15:14.884416+00:00,-2.614908616772318e-05,False
2025-07-18 21:15:14.884416+00:00,0.0,False
2025-07-19 05:31:47.108640+00:00,0.0002450844429987876,False
2025-07-19 05:31:47.108640+00:00,0.0,False
2025-07-19 13:48:19.327680+00:00,-6.432779439418496e-05,False
2025-07-19 13:48:19.327680+00:00,9.094947017729282e-13,False
2025-07-19 22:04:51.542400+00:00,0.0001629396505453137,False
2025-07-19 22:04:51.542400+00:00,0.0,False
2025-07-20 11:19:19.082496+00:00,0.0001551380403875817,False
2025-07-20 11:19:19.082496+00:00,9.094947017729282e-13,False
2025-07-20 12:58:37.524576+00:00,2.650513657392726e-06,False
2025-07-20 12:58:37.524576+00:00,0.0,False
2025-07-20 21:15:09.730656+00:00,2.6588047907517333e-05,False
2025-07-20 21:15:09.730656+00:00,0.0,False
2025-07-21 12:08:55.702464+00:00,-0.00010239108031586286,False
2025-07-21 12:08:55.702464+00:00,0.0,False
2025-07-21 13:48:14.142816+00:00,-3.750410966669036e-05,False
2025-07-21 13:48:14.142816+00:00,0.0,False
2025-07-21 22:04:46.343712+00:00,0.00022333956536373903,False
2025-07-21 22:04:46.343712+00:00,0.0,False
2025-07-22 12:58:32.298240+00:00,-0.0003534348827548215,False
2025-07-22 12:58:32.298240+00:00,0.0,False
2025-07-22 19:35:46.050144+00:00,7.31551968404119e-05,False
2025-07-22 19:35:46.050144+00:00,0.0,False
2025-07-23 13:48:08.856864+00:00,-0.00045397242336048444,False
2025-07-23 13:48:08.856864+00:00,0.0,False
2025-07-23 20:25:22.600992+00:00,0.0002343690858889503,False
2025-07-23 20:25:22.600992+00:00,9.094947017729282e-13,False
2025-07-23 22:04:41.037024+00:00,3.759556293295643e-05,False
2025-07-23 22:04:41.037024+00:00,0.0,False
2025-07-24 12:58:26.953536+00:00,2.665959314889204e-05,False
2025-07-24 12:58:26.953536+00:00,9.094947017729282e-13,False
2025-07-24 19:35:40.690752+00:00,0.0001088239523529938,False
2025-07-24 19:35:40.690752+00:00,0.0,False
2025-07-25 03:52:12.857952+00:00,2.0888891809473214e-06,False
2025-07-25 03:52:12.857952+00:00,0.0,False
2025-07-25 13:48:03.451680+00:00,-0.0001372637484797865,False
2025-07-25 13:48:03.451680+00:00,9.094947017729282e-13,False
2025-07-25 22:04:35.611968+00:00,0.00024918248392285754,False
2025-07-25 22:04:35.611968+00:00,1.8189894035458565e-12,False
2025-07-26 04:41:49.335360+00:00,-0.0003077535727731541,False
2025-07-26 04:41:49.335360+00:00,0.0,False
2025-07-26 21:14:53.632608+00:00,-0.0003055015620740374,False
2025-07-26 21:14:53.632608+00:00,0.0,False
2025-07-27 05:31:25.779936+00:00,0.0001109961968378419,False
2025-07-27 05:31:25.779936+00:00,9.094947017729282e-13,False
2025-07-27 13:47:57.921216+00:00,-0.00032041364105133113,False
2025-07-27 13:47:57.921216+00:00,-1.8189894035458565e-12,False
2025-07-27 22:04:30.059040+00:00,-1.1207126954721749e-05,False
2025-07-27 22:04:30.059040+00:00,-9.094947017729282e-13,False
2025-07-28 11:18:57.477312+00:00,-9.506323404560922e-05,False
2025-07-28 11:18:57.477312+00:00,0.0,False
2025-07-28 14:37:34.328640+00:00,-8.237834912058506e-05,False
2025-07-28 14:37:34.328640+00:00,0.0,False
2025-07-29 12:08:33.854496+00:00,-0.00035533185167281015,False
2025-07-29 12:08:33.854496+00:00,0.0,False
2025-07-29 22:04:24.396384+00:00,-4.403348018448556e-05,False
2025-07-29 22:04:24.396384+00:00,0.0,False
2025-07-30 11:18:51.779232+00:00,-0.00032380100519109243,False
2025-07-30 11:18:51.779232+00:00,0.0,False
2025-07-30 19:35:23.885088+00:00,-0.00014376085158033234,False
2025-07-30 19:35:23.885088+00:00,9.094947017729282e-13,False
2025-07-30 21:14:42.306432+00:00,2.4712342302180568e-05,False
2025-07-30 21:14:42.306432+00:00,0.0,False
2025-07-31 13:47:46.514688+00:00,-0.0004376200693722872,False
2025-07-31 13:47:46.514688+00:00,0.0,False
2025-07-31 20:25:00.192288+00:00,0.0002436645688378362,False
2025-07-31 20:25:00.192288+00:00,0.0,False
2025-07-31 22:04:18.612768+00:00,3.528842426174293e-05,False
2025-07-31 22:04:18.612768+00:00,0.0,False
2025-08-01 12:58:04.384992+00:00,-0.00025666549254509986,False
2025-08-01 12:58:04.384992+00:00,-9.094947017729282e-13,False
2025-08-01 21:14:36.476160+00:00,0.00028719634423519615,False
2025-08-01 21:14:36.476160+00:00,0.0,False
2025-08-02 05:31:08.559552+00:00,-0.0002175613429246582,False
2025-08-02 05:31:08.559552+00:00,0.0,False
2025-08-02 13:47:40.646400+00:00,-3.10152130080975e-05,False
2025-08-02 13:47:40.646400+00:00,9.094947017729282e-13,False
2025-08-03 11:18:40.055616+00:00,0.00010693709260105409,False
2025-08-03 11:18:40.055616+00:00,9.094947017729282e-13,False
2025-08-03 12:57:58.470912+00:00,-4.6886879499693896e-05,False
2025-08-03 12:57:58.470912+00:00,0.0,False
2025-08-03 21:14:30.544800+00:00,0.0001847474265259482,False
2025-08-03 21:14:30.544800+00:00,1.8189894035458565e-12,False
2025-08-04 12:08:16.274688+00:00,-0.00022858888366651166,False
2025-08-04 12:08:16.274688+00:00,0.0,False
2025-08-04 13:47:34.687392+00:00,-7.503657791380172e-05,False
2025-08-04 13:47:34.687392+00:00,0.0,False
2025-08-04 22:04:06.754368+00:00,0.00030391792689913336,False
2025-08-04 22:04:06.754368+00:00,9.094947017729282e-13,False
2025-08-05 12:57:52.468704+00:00,-0.0001749275903358831,False
2025-08-05 12:57:52.468704+00:00,0.0,False
2025-08-05 16:16:29.293248+00:00,-1.7598494906712715e-05,False
2025-08-05 16:16:29.293248+00:00,0.0,False
2025-08-06 22:04:00.699456+00:00,0.0002760695192010902,False
2025-08-06 22:04:00.699456+00:00,-9.094947017729282e-13,False
2025-08-07 12:57:46.392192+00:00,0.00014694046804844812,False
2025-08-07 12:57:46.392192+00:00,0.0,False
2025-08-07 21:14:18.443616+00:00,-8.559696222919217e-05,False
2025-08-07 21:14:18.443616+00:00,0.0,False
2025-08-08 03:51:32.079744+00:00,-6.662933413816442e-05,False
2025-08-08 03:51:32.079744+00:00,0.0,False
2025-08-08 13:47:22.536096+00:00,0.00019678737046115397,False
2025-08-08 13:47:22.536096+00:00,0.0,False
2025-08-08 22:03:54.574560+00:00,-0.0002387990613648758,False
2025-08-08 22:03:54.574560+00:00,0.0,False
2025-08-09 04:41:08.210688+00:00,0.00045549457676424495,False
2025-08-09 04:41:08.210688+00:00,0.0,False
2025-08-09 12:57:40.244832+00:00,-3.251828459477086e-05,False
2025-08-09 12:57:40.244832+00:00,0.0,False
2025-08-10 12:07:57.927648+00:00,0.00020156688207525727,False
2025-08-10 12:07:57.927648+00:00,0.0,False
2025-08-10 13:47:16.332576+00:00,-3.0977542951331815e-05,False
2025-08-10 13:47:16.332576+00:00,0.0,False
2025-08-11 04:41:01.970880+00:00,3.565575025352499e-05,False
2025-08-11 04:41:01.970880+00:00,0.0,False
2025-08-11 12:57:33.988608+00:00,3.3176549447947205e-05,False
2025-08-11 12:57:33.988608+00:00,0.0,False
2025-08-11 19:34:47.598816+00:00,0.00011983065819341266,False
2025-08-11 19:34:47.598816+00:00,0.0,False
2025-08-11 22:53:24.403488+00:00,0.0004173303059040572,False
2025-08-11 22:53:24.403488+00:00,0.0,False
2025-08-12 13:47:10.024512+00:00,-0.00015668950720132933,False
2025-08-12 13:47:10.024512+00:00,0.0,False
2025-08-12 17:05:46.828320+00:00,9.556444861709765e-05,False
2025-08-12 17:05:46.828320+00:00,0.0,False
2025-08-12 20:24:23.634720+00:00,0.0004447426995716076,False
2025-08-12 20:24:23.634720+00:00,0.0,False
2025-08-13 12:57:27.644256+00:00,0.00016273706014789018,False
2025-08-13 12:57:27.644256+00:00,-9.094947017729282e-13,False
2025-08-13 21:13:59.642112+00:00,2.5058086895002373e-05,False
2025-08-13 21:13:59.642112+00:00,0.0,False
2025-08-14 05:30:31.638240+00:00,-0.00022784840151383813,False
2025-08-14 05:30:31.638240+00:00,0.0,False
2025-08-14 13:47:03.633504+00:00,1.7884473703345233e-05,False
2025-08-14 13:47:03.633504+00:00,0.0,False
2025-08-14 22:03:35.625312+00:00,0.00010388132096541067,False
2025-08-14 22:03:35.625312+00:00,0.0,False
2025-08-15 11:18:02.809440+00:00,-1.4463756972520731e-05,False
2025-08-15 11:18:02.809440+00:00,0.0,False
2025-08-15 12:57:21.205728+00:00,2.6417491367340575e-05,False
2025-08-15 12:57:21.205728+00:00,-9.094947017729282e-13,False
2025-08-15 21:13:53.191488+00:00,-4.184213832171329e-06,False
2025-08-15 21:13:53.191488+00:00,0.0,False
2025-08-16 13:46:57.163008+00:00,-0.00010378394112829593,False
2025-08-16 13:46:57.163008+00:00,0.0,False
2025-08-16 15:26:15.557568+00:00,-8.92173765592747e-05,False
2025-08-16 15:26:15.557568+00:00,0.0,False
2025-08-16 18:44:52.350144+00:00,-2.043758979331127e-05,False
2025-08-16 18:44:52.350144+00:00,0.0,False
2025-08-17 12:57:14.705856+00:00,-0.0001158033194222966,False
2025-08-17 12:57:14.705856+00:00,0.0,False
2025-08-17 19:34:28.285824+00:00,5.6898925453633645e-05,False
2025-08-17 19:34:28.285824+00:00,0.0,False
2025-08-17 21:13:46.681248+00:00,2.902690631586909e-05,False
2025-08-17 21:13:46.681248+00:00,9.094947017729282e-13,False
2025-08-18 12:07:32.241792+00:00,-7.738316171059228e-05,False
2025-08-18 12:07:32.241792+00:00,0.0,False
2025-08-18 20:24:04.211136+00:00,-3.151456559648269e-05,False
2025-08-18 20:24:04.211136+00:00,-9.094947017729282e-13,False
2025-08-18 22:03:22.605696+00:00,3.145222611111107e-05,False
2025-08-18 22:03:22.605696+00:00,0.0,False
2025-08-19 12:57:08.148960+00:00,-0.0001367894832780518,False
2025-08-19 12:57:08.148960+00:00,0.0,False
2025-08-19 21:13:40.111392+00:00,-4.3621344286839036e-05,False
2025-08-19 21:13:40.111392+00:00,0.0,False
2025-08-20 07:09:30.470976+00:00,7.388625163178236e-05,False
2025-08-20 07:09:30.470976+00:00,0.0,False
2025-08-20 12:07:25.649472+00:00,4.272005985608303e-05,False
2025-08-20 12:07:25.649472+00:00,0.0,False
2025-08-20 20:23:57.614496+00:00,9.902623480066914e-05,False
2025-08-20 20:23:57.614496+00:00,0.0,False
2025-08-23 06:19:41.299680+00:00,0.00012054365139982457,False
2025-08-23 06:19:41.299680+00:00,0.0,False
2025-08-23 21:13:26.809248+00:00,0.0003256458880257448,False
2025-08-23 21:13:26.809248+00:00,0.0,False
2025-08-24 13:46:30.698688+00:00,3.8748130338584885e-05,False
2025-08-24 13:46:30.698688+00:00,0.0,False
2025-08-24 22:03:02.637792+00:00,8.000444086061858e-05,False
2025-08-24 22:03:02.637792+00:00,0.0,False
2025-08-25 12:56:48.127488+00:00,0.00031693551766470533,False
2025-08-25 12:56:48.127488+00:00,0.0,False
2025-08-25 21:13:20.057952+00:00,-0.00019550205518182283,False
2025-08-25 21:13:20.057952+00:00,0.0,False
2025-08-26 13:46:23.912832+00:00,0.0001258204342629264,False
2025-08-26 13:46:23.912832+00:00,0.0,False
2025-08-26 22:02:55.839840+00:00,0.0002467032046470928,False
2025-08-26 22:02:55.839840+00:00,0.0,False
2025-08-27 04:40:09.373152+00:00,-4.255095178948298e-05,False
2025-08-27 04:40:09.373152+00:00,0.0,False
2025-08-27 12:56:41.291520+00:00,0.0001946803078877406,False
2025-08-27 12:56:41.291520+00:00,9.094947017729282e-13,False
2025-08-27 21:13:13.200384+00:00,-9.88512735626253e-08,False
2025-08-27 21:13:13.200384+00:00,0.0,False
2025-08-28 13:46:17.006880+00:00,0.0003481648098131989,False
2025-08-28 13:46:17.006880+00:00,0.0,False
2025-08-28 22:02:48.901920+00:00,-4.2940939182495655e-05,False
2025-08-28 22:02:48.901920+00:00,0.0,False
2025-08-29 06:19:20.791776+00:00,0.00028948263077175924,False
2025-08-29 06:19:20.791776+00:00,0.0,False
2025-08-29 21:13:06.190752+00:00,0.0005168015764824179,False
2025-08-29 21:13:06.190752+00:00,0.0,False
2025-08-30 03:50:19.689504+00:00,-0.0006824516009677316,False
2025-08-30 03:50:19.689504+00:00,0.0,False
2025-08-30 22:02:41.802432+00:00,0.00029059834495273433,False
2025-08-30 22:02:41.802432+00:00,0.0,False
2025-08-31 04:39:55.293408+00:00,0.0004223967306527939,False
2025-08-31 04:39:55.293408+00:00,0.0,False
2025-08-31 12:56:27.156480+00:00,0.00030797882988679577,False
2025-08-31 12:56:27.156480+00:00,0.0,False
2025-08-31 21:12:58.999680+00:00,0.0001635822402240039,False
2025-08-31 21:12:58.999680+00:00,9.094947017729282e-13,False
2025-09-01 05:29:30.854976+00:00,-0.00016424013018070819,False
2025-09-01 05:29:30.854976+00:00,0.0,False
2025-09-01 13:46:02.697312+00:00,-0.00010273335411581787,False
2025-09-01 13:46:02.697312+00:00,0.0,False
2025-09-01 22:02:34.519776+00:00,5.301711688814113e-05,False
2025-09-01 22:02:34.519776+00:00,0.0,False
2025-09-02 04:39:47.967552+00:00,-0.0007256268690222546,False
2025-09-02 04:39:47.967552+00:00,0.0,False
2025-09-02 12:56:19.797792+00:00,0.0003934279073891133,False
2025-09-02 12:56:19.797792+00:00,0.0,False
2025-09-02 21:12:51.602976+00:00,0.0005492855405379135,False
2025-09-02 21:12:51.602976+00:00,0.0,False
2025-09-03 05:29:23.392608+00:00,-0.0006572605580655183,False
2025-09-03 05:29:23.392608+00:00,9.094947017729282e-13,False
2025-09-03 20:23:08.640384+00:00,0.0013630806539761458,False
2025-09-03 20:23:08.640384+00:00,0.0,False
2025-09-04 04:39:40.429152+00:00,-0.0002486746337111071,False
2025-09-04 04:39:40.429152+00:00,0.0,False
2025-09-04 21:12:43.982496+00:00,-0.00011193396138349412,False
2025-09-04 21:12:43.982496+00:00,0.0,False
2025-09-05 05:29:15.754848+00:00,-0.00025721344529127895,False
2025-09-05 05:29:15.754848+00:00,0.0,False
2025-09-05 13:45:47.525472+00:00,-0.00045838944478207,False
2025-09-05 13:45:47.525472+00:00,0.0,False
2025-09-05 22:02:19.282272+00:00,0.0005395092069785661,False
2025-09-05 22:02:19.282272+00:00,0.0,False
2025-09-06 04:39:32.682528+00:00,-0.0005665249628677715,False
2025-09-06 04:39:32.682528+00:00,-9.094947017729282e-13,False
2025-09-06 21:12:36.171072+00:00,-0.0003619468882194595,False
2025-09-06 21:12:36.171072+00:00,-9.094947017729282e-13,False
2025-09-07 05:29:07.920960+00:00,0.0005809381717537556,False
2025-09-07 05:29:07.920960+00:00,0.0,False
2025-09-07 22:02:11.396544+00:00,0.00011394441984880085,False
2025-09-07 22:02:11.396544+00:00,0.0,False
2025-09-08 04:39:24.780384+00:00,-0.00023520399422279688,False
2025-09-08 04:39:24.780384+00:00,0.0,False
2025-09-08 12:55:56.507808+00:00,-6.58982588191084e-05,False
2025-09-08 12:55:56.507808+00:00,0.0,False
2025-09-08 21:12:28.234368+00:00,0.000501612398665658,False
2025-09-08 21:12:28.234368+00:00,-9.094947017729282e-13,False
2025-09-09 05:28:59.953152+00:00,-0.00023023050321702404,False
2025-09-09 05:28:59.953152+00:00,0.0,False
2025-09-09 22:02:03.388992+00:00,0.00042816165096870714,False
2025-09-09 22:02:03.388992+00:00,0.0,False
2025-09-10 04:39:16.753824+00:00,-0.0005393421826944517,False
2025-09-10 04:39:16.753824+00:00,0.0,False
2025-09-10 11:16:30.130752+00:00,0.0004454129908819433,False
2025-09-10 11:16:30.130752+00:00,0.0,False
2025-09-10 19:33:01.840032+00:00,0.00014703374308987801,False
2025-09-10 19:33:01.840032+00:00,-1.8189894035458565e-12,False
2025-09-11 05:28:51.885120+00:00,-0.00014668303614090049,False
2025-09-11 05:28:51.885120+00:00,0.0,False
2025-09-11 20:22:36.949728+00:00,5.459458481990164e-05,False
2025-09-11 20:22:36.949728+00:00,-9.094947017729282e-13,False
2025-09-12 12:55:40.346688+00:00,-0.00011372886943630009,False
2025-09-12 12:55:40.346688+00:00,0.0,False
2025-09-12 21:12:12.042144+00:00,0.00021885984467276079,False
2025-09-12 21:12:12.042144+00:00,0.0,False
2025-09-13 05:28:43.735872+00:00,-0.00018718072114907053,False
2025-09-13 05:28:43.735872+00:00,0.0,False
2025-09-13 22:01:47.113824+00:00,3.96943780905316e-06,False
2025-09-13 22:01:47.113824+00:00,0.0,False
2025-09-14 06:18:18.802368+00:00,-0.00010597627229564521,False
2025-09-14 06:18:18.802368+00:00,0.0,False
2025-09-14 12:55:32.147328+00:00,-7.334597311299551e-06,False
2025-09-14 12:55:32.147328+00:00,-9.094947017729282e-13,False
2025-09-15 05:28:35.471712+00:00,-0.001534722978384131,False
2025-09-15 05:28:35.471712+00:00,-9.094947017729282e-13,False
2025-09-15 13:45:07.177536+00:00,0.0018448580528665302,False
2025-09-15 13:45:07.177536+00:00,0.0,False
2025-09-15 18:43:02.180640+00:00,0.0001759469273538781,False
2025-09-15 18:43:02.180640+00:00,0.0,False
2025-09-16 04:38:52.180800+00:00,-8.940420600943712e-05,False
2025-09-16 04:38:52.180800+00:00,0.0,False
2025-09-16 11:16:05.511072+00:00,0.00037250509592786296,False
2025-09-16 11:16:05.511072+00:00,0.0,False
2025-09-17 05:28:27.174720+00:00,0.0004580863791715567,False
2025-09-17 05:28:27.174720+00:00,0.0,False
2025-09-17 22:01:30.480096+00:00,6.958279740866633e-05,False
2025-09-17 22:01:30.480096+00:00,0.0,False
2025-09-18 04:38:43.800864+00:00,3.4521976069817125e-05,False
2025-09-18 04:38:43.800864+00:00,0.0,False
2025-09-18 21:11:47.095008+00:00,0.00024475205655690347,False
2025-09-18 21:11:47.095008+00:00,0.0,False
2025-09-19 05:28:18.740352+00:00,7.458391128718756e-05,False
2025-09-19 05:28:18.740352+00:00,0.0,False
2025-09-19 13:44:50.375328+00:00,4.583210255633505e-05,False
2025-09-19 13:44:50.375328+00:00,0.0,False
2025-09-19 22:01:22.011168+00:00,-0.00012728817203734144,False
2025-09-19 22:01:22.011168+00:00,0.0,False
2025-09-20 01:19:58.665504+00:00,8.494576766284877e-05,False
2025-09-20 01:19:58.665504+00:00,0.0,False
2025-09-20 21:11:38.567328+00:00,-0.0006035636665951746,False
2025-09-20 21:11:38.567328+00:00,-9.094947017729282e-13,False
2025-09-21 05:28:10.185888+00:00,-0.0004981886156596951,False
2025-09-21 05:28:10.185888+00:00,0.0,False
2025-09-21 13:44:41.790624+00:00,-4.2951074579907086e-05,False
2025-09-21 13:44:41.790624+00:00,0.0,False
2025-09-22 04:38:26.679840+00:00,-0.0005545069885462153,False
2025-09-22 04:38:26.679840+00:00,0.0,False
2025-09-22 12:54:58.265568+00:00,0.0001479598464458942,False
2025-09-22 12:54:58.265568+00:00,0.0,False
2025-09-22 19:32:11.529312+00:00,-0.00019692393019715725,False
2025-09-22 19:32:11.529312+00:00,-9.094947017729282e-13,False
2025-09-23 03:48:43.104672+00:00,-0.001623405448958204,False
2025-09-23 03:48:43.104672+00:00,0.0,False
2025-09-23 22:01:04.541088+00:00,0.00015559045946128862,False
2025-09-23 22:01:04.541088+00:00,0.0,False
2025-09-24 06:17:36.095712+00:00,-0.00021738116626257966,False
2025-09-24 06:17:36.095712+00:00,-1.8189894035458565e-12,False
2025-09-24 22:50:39.175584+00:00,-0.0006514451443880491,False
2025-09-24 22:50:39.175584+00:00,0.0,False
2025-09-25 05:27:52.393536+00:00,-0.0006387285809470799,False
2025-09-25 05:27:52.393536+00:00,0.0,False
2025-09-25 22:00:55.425888+00:00,-0.00014475009355173008,False
2025-09-25 22:00:55.425888+00:00,0.0,False
2025-09-26 06:17:26.932128+00:00,-0.0004135166666189166,False
2025-09-26 06:17:26.932128+00:00,9.094947017729282e-13,False
2025-09-26 21:11:11.618304+00:00,-0.00029381671813681533,False
2025-09-26 21:11:11.618304+00:00,0.0,False
2025-09-27 05:27:43.102080+00:00,-0.00072795627206492,False
2025-09-27 05:27:43.102080+00:00,0.0,False
2025-09-27 12:04:56.283744+00:00,-0.0007484276466905295,False
2025-09-27 12:04:56.283744+00:00,0.0,False
2025-09-27 20:21:27.740736+00:00,-3.1829063366581984e-05,False
2025-09-27 20:21:27.740736+00:00,0.0,False
2025-09-28 04:37:59.196000+00:00,-0.000796834904225401,False
2025-09-28 04:37:59.196000+00:00,0.0,False
2025-09-28 21:11:02.078880+00:00,-0.000742988446268137,False
2025-09-28 21:11:02.078880+00:00,0.0,False
2025-09-29 05:27:33.514272+00:00,1.3045026838956345e-06,False
2025-09-29 05:27:33.514272+00:00,0.0,False
2025-09-29 17:02:41.477856+00:00,-0.00170163331343536,False
2025-09-29 17:02:41.477856+00:00,0.0,False
2025-09-29 22:00:36.316800+00:00,0.0008075555123479588,False
2025-09-29 22:00:36.316800+00:00,0.0,False
2025-09-30 02:58:31.154880+00:00,5.2457079333333633e-05,False
2025-09-30 02:58:31.154880+00:00,0.0,False
2025-09-30 02:58:31.155744+00:00,4.8592150834122794e-11,False
2025-09-30 02:58:31.155744+00:00,0.0,False
2025-09-30 11:15:02.503872+00:00,-0.0019112792579288346,False
2025-09-30 11:15:02.503872+00:00,9.094947017729282e-13,False
2025-09-30 14:33:39.055392+00:00,0.00018463291614247536,False
2025-09-30 14:33:39.055392+00:00,9.094947017729282e-13,False
2025-09-30 17:52:15.606048+00:00,0.0004132808923008256,False
2025-09-30 17:52:15.606048+00:00,0.0,False
2025-10-01 03:48:05.236416+00:00,0.0006039913089884133,False
2025-10-01 03:48:05.236416+00:00,0.0,False
2025-10-01 12:04:36.562080+00:00,-0.0023066672143739852,False
2025-10-01 12:04:36.562080+00:00,0.0,False
2025-10-01 15:23:13.092000+00:00,-0.00016303976629525297,False
2025-10-01 15:23:13.092000+00:00,0.0,False
2025-10-01 22:00:26.147520+00:00,0.0001737233915690441,False
2025-10-01 22:00:26.147520+00:00,0.0,False
2025-10-02 04:37:39.201312+00:00,0.0004942467289183064,False
2025-10-02 04:37:39.201312+00:00,0.0,False
2025-10-02 14:33:28.766016+00:00,-0.001232503850016639,False
2025-10-02 14:33:28.766016+00:00,0.0,False
2025-10-02 16:12:47.024064+00:00,-4.914547465328695e-05,False
2025-10-02 16:12:47.024064+00:00,0.0,False
2025-10-02 21:10:41.808576+00:00,0.001245652421956174,False
2025-10-02 21:10:41.808576+00:00,0.0,False
2025-10-03 05:27:13.075488+00:00,-0.0015021667974421638,False
2025-10-03 05:27:13.075488+00:00,0.0,False
2025-10-03 15:23:02.633280+00:00,0.00011405518672832687,False
2025-10-03 15:23:02.633280+00:00,0.0,False
2025-10-04 19:31:12.880128+00:00,0.0009754175051885552,False
2025-10-04 19:31:12.880128+00:00,-9.094947017729282e-13,False
2025-10-05 03:47:44.122848+00:00,0.00025069289046034875,False
2025-10-05 03:47:44.122848+00:00,9.094947017729282e-13,False
2025-10-05 10:24:57.104064+00:00,-0.00022479815832994042,False
2025-10-05 10:24:57.104064+00:00,0.0,False
2025-10-06 04:37:17.787072+00:00,-0.0003835248651307202,False
2025-10-06 04:37:17.787072+00:00,0.0,False
2025-10-06 11:14:30.757056+00:00,-0.00024501624272326404,False
2025-10-06 11:14:30.757056+00:00,9.094947017729282e-13,False
2025-10-06 12:53:48.998688+00:00,-0.00010950155681405555,False
2025-10-06 12:53:48.998688+00:00,0.0,False
2025-10-06 22:49:38.436384+00:00,-0.00014870603648275223,False
2025-10-06 22:49:38.436384+00:00,0.0,False
2025-10-07 05:26:51.396000+00:00,-0.00023057990827257972,False
2025-10-07 05:26:51.396000+00:00,0.0,False
2025-10-07 15:22:40.825920+00:00,-0.0003163943214864474,False
2025-10-07 15:22:40.825920+00:00,0.0,False
2025-10-07 18:41:17.284992+00:00,-0.00046930667674467165,False
2025-10-07 18:41:17.284992+00:00,0.0,False
2025-10-07 21:59:53.758752+00:00,-7.155888475820593e-06,False
2025-10-07 21:59:53.758752+00:00,0.0,False
2025-10-08 04:37:06.707136+00:00,0.00018361117909443652,False
2025-10-08 04:37:06.707136+00:00,0.0,False
2025-10-08 06:16:24.941856+00:00,-4.3177260689262423e-05,False
2025-10-08 06:16:24.941856+00:00,0.0,False
2025-10-08 11:14:19.646016+00:00,-0.00023368629442473105,False
2025-10-08 11:14:19.646016+00:00,0.0,False
2025-10-08 14:32:56.113728+00:00,-0.00010651315737792279,False
2025-10-08 14:32:56.113728+00:00,0.0,False
2025-10-08 19:30:50.809248+00:00,-8.566171713233404e-05,False
2025-10-08 19:30:50.809248+00:00,0.0,False
2025-10-08 22:49:27.274368+00:00,-7.425020842554808e-05,False
2025-10-08 22:49:27.274368+00:00,0.0,False
2025-10-09 03:47:21.969024+00:00,-0.00021674279928192138,False
2025-10-09 03:47:21.969024+00:00,1.8189894035458565e-12,False
2025-10-09 05:26:40.211520+00:00,0.000332500564839288,False
2025-10-09 05:26:40.211520+00:00,0.0,False
2025-10-09 13:43:11.369568+00:00,-0.0004729964672086852,False
2025-10-09 13:43:11.369568+00:00,0.0,False
2025-10-09 15:22:29.599968+00:00,-6.335780887374618e-05,False
2025-10-09 15:22:29.599968+00:00,-9.094947017729282e-13,False
2025-10-09 18:41:06.059040+00:00,0.00010579267536953713,False
2025-10-09 18:41:06.059040+00:00,0.0,False
2025-10-09 21:59:42.522432+00:00,8.463835637737843e-05,False
2025-10-09 21:59:42.522432+00:00,-9.094947017729282e-13,False
2025-10-10 04:36:55.437120+00:00,-0.0007667328545225087,False
2025-10-10 04:36:55.437120+00:00,0.0,False
2025-10-10 06:16:13.663200+00:00,-0.00013978111022841863,False
2025-10-10 06:16:13.663200+00:00,-9.094947017729282e-13,False
2025-10-10 11:14:08.350080+00:00,0.00017707562928745706,False
2025-10-10 11:14:08.350080+00:00,0.0,False
2025-10-10 19:30:39.489120+00:00,-0.00016276806959598293,False
2025-10-10 19:30:39.489120+00:00,0.0,False
2025-10-10 22:49:15.943008+00:00,-3.337819090954604e-05,False
2025-10-10 22:49:15.943008+00:00,0.0,False
2025-10-11 03:47:10.622112+00:00,-0.000529353561807906,False
2025-10-11 03:47:10.622112+00:00,0.0,False
2025-10-11 05:26:28.847328+00:00,-1.3077621520759673e-05,False
2025-10-11 05:26:28.847328+00:00,9.094947017729282e-13,False
2025-10-11 21:59:31.082208+00:00,-0.0006215913606852756,False
2025-10-11 21:59:31.082208+00:00,0.0,False
2025-10-12 06:16:02.185824+00:00,-0.0005208362740162177,False
2025-10-12 06:16:02.185824+00:00,0.0,False
2025-10-12 14:32:33.288576+00:00,0.0001906026628415194,False
2025-10-12 14:32:33.288576+00:00,0.0,False
2025-10-12 22:49:04.380096+00:00,-0.000529216592892288,False
2025-10-12 22:49:04.380096+00:00,0.0,False
2025-10-13 07:05:35.461248+00:00,-0.0003060020406053835,False
2025-10-13 07:05:35.461248+00:00,0.0,False
2025-10-13 13:42:48.323232+00:00,0.0002103958876544,False
2025-10-13 13:42:48.323232+00:00,0.0,False
2025-10-13 21:59:19.409568+00:00,0.00013659882095629343,False
2025-10-13 21:59:19.409568+00:00,0.0,False
2025-10-14 06:15:50.481216+00:00,-0.00048469008142542724,False
2025-10-14 06:15:50.481216+00:00,0.0,False
2025-10-14 21:09:34.401024+00:00,-2.1887598483008976e-05,False
2025-10-14 21:09:34.401024+00:00,0.0,False
2025-10-15 15:21:54.707328+00:00,-0.00033416009985045496,False
2025-10-15 15:21:54.707328+00:00,-9.094947017729282e-13,False
2025-10-15 20:19:49.338048+00:00,-0.0007988286718843568,False
2025-10-15 20:19:49.338048+00:00,0.0,False
2025-10-15 21:59:07.545120+00:00,-4.1007434881610536e-05,False
2025-10-15 21:59:07.545120+00:00,0.0,False
2025-10-16 04:36:20.382048+00:00,0.0011364396543467746,False
2025-10-16 04:36:20.382048+00:00,0.0,False
2025-10-16 14:32:09.619296+00:00,-0.00041113659515731014,False
2025-10-16 14:32:09.619296+00:00,0.0,False
2025-10-16 22:48:40.632192+00:00,-0.0012400731884263517,False
2025-10-16 22:48:40.632192+00:00,0.0,False
2025-10-17 03:46:35.267232+00:00,0.0010203102040447362,False
2025-10-17 03:46:35.267232+00:00,0.0,False
2025-10-17 05:25:53.470848+00:00,-5.6186229296499736e-05,False
2025-10-17 05:25:53.470848+00:00,0.0,False
2025-10-17 17:01:00.882336+00:00,-0.00020868181229582831,False
2025-10-17 17:01:00.882336+00:00,0.0,False
2025-10-17 18:40:19.083360+00:00,-0.00018727526491253303,False
2025-10-17 18:40:19.083360+00:00,0.0,False
2025-10-17 21:58:55.483680+00:00,-7.095717280599333e-05,False
2025-10-17 21:58:55.483680+00:00,-9.094947017729282e-13,False
2025-10-18 04:36:08.300736+00:00,0.00036514295611223175,False
2025-10-18 04:36:08.300736+00:00,1.8189894035458565e-12,False
2025-10-18 06:15:26.502624+00:00,8.600098541007993e-05,False
2025-10-18 06:15:26.502624+00:00,0.0,False
2025-10-18 22:48:28.465344+00:00,-0.0005843712518288158,False
2025-10-18 22:48:28.465344+00:00,0.0,False
2025-10-19 07:04:59.425536+00:00,-0.0011417402717441487,False
2025-10-19 07:04:59.425536+00:00,9.094947017729282e-13,False
2025-10-19 21:58:43.163040+00:00,2.7236817499709997e-05,False
2025-10-19 21:58:43.163040+00:00,0.0,False
2025-10-20 04:35:55.925664+00:00,-0.0005539443104051757,False
2025-10-20 04:35:55.925664+00:00,9.094947017729282e-13,False
2025-10-20 06:15:14.112864+00:00,-0.00022418722187052002,False
2025-10-20 06:15:14.112864+00:00,0.0,False
2025-10-20 14:31:45.060096+00:00,0.00018587878474694603,False
2025-10-20 14:31:45.060096+00:00,1.8189894035458565e-12,False
2025-10-20 22:48:16.000416+00:00,-0.00014046280065136189,False
2025-10-20 22:48:16.000416+00:00,0.0,False
2025-10-21 15:21:17.846496+00:00,-0.0007439271487519972,False
2025-10-21 15:21:17.846496+00:00,9.094947017729282e-13,False
2025-10-21 18:39:54.207936+00:00,-0.00021107007169826456,False
2025-10-21 18:39:54.207936+00:00,0.0,False
2025-10-21 21:58:30.579744+00:00,0.0004114316247803487,False
2025-10-21 21:58:30.579744+00:00,0.0,False
2025-10-22 04:35:43.307808+00:00,-8.622387579963091e-05,False
2025-10-22 04:35:43.307808+00:00,0.0,False
2025-10-22 06:15:01.488960+00:00,-0.00010380443022720653,False
2025-10-22 06:15:01.488960+00:00,0.0,False
2025-10-22 11:12:56.041056+00:00,-0.0001841908202807187,False
2025-10-22 11:12:56.041056+00:00,9.094947017729282e-13,False
2025-10-22 17:50:08.757024+00:00,-0.000620549386771206,False
2025-10-22 17:50:08.757024+00:00,0.0,False
2025-10-22 21:08:45.108096+00:00,0.00011935432458479585,False
2025-10-22 21:08:45.108096+00:00,9.094947017729282e-13,False
2025-10-23 03:45:57.818016+00:00,-0.00029401099112997067,False
2025-10-23 03:45:57.818016+00:00,0.0,False
2025-10-23 15:21:05.050656+00:00,-0.0007401018667726483,False
2025-10-23 15:21:05.050656+00:00,9.094947017729282e-13,False
2025-10-23 15:21:05.051520+00:00,1.725077570026318e-11,False
2025-10-23 15:21:05.051520+00:00,-9.094947017729282e-13,False
2025-10-23 21:58:17.748480+00:00,-0.0002660532402406852,False
2025-10-23 21:58:17.748480+00:00,0.0,False
2025-10-24 06:14:48.609312+00:00,-0.0006544503343088762,False
2025-10-24 06:14:48.609312+00:00,0.0,False
2025-10-24 17:49:55.809984+00:00,-0.0002511075249434535,False
2025-10-24 17:49:55.809984+00:00,0.0,False
2025-10-24 19:29:13.980768+00:00,3.227862972466535e-05,False
2025-10-24 19:29:13.980768+00:00,0.0,False
2025-10-24 22:47:50.322336+00:00,-0.00010401456037186944,False
2025-10-24 22:47:50.322336+00:00,0.0,False
2025-10-25 03:45:44.828640+00:00,-0.00041685484675529905,False
2025-10-25 03:45:44.828640+00:00,0.0,False
2025-10-25 05:25:02.997696+00:00,-5.580647222608675e-05,False
2025-10-25 05:25:02.997696+00:00,0.0,False
2025-10-25 12:02:15.672192+00:00,-5.3865145339527035e-05,False
2025-10-25 12:02:15.672192+00:00,0.0,False
2025-10-25 18:39:28.338912+00:00,0.00012453696463749246,False
2025-10-25 18:39:28.338912+00:00,0.0,False
2025-10-25 21:58:04.680480+00:00,0.00011656824977813418,False
2025-10-25 21:58:04.680480+00:00,0.0,False
2025-10-26 04:35:17.354976+00:00,-0.00045037085265224716,False
2025-10-26 04:35:17.354976+00:00,9.094947017729282e-13,False
2025-10-26 06:14:35.520576+00:00,-8.323675283195036e-05,False
2025-10-26 06:14:35.520576+00:00,0.0,False
2025-10-26 11:12:30.011328+00:00,-6.499728030834523e-05,False
2025-10-26 11:12:30.011328+00:00,0.0,False
2025-10-26 19:29:00.834144+00:00,-0.0003953954251573928,False
2025-10-26 19:29:00.834144+00:00,-9.094947017729282e-13,False
2025-10-26 22:47:37.161024+00:00,-0.00011174220199854033,False
2025-10-26 22:47:37.161024+00:00,0.0,False
2025-10-27 03:45:31.657824+00:00,-0.00034197804730436913,False
2025-10-27 03:45:31.657824+00:00,0.0,False
2025-10-27 05:24:49.820832+00:00,-0.00010837621283217091,False
2025-10-27 05:24:49.820832+00:00,0.0,False
2025-10-27 12:02:02.465088+00:00,9.791057601453575e-05,False
2025-10-27 12:02:02.465088+00:00,9.094947017729282e-13,False
2025-10-27 20:18:33.268032+00:00,-0.0004382818351662658,False
2025-10-27 20:18:33.268032+00:00,0.0,False
2025-10-27 21:57:51.428448+00:00,1.42387952330604e-05,False
2025-10-27 21:57:51.428448+00:00,-9.094947017729282e-13,False
2025-10-28 12:51:34.867008+00:00,-0.00011446838580374567,False
2025-10-28 12:51:34.867008+00:00,9.094947017729282e-13,False
2025-10-29 07:03:54.591840+00:00,-0.00031170960899458097,False
2025-10-29 07:03:54.591840+00:00,0.0,False
2025-10-29 12:01:49.061856+00:00,0.00030928183424056233,False
2025-10-29 12:01:49.061856+00:00,0.0,False
2025-10-29 21:57:37.982880+00:00,1.693423039348795e-05,False
2025-10-29 21:57:37.982880+00:00,0.0,False
2025-10-30 06:14:08.744352+00:00,-0.0001317415313685828,False
2025-10-30 06:14:08.744352+00:00,0.0,False
2025-10-30 19:28:33.943008+00:00,-0.0004476362893966741,False
2025-10-30 19:28:33.943008+00:00,0.0,False
2025-10-30 21:07:52.092192+00:00,-7.86862896169177e-06,False
2025-10-30 21:07:52.092192+00:00,-1.8189894035458565e-12,False
2025-10-31 05:24:22.841568+00:00,0.00030141430503513665,False
2025-10-31 05:24:22.841568+00:00,-9.094947017729282e-13,False
2025-10-31 15:20:11.723712+00:00,-0.00029063253170144294,False
2025-10-31 15:20:11.723712+00:00,0.0,False
2025-10-31 18:38:48.016896+00:00,-1.0903075672025761e-05,False
2025-10-31 18:38:48.016896+00:00,0.0,False
2025-11-01 12:51:07.619040+00:00,-2.0335238255488703e-05,False
2025-11-01 12:51:07.619040+00:00,0.0,False
2025-11-02 05:24:09.047808+00:00,5.7250875613371315e-05,False
2025-11-02 05:24:09.047808+00:00,0.0,False
2025-11-02 12:01:21.614304+00:00,-2.7890733410031957e-06,False
2025-11-02 12:01:21.614304+00:00,0.0,False
2025-11-03 19:28:06.250080+00:00,-7.085503616778609e-05,False
2025-11-03 19:28:06.250080+00:00,0.0,False
2025-11-03 22:46:42.519936+00:00,-0.0003240142712370666,False
2025-11-03 22:46:42.519936+00:00,0.0,False
2025-11-04 03:44:36.926016+00:00,-1.0214954753588019e-05,False
2025-11-04 03:44:36.926016+00:00,-9.094947017729282e-13,False
2025-11-04 05:23:55.064832+00:00,7.038820826695571e-05,False
2025-11-04 05:23:55.064832+00:00,0.0,False
2025-11-04 12:01:07.605408+00:00,6.269660611038725e-05,False
2025-11-04 12:01:07.605408+00:00,0.0,False
2025-11-04 13:40:25.740768+00:00,5.405919542813046e-05,False
2025-11-04 13:40:25.740768+00:00,0.0,False
2025-11-04 18:38:20.145120+00:00,8.829992529116608e-05,False
2025-11-04 18:38:20.145120+00:00,0.0,False
2025-11-04 21:56:56.409792+00:00,7.755201898503749e-05,False
2025-11-04 21:56:56.409792+00:00,9.094947017729282e-13,False
2025-11-05 04:34:08.941728+00:00,5.719520678526275e-05,False
2025-11-05 04:34:08.941728+00:00,0.0,False
2025-11-05 22:46:28.382304+00:00,-0.0005575920788127393,False
2025-11-05 22:46:28.382304+00:00,0.0,False
2025-11-06 05:23:40.889184+00:00,-0.0005067082708496321,False
2025-11-06 05:23:40.889184+00:00,-9.094947017729282e-13,False
2025-11-06 16:58:47.771040+00:00,-0.00011306094255192595,False
2025-11-06 16:58:47.771040+00:00,-9.094947017729282e-13,False
2025-11-06 18:38:05.897760+00:00,6.409819032659857e-05,False
2025-11-06 18:38:05.897760+00:00,0.0,False
2025-11-06 21:56:42.158112+00:00,0.0011448359384353692,False
2025-11-06 21:56:42.158112+00:00,0.0,False
2025-11-07 04:33:54.658080+00:00,0.0002725758556279697,False
2025-11-07 04:33:54.658080+00:00,0.0,False
2025-11-07 06:13:12.769248+00:00,-0.0012885889275668636,False
2025-11-07 06:13:12.769248+00:00,-9.094947017729282e-13,False
2025-11-07 19:27:37.744128+00:00,0.00021591208590875577,False
2025-11-07 19:27:37.744128+00:00,-1.3049839253653772e-05,False
2025-11-07 19:27:37.744128+00:00,1.3049839253653772e-05,False
2025-11-08 03:44:08.349216+00:00,0.0005250028237079275,False
2025-11-08 03:44:08.349216+00:00,0.0,False
2025-11-08 05:23:26.467296+00:00,-0.00024426674202204893,False
2025-11-08 05:23:26.467296+00:00,1.8189894035458565e-12,False
2025-11-08 12:00:38.943072+00:00,0.00032466257091802887,False
2025-11-08 12:00:38.943072+00:00,0.0,False
2025-11-08 18:37:51.394656+00:00,-0.000442202907006952,False
2025-11-08 18:37:51.394656+00:00,0.0,False
2025-11-10 21:56:12.913440+00:00,0.00031833381180474806,False
2025-11-10 21:56:12.913440+00:00,0.0,False
2025-11-11 06:12:43.443360+00:00,-0.0015189049909644006,False
2025-11-11 06:12:43.443360+00:00,0.0,False
2025-11-12 07:02:14.948448+00:00,-0.0028013841983005727,False
2025-11-12 07:02:14.948448+00:00,0.0,False
2025-11-12 18:37:21.611712+00:00,0.0014989424879776237,False
2025-11-12 18:37:21.611712+00:00,0.0,False
2025-11-12 21:55:57.792576+00:00,-0.0012561658492964952,False
2025-11-12 21:55:57.792576+00:00,0.0,False
2025-11-13 04:33:10.160352+00:00,1.2496662896597501e-05,False
2025-11-13 04:33:10.160352+00:00,9.094947017729282e-13,False
2025-11-13 06:12:28.231776+00:00,-0.0003521856006635413,False
2025-11-13 06:12:28.231776+00:00,-9.094947017729282e-13,False
2025-11-13 12:49:40.577088+00:00,-0.0006752291378232193,False
2025-11-13 12:49:40.577088+00:00,9.094947017729282e-13,False
2025-11-13 16:08:16.750176+00:00,-0.00012765367405725525,False
2025-11-13 16:08:16.750176+00:00,0.0,False
2025-11-13 19:26:52.924128+00:00,-7.5315325944605785e-06,False
2025-11-13 19:26:52.924128+00:00,0.0,False
2025-11-13 22:45:29.085984+00:00,-0.001060167614595368,False
2025-11-13 22:45:29.085984+00:00,0.0,False
2025-11-14 07:01:59.552832+00:00,0.0019823786845522143,False
2025-11-14 07:01:59.552832+00:00,0.0,False
2025-11-14 16:57:48.059136+00:00,-0.00025705347213447077,False
2025-11-14 16:57:48.059136+00:00,0.0,False
2025-11-14 18:37:06.140928+00:00,-9.2898163231784e-05,False
2025-11-14 18:37:06.140928+00:00,0.0,False
2025-11-15 11:10:06.955392+00:00,-0.0016028994285093555,False
2025-11-15 11:10:06.955392+00:00,0.0,False
2025-11-15 19:26:37.341024+00:00,-0.0007466642678988832,False
2025-11-15 19:26:37.341024+00:00,0.0,False
2025-11-16 05:22:25.787712+00:00,-0.0008483916753832506,False
2025-11-16 05:22:25.787712+00:00,0.0,False
2025-11-16 11:59:38.082912+00:00,-0.00044870632106264326,False
2025-11-16 11:59:38.082912+00:00,0.0,False
2025-11-16 15:18:14.234400+00:00,-0.00012354491522119653,False
2025-11-16 15:18:14.234400+00:00,0.0,False
2025-11-16 18:36:50.378112+00:00,-0.00024043354921479362,False
2025-11-16 18:36:50.378112+00:00,0.0,False
2025-11-17 06:11:56.872896+00:00,-0.0006944866688058623,False
2025-11-17 06:11:56.872896+00:00,0.0,False
2025-11-17 11:09:51.081120+00:00,-0.00021658182021306997,False
2025-11-17 11:09:51.081120+00:00,0.0,False
2025-11-17 14:28:27.226560+00:00,0.00031790454721984895,False
2025-11-17 14:28:27.226560+00:00,0.0,False
2025-11-17 19:26:21.431328+00:00,-0.00033299421897368573,False
2025-11-17 19:26:21.431328+00:00,0.0,False
2025-11-18 03:42:51.777216+00:00,0.00033481027988355974,False
2025-11-18 03:42:51.777216+00:00,0.0,False
2025-11-18 10:20:04.036992+00:00,-0.000667731547508743,False
2025-11-18 10:20:04.036992+00:00,0.0,False
2025-11-18 18:36:34.371648+00:00,-0.00019350528670978,False
2025-11-18 18:36:34.371648+00:00,0.0,False
2025-11-18 21:55:10.505856+00:00,0.00038632293504076696,False
2025-11-18 21:55:10.505856+00:00,-9.094947017729282e-13,False
2025-11-19 04:32:22.767360+00:00,-0.00031150863918730546,False
2025-11-19 04:32:22.767360+00:00,9.094947017729282e-13,False
2025-11-19 14:28:11.154432+00:00,-0.0006075631300339857,False
2025-11-19 14:28:11.154432+00:00,0.0,False
2025-11-19 17:46:47.280864+00:00,-0.00012232539886015297,False
2025-11-19 17:46:47.280864+00:00,0.0,False
2025-11-19 22:44:41.474400+00:00,0.0002173617574797746,False
2025-11-19 22:44:41.474400+00:00,-9.094947017729282e-13,False
2025-11-20 05:21:53.725536+00:00,-0.0004954227669632895,False
2025-11-20 05:21:53.725536+00:00,0.0,False
2025-11-20 18:36:18.221760+00:00,-0.00033501666752334166,False
2025-11-20 18:36:18.221760+00:00,9.094947017729282e-13,False
2025-11-20 18:36:18.223488+00:00,0.0001631204172396949,False
2025-11-20 18:36:18.223488+00:00,-9.094947017729282e-13,False
2025-11-21 04:32:06.590688+00:00,-1.4560348674210757e-05,False
2025-11-21 04:32:06.590688+00:00,0.0,False
2025-11-21 12:48:36.876096+00:00,-0.0007583465215044279,False
2025-11-21 12:48:36.876096+00:00,0.0,False
2025-11-21 19:25:49.109088+00:00,-0.00013552348784301292,False
2025-11-21 19:25:49.109088+00:00,0.0,False
2025-11-22 02:03:01.341216+00:00,-8.287146948047038e-05,False
2025-11-22 02:03:01.341216+00:00,-9.094947017729282e-13,False
2025-11-22 10:19:31.617984+00:00,-0.0009133903919804245,False
2025-11-22 10:19:31.617984+00:00,0.0,False
2025-11-22 11:58:49.681632+00:00,0.00048390311327305683,False
2025-11-22 11:58:49.681632+00:00,1.8189894035458565e-12,False
2025-11-22 18:36:01.905120+00:00,-7.227773171022072e-05,False
2025-11-22 18:36:01.905120+00:00,0.0,False
2025-11-23 02:52:32.182752+00:00,-0.00012427518541219382,False
2025-11-23 02:52:32.182752+00:00,-9.094947017729282e-13,False
2025-11-23 04:31:50.233440+00:00,-0.00032109646247419044,False
2025-11-23 04:31:50.233440+00:00,0.0,False
2025-11-23 11:09:02.450016+00:00,-6.992917708516808e-06,False
2025-11-23 11:09:02.450016+00:00,-9.094947017729282e-13,False
2025-11-23 17:46:14.671776+00:00,0.00018872123622399857,False
2025-11-23 17:46:14.671776+00:00,0.0,False
2025-11-24 02:02:44.931264+00:00,-0.0006469948072326771,False
2025-11-24 02:02:44.931264+00:00,0.0,False
2025-11-24 05:21:21.036960+00:00,0.00012226975374770866,False
2025-11-24 05:21:21.036960+00:00,0.0,False
2025-11-24 08:39:57.139200+00:00,-5.411176931257656e-05,False
2025-11-24 08:39:57.139200+00:00,0.0,False
2025-11-24 16:56:27.392640+00:00,-0.00021051318564691923,False
2025-11-24 16:56:27.392640+00:00,-9.094947017729282e-13,False
2025-11-24 21:54:21.536064+00:00,-0.0005264722747312276,False
2025-11-24 21:54:21.536064+00:00,0.0,False
2025-11-25 02:52:15.682080+00:00,-4.5828666546773704e-05,False
2025-11-25 02:52:15.682080+00:00,-9.094947017729282e-13,False
2025-11-25 06:10:51.784320+00:00,-1.6812938086530928e-06,False
2025-11-25 06:10:51.784320+00:00,0.0,False
2025-11-25 11:08:45.927744+00:00,-1.3031455378452277e-05,False
2025-11-25 11:08:45.927744+00:00,-9.094947017729282e-13,False
2025-11-25 19:25:16.163040+00:00,2.746791836083604e-05,False
2025-11-25 19:25:16.163040+00:00,0.0,False
2025-11-25 22:43:52.258368+00:00,4.822931913088746e-05,False
2025-11-25 22:43:52.258368+00:00,0.0,False
2025-11-26 03:41:46.394880+00:00,-0.0001215145015426828,False
2025-11-26 03:41:46.394880+00:00,0.0,False
2025-11-26 08:39:40.538304+00:00,-9.523233789513391e-05,False
2025-11-26 08:39:40.538304+00:00,-9.094947017729282e-13,False
2025-11-26 11:58:16.630176+00:00,-1.6752057020605826e-05,False
2025-11-26 11:58:16.630176+00:00,0.0,False
2025-11-26 18:35:28.805280+00:00,-0.00010734743625743408,False
2025-11-26 18:35:28.805280+00:00,0.0,False
2025-11-26 21:54:04.895424+00:00,0.00021993829188185986,False
2025-11-26 21:54:04.895424+00:00,9.094947017729282e-13,False
2025-11-27 04:31:17.068800+00:00,-6.050901764211817e-05,False
2025-11-27 04:31:17.068800+00:00,9.094947017729282e-13,False
2025-11-27 06:10:35.120352+00:00,0.00027897421421384575,False
2025-11-27 06:10:35.120352+00:00,9.094947017729282e-13,False
2025-11-27 22:43:35.539968+00:00,-0.0002862884053413165,False
2025-11-27 22:43:35.539968+00:00,0.0,False
2025-11-28 03:41:29.661792+00:00,7.314673674653797e-05,False
2025-11-28 03:41:29.661792+00:00,0.0,False
2025-11-28 15:16:35.950944+00:00,0.0004736278822749149,False
2025-11-28 15:16:35.950944+00:00,0.0,False
2025-11-28 18:35:12.029856+00:00,2.9894977707248314e-05,False
2025-11-28 18:35:12.029856+00:00,-9.094947017729282e-13,False
2025-11-29 04:31:00.259680+00:00,-0.00027575823031745984,False
2025-11-29 04:31:00.259680+00:00,-1.8189894035458565e-12,False
2025-11-29 06:10:18.303456+00:00,0.0003489348374453527,False
2025-11-29 06:10:18.303456+00:00,0.0,False
2025-11-29 19:24:42.607008+00:00,0.0002835120524271905,False
2025-11-29 19:24:42.607008+00:00,0.0,False
2025-11-30 03:41:12.785280+00:00,-0.0005536358403787639,False
2025-11-30 03:41:12.785280+00:00,0.0,False
2025-11-30 11:57:42.965280+00:00,0.0007411985362635039,False
2025-11-30 11:57:42.965280+00:00,0.0,False
2025-11-30 15:16:19.035552+00:00,2.4690129744158677e-05,False
2025-11-30 15:16:19.035552+00:00,0.0,False
2025-11-30 18:34:55.104960+00:00,0.0001409472449849879,False
2025-11-30 18:34:55.104960+00:00,0.0,False
2025-11-30 21:53:31.173504+00:00,-0.000204525442789171,False
2025-11-30 21:53:31.173504+00:00,0.0,False
2025-12-01 06:10:01.339680+00:00,-0.00025390614675628413,False
2025-12-01 06:10:01.339680+00:00,0.0,False
2025-12-01 11:07:55.439040+00:00,0.00020769581721915534,False
2025-12-01 11:07:55.439040+00:00,0.0,False
2025-12-01 14:26:31.513632+00:00,0.0006093427566572214,False
2025-12-01 14:26:31.513632+00:00,0.0,False
2025-12-01 19:24:25.612128+00:00,0.00027429557618707855,False
2025-12-01 19:24:25.612128+00:00,0.0,False
2025-12-02 03:40:55.762752+00:00,-0.00029696899372815477,False
2025-12-02 03:40:55.762752+00:00,-9.094947017729282e-13,False
2025-12-02 05:20:13.797888+00:00,-0.0008626474846590618,False
2025-12-02 05:20:13.797888+00:00,0.0,False
2025-12-02 11:57:25.915104+00:00,0.0001296084593168232,False
2025-12-02 11:57:25.915104+00:00,0.0,False
2025-12-02 15:16:01.969824+00:00,0.0001728044522094056,False
2025-12-02 15:16:01.969824+00:00,0.0,False
2025-12-02 18:34:38.027136+00:00,9.488761993922375e-05,False
2025-12-02 18:34:38.027136+00:00,0.0,False
2025-12-03 04:30:26.194752+00:00,0.00020910360384866961,False
2025-12-03 04:30:26.194752+00:00,0.0,False
2025-12-03 07:49:02.255520+00:00,-0.0007013088197810626,False
2025-12-03 07:49:02.255520+00:00,0.0,False
2025-12-03 11:07:38.309376+00:00,0.00013800320779202104,False
2025-12-03 11:07:38.309376+00:00,0.0,False
2025-12-03 19:24:08.434080+00:00,0.00038479782500732687,False
2025-12-03 19:24:08.434080+00:00,0.0,False
2025-12-03 21:03:26.443296+00:00,-0.0017316095484298365,False
2025-12-03 21:03:26.443296+00:00,0.0,False
2025-12-04 03:40:38.523360+00:00,-2.0024969357981034e-05,False
2025-12-04 03:40:38.523360+00:00,0.0,False
2025-12-04 06:59:14.554752+00:00,-0.0003945376581182383,False
2025-12-04 06:59:14.554752+00:00,0.0,False
2025-12-04 15:15:44.658720+00:00,0.0010020589780451628,False
2025-12-04 15:15:44.658720+00:00,0.0,False
2025-12-04 15:15:44.659584+00:00,4.547934078574953e-11,False
2025-12-04 15:15:44.659584+00:00,0.0,False
2025-12-04 18:34:20.696160+00:00,0.00011877927579840815,False
2025-12-04 18:34:20.696160+00:00,0.0,False
2025-12-04 21:52:56.749152+00:00,0.0003325582245143866,False
2025-12-04 21:52:56.749152+00:00,0.0,False
2025-12-05 04:30:08.813664+00:00,0.00010734209910509378,False
2025-12-05 04:30:08.813664+00:00,0.0,False
2025-12-05 06:09:26.842752+00:00,0.0006607823183510692,False
2025-12-05 06:09:26.842752+00:00,0.0,False
2025-12-05 22:42:27.011808+00:00,0.0009386102873114623,False
2025-12-05 22:42:27.011808+00:00,0.0,False
2025-12-06 06:58:57.073440+00:00,-0.0008334873639678107,False
2025-12-06 06:58:57.073440+00:00,0.0,False
2025-12-06 15:15:27.132480+00:00,0.00046269444169623475,False
2025-12-06 15:15:27.132480+00:00,0.0,False
2025-12-06 21:52:39.180576+00:00,0.0007308194344946392,False
2025-12-06 21:52:39.180576+00:00,0.0,False
2025-12-07 06:09:09.230976+00:00,-0.00044642178356925593,False
2025-12-07 06:09:09.230976+00:00,0.0,False
2025-12-07 22:42:09.312768+00:00,0.0011219840023932695,False
2025-12-07 22:42:09.312768+00:00,0.0,False
2025-12-08 06:58:39.347616+00:00,-0.001959320090061432,False
2025-12-08 06:58:39.347616+00:00,0.0,False
2025-12-08 15:15:09.361728+00:00,-0.0006598550059467608,False
2025-12-08 15:15:09.361728+00:00,9.094947017729282e-13,False
2025-12-08 18:33:45.363744+00:00,-0.00012541848629102478,False
2025-12-08 18:33:45.363744+00:00,0.0,False
2025-12-08 21:52:21.382176+00:00,0.002335690248163785,False
2025-12-08 21:52:21.382176+00:00,0.0,False
2025-12-09 04:29:33.392256+00:00,-0.00015220647872767653,False
2025-12-09 04:29:33.392256+00:00,-9.094947017729282e-13,False
2025-12-09 06:08:51.391104+00:00,-0.0017629012161635676,False
2025-12-09 06:08:51.391104+00:00,0.0,False
2025-12-09 11:06:45.391104+00:00,-0.0001592838710462879,False
2025-12-09 11:06:45.391104+00:00,9.094947017729282e-13,False
2025-12-09 14:25:21.390528+00:00,0.00014551629011511265,False
2025-12-09 14:25:21.390528+00:00,0.0,False
2025-12-09 19:23:15.386208+00:00,-0.00011639747581782879,False
2025-12-09 19:23:15.386208+00:00,0.0,False
2025-12-10 03:39:45.385632+00:00,0.0010680220983694418,False
2025-12-10 03:39:45.385632+00:00,0.0,False
2025-12-10 06:58:21.382464+00:00,-0.0006066634676983771,False
2025-12-10 06:58:21.382464+00:00,0.0,False
2025-12-10 11:56:15.374688+00:00,5.662487143506779e-05,False
2025-12-10 11:56:15.374688+00:00,0.0,False
2025-12-10 15:14:51.366336+00:00,-0.00011581110336818012,False
2025-12-10 15:14:51.366336+00:00,0.0,False
2025-12-10 18:33:27.357984+00:00,4.8675794873826405e-05,False
2025-12-10 18:33:27.357984+00:00,0.0,False
2025-12-10 21:52:03.351360+00:00,0.0004243289889070007,False
2025-12-10 21:52:03.351360+00:00,-9.094947017729282e-13,False
2025-12-11 04:29:15.332064+00:00,0.00025866849357914726,False
2025-12-11 04:29:15.332064+00:00,0.0,False
2025-12-11 06:08:33.313632+00:00,-0.0010692000359868485,False
2025-12-11 06:08:33.313632+00:00,9.094947017729282e-13,False
2025-12-11 14:25:03.289728+00:00,0.0005250514607237449,False
2025-12-11 14:25:03.289728+00:00,-1.8189894035458565e-12,False
2025-12-12 00:20:51.241344+00:00,3.3126752903275174e-05,False
2025-12-12 00:20:51.241344+00:00,0.0,False
2025-12-12 03:39:27.220896+00:00,-8.052347011938265e-05,False
2025-12-12 03:39:27.220896+00:00,0.0,False
2025-12-12 06:58:03.197856+00:00,-0.0003414555945460903,False
2025-12-12 06:58:03.197856+00:00,0.0,False
2025-12-12 21:51:45.097632+00:00,-0.00011014149998648669,False
2025-12-12 21:51:45.097632+00:00,0.0,False
2025-12-13 06:08:15.027936+00:00,-0.0005832521785921406,False
2025-12-13 06:08:15.027936+00:00,0.0,False
2025-12-13 16:04:02.964000+00:00,0.0006546606228292599,False
2025-12-13 16:04:02.964000+00:00,0.0,False
2025-12-13 22:41:14.905824+00:00,0.00021802388097082268,False
2025-12-13 22:41:14.905824+00:00,0.0,False
2025-12-14 06:57:44.831808+00:00,-0.0002488148083121131,False
2025-12-14 06:57:44.831808+00:00,0.0,False
2025-12-14 21:51:26.699616+00:00,0.0008051141200220652,False
2025-12-14 21:51:26.699616+00:00,0.0,False
2025-12-15 07:47:14.601120+00:00,-0.0004312268763819138,False
2025-12-15 07:47:14.601120+00:00,0.0,False
2025-12-15 22:40:56.443872+00:00,-2.4425732972964127e-05,False
2025-12-15 22:40:56.443872+00:00,0.0,False
2025-12-16 06:57:26.355168+00:00,-0.0002752363689986991,False
2025-12-16 06:57:26.355168+00:00,0.0,False
2025-12-16 23:30:34.850592+00:00,0.798815763986211,False
2025-12-16 23:30:34.850592+00:00,0.0,False
2025-12-17 06:07:50.779776+00:00,-0.0004909971205981837,False
2025-12-17 06:07:50.779776+00:00,0.0,False
2025-12-17 09:26:28.749984+00:00,9.231606465160666e-05,False
2025-12-17 09:26:28.749984+00:00,0.0,False
2025-12-17 19:22:22.650240+00:00,0.00013661646944699765,False
2025-12-17 19:22:22.650240+00:00,-9.094947017729282e-13,False
2025-12-18 05:18:16.541856+00:00,-0.00015259906034527317,False
2025-12-18 05:18:16.541856+00:00,0.0,False
2025-12-18 15:14:10.438656+00:00,0.0002964189333997411,False
2025-12-18 15:14:10.438656+00:00,0.0,False
2025-12-18 21:51:26.366112+00:00,7.728319854779066e-05,False
2025-12-18 21:51:26.366112+00:00,0.0,False
2025-12-19 04:28:42.291840+00:00,3.778234880238312e-05,False
2025-12-19 04:28:42.291840+00:00,0.0,False
2025-12-19 14:24:36.181728+00:00,0.00038692420766819956,False
2025-12-19 14:24:36.181728+00:00,9.094947017729282e-13,False
2025-12-19 17:43:14.144160+00:00,4.8014878700046866e-05,False
2025-12-19 17:43:14.144160+00:00,0.0,False
2025-12-19 19:22:33.125376+00:00,4.0435512489145334e-05,False
2025-12-19 19:22:33.125376+00:00,0.0,False
2025-12-19 21:01:52.106592+00:00,6.023972662356957e-05,False
2025-12-19 21:01:52.106592+00:00,0.0,False
2025-12-20 03:39:08.028000+00:00,1.5512844847516568e-05,False
2025-12-20 03:39:08.028000+00:00,9.094947017729282e-13,False
2025-12-20 03:39:08.028864+00:00,1.344895244460025e-11,False
2025-12-20 03:39:08.028864+00:00,9.094947017729282e-13,False
2025-12-20 11:55:42.929760+00:00,-1.2764526095137142e-05,False
2025-12-20 11:55:42.929760+00:00,0.0,False
2025-12-20 13:35:01.911840+00:00,0.0001192168660010767,False
2025-12-20 13:35:01.911840+00:00,0.0,False
2025-12-20 18:32:58.850304+00:00,1.2717159511697017e-05,False
2025-12-20 18:32:58.850304+00:00,0.0,False
2025-12-20 21:51:36.810144+00:00,-2.8590778424044647e-05,False
2025-12-20 21:51:36.810144+00:00,-9.094947017729282e-13,False
2025-12-21 04:28:52.727232+00:00,7.25366272948293e-05,False
2025-12-21 04:28:52.727232+00:00,-9.094947017729282e-13,False
2025-12-21 06:08:11.704992+00:00,-0.0004231646795215285,False
2025-12-21 06:08:11.704992+00:00,0.0,False
2025-12-21 11:06:08.640864+00:00,8.700427007862625e-05,False
2025-12-21 11:06:08.640864+00:00,0.0,False
2025-12-21 11:06:08.641728+00:00,1.9005900287533034e-11,False
2025-12-21 11:06:08.641728+00:00,0.0,False
2025-12-21 19:22:43.533120+00:00,0.0002674529032644802,False
2025-12-21 19:22:43.533120+00:00,0.0,False
2025-12-22 03:39:18.413280+00:00,-0.0004263124678635785,False
2025-12-22 03:39:18.413280+00:00,-9.094947017729282e-13,False
2025-12-22 06:57:56.364480+00:00,-0.00015733479443574068,False
2025-12-22 06:57:56.364480+00:00,0.0,False
2025-12-22 13:35:12.270336+00:00,0.0003892360579018509,False
2025-12-22 13:35:12.270336+00:00,0.0,False
2025-12-22 18:33:09.195840+00:00,2.018200430187726e-05,False
2025-12-22 18:33:09.195840+00:00,0.0,False
2025-12-22 21:51:47.146176+00:00,-0.00036605450712718653,False
2025-12-22 21:51:47.146176+00:00,0.0,False
2025-12-23 02:49:44.069088+00:00,3.9718067460600096e-05,False
2025-12-23 02:49:44.069088+00:00,-9.094947017729282e-13,False
2025-12-23 04:29:03.045120+00:00,0.0001464303663806161,False
2025-12-23 04:29:03.045120+00:00,-9.094947017729282e-13,False
2025-12-23 17:43:34.841280+00:00,0.0004628972056923569,False
2025-12-23 17:43:34.841280+00:00,0.0,False
2025-12-23 22:41:31.759008+00:00,-0.00017879450236326245,False
2025-12-23 22:41:31.759008+00:00,0.0,False
2025-12-24 03:39:28.675872+00:00,0.00010606788094315539,False
2025-12-24 03:39:28.675872+00:00,0.0,False
2025-12-24 05:18:47.646720+00:00,-0.00010207447194908651,False
2025-12-24 05:18:47.646720+00:00,0.0,False
2025-12-24 18:33:19.423008+00:00,0.0003986355640083323,False
2025-12-24 18:33:19.423008+00:00,0.0,False
2025-12-24 20:12:38.392992+00:00,-0.00018041748272716436,False
2025-12-24 20:12:38.392992+00:00,9.094947017729282e-13,False
2025-12-25 04:29:13.243776+00:00,0.00014588632150850105,False
2025-12-25 04:29:13.243776+00:00,0.0,False
2025-12-25 06:08:32.216352+00:00,-2.2255481342197162e-05,False
2025-12-25 06:08:32.216352+00:00,0.0,False
2025-12-25 14:25:07.065408+00:00,-9.943449189416084e-05,False
2025-12-25 14:25:07.065408+00:00,0.0,False
2025-12-25 17:43:45.001056+00:00,-6.0906323653881205e-05,False
2025-12-25 17:43:45.001056+00:00,0.0,False
2025-12-25 19:23:03.970176+00:00,2.420367407625503e-06,False
2025-12-25 19:23:03.970176+00:00,0.0,False
2025-12-25 22:41:41.905824+00:00,0.00018556018045134075,False
2025-12-25 22:41:41.905824+00:00,-1.8189894035458565e-12,False
2025-12-26 03:39:38.810592+00:00,6.323173457187519e-05,False
2025-12-26 03:39:38.810592+00:00,0.0,False
2025-12-26 05:18:57.780576+00:00,-0.0003378924060820639,False
2025-12-26 05:18:57.780576+00:00,0.0,False
2025-12-26 15:14:51.581472+00:00,-0.0001429060390211838,False
2025-12-26 15:14:51.581472+00:00,0.0,False
2025-12-26 18:33:29.513664+00:00,9.626209750638584e-05,False
2025-12-26 18:33:29.513664+00:00,0.0,False
2025-12-26 21:52:07.442400+00:00,-0.0003996021701339898,False
2025-12-26 21:52:07.442400+00:00,0.0,False
2025-12-27 04:29:23.300736+00:00,-4.20250811328409e-05,False
2025-12-27 04:29:23.300736+00:00,0.0,False
2025-12-27 06:08:42.274176+00:00,0.00028603550563574174,False
2025-12-27 06:08:42.274176+00:00,0.0,False
2025-12-27 11:06:39.168576+00:00,0.00011640181066910988,False
2025-12-27 11:06:39.168576+00:00,9.094947017729282e-13,False
2025-12-27 19:23:13.983072+00:00,-0.0002641088157979937,False
2025-12-27 19:23:13.983072+00:00,9.094947017729282e-13,False
2025-12-27 22:41:51.909216+00:00,-0.0003006510126419299,False
2025-12-27 22:41:51.909216+00:00,0.0,False
2025-12-28 03:39:48.795840+00:00,5.4830259937765826e-05,False
2025-12-28 03:39:48.795840+00:00,0.0,False
2025-12-28 06:58:26.715072+00:00,-0.00032608259975646845,False
2025-12-28 06:58:26.715072+00:00,-1.8189894035458565e-12,False
2025-12-28 11:56:23.599104+00:00,1.8028038722287432e-05,False
2025-12-28 11:56:23.599104+00:00,0.0,False
2025-12-28 13:35:42.563040+00:00,0.00011494733163859016,False
2025-12-28 13:35:42.563040+00:00,0.0,False
2025-12-28 18:33:39.445344+00:00,9.472215555938579e-05,False
2025-12-28 18:33:39.445344+00:00,0.0,False
2025-12-28 21:52:17.357664+00:00,-0.0009405628597673084,False
2025-12-28 21:52:17.357664+00:00,0.0,False
2025-12-29 06:08:52.147104+00:00,-6.978362924442709e-05,False
2025-12-29 06:08:52.147104+00:00,0.0,False
2025-12-29 11:06:49.020768+00:00,0.00018380497938597692,False
2025-12-29 11:06:49.020768+00:00,-9.094947017729282e-13,False
2025-12-29 11:06:49.021632+00:00,3.150062947277179e-11,False
2025-12-29 11:06:49.021632+00:00,-9.094947017729282e-13,False
2025-12-29 19:23:23.800704+00:00,-7.08395588601416e-05,False
2025-12-29 19:23:23.800704+00:00,0.0,False
2025-12-30 03:39:58.579776+00:00,-0.00047868320196588633,False
2025-12-30 03:39:58.579776+00:00,0.0,False
2025-12-30 06:58:36.491232+00:00,-0.00047616940649659265,False
2025-12-30 06:58:36.491232+00:00,0.0,False
2025-12-30 15:15:11.258208+00:00,-2.303201737261385e-05,False
2025-12-30 15:15:11.258208+00:00,0.0,False
2025-12-30 18:33:49.161888+00:00,7.082809783369855e-05,False
2025-12-30 18:33:49.161888+00:00,0.0,False
2025-12-30 20:13:08.107680+00:00,-0.0006822956940950025,False
2025-12-30 20:13:08.107680+00:00,0.0,False
2025-12-31 02:50:23.908128+00:00,-0.00011449759167542716,False
2025-12-31 06:09:01.822176+00:00,-0.00011892683007290629,False
2025-12-31 11:06:58.669056+00:00,-0.00016147795468654644,False
2025-12-31 14:25:36.569280+00:00,-0.00013592532507283785,False
2025-12-31 21:02:52.356768+00:00,0.00041069843563421265,False
2026-01-01 03:40:08.144256+00:00,-0.00015605216549179199,False
2026-01-01 03:40:08.144256+00:00,0.0,False
2026-01-01 06:58:46.044480+00:00,-0.0008376250197726105,False
2026-01-01 06:58:46.044480+00:00,0.0,False
2026-01-01 15:15:20.756160+00:00,-0.0012670887991379528,False
2026-01-01 15:15:20.756160+00:00,0.0,False
2026-01-01 16:54:39.697632+00:00,3.633788151218454e-07,False
2026-01-01 16:54:39.697632+00:00,0.0,False
2026-01-01 18:33:58.640832+00:00,-3.51215685320006e-05,False
2026-01-01 18:33:58.640832+00:00,-9.094947017729282e-13,False
2026-01-01 21:52:36.528960+00:00,0.0009723433794805031,False
2026-01-01 21:52:36.528960+00:00,-9.094947017729282e-13,False
2026-01-02 04:29:52.293984+00:00,-0.0002851636004950539,False
2026-01-02 04:29:52.293984+00:00,0.0,False
2026-01-02 06:09:11.243232+00:00,-0.0009362585826223724,False
2026-01-02 06:09:11.243232+00:00,0.0,False
2026-01-02 14:25:45.951456+00:00,0.00018864258136411715,False
2026-01-02 14:25:45.951456+00:00,0.0,False
2026-01-02 17:44:23.830944+00:00,6.0901504136191646e-05,False
2026-01-02 17:44:23.830944+00:00,0.0,False
2026-01-02 19:23:42.768096+00:00,-5.103362349919761e-05,False
2026-01-02 19:23:42.768096+00:00,9.094947017729282e-13,False
2026-01-02 22:42:20.646720+00:00,0.0001376482843746224,False
2026-01-02 22:42:20.646720+00:00,-9.094947017729282e-13,False
2026-01-03 03:40:17.456448+00:00,-0.00022047188395342757,False
2026-01-03 03:40:17.456448+00:00,-9.094947017729282e-13,False
2026-01-03 05:19:36.384960+00:00,-0.00048424605292871005,False
2026-01-03 05:19:36.384960+00:00,0.0,False
2026-01-03 11:56:52.125792+00:00,-0.0002612111708023009,False
2026-01-03 11:56:52.125792+00:00,0.0,False
2026-01-03 15:15:30.009600+00:00,0.0005843946405830377,False
2026-01-03 15:15:30.009600+00:00,0.0,False
2026-01-03 21:52:45.749568+00:00,0.00029297059466283084,False
2026-01-03 21:52:45.749568+00:00,0.0,False
2026-01-04 04:30:01.484352+00:00,-0.00023620835162393517,False
2026-01-04 04:30:01.484352+00:00,0.0,False
2026-01-04 06:09:20.428416+00:00,0.00042815977822346343,False
2026-01-04 06:09:20.428416+00:00,0.0,False
2026-01-04 11:07:17.227776+00:00,-0.00021066092263587562,False
2026-01-04 11:07:17.227776+00:00,0.0,False
2026-01-04 14:25:55.099488+00:00,-0.00025916877317543215,False
2026-01-04 14:25:55.099488+00:00,0.0,False
2026-01-04 19:23:51.895392+00:00,-0.0001574566614244053,False
2026-01-04 19:23:51.895392+00:00,0.0,False
2026-01-04 22:42:29.754144+00:00,0.0006676420094219407,False
2026-01-04 22:42:29.754144+00:00,0.0,False
2026-01-05 03:40:26.545728+00:00,-0.00021676315932416944,False
2026-01-05 03:40:26.545728+00:00,0.0,False
2026-01-05 06:59:04.399296+00:00,-0.00048239760889777744,False
2026-01-05 06:59:04.399296+00:00,0.0,False
2026-01-05 11:57:01.187424+00:00,-5.647977661454146e-05,False
2026-01-05 11:57:01.187424+00:00,0.0,False
2026-01-05 15:15:39.039264+00:00,-0.0005411223391105383,False
2026-01-05 15:15:39.039264+00:00,0.0,False
2026-01-06 04:30:10.467360+00:00,0.000501552760917876,False
2026-01-06 04:30:10.467360+00:00,0.0,False
2026-01-06 06:09:29.398464+00:00,1.8031109775935145e-05,False
2026-01-06 06:09:29.398464+00:00,0.0,False
2026-01-06 11:07:26.181408+00:00,7.679642487992027e-06,False
2026-01-06 11:07:26.181408+00:00,-9.094947017729282e-13,False
2026-01-06 14:26:04.034112+00:00,-0.0003132917531302639,False
2026-01-06 14:26:04.034112+00:00,1.8189894035458565e-12,False
2026-01-06 22:42:38.659392+00:00,0.0003966518603711381,False
2026-01-06 22:42:38.659392+00:00,0.0,False
2026-01-07 03:40:35.431968+00:00,-0.0001891272107851024,False
2026-01-07 03:40:35.431968+00:00,0.0,False
2026-01-07 06:59:13.288992+00:00,-0.0001438234971306077,False
2026-01-07 06:59:13.288992+00:00,0.0,False
2026-01-07 11:57:10.063296+00:00,-5.7406776892707744e-05,False
2026-01-07 11:57:10.063296+00:00,9.094947017729282e-13,False
2026-01-07 18:34:25.759200+00:00,-0.0002768262516284761,False
2026-01-07 18:34:25.759200+00:00,0.0,False
2026-01-07 21:53:03.599808+00:00,0.0005131674067863187,False
2026-01-07 21:53:03.599808+00:00,0.0,False
2026-01-08 04:30:19.291392+00:00,-1.978881181970485e-05,False
2026-01-08 04:30:19.291392+00:00,-9.094947017729282e-13,False
2026-01-08 06:09:38.209536+00:00,-0.0011075865152843673,False
2026-01-08 06:09:38.209536+00:00,9.094947017729282e-13,False
2026-01-08 11:07:34.974336+00:00,3.3468128421191255e-06,False
2026-01-08 11:07:34.974336+00:00,0.0,False
2026-01-08 14:26:12.814080+00:00,-0.00032498804740680354,False
2026-01-08 14:26:12.814080+00:00,0.0,False
2026-01-08 22:42:47.421216+00:00,0.0010543928286864616,False
2026-01-08 22:42:47.421216+00:00,9.094947017729282e-13,False
2026-01-09 03:40:44.183424+00:00,5.934345331779189e-05,False
2026-01-09 03:40:44.183424+00:00,1.8189894035458565e-12,False
2026-01-09 05:20:03.097248+00:00,-0.0009899606307426814,False
2026-01-09 05:20:03.097248+00:00,0.0,False
2026-01-09 15:15:56.616480+00:00,0.00018048766406663665,False
2026-01-09 15:15:56.616480+00:00,0.0,False
2026-01-10 22:42:56.063808+00:00,0.00010243752129940505,False
2026-01-10 22:42:56.063808+00:00,0.0,False
2026-01-11 06:59:30.635520+00:00,-0.0004158709822065661,False
2026-01-11 06:59:30.635520+00:00,0.0,False
2026-01-11 15:16:05.221920+00:00,0.0004409388480999519,False
2026-01-11 15:16:05.221920+00:00,0.0,False
2026-01-11 21:53:20.875488+00:00,-0.00034398624639700383,False
2026-01-11 21:53:20.875488+00:00,0.0,False
2026-01-12 06:09:55.448928+00:00,0.00029664243665383447,False
2026-01-12 06:09:55.448928+00:00,0.0,False
2026-01-12 19:24:26.761248+00:00,8.952080351885459e-05,False
2026-01-12 19:24:26.761248+00:00,0.0,False
2026-01-12 22:43:04.595808+00:00,0.0005416589207145794,False
2026-01-12 22:43:04.595808+00:00,-9.094947017729282e-13,False
2026-01-13 03:41:01.333824+00:00,-4.4749992090574746e-05,False
2026-01-13 03:41:01.333824+00:00,9.094947017729282e-13,False
2026-01-13 06:59:39.156288+00:00,-0.0002914998683052761,False
2026-01-13 06:59:39.156288+00:00,0.0,False
2026-01-13 11:57:35.895168+00:00,2.771941353403931e-05,False
2026-01-13 11:57:35.895168+00:00,0.0,False
2026-01-13 15:16:13.724544+00:00,0.00036006804554902685,False
2026-01-13 15:16:13.724544+00:00,0.0,False
2026-01-13 20:14:10.463424+00:00,0.00011614357971446304,False
2026-01-13 20:14:10.463424+00:00,0.0,False
2026-01-14 06:10:03.934272+00:00,-4.4390698998821986e-05,False
2026-01-14 06:10:03.934272+00:00,9.094947017729282e-13,False
2026-01-14 12:47:19.584384+00:00,0.00030448294871357576,False
2026-01-14 12:47:19.584384+00:00,0.0,False
2026-01-14 19:24:35.230176+00:00,5.692946030757162e-06,False
2026-01-14 19:24:35.230176+00:00,0.0,False
2026-01-14 22:43:13.053504+00:00,0.00010131463075820814,False
2026-01-14 22:43:13.053504+00:00,0.0,False
2026-01-15 03:41:09.786336+00:00,9.286415965845867e-05,False
2026-01-15 03:41:09.786336+00:00,0.0,False
2026-01-15 11:57:44.339904+00:00,-2.9512074548429155e-05,False
2026-01-15 11:57:44.339904+00:00,1.8189894035458565e-12,False
2026-01-15 15:16:22.163232+00:00,0.00011807704156467053,False
2026-01-15 15:16:22.163232+00:00,0.0,False
2026-01-15 18:34:59.983968+00:00,0.00014085211932089853,False
2026-01-15 18:34:59.983968+00:00,0.0,False
2026-01-15 21:53:37.802976+00:00,-6.0831206676639494e-05,False
2026-01-15 21:53:37.802976+00:00,0.0,False
2026-01-16 06:10:12.351360+00:00,-0.00013915872381504068,False
2026-01-16 06:10:12.351360+00:00,0.0,False
2026-01-16 12:47:27.985056+00:00,0.0003588260007402484,False
2026-01-16 12:47:27.985056+00:00,1.8189894035458565e-12,False
2026-01-16 22:43:21.434304+00:00,-0.00014259831196049928,False
2026-01-16 22:43:21.434304+00:00,0.0,False
2026-01-17 06:59:55.968864+00:00,6.413983981891239e-05,False
2026-01-17 06:59:55.968864+00:00,0.0,False
2026-01-17 15:16:30.507744+00:00,0.00045544444510128477,False
2026-01-17 15:16:30.507744+00:00,0.0,False
2026-01-17 21:53:46.132800+00:00,-7.365728222996431e-05,False
2026-01-17 21:53:46.132800+00:00,0.0,False
2026-01-18 14:26:55.194144+00:00,0.000667970976632489,False
2026-01-18 14:26:55.194144+00:00,0.0,False
2026-01-18 22:43:29.715744+00:00,0.0002501879517677907,False
2026-01-18 22:43:29.715744+00:00,0.0,False
2026-01-19 05:20:45.326976+00:00,-0.00016459089873674924,False
2026-01-19 05:20:45.326976+00:00,9.094947017729282e-13,False
2026-01-19 15:16:38.743392+00:00,0.0006677098473915626,False
2026-01-19 15:16:38.743392+00:00,0.0,False
2026-01-19 21:53:54.348576+00:00,-0.0004038422056205804,False
2026-01-19 21:53:54.348576+00:00,0.0,False
2026-01-20 06:10:28.788096+00:00,-0.0006969954723712252,False
2026-01-20 06:10:28.788096+00:00,0.0,False
2026-01-20 22:43:37.663680+00:00,-0.0019906566134864027,False
2026-01-20 22:43:37.663680+00:00,0.0,False
2026-01-21 11:58:08.772960+00:00,0.0017581164460254931,False
2026-01-21 11:58:08.772960+00:00,0.0,False
2026-01-22 07:49:55.389792+00:00,-0.0006753942869371695,False
2026-01-22 07:49:55.389792+00:00,0.0,False
2026-01-22 11:08:33.157824+00:00,6.170046671912714e-05,False
2026-01-22 11:08:33.157824+00:00,-9.094947017729282e-13,False
2026-01-22 22:43:45.335136+00:00,-2.106963950505923e-05,False
2026-01-22 22:43:45.335136+00:00,0.0,False
2026-01-23 15:16:54.101856+00:00,-0.0008282548990637666,False
2026-01-23 15:16:54.101856+00:00,0.0,False
2026-01-23 21:54:09.598176+00:00,-0.0014200593202547901,False
2026-01-23 21:54:09.598176+00:00,-9.094947017729282e-13,False
2026-01-24 02:52:06.215232+00:00,-0.00010952715877261072,False
2026-01-24 02:52:06.215232+00:00,0.0,False
2026-01-24 06:10:43.967712+00:00,0.0008655893626635465,False
2026-01-24 06:10:43.967712+00:00,0.0,False
2026-01-24 11:08:40.583040+00:00,-0.00010482066340500578,False
2026-01-24 11:08:40.583040+00:00,0.0,False
2026-01-24 21:04:33.816288+00:00,-0.0005412348971496556,False
2026-01-24 21:04:33.816288+00:00,0.0,False
2026-01-25 03:41:49.291008+00:00,-0.00027810224441482054,False
2026-01-25 03:41:49.291008+00:00,-1.8189894035458565e-12,False
2026-01-25 07:00:27.035712+00:00,0.00021165702491251364,False
2026-01-25 07:00:27.035712+00:00,-9.094947017729282e-13,False
2026-01-25 11:58:23.639808+00:00,-9.206461176987813e-05,False
2026-01-25 11:58:23.639808+00:00,0.0,False
2026-01-25 15:17:01.376736+00:00,-0.00013066387250485005,False
2026-01-25 15:17:01.376736+00:00,-9.094947017729282e-13,False
2026-01-25 18:35:39.110208+00:00,-6.178982128003001e-05,False
2026-01-25 18:35:39.110208+00:00,-9.094947017729282e-13,False
2026-01-25 21:54:16.839360+00:00,-0.0005579865325827075,False
2026-01-25 21:54:16.839360+00:00,0.0,False
2026-01-26 06:10:51.166560+00:00,0.0001365028626249212,False
2026-01-26 06:10:51.166560+00:00,0.0,False
2026-01-26 11:08:47.761152+00:00,-7.26699341771133e-05,False
2026-01-26 11:08:47.761152+00:00,0.0,False
2026-01-26 14:27:25.489440+00:00,-0.0003630607499008948,False
2026-01-26 14:27:25.489440+00:00,0.0,False
2026-01-27 05:21:15.243840+00:00,-0.0011362953931668518,False
2026-01-27 05:21:15.243840+00:00,0.0,False
2026-01-27 11:58:30.684864+00:00,-0.00032224857885169967,False
2026-01-27 11:58:30.684864+00:00,0.0,False
2026-01-27 15:17:08.406240+00:00,5.8565857562646335e-05,False
2026-01-27 15:17:08.406240+00:00,0.0,False
2026-01-27 18:35:46.123296+00:00,-0.00016035253555050954,False
2026-01-27 18:35:46.123296+00:00,0.0,False
2026-01-27 21:54:23.848992+00:00,0.0009026945101937986,False
2026-01-27 21:54:23.848992+00:00,9.094947017729282e-13,False
2026-01-28 21:04:47.838144+00:00,-0.0015032546864483288,False
2026-01-28 21:04:47.838144+00:00,0.0,False
2026-01-28 22:44:06.692352+00:00,-3.590730558665088e-05,False
2026-01-28 22:44:06.692352+00:00,0.0,False
2026-01-29 11:58:37.513056+00:00,-0.0006529051758727429,False
2026-01-29 11:58:37.513056+00:00,-9.094947017729282e-13,False
2026-01-30 02:52:27.174144+00:00,-0.0006059718061963263,False
2026-01-30 02:52:27.174144+00:00,0.0,False
2026-01-30 06:11:04.872192+00:00,9.938403901656507e-05,False
2026-01-30 06:11:04.872192+00:00,0.0,False
2026-01-30 11:09:01.420992+00:00,-0.00014446151234044115,False
2026-01-30 11:09:01.420992+00:00,0.0,False
2026-01-30 21:04:54.520320+00:00,0.00035003310544225673,False
2026-01-30 21:04:54.520320+00:00,0.0,False
2026-01-31 03:42:09.910368+00:00,-0.0003031415722964557,False
2026-01-31 03:42:09.910368+00:00,0.0,False
2026-01-31 07:00:47.604960+00:00,-0.00022210821058698976,False
2026-01-31 07:00:47.604960+00:00,0.0,False
2026-01-31 10:19:25.297824+00:00,-0.00013102300484646136,False
2026-01-31 10:19:25.297824+00:00,0.0,False
2026-01-31 18:35:59.524800+00:00,-0.00046558485528459055,False
2026-01-31 18:35:59.524800+00:00,0.0,False
2026-01-31 21:54:37.215072+00:00,0.00019308329446761122,False
2026-01-31 21:54:37.215072+00:00,-1.8189894035458565e-12,False
2026-02-01 06:11:11.438592+00:00,-0.00042652565286792934,False
2026-02-01 06:11:11.438592+00:00,0.0,False
2026-02-01 09:29:49.126272+00:00,-5.869799911107146e-05,False
2026-02-01 09:29:49.126272+00:00,0.0,False
2026-02-01 21:05:01.020192+00:00,-0.00031795701109930323,False
2026-02-01 21:05:01.020192+00:00,0.0,False
2026-02-02 07:00:54.065088+00:00,-0.0004611063588901746,False
2026-02-02 07:00:54.065088+00:00,0.0,False
2026-02-02 11:58:50.587104+00:00,6.393184088129459e-05,False
2026-02-02 11:58:50.587104+00:00,-1.8189894035458565e-12,False
2026-02-02 13:38:09.423168+00:00,-0.0002467739341646468,False
2026-02-02 13:38:09.423168+00:00,0.0,False
2026-02-03 04:31:58.971936+00:00,-7.210738470543967e-05,False
2026-02-03 04:31:58.971936+00:00,0.0,False
2026-02-03 06:11:17.805408+00:00,-0.0003780296575709687,False
2026-02-03 06:11:17.805408+00:00,0.0,False
2026-02-03 11:09:14.317920+00:00,5.61487792612991e-05,False
2026-02-03 11:09:14.317920+00:00,0.0,False
2026-02-03 14:27:51.990912+00:00,-0.0004085444431328665,False
2026-02-03 14:27:51.990912+00:00,-9.094947017729282e-13,False
2026-02-04 03:42:22.670784+00:00,-0.00013560404298432888,False
2026-02-04 03:42:22.670784+00:00,0.0,False
2026-02-04 07:01:00.342912+00:00,-0.000385907362587054,False
2026-02-04 07:01:00.342912+00:00,0.0,False
2026-02-04 11:58:56.843328+00:00,-9.872474647230754e-05,False
2026-02-04 11:58:56.843328+00:00,0.0,False
2026-02-04 18:36:12.175488+00:00,-0.00029700651177360195,False
2026-02-04 18:36:12.175488+00:00,0.0,False
2026-02-05 04:32:05.151264+00:00,-0.00031608735574802137,False
2026-02-05 04:32:05.151264+00:00,0.0,False
2026-02-05 06:11:23.979552+00:00,-0.0005956089579858998,False
2026-02-05 06:11:23.979552+00:00,0.0,False
2026-02-05 11:09:20.465280+00:00,1.9742666895194343e-05,False
2026-02-05 11:09:20.465280+00:00,9.094947017729282e-13,False
2026-02-05 16:07:16.944960+00:00,-0.0007905225300484174,False
2026-02-05 16:07:16.944960+00:00,0.0,False
2026-02-05 19:25:54.600672+00:00,0.00016404310683894888,False
2026-02-05 19:25:54.600672+00:00,0.0,False
2026-02-05 22:44:32.264160+00:00,0.0007541260652223751,False
2026-02-05 22:44:32.264160+00:00,0.0,False
2026-02-06 03:42:28.743840+00:00,-0.00012340911793218317,False
2026-02-06 03:42:28.743840+00:00,0.0,False
2026-02-06 05:21:47.578176+00:00,-5.304836200611292e-05,False
2026-02-06 05:21:47.578176+00:00,0.0,False
2026-02-06 11:59:02.881824+00:00,-3.882335393709166e-05,False
2026-02-06 11:59:02.881824+00:00,9.094947017729282e-13,False
2026-02-06 15:17:40.539264+00:00,-4.245703465155797e-05,False
2026-02-06 15:17:40.539264+00:00,0.0,False
2026-02-06 18:36:18.190656+00:00,0.00020297896118577532,False
2026-02-06 18:36:18.190656+00:00,9.094947017729282e-13,False
2026-02-06 21:54:55.841184+00:00,0.00014487479085577618,False
2026-02-06 21:54:55.841184+00:00,-9.094947017729282e-13,False
2026-02-07 04:32:11.134464+00:00,-9.368156363347721e-05,False
2026-02-07 04:32:11.134464+00:00,0.0,False
2026-02-07 06:11:29.956704+00:00,4.4582094759196435e-05,False
2026-02-07 06:11:29.956704+00:00,0.0,False
2026-02-07 11:09:26.426016+00:00,8.256428679071144e-05,False
2026-02-07 11:09:26.426016+00:00,0.0,False
2026-02-07 14:28:04.079136+00:00,0.000282979184337638,False
2026-02-07 14:28:04.079136+00:00,-1.8189894035458565e-12,False
2026-02-07 19:26:00.542400+00:00,-0.00015202649019225824,False
2026-02-07 19:26:00.542400+00:00,0.0,False
2026-02-07 21:05:19.371552+00:00,0.0005313686701472782,False
2026-02-07 21:05:19.371552+00:00,0.0,False
2026-02-08 03:42:34.656192+00:00,4.895717515221562e-05,False
2026-02-08 03:42:34.656192+00:00,0.0,False
2026-02-08 07:01:12.297216+00:00,-0.0001466001801512316,False
2026-02-08 07:01:12.297216+00:00,0.0,False
2026-02-08 11:59:08.757888+00:00,-7.944543031024732e-06,False
2026-02-08 11:59:08.757888+00:00,0.0,False
2026-02-08 13:38:27.583584+00:00,0.00023066285168511463,False
2026-02-08 13:38:27.583584+00:00,1.8189894035458565e-12,False
2026-02-08 18:36:24.040800+00:00,-0.00013844080314645243,False
2026-02-08 18:36:24.040800+00:00,0.0,False
2026-02-08 21:55:01.678368+00:00,0.00021021483173145684,False
2026-02-08 21:55:01.678368+00:00,0.0,False
2026-02-09 06:11:35.769696+00:00,-0.0005405365004511946,False
2026-02-09 06:11:35.769696+00:00,0.0,False
2026-02-09 11:09:32.223456+00:00,1.0144054054996281e-05,False
2026-02-09 11:09:32.223456+00:00,0.0,False
2026-02-09 19:26:06.313056+00:00,0.0002474191031346573,False
2026-02-09 19:26:06.313056+00:00,9.094947017729282e-13,False
2026-02-09 21:05:25.127520+00:00,0.0001528156164416586,False
2026-02-09 21:05:25.127520+00:00,-9.094947017729282e-13,False
2026-02-10 03:42:40.391424+00:00,-0.00013349072250681707,False
2026-02-10 03:42:40.391424+00:00,0.0,False
2026-02-10 07:01:18.023808+00:00,-0.00013109217636904017,False
2026-02-10 07:01:18.023808+00:00,1.8189894035458565e-12,False
2026-02-10 10:19:55.654464+00:00,-2.8717379651824345e-05,False
2026-02-10 10:19:55.654464+00:00,0.0,False
2026-02-10 15:17:52.098720+00:00,-6.452037608239633e-05,False
2026-02-10 15:17:52.098720+00:00,9.094947017729282e-13,False
2026-02-10 21:55:07.353120+00:00,-4.338811386211131e-05,False
2026-02-10 21:55:07.353120+00:00,0.0,False
2026-02-11 06:11:41.412480+00:00,-0.0003609638319765836,False
2026-02-11 06:11:41.412480+00:00,0.0,False
2026-02-11 12:48:56.667744+00:00,0.00044188641029817516,False
2026-02-11 12:48:56.667744+00:00,-1.8189894035458565e-12,False
2026-02-11 22:44:49.536384+00:00,-0.0003737490542969694,False
2026-02-11 22:44:49.536384+00:00,0.0,False
2026-02-12 03:42:45.966816+00:00,-9.048925391858843e-05,False
2026-02-12 03:42:45.966816+00:00,9.094947017729282e-13,False
2026-02-12 05:22:04.774368+00:00,-0.00015066132062524363,False
2026-02-12 05:22:04.774368+00:00,-9.094947017729282e-13,False
2026-02-12 11:59:20.012352+00:00,-0.00018108940155282018,False
2026-02-12 11:59:20.012352+00:00,0.0,False
2026-02-12 13:38:38.827680+00:00,0.0003375754766095547,False
2026-02-12 13:38:38.827680+00:00,0.0,False
2026-02-12 18:36:35.253792+00:00,-0.0001137712781612934,False
2026-02-12 18:36:35.253792+00:00,0.0,False
2026-02-12 21:55:12.871488+00:00,-3.316491639304204e-05,False
2026-02-12 21:55:12.871488+00:00,0.0,False
2026-02-13 04:32:28.103424+00:00,-0.00022880027169377076,False
2026-02-13 04:32:28.103424+00:00,0.0,False
2026-02-13 06:11:46.911840+00:00,-0.0003480751328245594,False
2026-02-13 06:11:46.911840+00:00,0.0,False
2026-02-13 11:09:43.335360+00:00,1.8714350323505418e-05,False
2026-02-13 11:09:43.335360+00:00,9.094947017729282e-13,False
2026-02-13 21:05:36.174624+00:00,0.00011867761909992072,False
2026-02-13 21:05:36.174624+00:00,0.0,False
2026-02-14 07:01:29.009568+00:00,-0.00044376719559312836,False
2026-02-14 07:01:29.009568+00:00,0.0,False
2026-02-14 11:59:25.422720+00:00,-0.0001270150465153449,False
2026-02-14 11:59:25.422720+00:00,0.0,False
2026-02-14 15:18:03.038688+00:00,0.0002885828394986749,False
2026-02-14 15:18:03.038688+00:00,0.0,False
2026-02-15 04:32:33.467136+00:00,0.00016251439576339568,False
2026-02-15 04:32:33.467136+00:00,0.0,False
2026-02-15 06:11:52.257408+00:00,-0.001393791028577894,False
2026-02-15 06:11:52.257408+00:00,0.0,False
2026-02-15 11:09:48.665376+00:00,0.00011802650444711177,False
2026-02-15 11:09:48.665376+00:00,0.0,False
2026-02-15 12:49:07.470336+00:00,0.0005943313935475737,False
2026-02-15 12:49:07.470336+00:00,0.0,False
2026-02-15 19:26:22.676352+00:00,-4.613061315734599e-05,False
2026-02-15 19:26:22.676352+00:00,-9.094947017729282e-13,False
2026-02-15 21:05:41.483040+00:00,-5.034044928918365e-05,False
2026-02-15 21:05:41.483040+00:00,0.0,False
2026-02-16 03:42:56.684736+00:00,-6.85695467933983e-05,False
2026-02-16 03:42:56.684736+00:00,0.0,False
2026-02-16 07:01:34.283424+00:00,9.330638148239757e-07,False
2026-02-16 07:01:34.283424+00:00,9.094947017729282e-13,False
2026-02-16 10:20:11.881248+00:00,-8.303763987963357e-05,False
2026-02-16 10:20:11.881248+00:00,0.0,False
2026-02-16 13:38:49.480800+00:00,0.0002621661438677365,False
2026-02-16 13:38:49.480800+00:00,0.0,False
2026-02-16 18:36:45.874944+00:00,-4.5593564857573986e-05,False
2026-02-16 18:36:45.874944+00:00,0.0,False
2026-02-17 04:32:38.662368+00:00,-0.0007438687890092758,False
2026-02-17 04:32:38.662368+00:00,1.8189894035458565e-12,False
2026-02-17 06:11:57.461280+00:00,0.00037207819652891627,False
2026-02-17 06:11:57.461280+00:00,0.0,False
2026-02-17 11:09:53.852832+00:00,-6.710915043803528e-06,False
2026-02-17 11:09:53.852832+00:00,0.0,False
2026-02-17 11:09:53.853696+00:00,1.3132400739036253e-11,False
2026-02-17 11:09:53.853696+00:00,0.0,False
2026-02-17 17:47:09.045888+00:00,0.00045978518438562877,False
2026-02-17 17:47:09.045888+00:00,0.0,False
2026-02-17 21:05:46.637664+00:00,-0.00029895674509069635,False
2026-02-17 21:05:46.637664+00:00,-9.094947017729282e-13,False
2026-02-18 03:43:01.817760+00:00,-0.00021508372929993823,False
2026-02-18 03:43:01.817760+00:00,-9.094947017729282e-13,False
2026-02-18 05:22:20.614080+00:00,-0.00015164462620644476,False
2026-02-18 05:22:20.614080+00:00,9.094947017729282e-13,False
2026-02-18 13:38:54.587904+00:00,-0.00011972808539549362,False
2026-02-18 13:38:54.587904+00:00,-1.8189894035458565e-12,False
2026-02-18 20:16:09.764544+00:00,0.00018971052520585824,False
2026-02-18 20:16:09.764544+00:00,9.094947017729282e-13,False
2026-02-19 04:32:43.729728+00:00,-0.0001613786599782836,False
2026-02-19 04:32:43.729728+00:00,0.0,False
2026-02-19 06:12:02.521728+00:00,-0.00018742906633136274,False
2026-02-19 06:12:02.521728+00:00,0.0,False
2026-02-19 11:09:58.900320+00:00,5.979228512705188e-05,False
2026-02-19 11:09:58.900320+00:00,0.0,False
2026-02-19 14:28:36.483456+00:00,-5.775571113161656e-05,False
2026-02-19 14:28:36.483456+00:00,0.0,False
2026-02-19 19:26:32.856864+00:00,1.2975549425210111e-06,False
2026-02-19 19:26:32.856864+00:00,0.0,False
2026-02-19 21:05:51.650592+00:00,6.557729977576351e-05,False
2026-02-19 21:05:51.650592+00:00,0.0,False
2026-02-20 03:43:06.813408+00:00,-0.00010922223941619029,False
2026-02-20 03:43:06.813408+00:00,0.0,False
2026-02-20 07:01:44.398272+00:00,0.00014244671899992455,False
2026-02-20 07:01:44.398272+00:00,0.0,False
2026-02-20 16:57:37.137312+00:00,-0.00015560862653101165,False
2026-02-20 16:57:37.137312+00:00,0.0,False
2026-02-20 18:36:55.925856+00:00,2.432506460041502e-05,False
2026-02-20 18:36:55.925856+00:00,0.0,False
2026-02-20 21:55:33.504672+00:00,-0.00011822974293310994,False
2026-02-20 21:55:33.504672+00:00,-9.094947017729282e-13,False
2026-02-21 04:32:48.657984+00:00,-4.551272247624224e-05,False
2026-02-21 04:32:48.657984+00:00,0.0,False
2026-02-21 06:12:07.444800+00:00,-0.00011481587478943671,False
2026-02-21 06:12:07.444800+00:00,1.8189894035458565e-12,False
2026-02-21 11:10:03.808704+00:00,4.9541327411430926e-05,False
2026-02-21 11:10:03.808704+00:00,0.0,False
2026-02-21 12:49:22.600704+00:00,0.0002037267602728421,False
2026-02-21 12:49:22.600704+00:00,0.0,False
2026-02-21 19:26:37.748832+00:00,-0.00012490431862117318,False
2026-02-21 19:26:37.748832+00:00,0.0,False
2026-02-21 21:05:56.535648+00:00,6.349925732661501e-05,False
2026-02-21 21:05:56.535648+00:00,0.0,False
2026-02-22 03:43:11.681184+00:00,-7.361932760612672e-07,False
2026-02-22 03:43:11.681184+00:00,9.094947017729282e-13,False
2026-02-22 05:22:30.462816+00:00,-0.0006512820214907485,False
2026-02-22 05:22:30.462816+00:00,0.0,False
2026-02-22 18:37:00.734880+00:00,-0.0002998287870691316,False
2026-02-22 18:37:00.734880+00:00,1.8189894035458565e-12,False
2026-02-22 21:55:38.301600+00:00,-0.00013453430318743616,False
2026-02-22 21:55:38.301600+00:00,-9.094947017729282e-13,False
2026-02-23 04:32:53.433312+00:00,1.123050668951211e-05,False
2026-02-23 04:32:53.433312+00:00,0.0,False
2026-02-23 06:12:12.216672+00:00,-5.884031193697446e-06,False
2026-02-23 06:12:12.216672+00:00,0.0,False
2026-02-23 11:10:08.565024+00:00,3.991879179034472e-05,False
2026-02-23 11:10:08.565024+00:00,0.0,False
2026-02-23 17:47:23.694144+00:00,-3.804698021169189e-05,False
2026-02-23 17:47:23.694144+00:00,0.0,False
2026-02-23 21:06:01.259136+00:00,0.00012346379667196883,False
2026-02-23 21:06:01.259136+00:00,0.0,False
2026-02-24 05:22:35.162976+00:00,-0.0004059749137276708,False
2026-02-24 05:22:35.162976+00:00,0.0,False
2026-02-24 11:59:50.284320+00:00,8.949186689856837e-06,False
2026-02-24 11:59:50.284320+00:00,0.0,False
2026-02-24 13:39:09.065088+00:00,2.5147710467629872e-05,False
2026-02-24 13:39:09.065088+00:00,0.0,False
2026-02-24 18:37:05.403072+00:00,-3.6979130114860644e-05,False
2026-02-24 18:37:05.403072+00:00,0.0,False
2026-02-24 21:55:42.961152+00:00,0.0003559910829828844,False
2026-02-24 21:55:42.961152+00:00,0.0,False
2026-02-25 04:32:58.074720+00:00,-4.529640009454859e-05,False
2026-02-25 04:32:58.074720+00:00,0.0,False
2026-02-25 06:12:16.853760+00:00,-0.0003205991908243512,False
2026-02-25 06:12:16.853760+00:00,0.0,False
2026-02-25 11:10:13.188288+00:00,2.131669380724913e-05,False
2026-02-25 11:10:13.188288+00:00,0.0,False
2026-02-25 19:26:47.075712+00:00,5.012582449424429e-05,False
2026-02-25 19:26:47.075712+00:00,-9.094947017729282e-13,False
2026-02-26 03:43:20.951040+00:00,-4.108072199770607e-05,False
2026-02-26 03:43:20.951040+00:00,-9.094947017729282e-13,False
2026-02-26 05:22:39.724896+00:00,-0.0003376075648771833,False
2026-02-26 05:22:39.724896+00:00,9.094947017729282e-13,False
2026-02-26 13:39:13.601952+00:00,-3.605677881902145e-06,False
2026-02-26 13:39:13.601952+00:00,-9.094947017729282e-13,False
2026-02-26 16:57:51.151392+00:00,-3.952495153161089e-05,False
2026-02-26 16:57:51.151392+00:00,0.0,False
2026-02-26 18:37:09.925248+00:00,9.224188625388724e-06,False
2026-02-26 18:37:09.925248+00:00,0.0,False
2026-02-26 21:55:47.472960+00:00,-0.00010357240621388728,False
2026-02-26 21:55:47.472960+00:00,0.0,False
2026-02-27 04:33:02.565792+00:00,-3.116405385889578e-05,False
2026-02-27 04:33:02.565792+00:00,9.094947017729282e-13,False
2026-02-27 06:12:21.340512+00:00,-0.00026663399289685594,False
2026-02-27 06:12:21.340512+00:00,9.094947017729282e-13,False
2026-02-27 16:08:13.980192+00:00,0.00011439738893313334,False
2026-02-27 16:08:13.980192+00:00,0.0,False
2026-02-27 19:26:51.522720+00:00,-3.246636190386718e-05,False
2026-02-27 19:26:51.522720+00:00,0.0,False
2026-02-27 22:45:29.061792+00:00,-0.00015793330363598378,False
2026-02-27 22:45:29.061792+00:00,0.0,False
2026-02-28 03:43:25.372992+00:00,-5.6549545349710516e-05,False
2026-02-28 03:43:25.372992+00:00,9.094947017729282e-13,False
2026-02-28 07:02:02.919840+00:00,-0.0001462377248332325,False
2026-02-28 07:02:02.919840+00:00,-9.094947017729282e-13,False
2026-02-28 11:59:59.230176+00:00,-6.424405281347042e-05,False
2026-02-28 11:59:59.230176+00:00,0.0,False
2026-02-28 18:37:14.309184+00:00,4.421540291971865e-08,False
2026-02-28 18:37:14.309184+00:00,0.0,False
2026-02-28 21:55:51.845664+00:00,-0.0001461477776950421,False
2026-02-28 21:55:51.845664+00:00,0.0,False
2026-03-01 04:33:06.919488+00:00,-3.211615250431842e-05,False
2026-03-01 04:33:06.919488+00:00,0.0,False
2026-03-01 06:12:25.687296+00:00,-0.00041232784214018364,False
2026-03-01 06:12:25.687296+00:00,9.094947017729282e-13,False
2026-03-01 11:10:21.990720+00:00,9.440261761665139e-05,False
2026-03-01 11:10:21.990720+00:00,9.094947017729282e-13,False
2026-03-01 19:26:55.820256+00:00,-0.00019893192639029288,False
2026-03-01 19:26:55.820256+00:00,-9.094947017729282e-13,False
2026-03-01 22:45:33.355008+00:00,0.0002375480272965407,False
2026-03-01 22:45:33.355008+00:00,9.094947017729282e-13,False
2026-03-02 03:43:29.650656+00:00,-7.76717720858993e-05,False
2026-03-02 03:43:29.650656+00:00,0.0,False
2026-03-02 10:20:44.712384+00:00,-0.0005946282913871386,False
2026-03-02 10:20:44.712384+00:00,0.0,False
2026-03-02 15:18:41.005440+00:00,-6.980005213776266e-05,False
2026-03-02 15:18:41.005440+00:00,0.0,False
2026-03-02 18:37:18.533280+00:00,0.0001017928729709259,False
2026-03-02 18:37:18.533280+00:00,0.0,False
2026-03-02 21:55:56.059392+00:00,0.00016331919763945698,False
2026-03-02 21:55:56.059392+00:00,9.094947017729282e-13,False
2026-03-03 04:33:11.110752+00:00,-0.00010673231586105444,False
2026-03-03 04:33:11.110752+00:00,0.0,False
2026-03-03 11:10:26.162976+00:00,-0.0004946363728449914,False
2026-03-03 11:10:26.162976+00:00,0.0,False
2026-03-03 14:29:03.683040+00:00,-0.00024026110350861007,False
2026-03-03 14:29:03.683040+00:00,0.0,False
2026-03-03 17:47:41.203104+00:00,-0.0001572126691536591,False
2026-03-03 17:47:41.203104+00:00,9.094947017729282e-13,False
2026-03-03 22:45:37.481472+00:00,-0.0004127126461720143,False
2026-03-03 22:45:37.481472+00:00,-9.094947017729282e-13,False
2026-03-04 03:43:33.757248+00:00,-0.00010162508965173383,False
2026-03-04 03:43:33.757248+00:00,0.0,False
2026-03-04 12:00:07.541856+00:00,-0.0006586075356399796,False
2026-03-04 12:00:07.541856+00:00,0.0,False
2026-03-04 15:18:45.062784+00:00,0.0002880073339793903,False
2026-03-04 15:18:45.062784+00:00,-9.094947017729282e-13,False
2026-03-04 18:37:22.575936+00:00,-8.748578209552446e-05,False
2026-03-04 18:37:22.575936+00:00,0.0,False
2026-03-05 04:33:15.117120+00:00,0.00028912456750029153,False
2026-03-05 04:33:15.117120+00:00,0.0,False
2026-03-05 06:12:33.875424+00:00,-0.0005565758132817683,False
2026-03-05 06:12:33.875424+00:00,9.094947017729282e-13,False
2026-03-05 14:29:07.651392+00:00,-0.00031989045988431366,False
2026-03-05 14:29:07.651392+00:00,0.0,False
2026-03-05 17:47:45.158496+00:00,-0.00017986122286322466,False
2026-03-05 17:47:45.158496+00:00,0.0,False
2026-03-05 19:27:03.912480+00:00,-4.427092758560938e-05,False
2026-03-05 19:27:03.912480+00:00,0.0,False
2026-03-05 22:45:41.426496+00:00,0.0009705469857768338,False
2026-03-05 22:45:41.426496+00:00,0.0,False
2026-03-06 07:02:15.192960+00:00,-0.0010879956879605765,False
2026-03-06 07:02:15.192960+00:00,0.0,False
2026-03-06 15:18:48.949056+00:00,-0.00038542966273422477,False
2026-03-06 15:18:48.949056+00:00,-9.094947017729282e-13,False
2026-03-06 18:37:26.450112+00:00,-0.00015907336917526886,False
2026-03-06 18:37:26.450112+00:00,0.0,False
2026-03-07 04:33:18.955872+00:00,0.0006425659629414182,False
2026-03-07 04:33:18.955872+00:00,0.0,False
2026-03-07 06:12:37.699488+00:00,-0.00129524738318377,False
2026-03-07 06:12:37.699488+00:00,0.0,False
2026-03-07 11:10:33.945024+00:00,-0.0001569165991426888,False
2026-03-07 11:10:33.945024+00:00,-1.8189894035458565e-12,False
2026-03-07 14:29:11.444352+00:00,0.00010672864254549852,False
2026-03-07 14:29:11.444352+00:00,0.0,False
2026-03-07 22:45:45.176256+00:00,-0.00037385934215086985,False
2026-03-07 22:45:45.176256+00:00,0.0,False
2026-03-08 00:25:03.922464+00:00,-3.6856260182025895e-05,False
2026-03-08 00:25:03.922464+00:00,0.0,False
2026-03-08 03:43:41.414016+00:00,-9.568632272176998e-05,False
2026-03-08 03:43:41.414016+00:00,0.0,False
2026-03-08 12:00:15.143328+00:00,-0.0001685503641442195,False
2026-03-08 12:00:15.143328+00:00,0.0,False
2026-03-08 13:39:33.887808+00:00,-9.860876950772802e-05,False
2026-03-08 13:39:33.887808+00:00,0.0,False
2026-03-08 21:56:07.605024+00:00,0.00022833527643053523,False
2026-03-08 21:56:07.605024+00:00,0.0,False
2026-03-09 11:10:37.555680+00:00,-2.9247456097834237e-05,False
2026-03-09 11:10:37.555680+00:00,0.0,False
2026-03-09 14:29:15.042048+00:00,-0.00021877671964474132,False
2026-03-09 14:29:15.042048+00:00,9.094947017729282e-13,False
2026-03-09 19:27:11.265984+00:00,-0.0001941541607567015,False
2026-03-09 19:27:11.265984+00:00,0.0,False
2026-03-09 21:06:30.002688+00:00,-1.6315862719285424e-05,False
2026-03-09 21:06:30.002688+00:00,-9.094947017729282e-13,False
2026-03-10 05:23:03.699168+00:00,-0.0004115045487803725,False
2026-03-10 05:23:03.699168+00:00,0.0,False
2026-03-10 07:02:22.440192+00:00,-9.030317896754669e-07,False
2026-03-10 07:02:22.440192+00:00,0.0,False
2026-03-10 12:00:18.664128+00:00,-5.6273781516443867e-05,False
2026-03-10 12:00:18.664128+00:00,0.0,False
2026-03-10 20:16:52.352832+00:00,2.9795456336314326e-05,False
2026-03-10 20:16:52.352832+00:00,0.0,False
2026-03-10 23:35:29.830560+00:00,-3.265672810379475e-05,False
2026-03-10 23:35:29.830560+00:00,0.0,False
2026-03-11 04:33:26.040672+00:00,-0.00025109800922129745,False
2026-03-11 04:33:26.040672+00:00,0.0,False
2026-03-11 06:12:44.778240+00:00,-5.1990463720366775e-05,False
2026-03-11 06:12:44.778240+00:00,0.0,False
2026-03-11 12:49:59.731968+00:00,-2.9874446973439752e-05,False
2026-03-11 12:49:59.731968+00:00,0.0,False
2026-03-11 21:06:33.414624+00:00,-8.940512206650065e-07,False
2026-03-11 21:06:33.414624+00:00,0.0,False
2026-03-11 22:45:52.151328+00:00,3.161486574694389e-05,False
2026-03-11 22:45:52.151328+00:00,0.0,False
2026-03-12 03:43:48.358848+00:00,-0.0006348337466157731,False
2026-03-12 03:43:48.358848+00:00,0.0,False
2026-03-12 07:02:25.827936+00:00,-0.00011838469709819926,False
2026-03-12 07:02:25.827936+00:00,0.0,False
2026-03-12 15:18:59.501952+00:00,-0.0003130346269561901,False
2026-03-12 15:18:59.501952+00:00,0.0,False
2026-03-12 16:58:18.235200+00:00,-3.5567458277628485e-05,False
2026-03-12 16:58:18.235200+00:00,0.0,False
2026-03-12 20:16:55.700832+00:00,0.00010736632075456447,False
2026-03-12 20:16:55.700832+00:00,0.0,False
2026-03-12 23:35:33.167328+00:00,-9.678016658150012e-05,False
2026-03-12 23:35:33.167328+00:00,-9.094947017729282e-13,False
2026-03-13 14:29:21.763104+00:00,-0.00036231213143161705,False
2026-03-13 14:29:21.763104+00:00,0.0,False
2026-03-13 22:45:55.420704+00:00,0.0002616323786079202,False
2026-03-13 22:45:55.420704+00:00,0.0,False
2026-03-14 07:02:29.073120+00:00,-8.704495134267921e-05,False
2026-03-14 07:02:29.073120+00:00,0.0,False
2026-03-14 15:19:02.714304+00:00,-0.0003489606842255029,False
2026-03-14 15:19:02.714304+00:00,9.094947017729282e-13,False
2026-03-14 21:56:17.631744+00:00,0.00020991672010674245,False
2026-03-14 21:56:17.631744+00:00,0.0,False
2026-03-15 06:12:51.274656+00:00,0.0001591259056576915,False
2026-03-15 06:12:51.274656+00:00,1.8189894035458565e-12,False
2026-03-15 14:29:24.916704+00:00,0.0002322513694981711,False
2026-03-15 14:29:24.916704+00:00,0.0,False
2026-03-15 22:45:58.550112+00:00,-0.0001567876481690097,False
2026-03-15 22:45:58.550112+00:00,9.094947017729282e-13,False
2026-03-16 07:02:32.181792+00:00,-0.0005546466219715778,False
2026-03-16 07:02:32.181792+00:00,0.0,False
2026-03-16 20:17:01.993344+00:00,0.0002372782562535124,False
2026-03-16 20:17:01.993344+00:00,0.0,False
2026-03-17 04:33:35.622432+00:00,-0.00019574055094588035,False
2026-03-17 04:33:35.622432+00:00,0.0,False
2026-03-17 06:12:54.347040+00:00,-2.5487852203799006e-05,False
2026-03-17 06:12:54.347040+00:00,9.094947017729282e-13,False
2026-03-17 14:29:27.971808+00:00,-5.063655883805895e-05,False
2026-03-17 14:29:27.971808+00:00,0.0,False
2026-03-17 21:06:42.865056+00:00,-0.00013244735808057333,False
2026-03-17 21:06:42.865056+00:00,0.0,False
2026-03-17 22:46:01.590528+00:00,0.00013225396722377772,False
2026-03-17 22:46:01.590528+00:00,0.0,False
2026-03-18 07:02:35.209248+00:00,-0.00041466784409705356,False
2026-03-18 07:02:35.209248+00:00,0.0,False
2026-03-18 12:00:31.378752+00:00,-1.8631333398789118e-06,False
2026-03-18 12:00:31.378752+00:00,0.0,False
2026-03-18 15:19:08.824512+00:00,-5.5744756235206984e-05,False
2026-03-18 15:19:08.824512+00:00,0.0,False
2026-03-18 20:17:04.991424+00:00,8.143045608472588e-05,False
2026-03-18 20:17:04.991424+00:00,0.0,False
2026-03-18 21:56:23.713440+00:00,-6.464025291222551e-06,False
2026-03-18 21:56:23.713440+00:00,0.0,False
2026-03-19 06:12:57.331296+00:00,-7.179581442310571e-05,False
2026-03-19 06:12:57.331296+00:00,0.0,False
2026-03-19 21:06:45.825984+00:00,1.5231443443924691e-06,False
2026-03-19 21:06:45.825984+00:00,0.0,False
2026-03-19 22:46:04.548000+00:00,4.070669388653373e-05,False
2026-03-19 22:46:04.548000+00:00,0.0,False
2026-03-20 03:44:00.709728+00:00,-6.621810401647051e-05,False
2026-03-20 03:44:00.709728+00:00,-9.094947017729282e-13,False
2026-03-20 07:02:38.160672+00:00,8.776108937587809e-05,False
2026-03-20 07:02:38.160672+00:00,0.0,False
2026-03-20 12:00:34.318944+00:00,-0.00026915846603880935,False
2026-03-20 12:00:34.318944+00:00,0.0,False
2026-03-20 20:17:07.921248+00:00,0.0001590658747677132,False
2026-03-20 20:17:07.921248+00:00,9.094947017729282e-13,False
2026-03-20 21:56:26.641536+00:00,8.752935542676679e-05,False
2026-03-20 21:56:26.641536+00:00,0.0,False
2026-03-21 06:13:00.235200+00:00,0.00010493513714362806,False
2026-03-21 06:13:00.235200+00:00,0.0,False
2026-03-21 14:29:33.818496+00:00,-0.0006017150472914688,False
2026-03-21 14:29:33.818496+00:00,0.0,False
2026-03-21 21:06:48.683232+00:00,-0.00015757957527707807,False
2026-03-21 21:06:48.683232+00:00,0.0,False
2026-03-22 07:02:40.982496+00:00,-0.0003242762878318835,False
2026-03-22 07:02:40.982496+00:00,0.0,False
2026-03-22 21:56:29.410656+00:00,5.076699462519736e-05,False
2026-03-22 21:56:29.410656+00:00,9.094947017729282e-13,False
2026-03-23 06:13:02.975808+00:00,-0.00020190285501384977,False
2026-03-23 06:13:02.975808+00:00,0.0,False
2026-03-23 12:50:17.830176+00:00,0.0003785475613632841,False
2026-03-23 12:50:17.830176+00:00,-9.094947017729282e-13,False
2026-03-23 22:46:13.205280+00:00,0.4119880888995978,False
2026-03-23 22:46:13.205280+00:00,0.0,False
2026-03-24 07:02:49.338240+00:00,-0.0015230853268846923,False
2026-03-24 07:02:49.338240+00:00,0.0,False
2026-03-24 12:00:47.018880+00:00,0.00023389789047407295,False
2026-03-24 12:00:47.018880+00:00,0.0,False
2026-03-24 23:36:01.606752+00:00,-5.112225837482112e-06,False
2026-03-24 23:36:01.606752+00:00,-9.094947017729282e-13,False
2026-03-25 14:29:54.629664+00:00,-9.720082501730575e-05,False
2026-03-25 14:29:54.629664+00:00,0.0,False
2026-03-25 19:27:52.301664+00:00,7.303477393359319e-05,False
2026-03-25 19:27:52.301664+00:00,0.0,False
2026-03-25 22:46:30.755712+00:00,5.111463534822065e-05,False
2026-03-25 22:46:30.755712+00:00,0.0,False
2026-03-26 03:44:28.425120+00:00,-0.00014940530958679703,False
2026-03-26 03:44:28.425120+00:00,0.0,False
2026-03-26 07:03:06.872256+00:00,-9.117410191920706e-05,False
2026-03-26 07:03:06.872256+00:00,0.0,False
2026-03-26 12:01:04.539936+00:00,8.802165951029049e-05,False
2026-03-26 12:01:04.539936+00:00,1.8189894035458565e-12,False
2026-03-26 20:17:40.653888+00:00,-0.00010396727534619946,False
2026-03-26 20:17:40.653888+00:00,0.0,False
2026-03-26 21:56:59.876160+00:00,3.154273395379007e-05,False
2026-03-26 21:56:59.876160+00:00,9.094947017729282e-13,False
2026-03-27 04:34:16.766976+00:00,0.00012342007935452697,False
2026-03-27 04:34:16.766976+00:00,0.0,False
2026-03-27 06:13:35.990112+00:00,1.9129148887280325e-05,False
2026-03-27 06:13:35.990112+00:00,0.0,False
2026-03-27 14:30:12.098016+00:00,0.0001789138643121564,False
2026-03-27 14:30:12.098016+00:00,0.0,False
2026-03-27 17:48:50.539104+00:00,3.6758900255859297e-05,False
2026-03-27 17:48:50.539104+00:00,0.0,False
2026-03-27 19:28:09.761376+00:00,-0.00017785826221848215,False
2026-03-27 19:28:09.761376+00:00,0.0,False
2026-03-27 21:07:28.981920+00:00,-3.249250115605807e-05,False
2026-03-27 21:07:28.981920+00:00,1.8189894035458565e-12,False
2026-03-28 03:44:45.862368+00:00,8.389624157396263e-07,False
2026-03-28 03:44:45.862368+00:00,0.0,False
2026-03-28 03:44:45.863232+00:00,1.7720522881770086e-11,False
2026-03-28 03:44:45.863232+00:00,0.0,False
2026-03-28 12:01:21.958176+00:00,-0.0002706664281491097,False
2026-03-28 12:01:21.958176+00:00,0.0,False
2026-03-28 13:40:41.177856+00:00,1.9967439651228774e-05,False
2026-03-28 13:40:41.177856+00:00,0.0,False
2026-03-28 20:17:58.052256+00:00,-0.00017367328600428108,False
2026-03-28 20:17:58.052256+00:00,0.0,False
2026-03-28 21:57:17.271072+00:00,3.398340878935422e-05,False
2026-03-28 21:57:17.271072+00:00,9.094947017729282e-13,False
2026-03-29 04:34:34.136832+00:00,-0.0007072237886797782,False
2026-03-29 04:34:34.136832+00:00,0.0,False
2026-03-30 03:45:03.170016+00:00,0.00038500174122549184,False
2026-03-30 05:24:22.390560+00:00,2.5485365291112413e-05,False
2026-03-30 12:01:39.247680+00:00,1.550937898799358e-05,False
2026-03-30 13:40:58.462176+00:00,-5.827221929297199e-05,False
2026-03-30 21:57:34.534656+00:00,0.00019305929046570193,False
2026-03-31 04:34:51.391776+00:00,-0.00023404865657032615,False
2026-03-31 06:14:10.603680+00:00,-7.593925382695999e-05,False
2026-03-31 11:12:08.241120+00:00,-1.3458238313437607e-05,False
2026-03-31 12:51:27.453888+00:00,-3.1255303622676085e-05,False
2026-03-31 19:28:44.298912+00:00,-0.00012595203749163965,False
2026-03-31 22:47:22.722720+00:00,2.7660901239981667e-05,False
2026-03-31 22:47:22.722720+00:00,0.0,False
2026-04-01 03:45:20.354976+00:00,-0.00012445999513576795,False
2026-04-01 03:45:20.354976+00:00,0.0,False
2026-04-01 05:24:39.572928+00:00,0.000953908201781658,False
2026-04-01 05:24:39.572928+00:00,0.0,False
2026-04-01 12:01:56.417088+00:00,-0.0005736499637414755,False
2026-04-01 12:01:56.417088+00:00,0.0,False
2026-04-01 20:18:32.463648+00:00,-1.937012568045042e-05,False
2026-04-01 20:18:32.463648+00:00,0.0,False
2026-04-01 21:57:51.673824+00:00,4.124537856402751e-05,False
2026-04-01 21:57:51.673824+00:00,0.0,False
2026-04-02 04:35:08.505888+00:00,-0.0012131852562276939,False
2026-04-02 04:35:08.505888+00:00,0.0,False
2026-04-02 06:14:27.713472+00:00,-1.829946506883015e-05,False
2026-04-02 06:14:27.713472+00:00,0.0,False
2026-04-02 14:31:03.757440+00:00,0.0010764841163313508,False
2026-04-02 14:31:03.757440+00:00,0.0,False
2026-04-02 19:29:01.353408+00:00,-0.0016649421687010043,False
2026-04-02 19:29:01.353408+00:00,0.0,False
2026-04-02 22:47:39.764256+00:00,6.390126946782961e-05,False
2026-04-02 22:47:39.764256+00:00,0.0,False
2026-04-03 05:24:56.588544+00:00,-0.0005529278851284324,False
2026-04-03 05:24:56.588544+00:00,0.0,False
2026-04-03 12:02:13.402464+00:00,-0.0003942329609998617,False
2026-04-03 12:02:13.402464+00:00,0.0,False
2026-04-03 15:20:51.806400+00:00,-0.00014712189405507016,False
2026-04-03 15:20:51.806400+00:00,0.0,False
2026-04-03 20:18:49.403232+00:00,7.752663012458832e-05,False
2026-04-03 20:18:49.403232+00:00,0.0,False
2026-04-03 21:58:08.603040+00:00,-6.78303736327891e-05,False
2026-04-03 21:58:08.603040+00:00,0.0,False
2026-04-04 06:14:44.602944+00:00,9.38773596583604e-06,False
2026-04-04 06:14:44.602944+00:00,0.0,False
2026-04-04 12:52:01.421184+00:00,0.00013402888750556124,False
2026-04-04 12:52:01.421184+00:00,0.0,False
2026-04-04 19:29:18.215232+00:00,0.0005594816077809353,False
2026-04-04 19:29:18.215232+00:00,0.0,False
2026-04-04 21:08:37.415040+00:00,-5.643775623596694e-06,False
2026-04-04 21:08:37.415040+00:00,0.0,False
2026-04-05 07:04:32.606112+00:00,-0.0005690297204189563,False
2026-04-05 07:04:32.606112+00:00,0.0,False
2026-04-05 12:02:30.202080+00:00,-0.0002216735610981551,False
2026-04-05 12:02:30.202080+00:00,0.0,False
2026-04-05 13:41:49.400160+00:00,-6.431514760102581e-05,False
2026-04-05 13:41:49.400160+00:00,0.0,False
2026-04-05 20:19:06.186432+00:00,0.00022833643257795755,False
2026-04-05 20:19:06.186432+00:00,0.0,False
2026-04-05 21:58:25.384512+00:00,5.378375777285023e-06,False
2026-04-05 21:58:25.384512+00:00,0.0,False
2026-04-06 06:15:01.363680+00:00,-0.00026551609704983023,False
2026-04-06 06:15:01.363680+00:00,0.0,False
2026-04-06 22:48:13.319424+00:00,-0.00013668468674982713,False
2026-04-06 22:48:13.319424+00:00,0.0,False
2026-04-07 03:46:10.904160+00:00,-1.965429964441743e-05,False
2026-04-07 03:46:10.904160+00:00,0.0,False
2026-04-07 05:25:30.097920+00:00,-0.00013916338760397987,False
2026-04-07 05:25:30.097920+00:00,0.0,False
2026-04-07 13:42:06.073632+00:00,-6.01005046311852e-05,False
2026-04-07 13:42:06.073632+00:00,0.0,False
2026-04-07 20:19:22.846080+00:00,0.00010185271180634779,False
2026-04-07 21:58:42.039840+00:00,-5.120366192915135e-07,False
2026-04-08 04:35:58.808832+00:00,-0.00015058332682934937,False
2026-04-08 06:15:18.002592+00:00,-1.5453159332773527e-05,False
2026-04-08 14:31:53.971392+00:00,-2.8804155790036095e-05,False
2026-04-08 22:48:29.930688+00:00,6.623825738896901e-05,False
2026-04-08 22:48:29.930688+00:00,0.0,False
2026-04-08 22:48:29.930688+00:00,0.0,False
2026-04-09 03:46:27.507648+00:00,-0.0006579911272785647,False
2026-04-09 03:46:27.507648+00:00,0.0,False
2026-04-09 03:46:27.507648+00:00,0.0,False
2026-04-09 07:05:05.889984+00:00,-0.00011887239295636768,False
2026-04-09 07:05:05.889984+00:00,0.0,False
2026-04-09 07:05:05.889984+00:00,0.0,False
2026-04-09 13:42:22.654656+00:00,-0.00026550799381041716,False
2026-04-09 13:42:22.654656+00:00,0.0,False
2026-04-09 13:42:22.654656+00:00,0.0,False
2026-04-09 20:19:39.415008+00:00,0.0001991872970561236,False
2026-04-09 20:19:39.415008+00:00,0.0,False
2026-04-09 20:19:39.415008+00:00,0.0,False
2026-04-09 21:58:58.607040+00:00,2.793221270191316e-05,False
2026-04-09 21:58:58.607040+00:00,0.0,False
2026-04-10 04:36:15.368256+00:00,-0.0002883701083007774,False
2026-04-10 04:36:15.368256+00:00,0.0,False
2026-04-10 04:36:15.368256+00:00,0.0,False
2026-04-10 11:13:32.127744+00:00,0.0001128201757291963,False
2026-04-10 11:13:32.127744+00:00,0.0,False
2026-04-10 21:09:27.265248+00:00,-4.666396919215661e-05,False
2026-04-10 21:09:27.265248+00:00,0.0,False
2026-04-11 03:46:44.029056+00:00,0.0003930913629002959,False
2026-04-11 03:46:44.029056+00:00,0.0,False
2026-04-11 07:05:22.409664+00:00,-4.070160554071425e-05,False
2026-04-11 07:05:22.409664+00:00,0.0,False
2026-04-11 12:03:19.975392+00:00,-8.979085912143515e-05,False
2026-04-11 12:03:19.975392+00:00,0.0,False
2026-04-11 20:19:55.925184+00:00,0.00022252213996591463,False
2026-04-11 20:19:55.925184+00:00,0.0,False
2026-04-11 21:59:15.114624+00:00,2.372872593511172e-05,False
2026-04-12 04:36:31.870656+00:00,2.310306943220609e-05,False
2026-04-12 06:15:51.060096+00:00,-1.0164753378248518e-05,False
2026-04-12 11:13:48.628416+00:00,7.024445235652904e-05,False
2026-04-12 19:30:24.571296+00:00,4.958336412523492e-06,False
2026-04-12 22:49:02.948448+00:00,4.114604352485512e-05,False
2026-04-13 02:07:41.324736+00:00,-7.123859265553234e-07,False
2026-04-13 05:26:19.705344+00:00,2.0345827616000453e-05,False
2026-04-13 21:59:31.588512+00:00,6.276304250058516e-05,False
2026-04-14 04:36:48.341088+00:00,1.2339125372149774e-05,False
2026-04-14 11:14:02.485248+00:00,-0.51874608594544,False
2026-04-14 19:30:35.155296+00:00,-0.0008786313080864905,False
2026-04-14 21:09:53.686368+00:00,-0.0004140596183937046,False
2026-04-15 03:47:07.820160+00:00,-5.2660801852378225e-05,False
2026-04-15 05:26:26.353824+00:00,-2.053678270710622e-06,False
2026-04-15 12:03:40.485024+00:00,-6.693861525286716e-05,False
2026-04-15 13:42:59.019552+00:00,-2.127432064906787e-05,False
2026-04-15 18:40:54.617952+00:00,4.871163386906786e-05,False
2026-04-15 21:59:31.687008+00:00,0.00013144909599686303,False
2026-04-16 06:16:04.353600+00:00,-0.0002088478403674909,False
2026-04-16 17:51:14.084064+00:00,-5.744704894044194e-06,False
2026-04-16 19:30:32.616000+00:00,-8.016181524039058e-06,False
2026-04-16 22:49:09.683328+00:00,9.442924909255362e-05,False
2026-04-17 05:26:23.815392+00:00,-9.546778020037925e-05,False
2026-04-17 21:59:29.139072+00:00,0.0001981660895328379,False
2026-04-17 21:59:29.139072+00:00,0.0,False
2026-04-18 06:16:01.801344+00:00,0.00013152881165759086,False
2026-04-18 06:16:01.801344+00:00,0.0,False
2026-04-18 12:53:15.923904+00:00,0.0001965074060972879,False
2026-04-18 12:53:15.923904+00:00,0.0,False
2026-04-18 19:30:30.054240+00:00,0.00023202980825173683,False
2026-04-18 19:30:30.054240+00:00,0.0,False
2026-04-18 22:49:07.116384+00:00,0.00012790201731093103,False
2026-04-19 03:47:02.708736+00:00,-4.65334853031035e-05,False
2026-04-19 05:26:21.240672+00:00,4.326557735080113e-05,False
2026-04-19 12:03:35.360640+00:00,0.00012458418302868776,False
2026-04-19 13:42:53.892576+00:00,-4.3648106334578485e-06,False
2026-04-19 18:40:49.483200+00:00,0.00012856767915663328,False
2026-04-19 21:59:26.547936+00:00,0.0001217515525697372,False
2026-04-20 04:36:40.671360+00:00,0.00011399510109299577,False
2026-04-20 06:15:59.199840+00:00,-4.392142153128076e-05,False
2026-04-20 11:13:54.787008+00:00,9.308370899484438e-06,False
2026-04-20 12:53:13.316352+00:00,-3.048571475063794e-05,False
2026-04-20 21:09:45.963936+00:00,0.00014497793061078496,False
2026-04-21 12:03:32.721984+00:00,0.00022211402635208927,False
2026-04-21 15:22:09.780672+00:00,5.909469878967962e-05,False
2026-04-21 20:20:05.366112+00:00,1.1196585038801793e-05,False
2026-04-21 21:59:23.894592+00:00,7.45302742527472e-05,False
2026-04-21 21:59:23.894592+00:00,0.0,False
2026-04-22 02:57:19.476576+00:00,-9.66640960236865e-06,False
2026-04-22 02:57:19.476576+00:00,0.0,False
2026-04-22 06:15:56.535264+00:00,-1.4439801373550921e-05,False
2026-04-22 06:15:56.535264+00:00,0.0,False
2026-04-22 12:53:10.647456+00:00,0.00025193199422457154,False
2026-04-22 12:53:10.647456+00:00,0.0,False
2026-04-22 19:30:24.757056+00:00,5.390516612654577e-05,False
2026-04-22 19:30:24.757056+00:00,0.0,False
2026-04-22 21:09:43.284672+00:00,-0.00015571589205253238,False
2026-04-22 21:09:43.284672+00:00,0.0,False
2026-04-23 03:46:57.393408+00:00,-8.43813802790458e-06,False
2026-04-23 03:46:57.393408+00:00,0.0,False
2026-04-23 05:26:15.920160+00:00,3.786571990440981e-06,False
2026-04-23 05:26:15.920160+00:00,0.0,False
2026-04-23 12:03:30.027168+00:00,0.0001002811219239214,False
2026-04-23 12:03:30.027168+00:00,0.0,False
2026-04-23 17:01:25.607424+00:00,-0.00010468471010990606,False
2026-04-23 17:01:25.607424+00:00,0.0,False
2026-04-24 04:36:35.290368+00:00,-4.216867145205919e-05,False
2026-04-24 04:36:35.290368+00:00,0.0,False
2026-04-24 06:15:53.815392+00:00,-3.858536007845678e-05,False
2026-04-24 06:15:53.815392+00:00,0.0,False
2026-04-24 11:13:49.394784+00:00,0.00020310912067159526,False
2026-04-24 11:13:49.394784+00:00,0.0,False
2026-04-24 19:30:22.023360+00:00,8.84044381908104e-05,False
2026-04-24 19:30:22.023360+00:00,0.0,False
2026-04-24 21:09:40.549248+00:00,5.544112773106635e-05,False
2026-04-24 21:09:40.549248+00:00,0.0,False
2026-04-25 03:46:54.642432+00:00,-0.00032229852543450585,False
2026-04-25 03:46:54.642432+00:00,0.0,False
2026-04-25 05:26:13.167456+00:00,3.6052364173189854e-05,False
2026-04-25 05:26:13.167456+00:00,0.0,False
2026-04-25 12:03:27.266688+00:00,0.000365575755362536,False
2026-04-25 12:03:27.266688+00:00,0.0,False
2026-04-25 18:40:41.363328+00:00,0.0001376343028481415,False
2026-04-25 18:40:41.363328+00:00,0.0,False
2026-04-25 21:59:18.409920+00:00,-0.0003008192322997566,False
2026-04-25 21:59:18.409920+00:00,0.0,False
2026-04-26 11:13:46.591968+00:00,-6.8644800041797e-05,False
2026-04-26 11:13:46.591968+00:00,0.0,False
2026-04-26 11:13:46.592832+00:00,1.9120635125513787e-11,False
2026-04-26 11:13:46.592832+00:00,0.0,False
2026-04-26 19:30:19.204128+00:00,0.00036516064319480656,False
2026-04-26 19:30:19.204128+00:00,0.0,False
2026-04-26 21:09:37.727424+00:00,6.732312343177892e-05,False
2026-04-26 21:09:37.727424+00:00,0.0,False
2026-04-27 03:46:51.809376+00:00,-0.0002801562649513166,False
2026-04-27 03:46:51.809376+00:00,0.0,False
2026-04-27 07:05:28.852512+00:00,9.119951583885907e-05,False
2026-04-27 07:05:28.852512+00:00,0.0,False
2026-04-27 12:03:24.420672+00:00,0.0003815670659764428,False
2026-04-27 12:03:24.420672+00:00,0.0,False
2026-04-27 18:40:38.505216+00:00,0.00012846307044062815,False
2026-04-27 18:40:38.505216+00:00,0.0,False
2026-04-27 21:59:15.544032+00:00,-0.00011399934394450774,False
2026-04-27 21:59:15.544032+00:00,0.0,False
2026-04-28 04:36:29.628576+00:00,1.5857594260400255e-05,False
2026-04-28 04:36:29.628576+00:00,0.0,False
2026-04-28 06:15:48.147552+00:00,-0.00010400427049482164,False
2026-04-28 06:15:48.147552+00:00,0.0,False
2026-04-28 11:13:43.709664+00:00,0.00025097905851460795,False
2026-04-28 11:13:43.709664+00:00,0.0,False
2026-04-28 19:30:16.307136+00:00,7.854511365512314e-05,False
2026-04-28 19:30:16.307136+00:00,0.0,False
2026-04-28 21:09:34.826112+00:00,4.959443037832129e-05,False
2026-04-28 21:09:34.826112+00:00,0.0,False
2026-04-29 03:46:48.904608+00:00,-1.841365608136941e-05,False
2026-04-29 03:46:48.904608+00:00,0.0,False
2026-04-29 07:05:25.941696+00:00,-5.018269363259997e-05,False
2026-04-29 07:05:25.941696+00:00,0.0,False
2026-04-29 12:03:21.497760+00:00,-6.151517918649729e-06,False
2026-04-29 12:03:21.497760+00:00,0.0,False
2026-04-29 15:21:58.534848+00:00,-3.215394851377356e-05,False
2026-04-29 15:21:58.534848+00:00,0.0,False
2026-04-29 18:40:35.570208+00:00,4.564572789223829e-05,False
2026-04-29 18:40:35.570208+00:00,0.0,False
2026-04-29 21:59:12.602112+00:00,6.104913563426321e-05,False
2026-04-29 21:59:12.602112+00:00,0.0,False
2026-04-30 04:36:26.671104+00:00,0.00012075248627638961,False
2026-04-30 04:36:26.671104+00:00,0.0,False
2026-04-30 06:15:45.189216+00:00,1.1116722655618783e-05,False
2026-04-30 06:15:45.189216+00:00,0.0,False
2026-04-30 11:13:40.744416+00:00,0.00016940720345695002,False
2026-04-30 11:13:40.744416+00:00,0.0,False
2026-04-30 12:52:59.261664+00:00,-6.022222534147025e-06,False
2026-04-30 12:52:59.261664+00:00,0.0,False
2026-04-30 22:48:50.351328+00:00,-4.6528582811978256e-05,False
2026-04-30 22:48:50.351328+00:00,0.0,False
2026-05-01 03:46:45.897024+00:00,0.00011190659738666704,False
2026-05-01 03:46:45.897024+00:00,0.0,False
2026-05-01 05:26:04.407360+00:00,-0.0004769236662243231,False
2026-05-01 05:26:04.407360+00:00,0.0,False
2026-05-01 12:03:18.472032+00:00,0.0003347714169310181,False
2026-05-01 12:03:18.472032+00:00,0.0,False
2026-05-01 18:40:32.529792+00:00,0.0003817002421549682,False
2026-05-01 18:40:32.529792+00:00,0.0,False
2026-05-01 21:59:09.559104+00:00,0.00010604551171928704,False
2026-05-01 21:59:09.559104+00:00,0.0,False
2026-05-02 04:36:23.609088+00:00,-0.00038087550089935436,False
2026-05-02 04:36:23.609088+00:00,0.0,False
2026-05-02 11:13:37.659936+00:00,0.0001301631052202933,False
2026-05-02 11:13:37.659936+00:00,0.0,False
2026-05-02 12:52:56.177184+00:00,2.6277775254180357e-05,False
2026-05-02 12:52:56.177184+00:00,0.0,False
2026-05-02 19:30:10.224576+00:00,-3.7308068634895025e-05,False
2026-05-02 19:30:10.224576+00:00,0.0,False
2026-05-02 22:48:47.246976+00:00,0.00016009902122261186,False
2026-05-02 22:48:47.246976+00:00,0.0,False
2026-05-03 03:46:42.779712+00:00,-9.382913325807441e-05,False
2026-05-03 03:46:42.779712+00:00,0.0,False
2026-05-03 05:26:01.292640+00:00,1.0121270441427696e-05,False
2026-05-03 05:26:01.292640+00:00,0.0,False
2026-05-03 12:03:15.338304+00:00,0.00011252730529491908,False
2026-05-03 12:03:15.338304+00:00,0.0,False
2026-05-03 13:42:33.848640+00:00,-4.597951281042187e-05,False
2026-05-03 13:42:33.848640+00:00,0.0,False
2026-05-03 20:19:47.889984+00:00,0.00035697909544198147,False
2026-05-03 20:19:47.889984+00:00,0.0,False
2026-05-03 21:59:06.401184+00:00,6.926526042725763e-05,False
2026-05-03 21:59:06.401184+00:00,0.0,False
2026-05-04 02:57:01.931328+00:00,3.192574702849546e-05,False
2026-05-04 02:57:01.931328+00:00,0.0,False
2026-05-04 11:13:34.483008+00:00,9.972736499586055e-06,False
2026-05-04 11:13:34.483008+00:00,0.0,False
2026-05-04 12:52:52.992480+00:00,-2.869556779760144e-06,False
2026-05-04 12:52:52.992480+00:00,0.0,False
2026-05-04 19:30:07.026048+00:00,0.0002838290948470537,False
2026-05-04 19:30:07.026048+00:00,0.0,False
2026-05-05 05:25:58.063872+00:00,-0.0005015881399847841,False
2026-05-05 05:25:58.063872+00:00,0.0,False
2026-05-05 05:25:58.064736+00:00,2.033601649506907e-11,False
2026-05-05 05:25:58.064736+00:00,0.0,False
2026-05-05 12:03:12.101760+00:00,0.0003914857196850055,False
2026-05-05 12:03:12.101760+00:00,0.0,False
2026-05-05 18:40:26.130144+00:00,3.401851569406571e-05,False
2026-05-05 18:40:26.130144+00:00,0.0,False
2026-05-05 21:59:03.143904+00:00,0.00021446491040953556,False
2026-05-05 21:59:03.143904+00:00,0.0,False
2026-05-06 04:36:17.168832+00:00,-6.870876247487404e-05,False
2026-05-06 04:36:17.168832+00:00,0.0,False
2026-05-06 06:15:35.673120+00:00,-0.00010657654874895995,False
2026-05-06 06:15:35.673120+00:00,0.0,False
2026-05-06 11:13:31.192032+00:00,-9.73599138348428e-05,False
2026-05-06 11:13:31.192032+00:00,0.0,False
2026-05-06 12:52:49.698048+00:00,-2.4860320880456526e-05,False
2026-05-06 12:52:49.698048+00:00,0.0,False
2026-05-06 19:30:03.716928+00:00,-9.948495916061329e-06,False
2026-05-06 22:48:40.728960+00:00,0.00027084913507694744,False
2026-05-06 22:48:40.728960+00:00,0.0,False
2026-05-07 03:46:36.241824+00:00,-6.674341269647722e-05,False
2026-05-07 03:46:36.241824+00:00,0.0,False
2026-05-07 05:25:54.749568+00:00,1.4293836636089096e-05,False
2026-05-07 05:25:54.749568+00:00,0.0,False
2026-05-07 17:01:04.281312+00:00,-5.760996713714199e-05,False
2026-05-07 17:01:04.281312+00:00,0.0,False
2026-05-07 18:40:22.784736+00:00,3.7501431060698074e-05,False
2026-05-07 18:40:22.784736+00:00,0.0,False
2026-05-07 20:19:41.289024+00:00,0.00010018219457530236,False
2026-05-07 20:19:41.289024+00:00,0.0,False
2026-05-07 21:58:59.793312+00:00,5.8808232206936496e-05,False
2026-05-07 21:58:59.793312+00:00,0.0,False
2026-05-08 04:36:13.807008+00:00,2.4225611177013952e-05,False
2026-05-08 04:36:13.807008+00:00,0.0,False
2026-05-08 16:11:23.330112+00:00,0.00012966489772740883,False
2026-05-08 16:11:23.330112+00:00,0.0,False
2026-05-08 19:30:00.335232+00:00,1.661347512559277e-05,False
2026-05-08 19:30:00.335232+00:00,0.0,False
2026-05-08 22:48:37.341216+00:00,3.159748950665891e-05,False
2026-05-08 22:48:37.341216+00:00,0.0,False
2026-05-09 03:46:32.850624+00:00,0.00018125048438220724,False
2026-05-09 03:46:32.850624+00:00,0.0,False
2026-05-09 05:25:51.354912+00:00,2.097795237235078e-05,False
2026-05-09 05:25:51.354912+00:00,0.0,False
2026-05-09 12:03:05.363424+00:00,8.906168021905869e-05,False
2026-05-09 12:03:05.363424+00:00,0.0,False
2026-05-09 18:40:19.371072+00:00,4.527262919619082e-05,False
2026-05-09 18:40:19.371072+00:00,0.0,False
2026-05-09 21:58:56.374464+00:00,0.00015960970401877146,False
2026-05-09 21:58:56.374464+00:00,0.0,False
2026-05-10 04:36:10.382112+00:00,3.532090669142494e-05,False
2026-05-10 04:36:10.382112+00:00,0.0,False
2026-05-10 06:15:28.882944+00:00,-3.41850323294965e-05,False
2026-05-10 06:15:28.882944+00:00,0.0,False
2026-05-10 11:13:24.387168+00:00,6.165766232181074e-05,False
2026-05-10 11:13:24.387168+00:00,0.0,False
2026-05-10 19:29:56.891328+00:00,0.00012296222771111055,False
2026-05-10 19:29:56.891328+00:00,0.0,False
2026-05-11 03:46:29.394624+00:00,0.00020876643681484166,False
2026-05-11 03:46:29.394624+00:00,0.0,False
2026-05-11 03:46:29.395488+00:00,1.2409694211483254e-11,False
2026-05-11 03:46:29.395488+00:00,0.0,False
2026-05-11 12:03:01.898784+00:00,0.00014087922980617892,False
2026-05-11 12:03:01.898784+00:00,0.0,False
2026-05-11 13:42:20.400480+00:00,-3.262318444353079e-05,False
2026-05-11 13:42:20.400480+00:00,0.0,False
2026-05-11 20:19:34.400352+00:00,0.00017428546767612432,False
2026-05-11 20:19:34.400352+00:00,0.0,False
2026-05-11 21:58:52.900320+00:00,6.085930792717166e-05,False
2026-05-11 21:58:52.900320+00:00,0.0,False
2026-05-12 04:36:06.901056+00:00,-3.4558563302696606e-05,False
2026-05-12 04:36:06.901056+00:00,0.0,False
2026-05-12 06:15:25.401024+00:00,2.2698234618694e-06,False
2026-05-12 06:15:25.401024+00:00,0.0,False
2026-05-12 12:52:39.402624+00:00,0.00017731762062392684,False
2026-05-12 12:52:39.402624+00:00,0.0,False
2026-05-12 19:29:53.399904+00:00,8.542958117086803e-05,False
2026-05-12 19:29:53.399904+00:00,0.0,False
2026-05-12 22:48:30.398976+00:00,6.350731935460437e-05,False
2026-05-12 22:48:30.398976+00:00,0.0,False
2026-05-13 03:46:25.896288+00:00,3.7046518513335266e-05,False
2026-05-13 03:46:25.896288+00:00,0.0,False
2026-05-13 12:02:58.394400+00:00,3.962350520982327e-05,False
2026-05-13 12:02:58.394400+00:00,0.0,False
2026-05-13 20:19:30.885600+00:00,0.00013320965614888687,False
2026-05-13 20:19:30.885600+00:00,0.0,False
2026-05-13 21:58:49.385568+00:00,7.608740552331198e-05,False
2026-05-13 21:58:49.385568+00:00,0.0,False
2026-05-14 02:56:44.879424+00:00,2.2594067158620212e-05,False
2026-05-14 02:56:44.879424+00:00,0.0,False
2026-05-14 06:15:21.877632+00:00,-8.462254835540196e-05,False
2026-05-14 06:15:21.877632+00:00,0.0,False
2026-05-14 22:48:26.860032+00:00,0.0003209414227479583,False
2026-05-14 22:48:26.860032+00:00,0.0,False
2026-05-15 07:04:59.352096+00:00,0.00021843197582454416,False
2026-05-15 07:04:59.352096+00:00,0.0,False
2026-05-16 04:35:59.812800+00:00,0.0006066082396109871,False
2026-05-16 04:35:59.812800+00:00,0.0,False
2026-05-16 11:13:13.792800+00:00,-3.302910378588582e-05,False
2026-05-16 11:13:13.792800+00:00,0.0,False
2026-05-16 11:13:13.793664+00:00,-3.2627736724428078e-06,False
2026-05-16 11:13:13.793664+00:00,0.0,False
2026-05-16 19:29:46.272768+00:00,0.00015550708405204287,False
2026-05-16 19:29:46.272768+00:00,0.0,False
2026-05-16 22:48:23.264928+00:00,0.00010623671705204909,False
2026-05-16 22:48:23.264928+00:00,0.0,False
2026-05-17 03:46:18.750144+00:00,-7.721350751413762e-05,False
2026-05-17 03:46:18.750144+00:00,0.0,False
2026-05-17 12:02:51.225792+00:00,0.00011199485041647603,False
2026-05-17 12:02:51.225792+00:00,0.0,False
2026-05-17 13:42:09.720576+00:00,-3.823206998259495e-05,False
2026-05-17 13:42:09.720576+00:00,0.0,False
2026-05-17 18:40:05.204064+00:00,7.901272771925112e-05,False
2026-05-17 18:40:05.204064+00:00,0.0,False
2026-05-17 21:58:42.191904+00:00,2.3257987599713e-05,False
2026-05-17 21:58:42.191904+00:00,0.0,False
2026-05-18 04:35:56.171040+00:00,0.00011001320370690552,False
2026-05-18 04:35:56.171040+00:00,0.0,False
2026-05-18 11:13:10.146720+00:00,4.401660492913751e-05,False
2026-05-18 11:13:10.146720+00:00,0.0,False
2026-05-18 19:29:42.612000+00:00,1.8162893484037035e-05,False
2026-05-18 19:29:42.612000+00:00,0.0,False
2026-05-18 22:48:19.598976+00:00,8.631087842845845e-05,False
2026-05-18 22:48:19.598976+00:00,0.0,False
2026-05-19 05:25:33.572064+00:00,0.00018819638450176502,False
2026-05-19 05:25:33.572064+00:00,0.0,False
2026-05-19 12:02:47.540832+00:00,8.692600536453258e-05,False
2026-05-19 12:02:47.540832+00:00,0.0,False
2026-05-19 20:19:20.000928+00:00,7.095659823346385e-05,False
2026-05-19 20:19:20.000928+00:00,0.0,False
2026-05-19 21:58:38.493984+00:00,3.497713596995792e-05,False
2026-05-19 21:58:38.493984+00:00,0.0,False
2026-05-20 04:35:52.460160+00:00,2.4679306242508347e-05,False
2026-05-20 04:35:52.460160+00:00,0.0,False
2026-05-20 06:15:10.949760+00:00,-8.539902592978432e-05,False
2026-05-20 06:15:10.949760+00:00,0.0,False
2026-05-20 11:13:06.422880+00:00,0.00012002309221882863,False
2026-05-20 11:13:06.422880+00:00,0.0,False
2026-05-20 12:52:24.913344+00:00,4.601834670736352e-05,False
2026-05-20 12:52:24.913344+00:00,0.0,False
2026-05-20 21:08:57.368256+00:00,9.769911006435566e-06,False
2026-05-20 21:08:57.368256+00:00,0.0,False
2026-05-21 05:25:29.818848+00:00,-1.1878679817845406e-05,False
2026-05-21 05:25:29.818848+00:00,0.0,False
2026-05-21 13:42:02.265984+00:00,5.124833932913358e-05,False
2026-05-21 13:42:02.265984+00:00,0.0,False
2026-05-21 17:00:39.244320+00:00,5.8103990692096605e-05,False
2026-05-21 17:00:39.244320+00:00,0.0,False
2026-05-21 20:19:16.221792+00:00,-5.469095192381487e-05,False
2026-05-21 20:19:16.221792+00:00,0.0,False
2026-05-21 21:58:34.712256+00:00,7.887189871654393e-05,False
2026-05-21 21:58:34.712256+00:00,0.0,False
2026-05-22 06:15:07.154208+00:00,-8.614261140829096e-05,False
2026-05-22 06:15:07.154208+00:00,0.0,False
2026-05-22 12:52:21.104832+00:00,5.895428190272307e-05,False
2026-05-22 12:52:21.104832+00:00,0.0,False
2026-05-22 17:50:16.566720+00:00,5.027800706864123e-05,False
2026-05-22 17:50:16.566720+00:00,0.0,False
2026-05-23 05:25:25.978368+00:00,-4.3744169793206154e-05,False
2026-05-23 05:25:25.978368+00:00,0.0,False
2026-05-23 12:02:39.923808+00:00,0.00011088858299282688,False
2026-05-23 12:02:39.923808+00:00,0.0,False
2026-05-23 18:39:53.869248+00:00,5.5777035440343875e-05,False
2026-05-24 04:35:44.780928+00:00,-0.0001748260941110707,False
2026-05-24 04:35:44.780928+00:00,0.0,False
2026-05-24 21:08:49.627680+00:00,0.00015331153973154347,False
2026-05-24 21:08:49.627680+00:00,0.0,False
2026-05-25 03:46:03.561024+00:00,9.442189074046898e-05,False
2026-05-25 03:46:03.561024+00:00,0.0,False
2026-05-25 12:02:35.977920+00:00,-0.0001325624453054644,False
2026-05-25 12:02:35.977920+00:00,0.0,False
2026-05-25 13:41:54.462336+00:00,8.911997645068455e-07,False
2026-05-25 13:41:54.462336+00:00,0.0,False
2026-05-26 06:14:59.278848+00:00,-0.0002907988594750956,False
2026-05-26 06:14:59.278848+00:00,0.0,False
2026-05-26 12:52:13.205280+00:00,0.000219537369713914,False
2026-05-26 12:52:13.205280+00:00,0.0,False
2026-05-26 21:08:45.604896+00:00,-0.00015202984204649983,False
2026-05-26 21:08:45.604896+00:00,0.0,False
2026-05-27 03:45:59.520096+00:00,-5.554496262383929e-05,False
2026-05-27 03:45:59.520096+00:00,0.0,False
2026-05-27 05:25:17.995008+00:00,-0.00041308054306025944,False
2026-05-27 05:25:17.995008+00:00,0.0,False
2026-05-27 12:02:31.911072+00:00,0.000250304031493475,False
2026-05-27 12:02:31.911072+00:00,0.0,False
2026-05-27 13:41:50.389440+00:00,-7.441918446788044e-05,False
2026-05-27 13:41:50.389440+00:00,0.0,False
2026-05-27 18:39:45.823680+00:00,0.00027447758546688674,False
2026-05-27 18:39:45.823680+00:00,0.0,False
2026-05-27 21:58:22.778688+00:00,5.332383044827008e-05,False
2026-05-27 21:58:22.778688+00:00,0.0,False
2026-05-28 04:35:36.685248+00:00,-0.00024179166476361817,False
2026-05-28 04:35:36.685248+00:00,0.0,False
2026-05-28 06:14:55.161024+00:00,-1.2346255774455997e-05,False
2026-05-28 06:14:55.161024+00:00,0.0,False
2026-05-28 11:12:50.591808+00:00,-6.8541589169573785e-06,False
2026-05-28 11:12:50.591808+00:00,0.0,False
2026-05-28 19:29:22.967232+00:00,0.0001237956838616559,False
2026-05-28 19:29:22.967232+00:00,0.0,False
2026-05-29 03:45:55.336608+00:00,2.3778398125027644e-05,False
2026-05-29 03:45:55.336608+00:00,0.0,False
2026-05-29 12:02:27.710304+00:00,-0.00011940465163573651,False
2026-05-29 12:02:27.710304+00:00,0.0,False
2026-05-29 21:58:18.539040+00:00,-0.0001722150987666512,False
2026-05-29 21:58:18.539040+00:00,0.0,False
2026-05-30 04:35:32.423136+00:00,-0.0001770960050368162,False
2026-05-30 04:35:32.423136+00:00,0.0,False
2026-05-30 11:12:46.302048+00:00,-5.421878881288852e-05,False
2026-05-30 11:12:46.302048+00:00,0.0,False
2026-05-30 12:52:04.778688+00:00,0.00013845548655060737,False
2026-05-30 12:52:04.778688+00:00,0.0,False
2026-05-30 19:29:18.655008+00:00,2.5815242960335982e-05,False
2026-05-30 19:29:18.655008+00:00,0.0,False
2026-05-30 21:08:37.123872+00:00,4.727750368200637e-05,False
2026-05-30 21:08:37.123872+00:00,0.0,False
2026-05-31 03:45:50.995008+00:00,-6.645003451461883e-05,False
2026-05-31 03:45:50.995008+00:00,0.0,False
2026-05-31 12:02:23.323776+00:00,-0.0006515154005544159,False
2026-05-31 12:02:23.323776+00:00,0.0,False
2026-05-31 20:18:55.668096+00:00,0.000625489823844993,False
2026-05-31 20:18:55.668096+00:00,0.0,False
2026-06-01 04:35:27.998592+00:00,-5.329243861922951e-05,False
2026-06-01 04:35:27.998592+00:00,0.0,False
2026-06-01 06:14:46.464000+00:00,-5.761753347498115e-05,False
2026-06-01 06:14:46.464000+00:00,0.0,False
2026-06-01 09:33:23.393952+00:00,-2.857936343081787e-05,False
2026-06-01 09:33:23.393952+00:00,0.0,False
2026-06-01 21:08:32.637984+00:00,-0.0002812254387592046,False
2026-06-01 21:08:32.637984+00:00,0.0,False
2026-06-02 05:25:04.952928+00:00,-1.2166433092849647e-05,False
2026-06-02 05:25:04.952928+00:00,0.0,False
2026-06-02 13:41:37.267008+00:00,-0.0005562736425018696,False
2026-06-02 13:41:37.267008+00:00,0.0,False
2026-06-02 20:18:51.107904+00:00,0.00018834665759690324,False
2026-06-02 20:18:51.107904+00:00,0.0,False
2026-06-02 21:58:09.569856+00:00,2.7498285758085475e-05,False
2026-06-02 21:58:09.569856+00:00,0.0,False
2026-06-03 04:35:23.409024+00:00,-0.00029790900492185536,False
2026-06-03 04:35:23.409024+00:00,0.0,False
2026-06-03 06:14:41.870112+00:00,1.1560198853288156e-05,False
2026-06-03 06:14:41.870112+00:00,0.0,False
2026-06-03 11:12:37.249056+00:00,-0.00011705967984032187,False
2026-06-03 11:12:37.249056+00:00,0.0,False
2026-06-03 12:51:55.708416+00:00,-6.324694550228469e-05,False
2026-06-03 19:29:09.538944+00:00,0.0001643000739628695,False
2026-06-03 21:08:27.998304+00:00,5.397856636216652e-05,False
2026-06-03 21:08:27.998304+00:00,0.0,False
2026-06-04 03:45:41.828832+00:00,-0.000485359885752371,False
2026-06-04 03:45:41.828832+00:00,0.0,False
2026-06-04 05:25:00.287328+00:00,8.89407127544285e-06,False
2026-06-04 05:25:00.287328+00:00,0.0,False
2026-06-04 17:00:09.482976+00:00,-0.00017558619756571458,False
2026-06-04 17:00:09.482976+00:00,0.0,False
2026-06-04 21:58:04.848960+00:00,0.0001513967720927787,False
2026-06-04 21:58:04.848960+00:00,0.0,False
2026-06-05 01:16:41.759040+00:00,3.135867935421578e-05,False
2026-06-05 01:16:41.759040+00:00,0.0,False
2026-06-05 06:14:37.130208+00:00,0.0003714540661780927,False
2026-06-05 06:14:37.130208+00:00,0.0,False
2026-06-05 16:10:27.851808+00:00,-0.00013196922603011217,False
2026-06-05 16:10:27.851808+00:00,0.0,False
2026-06-05 19:29:04.752384+00:00,-0.00025908575001567656,False
2026-06-05 19:29:04.752384+00:00,0.0,False
2026-06-05 22:47:41.658144+00:00,0.0001470133935393158,False
2026-06-05 22:47:41.658144+00:00,0.0,False
2026-06-06 12:02:09.282048+00:00,0.00032309312876523544,False
2026-06-06 12:02:09.282048+00:00,0.0,False
2026-06-06 13:41:27.733632+00:00,-1.2066189967660501e-05,False
2026-06-06 13:41:27.733632+00:00,0.0,False
2026-06-06 20:18:41.539968+00:00,0.000385161246866154,False
2026-06-06 20:18:41.539968+00:00,0.0,False
2026-06-06 21:57:59.990688+00:00,3.4241157564673995e-06,False
2026-06-06 21:57:59.990688+00:00,0.0,False
2026-06-06 23:37:18.441408+00:00,3.1504219092940135e-05,False
2026-06-06 23:37:18.441408+00:00,0.0,False
2026-06-07 11:12:27.597312+00:00,-0.0003818173867756419,False
2026-06-07 11:12:27.597312+00:00,0.0,False
2026-06-07 17:49:41.397600+00:00,-0.00011616409182546084,False
2026-06-07 17:49:41.397600+00:00,0.0,False
2026-06-08 03:45:32.092416+00:00,0.0005692687726472532,False
2026-06-08 03:45:32.092416+00:00,0.0,False
2026-06-08 05:24:50.538816+00:00,-5.647163087393398e-05,False
2026-06-08 05:24:50.538816+00:00,0.0,False
2026-06-08 12:02:04.327008+00:00,-3.1317346613073094e-05,False
2026-06-08 12:02:04.327008+00:00,0.0,False
2026-06-08 12:02:04.327872+00:00,1.3450294462319435e-11,False
2026-06-08 12:02:04.327872+00:00,0.0,False
2026-06-08 18:39:18.110016+00:00,-0.0002733638164117611,False
2026-06-08 18:39:18.110016+00:00,0.0,False
2026-06-09 04:35:08.796192+00:00,0.0005942643537240939,False
2026-06-09 04:35:08.796192+00:00,0.0,False
2026-06-09 11:12:22.580064+00:00,-4.420527774721202e-05,False
2026-06-09 11:12:22.580064+00:00,0.0,False
2026-06-09 11:12:22.580928+00:00,1.2597574522582432e-11,False
2026-06-09 11:12:22.580928+00:00,0.0,False
2026-06-09 19:28:54.804288+00:00,4.5112554586325415e-05,False
2026-06-09 19:28:54.804288+00:00,0.0,False
2026-06-10 02:06:08.582976+00:00,7.255022673039634e-05,False
2026-06-10 02:06:08.582976+00:00,0.0,False
2026-06-10 05:24:45.474048+00:00,4.4696175429383335e-05,False
2026-06-10 05:24:45.474048+00:00,0.0,False
2026-06-10 10:22:40.808064+00:00,0.00013103784350248257,False
2026-06-10 10:22:40.808064+00:00,0.0,False
2026-06-10 13:41:17.700000+00:00,-6.321374369307013e-05,False
2026-06-10 13:41:17.700000+00:00,0.0,False
2026-06-11 06:14:22.132896+00:00,0.00017759725166205246,False
2026-06-11 06:14:22.132896+00:00,0.0,False
2026-06-11 12:51:35.897760+00:00,-0.0002239855950694648,False
2026-06-11 12:51:35.897760+00:00,0.0,False
2026-06-11 16:10:12.781056+00:00,-6.591241783166914e-05,False
2026-06-11 16:10:12.781056+00:00,0.0,False
2026-06-11 19:28:49.662624+00:00,0.00019934400724578091,False
2026-06-11 19:28:49.662624+00:00,0.0,False
2026-06-11 21:08:08.105568+00:00,6.88190894859177e-05,False
2026-06-11 21:08:08.105568+00:00,0.0,False
2026-06-12 05:24:40.309056+00:00,-0.00027305587644067906,False
2026-06-12 05:24:40.309056+00:00,0.0,False
2026-06-12 18:39:07.824960+00:00,-0.0001965352711342539,False
2026-06-12 18:39:07.824960+00:00,0.0,False
2026-06-13 06:14:16.899648+00:00,0.00016862909358697378,False
2026-06-13 06:14:16.899648+00:00,0.0,False
2026-06-13 11:12:12.212928+00:00,-6.412132686582227e-07,False
2026-06-13 11:12:12.212928+00:00,0.0,False
2026-06-13 12:51:30.650688+00:00,-8.521391208828561e-05,False
2026-06-13 12:51:30.650688+00:00,0.0,False
2026-06-13 19:28:44.399136+00:00,1.7707420290169907e-05,False
2026-06-13 19:28:44.399136+00:00,0.0,False
2026-06-13 22:47:21.274656+00:00,3.26024388207067e-05,False
2026-06-13 22:47:21.274656+00:00,0.0,False
2026-06-14 03:45:16.583616+00:00,-3.214377157205098e-05,False
2026-06-14 03:45:16.583616+00:00,0.0,False
2026-06-14 07:03:53.457408+00:00,-6.05941009637162e-06,False
2026-06-14 07:03:53.457408+00:00,0.0,False
2026-06-14 12:01:48.766368+00:00,1.3967355028328876e-05,False
2026-06-14 12:01:48.766368+00:00,0.0,False
2026-06-14 15:20:25.640160+00:00,-3.1055651584355177e-05,False
2026-06-14 15:20:25.640160+00:00,0.0,False
2026-06-14 20:18:20.944800+00:00,1.5005607109523742e-05,False
2026-06-14 20:18:20.944800+00:00,0.0,False
2026-06-14 21:57:39.381696+00:00,3.6874480596070156e-05,False
2026-06-14 21:57:39.381696+00:00,0.0,False
2026-06-15 04:34:53.123232+00:00,4.9399763512965734e-05,False
2026-06-15 04:34:53.123232+00:00,0.0,False
2026-06-15 06:14:11.557536+00:00,-2.197180806159024e-05,False
2026-06-15 06:14:11.557536+00:00,0.0,False
2026-06-15 11:12:06.862176+00:00,5.052369686400258e-05,False
2026-06-15 11:12:06.862176+00:00,0.0,False
2026-06-15 21:07:57.465408+00:00,-5.3675499700719974e-05,False
2026-06-15 21:07:57.465408+00:00,0.0,False
2026-06-16 03:45:11.199168+00:00,-4.460815442129955e-05,False
2026-06-16 03:45:11.199168+00:00,0.0,False
2026-06-16 05:24:29.630880+00:00,-7.270171032078523e-05,False
2026-06-16 05:24:29.630880+00:00,0.0,False
2026-06-16 12:01:43.360320+00:00,1.2115915961109357e-05,False
2026-06-16 12:01:43.360320+00:00,0.0,False
2026-06-16 13:41:01.792032+00:00,-5.3327023231463654e-05,False
2026-06-16 13:41:01.792032+00:00,0.0,False
2026-06-16 20:18:15.518880+00:00,-4.2607370412782865e-06,False
2026-06-16 20:18:15.518880+00:00,0.0,False
2026-06-17 02:55:29.246592+00:00,6.104711575424359e-05,False
2026-06-17 02:55:29.246592+00:00,0.0,False
2026-06-17 11:12:01.399104+00:00,-7.8078007700757e-05,False
2026-06-17 11:12:01.399104+00:00,0.0,False
2026-06-17 12:51:19.830816+00:00,1.2851601578884285e-06,False
2026-06-17 12:51:19.830816+00:00,0.0,False
2026-06-17 19:28:33.549888+00:00,-6.553196575692112e-05,False
2026-06-17 19:28:33.549888+00:00,0.0,False
2026-06-17 21:07:51.980736+00:00,1.749453841897407e-05,False
2026-06-17 21:07:51.980736+00:00,0.0,False
2026-06-18 05:24:24.132384+00:00,-4.6963689044571364e-05,False
2026-06-18 05:24:24.132384+00:00,0.0,False
2026-06-18 13:40:56.277120+00:00,-2.5653288650851803e-05,False
2026-06-18 13:40:56.277120+00:00,0.0,False
2026-06-18 15:20:14.706240+00:00,-2.5526778966915398e-05,False
2026-06-18 15:20:14.706240+00:00,0.0,False
2026-06-18 18:38:51.561888+00:00,7.240682804637979e-05,False
2026-06-18 18:38:51.561888+00:00,0.0,False
2026-06-18 21:57:28.420992+00:00,0.00017664463804345533,False
2026-06-18 21:57:28.420992+00:00,0.0,False
2026-06-19 04:34:42.131424+00:00,-0.00010728864409310002,False
2026-06-19 04:34:42.131424+00:00,0.0,False
2026-06-19 06:14:00.557952+00:00,-6.838921645250044e-05,False
2026-06-19 06:14:00.557952+00:00,0.0,False
2026-06-19 12:51:14.269248+00:00,0.00012983709513859107,False
2026-06-19 12:51:14.269248+00:00,0.0,False
2026-06-19 19:28:27.976224+00:00,-3.68621963683591e-05,False
2026-06-19 19:28:27.976224+00:00,0.0,False
2026-06-19 22:47:04.829280+00:00,-4.7983815302402066e-05,False
2026-06-19 22:47:04.829280+00:00,0.0,False
2026-06-20 05:24:18.535392+00:00,-6.340119922468301e-08,False
2026-06-20 05:24:18.535392+00:00,0.0,False
2026-06-20 10:22:13.813248+00:00,2.0851628626296045e-05,False
2026-06-20 10:22:13.813248+00:00,0.0,False
2026-06-22 18:38:40.227072+00:00,0.0001872358584845842,False
2026-06-22 18:38:40.227072+00:00,0.0,False
2026-06-23 21:07:34.969440+00:00,6.19059276299439e-06,False
2026-06-23 21:07:34.969440+00:00,0.0,False
2026-06-24 05:24:07.070976+00:00,-0.00012145705396344921,False
2026-06-24 05:24:07.070976+00:00,0.0,False
2026-06-25 04:34:24.929184+00:00,-0.0001806175845045768,False
2026-06-25 04:34:24.929184+00:00,0.0,False
2026-06-25 06:13:43.347072+00:00,1.802498790003977e-05,False
2026-06-25 06:13:43.347072+00:00,0.0,False
2026-06-25 12:50:57.012576+00:00,-3.0744443557962524e-05,False
2026-06-25 12:50:57.012576+00:00,0.0,False
2026-06-25 16:09:33.845760+00:00,4.272320125619291e-05,False
2026-06-25 16:09:33.845760+00:00,0.0,False
2026-06-25 19:28:10.678944+00:00,9.693875977850687e-05,False
2026-06-25 19:28:10.678944+00:00,0.0,False
2026-06-26 03:44:42.764064+00:00,0.00013538251125085282,False
2026-06-26 03:44:42.764064+00:00,0.0,False
2026-06-26 05:24:01.180224+00:00,1.4644849416839699e-05,False
2026-06-26 05:24:01.180224+00:00,0.0,False
2026-06-26 13:40:33.259296+00:00,0.00025723693560241,False
2026-06-26 13:40:33.259296+00:00,0.0,False
2026-06-26 16:59:10.089888+00:00,8.614687649638515e-05,False
2026-06-26 16:59:10.089888+00:00,0.0,False
2026-06-26 21:57:05.332320+00:00,-3.791822666588551e-05,False
2026-06-26 21:57:05.332320+00:00,0.0,False
2026-06-27 04:34:18.984864+00:00,-7.038268394767873e-05,False
2026-06-27 04:34:18.984864+00:00,0.0,False
2026-06-27 06:13:37.397568+00:00,-5.192786062566971e-05,False
2026-06-27 06:13:37.397568+00:00,0.0,False
2026-06-27 11:11:32.640000+00:00,0.00016585085307945624,False
2026-06-27 11:11:32.640000+00:00,0.0,False
2026-06-27 19:28:04.705248+00:00,0.00018478199299277933,False
2026-06-27 19:28:04.705248+00:00,0.0,False
2026-06-27 22:46:41.529792+00:00,5.507596497317089e-05,False
2026-06-27 22:46:41.529792+00:00,0.0,False
2026-06-28 05:23:55.178880+00:00,5.8161529457724775e-05,False
2026-06-28 05:23:55.178880+00:00,0.0,False
2026-06-28 05:23:55.179744+00:00,1.7642554759544194e-11,False
2026-06-28 05:23:55.179744+00:00,0.0,False
2026-06-28 13:40:27.238080+00:00,0.00020294851622958176,False
2026-06-28 13:40:27.238080+00:00,0.0,False
2026-06-28 21:56:59.292960+00:00,0.0002477842325792765,False
2026-06-28 21:56:59.292960+00:00,0.0,False
2026-06-29 11:11:26.572128+00:00,-7.54470226640593e-05,False
2026-06-29 11:11:26.572128+00:00,0.0,False
2026-06-30 12:01:02.703072+00:00,0.00040058120788517685,False
2026-06-30 12:01:02.703072+00:00,0.0,False
2026-06-30 18:38:16.331424+00:00,0.0002904306867189268,False
2026-06-30 18:38:16.331424+00:00,0.0,False
2026-06-30 21:56:53.143872+00:00,4.943750192805001e-05,False
2026-06-30 21:56:53.143872+00:00,0.0,False
2026-07-01 02:54:48.358656+00:00,-7.321306234687726e-05,False
2026-07-01 02:54:48.358656+00:00,0.0,False
2026-07-01 06:13:25.171968+00:00,0.00014620968716577178,False
2026-07-01 06:13:25.171968+00:00,0.0,False
2026-07-01 11:11:20.397120+00:00,0.0005702483102175988,False
2026-07-01 11:11:20.397120+00:00,0.0,False
2026-07-01 12:50:38.802048+00:00,4.064779470477534e-05,False
2026-07-01 12:50:38.802048+00:00,0.0,False
2026-07-01 21:07:10.824096+00:00,0.00011267285183134404,False
2026-07-01 21:07:10.824096+00:00,0.0,False
2026-07-02 05:23:42.845280+00:00,-3.615838726175316e-05,False
2026-07-02 05:23:42.845280+00:00,0.0,False
2026-07-02 13:40:14.865600+00:00,0.00010129595273209813,False
2026-07-02 13:40:14.865600+00:00,0.0,False
2026-07-02 18:38:10.071744+00:00,0.00029168621234538703,False
2026-07-02 18:38:10.071744+00:00,0.0,False
2026-07-02 18:38:10.072608+00:00,2.2279797386389143e-11,False
2026-07-02 18:38:10.072608+00:00,0.0,False
2026-07-03 16:09:09.302112+00:00,0.0005874386535910968,False
2026-07-03 16:09:09.302112+00:00,0.0,False
2026-07-04 03:44:18.102912+00:00,0.0004477983627083869,False
2026-07-04 03:44:18.102912+00:00,0.0,False
2026-07-04 05:23:36.502656+00:00,7.412158620039445e-05,False
2026-07-04 05:23:36.502656+00:00,0.0,False
2026-07-04 08:42:13.300416+00:00,0.00016406602171525192,False
2026-07-04 08:42:13.300416+00:00,0.0,False
2026-07-04 15:19:26.871744+00:00,-0.001078334104488467,False
2026-07-04 15:19:26.871744+00:00,0.0,False
2026-07-04 21:56:40.467264+00:00,0.0007453762255763944,False
2026-07-04 21:56:40.467264+00:00,0.0,False
2026-07-05 04:33:54.061056+00:00,0.00019055632621372176,False
2026-07-05 04:33:54.061056+00:00,0.0,False
2026-07-05 06:13:12.456480+00:00,-0.00010809053284222632,False
2026-07-05 06:13:12.456480+00:00,0.0,False
2026-07-05 07:52:30.851040+00:00,-4.771144082099455e-05,False
2026-07-05 07:52:30.851040+00:00,0.0,False
2026-07-05 07:52:30.851040+00:00,3.2627094697090797e-06,False
2026-07-05 19:27:39.637152+00:00,0.0010133961426138402,False
2026-07-05 19:27:39.637152+00:00,0.0,False
2026-07-06 03:44:11.613408+00:00,0.00015565068206634775,False
2026-07-06 03:44:11.613408+00:00,0.0,False
2026-07-06 05:23:30.008832+00:00,8.289712859044216e-06,False
2026-07-06 05:23:30.008832+00:00,0.0,False
2026-07-06 08:42:06.798816+00:00,-3.293349817059361e-05,False
2026-07-06 08:42:06.798816+00:00,0.0,False
2026-07-06 20:17:15.564192+00:00,0.0005221635113108358,False
2026-07-06 20:17:15.564192+00:00,0.0,False
2026-07-07 04:33:47.535264+00:00,-5.0949340629654585e-05,False
2026-07-07 04:33:47.535264+00:00,0.0,False
2026-07-07 06:13:05.928096+00:00,-1.847231035238669e-05,False
2026-07-07 06:13:05.928096+00:00,0.0,False
2026-07-07 11:11:01.110048+00:00,4.695504120869569e-05,False
2026-07-07 11:11:01.110048+00:00,0.0,False
2026-07-07 12:50:19.505472+00:00,-1.0385169940562819e-06,False
2026-07-07 12:50:19.505472+00:00,0.0,False
2026-07-07 17:48:14.683968+00:00,-2.332256600649774e-05,False
2026-07-07 17:48:14.683968+00:00,0.0,False
2026-07-08 03:44:05.041824+00:00,0.00010952566510936089,False
2026-07-08 03:44:05.041824+00:00,0.0,False
2026-07-08 12:00:37.005984+00:00,-5.051559705707728e-05,False
2026-07-08 12:00:37.005984+00:00,0.0,False
2026-07-08 12:00:37.006848+00:00,6.525423699459954e-06,False
2026-07-08 12:00:37.006848+00:00,0.0,False
2026-07-08 21:56:27.359520+00:00,0.00023595001217631005,False
2026-07-08 21:56:27.359520+00:00,0.0,False
2026-07-09 06:12:59.317632+00:00,-0.00011803504002624816,False
2026-07-09 06:12:59.317632+00:00,0.0,False
2026-07-09 19:27:26.449056+00:00,0.00022776337017023157,False
2026-07-09 19:27:26.449056+00:00,0.0,False
2026-07-10 07:02:35.186784+00:00,4.603555157325489e-06,False
2026-07-10 07:02:35.186784+00:00,0.0,False
2026-07-10 13:39:48.747744+00:00,2.3474646540610925e-05,False
2026-07-10 13:39:48.747744+00:00,0.0,False
2026-07-10 20:17:02.310432+00:00,0.00019746421146012765,False
2026-07-10 20:17:02.310432+00:00,0.0,False
2026-07-11 04:33:34.260768+00:00,-6.180321686668274e-05,False
2026-07-11 04:33:34.260768+00:00,0.0,False
2026-07-11 04:33:34.260768+00:00,0.0,False
2026-07-11 11:10:47.820864+00:00,2.479941757499847e-05,False
2026-07-11 11:10:47.820864+00:00,0.0,False
2026-07-11 11:10:47.820864+00:00,0.0,False
2026-07-11 17:48:01.380960+00:00,0.00012184131741028583,False
2026-07-11 17:48:01.380960+00:00,0.0,False
2026-07-11 17:48:01.380960+00:00,0.0,False
2026-07-11 19:27:19.771200+00:00,4.493404289438307e-05,False
2026-07-11 19:27:19.771200+00:00,0.0,False
2026-07-11 19:27:19.771200+00:00,0.0,False
2026-07-11 21:06:38.161440+00:00,2.5106623222073395e-05,False
2026-07-11 21:06:38.161440+00:00,0.0,False
2026-07-11 21:06:38.161440+00:00,0.0,False
2026-07-12 03:43:51.718944+00:00,-6.898640743490303e-06,False
2026-07-12 03:43:51.718944+00:00,0.0,False
2026-07-12 03:43:51.718944+00:00,0.0,False
2026-07-12 07:02:28.500288+00:00,4.779399269327736e-05,False
2026-07-12 07:02:28.500288+00:00,0.0,False
2026-07-12 07:02:28.500288+00:00,0.0,False
2026-07-12 12:00:23.669280+00:00,0.00012756829785841872,False
2026-07-12 12:00:23.669280+00:00,0.0,False
2026-07-12 12:00:23.669280+00:00,0.0,False
2026-07-12 13:39:42.057792+00:00,2.867910973187806e-06,False
2026-07-12 13:39:42.057792+00:00,0.0,False
2026-07-12 13:39:42.057792+00:00,0.0,False
2026-07-12 18:37:37.225056+00:00,0.00010111847750240429,False
2026-07-12 18:37:37.225056+00:00,0.0,False
2026-07-12 18:37:37.225056+00:00,0.0,False
2026-07-13 04:33:27.559584+00:00,5.035874296886527e-05,False
2026-07-13 04:33:27.559584+00:00,0.0,False
2026-07-13 04:33:27.559584+00:00,0.0,False
2026-07-13 06:12:45.948960+00:00,1.5640545532516993e-05,False
2026-07-13 06:12:45.948960+00:00,0.0,False
2026-07-13 06:12:45.948960+00:00,0.0,False
2026-07-13 11:10:41.117088+00:00,9.894053146338965e-05,False
2026-07-13 11:10:41.117088+00:00,0.0,False
2026-07-13 11:10:41.117088+00:00,0.0,False
2026-07-13 12:49:59.506464+00:00,3.951250688129099e-05,False
2026-07-13 12:49:59.506464+00:00,0.0,False
2026-07-13 12:49:59.506464+00:00,0.0,False
2026-07-13 19:27:13.059648+00:00,0.000104548158689845,False
2026-07-13 19:27:13.059648+00:00,0.0,False
2026-07-14 03:43:45.002208+00:00,-9.606440002740517e-07,False
2026-07-14 03:43:45.002208+00:00,0.0,False
2026-07-14 13:39:35.334144+00:00,0.0001069634943913999,False
2026-07-14 13:39:35.334144+00:00,0.0,False
2026-07-14 20:16:48.885600+00:00,0.00012079573567486416,False
2026-07-14 20:16:48.885600+00:00,0.0,False
2026-07-14 21:56:07.274112+00:00,1.3165454920124107e-05,False
2026-07-14 21:56:07.274112+00:00,0.0,False
2026-07-15 04:33:20.822112+00:00,-4.1498195033621795e-05,False
2026-07-15 04:33:20.822112+00:00,0.0,False
2026-07-15 11:10:34.372704+00:00,5.790312250009467e-05,False
2026-07-15 11:10:34.372704+00:00,0.0,False
2026-07-15 14:29:11.147136+00:00,-4.409932666761143e-05,False
2026-07-15 14:29:11.147136+00:00,0.0,False
2026-07-15 17:47:47.920704+00:00,4.7066569638842253e-05,False
2026-07-15 17:47:47.920704+00:00,0.0,False
2026-07-15 21:06:24.696864+00:00,0.00012252212329331297,False
2026-07-15 21:06:24.696864+00:00,0.0,False
2026-07-16 03:43:38.244000+00:00,2.2482808925748833e-05,False
2026-07-16 03:43:38.244000+00:00,0.0,False
2026-07-16 05:22:56.632512+00:00,6.011836663737229e-05,False
2026-07-16 05:22:56.632512+00:00,0.0,False
2026-07-16 13:39:28.568160+00:00,6.566058117186044e-05,False
2026-07-16 13:39:28.568160+00:00,0.0,False
2026-07-16 20:16:42.115296+00:00,0.00011278071713417684,False
2026-07-16 20:16:42.115296+00:00,0.0,False
2026-07-17 04:33:14.044032+00:00,-2.1238587477314302e-05,False
2026-07-17 04:33:14.044032+00:00,0.0,False
2026-07-17 06:12:32.429952+00:00,-2.1413902212982593e-06,False
2026-07-17 06:12:32.429952+00:00,0.0,False
2026-07-17 14:29:04.360416+00:00,8.045431393966583e-05,False
2026-07-17 14:29:04.360416+00:00,0.0,False
2026-07-17 16:08:22.744608+00:00,-3.3874108632930066e-06,False
2026-07-17 16:08:22.744608+00:00,0.0,False
2026-07-17 22:45:36.289152+00:00,7.371483880405118e-05,False
2026-07-17 22:45:36.289152+00:00,0.0,False
2026-07-18 05:22:49.830240+00:00,-7.130007804506073e-05,False
2026-07-18 05:22:49.830240+00:00,0.0,False
2026-07-18 15:18:40.143168+00:00,6.2194627227253e-05,False
2026-07-18 15:18:40.143168+00:00,0.0,False
2026-07-18 20:16:35.299200+00:00,7.144490012482119e-05,False
2026-07-18 20:16:35.299200+00:00,0.0,False
2026-07-18 21:55:53.685120+00:00,4.2560506833736925e-05,False
2026-07-18 21:55:53.685120+00:00,0.0,False
2026-07-19 06:12:25.608672+00:00,-2.9403843592994887e-05,False
2026-07-19 06:12:25.608672+00:00,0.0,False
2026-07-19 12:49:39.150624+00:00,0.00015980834221406551,False
2026-07-19 12:49:39.150624+00:00,0.0,False
2026-07-19 19:26:52.689120+00:00,1.3815140330732849e-05,False
2026-07-19 19:26:52.689120+00:00,0.0,False
2026-07-20 05:22:42.996864+00:00,-8.811747992728424e-05,False
2026-07-20 05:22:42.996864+00:00,0.0,False
2026-07-20 13:39:14.918688+00:00,0.0001277373051037693,False
2026-07-20 13:39:14.918688+00:00,0.0,False
2026-07-20 20:16:28.454592+00:00,-4.8826850618691284e-05,False
2026-07-20 20:16:28.454592+00:00,0.0,False
2026-07-20 21:55:46.839648+00:00,4.366519085542572e-05,False
2026-07-20 21:55:46.839648+00:00,0.0,False
2026-07-21 06:12:18.757152+00:00,-8.440263920228666e-05,False
2026-07-21 06:12:18.757152+00:00,0.0,False
2026-07-21 12:49:32.544480+00:00,0.05170239669874512,False
2026-07-21 12:49:32.544480+00:00,0.0,False
2026-07-22 05:22:36.992064+00:00,-0.0018021174244721265,False
2026-07-22 05:22:36.992064+00:00,0.0,False
2026-07-22 11:59:50.773344+00:00,0.00024953068645032153,False
2026-07-22 11:59:50.773344+00:00,0.0,False
2026-07-22 21:55:41.441376+00:00,4.6047652448064666e-05,False
2026-07-22 21:55:41.441376+00:00,0.0,False
2026-07-23 06:12:13.663872+00:00,4.5682863100392007e-05,False
2026-07-23 06:12:13.663872+00:00,0.0,False
2026-07-23 12:49:27.435648+00:00,-0.00018096258190052793,False
2026-07-23 12:49:27.435648+00:00,0.0,False
2026-07-23 16:08:04.322400+00:00,5.361210857523152e-06,False
2026-07-23 16:08:04.322400+00:00,0.0,False
2026-07-23 19:26:41.211744+00:00,-3.696328909127432e-05,False
2026-07-23 19:26:41.211744+00:00,0.0,False
2026-07-23 22:45:18.100224+00:00,0.0002775643568284675,False
2026-07-23 22:45:18.100224+00:00,0.0,False
2026-07-24 07:01:50.309760+00:00,-0.00017495604581441843,False
2026-07-24 07:01:50.309760+00:00,0.0,False
2026-07-24 13:39:04.078944+00:00,-0.00016676759874346633,False
2026-07-24 13:39:04.078944+00:00,0.0,False
2026-07-25 12:49:22.266336+00:00,-6.689926598394975e-05,False
2026-07-25 12:49:22.266336+00:00,0.0,False
2026-07-25 21:05:54.469824+00:00,1.3686726707257037e-05,False
2026-07-25 21:05:54.469824+00:00,0.0,False
2026-07-26 07:01:45.112800+00:00,-0.0003685370756978767,False
2026-07-26 07:01:45.112800+00:00,0.0,False
2026-07-26 15:18:17.314560+00:00,-7.722584389645586e-05,False
2026-07-26 15:18:17.314560+00:00,0.0,False
2026-07-27 06:12:03.269088+00:00,0.00021051375338428135,False
2026-07-27 06:12:03.269088+00:00,0.0,False
2026-07-27 11:09:58.588416+00:00,-7.033269330267736e-06,False
2026-07-27 11:09:58.588416+00:00,0.0,False
2026-07-27 12:49:17.027040+00:00,-4.096567578854624e-05,False
2026-07-27 12:49:17.027040+00:00,0.0,False
2026-07-27 21:05:49.217568+00:00,-1.6688333080827622e-05,False
2026-07-27 21:05:49.217568+00:00,0.0,False
2026-07-28 03:43:02.970336+00:00,-3.470772808766777e-05,False
2026-07-28 03:43:02.970336+00:00,0.0,False
2026-07-28 21:55:25.784832+00:00,0.00011088060945291516,False
2026-07-28 21:55:25.784832+00:00,0.0,False
2026-07-29 01:14:02.658624+00:00,-0.00023144677078056885,False
2026-07-29 01:14:02.658624+00:00,0.0,False
2026-07-29 06:11:57.970176+00:00,-7.211739506207438e-05,False
2026-07-29 06:11:57.970176+00:00,0.0,False
2026-07-29 21:05:43.897920+00:00,7.67812472870288e-05,False
2026-07-29 21:05:43.897920+00:00,0.0,False
2026-07-30 05:22:16.077216+00:00,-0.0002337289239888809,False
2026-07-30 05:22:16.077216+00:00,0.0,False
2026-07-30 18:36:43.561152+00:00,-0.00028012792399695753,False
2026-07-30 18:36:43.561152+00:00,0.0,False
2026-07-31 02:53:15.730080+00:00,0.00026942448520849246,False
2026-07-31 02:53:15.730080+00:00,0.0,False
2026-07-31 14:28:24.771936+00:00,-0.0003231386282008249,False
2026-07-31 14:28:24.771936+00:00,0.0,False
2026-07-31 19:26:20.073120+00:00,6.166635652101588e-06,False
2026-07-31 19:26:20.073120+00:00,0.0,False
2026-07-31 21:05:38.506560+00:00,0.0003175428815085943,False
2026-07-31 21:05:38.506560+00:00,0.0,False
2026-08-01 07:01:29.110656+00:00,-0.00011070696023397,False
2026-08-01 07:01:29.110656+00:00,0.0,False
2026-08-01 15:18:01.276992+00:00,-0.0003838334083752782,False
2026-08-01 15:18:01.276992+00:00,0.0,False
2026-08-01 21:55:15.005568+00:00,0.00024580037048906056,False
2026-08-01 21:55:15.005568+00:00,0.0,False
2026-08-02 04:32:28.735008+00:00,8.417781876728775e-05,False
2026-08-02 04:32:28.735008+00:00,0.0,False
2026-08-02 06:11:47.166720+00:00,-4.0704473538961056e-05,False
2026-08-02 06:11:47.166720+00:00,0.0,False
2026-08-02 11:09:42.467904+00:00,-0.00010424529346049333,False
2026-08-02 11:09:42.467904+00:00,0.0,False
2026-08-02 21:05:33.053856+00:00,1.3506696745076933e-06,False
2026-08-02 21:05:33.053856+00:00,0.0,False
2026-08-03 13:38:37.370976+00:00,3.17795149848021e-05,False
2026-08-03 13:38:37.370976+00:00,0.0,False
2026-08-03 21:55:09.528672+00:00,0.00044000083377097995,False
2026-08-03 21:55:09.528672+00:00,0.0,False
2026-08-05 05:21:59.700096+00:00,-0.0001344400198543805,False
2026-08-05 13:38:31.849152+00:00,-4.8146722699965217e-05,False
2026-08-06 06:11:36.143808+00:00,8.420540152945867e-05,False
2026-08-06 12:48:49.864608+00:00,7.730112703491646e-05,False
2026-08-06 21:05:22.011072+00:00,7.385602055894665e-05,False
2026-08-07 05:21:54.159264+00:00,-3.32822842669838e-08,False
2026-08-07 16:57:03.165696+00:00,1.954475264874414e-05,False
2026-08-07 20:15:40.024800+00:00,0.0001587179286032699,False
2026-08-07 21:54:58.455648+00:00,4.904831973687282e-05,False
2026-08-08 04:32:12.172128+00:00,-8.498458074432445e-05,False
2026-08-08 06:11:30.602112+00:00,-3.0802017919080635e-05,False
2026-08-08 11:09:25.892064+00:00,0.00014550637883987237,False
2026-08-08 12:48:44.322048+00:00,7.367717635412315e-05,False
2026-08-08 19:25:58.036800+00:00,-1.0207148962808321e-06,False
2026-08-08 21:05:16.467648+00:00,6.576141689727325e-05,False
2026-08-09 03:42:30.184992+00:00,1.9744059816682782e-05,False
2026-08-09 05:21:48.614976+00:00,-7.161082456410807e-05,False
2026-08-09 11:59:02.334048+00:00,0.00011310342284941369,False
2026-08-09 18:36:16.051392+00:00,-5.926111923172238e-06,False
2026-08-10 04:32:06.622656+00:00,-0.00016817102344038434,False
2026-08-10 11:09:20.340000+00:00,6.02897523756107e-05,False
2026-08-10 19:25:52.488192+00:00,8.257072321316957e-05,False
2026-08-10 21:05:10.916448+00:00,3.3366931926062855e-05,False
2026-08-11 03:42:24.633792+00:00,-1.774386948992767e-05,False
2026-08-11 05:21:43.063776+00:00,-7.0829490417259e-06,False
2026-08-11 11:58:56.780256+00:00,-1.43558509185481e-06,False
2026-08-11 20:15:28.926720+00:00,0.0001845106240986206,False
2026-08-11 21:54:47.356704+00:00,3.647700583817564e-05,False
2026-08-12 04:32:01.070592+00:00,2.6223984782425117e-05,False
2026-08-12 11:09:14.788800+00:00,0.0001333592571762471,False
2026-08-12 12:48:33.217920+00:00,3.604760427558698e-06,False
2026-08-13 03:42:19.080000+00:00,0.00010864202978890322,False
2026-08-13 20:15:23.372064+00:00,1.3856358797973887e-05,False
2026-08-13 21:54:41.800320+00:00,2.2547240203290587e-05,False
2026-08-14 04:31:55.515072+00:00,-1.889531042127373e-05,False
2026-08-14 06:11:13.942464+00:00,-6.365051678953695e-05,False
2026-08-14 11:09:09.229824+00:00,0.00020166477051609252,False
2026-08-14 12:48:27.658944+00:00,2.5844166774670156e-05,False
2026-08-14 19:25:41.372832+00:00,-0.00010816848620022278,False
2026-08-14 21:04:59.801952+00:00,2.601615715872242e-05,False
2026-08-15 03:42:13.515840+00:00,5.700864735392613e-05,False
2026-08-15 05:21:31.946688+00:00,3.167407369131319e-05,False
2026-08-15 08:40:08.804064+00:00,1.1185637824773041e-05,False
2026-08-15 10:19:27.230592+00:00,-9.719786966197336e-05,False
2026-08-15 13:38:04.087968+00:00,9.364278921959682e-05,False
2026-08-15 20:15:17.800992+00:00,3.198964828783046e-05,False
2026-08-15 21:54:36.230112+00:00,4.051849754432014e-05,False
2026-08-16 04:31:49.942272+00:00,-0.00014991327697906666,False
2026-08-16 06:11:08.367936+00:00,-0.00010308373987656005,False
2026-08-16 12:48:22.079232+00:00,0.00010052924759549107,False
2026-08-16 21:04:54.219648+00:00,-3.863063933033799e-05,False
2026-08-17 05:21:26.359200+00:00,-3.047928208071003e-05,False
2026-08-17 13:37:58.497888+00:00,0.00015683242876463386,False
2026-08-17 21:54:30.633984+00:00,4.8410756698196757e-05,False
2026-08-18 06:11:02.766624+00:00,-0.00034567516771955253,False
2026-08-18 12:48:16.476192+00:00,0.0002824448898998168,False
2026-08-18 22:44:07.037088+00:00,-2.9781433911821775e-05,False
2026-08-19 03:42:02.313216+00:00,-0.00028431904604110355,False
2026-08-19 05:21:20.739744+00:00,1.1427346347045063e-05,False
2026-08-19 15:17:11.291136+00:00,-7.904132356315675e-05,False
2026-08-19 21:54:24.998112+00:00,0.00021952224377155895,False
2026-08-20 06:10:57.123840+00:00,-0.0001595439693562667,False
2026-08-20 14:27:29.252160+00:00,0.00019469923623607324,False
2026-08-20 21:04:42.951360+00:00,-8.539059487373872e-05,False
2026-08-21 05:21:15.075360+00:00,-4.77535232487708e-05,False
2026-08-21 11:58:28.775424+00:00,0.00013629158636210142,False
2026-08-21 15:17:05.625024+00:00,-2.5098908612749245e-05,False
2026-08-21 21:54:19.320768+00:00,-1.3427660389644545e-06,False
2026-08-22 06:10:51.440448+00:00,-7.463559822738205e-05,False
2026-08-22 11:08:46.712256+00:00,-2.2148868758809133e-05,False
2026-08-22 12:48:05.137056+00:00,-2.6182430522616222e-05,False
2026-08-22 21:04:37.254144+00:00,-4.8978044759675544e-05,False
2026-08-23 05:21:09.372096+00:00,-5.708533108982045e-05,False
2026-08-23 13:37:41.488320+00:00,-9.992338014918977e-05,False
2026-08-23 21:54:13.602816+00:00,8.716509189118406e-05,False
2026-08-24 06:10:45.713856+00:00,-0.000256863733862455,False
2026-08-24 11:08:40.983072+00:00,0.00011316417139186404,False
2026-08-24 12:47:59.405280+00:00,-2.522919535604641e-05,False
2026-08-24 21:04:31.516320+00:00,1.3831925980893427e-05,False
2026-08-25 05:21:03.624768+00:00,-0.00021261944182960208,False
2026-08-25 11:58:17.310144+00:00,-6.165240217822444e-05,False
2026-08-25 13:37:35.731488+00:00,9.24963895496168e-06,False
2026-08-25 18:35:30.994656+00:00,-5.20695492125845e-05,False
2026-08-25 21:54:07.838208+00:00,7.350436116720371e-05,False
2026-08-26 02:52:03.099648+00:00,-7.761365714886747e-05,False
2026-08-26 06:10:39.945792+00:00,-0.00022178628145592575,False
2026-08-26 11:08:35.208096+00:00,6.994976553822616e-05,False
2026-08-26 12:47:53.629440+00:00,-0.0001969259984311312,False
2026-08-26 19:25:07.309632+00:00,0.0001666627883673609,False
2026-08-26 21:04:25.730112+00:00,1.8310469702535017e-05,False
2026-08-27 03:41:39.411168+00:00,-0.00032162661789643333,False
2026-08-27 05:20:57.830784+00:00,-5.488755891572608e-05,False
2026-08-27 15:16:48.351072+00:00,-0.00017377908929283614,False
2026-08-27 15:16:48.351936+00:00,7.467847508998314e-12,False
2026-08-27 18:35:25.190304+00:00,9.840605416592944e-05,False
2026-08-27 21:54:02.029536+00:00,9.405626679327092e-05,False
2026-08-28 02:51:57.290112+00:00,0.0002841843598895769,False
2026-08-28 06:10:34.127616+00:00,-0.00013145337268565563,False
2026-08-28 12:47:47.807808+00:00,-8.887739366244263e-05,False
2026-08-28 17:45:43.064064+00:00,-5.2813919428977774e-05,False
2026-08-28 19:25:01.480224+00:00,8.338520267455073e-05,False
2026-08-28 21:04:19.899840+00:00,5.6104033404996695e-05,False
2026-08-29 03:41:33.571392+00:00,-0.0001423815606805234,False
2026-08-29 05:20:51.987552+00:00,-0.00010063547617818913,False
2026-08-29 11:58:05.663424+00:00,-1.942864972048449e-05,False
2026-08-29 13:37:24.082176+00:00,-2.9441567218372713e-05,False
2026-08-29 18:35:19.333248+00:00,-7.071667555847786e-05,False
2026-08-29 21:53:56.169024+00:00,0.00026403900978716705,False
2026-08-30 04:31:09.835392+00:00,-0.00017903469127985907,False
2026-08-30 11:08:23.505216+00:00,-1.9001595511371704e-05,False
2026-08-30 12:47:41.922240+00:00,-2.1434502894659243e-05,False
2026-08-30 19:24:55.586880+00:00,0.00018360482579147066,False
2026-08-30 22:43:32.420064+00:00,4.5796200634169645e-06,False
2026-08-31 03:41:27.666816+00:00,-0.00013401069598496841,False
2026-08-31 05:20:46.083840+00:00,-9.944842734336835e-06,False
2026-08-31 11:57:59.746752+00:00,-7.313270286639386e-05,False
2026-08-31 13:37:18.163776+00:00,-2.697261591662689e-05,False
2026-08-31 20:14:31.824960+00:00,0.0001403197026003249,False
2026-08-31 21:53:50.241120+00:00,1.991804330889733e-05,False
2026-09-01 02:51:45.486144+00:00,-7.677316966441422e-05,False
2026-09-01 06:10:22.315872+00:00,-6.35926945088296e-05,False
2026-09-01 11:08:17.560896+00:00,-1.2451902785897518e-05,False
2026-09-01 12:47:35.977056+00:00,-2.2331288131327005e-05,False
2026-09-01 21:04:08.049216+00:00,2.1223814954893753e-05,False
2026-09-02 05:20:40.119648+00:00,-0.00012972098426120197,False
2026-09-02 11:57:53.778240+00:00,1.266394361835725e-05,False
2026-09-02 13:37:12.192672+00:00,-2.305534469845093e-05,False
2026-09-02 21:53:44.262240+00:00,2.475816563916598e-05,False
2026-09-03 04:30:57.914784+00:00,-4.77576380289898e-05,False
2026-09-03 06:10:16.329216+00:00,1.4838242582279868e-05,False
2026-09-03 12:47:29.985216+00:00,0.00016223208592670892,False
2026-09-03 16:06:06.812352+00:00,-1.645584806091715e-05,False
2026-09-03 19:24:43.636896+00:00,-2.0979401103512048e-05,False
2026-09-03 21:04:02.051328+00:00,3.782343922063914e-05,False
2026-09-04 03:41:15.703872+00:00,0.00014175022661487075,False
2026-09-04 06:59:52.531872+00:00,1.1784431166179265e-05,False
2026-09-04 13:37:06.187008+00:00,-9.53921675272252e-07,False
2026-09-04 15:16:24.598848+00:00,-3.195221614152607e-05,False
2026-09-04 18:35:01.425120+00:00,5.3276345717697304e-05,False
2026-09-04 20:14:19.838688+00:00,3.675173598265338e-05,False
2026-09-05 04:30:51.901344+00:00,-0.00012039530282463774,False
2026-09-05 06:10:10.314048+00:00,2.755170686787869e-05,False
2026-09-05 11:08:05.553024+00:00,0.00010556435096418379,False
2026-09-05 12:47:23.965728+00:00,-5.2037614514655534e-05,False
2026-09-05 19:24:37.615680+00:00,0.00015256033630491284,False
2026-09-05 21:03:56.029248+00:00,3.1253937510521194e-05,False
2026-09-06 03:41:09.679200+00:00,-4.094089771717512e-05,False
2026-09-06 06:59:46.502880+00:00,-9.810171640116932e-05,False
2026-09-06 11:57:41.739264+00:00,5.649690663361482e-05,False
2026-09-06 15:16:18.563808+00:00,-1.3137203608690082e-05,False
2026-09-06 20:14:13.799328+00:00,4.149859400747342e-05,False
2026-09-06 21:53:32.211168+00:00,2.9937410239041158e-05,False
2026-09-07 02:51:27.444096+00:00,-9.211275553800164e-05,False
2026-09-07 06:10:04.267776+00:00,-0.00021089154227888298,False
2026-09-07 14:26:36.326976+00:00,0.0001634602637191382,False
2026-09-07 21:03:49.970880+00:00,-1.7975118158942418e-06,False
2026-09-08 05:20:22.024032+00:00,-9.839318286999964e-05,False
2026-09-08 11:57:35.667936+00:00,0.00017764330700686574,False
2026-09-08 13:36:54.079776+00:00,7.850277055299114e-06,False
2026-09-08 21:53:26.129472+00:00,3.950612682939819e-05,False
2026-09-09 04:30:39.769056+00:00,1.3595660646618176e-06,False
2026-09-09 06:09:58.179168+00:00,-4.808182789885678e-05,False
2026-09-09 11:07:53.411232+00:00,0.00017400120101170033,False
2026-09-09 12:47:11.821344+00:00,4.3698760811777755e-06,False
2026-09-09 22:43:02.275968+00:00,-0.00010096793379668774,False
2026-09-10 03:40:57.502848+00:00,-8.148269211042446e-05,False
2026-09-10 05:20:15.912960+00:00,3.958554719499622e-06,False
2026-09-10 13:36:47.957472+00:00,4.3193175418954934e-05,False
2026-09-10 16:55:24.775104+00:00,1.3492154035912347e-06,False
2026-09-10 20:14:01.591008+00:00,3.802093896797681e-05,False
2026-09-10 21:53:20.001120+00:00,2.051751347892835e-05,False
2026-09-11 04:30:33.632064+00:00,-7.026477360525213e-05,False
2026-09-11 06:09:52.038720+00:00,-3.520861887212799e-05,False
2026-09-11 12:47:05.669664+00:00,4.121632428226072e-05,False
2026-09-11 19:24:19.299744+00:00,4.8576878708878816e-05,False
2026-09-11 21:03:37.707264+00:00,1.674056979439379e-05,False
2026-09-12 03:40:51.333888+00:00,-5.08062693630563e-05,False
2026-09-12 06:59:28.149792+00:00,-4.9940954117437455e-06,False
2026-09-12 20:13:55.401312+00:00,-0.00010818088604003793,False
2026-09-12 21:53:13.807968+00:00,1.626663172062888e-05,False
2026-09-13 04:30:27.431136+00:00,-0.0001578224375644555,False
2026-09-13 06:09:45.836928+00:00,-6.165432339802314e-05,False
2026-09-13 11:07:41.054304+00:00,-1.2416418548441603e-05,False
2026-09-13 12:46:59.460096+00:00,-3.7856378078737478e-06,False
2026-09-13 19:24:13.079808+00:00,-3.264426665622604e-05,False
2026-09-13 22:42:49.889664+00:00,-4.0829142307743536e-05,False
2026-09-14 03:40:45.107040+00:00,-1.3709512613408874e-05,False
2026-09-14 05:20:03.511104+00:00,-4.6196574943995194e-05,False
2026-09-14 15:15:53.936352+00:00,-7.662160182225162e-05,False
2026-09-14 20:13:49.145088+00:00,-8.582717387630942e-05,False
2026-09-14 21:53:07.549152+00:00,3.731407093515966e-05,False
2026-09-15 06:09:39.566880+00:00,-0.00012417809023464312,False
2026-09-15 11:07:34.779072+00:00,0.00021569002845346662,False
2026-09-15 12:46:53.183136+00:00,-2.4533166143265992e-05,False
2026-09-15 21:03:25.195680+00:00,-6.217438385651135e-05,False
2026-09-16 05:19:57.206496+00:00,-0.0003316502785293327,False
2026-09-16 21:53:01.222944+00:00,-0.00010895576259335689,False
2026-09-17 06:09:33.226848+00:00,-3.643988285873201e-06,False
2026-09-17 12:46:46.831008+00:00,-4.3579581725796085e-05,False
2026-09-17 21:03:18.833184+00:00,3.993407197380532e-05,False
2026-09-18 03:40:32.434752+00:00,6.896862207405628e-05,False
2026-09-18 05:19:50.835360+00:00,-2.9702300806284816e-05,False
2026-09-18 13:36:22.834080+00:00,1.2479743484689694e-06,False
2026-09-18 15:15:41.232096+00:00,-2.8290898935572757e-05,False
2026-09-18 20:13:36.433056+00:00,0.00012268243287651923,False
2026-09-18 21:52:54.832800+00:00,8.591724107172326e-05,False
2026-09-19 04:30:08.428320+00:00,-6.434846313851608e-05,False
2026-09-19 06:09:26.827200+00:00,-3.1915790090069536e-05,False
2026-09-19 11:07:22.023840+00:00,0.00011822488288725416,False
2026-09-19 19:23:54.018240+00:00,-6.282921779326747e-05,False
2026-09-19 22:42:30.815136+00:00,1.959989428138042e-05,False
2026-09-20 03:40:26.010048+00:00,-1.783034903769104e-05,False
2026-09-20 11:56:57.999264+00:00,-3.344062924064272e-05,False
2026-09-20 13:36:16.397280+00:00,5.720098720367147e-07,False
2026-09-20 20:13:29.987616+00:00,7.95315372573088e-05,False
2026-09-20 21:52:48.386496+00:00,3.885923579441392e-05,False
2026-09-21 06:09:20.372256+00:00,-4.507308210164614e-05,False
2026-09-21 11:07:15.562848+00:00,1.0205128345042359e-05,False
2026-09-21 22:42:24.339456+00:00,-5.0458328113031344e-05,False
2026-09-22 05:19:37.927200+00:00,-9.176043872440349e-05,False
2026-09-22 13:36:09.906912+00:00,-0.0001010209300802778,False
2026-09-22 20:13:23.490336+00:00,0.00011401680774736291,False
2026-09-23 06:09:13.862880+00:00,-0.00017298922021515044,False
2026-09-23 11:07:09.048288+00:00,5.2610150721831364e-05,False
2026-09-23 21:02:59.415648+00:00,-7.992929416536531e-05,False
2026-09-24 03:40:12.993024+00:00,4.237291026756073e-05,False
2026-09-24 06:58:49.781280+00:00,1.2375103805464891e-08,False
2026-09-24 20:13:16.925664+00:00,-0.00019411930019846914,False
2026-09-25 06:09:07.283520+00:00,5.123457974649158e-05,False
2026-09-25 12:46:20.849664+00:00,-0.00012380476590217652,False
2026-09-25 17:44:16.022976+00:00,-2.351354132369159e-05,False
2026-09-25 21:02:52.807776+00:00,7.352100754338852e-05,False
2026-09-26 03:40:06.369600+00:00,-0.00010933457815245201,False
2026-09-26 05:19:24.761568+00:00,-3.7302739802190255e-06,False
2026-09-26 11:56:38.321664+00:00,-0.00012201589919782067,False
2026-09-26 13:35:56.713632+00:00,-3.5942299728891225e-05,False
2026-09-26 21:52:28.665696+00:00,0.00024592410627838167,False
2026-09-27 04:29:42.220608+00:00,-0.00016485588975062,False
2026-09-27 06:09:00.609984+00:00,-3.537763821109625e-05,False
2026-09-28 05:19:18.052608+00:00,0.00010493934806078079,False
2026-09-28 13:35:49.989120+00:00,-0.00014452114427613368,False
2026-09-29 04:29:35.471040+00:00,2.3330287015301942e-05,False
2026-09-29 12:46:07.404960+00:00,6.276052803056025e-05,False
2026-09-29 19:23:20.948640+00:00,-3.195090332554985e-05,False
2026-09-30 05:19:11.265024+00:00,2.7584782992630082e-05,False
2026-09-30 13:35:43.192896+00:00,-6.0652833566291094e-05,False
2026-09-30 21:52:15.116448+00:00,7.891467797029492e-05,False
2026-10-01 01:10:51.885696+00:00,-4.794337331274934e-05,False
2026-10-01 14:25:18.961824+00:00,-2.8649562076044402e-05,False
2026-10-01 22:41:50.881056+00:00,-4.980465187578366e-05,False
2026-10-02 05:19:04.416960+00:00,3.236092911705358e-05,False
2026-10-02 11:56:17.951136+00:00,3.8825190047077964e-05,False
2026-10-02 21:52:08.248512+00:00,-2.3512571536122358e-05,False
2026-10-03 06:08:40.163424+00:00,1.3813419495451828e-05,False
2026-10-03 12:45:53.692416+00:00,9.364799596465732e-05,False
2026-10-03 22:41:43.983744+00:00,2.6078346463915517e-05,False
2026-10-04 05:18:57.513600+00:00,2.0493807702296656e-05,False
2026-10-04 11:56:11.033952+00:00,-4.4908610245249784e-05,False
2026-10-04 13:35:29.415552+00:00,-3.818076164884184e-05,False
2026-10-04 21:52:01.317504+00:00,4.9669808873851e-05,False
2026-10-05 06:08:33.213408+00:00,-0.00018413959770699348,False
2026-10-05 12:45:46.733760+00:00,0.00018287759538780337,False
2026-10-05 22:41:37.009536+00:00,-2.703850281133972e-05,False
2026-10-06 03:39:32.144832+00:00,1.8751532355728087e-08,False
2026-10-06 06:58:08.902848+00:00,-7.465793262247431e-05,False
2026-10-06 15:14:40.795296+00:00,0.0001406903519668927,False
