epoch,drag_resid_da,reentry
2023-10-01 21:14:04.394976+00:00,-0.012265507820581872,False
2023-10-02 05:45:08.980128+00:00,-0.013976099780238189,False
2023-10-02 16:48:40.084416+00:00,-0.02465322554848254,False
2023-10-02 21:06:00.245664+00:00,-0.007890221898384696,False
2023-10-03 15:37:58.323072+00:00,-0.03923594995946408,False
2023-10-03 21:18:39.503808+00:00,-0.00967681001058506,False
2023-10-04 15:05:21.581664+00:00,-0.03363635263372778,False
2023-10-04 18:23:21.770880+00:00,-0.007266419345222406,False
2023-10-04 22:52:02.009856+00:00,-0.0045127769842915316,False
2023-10-05 14:17:32.241120+00:00,-0.020818714698686423,False
2023-10-05 16:43:14.854944+00:00,-0.005425531340023599,False
2023-10-05 20:00:00.521568+00:00,-0.005587648096074856,False
2023-10-06 15:17:57.783840+00:00,-0.02170166984806461,False
2023-10-06 21:21:19.392192+00:00,-0.00964624342227166,False
2023-10-06 22:30:56.687040+00:00,-0.0002272918221461629,False
2023-10-07 12:11:16.041120+00:00,-0.009844194739695868,False
2023-10-07 15:19:59.138688+00:00,-0.0060104068011101975,False
2023-10-07 18:20:42.603072+00:00,-0.005353162127102826,False
2023-10-07 22:27:22.536864+00:00,-0.003191871849981903,False
2023-10-07 22:43:30.203904+00:00,-0.0004597371155359328,False
2023-10-08 15:12:31.216896+00:00,-0.008308445812765401,False
2023-10-08 18:13:04.307232+00:00,-0.004386015909277678,False
2023-10-08 20:13:23.022912+00:00,-0.001925552625870756,False
2023-10-09 15:33:47.598048+00:00,-0.004444632517877266,False
2023-10-09 21:11:34.005408+00:00,-0.008008613065014375,False
2023-10-09 23:14:42.940320+00:00,0.003879134531317892,False
2023-10-10 13:58:49.860192+00:00,0.003200864602398927,False
2023-10-10 15:24:48.264192+00:00,-0.0012150121649699085,False
2023-10-10 18:19:48.444960+00:00,-0.0022110197296752454,False
2023-10-10 19:37:48.955008+00:00,0.6191129503848094,False
2023-10-11 04:44:45.780576+00:00,-0.6152220241854991,False
2023-10-11 13:46:31.713888+00:00,0.0020481144720253183,False
2023-10-11 15:22:11.811936+00:00,-0.004128721048362939,False
2023-10-11 18:06:42.803712+00:00,0.01764261751119096,False
2023-10-11 21:16:47.100000+00:00,-0.018651323321819516,False
2023-10-12 15:09:11.340000+00:00,0.005572782529736517,False
2023-10-12 18:21:02.348928+00:00,0.0024434350332007467,False
2023-10-12 22:32:24.713952+00:00,0.0005889419294632953,False
2023-10-13 14:39:36.465408+00:00,0.017391033544758593,False
2023-10-13 18:41:31.146144+00:00,9.117438577902186e-05,False
2023-10-13 22:35:43.171296+00:00,0.002411856461579735,False
2023-10-14 15:20:55.040352+00:00,0.01948443980406875,False
2023-10-14 16:34:40.751616+00:00,-0.0003811595406051824,False
2023-10-14 22:57:48.447936+00:00,0.011014743390791962,False
2023-10-15 15:19:39.868032+00:00,0.01070660446287762,False
2023-10-15 21:10:28.108992+00:00,0.009820399481698676,False
2023-10-15 21:32:49.131168+00:00,-0.005890128972769772,False
2023-10-15 22:38:25.867680+00:00,0.0012016004754229082,False
2023-10-16 15:29:41.853120+00:00,0.010229390471223024,False
2023-10-16 18:06:03.868416+00:00,0.00011353598411323329,False
2023-10-16 21:08:21.138144+00:00,0.004115723622737445,False
2023-10-17 13:47:37.630176+00:00,0.020867204470526035,False
2023-10-17 15:13:03.986688+00:00,-1.4836217033605773e-05,False
2023-10-17 16:37:49.081152+00:00,-7.000569741210001e-06,False
2023-10-18 05:25:55.369056+00:00,0.023403465165755737,False
2023-10-18 13:50:50.188128+00:00,0.00462047960456905,False
2023-10-18 15:47:40.280640+00:00,0.0003858578053186632,False
2023-10-18 21:26:30.681024+00:00,0.007971493609279717,False
2023-10-18 22:51:52.814304+00:00,0.0028995544433837086,False
2023-10-19 05:10:35.592672+00:00,0.015457953630409211,False
2023-10-19 15:14:21.025248+00:00,0.006701326567226214,False
2023-10-19 15:52:25.180320+00:00,0.0002660237356316073,False
2023-10-19 17:35:33.117216+00:00,0.0014784801936359865,False
2023-10-20 12:45:50.942304+00:00,0.025654192494392637,False
2023-10-20 17:36:42.543936+00:00,1.4524843232782234,False
2023-10-20 22:33:56.748960+00:00,0.010082104887259868,False
2023-10-21 15:14:37.257216+00:00,0.017035886747250567,False
2023-10-21 18:14:30.600960+00:00,0.0026788845090101104,False
2023-10-21 22:55:59.285856+00:00,0.00993033273524306,False
2023-10-22 15:05:00.777408+00:00,0.006586618709129778,False
2023-10-22 18:25:25.464576+00:00,0.3412630838217463,False
2023-10-22 22:42:42.097248+00:00,0.016944309050112242,False
2023-10-23 06:15:07.874784+00:00,0.017324269201776064,False
2023-10-23 18:09:57.221856+00:00,0.0009008961529369738,False
2023-10-23 22:48:25.634016+00:00,0.008684658858805594,False
2023-10-24 15:11:33.403200+00:00,-0.004589857315148986,False
2023-10-25 15:13:16.599360+00:00,-0.03645789111693978,False
2023-10-25 22:13:42.780576+00:00,-0.36821333293299313,False
2023-10-26 05:12:55.287648+00:00,0.004885463753663319,False
2023-10-26 15:03:12.480192+00:00,-0.012330172352277175,False
2023-10-26 21:31:03.032832+00:00,-0.006289924345176926,False
2023-10-27 13:43:34.320864+00:00,-0.015226562801828263,False
2023-10-27 14:28:11.298720+00:00,-0.0013051056219634415,False
2023-10-27 22:36:04.123296+00:00,-0.013658764852868566,False
2023-10-28 14:22:52.291776+00:00,-0.024348245154772935,False
2023-10-28 19:12:27.607392+00:00,-0.008892117349110634,False
2023-10-28 22:24:41.080320+00:00,-0.005322637476852786,False
2023-10-29 15:15:09.961344+00:00,-0.026372909435088715,False
2023-10-29 18:45:00.648864+00:00,-0.006528946385261616,False
2023-10-29 22:37:49.966752+00:00,-0.006685228445639518,False
2023-10-30 19:42:33.162624+00:00,-0.03907017264449148,False
2023-10-30 22:36:35.720640+00:00,-0.005187258634134686,False
2023-10-31 13:07:02.349408+00:00,-0.028014004955532947,False
2023-10-31 18:16:16.892832+00:00,-0.010892682872615217,False
2023-10-31 21:04:17.390784+00:00,-0.004636124948193074,False
2023-11-01 15:16:47.028288+00:00,-0.032046876575059294,False
2023-11-01 21:19:26.667840+00:00,-0.010426641721790334,False
2023-11-02 15:14:31.879680+00:00,-0.02442511295362576,False
2023-11-02 22:37:32.477664+00:00,-0.010742216158387023,False
2023-11-03 15:17:53.449152+00:00,-0.01906463802477091,False
2023-11-03 22:33:41.448384+00:00,-0.010383586556445178,False
2023-11-04 15:19:08.452128+00:00,-0.014643556485471047,False
2023-11-04 22:46:30.105984+00:00,-0.006969593291743825,False
2023-11-05 15:07:05.513952+00:00,-0.0009431319807645944,False
2023-11-05 22:46:24.824352+00:00,0.0,False
2023-11-06 13:40:38.216064+00:00,0.012694660780698745,False
2023-11-06 22:54:07.232832+00:00,-0.0019173861622550116,False
2023-11-07 15:03:53.316288+00:00,0.009038106723559022,False
2023-11-08 15:15:16.348032+00:00,0.007812253068637143,False
2023-11-08 22:34:33.260736+00:00,0.001481945366641816,False
2023-11-09 15:05:46.076928+00:00,0.009413979087573736,False
2023-11-09 22:38:59.572320+00:00,0.0036146223324180216,False
2023-11-10 14:59:50.044992+00:00,0.009898530554325394,False
2023-11-10 22:29:43.494144+00:00,0.004398197204690217,False
2023-11-11 14:39:28.133856+00:00,0.011867359198471338,False
2023-11-11 22:36:37.113408+00:00,0.006041547764926462,False
2023-11-12 13:57:39.007008+00:00,0.01396382021187188,False
2023-11-12 22:52:35.241024+00:00,0.008428604976585296,False
2023-11-13 14:21:43.386048+00:00,0.018916037884423045,False
2023-11-13 22:40:04.017216+00:00,0.009321758993511049,False
2023-11-14 13:35:15.478368+00:00,0.016149843039614302,False
2023-11-14 22:34:24.009888+00:00,0.009144518641014766,False
2023-11-15 15:13:55.631424+00:00,0.01670352301368201,False
2023-11-15 23:08:53.863584+00:00,0.011225938573959409,False
2023-11-16 13:30:06.404832+00:00,0.011586057007738102,False
2023-11-16 22:47:10.874688+00:00,0.0098519324229332,False
2023-11-17 15:08:10.219776+00:00,0.006361211112648802,False
2023-11-17 22:45:24.280416+00:00,0.008462886001689611,False
2023-11-18 15:10:51.061152+00:00,0.0004949254681076119,False
2023-11-18 22:42:53.083872+00:00,0.006955959538497277,False
2023-11-19 15:12:32.486112+00:00,-0.003297530027864818,False
2023-11-19 21:37:42.741696+00:00,0.003523066178939253,False
2023-11-20 15:10:32.628576+00:00,-0.005047639064814351,False
2023-11-20 21:15:33.451776+00:00,0.0006592996029001364,False
2023-11-21 07:47:23.892576+00:00,0.0025700807375935164,False
2023-11-21 19:56:25.660320+00:00,2.090894711969362,False
2023-11-22 13:52:48.950976+00:00,-0.01815813436500066,False
2023-11-22 21:06:52.225632+00:00,-0.004426139521867567,False
2023-11-23 15:03:05.910336+00:00,-0.005155919653337608,False
2023-11-23 20:04:51.189312+00:00,-0.008887180795628669,False
2023-11-24 15:04:25.362048+00:00,-0.014710678802531504,False
2023-11-24 21:52:12.412128+00:00,-0.013940144646593558,False
2023-11-25 15:14:04.293024+00:00,-0.017591190237952053,False
2023-11-25 22:51:58.967712+00:00,-0.013151557002387716,False
2023-11-26 15:06:48.265920+00:00,-0.01845813729369706,False
2023-11-26 22:45:44.841024+00:00,-0.017742692992409645,False
2023-11-27 13:28:54.171840+00:00,-0.02220893789920495,False
2023-11-27 20:21:31.253760+00:00,-0.015628771150013925,False
2023-11-28 13:58:42.726144+00:00,-0.026982530931925146,False
2023-11-28 18:42:17.531712+00:00,-0.010797403078241986,False
2023-11-29 13:55:43.554144+00:00,-0.013732159281939979,False
2023-12-01 20:37:34.242240+00:00,-0.07049962687359906,False
2023-12-02 15:18:11.899872+00:00,-0.006045338360240314,False
2023-12-02 22:21:26.878176+00:00,-0.009560273536851472,False
2023-12-03 14:40:53.510880+00:00,-0.008157528756603756,False
2023-12-04 15:43:24.287808+00:00,-0.016492143231890924,False
2023-12-04 20:49:57.690048+00:00,-0.005269346770341286,False
2023-12-05 15:13:41.017728+00:00,-0.0025570708180354534,False
2023-12-05 19:10:53.577408+00:00,-0.0029589323207550536,False
2023-12-06 14:40:50.346048+00:00,0.0020986770640409394,False
2023-12-06 20:58:05.202048+00:00,-0.0013206172281139718,False
2023-12-07 15:04:30.501120+00:00,0.0011832123498022144,False
2023-12-08 15:06:21.782592+00:00,0.004169987708773047,False
2023-12-08 19:23:01.891392+00:00,0.0003687368124473348,False
2023-12-09 15:30:46.274688+00:00,0.007928131563710434,False
2023-12-09 22:39:29.934144+00:00,0.005440987433848287,False
2023-12-10 15:33:01.205568+00:00,0.004622318497919359,False
2023-12-10 19:13:46.026624+00:00,0.001412860386863681,False
2023-12-11 15:17:52.116864+00:00,0.014801685861787182,False
2023-12-11 18:15:34.275168+00:00,0.001321702435928336,False
2023-12-11 21:18:08.068032+00:00,0.0031401530284685683,False
2023-12-12 14:56:24.031968+00:00,0.012242821779010194,False
2023-12-12 19:04:08.530752+00:00,0.0032931167346379056,False
2023-12-12 19:38:54.212928+00:00,0.0007317375035090218,False
2023-12-13 14:54:50.007168+00:00,0.01603832228163515,False
2023-12-13 16:16:40.775808+00:00,0.0009455384691570287,False
2023-12-13 19:42:58.686912+00:00,0.0035859285715619804,False
2023-12-14 14:03:38.361888+00:00,0.018105102665697564,False
2023-12-14 19:44:35.939616+00:00,0.0054772442496243325,False
2023-12-15 13:36:46.021248+00:00,0.014701694249808162,False
2023-12-15 16:24:32.268384+00:00,0.0016759099696187787,False
2023-12-15 19:50:55.197600+00:00,0.004211774344534168,False
2023-12-16 14:25:32.359008+00:00,0.010025181953231058,False
2023-12-16 18:18:23.616576+00:00,0.0016827410671797242,False
2023-12-16 22:16:51.003840+00:00,0.0036054180988876255,False
2023-12-17 15:03:39.756672+00:00,0.0025249319322211694,False
2023-12-17 18:15:35.754336+00:00,0.0008599113066422972,False
2023-12-17 22:13:41.640096+00:00,0.002765232587428749,False
2023-12-18 15:26:38.766336+00:00,-0.0032855145193600305,False
2023-12-18 16:39:03.759264+00:00,-0.0008147726079213657,False
2023-12-18 19:18:57.872736+00:00,-0.0010060332915159498,False
2023-12-19 15:05:36.083904+00:00,-0.007985548023099753,False
2023-12-19 18:02:42.772416+00:00,-0.004727208197534342,False
2023-12-20 12:37:42.773664+00:00,-0.009290195527010797,False
2023-12-20 18:36:42.990048+00:00,-0.012184960771523236,False
2023-12-20 22:39:15.543360+00:00,-0.00522366316837759,False
2023-12-21 14:59:19.485312+00:00,-0.014636489214301086,False
2023-12-21 21:58:29.203392+00:00,-0.016000972319422956,False
2023-12-22 15:03:21.770784+00:00,-0.02173714673114633,False
2023-12-22 17:54:52.359840+00:00,-0.008623677674506872,False
2023-12-22 20:19:22.872000+00:00,-0.0064088255059856596,False
2023-12-23 14:56:49.913088+00:00,-0.029323700490235388,False
2023-12-23 16:56:57.471072+00:00,-0.005694298572254101,False
2023-12-23 22:44:52.385856+00:00,-0.015106332351190478,False
2023-12-24 15:12:00.366048+00:00,-0.025921126676413282,False
2023-12-24 17:01:00.318144+00:00,-0.005140010303174291,False
2023-12-24 21:16:21.846144+00:00,-0.011471174793217132,False
2023-12-25 15:01:11.434656+00:00,-0.03026366090870572,False
2023-12-25 18:10:36.613344+00:00,-0.008329659776564243,False
2023-12-25 22:50:05.597952+00:00,-0.010609412905587753,False
2023-12-26 15:09:40.646016+00:00,-0.03059409748903437,False
2023-12-26 15:41:44.166624+00:00,-0.0014629443681165484,False
2023-12-26 22:18:16.767936+00:00,1.5745577251940943,False
2023-12-27 15:23:26.402784+00:00,-0.012863465670470177,False
2023-12-27 18:01:10.493760+00:00,-0.008861240592392669,False
2023-12-27 22:46:37.800768+00:00,-0.008318875544623048,False
2023-12-28 15:14:38.952384+00:00,-0.0290512994131182,False
2023-12-28 15:37:34.341024+00:00,-0.0013688165794380107,False
2023-12-28 18:59:58.819200+00:00,-0.00965657638858659,False
2023-12-29 15:07:13.347840+00:00,-0.03170755514223484,False
2023-12-29 18:03:59.138784+00:00,-0.006919005140923062,False
2023-12-29 20:46:52.590144+00:00,-0.004880711397247819,False
2023-12-30 15:07:27.960672+00:00,-0.018483161994473817,False
2023-12-30 21:28:04.952064+00:00,-0.01106981764363394,False
2023-12-31 16:15:49.755744+00:00,-0.01884021178467219,False
2023-12-31 22:18:10.535904+00:00,-0.007231361340265211,False
2024-01-01 15:08:52.352736+00:00,-0.008754054187287023,False
2024-01-01 18:21:40.237920+00:00,-0.004140643766044144,False
2024-01-01 22:51:01.922976+00:00,-0.0008875334994406774,False
2024-01-02 15:17:21.030144+00:00,-0.004384938867458735,False
2024-01-02 18:13:30.285120+00:00,-0.002591595374016902,False
2024-01-03 15:13:45.499296+00:00,-0.00014740704099095586,False
2024-01-03 16:21:57.539808+00:00,-0.000924493651189922,False
2024-01-03 19:51:42.827328+00:00,-8.33503240869715e-05,False
2024-01-04 15:01:02.474976+00:00,0.0034203455393022886,False
2024-01-04 16:13:24.993408+00:00,-0.00010374196030477848,False
2024-01-04 18:05:20.104224+00:00,-3.416486552865303e-05,False
2024-01-05 14:28:31.336608+00:00,0.004843093944106185,False
2024-01-05 18:09:21.756384+00:00,0.0001470856834938747,False
2024-01-06 13:11:06.012960+00:00,0.012531404884839,False
2024-01-06 22:44:11.193792+00:00,0.007264408324071971,False
2024-01-07 14:58:11.951616+00:00,0.011842577429554541,False
2024-01-07 17:53:25.842336+00:00,0.0011564010260369738,False
2024-01-07 22:52:49.624896+00:00,0.00732612855325941,False
2024-01-08 13:39:21.473856+00:00,0.01536090425334722,False
2024-01-08 17:33:19.545408+00:00,0.002170562642425257,False
2024-01-08 17:59:33.389664+00:00,0.00042695459156515136,False
2024-01-09 13:22:42.505824+00:00,0.030124354468678956,False
2024-01-09 18:27:14.838336+00:00,0.004305127732652419,False
2024-01-09 21:29:38.173344+00:00,0.004130635075694255,False
2024-01-10 09:59:35.605248+00:00,0.02183807859310307,False
2024-01-10 16:24:11.697408+00:00,0.005815169822964899,False
2024-01-11 13:31:42.678624+00:00,0.029754499635548666,False
2024-01-11 19:54:16.449984+00:00,0.006736616469981339,False
2024-01-12 14:06:42.806880+00:00,0.02097443437485657,False
2024-01-12 16:31:48.128736+00:00,0.0019977984597314372,False
2024-01-12 19:58:10.303680+00:00,0.00280774985287978,False
2024-01-13 14:48:38.748096+00:00,0.01075041500561666,False
2024-01-13 16:35:43.108224+00:00,0.0003647369224671817,False
2024-01-14 15:05:23.414208+00:00,0.0028916884446352487,False
2024-01-14 16:39:35.866368+00:00,-0.0008581521394443333,False
2024-01-14 20:05:47.686272+00:00,-0.0006898165699393832,False
2024-01-15 15:01:02.752320+00:00,-0.005007838628832466,False
2024-01-15 20:09:44.057664+00:00,-0.005656662866257239,False
2024-01-16 13:40:27.878304+00:00,-0.010456107464247771,False
2024-01-16 16:47:18.996288+00:00,-0.00695982630833253,False
2024-01-16 20:13:29.682624+00:00,-0.006170990675363538,False
2024-01-17 13:24:49.053312+00:00,-0.017974133122453495,False
2024-01-17 16:51:09.120960+00:00,-0.010088362447116264,False
2024-01-17 18:34:14.948832+00:00,-0.004619596831317287,False
2024-01-18 14:50:35.574720+00:00,-0.03132632663749424,False
2024-01-18 15:55:53.552928+00:00,-0.0034087136858680766,False
2024-01-18 16:54:57.521088+00:00,-0.003506644642376459,False
2024-01-19 15:14:00.800736+00:00,-0.04150305900603822,False
2024-01-19 16:17:28.663008+00:00,-0.003744325578963757,False
2024-01-19 20:25:08.496192+00:00,-0.013408974248456884,False
2024-01-20 15:48:37.850688+00:00,-0.03611273965120159,False
2024-01-20 17:02:40.000416+00:00,-0.004152916814916587,False
2024-01-20 18:45:50.696928+00:00,-0.005764051475206284,False
2024-01-21 06:53:07.118880+00:00,-0.018256926278411256,False
2024-01-21 17:06:26.309664+00:00,-0.026040601761907832,False
2024-01-21 20:32:43.590048+00:00,-0.009551179453847355,False
2024-01-22 07:02:14.373024+00:00,-0.009629928604711395,False
2024-01-22 15:50:11.084928+00:00,-0.02114299838834895,False
2024-01-22 20:36:26.303328+00:00,-0.011393873926533977,False
2024-01-23 06:26:54.485952+00:00,0.0006224577760538252,False
2024-01-23 15:30:50.141088+00:00,-0.018810163174437643,False
2024-01-23 20:40:09.465024+00:00,-0.01080353987632623,False
2024-01-24 14:52:25.472064+00:00,-0.016029765596343948,False
2024-01-24 15:54:55.878336+00:00,-0.00283283735513638,False
2024-01-24 20:43:56.647776+00:00,-0.00855893337547248,False
2024-01-25 14:14:22.701120+00:00,-0.01750718146537674,False
2024-01-25 15:21:42.672672+00:00,-0.002770483425381656,False
2024-01-25 20:47:45.422880+00:00,-0.009287064208334193,False
2024-01-26 15:34:22.843200+00:00,-0.017848932698048117,False
2024-01-26 15:59:37.824000+00:00,-0.0009925806113892975,False
2024-01-27 14:52:18.222240+00:00,1.5670591210005949,False
2024-01-27 17:29:00.638304+00:00,-0.005905986725660644,False
2024-01-27 20:55:15.578976+00:00,0.000976955909288874,False
2024-01-28 14:44:07.733760+00:00,-0.01148550687411868,False
2024-01-28 15:49:38.494848+00:00,-0.0037304822287531443,False
2024-01-28 20:58:56.871840+00:00,-0.00488709627556306,False
2024-01-29 14:56:42.563904+00:00,0.01306909052051413,False
2024-01-30 12:30:50.695776+00:00,-0.003474975097871362,False
2024-01-30 15:09:42.623712+00:00,-0.0023017559058725887,False
2024-01-30 21:06:28.985760+00:00,-0.002718150486214776,False
2024-01-31 15:11:21.899904+00:00,0.001516051646534653,False
2024-01-31 16:21:43.435008+00:00,-4.022272583435629e-05,False
2024-01-31 19:27:01.820736+00:00,0.00016593891322214333,False
2024-02-01 15:13:18.572736+00:00,0.0052221487694027735,False
2024-02-01 16:04:34.634784+00:00,-4.3358014752703684e-05,False
2024-02-01 21:13:57.629856+00:00,0.003589808551073676,False
2024-02-02 12:42:08.231616+00:00,0.006108128265051891,False
2024-02-02 19:34:35.361120+00:00,0.002864251071355149,False
2024-02-03 14:10:20.191872+00:00,0.012301256133171824,False
2024-02-03 16:14:36.278592+00:00,0.0007170691356122836,False
2024-02-04 15:00:14.058144+00:00,0.02445370995924319,False
2024-02-04 16:03:34.763904+00:00,0.0005071457327885988,False
2024-02-05 15:30:29.404224+00:00,0.035692546624561006,False
2024-02-05 15:54:27.248832+00:00,0.0004631011224878911,False
2024-02-06 05:56:18.631104+00:00,0.03140617722881429,False
2024-02-06 15:07:11.875584+00:00,0.011429562631205793,False
2024-02-06 16:19:39.794880+00:00,0.001421241168133491,False
2024-02-06 19:49:31.056960+00:00,0.003668595180823489,False
2024-02-07 14:42:51.549696+00:00,0.039470927922522825,False
2024-02-07 16:27:01.342080+00:00,0.002113462914004796,False
2024-02-07 19:53:09.705120+00:00,0.0034233585109171337,False
2024-02-08 15:02:40.217568+00:00,0.03562896443613067,False
2024-02-08 16:23:40.750656+00:00,0.001684952451419839,False
2024-02-08 19:56:52.536768+00:00,0.0029526309028284504,False
2024-02-09 15:03:36.839808+00:00,0.02721935179106505,False
2024-02-09 15:58:43.269312+00:00,0.0008188898962870872,False
2024-02-10 15:00:56.831328+00:00,0.021132562495414627,False
2024-02-10 21:47:12.345792+00:00,0.001308324528754793,False
2024-02-11 15:11:02.046048+00:00,0.015796974486003423,False
2024-02-11 16:10:54.572736+00:00,-0.0005317824029302076,False
2024-02-11 20:07:45.155712+00:00,-0.001086617532545518,False
2024-02-12 13:18:52.536672+00:00,0.0029885740717158354,False
2024-02-12 16:45:10.164384+00:00,-0.005613919328885529,False
2024-02-12 21:54:31.935168+00:00,-0.005166783364309695,False
2024-02-13 15:17:58.225344+00:00,-0.0022698141175653136,False
2024-02-13 15:58:30.476928+00:00,-0.0014723329830182061,False
2024-02-13 20:15:03.864672+00:00,-0.007197334730889633,False
2024-02-14 13:35:42.638208+00:00,-0.0025268066816789628,False
2024-02-14 16:52:23.803392+00:00,-0.010182032275767815,False
2024-02-14 20:18:37.237248+00:00,-0.008432479764392355,False
2024-02-14 22:01:45.175008+00:00,-0.0017825698678625894,False
2024-02-15 13:29:49.090272+00:00,-0.012107270915895932,False
2024-02-15 14:47:42.596736+00:00,-0.004523967545907336,False
2024-02-15 20:22:14.255904+00:00,-0.01737318423937027,False
2024-02-16 15:06:28.764576+00:00,-0.023499447854272354,False
2024-02-16 16:16:18.564096+00:00,-0.004106103944454505,False
2024-02-17 15:03:59.315904+00:00,-0.03873071405552012,False
2024-02-17 17:03:17.633664+00:00,-0.006547673376984279,False
2024-02-17 20:29:29.801760+00:00,-0.009470128868182595,False
2024-02-18 15:12:48.320640+00:00,-0.021182881805494998,False
2024-02-18 16:39:42.598656+00:00,-0.00438427260628621,False
2024-02-18 20:33:07.634304+00:00,-0.009219478123535086,False
2024-02-19 14:26:53.713248+00:00,-0.025792311458481168,False
2024-02-19 18:53:40.138368+00:00,-0.011463517054204078,False
2024-02-19 20:36:48.324096+00:00,-0.0028598157876896925,False
2024-02-20 15:30:58.573728+00:00,-0.025967998367684132,False
2024-02-20 17:14:09.189024+00:00,-0.0038120205072745142,False
2024-02-20 20:40:25.065408+00:00,-0.004817605376645562,False
2024-02-21 15:32:08.956896+00:00,-0.021047859237226872,False
2024-02-21 16:23:42.713664+00:00,-0.00179099524343945,False
2024-02-21 23:07:17.136192+00:00,-0.005822598190947879,False
2024-02-22 14:30:59.535936+00:00,-0.008166019591806947,False
2024-02-22 16:49:23.409696+00:00,-0.004277944367413087,False
2024-02-22 21:26:38.148576+00:00,-0.002793751025528448,False
2024-02-23 14:52:28.756128+00:00,-0.003990099072187732,False
2024-02-23 17:24:57.886272+00:00,-0.0039306621810252275,False
2024-02-23 20:51:12.261888+00:00,-0.0016805010426886669,False
2024-02-24 14:48:05.122080+00:00,0.0012402382547423638,False
2024-02-24 17:28:29.978400+00:00,-0.0032215443255498846,False
2024-02-24 20:54:38.333664+00:00,-0.0005611279751858182,False
2024-02-25 15:06:47.940192+00:00,0.013514987372790999,False
2024-02-25 17:32:00.771072+00:00,-0.0018755847127641901,False
2024-02-25 20:58:14.975616+00:00,0.0012291484952710718,False
2024-02-26 15:18:45.618336+00:00,0.021892453807623585,False
2024-02-26 15:52:26.260320+00:00,1.988010116901783e-05,False
2024-02-26 21:01:42.548160+00:00,0.001268039507532584,False
2024-02-27 13:48:42.458688+00:00,0.023782752011120935,False
2024-02-27 16:13:26.143392+00:00,-0.00015018469519968063,False
2024-02-27 17:38:59.927712+00:00,0.00017556627148692782,False
2024-02-28 11:13:53.442624+00:00,0.023396257156307658,False
2024-02-28 21:08:45.396672+00:00,1.807307617970574,False
2024-02-29 13:59:42.641952+00:00,0.14891252306670774,False
2024-02-29 19:29:14.582976+00:00,0.005443265957610259,False
2024-03-01 14:37:45.323904+00:00,0.02967186654480955,False
2024-03-01 15:46:31.452672+00:00,0.0019560959012262175,False
2024-03-01 17:49:34.457952+00:00,0.001687644344435526,False
2024-03-02 14:51:41.698368+00:00,0.027430168615271908,False
2024-03-02 15:54:35.589024+00:00,0.001122687378047076,False
2024-03-02 21:19:22.638144+00:00,0.00805119326678337,False
2024-03-03 15:23:09.157344+00:00,0.029393717515555237,False
2024-03-03 17:56:37.726368+00:00,0.004071792333459605,False
2024-03-03 19:39:44.736192+00:00,0.003977362635405168,False
2024-03-04 13:20:42.733824+00:00,0.045732959612552304,False
2024-03-04 19:43:14.134368+00:00,0.007324016312644314,False
2024-03-05 15:11:35.880288+00:00,0.041159336964640955,False
2024-03-05 16:20:17.364192+00:00,0.001550807246512399,False
2024-03-06 14:51:28.215648+00:00,0.04218258620005596,False
2024-03-06 16:24:03.300192+00:00,0.0013046263348633208,False
2024-03-07 14:32:07.365984+00:00,0.035713879348191986,False
2024-03-08 15:02:59.655840+00:00,0.03440289794071633,False
2024-03-08 15:58:54.729408+00:00,0.00044063287626358236,False
2024-03-08 18:14:15.436032+00:00,0.0007739109265828227,False
2024-03-09 14:01:08.363712+00:00,0.01947060480507886,False
2024-03-09 16:34:38.342784+00:00,0.0001993025207521937,False
2024-03-09 18:17:46.277952+00:00,-0.0002024862070504757,False
2024-03-10 13:11:42.618048+00:00,0.006007762934618334,False
2024-03-10 16:38:11.063904+00:00,-0.002281570579124444,False
2024-03-10 20:04:22.821600+00:00,-0.0018128053879744128,False
2024-03-11 12:03:57.695040+00:00,-0.0034380601835096655,False
2024-03-11 16:41:44.922912+00:00,-0.008447977129184235,False
2024-03-12 17:07:37.108416+00:00,-0.02978359727905846,False
2024-03-12 22:51:11.623104+00:00,-0.007522850408573265,False
2024-03-13 15:15:08.148672+00:00,-0.02336085926014063,False
2024-03-13 18:16:49.982304+00:00,-0.008547104667810685,False
2024-03-13 20:14:41.239968+00:00,-0.00332967812807115,False
2024-03-14 07:05:02.592960+00:00,-0.004818379015906239,False
2024-03-14 15:04:53.494752+00:00,-0.022942340518701414,False
2024-03-14 20:18:04.089024+00:00,-0.014536518639052514,False
2024-03-15 18:15:23.182272+00:00,-0.03663728913950903,False
2024-03-15 20:21:33.371424+00:00,-0.004490565032077207,False
2024-03-16 14:08:42.823392+00:00,-0.026558334865787327,False
2024-03-16 20:24:53.283744+00:00,-0.01746622783635952,False
2024-03-17 14:14:42.701856+00:00,-0.021300211238995698,False
2024-03-17 20:28:22.711296+00:00,-0.013475093154573847,False
2024-03-18 11:56:13.429824+00:00,-0.011431312623357531,False
2024-03-18 15:22:26.100768+00:00,-0.007438415480486311,False
2024-03-18 20:31:45.027264+00:00,-0.007306242854757533,False
2024-03-19 12:33:35.390592+00:00,0.008983898066440593,False
2024-03-19 13:48:30.309984+00:00,-0.001790967084413962,False
2024-03-20 13:55:04.833120+00:00,0.0005804431529510545,False
2024-03-20 17:10:55.921728+00:00,-0.0044478469969169146,False
2024-03-20 19:25:52.260096+00:00,-0.0009610896215127502,False
2024-03-21 14:23:44.193984+00:00,0.018471372517314094,False
2024-03-21 17:56:51.306720+00:00,-0.0017390944407351082,False
2024-03-21 19:13:19.502688+00:00,0.0009357161066015276,False
2024-03-22 15:11:29.243904+00:00,0.04494566663908013,False
2024-03-22 15:46:15.066048+00:00,-9.820622529504563e-05,False
2024-03-22 17:46:45.310080+00:00,-0.000434293636839762,False
2024-03-23 18:17:05.019360+00:00,0.04926922736482897,False
2024-03-23 22:25:49.205856+00:00,0.011633274274107826,False
2024-03-24 13:43:15.146112+00:00,0.06336577504831893,False
2024-03-24 21:16:39.621216+00:00,0.020492617487413982,False
2024-03-24 23:22:18.411744+00:00,0.01242947774044241,False
2024-03-25 15:32:44.591712+00:00,0.06400302201437381,False
2024-03-26 15:01:07.938912+00:00,0.06660916543106273,False
2024-03-26 15:53:04.003296+00:00,0.0008729392916251742,False
2024-03-26 18:23:39.713568+00:00,0.003387188150759898,False
2024-03-27 14:18:15.682176+00:00,0.055756174272584696,False
2024-03-27 17:36:09.057888+00:00,0.0037793390944485025,False
2024-03-27 21:02:22.280928+00:00,0.007023720498119617,False
2024-03-28 14:49:24.252384+00:00,0.04740666458722993,False
2024-03-28 17:39:34.868736+00:00,0.004813914947691156,False
2024-03-29 14:20:15.798048+00:00,0.05868853021954891,False
2024-03-29 15:48:03.765024+00:00,0.0021788465347145278,False
2024-03-29 17:42:55.630368+00:00,0.0032037788921790945,False
2024-03-30 15:11:11.354784+00:00,0.055640822274613894,False
2024-03-30 21:26:07.970784+00:00,0.014309513470778561,False
2024-03-31 15:18:47.367936+00:00,0.046389260055554056,False
2024-03-31 19:35:05.754048+00:00,0.006476608886840436,False
2024-03-31 22:34:01.824960+00:00,0.008659517209870862,False
2024-04-01 15:20:57.615936+00:00,0.04490024287105969,False
2024-04-01 17:56:39.770592+00:00,0.003636906401358963,False
2024-04-02 15:10:52.637952+00:00,0.05153879441048343,False
2024-04-02 16:12:51.147936+00:00,0.0006948234953211381,False
2024-04-02 21:22:07.943808+00:00,0.007914189694739403,False
2024-04-03 15:16:19.167744+00:00,0.04042859366402984,False
2024-04-03 17:04:45.708096+00:00,0.0012690947681105115,False
2024-04-03 19:42:17.841312+00:00,0.002214531927437145,False
2024-04-04 15:31:37.443360+00:00,0.03608652207733036,False
2024-04-04 19:45:31.025664+00:00,0.002727914795798682,False
2024-04-05 15:03:11.899584+00:00,0.03640170410037922,False
2024-04-05 16:22:32.274336+00:00,0.0003943077429016985,False
2024-04-05 19:49:12.727200+00:00,0.001258419980827324,False
2024-04-06 15:13:54.807168+00:00,0.028567413763192516,False
2024-04-06 16:27:57.401856+00:00,-0.0006005574622578629,False
2024-04-06 23:12:32.417568+00:00,0.004249581524259062,False
2024-04-07 14:18:42.706368+00:00,0.00933698539231971,False
2024-04-07 18:15:39.252672+00:00,-0.002164532554389688,False
2024-04-07 21:22:01.500096+00:00,0.0005674039258096713,False
2024-04-08 14:25:38.040672+00:00,0.004456484477863246,False
2024-04-09 00:34:55.516224+00:00,2.3815204504238325,False
2024-04-09 15:10:19.889760+00:00,-0.01493115097480105,False
2024-04-09 16:46:20.483616+00:00,0.008159040259902104,False
2024-04-09 21:45:11.588832+00:00,-0.0033357615925872167,False
2024-04-10 15:31:18.327360+00:00,-0.025211921301846102,False
2024-04-10 20:05:23.834688+00:00,-0.007063804506178887,False
2024-04-11 13:16:10.844256+00:00,-0.01314758146560107,False
2024-04-11 15:41:25.748736+00:00,-0.0077955494745823115,False
2024-04-11 21:15:44.929152+00:00,0.007643260794424225,False
2024-04-12 13:45:06.230592+00:00,-0.004972428028781423,False
2024-04-12 16:45:36.080928+00:00,-0.0087623786376382,False
2024-04-12 20:11:50.356320+00:00,-0.004685585445684655,False
2024-04-13 15:15:56.639808+00:00,-0.009438913389050202,False
2024-04-13 18:06:30.483072+00:00,-0.0054222195004370085,False
2024-04-13 21:04:45.170976+00:00,-0.0007296297832589914,False
2024-04-14 18:12:32.575104+00:00,0.0017559924723749981,False
2024-04-14 21:08:20.364864+00:00,0.0009043099724675239,False
2024-04-15 13:18:07.872192+00:00,0.021349050981893533,False
2024-04-15 16:45:46.259712+00:00,-0.0035887286665749786,False
2024-04-15 21:07:14.445120+00:00,0.0025698609046511233,False
2024-04-16 15:15:26.085312+00:00,0.0497853283266288,False
2024-04-16 18:33:23.313600+00:00,0.0013878289397663886,False
2024-04-16 20:24:45.582048+00:00,0.004683545910655847,False
2024-04-17 15:24:36.339264+00:00,0.06262894150685196,False
2024-04-17 17:01:45.965856+00:00,0.0003417416770691989,False
2024-04-17 20:27:57.207744+00:00,0.004666040104984318,False
2024-04-18 14:54:34.938144+00:00,0.06127412819275188,False
2024-04-18 17:00:40.091904+00:00,0.0004640327102498525,False
2024-04-18 20:31:14.822688+00:00,0.0052967544566998,False
2024-04-19 15:32:38.688000+00:00,0.08345453726402213,False
2024-04-19 16:58:25.864320+00:00,0.0026308602079336925,False
2024-04-19 20:34:25.978368+00:00,0.01399416720890687,False
2024-04-20 14:35:49.374240+00:00,0.09704879777362832,False
2024-04-20 15:33:16.399008+00:00,0.0012230205466500091,False
2024-04-20 21:20:20.306688+00:00,0.013645386623304199,False
2024-04-21 14:48:27.762336+00:00,0.09041287634740086,False
2024-04-21 18:11:23.570880+00:00,0.006062732166615811,False
2024-04-21 21:13:01.360992+00:00,0.010704253697760522,False
2024-04-22 11:03:12.873888+00:00,0.09046823593227823,False
2024-04-22 18:02:18.367008+00:00,0.011312468127584172,False
2024-04-22 19:18:41.563008+00:00,0.0031367468802851782,False
2024-04-23 14:47:25.306368+00:00,0.10439489434069954,False
2024-04-23 18:13:08.864832+00:00,0.007356529539723147,False
2024-04-23 19:04:14.085408+00:00,0.0021572663184795675,False
2024-04-24 14:55:17.947200+00:00,0.10258574540433557,False
2024-04-24 17:52:47.345952+00:00,0.006336304048662724,False
2024-04-24 22:13:22.596672+00:00,0.015082461833677327,False
2024-04-25 15:27:15.030144+00:00,0.07427277602274579,False
2024-04-25 17:18:06.109056+00:00,0.003740284746038499,False
2024-04-25 19:10:36.192000+00:00,0.004621674197581648,False
2024-04-26 15:13:56.407296+00:00,0.07793532294342631,False
2024-04-26 16:27:37.643904+00:00,0.0031650706212460003,False
2024-04-26 20:56:40.606080+00:00,0.01482948042561548,False
2024-04-27 14:59:27.442752+00:00,0.07274989011243868,False
2024-04-27 18:31:56.763264+00:00,0.008052001670099488,False
2024-04-27 20:59:35.270592+00:00,0.008021895728269793,False
2024-04-28 15:15:23.552928+00:00,0.07251877960625126,False
2024-04-28 18:02:55.506048+00:00,0.004670047688520152,False
2024-04-28 23:00:47.735712+00:00,0.015411468195944442,False
2024-04-29 14:57:56.620800+00:00,0.05197490538781322,False
2024-04-29 15:56:26.441952+00:00,0.0012039267775040886,False
2024-04-29 21:05:33.371808+00:00,0.010798149386157868,False
2024-04-30 14:46:20.540928+00:00,0.05732574211010309,False
2024-04-30 18:18:53.421984+00:00,0.004517359203577853,False
2024-04-30 21:08:38.556384+00:00,0.007673491343881397,False
2024-05-01 15:12:28.472832+00:00,0.060065674302140576,False
2024-05-01 17:33:01.733184+00:00,0.0013516318229919904,False
2024-05-01 22:40:14.212416+00:00,0.010247574075718104,False
2024-05-02 14:11:14.852832+00:00,0.04786612028062673,False
2024-05-02 18:05:49.145856+00:00,0.005270900837334027,False
2024-05-03 15:10:49.709856+00:00,0.06820007458414196,False
2024-05-03 16:43:59.338848+00:00,0.00022558490063268825,False
2024-05-04 15:05:33.866880+00:00,0.04619983516152999,False
2024-05-05 14:01:09.631200+00:00,0.041838975275478654,False
2024-05-05 18:14:42.170784+00:00,-0.0011750187716607283,False
2024-05-05 22:52:22.860768+00:00,0.008816744430986772,False
2024-05-06 14:44:21.023808+00:00,0.042435597605324074,False
2024-05-06 18:07:51.860640+00:00,-0.001056571388739675,False
2024-05-07 15:14:24.275616+00:00,0.026443500686162857,False
2024-05-07 18:11:49.666272+00:00,-0.0029238110636825958,False
2024-05-08 14:36:31.875264+00:00,0.034759309867701246,False
2024-05-08 15:11:45.456864+00:00,-0.0008995119373270209,False
2024-05-09 15:16:24.717216+00:00,0.03901867421210356,False
2024-05-10 13:43:03.394848+00:00,0.05612859653391933,False
2024-05-10 17:08:04.434144+00:00,-0.00019735204043622515,False
2024-05-11 17:53:34.386432+00:00,0.2886315433186759,False
2024-05-11 21:18:35.676288+00:00,0.02651313658660387,False
2024-05-12 14:06:11.188800+00:00,0.14812891497487976,False
2024-05-12 16:58:25.980096+00:00,0.0006429149192598103,False
2024-05-12 23:18:56.217600+00:00,0.021054045054112895,False
2024-05-13 14:50:25.399392+00:00,0.08836210362268129,False
2024-05-13 18:25:42.602880+00:00,0.0016645393126756124,False
2024-05-14 15:07:12.531360+00:00,0.06576291992456793,False
2024-05-14 15:55:46.321248+00:00,4.4626664459132114e-05,False
2024-05-14 19:26:20.709024+00:00,0.002668883049337026,False
2024-05-15 14:03:53.716896+00:00,0.06222761089972825,False
2024-05-15 20:10:16.435200+00:00,0.006097871261459293,False
2024-05-16 13:37:53.480640+00:00,0.07817203807812251,False
2024-05-16 16:09:24.160320+00:00,0.0030261761224906307,False
2024-05-16 20:15:42.703200+00:00,0.007343165125029971,False
2024-05-17 13:25:42.462336+00:00,0.06756546502083008,False
2024-05-17 15:39:39.619296+00:00,0.0019642330405217666,False
2024-05-17 20:16:09.933888+00:00,0.009603751564170582,False
2024-05-18 14:13:25.213152+00:00,0.09001376343622094,False
2024-05-18 18:13:23.037024+00:00,0.0035904640593819245,False
2024-05-18 22:48:11.119680+00:00,0.01281519524356051,False
2024-05-19 13:37:42.709152+00:00,0.05646794184334743,False
2024-05-19 18:08:53.754144+00:00,0.003907106098197782,False
2024-05-20 14:49:44.414688+00:00,0.07347564311608365,False
2024-05-20 18:21:17.330688+00:00,0.003204853247909662,False
2024-05-21 13:45:37.917792+00:00,2.012833176501883,False
2024-05-21 14:05:53.511360+00:00,0.016235335142760314,False
2024-05-21 20:27:59.130144+00:00,0.007051471171371112,False
2024-05-22 14:11:53.929824+00:00,0.03595816845388909,False
2024-05-22 17:19:42.636864+00:00,0.0009486840354361679,False
2024-05-22 20:30:52.362144+00:00,0.004883102487526889,False
2024-05-23 15:03:24.616800+00:00,0.0681859884306579,False
2024-05-23 18:50:49.035264+00:00,0.005968568736546442,False
2024-05-24 13:32:01.764384+00:00,0.0699598833678736,False
2024-05-24 17:10:37.881408+00:00,0.0052798903088670645,False
2024-05-24 20:36:42.620832+00:00,0.006153705709281121,False
2024-05-25 14:27:43.028640+00:00,0.05381544512499077,False
2024-05-25 18:26:59.714880+00:00,0.003986136984299458,False
2024-05-26 15:34:44.285952+00:00,0.05546307800604117,False
2024-05-26 18:20:44.408832+00:00,0.0032937505292499015,False
2024-05-26 23:23:21.775776+00:00,0.012029580425371684,False
2024-05-27 13:46:20.796384+00:00,0.04220147973833143,False
2024-05-27 18:17:23.313696+00:00,0.003084030349425943,False
2024-05-27 22:39:19.799424+00:00,0.008877781953501994,False
2024-05-28 13:51:21.746592+00:00,0.04906716099683947,False
2024-05-28 18:24:17.930880+00:00,0.0018076692335708792,False
2024-05-28 20:48:30.784608+00:00,0.0033017482558812244,False
2024-05-29 14:06:11.285568+00:00,0.045026068701728,False
2024-05-29 15:54:33.778944+00:00,-2.8985025333524376e-05,False
2024-05-29 21:36:05.660928+00:00,0.005192287261855303,False
2024-05-30 14:17:49.000992+00:00,0.038274315473472736,False
2024-05-30 18:04:38.191584+00:00,-0.0001955297640267098,False
2024-05-30 21:44:42.664704+00:00,0.004548685764895331,False
2024-05-31 15:04:29.805600+00:00,0.037686355765954735,False
2024-05-31 15:48:08.168832+00:00,-0.0004075551290025699,False
2024-05-31 21:24:42.738912+00:00,0.0018892423091928026,False
2024-06-01 14:07:29.673696+00:00,0.026330173649524294,False
2024-06-02 15:34:02.603136+00:00,0.02797764360185681,False
2024-06-02 22:18:12.549888+00:00,0.0019918052559007443,False
2024-06-03 14:42:57.432672+00:00,0.00559485113922753,False
2024-06-03 17:02:27.174336+00:00,-0.0035717543014164195,False
2024-06-03 21:14:15.857664+00:00,-0.0016423454997039379,False
2024-06-04 15:01:21.101952+00:00,0.006454773810834077,False
2024-06-04 19:34:55.870752+00:00,-0.006197717916590538,False
2024-06-04 21:25:42.722976+00:00,-0.00045665367986100387,False
2024-06-05 15:02:58.811712+00:00,-0.0014807672715636544,False
2024-06-05 18:31:14.224224+00:00,-0.0055259522504091645,False
2024-06-05 20:14:42.642240+00:00,-0.0013452101078092228,False
2024-06-06 14:42:21.458304+00:00,0.0005045078246320445,False
2024-06-07 13:32:20.876064+00:00,-0.006447462300656875,False
2024-06-07 16:06:52.353792+00:00,-0.003592059732393917,False
2024-06-07 19:33:00.861120+00:00,-0.002595830274478274,False
2024-06-08 15:01:04.003392+00:00,0.010726333957885387,False
2024-06-08 19:22:43.823424+00:00,-0.005107934532030262,False
2024-06-08 23:21:57.125376+00:00,0.0010050548706427628,False
2024-06-09 15:12:58.413888+00:00,0.0015389177190161876,False
2024-06-09 18:19:41.502720+00:00,-0.003773415334502173,False
2024-06-09 22:38:25.317312+00:00,-0.00023882968629199836,False
2024-06-10 15:13:12.394272+00:00,-0.0017288875110330407,False
2024-06-10 18:20:22.636896+00:00,-0.0024624196614895432,False
2024-06-10 21:24:13.421664+00:00,0.0007385233895951318,False
2024-06-11 13:35:52.482624+00:00,0.011933951012981586,False
2024-06-12 06:48:09.150336+00:00,0.006328530439784881,False
2024-06-12 18:13:23.212416+00:00,-0.011414942125370874,False
2024-06-12 20:27:42.663168+00:00,-0.000382340785890568,False
2024-06-13 14:15:51.654240+00:00,0.003914668729254056,False
2024-06-13 19:50:42.703296+00:00,-0.0030027456936958814,False
2024-06-14 15:07:08.044608+00:00,0.010157138327616097,False
2024-06-14 20:44:42.691200+00:00,-0.0010577168039831355,False
2024-06-15 13:58:34.074048+00:00,0.020487831325753644,False
2024-06-15 22:46:42.442176+00:00,0.00397846087170145,False
2024-06-16 13:47:40.415712+00:00,0.026661456963242812,False
2024-06-16 22:22:47.186976+00:00,0.004093634488695496,False
2024-06-17 18:04:59.528928+00:00,0.027906645971435003,False
2024-06-17 19:47:35.822688+00:00,0.0009148795390906649,False
2024-06-18 14:57:36.065376+00:00,0.04175905292726008,False
2024-06-18 16:56:58.278048+00:00,0.0007350391659090155,False
2024-06-18 20:21:42.662880+00:00,0.0022216445772068535,False
2024-06-19 15:13:03.122688+00:00,0.04919333188777841,False
2024-06-19 18:26:15.887616+00:00,0.002124836873407575,False
2024-06-19 20:05:50.199648+00:00,0.0018716130973852729,False
2024-06-20 15:00:54.353376+00:00,0.05131164341978968,False
2024-06-20 18:25:29.591904+00:00,0.0025480009211621916,False
2024-06-21 15:06:10.662912+00:00,0.0578201587256118,False
2024-06-21 20:12:42.799392+00:00,0.004827869520818406,False
2024-06-22 13:53:13.816032+00:00,0.05041815358628156,False
2024-06-22 15:13:02.911008+00:00,0.0010028361761506524,False
2024-06-22 22:38:36.285792+00:00,0.010259300855531409,False
2024-06-23 15:15:11.143296+00:00,0.047360331037411454,False
2024-06-23 21:47:39.221376+00:00,0.008769946011832404,False
2024-06-24 15:18:34.233408+00:00,0.04752589575236751,False
2024-06-24 16:44:16.927296+00:00,0.0002673565792891436,False
2024-06-24 23:00:05.017824+00:00,0.008548885401712133,False
2024-06-25 15:17:57.268896+00:00,0.0410200009762767,False
2024-06-25 19:58:42.699360+00:00,0.0014812685803792872,False
2024-06-26 14:51:19.579104+00:00,0.039657225441270524,False
2024-06-26 18:22:18.859584+00:00,-0.0008666936965784485,False
2024-06-27 15:18:34.363008+00:00,2.118858977801791,False
2024-06-27 20:27:35.957664+00:00,0.0013630885429992707,False
2024-06-28 14:49:18.669216+00:00,0.034685724935901385,False
2024-06-28 18:21:28.817568+00:00,0.0014464484194972212,False
2024-06-28 20:30:10.101312+00:00,0.0037706913052601727,False
2024-06-29 14:34:37.897248+00:00,0.03310508351431102,False
2024-06-29 16:50:36.137760+00:00,-0.0038200070301914017,False
2024-06-29 21:17:32.523072+00:00,-0.001250734870385399,False
2024-06-30 15:08:02.660640+00:00,0.0043383018300387904,False
2024-06-30 18:18:11.150784+00:00,-0.004051324414132908,False
2024-06-30 20:35:23.172576+00:00,-0.000957405731843484,False
2024-07-01 14:40:17.937408+00:00,-0.009613832201900131,False
2024-07-01 18:25:07.368096+00:00,-0.007004693184686324,False
2024-07-01 20:35:42.522720+00:00,-0.0021999437223215986,False
2024-07-02 14:41:25.656000+00:00,-0.019203279016743943,False
2024-07-02 16:46:13.657152+00:00,-0.0047948331496845895,False
2024-07-02 20:40:34.574592+00:00,-0.005675718507847483,False
2024-07-03 14:59:58.545024+00:00,-0.02470045423929724,False
2024-07-03 20:43:09.571008+00:00,-0.011365064993564105,False
2024-07-04 15:15:38.247840+00:00,-0.023933324409758934,False
2024-07-04 16:54:53.842176+00:00,-0.0034730398136378097,False
2024-07-04 22:37:53.601600+00:00,-0.007239676712688959,False
2024-07-05 15:17:56.516352+00:00,-0.014610833050377657,False
2024-07-05 18:35:17.605248+00:00,-0.006336991841541432,False
2024-07-05 21:32:42.755712+00:00,-0.0035975463394785296,False
2024-07-06 15:16:19.200576+00:00,-0.020251185897274412,False
2024-07-06 21:54:17.178912+00:00,-0.010492563597927806,False
2024-07-07 14:40:27.295392+00:00,-0.015730160970095032,False
2024-07-08 14:30:45.738720+00:00,-0.015218080770389275,False
2024-07-08 16:53:00.971808+00:00,-0.0029687364552922033,False
2024-07-08 20:55:51.324384+00:00,-0.003064649003485788,False
2024-07-09 13:00:42.562656+00:00,-0.001934240180953159,False
2024-07-09 14:06:32.710176+00:00,-0.001421071963070371,False
2024-07-09 19:15:40.236192+00:00,-0.006484303094810657,False
2024-07-10 13:24:42.655392+00:00,0.004012781447076008,False
2024-07-10 19:18:19.055808+00:00,-0.004649463120682106,False
2024-07-11 14:34:44.576832+00:00,0.023701682855576015,False
2024-07-11 16:08:42.171648+00:00,-0.001095800739473751,False
2024-07-12 14:36:51.139872+00:00,0.028437256079431733,False
2024-07-12 22:39:58.397760+00:00,-0.0002677999957258169,False
2024-07-13 15:18:44.119296+00:00,0.02942737048669851,False
2024-07-13 16:49:33.913344+00:00,-0.0010317673236046746,False
2024-07-13 23:12:51.693408+00:00,0.00380253374218178,False
2024-07-14 13:58:59.251008+00:00,0.04718111631876758,False
2024-07-14 16:52:49.641312+00:00,-0.0008598011096803207,False
2024-07-14 21:14:47.427360+00:00,0.0019583370987383535,False
2024-07-15 13:36:12.625920+00:00,0.05588421222749222,False
2024-07-15 18:55:24.864672+00:00,0.0003026353386940527,False
2024-07-15 22:00:04.131936+00:00,0.004399994156336162,False
2024-07-16 14:34:59.848032+00:00,0.06404693030926555,False
2024-07-16 17:22:39.679968+00:00,0.0006507050796789541,False
2024-07-16 21:16:42.136320+00:00,0.004811961185247194,False
2024-07-17 14:41:16.698048+00:00,0.07007102693717336,False
2024-07-17 17:07:04.283328+00:00,0.001111389044231608,False
2024-07-17 22:48:34.705152+00:00,0.010924296582798945,False
2024-07-18 14:35:35.400768+00:00,0.0566557869423857,False
2024-07-18 16:38:12.828192+00:00,0.0015521548239945358,False
2024-07-18 21:51:12.702816+00:00,0.007852132497289777,False
2024-07-19 14:48:46.643328+00:00,0.05511090117413317,False
2024-07-19 19:39:02.085696+00:00,0.0038628568677722607,False
2024-07-20 15:04:22.425312+00:00,0.059939544257064326,False
2024-07-20 21:06:52.265376+00:00,0.007019087403892392,False
2024-07-20 22:51:09.660096+00:00,0.005763463630338471,False
2024-07-21 15:21:16.519392+00:00,0.051781047387946845,False
2024-07-21 22:44:44.994336+00:00,0.011259038706240473,False
2024-07-22 15:20:38.822208+00:00,0.046660383408771974,False
2024-07-22 18:11:34.612800+00:00,0.0009522789371239574,False
2024-07-22 21:31:35.589216+00:00,0.00465276604049016,False
2024-07-23 14:47:33.969696+00:00,0.03644482199925142,False
2024-07-23 17:17:32.790624+00:00,-0.0008852083363896893,False
2024-07-23 19:51:04.470912+00:00,0.0009425368859814487,False
2024-07-24 15:28:46.638336+00:00,0.02672701406789981,False
2024-07-24 17:18:21.447648+00:00,-0.001245806317120133,False
2024-07-24 19:53:33.910944+00:00,-0.00024021381827180922,False
2024-07-25 07:13:39.559584+00:00,0.021048124532839385,False
2024-07-25 19:59:30.721344+00:00,-0.010046635310518425,False
2024-07-26 14:39:41.855904+00:00,0.011565622651872581,False
2024-07-26 19:58:32.600928+00:00,-0.004264972271084988,False
2024-07-27 06:57:18.518688+00:00,0.012973508185068566,False
2024-07-27 11:31:03.336672+00:00,-0.006118014472160687,False
2024-07-27 21:11:58.949088+00:00,-0.011137824868632403,False
2024-07-28 18:20:33.465408+00:00,-0.00274851793552805,False
2024-07-28 22:53:05.245152+00:00,0.00020827884945250584,False
2024-07-29 14:50:24.695232+00:00,0.004964411203591826,False
2024-07-29 20:05:59.060832+00:00,-0.0078123357872603525,False
2024-07-30 15:00:41.376960+00:00,0.020077557869807222,False
2024-07-30 18:02:17.166048+00:00,-0.004844584807123494,False
2024-07-30 20:08:24.871200+00:00,-0.002022190421030178,False
2024-07-31 15:17:03.009696+00:00,0.06487128723199087,False
2024-07-31 18:02:48.022080+00:00,-0.0032849459163286293,False
2024-07-31 18:51:01.276416+00:00,-0.0007274882023119754,False
2024-08-01 14:53:53.936160+00:00,1.5962965170279033,False
2024-08-01 20:13:08.796288+00:00,-0.1061890411232754,False
2024-08-02 15:12:36.328320+00:00,0.025592174925049282,False
2024-08-02 18:28:24.416256+00:00,-0.0045589312187105544,False
2024-08-03 14:41:59.223264+00:00,0.0382260697250911,False
2024-08-03 18:23:44.241792+00:00,-0.005088558255294122,False
2024-08-03 22:45:28.627200+00:00,0.00021557081382286326,False
2024-08-04 15:26:34.480896+00:00,0.04776013458746324,False
2024-08-04 18:32:37.469760+00:00,-0.0003542114563068483,False
2024-08-04 21:51:04.359168+00:00,0.0031341934265417745,False
2024-08-05 18:12:52.858368+00:00,0.05171815994218812,False
2024-08-05 22:41:09.392640+00:00,0.0026994393362426393,False
2024-08-06 15:01:16.921056+00:00,0.04302166188965653,False
2024-08-06 16:43:23.564928+00:00,-0.0013784788806012784,False
2024-08-06 20:24:54.213408+00:00,-0.0008600425387560989,False
2024-08-07 14:53:44.465856+00:00,0.06043934359216596,False
2024-08-07 19:45:51.852384+00:00,-0.0019279769690490906,False
2024-08-08 15:26:21.164928+00:00,0.08552138238111051,False
2024-08-08 20:29:38.009760+00:00,0.000795941684381454,False
2024-08-09 14:59:38.100192+00:00,0.09981323812778498,False
2024-08-09 17:15:18.911232+00:00,-0.0004453475777282121,False
2024-08-09 20:32:01.411296+00:00,0.002504598288204485,False
2024-08-10 14:32:29.258880+00:00,0.09693268553318671,False
2024-08-10 15:25:15.813696+00:00,-8.87605632739093e-05,False
2024-08-10 20:34:20.191296+00:00,0.002864970125422592,False
2024-08-11 18:19:20.642304+00:00,0.10818177017142447,False
2024-08-11 21:55:42.936960+00:00,0.01055180337767364,False
2024-08-12 15:21:39.512160+00:00,0.15749725299621387,False
2024-08-12 19:47:38.820768+00:00,0.013428376041473827,False
2024-08-12 20:39:01.126080+00:00,0.004004928202721046,False
2024-08-13 13:58:11.323200+00:00,0.1409128197163568,False
2024-08-13 18:58:20.487360+00:00,0.004799953343852069,False
2024-08-16 19:04:58.603008+00:00,0.32994401429582876,False
2024-08-17 14:18:04.030272+00:00,0.08614351212181268,False
2024-08-17 19:06:49.981248+00:00,0.008368233861324067,False
2024-08-18 06:48:00.011808+00:00,0.09351777477607917,False
2024-08-18 17:39:22.944672+00:00,0.019389326694704046,False
2024-08-18 18:14:48.676704+00:00,0.0010014213132911822,False
2024-08-19 15:22:57.228960+00:00,0.09246642882007765,False
2024-08-19 15:45:36.930816+00:00,0.00017707013389234348,False
2024-08-20 14:27:27.816192+00:00,0.09418172441091262,False
2024-08-20 17:30:48.022272+00:00,0.0017627995500395337,False
2024-08-21 14:00:42.492096+00:00,0.07754352592914496,False
2024-08-21 19:15:50.439168+00:00,0.0018366933332823413,False
2024-08-22 14:46:26.793696+00:00,0.06549683317347871,False
2024-08-22 19:17:56.686848+00:00,-0.00022060260707385503,False
2024-08-23 15:09:31.878144+00:00,0.046427754425191425,False
2024-08-23 16:25:05.266272+00:00,-0.0011179910914171686,False
2024-08-24 15:07:20.136288+00:00,0.042339959084378584,False
2024-08-24 15:55:59.842848+00:00,-0.0005485161002702528,False
2024-08-24 17:39:05.169600+00:00,-0.0014729354506258885,False
2024-08-25 13:28:43.239648+00:00,0.03614572295781207,False
2024-08-25 17:42:51.154848+00:00,-0.0059548853448829755,False
2024-08-25 19:24:06.999840+00:00,-0.001377831449044603,False
2024-08-26 11:13:41.937600+00:00,0.03160787000337474,False
2024-08-26 21:09:14.294880+00:00,-0.012011860093210949,False
2024-08-27 15:10:11.457120+00:00,0.022112325602358027,False
2024-08-27 16:02:21.513120+00:00,-0.0013215417728377745,False
2024-08-27 21:11:22.479648+00:00,-0.0040030162809497165,False
2024-08-28 14:20:22.429248+00:00,0.047400049261377766,False
2024-08-28 17:49:04.814976+00:00,-0.004955902885629014,False
2024-08-28 19:30:27.547776+00:00,-0.0017310337410985704,False
2024-08-29 19:32:29.680224+00:00,0.022363767809880516,False
2024-08-30 14:14:39.811776+00:00,0.025187383655602427,False
2024-08-30 19:34:35.540832+00:00,-0.004976432578012507,False
2024-08-31 14:34:40.721664+00:00,0.057970252400803265,False
2024-08-31 16:10:37.416288+00:00,-0.0012165619235755885,False
2024-08-31 19:36:40.563360+00:00,-0.0016938733009079984,False
2024-09-01 13:52:57.653184+00:00,0.07177331425192143,False
2024-09-01 16:12:47.495808+00:00,-0.0010461340764908863,False
2024-09-01 21:21:48.456288+00:00,0.0013389051556304543,False
2024-09-02 14:51:21.199104+00:00,0.058972664204653066,False
2024-09-02 16:52:26.560416+00:00,-0.0010652806054612229,False
2024-09-02 19:40:46.523424+00:00,2.039504272057314,False
2024-09-03 14:48:45.184896+00:00,-0.05107736395590873,False
2024-09-03 17:06:19.408032+00:00,-0.01877960237216167,False
2024-09-03 19:42:50.363136+00:00,-0.002434143831723218,False
2024-09-04 13:29:29.412672+00:00,0.0717277438368749,False
2024-09-04 16:18:58.194144+00:00,-0.0011913992708963315,False
2024-09-04 19:45:01.343808+00:00,0.0012213529961827268,False
2024-09-05 11:58:14.958336+00:00,0.09949673351665944,False
2024-09-05 16:21:02.195424+00:00,-0.00023880284670853638,False
2024-09-05 21:30:03.166272+00:00,0.006907627182919984,False
2024-09-06 15:22:45.324768+00:00,0.06989127805132761,False
2024-09-07 15:01:41.282400+00:00,0.11684662227670842,False
2024-09-07 18:07:44.516640+00:00,0.00094674730573678,False
2024-09-07 19:50:42.338688+00:00,0.002161136111276183,False
2024-09-08 11:17:40.158816+00:00,0.08920247386579136,False
2024-09-08 16:26:39.645312+00:00,0.0020868291960146907,False
2024-09-08 19:58:12.690912+00:00,0.003540365582831358,False
2024-09-09 13:02:34.251072+00:00,0.09473218405312231,False
2024-09-09 18:46:42.791808+00:00,0.005421843358856959,False
2024-09-09 19:52:12.449568+00:00,0.0020052479516046474,False
2024-09-10 19:56:27.362400+00:00,0.10100687227278107,False
2024-09-11 14:46:00.795072+00:00,0.08523070689534366,False
2024-09-11 16:32:19.769280+00:00,0.0021998682726034843,False
2024-09-11 21:41:20.739264+00:00,0.015667841360780074,False
2024-09-12 14:48:17.453952+00:00,0.10058847991788428,False
2024-09-12 16:34:15.921984+00:00,0.004636151659367029,False
2024-09-12 20:00:09.955584+00:00,0.013707395892162764,False
2024-09-13 20:02:06.384768+00:00,0.14412721128282996,False
2024-09-14 15:10:07.754880+00:00,0.10692852082480808,False
2024-09-14 20:32:19.349664+00:00,0.013898900087011723,False
2024-09-15 20:05:54.866976+00:00,0.09015894110107221,False
2024-09-16 13:44:42.732384+00:00,0.07448110743497803,False
2024-09-16 16:41:46.420224+00:00,0.0027512714160748217,False
2024-09-16 18:24:44.241408+00:00,0.0025065725917800077,False
2024-09-17 14:50:12.710688+00:00,0.08675173755400965,False
2024-09-17 15:16:42.756672+00:00,-1.001192504779735e-06,False
2024-09-17 20:09:41.535648+00:00,0.007349321751002825,False
2024-09-18 14:43:39.709920+00:00,0.0509768339529835,False
2024-09-18 20:11:30.297696+00:00,0.00219399800358408,False
2024-09-19 14:52:20.765856+00:00,0.033124795453146116,False
2024-09-19 18:30:24.750720+00:00,-0.00016366934589401826,False
2024-09-20 15:00:22.620384+00:00,0.011187756223543024,False
2024-09-20 18:19:33.441600+00:00,-0.0031925061551552267,False
2024-09-20 20:14:56.387616+00:00,-0.0007057965615620129,False
2024-09-21 13:41:29.591232+00:00,-0.0007547462137680178,False
2024-09-21 19:39:04.562784+00:00,-0.0075648506077804975,False
2024-09-22 13:57:11.232000+00:00,-0.00852663190015654,False
2024-09-22 19:46:39.711936+00:00,-0.008617954925582634,False
2024-09-22 21:15:36.180288+00:00,-0.00040554396200040074,False
2024-09-23 15:24:33.715296+00:00,-0.006973909395538436,False
2024-09-23 17:56:28.129056+00:00,-0.004101340980465233,False
2024-09-23 22:57:09.489312+00:00,-0.0015292392975947422,False
2024-09-24 15:20:43.234656+00:00,0.0038073183438532276,False
2024-09-24 15:38:32.977248+00:00,-0.0008407155072903288,False
2024-09-24 19:30:45.480960+00:00,-0.006185297768403486,False
2024-09-25 15:13:04.581984+00:00,0.02414574343097861,False
2024-09-25 16:42:49.976928+00:00,-0.0021090079020215564,False
2024-09-25 20:23:30.877152+00:00,-0.0030658271271675717,False
2024-09-26 15:46:38.502048+00:00,0.027659335163100263,False
2024-09-26 20:25:08.460768+00:00,-0.0064318228079828545,False
2024-09-27 15:14:31.546176+00:00,0.024772810664532754,False
2024-09-27 18:01:44.918976+00:00,-0.004953763225672435,False
2024-09-28 14:28:11.336736+00:00,0.022890283116580312,False
2024-09-28 21:45:13.601952+00:00,-0.003750160500390412,False
2024-09-29 15:20:21.887808+00:00,0.04487030294841492,False
2024-09-29 21:16:21.275904+00:00,0.0004614409860274095,False
2024-09-30 15:16:18.583680+00:00,0.056271738021293205,False
2024-09-30 15:31:50.595168+00:00,-0.0002851487959193113,False
2024-09-30 20:32:24.482688+00:00,0.00017289753195163897,False
2024-10-01 15:02:53.926656+00:00,0.06622534171094102,False
2024-10-01 15:25:05.769696+00:00,0.0002843998915374329,False
2024-10-01 17:21:42.816672+00:00,-0.0005598337088036582,False
2024-10-02 10:39:14.908320+00:00,0.0926942479404437,False
2024-10-02 18:52:31.111680+00:00,0.0030727040110353557,False
2024-10-03 13:47:20.630976+00:00,0.11930390733026391,False
2024-10-03 19:37:03.207072+00:00,0.006271198129707948,False
2024-10-03 20:37:02.961120+00:00,0.003063042810911479,False
2024-10-04 14:13:06.147264+00:00,0.14675859371030023,False
2024-10-04 15:34:51.647232+00:00,0.0009910152306356508,False
2024-10-04 21:38:39.471936+00:00,0.016452619662814968,False
2024-10-05 13:45:19.708128+00:00,0.13912141618350535,False
2024-10-05 19:54:05.402880+00:00,0.008999490421325203,False
2024-10-05 21:42:10.696608+00:00,0.008509438952797503,False
2024-10-06 14:37:30.984096+00:00,0.1296103385940355,False
2024-10-06 21:18:24.104736+00:00,0.01876262073664749,False
2024-10-07 14:44:34.022688+00:00,0.1639118296297112,False
2024-10-07 18:17:08.198880+00:00,0.010340720310912415,False
2024-10-07 20:23:42.669024+00:00,0.010046885054498076,False
2024-10-08 14:38:37.067136+00:00,0.21918655608767987,False
2024-10-08 19:02:00.067776+00:00,0.015350266857604457,False
2024-10-09 06:05:44.894976+00:00,0.11967576144527428,False
2024-10-09 13:38:30.491808+00:00,0.03288545649420099,False
2024-10-09 19:03:34.153056+00:00,0.01441963676128196,False
2024-10-10 03:34:18.080832+00:00,0.06769525183144465,False
2024-10-10 14:42:25.246944+00:00,0.05553429348108353,False
2024-10-10 15:43:01.023744+00:00,0.0036222178382962055,False
2024-10-10 21:13:48.498240+00:00,0.033558645444076704,False
2024-10-11 11:36:42.797088+00:00,0.2003774891611843,False
2024-10-11 21:40:07.322592+00:00,0.05111667597184395,False
2024-10-12 13:32:54.559104+00:00,0.12100542005665393,False
2024-10-12 21:41:33.591264+00:00,0.030655902997907797,False
2024-10-13 13:22:15.977568+00:00,0.09366807000843363,False
2024-10-13 21:17:22.142976+00:00,0.02022112334779464,False
2024-10-14 13:52:42.570336+00:00,0.0726215695566869,False
2024-10-14 16:59:14.194752+00:00,0.002352175202498262,False
2024-10-14 17:28:23.149344+00:00,0.0007831278658096646,False
2024-10-15 14:34:27.187104+00:00,0.07319165411290808,False
2024-10-15 18:21:50.382144+00:00,0.0037455036729256014,False
2024-10-15 19:12:57.114720+00:00,0.0009103535342843403,False
2024-10-16 07:39:42.788736+00:00,0.04707331239880745,False
2024-10-16 12:26:42.554976+00:00,3.201580636296839,False
2024-10-16 20:56:56.642784+00:00,-0.00025906691273222884,False
2024-10-17 15:09:13.739328+00:00,-3.19839499197967,False
2024-10-17 20:58:16.732992+00:00,-0.018096147484312812,False
2024-10-18 14:19:07.104000+00:00,0.037897017934233515,False
2024-10-18 16:40:10.238016+00:00,-0.0007967420652055723,False
2024-10-18 22:59:21.626880+00:00,-0.002244998612752073,False
2024-10-19 13:50:46.573152+00:00,0.021198989180234676,False
2024-10-19 16:30:55.246752+00:00,-0.003132412839261795,False
2024-10-20 15:16:49.493280+00:00,0.001740692791207421,False
2024-10-21 13:00:29.643264+00:00,-0.009258055650109925,False
2024-10-22 05:40:36.240384+00:00,-0.0047278888141215475,False
2024-10-22 12:30:12.202848+00:00,-0.007487519065256423,False
2024-10-22 17:39:01.411200+00:00,-0.011241903579008467,False
2024-10-23 14:44:04.617312+00:00,0.007444581980019668,False
2024-10-23 18:25:45.198336+00:00,-0.007609962273663921,False
2024-10-23 20:09:38.704320+00:00,-0.0018209013967328018,False
2024-10-24 13:01:09.247296+00:00,0.03043581086127181,False
2024-10-24 14:41:30.402816+00:00,-2.8836280598815045,False
2024-10-24 17:41:55.091616+00:00,-0.21709010380726296,False
2024-10-25 13:46:33.098880+00:00,3.0947526965639964,False
2024-10-25 23:02:52.945728+00:00,0.10055186614045425,False
2024-10-26 12:40:00.236928+00:00,0.003544110633459399,False
2024-10-26 21:05:26.051136+00:00,0.003990540660099941,False
2024-10-26 22:34:26.289120+00:00,0.004587272342934384,False
2024-10-27 15:11:51.333792+00:00,0.06005248529034035,False
2024-10-27 22:34:00.624000+00:00,0.010279126921775496,False
2024-10-28 13:38:32.189568+00:00,0.09479634430359812,False
2024-10-28 16:03:49.563360+00:00,0.00012077590877362064,False
2024-10-28 20:03:43.064640+00:00,0.00236798654763231,False
2024-10-29 13:59:01.092192+00:00,0.09652730593898831,False
2024-10-30 00:16:51.425184+00:00,0.027384419895370146,False
2024-10-30 14:59:21.189120+00:00,0.0939837153795948,False
2024-10-30 18:17:27.691584+00:00,0.0025996874849022016,False
2024-10-31 14:12:42.687072+00:00,0.11211332071676322,False
2024-10-31 16:19:19.243776+00:00,0.0009045508354188101,False
2024-10-31 21:17:01.398336+00:00,0.01140694469632551,False
2024-11-01 14:54:20.422080+00:00,0.11726238133517644,False
2024-11-01 18:40:50.335968+00:00,0.003503482083419201,False
2024-11-01 22:40:56.399808+00:00,0.015330236352182586,False
2024-11-02 14:01:05.616192+00:00,0.09165158003813624,False
2024-11-02 22:32:23.341920+00:00,0.022973228982397155,False
2024-11-03 15:01:52.709664+00:00,0.10020468822479378,False
2024-11-03 18:06:41.429952+00:00,0.004117241923136165,False
2024-11-03 22:48:53.023680+00:00,0.02092727196385432,False
2024-11-04 15:31:13.706688+00:00,0.11053852529052163,False
2024-11-04 15:46:17.256288+00:00,0.0003649280088920099,False
2024-11-04 22:44:38.574816+00:00,0.023032166827711753,False
2024-11-05 13:55:51.012192+00:00,0.10278074447141536,False
2024-11-05 16:14:12.403680+00:00,0.004613873730724679,False
2024-11-06 12:27:59.741280+00:00,0.13019814812761263,False
2024-11-06 19:41:15.750816+00:00,2.7416506909677345,False
2024-11-07 15:20:40.119936+00:00,0.21878715887530129,False
2024-11-07 16:57:38.513664+00:00,0.0035941712676550355,False
2024-11-07 22:28:41.331936+00:00,0.02674398602033364,False
2024-11-08 18:28:32.367648+00:00,0.1218930634870303,False
2024-11-08 21:55:26.202144+00:00,0.017445268826019107,False
2024-11-09 15:16:38.671680+00:00,0.11800089954754725,False
2024-11-09 20:07:58.686816+00:00,0.01775035040482077,False
2024-11-09 22:48:10.952064+00:00,0.01833006404111812,False
2024-11-10 15:10:52.108320+00:00,0.1000442536263938,False
2024-11-10 18:33:54.369216+00:00,0.007584009813273148,False
2024-11-10 22:40:01.731072+00:00,0.020326014393038678,False
2024-11-11 15:06:08.363808+00:00,0.09597592393498723,False
2024-11-11 16:53:55.692384+00:00,0.00222845742168468,False
2024-11-12 03:12:00.726336+00:00,0.03922365498877854,False
2024-11-12 18:22:49.566144+00:00,20.685987690251594,False
2024-11-13 12:25:58.382976+00:00,11.278872968686075,False
2024-11-13 19:20:32.061696+00:00,-0.009585198333884,False
2024-11-14 14:09:42.587136+00:00,-0.01848865508868546,False
2024-11-15 14:53:30.451776+00:00,-0.03351965418119427,False
2024-11-15 16:43:11.227008+00:00,-0.003491598008430569,False
2024-11-15 23:01:11.536320+00:00,-0.014311981908736017,False
2024-11-16 07:33:09.317952+00:00,-0.010249142439425919,False
2024-11-16 18:25:46.763040+00:00,-0.025220436623639063,False
2024-11-17 18:15:33.315264+00:00,-0.05614713356449368,False
2024-11-17 22:53:34.097568+00:00,-0.012137585665906309,False
2024-11-18 14:00:20.699424+00:00,-0.03318400855026864,False
2024-11-18 18:16:28.975872+00:00,-0.012328657139417228,False
2024-11-18 21:03:32.740128+00:00,-0.00666815535899242,False
2024-11-19 13:48:30.928608+00:00,-0.028330001660400235,False
2024-11-19 15:47:27.306816+00:00,-0.006139894615708793,False
2024-11-19 19:00:33.011136+00:00,-0.008192165617942324,False
2024-11-20 15:19:50.922912+00:00,-0.03269573316018268,False
2024-11-20 16:03:11.979360+00:00,-0.002223048992618765,False
2024-11-20 16:28:37.481952+00:00,-0.0010597107812718189,False
2024-11-21 15:33:45.978912+00:00,-0.034385673100666134,False
2024-11-21 16:44:31.517664+00:00,-0.003540641879106645,False
2024-11-21 19:55:53.781312+00:00,-0.007234770857023722,False
2024-11-22 14:54:28.562688+00:00,-0.015339277553205993,False
2024-11-22 19:56:38.374080+00:00,-0.010409366547360875,False
2024-11-23 13:49:37.509312+00:00,-0.004066283952941417,False
2024-11-23 16:36:39.936096+00:00,-0.005047610832889498,False
2024-11-23 22:45:53.913888+00:00,-0.006348285188186463,False
2024-11-24 15:09:29.776896+00:00,0.004635292980135236,False
2024-11-24 21:16:34.356000+00:00,-0.005383943947089843,False
2024-11-24 22:51:17.250336+00:00,0.0009558626037165915,False
2024-11-25 14:03:59.528160+00:00,0.012669177743342301,False
2024-11-25 17:49:41.335392+00:00,-0.002457835981539676,False
2024-11-25 21:41:31.972128+00:00,0.0005703155773334996,False
2024-11-26 16:34:07.055616+00:00,0.02060447905107162,False
2024-11-26 19:58:23.458080+00:00,0.00037552115646017183,False
2024-11-27 15:27:39.831264+00:00,0.025577584697373465,False
2024-11-27 18:23:09.362976+00:00,0.0003137829940293834,False
2024-11-27 20:00:39.920832+00:00,0.0010916784306216705,False
2024-11-28 15:01:41.476800+00:00,0.033464139917381244,False
2024-11-28 18:32:14.997120+00:00,0.0010226775086331955,False
2024-11-28 22:43:24.115296+00:00,0.006861622391612243,False
2024-11-29 15:27:38.294208+00:00,0.031613844544592665,False
2024-11-29 18:18:02.076192+00:00,0.0018364430753477772,False
2024-11-29 20:02:00.886272+00:00,0.0025948163261093828,False
2024-11-30 15:28:39.880128+00:00,0.050227417766782696,False
2024-11-30 16:41:30.375744+00:00,0.0011498808089477036,False
2024-11-30 21:21:14.559840+00:00,0.007626351828245955,False
2024-12-01 15:04:16.010112+00:00,0.04462202383793469,False
2024-12-01 18:02:03.971904+00:00,0.004015661315535952,False
2024-12-01 22:45:56.682144+00:00,0.010551624945489734,False
2024-12-02 15:16:07.908960+00:00,0.040733970661945736,False
2024-12-02 17:30:59.185152+00:00,0.003698802394068862,False
2024-12-02 21:16:47.136288+00:00,0.008167704519789475,False
2024-12-03 15:07:04.497024+00:00,0.048578597544523996,False
2024-12-03 18:55:40.823616+00:00,0.008798808082711024,False
2024-12-03 20:44:14.226720+00:00,0.0050250924560952745,False
2024-12-04 15:25:41.445984+00:00,0.04908683460707679,False
2024-12-04 18:19:47.491104+00:00,0.0073025287561686416,False
2024-12-04 21:30:36.552096+00:00,0.009334899505751976,False
2024-12-05 14:50:28.680000+00:00,0.045525000531634205,False
2024-12-05 16:52:56.460864+00:00,0.004821867109954487,False
2024-12-05 20:06:06.973344+00:00,0.009354460575953336,False
2024-12-06 16:08:50.294976+00:00,0.05203358756246333,False
2024-12-06 22:37:15.044736+00:00,0.018929161813226333,False
2024-12-07 12:33:49.336416+00:00,0.03677452943519988,False
2024-12-07 18:05:26.524608+00:00,0.010514154460310449,False
2024-12-07 22:53:57.321024+00:00,0.013944131413205794,False
2024-12-08 13:28:44.196096+00:00,0.03774550228588586,False
2024-12-08 18:16:37.614144+00:00,0.007380623602948562,False
2024-12-08 22:46:19.699104+00:00,0.010897622238385283,False
2024-12-09 15:13:53.143104+00:00,0.03953597609332632,False
2024-12-09 18:20:53.153376+00:00,0.0032141481890319095,False
2024-12-09 20:43:01.598880+00:00,0.0036591580213317923,False
2024-12-10 15:08:36.199392+00:00,0.037906912088331336,False
2024-12-10 18:11:15.184896+00:00,0.001046799778861397,False
2024-12-10 20:09:21.669696+00:00,0.0011070493667937223,False
2024-12-11 13:56:20.402016+00:00,0.027533951999359714,False
2024-12-11 20:10:03.674784+00:00,0.00027698898116426153,False
2024-12-12 15:09:10.598688+00:00,0.016286814019945604,False
2024-12-12 16:34:55.481952+00:00,-0.00023949541389141446,False
2024-12-12 21:53:40.655904+00:00,-0.0030685168391892757,False
2024-12-13 15:09:31.250880+00:00,0.007805365577443504,False
2024-12-13 17:36:32.588064+00:00,-0.0012707929953979114,False
2024-12-14 13:31:55.943616+00:00,0.0012721917210346684,False
2024-12-14 16:49:36.633216+00:00,-0.0014271124279194311,False
2024-12-14 22:35:04.197984+00:00,-0.0034221137720331024,False
2024-12-15 15:15:31.667616+00:00,0.006145199213782537,False
2024-12-15 18:06:14.370336+00:00,-0.0018630932070851378,False
2024-12-15 22:53:06.286272+00:00,-0.0015554997802867364,False
2024-12-16 15:17:46.918176+00:00,0.006077289426630609,False
2024-12-16 18:24:43.212384+00:00,-0.0019378195565532583,False
2024-12-16 20:13:28.253568+00:00,-0.000625269592239897,False
2024-12-17 15:12:34.422336+00:00,0.011560194012633168,False
2024-12-17 16:18:55.031904+00:00,-0.0007654319898311243,False
2024-12-17 22:45:33.305760+00:00,-0.00027394458989654473,False
2024-12-18 12:27:04.732992+00:00,0.0151340337425248,False
2024-12-18 15:59:09.388896+00:00,-0.00228763816288435,False
2024-12-19 07:28:31.426176+00:00,0.01697427424382876,False
2024-12-19 15:09:52.769664+00:00,0.001786210256565608,False
2024-12-19 16:49:39.427392+00:00,-0.0011416556786483017,False
2024-12-19 20:15:29.022624+00:00,-0.0002747682253044512,False
2024-12-20 15:05:46.019040+00:00,0.0247457286071881,False
2024-12-20 15:51:25.743168+00:00,-9.683178200279425e-06,False
2024-12-20 20:16:09.238368+00:00,0.0009271464355909316,False
2024-12-21 15:29:52.286784+00:00,0.03204674811275589,False
2024-12-21 19:34:16.888800+00:00,0.00263000728232185,False
2024-12-21 21:27:17.382816+00:00,0.0025930842330498145,False
2024-12-22 14:59:13.469280+00:00,0.03861848273472685,False
2024-12-22 16:10:52.442976+00:00,0.0013001917866434923,False
2024-12-22 23:05:13.613568+00:00,0.011815521324807052,False
2024-12-23 13:50:55.929408+00:00,0.04304457463899723,False
2024-12-23 17:43:05.334816+00:00,0.006159191119220074,False
2024-12-24 14:39:53.938080+00:00,0.06569344130537133,False
2024-12-24 16:13:56.790336+00:00,0.0028023459743787373,False
2024-12-24 21:16:05.652192+00:00,0.012492018402638314,False
2024-12-25 15:04:52.472640+00:00,0.06850228144617745,False
2024-12-25 16:07:10.922016+00:00,0.0023254617237687906,False
2024-12-26 07:13:58.211616+00:00,0.06296069740860322,False
2024-12-26 13:42:40.707072+00:00,0.016881398449277482,False
2024-12-26 14:49:49.865664+00:00,0.0026112423854283955,False
2024-12-26 20:18:45.040032+00:00,0.015339085854218433,False
2024-12-27 14:32:00.239712+00:00,0.07823820675727566,False
2024-12-27 18:08:51.270144+00:00,0.01079116762581733,False
2024-12-27 22:49:08.201568+00:00,0.017975438668365235,False
2024-12-28 15:17:26.298816+00:00,0.07876376071856855,False
2024-12-28 18:03:50.991264+00:00,0.009530167417471681,False
2024-12-29 15:21:25.262208+00:00,0.10637274505536756,False
2024-12-29 15:49:46.634592+00:00,0.001821768599661378,False
2024-12-29 22:42:14.852736+00:00,0.02874810280278489,False
2024-12-30 15:04:04.760832+00:00,0.09089876447128939,False
2024-12-30 16:05:00.986784+00:00,0.0042612179416422315,False
2024-12-30 22:55:23.899008+00:00,0.031308776856574454,False
2024-12-31 10:45:44.138592+00:00,0.06588597930162593,False
2024-12-31 14:24:49.353408+00:00,0.015955289392881433,False
2024-12-31 16:34:25.444992+00:00,0.009983733266444543,False
2024-12-31 22:52:48.351360+00:00,0.031085919511882894,False
2025-01-01 13:51:13.365792+00:00,0.08876335908967195,False
2025-01-01 18:13:18.183072+00:00,0.024083196346493276,False
2025-01-01 19:26:46.877856+00:00,0.006747766733073905,False
2025-01-02 12:27:11.396160+00:00,0.10110178756553459,False
2025-01-02 21:48:00.526752+00:00,0.04760383505423519,False
2025-01-03 15:11:32.822592+00:00,0.09381398839046609,False
2025-01-03 22:38:36.239136+00:00,0.03498217021734633,False
2025-01-04 15:11:06.297792+00:00,0.0828060246883773,False
2025-01-04 18:30:08.198208+00:00,0.01334461801857014,False
2025-01-04 22:37:55.428960+00:00,0.019485372661436514,False
2025-01-05 14:02:06.746784+00:00,0.07884987448045838,False
2025-01-05 16:24:23.077152+00:00,0.008358358706840093,False
2025-01-05 22:29:01.458816+00:00,0.023007232282784198,False
2025-01-06 14:28:42.597120+00:00,0.06794962380598565,False
2025-01-06 16:35:38.048640+00:00,0.005653013696623379,False
2025-01-06 21:11:06.237312+00:00,0.012286220298928258,False
2025-01-07 15:07:15.208032+00:00,0.067958355997303,False
2025-01-07 18:52:54.401664+00:00,0.007804395568391182,False
2025-01-07 21:09:15.044832+00:00,0.004821640461705666,False
2025-01-08 14:40:33.005568+00:00,0.059299364328663,False
2025-01-08 18:03:37.658880+00:00,0.005874484802774046,False
2025-01-08 21:14:18.617280+00:00,0.005186483417278771,False
2025-01-09 08:40:40.758240+00:00,0.035111171436619106,False
2025-01-10 13:36:26.086176+00:00,0.06951633687903676,False
2025-01-10 16:51:57.782304+00:00,0.0058875681522578705,False
2025-01-10 20:25:14.767968+00:00,0.004743823582520543,False
2025-01-11 13:58:30.497952+00:00,0.042310283818912206,False
2025-01-11 18:15:12.415104+00:00,0.0069113223918787214,False
2025-01-11 22:48:35.150976+00:00,0.006944629148316136,False
2025-01-12 15:23:01.294944+00:00,0.038692880818918085,False
2025-01-12 19:52:40.389600+00:00,0.006657578886625319,False
2025-01-12 22:55:25.879296+00:00,0.0057748528980370705,False
2025-01-13 15:04:15.171168+00:00,0.04047995386631188,False
2025-01-13 18:20:23.670240+00:00,0.0049333422902263155,False
2025-01-13 19:15:08.066880+00:00,0.0013773944577106095,False
2025-01-14 15:21:49.023072+00:00,0.05249036627991574,False
2025-01-14 18:28:14.344608+00:00,0.004903583918232386,False
2025-01-14 19:22:02.341920+00:00,0.0016790367228576386,False
2025-01-15 13:58:33.146976+00:00,-53.37986484127447,False
2025-01-15 18:11:01.451616+00:00,-0.40785281240205534,False
2025-01-15 19:17:13.346880+00:00,-0.011610193053444304,False
2025-01-16 15:09:35.030880+00:00,21.96670437145466,False
2025-01-16 17:00:04.724928+00:00,-0.018888047539854673,False
2025-01-16 20:00:00.415296+00:00,-0.015447313102699926,False
2025-01-17 14:19:44.122080+00:00,0.2113812345229766,False
2025-01-17 18:37:46.673760+00:00,0.01572313506745665,False
2025-01-17 22:43:21.158688+00:00,0.020797332982713086,False
2025-01-18 14:02:52.685664+00:00,0.12735642294959187,False
2025-01-18 19:49:16.190976+00:00,0.023538926612972293,False
2025-01-18 22:43:26.281344+00:00,0.01566844346057895,False
2025-01-19 15:12:46.914912+00:00,0.12806926668655655,False
2025-01-19 16:57:55.208736+00:00,0.00789346586192009,False
2025-01-19 18:29:20.131296+00:00,0.006662900488582246,False
2025-01-19 22:42:31.916736+00:00,0.022983706086902422,False
2025-01-20 15:17:33.656640+00:00,0.148083818308669,False
2025-01-20 18:25:25.646016+00:00,0.01629867653056944,False
2025-01-20 22:45:28.031904+00:00,0.026302626997971458,False
2025-01-21 15:26:04.610688+00:00,0.14488987657621072,False
2025-01-21 16:22:26.395680+00:00,0.004976127589222981,False
2025-01-21 18:20:48.600960+00:00,0.01000415939340716,False
2025-01-22 11:59:54.737376+00:00,0.1578716551462595,False
2025-01-23 15:08:45.234240+00:00,-1.2965719436647118,False
2025-01-23 18:09:47.322144+00:00,0.014977875355254163,False
2025-01-24 15:22:00.164352+00:00,0.1736366389282076,False
2025-01-24 18:09:38.645856+00:00,0.011849949201554674,False
2025-01-25 13:57:55.473984+00:00,0.16047813875146835,False
2025-01-25 18:16:50.999232+00:00,0.024951223006658883,False
2025-01-25 22:45:39.942144+00:00,0.029089823518842425,False
2025-01-26 14:54:37.907712+00:00,0.12603673742443525,False
2025-01-26 16:40:50.345760+00:00,0.009927074464796048,False
2025-01-26 21:10:39.930240+00:00,0.02689671963993277,False
2025-01-27 15:01:17.054976+00:00,0.1347539924187347,False
2025-01-27 18:06:30.545280+00:00,0.019840723745002016,False
2025-01-27 19:07:42.605760+00:00,0.006245466365896483,False
2025-01-28 13:52:12.541152+00:00,0.14208131976145505,False
2025-01-28 16:54:25.052832+00:00,0.020705779875732563,False
2025-01-28 18:48:03.113568+00:00,0.012386147165643712,False
2025-01-29 15:14:26.148768+00:00,0.1592534770083074,False
2025-01-29 18:20:58.996608+00:00,0.020787858209357423,False
2025-01-29 20:31:21.109152+00:00,0.014109483940127353,False
2025-01-30 15:30:01.539360+00:00,0.14319628177763985,False
2025-01-30 16:42:01.134144+00:00,0.007567138517925353,False
2025-01-30 20:17:38.650272+00:00,0.022725215003362786,False
2025-01-31 15:22:52.653216+00:00,0.14614497533912846,False
2025-01-31 19:29:23.949600+00:00,0.024941577876214243,False
2025-01-31 22:29:57.619680+00:00,0.019528249843616768,False
2025-02-01 13:59:29.925600+00:00,0.14164578599511476,False
2025-02-01 19:49:46.606368+00:00,0.03378804255412142,False
2025-02-01 22:30:25.797312+00:00,0.018207303689883006,False
2025-02-02 15:13:15.204000+00:00,0.1372614349882651,False
2025-02-02 18:49:25.428576+00:00,0.01703896422376991,False
2025-02-02 21:16:49.120896+00:00,0.01291072354625078,False
2025-02-03 15:16:40.082592+00:00,0.13965165046126604,False
2025-02-03 16:36:30.078720+00:00,0.004873441197658307,False
2025-02-03 17:06:45.475776+00:00,0.0019918667793569185,False
2025-02-04 14:28:58.689984+00:00,0.14747410375923886,False
2025-02-04 16:14:39.999840+00:00,0.005986473595914505,False
2025-02-05 15:31:05.280960+00:00,0.1398339313747147,False
2025-02-05 19:37:15.453408+00:00,0.012028940305679468,False
2025-02-05 22:35:19.292928+00:00,0.011710813324036153,False
2025-02-06 15:24:54.810720+00:00,0.10320211141976907,False
2025-02-06 16:44:07.006848+00:00,0.0036693701209320868,False
2025-02-07 11:45:30.597408+00:00,0.09845440658679991,False
2025-02-07 21:01:22.454976+00:00,0.026354770029229604,False
2025-02-08 15:16:01.051392+00:00,0.09378481714522263,False
2025-02-08 18:20:31.239744+00:00,0.008549653175501347,False
2025-02-08 23:18:42.722784+00:00,0.01791186940605453,False
2025-02-09 15:07:38.492832+00:00,0.07913998185527771,False
2025-02-09 18:36:22.875264+00:00,0.009978374881562037,False
2025-02-09 21:27:21.436704+00:00,0.010598697230314027,False
2025-02-10 13:57:04.680288+00:00,0.09130385220885877,False
2025-02-10 19:52:47.358624+00:00,0.018029090169033302,False
2025-02-11 15:15:33.430176+00:00,0.09981122889393008,False
2025-02-11 16:15:32.245920+00:00,0.002862409458004294,False
2025-02-12 15:14:19.773312+00:00,0.10973228346315027,False
2025-02-12 19:50:44.545344+00:00,0.01430702969328971,False
2025-02-13 14:13:35.645088+00:00,0.10456556342103099,False
2025-02-13 19:41:56.008032+00:00,0.01867756947944909,False
2025-02-14 12:41:44.343744+00:00,0.11155642771755105,False
2025-02-14 16:22:41.746368+00:00,-1.2193341567794835,False
2025-02-14 22:35:41.845920+00:00,-0.08406753254889221,False
2025-02-15 13:45:26.486208+00:00,0.10501165224493063,False
2025-02-15 15:12:56.057760+00:00,0.0064786071631805315,False
2025-02-15 23:15:15.444864+00:00,0.038812611949234764,False
2025-02-16 15:31:01.778304+00:00,0.11464916818177956,False
2025-02-16 18:18:44.723232+00:00,0.012668583115260371,False
2025-02-16 23:06:15.473376+00:00,0.027614131762256126,False
2025-02-17 15:26:13.268832+00:00,0.11560681247829463,False
2025-02-17 16:49:24.731616+00:00,0.007024465732239946,False
2025-02-17 21:18:00.522720+00:00,0.02396890399013961,False
2025-02-18 15:32:29.524416+00:00,0.12816774699396027,False
2025-02-18 18:33:50.335200+00:00,0.015680099982494207,False
2025-02-18 23:18:20.630304+00:00,0.029931023755838643,False
2025-02-19 15:08:34.168128+00:00,0.11986565956300665,False
2025-02-19 18:16:58.057248+00:00,0.01694423247076149,False
2025-02-20 15:18:14.947200+00:00,0.1534903698541692,False
2025-02-20 18:03:51.658272+00:00,0.014668883481462332,False
2025-02-21 15:27:13.371264+00:00,0.15588672732284845,False
2025-02-21 18:54:26.655264+00:00,0.019571695719721144,False
2025-02-21 22:17:37.178592+00:00,0.022051647053260515,False
2025-02-22 15:29:40.295328+00:00,0.14461596962360515,False
2025-02-22 18:35:37.425408+00:00,0.018641296648081118,False
2025-02-22 22:52:59.795040+00:00,0.029970007599394388,False
2025-02-23 18:12:57.477312+00:00,0.16756669299612226,False
2025-02-23 23:17:19.898016+00:00,0.036023218709649876,False
2025-02-24 15:24:43.847424+00:00,0.1762313273594456,False
2025-02-24 18:24:25.119360+00:00,0.021825689191778786,False
2025-02-24 22:51:51.628896+00:00,0.03517887803432211,False
2025-02-25 15:09:06.537888+00:00,0.15993623481162578,False
2025-02-25 18:21:24.293664+00:00,0.02267350054037064,False
2025-02-25 23:04:24.592800+00:00,0.034845657497642714,False
2025-02-26 15:36:21.734784+00:00,0.1582234517639453,False
2025-02-26 18:14:07.520928+00:00,0.01881755916780239,False
2025-02-26 21:51:16.158816+00:00,0.025616567599585936,False
2025-02-27 13:52:31.156032+00:00,0.15050754099212352,False
2025-02-27 18:16:41.488320+00:00,0.03114810421977897,False
2025-02-27 21:24:08.476992+00:00,0.021888389535633778,False
2025-02-28 13:50:46.060800+00:00,0.14310645729898386,False
2025-02-28 18:01:52.809024+00:00,0.026633665494309226,False
2025-02-28 19:40:51.532896+00:00,0.010235625250473078,False
2025-03-01 13:51:36.541728+00:00,0.1389761372799142,False
2025-03-01 22:59:12.011424+00:00,0.049905410133030945,False
2025-03-02 15:04:26.249376+00:00,0.10572314565306748,False
2025-03-02 17:48:44.003808+00:00,0.010539351476702232,False
2025-03-02 22:49:07.428288+00:00,0.02351228712160644,False
2025-03-03 13:47:57.486624+00:00,0.08976781389486188,False
2025-03-03 18:29:12.725952+00:00,0.01444111580670052,False
2025-03-03 21:39:38.695680+00:00,0.012074676818822155,False
2025-03-04 12:39:53.317152+00:00,0.09297350245991706,False
2025-03-04 18:12:04.497696+00:00,0.015582856430018208,False
2025-03-04 21:04:38.728128+00:00,0.010154468603260462,False
2025-03-05 09:51:28.424160+00:00,0.08617596406000005,False
2025-03-05 13:37:09.986016+00:00,-1.7484461384773755,False
2025-03-06 11:47:26.228256+00:00,0.186486111223961,False
2025-03-06 16:35:55.001184+00:00,0.013431359133407986,False
2025-03-07 10:06:01.785600+00:00,0.08454882891599935,False
2025-03-07 17:49:17.150304+00:00,0.019636914633422764,False
2025-03-07 22:34:10.751808+00:00,0.01756371240684807,False
2025-03-08 06:49:22.755360+00:00,0.05077476883245359,False
2025-03-08 16:52:32.359584+00:00,0.03252343224769749,False
2025-03-09 12:40:38.747136+00:00,0.10449648468590814,False
2025-03-09 16:19:38.739936+00:00,0.011670749935917442,False
2025-03-09 21:27:38.905920+00:00,0.019085984326854565,False
2025-03-10 13:42:19.999584+00:00,0.08331417296702935,False
2025-03-10 16:19:38.697600+00:00,0.007680492414878389,False
2025-03-10 20:40:38.625024+00:00,0.01487297208338432,False
2025-03-11 13:13:02.151840+00:00,0.08713344343444716,False
2025-03-11 18:46:13.689696+00:00,0.017071123876566747,False
2025-03-11 21:01:38.839008+00:00,0.00916382487528199,False
2025-03-12 15:08:42.568800+00:00,0.10641428880329636,False
2025-03-12 18:13:32.304288+00:00,0.012261006710920794,False
2025-03-12 20:43:38.623008+00:00,0.011869417222165418,False
2025-03-13 15:05:49.723008+00:00,0.12399080800539783,False
2025-03-13 18:30:14.092416+00:00,0.014523349268870011,False
2025-03-14 15:20:51.539424+00:00,0.14448910711967375,False
2025-03-14 16:54:34.934400+00:00,0.007181870486318628,False
2025-03-14 21:53:42.724320+00:00,0.025605892813829093,False
2025-03-15 15:04:11.793792+00:00,0.12826041577772113,False
2025-03-15 18:13:10.857216+00:00,0.01572635043426691,False
2025-03-15 21:30:24.545952+00:00,0.017329789164973207,False
2025-03-16 14:57:53.328096+00:00,0.11979632787269183,False
2025-03-16 15:24:49.377024+00:00,0.0023568013518603785,False
2025-03-16 21:17:13.889184+00:00,0.030980611073129882,False
2025-03-17 15:17:39.035904+00:00,66.13013535388548,False
2025-03-17 18:24:04.233024+00:00,0.03733663753400443,False
2025-03-17 20:33:06.753024+00:00,0.010037521640104484,False
2025-03-18 12:24:12.009888+00:00,0.14367168920056023,False
2025-03-18 18:24:33.443136+00:00,0.03700305956692645,False
2025-03-18 21:28:42.682080+00:00,0.022730895682138534,False
2025-03-19 13:57:10.253952+00:00,0.16123179010329824,False
2025-03-19 19:46:51.161664+00:00,0.0420816050648881,False
2025-03-19 21:23:36.122784+00:00,0.013509077397937747,False
2025-03-20 15:10:35.395968+00:00,0.15872530324436035,False
2025-03-20 17:29:58.708608+00:00,0.01731341426417889,False
2025-03-20 22:14:35.931264+00:00,0.03584083250464102,False
2025-03-21 13:39:41.520384+00:00,0.14982146280035624,False
2025-03-21 18:20:27.004416+00:00,0.035156935693806825,False
2025-03-21 22:25:04.627776+00:00,0.03576720211016083,False
2025-03-22 13:55:10.843968+00:00,0.17548197402024973,False
2025-03-22 17:15:38.867040+00:00,0.027085549969527577,False
2025-03-22 22:18:48.415392+00:00,0.043392030559272834,False
2025-03-23 14:42:20.026656+00:00,0.18841186716575822,False
2025-03-23 18:25:15.013632+00:00,0.029854023395120364,False
2025-03-23 20:08:38.816160+00:00,0.013824277123438136,False
2025-03-24 15:26:21.247872+00:00,0.21378206920950693,False
2025-03-24 19:33:11.629152+00:00,0.03538782262923799,False
2025-03-24 21:07:17.196096+00:00,0.01408033931216087,False
2025-03-25 15:04:12.955008+00:00,0.19630940483906295,False
2025-03-25 18:48:17.002368+00:00,0.03184530507508274,False
2025-03-25 22:12:23.328864+00:00,0.0308015069273335,False
2025-03-26 15:07:12.237600+00:00,0.19333175975845057,False
2025-03-26 18:07:52.559616+00:00,0.028322321178795774,False
2025-03-26 23:09:05.885280+00:00,0.0491520355603534,False
2025-03-27 12:11:51.554976+00:00,0.15877153267828326,False
2025-03-27 17:59:26.488032+00:00,0.053588495924634424,False
2025-03-27 21:57:51.723936+00:00,0.03592712594841907,False
2025-03-28 10:14:02.560128+00:00,0.14201728093187888,False
2025-03-28 21:52:17.094144+00:00,0.09650149788444021,False
2025-03-29 09:20:38.646816+00:00,0.13538058458034968,False
2025-03-29 14:11:09.465792+00:00,0.03786620530792148,False
2025-03-29 21:48:23.543712+00:00,0.05577938997220698,False
2025-03-30 15:18:18.988992+00:00,0.16478665173455317,False
2025-03-30 17:12:39.873888+00:00,0.011773618703074142,False
2025-03-30 20:02:37.873248+00:00,0.01784823610373918,False
2025-03-31 13:52:57.888192+00:00,0.16870430564127958,False
2025-03-31 18:22:20.674848+00:00,0.026621900003741598,False
2025-03-31 21:33:13.763808+00:00,0.02106884112265587,False
2025-04-01 15:28:30.382176+00:00,0.1604668364995372,False
2025-04-01 16:41:56.985216+00:00,0.006552029498163496,False
2025-04-01 20:20:54.150144+00:00,0.021489791006461957,False
2025-04-02 14:42:04.706208+00:00,0.17977142292775045,False
2025-04-02 18:03:34.180416+00:00,0.01966784384416135,False
2025-04-02 19:05:12.516000+00:00,0.006077225783986973,False
2025-04-03 15:31:53.302080+00:00,0.1925367737498937,False
2025-04-03 20:50:40.427808+00:00,0.03509156002496823,False
2025-04-04 13:36:46.238976+00:00,0.17429512142583992,False
2025-04-04 17:32:38.615136+00:00,0.027623478575102802,False
2025-04-04 19:48:47.032704+00:00,0.016194856473172883,False
2025-04-05 18:13:10.975584+00:00,0.22486596392259828,False
2025-04-05 22:53:25.448928+00:00,0.039342889816341875,False
2025-04-06 19:43:49.231776+00:00,0.2059713978313743,False
2025-04-06 22:51:38.840832+00:00,0.027051307613004567,False
2025-04-07 14:45:49.462848+00:00,0.14980915104618958,False
2025-04-07 17:29:00.170016+00:00,0.018718888869036658,False
2025-04-07 23:11:01.255200+00:00,0.045958806220136525,False
2025-04-08 15:08:14.985600+00:00,0.15311917580335327,False
2025-04-08 18:29:56.740704+00:00,0.02505968946216327,False
2025-04-08 23:00:44.958816+00:00,0.03853875483749795,False
2025-04-09 14:24:50.903424+00:00,0.15632315841344158,False
2025-04-09 18:36:35.671968+00:00,0.03152019082812471,False
2025-04-09 21:41:38.872032+00:00,0.024917229292266627,False
2025-04-10 15:02:35.136384+00:00,0.17696510794853768,False
2025-04-10 17:40:38.636256+00:00,0.02020299913401557,False
2025-04-10 22:02:22.874784+00:00,0.036435577614191916,False
2025-04-11 18:36:04.984416+00:00,0.19723376007146645,False
2025-04-11 23:12:17.743392+00:00,0.04076524311469148,False
2025-04-12 15:17:27.362400+00:00,0.17142504900686717,False
2025-04-12 18:26:19.834368+00:00,0.02769323460455888,False
2025-04-12 22:26:25.099008+00:00,0.03738317695891622,False
2025-04-13 18:17:11.378400+00:00,0.2102966885690079,False
2025-04-13 22:46:05.120832+00:00,0.04190018790686314,False
2025-04-14 18:27:35.616672+00:00,0.21078842641118536,False
2025-04-14 21:59:38.821920+00:00,0.034061772959677605,False
2025-04-15 14:58:46.013952+00:00,0.18096452002720081,False
2025-04-15 18:37:19.303968+00:00,0.03521638436244101,False
2025-04-15 21:59:01.667328+00:00,0.034398608756431956,False
2025-04-16 14:20:18.155040+00:00,0.19442963694825666,False
2025-04-16 22:39:43.404768+00:00,0.09240233917160964,False
2025-04-17 13:23:35.178720+00:00,0.17652105162441056,False
2025-04-17 16:21:46.793376+00:00,0.028593047386064437,False
2025-04-17 23:26:00.027744+00:00,0.0706109049129906,False
2025-04-18 18:26:15.567072+00:00,0.21734218350904366,False
2025-04-19 17:02:38.637888+00:00,0.26670204753620014,False
2025-04-19 22:29:17.369376+00:00,0.05675692040243293,False
2025-04-20 18:30:40.099680+00:00,0.24733771035870203,False
2025-04-20 21:54:49.169376+00:00,0.0349144770607258,False
2025-04-21 15:31:36.530112+00:00,0.23141776432627104,False
2025-04-21 18:28:35.020128+00:00,0.032975793663390957,False
2025-04-21 22:13:42.994848+00:00,0.04070285916218904,False
2025-04-22 15:18:05.057856+00:00,0.22475009059864687,False
2025-04-22 17:24:57.279744+00:00,0.023262617433767202,False
2025-04-22 23:10:56.898912+00:00,0.06201492424763521,False
2025-04-23 17:12:45.166752+00:00,0.22408336304370458,False
2025-04-23 22:24:37.376352+00:00,0.05269076948312266,False
2025-04-24 17:36:26.932320+00:00,0.23331442902901783,False
2025-04-24 23:13:01.994880+00:00,0.05642576568345142,False
2025-04-25 13:45:27.788256+00:00,0.17253286676505653,False
2025-04-25 16:42:12.035232+00:00,0.02708798444879303,False
2025-04-25 21:50:34.020672+00:00,0.04747239165792314,False
2025-04-26 20:09:23.795136+00:00,0.22950090727776035,False
2025-04-26 22:19:05.088000+00:00,0.019155062879374216,False
2025-04-27 13:14:53.804832+00:00,0.1557759876737777,False
2025-04-27 18:12:38.496960+00:00,0.03621231855023069,False
2025-04-27 23:10:57.921024+00:00,0.04040702884735592,False
2025-04-28 13:59:55.156128+00:00,0.14375784736606134,False
2025-04-28 21:48:03.383136+00:00,0.05300010425616181,False
2025-04-29 11:22:04.052928+00:00,0.12632746738493836,False
2025-05-01 20:29:56.158080+00:00,0.43983781313257864,False
2025-05-02 10:17:03.524064+00:00,0.1269741959048563,False
2025-05-02 22:44:35.943936+00:00,0.08943640197426844,False
2025-05-03 15:37:43.488192+00:00,0.1459929196954764,False
2025-05-03 18:46:45.838272+00:00,0.021204357596428133,False
2025-05-03 22:40:22.225152+00:00,0.027624808989842806,False
2025-05-04 14:05:35.432160+00:00,0.1301500989538774,False
2025-05-04 18:33:14.334912+00:00,0.02958944672364288,False
2025-05-04 22:40:39.091296+00:00,0.030038637610805132,False
2025-05-05 22:38:10.828032+00:00,0.19524682020785344,False
2025-05-06 16:32:46.161888+00:00,0.1452403162298574,False
2025-05-06 22:24:44.638272+00:00,0.04054043859728412,False
2025-05-07 17:01:20.610048+00:00,0.14670235400021414,False
2025-05-07 22:15:35.540352+00:00,0.034563945975737045,False
2025-05-08 16:37:38.548128+00:00,0.1448995813022241,False
2025-05-08 21:47:21.436800+00:00,0.03454376121024192,False
2025-05-09 07:30:13.823136+00:00,0.07749588877073232,False
2025-05-09 18:01:27.842016+00:00,0.07921801769713706,False
2025-05-09 22:06:31.127904+00:00,0.029237155885103117,False
2025-05-10 14:59:34.701216+00:00,0.13540522976546812,False
2025-05-10 18:09:47.589984+00:00,0.022032577685970466,False
2025-05-10 22:31:03.775296+00:00,0.03009233607219995,False
2025-05-11 15:16:55.020288+00:00,0.1292600664539749,False
2025-05-11 18:02:35.609856+00:00,0.019985888935766662,False
2025-05-11 22:49:06.993696+00:00,0.034546936792410686,False
2025-05-12 15:03:29.526912+00:00,0.12363474543396638,False
2025-05-12 16:34:16.822272+00:00,0.0104604063933714,False
2025-05-12 21:35:29.257152+00:00,0.03546189485948874,False
2025-05-13 15:06:40.825152+00:00,0.12843074080056094,False
2025-05-13 19:38:14.104320+00:00,0.03193766206742086,False
2025-05-13 22:35:21.168672+00:00,0.02103675017526753,False
2025-05-14 11:16:47.014176+00:00,0.10038610423023242,False
2025-05-14 18:31:40.824192+00:00,0.051918451086684074,False
2025-05-14 20:39:04.673664+00:00,0.015405208632285023,False
2025-05-15 15:22:33.691008+00:00,0.14811689087264868,False
2025-05-16 12:32:38.454720+00:00,0.1636550861137524,False
2025-05-16 18:06:38.875104+00:00,0.039116754354592255,False
2025-05-17 15:23:54.651264+00:00,0.17249162298480794,False
2025-05-17 17:45:20.313216+00:00,0.01719208525974512,False
2025-05-17 21:30:20.321856+00:00,0.02593541137653175,False
2025-05-18 15:21:30.807360+00:00,0.1479291664990952,False
2025-05-18 18:14:38.593824+00:00,0.020492413872303307,False
2025-05-18 22:20:17.575008+00:00,0.027872686898061542,False
2025-05-19 15:04:20.108064+00:00,0.1344430784167586,False
2025-05-19 16:20:02.533632+00:00,0.008843376574718693,False
2025-05-20 15:04:00.420096+00:00,0.167928419142004,False
2025-05-20 19:01:24.158208+00:00,0.02663690488292419,False
2025-05-20 21:30:38.687904+00:00,0.015320970818140624,False
2025-05-21 12:37:16.165920+00:00,0.11274748523228331,False
2025-05-21 18:52:38.489376+00:00,0.0398686643961577,False
2025-05-22 15:11:40.365312+00:00,0.13188141711298104,False
2025-05-22 18:36:25.279776+00:00,0.0184734080537787,False
2025-05-23 14:58:20.653824+00:00,0.11926722731638281,False
2025-05-23 18:23:57.574176+00:00,0.015352186241774576,False
2025-05-23 21:24:14.550048+00:00,0.01400477036100314,False
2025-05-24 15:05:00.493152+00:00,0.09224526317617318,False
2025-05-24 18:27:18.848160+00:00,0.011423504414588767,False
2025-05-24 22:45:33.352416+00:00,0.01631158521560844,False
2025-05-25 15:30:21.890880+00:00,0.07648620207422277,False
2025-05-25 18:12:47.518848+00:00,0.006959918531146043,False
2025-05-25 23:02:43.053792+00:00,0.014982524394390344,False
2025-05-26 00:03:22.189824+00:00,0.0038185175573667417,False
2025-05-27 15:24:14.926752+00:00,0.13198009081277037,False
2025-05-27 17:17:52.189152+00:00,0.0026283427370556675,False
2025-05-27 21:20:09.820320+00:00,0.007814791469281566,False
2025-05-28 15:24:28.947744+00:00,0.05437795002804411,False
2025-05-28 18:23:06.747648+00:00,0.0038588839881444105,False
2025-05-28 22:28:37.621920+00:00,0.007351630511576732,False
2025-05-29 13:59:03.202080+00:00,0.04862596295139589,False
2025-05-29 16:07:14.047968+00:00,0.0035935720353465735,False
2025-05-29 21:18:43.465248+00:00,0.009080762813756001,False
2025-05-30 13:58:59.064384+00:00,0.04387004405971403,False
2025-05-30 16:09:20.634336+00:00,0.0029830405942568787,False
2025-05-30 23:20:49.056000+00:00,0.011746511170239367,False
2025-05-31 15:11:57.697152+00:00,0.03479387246108228,False
2025-05-31 16:20:55.180608+00:00,0.0010034400771696793,False
2025-05-31 20:23:38.763744+00:00,0.005245833751538737,False
2025-06-01 12:41:40.447104+00:00,0.04578053318113007,False
2025-06-01 18:32:10.627872+00:00,0.010649240330770051,False
2025-06-01 21:15:37.527264+00:00,0.0053169062033597,False
2025-06-02 16:06:13.588704+00:00,0.04313984465046583,False
2025-06-03 10:27:38.601216+00:00,0.0386695879571249,False
2025-06-03 16:05:02.950656+00:00,0.008336297640091464,False
2025-06-04 14:21:11.272032+00:00,0.030709707140064456,False
2025-06-04 16:03:59.006880+00:00,0.001718874681956539,False
2025-06-04 21:12:18.033120+00:00,0.004949499505654409,False
2025-06-05 14:00:30.019392+00:00,0.021239172592649354,False
2025-06-05 16:47:32.173152+00:00,0.002451336304296827,False
2025-06-05 22:44:42.010944+00:00,0.004889716755205594,False
2025-06-06 15:12:11.351808+00:00,0.017388043577580826,False
2025-06-06 17:07:38.517600+00:00,0.0018269621890505707,False
2025-06-06 22:26:21.980832+00:00,0.004007314925512795,False
2025-06-07 15:26:12.338304+00:00,0.018507807649929472,False
2025-06-07 17:53:39.812352+00:00,0.002456077373726506,False
2025-06-07 21:59:15.366912+00:00,0.004186959507789488,False
2025-06-08 14:12:17.800416+00:00,0.01698378946404048,False
2025-06-08 19:18:23.207328+00:00,0.005830560503611907,False
2025-06-09 20:27:38.810592+00:00,0.027531649516188736,False
2025-06-10 15:00:44.813088+00:00,0.0206009842075984,False
2025-06-10 21:37:39.072288+00:00,0.005400754351388287,False
2025-06-10 22:50:12.230016+00:00,0.000817924140462209,False
2025-06-11 14:59:49.051392+00:00,0.022979075274619086,False
2025-06-11 18:02:06.467136+00:00,0.002692693696624868,False
2025-06-11 21:35:58.109568+00:00,0.0031847222551478526,False
2025-06-12 19:25:22.751904+00:00,0.035080964976668766,False
2025-06-12 21:25:34.936608+00:00,0.001599275537485605,False
2025-06-13 15:25:42.879360+00:00,0.03748739058957689,False
2025-06-13 18:30:32.443776+00:00,0.002978161243965896,False
2025-06-13 22:49:22.931904+00:00,0.0037786130017326757,False
2025-06-14 15:12:03.777984+00:00,0.033166997771033546,False
2025-06-14 19:15:30.377952+00:00,0.0029016667107157066,False
2025-06-14 21:50:59.823168+00:00,0.0007670385335950729,False
2025-06-15 15:09:21.021120+00:00,0.02671641201641906,False
2025-06-15 18:55:25.712256+00:00,0.002380872199464568,False
2025-06-15 22:13:58.876032+00:00,0.0004743724306130281,False
2025-06-16 14:55:53.452416+00:00,0.023976573170034328,False
2025-06-16 16:57:12.662784+00:00,0.0013150145638238689,False
2025-06-16 21:43:15.993408+00:00,0.0006180133615988643,False
2025-06-17 16:13:14.017152+00:00,0.014522072542206863,False
2025-06-17 20:58:23.536992+00:00,-0.0007871380905010586,False
2025-06-18 15:08:10.663008+00:00,0.006360843082925664,False
2025-06-18 18:09:09.421056+00:00,-0.0016712067276413033,False
2025-06-18 22:15:17.882784+00:00,-0.003231773500246686,False
2025-06-19 14:58:43.821120+00:00,-0.0032491059439043284,False
2025-06-19 18:37:59.505888+00:00,-0.005263994321073004,False
2025-06-19 21:54:51.477984+00:00,-0.004300782969220207,False
2025-06-20 15:12:35.321760+00:00,-0.013327533969145572,False
2025-06-20 18:51:33.736896+00:00,-0.00825069098265937,False
2025-06-20 21:20:14.689824+00:00,-0.005200475886747807,False
2025-06-21 14:40:48.893664+00:00,-0.025692970156652995,False
2025-06-21 20:29:38.433120+00:00,-0.017493326996060227,False
2025-06-21 21:12:38.756160+00:00,-0.001932796487853474,False
2025-06-22 14:20:37.891392+00:00,-0.036525859731736735,False
2025-06-22 17:09:43.259328+00:00,-0.011016116572145981,False
2025-06-23 12:18:12.252384+00:00,-39.49727602126882,False
2025-06-23 18:14:29.446656+00:00,-31.751406010673467,False
2025-06-23 22:03:58.573152+00:00,-3.0649621859979543,False
2025-06-24 14:33:11.299392+00:00,-0.33271978931359736,False
2025-06-24 17:25:32.253600+00:00,-0.02006491640334797,False
2025-06-24 22:26:30.563808+00:00,-0.015390664380913851,False
2025-06-25 14:43:42.350304+00:00,-0.0533529318548835,False
2025-06-25 21:18:50.931936+00:00,-0.025173682112688764,False
2025-06-26 10:32:32.617824+00:00,-0.04582231985702093,False
2025-06-26 17:35:38.073984+00:00,3.4943038387923253,False
2025-06-27 15:05:41.104608+00:00,-1.7871567138562798,False
2025-06-27 17:51:10.533024+00:00,-0.006487630042670131,False
2025-06-27 23:18:09.432864+00:00,-0.06476336565819694,False
2025-06-28 15:12:16.395840+00:00,-0.05003255301914264,False
2025-06-28 19:31:21.135648+00:00,-0.017369274650038517,False
2025-06-28 21:39:31.933152+00:00,-0.008736874265653541,False
2025-06-29 14:52:28.641216+00:00,-0.061338090628894636,False
2025-06-29 20:07:27.086880+00:00,-0.020811773187974402,False
2025-06-29 21:08:17.257056+00:00,-0.005374420719321859,False
2025-06-30 15:03:15.191424+00:00,-0.060619108978800657,False
2025-06-30 17:33:55.010880+00:00,-0.009501114691959796,False
2025-06-30 21:05:38.656032+00:00,-0.01330367822194292,False
2025-07-01 13:53:37.290912+00:00,-0.05419198186867229,False
2025-07-01 17:19:13.088928+00:00,-0.01122518029413793,False
2025-07-01 20:44:53.699424+00:00,-0.012421594799304509,False
2025-07-02 14:46:38.448192+00:00,-0.0574188880884714,False
2025-07-02 17:53:19.900608+00:00,-0.01032732760370466,False
2025-07-02 23:23:29.487840+00:00,-0.018820316834723332,False
2025-07-03 15:07:56.458848+00:00,-0.04245397534316954,False
2025-07-03 18:30:43.300800+00:00,-0.009054494474640781,False
2025-07-03 22:25:53.950944+00:00,-0.011838880132246836,False
2025-07-04 13:51:02.101824+00:00,-0.04164254988813948,False
2025-07-04 17:16:36.554592+00:00,-0.00813474280722829,False
2025-07-04 22:24:55.104768+00:00,-0.013917476099935312,False
2025-07-05 15:03:45.389952+00:00,-0.038379562918642,False
2025-07-05 18:09:34.850304+00:00,-0.00653337846859256,False
2025-07-05 22:24:04.629888+00:00,-0.010250895658297345,False
2025-07-06 14:10:23.165760+00:00,-0.03179588528948835,False
2025-07-06 22:48:05.437152+00:00,-0.01735457643719475,False
2025-07-07 15:06:57.839040+00:00,-0.026300198750795905,False
2025-07-07 18:29:43.741824+00:00,-0.00580078844568674,False
2025-07-07 22:55:55.103232+00:00,-0.0084454485710016,False
2025-07-08 14:45:52.391808+00:00,-0.020853734475336266,False
2025-07-08 17:16:59.022912+00:00,-0.004050256371866484,False
2025-07-08 23:24:09.059040+00:00,-0.010912976070318964,False
2025-07-09 14:01:45.335136+00:00,-0.014922042526540634,False
2025-07-09 19:37:49.203840+00:00,-0.009285307106869896,False
2025-07-10 13:45:51.581088+00:00,-0.01730427111193784,False
2025-07-10 17:11:16.109952+00:00,-0.004828466099874794,False
2025-07-10 22:19:38.289792+00:00,-0.008777631575874047,False
2025-07-11 12:02:04.792704+00:00,-0.005639900867549948,False
2025-07-11 17:10:23.060352+00:00,-0.0038691082117604976,False
2025-07-11 20:35:58.536096+00:00,-0.004986036783752349,False
2025-07-12 12:01:08.910048+00:00,-0.005154870652797582,False
2025-07-12 17:50:38.684256+00:00,-0.003726713365944742,False
2025-07-12 20:35:09.416832+00:00,-0.004019672004839182,False
2025-07-13 14:41:59.968896+00:00,-0.004264014391621617,False
2025-07-13 17:08:36.991392+00:00,-0.0016076443805424058,False
2025-07-13 22:17:01.211136+00:00,-0.006892978651196077,False
2025-07-14 14:28:51.572352+00:00,-0.007355939366653384,False
2025-07-14 20:54:51.713568+00:00,-0.0076906591586376125,False
2025-07-15 14:50:51.120672+00:00,-0.010642388490746026,False
2025-07-15 17:36:26.771616+00:00,-0.0036274272390738947,False
2025-07-15 19:29:38.628096+00:00,-0.003045214570043193,False
2025-07-16 11:57:33.951168+00:00,-0.01480941042179458,False
2025-07-16 17:35:38.131008+00:00,-0.008871647707728525,False
2025-07-16 22:14:18.610656+00:00,-0.007960096888481013,False
2025-07-17 11:56:42.773856+00:00,-0.010970993674269174,False
2025-07-17 17:05:07.086048+00:00,-0.009496344999506467,False
2025-07-17 19:40:38.814816+00:00,-0.005325713981920183,False
2025-07-18 15:29:52.569312+00:00,-0.031735521475879894,False
2025-07-18 18:42:34.354656+00:00,-0.008426635931356853,False
2025-07-18 19:07:46.315776+00:00,-0.0010141166415693172,False
2025-07-19 15:13:50.977920+00:00,-0.04047449285052848,False
2025-07-19 18:24:20.054592+00:00,-0.010359960842593302,False
2025-07-19 22:42:38.910816+00:00,-0.011904820550704898,False
2025-07-20 15:17:55.909824+00:00,-0.03992493969685125,False
2025-07-20 18:32:18.661344+00:00,-0.011656400580036134,False
2025-07-20 22:10:37.547616+00:00,-0.011555224902777191,False
2025-07-21 15:01:28.307712+00:00,-0.04681431572723261,False
2025-07-21 15:52:44.381856+00:00,-0.0033273322640058594,False
2025-07-21 21:17:18.884832+00:00,1.8946559057647856,False
2025-07-22 11:52:01.695648+00:00,0.15554547295126675,False
2025-07-22 18:27:28.904256+00:00,-0.01424668821611107,False
2025-07-23 15:04:13.285056+00:00,-0.06111851619014056,False
2025-07-23 22:07:43.535424+00:00,-0.02516378328597681,False
2025-07-24 15:25:31.161792+00:00,-0.057603170963101115,False
2025-07-24 18:29:43.201824+00:00,-0.011809059919099538,False
2025-07-24 22:47:36.260736+00:00,-0.015176115588367064,False
2025-07-25 03:15:09.658080+00:00,-0.01578304485100137,False
2025-07-25 17:37:42.262752+00:00,-0.051334200829029036,False
2025-07-25 22:05:45.108672+00:00,-0.015532863186701808,False
2025-07-26 20:00:21.830400+00:00,-0.07332087542944683,False
2025-07-26 22:04:54.450624+00:00,-0.007284267556519385,False
2025-07-27 14:47:59.191584+00:00,-0.055883822652463014,False
2025-07-27 16:55:32.776608+00:00,-0.008037752633924247,False
2025-07-27 20:21:06.814656+00:00,-0.012748697992783692,False
2025-07-28 15:16:02.300736+00:00,-0.06111746221416624,False
2025-07-29 13:28:01.219008+00:00,-0.07114794505870081,False
2025-07-29 15:10:51.359232+00:00,-0.0049413422887070926,False
2025-07-29 20:19:12.238752+00:00,-0.01754720248898942,False
2025-07-30 13:27:00.712224+00:00,-0.047870202974034236,False
2025-07-30 17:23:38.749056+00:00,-0.011021872765907645,False
2025-07-30 22:00:59.275008+00:00,-0.014694647549046001,False
2025-07-31 11:43:21.793152+00:00,-0.03511090718956436,False
2025-07-31 13:26:04.257600+00:00,-0.0032058491433878474,False
2025-07-31 22:00:01.844928+00:00,-0.02307219889446299,False
2025-08-01 16:56:12.418656+00:00,-0.04154189455346275,False
2025-08-02 16:49:41.922624+00:00,-0.04854625273065728,False
2025-08-03 18:31:25.389696+00:00,-0.046020025903599264,False
2025-08-04 18:30:26.083008+00:00,-0.033830179033614655,False
2025-08-05 18:29:29.389920+00:00,-0.026328820327285313,False
2025-08-08 16:43:40.465632+00:00,-0.031036018662265047,False
2025-08-09 16:42:35.947296+00:00,0.003877627247869178,False
2025-08-10 16:41:35.934720+00:00,-0.0020258774759407128,False
2025-08-11 16:40:37.150752+00:00,-0.005675580700533596,False
2025-08-12 16:36:33.645312+00:00,-0.01533138108613246,False
2025-08-13 16:38:37.674240+00:00,-0.023631902279241584,False
2025-08-14 17:19:46.911072+00:00,-0.03617264145640817,False
2025-08-15 18:16:19.238592+00:00,1.7220752893176197,False
2025-08-16 18:10:54.600096+00:00,-0.05753288631997725,False
2025-08-17 18:16:58.137600+00:00,-0.06299908228960058,False
2025-08-18 18:18:32.393088+00:00,-0.07664209093564095,False
2025-08-19 17:55:48.595008+00:00,-0.07643911200842166,False
2025-08-20 14:48:11.352384+00:00,-0.06591599814692456,False
2025-08-22 18:10:53.522688+00:00,-0.17553552446847198,False
2025-08-23 17:02:01.133376+00:00,-0.07138835996437695,False
2025-08-24 18:21:20.543040+00:00,-0.07670525041273321,False
2025-08-27 16:23:28.227840+00:00,-0.14997126543124703,False
2025-08-27 16:23:28.228704+00:00,4.0671876293438096e-10,False
2025-08-30 17:55:21.364320+00:00,-0.06041376975588983,False
2025-09-01 16:18:07.708032+00:00,0.018102506557889336,False
2025-09-02 16:30:18.784224+00:00,0.021244129745522644,False
2025-09-03 17:37:00.444288+00:00,0.021825757777863955,False
2025-09-06 18:10:27.441120+00:00,1.8460312457734416,False
2025-09-07 17:41:26.086272+00:00,0.0030079053334295114,False
2025-09-09 18:13:01.721280+00:00,-0.02216037189081098,False
2025-09-11 16:03:56.936736+00:00,-0.05661575731231362,False
2025-09-29 03:44:26.138112+00:00,0.23410953844391846,False
2025-09-30 12:45:37.571040+00:00,0.07205745976833408,False
2025-10-01 22:05:22.115040+00:00,0.08208257379443423,False
2025-10-02 18:23:59.237376+00:00,0.07072267830837642,False
2025-10-04 15:37:10.566336+00:00,0.11086073180081088,False
2025-10-05 17:18:31.921056+00:00,0.035269217353154816,False
2025-10-06 17:32:08.819232+00:00,0.011159477683309146,False
2025-10-08 17:14:48.665184+00:00,-0.011412643532067127,False
2025-10-09 17:34:03.800352+00:00,-0.033078686958829595,False
2025-10-13 16:26:04.878816+00:00,1.1428786343678563,False
2025-10-14 15:22:55.544160+00:00,-0.05302763839049121,False
2025-10-15 17:04:03.728928+00:00,-0.05539763612919145,False
2025-10-17 18:43:56.634240+00:00,-0.10408448587285452,False
2025-10-18 18:09:00.598752+00:00,-0.030523614528827306,False
2025-10-19 17:10:26.456736+00:00,-0.02435275587493646,False
2025-10-20 13:08:55.878144+00:00,-0.026261575525064043,False
2025-10-22 18:28:39.277056+00:00,-0.0825818460436091,False
2025-10-23 16:36:41.132736+00:00,-0.02532685993272526,False
2025-10-24 18:32:42.487008+00:00,-0.024380589997033755,False
2025-10-25 17:35:14.743392+00:00,-0.007671359063940467,False
2025-10-26 16:48:51.686208+00:00,-0.00984637985274514,False
2025-10-27 16:46:23.505024+00:00,-0.005642076364263102,False
2025-10-28 18:00:41.362272+00:00,0.009678396722667723,False
2025-10-29 17:38:41.756064+00:00,1.81645894916953,False
2025-10-30 17:34:30.459936+00:00,-0.3034771602473218,False
2025-10-31 16:40:27.544800+00:00,0.03673177724397342,False
2025-11-01 18:32:10.639104+00:00,0.02906479730226856,False
2025-11-02 16:26:19.126176+00:00,0.016097167381522066,False
2025-11-03 12:41:22.430112+00:00,0.011044259596059931,False
2025-11-04 11:35:05.171136+00:00,0.0020851075478638403,False
2025-11-05 11:24:03.519072+00:00,-0.00193835282264751,False
2025-11-06 17:40:25.004928+00:00,-0.0022361451885516137,False
2025-11-07 18:32:28.790016+00:00,-0.008470013843494398,False
2025-11-08 18:28:36.932160+00:00,-0.015487767973278235,False
2025-11-09 17:59:38.412960+00:00,-0.03499114993941062,False
2025-11-10 18:06:58.347936+00:00,-0.04092457966627078,False
2025-11-11 16:22:36.031008+00:00,-0.03770801908768284,False
2025-11-12 17:14:16.143360+00:00,-0.011901724946812797,False
2025-11-13 18:49:26.035104+00:00,1.2586836077254513,False
2025-11-14 18:00:27.202176+00:00,-0.032072451770817995,False
2025-11-15 11:07:51.908736+00:00,-0.044534245827108215,False
2025-11-16 16:14:32.705088+00:00,-0.05740132178975427,False
2025-11-18 14:28:30.545184+00:00,-0.08419728767587335,False
2025-11-19 18:17:37.847904+00:00,-0.05485617185704494,False
2025-11-20 19:52:19.352064+00:00,-0.03854236738593901,False
2025-11-21 19:29:48.780096+00:00,-0.024359205746871206,False
2025-11-22 17:38:23.720064+00:00,-0.018574110361755714,False
2025-11-23 17:30:35.456256+00:00,-0.01343928885281153,False
2025-11-24 16:30:06.983712+00:00,-0.0006672656098689195,False
2025-11-25 10:50:40.889760+00:00,0.0075399091046954025,False
2025-11-26 18:32:21.953184+00:00,0.013510746324390116,False
2025-11-27 18:25:36.278400+00:00,0.019257056957510614,False
2025-11-28 18:39:04.514976+00:00,0.02025295802358841,False
2025-11-29 19:28:20.028288+00:00,0.021924421924771738,False
2025-11-30 17:32:52.768320+00:00,0.025390518113730803,False
2025-12-01 14:05:38.508000+00:00,0.014750683009932736,False
2025-12-02 20:13:51.966912+00:00,1.642004201124837,False
2025-12-03 15:44:58.241760+00:00,-0.011185333238178274,False
2025-12-04 17:25:50.820096+00:00,0.004715329483138325,False
2025-12-05 17:24:07.196256+00:00,-0.008687695330510004,False
2025-12-06 15:39:28.776960+00:00,-0.02018930468192083,False
2025-12-07 17:20:58.158240+00:00,-0.042307979494577194,False
2025-12-08 18:38:38.671008+00:00,-0.06226428741809656,False
2025-12-09 13:51:13.567104+00:00,-0.04824816941257209,False
2025-12-10 18:34:46.548768+00:00,-0.07072413738698503,False
2025-12-11 17:28:15.337920+00:00,-0.04974636045339913,False
2025-12-12 17:59:02.861952+00:00,-0.059741421898956544,False
2025-12-13 17:09:14.476032+00:00,-0.05706616313211175,False
2025-12-14 15:24:42.247296+00:00,-0.056615608592874817,False
2025-12-15 18:48:15.512832+00:00,-0.0727904144479834,False
2025-12-16 17:03:39.784032+00:00,-0.045365807344510636,False
2025-12-17 17:01:53.753952+00:00,-0.04282458197405512,False
2025-12-18 20:06:15.882912+00:00,1.0807388903393413,False
2025-12-19 17:05:55.030272+00:00,0.13503921213486764,False
2025-12-20 18:05:17.924352+00:00,-0.027977107335475114,False
2025-12-21 19:06:20.892096+00:00,-0.016982493994067822,False
2025-12-22 17:12:38.752416+00:00,-0.005188138244475407,False
2025-12-23 15:05:52.162080+00:00,0.001219714535545001,False
2025-12-24 18:05:44.405088+00:00,0.008715342871748119,False
2025-12-25 16:21:08.118144+00:00,0.007575716707790232,False
2025-12-26 18:03:38.687040+00:00,0.009664983764379534,False
2025-12-27 16:42:21.201408+00:00,0.008264100422416272,False
2025-12-28 16:48:31.070304+00:00,0.003268751995088484,False
2025-12-29 17:57:41.259744+00:00,0.0004728953271135733,False
2025-12-30 16:36:24.783264+00:00,-0.0074372201295972926,False
2025-12-31 18:26:38.729184+00:00,-0.024818402766534957,False
2026-01-01 18:37:38.652384+00:00,0.7501895812258665,False
2026-01-02 16:30:34.100352+00:00,-0.01868985615617654,False
2026-01-03 18:11:18.426624+00:00,-0.04512495181640753,False
2026-01-04 19:37:01.210368+00:00,-0.06983189122191355,False
2026-01-05 12:24:11.044800+00:00,-0.04290484403237657,False
2026-01-06 17:31:38.523072+00:00,-0.08906892990799571,False
2026-01-07 18:35:07.678752+00:00,-0.08713938836043449,False
2026-01-08 17:05:58.831872+00:00,-0.07454734755001169,False
2026-01-08 21:57:21.535776+00:00,-0.01863412537838067,False
2026-01-12 16:10:54.979680+00:00,-0.25735491787242815,False
2026-01-13 20:29:21.708672+00:00,-0.06952460747112617,False
2026-01-14 16:59:59.536608+00:00,-0.041713374039622865,False
2026-01-15 18:03:32.274432+00:00,0.8843532713970926,False
2026-01-16 16:02:33.315360+00:00,0.6678598125575899,False
2026-01-17 19:07:48.888768+00:00,-0.007536290325506324,False
2026-01-18 15:58:16.900032+00:00,-0.004263199081571328,False
2026-01-19 15:56:12.648192+00:00,0.01277884082058682,False
2026-01-20 17:36:43.354368+00:00,0.041211067163142434,False
2026-01-21 18:07:29.301600+00:00,0.04233960389522036,False
2026-01-22 17:32:35.050272+00:00,0.017010013186794105,False
2026-01-23 17:38:12.017184+00:00,0.018762375097130815,False
2026-01-24 18:29:38.048928+00:00,0.005436988343709613,False
2026-01-25 15:43:27.852672+00:00,-0.001848875512425227,False
2026-01-26 18:04:47.755200+00:00,-0.02107487164903088,False
2026-01-27 18:05:19.488192+00:00,-0.03309494381687622,False
2026-01-28 17:19:51.230208+00:00,-0.03916017515781741,False
2026-01-29 17:17:48.097248+00:00,-0.04897721152525817,False
2026-01-30 17:15:41.165280+00:00,-0.06028202736524941,False
2026-01-31 17:13:29.465760+00:00,-0.07086351446658985,False
2026-02-01 17:11:28.792608+00:00,-0.07479542329622424,False
2026-02-02 18:52:02.267040+00:00,-0.07893819326438926,False
2026-02-03 17:07:10.072128+00:00,1.3023713429817003,False
2026-02-04 17:13:24.526272+00:00,-0.1276151406199766,False
2026-02-05 17:37:09.778944+00:00,-0.06750449470362938,False
2026-02-06 19:05:30.242688+00:00,-0.06871208843669706,False
2026-02-07 16:58:32.784096+00:00,-0.051072288850867356,False
2026-02-08 18:39:11.431296+00:00,-122.5856019766825,False
2026-02-09 16:54:28.941696+00:00,19.573533594817672,False
2026-02-10 18:41:30.639840+00:00,-0.029155960609018948,False
2026-02-11 17:31:29.546112+00:00,-0.01304406437582669,False
2026-02-12 16:48:57.096576+00:00,-0.0017906395171951098,False
2026-02-14 16:04:54.269184+00:00,0.02538553633929526,False
2026-02-15 18:10:56.721216+00:00,0.03974319959355924,False
2026-02-16 16:38:05.498880+00:00,0.04607919807792542,False
2026-02-17 12:31:59.412288+00:00,0.04856228251784811,False
2026-02-18 18:37:22.785024+00:00,0.07731863511252737,False
2026-02-19 16:44:21.770016+00:00,0.0653393985599557,False
2026-02-20 19:24:51.778368+00:00,0.0755600158338044,False
2026-02-22 04:42:21.765600+00:00,0.09760374753856844,False
2026-02-23 18:00:29.256768+00:00,0.12678054739999317,False
2026-02-24 16:26:22.445664+00:00,0.06905800583424071,False
2026-02-25 18:04:32.649024+00:00,0.07832176152435202,False
2026-02-26 17:01:51.771936+00:00,0.07636710823667808,False
2026-02-27 02:38:58.682688+00:00,0.02593717899893895,False
2026-02-27 17:52:23.088288+00:00,0.054780393156792596,False
2026-02-28 18:01:55.243776+00:00,80.47824675638635,False
2026-03-01 17:59:19.634784+00:00,0.6456468595106769,False
2026-03-02 02:32:41.702208+00:00,0.024830324776916813,False
2026-03-03 12:02:40.893216+00:00,0.06002962088041782,False
2026-03-04 20:34:02.050752+00:00,0.06673769219727599,False
2026-03-05 17:35:56.681088+00:00,0.04699560165735397,False
2026-03-06 17:35:06.334944+00:00,0.05818905812628147,False
2026-03-07 18:53:33.033696+00:00,0.06986150973356757,False
2026-03-08 17:43:23.287008+00:00,0.07188645015266827,False
2026-03-09 15:58:25.056192+00:00,0.07527510859440581,False
2026-03-10 17:12:31.749696+00:00,0.09492942951304847,False
2026-03-11 17:29:56.040576+00:00,0.10259539704665437,False
2026-03-12 19:05:04.119648+00:00,0.11676613782080043,False
2026-03-13 17:36:39.924288+00:00,0.11289284821175338,False
2026-03-14 19:35:53.532384+00:00,0.14508605474155678,False
2026-03-15 17:27:47.552544+00:00,0.12365384066678854,False
2026-03-16 18:33:55.575360+00:00,0.1463213980229647,False
2026-03-17 18:01:04.959840+00:00,0.13599725248950834,False
2026-03-18 18:39:19.373184+00:00,0.14283694783135756,False
2026-03-19 17:15:04.142016+00:00,0.12843704445798926,False
2026-03-20 18:40:34.010688+00:00,0.13960771129605468,False
2026-03-21 17:55:16.923360+00:00,0.12729193504901143,False
2026-03-22 19:09:25.433856+00:00,0.12871638061976567,False
2026-03-23 18:35:36.889728+00:00,0.11724804416903947,False
2026-03-24 18:34:36.530688+00:00,0.11054693830715254,False
2026-03-26 19:59:22.287840+00:00,0.20368330377432492,False
2026-03-27 18:31:45.265152+00:00,0.08853689215757476,False
2026-03-28 17:01:12.178272+00:00,0.08780972468602469,False
2026-03-30 13:26:23.282016+00:00,0.17328375049318934,False
2026-03-31 15:06:40.973760+00:00,0.09614689257547675,False
2026-04-01 16:47:21.609024+00:00,0.09817010671317743,False
2026-04-01 16:47:21.609024+00:00,0.0,False
2026-04-02 16:22:21.545184+00:00,0.0972723003160759,False
2026-04-02 16:22:21.545184+00:00,0.0,False
2026-04-03 16:47:09.610656+00:00,0.10784376107901583,False
2026-04-03 16:47:09.610656+00:00,0.0,False
2026-04-05 17:58:15.410208+00:00,-120.90091367371174,False
2026-04-05 17:58:15.410208+00:00,0.0,False
2026-04-06 16:53:51.792288+00:00,0.3451734392706648,False
2026-04-06 16:53:51.792288+00:00,0.0,False
2026-04-07 19:22:57.134208+00:00,0.1916316456831934,False
2026-04-07 19:22:57.134208+00:00,0.0,False
2026-04-08 14:38:04.964352+00:00,0.14556637723484703,False
2026-04-09 17:56:49.697952+00:00,0.22195583002489944,False
2026-04-09 17:56:49.697952+00:00,0.0,False
2026-04-09 17:56:49.697952+00:00,0.0,False
2026-04-10 18:29:30.257376+00:00,0.21457097784016482,False
2026-04-10 18:29:30.257376+00:00,0.0,False
2026-04-11 19:23:36.124800+00:00,0.23034480917433892,False
2026-04-11 19:23:36.124800+00:00,0.0,False
2026-04-12 18:29:33.837792+00:00,0.2199344255643172,False
2026-04-13 17:18:16.807104+00:00,0.22171492494777745,False
2026-04-14 18:16:08.277024+00:00,0.2425718162118624,False
2026-04-15 18:22:06.481920+00:00,0.23403010588516013,False
2026-04-16 18:08:38.946048+00:00,0.22837394470380407,False
2026-04-18 17:29:01.046976+00:00,0.44448820789638976,False
2026-04-18 17:29:01.046976+00:00,0.0,False
2026-04-19 18:07:20.634816+00:00,0.22601238278184954,False
2026-04-20 18:48:36.436320+00:00,0.20841823969104414,False
2026-04-21 17:58:00.539040+00:00,0.19107235651859977,False
2026-04-22 18:00:14.546304+00:00,0.1816259867065893,False
2026-04-22 18:00:14.546304+00:00,0.0,False
2026-04-24 18:01:22.621728+00:00,0.33434268630376207,False
2026-04-24 18:01:22.621728+00:00,0.0,False
2026-04-25 17:02:12.925248+00:00,0.15673204696699405,False
2026-04-25 17:02:12.925248+00:00,0.0,False
2026-04-26 18:34:26.682816+00:00,0.16873876949987923,False
2026-04-26 18:34:26.682816+00:00,0.0,False
2026-04-27 18:02:57.933888+00:00,0.15085832395378979,False
2026-04-27 18:02:57.933888+00:00,0.0,False
2026-04-28 18:42:07.549920+00:00,0.14257874279452207,False
2026-04-28 18:42:07.549920+00:00,0.0,False
2026-04-29 17:44:38.575104+00:00,0.12932876155064824,False
2026-04-29 17:44:38.575104+00:00,0.0,False
2026-04-30 15:46:33.241152+00:00,0.1236203089557848,False
2026-04-30 15:46:33.241152+00:00,0.0,False
2026-05-01 18:16:12.766368+00:00,0.15296005161937087,False
2026-05-01 18:16:12.766368+00:00,0.0,False
2026-05-02 18:31:48.181152+00:00,0.13244041958869793,False
2026-05-02 18:31:48.181152+00:00,0.0,False
2026-05-03 17:23:01.931424+00:00,0.12763794223927344,False
2026-05-03 17:23:01.931424+00:00,0.0,False
2026-05-04 17:58:26.605056+00:00,0.12986891047433746,False
2026-05-04 17:58:26.605056+00:00,0.0,False
2026-05-06 17:00:50.765760+00:00,135.85819660145665,False
2026-05-06 17:00:50.765760+00:00,0.0,False
2026-05-07 17:12:43.036128+00:00,0.13398028489503344,False
2026-05-07 17:12:43.036128+00:00,0.0,False
2026-05-08 17:25:37.992288+00:00,0.14410675076735266,False
2026-05-08 17:25:37.992288+00:00,0.0,False
2026-05-09 18:50:41.482176+00:00,0.1603171548562445,False
2026-05-09 18:50:41.482176+00:00,0.0,False
2026-05-10 17:59:05.421120+00:00,0.14686360492179373,False
2026-05-10 17:59:05.421120+00:00,0.0,False
2026-05-11 19:17:29.342112+00:00,0.16405189474015155,False
2026-05-11 19:17:29.342112+00:00,0.0,False
2026-05-12 18:09:31.110048+00:00,0.14533283055772062,False
2026-05-12 18:09:31.110048+00:00,0.0,False
2026-05-13 14:47:38.681088+00:00,0.1292925901605071,False
2026-05-13 14:47:38.681088+00:00,0.0,False
2026-05-14 14:58:38.846208+00:00,0.14544541684332296,False
2026-05-14 14:58:38.846208+00:00,0.0,False
2026-05-15 19:28:05.799072+00:00,0.15918508400558137,False
2026-05-15 19:28:05.799072+00:00,0.0,False
2026-05-16 16:49:35.281056+00:00,0.12205410704491704,False
2026-05-16 16:49:35.281056+00:00,0.0,False
2026-05-17 18:44:41.092224+00:00,0.12969355574197827,False
2026-05-17 18:44:41.092224+00:00,0.0,False
2026-05-18 16:35:38.673312+00:00,0.09707823354338081,False
2026-05-18 16:35:38.673312+00:00,0.0,False
2026-05-19 15:10:38.888256+00:00,0.09403604754923248,False
2026-05-19 15:10:38.888256+00:00,0.0,False
2026-05-20 16:35:38.872896+00:00,0.09621143982898707,False
2026-05-20 16:35:38.872896+00:00,0.0,False
2026-05-21 16:35:38.670720+00:00,0.0831082551676822,False
2026-05-21 16:35:38.670720+00:00,0.0,False
2026-05-22 16:33:35.942112+00:00,0.07584297738980982,False
2026-05-22 16:33:35.942112+00:00,0.0,False
2026-05-23 16:35:38.873760+00:00,0.07267628302908727,False
2026-05-23 16:35:38.873760+00:00,0.0,False
2026-05-24 18:20:45.475008+00:00,0.07615006242403638,False
2026-05-24 18:20:45.475008+00:00,0.0,False
2026-05-25 19:10:46.618752+00:00,0.07771380100486623,False
2026-05-25 19:10:46.618752+00:00,0.0,False
2026-05-26 14:22:24.859776+00:00,0.06574740711863511,False
2026-05-26 14:22:24.859776+00:00,0.0,False
2026-05-27 16:35:38.886720+00:00,0.09101750862885821,False
2026-05-27 16:35:38.886720+00:00,0.0,False
2026-05-28 06:49:40.101024+00:00,0.054588704610484415,False
2026-05-28 06:49:40.101024+00:00,0.0,False
2026-05-29 17:22:14.974752+00:00,-2.132796536931286,False
2026-05-29 17:22:14.974752+00:00,0.0,False
2026-05-30 16:12:01.308096+00:00,0.09380317235769123,False
2026-05-30 16:12:01.308096+00:00,0.0,False
2026-05-31 10:39:33.441120+00:00,0.08836579733528847,False
2026-05-31 10:39:33.441120+00:00,0.0,False
2026-06-01 15:12:10.664928+00:00,0.1298804722867853,False
2026-06-01 15:12:10.664928+00:00,0.0,False
2026-06-02 17:13:44.673024+00:00,0.1258479815798351,False
2026-06-02 17:13:44.673024+00:00,0.0,False
2026-06-03 16:01:22.374912+00:00,0.11976024369374724,False
2026-06-03 16:01:22.374912+00:00,0.0,False
2026-06-05 17:55:42.450240+00:00,0.2828851273874138,False
2026-06-05 17:55:42.450240+00:00,0.0,False
2026-06-06 18:46:45.008832+00:00,0.15789378389197026,False
2026-06-06 18:46:45.008832+00:00,0.0,False
2026-06-07 18:08:29.663232+00:00,0.14500666444049065,False
2026-06-07 18:08:29.663232+00:00,0.0,False
2026-06-08 18:41:37.498272+00:00,0.15099428401756765,False
2026-06-08 18:41:37.498272+00:00,0.0,False
2026-06-09 15:05:06.871200+00:00,0.12507024550586224,False
2026-06-09 15:05:06.871200+00:00,0.0,False
2026-06-10 17:21:00.439200+00:00,0.15425524699703358,False
2026-06-10 17:21:00.439200+00:00,0.0,False
2026-06-11 17:00:07.404192+00:00,0.13231939992983094,False
2026-06-11 17:00:07.404192+00:00,0.0,False
2026-06-12 18:01:37.352064+00:00,0.13562197896648046,False
2026-06-12 18:01:37.352064+00:00,0.0,False
2026-06-13 16:59:53.125728+00:00,0.1147523458139299,False
2026-06-13 16:59:53.125728+00:00,0.0,False
2026-06-14 17:03:02.124864+00:00,0.10831974803984187,False
2026-06-14 17:03:02.124864+00:00,0.0,False
2026-06-15 17:47:59.101728+00:00,0.09948343185038339,False
2026-06-15 17:47:59.101728+00:00,0.0,False
2026-06-16 18:27:32.124384+00:00,0.08739040767601268,False
2026-06-16 18:27:32.124384+00:00,0.0,False
2026-06-17 12:26:38.820768+00:00,0.056896245096779464,False
2026-06-17 12:26:38.820768+00:00,0.0,False
2026-06-17 19:13:12.561312+00:00,0.0205259818208175,False
2026-06-17 19:13:12.561312+00:00,0.0,False
2026-06-19 17:31:38.092800+00:00,0.1202275961858699,False
2026-06-19 17:31:38.092800+00:00,0.0,False
2026-06-20 11:47:22.208928+00:00,0.0436543515367242,False
2026-06-20 11:47:22.208928+00:00,0.0,False
2026-06-20 11:47:22.208928+00:00,0.0,False
2026-06-22 17:34:47.511840+00:00,0.12075511714960237,False
2026-06-22 17:34:47.511840+00:00,0.0,False
2026-06-23 18:12:05.251968+00:00,0.061227388378458494,False
2026-06-23 18:12:05.251968+00:00,0.0,False
2026-06-24 18:51:44.998272+00:00,0.06981148426555728,False
2026-06-24 18:51:44.998272+00:00,0.0,False
2026-06-25 16:45:50.966784+00:00,0.07564997817025056,False
2026-06-25 16:45:50.966784+00:00,0.0,False
2026-06-26 18:36:06.255360+00:00,0.09531770895160707,False
2026-06-26 18:36:06.255360+00:00,0.0,False
2026-06-27 18:25:57.715104+00:00,0.09586137664509149,False
2026-06-27 18:25:57.715104+00:00,0.0,False
2026-06-28 18:36:07.636032+00:00,0.10537089473727204,False
2026-06-28 18:36:07.636032+00:00,0.0,False
2026-06-29 19:07:24.809088+00:00,0.11197270187723604,False
2026-06-29 19:07:24.809088+00:00,0.0,False
2026-06-30 16:44:30.791040+00:00,0.1092864837270344,False
2026-06-30 16:44:30.791040+00:00,0.0,False
2026-07-01 18:18:21.537792+00:00,0.14118671109077466,False
2026-07-01 18:18:21.537792+00:00,0.0,False
2026-07-02 18:29:27.521088+00:00,-2.155489935067637,False
2026-07-02 18:29:27.521088+00:00,0.0,False
2026-07-07 16:09:39.574080+00:00,0.7000208468123772,False
2026-07-07 16:09:39.574080+00:00,0.0,False
2026-07-08 18:00:26.421120+00:00,0.1372245376801849,False
2026-07-08 18:00:26.421120+00:00,0.0,False
2026-07-09 17:31:17.150304+00:00,0.12097224380157,False
2026-07-09 17:31:17.150304+00:00,0.0,False
2026-07-10 16:53:50.940384+00:00,0.11362311131638829,False
2026-07-10 16:53:50.940384+00:00,0.0,False
2026-07-11 17:38:05.403264+00:00,0.11016399048278214,False
2026-07-11 17:38:05.403264+00:00,0.0,False
2026-07-11 17:38:05.403264+00:00,0.0,False
2026-07-12 16:55:22.507104+00:00,0.09658540208035676,False
2026-07-12 16:55:22.507104+00:00,0.0,False
2026-07-12 16:55:22.507104+00:00,0.0,False
2026-07-13 18:23:41.806176+00:00,0.09409199094490703,False
2026-07-13 18:23:41.806176+00:00,0.0,False
2026-07-13 18:23:41.806176+00:00,0.0,False
2026-07-15 18:51:57.914208+00:00,0.14642079492765828,False
2026-07-15 18:51:57.914208+00:00,0.0,False
2026-07-16 16:55:11.484192+00:00,0.053529733782008954,False
2026-07-16 16:55:11.484192+00:00,0.0,False
2026-07-17 18:33:33.196032+00:00,0.055015869524631764,False
2026-07-17 18:33:33.196032+00:00,0.0,False
2026-07-18 18:33:58.995072+00:00,0.04719106655975207,False
2026-07-18 18:33:58.995072+00:00,0.0,False
2026-07-20 17:15:16.435872+00:00,0.09452939831147643,False
2026-07-20 17:15:16.435872+00:00,0.0,False
2026-07-21 15:45:03.837888+00:00,0.05561052638189691,False
2026-07-21 15:45:03.837888+00:00,0.0,False
2026-07-22 12:31:38.500896+00:00,0.059531167890489595,False
2026-07-22 12:31:38.500896+00:00,0.0,False
2026-07-24 17:03:45.489888+00:00,0.17383986537337182,False
2026-07-24 17:03:45.489888+00:00,0.0,False
2026-07-25 16:23:26.397888+00:00,0.08793591674747114,False
2026-07-25 16:23:26.397888+00:00,0.0,False
2026-07-26 16:54:51.312384+00:00,0.09921793573138137,False
2026-07-26 16:54:51.312384+00:00,0.0,False
2026-07-27 18:27:49.432032+00:00,0.11081170124149564,False
2026-07-27 18:27:49.432032+00:00,0.0,False
2026-07-28 18:06:51.874848+00:00,0.1111609135497691,False
2026-07-28 18:06:51.874848+00:00,0.0,False
2026-07-29 18:06:51.868800+00:00,0.11839816549622592,False
2026-07-29 18:06:51.868800+00:00,0.0,False
2026-07-30 15:50:23.229312+00:00,0.11217213192463198,False
2026-07-30 15:50:23.229312+00:00,0.0,False
2026-07-31 17:45:59.386752+00:00,-2.0594342484538806,False
2026-07-31 17:45:59.386752+00:00,0.0,False
2026-08-01 16:35:38.700096+00:00,0.20028712205312632,False
2026-08-01 16:35:38.700096+00:00,0.0,False
2026-08-02 18:20:25.979712+00:00,0.14261152068464375,False
2026-08-02 18:20:25.979712+00:00,0.0,False
2026-08-03 18:30:51.691104+00:00,0.1350652478585553,False
2026-08-03 18:30:51.691104+00:00,0.0,False
2026-08-04 18:27:36.732096+00:00,0.12971228075510716,False
2026-08-04 18:27:36.732096+00:00,0.0,False
2026-08-05 17:58:51.622176+00:00,0.11752462734272812,False
2026-08-05 17:58:51.622176+00:00,0.0,False
2026-08-06 14:47:05.857728+00:00,0.09812416908192523,False
2026-08-06 14:47:05.857728+00:00,0.0,False
2026-08-07 16:23:19.660416+00:00,0.11371176318008666,False
2026-08-07 16:23:19.660416+00:00,0.0,False
2026-08-08 15:40:17.808960+00:00,0.09794841622642311,False
2026-08-08 15:40:17.808960+00:00,0.0,False
2026-08-09 14:57:41.460192+00:00,0.09253673457290083,False
2026-08-09 14:57:41.460192+00:00,0.0,False
2026-08-10 16:47:51.081792+00:00,0.08958399484064752,False
2026-08-10 16:47:51.081792+00:00,0.0,False
2026-08-11 15:21:56.265984+00:00,0.06708515542040434,False
2026-08-11 15:21:56.265984+00:00,0.0,False
2026-08-12 17:29:02.975424+00:00,0.071263465695726,False
2026-08-12 17:29:02.975424+00:00,0.0,False
2026-08-13 17:26:10.175424+00:00,0.056645175309449375,False
2026-08-13 17:26:10.175424+00:00,0.0,False
2026-08-14 18:29:56.916096+00:00,0.05522758717459075,False
2026-08-14 18:29:56.916096+00:00,0.0,False
2026-08-15 16:39:53.105760+00:00,0.04588111626935827,False
2026-08-15 16:39:53.105760+00:00,0.0,False
2026-08-16 17:01:07.161024+00:00,-10.059067559217738,False
2026-08-16 17:01:07.161024+00:00,0.0,False
2026-08-18 17:34:03.630144+00:00,-40.938677229932274,False
2026-08-18 17:34:03.630144+00:00,0.0,False
2026-08-19 17:43:47.188704+00:00,0.06045969649973855,False
2026-08-19 17:43:47.188704+00:00,0.0,False
2026-08-20 16:50:15.287712+00:00,0.05972859991662401,False
2026-08-20 16:50:15.287712+00:00,0.0,False
2026-08-21 14:24:51.591168+00:00,0.06143838118159756,False
2026-08-21 14:24:51.591168+00:00,0.0,False
2026-08-22 18:06:48.825792+00:00,0.07891546234385903,False
2026-08-22 18:06:48.825792+00:00,0.0,False
2026-08-23 19:00:21.474144+00:00,0.07816510180661079,False
2026-08-23 19:00:21.474144+00:00,0.0,False
2026-08-24 15:34:14.528928+00:00,0.07013019731781252,False
2026-08-24 15:34:14.528928+00:00,0.0,False
2026-08-25 16:28:16.535136+00:00,0.08813882499171773,False
2026-08-25 16:28:16.535136+00:00,0.0,False
2026-08-26 17:11:48.648192+00:00,0.08864493266738557,False
2026-08-26 17:11:48.648192+00:00,0.0,False
2026-08-27 15:21:51.672096+00:00,0.08186874073600109,False
2026-08-27 15:21:51.672096+00:00,0.0,False
2026-08-28 17:06:07.221312+00:00,0.09181767399485853,False
2026-08-28 17:06:07.221312+00:00,0.0,False
2026-08-29 16:08:14.063136+00:00,0.08556807385293616,False
2026-08-30 12:45:58.089312+00:00,0.07239460265452134,False
2026-08-31 17:44:04.117920+00:00,0.09370990370169474,False
2026-09-01 18:38:42.380160+00:00,0.07072112797899152,False
2026-09-02 16:24:14.482080+00:00,0.052548210786120264,False
2026-09-03 15:06:45.042336+00:00,0.052609551831875295,False
2026-09-04 18:44:57.871104+00:00,0.04912992546094831,False
2026-09-05 18:19:49.130112+00:00,0.030867698278175874,False
2026-09-06 19:04:52.967136+00:00,0.020353841765423004,False
2026-09-07 11:57:04.874976+00:00,0.008017163274711643,False
2026-09-08 20:00:48.945312+00:00,0.005050317195798737,False
2026-09-10 16:14:57.952032+00:00,-0.02683434305854706,False
2026-09-11 17:51:53.186976+00:00,-0.030545913998183627,False
2026-09-12 19:49:34.370400+00:00,-0.037399734550734226,False
2026-09-13 18:30:51.532128+00:00,-0.035462662485870905,False
2026-09-14 19:11:56.786784+00:00,-0.037554322216815234,False
2026-09-15 17:52:03.611136+00:00,-0.03133877065841815,False
2026-09-16 18:41:21.494400+00:00,-0.030918437466938124,False
2026-09-17 18:39:53.146080+00:00,-0.02545515547419237,False
2026-09-18 17:59:50.857152+00:00,-0.020789941902721754,False
2026-09-19 18:38:32.211744+00:00,-0.016976494746004003,False
2026-09-20 16:39:00.057024+00:00,-0.010647162134353676,False
2026-09-21 15:11:07.077120+00:00,-0.00688843033170318,False
2026-09-22 14:28:43.047264+00:00,-0.002921737991508768,False
2026-09-23 16:00:00.916128+00:00,0.0008296426854223146,False
2026-09-24 15:58:13.692000+00:00,0.00687401704476593,False
2026-09-25 17:14:11.018112+00:00,0.007453556083401189,False
2026-09-26 17:23:52.711296+00:00,0.003561915045799457,False
2026-09-27 19:11:22.280352+00:00,52.222045677113826,False
2026-09-30 18:59:06.669024+00:00,-0.03352827809512392,False
2026-10-01 18:33:25.750080+00:00,-0.02577446544374805,False
2026-10-05 18:17:48.259104+00:00,-0.15816283264309072,False
2026-10-06 18:00:27.972864+00:00,-0.9415190827955204,False
