epoch,drag_resid_da,reentry
2024-01-01 13:23:20.292864+00:00,-0.0029808390629107165,False
2024-01-01 19:40:57.327744+00:00,0.0014848265676310514,False
2024-01-01 21:15:21.563136+00:00,-0.00015402849756604355,False
2024-01-02 11:24:59.475168+00:00,-0.0011904256210009956,False
2024-01-02 14:33:47.876832+00:00,0.004406162707330314,False
2024-01-02 19:17:00.411072+00:00,-0.00030939246089596584,False
2024-01-02 20:51:24.562656+00:00,0.0012552856891350538,False
2024-01-03 11:01:01.825824+00:00,0.002857455324965119,False
2024-01-03 14:09:50.061600+00:00,0.0008030808561515519,False
2024-01-03 18:53:02.382432+00:00,0.0012927616020637876,False
2024-01-03 20:27:26.484768+00:00,0.00017645664778203132,False
2024-01-03 20:27:26.484768+00:00,9.029234206536785e-06,False
2024-01-04 12:11:27.113280+00:00,0.0005758977878666527,False
2024-01-04 13:45:51.151680+00:00,0.002430908174008534,False
2024-01-04 20:03:27.267264+00:00,-0.0002768907666387578,False
2024-01-05 11:47:27.109536+00:00,-0.007554067635269328,False
2024-01-05 13:21:51.091776+00:00,0.004553564892282471,False
2024-01-05 19:39:26.899776+00:00,-0.0024105137414020504,False
2024-01-06 11:23:25.982592+00:00,-0.0026831371933627307,False
2024-01-06 17:41:01.484736+00:00,-0.0018285686905335184,False
2024-01-07 10:59:23.649504+00:00,-0.002471424966471618,False
2024-01-07 14:08:11.250240+00:00,-0.0019551394681956314,False
2024-01-07 17:16:58.826784+00:00,-0.0015246158102392507,False
2024-01-08 10:35:20.068800+00:00,-0.0021148110883840443,False
2024-01-08 13:44:07.488096+00:00,-0.003478657743678358,False
2024-01-08 16:52:54.893568+00:00,-0.0015356645195945713,False
2024-01-09 13:20:02.340096+00:00,-0.006503021209440865,False
2024-01-09 14:54:25.949952+00:00,-0.0005620228907966263,False
2024-01-10 09:47:08.659968+00:00,-0.005062289415066749,False
2024-01-10 16:04:42.682080+00:00,-0.005703113265886864,False
2024-01-11 10:57:23.913792+00:00,-0.017318472817672917,False
2024-01-11 14:06:10.666944+00:00,-0.006590991475127551,False
2024-01-11 15:40:34.033152+00:00,-0.0017917770437927182,False
2024-01-12 10:33:13.725216+00:00,-0.018005527954407533,False
2024-01-12 13:42:00.228672+00:00,-0.003990584612602013,False
2024-01-12 15:16:23.466144+00:00,-0.0020324816936645278,False
2024-01-13 05:25:52.173984+00:00,-0.0182519379714561,False
2024-01-13 11:43:24.737664+00:00,-0.0052257826528142245,False
2024-01-13 13:17:47.861088+00:00,-0.0024812770600225326,False
2024-01-13 14:52:10.968960+00:00,-0.002555104781391911,False
2024-01-14 05:01:38.508672+00:00,-0.019701527793976,False
2024-01-14 12:53:33.503712+00:00,-0.010511249867052597,False
2024-01-14 14:27:56.478528+00:00,-0.0031035718338472346,False
2024-01-15 10:54:54.173088+00:00,-0.035188227931608196,False
2024-01-15 14:03:39.832416+00:00,-0.001394134814336357,False
2024-01-16 04:13:04.778400+00:00,-0.02027270939017397,False
2024-01-16 12:04:58.302048+00:00,-0.015126861052337053,False
2024-01-16 13:39:20.987424+00:00,0.000832923556078567,False
2024-01-17 03:48:44.652096+00:00,-0.019848650508173672,False
2024-01-17 11:40:37.477632+00:00,-0.012631621543202992,False
2024-01-17 13:15:00.019584+00:00,-0.0034090792513452135,False
2024-01-18 03:24:22.420224+00:00,-0.020858178479954484,False
2024-01-18 12:50:36.970368+00:00,-0.011948292317545964,False
2024-01-19 02:59:58.187328+00:00,-0.016430259539410942,False
2024-01-19 10:51:49.652928+00:00,-0.011131959910244665,False
2024-01-19 12:26:11.908896+00:00,-0.004374113733912997,False
2024-01-20 04:09:54.054720+00:00,-0.017983505846212437,False
2024-01-20 10:27:22.691520+00:00,-0.0051143221427077945,False
2024-01-20 12:01:44.823936+00:00,-0.0033422248995800246,False
2024-01-21 03:45:25.673760+00:00,-0.01937545697932174,False
2024-01-21 05:19:47.707680+00:00,-0.0010299424504442867,False
2024-01-21 11:37:15.778560+00:00,-0.010808918365550271,False
2024-01-22 03:20:55.334976+00:00,-0.01049056452036165,False
2024-01-22 06:29:39.138432+00:00,-0.002636016693974388,False
2024-01-22 11:12:44.801280+00:00,-0.004547619823423128,False
2024-01-23 03:22:29.530848+00:00,2.678951623083109,False
2024-01-23 10:48:34.490880+00:00,-0.07318972118768599,False
2024-01-24 02:32:43.844064+00:00,-0.012669629348845905,False
2024-01-24 10:24:48.197088+00:00,-0.013415704495159629,False
2024-01-25 03:43:21.063360+00:00,-0.005242270415759663,False
2024-01-25 10:01:00.066432+00:00,-0.004651060027096896,False
2024-01-25 22:36:17.707104+00:00,-0.010079377942755395,False
2024-01-26 03:19:31.685952+00:00,-0.00679426684074682,False
2024-01-26 09:37:10.209504+00:00,-0.007111801041622453,False
2024-01-26 20:38:02.380992+00:00,-0.0009346180919806713,False
2024-01-27 01:21:16.020288+00:00,-0.0035503093262461392,False
2024-01-27 07:38:54.130848+00:00,-0.008070428933549104,False
2024-01-27 21:48:34.449120+00:00,-0.011332678089549644,False
2024-01-28 04:06:12.162240+00:00,-0.006449071675297683,False
2024-01-28 07:15:01.012320+00:00,0.004917865057530646,False
2024-01-28 22:59:04.725312+00:00,-0.01388630871285023,False
2024-01-29 03:42:17.706240+00:00,-0.004340210407115325,False
2024-01-29 06:51:06.313536+00:00,-0.0058199334855063845,False
2024-01-29 22:35:08.953440+00:00,-0.010825042065056474,False
2024-01-30 03:18:21.618144+00:00,-0.003490100663562118,False
2024-01-30 06:27:10.031040+00:00,-0.003447158189438403,False
2024-01-30 19:02:23.381088+00:00,-0.01202799035134141,False
2024-01-30 22:11:11.654016+00:00,0.003712174031485738,False
2024-01-31 02:54:23.951520+00:00,-0.004544432807351605,False
2024-01-31 06:03:12.159648+00:00,-0.004379474218618526,False
2024-01-31 20:12:48.751488+00:00,-0.013645743080276586,False
2024-01-31 21:47:12.791616+00:00,0.0018033314097357523,False
2024-02-01 02:30:24.850656+00:00,-0.005043536159435872,False
2024-02-01 05:39:12.875616+00:00,0.0005938433233753908,False
2024-02-01 21:23:12.582240+00:00,-0.01546069174175653,False
2024-02-02 03:40:48.357408+00:00,-0.00020979269228314432,False
2024-02-02 05:15:12.274848+00:00,0.0011095262493439574,False
2024-02-02 20:59:11.165856+00:00,-0.012011074678262831,False
2024-02-03 03:16:46.541856+00:00,-0.002680151133225169,False
2024-02-03 04:51:10.374624+00:00,-0.0011140145355543751,False
2024-02-03 20:35:08.371392+00:00,-0.013569022012408692,False
2024-02-03 22:09:32.134176+00:00,-0.0016898049296964293,False
2024-02-04 02:52:43.404384+00:00,-0.003015764485035823,False
2024-02-04 04:27:07.145568+00:00,-0.0027623198795807113,False
2024-02-04 20:11:04.198848+00:00,-0.014750793946206889,False
2024-02-04 21:45:27.869184+00:00,0.0017755922607489514,False
2024-02-05 04:03:02.499552+00:00,-0.0030821239641762276,False
2024-02-05 10:20:36.989952+00:00,-0.007105583175373371,False
2024-02-05 19:46:58.534176+00:00,-0.0057320866925486234,False
2024-02-05 21:21:22.112064+00:00,2.9817762985428e-05,False
2024-02-06 00:30:09.224640+00:00,-0.00224068680326164,False
2024-02-06 16:14:30.215904+00:00,2.071379525083182,False
2024-02-06 20:57:48.230496+00:00,-0.00236060922928767,False
2024-02-07 03:15:32.338944+00:00,-0.016560075499646564,False
2024-02-07 09:33:16.280640+00:00,0.000181557449757154,False
2024-02-07 18:59:51.940032+00:00,-0.007328851205278382,False
2024-02-07 20:34:17.851584+00:00,0.0001869469056459839,False
2024-02-08 01:17:35.572416+00:00,-0.003236142360171208,False
2024-02-08 09:09:44.945280+00:00,-0.0059959767785982485,False
2024-02-08 18:36:19.950624+00:00,-0.005592327194201687,False
2024-02-08 21:45:11.553408+00:00,-0.003099171450188733,False
2024-02-09 02:28:28.911360+00:00,-0.004444176178624417,False
2024-02-09 19:47:11.952096+00:00,-0.011519214608658228,False
2024-02-10 02:04:54.685920+00:00,0.0033310816232783695,False
2024-02-10 20:58:02.193600+00:00,-0.016575443201445487,False
2024-02-10 22:32:27.782880+00:00,-0.00023270351538992508,False
2024-02-11 01:41:18.930336+00:00,-0.004928051127741806,False
2024-02-11 14:16:43.122720+00:00,0.0016590932020805402,False
2024-02-11 20:34:25.080672+00:00,0.00455968201499907,False
2024-02-11 22:08:50.554176+00:00,0.0009394248795415406,False
2024-02-12 01:17:41.469216+00:00,-0.001147080815850866,False
2024-02-12 06:00:57.761856+00:00,-0.0057513296390585,False
2024-02-12 18:36:20.869920+00:00,-0.012823761407853913,False
2024-02-12 21:45:11.550816+00:00,-0.000565785682732101,False
2024-02-13 00:54:02.232576+00:00,-0.0008601830931004306,False
2024-02-13 15:03:49.868064+00:00,-0.009447011837344317,False
2024-02-13 19:47:05.601696+00:00,0.0002763681108714118,False
2024-02-13 21:21:30.825504+00:00,-0.001418627989447605,False
2024-02-14 00:30:21.265344+00:00,-0.00044202836884605495,False
2024-02-14 14:40:07.854528+00:00,0.0016510307550721554,False
2024-02-14 20:57:48.373056+00:00,-0.0063637903415775104,False
2024-02-15 00:06:38.573568+00:00,-0.003845557445316639,False
2024-02-15 14:16:24.063744+00:00,-0.004123215657857435,False
2024-02-15 18:59:39.119136+00:00,-0.0016659808159770854,False
2024-02-15 20:34:04.115712+00:00,0.00102807432788923,False
2024-02-16 04:26:09.012192+00:00,-0.005445678771467701,False
2024-02-16 12:18:13.690944+00:00,-0.013225191842640462,False
2024-02-16 13:52:38.631360+00:00,0.006577314248278617,False
2024-02-16 18:35:53.332512+00:00,-0.001981165291469241,False
2024-02-16 21:44:43.138176+00:00,0.0049613319378385545,False
2024-02-17 04:02:22.592256+00:00,-0.005823173529068502,False
2024-02-17 11:54:26.743968+00:00,-0.007105155894335635,False
2024-02-17 13:28:51.565152+00:00,0.0014471731860969733,False
2024-02-17 19:46:30.735840+00:00,-0.003518783342458264,False
2024-02-17 21:20:55.498272+00:00,-0.003751812810047492,False
2024-02-18 11:30:38.075904+00:00,-0.012142549858723914,False
2024-02-18 14:39:27.493632+00:00,0.005645574380552864,False
2024-02-18 20:57:06.183936+00:00,-0.0024694686078890263,False
2024-02-19 03:14:44.738592+00:00,-0.007175951863750214,False
2024-02-19 11:06:47.780928+00:00,-0.004595235086170803,False
2024-02-19 14:15:36.945504+00:00,-0.0013659634908000946,False
2024-02-19 18:58:50.659968+00:00,-0.003996559819936069,False
2024-02-19 20:33:15.215040+00:00,0.003833454473162778,False
2024-02-20 02:50:53.379168+00:00,-0.0030207560093367426,False
2024-02-20 12:17:20.435712+00:00,-0.0021487754320515806,False
2024-02-20 13:51:44.909568+00:00,-0.0038722238360841474,False
2024-02-20 18:34:58.326816+00:00,-0.0025901298885437057,False
2024-02-21 11:53:26.996640+00:00,-0.0041386657941513555,False
2024-02-21 15:02:15.737856+00:00,0.0009678228795702171,False
2024-02-21 18:11:04.494624+00:00,0.002786708555586121,False
2024-02-22 11:29:32.126784+00:00,0.0018285248445596078,False
2024-02-22 13:03:56.414016+00:00,-0.002187060369869805,False
2024-02-22 19:21:33.525792+00:00,0.0003485226762022335,False
2024-02-23 11:05:35.845152+00:00,0.009568040072170998,False
2024-02-23 14:14:24.190656+00:00,-0.008546104201453894,False
2024-02-23 18:57:36.731808+00:00,-0.0015024943548554957,False
2024-02-24 01:15:13.315680+00:00,-6.092877023582133e-05,False
2024-02-24 10:41:38.008320+00:00,0.002768847229384537,False
2024-02-24 15:24:50.259168+00:00,-0.003587668443279922,False
2024-02-24 18:33:38.399904+00:00,-0.0008433780381351536,False
2024-02-25 11:52:02.611488+00:00,0.006318604277193968,False
2024-02-25 15:00:50.531904+00:00,-0.006183613207218615,False
2024-02-25 18:09:38.435904+00:00,-0.0021344766767947172,False
2024-02-26 00:27:14.153184+00:00,0.004200366519381937,False
2024-02-26 11:28:01.346304+00:00,0.004956379010335368,False
2024-02-26 14:36:49.039488+00:00,-0.0006008027078523003,False
2024-02-26 17:45:36.698976+00:00,-0.003116647795291432,False
2024-02-27 11:03:58.372128+00:00,0.010520152862350335,False
2024-02-27 14:12:45.866592+00:00,0.002795343784384414,False
2024-02-27 17:21:33.317856+00:00,-7.249847794531597e-05,False
2024-02-27 23:39:08.172000+00:00,0.0044851121657984334,False
2024-02-28 13:48:41.184288+00:00,0.006762407469338767,False
2024-02-28 13:48:41.186016+00:00,0.0005326564889849228,False
2024-02-28 16:57:28.454976+00:00,-0.0014664376926089573,False
2024-02-29 13:24:35.107488+00:00,0.0102542133526346,False
2024-02-29 16:33:22.185504+00:00,0.0003515265186626263,False
2024-02-29 22:50:56.289696+00:00,0.0022210753022875243,False
2024-03-01 14:34:51.105216+00:00,0.003617607632966341,False
2024-03-01 16:09:14.547456+00:00,-0.0008294634546220057,False
2024-03-02 11:01:55.365312+00:00,-0.0019251796064745155,False
2024-03-02 14:10:42.079584+00:00,-0.0021177024203021134,False
2024-03-02 15:45:05.424192+00:00,-0.0012770781670149254,False
2024-03-03 12:12:08.259552+00:00,-0.008345217391846182,False
2024-03-03 13:46:31.535904+00:00,0.004543661635874716,False
2024-03-03 15:20:54.774240+00:00,-0.0006161221482587865,False
2024-03-04 05:30:23.528736+00:00,-0.011825047365391014,False
2024-03-04 11:47:56.098464+00:00,-0.005493262521470518,False
2024-03-04 13:22:19.223616+00:00,0.007040634819657203,False
2024-03-04 14:56:42.335808+00:00,-0.0015032417918364018,False
2024-03-05 03:31:46.987104+00:00,-0.005197122321611437,False
2024-03-05 12:58:05.039040+00:00,-0.02292758086899012,False
2024-03-05 14:32:28.032864+00:00,-0.00288260105052306,False
2024-03-06 03:07:31.730304+00:00,-0.013684408868519647,False
2024-03-06 10:59:26.298528+00:00,-0.0047127105849494415,False
2024-03-06 12:33:49.182624+00:00,-0.006540757078858535,False
2024-03-07 04:17:37.763520+00:00,-0.0039054497379526487,False
2024-03-07 12:09:31.811616+00:00,-0.008071329998620903,False
2024-03-08 03:53:19.390272+00:00,-0.0060200097494214275,False
2024-03-08 05:27:42.097248+00:00,0.00030140710297869074,False
2024-03-08 11:45:12.917376+00:00,-0.0041788201455051355,False
2024-03-08 18:02:43.644192+00:00,0.0012790818366896911,False
2024-03-09 05:03:22.103136+00:00,-0.011796641500235266,False
2024-03-09 11:20:52.514592+00:00,-0.003558618099679948,False
2024-03-09 17:38:22.837056+00:00,0.004065320368235953,False
2024-03-10 04:39:00.609120+00:00,-0.0024604657794561682,False
2024-03-10 10:56:30.639552+00:00,-0.0030067093145413025,False
2024-03-10 17:14:00.562848+00:00,-0.0019680588705383896,False
2024-03-11 04:14:37.662720+00:00,-0.0013527480486467541,False
2024-03-11 10:32:07.317312+00:00,-0.003803303428309965,False
2024-03-11 16:49:36.862176+00:00,-0.005143369108319799,False
2024-03-12 03:50:13.309728+00:00,-0.0038920030173548864,False
2024-03-12 10:07:42.587616+00:00,-0.0036340256749201917,False
2024-03-12 16:25:11.767872+00:00,-0.00351546016871733,False
2024-03-13 05:00:09.806112+00:00,-0.0036891407148526845,False
2024-03-13 09:43:16.477248+00:00,-0.0023662698078345916,False
2024-03-13 16:00:45.273888+00:00,-0.005478944666437387,False
2024-03-14 04:35:50.491104+00:00,2.201838777118006,False
2024-03-14 06:10:15.381408+00:00,0.0003832981497467157,False
2024-03-14 09:19:05.073888+00:00,-7.772637811031234e-05,False
2024-03-15 04:12:02.670624+00:00,-0.01144824542231157,False
2024-03-15 08:55:16.935456+00:00,-0.0006079483956907827,False
2024-03-15 23:04:59.377440+00:00,-0.0005397120284297979,False
2024-03-16 03:48:13.399488+00:00,0.0006274986909642118,False
2024-03-16 08:31:27.399936+00:00,-0.002439499443624366,False
2024-03-16 22:41:09.015936+00:00,-0.00547421973009115,False
2024-03-17 04:58:47.320896+00:00,-0.0005408204091675063,False
2024-03-17 08:07:36.454368+00:00,-0.0012186161947624757,False
2024-03-17 22:17:17.230560+00:00,-0.0032797829133779516,False
2024-03-18 04:34:55.182144+00:00,0.0025018841991924605,False
2024-03-18 07:43:44.129856+00:00,-0.0003076843177263252,False
2024-03-18 21:53:24.012672+00:00,-0.008755516602642108,False
2024-03-19 04:11:01.527072+00:00,-0.006991770107453641,False
2024-03-19 07:19:50.236320+00:00,0.0010276942787032263,False
2024-03-19 21:29:29.012352+00:00,-0.0013297310769964585,False
2024-03-20 00:38:17.561760+00:00,0.00041003651335251926,False
2024-03-20 06:55:54.487776+00:00,-0.006165905316255986,False
2024-03-20 22:39:56.228256+00:00,-0.010678633496117765,False
2024-03-21 04:57:32.645376+00:00,-0.005552787461521335,False
2024-03-21 12:49:33.020544+00:00,-0.0028326827722360837,False
2024-03-21 20:41:33.128736+00:00,-0.005759202068134309,False
2024-03-21 22:15:57.079872+00:00,-0.002716923228167932,False
2024-03-22 04:33:32.908608+00:00,0.005850946832297282,False
2024-03-22 06:07:56.847648+00:00,0.0003095499579782394,False
2024-03-22 12:25:32.486304+00:00,0.002182542478442559,False
2024-03-22 21:51:55.564992+00:00,-0.005917379411692118,False
2024-03-23 04:09:30.697344+00:00,-0.009612003892963739,False
2024-03-23 05:43:54.471360+00:00,8.451959932664205e-05,False
2024-03-23 21:27:51.528960+00:00,-0.013440844644590277,False
2024-03-24 03:45:25.988256+00:00,-0.002948439913685895,False
2024-03-24 05:19:49.579968+00:00,0.0022995538396172067,False
2024-03-24 21:03:44.831808+00:00,-0.051056552897747645,False
2024-03-24 22:38:08.255040+00:00,-0.003983559303462439,False
2024-03-25 04:55:41.749248+00:00,0.028953892520843738,False
2024-03-25 20:39:35.017344+00:00,-0.003808949618445634,False
2024-03-25 22:13:58.279872+00:00,-0.0008727320947882009,False
2024-03-26 04:31:31.221984+00:00,-0.0034910607123997822,False
2024-03-26 20:15:22.982400+00:00,0.020367936942522452,False
2024-03-26 21:49:46.056576+00:00,0.0030723785863644177,False
2024-03-27 04:07:18.505344+00:00,-0.004684436330894,False
2024-03-27 19:51:09.054432+00:00,0.009925798164961558,False
2024-03-27 22:59:55.068864+00:00,-0.0001527686248618352,False
2024-03-28 02:08:41.046144+00:00,-0.0017604055239054967,False
2024-03-28 08:26:12.905664+00:00,-0.002359126819313901,False
2024-03-28 19:26:53.350080+00:00,0.0005274284818073405,False
2024-03-28 22:35:39.117408+00:00,-8.680245854992413e-05,False
2024-03-29 01:44:24.869184+00:00,0.0007675952960059622,False
2024-03-29 08:01:56.254368+00:00,-0.0018619940111317054,False
2024-03-29 20:36:58.648896+00:00,-0.000759258809084784,False
2024-03-29 22:11:21.422400+00:00,0.0007614431544059608,False
2024-03-30 01:20:06.929664+00:00,-0.0023554538407324563,False
2024-03-30 07:37:37.872480+00:00,0.0004767570344040538,False
2024-03-30 13:55:08.711616+00:00,-0.0003166710350063287,False
2024-03-30 21:47:02.105664+00:00,-0.007576341679740528,False
2024-03-30 21:47:02.109984+00:00,0.0006769087098075177,False
2024-03-31 00:55:47.427168+00:00,-0.005236021655682906,False
2024-03-31 07:13:17.938848+00:00,-0.008201379573024841,False
2024-03-31 15:05:10.881888+00:00,0.0146067595812145,False
2024-03-31 21:22:41.174976+00:00,0.003130694765130459,False
2024-03-31 22:57:03.733344+00:00,-0.0008942862924911105,False
2024-04-01 00:31:26.283936+00:00,-0.0007246604065118114,False
2024-04-01 06:48:56.391264+00:00,-0.000932098193109028,False
2024-04-01 14:40:48.876384+00:00,-0.0021579694306376324,False
2024-04-01 20:58:18.768576+00:00,0.0040421407412321655,False
2024-04-02 00:07:03.677088+00:00,-0.0011893679216831363,False
2024-04-02 06:24:33.417216+00:00,0.00042987676043956466,False
2024-04-02 14:16:25.454784+00:00,0.0006510292961318387,False
2024-04-02 20:33:54.983232+00:00,0.0023849151335349865,False
2024-04-02 22:08:17.351520+00:00,-0.001424802064966149,False
2024-04-03 06:00:09.117792+00:00,0.0018061082190695618,False
2024-04-03 20:10:01.104384+00:00,1.8925361748574374,False
2024-04-03 21:44:25.739808+00:00,0.002108887607226495,False
2024-04-04 05:36:28.852992+00:00,0.007594810724965453,False
2024-04-04 13:28:31.846080+00:00,-0.001500925722563471,False
2024-04-04 21:20:34.675008+00:00,0.001774336249840039,False
2024-04-05 05:12:37.393344+00:00,0.0028841909016087373,False
2024-04-05 13:04:39.959616+00:00,0.0010060148614880575,False
2024-04-05 14:39:04.458528+00:00,0.0011509857301912549,False
2024-04-05 20:56:42.392832+00:00,-6.0001895334359234e-05,False
2024-04-06 04:48:44.688672+00:00,0.0028520372900050044,False
2024-04-06 12:40:46.822080+00:00,0.0023396674624497488,False
2024-04-06 14:15:11.225088+00:00,0.0005793028254702445,False
2024-04-06 20:32:48.812064+00:00,0.00233857004044017,False
2024-04-06 22:07:13.199520+00:00,0.0013708067283760752,False
2024-04-07 12:16:52.347072+00:00,0.0037570033196132405,False
2024-04-07 13:51:16.668000+00:00,0.0009882825770805743,False
2024-04-07 20:08:53.905056+00:00,0.0036219005248099706,False
2024-04-07 21:43:18.205248+00:00,0.000998890789292434,False
2024-04-08 04:00:55.312704+00:00,-0.002903862888132519,False
2024-04-08 13:27:20.823552+00:00,0.007265635469744985,False
2024-04-08 19:44:57.693408+00:00,0.0015971121429253152,False
2024-04-08 21:19:21.899424+00:00,-0.0005901552914098253,False
2024-04-09 03:36:58.640544+00:00,0.0011498878163477555,False
2024-04-09 13:03:23.595840+00:00,-0.0005293056645129107,False
2024-04-09 19:21:00.082944+00:00,-0.0015187561734973862,False
2024-04-10 03:13:00.547104+00:00,0.0003318685860526395,False
2024-04-10 12:39:24.896736+00:00,0.005794581685844596,False
2024-04-10 14:13:48.936000+00:00,0.0015029873058479493,False
2024-04-10 20:31:24.992832+00:00,-0.00419054192380924,False
2024-04-11 02:49:00.952896+00:00,0.000706733127511093,False
2024-04-11 12:15:24.665760+00:00,0.0008647828215180078,False
2024-04-11 13:49:48.603072+00:00,0.002050227870231525,False
2024-04-11 20:07:24.248640+00:00,-0.002252446338054173,False
2024-04-12 00:50:35.911104+00:00,0.0006381438039860798,False
2024-04-12 11:51:22.861440+00:00,0.0024847332510244263,False
2024-04-12 13:25:46.682112+00:00,0.0001600257836984675,False
2024-04-12 19:43:21.896544+00:00,0.0008403006753866897,False
2024-04-13 02:00:57.004704+00:00,-0.000839864672018513,False
2024-04-13 13:01:43.092768+00:00,-0.0018634180648034113,False
2024-04-13 19:19:17.798304+00:00,-0.00588298056700708,False
2024-04-14 12:37:37.666560+00:00,0.003719959078635496,False
2024-04-14 18:55:11.889984+00:00,-0.0052721644190743995,False
2024-04-15 12:13:30.158976+00:00,-0.004379001312349209,False
2024-04-15 13:47:53.585664+00:00,-0.00047520577169616815,False
2024-04-15 15:22:17.006304+00:00,-0.0006663402417753095,False
2024-04-16 11:49:20.335008+00:00,-0.019173572910320985,False
2024-04-16 13:23:43.573344+00:00,-0.0014427266963708569,False
2024-04-16 18:06:53.223552+00:00,-0.0007897715686755041,False
2024-04-17 12:59:30.511968+00:00,-0.013814830324238345,False
2024-04-18 12:35:14.557920+00:00,-0.01772839843148552,False
2024-04-18 14:09:37.395360+00:00,-0.001998413138162399,False
2024-04-18 15:44:00.205152+00:00,-0.0035266509793046713,False
2024-04-19 12:10:55.858080+00:00,-0.011029552551924698,False
2024-04-19 13:45:18.506304+00:00,0.00038435696467495513,False
2024-04-20 05:29:03.965568+00:00,-0.01284336680047772,False
2024-04-20 11:46:33.792096+00:00,-0.003187918524165563,False
2024-04-20 13:20:56.211360+00:00,-0.0006231647333355093,False
2024-04-20 14:55:18.603840+00:00,-0.0022271394612570477,False
2024-04-21 05:04:39.519264+00:00,-0.009326926570078456,False
2024-04-21 12:56:30.724800+00:00,-0.018107938953957653,False
2024-04-21 14:30:52.921152+00:00,-0.00039452148784070197,False
2024-04-22 04:40:12.074016+00:00,-0.004795783171227655,False
2024-04-22 10:57:40.245120+00:00,-0.006203740042959323,False
2024-04-22 14:06:24.230016+00:00,-0.0038615064658227075,False
2024-04-23 04:15:41.608224+00:00,-0.003244928494394811,False
2024-04-23 12:07:30.833472+00:00,-0.0021152655785074137,False
2024-04-23 13:41:52.649664+00:00,0.0003037009426914393,False
2024-04-24 03:51:08.270496+00:00,-0.022670762212950807,False
2024-04-24 11:43:12.280512+00:00,2.5210698392928115,False
2024-04-25 05:01:43.890528+00:00,-0.0029264135770718236,False
2024-04-25 12:53:46.929408+00:00,-0.007810672701880052,False
2024-04-26 04:37:52.277088+00:00,-0.008877794275885517,False
2024-04-26 12:29:54.555648+00:00,-0.006769452442622725,False
2024-04-26 18:47:32.189280+00:00,-0.0017326861471383577,False
2024-04-27 04:13:58.339488+00:00,-0.010248327846807903,False
2024-04-27 12:05:59.820576+00:00,-0.0021014604495367337,False
2024-04-27 18:23:36.854592+00:00,-0.00150532590573264,False
2024-04-28 03:50:02.148576+00:00,-0.002102678217640805,False
2024-04-28 11:42:03.031776+00:00,0.011470444881898197,False
2024-04-28 17:59:39.600096+00:00,-0.0005152746726537275,False
2024-04-29 05:00:28.368288+00:00,0.0109912886225116,False
2024-04-29 11:18:04.673952+00:00,-0.00010652137485827468,False
2024-04-29 17:35:40.894944+00:00,0.0033085604771196514,False
2024-04-30 04:36:29.070432+00:00,0.011540116265961346,False
2024-04-30 10:54:05.077152+00:00,0.0038879061812101268,False
2024-04-30 17:11:41.002656+00:00,0.005572083382266894,False
2024-05-01 04:12:28.645056+00:00,0.010228847831474985,False
2024-05-01 10:30:04.326912+00:00,0.0026589143556711888,False
2024-05-01 16:47:39.933600+00:00,0.009944472624647729,False
2024-05-02 03:48:27.004032+00:00,0.008167975407610745,False
2024-05-02 10:06:02.376576+00:00,0.0045109320160536814,False
2024-05-02 16:23:37.660128+00:00,0.009890039865540233,False
2024-05-03 04:58:47.834976+00:00,0.015183461959901369,False
2024-05-03 09:41:59.070624+00:00,0.005072028426378401,False
2024-05-03 15:59:33.942048+00:00,0.009713452275733232,False
2024-05-03 22:17:08.719296+00:00,0.005320965126194441,False
2024-05-04 04:34:43.383360+00:00,0.009634465013461435,False
2024-05-04 09:17:54.361536+00:00,0.005403736073062673,False
2024-05-04 15:35:28.908096+00:00,0.004224653280332561,False
2024-05-05 04:10:37.766208+00:00,0.019000520912184377,False
2024-05-05 08:53:48.518880+00:00,0.006772052035928695,False
2024-05-05 23:03:20.467584+00:00,0.02374219804523843,False
2024-05-06 03:46:30.988704+00:00,0.00022187491531768314,False
2024-05-06 08:29:41.478720+00:00,0.011853400530284785,False
2024-05-06 21:04:49.142784+00:00,0.025920957032024766,False
2024-05-07 04:56:46.211424+00:00,0.0032267593929900806,False
2024-05-07 08:05:32.974944+00:00,0.0015692978433846875,False
2024-05-07 20:40:39.845856+00:00,0.027477337339030898,False
2024-05-07 22:15:03.171456+00:00,0.002060703180442238,False
2024-05-08 04:32:36.428928+00:00,0.011570102016206202,False
2024-05-08 07:41:23.017920+00:00,0.004170762630704417,False
2024-05-08 21:50:52.295136+00:00,0.023132844705044703,False
2024-05-09 04:08:25.129248+00:00,0.011050651261433383,False
2024-05-09 12:00:21.000384+00:00,0.01063594412276956,False
2024-05-09 19:52:16.674528+00:00,0.007374028303455488,False
2024-05-09 21:26:39.791904+00:00,0.0033179382426356385,False
2024-05-10 05:18:35.197344+00:00,0.013506287595039773,False
2024-05-10 11:36:07.389504+00:00,0.01288987060171283,False
2024-05-10 21:02:25.315296+00:00,0.0017845350945259603,False
2024-05-10 22:36:48.220128+00:00,-0.00026951421316742316,False
2024-05-11 04:54:19.792800+00:00,0.05039374478189734,False
2024-05-11 11:11:50.745120+00:00,-0.05481865978226588,False
2024-05-11 20:38:06.563616+00:00,0.006408074899875077,False
2024-05-11 22:12:29.128032+00:00,0.0019411426221191026,False
2024-05-12 04:29:59.185248+00:00,0.021764475142296458,False
2024-05-12 10:47:29.100768+00:00,0.025350045252910992,False
2024-05-12 20:13:43.758048+00:00,0.02764535591568272,False
2024-05-12 21:48:06.174720+00:00,0.004932723838108987,False
2024-05-13 04:05:35.729952+00:00,0.020440780496342077,False
2024-05-13 19:49:18.909984+00:00,0.037576175733175995,False
2024-05-13 21:23:41.182368+00:00,0.002112147073105879,False
2024-05-14 03:41:10.169088+00:00,0.009770842830103078,False
2024-05-14 09:58:39.019296+00:00,0.007136436501600438,False
2024-05-14 20:59:14.113824+00:00,0.0022896778259552664,False
2024-05-14 22:33:36.209088+00:00,-0.004033828581568038,False
2024-05-15 03:16:42.482784+00:00,0.0037151173380484334,False
2024-05-15 09:34:10.726464+00:00,-0.010976915759253594,False
2024-05-15 20:34:44.747904+00:00,0.014444151049710988,False
2024-05-15 22:09:06.696288+00:00,-0.0012122047733775856,False
2024-05-16 02:52:12.483552+00:00,-0.001136470385547296,False
2024-05-16 09:53:31.579584+00:00,2.610765565431068,False
2024-05-17 02:28:29.272512+00:00,-0.04483022432494074,False
2024-05-17 08:46:08.781888+00:00,0.0029368854140039077,False
2024-05-17 19:47:02.406624+00:00,-0.014378235017267704,False
2024-05-17 22:55:51.879648+00:00,-0.003234811375697446,False
2024-05-18 02:04:41.325024+00:00,5.4468737793252064e-05,False
2024-05-18 08:22:20.024832+00:00,-0.009818108705732596,False
2024-05-18 20:57:36.685728+00:00,-0.02336712321785457,False
2024-05-18 22:32:01.219200+00:00,4.2081729973674625e-05,False
2024-05-19 01:40:50.246400+00:00,-0.0030954628338096084,False
2024-05-19 07:58:28.167744+00:00,0.0044509983815726115,False
2024-05-19 20:33:43.443648+00:00,-0.02080633725089996,False
2024-05-20 01:16:56.501472+00:00,-0.0016088467717026815,False
2024-05-20 07:34:33.736800+00:00,0.004720228155226262,False
2024-05-20 13:52:10.839936+00:00,-0.004613380005601346,False
2024-05-20 20:09:47.710656+00:00,-0.005340594145289472,False
2024-05-21 00:53:00.288096+00:00,-0.001954744353826983,False
2024-05-21 19:45:49.742496+00:00,0.0030052318242622805,False
2024-05-21 21:20:13.800768+00:00,0.0006998392833082734,False
2024-05-22 00:29:01.914720+00:00,0.003382703817225042,False
2024-05-22 05:12:13.999680+00:00,0.005732447500777924,False
2024-05-22 20:56:13.661376+00:00,0.0015690672466751876,False
2024-05-23 00:05:01.492800+00:00,0.0008615774719612623,False
2024-05-23 20:32:11.431104+00:00,0.001411656811927231,False
2024-05-23 23:40:58.985184+00:00,-5.6339251723568073e-05,False
2024-05-24 04:24:10.231200+00:00,-0.0008022939168245008,False
2024-05-24 13:50:32.434656+00:00,-0.0047266703989261374,False
2024-05-24 20:08:07.079712+00:00,0.00557609575559739,False
2024-05-24 21:42:30.725856+00:00,0.0001572439080272459,False
2024-05-24 23:16:54.356448+00:00,-4.1177391153224274e-05,False
2024-05-25 13:26:26.700864+00:00,0.004508689880507552,False
2024-05-25 13:26:26.723328+00:00,-0.00030692155547348924,False
2024-05-25 19:44:00.898368+00:00,-0.0029324720298381547,False
2024-05-25 22:52:47.944416+00:00,-0.0010413728700915965,False
2024-05-26 13:02:19.302144+00:00,0.007840334640611374,False
2024-05-26 14:36:42.766848+00:00,0.002682905018829793,False
2024-05-26 20:54:16.509888+00:00,0.0010732218808397996,False
2024-05-26 22:28:39.932256+00:00,0.0007162973268669687,False
2024-05-27 03:11:50.171712+00:00,0.0033199448948747455,False
2024-05-27 12:38:10.451040+00:00,0.01174224954679784,False
2024-05-27 14:12:33.818112+00:00,0.003908710143438467,False
2024-05-27 20:30:07.186176+00:00,0.0012242802517009876,False
2024-05-27 22:04:30.519552+00:00,0.0005320003416609993,False
2024-05-28 12:14:00.201120+00:00,0.018589133875518485,False
2024-05-28 13:48:23.471424+00:00,0.0024874134307100284,False
2024-05-28 20:05:56.486112+00:00,0.003142125019552376,False
2024-05-28 21:40:19.737408+00:00,0.002707883309024572,False
2024-05-29 13:24:11.800224+00:00,0.014173713516444787,False
2024-05-29 19:41:44.531520+00:00,0.009453858260907042,False
2024-05-30 01:59:17.159136+00:00,0.006087078818283721,False
2024-05-30 12:59:58.990272+00:00,0.010209634440556732,False
2024-05-30 14:34:22.089504+00:00,0.000950433273717426,False
2024-05-30 17:43:08.283648+00:00,0.0014886753931772044,False
2024-05-31 01:35:03.582816+00:00,-0.014635309476635945,False
2024-05-31 12:35:44.791872+00:00,0.015677162469193012,False
2024-05-31 14:10:07.775328+00:00,-0.0013271891538049708,False
2024-05-31 18:53:16.780128+00:00,0.02451557225643754,False
2024-06-01 01:10:48.640512+00:00,0.002399271959853882,False
2024-06-01 12:11:29.137632+00:00,0.014830201141840887,False
2024-06-01 15:20:14.951616+00:00,0.0029564960009554574,False
2024-06-01 18:29:00.744864+00:00,0.0001078221112900176,False
2024-06-02 00:46:32.225088+00:00,0.0007716753455149772,False
2024-06-02 11:47:12.075072+00:00,0.024239568035345715,False
2024-06-02 14:55:57.694656+00:00,0.0037179223270995786,False
2024-06-02 18:04:43.299552+00:00,0.004682541745604606,False
2024-06-03 12:57:16.330176+00:00,0.014481850543119623,False
2024-06-03 14:31:39.038016+00:00,-0.0002981634056532104,False
2024-06-03 17:40:24.444192+00:00,0.00029642647530317943,False
2024-06-03 23:57:55.145952+00:00,0.0025295779802851706,False
2024-06-04 12:32:56.152896+00:00,0.0017080771587953542,False
2024-06-04 14:07:18.747552+00:00,-2.478234938118728e-05,False
2024-06-04 17:16:03.915264+00:00,-0.001340205691625039,False
2024-06-04 23:33:34.138368+00:00,8.322507864302539e-05,False
2024-06-05 07:25:26.741856+00:00,0.007668139187058415,False
2024-06-05 15:56:12.147072+00:00,2.413518353835413,False
2024-06-05 16:52:12.019296+00:00,-0.02140642195325273,False
2024-06-05 23:09:53.614368+00:00,7.402341876857135e-05,False
2024-06-06 13:19:41.736288+00:00,-0.004472351780057032,False
2024-06-06 16:28:32.337696+00:00,-0.0016938358490766608,False
2024-06-07 12:56:00.508992+00:00,0.0009661430390576625,False
2024-06-07 14:30:25.702560+00:00,0.0009497919488628426,False
2024-06-07 16:04:50.885760+00:00,0.0010711346316226488,False
2024-06-07 22:22:31.488960+00:00,-0.0032945401912123085,False
2024-06-08 04:40:11.977248+00:00,0.0029163732489822757,False
2024-06-08 12:32:17.412000+00:00,0.004620677167975824,False
2024-06-08 15:41:07.526976+00:00,-0.0010788554064758045,False
2024-06-08 21:58:47.639424+00:00,0.00044537580623384837,False
2024-06-09 05:50:52.603296+00:00,0.001801995051877045,False
2024-06-09 12:08:32.449632+00:00,0.0003417278851130315,False
2024-06-09 13:42:57.397824+00:00,-0.0001107639843396695,False
2024-06-09 15:17:22.331328+00:00,-0.0013601536781788258,False
2024-06-09 21:35:02.001408+00:00,-0.0018056622753207761,False
2024-06-10 05:27:06.415776+00:00,0.002270696599026272,False
2024-06-10 13:19:10.715232+00:00,0.0020978596911845164,False
2024-06-10 19:36:49.997376+00:00,-0.004110525872081317,False
2024-06-11 05:03:18.744768+00:00,0.006282603771686504,False
2024-06-11 12:55:22.503360+00:00,0.00454262106924232,False
2024-06-12 06:13:54.227424+00:00,0.007052154590123448,False
2024-06-12 12:31:32.878848+00:00,0.005082246446207535,False
2024-06-12 14:05:57.548832+00:00,0.0028113692819319736,False
2024-06-13 04:15:39.083616+00:00,-0.0014528912388008935,False
2024-06-13 12:07:42.018816+00:00,0.0058706906489920975,False
2024-06-13 13:42:06.587712+00:00,-0.0001367694722982319,False
2024-06-13 18:25:20.261568+00:00,0.0010690031862131584,False
2024-06-14 13:18:14.597568+00:00,0.01325237374052117,False
2024-06-15 12:54:21.551616+00:00,0.015988181433026633,False
2024-06-16 12:30:27.364320+00:00,0.02280539901930259,False
2024-06-17 12:06:32.083200+00:00,0.025608151165464735,False
2024-06-18 03:50:34.696320+00:00,0.022045890023326166,False
2024-06-18 11:42:35.830944+00:00,0.0100606130044371,False
2024-06-19 05:01:01.957152+00:00,0.02857821784767682,False
2024-06-19 11:18:38.595456+00:00,0.009489670938186357,False
2024-06-19 16:01:51.027744+00:00,0.008883369839808069,False
2024-06-20 04:37:03.998496+00:00,0.0225613478624221,False
2024-06-20 09:20:16.297728+00:00,0.006865323889625404,False
2024-06-20 23:29:52.889568+00:00,0.018572366953901402,False
2024-06-21 04:13:05.036736+00:00,0.008485872495080805,False
2024-06-21 08:56:17.124288+00:00,0.007090202679494426,False
2024-06-22 05:23:29.104224+00:00,0.034246483807673644,False
2024-06-22 08:32:17.032416+00:00,0.00401991529781583,False
2024-06-22 22:41:52.536480+00:00,0.021027310505618943,False
2024-06-23 04:59:28.220928+00:00,0.012989362587132031,False
2024-06-23 08:08:16.027296+00:00,0.005030134062789399,False
2024-06-23 22:17:50.856576+00:00,0.018583938771781494,False
2024-06-24 04:35:26.257632+00:00,0.012431505998987718,False
2024-06-24 07:44:13.911936+00:00,0.004545949262426633,False
2024-06-24 21:53:48.138144+00:00,0.021770092001322877,False
2024-06-25 04:11:23.209152+00:00,0.00681005490590637,False
2024-06-25 07:20:10.714848+00:00,0.005307104893152262,False
2024-06-25 21:29:44.160864+00:00,0.011439150953896755,False
2024-06-26 03:47:18.866400+00:00,0.0071007299038171705,False
2024-06-26 06:56:06.194976+00:00,0.0024060708616760306,False
2024-06-26 21:05:38.775264+00:00,0.006936095235607981,False
2024-06-27 03:23:13.085088+00:00,0.0036810052939995133,False
2024-06-27 12:49:34.349376+00:00,0.002309707615605311,False
2024-06-27 20:41:31.875936+00:00,0.0018484194078934764,False
2024-06-27 22:15:55.346688+00:00,-5.0774860575990635e-05,False
2024-06-28 04:33:29.178720+00:00,-0.005229984822171716,False
2024-06-28 12:25:36.023520+00:00,1.5771391133752635,False
2024-06-29 04:09:49.255200+00:00,0.007708264181928354,False
2024-06-29 12:01:55.472736+00:00,-0.0019076319927033708,False
2024-06-29 19:54:01.480320+00:00,-8.916443897443588e-05,False
2024-06-29 21:28:26.638464+00:00,-0.0020164882482231793,False
2024-06-30 03:46:07.250304+00:00,0.0002934470412694762,False
2024-06-30 11:38:12.846624+00:00,0.00032279372464667083,False
2024-06-30 21:04:43.266720+00:00,-0.0024875376944493363,False
2024-07-01 04:56:48.430176+00:00,0.0007681723218450134,False
2024-07-01 11:14:28.406976+00:00,-0.0024857780276347254,False
2024-07-01 20:40:58.136736+00:00,-0.0030559853550128635,False
2024-07-01 22:15:23.070240+00:00,0.00014130450891103492,False
2024-07-02 04:33:02.714400+00:00,-0.00148896638681556,False
2024-07-02 20:17:11.307264+00:00,-0.006897781629647902,False
2024-07-02 21:51:36.125856+00:00,-0.00041357667784418933,False
2024-07-03 04:09:15.320736+00:00,-0.002555047724157402,False
2024-07-03 10:26:54.422304+00:00,-0.0009546468923174352,False
2024-07-03 19:53:22.846560+00:00,-0.003771765160780486,False
2024-07-03 21:27:47.564064+00:00,0.00010369127569319347,False
2024-07-04 03:45:26.336448+00:00,-0.004428799461749601,False
2024-07-04 10:03:05.011200+00:00,-0.0008317701186384974,False
2024-07-04 19:29:32.813376+00:00,0.0007576950192858187,False
2024-07-04 22:38:22.012512+00:00,-0.003333081989319869,False
2024-07-05 03:21:35.780544+00:00,-0.0005126392277902542,False
2024-07-05 20:40:05.671200+00:00,0.002156775127048774,False
2024-07-05 22:14:30.156288+00:00,-0.001436549330324899,False
2024-07-06 02:57:43.603776+00:00,-0.0008531977499660302,False
2024-07-06 20:16:12.376416+00:00,0.0027713552781524,False
2024-07-06 21:50:36.776832+00:00,-4.60061155259997e-05,False
2024-07-07 02:33:49.935744+00:00,-0.0006460132041456474,False
2024-07-07 21:26:41.941536+00:00,0.0009261439184632542,False
2024-07-08 00:35:30.536736+00:00,0.0004026678194661189,False
2024-07-08 21:02:45.703968+00:00,0.007695813912503693,False
2024-07-08 22:37:09.908256+00:00,0.0005456164018570837,False
2024-07-09 01:45:58.290048+00:00,0.00038143068791447396,False
2024-07-09 14:21:11.546784+00:00,0.005149241447320756,False
2024-07-09 20:38:48.042528+00:00,0.005636159959479439,False
2024-07-09 22:13:12.162144+00:00,0.0012081217335458486,False
2024-07-09 23:47:36.259296+00:00,-0.00047429126685339437,False
2024-07-10 13:57:12.852000+00:00,0.002681571279514905,False
2024-07-10 20:14:48.958944+00:00,0.003676270374014353,False
2024-07-10 21:49:12.979200+00:00,0.0014684172548157827,False
2024-07-10 23:23:36.990816+00:00,0.0005279393345902616,False
2024-07-11 13:33:12.688416+00:00,0.01015650801307666,False
2024-07-11 16:42:00.567360+00:00,0.0062446939620249935,False
2024-07-11 21:25:12.320544+00:00,0.0033075761911106998,False
2024-07-12 05:17:11.747040+00:00,0.0038534315250167914,False
2024-07-12 13:09:11.010240+00:00,0.005740436234687965,False
2024-07-12 14:43:34.855104+00:00,0.0032490787973863686,False
2024-07-12 21:01:10.136928+00:00,0.006695474556563573,False
2024-07-12 22:35:33.939456+00:00,0.00023057113937345955,False
2024-07-13 04:53:09.041568+00:00,0.0026753535356238527,False
2024-07-13 12:45:07.783776+00:00,0.0036325885975044964,False
2024-07-13 14:19:31.512000+00:00,0.0013925032562981995,False
2024-07-13 20:37:06.337632+00:00,-0.0017400749768531308,False
2024-07-13 22:11:30.030432+00:00,0.0008478944229903702,False
2024-07-14 04:29:04.684128+00:00,0.006403985403114862,False
2024-07-14 12:21:02.845728+00:00,0.00687435672522313,False
2024-07-14 13:55:26.451264+00:00,0.0015887693834380125,False
2024-07-14 20:13:00.795648+00:00,0.0007986801554438205,False
2024-07-14 21:47:24.361440+00:00,0.0006901653047858506,False
2024-07-15 04:04:58.521792+00:00,0.0024547104550060456,False
2024-07-15 13:31:19.503552+00:00,0.00553040739725965,False
2024-07-15 19:48:53.336448+00:00,0.008194134400763938,False
2024-07-16 03:40:50.386080+00:00,-0.004345007454780649,False
2024-07-16 13:07:10.538400+00:00,0.0038842933785722053,False
2024-07-16 20:59:07.032480+00:00,-0.004501799498362269,False
2024-07-17 03:16:40.064448+00:00,0.005204114231862296,False
2024-07-17 11:08:36.128256+00:00,0.0037106194789768704,False
2024-07-17 14:17:22.434720+00:00,-0.016671813110067293,False
2024-07-17 20:34:55.010496+00:00,0.0009695104039668598,False
2024-07-18 12:18:45.694368+00:00,-0.008353197825346034,False
2024-07-18 13:53:08.697696+00:00,-0.0012661720639190292,False
2024-07-18 20:10:40.641888+00:00,-0.004379815011144133,False
2024-07-19 11:54:29.816352+00:00,-0.0029912587811274927,False
2024-07-19 13:28:52.669344+00:00,-0.0020917338396868887,False
2024-07-19 16:37:38.358048+00:00,-0.004347959788694733,False
2024-07-20 02:03:55.182240+00:00,-0.009323744853851658,False
2024-07-20 13:04:34.374720+00:00,-0.010673895998838959,False
2024-07-20 17:47:42.441216+00:00,-0.007712766346941617,False
2024-07-21 01:39:35.684064+00:00,-0.005485007884253615,False
2024-07-21 12:40:13.808640+00:00,-0.00644378446954031,False
2024-07-21 14:14:36.359232+00:00,-0.0024458308881251797,False
2024-07-21 18:57:43.951392+00:00,-0.00366241773279748,False
2024-07-22 12:15:51.074784+00:00,-0.012104023918837234,False
2024-07-22 13:50:13.478496+00:00,-0.0017318759609096842,False
2024-07-22 18:33:20.630880+00:00,-0.005905890815787514,False
2024-07-23 11:51:26.132544+00:00,-0.008175192755775648,False
2024-07-23 15:00:10.660896+00:00,-0.005232235078045757,False
2024-07-23 16:34:32.916000+00:00,-0.0008645709373301842,False
2024-07-24 13:01:21.441792+00:00,-0.0003618803657852443,False
2024-07-24 14:35:43.583712+00:00,-0.0011252130025960873,False
2024-07-24 17:44:27.838176+00:00,-0.0039887601515385795,False
2024-07-25 06:19:24.589920+00:00,0.004813012167016774,False
2024-07-25 12:36:52.794720+00:00,0.0027635045232481566,False
2024-07-25 17:19:58.875744+00:00,-0.0012692524355177107,False
2024-07-26 05:54:54.743616+00:00,0.0011342449726060508,False
2024-07-26 16:56:05.218080+00:00,2.694251025419516,False
2024-07-27 10:14:42.171936+00:00,0.003147432600531172,False
2024-07-27 11:49:07.308480+00:00,-0.003440508464817629,False
2024-07-27 16:32:22.668864+00:00,-0.0009500429137477215,False
2024-07-28 12:59:48.649920+00:00,0.02072103824454885,False
2024-07-28 16:08:38.705280+00:00,0.0017446928072084797,False
2024-07-29 04:43:58.666656+00:00,0.012358153213125042,False
2024-07-29 12:36:03.481056+00:00,0.009569321678509053,False
2024-07-29 15:44:53.364480+00:00,0.002149427035273887,False
2024-07-30 04:20:12.623424+00:00,0.012422746044753748,False
2024-07-30 12:12:17.015328+00:00,0.014177376506271412,False
2024-07-30 13:46:41.867616+00:00,0.0016395204930925566,False
2024-07-30 20:04:21.180000+00:00,0.01186457909712291,False
2024-07-31 13:22:53.799168+00:00,0.05851297542929247,False
2024-07-31 19:40:32.740032+00:00,0.017079485499834006,False
2024-08-01 05:07:00.947424+00:00,0.02198158691076764,False
2024-08-01 11:24:39.595392+00:00,0.022040165038582145,False
2024-08-01 12:59:04.242912+00:00,0.0023532099904474985,False
2024-08-02 04:43:10.304256+00:00,0.02468447763763415,False
2024-08-02 12:35:13.090848+00:00,0.010714998087173237,False
2024-08-03 04:19:18.134400+00:00,0.020838092425640928,False
2024-08-03 12:11:20.430240+00:00,0.011662609398790602,False
2024-08-03 18:28:58.139904+00:00,0.008256304807370735,False
2024-08-04 03:55:24.449088+00:00,0.010663603905666147,False
2024-08-04 11:47:26.182464+00:00,0.008581004959135767,False
2024-08-04 18:05:03.416928+00:00,0.015060331863361691,False
2024-08-05 05:05:53.157984+00:00,0.01338005272144216,False
2024-08-05 11:23:29.995008+00:00,0.011832494154001873,False
2024-08-05 17:41:06.684288+00:00,0.006451345099139631,False
2024-08-06 04:41:55.578624+00:00,0.01429824458674906,False
2024-08-06 10:59:31.962048+00:00,0.009336573974597674,False
2024-08-06 17:17:08.227968+00:00,0.008808971607643386,False
2024-08-07 02:43:32.384064+00:00,0.011869169528309846,False
2024-08-07 10:35:32.336736+00:00,0.013206627490534882,False
2024-08-08 10:11:30.934176+00:00,0.034817528309407764,False
2024-08-09 05:04:16.316544+00:00,0.03136593601450445,False
2024-08-09 09:47:27.472704+00:00,0.006891980457690218,False
2024-08-09 16:05:02.143680+00:00,0.008030999345816851,False
2024-08-10 04:40:10.937856+00:00,0.011026951925580425,False
2024-08-10 09:23:21.562656+00:00,0.0018265503476131949,False
2024-08-11 02:41:39.549120+00:00,-0.003103226529941175,False
2024-08-11 08:59:12.917184+00:00,-0.004286688210142331,False
2024-08-11 15:16:46.092576+00:00,-0.0032013096231499963,False
2024-08-11 23:08:42.209952+00:00,-0.0026328574253799905,False
2024-08-12 05:26:14.814240+00:00,0.010826882034251868,False
2024-08-12 08:35:01.028256+00:00,0.0010680567868207938,False
2024-08-12 14:52:33.111552+00:00,-0.03550785669397132,False
2024-08-12 22:44:27.818880+00:00,-0.022958390111197435,False
2024-08-13 05:01:59.234304+00:00,0.04695311712008815,False
2024-08-13 08:10:44.845248+00:00,-0.0005783510754992227,False
2024-08-16 19:32:33.568224+00:00,-0.05896654934928991,False
2024-08-17 04:58:45.965280+00:00,0.004059852317357365,False
2024-08-17 06:33:07.980192+00:00,-0.0022544393140693317,False
2024-08-17 20:42:25.514784+00:00,-0.020813471522823312,False
2024-08-17 22:16:47.400960+00:00,0.006614983716846757,False
2024-08-18 02:59:52.952352+00:00,-0.0026960649338354237,False
2024-08-18 04:34:14.782368+00:00,0.0018973701197377534,False
2024-08-18 06:08:36.590784+00:00,-0.0014161589540468093,False
2024-08-18 20:17:52.333440+00:00,-0.0006143718640298224,False
2024-08-18 21:52:14.013120+00:00,0.001493142147304824,False
2024-08-19 04:09:40.605696+00:00,-0.004489128457210306,False
2024-08-19 05:44:02.220576+00:00,-0.0009625571271021319,False
2024-08-19 21:27:37.814688+00:00,0.0017717487646760621,False
2024-08-20 03:45:03.681504+00:00,-0.003348876736165844,False
2024-08-20 17:54:16.254144+00:00,0.0033928294146390314,False
2024-08-21 03:20:30.305760+00:00,1.6781682343265227,False
2024-08-21 20:38:46.697280+00:00,0.019573417590783224,False
2024-08-21 22:13:09.938208+00:00,0.00017520489496190665,False
2024-08-22 02:56:19.586688+00:00,0.0008739238076089194,False
2024-08-22 09:13:52.298112+00:00,0.003983290817437576,False
2024-08-22 18:40:11.075808+00:00,0.004455374125678542,False
2024-08-22 20:14:34.182816+00:00,0.003373860938698448,False
2024-08-22 23:23:20.293152+00:00,-0.0011070519228628672,False
2024-08-23 02:32:06.406080+00:00,0.0027229713807884227,False
2024-08-23 08:49:38.522208+00:00,0.008779052537658316,False
2024-08-23 18:15:56.417760+00:00,0.009609942332564042,False
2024-08-24 02:07:51.065472+00:00,0.007390260461905933,False
2024-08-24 08:25:22.610496+00:00,0.006143868793903114,False
2024-08-24 19:26:02.434560+00:00,0.013978887618081831,False
2024-08-24 22:34:48.013536+00:00,0.0041689751202366905,False
2024-08-25 01:43:33.550176+00:00,0.001239365862653663,False
2024-08-25 08:01:04.509408+00:00,0.009663414843933509,False
2024-08-25 20:36:06.020064+00:00,0.016837917885717715,False
2024-08-25 22:10:28.663968+00:00,0.0009669155696205751,False
2024-08-26 01:19:13.937952+00:00,0.0037025535344610873,False
2024-08-26 07:36:44.366688+00:00,0.007044367077894985,False
2024-08-26 21:46:07.282272+00:00,0.007562538085943468,False
2024-08-27 00:54:52.276320+00:00,0.0005453419784523551,False
2024-08-27 07:12:22.143456+00:00,0.009430530108332044,False
2024-08-27 21:21:43.776000+00:00,0.008689197656268563,False
2024-08-27 21:21:43.776864+00:00,-0.00011130263411848474,False
2024-08-27 22:56:06.131328+00:00,0.0010109987634611926,False
2024-08-28 20:57:49.913568+00:00,1.8035121779377263,False
2024-08-29 00:06:38.655648+00:00,-0.003181080322343127,False
2024-08-29 06:24:16.006752+00:00,-0.0022174646846298066,False
2024-08-29 20:33:54.477792+00:00,-0.0021574195518002798,False
2024-08-30 06:00:19.647360+00:00,0.005533823789714357,False
2024-08-30 13:52:20.385408+00:00,0.0008383975699476076,False
2024-08-30 20:09:56.697120+00:00,-0.005949181137505123,False
2024-08-30 21:44:20.753664+00:00,0.0006837793085952611,False
2024-08-31 05:36:20.798784+00:00,-0.03575892418638686,False
2024-08-31 13:28:20.608896+00:00,0.033877862984691975,False
2024-08-31 21:20:20.017248+00:00,0.0016016566003310764,False
2024-08-31 22:54:43.856928+00:00,-0.000306515295064173,False
2024-09-01 13:04:17.899104+00:00,0.001475577847077858,False
2024-09-01 14:38:41.624736+00:00,0.0020157732080034636,False
2024-09-01 20:56:16.357920+00:00,0.003386536993211932,False
2024-09-02 12:40:12.411552+00:00,0.008607254154329114,False
2024-09-02 14:14:35.969568+00:00,0.0022885415355677254,False
2024-09-02 20:32:09.999456+00:00,-0.00435367537174472,False
2024-09-02 22:06:33.462432+00:00,-0.002080722271369592,False
2024-09-03 04:24:07.243488+00:00,0.005069343917061674,False
2024-09-03 12:16:04.194624+00:00,-0.0054476283325974525,False
2024-09-03 13:50:27.542688+00:00,-0.0008518114172131226,False
2024-09-03 16:59:14.146368+00:00,-0.005984000120146098,False
2024-09-03 18:33:37.484064+00:00,-0.0003344583934518572,False
2024-09-04 13:26:16.132416+00:00,-0.0096057772847635,False
2024-09-04 18:09:25.455168+00:00,-0.008108821920861646,False
2024-09-04 21:18:11.524896+00:00,0.002811811456459843,False
2024-09-05 11:27:38.499552+00:00,0.003272286658163398,False
2024-09-05 20:53:55.779936+00:00,-0.0020364923384438294,False
2024-09-06 12:37:43.470912+00:00,-0.015042243806773672,False
2024-09-06 14:12:06.144192+00:00,-0.003245612207080235,False
2024-09-06 20:29:36.743136+00:00,-0.002056569189922308,False
2024-09-07 12:13:22.236960+00:00,-0.010220307583949817,False
2024-09-07 13:47:44.711520+00:00,-0.0006014482604362967,False
2024-09-07 20:05:14.419680+00:00,-0.010681747088496743,False
2024-09-08 11:48:57.658464+00:00,-0.013209225163175561,False
2024-09-08 13:23:19.905792+00:00,0.0024880766309763984,False
2024-09-08 19:40:48.689472+00:00,-0.013435648932990901,False
2024-09-09 12:58:51.695904+00:00,-0.016728197172010184,False
2024-09-09 19:16:19.524864+00:00,-0.016965201541410478,False
2024-09-10 12:34:19.866720+00:00,-0.023549089389391695,False
2024-09-10 18:51:46.823040+00:00,-0.007490211608130105,False
2024-09-11 13:44:06.421920+00:00,-0.012503249226485755,False
2024-09-11 13:44:06.432288+00:00,-0.003828516702402328,False
2024-09-11 16:52:49.513440+00:00,-0.0028653289849541325,False
2024-09-12 13:19:28.111008+00:00,-0.07491918903504802,False
2024-09-12 16:28:10.614144+00:00,-0.014701247715508296,False
2024-09-13 12:54:45.742752+00:00,0.024850464417010082,False
2024-09-13 14:29:06.758016+00:00,-0.005025989710260959,False
2024-09-13 22:20:51.682272+00:00,0.0004260873306760962,False
2024-09-14 06:12:36.266976+00:00,-0.018225313279784112,False
2024-09-14 14:28:51.547296+00:00,3.483564998490488,False
2024-09-14 15:39:20.564640+00:00,-0.04425576033113031,False
2024-09-14 21:57:00.728928+00:00,0.031512102223401894,False
2024-09-15 05:49:05.706624+00:00,-0.00282402172260654,False
2024-09-15 12:06:45.496800+00:00,-0.004693802655415066,False
2024-09-15 21:33:14.802336+00:00,-0.00040984311753567565,False
2024-09-16 05:25:18.939360+00:00,0.009480225407550918,False
2024-09-16 13:17:22.819776+00:00,0.0010042750289045096,False
2024-09-17 05:01:29.771904+00:00,-0.057428758221124615,False
2024-09-17 11:19:08.177952+00:00,-0.002183337810631611,False
2024-09-17 12:53:32.680320+00:00,-0.008006538338996309,False
2024-09-17 14:27:57.165408+00:00,-0.005269743210451077,False
2024-09-18 04:37:37.523424+00:00,0.0667690838941813,False
2024-09-18 12:29:39.561792+00:00,0.008016956938177187,False
2024-09-18 14:04:03.941472+00:00,-9.610441092631865e-05,False
2024-09-19 04:13:43.028544+00:00,0.01557062155806066,False
2024-09-19 12:05:44.447424+00:00,0.00707173450626046,False
2024-09-19 13:40:08.695776+00:00,0.0002357814397870462,False
2024-09-20 05:24:10.670400+00:00,0.0078033348337036845,False
2024-09-20 11:41:47.232672+00:00,0.0030820296818434186,False
2024-09-20 13:16:11.353152+00:00,-0.0001787213079071032,False
2024-09-21 05:00:12.030048+00:00,0.0007994600156128601,False
2024-09-21 12:52:12.096768+00:00,0.007265759712016644,False
2024-09-21 19:09:47.987712+00:00,0.0009018743578540211,False
2024-09-22 04:36:11.597760+00:00,0.0072381350319659365,False
2024-09-22 12:28:11.083872+00:00,0.007246549505335591,False
2024-09-22 18:45:46.491840+00:00,-0.00122060317588946,False
2024-09-23 04:12:09.445248+00:00,0.00806484829470032,False
2024-09-23 12:04:08.337792+00:00,-0.0010754979073729562,False
2024-09-23 18:21:43.234272+00:00,-0.007349146688210385,False
2024-09-24 05:22:28.988832+00:00,0.030822036936933174,False
2024-09-24 11:40:03.495648+00:00,-0.001247835366915015,False
2024-09-24 17:57:37.850400+00:00,0.002155866946092322,False
2024-09-25 04:58:22.514592+00:00,-0.0002879864695076034,False
2024-09-25 11:15:56.358720+00:00,0.00484365184699119,False
2024-09-25 17:33:30.024864+00:00,0.007130010540516922,False
2024-09-26 04:34:13.444896+00:00,0.005446062602357041,False
2024-09-26 10:51:46.538208+00:00,-0.0031001843013312227,False
2024-09-26 17:09:19.476864+00:00,0.009012648644975939,False
2024-09-26 23:26:52.244448+00:00,-0.0016624388502951698,False
2024-09-27 04:10:01.702848+00:00,0.004221430192398231,False
2024-09-27 10:27:34.142112+00:00,0.0025854464810259117,False
2024-09-28 00:37:01.420032+00:00,-0.004107990241763518,False
2024-09-28 04:16:42.357792+00:00,2.2338843640683135,False
2024-09-28 10:03:38.457504+00:00,-0.007677664032230462,False
2024-09-28 22:39:03.450816+00:00,-0.006385812437728192,False
2024-09-29 03:22:20.103744+00:00,-0.00016687984057595778,False
2024-09-29 09:40:02.132544+00:00,0.0011891838574291658,False
2024-09-29 22:15:25.545600+00:00,-0.0032553196743227986,False
2024-09-30 04:33:06.889248+00:00,-0.010313950909485108,False
2024-09-30 09:16:22.723968+00:00,-0.002029253542133916,False
2024-09-30 13:59:38.470560+00:00,0.00746420171876002,False
2024-09-30 21:51:44.408160+00:00,-0.010155768150611477,False
2024-10-01 04:09:24.900768+00:00,-0.0034564136225373465,False
2024-10-01 08:52:40.116000+00:00,0.0013007025850823237,False
2024-10-02 03:45:39.653280+00:00,-0.01502129392059845,False
2024-10-02 06:54:29.329344+00:00,0.0002992921521328684,False
2024-10-02 21:04:12.255168+00:00,-0.0065124413426141115,False
2024-10-02 22:38:36.917376+00:00,-0.006801149572489586,False
2024-10-03 04:56:15.486720+00:00,0.01508227140391441,False
2024-10-03 06:30:40.092768+00:00,0.0011776631640989556,False
2024-10-03 20:40:20.821440+00:00,-0.002368252810275695,False
2024-10-03 22:14:45.232224+00:00,-0.007219004576314034,False
2024-10-04 04:32:22.764768+00:00,0.0030001736048002672,False
2024-10-04 12:24:24.308064+00:00,0.011078509030070807,False
2024-10-04 20:16:25.444416+00:00,0.00028625476697982655,False
2024-10-04 21:50:49.631424+00:00,0.002395392154675465,False
2024-10-05 04:08:26.151360+00:00,0.0015882518364628354,False
2024-10-05 12:00:26.373600+00:00,0.007340800571360967,False
2024-10-05 19:52:26.277024+00:00,0.0031516102194730083,False
2024-10-05 21:26:50.188416+00:00,-0.0010966354297764526,False
2024-10-06 03:44:25.607616+00:00,3.4333389858552665e-05,False
2024-10-06 11:36:24.588288+00:00,0.005379647699283174,False
2024-10-06 21:02:46.936896+00:00,0.010084141794685114,False
2024-10-07 03:20:21.445440+00:00,-0.004072386345023105,False
2024-10-07 11:12:19.109376+00:00,0.002890506433081294,False
2024-10-07 20:38:39.797376+00:00,0.012388593337280623,False
2024-10-08 04:30:36.440928+00:00,-0.09116324822922975,False
2024-10-08 10:48:09.252576+00:00,-0.010903731617090073,False
2024-10-08 20:14:28.193568+00:00,0.12303911124385125,False
2024-10-09 04:06:23.380416+00:00,-0.010267959151767148,False
2024-10-09 19:50:12.677568+00:00,0.032107186683276584,False
2024-10-09 21:24:35.533152+00:00,0.0011289726961626924,False
2024-10-10 03:42:06.862176+00:00,6.938893903907228e-18,False
2024-10-10 09:59:38.001120+00:00,-0.0022271274905596994,False
2024-10-10 19:25:54.376032+00:00,-0.04739087951849111,False
2024-10-10 21:00:16.965504+00:00,-0.006954300918187203,False
2024-10-11 03:17:47.228352+00:00,-0.04163638421679239,False
2024-10-11 09:35:17.092032+00:00,-0.020417109815881934,False
2024-10-11 20:35:53.745216+00:00,0.14124722283702282,False
2024-10-12 02:53:22.839936+00:00,0.009556848863449353,False
2024-10-12 09:10:51.825792+00:00,0.020909134621386202,False
2024-10-12 20:11:27.211488+00:00,0.03645844096699019,False
2024-10-13 08:46:24.240576+00:00,0.0240857294351928,False
2024-10-13 19:46:58.598976+00:00,0.027779077416882625,False
2024-10-13 21:21:20.619072+00:00,0.002047511461577719,False
2024-10-14 02:04:26.654304+00:00,0.004563822677817738,False
2024-10-14 19:22:27.991488+00:00,0.019282229129985604,False
2024-10-14 20:56:49.881120+00:00,0.001643491423560085,False
2024-10-15 01:39:55.497312+00:00,0.003798533012335941,False
2024-10-15 20:32:17.064384+00:00,0.01635134848596792,False
2024-10-15 22:06:38.804544+00:00,0.0016331053027144622,False
2024-10-16 01:15:22.230432+00:00,-0.00124831259365224,False
2024-10-16 07:32:49.015680+00:00,0.008350926044517225,False
2024-10-16 21:42:03.659328+00:00,0.008386490360925924,False
2024-10-16 21:42:03.671424+00:00,0.001864693186206479,False
2024-10-16 23:16:25.254336+00:00,-6.694202578967634e-05,False
2024-10-17 15:00:00.554688+00:00,0.009525753967430786,False
2024-10-17 21:17:26.435328+00:00,0.0027775869941797926,False
2024-10-18 00:26:09.331584+00:00,-0.0018949930327246053,False
2024-10-18 22:27:08.419968+00:00,-0.01028736870200378,False
2024-10-19 20:29:15.188928+00:00,4.059098467337727,False
2024-10-19 23:38:07.437984+00:00,-0.01893726607883231,False
2024-10-20 13:48:02.151360+00:00,0.005474886636131604,False
2024-10-20 20:05:46.383360+00:00,0.034911704714113714,False
2024-10-20 21:40:12.341568+00:00,-0.01019741698127008,False
2024-10-20 23:14:38.334336+00:00,-0.0025710717714277666,False
2024-10-21 13:24:31.923648+00:00,0.024869358937890454,False
2024-10-21 19:42:15.519744+00:00,0.0004136500543272248,False
2024-10-21 21:16:41.378592+00:00,-0.002818649059026455,False
2024-10-21 22:51:07.230528+00:00,-0.0023138984376013336,False
2024-10-22 13:00:59.755392+00:00,0.03718311356173312,False
2024-10-22 19:18:42.811488+00:00,-0.0017551028509051533,False
2024-10-22 20:53:08.537280+00:00,-0.0015739961439308666,False
2024-10-23 03:10:51.395520+00:00,0.003783216985634809,False
2024-10-23 12:37:25.387392+00:00,0.00922435450592652,False
2024-10-23 14:11:50.995680+00:00,-9.257970599694208e-05,False
2024-10-23 20:29:33.386496+00:00,-0.000871783648100595,False
2024-10-24 02:47:15.595008+00:00,-3.766251697016193e-05,False
2024-10-24 12:13:48.646848+00:00,0.007676885579214497,False
2024-10-24 13:48:14.103072+00:00,0.0003568857286393185,False
2024-10-24 16:57:04.992192+00:00,0.0017321579427314222,False
2024-10-25 11:50:09.424896+00:00,0.01603187021288076,False
2024-10-25 19:42:15.765984+00:00,-0.004880022784175278,False
2024-10-26 01:59:56.656896+00:00,0.004819645418160039,False
2024-10-26 11:26:27.622176+00:00,0.004775715640778715,False
2024-10-26 13:00:52.741440+00:00,0.0004995320744085232,False
2024-10-26 19:18:33.072480+00:00,-0.006501755577314423,False
2024-10-27 01:36:13.150368+00:00,0.005804054726985537,False
2024-10-27 12:37:07.755744+00:00,0.0034318460788690386,False
2024-10-27 14:11:32.636544+00:00,-3.5965975925398436e-05,False
2024-10-27 18:54:47.171808+00:00,-0.0058800022596337195,False
2024-10-28 12:13:19.321824+00:00,0.01899622190116909,False
2024-10-28 13:47:43.959840+00:00,-0.0012205691890309588,False
2024-10-28 16:56:33.220320+00:00,0.004607532425960837,False
2024-10-29 00:48:36.038016+00:00,0.0029335614310378316,False
2024-10-29 11:49:27.337728+00:00,0.011078519195999573,False
2024-10-29 14:58:16.123008+00:00,-0.002790166312478335,False
2024-10-30 00:24:42.077088+00:00,0.003434216906547119,False
2024-10-30 12:59:55.781376+00:00,0.008403284285267307,False
2024-10-30 14:34:19.928640+00:00,0.002292765891197481,False
2024-10-30 17:43:08.125536+00:00,0.00013249985380866733,False
2024-10-31 00:00:44.339616+00:00,0.006339115152893149,False
2024-10-31 14:10:19.850592+00:00,-0.0027593050563163163,False
2024-10-31 15:44:43.727424+00:00,0.0012950323250703992,False
2024-11-01 12:11:52.198656+00:00,-0.0053782334613012295,False
2024-11-01 13:46:15.780000+00:00,-0.004543281097760733,False
2024-11-01 13:46:15.791232+00:00,0.0021817745924397488,False
2024-11-01 23:12:36.976896+00:00,-0.009470523437309544,False
2024-11-02 13:22:07.694400+00:00,-0.011094128883798446,False
2024-11-02 13:22:07.697856+00:00,0.0003249883416680388,False
2024-11-03 11:23:32.408160+00:00,-0.03173934280941551,False
2024-11-03 12:57:55.464192+00:00,0.0041647229826751175,False
2024-11-03 14:32:18.503808+00:00,-0.001248965234468052,False
2024-11-03 22:24:13.394304+00:00,-0.012078957571395918,False
2024-11-04 12:33:39.143808+00:00,-0.012573007811214537,False
2024-11-04 14:08:01.919040+00:00,0.0077263004623263735,False
2024-11-04 15:42:24.669216+00:00,-0.000898598981494015,False
2024-11-04 21:59:55.507488+00:00,-0.0013997528299242445,False
2024-11-05 04:17:26.118528+00:00,-0.000392339593543109,False
2024-11-05 12:09:18.952704+00:00,-0.008794335284955851,False
2024-11-05 12:09:18.954432+00:00,-7.821337876063934e-05,False
2024-11-05 21:35:33.804384+00:00,0.003908041141696905,False
2024-11-06 07:01:48.109152+00:00,-0.005669840565954792,False
2024-11-06 11:44:55.015296+00:00,-0.0005003564877070488,False
2024-11-06 13:19:17.295456+00:00,0.001089815646132813,False
2024-11-06 14:53:39.546240+00:00,-0.0007008105795635149,False
2024-11-06 21:11:08.381760+00:00,0.0012586910410822133,False
2024-11-07 05:02:59.119008+00:00,0.0031631621535212484,False
2024-11-07 14:29:11.438304+00:00,-0.0019358825747619046,False
2024-11-08 03:04:07.054752+00:00,0.00756491772214328,False
2024-11-08 10:55:56.270496+00:00,-0.0068730471196666795,False
2024-11-08 14:04:39.857088+00:00,0.002110303908679105,False
2024-11-09 05:48:16.931232+00:00,-0.0014636933340120006,False
2024-11-09 10:31:21.713664+00:00,0.0007976180353977194,False
2024-11-09 13:40:04.785312+00:00,-0.030883178648559398,False
2024-11-10 05:23:39.338304+00:00,0.037198320468711854,False
2024-11-10 11:41:04.707456+00:00,0.002464187083684448,False
2024-11-10 13:15:26.016480+00:00,0.010499611069476064,False
2024-11-11 04:58:58.357632+00:00,0.017859273285920185,False
2024-11-11 08:07:40.653408+00:00,0.008055468333875035,False
2024-11-11 12:50:43.994688+00:00,0.007396901731400465,False
2024-11-12 04:34:14.465280+00:00,0.034997293259779835,False
2024-11-12 10:51:38.334528+00:00,-0.001723278197696125,False
2024-11-13 02:35:07.352736+00:00,0.01632882252765204,False
2024-11-13 07:18:09.842112+00:00,-0.0013285771968888603,False
2024-11-13 08:52:35.815008+00:00,4.241098383861251,False
2024-11-14 10:03:31.475520+00:00,0.00713269871088873,False
2024-11-15 04:56:41.715168+00:00,0.008480124657119656,False
2024-11-15 09:39:59.078304+00:00,0.00325902860109617,False
2024-11-16 02:58:41.985120+00:00,0.00024831989459112025,False
2024-11-16 06:07:33.321792+00:00,0.01705688220947465,False
2024-11-16 09:16:24.607488+00:00,0.00036548187380036623,False
2024-11-16 15:34:07.068288+00:00,0.007132062672501861,False
2024-11-17 02:35:06.076608+00:00,0.012889403975511166,False
2024-11-17 15:10:30.220608+00:00,0.006691510921976514,False
2024-11-18 03:45:53.903232+00:00,0.014289436587279353,False
2024-11-18 08:29:10.166496+00:00,0.005597251437262606,False
2024-11-18 14:46:51.740832+00:00,0.004018742720453283,False
2024-11-18 22:38:58.509600+00:00,0.004017126145505638,False
2024-11-19 04:56:39.769440+00:00,0.003478440704954733,False
2024-11-19 08:05:30.360480+00:00,0.0031568208584246554,False
2024-11-19 22:15:17.510400+00:00,0.003050767219185818,False
2024-11-20 04:32:58.288128+00:00,0.01728124355317589,False
2024-11-20 12:25:03.978624+00:00,-0.0021932578621118234,False
2024-11-20 15:33:54.176544+00:00,0.0004887690598395014,False
2024-11-20 21:51:34.500672+00:00,0.009132776721168974,False
2024-11-21 04:09:14.630400+00:00,-0.001351972000057211,False
2024-11-21 07:18:04.639968+00:00,0.0012394666136889589,False
2024-11-21 21:27:49.244544+00:00,0.0029000380350363703,False
2024-11-22 03:45:28.778976+00:00,-0.001204096722239402,False
2024-11-22 06:54:18.481824+00:00,-0.0013542366839562892,False
2024-11-22 22:38:26.427552+00:00,0.004221875358516092,False
2024-11-23 04:56:05.250048+00:00,0.003268125889001189,False
2024-11-23 06:30:29.933856+00:00,6.700619947280426e-05,False
2024-11-23 22:14:36.141216+00:00,0.004838238290008387,False
2024-11-24 02:57:49.765824+00:00,-0.0009251390674070922,False
2024-11-24 06:06:38.775744+00:00,0.000350977730433983,False
2024-11-24 20:16:18.826176+00:00,0.005102748602634613,False
2024-11-24 21:50:43.240416+00:00,0.00194972370904916,False
2024-11-25 02:33:56.319840+00:00,0.0018304226376746335,False
2024-11-25 05:42:44.976384+00:00,-0.007357791341425043,False
2024-11-25 19:52:23.364480+00:00,0.01264212680782642,False
2024-11-25 23:01:11.746272+00:00,-0.0041879263944588005,False
2024-11-26 03:44:24.207072+00:00,0.0005914935795087381,False
2024-11-26 05:18:48.318048+00:00,-0.0028912813411112077,False
2024-11-26 21:02:48.975072+00:00,0.012968441434193165,False
2024-11-27 03:20:24.873792+00:00,0.00018207871657731356,False
2024-11-27 11:12:24.501600+00:00,0.004086839074372552,False
2024-11-27 19:04:23.843424+00:00,-0.0013376295111645273,False
2024-11-27 22:13:11.476992+00:00,0.0031973285832021213,False
2024-11-28 02:56:22.819776+00:00,-0.001702817689506135,False
2024-11-28 04:30:46.568736+00:00,-0.005578330932203954,False
2024-11-28 20:14:43.567584+00:00,0.005941565752840008,False
2024-11-28 21:49:07.174848+00:00,0.0027058700424786534,False
2024-11-29 02:32:17.980224+00:00,-0.00272860227981871,False
2024-11-29 04:06:41.561568+00:00,-0.00010236261284273657,False
2024-11-29 19:50:36.774528+00:00,0.005863329523601121,False
2024-11-29 21:25:00.200352+00:00,-0.0007933957531435672,False
2024-11-30 03:42:33.860448+00:00,0.0009531356983105074,False
2024-11-30 19:26:27.189888+00:00,0.010047357981106952,False
2024-11-30 21:00:50.436864+00:00,-0.002291528368903867,False
2024-12-01 03:18:23.400576+00:00,0.0027011866321248953,False
2024-12-01 22:11:01.286880+00:00,0.006237151720564313,False
2024-12-01 22:11:01.287744+00:00,-0.000129380023101394,False
2024-12-02 02:54:10.521504+00:00,0.001081160044666355,False
2024-12-02 18:38:00.696480+00:00,0.008708741319255545,False
2024-12-02 21:46:46.578720+00:00,-0.004139787906587797,False
2024-12-03 00:55:32.456640+00:00,0.0018472295739295728,False
2024-12-03 07:13:04.094976+00:00,0.0003322178149853458,False
2024-12-03 15:04:58.445472+00:00,0.009228067004497582,False
2024-12-03 16:39:21.276864+00:00,0.000424735090388359,False
2024-12-03 22:56:52.551456+00:00,0.0012938405057123861,False
2024-12-04 06:48:46.400832+00:00,0.0006690040912612494,False
2024-12-04 14:40:40.017792+00:00,0.002784950403822352,False
2024-12-04 19:23:48.093792+00:00,0.004134955636245677,False
2024-12-04 22:32:33.403200+00:00,-0.004687812481808922,False
2024-12-05 00:06:56.056608+00:00,-4.06344957277786e-05,False
2024-12-05 06:24:26.563104+00:00,-6.337445504548539e-05,False
2024-12-05 18:59:27.165696+00:00,0.00532337389300748,False
2024-12-05 22:08:12.244416+00:00,0.0032510054593091857,False
2024-12-05 23:42:34.764768+00:00,-0.0011872050532225863,False
2024-12-06 15:26:19.537152+00:00,0.005195957940999765,False
2024-12-06 20:09:26.819136+00:00,0.0029938352506968594,False
2024-12-06 21:43:49.228896+00:00,0.0010632029657815971,False
2024-12-06 23:18:11.634336+00:00,0.0002584904213626029,False
2024-12-07 05:35:41.161920+00:00,0.0005191434555356367,False
2024-12-07 13:27:32.880672+00:00,-0.00040896407010850705,False
2024-12-07 19:45:02.113632+00:00,0.003855707166250711,False
2024-12-07 21:19:24.405888+00:00,0.002208369837182667,False
2024-12-07 22:53:46.685184+00:00,-0.00016796436700895062,False
2024-12-08 05:11:15.726336+00:00,0.004063525689183577,False
2024-12-08 13:03:06.835968+00:00,0.003221292526726087,False
2024-12-08 19:20:35.580768+00:00,0.00527080135533833,False
2024-12-08 20:54:57.751200+00:00,-0.00032528707324283243,False
2024-12-08 22:29:19.904352+00:00,-0.0006201646342253878,False
2024-12-09 04:46:48.453024+00:00,0.00417373190326735,False
2024-12-09 14:13:01.008192+00:00,0.007924049137571353,False
2024-12-09 18:56:07.175616+00:00,0.004545571212623976,False
2024-12-09 20:30:29.217312+00:00,-0.0008887639880383515,False
2024-12-09 22:04:51.253824+00:00,0.0024297099055898812,False
2024-12-10 13:48:31.084992+00:00,0.014252694507812608,False
2024-12-10 20:05:58.807680+00:00,0.0038608463722561333,False
2024-12-10 21:40:20.715456+00:00,0.0035549760721666794,False
2024-12-11 03:57:48.277440+00:00,0.0041346004805122155,False
2024-12-11 13:23:59.380224+00:00,0.005768711777321439,False
2024-12-11 21:15:48.451680+00:00,0.009087195454741043,False
2024-12-12 03:33:15.575616+00:00,0.004137972308834219,False
2024-12-12 12:59:26.014848+00:00,0.0016187174647006239,False
2024-12-12 14:33:47.743776+00:00,0.005962493160849454,False
2024-12-12 20:51:14.560128+00:00,0.0026080758608279103,False
2024-12-13 03:08:41.275392+00:00,0.005573566228383713,False
2024-12-13 12:34:51.132288+00:00,0.0078047702833118834,False
2024-12-13 14:09:12.739392+00:00,-0.002197559046986902,False
2024-12-13 18:52:17.554656+00:00,0.0015421659614048878,False
2024-12-14 02:44:05.434656+00:00,0.004524640109000992,False
2024-12-14 13:44:36.154752+00:00,0.0064224386298038436,False
2024-12-14 20:02:02.111424+00:00,0.0013168997884089595,False
2024-12-15 13:19:57.766944+00:00,0.009385840710718213,False
2024-12-15 19:37:23.191392+00:00,0.0008062120963613917,False
2024-12-16 01:54:48.508704+00:00,0.006192320889541435,False
2024-12-16 12:55:17.452416+00:00,0.01248279641765733,False
2024-12-16 14:29:38.687136+00:00,-0.004090211059404318,False
2024-12-16 19:12:42.361056+00:00,0.0008786495665230043,False
2024-12-17 01:30:07.173792+00:00,0.008661406699467064,False
2024-12-17 12:30:35.205120+00:00,0.009255344682079059,False
2024-12-17 14:04:56.307648+00:00,-0.0021501920971700086,False
2024-12-17 18:47:59.576352+00:00,0.001007317952278354,False
2024-12-18 01:05:23.828352+00:00,0.008293962273692987,False
2024-12-18 13:40:11.851104+00:00,0.011363359526765843,False
2024-12-18 15:14:32.812800+00:00,0.0005055969171094583,False
2024-12-19 00:40:38.438688+00:00,0.006163632387697335,False
2024-12-19 06:58:02.006400+00:00,0.00523480257069666,False
2024-12-19 13:15:25.448832+00:00,0.009271838773689187,False
2024-12-19 17:58:27.947712+00:00,0.0007462481463884237,False
2024-12-21 14:01:37.483104+00:00,3.0381372818894405,False
2024-12-21 17:10:26.068800+00:00,0.000498408847411598,False
2024-12-22 05:45:40.074624+00:00,0.003759339952132762,False
2024-12-22 12:03:16.867584+00:00,0.004415206987955847,False
2024-12-22 13:37:41.043360+00:00,0.0018573465721639457,False
2024-12-22 16:46:29.355168+00:00,0.0011538039653677216,False
2024-12-23 05:21:42.236928+00:00,0.0065228582404435465,False
2024-12-23 13:13:42.424608+00:00,-0.0002727556304160175,False
2024-12-23 14:48:06.455232+00:00,0.0075186150929495744,False
2024-12-23 16:22:30.465120+00:00,0.001551598147078186,False
2024-12-24 04:57:42.104448+00:00,0.003343191730931866,False
2024-12-24 12:49:41.523168+00:00,-0.0026234853311280365,False
2024-12-24 14:24:05.373216+00:00,0.001792955246186282,False
2024-12-24 15:58:29.222400+00:00,0.0022392882681000204,False
2024-12-25 04:33:39.594240+00:00,0.009822236353538627,False
2024-12-25 12:25:38.193888+00:00,1.3635943766791836e-05,False
2024-12-25 14:00:01.888416+00:00,0.00245424415863537,False
2024-12-26 05:43:58.203840+00:00,0.010588480236425807,False
2024-12-26 12:01:32.438496+00:00,0.0003301337553213504,False
2024-12-26 13:35:55.976640+00:00,-0.001714626465661305,False
2024-12-27 05:19:50.739456+00:00,0.007443426122849442,False
2024-12-27 13:11:47.718240+00:00,0.001007812265745242,False
2024-12-27 19:29:21.120000+00:00,0.00418903893511955,False
2024-12-28 04:55:40.902528+00:00,0.004267896712503376,False
2024-12-28 12:47:37.070880+00:00,0.0010284560205526053,False
2024-12-28 19:05:09.810816+00:00,0.0019485041904472797,False
2024-12-29 04:31:28.599744+00:00,0.004350127440059019,False
2024-12-29 12:23:23.897184+00:00,-0.0025274488818632923,False
2024-12-29 18:40:55.911360+00:00,-0.0002113392654509924,False
2024-12-30 04:07:13.570176+00:00,-0.0037341377096536538,False
2024-12-30 10:24:45.073728+00:00,-0.0027274343464315162,False
2024-12-30 11:59:07.922400+00:00,-0.0007554546758060596,False
2024-12-30 18:16:39.190944+00:00,-0.001802431970157517,False
2025-01-01 09:36:27.145152+00:00,1.9600167109564932,False
2025-01-01 17:28:31.516320+00:00,9.594020894986705e-05,False
2025-01-02 07:38:14.279712+00:00,-0.027915060012525833,False
2025-01-02 10:47:03.605856+00:00,0.0008157521379319708,False
2025-01-03 10:23:12.121152+00:00,0.02816646343927348,False
2025-01-03 16:40:49.968192+00:00,0.00850516883843954,False
2025-01-04 05:16:05.119680+00:00,-0.004945242373294065,False
2025-01-04 09:59:18.124800+00:00,0.00265141769418974,False
2025-01-04 16:16:55.232256+00:00,0.008133255943143167,False
2025-01-05 04:52:08.937408+00:00,-0.01638664237668755,False
2025-01-05 09:35:21.338592+00:00,-0.0006320987790037723,False
2025-01-05 15:52:57.719424+00:00,0.004463406180691569,False
2025-01-06 06:02:33.895680+00:00,-0.006340669131465984,False
2025-01-06 09:11:21.818688+00:00,-0.0018345431720414307,False
2025-01-06 15:28:57.517824+00:00,-0.0008404792744622358,False
2025-01-06 23:20:56.940864+00:00,0.00016291263836878261,False
2025-01-07 05:38:32.282304+00:00,-0.000247247344486598,False
2025-01-07 08:47:19.908096+00:00,0.00025833360800855444,False
2025-01-07 15:04:55.029216+00:00,-0.00018437029251819337,False
2025-01-07 22:56:53.741184+00:00,0.0015058541170239123,False
2025-01-08 05:14:28.549536+00:00,0.0016491376053385937,False
2025-01-08 08:23:15.904896+00:00,0.0013037628900026306,False
2025-01-08 22:32:48.594048+00:00,0.01025903559957899,False
2025-01-09 07:59:10.000032+00:00,-0.002699682412682522,False
2025-01-09 22:08:41.617824+00:00,0.0013620204727118682,False
2025-01-10 04:26:15.458496+00:00,0.0015340360478405465,False
2025-01-10 07:35:02.312736+00:00,0.004241160203809458,False
2025-01-10 21:44:32.736480+00:00,-0.0029084984596316338,False
2025-01-10 23:18:56.077632+00:00,0.0012192604057824942,False
2025-01-11 07:10:52.631328+00:00,-0.00552215896918791,False
2025-01-11 21:20:21.967296+00:00,0.007974439971700907,False
2025-01-12 03:37:54.810048+00:00,0.002237936167957727,False
2025-01-12 06:46:41.196864+00:00,0.0030189128404181278,False
2025-01-12 20:56:09.534048+00:00,0.005279694835803601,False
2025-01-12 22:30:32.647104+00:00,0.0009291662390872582,False
2025-01-13 04:48:05.049216+00:00,0.004604620864663487,False
2025-01-13 06:22:28.097472+00:00,-0.0055986824602682495,False
2025-01-13 20:31:55.466112+00:00,0.014477024743684438,False
2025-01-13 22:06:18.469440+00:00,0.0009424110739702707,False
2025-01-14 04:23:50.428320+00:00,0.0008825464501379492,False
2025-01-14 05:58:13.368576+00:00,-0.00409903670587539,False
2025-01-14 21:42:02.586240+00:00,0.008875109034036238,False
2025-01-15 03:59:34.073376+00:00,0.007810911424721213,False
2025-01-15 21:17:44.916288+00:00,0.013491916060499515,False
2025-01-16 03:35:15.934272+00:00,0.006879830533411579,False
2025-01-16 20:53:25.489824+00:00,0.009816861869976157,False
2025-01-16 22:27:48.125088+00:00,-0.002862690474082245,False
2025-01-17 03:10:56.014464+00:00,0.008052804155953865,False
2025-01-18 09:04:44.436576+00:00,1.7691557162170837,False
2025-01-18 18:31:11.725536+00:00,0.009624153094912692,False
2025-01-18 20:05:36.260736+00:00,0.004831821729265445,False
2025-01-18 21:40:00.785568+00:00,0.0026251698070123754,False
2025-01-19 02:23:14.288352+00:00,0.005371086153094506,False
2025-01-19 08:40:52.182048+00:00,0.005074962138601931,False
2025-01-19 21:16:07.527072+00:00,0.012793726902213212,False
2025-01-19 22:50:31.906752+00:00,0.0021867197689536197,False
2025-01-20 01:59:20.649696+00:00,0.005547397263201016,False
2025-01-20 20:52:12.224352+00:00,0.02470335159464669,False
2025-01-20 22:26:36.466656+00:00,0.0026849134770714177,False
2025-01-21 01:35:24.926208+00:00,0.004725738456148966,False
2025-01-21 20:28:14.777184+00:00,0.017936279973513672,False
2025-01-21 22:02:38.877792+00:00,0.0009022828576226681,False
2025-01-22 01:11:27.053088+00:00,0.0033183359647679135,False
2025-01-23 14:57:02.208672+00:00,0.029144793549440995,False
2025-01-23 21:14:37.601088+00:00,0.004857445864357844,False
2025-01-23 22:49:01.408800+00:00,-0.0012990478597882087,False
2025-01-24 00:23:25.221696+00:00,0.0010923960552809264,False
2025-01-24 06:41:00.381696+00:00,0.005619924714703788,False
2025-01-24 14:32:59.120448+00:00,0.0031728946587611523,False
2025-01-24 20:50:33.970272+00:00,0.0033224288690302216,False
2025-01-24 23:59:21.345504+00:00,0.005495292545951911,False
2025-01-25 06:16:55.988832+00:00,0.0005488446426697401,False
2025-01-25 14:08:54.109824+00:00,0.0023726927637499062,False
2025-01-25 20:26:28.468896+00:00,0.0019956967301758208,False
2025-01-25 22:00:52.028640+00:00,0.003107382826520892,False
2025-01-25 23:35:15.590976+00:00,0.00023176667616970226,False
2025-01-26 13:44:47.328864+00:00,0.0008434023362169779,False
2025-01-26 20:02:21.234336+00:00,-0.0017955209230890654,False
2025-01-26 21:36:44.692128+00:00,0.0018683577357063753,False
2025-01-27 19:38:12.336576+00:00,-0.004574906584050992,False
2025-01-28 05:04:58.836576+00:00,1.1208906697411358,False
2025-01-28 19:14:40.537248+00:00,-0.010809290227497693,False
2025-01-28 20:49:05.126880+00:00,-0.005608773077264756,False
2025-01-29 04:41:08.038752+00:00,-0.0029079769524043564,False
2025-01-29 12:33:10.703520+00:00,-0.005237338157520317,False
2025-01-29 14:07:35.218848+00:00,0.005011171706950866,False
2025-01-29 20:25:13.195488+00:00,-0.002632472444632609,False
2025-01-29 21:59:37.660704+00:00,-0.001370941406464929,False
2025-01-30 13:43:41.921472+00:00,-0.002300683703026947,False
2025-01-30 20:01:19.425504+00:00,0.0005590334280904455,False
2025-01-31 13:19:46.896960+00:00,0.004292781271606011,False
2025-01-31 14:54:11.160000+00:00,-0.0004695001230679329,False
2025-01-31 19:37:23.935296+00:00,-0.002053580032680774,False
2025-01-31 21:11:48.143040+00:00,-0.0007015490676020699,False
2025-02-01 11:21:25.888320+00:00,0.00993818872001144,False
2025-02-01 14:30:14.177664+00:00,0.0026348499582314715,False
2025-02-01 19:13:26.540832+00:00,0.004130028050050305,False
2025-02-01 20:47:50.622432+00:00,-0.0006283603384558013,False
2025-02-02 12:31:51.057408+00:00,0.011770742287199112,False
2025-02-02 14:06:15.035328+00:00,-0.0008163767017507761,False
2025-02-02 18:49:26.908608+00:00,-8.898173054790529e-05,False
2025-02-02 20:23:50.871840+00:00,-0.001976243938728181,False
2025-02-03 12:07:49.857024+00:00,0.013283205400352771,False
2025-02-03 13:42:13.697568+00:00,0.002483356634830257,False
2025-02-03 18:25:25.190688+00:00,-0.0005100561272445257,False
2025-02-03 19:59:48.996672+00:00,0.0011632554383291856,False
2025-02-04 10:09:22.875552+00:00,0.004396853611182444,False
2025-02-04 11:43:46.594272+00:00,0.0005798873846557945,False
2025-02-04 14:52:34.004064+00:00,-0.002304609953181439,False
2025-02-04 19:35:45.059136+00:00,9.816985062074957e-05,False
2025-02-05 12:54:04.960224+00:00,0.015002193154345825,False
2025-02-05 14:28:28.535520+00:00,-0.0003094910296734237,False
2025-02-05 17:37:15.665376+00:00,0.0010464885738002624,False
2025-02-06 14:04:21.131616+00:00,0.010166715672792051,False
2025-02-06 17:13:08.010048+00:00,0.0009429179527838186,False
2025-02-07 10:31:25.116096+00:00,0.001338516550357216,False
2025-02-07 23:06:31.472928+00:00,-0.0016068149138526305,False
2025-02-08 13:16:00.554880+00:00,0.003180604448947036,False
2025-02-08 16:24:46.939104+00:00,0.002240733729411715,False
2025-02-08 22:42:19.607328+00:00,0.006334008986588532,False
2025-02-09 12:51:47.639520+00:00,0.003002914465195121,False
2025-02-09 14:26:10.718016+00:00,0.0004014249380486258,False
2025-02-09 16:00:33.785280+00:00,-0.00015083765353606903,False
2025-02-09 22:18:05.955840+00:00,-0.0037712392394893338,False
2025-02-10 06:10:00.940512+00:00,-0.004964319890402864,False
2025-02-10 12:27:32.828544+00:00,0.011110996103004384,False
2025-02-10 15:36:18.711648+00:00,0.00024277631126672083,False
2025-02-11 13:37:38.928288+00:00,0.009901076180865054,False
2025-02-11 15:12:01.744128+00:00,-0.00010625247382710454,False
2025-02-12 05:21:26.690976+00:00,0.0025702407287152285,False
2025-02-12 13:13:20.285472+00:00,0.0011368299743698754,False
2025-02-12 14:47:42.983808+00:00,-0.00015732561644986667,False
2025-02-13 04:57:06.924096+00:00,0.007573037653419448,False
2025-02-13 12:48:59.944896+00:00,-0.00014782325170937388,False
2025-02-14 04:32:45.413664+00:00,0.00967795778418587,False
2025-02-14 12:24:37.796832+00:00,0.0031707037952567393,False
2025-02-14 13:59:00.254112+00:00,0.0008100329323592077,False
2025-02-14 20:16:29.976096+00:00,-0.000340038693464665,False
2025-02-15 12:00:13.608000+00:00,0.004238439795377233,False
2025-02-15 13:34:35.927040+00:00,0.002088589897462221,False
2025-02-16 03:43:56.321472+00:00,0.003924818299826702,False
2025-02-16 11:35:47.304960+00:00,0.004020032750913394,False
2025-02-16 13:10:09.471936+00:00,0.0024019371872214448,False
2025-02-17 04:53:50.590464+00:00,-0.003455073031815886,False
2025-02-17 12:45:40.791168+00:00,0.0034515141202855065,False
2025-02-17 19:03:08.751456+00:00,-0.0010368765092959448,False
2025-02-18 04:29:20.402880+00:00,-0.0008304783942763364,False
2025-02-18 09:12:26.079552+00:00,-0.0037746785087905965,False
2025-02-18 12:21:09.835488+00:00,0.007445434506033136,False
2025-02-18 18:38:37.213440+00:00,-0.001402323754816335,False
2025-02-19 04:05:03.209856+00:00,2.416571426764878,False
2025-02-19 11:57:06.170112+00:00,-0.03973093215695462,False
2025-02-19 18:14:44.735136+00:00,-0.003093682607283821,False
2025-02-20 05:15:36.851328+00:00,-0.0007355593522124296,False
2025-02-20 09:58:50.469024+00:00,-0.0005200964473093851,False
2025-02-21 04:51:44.153568+00:00,0.007111291181117821,False
2025-02-21 11:09:21.756960+00:00,-0.0013623027340997317,False
2025-02-22 02:53:25.132992+00:00,0.005257385530316169,False
2025-02-22 10:45:26.449920+00:00,-0.00456354982779552,False
2025-02-22 23:20:40.114464+00:00,0.009067216510854195,False
2025-02-23 04:03:52.575264+00:00,0.003757943415665054,False
2025-02-23 10:21:29.036448+00:00,-0.004353282170174978,False
2025-02-23 22:56:41.529408+00:00,0.007877705340557165,False
2025-02-24 05:14:17.494656+00:00,-0.0048441604720045744,False
2025-02-24 09:57:29.374848+00:00,0.005605467485084396,False
2025-02-24 22:32:40.602912+00:00,0.01875132192194215,False
2025-02-25 04:50:15.874368+00:00,-0.004450236926497701,False
2025-02-25 09:33:27.224064+00:00,-0.0022178504483715174,False
2025-02-25 22:08:37.043808+00:00,0.00825758752943305,False
2025-02-26 04:26:11.643936+00:00,-0.0073859225084077565,False
2025-02-26 07:34:58.880928+00:00,-0.0009041746487097845,False
2025-02-26 13:52:33.220128+00:00,-0.0008138134172660655,False
2025-02-26 21:44:30.933312+00:00,0.003502975233426138,False
2025-02-27 04:02:04.820640+00:00,-0.008978831086577044,False
2025-02-27 13:28:25.328064+00:00,-0.0023322457589630627,False
2025-02-27 21:20:22.046784+00:00,-0.005281509942048901,False
2025-02-28 03:37:55.332768+00:00,0.0035526428357170875,False
2025-02-28 06:46:41.837088+00:00,-0.0030799719887206027,False
2025-02-28 13:04:14.791296+00:00,0.008830669637030539,False
2025-02-28 22:30:33.911136+00:00,-0.00030016059346420904,False
2025-03-01 04:48:06.448896+00:00,0.0010490946094107167,False
2025-03-01 06:22:29.555904+00:00,3.9340425645739696e-05,False
2025-03-01 20:31:56.948736+00:00,-0.009605705525364758,False
2025-03-02 02:49:28.999200+00:00,0.008339453778082439,False
2025-03-02 05:58:14.923776+00:00,0.0015296925704877413,False
2025-03-02 20:07:41.299680+00:00,0.006921090115668702,False
2025-03-02 21:42:04.199328+00:00,0.005300218586984603,False
2025-03-03 03:59:35.689920+00:00,-0.0018866283632312068,False
2025-03-03 05:33:58.534272+00:00,-0.0027122504172078666,False
2025-03-03 19:43:23.889792+00:00,-0.0014795703567014734,False
2025-03-03 21:17:46.686624+00:00,0.0061785996938565875,False
2025-03-04 05:09:40.490208+00:00,-0.0014141137003004234,False
2025-03-04 20:53:27.523680+00:00,0.006372464375319145,False
2025-03-04 22:27:50.187456+00:00,0.0033374887630425653,False
2025-03-05 04:45:20.756160+00:00,-0.005377974933354783,False
2025-03-05 11:02:51.180576+00:00,0.0013555315153183471,False
2025-03-05 20:29:06.544608+00:00,0.005924217424097718,False
2025-03-05 22:03:29.110752+00:00,0.005027825608735265,False
2025-03-06 02:46:36.666624+00:00,0.001274068540995342,False
2025-03-06 04:20:59.170560+00:00,0.0011658831900096646,False
2025-03-06 10:38:29.116320+00:00,-0.00036139152662533966,False
2025-03-07 03:56:35.856096+00:00,0.003795804264958222,False
2025-03-07 19:40:38.214336+00:00,1.4885802659381764,False
2025-03-08 03:32:38.930784+00:00,0.00010881835811337587,False
2025-03-08 19:16:39.739008+00:00,-0.0020289652063721214,False
2025-03-09 03:08:39.885216+00:00,0.002898241864301959,False
2025-03-09 18:52:39.315360+00:00,-0.013215486737904347,False
2025-03-09 20:27:03.238848+00:00,0.006510086187144263,False
2025-03-09 22:01:27.126048+00:00,-0.0013471009320743747,False
2025-03-10 02:44:38.757408+00:00,-0.0015748071892427162,False
2025-03-10 20:03:00.794304+00:00,0.0039884732193035816,False
2025-03-10 21:37:24.564864+00:00,-0.0017705469738739914,False
2025-03-11 02:20:35.849760+00:00,-0.0022187963075141377,False
2025-03-11 08:38:10.805856+00:00,0.0055770540614063085,False
2025-03-11 21:13:20.345664+00:00,-0.006652907912785486,False
2025-03-11 22:47:44.009952+00:00,-2.1324450624845247e-05,False
2025-03-12 01:56:31.306560+00:00,-0.000853708106080953,False
2025-03-12 08:14:05.780544+00:00,-0.002246386922414214,False
2025-03-12 20:49:14.251584+00:00,-0.006374338901914647,False
2025-03-12 22:23:37.770720+00:00,0.0003494713213052659,False
2025-03-13 01:32:24.765792+00:00,-0.0009957303159826153,False
2025-03-13 07:49:58.619424+00:00,-0.010517371202383892,False
2025-03-13 20:25:05.847168+00:00,0.007446925517177808,False
2025-03-13 21:59:29.215968+00:00,0.0010907903056803243,False
2025-03-14 15:17:45.497760+00:00,-0.002563426052316395,False
2025-03-14 21:35:18.362112+00:00,-0.0034008100009815245,False
2025-03-15 00:44:04.754976+00:00,0.0007622110946415711,False
2025-03-15 13:19:09.895296+00:00,0.003323786808712842,False
2025-03-15 14:53:32.985888+00:00,-0.0013690548919229623,False
2025-03-15 21:11:05.247168+00:00,-0.005004323541159671,False
2025-03-15 22:45:28.289376+00:00,-0.0016367889740618521,False
2025-03-16 00:19:51.330720+00:00,-0.0008455839500147687,False
2025-03-16 12:54:55.262304+00:00,-0.0036614250862141706,False
2025-03-16 20:46:49.866816+00:00,-0.007035712015206232,False
2025-03-16 22:21:12.751776+00:00,-0.002003862637907035,False
2025-03-17 04:38:44.218176+00:00,-0.0040616019896362356,False
2025-03-17 14:05:01.106304+00:00,-0.004462959986830606,False
2025-03-17 18:48:09.388800+00:00,-0.0033884596950208255,False
2025-03-17 21:56:54.821760+00:00,-0.008220296216704125,False
2025-03-17 23:31:17.538240+00:00,0.00010722051047291209,False
2025-03-18 12:06:18.838944+00:00,-0.0037288954504537813,False
2025-03-18 13:40:41.431008+00:00,-0.0029569561136308826,False
2025-03-18 19:58:11.729280+00:00,-0.011462499239808958,False
2025-03-21 12:38:38.277888+00:00,14.137730826626129,False
2025-03-21 18:57:16.864992+00:00,0.0014242811502044976,False
2025-03-22 02:50:34.797984+00:00,-0.007333724898396232,False
2025-03-22 12:18:31.920480+00:00,-0.024818341666508002,False
2025-03-22 13:53:11.397696+00:00,-0.002193012113085701,False
2025-03-22 20:11:49.106112+00:00,-0.019190172641167062,False
2025-03-23 11:58:22.732608+00:00,-0.008866775476351216,False
2025-03-23 13:33:02.029248+00:00,-0.0027957970203176903,False
2025-03-23 19:51:39.141504+00:00,-0.006941479428962626,False
2025-03-24 13:12:50.403168+00:00,-0.008643340761156387,False
2025-03-24 19:31:26.914944+00:00,-0.008665113575259252,False
2025-03-25 11:17:57.526080+00:00,-0.01164229340981085,False
2025-03-25 14:27:15.538752+00:00,-0.002336081421651792,False
2025-03-25 17:36:33.509952+00:00,-0.005499757615165581,False
2025-03-26 01:29:48.251328+00:00,-0.006447934827920679,False
2025-03-26 12:32:20.463648+00:00,-0.005802040752409504,False
2025-03-26 14:06:59.312736+00:00,-0.0016167047921576945,False
2025-03-26 18:50:55.747680+00:00,-0.015829889190740392,False
2025-03-27 01:09:30.910752+00:00,0.0013485553104124193,False
2025-03-27 12:12:02.078496+00:00,0.0015513989402554315,False
2025-03-27 18:30:36.817344+00:00,-0.003729337618698092,False
2025-03-28 10:17:03.059232+00:00,0.0026520986231255567,False
2025-03-28 16:35:37.328064+00:00,-0.002608456385541094,False
2025-03-29 08:22:02.477856+00:00,0.00015392851075586578,False
2025-03-29 17:49:53.207616+00:00,-0.0014090243591129564,False
2025-03-30 12:45:33.947424+00:00,0.002811314626004535,False
2025-03-30 14:20:12.300576+00:00,-0.0002995648625611514,False
2025-03-30 17:29:28.977504+00:00,-0.0018671290150479823,False
2025-03-30 22:13:23.957472+00:00,0.003082733060687041,False
2025-03-31 12:25:08.500800+00:00,0.002472883236164701,False
2025-03-31 13:59:46.753728+00:00,-0.0002142000288107215,False
2025-03-31 15:34:24.999744+00:00,0.000901027765454655,False
2025-04-01 04:11:30.706080+00:00,0.0033524084253911887,False
2025-04-01 12:04:41.560320+00:00,0.002943877011426628,False
2025-04-01 13:39:19.714752+00:00,-0.0003547341400027774,False
2025-04-01 21:32:30.373728+00:00,0.0011859302723324118,False
2025-04-02 05:25:40.857312+00:00,0.0014929357016396222,False
2025-04-02 13:18:51.181056+00:00,0.0055780330327106845,False
2025-04-02 14:53:29.225760+00:00,0.0008859477808190533,False
2025-04-02 21:12:01.287936+00:00,0.0036871408187422877,False
2025-04-03 05:05:11.186592+00:00,-0.00435815129082414,False
2025-04-03 12:58:20.919360+00:00,0.0099646660900291,False
2025-04-03 14:32:58.840512+00:00,0.00011269338334889134,False
2025-04-04 04:44:39.780960+00:00,0.004932441475350824,False
2025-04-04 12:37:48.961632+00:00,0.013387825686200353,False
2025-04-04 14:12:26.776512+00:00,0.001575519752704915,False
2025-04-05 05:58:44.346432+00:00,8.114990186955384e-05,False
2025-04-05 12:17:15.202464+00:00,0.012549271825857963,False
2025-04-05 13:51:52.889472+00:00,0.001025916273923194,False
2025-04-06 05:38:09.268800+00:00,0.008363593489361387,False
2025-04-06 11:56:39.637536+00:00,0.013231592692196766,False
2025-04-06 13:31:17.212224+00:00,0.0012504288970819474,False
2025-04-07 05:17:32.539200+00:00,0.008648480137890768,False
2025-04-07 11:36:02.509632+00:00,0.006314875042974299,False
2025-04-07 13:10:39.987552+00:00,4.171813202148711e-06,False
2025-04-07 19:29:09.842208+00:00,0.0044390605073996205,False
2025-04-08 04:56:54.425472+00:00,0.004300360466228066,False
2025-04-08 11:15:24.033024+00:00,0.0026670772076569198,False
2025-04-09 06:10:52.224096+00:00,0.009870336076235053,False
2025-04-09 12:29:21.431616+00:00,0.005465889103727115,False
2025-04-10 04:15:33.932448+00:00,0.006984822840785124,False
2025-04-10 12:08:39.955200+00:00,0.002071223071187879,False
2025-04-11 03:54:51.533280+00:00,0.008834098013240553,False
2025-04-11 11:47:57.136128+00:00,0.006509006831753185,False
2025-04-11 16:31:48.412128+00:00,0.0003354886625466912,False
2025-04-12 05:08:44.877984+00:00,0.006249125404277023,False
2025-04-12 09:52:35.968224+00:00,0.0027350449921971394,False
2025-04-12 16:11:03.991200+00:00,0.0031549452493000243,False
2025-04-13 04:47:59.702784+00:00,0.0034802467920959992,False
2025-04-13 09:31:50.493216+00:00,0.002975782438897699,False
2025-04-13 22:08:45.710592+00:00,0.014982782545965412,False
2025-04-14 06:01:50.018304+00:00,0.0056747276403461,False
2025-04-14 09:11:03.714432+00:00,0.002131932228808992,False
2025-04-14 23:22:35.029920+00:00,0.01001729270159174,False
2025-04-15 05:41:02.143968+00:00,0.0032164430126048055,False
2025-04-15 08:50:15.672480+00:00,0.00027779692048479805,False
2025-04-15 23:01:46.241472+00:00,0.006674232261372294,False
2025-04-16 02:10:59.633472+00:00,0.002850363627129343,False
2025-04-16 08:29:26.348352+00:00,-0.0024475822335172613,False
2025-04-16 21:06:19.317600+00:00,-0.03881962614209343,False
2025-04-16 22:40:55.851168+00:00,-0.004134397886019783,False
2025-04-17 04:59:22.287840+00:00,0.06098485819532809,False
2025-04-17 08:08:35.413728+00:00,0.0001840789165264388,False
2025-04-17 22:20:04.118208+00:00,0.003916665034433761,False
2025-04-18 04:38:30.050304+00:00,0.006745373078115794,False
2025-04-18 07:47:42.994752+00:00,0.0007749726051041322,False
2025-04-18 21:59:10.912992+00:00,0.001538689462218898,False
2025-04-19 04:17:36.499488+00:00,0.0006101707248311397,False
2025-04-19 05:52:12.884448+00:00,0.0004988247791884734,False
2025-04-19 07:26:49.263360+00:00,0.0007013152162545283,False
2025-04-19 21:38:16.384992+00:00,0.006301520898563812,False
2025-04-19 23:12:52.696512+00:00,0.0018531521699281612,False
2025-04-20 03:56:41.603424+00:00,-0.0024310495238103365,False
2025-04-20 07:05:54.180672+00:00,0.0009809680081155538,False
2025-04-20 21:17:20.464224+00:00,0.00962336170577957,False
2025-04-20 22:51:56.686752+00:00,0.0011655123170316705,False
2025-04-21 05:10:21.501696+00:00,-0.0030110855053042014,False
2025-04-21 06:44:57.689664+00:00,0.00013795909736985697,False
2025-04-21 20:56:23.060832+00:00,-0.0008306773523398259,False
2025-04-21 22:30:59.176224+00:00,0.0006526102254250212,False
2025-04-22 04:49:23.595456+00:00,0.0032393751950368886,False
2025-04-22 06:23:59.680608+00:00,9.88787280919827e-05,False
2025-04-22 20:35:24.154080+00:00,0.005825137269909665,False
2025-04-22 22:10:00.186528+00:00,0.0018306229118595406,False
2025-04-23 01:19:12.210816+00:00,-0.00033651264754274053,False
2025-04-23 20:14:23.840736+00:00,0.002241712979502389,False
2025-04-23 21:48:59.774688+00:00,0.0005526382181686353,False
2025-04-24 04:07:23.431008+00:00,0.0006144732836885075,False
2025-04-24 19:53:22.059456+00:00,-0.012017842096549117,False
2025-04-25 03:46:21.125280+00:00,0.001184057355942722,False
2025-04-25 21:06:54.389952+00:00,-0.013930987076575516,False
2025-04-25 22:41:30.112224+00:00,0.0009793885973295967,False
2025-04-26 03:25:17.191776+00:00,-0.005916005025909762,False
2025-04-26 09:43:39.890784+00:00,-0.00182721627479146,False
2025-04-26 20:45:49.333248+00:00,-0.009475912667462942,False
2025-04-26 22:20:24.938880+00:00,-0.0008333314785304267,False
2025-04-27 03:04:11.723808+00:00,-0.005142931349714039,False
2025-04-27 09:22:33.996000+00:00,-0.0036646456893877563,False
2025-04-27 20:24:42.700608+00:00,-0.013133543136860108,False
2025-04-27 21:59:18.199968+00:00,-0.0020193689698041516,False
2025-04-28 02:43:04.675584+00:00,-0.0038642798974341357,False
2025-04-28 20:03:34.542144+00:00,-0.008338045892645453,False
2025-04-28 21:38:09.949056+00:00,-0.0009942441220316747,False
2025-04-29 00:47:20.754240+00:00,-0.0019698356761695644,False
2025-05-01 17:27:59.434272+00:00,2.946788895404,False
2025-05-01 22:11:55.899456+00:00,0.0014466848430717046,False
2025-05-01 23:46:34.713984+00:00,7.343197448413542e-05,False
2025-05-02 07:39:48.656160+00:00,-0.007282379527877785,False
2025-05-02 21:51:37.317312+00:00,0.0004867046955552498,False
2025-05-03 01:00:54.734688+00:00,-4.092812104076332e-05,False
2025-05-03 13:38:04.164000+00:00,0.0017316606219396347,False
2025-05-03 15:12:42.804864+00:00,-0.0004366887890442936,False
2025-05-03 21:31:17.380416+00:00,0.006104422120603831,False
2025-05-04 00:40:34.632768+00:00,-0.0006190088654517804,False
2025-05-04 13:17:43.484928+00:00,0.00989710361904686,False
2025-05-04 14:52:22.067904+00:00,0.0010657187450121208,False
2025-05-04 21:10:56.362656+00:00,0.0017202630086220402,False
2025-05-05 00:20:13.480224+00:00,0.0001771546116404732,False
2025-05-05 12:57:21.792384+00:00,0.012634907258231284,False
2025-05-05 20:50:34.368576+00:00,0.008142479488751922,False
2025-05-06 04:43:46.797888+00:00,0.005268695165187052,False
2025-05-06 20:30:11.369664+00:00,0.011460445523072745,False
2025-05-06 22:04:49.795392+00:00,0.00020169043691763752,False
2025-05-07 12:16:35.493024+00:00,0.007020138688452658,False
2025-05-07 20:09:47.429856+00:00,0.00816236376822789,False
2025-05-07 21:44:25.801152+00:00,-2.1113987635004716e-05,False
2025-05-08 04:02:59.246592+00:00,0.0024421654143378206,False
2025-05-08 11:56:10.992480+00:00,0.002252166818166118,False
2025-05-08 19:49:22.632096+00:00,0.0031850498389147802,False
2025-05-08 21:24:00.948096+00:00,0.00042968578287952853,False
2025-05-09 13:10:23.877408+00:00,0.009355378633422659,False
2025-05-09 21:03:35.175744+00:00,0.001798856041322596,False
2025-05-10 12:49:57.463104+00:00,0.003659612010544884,False
2025-05-10 14:24:35.668512+00:00,-7.0703874415377e-06,False
2025-05-10 20:43:08.444352+00:00,0.0003074555975468036,False
2025-05-11 03:01:41.157120+00:00,0.0002182766863690084,False
2025-05-11 12:29:30.099264+00:00,-0.0019136442657815486,False
2025-05-11 14:04:08.239872+00:00,-0.00022195399274506106,False
2025-05-11 20:22:40.770336+00:00,0.002109774747949102,False
2025-05-12 02:41:13.239456+00:00,0.0020362662155196526,False
2025-05-12 12:09:01.826496+00:00,-0.0017625480366946708,False
2025-05-12 13:43:39.907488+00:00,-0.00046889648307119015,False
2025-05-12 20:02:12.171840+00:00,-0.003314671241752082,False
2025-05-13 02:20:44.396448+00:00,-0.00048385116694581176,False
2025-05-13 13:23:10.657536+00:00,-0.0006221302357743708,False
2025-05-13 19:41:42.692064+00:00,-0.0055312267657182425,False
2025-05-14 02:00:14.689440+00:00,0.0005366698426401886,False
2025-05-14 11:28:02.570592+00:00,-0.0019498025083762062,False
2025-05-14 13:02:40.547904+00:00,0.00268287143190877,False
2025-05-14 17:46:34.425408+00:00,-0.0011204028453524976,False
2025-05-14 19:21:12.348288+00:00,-0.004344741771678336,False
2025-05-15 12:42:09.572544+00:00,0.0034360715023987257,False
2025-05-15 14:16:47.473824+00:00,-0.000779979884916608,False
2025-05-15 19:00:41.156064+00:00,-0.0013798056928331203,False
2025-05-16 12:21:37.745280+00:00,-0.00024524968179900214,False
2025-05-16 15:30:53.439840+00:00,-0.0011364901999794015,False
2025-05-17 13:35:42.886176+00:00,-0.009891555111150772,False
2025-05-17 13:35:42.887040+00:00,-0.0009700123537600373,False
2025-05-17 16:44:58.445088+00:00,-0.0012959847542756897,False
2025-05-18 13:15:09.185760+00:00,-0.0003165535707007408,False
2025-05-18 14:49:46.905600+00:00,-0.0007304397616220387,False
2025-05-18 16:24:24.616800+00:00,-0.0009758152655678851,False
2025-05-19 12:54:34.623072+00:00,0.005761513297864965,False
2025-05-19 14:29:12.293664+00:00,-0.00037082509282820387,False
2025-05-19 16:03:49.959936+00:00,-0.00034415912138669163,False
2025-05-20 04:40:51.197664+00:00,0.0013982493314347554,False
2025-05-20 12:33:59.364000+00:00,-0.0018072361392716587,False
2025-05-20 14:08:36.990528+00:00,-9.732049182737627e-05,False
2025-05-20 15:43:14.610144+00:00,-0.00048101139773336224,False
2025-05-21 05:54:53.033760+00:00,-0.00034314496018807844,False
2025-05-21 12:13:23.364480+00:00,0.0021267136525016366,False
2025-05-21 13:48:00.941760+00:00,5.819280822292813e-05,False
2025-05-22 05:34:16.546080+00:00,-0.0031431400331927914,False
2025-05-22 13:27:24.235488+00:00,0.00054965121221923,False
2025-05-22 15:02:01.762656+00:00,-0.0006663836555098447,False
2025-05-23 05:13:39.379296+00:00,0.0007953980409223967,False
2025-05-23 13:06:46.850112+00:00,-7.748450232664648e-05,False
2025-05-23 20:59:54.251808+00:00,-0.0009171021761746577,False
2025-05-24 04:53:01.577472+00:00,0.0007876632874894013,False
2025-05-24 12:46:08.858208+00:00,0.001220244468227735,False
2025-05-24 14:20:46.305888+00:00,-0.0002000841338740205,False
2025-05-25 04:32:23.197632+00:00,0.0015405055825506372,False
2025-05-25 12:25:30.267552+00:00,-0.0006297575048822349,False
2025-05-25 14:00:07.672032+00:00,0.00013739155754361257,False
2025-05-27 13:18:48.877632+00:00,0.01757711222238141,False
2025-05-28 05:05:02.150016+00:00,0.005397839429805106,False
2025-05-28 12:58:08.711040+00:00,0.0038316512913855495,False
2025-05-29 04:44:21.630912+00:00,0.008920743025666443,False
2025-05-29 12:37:27.971616+00:00,0.0014934899581264711,False
2025-05-30 04:23:40.475040+00:00,0.012716899650007364,False
2025-05-30 10:42:09.406080+00:00,0.0070012133978320686,False
2025-05-31 04:02:58.748064+00:00,0.01400932657625626,False
2025-05-31 10:21:27.529632+00:00,0.003996650678721911,False
2025-05-31 16:39:56.263680+00:00,0.0034909756241081075,False
2025-06-01 05:16:53.614272+00:00,0.005747618590250653,False
2025-06-01 10:00:45.087264+00:00,0.0059750629701127034,False
2025-06-01 16:19:13.390176+00:00,-0.03421481310895111,False
2025-06-02 04:56:10.522176+00:00,0.04717976869791054,False
2025-06-02 09:40:01.822368+00:00,0.002355188240883854,False
2025-06-02 15:58:30.114048+00:00,-0.001796196636503284,False
2025-06-03 06:10:03.641376+00:00,0.004744902305219581,False
2025-06-03 09:19:17.697792+00:00,0.0003269012512241319,False
2025-06-03 15:37:45.767424+00:00,-0.00393846403707248,False
2025-06-04 05:49:18.914592+00:00,0.025714714894226776,False
2025-06-04 08:58:32.912256+00:00,0.0005800879363398398,False
2025-06-04 23:10:05.684448+00:00,-0.003296087160695363,False
2025-06-05 05:28:33.546720+00:00,0.004663131361525465,False
2025-06-05 08:37:47.460576+00:00,0.00049426273439113,False
2025-06-05 22:49:19.977888+00:00,0.006830096215668321,False
2025-06-06 00:23:56.903712+00:00,-5.119583775734611e-05,False
2025-06-06 03:33:10.759680+00:00,0.002197682704029958,False
2025-06-06 08:17:01.536288+00:00,0.000560922484898317,False
2025-06-06 13:00:52.276608+00:00,-0.0006806567842048564,False
2025-06-06 14:35:29.188608+00:00,-0.000150931185806565,False
2025-06-06 20:53:56.810688+00:00,0.0006126762333461423,False
2025-06-06 22:28:33.716640+00:00,0.0005537123452388402,False
2025-06-07 03:12:24.476832+00:00,0.006168820131052753,False
2025-06-07 12:40:05.702592+00:00,-0.00679116080083224,False
2025-06-07 14:14:42.573984+00:00,-0.0003806605688463356,False
2025-06-07 22:07:46.912800+00:00,0.0016497662499135469,False
2025-06-08 04:26:14.309376+00:00,-0.004397697684864629,False
2025-06-08 12:19:18.551424+00:00,0.003964807814085425,False
2025-06-08 13:53:55.389120+00:00,-0.00013478201646576014,False
2025-06-09 02:30:49.953312+00:00,-0.0027869828383023793,False
2025-06-09 05:40:03.572544+00:00,-0.0004313750681786488,False
2025-06-09 21:26:11.501952+00:00,0.00015177628275597418,False
2025-06-10 06:53:52.139328+00:00,0.00023639431733334104,False
2025-06-10 21:05:22.950240+00:00,0.00046720290327154773,False
2025-06-10 22:39:59.699808+00:00,0.0006392548109132171,False
2025-06-11 04:58:26.639328+00:00,-0.0022149232411572527,False
2025-06-11 11:16:53.565888+00:00,0.0029303123804169558,False
2025-06-11 20:44:33.881856+00:00,0.00016641239905650952,False
2025-06-11 22:19:10.604640+00:00,0.001426304928668362,False
2025-06-12 04:37:37.383456+00:00,-0.004664725422528533,False
2025-06-12 10:56:04.132032+00:00,9.974327139049104e-05,False
2025-06-12 21:58:20.858880+00:00,0.005171262565514322,False
2025-06-13 04:16:47.324064+00:00,-0.032829814371420185,False
2025-06-13 10:35:13.836768+00:00,0.0025828062545300706,False
2025-06-13 20:02:53.572992+00:00,0.009047555835244858,False
2025-06-13 21:37:30.154080+00:00,-0.000566391152050671,False
2025-06-14 03:55:56.537184+00:00,0.010028334186223812,False
2025-06-14 10:14:22.798464+00:00,-0.0007218246752698516,False
2025-06-14 18:07:25.561344+00:00,-0.00048662076060204153,False
2025-06-14 21:16:38.631072+00:00,-0.0016616523172424038,False
2025-06-15 02:00:28.209312+00:00,-0.0021731249389225294,False
2025-06-15 09:53:30.799392+00:00,0.002625132554062326,False
2025-06-15 19:21:09.836640+00:00,-1.5009241486643038e-05,False
2025-06-15 20:55:46.326144+00:00,-0.00226532289933258,False
2025-06-16 03:14:12.271200+00:00,0.0021054751656659123,False
2025-06-16 09:32:38.175648+00:00,0.00010747098411772842,False
2025-06-16 20:34:53.393088+00:00,-0.0014627087800263353,False
2025-06-17 01:18:42.731136+00:00,-0.0006218190541072812,False
2025-06-17 09:11:44.898720+00:00,-0.00030990502977548684,False
2025-06-17 20:13:59.831904+00:00,-0.0005684798179192846,False
2025-06-17 21:48:36.226368+00:00,-0.0010691773985776355,False
2025-06-18 02:32:25.429632+00:00,0.00024311926492838736,False
2025-06-18 08:50:50.981568+00:00,-0.0016427195841562797,False
2025-06-18 19:53:05.605440+00:00,-0.0007386346317641707,False
2025-06-18 21:27:41.964480+00:00,-0.0005871940005793869,False
2025-06-19 00:36:54.686880+00:00,0.00013116148571456782,False
2025-06-19 08:29:56.417280+00:00,-0.003467764207529341,False
2025-06-19 19:32:10.747392+00:00,0.0013656232624025336,False
2025-06-19 21:06:47.067552+00:00,-0.0003252621599718658,False
2025-06-20 01:50:36.014208+00:00,-0.001190412155255967,False
2025-06-20 20:45:51.531264+00:00,0.0004282947876439354,False
2025-06-20 23:55:04.089504+00:00,-0.0004882671000263914,False
2025-06-21 14:06:30.452544+00:00,0.000789790245773133,False
2025-06-21 20:24:55.392768+00:00,-0.001845529295688788,False
2025-06-21 21:59:31.632576+00:00,0.0006796265975186708,False
2025-06-22 01:08:44.099232+00:00,-0.0006432184079898451,False
2025-06-22 13:45:33.914016+00:00,0.0019291260163987085,False
2025-06-22 20:03:58.742784+00:00,0.0004785496213411903,False
2025-06-23 13:24:36.881280+00:00,-0.00010516837670081908,False
2025-06-23 14:59:13.058880+00:00,-0.00026361919172897155,False
2025-06-23 19:43:01.578720+00:00,-0.0007430060912758992,False
2025-06-23 21:17:37.752000+00:00,0.0001016151313706342,False
2025-06-24 05:10:38.578656+00:00,0.0009829568474718758,False
2025-06-24 14:38:15.499968+00:00,-0.001373733388181926,False
2025-06-24 20:56:40.060032+00:00,-0.0006428753832567555,False
2025-06-24 22:31:16.193568+00:00,-0.00019412843992292557,False
2025-06-25 04:49:40.696608+00:00,0.0017940672012448835,False
2025-06-25 12:42:41.307264+00:00,5.050506816756638e-05,False
2025-06-25 14:17:17.429568+00:00,0.0006665621711320797,False
2025-06-25 22:10:17.919264+00:00,-0.004078820165036572,False
2025-06-26 13:56:18.758688+00:00,0.0023725906199837145,False
2025-06-26 20:14:42.994752+00:00,-0.001841137773137493,False
2025-06-26 21:49:19.055712+00:00,0.0004595979522336274,False
2025-06-27 04:07:43.242528+00:00,-0.0007661859820290839,False
2025-06-27 13:35:19.449312+00:00,0.0024018333122764433,False
2025-06-27 19:53:43.522080+00:00,-0.00027054713440770317,False
2025-06-28 03:46:43.546944+00:00,-0.0005711766075546815,False
2025-06-28 13:14:19.481568+00:00,-0.0015736123970595019,False
2025-06-28 21:07:19.342272+00:00,-0.0024922509501096035,False
2025-06-29 03:25:43.183488+00:00,-0.001546387596397989,False
2025-06-29 12:53:18.862368+00:00,-0.0005339367231973844,False
2025-06-29 14:27:54.798048+00:00,-0.00023596615046055439,False
2025-06-29 20:46:18.506208+00:00,-0.0036975613408921993,False
2025-06-30 12:32:17.574432+00:00,-0.004029501135101202,False
2025-06-30 14:06:53.462592+00:00,-0.00018042006121338217,False
2025-06-30 20:25:16.972032+00:00,-0.003328952757555022,False
2025-07-01 02:43:40.440864+00:00,-0.0009295969946419378,False
2025-07-01 12:11:15.546048+00:00,-0.004191844790020542,False
2025-07-01 13:45:51.385824+00:00,-0.0005262653528542848,False
2025-07-01 18:29:38.893920+00:00,-0.0015379120057476582,False
2025-07-02 02:22:37.983936+00:00,-0.00542086020387225,False
2025-07-02 13:24:48.587616+00:00,-0.0022892461013547215,False
2025-07-02 18:08:35.954016+00:00,-0.0013144709624964166,False
2025-07-03 11:29:09.351744+00:00,-0.0025656776423147246,False
2025-07-03 13:03:45.080064+00:00,-0.0023286190398381762,False
2025-07-03 16:12:56.566944+00:00,-2.5354442576496286e-05,False
2025-07-04 12:42:40.876128+00:00,-0.006158529524033288,False
2025-07-04 14:17:16.570752+00:00,-0.0005609726007136534,False
2025-07-04 15:51:52.267968+00:00,-0.00038255491546756396,False
2025-07-04 19:01:03.640800+00:00,-0.00023400200400032186,False
2025-07-05 12:21:35.961984+00:00,-0.004810588670676522,False
2025-07-05 13:56:11.612544+00:00,-0.00045748039824033103,False
2025-07-05 17:05:22.902432+00:00,-0.0006704393045722477,False
2025-07-06 13:35:05.957952+00:00,-0.004115163030049617,False
2025-07-06 16:44:17.153664+00:00,-0.0012610902391588389,False
2025-07-07 11:39:24.061824+00:00,-0.002919312008656628,False
2025-07-07 13:13:59.621664+00:00,8.251658223577428e-05,False
2025-07-08 04:59:55.029120+00:00,-0.002984625347478346,False
2025-07-08 12:52:52.645152+00:00,0.0006676939985546162,False
2025-07-08 14:27:28.164384+00:00,-9.602823373494108e-05,False
2025-07-08 16:02:03.676704+00:00,-0.0006191729717189155,False
2025-07-08 22:20:25.695744+00:00,-0.0010175732711963066,False
2025-07-09 04:38:47.689728+00:00,-0.0008646601126239611,False
2025-07-09 12:31:45.123456+00:00,0.00024013308033711198,False
2025-07-09 14:06:20.605536+00:00,-0.00012059950033649412,False
2025-07-09 15:40:56.089344+00:00,-1.3974062560968706e-05,False
2025-07-09 21:59:17.975328+00:00,-0.0012252523702727426,False
2025-07-10 04:17:39.852672+00:00,0.0006032050627387759,False
2025-07-10 12:10:37.133472+00:00,-0.0006229117438041739,False
2025-07-11 05:31:06.995712+00:00,-0.0005696913268730466,False
2025-07-11 13:24:04.130496+00:00,0.0001372411520376149,False
2025-07-11 21:17:01.200480+00:00,0.0009661961975855008,False
2025-07-12 05:09:58.220352+00:00,-0.0019203866367763014,False
2025-07-12 13:02:55.191840+00:00,0.0026084530580522836,False
2025-07-12 20:55:52.082112+00:00,-0.0008800501527234453,False
2025-07-13 04:48:48.924864+00:00,3.3553325156908745e-05,False
2025-07-13 12:41:45.693312+00:00,0.0013796808782733753,False
2025-07-13 14:16:21.039744+00:00,0.0003091164417604944,False
2025-07-13 20:34:42.423744+00:00,0.0038705252001193877,False
2025-07-14 04:27:39.098880+00:00,0.0011716415086672812,False
2025-07-14 12:20:35.727360+00:00,0.0010640149481131456,False
2025-07-14 13:55:11.045280+00:00,0.00010162951291071954,False
2025-07-15 05:41:04.139808+00:00,0.00260909823188862,False
2025-07-15 11:59:25.325952+00:00,0.002084673089438504,False
2025-07-15 13:34:00.614496+00:00,0.0003062554168966995,False
2025-07-16 05:19:53.453280+00:00,0.006296876343058595,False
2025-07-16 11:38:14.525376+00:00,0.0008172952295369615,False
2025-07-16 13:12:49.790592+00:00,0.0005763572531190923,False
2025-07-17 04:58:42.365856+00:00,0.004763189685442034,False
2025-07-17 12:51:38.565792+00:00,0.005130229604023562,False
2025-07-18 04:37:30.855936+00:00,0.008010879251945512,False
2025-07-18 10:55:51.725856+00:00,0.0022340408808649414,False
2025-07-19 04:16:18.926976+00:00,0.0074955014736445315,False
2025-07-19 10:34:39.667296+00:00,0.001651633699740836,False
2025-07-19 16:53:00.367008+00:00,0.000765573819973598,False
2025-07-20 10:13:27.176736+00:00,0.004838213901353795,False
2025-07-21 05:08:28.868064+00:00,0.004232190972753066,False
2025-07-21 09:52:14.246400+00:00,0.0007694376049462827,False
2025-07-21 16:10:34.719744+00:00,0.0007009436588509849,False
2025-07-21 22:28:55.170624+00:00,0.00089568183640144,False
2025-07-22 04:47:15.590400+00:00,-0.00013205412857895688,False
2025-07-22 09:31:00.878880+00:00,0.0005447135351676641,False
2025-07-22 15:49:21.221760+00:00,-0.001769603767630034,False
2025-07-23 06:00:36.818496+00:00,-0.0011982639038799169,False
2025-07-23 09:09:46.922112+00:00,0.00031522533934168987,False
2025-07-23 15:28:07.115520+00:00,0.00314561817555877,False
2025-07-24 22:59:47.229792+00:00,0.004285085129578169,False
2025-07-25 05:18:07.107840+00:00,0.003442194245611277,False
2025-07-25 08:27:17.026560+00:00,-0.0005105816286230871,False
2025-07-25 22:38:31.475904+00:00,-0.001580069265912358,False
2025-07-26 04:56:51.148320+00:00,-0.00219253558691785,False
2025-07-26 08:06:00.969408+00:00,-0.0010612693537477005,False
2025-07-26 20:42:40.085280+00:00,-0.0056867559584135585,False
2025-07-26 22:17:14.962560+00:00,8.254114165019222e-05,False
2025-07-27 04:35:34.426752+00:00,-0.00048412967349781635,False
2025-07-27 07:44:44.138112+00:00,-0.0013060397744092157,False
2025-07-27 14:03:03.508128+00:00,-0.0030525814915400903,False
2025-07-27 21:55:57.648288+00:00,-0.004351226289661166,False
2025-07-28 02:39:42.087456+00:00,-0.0025817254433402013,False
2025-07-28 07:23:26.491200+00:00,0.0006298765675832544,False
2025-07-29 03:52:58.590336+00:00,-0.009242968463320175,False
2025-07-29 07:02:08.083968+00:00,-0.001364770363215923,False
2025-07-29 21:13:20.667072+00:00,-0.00314246806066705,False
2025-07-29 22:47:55.391424+00:00,0.00029256608170485183,False
2025-07-30 03:31:39.484128+00:00,-0.0036161563746850475,False
2025-07-30 06:40:48.868032+00:00,-0.001701430439405762,False
2025-07-30 20:52:00.912864+00:00,-0.007465908315198711,False
2025-07-30 22:26:35.565504+00:00,-0.0005341721845492338,False
2025-07-31 04:44:54.156192+00:00,-0.0010095152776837014,False
2025-07-31 11:03:12.654432+00:00,-0.0016515478129353455,False
2025-07-31 20:30:40.246272+00:00,-0.007250932792287246,False
2025-07-31 22:05:14.837568+00:00,-8.532608820322699e-05,False
2025-08-01 04:23:33.156096+00:00,-0.003524154353007772,False
2025-08-01 20:09:18.663840+00:00,-0.005138183443112055,False
2025-08-01 21:43:53.205888+00:00,0.0010727087049926393,False
2025-08-02 04:02:11.241888+00:00,-0.00608123593297271,False
2025-08-02 19:47:56.194080+00:00,-0.00171572727428939,False
2025-08-03 03:40:48.504288+00:00,-0.00581761835524101,False
2025-08-03 21:01:07.363488+00:00,0.0022083866894426,False
2025-08-03 22:35:41.774208+00:00,-0.0011092412633941593,False
2025-08-04 03:19:25.000320+00:00,-0.00449767360612085,False
2025-08-04 20:39:43.285824+00:00,-0.0017101774633319598,False
2025-08-04 22:14:17.649888+00:00,-0.0008785713998789441,False
2025-08-05 02:58:00.717024+00:00,-0.0025020885545226808,False
2025-08-05 09:16:18.100704+00:00,-0.0004846752817388375,False
2025-08-05 23:27:27.018720+00:00,-0.0026451447552484665,False
2025-08-06 15:13:09.938784+00:00,0.0005669452813513304,False
2025-08-06 23:06:01.249344+00:00,-0.004228741668132379,False
2025-08-07 02:15:09.745920+00:00,-0.00031661948192630157,False
2025-08-07 22:44:34.704096+00:00,0.0001388040966494239,False
2025-08-08 01:53:43.107360+00:00,0.0004887019738553005,False
2025-08-08 08:11:59.890560+00:00,0.002134089018780847,False
2025-08-08 20:48:33.259968+00:00,-0.004900526584864083,False
2025-08-08 22:23:07.405440+00:00,-0.0009694488774637574,False
2025-08-09 01:32:15.704160+00:00,9.232854622912533e-05,False
2025-08-09 07:50:32.211744+00:00,0.00440721023094536,False
2025-08-09 20:27:05.042016+00:00,-0.008129074220896055,False
2025-08-10 01:10:47.257248+00:00,-0.0017649674187555763,False
2025-08-10 15:21:53.742240+00:00,0.004321997520396009,False
2025-08-10 20:05:35.810592+00:00,-0.0031486481460322267,False
2025-08-11 00:49:17.839200+00:00,-0.001635189403160535,False
2025-08-11 13:25:49.768320+00:00,0.004428751846461701,False
2025-08-11 19:44:05.640000+00:00,-0.0006741285653449006,False
2025-08-12 13:04:18.992064+00:00,0.003757722886057087,False
2025-08-12 17:48:00.725184+00:00,-0.0025404804442666212,False
2025-08-12 19:22:34.639968+00:00,7.909234643297671e-05,False
2025-08-13 12:42:47.335392+00:00,0.005428386537422614,False
2025-08-13 20:35:36.590496+00:00,0.0004961327270861411,False
2025-08-14 04:28:25.770432+00:00,0.0005792039504754314,False
2025-08-14 13:55:48.634464+00:00,-0.0011293782146855162,False
2025-08-14 18:39:30.028032+00:00,-0.0005021955954358105,False
2025-08-14 20:14:03.815808+00:00,0.000725096609184666,False
2025-08-14 21:48:37.597536+00:00,-0.0005113194850203343,False
2025-08-15 13:34:15.209184+00:00,-0.003660195370013483,False
2025-08-15 19:52:30.177984+00:00,0.00015504647142386245,False
2025-08-16 03:45:18.772992+00:00,-0.0009965313994944498,False
2025-08-16 13:12:41.005440+00:00,-0.0025625044849761375,False
2025-08-16 14:47:14.697312+00:00,-0.0005323343760831505,False
2025-08-16 17:56:22.062912+00:00,-0.0013724432422116154,False
2025-08-16 19:30:55.745280+00:00,-0.0003183897138661182,False
2025-08-17 03:23:44.096640+00:00,-0.0011316104617751406,False
2025-08-17 12:51:06.027552+00:00,-0.0016232115940673815,False
2025-08-17 19:09:20.569536+00:00,-0.002492860332772833,False
2025-08-18 12:29:30.310944+00:00,-0.003249934340872042,False
2025-08-18 17:13:11.075520+00:00,-0.001780581048833653,False
2025-08-19 12:07:53.783904+00:00,-0.0061044818206515,False
2025-08-19 13:42:27.320256+00:00,-0.000536119122270856,False
2025-08-19 18:26:07.904256+00:00,-0.0016904097880061208,False
2025-08-20 11:46:16.371264+00:00,-0.004876611520653582,False
2025-08-20 13:20:49.844544+00:00,-0.0010650207310493767,False
2025-08-20 19:39:03.701376+00:00,-0.0013214453649454151,False
2025-08-23 18:34:05.688480+00:00,-0.005736235275838705,False
2025-08-24 15:03:18.313056+00:00,0.0015033239043428029,False
2025-08-24 16:37:51.572064+00:00,0.00025296492603177,False
2025-08-25 14:41:36.726432+00:00,0.0008397709884877327,False
2025-08-25 17:50:43.111392+00:00,0.00040514704494469533,False
2025-08-26 14:19:54.286176+00:00,0.004307914131807124,False
2025-08-26 17:29:00.549312+00:00,0.0009180789403467485,False
2025-08-27 13:58:10.861824+00:00,0.007200063529899943,False
2025-08-27 21:50:56.153760+00:00,0.0015815694152697991,False
2025-08-28 13:36:26.392896+00:00,0.009239720644167171,False
2025-08-28 15:10:59.378016+00:00,-6.521801058866246e-05,False
2025-08-29 06:56:29.049504+00:00,0.008988221986552802,False
2025-08-29 13:14:40.770528+00:00,0.001677923591539978,False
2025-08-30 20:45:37.971648+00:00,-0.0010312472364040898,False
2025-08-31 06:12:54.674496+00:00,0.009925075293425477,False
2025-08-31 14:05:38.465664+00:00,0.009794215228925082,False
2025-08-31 20:23:49.386624+00:00,0.006101802885558064,False
2025-09-01 05:51:05.586624+00:00,0.008306104045153043,False
2025-09-01 13:43:48.966528+00:00,1.8822408245758315e-05,False
2025-09-01 20:01:59.561760+00:00,-0.0030103152113966254,False
2025-09-02 05:29:15.247680+00:00,-0.0037836074359550165,False
2025-09-02 13:21:58.168800+00:00,0.004854521716307701,False
2025-09-02 19:40:08.363136+00:00,-0.00021723436442964983,False
2025-09-03 05:07:23.420928+00:00,-0.007164932054379368,False
2025-09-03 19:18:15.584256+00:00,0.0032461878903141186,False
2025-09-04 06:20:02.512608+00:00,0.0015834132816884457,False
2025-09-04 12:38:12.096096+00:00,-0.0018339457424140573,False
2025-09-05 05:58:07.976352+00:00,0.00027451221349662075,False
2025-09-05 12:16:17.277312+00:00,-0.0011824036019326082,False
2025-09-05 18:34:26.477184+00:00,-0.0007070947991842241,False
2025-09-06 05:36:12.386880+00:00,-0.00048802789971131785,False
2025-09-06 11:54:21.400992+00:00,0.0021246375278022103,False
2025-09-07 05:14:15.727776+00:00,0.0056084115175366114,False
2025-09-07 11:32:24.439488+00:00,-0.002221500819162255,False
2025-09-08 06:26:50.229888+00:00,0.002855860309771259,False
2025-09-08 11:10:26.602752+00:00,0.0010855734950148983,False
2025-09-09 06:04:51.804768+00:00,0.010666333913238533,False
2025-09-09 10:48:28.033344+00:00,0.0019187597214785704,False
2025-09-10 04:08:20.621760+00:00,0.005585081728985336,False
2025-09-10 08:51:56.708640+00:00,0.001041424428956059,False
2025-09-10 15:10:04.793088+00:00,0.007920899948550136,False
2025-09-11 05:20:52.797120+00:00,0.004204695456466196,False
2025-09-11 14:48:04.631328+00:00,0.0005553495153752565,False
2025-09-12 14:26:03.771456+00:00,0.007235627016988828,False
2025-09-12 22:18:43.324704+00:00,0.004204464764175292,False
2025-09-13 06:11:22.807104+00:00,0.0015189499962530145,False
2025-09-13 20:22:09.646464+00:00,0.0002723500129738314,False
2025-09-14 05:49:20.714304+00:00,0.002063742763977288,False
2025-09-14 07:23:52.548576+00:00,-0.00021322375151549677,False
2025-09-15 05:27:17.697888+00:00,-0.024239651283487797,False
2025-09-15 13:19:56.616096+00:00,0.029107107049567843,False
2025-09-16 05:05:13.886592+00:00,0.003959941633845811,False
2025-09-17 04:43:08.917536+00:00,0.013849032468292416,False
2025-09-18 04:21:02.951424+00:00,0.0042623831286983105,False
2025-09-19 03:58:56.013312+00:00,0.009050092736593136,False
2025-09-19 11:51:33.450624+00:00,-0.0014560196500700666,False
2025-09-19 21:18:42.255648+00:00,-0.0005519980215995361,False
2025-09-20 02:02:16.581696+00:00,-0.0009371869525621069,False
2025-09-20 11:29:25.085184+00:00,-0.0024567668028247537,False
2025-09-21 04:49:10.220736+00:00,-0.0015747032573245473,False
2025-09-22 04:26:59.682336+00:00,-0.0065885747550509105,False
2025-09-23 04:04:47.702784+00:00,-0.011457352205560295,False
2025-09-23 22:59:00.834720+00:00,-0.00978138442716213,False
2025-09-24 03:42:33.953760+00:00,-0.0018850078835886894,False
2025-09-24 21:02:14.747712+00:00,-0.012566110633220245,False
2025-09-25 22:14:28.909536+00:00,-0.01383564399988739,False
2025-09-25 23:48:59.727744+00:00,-0.0007762423915680956,False
2025-09-26 21:52:10.589952+00:00,-0.008405833532211332,False
2025-09-27 01:01:12.046656+00:00,-0.0014106353889788495,False
2025-09-27 21:29:50.825760+00:00,-0.009573720743675532,False
2025-09-28 00:38:52.088064+00:00,-0.002628506955004597,False
2025-09-28 21:07:29.514144+00:00,-0.014636772325959058,False
2025-09-29 00:16:30.557856+00:00,-0.0019360918522731974,False
2025-09-29 19:10:36.038208+00:00,-0.014011240340489894,False
2025-09-29 22:19:36.841728+00:00,0.0003054582724321721,False
2025-09-29 22:19:36.842592+00:00,9.11942515571661e-10,False
2025-09-30 06:12:08.658720+00:00,-0.0029678063274566346,False
2025-09-30 06:12:08.659584+00:00,1.1493557278371806e-09,False
2025-09-30 15:39:10.454976+00:00,-0.008563735804976567,False
2025-09-30 20:22:41.212704+00:00,0.0013911048753629841,False
2025-10-01 05:49:42.530304+00:00,-0.002210350033483799,False
2025-10-01 12:07:43.235328+00:00,0.0027529756563637563,False
2025-10-01 20:00:13.853088+00:00,-0.0016623632937213112,False
2025-10-01 20:00:13.853952+00:00,1.1784020127764525e-09,False
2025-10-02 13:19:44.580576+00:00,0.007916340506847822,False
2025-10-02 16:28:44.613408+00:00,0.00312054344955965,False
2025-10-02 19:37:44.612544+00:00,0.0010973932082035363,False
2025-10-03 14:31:43.987872+00:00,0.013124427973348937,False
2025-10-04 12:34:42.004128+00:00,0.013956494369371367,False
2025-10-04 20:27:10.971648+00:00,0.004135588443330382,False
2025-10-05 12:12:08.440992+00:00,0.007828157350994513,False
2025-10-06 11:49:33.645792+00:00,0.004967634529459336,False
2025-10-06 13:24:03.282048+00:00,8.480469712957364e-05,False
2025-10-06 19:42:01.790784+00:00,-0.001052674880880091,False
2025-10-07 14:35:56.792544+00:00,0.00020685712684027913,False
2025-10-07 19:19:25.398048+00:00,-0.007158576310048568,False
2025-10-07 19:19:25.398912+00:00,7.075514342900177e-10,False
2025-10-08 12:38:49.820064+00:00,-0.004946785302346782,False
2025-10-08 14:13:19.276608+00:00,-0.0006984821080335425,False
2025-10-08 20:31:17.024160+00:00,-0.00766806880417192,False
2025-10-09 15:25:09.793344+00:00,-0.0036090052677404047,False
2025-10-09 16:59:39.165216+00:00,7.69904307959062e-05,False
2025-10-09 20:08:37.872672+00:00,-0.0024783127347866593,False
2025-10-09 20:08:37.873536+00:00,5.324748097755256e-10,False
2025-10-10 11:53:31.125696+00:00,-0.005644121266240372,False
2025-10-10 18:11:28.285728+00:00,-0.004498100558215368,False
2025-10-10 18:11:28.286592+00:00,5.406523314460625e-10,False
2025-10-11 00:29:25.357632+00:00,-0.002921913272487222,False
2025-10-11 00:29:25.358496+00:00,5.430684753311638e-10,False
2025-10-11 17:48:46.845504+00:00,-0.013802369609281488,False
2025-10-12 07:59:09.313152+00:00,-0.008880796366648777,False
2025-10-12 14:17:05.841600+00:00,0.0024743031011548247,False
2025-10-12 17:26:04.053120+00:00,-0.002572435197953431,False
2025-10-13 07:36:25.660224+00:00,-0.003359466259670048,False
2025-10-13 13:54:21.755808+00:00,0.0024343448883646125,False
2025-10-13 17:03:19.773792+00:00,-0.0015679488541596766,False
2025-10-14 07:13:40.565280+00:00,0.0015970092610881961,False
2025-10-14 16:40:34.191552+00:00,-0.0005275084422240381,False
2025-10-15 14:43:18.548832+00:00,-0.0022575479905114215,False
2025-10-15 16:17:47.392800+00:00,-0.0006927347202215686,False
2025-10-15 22:35:42.716832+00:00,-0.0009170064667456644,False
2025-10-15 22:35:42.717696+00:00,6.478989667873329e-10,False
2025-10-16 14:20:30.617376+00:00,0.0015808564211541032,False
2025-10-16 15:54:59.380992+00:00,-0.0010845168002729675,False
2025-10-16 15:54:59.381856+00:00,6.376389143566148e-10,False
2025-10-17 07:39:46.680192+00:00,-0.006034417491088073,False
2025-10-17 15:32:10.133664+00:00,-0.0034099582474060378,False
2025-10-17 21:50:04.748352+00:00,-0.006634631238161048,False
2025-10-18 07:16:56.489376+00:00,0.006793402560001254,False
2025-10-18 21:27:13.560480+00:00,-0.013668376294132485,False
2025-10-19 06:54:04.557600+00:00,-0.009738983113857791,False
2025-10-19 14:46:26.834304+00:00,-0.0008516330772864872,False
2025-10-20 06:31:10.772544+00:00,-0.013728882719710261,False
2025-10-20 14:23:32.474688+00:00,-0.006197124591317795,False
2025-10-20 20:41:25.725984+00:00,-0.0040196256025343685,False
2025-10-21 14:00:36.601344+00:00,-0.01517473625186995,False
2025-10-22 04:10:50.390112+00:00,-0.005591660146100887,False
2025-10-22 07:19:46.712928+00:00,-0.0027405385043414053,False
2025-10-22 12:03:11.164320+00:00,-0.004615371136510869,False
2025-10-22 13:37:39.304128+00:00,-0.0013535715297661572,False
2025-10-23 03:47:52.240992+00:00,-0.011865879916159484,False
2025-10-23 13:14:40.589088+00:00,-0.008662135683583164,False
2025-10-24 06:33:48.638304+00:00,-0.013514613172103652,False
2025-10-24 12:51:40.489056+00:00,-0.002444102626486335,False
2025-10-24 12:51:40.489920+00:00,5.916392008853628e-10,False
2025-10-25 04:36:19.664064+00:00,-0.005631111916673079,False
2025-10-25 07:45:15.434784+00:00,-0.0005685600604226782,False
2025-10-25 12:28:39.036000+00:00,-0.0027828590140935583,False
2025-10-26 04:13:17.347008+00:00,-0.0008174839690431937,False
2025-10-26 07:22:12.942336+00:00,0.0012722335791196361,False
2025-10-26 12:05:36.303360+00:00,-0.003944959614233546,False
2025-10-27 03:50:13.764192+00:00,-0.009707386459408995,False
2025-10-27 06:59:09.191040+00:00,0.0016307077340537521,False
2025-10-27 10:08:04.610112+00:00,-0.0024531246188326935,False
2025-10-28 00:18:13.673664+00:00,-0.009989422877894095,False
2025-10-28 09:44:59.510976+00:00,0.003583183662256184,False
2025-10-29 06:12:58.063968+00:00,-0.0011151364178559747,False
2025-10-29 09:21:53.142624+00:00,-0.0010266393206459102,False
2025-10-29 23:32:00.674304+00:00,0.000345011623833949,False
2025-10-30 07:24:17.957952+00:00,-0.0019007328382555852,False
2025-10-30 23:08:52.019808+00:00,-0.0041059873059642316,False
2025-10-31 07:01:08.803200+00:00,0.0026152467213436774,False
2025-10-31 08:35:36.142080+00:00,-9.3392808974491e-06,False
2025-11-01 14:30:14.390208+00:00,0.004090570764611695,False
2025-11-02 06:14:46.381920+00:00,0.0045201914200593135,False
2025-11-02 07:49:13.560096+00:00,0.0005230164999600016,False
2025-11-03 21:36:03.991680+00:00,-0.00011045151840442802,False
2025-11-03 23:10:31.022976+00:00,-0.000737877089692379,False
2025-11-04 03:53:52.071072+00:00,-0.0010867964312363167,False
2025-11-04 07:02:46.065408+00:00,0.0001935104397636448,False
2025-11-04 07:02:46.066272+00:00,7.008098504353942e-10,False
2025-11-04 21:12:48.790656+00:00,0.0024475767126082015,False
2025-11-04 22:47:15.732096+00:00,0.0006305594946260642,False
2025-11-05 06:39:30.358080+00:00,0.000609716970246952,False
2025-11-05 22:23:59.142624+00:00,0.008276372525098906,False
2025-11-06 06:16:13.296000+00:00,-0.0024194143645564943,False
2025-11-06 12:34:00.285888+00:00,-0.05722057941758674,False
2025-11-06 20:26:14.171424+00:00,0.05273586067114103,False
2025-11-06 23:35:07.639584+00:00,0.008229402464796066,False
2025-11-07 04:18:27.774432+00:00,-4.515831425076777e-05,False
2025-11-07 05:52:54.472224+00:00,0.0004225749962633932,False
2025-11-07 20:02:54.322944+00:00,-0.006361990765959884,False
2025-11-07 21:37:20.941248+00:00,0.00022506838123325518,False
2025-11-08 03:55:07.359168+00:00,0.006105820467430228,False
2025-11-08 05:29:33.944640+00:00,0.0005950312643780492,False
2025-11-08 21:13:59.340576+00:00,-0.0011758908482287084,False
2025-11-10 23:36:04.553856+00:00,0.004583050557485591,False
2025-11-11 04:19:23.435904+00:00,-0.0010179328086363758,False
2025-11-12 03:55:57.039168+00:00,-0.0204387455750715,False
2025-11-12 03:55:57.110016+00:00,0.036350071087857934,False
2025-11-12 14:56:59.957952+00:00,-0.03061866431302413,False
2025-11-12 19:40:18.098688+00:00,-0.0150258189957478,False
2025-11-12 22:49:10.147296+00:00,-0.005281159588088736,False
2025-11-13 03:32:28.146336+00:00,-0.005997392076130051,False
2025-11-13 03:32:28.147200+00:00,1.1351979692604352e-09,False
2025-11-13 09:50:12.038784+00:00,-0.017931081532993637,False
2025-11-13 09:50:12.038784+00:00,-9.034139111463446e-06,False
2025-11-13 17:42:21.567168+00:00,-0.015694030123024894,False
2025-11-13 20:51:13.316832+00:00,-0.0004120770171620967,False
2025-11-13 22:25:39.198144+00:00,0.010696422746719874,False
2025-11-14 01:34:30.933120+00:00,-0.0021018490353492993,False
2025-11-14 18:53:15.163584+00:00,0.014566805602866752,False
2025-11-14 20:27:40.968864+00:00,-0.00029964125484067787,False
2025-11-15 07:28:41.460672+00:00,-0.004126817441489607,False
2025-11-15 21:38:33.169920+00:00,-0.001876423854025068,False
2025-11-16 07:05:07.427040+00:00,-0.005096599981850001,False
2025-11-16 14:57:15.841728+00:00,0.001276405991282526,False
2025-11-16 21:14:58.466688+00:00,-3.5752033803730654e-05,False
2025-11-17 06:41:32.284032+00:00,-0.00012531743983953958,False
2025-11-17 16:08:05.949312+00:00,0.004766165189904609,False
2025-11-17 20:51:22.704192+00:00,-0.0016589232442773012,False
2025-11-18 00:00:13.859424+00:00,0.0034978398747566135,False
2025-11-18 20:27:46.048320+00:00,-0.0031493767126110697,False
2025-11-18 22:02:11.577984+00:00,-0.00035766637892841466,False
2025-11-19 05:54:19.171008+00:00,0.0010376662485548135,False
2025-11-19 15:20:52.156320+00:00,-0.003949419315638129,False
2025-11-19 20:04:08.594976+00:00,-0.0012636435885512998,False
2025-11-19 23:12:59.567040+00:00,0.005393754708354429,False
2025-11-20 18:06:05.065920+00:00,0.010099828031740324,False
2025-11-20 19:40:30.506592+00:00,0.0007544474972809973,False
2025-11-20 21:14:55.943808+00:00,0.0006076452763177967,False
2025-11-20 22:49:21.356832+00:00,0.0018898344689647624,False
2025-11-21 16:08:00.779136+00:00,-0.0022937398098910947,False
2025-11-21 22:25:42.266208+00:00,-0.0008151622510533165,False
2025-11-22 12:35:30.350112+00:00,-0.0033422683286346566,False
2025-11-22 15:44:21.019776+00:00,0.004868826156518482,False
2025-11-22 20:27:36.970272+00:00,0.0004607592243408582,False
2025-11-22 22:02:02.278752+00:00,0.00017677671230241282,False
2025-11-23 12:11:49.898688+00:00,0.001144085197174717,False
2025-11-23 20:03:56.236320+00:00,0.005525772973338949,False
2025-11-23 21:38:21.486048+00:00,0.00042951401206780876,False
2025-11-24 13:22:33.809664+00:00,0.004751121484617364,False
2025-11-24 19:40:14.611584+00:00,-0.0008105485647809108,False
2025-11-24 21:14:39.799104+00:00,0.0003981976073108382,False
2025-11-25 03:32:20.537952+00:00,0.001000806692858229,False
2025-11-25 12:58:51.493728+00:00,0.003433775979056284,False
2025-11-25 20:50:57.151392+00:00,0.0017829370920882555,False
2025-11-26 03:08:37.632768+00:00,0.005510747347158933,False
2025-11-26 09:26:18.049344+00:00,0.0046952060641914165,False
2025-11-26 12:35:08.229120+00:00,0.002079544351925547,False
2025-11-26 20:27:13.579200+00:00,-0.00010286812480456153,False
2025-11-27 20:03:29.026368+00:00,0.011510583538794417,False
2025-11-28 14:56:28.649184+00:00,0.008390087234853981,False
2025-11-28 19:39:43.436736+00:00,-0.0005497010232071095,False
2025-11-29 08:15:02.698272+00:00,0.008713328138377684,False
2025-11-29 19:15:56.750688+00:00,0.002217118577487083,False
2025-11-30 12:34:29.766432+00:00,0.008392919565890264,False
2025-11-30 15:43:19.367328+00:00,0.004403611529945577,False
2025-11-30 18:52:08.911200+00:00,0.00045632753339452416,False
2025-12-01 07:27:26.880192+00:00,0.003041716889557143,False
2025-12-01 12:10:41.016288+00:00,0.0029811440688213425,False
2025-12-01 15:19:30.431424+00:00,0.00447938955580774,False
2025-12-01 18:28:19.824096+00:00,0.003792323159568154,False
2025-12-02 07:03:37.093248+00:00,0.0018544376327756032,False
2025-12-02 13:21:15.598656+00:00,0.004967812777216776,False
2025-12-02 14:55:40.190016+00:00,-0.004258373178301585,False
2025-12-02 18:04:29.388288+00:00,0.0010725587618071932,False
2025-12-03 08:14:10.464288+00:00,0.007642885921567935,False
2025-12-03 12:57:24.049152+00:00,0.0009215703438057582,False
2025-12-03 16:06:13.065120+00:00,-0.0012210944551112358,False
2025-12-03 22:23:50.984736+00:00,-0.006524473605865104,False
2025-12-04 07:50:17.574720+00:00,-0.0006152338176778072,False
2025-12-04 15:42:19.486080+00:00,0.0020834272473752163,False
2025-12-05 05:51:58.440096+00:00,0.007887450337942109,False
2025-12-05 07:26:22.729920+00:00,0.006089275567586801,False
2025-12-05 21:36:00.977184+00:00,0.0058192566559372785,False
2025-12-06 07:02:26.145888+00:00,0.00029207384880552967,False
2025-12-06 14:54:26.926272+00:00,0.0013135943021130789,False
2025-12-06 21:12:03.433248+00:00,0.00608742413395344,False
2025-12-07 06:38:27.975552+00:00,0.0025409699557650406,False
2025-12-07 20:48:04.317696+00:00,0.0029953969973342404,False
2025-12-08 06:14:28.256928+00:00,-0.00030477528923723157,False
2025-12-08 14:06:28.050624+00:00,-0.005852211685165164,False
2025-12-08 20:24:03.778272+00:00,-0.0034780988721254714,False
2025-12-09 04:16:03.259200+00:00,0.004729922722891591,False
2025-12-09 07:24:51.009408+00:00,-0.0037472769482211968,False
2025-12-09 12:08:02.601888+00:00,-0.004325280276755942,False
2025-12-09 13:42:26.455392+00:00,0.0004937381525860528,False
2025-12-09 20:00:01.782144+00:00,-0.005694679491915409,False
2025-12-10 05:26:24.528192+00:00,0.0007126528690710975,False
2025-12-10 07:00:48.290112+00:00,-0.002854097194928155,False
2025-12-10 11:43:59.563776+00:00,-0.001758784042337395,False
2025-12-10 13:18:23.311872+00:00,0.00017539679094101535,False
2025-12-10 13:18:23.312736+00:00,7.863526732455146e-10,False
2025-12-11 05:02:20.329728+00:00,0.0007700900555939749,False
2025-12-11 06:36:43.862688+00:00,-0.06277821808080718,False
2025-12-11 11:19:54.683616+00:00,-0.0005028552536566235,False
2025-12-12 04:38:14.286624+00:00,0.04929374511274787,False
2025-12-12 07:47:01.332672+00:00,-0.0052507580938447596,False
2025-12-12 12:30:11.885760+00:00,-0.003335463883837958,False
2025-12-13 07:22:53.439744+00:00,-0.012490961114280517,False
2025-12-13 12:06:03.686112+00:00,-0.0027948542654714116,False
2025-12-13 18:23:37.286592+00:00,0.008329181264724532,False
2025-12-14 08:33:07.511616+00:00,-0.0036393000551070073,False
2025-12-14 17:59:27.486816+00:00,0.003012847835433926,False
2025-12-15 08:08:57.177888+00:00,0.00536329488322922,False
2025-12-15 23:52:49.768608+00:00,-0.0007661221272593569,False
2025-12-16 07:44:45.912768+00:00,0.0008085337363850503,False
2025-12-16 10:53:32.342784+00:00,0.0001835119701481423,False
2025-12-17 07:20:33.729216+00:00,0.003379583313428698,False
2025-12-17 10:29:20.040000+00:00,0.0006004443473387093,False
2025-12-17 23:04:25.106016+00:00,0.00468061331099744,False
2025-12-18 06:56:20.645376+00:00,0.004107897143932723,False
2025-12-18 10:05:06.810144+00:00,-0.00171910079077966,False
2025-12-19 00:14:34.476000+00:00,0.010641631564054961,False
2025-12-19 06:32:06.648288+00:00,0.002054514033965421,False
2025-12-19 09:40:52.718016+00:00,0.0001541928078079187,False
2025-12-19 23:50:19.867200+00:00,0.005789608745306589,False
2025-12-20 04:33:28.845216+00:00,0.0001302765438177117,False
2025-12-20 06:07:51.819168+00:00,-0.001968311980166067,False
2025-12-20 09:16:37.784352+00:00,0.0006561489693306067,False
2025-12-20 21:51:41.512032+00:00,0.006358367448121616,False
2025-12-20 23:26:04.466112+00:00,2.9103333984618982e-05,False
2025-12-21 04:09:13.288608+00:00,0.0004583977338220996,False
2025-12-21 05:43:36.226272+00:00,0.0007360647069811245,False
2025-12-21 08:52:22.066176+00:00,-0.0041917341057525785,False
2025-12-22 05:19:19.708032+00:00,0.00033057904079986794,False
2025-12-22 06:53:42.548928+00:00,-0.0007459679118421349,False
2025-12-22 08:28:05.402784+00:00,0.0002348119478012235,False
2025-12-22 21:03:08.083296+00:00,0.006414115495821139,False
2025-12-23 00:11:53.688192+00:00,-0.0024374603001556267,False
2025-12-23 04:55:02.057088+00:00,-0.0006254671134183088,False
2025-12-23 06:29:24.840960+00:00,-0.0004923758568564033,False
2025-12-23 23:47:35.115360+00:00,0.006464674383913148,False
2025-12-24 04:30:43.268256+00:00,0.00016546403702179246,False
2025-12-24 06:05:05.977824+00:00,-0.0008638019702340372,False
2025-12-24 21:48:52.748640+00:00,0.004869333144057061,False
2025-12-24 23:23:15.396000+00:00,-0.000681746580835905,False
2025-12-25 04:06:23.317344+00:00,-0.0010807667924637651,False
2025-12-25 05:40:45.948288+00:00,-0.0007292843083001547,False
2025-12-25 11:58:16.398624+00:00,-0.0012761840376514788,False
2025-12-25 21:24:31.934592+00:00,-0.0013724883580686874,False
2025-12-25 22:58:54.500736+00:00,0.0007604039156111683,False
2025-12-26 05:16:24.736800+00:00,-8.945716379991225e-05,False
2025-12-26 11:33:54.874368+00:00,-0.0011260336920399898,False
2025-12-26 19:25:47.434656+00:00,0.000632519563068628,False
2025-12-26 21:00:09.924768+00:00,-0.0001266320444627319,False
2025-12-26 22:34:32.420064+00:00,0.0007958235069926364,False
2025-12-27 04:52:02.320896+00:00,-0.005183901789579913,False
2025-12-27 11:09:32.137920+00:00,0.002092868655419234,False
2025-12-27 20:35:46.682880+00:00,-0.002656055160671241,False
2025-12-27 22:10:09.085728+00:00,1.3763132266855424e-05,False
2025-12-28 04:27:38.646144+00:00,-0.00388695011594177,False
2025-12-28 10:45:08.091648+00:00,-0.003761063172840095,False
2025-12-28 20:11:22.080192+00:00,0.0005702426425374107,False
2025-12-28 23:20:06.675072+00:00,-0.006745390500419312,False
2025-12-29 04:03:13.544064+00:00,-0.0018222128379046937,False
2025-12-29 21:21:18.133344+00:00,-0.004678127497877736,False
2025-12-30 03:38:46.846176+00:00,-0.0069376155233770165,False
2025-12-30 03:38:46.847040+00:00,7.860587465727289e-10,False
2025-12-30 09:56:15.455328+00:00,-0.0018181144405674497,False
2025-12-30 20:56:50.244864+00:00,-0.0032259384656093473,False
2025-12-30 22:31:12.328896+00:00,-0.0010607555621025494,False
2026-01-01 02:49:48.682848+00:00,-0.01575665651768622,False
2026-01-01 18:33:27.910944+00:00,-0.013587377929996584,False
2026-01-01 20:07:49.797984+00:00,-0.00039258786694207,False
2026-01-01 23:16:33.547008+00:00,0.0009235750733410774,False
2026-01-02 02:25:17.283936+00:00,-0.0011556267392421708,False
2026-01-02 08:42:44.648064+00:00,-0.0029285008440499485,False
2026-01-02 18:08:55.513248+00:00,-7.526892590844006e-05,False
2026-01-02 21:17:39.084288+00:00,-0.00022846044818401572,False
2026-01-02 22:52:00.863328+00:00,0.0005136003111838854,False
2026-01-03 02:00:44.405856+00:00,0.0009291920917537458,False
2026-01-03 16:09:59.985216+00:00,0.00014854896837834808,False
2026-01-03 22:27:26.775648+00:00,0.0016583327942356375,False
2026-01-04 01:36:10.142784+00:00,-0.0007043907344351855,False
2026-01-04 07:53:36.818304+00:00,0.004383588815801365,False
2026-01-04 15:45:25.067232+00:00,0.0019720037879647594,False
2026-01-04 20:28:29.987904+00:00,0.0018598368655838044,False
2026-01-04 22:02:51.601920+00:00,0.003024792238725799,False
2026-01-05 01:11:34.837728+00:00,0.001450477500040603,False
2026-01-05 07:29:01.255776+00:00,0.0025053832260563402,False
2026-01-06 00:46:58.584000+00:00,0.009510254854316641,False
2026-01-06 07:04:24.748896+00:00,0.0013144366921147461,False
2026-01-06 14:56:12.390432+00:00,0.005174956086565999,False
2026-01-06 22:47:59.898048+00:00,0.001316812747427315,False
2026-01-07 00:22:21.403200+00:00,0.002827080528852957,False
2026-01-07 06:39:47.346912+00:00,0.0027848725679822765,False
2026-01-07 20:49:00.583104+00:00,0.007036318417509804,False
2026-01-07 22:23:22.021728+00:00,0.00025738531593059565,False
2026-01-07 23:57:43.475040+00:00,0.0024494678375651707,False
2026-01-08 06:15:09.213120+00:00,-0.002135532749747966,False
2026-01-08 23:33:04.726080+00:00,0.010258910697318956,False
2026-01-09 05:50:30.254208+00:00,0.0052031766535121215,False
2026-01-10 22:43:44.864256+00:00,0.018686787650688222,False
2026-01-11 14:27:17.546688+00:00,0.007564298827829344,False
2026-01-11 22:19:03.741888+00:00,0.0014458108345923523,False
2026-01-12 18:45:39.476160+00:00,0.012530797608794518,False
2026-01-13 13:37:53.607648+00:00,0.015701816590586976,False
2026-01-13 18:20:57.102720+00:00,0.0071224227522029265,False
2026-01-14 13:13:10.830720+00:00,0.015067562203366316,False
2026-01-14 17:56:14.241120+00:00,0.006059940426964613,False
2026-01-15 15:57:09.737856+00:00,0.019024600345282486,False
2026-01-15 17:31:30.824832+00:00,0.0011645772924812206,False
2026-01-16 15:32:25.757376+00:00,0.01738317300895533,False
2026-01-16 17:06:46.789056+00:00,0.0012209422634645228,False
2026-01-17 15:07:40.878336+00:00,0.013219247858062846,False
2026-01-17 16:42:01.865088+00:00,0.005623681425607507,False
2026-01-18 14:42:55.047168+00:00,0.015745735703287023,False
2026-01-18 16:17:15.964800+00:00,0.00282836231781345,False
2026-01-19 08:00:44.767008+00:00,0.01305674099296568,False
2026-01-19 15:52:29.011296+00:00,0.00911561720412989,False
2026-01-19 15:52:29.011296+00:00,6.01373722020071e-06,False
2026-01-20 07:35:56.703264+00:00,-0.017718810299747492,False
2026-01-20 15:27:40.036896+00:00,-0.09032270418888003,False
2026-01-21 11:54:07.450848+00:00,0.07685500090729538,False
2026-01-22 06:46:13.121184+00:00,0.01606063045426505,False
2026-01-22 13:03:34.811424+00:00,0.0049088347622655085,False
2026-01-22 22:29:37.205952+00:00,0.005067914780961746,False
2026-01-23 14:13:00.698016+00:00,0.0039683810814897386,False
2026-01-24 07:30:43.676928+00:00,-0.002579360381951293,False
2026-01-24 12:13:44.346720+00:00,-9.079250770895053e-05,False
2026-01-24 13:48:04.555872+00:00,-0.0011210675448437247,False
2026-01-25 07:05:46.339008+00:00,-0.006025018396618918,False
2026-01-25 13:23:06.772128+00:00,-0.002815402040613455,False
2026-01-26 06:40:47.334432+00:00,-0.0145018244003714,False
2026-01-26 12:58:07.326912+00:00,-0.002419371893414672,False
2026-01-26 20:49:47.148384+00:00,-0.008312550009770627,False
2026-01-27 06:15:46.674432+00:00,-0.01177273830340517,False
2026-01-27 12:33:06.229728+00:00,-0.0077296343929883285,False
2026-01-28 10:33:43.743168+00:00,-0.02270990652029469,False
2026-01-29 10:08:39.429312+00:00,-0.031931728991465624,False
2026-01-30 05:00:34.856064+00:00,-0.014717941441390055,False
2026-01-30 06:34:54.414624+00:00,-0.002264971439474861,False
2026-01-30 11:17:53.103264+00:00,-0.005041265835377036,False
2026-01-31 04:35:27.830976+00:00,-0.004838875035295634,False
2026-01-31 07:44:06.789984+00:00,-0.003360654178896673,False
2026-01-31 12:27:05.221152+00:00,-0.003353341820791521,False
2026-01-31 18:44:23.027712+00:00,-0.005599741721608313,False
2026-02-01 07:18:58.402368+00:00,-0.004827758452926892,False
2026-02-01 12:01:56.601120+00:00,-0.0019392480319754962,False
2026-02-01 18:19:14.094912+00:00,-0.005739252150666934,False
2026-02-02 06:53:48.816384+00:00,-0.0061755191473118615,False
2026-02-02 11:36:46.760256+00:00,-0.0006812589386415817,False
2026-02-03 04:54:18.677376+00:00,-0.005718126499762548,False
2026-02-03 06:28:37.893792+00:00,-0.004012701807811185,False
2026-02-03 11:11:35.551680+00:00,-0.001341068489109207,False
2026-02-04 04:29:06.443232+00:00,-0.005849855112411241,False
2026-02-04 07:37:44.712768+00:00,-0.00012123646786210869,False
2026-02-04 10:46:22.959840+00:00,-0.001437955778520312,False
2026-02-05 04:03:52.837920+00:00,-0.007147161708311561,False
2026-02-05 07:12:30.889728+00:00,-0.003856571201990301,False
2026-02-05 10:21:08.930304+00:00,-0.001943751256742253,False
2026-02-05 22:55:40.791936+00:00,-0.011788296066260681,False
2026-02-06 05:12:56.561184+00:00,-0.00415429356436928,False
2026-02-06 06:47:15.502848+00:00,0.0006374566330536848,False
2026-02-06 09:55:53.313600+00:00,-0.004603590811431604,False
2026-02-07 00:04:43.367808+00:00,0.021421607646058133,False
2026-02-07 04:47:39.930144+00:00,-0.0005170667012253799,False
2026-02-07 06:21:58.775040+00:00,-8.85001983366683e-05,False
2026-02-07 09:30:36.446688+00:00,0.002240078118403167,False
2026-02-07 23:39:25.718976+00:00,0.013756069373754648,False
2026-02-08 04:22:22.035936+00:00,-0.0005502183567382864,False
2026-02-08 05:56:40.801344+00:00,0.0003299229717497378,False
2026-02-08 09:05:18.296736+00:00,-0.002246564639357204,False
2026-02-08 21:39:48.109824+00:00,0.005787885826085817,False
2026-02-09 05:31:21.542880+00:00,0.0016261965080169583,False
2026-02-09 08:39:58.867200+00:00,-0.006671133062492646,False
2026-02-09 21:14:28.038336+00:00,0.006647959276079141,False
2026-02-09 22:48:46.631808+00:00,-0.0013383272560478204,False
2026-02-10 05:06:01.065312+00:00,-0.0019617358162736954,False
2026-02-10 06:40:19.655328+00:00,-0.0004539664978558439,False
2026-02-10 08:14:38.235840+00:00,-0.0012445298538694104,False
2026-02-10 22:23:25.291968+00:00,-0.0023568682642018113,False
2026-02-11 06:14:57.950880+00:00,0.000734168891083839,False
2026-02-11 07:49:16.432896+00:00,-0.0061012256912711255,False
2026-02-11 21:58:02.777088+00:00,0.003932044462672715,False
2026-02-12 04:15:16.598016+00:00,-0.0018060640544412011,False
2026-02-12 05:49:35.039424+00:00,-0.0011018055624682091,False
2026-02-12 21:32:39.061248+00:00,-0.0068956650638448,False
2026-02-12 23:06:57.442176+00:00,0.0008239481018137438,False
2026-02-13 05:24:10.893312+00:00,-0.0008025672628243913,False
2026-02-13 22:41:32.564256+00:00,-0.0012596267677375678,False
2026-02-14 04:58:45.743232+00:00,-0.005888538571996223,False
2026-02-14 20:41:48.441408+00:00,-0.0010009319650074247,False
2026-02-15 04:33:19.610784+00:00,-0.001127131745707926,False
2026-02-15 20:16:21.502848+00:00,-0.01239139436971047,False
2026-02-15 21:50:39.674688+00:00,-0.0007671470870596313,False
2026-02-16 04:07:52.296384+00:00,0.0018382025542291857,False
2026-02-16 21:25:11.544672+00:00,-0.0027328684822318927,False
2026-02-17 03:42:23.865696+00:00,-0.005008913809581834,False
2026-02-17 20:59:42.376128+00:00,0.004931169768369985,False
2026-02-17 22:34:00.395904+00:00,-0.0013192210354000728,False
2026-02-18 03:16:54.437088+00:00,-0.001671863244862246,False
2026-02-18 20:34:12.227808+00:00,-0.001613868790836047,False
2026-02-18 22:08:30.179328+00:00,0.0017391217185379454,False
2026-02-19 02:51:24.025248+00:00,0.0009380322177719048,False
2026-02-19 20:08:41.110944+00:00,-0.0026121736638537937,False
2026-02-19 23:17:16.900800+00:00,0.0018320879162085487,False
2026-02-20 02:25:52.661280+00:00,-0.0007693479435688091,False
2026-02-20 21:17:26.958048+00:00,-0.00027550408273897126,False
2026-02-20 22:51:44.805024+00:00,0.0014729155966999832,False
2026-02-21 02:00:20.462688+00:00,0.0008452324849545683,False
2026-02-21 20:51:54.036288+00:00,0.0008023444985775091,False
2026-02-21 22:26:11.821920+00:00,0.0008283348746565594,False
2026-02-22 01:34:47.361216+00:00,0.0014805209807348674,False
2026-02-22 20:26:20.114016+00:00,-0.008195189440682059,False
2026-02-22 22:00:37.814976+00:00,0.00011075789592919407,False
2026-02-23 01:09:13.222944+00:00,0.00022426123809430546,False
2026-02-23 15:17:52.166976+00:00,-0.0036317725650808347,False
2026-02-23 21:35:02.672736+00:00,-0.0003552846060167307,False
2026-02-23 23:09:20.320128+00:00,0.003955550710727225,False
2026-02-24 00:43:37.939872+00:00,0.0005607922322561423,False
2026-02-24 14:52:16.291200+00:00,-0.0012804468295359236,False
2026-02-24 21:09:26.568000+00:00,0.0009718004289970775,False
2026-02-24 22:43:44.126400+00:00,0.002755002038814901,False
2026-02-25 00:18:01.696032+00:00,0.0005314410606544516,False
2026-02-25 14:26:39.515136+00:00,0.0009872561536653918,False
2026-02-25 20:43:49.557792+00:00,0.002719090718138001,False
2026-02-25 23:52:24.536352+00:00,-0.0006986337483008793,False
2026-02-26 06:09:34.468416+00:00,0.003527118710223622,False
2026-02-26 15:35:19.202784+00:00,-0.0015663395377221272,False
2026-02-26 18:43:54.063840+00:00,-0.0011161565134007552,False
2026-02-26 20:18:11.496960+00:00,0.0006448751962379057,False
2026-02-26 21:52:28.925760+00:00,0.0008149156943012921,False
2026-02-26 23:26:46.351968+00:00,-0.00039388650481087494,False
2026-02-27 05:43:55.972992+00:00,-0.000349028609558516,False
2026-02-27 18:18:15.010272+00:00,0.0015889694716086818,False
2026-02-27 21:26:49.719264+00:00,-0.0004242488302679771,False
2026-02-27 21:26:49.720128+00:00,6.008179750364331e-06,False
2026-02-28 05:18:16.388064+00:00,-0.001803730596247298,False
2026-02-28 13:09:42.967008+00:00,0.00226273637900469,False
2026-02-28 21:01:09.385248+00:00,-0.002979419702071273,False
2026-02-28 22:35:26.640384+00:00,-0.001689472768249537,False
2026-03-01 12:44:01.853664+00:00,-0.000760238649289792,False
2026-03-01 20:35:27.852864+00:00,-0.004684950301568621,False
2026-03-01 22:09:45.038016+00:00,-0.001452765704673291,False
2026-03-02 04:26:53.725056+00:00,0.0005446379806251719,False
2026-03-02 13:52:36.569856+00:00,-0.005291995828434055,False
2026-03-02 15:26:53.691072+00:00,0.0006452284865442774,False
2026-03-02 20:09:45.021888+00:00,-0.006035007021228273,False
2026-03-02 21:44:02.118048+00:00,-0.0015538861621350701,False
2026-03-03 13:26:52.730592+00:00,-0.005374122584473721,False
2026-03-03 15:01:09.748128+00:00,-0.004399572545535496,False
2026-03-03 19:44:00.793824+00:00,-0.003035981413745526,False
2026-03-03 21:18:17.795808+00:00,-0.0005488279974703737,False
2026-03-04 13:01:07.341312+00:00,-0.019129599917545197,False
2026-03-04 14:35:24.267264+00:00,0.0009605320146339157,False
2026-03-04 20:52:31.882944+00:00,-0.003487251395352064,False
2026-03-05 03:09:39.360384+00:00,-0.001398464258999376,False
2026-03-05 15:43:54.062112+00:00,-0.011333117862417738,False
2026-03-05 18:52:27.689376+00:00,-0.0026908121029301842,False
2026-03-05 20:26:44.472768+00:00,-0.0025403051394776344,False
2026-03-06 15:18:05.544288+00:00,-0.014192360286878127,False
2026-03-06 20:00:55.705248+00:00,-0.0001874934159478061,False
2026-03-07 13:17:58.987680+00:00,-0.014207475595780727,False
2026-03-07 14:52:15.625920+00:00,0.00014148974439012665,False
2026-03-07 19:35:05.435232+00:00,-0.006980244802057603,False
2026-03-08 12:52:07.569408+00:00,-0.009690408201609782,False
2026-03-08 14:26:24.084960+00:00,-0.0015793892805388045,False
2026-03-08 19:09:13.565952+00:00,-0.004710936442316866,False
2026-03-09 12:26:14.588160+00:00,-0.006126150326250704,False
2026-03-09 15:34:47.432640+00:00,-0.0030253244653955843,False
2026-03-09 18:43:20.235648+00:00,-0.0032170817502315385,False
2026-03-10 13:34:36.530976+00:00,-0.016499441340261427,False
2026-03-10 18:17:25.460736+00:00,-0.004869934936842716,False
2026-03-10 23:00:14.325696+00:00,-0.005527934361124065,False
2026-03-11 06:51:35.692992+00:00,0.0004395042101241753,False
2026-03-11 13:08:40.657920+00:00,-0.007099390520929425,False
2026-03-13 16:59:33.468000+00:00,-0.030684769381598143,False
2026-03-14 07:07:57.800928+00:00,-0.00020768264392235364,False
2026-03-14 14:59:17.797920+00:00,-0.006954885316294516,False
2026-03-15 06:41:57.326208+00:00,-0.0026485175067332625,False
2026-03-15 14:33:16.934400+00:00,0.0037971880874259414,False
2026-03-15 20:50:20.521248+00:00,-0.003005030583217194,False
2026-03-16 07:50:11.692608+00:00,-0.0013330534994649527,False
2026-03-16 20:24:18.510336+00:00,0.0007558256336026165,False
2026-03-17 04:15:37.669248+00:00,-0.0001483277678349,False
2026-03-17 07:24:09.302400+00:00,-0.00034477545435339287,False
2026-03-17 13:41:12.549696+00:00,0.0018861833031584598,False
2026-03-17 19:58:15.737376+00:00,-0.0003689648359904412,False
2026-03-18 06:58:06.184704+00:00,-0.0033504461759267246,False
2026-03-18 13:15:09.228096+00:00,-0.0024623034342327425,False
2026-03-18 13:15:09.228960+00:00,0.00012009572776818938,False
2026-03-18 19:32:12.255936+00:00,0.00133381223048026,False
2026-03-19 06:32:02.394816+00:00,0.0035958533279236565,False
2026-03-19 12:49:05.295648+00:00,-0.0025979725898190864,False
2026-03-20 04:31:42.274272+00:00,-0.007083288922107002,False
2026-03-20 06:05:57.977664+00:00,0.01180259754368993,False
2026-03-20 12:23:00.704832+00:00,-0.0004891405986059364,False
2026-03-20 12:23:00.705696+00:00,0.00015612036495988904,False
2026-03-20 18:40:03.322272+00:00,-0.010190717998031005,False
2026-03-21 07:14:08.390400+00:00,0.007278673385586125,False
2026-03-21 11:56:55.192128+00:00,-0.006336457100341338,False
2026-03-21 18:13:57.540864+00:00,5.9680126029757266e-05,False
2026-03-22 06:48:01.980000+00:00,-0.0031517614964996915,False
2026-03-22 17:47:50.587872+00:00,-0.001839067785379931,False
2026-03-23 06:21:54.378144+00:00,0.004510447926718654,False
2026-03-23 11:04:40.741824+00:00,0.0011334597177452277,False
2026-03-23 17:21:42.478848+00:00,0.0016955048281379267,False
2026-03-24 07:30:01.161216+00:00,0.01036822331633979,False
2026-03-24 10:38:31.927776+00:00,0.0002438837327760606,False
2026-03-24 16:55:33.405600+00:00,0.0015766558912742,False
2026-03-25 10:12:22.186656+00:00,0.006431492295410839,False
2026-03-25 16:29:23.421696+00:00,-0.0009145904868694925,False
2026-03-26 05:03:25.717248+00:00,0.0037844322729798027,False
2026-03-26 06:37:40.981728+00:00,8.107900978356238e-05,False
2026-03-26 09:46:11.502912+00:00,0.0007991434795095766,False
2026-03-26 16:03:12.477888+00:00,0.0013537793063086688,False
2026-03-26 22:20:13.371648+00:00,-0.002301340645476588,False
2026-03-27 04:37:14.202336+00:00,0.0007612602720066808,False
2026-03-27 06:11:29.407200+00:00,0.004912083284026605,False
2026-03-27 09:19:59.784096+00:00,0.0003869901593028281,False
2026-03-27 15:37:00.474816+00:00,0.0024212686423958837,False
2026-03-27 23:28:16.222656+00:00,6.306645714927728e-05,False
2026-03-28 04:11:01.616928+00:00,-0.00019047012523699426,False
2026-03-28 07:19:31.840032+00:00,-0.0001441931268645058,False
2026-03-28 08:53:46.943808+00:00,-0.001459306487317861,False
2026-03-28 23:02:02.616864+00:00,-1.988230966981641e-05,False
2026-03-29 05:19:02.720064+00:00,-0.008093770642196515,False
2026-03-31 23:17:27.573792+00:00,-0.014264284843237607,False
2026-04-01 04:00:11.760192+00:00,-0.006627663298088744,False
2026-04-01 04:00:11.760192+00:00,0.0,False
2026-04-01 07:08:41.203104+00:00,0.009649514208526564,False
2026-04-01 21:16:53.362272+00:00,-0.0052148495028429415,False
2026-04-01 22:51:08.004672+00:00,-0.005361797161082038,False
2026-04-02 03:33:51.933600+00:00,0.0006907525075402678,False
2026-04-02 06:42:21.193344+00:00,0.0019410753615267569,False
2026-04-02 12:59:19.584960+00:00,-0.013302469634570841,False
2026-04-02 20:50:32.390880+00:00,0.0025369044699481494,False
2026-04-02 22:24:46.887264+00:00,-0.01470160766086178,False
2026-04-03 06:15:59.446080+00:00,-0.0033379635233620336,False
2026-04-03 12:32:57.316704+00:00,-0.0040439571118311216,False
2026-04-03 12:32:57.316704+00:00,0.0,False
2026-04-03 20:24:09.498816+00:00,-0.003870426546161463,False
2026-04-03 21:58:23.888064+00:00,-0.0034725230352156923,False
2026-04-04 05:49:35.812704+00:00,-0.0046628483676394925,False
2026-04-04 12:06:33.189984+00:00,-0.005262328284295882,False
2026-04-04 21:31:59.078784+00:00,-0.002696003021736188,False
2026-04-04 23:06:13.384224+00:00,0.005227095169989635,False
2026-04-05 05:23:10.476384+00:00,-0.009534158031806992,False
2026-04-05 11:40:07.472640+00:00,-0.0034825619019979125,False
2026-04-05 11:40:07.472640+00:00,0.0,False
2026-04-05 21:05:32.812800+00:00,-0.0005469558463047954,False
2026-04-05 22:39:47.022336+00:00,-0.0004772887800581472,False
2026-04-06 04:56:43.768032+00:00,-0.006120009866822353,False
2026-04-06 22:13:19.419744+00:00,-0.003908671433050105,False
2026-04-07 04:30:15.848352+00:00,-0.004285055415870893,False
2026-04-07 04:30:15.848352+00:00,0.0,False
2026-04-07 10:47:12.200064+00:00,-0.0023120754279758633,False
2026-04-08 22:54:34.792704+00:00,-0.0037498173571509086,False
2026-04-08 22:54:34.792704+00:00,0.0,False
2026-04-09 03:37:16.693824+00:00,0.0003778633360667343,False
2026-04-09 03:37:16.693824+00:00,0.0,False
2026-04-09 03:37:16.693824+00:00,0.0,False
2026-04-09 03:37:16.693824+00:00,0.0,False
2026-04-09 09:54:12.515040+00:00,-0.0019324288815584824,False
2026-04-09 09:54:12.515040+00:00,0.0,False
2026-04-09 20:53:50.055072+00:00,-0.006987572620675352,False
2026-04-09 20:53:50.055072+00:00,0.0,False
2026-04-09 22:28:03.962208+00:00,-1.95095767387592e-05,False
2026-04-10 03:10:45.687936+00:00,-0.0033348335837716653,False
2026-04-10 03:10:45.687936+00:00,0.0,False
2026-04-10 09:27:41.225760+00:00,-0.0015611885032419462,False
2026-04-10 23:35:46.002912+00:00,-0.003185628285826598,False
2026-04-11 02:44:13.691040+00:00,-0.00017558144826212204,False
2026-04-11 02:44:13.691040+00:00,0.0,False
2026-04-11 20:00:45.743328+00:00,0.004456271286015591,False
2026-04-17 22:03:58.300128+00:00,0.05156650070462007,False
2026-04-17 23:38:11.876352+00:00,-0.0002805060547359443,False
2026-04-18 15:20:27.336192+00:00,0.008895615566529201,False
2026-04-18 20:03:07.973280+00:00,0.0076909629187632625,False
2026-04-21 21:51:39.926592+00:00,0.036183844051339814,False
2026-04-22 15:08:06.731808+00:00,0.010355977457226093,False
2026-04-22 19:50:46.707936+00:00,0.000722876514681477,False
2026-04-22 21:25:00.019776+00:00,0.0003309611236629955,False
2026-04-23 14:41:26.226240+00:00,0.002536754176707033,False
2026-04-23 19:24:06.038208+00:00,0.00022562935641637187,False
2026-04-24 12:40:31.703808+00:00,0.0038139702368940667,False
2026-04-24 18:57:24.570144+00:00,0.0016520241681247834,False
2026-04-24 18:57:24.570144+00:00,0.0,False
2026-04-25 12:13:49.534176+00:00,-0.001178294273263665,False
2026-04-25 18:30:42.115392+00:00,0.0027339418661029152,False
2026-04-25 18:30:42.115392+00:00,0.0,False
2026-04-26 13:21:19.324224+00:00,0.0018172700631076191,False
2026-04-26 14:55:32.395872+00:00,0.0013666245725426351,False
2026-04-26 18:03:58.525344+00:00,-0.0030882066191465704,False
2026-04-26 18:03:58.525344+00:00,0.0,False
2026-04-27 00:20:50.698752+00:00,0.004176015886894056,False
2026-04-27 08:11:55.785696+00:00,-0.0019358910895058076,False
2026-04-27 12:54:34.801920+00:00,0.003522541937497011,False
2026-04-27 17:37:13.774944+00:00,0.002596286023167315,False
2026-04-27 17:37:13.774944+00:00,0.0,False
2026-04-27 23:54:05.652000+00:00,-0.002274839584370924,False
2026-04-28 07:45:10.395072+00:00,0.0004522231254899499,False
2026-04-28 12:27:49.178880+00:00,-0.0020393408784270765,False
2026-04-28 17:10:27.979968+00:00,0.003799558405023766,False
2026-04-28 17:10:27.979968+00:00,0.0,False
2026-04-28 23:27:19.596960+00:00,7.831796204796522e-05,False
2026-04-29 07:18:24.048864+00:00,0.004226286198528814,False
2026-04-29 13:35:15.543168+00:00,0.0005607759726813048,False
2026-04-29 15:09:28.395360+00:00,-0.0020006676079083866,False
2026-04-29 16:43:41.252736+00:00,0.00040053045325647756,False
2026-04-29 23:00:32.628672+00:00,-0.00040725906143278603,False
2026-04-30 06:51:36.758304+00:00,0.0014987423797405142,False
2026-04-30 13:08:28.016736+00:00,0.0036536098450008804,False
2026-04-30 14:42:40.824000+00:00,0.0018890688862730947,False
2026-04-30 16:16:53.620896+00:00,0.00019126715363249449,False
2026-05-01 07:59:01.263264+00:00,0.002626786407166126,False
2026-05-01 12:41:39.454368+00:00,-0.0018581386101674882,False
2026-05-01 15:50:04.892640+00:00,-0.00035981809489868573,False
2026-05-01 22:06:55.712160+00:00,0.0024351547694022035,False
2026-05-02 05:57:59.162688+00:00,0.0034317967953904627,False
2026-05-02 12:14:49.790400+00:00,-0.0014782313506781723,False
2026-05-02 15:23:15.101664+00:00,-3.718120633372339e-05,False
2026-05-02 21:40:05.642112+00:00,-0.0016723175924961056,False
2026-05-03 05:31:08.734080+00:00,0.004333351557339906,False
2026-05-03 07:05:21.338304+00:00,-0.0004709861956562556,False
2026-05-03 13:22:11.709408+00:00,0.002009272443877382,False
2026-05-03 14:56:24.298944+00:00,0.0017126489457566976,False
2026-05-03 21:13:14.594016+00:00,0.003689538248435098,False
2026-05-03 21:13:14.594016+00:00,0.0,False
2026-05-04 05:04:17.393088+00:00,0.004154937900869151,False
2026-05-04 12:55:20.096256+00:00,0.007314257670602519,False
2026-05-04 14:29:32.621856+00:00,-0.002271296458309534,False
2026-05-05 04:37:25.184640+00:00,0.011964637882922083,False
2026-05-05 07:45:50.138208+00:00,-0.008163142429228207,False
2026-05-05 12:28:27.541344+00:00,0.0008376887077864038,False
2026-05-05 14:02:40.039296+00:00,0.0071514085538242405,False
2026-05-05 14:02:40.039296+00:00,0.0,False
2026-05-06 05:44:44.492640+00:00,0.004542919882236769,False
2026-05-06 07:18:56.922336+00:00,8.136570286731027e-05,False
2026-05-06 12:01:34.192416+00:00,0.0032725825021282986,False
2026-05-06 13:35:46.607424+00:00,-1.7301949960927578e-06,False
2026-05-07 05:17:50.656416+00:00,0.00646926221717117,False
2026-05-07 06:52:03.043776+00:00,-0.00031228979488114733,False
2026-05-07 13:08:52.584576+00:00,0.0010143815053077314,False
2026-05-07 13:08:52.584576+00:00,0.0,False
2026-05-08 04:50:56.309568+00:00,0.011776301453219014,False
2026-05-08 06:25:08.677056+00:00,0.00287712284036569,False
2026-05-08 12:41:58.090848+00:00,0.004429711778196597,False
2026-05-08 18:58:47.455392+00:00,0.002387651321482975,False
2026-05-08 18:58:47.456256+00:00,4.424525201996931e-10,False
2026-05-09 04:24:01.434816+00:00,0.006448403995515689,False
2026-05-09 05:58:13.773792+00:00,0.004375495829607099,False
2026-05-09 12:15:03.053664+00:00,0.004267866469003862,False
2026-05-09 18:31:52.312800+00:00,0.006745505463993167,False
2026-05-09 18:31:52.312800+00:00,0.0,False
2026-05-10 03:57:06.130656+00:00,0.006214854806244686,False
2026-05-10 07:05:30.734304+00:00,0.004205828154279112,False
2026-05-10 11:48:07.612128+00:00,0.003122645050822535,False
2026-05-10 18:04:56.738208+00:00,0.0035082984263745086,False
2026-05-11 03:30:10.396224+00:00,0.007664622104595616,False
2026-05-11 05:04:22.665216+00:00,0.0011377777143525025,False
2026-05-11 11:21:11.727360+00:00,0.0059023214240797005,False
2026-05-11 17:38:00.760992+00:00,0.00566630031721742,False
2026-05-11 17:38:00.760992+00:00,0.0,False
2026-05-12 04:37:26.512608+00:00,0.008363575118900592,False
2026-05-12 07:45:51.009984+00:00,0.0019906978300705362,False
2026-05-12 10:54:15.486624+00:00,0.0017463489600268852,False
2026-05-12 17:11:04.418304+00:00,0.0039734522455027645,False
2026-05-12 17:11:04.418304+00:00,0.0,False
2026-05-13 04:10:29.971200+00:00,0.004804964776986775,False
2026-05-13 07:18:54.433152+00:00,0.005023445937233797,False
2026-05-13 10:27:18.857952+00:00,0.0017490888177574548,False
2026-05-13 10:27:18.857952+00:00,0.0,False
2026-05-14 05:17:45.241728+00:00,0.012652965311315632,False
2026-05-14 06:51:57.445056+00:00,0.001246318813946802,False
2026-05-14 16:17:10.558752+00:00,0.007101502915617801,False
2026-05-15 06:25:00.118272+00:00,0.009685804834145193,False
2026-05-16 05:58:02.271360+00:00,0.01955513337987945,False
2026-05-16 15:23:14.972928+00:00,0.00720394762891937,False
2026-05-16 23:14:15.484992+00:00,0.004618816803667892,False
2026-05-17 05:31:03.906048+00:00,0.007835510222978192,False
2026-05-17 07:05:16.029024+00:00,0.00487324549404594,False
2026-05-17 14:56:16.444320+00:00,0.0049887358995431876,False
2026-05-17 22:47:16.812096+00:00,0.003046645591197954,False
2026-05-18 05:04:05.038752+00:00,0.004030358587335768,False
2026-05-18 06:38:17.104704+00:00,0.0016362637402066145,False
2026-05-18 14:29:17.343744+00:00,0.0034067964900213153,False
2026-05-18 22:20:17.537856+00:00,0.0024725712474440217,False
2026-05-19 04:37:05.625408+00:00,0.0014544959844347248,False
2026-05-19 06:11:17.649024+00:00,0.003493303316829025,False
2026-05-19 14:02:17.723040+00:00,0.005714587682782943,False
2026-05-19 23:27:29.690208+00:00,0.0012700790359233098,False
2026-05-20 04:10:05.632320+00:00,0.0017384936409957953,False
2026-05-20 07:18:29.598336+00:00,0.002817233348693357,False
2026-05-20 13:35:17.481120+00:00,0.0029676083008790335,False
2026-05-20 23:00:29.213280+00:00,0.0016043824215515277,False
2026-05-21 06:51:28.901088+00:00,0.002288892302849635,False
2026-05-21 13:08:16.594656+00:00,0.002102258866751198,False
2026-05-21 20:59:16.145088+00:00,0.0021630932100646857,False
2026-05-21 22:33:28.047744+00:00,-0.0015345148385261238,False
2026-05-22 06:24:27.498816+00:00,0.0011169835149057571,False
2026-05-22 12:41:15.004032+00:00,0.0012779000624183485,False
2026-05-23 05:57:25.355232+00:00,0.0006706426215971756,False
2026-05-23 12:14:12.622848+00:00,-0.001036544224097203,False
2026-05-23 21:39:23.446944+00:00,0.001446163523325942,False
2026-05-24 03:56:10.576320+00:00,-0.003108185815966554,False
2026-05-24 22:46:31.622304+00:00,0.0016940900211533522,False
2026-05-25 05:03:18.491616+00:00,-0.0016258734713599649,False
2026-05-25 11:20:05.310816+00:00,0.00133000968256353,False
2026-05-26 04:36:13.688640+00:00,-0.0012521043170948473,False
2026-05-26 20:18:09.910656+00:00,-0.002828787349978719,False
2026-05-27 02:34:56.278848+00:00,-0.0033125960039036267,False
2026-05-27 19:51:03.316608+00:00,-0.0077703143451768805,False
2026-05-27 22:59:26.359872+00:00,-0.0004781668974258727,False
2026-05-28 03:42:00.872064+00:00,-0.00248970637740341,False
2026-05-28 09:58:46.807392+00:00,-0.0021757638672700655,False
2026-05-28 19:23:55.559616+00:00,-0.005273860834198257,False
2026-05-29 01:40:41.270304+00:00,-0.00270883496288514,False
2026-05-29 23:39:20.573856+00:00,-0.010313077293492186,False
2026-05-30 02:47:43.254240+00:00,-0.0008011228753269806,False
2026-05-30 15:21:13.665600+00:00,-0.010578910272860561,False
2026-05-30 20:03:47.521152+00:00,0.003914951457177978,False
2026-05-30 23:12:10.045152+00:00,-0.0007420553879942306,False
2026-05-31 02:20:32.559648+00:00,-0.0011666522519843629,False
2026-05-31 21:10:47.096256+00:00,-0.01037952460793961,False
2026-06-01 01:53:20.638176+00:00,-0.0004752236013485806,False
2026-06-01 22:17:45.441888+00:00,-0.008077774366047272,False
2026-06-02 01:26:07.648800+00:00,-0.000994072449624947,False
2026-06-02 21:50:31.535808+00:00,-0.00802663061197146,False
2026-06-03 00:58:53.608800+00:00,-0.00026468349320696045,False
2026-06-03 22:57:27.525312+00:00,-0.007789859619833278,False
2026-06-04 00:31:38.495712+00:00,-0.0003711870251764805,False
2026-06-04 17:47:38.749344+00:00,-0.00527406991227488,False
2026-06-04 20:56:00.561408+00:00,-0.0020521001116729004,False
2026-06-04 22:30:11.460096+00:00,0.0005283085926091492,False
2026-06-05 04:46:54.984864+00:00,-0.004434933098947772,False
2026-06-05 17:20:21.865920+00:00,0.006611916020617524,False
2026-06-05 20:28:43.538016+00:00,-7.399591675914981e-05,False
2026-06-05 23:37:05.136672+00:00,-0.005807260023595124,False
2026-06-06 20:01:25.372416+00:00,0.003354976710193261,False
2026-06-06 23:09:46.895040+00:00,0.004618943122900765,False
2026-06-07 21:08:16.972800+00:00,-0.004568577767424344,False
2026-06-07 22:42:27.652896+00:00,0.0014550566939739752,False
2026-06-08 20:40:56.904672+00:00,0.0008016444132197958,False
2026-06-08 22:15:07.532064+00:00,0.0009595911583562653,False
2026-06-09 15:31:04.224288+00:00,-0.00023654164406148454,False
2026-06-09 21:47:46.533408+00:00,-0.0024399842833970464,False
2026-06-10 11:55:21.504288+00:00,-0.002259543903484186,False
2026-06-10 15:03:42.620832+00:00,0.003484918338765404,False
2026-06-10 21:20:24.707904+00:00,-0.00280180956494332,False
2026-06-11 13:02:09.658176+00:00,-0.0003103452058314249,False
2026-06-11 20:53:01.989024+00:00,-0.005453468299521936,False
2026-06-11 20:53:01.989024+00:00,0.0,False
2026-06-12 20:25:38.328384+00:00,-0.0071521243670900625,False
2026-06-12 20:25:38.328384+00:00,0.0,False
2026-06-13 12:07:22.001664+00:00,-0.004978909081108374,False
2026-06-13 15:15:42.710400+00:00,-0.00015900430215225973,False
2026-06-13 19:58:13.713024+00:00,-0.0005631878113891587,False
2026-06-13 19:58:13.713024+00:00,0.0,False
2026-06-14 13:14:07.057248+00:00,-0.006273404708273013,False
2026-06-14 14:48:17.352000+00:00,0.0016116997810190375,False
2026-06-14 19:30:48.169728+00:00,-0.0013528055178799875,False
2026-06-14 19:30:48.170592+00:00,3.9934461788546713e-10,False
2026-06-15 12:46:40.948032+00:00,-0.001490540834728788,False
2026-06-15 14:20:51.179712+00:00,-0.0006500950114770141,False
2026-06-15 19:03:21.861792+00:00,-0.00047442282786917724,False
2026-06-16 12:19:14.119968+00:00,-0.002219496178849558,False
2026-06-16 13:53:24.311904+00:00,0.0009885075618278369,False
2026-06-16 18:35:54.858336+00:00,0.00011955526602917734,False
2026-06-17 11:51:46.617984+00:00,-0.000699737991534298,False
2026-06-17 15:00:06.909408+00:00,0.0005869836645661271,False
2026-06-17 18:08:27.182688+00:00,-0.0005338608989112585,False
2026-06-17 18:08:27.182688+00:00,0.0,False
2026-06-18 08:15:58.243104+00:00,-0.001554486601345429,False
2026-06-18 14:32:38.660064+00:00,-0.0002902308935284689,False
2026-06-18 14:32:38.660928+00:00,3.2915897984549226e-10,False
2026-06-19 07:48:29.535840+00:00,-0.0016535210176425418,False
2026-06-19 14:05:09.771360+00:00,0.0005545662026074805,False
2026-06-19 17:13:29.885664+00:00,0.0010861938352279424,False
2026-06-20 07:21:00.186624+00:00,-0.0018141564813553834,False
2026-06-20 12:03:30.236256+00:00,-0.00019678140294634213,False
2026-06-21 05:19:20.197920+00:00,-0.0017162037935515573,False
2026-06-21 13:10:10.080192+00:00,0.0010460825150225717,False
2026-06-22 15:50:59.163936+00:00,0.006008126169405582,False
2026-06-23 13:49:17.878368+00:00,0.0006805610463163185,False
2026-06-24 07:05:06.489600+00:00,0.003254043765468933,False
2026-06-25 06:37:33.996288+00:00,0.002056400299928686,False
2026-06-25 12:54:13.211424+00:00,0.001478308317805278,False
2026-06-26 06:10:00.803136+00:00,0.011416135970083355,False
2026-06-26 12:26:39.848928+00:00,0.004653331867515572,False
2026-06-26 12:26:39.849792+00:00,4.785046114240479e-10,False
2026-06-26 18:43:18.848064+00:00,0.006100895468755994,False
2026-06-27 07:16:36.672672+00:00,0.005859455324574762,False
2026-06-27 11:59:05.828928+00:00,0.003284611425070909,False
2026-06-27 18:15:44.676864+00:00,0.006490875253969927,False
2026-06-28 05:14:52.527264+00:00,0.009542532503082173,False
2026-06-28 08:23:11.894208+00:00,0.0031907001892351123,False
2026-06-28 11:31:31.257696+00:00,0.0030182443628983258,False
2026-06-29 11:03:56.154240+00:00,0.021114965697496525,False
2026-06-30 10:36:20.510784+00:00,0.01988888509974998,False
2026-06-30 10:36:20.510784+00:00,0.0,False
2026-07-01 03:52:05.964096+00:00,0.01875368285102396,False
2026-07-01 07:00:25.101216+00:00,0.0021975922949206226,False
2026-07-01 10:08:44.240928+00:00,0.0068374713062239936,False
2026-07-01 16:25:22.452960+00:00,0.00672670934074189,False
2026-07-02 06:32:48.274080+00:00,0.0197685824873021,False
2026-07-02 09:41:07.312704+00:00,0.004360129719638209,False
2026-07-02 15:57:45.376128+00:00,0.01038435407741643,False
2026-07-03 04:31:01.317216+00:00,0.011535841488939741,False
2026-07-03 09:13:29.771040+00:00,0.008719916105735505,False
2026-07-03 09:13:29.771040+00:00,0.0,False
2026-07-04 05:37:32.687904+00:00,0.016779346120174655,False
2026-07-04 07:11:42.116064+00:00,-0.0002447052883285889,False
2026-07-04 08:45:51.543360+00:00,0.0017604711913673356,False
2026-07-04 15:02:29.121216+00:00,-0.0012020627459523314,False
2026-07-04 22:53:16.113408+00:00,0.015292864114352264,False
2026-07-05 05:09:53.610048+00:00,0.0038396825109419976,False
2026-07-05 06:44:02.976864+00:00,0.0025240241183993838,False
2026-07-05 08:18:12.335904+00:00,4.573865442540582e-05,False
2026-07-05 08:18:12.335904+00:00,0.0,False
2026-07-06 06:16:23.066976+00:00,0.017429924440605135,False
2026-07-06 07:50:32.385408+00:00,0.0004825583669588241,False
2026-07-07 04:14:33.334080+00:00,0.010898749213756463,False
2026-07-07 07:22:51.911328+00:00,0.0008128408049584987,False
2026-07-07 21:30:15.372864+00:00,0.0007379040555733733,False
2026-07-08 05:21:01.721376+00:00,0.007377545407360903,False
2026-07-08 06:55:10.969824+00:00,-0.0010820982338588417,False
2026-07-08 06:55:10.970688+00:00,8.990328506288368e-06,False
2026-07-08 22:36:43.349760+00:00,-0.001721784697573961,False
2026-07-09 06:27:29.451168+00:00,0.0004977857114926033,False
2026-07-09 20:34:52.294080+00:00,0.00280103507821744,False
2026-07-10 05:59:47.407200+00:00,0.002478853104878987,False
2026-07-10 20:07:09.914016+00:00,0.003001932611731758,False
2026-07-11 03:57:55.707840+00:00,0.004611224585898884,False
2026-07-11 03:57:55.707840+00:00,0.0,False
2026-07-11 05:32:04.841376+00:00,-0.0012395390444369394,False
2026-07-11 05:32:04.841376+00:00,0.0,False
2026-07-11 05:32:04.842240+00:00,3.0936444208421626e-10,False
2026-07-11 05:32:04.842240+00:00,0.0,False
2026-07-11 21:13:36.238080+00:00,0.0016979820175341692,False
2026-07-11 21:13:36.238080+00:00,0.0,False
2026-07-11 22:47:45.367296+00:00,-0.000854638931001378,False
2026-07-11 22:47:45.367296+00:00,0.0,False
2026-07-12 05:04:21.847008+00:00,0.0003792650025147507,False
2026-07-12 05:04:21.847008+00:00,0.0,False
2026-07-12 20:45:52.872192+00:00,0.0026078075086089537,False
2026-07-12 20:45:52.872192+00:00,0.0,False
2026-07-13 04:36:38.318688+00:00,0.0032438593862703334,False
2026-07-13 04:36:38.318688+00:00,0.0,False
2026-07-13 20:18:09.114048+00:00,0.004444900159650496,False
2026-07-14 04:08:54.404160+00:00,-0.0012215937174779087,False
2026-07-14 19:50:24.830592+00:00,0.0023397291828523535,False
2026-07-14 22:58:42.888576+00:00,-0.0004467482888947131,False
2026-07-15 03:41:09.968640+00:00,8.597599026539254e-05,False
2026-07-15 20:56:49.095744+00:00,0.0031444466286233673,False
2026-07-15 22:30:58.106592+00:00,0.0011642104517318285,False
2026-07-16 03:13:25.101984+00:00,0.00041830972694423523,False
2026-07-16 20:29:03.905952+00:00,-0.0009670974250063358,False
2026-07-17 02:45:39.777408+00:00,-0.00047470140386481237,False
2026-07-17 09:02:15.622080+00:00,0.00040611220862808457,False
2026-07-17 18:27:09.343296+00:00,0.0014131332038350916,False
2026-07-17 23:09:36.161568+00:00,-0.0027484874103753934,False
2026-07-18 00:43:45.098976+00:00,-0.00017746123415742247,False
2026-07-18 16:25:14.365056+00:00,0.0019528037865429518,False
2026-07-18 21:07:41.120256+00:00,-0.0007918978154676628,False
2026-07-19 00:15:58.945824+00:00,2.4280810884974406e-05,False
2026-07-19 15:57:27.923328+00:00,0.0018936296242944572,False
2026-07-19 20:39:54.571392+00:00,-0.00024156687894675948,False
2026-07-20 07:38:56.677920+00:00,-0.002110318313227279,False
2026-07-20 15:29:40.975296+00:00,-0.0010002011447589228,False
2026-07-20 21:46:16.330080+00:00,-0.004614593468476492,False
2026-07-20 23:20:25.171584+00:00,-0.001814759158036704,False
2026-07-21 15:01:53.331744+00:00,-0.006089629332463469,False
2026-07-21 22:52:37.271424+00:00,-0.004208980933489008,False
2026-07-22 14:34:04.842336+00:00,0.0008606325761528512,False
2026-07-22 22:24:48.439872+00:00,-0.006842419504425417,False
2026-07-23 15:40:23.998656+00:00,-0.005777069019096123,False
2026-07-23 17:14:32.664768+00:00,0.0007704581407717184,False
2026-07-23 20:22:49.971072+00:00,-0.0001142890684520427,False
2026-07-23 21:56:58.619904+00:00,7.204431559794215e-05,False
2026-07-24 15:12:33.401952+00:00,-0.007123378482076059,False
2026-07-24 21:29:07.723392+00:00,-0.005175445057816232,False
2026-07-25 14:44:41.758080+00:00,-0.00689610454002134,False
2026-07-25 21:01:15.818592+00:00,-0.003553364897129761,False
2026-07-26 14:16:49.131840+00:00,-0.011208539774035187,False
2026-07-26 20:33:22.925376+00:00,-0.004999155218687119,False
2026-07-27 13:48:55.493856+00:00,-0.008455617748139445,False
2026-07-27 15:23:03.886080+00:00,6.789560654212176e-05,False
2026-07-27 20:05:29.022144+00:00,-0.003919808888149287,False
2026-07-28 21:11:42.367200+00:00,-0.01156559515899646,False
2026-07-29 03:28:15.497184+00:00,-0.003194596688648157,False
2026-07-29 20:43:46.234848+00:00,-0.014637729847188061,False
2026-07-30 18:41:40.886880+00:00,-0.013388567331171074,False
2026-07-31 15:05:26.562624+00:00,-0.00837898443169214,False
2026-07-31 18:13:42.765600+00:00,-0.001646616568525999,False
2026-08-01 02:04:23.170656+00:00,-0.0018868907168216268,False
2026-08-01 14:37:27.629184+00:00,-0.005178417679753012,False
2026-08-01 19:19:51.724992+00:00,-0.0024990849374812614,False
2026-08-02 01:36:23.805216+00:00,-0.0005185101981348139,False
2026-08-02 15:43:35.772960+00:00,0.0005088069306286823,False
2026-08-02 18:51:51.733152+00:00,-0.0015488095779146423,False
2026-08-03 15:15:34.942176+00:00,-0.007269072743330669,False
2026-08-03 18:23:50.764128+00:00,-0.0026459633378962772,False
2026-08-05 08:02:59.275392+00:00,-0.0066258190625099675,False
2026-08-05 15:53:38.297184+00:00,-0.0017368875904746877,False
2026-08-06 07:34:56.155008+00:00,-0.0004918888747958428,False
2026-08-06 15:25:35.031648+00:00,-0.00010074547061347285,False
2026-08-06 16:59:42.793152+00:00,-0.0006760568569791389,False
2026-08-07 07:06:52.541280+00:00,-0.004095420812817448,False
2026-08-07 16:31:38.972928+00:00,0.0019501653541033198,False
2026-08-07 22:48:09.878976+00:00,0.00031730503506615087,False
2026-08-07 22:48:09.879840+00:00,2.2924709467005928e-10,False
2026-08-08 06:38:48.485184+00:00,0.0028270937086973622,False
2026-08-08 12:55:19.327296+00:00,0.0003759021610929914,False
2026-08-08 14:29:27.025728+00:00,-0.0005435766928198107,False
2026-08-08 16:03:34.726752+00:00,0.0002565719254055635,False
2026-08-09 07:44:51.552096+00:00,-0.0001944901685666349,False
2026-08-09 12:27:14.536800+00:00,-0.0025899051949053184,False
2026-08-09 15:35:29.830848+00:00,-0.0035908569897433107,False
2026-08-10 05:42:38.702016+00:00,0.0030192469081837935,False
2026-08-10 11:59:09.234816+00:00,-0.000430590150097835,False
2026-08-10 15:07:24.514176+00:00,0.0006610057208086871,False
2026-08-11 05:14:33.076032+00:00,-0.0022608256149283974,False
2026-08-11 06:48:40.684608+00:00,-0.00012626346988487119,False
2026-08-11 13:05:11.117184+00:00,0.0012116031922016664,False
2026-08-11 20:55:49.108224+00:00,0.0004202427066903299,False
2026-08-11 20:55:49.108224+00:00,0.0,False
2026-08-12 04:46:27.058656+00:00,-0.0002482983787495934,False
2026-08-12 12:37:04.980576+00:00,0.0032291209089443064,False
2026-08-12 14:11:12.556320+00:00,0.0001738086208085926,False
2026-08-13 05:52:28.241184+00:00,0.0005481117966236182,False
2026-08-13 13:43:06.032640+00:00,0.001213362630323369,False
2026-08-14 05:24:21.451392+00:00,-0.0005287448404801554,False
2026-08-14 06:58:28.983936+00:00,0.0002706279230763678,False
2026-08-14 11:40:51.580704+00:00,0.0015471928334354701,False
2026-08-14 13:14:59.112384+00:00,0.000858398001114675,False
2026-08-14 19:31:29.205408+00:00,0.001514508071657622,False
2026-08-15 03:22:06.750624+00:00,-0.002177825305758968,False
2026-08-15 06:30:21.752640+00:00,-0.0005369720771032462,False
2026-08-15 09:38:36.809952+00:00,0.005309903633933164,False
2026-08-15 12:46:51.804192+00:00,0.0005733521442585995,False
2026-08-15 19:03:21.785760+00:00,0.0013110126733294255,False
2026-08-15 19:03:21.785760+00:00,0.0,False
2026-08-16 04:28:06.677760+00:00,-0.002280725076154162,False
2026-08-16 07:36:21.646080+00:00,0.0016465069820763068,False
2026-08-16 12:18:44.061408+00:00,0.0005211626815414868,False
2026-08-17 07:08:13.611264+00:00,0.004161292259979028,False
2026-08-17 11:50:35.947968+00:00,0.0008812225395337164,False
2026-08-18 06:40:05.077056+00:00,0.00035258599072651026,False
2026-08-18 11:22:27.306624+00:00,0.0011314751984142484,False
2026-08-19 04:37:48.637920+00:00,0.003820680038768537,False
2026-08-19 06:11:55.984704+00:00,-0.003020340944572656,False
2026-08-19 10:54:18.102816+00:00,0.0026794098299408077,False
2026-08-19 17:10:47.527104+00:00,0.0014728276914775448,False
2026-08-20 07:17:53.600640+00:00,0.0009186811947808071,False
2026-08-20 10:26:08.253600+00:00,0.0007000470675747354,False
2026-08-20 16:42:37.513728+00:00,0.00011728458302093063,False
2026-08-21 06:49:43.174272+00:00,-0.00203520627203169,False
2026-08-21 09:57:57.740832+00:00,-0.00019332252122380728,False
2026-08-21 09:57:57.741696+00:00,3.3119171324273865e-10,False
2026-08-22 00:05:03.138720+00:00,-0.001674605058743707,False
2026-08-22 06:21:32.122368+00:00,-0.0006445849739472945,False
2026-08-22 09:29:46.601664+00:00,-0.0011790499961608879,False
2026-08-22 23:36:51.587424+00:00,-0.004906811063618406,False
2026-08-23 07:27:27.585216+00:00,-0.0017239211627035431,False
2026-08-23 15:18:03.487104+00:00,-0.004190151173474585,False
2026-08-23 23:08:39.325056+00:00,-0.001942230070114603,False
2026-08-24 06:59:15.073152+00:00,-0.0035214640103434745,False
2026-08-24 08:33:22.215168+00:00,-0.0003659454006730385,False
2026-08-24 22:40:26.311872+00:00,-0.006295573289363716,False
2026-08-25 06:31:01.793856+00:00,-0.0029549395616209895,False
2026-08-25 06:31:01.794720+00:00,3.927613692530599e-10,False
2026-08-25 14:21:37.175616+00:00,-0.0020676721509626985,False
2026-08-25 22:12:12.484800+00:00,-0.0026670585602055815,False
2026-08-25 22:12:12.485664+00:00,3.714818520251831e-10,False
2026-08-26 21:43:57.899136+00:00,-0.011179734835013229,False
2026-08-26 23:18:04.898592+00:00,-0.00024696501515701066,False
2026-08-27 04:00:25.885728+00:00,-0.0021174620981695433,False
2026-08-27 21:15:42.559200+00:00,-0.008244846893649158,False
2026-08-27 22:49:49.516320+00:00,-0.0018738398428274137,False
2026-08-28 05:06:17.234208+00:00,-0.008813139830758102,False
2026-08-28 06:40:24.198240+00:00,0.008945072653782733,False
2026-08-28 20:47:26.472768+00:00,-0.002791229373276829,False
2026-08-28 22:21:33.344352+00:00,-0.0035549433351698486,False
2026-08-29 03:03:54.014400+00:00,-0.001004048876447932,False
2026-08-29 12:28:35.192064+00:00,-0.01141871568036388,False
2026-08-29 20:19:09.453216+00:00,0.0007685329376681538,False
2026-08-29 23:27:23.154048+00:00,0.0047004558952915745,False
2026-08-30 02:35:36.802176+00:00,-0.0021088618543217063,False
2026-08-30 12:00:17.591040+00:00,-0.008534940793876464,False
2026-08-30 21:24:58.278816+00:00,-0.004122070002886082,False
2026-08-30 22:59:05.052768+00:00,0.001343554864892876,False
2026-08-31 03:41:25.309824+00:00,-0.005437290972480251,False
2026-08-31 05:15:32.067360+00:00,0.0011712390390569553,False
2026-08-31 11:31:59.037024+00:00,-0.0019587779184119386,False
2026-08-31 20:56:39.376608+00:00,-0.006457068280905417,False
2026-08-31 22:30:46.088352+00:00,-0.0005950251694449471,False
2026-09-01 04:47:12.899040+00:00,-0.0016785126221033914,False
2026-09-01 11:03:39.659616+00:00,-0.0006403608022189627,False
2026-09-01 22:02:26.403360+00:00,-0.003914309771985775,False
2026-09-01 23:36:33.047712+00:00,-0.002186954433311632,False
2026-09-02 10:35:19.596192+00:00,-0.0014102332882260996,False
2026-09-02 23:08:12.629184+00:00,-0.0032228038401334765,False
2026-09-03 03:50:32.474112+00:00,-0.0004614753462396327,False
2026-09-03 17:57:31.837824+00:00,0.0030940844684170174,False
2026-09-03 21:05:45.005568+00:00,0.0017161114008487155,False
2026-09-03 22:39:51.573024+00:00,-0.0021121856608954585,False
2026-09-04 03:22:11.291808+00:00,-0.0009310268469521089,False
2026-09-04 09:38:37.525344+00:00,0.0009576177113604046,False
2026-09-04 17:29:10.277952+00:00,-0.0010160133916541046,False
2026-09-04 20:37:23.359296+00:00,3.0063193187775984e-05,False
2026-09-04 23:45:36.415584+00:00,-1.2635378392413313e-05,False
2026-09-05 02:53:49.482240+00:00,0.0006031861198419024,False
2026-09-05 09:10:15.564576+00:00,-0.0031546635235236656,False
2026-09-05 09:10:15.566304+00:00,6.231308008474055e-10,False
2026-09-05 20:09:01.094400+00:00,-0.0033297118134436726,False
2026-09-05 23:17:14.079840+00:00,-0.0008200736968476535,False
2026-09-06 02:25:27.072192+00:00,0.0015267820481713844,False
2026-09-06 08:41:52.986048+00:00,-0.0014114977151487651,False
2026-09-06 22:48:51.139296+00:00,-0.004764518096638134,False
2026-09-07 01:57:04.033152+00:00,-0.0010778350810134972,False
2026-09-07 22:20:27.498912+00:00,-0.007703790672060635,False
2026-09-08 01:28:40.297728+00:00,0.0008471008760548068,False
2026-09-08 23:26:09.373632+00:00,-0.004535436589043755,False
2026-09-09 01:00:15.700032+00:00,-0.0009897346783021193,False
2026-09-09 07:16:41.009952+00:00,0.002465137847698789,False
2026-09-09 22:57:44.026848+00:00,-0.004319720271208749,False
2026-09-10 00:31:50.304000+00:00,-0.0012217162574737475,False
2026-09-10 17:46:59.192832+00:00,-0.0006125696911066236,False
2026-09-10 20:55:11.676288+00:00,-0.0009667087465603536,False
2026-09-10 22:29:17.911968+00:00,-0.0008130785607099547,False
2026-09-11 00:03:24.150240+00:00,0.0005610658232688788,False
2026-09-11 15:44:26.299680+00:00,-0.0032227889369552815,False
2026-09-11 20:26:44.899584+00:00,0.00024277376603985996,False
2026-09-11 22:00:51.103296+00:00,0.0004489657900909197,False
2026-09-11 23:34:57.288864+00:00,-0.0004934695209259676,False
2026-09-12 19:58:17.438592+00:00,-0.0019716076143401207,False
2026-09-12 21:32:23.579232+00:00,-0.0008987374722132561,False
2026-09-12 23:06:29.719008+00:00,-0.0003060627932636125,False
2026-09-13 13:13:24.847392+00:00,-0.00266327624137146,False
2026-09-13 14:47:30.941376+00:00,-0.0019388228209305343,False
2026-09-13 21:03:55.340640+00:00,-0.0033555416943275105,False
2026-09-13 22:38:01.439808+00:00,0.00014363574427491126,False
2026-09-14 04:54:25.746624+00:00,-0.004713535504162321,False
2026-09-14 04:54:25.748352+00:00,6.986711889879337e-10,False
2026-09-14 14:19:02.141184+00:00,0.0013146336959236737,False
2026-09-14 20:35:26.348640+00:00,-0.0007774588209219779,False
2026-09-14 22:09:32.357952+00:00,-0.005242129201187693,False
2026-09-15 04:25:56.472960+00:00,-0.0013470926718358606,False
2026-09-15 13:50:32.542656+00:00,-0.0021529270643678555,False
2026-09-15 15:24:38.546784+00:00,-0.0004375417884944989,False
2026-09-15 21:41:02.534784+00:00,-4.178265908740854e-05,False
2026-09-16 21:12:31.787136+00:00,-0.012533622543650952,False
2026-09-17 14:27:36.724896+00:00,-0.003947127503691347,False
2026-09-17 20:44:00.229056+00:00,-0.005294398101210948,False
2026-09-18 15:33:10.492704+00:00,-0.0030612391101141057,False
2026-09-18 17:07:16.318848+00:00,-0.0008704302647739625,False
2026-09-18 20:15:27.973728+00:00,-0.0019206904285202055,False
2026-09-18 20:15:27.973728+00:00,0.0,False
2026-09-19 02:31:51.242016+00:00,-0.0016426423342409957,False
2026-09-19 11:56:26.063232+00:00,0.0007432315220710865,False
2026-09-19 19:46:55.007328+00:00,-0.003295498806384616,False
2026-09-19 19:46:55.007328+00:00,0.0,False
2026-09-20 13:01:58.361376+00:00,-0.0053834541144637295,False
2026-09-20 14:36:04.097664+00:00,-0.0015949361343253862,False
2026-09-20 19:18:21.305664+00:00,-0.0022833005244633133,False
2026-09-20 19:18:21.305664+00:00,0.0,False
2026-09-21 15:41:35.534400+00:00,-0.006663078682349971,False
2026-09-21 18:49:46.907616+00:00,-0.0031484678002978374,False
2026-09-22 13:38:54.862656+00:00,-0.006522957226321315,False
2026-09-22 15:13:00.502176+00:00,-0.001993239421307316,False
2026-09-23 14:44:24.693216+00:00,-0.01146390027488469,False
2026-09-23 17:52:35.868576+00:00,-0.001795834806422039,False
2026-09-24 07:59:25.922688+00:00,-0.005418043802339713,False
2026-09-24 17:23:59.148096+00:00,-0.0035002785974262984,False
2026-09-25 07:30:48.657024+00:00,-0.006497667265225951,False
2026-09-25 13:47:10.534272+00:00,-0.005604692367408782,False
2026-09-26 07:02:10.326048+00:00,-0.008621537088226567,False
2026-09-26 11:44:26.537856+00:00,-0.0032878511456658098,False
2026-09-26 14:52:37.337376+00:00,-0.0011724933812114905,False
2026-09-26 16:26:42.723744+00:00,-0.0014528338188322435,False
2026-09-27 08:07:36.410304+00:00,-0.009051077011778846,False
2026-09-28 07:38:56.340960+00:00,-0.00460803838395981,False
2026-09-28 13:55:17.539968+00:00,-0.004887345593666158,False
2026-09-29 05:36:10.372032+00:00,-0.002893415337936911,False
2026-09-29 13:26:36.710304+00:00,-0.0003121096920046234,False
2026-09-29 15:00:41.969664+00:00,-0.0004375235306338383,False
2026-09-30 06:41:34.437984+00:00,-0.0024841706009318225,False
2026-09-30 12:57:55.369152+00:00,-0.0018347918217355534,False
2026-09-30 20:48:21.475872+00:00,-0.0024220857667267325,False
2026-10-01 06:12:52.731360+00:00,-0.0028803867258303164,False
2026-10-01 14:03:18.739584+00:00,-0.0012981346184523044,False
2026-10-02 07:18:15.717312+00:00,-0.002034238616903484,False
2026-10-02 10:26:26.047680+00:00,-0.0014714682431936302,False
2026-10-02 19:50:56.992992+00:00,-0.002359039271706019,False
2026-10-03 06:49:32.997216+00:00,-0.0006014288965839245,False
2026-10-03 09:57:43.263648+00:00,-0.0009331438213200254,False
2026-10-03 19:22:13.977408+00:00,-0.004551247369109404,False
2026-10-04 06:20:49.733664+00:00,0.0019052596963112477,False
2026-10-04 09:28:59.920608+00:00,-0.0005505253129687417,False
2026-10-04 18:53:30.351840+00:00,-0.0060116233664277985,False
2026-10-05 05:52:05.725344+00:00,-0.0036733957233061436,False
2026-10-05 09:00:15.793056+00:00,-0.0038332181302254253,False
2026-10-06 05:23:20.973120+00:00,0.0020618274578882052,False
2026-10-06 06:57:25.956000+00:00,-0.0014082785057100838,False
2026-10-06 11:39:40.898592+00:00,-0.0015334317723642785,False
