t,norad_id,sat_name,pos_err_km,dr_r_km,dr_t_km,dr_n_km
2026-09-09 19:19:42+00:00,55501,STARLINK-5367,3.0600300638605877,-0.17584406520672186,3.048528094384274,-0.19834140821319557
2026-09-09 19:20:42+00:00,55501,STARLINK-5367,3.06990740686971,-0.19806053417794506,3.056765696718071,-0.20319199522209552
2026-09-09 19:21:42+00:00,55501,STARLINK-5367,3.0830671521277515,-0.22095072126441473,3.0681697850395517,-0.20692513977815175
2026-09-09 19:22:42+00:00,55501,STARLINK-5367,3.0992458781122005,-0.24439508155064826,3.082496395222323,-0.20931323548858094
2026-09-09 19:23:42+00:00,55501,STARLINK-5367,3.1187491678515893,-0.2683344470753165,3.100056402237162,-0.2103409124163571
2026-09-09 19:24:42+00:00,55501,STARLINK-5367,3.1417434571011547,-0.29274672288170445,3.1210168580993383,-0.2100120899845377
2026-09-09 19:25:42+00:00,55501,STARLINK-5367,3.1683711326224047,-0.3176450921757299,3.1455154586069076,-0.2083500158786158
2026-09-09 19:26:42+00:00,55501,STARLINK-5367,3.19872404161773,-0.3430903546874491,3.1736322298600097,-0.2053849374649661
2026-09-09 19:27:42+00:00,55501,STARLINK-5367,3.2328034820655516,-0.3690952614825317,3.2053574032140673,-0.20117395275500094
2026-09-09 19:28:42+00:00,55501,STARLINK-5367,3.2706288245596493,-0.39557306211776455,3.2407093105118157,-0.19580098398435075
2026-09-09 19:29:42+00:00,55501,STARLINK-5367,3.312243809261381,-0.4224842619079018,3.279726517596768,-0.1893675531949981
2026-09-09 19:30:42+00:00,55501,STARLINK-5367,3.3576371623813,-0.44980628952208423,3.322392994161454,-0.18195166516745798
2026-09-09 19:31:42+00:00,55501,STARLINK-5367,3.4066818352233397,-0.47742342761937295,3.36858836679917,-0.17366753371350907
2026-09-09 19:32:42+00:00,55501,STARLINK-5367,3.4592674894766438,-0.5051559167084512,3.418223892281815,-0.16460402728441403
2026-09-09 19:33:42+00:00,55501,STARLINK-5367,3.5152863815150104,-0.5328004437951831,3.4712240943397914,-0.1548073578078355
2026-09-09 19:34:42+00:00,55501,STARLINK-5367,3.574634129059845,-0.5601382418535243,3.5275250894789774,-0.14429500943904222
2026-09-09 19:35:42+00:00,55501,STARLINK-5367,3.637229219986959,-0.5869548451621633,3.5870894732622216,-0.1330771177887542
2026-09-09 19:36:42+00:00,55501,STARLINK-5367,3.7030179583355816,-0.6130637519659354,3.649906195565955,-0.12115939645989654
2026-09-09 19:37:42+00:00,55501,STARLINK-5367,3.771966350046948,-0.6383337217327281,3.71597589405727,-0.10855118778994699
2026-09-09 19:38:42+00:00,55501,STARLINK-5367,3.8440285650954924,-0.6626963417880866,3.785275531319857,-0.09528021747443452
2026-09-09 19:39:42+00:00,55501,STARLINK-5367,3.919114961624218,-0.6861219383844438,3.8577290600931926,-0.08139574317407026
2026-09-09 19:40:42+00:00,55501,STARLINK-5367,3.9970559320836028,-0.7085744470499442,3.9331785781951467,-0.06696752361697234
2026-09-09 19:41:42+00:00,55501,STARLINK-5367,4.077674965320239,-0.729962087488755,4.011468116692647,-0.05207708120488552
2026-09-09 19:42:42+00:00,55501,STARLINK-5367,4.160755705358694,-0.7501448210355324,4.09240956997574,-0.036806232073769984
2026-09-09 19:43:42+00:00,55501,STARLINK-5367,4.2461220422523605,-0.7689858688421188,4.175854747475406,-0.021219312185023598
2026-09-09 19:44:42+00:00,55501,STARLINK-5367,4.333601404025822,-0.786368759411023,4.2616541983928045,-0.005366238713431448
2026-09-09 19:45:42+00:00,55501,STARLINK-5367,4.423019177286307,-0.8021826694485162,4.349653660000668,0.010707264901754332
2026-09-09 19:46:42+00:00,55501,STARLINK-5367,4.514205362089771,-0.8163381416622157,4.439697579667836,0.026972035130514715
2026-09-09 19:47:42+00:00,55501,STARLINK-5367,4.606980434212332,-0.8287639424119722,4.531614865438719,0.043425341769825376
2026-09-09 19:48:42+00:00,55501,STARLINK-5367,4.701149182745344,-0.8393833551511805,4.625216825067727,0.06007114642464395
2026-09-09 19:49:42+00:00,55501,STARLINK-5367,4.796501003431344,-0.8480929303831537,4.720301722552453,0.07688891610862547
2026-09-09 19:50:42+00:00,55501,STARLINK-5367,4.8928611555803565,-0.854799611443162,4.816700783065843,0.09381619517246742
2026-09-09 19:51:42+00:00,55501,STARLINK-5367,4.990063256690858,-0.8595009390587129,4.914236175931121,0.11078018190645733
2026-09-09 19:52:42+00:00,55501,STARLINK-5367,5.087931069116479,-0.8622375262959784,5.012712557752268,0.12767860306435175
2026-09-09 19:53:42+00:00,55501,STARLINK-5367,5.1862092758418505,-0.8630287418277192,5.111857987729049,0.14441591635974582
2026-09-09 19:54:42+00:00,55501,STARLINK-5367,5.284656307400672,-0.8618702503047796,5.211419301425794,0.1608751805468316
2026-09-09 19:55:42+00:00,55501,STARLINK-5367,5.383062495340375,-0.8587390616692443,5.311178755345518,0.17694428917037808
2026-09-09 19:56:42+00:00,55501,STARLINK-5367,5.481279090055114,-0.8536450731603384,5.410974523823775,0.1925233873444232
2026-09-09 19:57:42+00:00,55501,STARLINK-5367,5.579199553372413,-0.8466920529498017,5.510672438979755,0.20753191101970403
2026-09-09 19:58:42+00:00,55501,STARLINK-5367,5.6766923664692905,-0.8380816201361672,5.610098973760096,0.22191197835306475
2026-09-09 19:59:42+00:00,55501,STARLINK-5367,5.773554294561124,-0.8280500108866294,5.709005254899917,0.23562973335509252
2026-09-09 20:00:42+00:00,55501,STARLINK-5367,5.869515418640561,-0.8168174962927001,5.807080603965176,0.2486670192463203
2026-09-09 20:01:42+00:00,55501,STARLINK-5367,5.964247903111762,-0.8045667572744989,5.903964512422873,0.26101421209044195
2026-09-09 20:02:42+00:00,55501,STARLINK-5367,6.057361597976785,-0.7914282397008865,5.999242761678959,0.27268508666674407
2026-09-09 20:03:42+00:00,55501,STARLINK-5367,6.148470642605292,-0.7774513577098894,6.092519629960984,0.28366386430821766
2026-09-09 20:04:42+00:00,55501,STARLINK-5367,6.237156255529517,-0.7625728821544747,6.183379042838004,0.29398021682656506
2026-09-09 20:05:42+00:00,55501,STARLINK-5367,6.323114035177786,-0.7466531351803549,6.271529043404673,0.30365054803070235
2026-09-09 20:06:42+00:00,55501,STARLINK-5367,6.406178872481215,-0.7295853814908299,6.356811241580395,0.3127039434620169
2026-09-09 20:07:42+00:00,55501,STARLINK-5367,6.486262873105595,-0.7113301487738867,6.43913477168965,0.3211835464195638
2026-09-09 20:08:42+00:00,55501,STARLINK-5367,6.563332401311488,-0.6919123195153999,6.5184577396729075,0.3290869920042607
2026-09-09 20:09:42+00:00,55501,STARLINK-5367,6.6373692287085175,-0.6714560834328975,6.594746435551549,0.33635763259927254
2026-09-09 20:10:42+00:00,55501,STARLINK-5367,6.708313551890566,-0.6501212322439249,6.667923003750799,0.3429517603325105
2026-09-09 20:11:42+00:00,55501,STARLINK-5367,6.776088870761494,-0.628043235462697,6.737896248743219,0.3488498531164579
2026-09-09 20:12:42+00:00,55501,STARLINK-5367,6.840612864665395,-0.6053399046318046,6.8045724847168785,0.3540356822695081
2026-09-09 20:13:42+00:00,55501,STARLINK-5367,6.901787566310349,-0.5820960278157745,6.867847008415856,0.3584875086674737
2026-09-09 20:14:42+00:00,55501,STARLINK-5367,6.959505130676979,-0.5583501787989891,6.927610382989828,0.36217554203155
2026-09-09 20:15:42+00:00,55501,STARLINK-5367,7.013718695575851,-0.534118752993124,6.98381988080734,0.3650026997317197
2026-09-09 20:16:42+00:00,55501,STARLINK-5367,7.064357116868035,-0.5094194103687717,7.0364082687808045,0.3668678427127374
2026-09-09 20:17:42+00:00,55501,STARLINK-5367,7.111391967512259,-0.4842764855832289,7.085351864354279,0.36764243416717957
2026-09-09 20:18:42+00:00,55501,STARLINK-5367,7.154836320306801,-0.4587323968820518,7.130666942663339,0.36720064166678124
2026-09-09 20:19:42+00:00,55501,STARLINK-5367,7.194734929064325,-0.4328406300641541,7.172398438964255,0.36545905544534873
2026-09-09 20:20:42+00:00,55501,STARLINK-5367,7.231197604161255,-0.4066524015191235,7.210655745883,0.3623483532882401
2026-09-09 20:21:42+00:00,55501,STARLINK-5367,7.264416632969166,-0.3803206269347237,7.245627000210059,0.35776334624165496
2026-09-09 20:22:42+00:00,55501,STARLINK-5367,7.294546651819342,-0.3541358763448277,7.2774549320812145,0.3516366707001276
2026-09-09 20:23:42+00:00,55501,STARLINK-5367,7.321659381720329,-0.32836917384009046,7.306200369962168,0.34395630764612517
2026-09-09 20:24:42+00:00,55501,STARLINK-5367,7.345825615983721,-0.30322005652280626,7.331929055964182,0.3347056857496332
2026-09-09 20:25:42+00:00,55501,STARLINK-5367,7.367127920069737,-0.2788769677373768,7.3547200488470414,0.32387409687103863
2026-09-09 20:26:42+00:00,55501,STARLINK-5367,7.385697198417864,-0.2555339844935415,7.3747002181560015,0.31148383877202424
2026-09-09 20:27:42+00:00,55501,STARLINK-5367,7.401600590494068,-0.23336673029457897,7.391932418517063,0.29760105925590724
2026-09-09 20:28:42+00:00,55501,STARLINK-5367,7.414911240701818,-0.21248627422016164,7.4064882585312555,0.28229411434325863
2026-09-09 20:29:42+00:00,55501,STARLINK-5367,7.425742478492742,-0.19294881912977802,7.418481473292707,0.26562142327159716
2026-09-09 20:30:42+00:00,55501,STARLINK-5367,7.434255222465115,-0.17480042934730855,7.42807313166823,0.2476389978140937
2026-09-09 20:31:42+00:00,55501,STARLINK-5367,7.440649380973944,-0.15808216426410993,7.435462274757373,0.2284162879249838
2026-09-09 20:32:42+00:00,55501,STARLINK-5367,7.445166320136007,-0.14284448726552001,7.44088783169955,0.20805110672846094
2026-09-09 20:33:42+00:00,55501,STARLINK-5367,7.448069347969984,-0.12915923877124702,7.444609312944542,0.18667372827855666
2026-09-09 20:34:42+00:00,55501,STARLINK-5367,7.449621512975538,-0.11711276742787557,7.4468855681225925,0.1644403283284792
2026-09-09 20:35:42+00:00,55501,STARLINK-5367,7.4500760621846025,-0.10679127259857824,7.447966063536711,0.1415290529831199
2026-09-09 20:36:42+00:00,55501,STARLINK-5367,7.4496600153834,-0.09827484118435348,7.4480752121715,0.11811872937360146
2026-09-09 20:37:42+00:00,55501,STARLINK-5367,7.448628607656216,-0.09162837066559382,7.447466771953694,0.09439839579867426
2026-09-09 20:38:42+00:00,55501,STARLINK-5367,7.4471815381651805,-0.08688644173540383,7.446340823506453,0.07051204728361204
2026-09-09 20:39:42+00:00,55501,STARLINK-5367,7.44554400080446,-0.08406323922121617,7.44492372728548,0.046578263477901505
2026-09-09 20:40:42+00:00,55501,STARLINK-5367,7.443955956074779,-0.08318288253417383,7.443456590820101,0.022690628270403135
2026-09-09 20:41:42+00:00,55501,STARLINK-5367,7.442653080630405,-0.08428805120033123,7.442175707796315,-0.0010664560655992972
2026-09-09 20:42:42+00:00,55501,STARLINK-5367,7.441852463664733,-0.0874246250557118,7.441298226441315,-0.024611603931455672
2026-09-09 20:43:42+00:00,55501,STARLINK-5367,7.441749286805742,-0.09262369783834257,7.44101888305244,-0.04786732005849137
2026-09-09 20:44:42+00:00,55501,STARLINK-5367,7.442518771768812,-0.09989154387049681,7.441511958268718,-0.07076102414460816
2026-09-09 20:45:42+00:00,55501,STARLINK-5367,7.444317845623448,-0.10919572111343068,7.442933070899935,-0.0932297337887813
2026-09-09 20:46:42+00:00,55501,STARLINK-5367,7.447299756875483,-0.12045343749107695,7.445434150364987,-0.11521697241732332
2026-09-09 20:47:42+00:00,55501,STARLINK-5367,7.451617983462042,-0.13353683997993182,7.449167574693883,-0.13667819120964841
2026-09-09 20:48:42+00:00,55501,STARLINK-5367,7.457493972725612,-0.14829263552369565,7.454355156242562,-0.1575273058495914
2026-09-09 20:49:42+00:00,55501,STARLINK-5367,7.465130608179672,-0.16456535681312318,7.46120035119197,-0.17771482743650724
2026-09-09 20:50:42+00:00,55501,STARLINK-5367,7.474758599948275,-0.1822180798467166,7.469935459367831,-0.19717234024269858
2026-09-09 20:51:42+00:00,55501,STARLINK-5367,7.48660886004558,-0.20113928221666832,7.480793724923524,-0.21582506250935785
2026-09-09 20:52:42+00:00,55501,STARLINK-5367,7.500901219848471,-0.22124161883326565,7.493997849253211,-0.23359685658967067
2026-09-09 20:53:42+00:00,55501,STARLINK-5367,7.517833161343158,-0.24246102792426288,7.509748457379141,-0.25041205765773356
2026-09-09 20:54:42+00:00,55501,STARLINK-5367,7.537559873640808,-0.26474173481538466,7.528204351690746,-0.2661952323981036
2026-09-09 20:55:42+00:00,55501,STARLINK-5367,7.560193298618315,-0.2880094973149052,7.5494823257418044,-0.28087337937549917
2026-09-09 20:56:42+00:00,55501,STARLINK-5367,7.58581986992309,-0.31216059016797426,7.57367509160825,-0.2943883007504189
2026-09-09 20:57:42+00:00,55501,STARLINK-5367,7.614513750298233,-0.3370713436085113,7.600864142689829,-0.30670319067594853
2026-09-09 20:58:42+00:00,55501,STARLINK-5367,7.646328621041125,-0.3626045767237127,7.631111627186042,-0.3177965313178781
2026-09-09 20:59:42+00:00,55501,STARLINK-5367,7.681292115982825,-0.38860100332252245,7.664454844435881,-0.3276732654336878
2026-09-09 21:00:42+00:00,55501,STARLINK-5367,7.719476048817223,-0.4148889109363878,7.700978832110973,-0.3363074296287212
2026-09-09 21:01:42+00:00,55501,STARLINK-5367,7.760895755666109,-0.44130249284983725,7.740712451098357,-0.34369432571925573
2026-09-09 21:02:42+00:00,55501,STARLINK-5367,7.805528148119278,-0.46764755268258673,7.783649637203881,-0.3498196146704955
2026-09-09 21:03:42+00:00,55501,STARLINK-5367,7.853393149771715,-0.49363876146144037,7.829835881546132,-0.354647439179824
2026-09-09 21:04:42+00:00,55501,STARLINK-5367,7.9046345806409075,-0.5190903276052936,7.87944111877435,-0.3580513105948344
2026-09-09 21:05:42+00:00,55501,STARLINK-5367,7.95933178859436,-0.5440088952385866,7.93255948977122,-0.3598844037612079
2026-09-09 21:06:42+00:00,55501,STARLINK-5367,8.017441071763386,-0.5683947533410487,7.989157727760117,-0.36006602803320686
2026-09-09 21:07:42+00:00,55501,STARLINK-5367,8.07893294084232,-0.5922283701467572,8.04921461729289,-0.3585624980096571
2026-09-09 21:08:42+00:00,55501,STARLINK-5367,8.143759825813103,-0.6155749615945252,8.11268227995833,-0.35535586618975623
2026-09-09 21:09:42+00:00,55501,STARLINK-5367,8.2117632521474,-0.6384986301395115,8.179399215636849,-0.3504335598479278
2026-09-09 21:10:42+00:00,55501,STARLINK-5367,8.282713946543065,-0.6609780864632404,8.249136466215639,-0.3438107782280717
2026-09-09 21:11:42+00:00,55501,STARLINK-5367,8.356418461403857,-0.6829230788585905,8.321704993805193,-0.335516864749287
2026-09-09 21:12:42+00:00,55501,STARLINK-5367,8.432640195439605,-0.7041719799896821,8.396877014144067,-0.3256054325101422
2026-09-09 21:13:42+00:00,55501,STARLINK-5367,8.511193195417574,-0.7245042957629002,8.474481052343755,-0.3141242248063887
2026-09-09 21:14:42+00:00,55501,STARLINK-5367,8.591945328689475,-0.7436935844349443,8.554400791507119,-0.30111705684262624
2026-09-09 21:15:42+00:00,55501,STARLINK-5367,8.67480747825362,-0.7615499047717244,8.636560218888468,-0.2866253876060057
2026-09-09 21:16:42+00:00,55501,STARLINK-5367,8.759718861643249,-0.7779594446406943,8.720904739711724,-0.2706919991362974
2026-09-09 21:17:42+00:00,55501,STARLINK-5367,8.846603394902013,-0.7928966965048431,8.807355383162394,-0.25337247294043674
2026-09-09 21:18:42+00:00,55501,STARLINK-5367,8.93533028562234,-0.806389975749672,8.895771999211313,-0.23474040601960144
2026-09-09 21:19:42+00:00,55501,STARLINK-5367,9.025695097807175,-0.8184662274837968,8.985939594357559,-0.21488285088855386
2026-09-09 21:20:42+00:00,55501,STARLINK-5367,9.11744864733951,-0.8290939394782595,9.077603054109527,-0.19389654049219396
2026-09-09 21:21:42+00:00,55501,STARLINK-5367,9.210344050324311,-0.8381874239488991,9.17051452686115,-0.171879842642916
2026-09-09 21:22:42+00:00,55501,STARLINK-5367,9.304211359621814,-0.8456608276189401,9.264503109136841,-0.14895949093696803
2026-09-09 21:23:42+00:00,55501,STARLINK-5367,9.398841296793208,-0.8514351537059635,9.35935808854209,-0.1252679998278956
2026-09-09 21:24:42+00:00,55501,STARLINK-5367,9.49405659966311,-0.855424721065885,9.4549018105558,-0.10095056683691883
2026-09-09 21:25:42+00:00,55501,STARLINK-5367,9.589706426207313,-0.8575579637728161,9.550982512654183,-0.07613621073851773
2026-09-09 21:26:42+00:00,55501,STARLINK-5367,9.685667758094572,-0.8577943067145448,9.647474076114094,-0.050919527367759176
2026-09-09 21:27:42+00:00,55501,STARLINK-5367,9.781840046723197,-0.8561792728869417,9.744265424591525,-0.02535916928099713
2026-09-09 21:28:42+00:00,55501,STARLINK-5367,9.878067875827803,-0.852841014043282,9.841183207150186,0.0004975259345343375
2026-09-09 21:29:42+00:00,55501,STARLINK-5367,9.974108948605831,-0.8478885626114356,9.93796894745246,0.026598938367855318
2026-09-09 21:30:42+00:00,55501,STARLINK-5367,10.069690866994085,-0.8413434084446623,10.034341972825903,0.052882873174616485
2026-09-09 21:31:42+00:00,55501,STARLINK-5367,10.16458409012442,-0.8331728859460972,10.130069719172235,0.07924741033301608
2026-09-09 21:32:42+00:00,55501,STARLINK-5367,10.258597428465455,-0.8233822437225531,10.224955851776732,0.10554955829946167
2026-09-09 21:33:42+00:00,55501,STARLINK-5367,10.351593368248444,-0.8120397531531603,10.318854509546997,0.13159905647751646
2026-09-09 21:34:42+00:00,55501,STARLINK-5367,10.443387309862556,-0.7992372617001275,10.411571871329611,0.15725606966472316
2026-09-09 21:35:42+00:00,55501,STARLINK-5367,10.533826547402292,-0.785058372318669,10.502948680268581,0.18235707404470425
2026-09-09 21:36:42+00:00,55501,STARLINK-5367,10.62280808821491,-0.769606801985768,10.592876117348517,0.20671867813219436
2026-09-09 21:37:42+00:00,55501,STARLINK-5367,10.710240174532558,-0.7530629075534039,10.681253319652475,0.23014859298150814
2026-09-09 21:38:42+00:00,55501,STARLINK-5367,10.795980115256295,-0.735635619890992,10.76792893307313,0.25245470097332134
2026-09-09 21:39:42+00:00,55501,STARLINK-5367,10.879869606929804,-0.7175139979207374,10.852739751658678,0.27345238954925577
2026-09-09 21:40:42+00:00,55501,STARLINK-5367,10.96174082801275,-0.6988986008921889,10.935513564179038,0.29299456283166947
2026-09-09 21:41:42+00:00,55501,STARLINK-5367,11.041374255108108,-0.6799783223366093,11.016027676632731,0.3109809482557706
2026-09-09 21:42:42+00:00,55501,STARLINK-5367,11.118514571879036,-0.6608704339784748,11.094028610681587,0.3273312388973295
2026-09-09 21:43:42+00:00,55501,STARLINK-5367,11.192936832667577,-0.6416156852080719,11.169297882633986,0.3419781594918234
2026-09-09 21:44:42+00:00,55501,STARLINK-5367,11.264463108346325,-0.6222370963311585,11.241663887567919,0.35488470549746776
2026-09-09 21:45:42+00:00,55501,STARLINK-5367,11.332979998945031,-0.6027385195492756,11.311020601054302,0.36599849188875044
2026-09-09 21:46:42+00:00,55501,STARLINK-5367,11.398385356716712,-0.5830592003163471,11.37727327083396,0.37534468146967903
2026-09-09 21:47:42+00:00,55501,STARLINK-5367,11.460672684168928,-0.5631513321019628,11.440420034213904,0.3829730950924901
2026-09-09 21:48:42+00:00,55501,STARLINK-5367,11.519866787887791,-0.5430418833675708,11.500486565443566,0.3889024063190467
2026-09-09 21:49:42+00:00,55501,STARLINK-5367,11.575996390451289,-0.5227901736645895,11.557501409306854,0.3931208973472833
2026-09-09 21:50:42+00:00,55501,STARLINK-5367,11.629096785000785,-0.5024115211695488,11.611499249486785,0.39567648082685825
2026-09-09 21:51:42+00:00,55501,STARLINK-5367,11.679257189445583,-0.48194960040643053,11.662565348297257,0.3966643122092268
2026-09-09 21:52:42+00:00,55501,STARLINK-5367,11.726521189281968,-0.4616022182238608,11.710732900001998,0.396178671334789
2026-09-09 21:53:42+00:00,55501,STARLINK-5367,11.7707776450132,-0.4415592490733453,11.755881405136018,0.39431483141955814
2026-09-09 21:54:42+00:00,55501,STARLINK-5367,11.811882450058695,-0.42185150366970126,11.797865219514282,0.3911324392472033
2026-09-09 21:55:42+00:00,55501,STARLINK-5367,11.849760945713623,-0.40240960158161654,11.836612580193856,0.3866569662003436
2026-09-09 21:56:42+00:00,55501,STARLINK-5367,11.88447501757388,-0.3831380884341735,11.8721891053506,0.38089039804549607
2026-09-09 21:57:42+00:00,55501,STARLINK-5367,11.916125094666526,-0.36395018701330395,11.90469735762382,0.37384268950824073
2026-09-09 21:58:42+00:00,55501,STARLINK-5367,11.944899814850029,-0.344825752164138,11.93432616757148,0.3654937940202241
2026-09-09 21:59:42+00:00,55501,STARLINK-5367,11.970999166217515,-0.3258221427022967,11.961272703508861,0.35583181588942425
2026-09-09 22:00:42+00:00,55501,STARLINK-5367,11.99464905092988,-0.3070143279048664,11.985759399610155,0.34484731707093397
2026-09-09 22:01:42+00:00,55501,STARLINK-5367,12.016112511007954,-0.2885637821368026,12.008044806306232,0.33249173009664457
2026-09-09 22:02:42+00:00,55501,STARLINK-5367,12.03558514972672,-0.27072071675044895,12.028317965730064,0.3187273209812284
2026-09-09 22:03:42+00:00,55501,STARLINK-5367,12.05320527169458,-0.253697887272137,12.046710853235554,0.3035660095207636
2026-09-09 22:04:42+00:00,55501,STARLINK-5367,12.069125071129923,-0.23767004616895127,12.063370116769155,0.28704417355494904
2026-09-09 22:05:42+00:00,55501,STARLINK-5367,12.083485746413478,-0.22282631882888948,12.078430933105196,0.2692255738639737
2026-09-09 22:06:42+00:00,55501,STARLINK-5367,12.096367434009942,-0.20933477946864687,12.091967795097503,0.2501977038382308
2026-09-09 22:07:42+00:00,55501,STARLINK-5367,12.107882819540004,-0.1972928881037126,12.104089039170528,0.2300661205991883
2026-09-09 22:08:42+00:00,55501,STARLINK-5367,12.118135287606206,-0.18674138207377444,12.114894781140457,0.20893766257834168
2026-09-09 22:09:42+00:00,55501,STARLINK-5367,12.127283793636998,-0.17770269165021935,12.124540770145238,0.18693602616084748
2026-09-09 22:10:42+00:00,55501,STARLINK-5367,12.135503145480294,-0.17020363902976499,12.133198607692673,0.16419153908699569
2026-09-09 22:11:42+00:00,55501,STARLINK-5367,12.142959716330068,-0.1642637468202599,12.141031534809889,0.1408593789818262
2026-09-09 22:12:42+00:00,55501,STARLINK-5367,12.149814120604923,-0.15986790765868042,12.148197675237052,0.11712668661203374
2026-09-09 22:13:42+00:00,55501,STARLINK-5367,12.15624066183017,-0.15696595810823677,12.154870002310066,0.09318767767944003
2026-09-09 22:14:42+00:00,55501,STARLINK-5367,12.162431510710203,-0.1554982904536506,12.161240446564433,0.06921947144951623
2026-09-09 22:15:42+00:00,55501,STARLINK-5367,12.168591031738702,-0.15540794204063024,12.167514030578761,0.045369427274468244
2026-09-09 22:16:42+00:00,55501,STARLINK-5367,12.174940931632092,-0.15666342854899762,12.173913512186033,0.021749866669409812
2026-09-09 22:17:42+00:00,55501,STARLINK-5367,12.18167290026701,-0.15927377862144398,12.180631513562995,-0.0015631184839994816
2026-09-09 22:18:42+00:00,55501,STARLINK-5367,12.188984284742396,-0.1632544933518303,12.187866428068432,-0.024449860121801947
2026-09-09 22:19:42+00:00,55501,STARLINK-5367,12.19700677633298,-0.1686036527075021,12.19575158643812,-0.04680119761756085
2026-09-09 22:20:42+00:00,55501,STARLINK-5367,12.205882208172353,-0.17529425489049033,12.204431208625364,-0.06849290410023201
2026-09-09 22:21:42+00:00,55501,STARLINK-5367,12.215763969598404,-0.18328703886164632,12.214061587509963,-0.08941341531034386
2026-09-09 22:22:42+00:00,55501,STARLINK-5367,12.226799675454284,-0.19255338525752108,12.224793257145507,-0.10946834046690501
2026-09-09 22:23:42+00:00,55501,STARLINK-5367,12.239111522405011,-0.20305495290840614,12.236751463792473,-0.12858132577967485
2026-09-09 22:24:42+00:00,55501,STARLINK-5367,12.252814326970615,-0.21472215986097365,12.250054354807208,-0.14670252059867384
2026-09-09 22:25:42+00:00,55501,STARLINK-5367,12.26803436059876,-0.2274769709740142,12.264831378045683,-0.16380649747295184
2026-09-09 22:26:42+00:00,55501,STARLINK-5367,12.284893782740763,-0.24125387468856585,12.281207354591082,-0.17988255809926823
2026-09-09 22:27:42+00:00,55501,STARLINK-5367,12.303494727722532,-0.25598735631288017,12.299286796430103,-0.19492892977747278
2026-09-09 22:28:42+00:00,55501,STARLINK-5367,12.323923279726706,-0.27160012171928694,12.319158308956201,-0.20894242591521017
2026-09-09 22:29:42+00:00,55501,STARLINK-5367,12.34623987955258,-0.2879921231549434,12.340885249726792,-0.22192555853468754
2026-09-09 22:30:42+00:00,55501,STARLINK-5367,12.370554670195602,-0.30503358335073427,12.36458246953202,-0.23383266552783066
2026-09-09 22:31:42+00:00,55501,STARLINK-5367,12.396961379160265,-0.3225919862066209,12.390348273109415,-0.2446538736276187
2026-09-09 22:32:42+00:00,55501,STARLINK-5367,12.425579177849603,-0.3405704867210013,12.418306117759117,-0.2543674786812593
2026-09-09 22:33:42+00:00,55501,STARLINK-5367,12.456505541492815,-0.35891161959243023,12.448556884061507,-0.2629529593816775
2026-09-09 22:34:42+00:00,55501,STARLINK-5367,12.489795575788492,-0.3775759484611392,12.481158545391207,-0.27039100010459816
2026-09-09 22:35:42+00:00,55501,STARLINK-5367,12.52547261529448,-0.3965104728080182,12.516137524579907,-0.27666793679111557
2026-09-09 22:36:42+00:00,55501,STARLINK-5367,12.563550927553917,-0.4156466427668053,12.553511396762149,-0.2817825206793767
2026-09-09 22:37:42+00:00,55501,STARLINK-5367,12.604041760213496,-0.4349167799219167,12.593294622400014,-0.2857387638717519
2026-09-09 22:38:42+00:00,55501,STARLINK-5367,12.646947400600773,-0.4542639190871638,12.635492530312991,-0.2885331207726236
2026-09-09 22:39:42+00:00,55501,STARLINK-5367,12.6922509728985,-0.4736405524906595,12.68009107947491,-0.29015444559766657
2026-09-09 22:40:42+00:00,55501,STARLINK-5367,12.739886667807902,-0.49297848185445625,12.72702776454901,-0.29060076637310406
2026-09-09 22:41:42+00:00,55501,STARLINK-5367,12.789823942968548,-0.5121604365240553,12.776277821859237,-0.2898503028441022
2026-09-09 22:42:42+00:00,55501,STARLINK-5367,12.8419973598468,-0.5310295718491358,12.827782782897952,-0.2879108523845866
2026-09-09 22:43:42+00:00,55501,STARLINK-5367,12.896413669827858,-0.5493852398752119,12.881559091146784,-0.28477496874498565
2026-09-09 22:44:42+00:00,55501,STARLINK-5367,12.953180976166617,-0.5671030202169931,12.93772241038917,-0.28041112228180354
2026-09-09 22:45:42+00:00,55501,STARLINK-5367,13.012378871591023,-0.5841932483002339,12.996353648165167,-0.27479810460187126
2026-09-09 22:46:42+00:00,55501,STARLINK-5367,13.074018873754433,-0.6007050154738101,13.05746272921465,-0.26793669185468194
2026-09-09 22:47:42+00:00,55501,STARLINK-5367,13.138057398723275,-0.6167151443909005,13.121002707216883,-0.25981262485393997
2026-09-09 22:48:42+00:00,55501,STARLINK-5367,13.204368212400272,-0.6322755639238529,13.186844535989044,-0.25039705183449523
2026-09-09 22:49:42+00:00,55501,STARLINK-5367,13.272788440547913,-0.6473819503807446,13.254824190781843,-0.239677427656401
2026-09-09 22:50:42+00:00,55501,STARLINK-5367,13.343128940961265,-0.6619886839797372,13.324752356529046,-0.22767422905196177
2026-09-09 22:51:42+00:00,55501,STARLINK-5367,13.415166117183746,-0.6759746041574601,13.396408413671923,-0.21443390652867889
2026-09-09 22:52:42+00:00,55501,STARLINK-5367,13.488754930235531,-0.6891505536695253,13.469653776524241,-0.20002055618524373
2026-09-09 22:53:42+00:00,55501,STARLINK-5367,13.563767189906388,-0.70132184726421,13.54436743898816,-0.1844958704370634
2026-09-09 22:54:42+00:00,55501,STARLINK-5367,13.640137167763273,-0.7123390644152772,13.620488834796662,-0.16792532234444746
2026-09-09 22:55:42+00:00,55501,STARLINK-5367,13.717822944829361,-0.7221319881248087,13.697977056958816,-0.150387115284893
2026-09-09 22:56:42+00:00,55501,STARLINK-5367,13.796755768685376,-0.7307160608838674,13.77675963313026,-0.13197647544974433
2026-09-09 22:57:42+00:00,55501,STARLINK-5367,13.876796946775316,-0.7381472247427681,13.856691746167204,-0.11280969966722276
2026-09-09 22:58:42+00:00,55501,STARLINK-5367,13.957737077069195,-0.7444514029707427,13.937559457322097,-0.09302040001167367
2026-09-09 22:59:42+00:00,55501,STARLINK-5367,14.039348132117123,-0.7495855690294322,14.019134304460575,-0.0727379060743214
2026-09-09 23:00:42+00:00,55501,STARLINK-5367,14.12143358986046,-0.7534716418328613,14.101221781104968,-0.05207108491206025
2026-09-09 23:01:42+00:00,55501,STARLINK-5367,14.203819981935865,-0.7560369460436163,14.183650538218481,-0.03110667375599263
2026-09-09 23:02:42+00:00,55501,STARLINK-5367,14.286320971831147,-0.757203820441068,14.266236757409256,-0.009902829744734554
2026-09-09 23:03:42+00:00,55501,STARLINK-5367,14.368830313527033,-0.7568712836555704,14.348877994384743,0.011434210610095974
2026-09-09 23:04:42+00:00,55501,STARLINK-5367,14.4512822145258,-0.754993606104946,14.431509521795872,0.03279056152972437
2026-09-09 23:05:42+00:00,55501,STARLINK-5367,14.533637533478203,-0.7516511283891738,14.514086962515808,0.05403869212286061
2026-09-09 23:06:42+00:00,55501,STARLINK-5367,14.615791346155536,-0.7469723065527116,14.596498031288867,0.07506177574906836
2026-09-09 23:07:42+00:00,55501,STARLINK-5367,14.697598705191558,-0.7410665462936752,14.67859197578733,0.09573756402151723
2026-09-09 23:08:42+00:00,55501,STARLINK-5367,14.778882451139689,-0.7340356090450149,14.760186907774344,0.11593393301937915
2026-09-09 23:09:42+00:00,55501,STARLINK-5367,14.859427618464101,-0.7259473664661009,14.841065572409656,0.13550736117085815
2026-09-09 23:10:42+00:00,55501,STARLINK-5367,14.939034825025558,-0.7168296389800328,14.921029054440377,0.1543007730128494
2026-09-09 23:11:42+00:00,55501,STARLINK-5367,15.017550475991397,-0.7067078900296806,14.999925201805578,0.1721342422565355
2026-09-09 23:12:42+00:00,55501,STARLINK-5367,15.094855486781189,-0.6956460762951118,15.077635223905313,0.1888246758054466
2026-09-09 23:13:42+00:00,55501,STARLINK-5367,15.170812228955652,-0.6837375704872308,15.15402054486167,0.20422523557365846
2026-09-09 23:14:42+00:00,55501,STARLINK-5367,15.245250836942741,-0.6710402989252057,15.228911806904009,0.21822734948086353
2026-09-09 23:15:42+00:00,55501,STARLINK-5367,15.318067271989102,-0.6575727151259085,15.302208016596389,0.23067919351079613
2026-09-09 23:16:42+00:00,55501,STARLINK-5367,15.389146260974155,-0.6433504003927368,15.373796197952338,0.24148160964242926
2026-09-09 23:17:42+00:00,55501,STARLINK-5367,15.458387090911895,-0.6283806716351341,15.443577417733358,0.2505708012980703
2026-09-09 23:18:42+00:00,55501,STARLINK-5367,15.525717694108048,-0.6126469864327291,15.511481020467794,0.2579343692141318
2026-09-09 23:19:42+00:00,55501,STARLINK-5367,15.591090218473337,-0.5962019835536094,15.577457279057576,0.26355666282209356
2026-09-09 23:20:42+00:00,55501,STARLINK-5367,15.654400675981693,-0.5791730222060227,15.641397604269308,0.2673950629370223
2026-09-09 23:21:42+00:00,55501,STARLINK-5367,15.715495034201812,-0.5616670291288148,15.703143908786636,0.2694173311956396
2026-09-09 23:22:42+00:00,55501,STARLINK-5367,15.774236611688437,-0.543732420246771,15.762556676223461,0.2696345036297858
2026-09-09 23:23:42+00:00,55501,STARLINK-5367,15.830552617821706,-0.5253992810234194,15.819559554092592,0.268118062874219
2026-09-09 23:24:42+00:00,55501,STARLINK-5367,15.884398333995632,-0.5067565296036127,15.874101363869281,0.2649795130773924
2026-09-09 23:25:42+00:00,55501,STARLINK-5367,15.935601837711351,-0.4878625265273713,15.926005203972203,0.26029661605574095
2026-09-09 23:26:42+00:00,55501,STARLINK-5367,15.984079139653018,-0.46855709487424413,15.97518840606966,0.254156609418942
2026-09-09 23:27:42+00:00,55501,STARLINK-5367,16.02997785749929,-0.4487783094410638,16.02179308112237,0.24684936012081948
2026-09-09 23:28:42+00:00,55501,STARLINK-5367,16.073473144695363,-0.42881091806460203,16.06597956013376,0.23866483435171393
2026-09-09 23:29:42+00:00,55501,STARLINK-5367,16.11456404101266,-0.4090448329324401,16.10773324580201,0.22975255958149043
2026-09-09 23:30:42+00:00,55501,STARLINK-5367,16.153153432338645,-0.3897833714349388,16.14694902124029,0.2201636607018722
2026-09-09 23:31:42+00:00,55501,STARLINK-5367,16.189141184812247,-0.3712155938765749,16.18352360020523,0.2098932258252595
2026-09-09 23:32:42+00:00,55501,STARLINK-5367,16.22242427058726,-0.3534321778738214,16.21735368776906,0.1989328439081588
2026-09-09 23:33:42+00:00,55501,STARLINK-5367,16.252903588915107,-0.33639107447031624,16.24834225817063,0.1873231884540496
2026-09-09 23:34:42+00:00,55501,STARLINK-5367,16.28056553614484,-0.31995811263423024,16.276479048461304,0.17513071651427847
2026-09-09 23:35:42+00:00,55501,STARLINK-5367,16.305494800318755,-0.304010270292571,16.30185145046027,0.16241220983953536
2026-09-09 23:36:42+00:00,55501,STARLINK-5367,16.32782396404094,-0.2884558254718413,16.324593708245345,0.14922767229146808
2026-09-09 23:37:42+00:00,55501,STARLINK-5367,16.347801667311682,-0.2732435085016932,16.344955222446906,0.1356322787015546
2026-09-09 23:38:42+00:00,55501,STARLINK-5367,16.365661208294213,-0.2584005101044555,16.363168740112105,0.12167474537331402
2026-09-09 23:39:42+00:00,55501,STARLINK-5367,16.381672037552807,-0.24398983900091142,16.37950272363591,0.10741615710688635
2026-09-09 23:40:42+00:00,55501,STARLINK-5367,16.39614744361737,-0.230170650326607,16.39426856930391,0.09290071099087438
2026-09-09 23:41:42+00:00,55501,STARLINK-5367,16.40931759698162,-0.21719366865482348,16.40769395882472,0.07816560914930992
2026-09-09 23:42:42+00:00,55501,STARLINK-5367,16.421339108916705,-0.20526680249910667,16.419934260403593,0.06326573996576412
2026-09-09 23:43:42+00:00,55501,STARLINK-5367,16.43236037122886,-0.19457622879218128,16.43113742789404,0.048273044043716684
2026-09-09 23:44:42+00:00,55501,STARLINK-5367,16.442495090420433,-0.1852911722374988,16.441417344919813,0.03328167905753254
2026-09-09 23:45:42+00:00,55501,STARLINK-5367,16.451826518130176,-0.17752713744655013,16.450858400549617,0.01837887884216549
2026-09-09 23:46:42+00:00,55501,STARLINK-5367,16.460424563883702,-0.17133388873519673,16.459532445593346,0.0036324009439558935
2026-09-09 23:47:42+00:00,55501,STARLINK-5367,16.46836447134625,-0.16670100280893774,16.46751712274105,-0.010906373929449487
2026-09-09 23:48:42+00:00,55501,STARLINK-5367,16.475791673425228,-0.16359993552144614,16.47496020367097,-0.025151832203757607
2026-09-09 23:49:42+00:00,55501,STARLINK-5367,16.482808493105512,-0.1619906252831278,16.48196622061272,-0.03904305691149723
2026-09-09 23:50:42+00:00,55501,STARLINK-5367,16.48953055157662,-0.16180660722286877,16.488652992222324,-0.0525255682080763
2026-09-09 23:51:42+00:00,55501,STARLINK-5367,16.49608961700399,-0.16295085706900414,16.49515447567783,-0.06556290058323011
2026-09-09 23:52:42+00:00,55501,STARLINK-5367,16.502657219293674,-0.1653199113257644,16.50164420074919,-0.07812359634196575
2026-09-09 23:53:42+00:00,55501,STARLINK-5367,16.509431769314645,-0.1688482428229272,16.508322107798143,-0.09015986764885575
2026-09-09 23:54:42+00:00,55501,STARLINK-5367,16.516594720699736,-0.17350684063993604,16.515370854041226,-0.10159772430120917
2026-09-09 23:55:42+00:00,55501,STARLINK-5367,16.52429765650548,-0.17926466012873554,16.522943290322008,-0.11234877491293283
2026-09-09 23:56:42+00:00,55501,STARLINK-5367,16.53267078103264,-0.18606617135171488,16.53117107865546,-0.12233275159983847
2026-09-09 23:57:42+00:00,55501,STARLINK-5367,16.54184007767385,-0.19382856407567495,16.540181771953584,-0.13149370258544657
2026-09-09 23:58:42+00:00,55501,STARLINK-5367,16.551947842595187,-0.2024622954557206,16.550119052551338,-0.13980611319746394
2026-09-09 23:59:42+00:00,55501,STARLINK-5367,16.563133099770393,-0.2118906424344977,16.561122763458684,-0.1472862858823074
2026-09-10 00:00:42+00:00,55501,STARLINK-5367,16.575582872583652,-0.22205262293361194,16.573380671820246,-0.15392629883151798
2026-09-10 00:01:42+00:00,55501,STARLINK-5367,16.589444866648478,-0.23291503424092064,16.587040282372634,-0.15976933792706483
2026-09-10 00:02:42+00:00,55501,STARLINK-5367,16.60486320734721,-0.2444810435683138,16.602244928165085,-0.16484689643877815
2026-09-10 00:03:42+00:00,55501,STARLINK-5367,16.621949371200948,-0.2567608731923312,16.619105043688293,-0.16918126261329025
2026-09-10 00:04:42+00:00,55501,STARLINK-5367,16.640798637820406,-0.26975430850262283,16.637714938945898,-0.17278173487466475
2026-09-10 00:05:42+00:00,55501,STARLINK-5367,16.66149304452847,-0.2834636847573937,16.658155567731903,-0.17564707096054288
2026-09-10 00:06:42+00:00,55501,STARLINK-5367,16.684085016999347,-0.29787979402604625,16.68047829558988,-0.1777760195526703
2026-09-10 00:07:42+00:00,55501,STARLINK-5367,16.708611668393154,-0.3129539508118473,16.704719682491803,-0.1791760006423324
2026-09-10 00:08:42+00:00,55501,STARLINK-5367,16.735114705501587,-0.32861057331112153,16.730921390764706,-0.17985748095584242
2026-09-10 00:09:42+00:00,55501,STARLINK-5367,16.763643124329228,-0.3447622234620362,16.759132730115258,-0.17983309907701361
2026-09-10 00:10:42+00:00,55501,STARLINK-5367,16.79424193872949,-0.3613191960135098,16.789399154749123,-0.1791277691541051
2026-09-10 00:11:42+00:00,55501,STARLINK-5367,16.82700726635832,-0.37820598137325323,16.821817593419112,-0.17772628242417277
2026-09-10 00:12:42+00:00,55501,STARLINK-5367,16.86198014735532,-0.39536747154108953,16.85642936110748,-0.17563668821127987
2026-09-10 00:13:42+00:00,55501,STARLINK-5367,16.899191302185084,-0.4127516143492924,16.8932656659078,-0.17285228884962311
2026-09-10 00:14:42+00:00,55501,STARLINK-5367,16.938652713831264,-0.43029897445429777,16.932339312800682,-0.16936336248303174
2026-09-10 00:15:42+00:00,55501,STARLINK-5367,16.980363560571572,-0.44794341075063393,16.973650585401803,-0.16516402344671066
2026-09-10 00:16:42+00:00,55501,STARLINK-5367,17.024308776879586,-0.4656103793581181,17.01718582150067,-0.16025923277529985
2026-09-10 00:17:42+00:00,55501,STARLINK-5367,17.070463153774483,-0.4832138112215709,17.06292172601566,-0.15465726261582535
2026-09-10 00:18:42+00:00,55501,STARLINK-5367,17.118796514559484,-0.5006654514779343,17.110830372164045,-0.148365048508051
2026-09-10 00:19:42+00:00,55501,STARLINK-5367,17.16925841827748,-0.5178825966716774,17.16086360058808,-0.14139565646681285
2026-09-10 00:20:42+00:00,55501,STARLINK-5367,17.22177871825082,-0.5347615830493548,17.212954302860886,-0.13377756655838424
2026-09-10 00:21:42+00:00,55501,STARLINK-5367,17.27627408636119,-0.5511656018910599,17.26702346779359,-0.12555217653550277
2026-09-10 00:22:42+00:00,55501,STARLINK-5367,17.332752984653972,-0.5669214046813806,17.323085528499295,-0.11676437917328253
2026-09-10 00:23:42+00:00,55501,STARLINK-5367,17.39128282778467,-0.5819162333410026,17.38121234352392,-0.10746796129121511
2026-09-10 00:24:42+00:00,55501,STARLINK-5367,17.451941754298744,-0.5961760859038652,17.441482124936343,-0.09770545306298839
2026-09-10 00:25:42+00:00,55501,STARLINK-5367,17.514735610724042,-0.609777335163086,17.50389885474992,-0.08752141321226792
2026-09-10 00:26:42+00:00,55501,STARLINK-5367,17.579617024668362,-0.6228011766788306,17.568412934347194,-0.07694411348100116
2026-09-10 00:27:42+00:00,55501,STARLINK-5367,17.64647330786751,-0.6353024239119329,17.634910249992764,-0.06596597723299258
2026-09-10 00:28:42+00:00,55501,STARLINK-5367,17.71514639498393,-0.6472934393748893,17.703232593285687,-0.054577899205431546
2026-09-10 00:29:42+00:00,55501,STARLINK-5367,17.785438600270346,-0.6587474172504564,17.77318338027529,-0.04278522359780412
2026-09-10 00:30:42+00:00,55501,STARLINK-5367,17.857128507666083,-0.6695686136162591,17.84454483120605,-0.030597026621117074
2026-09-10 00:31:42+00:00,55501,STARLINK-5367,17.930030482152706,-0.6795990061149997,17.91713741617963,-0.01803029529780531
2026-09-10 00:32:42+00:00,55501,STARLINK-5367,18.004010664217088,-0.6886824521412338,17.990833511954445,-0.005101224595121856
2026-09-10 00:33:42+00:00,55501,STARLINK-5367,18.079013203356567,-0.6967214134025452,18.065581403646547,0.00813802601498903
2026-09-10 00:34:42+00:00,55501,STARLINK-5367,18.15491865006238,-0.7036787109857929,18.141263455067005,0.021626741287049
2026-09-10 00:35:42+00:00,55501,STARLINK-5367,18.231583966043775,-0.7095405582310543,18.217737586393543,0.03526103279069215
2026-09-10 00:36:42+00:00,55501,STARLINK-5367,18.30883873123704,-0.7142962750243744,18.29483433435964,0.048920305268549846
2026-09-10 00:37:42+00:00,55501,STARLINK-5367,18.386504165978497,-0.7179341315453738,18.37237602020373,0.062493204028147176
2026-09-10 00:38:42+00:00,55501,STARLINK-5367,18.4644068762989,-0.7204407422446946,18.45019043930161,0.07588928732862232
2026-09-10 00:39:42+00:00,55501,STARLINK-5367,18.54238534605637,-0.72179527661332,18.528117534592994,0.08903103173805782
2026-09-10 00:40:42+00:00,55501,STARLINK-5367,18.62029879499124,-0.7219773066264299,18.606017940615036,0.10184486722504538
2026-09-10 00:41:42+00:00,55501,STARLINK-5367,18.6980211391293,-0.7209850725370504,18.683766220819667,0.1142578236399352
2026-09-10 00:42:42+00:00,55501,STARLINK-5367,18.77541473925493,-0.7188294653809126,18.761224793380084,0.12620254748601667
2026-09-10 00:43:42+00:00,55501,STARLINK-5367,18.85234093882889,-0.7155024390274902,18.838255618331186,0.13762409673845966
2026-09-10 00:44:42+00:00,55501,STARLINK-5367,18.9286873836472,-0.7109934504841993,18.914746935108425,0.1484680505015099
2026-09-10 00:45:42+00:00,55501,STARLINK-5367,19.004428976850377,-0.7053318533144451,18.99067351686304,0.15857833637371677
2026-09-10 00:46:42+00:00,55501,STARLINK-5367,19.079500086297884,-0.6986267760647629,19.06596686979628,0.16778405954375764
2026-09-10 00:47:42+00:00,55501,STARLINK-5367,19.153765272100287,-0.6910440312056105,19.140486860324604,0.17591189667356844
2026-09-10 00:48:42+00:00,55501,STARLINK-5367,19.226977480873096,-0.6826674048172872,19.21398418631118,0.1828659415670213
2026-09-10 00:49:42+00:00,55501,STARLINK-5367,19.298899472449474,-0.6734384929500454,19.28622357287204,0.18863123049666264
2026-09-10 00:50:42+00:00,55501,STARLINK-5367,19.369377087257337,-0.6632716282980016,19.357053197370874,0.19321234333910375
2026-09-10 00:51:42+00:00,55501,STARLINK-5367,19.438285268814592,-0.6521154115719954,19.42634887463903,0.19659369932842807
2026-09-10 00:52:42+00:00,55501,STARLINK-5367,19.50550816984902,-0.6399256932402415,19.493994911087157,0.19876236486286025
2026-09-10 00:53:42+00:00,55501,STARLINK-5367,19.570950679118006,-0.6266678312794252,19.559895408959747,0.1997235696266504
2026-09-10 00:54:42+00:00,55501,STARLINK-5367,19.634533650455488,-0.6123303481284004,19.623969349819696,0.1994747426796284
2026-09-10 00:55:42+00:00,55501,STARLINK-5367,19.696180730239984,-0.5969129106970907,19.68613792244507,0.1980000853284576
2026-09-10 00:56:42+00:00,55501,STARLINK-5367,19.755914524281202,-0.5804386148189637,19.746420947207554,0.1952164972909909
2026-09-10 00:57:42+00:00,55501,STARLINK-5367,19.813750386934952,-0.5630563242406073,19.80482677727114,0.19107143633149537
2026-09-10 00:58:42+00:00,55501,STARLINK-5367,19.869581414068403,-0.545028858000812,19.86123813193536,0.18555048045115896
2026-09-10 00:59:42+00:00,55501,STARLINK-5367,19.92315005106652,-0.5264348221838011,19.91539216972719,0.17868704842004046
2026-09-10 01:00:42+00:00,55501,STARLINK-5367,19.974376165898015,-0.5071406622827332,19.967208394547413,0.17058866952243257
2026-09-10 01:01:42+00:00,55501,STARLINK-5367,20.023374286056008,-0.4871776210359844,20.016795784310105,0.16143820574990553
2026-09-10 01:02:42+00:00,55501,STARLINK-5367,20.070183335652022,-0.4667769841855094,20.064183194894184,0.15143016689123456
2026-09-10 01:03:42+00:00,55501,STARLINK-5367,20.114721317115695,-0.446182862960959,20.109279811816734,0.14071235940143012
2026-09-10 01:04:42+00:00,55501,STARLINK-5367,20.156869898240167,-0.4255362609382547,20.15196222206014,0.12938928034631658
2026-09-10 01:05:42+00:00,55501,STARLINK-5367,20.196650382000282,-0.40493797407740395,20.192248362940422,0.1175497308889688
2026-09-10 01:06:42+00:00,55501,STARLINK-5367,20.234166570406497,-0.38465144995568323,20.230236405117218,0.10523808280662683
2026-09-10 01:07:42+00:00,55501,STARLINK-5367,20.26946965209772,-0.36501704818434666,20.26597172978137,0.09247907626834762
2026-09-10 01:08:42+00:00,55501,STARLINK-5367,20.302479459703992,-0.34627000794881746,20.299371357386264,0.0793207931374953
2026-09-10 01:09:42+00:00,55501,STARLINK-5367,20.33313438350011,-0.32850440584191615,20.330374075632047,0.06579253517913519
2026-09-10 01:10:42+00:00,55501,STARLINK-5367,20.36142271425229,-0.311749891867912,20.35896974221712,0.05194216858237488
2026-09-10 01:11:42+00:00,55501,STARLINK-5367,20.387322576174917,-0.2960297103770826,20.385138125291157,0.03783977254792237
2026-09-10 01:12:42+00:00,55501,STARLINK-5367,20.41077658922053,-0.28129252674773375,20.40882456304372,0.023567867363131434
2026-09-10 01:13:42+00:00,55501,STARLINK-5367,20.431783311174183,-0.26739982225646797,20.430031372439966,0.009204941707973369
2026-09-10 01:14:42+00:00,55501,STARLINK-5367,20.45043454770013,-0.2542180681823405,20.44885374495349,-0.00518469655007614
2026-09-10 01:15:42+00:00,55501,STARLINK-5367,20.466877171999833,-0.24164628498919205,20.465441288115088,-0.019522535517641604
2026-09-10 01:16:42+00:00,55501,STARLINK-5367,20.481324857291323,-0.2296271430277086,20.480009847892777,-0.03370334255475793
2026-09-10 01:17:42+00:00,55501,STARLINK-5367,20.493987039757833,-0.21817386089308188,20.49277037459346,-0.04761645062157349
2026-09-10 01:18:42+00:00,55501,STARLINK-5367,20.505130805006846,-0.207294542906852,20.503991828334534,-0.061134331698068145
2026-09-10 01:19:42+00:00,55501,STARLINK-5367,20.515048320345038,-0.1971088674408934,20.5139674595347,-0.07412657835827563
2026-09-10 01:20:42+00:00,55501,STARLINK-5367,20.52394277106185,-0.1878654800222206,20.52290087533407,-0.08644704997756314
2026-09-10 01:21:42+00:00,55501,STARLINK-5367,20.531918564692887,-0.17973441318411254,20.530898173009213,-0.09795763076426311
2026-09-10 01:22:42+00:00,55501,STARLINK-5367,20.539089510748568,-0.17282292386731157,20.538075604219415,-0.10853867004449569
2026-09-10 01:23:42+00:00,55501,STARLINK-5367,20.545558589867927,-0.167222702023194,20.544538590169914,-0.11810357591085019
2026-09-10 01:24:42+00:00,55501,STARLINK-5367,20.551417381693934,-0.16298055578213688,20.550381232282042,-0.1265896634741388
2026-09-10 01:25:42+00:00,55501,STARLINK-5367,20.55676402061416,-0.1601062209128239,20.555704050163456,-0.13395521391723797
2026-09-10 01:26:42+00:00,55501,STARLINK-5367,20.561702582939226,-0.15858400905890857,20.56061313762514,-0.1401842581640036
2026-09-10 01:27:42+00:00,55501,STARLINK-5367,20.56636030411467,-0.15837823980669397,20.56523728294509,-0.14528588363841344
2026-09-10 01:28:42+00:00,55501,STARLINK-5367,20.570888209191686,-0.1594612986874413,20.56972845315383,-0.14928219182545988
2026-09-10 01:29:42+00:00,55501,STARLINK-5367,20.57542870512598,-0.16180817203414932,20.574229413847085,-0.15221215974538005
2026-09-10 01:30:42+00:00,55501,STARLINK-5367,20.580180224304417,-0.16538753681053864,20.578938841205183,-0.15408178820040952
2026-09-10 01:31:42+00:00,55501,STARLINK-5367,20.58530019124683,-0.17018184989174134,20.584013555422437,-0.15494531906305298
2026-09-10 01:32:42+00:00,55501,STARLINK-5367,20.590940101395642,-0.17616960583500907,20.5896042127429,-0.15484473463149584
2026-09-10 01:33:42+00:00,55501,STARLINK-5367,20.597251131158117,-0.1833022747439758,20.59586109643081,-0.15381850537519703
2026-09-10 01:34:42+00:00,55501,STARLINK-5367,20.604396168766748,-0.1915271534321032,20.602945972775046,-0.15190810347219852
2026-09-10 01:35:42+00:00,55501,STARLINK-5367,20.612534964753188,-0.20079406412894907,20.611017258882043,-0.14915418549250248
2026-09-10 01:36:42+00:00,55501,STARLINK-5367,20.621831491371,-0.21103624518778274,20.62023764998655,-0.14559196336044877
2026-09-10 01:37:42+00:00,55501,STARLINK-5367,20.63247370422062,-0.22217898063417785,20.63079381689945,-0.14125912538005103
2026-09-10 01:38:42+00:00,55501,STARLINK-5367,20.64465751129325,-0.23416298598864893,20.642880155487624,-0.13619963570033988
2026-09-10 01:39:42+00:00,55501,STARLINK-5367,20.658555730245038,-0.24694980037741576,20.656667715339495,-0.13045901189485498
2026-09-10 01:40:42+00:00,55501,STARLINK-5367,20.67428639582756,-0.2605003992229684,20.672272716745866,-0.124089657867831
2026-09-10 01:41:42+00:00,55501,STARLINK-5367,20.691995840959315,-0.27475704989997496,20.689840160804337,-0.11710920619534804
2026-09-10 01:42:42+00:00,55501,STARLINK-5367,20.711789380691304,-0.28966699857916733,20.70947381136351,-0.1095757112687199
2026-09-10 01:43:42+00:00,55501,STARLINK-5367,20.733762285916605,-0.30519911843404035,20.73126736967244,-0.10151489624524501
2026-09-10 01:44:42+00:00,55501,STARLINK-5367,20.75796726242858,-0.3213046563686808,20.755272342531228,-0.09294177322805464
2026-09-10 01:45:42+00:00,55501,STARLINK-5367,20.784454077964654,-0.3379042951184097,20.781537843916563,-0.08388592388362248
2026-09-10 01:46:42+00:00,55501,STARLINK-5367,20.81327318096681,-0.3549289385084595,20.810113685502444,-0.07439321625973783
2026-09-10 01:47:42+00:00,55501,STARLINK-5367,20.84445119881815,-0.3723165053213693,20.84102597945647,-0.06451607084196187
2026-09-10 01:48:42+00:00,55501,STARLINK-5367,20.877997129771362,-0.38999158928843247,20.874283725295847,-0.05431083569858952
2026-09-10 01:49:42+00:00,55501,STARLINK-5367,20.913918363144447,-0.407864574155548,20.909894927846164,-0.04383943262530732
2026-09-10 01:50:42+00:00,55501,STARLINK-5367,20.952230548128068,-0.42585137321537436,20.94787617589046,-0.033155231901631055
2026-09-10 01:51:42+00:00,55501,STARLINK-5367,20.992926233758478,-0.44388706109542797,20.988220949683495,-0.02230471438248438
2026-09-10 01:52:42+00:00,55501,STARLINK-5367,21.036019461796933,-0.4619036729717707,21.03094462461538,-0.011313282275666303
2026-09-10 01:53:42+00:00,55501,STARLINK-5367,21.081475649853417,-0.47981769672793684,21.076014578249815,-0.0002251013207965613
2026-09-10 01:54:42+00:00,55501,STARLINK-5367,21.129270872092775,-0.4975504107028754,21.123409102022492,0.010912546509038945
2026-09-10 01:55:42+00:00,55501,STARLINK-5367,21.179360372359262,-0.5150255741198817,21.173085943550607,0.022046933668340873
2026-09-10 01:56:42+00:00,55501,STARLINK-5367,21.23168305344456,-0.532161468730443,21.22498697321252,0.0331276332120628
2026-09-10 01:57:42+00:00,55501,STARLINK-5367,21.28616751649779,-0.5488752807226369,21.2790441004328,0.04410939189360785
2026-09-10 01:58:42+00:00,55501,STARLINK-5367,21.342726457703677,-0.5650823952237775,21.335173635457707,0.054958892300912554
2026-09-10 01:59:42+00:00,55501,STARLINK-5367,21.40125784406572,-0.5806883937563638,21.39327765630637,0.06564615543689278
2026-09-10 02:00:42+00:00,55501,STARLINK-5367,21.46165303866163,-0.5955793277959094,21.453252441750255,0.07613203486694298
2026-09-10 02:01:42+00:00,55501,STARLINK-5367,21.523832484497216,-0.6096013145488555,21.5150248601777,0.08635000830011696
2026-09-10 02:02:42+00:00,55501,STARLINK-5367,21.58779243637323,-0.6226366796704697,21.578597103434312,0.09619193686919525
2026-09-10 02:03:42+00:00,55501,STARLINK-5367,21.6535738822835,-0.634689819322241,21.64401288578872,0.10553155248859802
2026-09-10 02:04:42+00:00,55501,STARLINK-5367,21.7210965852775,-0.6457794232958447,21.711194029397713,0.11427869988122108
2026-09-10 02:05:42+00:00,55501,STARLINK-5367,21.79028577128414,-0.655910582630665,21.780068069916044,0.12235265278949203
2026-09-10 02:06:42+00:00,55501,STARLINK-5367,21.86105329751851,-0.6651373890288097,21.850547341633124,0.12970891145257823
2026-09-10 02:07:42+00:00,55501,STARLINK-5367,21.93325398305055,-0.673542780687737,21.922485603435057,0.1363648589957931
2026-09-10 02:08:42+00:00,55501,STARLINK-5367,22.00668337013545,-0.6811808197214004,21.99567759520402,0.14238248515777396
2026-09-10 02:09:42+00:00,55501,STARLINK-5367,22.08110603887547,-0.6880450181458473,22.069888621909342,0.14783155814646243
2026-09-10 02:10:42+00:00,55501,STARLINK-5367,22.15630333149371,-0.6940720512743246,22.14490246091014,0.15276223870761463
2026-09-10 02:11:42+00:00,55501,STARLINK-5367,22.232109165908046,-0.6991900511458251,22.220555947693438,0.15717701058620825
2026-09-10 02:12:42+00:00,55501,STARLINK-5367,22.308378840092697,-0.7033616026453018,22.29670643244029,0.16103165712200962
2026-09-10 02:13:42+00:00,55501,STARLINK-5367,22.38495140138726,-0.7065790714339872,22.373193959137986,0.1642781941474194
2026-09-10 02:14:42+00:00,55501,STARLINK-5367,22.461614914964784,-0.7088398378861074,22.449806996683087,0.1669026185331024
2026-09-10 02:15:42+00:00,55501,STARLINK-5367,22.538169132068305,-0.7101036925311961,22.526346904225342,0.16886598848701873
2026-09-10 02:16:42+00:00,55501,STARLINK-5367,22.614378575487738,-0.7102863875486749,22.602580819326775,0.1701526048677433
2026-09-10 02:17:42+00:00,55501,STARLINK-5367,22.690054099588814,-0.7092875606995175,22.678322780481764,0.17071046478158713
2026-09-10 02:18:42+00:00,55501,STARLINK-5367,22.765040863259735,-0.707011772520441,22.753420759595002,0.17048048637337132
2026-09-10 02:19:42+00:00,55501,STARLINK-5367,22.839212406127384,-0.7033937543845328,22.82774975035622,0.1694163321739044
2026-09-10 02:20:42+00:00,55501,STARLINK-5367,22.912458898323923,-0.6984170063286255,22.90119937757966,0.16749185352999518
2026-09-10 02:21:42+00:00,55501,STARLINK-5367,22.984659061294987,-0.6921144971035103,22.97364591242156,0.16469115806560453
2026-09-10 02:22:42+00:00,55501,STARLINK-5367,23.0556707719351,-0.6845244019146683,23.044944461043364,0.16098408142679688
2026-09-10 02:23:42+00:00,55501,STARLINK-5367,23.125352513518912,-0.6756490460208533,23.11495148110137,0.1563498239718406
2026-09-10 02:24:42+00:00,55501,STARLINK-5367,23.193585169769843,-0.665476030253723,23.183545600586182,0.1508246202262562
2026-09-10 02:25:42+00:00,55501,STARLINK-5367,23.260254184296688,-0.6540337268649088,23.25060824703283,0.1445017135672746
2026-09-10 02:26:42+00:00,55501,STARLINK-5367,23.325278531937585,-0.6413967926512862,23.316053454847534,0.13740464889229997
2026-09-10 02:27:42+00:00,55501,STARLINK-5367,23.388510034009762,-0.6276378168810854,23.379728270247305,0.12953142937087136
2026-09-10 02:28:42+00:00,55501,STARLINK-5367,23.449816019555,-0.6128143504924548,23.441495816904233,0.12084613717593307
2026-09-10 02:29:42+00:00,55501,STARLINK-5367,23.509058124113206,-0.5969643838637069,23.501213769789707,0.11134969231248348
2026-09-10 02:30:42+00:00,55501,STARLINK-5367,23.566136544451,-0.5800963730268123,23.558778891195324,0.10107910505934292
2026-09-10 02:31:42+00:00,55501,STARLINK-5367,23.62100908854728,-0.5622829536530904,23.614143906384466,0.09008778956959063
2026-09-10 02:32:42+00:00,55501,STARLINK-5367,23.673616240299268,-0.543655869248524,23.667242974483,0.07844855370136372
2026-09-10 02:33:42+00:00,55501,STARLINK-5367,23.72386894124565,-0.5243332911430425,23.71798139082989,0.06626375665471418
2026-09-10 02:34:42+00:00,55501,STARLINK-5367,23.771644264927975,-0.504394506716733,23.76623196154862,0.05362452556368158
2026-09-10 02:35:42+00:00,55501,STARLINK-5367,23.816845280482152,-0.48380970476437746,23.81189628810957,0.0405271305977708
2026-09-10 02:36:42+00:00,55501,STARLINK-5367,23.85950087308254,-0.4625147346087948,23.855002359218744,0.026916065171977088
2026-09-10 02:37:42+00:00,55501,STARLINK-5367,23.89973705354841,-0.44052828888881024,23.895673303368927,0.012784134894679333
2026-09-10 02:38:42+00:00,55501,STARLINK-5367,23.937672898911142,-0.4179726920007649,23.934023475790756,-0.0017042017423847255
2026-09-10 02:39:42+00:00,55501,STARLINK-5367,23.973423214940894,-0.3951783804800968,23.970160370631792,-0.016324719326035186
2026-09-10 02:40:42+00:00,55501,STARLINK-5367,24.006957654068245,-0.3724915323799145,24.00404776331957,-0.030932811117237335
2026-09-10 02:41:42+00:00,55501,STARLINK-5367,24.038234354888278,-0.35013632129411265,24.035641211106668,-0.04546457953626115
2026-09-10 02:42:42+00:00,55501,STARLINK-5367,24.067228903766946,-0.32830563596746654,24.06491510952069,-0.059860565234649554
2026-09-10 02:43:42+00:00,55501,STARLINK-5367,24.093912110371686,-0.3071332486850925,24.091840778564485,-0.07401250006023563
2026-09-10 02:44:42+00:00,55501,STARLINK-5367,24.118330221397475,-0.286693168893732,24.11646639057799,-0.08779821983634285
2026-09-10 02:45:42+00:00,55501,STARLINK-5367,24.140622061338792,-0.26712133783185965,24.138932140966954,-0.10116715408071097
2026-09-10 02:46:42+00:00,55501,STARLINK-5367,24.160893999571954,-0.24867970844790377,24.1593447431505,-0.11410014357857201
2026-09-10 02:47:42+00:00,55501,STARLINK-5367,24.17913320905773,-0.2316162752482529,24.177692661533136,-0.12654725143430756
2026-09-10 02:48:42+00:00,55501,STARLINK-5367,24.19535178440238,-0.21603771280630601,24.193991225129924,-0.13843509657928044
2026-09-10 02:49:42+00:00,55501,STARLINK-5367,24.20956696831911,-0.2019649698139494,24.208261690517414,-0.14969591818955497
2026-09-10 02:50:42+00:00,55501,STARLINK-5367,24.22181769489934,-0.18941094890306598,24.220546676161003,-0.16029549363767082
2026-09-10 02:51:42+00:00,55501,STARLINK-5367,24.232118880154623,-0.17833471277181268,24.23086444286189,-0.1702659796253485
2026-09-10 02:52:42+00:00,55501,STARLINK-5367,24.240526189889493,-0.16864024478256123,24.239273816869424,-0.17965316970888434
2026-09-10 02:53:42+00:00,55501,STARLINK-5367,24.247133419656027,-0.16023925866016064,24.245871578970668,-0.18845112535233266
2026-09-10 02:54:42+00:00,55501,STARLINK-5367,24.252060223427254,-0.15302848489816334,24.250780550451815,-0.19659617844698563
2026-09-10 02:55:42+00:00,55501,STARLINK-5367,24.255490085462593,-0.14689575339529792,24.254187426984174,-0.20399308893113144
2026-09-10 02:56:42+00:00,55501,STARLINK-5367,24.257674152896353,-0.141785916988991,24.25634613155281,-0.21053362710597412
2026-09-10 02:57:42+00:00,55501,STARLINK-5367,24.258842189978477,-0.1377353794233116,24.25748854114541,-0.21610886084147296
2026-09-10 02:58:42+00:00,55501,STARLINK-5367,24.25914939904396,-0.13476681797404932,24.257771756478924,-0.22062837641956712
2026-09-10 02:59:42+00:00,55501,STARLINK-5367,24.258738511007703,-0.1328341046506436,24.25734044302827,-0.2240175821557422
2026-09-10 03:00:42+00:00,55501,STARLINK-5367,24.25783016004297,-0.13188830103238391,24.25641749590247,-0.22614113738528907
2026-09-10 03:01:42+00:00,55501,STARLINK-5367,24.256616551587094,-0.13192357791977116,24.255196537255078,-0.22690006488968173
2026-09-10 03:02:42+00:00,55501,STARLINK-5367,24.255289971184794,-0.13300937292077908,24.25387003653013,-0.2262484123228834
2026-09-10 03:03:42+00:00,55501,STARLINK-5367,24.253974555642948,-0.1352356620655728,24.252561431790625,-0.2241808615899945
2026-09-10 03:04:42+00:00,55501,STARLINK-5367,24.25277063820242,-0.13861166301036665,24.25137056173601,-0.22067241217465394
2026-09-10 03:05:42+00:00,55501,STARLINK-5367,24.251804678342804,-0.143080022139203,24.250423246653128,-0.2157095777653275
2026-09-10 03:06:42+00:00,55501,STARLINK-5367,24.251233771865056,-0.1485597772604179,24.24987532136526,-0.20932354972287825
2026-09-10 03:07:42+00:00,55501,STARLINK-5367,24.251247116287022,-0.1550038535001882,24.249914091514775,-0.20156154090769363
2026-09-10 03:08:42+00:00,55501,STARLINK-5367,24.25202374556634,-0.16241709171445606,24.250716087752124,-0.19247253069712755
2026-09-10 03:09:42+00:00,55501,STARLINK-5367,24.25370066650722,-0.170799892727991,24.25241554586828,-0.18210877986363805
2026-09-10 03:10:42+00:00,55501,STARLINK-5367,24.256377726382652,-0.1801078901503066,24.255109562296056,-0.17053349780187688
2026-09-10 03:11:42+00:00,55501,STARLINK-5367,24.260182535361217,-0.19026483791680482,24.258923445375935,-0.15776315123557438
2026-09-10 03:12:42+00:00,55501,STARLINK-5367,24.26518615208979,-0.20114997836040338,24.26392597682586,-0.14385365094737423
2026-09-10 03:13:42+00:00,55501,STARLINK-5367,24.271497854989175,-0.21259989229483,24.27022457565962,-0.12887380489538103
2026-09-10 03:14:42+00:00,55501,STARLINK-5367,24.27927499145523,-0.2244598022579254,24.277974671649808,-0.11295021294503726
2026-09-10 03:15:42+00:00,55501,STARLINK-5367,24.288689571483484,-0.23662260760714826,24.28734624782489,-0.09624489454670204
2026-09-10 03:16:42+00:00,55501,STARLINK-5367,24.29993499267397,-0.24901976895626454,24.298530943238596,-0.07889108521478505
2026-09-10 03:17:42+00:00,55501,STARLINK-5367,24.313218199281156,-0.2617033677034888,24.311733210492534,-0.06098241569144314
2026-09-10 03:18:42+00:00,55501,STARLINK-5367,24.328636989814942,-0.274792310502737,24.327047719009624,-0.04261742964142279
2026-09-10 03:19:42+00:00,55501,STARLINK-5367,24.346219350825262,-0.28832988551961325,24.344500219266955,-0.023908779261873292
2026-09-10 03:20:42+00:00,55501,STARLINK-5367,24.36599549565777,-0.3023157593773176,24.36411945688952,-0.0049765916366961704
2026-09-10 03:21:42+00:00,55501,STARLINK-5367,24.387972864153774,-0.3167275069177702,24.385912050969665,0.014055299166070512
2026-09-10 03:22:42+00:00,55501,STARLINK-5367,24.412199412673388,-0.3315199221599041,24.40992583301952,0.03309881913523682
2026-09-10 03:23:42+00:00,55501,STARLINK-5367,24.438681300953817,-0.34663742431016775,24.436167421440135,0.05203822638247946
2026-09-10 03:24:42+00:00,55501,STARLINK-5367,24.467444821733576,-0.3620293257329905,24.46466395453272,0.07077050002748031
2026-09-10 03:25:42+00:00,55501,STARLINK-5367,24.498501937338272,-0.37765511153108733,24.495428498011705,0.08919915525107491
2026-09-10 03:26:42+00:00,55501,STARLINK-5367,24.53184348956534,-0.3934704242533873,24.52845341271307,0.1072343328053762
2026-09-10 03:27:42+00:00,55501,STARLINK-5367,24.567447864531147,-0.40942096231404435,24.563719097738733,0.12479238542145143
2026-09-10 03:28:42+00:00,55501,STARLINK-5367,24.605285236164566,-0.4254438411607713,24.601198162936864,0.14180281713702092
2026-09-10 03:29:42+00:00,55501,STARLINK-5367,24.645325265678583,-0.44146233207976926,24.640863171334093,0.15821072037272232
2026-09-10 03:30:42+00:00,55501,STARLINK-5367,24.687548461394822,-0.4573963423568791,24.68269781190138,0.17397225662481763
2026-09-10 03:31:42+00:00,55501,STARLINK-5367,24.73193518188711,-0.47317821142699323,24.72668566735668,0.18904001966278386
2026-09-10 03:32:42+00:00,55501,STARLINK-5367,24.778442695517224,-0.4887476655217893,24.772787406567904,0.20335251035724933
2026-09-10 03:33:42+00:00,55501,STARLINK-5367,24.827057379550983,-0.5040552415893191,24.820992850911654,0.21684173015302188
2026-09-10 03:34:42+00:00,55501,STARLINK-5367,24.877696855909505,-0.5190502062291942,24.871223160393463,0.22944769306051427
2026-09-10 03:35:42+00:00,55501,STARLINK-5367,24.930280563611184,-0.5336709757780462,24.923401548659417,0.2411213683250515
2026-09-10 03:36:42+00:00,55501,STARLINK-5367,24.984726070946156,-0.5478511396934214,24.977449453229323,0.2518229146197948
2026-09-10 03:37:42+00:00,55501,STARLINK-5367,25.040946271729034,-0.5615363758239162,25.033283264468896,0.26152644820013027
2026-09-10 03:38:42+00:00,55501,STARLINK-5367,25.098826506657918,-0.5746732140730337,25.09079173704909,0.2702086533960486
2026-09-10 03:39:42+00:00,55501,STARLINK-5367,25.158232405481805,-0.5871787091277136,25.14984470730366,0.2778311182932054
2026-09-10 03:40:42+00:00,55501,STARLINK-5367,25.219019149528794,-0.5989411589771807,25.21030230148583,0.28434876486684413
2026-09-10 03:41:42+00:00,55501,STARLINK-5367,25.281043250881037,-0.609795779872722,25.272027545062475,0.2896907340088761
2026-09-10 03:42:42+00:00,55501,STARLINK-5367,25.344224149800894,-0.6195562606103477,25.33494783810217,0.29371046275469936
2026-09-10 03:43:42+00:00,55501,STARLINK-5367,25.408552518639777,-0.628133080164953,25.39905961930484,0.2962437865615648
2026-09-10 03:44:42+00:00,55501,STARLINK-5367,25.474000426913772,-0.6355399245574693,25.464336674990438,0.2972279553362007
2026-09-10 03:45:42+00:00,55501,STARLINK-5367,25.540556274095813,-0.6418226294954144,25.530767336368264,0.29664409441922324
2026-09-10 03:46:42+00:00,55501,STARLINK-5367,25.608139551830828,-0.6470825109689589,25.59826842929941,0.29453174968688955
2026-09-10 03:47:42+00:00,55501,STARLINK-5367,25.676602045673395,-0.6514545911183802,25.666687419932323,0.2909577547988249
2026-09-10 03:48:42+00:00,55501,STARLINK-5367,25.74572529477767,-0.6550043318693284,25.735802598004565,0.28601558686354167
2026-09-10 03:49:42+00:00,55501,STARLINK-5367,25.815281821640088,-0.6577367745686651,25.805384445577204,0.27980615083186144
2026-09-10 03:50:42+00:00,55501,STARLINK-5367,25.885040284872904,-0.6596253615958751,25.875200344772985,0.27241888644606504
2026-09-10 03:51:42+00:00,55501,STARLINK-5367,25.95476826738446,-0.6606183482894981,25.94501742253751,0.26391315949698324
2026-09-10 03:52:42+00:00,55501,STARLINK-5367,26.02424111527451,-0.6606394067598027,26.014611336703105,0.25431909180886336
2026-09-10 03:53:42+00:00,55501,STARLINK-5367,26.093273504751277,-0.6596255507211477,26.083796594068197,0.2436628118262476
2026-09-10 03:54:42+00:00,55501,STARLINK-5367,26.161667944803295,-0.6575673973475269,26.152373877951238,0.2319812922361777
2026-09-10 03:55:42+00:00,55501,STARLINK-5367,26.229174615869617,-0.6544200752416829,26.22009209483986,0.21933064769021726
2026-09-10 03:56:42+00:00,55501,STARLINK-5367,26.295648906462027,-0.6500858138783567,26.286806739023625,0.20574574535952905
2026-09-10 03:57:42+00:00,55501,STARLINK-5367,26.36096639790757,-0.6445230799055806,26.3523914024356,0.19132904619904778
2026-09-10 03:58:42+00:00,55501,STARLINK-5367,26.425003663790108,-0.6377509551817964,26.416719301381267,0.17616385133055168
2026-09-10 03:59:42+00:00,55501,STARLINK-5367,26.48761393396439,-0.6297985956771721,26.479640184137637,0.16031644404409384
2026-09-10 04:00:42+00:00,55501,STARLINK-5367,26.548651582625315,-0.6206557742512615,26.54100590885505,0.14384926709403167
2026-09-10 04:01:42+00:00,55501,STARLINK-5367,26.608045434202296,-0.6102850917121927,26.600743466725746,0.12681069692732727
2026-09-10 04:02:42+00:00,55501,STARLINK-5367,26.665780332186987,-0.5987299406140512,26.65883410861617,0.1092115009761816
2026-09-10 04:03:42+00:00,55501,STARLINK-5367,26.721810184384974,-0.586110135222941,26.715226444568422,0.09105193639715736
2026-09-10 04:04:42+00:00,55501,STARLINK-5367,26.77605157065544,-0.5725501563743904,26.769831665078563,0.07236474412655447
2026-09-10 04:05:42+00:00,55501,STARLINK-5367,26.828409415009222,-0.5581571832593246,26.822549859968646,0.0532100331436105
2026-09-10 04:06:42+00:00,55501,STARLINK-5367,26.878790899858522,-0.5430119308494898,26.87328422966941,0.03365995652945841
2026-09-10 04:07:42+00:00,55501,STARLINK-5367,26.927182942044553,-0.5271855705722439,26.92201826009759,0.013761231322424905
2026-09-10 04:08:42+00:00,55501,STARLINK-5367,26.973522161727427,-0.5107452999824069,26.96868547149812,-0.006402120963574731
2026-09-10 04:09:42+00:00,55501,STARLINK-5367,27.01774294950016,-0.4937075526193393,27.013218443825508,-0.026762733752949686
2026-09-10 04:10:42+00:00,55501,STARLINK-5367,27.059844472195238,-0.4760652700369681,27.055615137548095,-0.04726782138001617
2026-09-10 04:11:42+00:00,55501,STARLINK-5367,27.099854440146395,-0.4579107142565295,27.095900463809073,-0.06787127700497386
2026-09-10 04:12:42+00:00,55501,STARLINK-5367,27.137687667032104,-0.4393115074431453,27.133987200214058,-0.08852079661952672
2026-09-10 04:13:42+00:00,55501,STARLINK-5367,27.173281191598786,-0.42017172433108385,27.16981346211931,-0.10910029060200799
2026-09-10 04:14:42+00:00,55501,STARLINK-5367,27.20671246881232,-0.4004441184149554,27.20345771429228,-0.12936868000496116
2026-09-10 04:15:42+00:00,55501,STARLINK-5367,27.238081746915345,-0.38024076056784484,27.23501971172636,-0.14904870855642294
2026-09-10 04:16:42+00:00,55501,STARLINK-5367,27.267470480578755,-0.3597063200134305,27.26458056386564,-0.16794180258743663
2026-09-10 04:17:42+00:00,55501,STARLINK-5367,27.295007603951408,-0.33904081363878913,27.292268486628597,-0.18593622624949402
2026-09-10 04:18:42+00:00,55501,STARLINK-5367,27.32081393762859,-0.3185844661311842,27.3182021814766,-0.2029968581716744
2026-09-10 04:19:42+00:00,55501,STARLINK-5367,27.34484150039886,-0.2986229146789927,27.342333065378572,-0.21909719000918648
2026-09-10 04:20:42+00:00,55501,STARLINK-5367,27.36708172908356,-0.2793365244979342,27.36465407355713,-0.2341813548805718
2026-09-10 04:21:42+00:00,55501,STARLINK-5367,27.387540753354788,-0.26089301204205917,27.385173508924343,-0.24818388151814208
2026-09-10 04:22:42+00:00,55501,STARLINK-5367,27.406186359319136,-0.2433919900122814,27.403862633599,-0.2610054784192104
2026-09-10 04:23:42+00:00,55501,STARLINK-5367,27.42304660447956,-0.22684187592538052,27.420754256477803,-0.2725139274220254
2026-09-10 04:24:42+00:00,55501,STARLINK-5367,27.438256786820798,-0.2113438470264244,27.435987598521752,-0.28258409651272487
2026-09-10 04:25:42+00:00,55501,STARLINK-5367,27.451864410524703,-0.19709752261127722,27.449613526684747,-0.29108317721755306
2026-09-10 04:26:42+00:00,55501,STARLINK-5367,27.46382450100864,-0.1841484293735638,27.461591228816197,-0.2979140137145837
2026-09-10 04:27:42+00:00,55501,STARLINK-5367,27.474167833496665,-0.17244529335906034,27.471954724384076,-0.30309138115903167
2026-09-10 04:28:42+00:00,55501,STARLINK-5367,27.482962654382398,-0.1619856414694807,27.48077360715291,-0.3067227845195628
2026-09-10 04:29:42+00:00,55501,STARLINK-5367,27.490272566442307,-0.15279030798216198,27.48811195362411,-0.3089370876158064
2026-09-10 04:30:42+00:00,55501,STARLINK-5367,27.496223754865557,-0.14496729767710725,27.494096396427008,-0.3097879988259713
2026-09-10 04:31:42+00:00,55501,STARLINK-5367,27.500811480232286,-0.13866944873760634,27.49872208244188,-0.3093326492400319
2026-09-10 04:32:42+00:00,55501,STARLINK-5367,27.503994354439616,-0.1339207948528065,27.501947836595804,-0.3076294246586766
2026-09-10 04:33:42+00:00,55501,STARLINK-5367,27.505780150423718,-0.1306302584966117,27.50378204345897,-0.3047141692018691
2026-09-10 04:34:42+00:00,55501,STARLINK-5367,27.50623401069017,-0.1286542975321403,27.504290792915363,-0.3005752839577305
2026-09-10 04:35:42+00:00,55501,STARLINK-5367,27.505473959684203,-0.12781191208325016,27.503593365348454,-0.2951505642143175
2026-09-10 04:36:42+00:00,55501,STARLINK-5367,27.50368264780131,-0.12791830968340712,27.501873565749165,-0.288351297139414
2026-09-10 04:37:42+00:00,55501,STARLINK-5367,27.501093579499003,-0.12884125121205514,27.499365240242966,-0.28010602289874065
2026-09-10 04:38:42+00:00,55501,STARLINK-5367,27.49795236961902,-0.1305133451459488,27.49631305176331,-0.2704058949163972
2026-09-10 04:39:42+00:00,55501,STARLINK-5367,27.494464846209546,-0.13290494441902156,27.49292062835069,-0.25932369427192903
2026-09-10 04:40:42+00:00,55501,STARLINK-5367,27.490778208114197,-0.13596180793240475,27.48933260420612,-0.24696932975671437
2026-09-10 04:41:42+00:00,55501,STARLINK-5367,27.487098616668128,-0.13962897139544317,27.485752969949463,-0.2334047722305268
2026-09-10 04:42:42+00:00,55501,STARLINK-5367,27.48356640625424,-0.14389360656519387,27.482319095942216,-0.2187559045746923
2026-09-10 04:43:42+00:00,55501,STARLINK-5367,27.480282773368167,-0.14871252682703529,27.47912947298313,-0.20314845721745556
2026-09-10 04:44:42+00:00,55501,STARLINK-5367,27.477372739004352,-0.1540028293285165,27.47630676328341,-0.18671480038982402
2026-09-10 04:45:42+00:00,55501,STARLINK-5367,27.475008957984166,-0.1597238898470712,27.47402125462153,-0.1695925143588095
2026-09-10 04:46:42+00:00,55501,STARLINK-5367,27.47335506324851,-0.1658962544454603,27.47243418895961,-0.15190983301501326
2026-09-10 04:47:42+00:00,55501,STARLINK-5367,27.472540262768604,-0.1725588653934924,27.47167254264353,-0.13378952567998859
2026-09-10 04:48:42+00:00,55501,STARLINK-5367,27.472676178121898,-0.17974995176995368,27.471846012397204,-0.11533869220900606
2026-09-10 04:49:42+00:00,55501,STARLINK-5367,27.47386441790063,-0.187488895143046,27.47305464623159,-0.09665594941368028
2026-09-10 04:50:42+00:00,55501,STARLINK-5367,27.476200830588557,-0.1957809662183152,27.475392987439903,-0.07785937220391226
2026-09-10 04:51:42+00:00,55501,STARLINK-5367,27.47974845703827,-0.20461675742133512,27.478923114834814,-0.05909055488437076
2026-09-10 04:52:42+00:00,55501,STARLINK-5367,27.48461413131754,-0.2139681375473943,27.483751480646305,-0.040449148403361335
2026-09-10 04:53:42+00:00,55501,STARLINK-5367,27.490860070884327,-0.22378910904204563,27.48994034010643,-0.022044704704207163
2026-09-10 04:54:42+00:00,55501,STARLINK-5367,27.498575199592185,-0.23400818161529635,27.4975792149579,-0.003936455103836778
2026-09-10 04:55:42+00:00,55501,STARLINK-5367,27.507873661570834,-0.24454139783488582,27.506783186569912,0.013842424728526481
2026-09-10 04:56:42+00:00,55501,STARLINK-5367,27.51893214087098,-0.25533942362998285,27.51772974593363,0.03126631353225662
2026-09-10 04:57:42+00:00,55501,STARLINK-5367,27.531916155992487,-0.26646774763011827,27.53058423506706,0.04830979145436043
2026-09-10 04:58:42+00:00,55501,STARLINK-5367,27.546889839559817,-0.27800400777659995,27.545410469497497,0.06492820189755477
2026-09-10 04:59:42+00:00,55501,STARLINK-5367,27.563890828162826,-0.28996966977536154,27.562246373657494,0.08105563085680956
2026-09-10 05:00:42+00:00,55501,STARLINK-5367,27.582942825070706,-0.30237039737853166,27.581116202257288,0.09662334857175647
2026-09-10 05:01:42+00:00,55501,STARLINK-5367,27.60404828834396,-0.3151890762086986,27.60202326988577,0.11157580449322957
2026-09-10 05:02:42+00:00,55501,STARLINK-5367,27.62720537981217,-0.328391229148949,27.624966833735265,0.1258718950655573
2026-09-10 05:03:42+00:00,55501,STARLINK-5367,27.652472350072795,-0.3419523088669958,27.650006104531588,0.13949232726968974
2026-09-10 05:04:42+00:00,55501,STARLINK-5367,27.67985532939727,-0.3558618527906521,27.677148061988603,0.15240916262229132
2026-09-10 05:05:42+00:00,55501,STARLINK-5367,27.709358109960178,-0.37010182857936746,27.706397466787326,0.1645931799892191
2026-09-10 05:06:42+00:00,55501,STARLINK-5367,27.740972315519468,-0.3846348298713228,27.73774720321009,0.17601462688655767
2026-09-10 05:07:42+00:00,55501,STARLINK-5367,27.774683957524616,-0.3994027772247766,27.77118483012335,0.18665340352392734
2026-09-10 05:08:42+00:00,55501,STARLINK-5367,27.810486446704356,-0.41433242100472656,27.806705562056795,0.19649639261465923
2026-09-10 05:09:42+00:00,55501,STARLINK-5367,27.848387586890723,-0.4293570553548127,27.84431901101421,0.20552985568761128
2026-09-10 05:10:42+00:00,55501,STARLINK-5367,27.888385907828233,-0.4444296228430069,27.884025342948362,0.21373237495908448
2026-09-10 05:11:42+00:00,55501,STARLINK-5367,27.930459043586122,-0.459502583239332,27.925803982368148,0.22106944562581266
2026-09-10 05:12:42+00:00,55501,STARLINK-5367,27.97456975833302,-0.4745230113353509,27.969619679017054,0.2274996410887411
2026-09-10 05:13:42+00:00,55501,STARLINK-5367,28.020666724421613,-0.48943422345154186,28.015423157786227,0.23298736488932814
2026-09-10 05:14:42+00:00,55501,STARLINK-5367,28.06867308705582,-0.5041706585518044,28.063139666794036,0.2375139092316454
2026-09-10 05:15:42+00:00,55501,STARLINK-5367,28.118553261049506,-0.5186643318664883,28.11273594673633,0.24104438264816608
2026-09-10 05:16:42+00:00,55501,STARLINK-5367,28.17021017314628,-0.5328473332227679,28.16411711750812,0.24356089587094587
2026-09-10 05:17:42+00:00,55501,STARLINK-5367,28.22354821758031,-0.5466353023827812,28.21719009023517,0.24504539947359127
2026-09-10 05:18:42+00:00,55501,STARLINK-5367,28.278461710587763,-0.559941406236744,28.27185153473433,0.24550587915519628
2026-09-10 05:19:42+00:00,55501,STARLINK-5367,28.334828720960342,-0.5726832738718377,28.327981571351188,0.24497470721276926
2026-09-10 05:20:42+00:00,55501,STARLINK-5367,28.392497991468623,-0.5847706408467932,28.385431100999824,0.2434886107094858
2026-09-10 05:21:42+00:00,55501,STARLINK-5367,28.45129599987987,-0.5960913719873009,28.44402939000735,0.24106266699982548
2026-09-10 05:22:42+00:00,55501,STARLINK-5367,28.511000651433577,-0.6064669569912109,28.503558781298523,0.237682092685775
2026-09-10 05:23:42+00:00,55501,STARLINK-5367,28.571509082823997,-0.615535152330783,28.56392503831436,0.23331127640469873
2026-09-10 05:24:42+00:00,55501,STARLINK-5367,28.63299575049023,-0.6230688282800618,28.62530851998651,0.22791011036048658
2026-09-10 05:25:42+00:00,55501,STARLINK-5367,28.69557031349425,-0.629174258154594,28.68781705268522,0.221468104320385
2026-09-10 05:26:42+00:00,55501,STARLINK-5367,28.7592227540536,-0.6340427216217768,28.751436490064876,0.21396962915111573
2026-09-10 05:27:42+00:00,55501,STARLINK-5367,28.823819298288186,-0.6378677771970296,28.81602804068675,0.20545461187177239
2026-09-10 05:28:42+00:00,55501,STARLINK-5367,28.889161401623856,-0.6408048895651927,28.88138869555473,0.19596581045300177
2026-09-10 05:29:42+00:00,55501,STARLINK-5367,28.9550265612476,-0.6429296868480884,28.947292764070987,0.1855969059198781
2026-09-10 05:30:42+00:00,55501,STARLINK-5367,29.021210093651916,-0.6442792932278768,29.013532911727566,0.17449204080190484
2026-09-10 05:31:42+00:00,55501,STARLINK-5367,29.08751260300021,-0.6449094554808437,29.07990673803829,0.16280457893657996
2026-09-10 05:32:42+00:00,55501,STARLINK-5367,29.15367735278835,-0.6448898688204387,29.14615447997051,0.1506627932576503
2026-09-10 05:33:42+00:00,55501,STARLINK-5367,29.219399307729507,-0.6441981528745075,29.211970481458827,0.13814932050055084
2026-09-10 05:34:42+00:00,55501,STARLINK-5367,29.28444936390241,-0.6427242697662523,29.27712722093608,0.12530662050089525
2026-09-10 05:35:42+00:00,55501,STARLINK-5367,29.34867108818726,-0.640385500365551,29.34146932025366,0.11215695312412066
2026-09-10 05:36:42+00:00,55501,STARLINK-5367,29.41187940066892,-0.6371137357643333,29.404812331665852,0.09873047505832666
2026-09-10 05:37:42+00:00,55501,STARLINK-5367,29.473951042244895,-0.6327966123558291,29.467034605248053,0.08502976628044223
2026-09-10 05:38:42+00:00,55501,STARLINK-5367,29.53480297696855,-0.6273457897749513,29.528053962965185,0.07108662756184003
2026-09-10 05:39:42+00:00,55501,STARLINK-5367,29.59439912476233,-0.6207658631141104,29.587833189585794,0.0568897545360354
2026-09-10 05:40:42+00:00,55501,STARLINK-5367,29.6526717309739,-0.613097237743113,29.64630250765239,0.04242860749536348
2026-09-10 05:41:42+00:00,55501,STARLINK-5367,29.709528515535222,-0.6043535872958428,29.703368031101512,0.02773023367818439
2026-09-10 05:42:42+00:00,55501,STARLINK-5367,29.764886984168935,-0.5945131850414009,29.758946326236323,0.012837653479252253
2026-09-10 05:43:42+00:00,55501,STARLINK-5367,29.81870414217157,-0.5835577503704146,29.812993345083218,-0.0022082496191409007
2026-09-10 05:44:42+00:00,55501,STARLINK-5367,29.870941909410682,-0.5715153562470823,29.865469019440198,-0.01734940399817564
2026-09-10 05:45:42+00:00,55501,STARLINK-5367,29.921539657495615,-0.5584079359035874,29.916310900046163,-0.032529739959067605
2026-09-10 05:46:42+00:00,55501,STARLINK-5367,29.970469449022445,-0.5442430599189425,29.96548952212008,-0.04770939351534498
2026-09-10 05:47:42+00:00,55501,STARLINK-5367,30.017698904448583,-0.5290877504766316,30.01296996208106,-0.06283092908617505
2026-09-10 05:48:42+00:00,55501,STARLINK-5367,30.06318645639082,-0.5130420619626475,30.058707714263583,-0.07783510036241292
2026-09-10 05:49:42+00:00,55501,STARLINK-5367,30.10683920895398,-0.49616340197990594,30.102607995573443,-0.09263313220739011
2026-09-10 05:50:42+00:00,55501,STARLINK-5367,30.14861497071006,-0.478499305506604,30.14462705724216,-0.1071571114608032
2026-09-10 05:51:42+00:00,55501,STARLINK-5367,30.188467521646764,-0.460100093245698,30.18471729103728,-0.12133124029696796
2026-09-10 05:52:42+00:00,55501,STARLINK-5367,30.22638634847953,-0.4410222304970355,30.22286725963673,-0.13500254121902952
2026-09-10 05:53:42+00:00,55501,STARLINK-5367,30.262397695152654,-0.42140075867909554,30.259101719332886,-0.14798242879024626
2026-09-10 05:54:42+00:00,55501,STARLINK-5367,30.296491534378198,-0.40140545631223445,30.293409182526542,-0.16010325514912993
2026-09-10 05:55:42+00:00,55501,STARLINK-5367,30.328659600179638,-0.3811318074151697,30.32578132221652,-0.1712275855365366
2026-09-10 05:56:42+00:00,55501,STARLINK-5367,30.358998155635472,-0.36069279389065523,30.3563142542204,-0.1812584379519966
2026-09-10 05:57:42+00:00,55501,STARLINK-5367,30.38759298445876,-0.3403799579498301,30.385091547533342,-0.19015920006998588
2026-09-10 05:58:42+00:00,55501,STARLINK-5367,30.414383294768484,-0.32048267190298585,30.412050707447992,-0.19792378764114638
2026-09-10 05:59:42+00:00,55501,STARLINK-5367,30.439286933153273,-0.3011420046318838,30.4371101409045,-0.20452081148426515
2026-09-10 06:00:42+00:00,55501,STARLINK-5367,30.462296688123274,-0.2824631106987985,30.460263907737644,-0.2098970636197004
2026-09-10 06:01:42+00:00,55501,STARLINK-5367,30.483354723230192,-0.2644901103411321,30.481455429190202,-0.21409129385187953
2026-09-10 06:02:42+00:00,55501,STARLINK-5367,30.5024780425234,-0.2472398507638971,30.50070216675153,-0.21727062833039845
2026-09-10 06:03:42+00:00,55501,STARLINK-5367,30.519682988901547,-0.23075873206901942,30.518020052061722,-0.21966395375454262
2026-09-10 06:04:42+00:00,55501,STARLINK-5367,30.535014385052847,-0.2150853179074188,30.5334537573783,-0.22145755224410202
2026-09-10 06:05:42+00:00,55501,STARLINK-5367,30.548575986660513,-0.2003635750600532,30.54710664328337,-0.2227666367155905
2026-09-10 06:06:42+00:00,55501,STARLINK-5367,30.560416259510987,-0.18681181682950143,30.55902717616562,-0.22360980758274884
2026-09-10 06:07:42+00:00,55501,STARLINK-5367,30.570536306970915,-0.17458310078533046,30.56921768101693,-0.22392232436471282
2026-09-10 06:08:42+00:00,55501,STARLINK-5367,30.578918799498652,-0.1637710781094981,30.577662433377704,-0.22363830331343593
2026-09-10 06:09:42+00:00,55501,STARLINK-5367,30.58551324925502,-0.15443365971839818,30.584312275609804,-0.22274108979624785
2026-09-10 06:10:42+00:00,55501,STARLINK-5367,30.59025670183994,-0.14656900400128148,30.589105604818155,-0.22122592255928453
2026-09-10 06:11:42+00:00,55501,STARLINK-5367,30.593169941841442,-0.14012176120821973,30.592065076389517,-0.219014484395883
2026-09-10 06:12:42+00:00,55501,STARLINK-5367,30.594267016399407,-0.13500625238417996,30.59320606134455,-0.21607977849124005
2026-09-10 06:13:42+00:00,55501,STARLINK-5367,30.593609544085137,-0.13109027916133975,30.59259112106041,-0.21243534136958075
2026-09-10 06:14:42+00:00,55501,STARLINK-5367,30.591315382963423,-0.12819530039996296,30.590338760154733,-0.20812823898907595
2026-09-10 06:15:42+00:00,55501,STARLINK-5367,30.587559873350376,-0.12612166687863346,30.58662462915334,-0.2032390863203215
2026-09-10 06:16:42+00:00,55501,STARLINK-5367,30.582600263095248,-0.12466740397233747,30.581705891178323,-0.19789309267727084
2026-09-10 06:17:42+00:00,55501,STARLINK-5367,30.576775351344132,-0.12372216536028646,30.575920810298896,-0.19222464643088166
2026-09-10 06:18:42+00:00,55501,STARLINK-5367,30.5704202466578,-0.1233018877251526,30.56960356800512,-0.1863555654059219
2026-09-10 06:19:42+00:00,55501,STARLINK-5367,30.56382207459904,-0.12352830630781275,30.5630400571853,-0.18039686298588187
2026-09-10 06:20:42+00:00,55501,STARLINK-5367,30.55715938475574,-0.1246036253020475,30.556407606107012,-0.17440702787746076
2026-09-10 06:21:42+00:00,55501,STARLINK-5367,30.550486630733612,-0.12664252834381884,30.549759998200727,-0.16840159435920654
2026-09-10 06:22:42+00:00,55501,STARLINK-5367,30.543959392573363,-0.12963007322321918,30.5432525964223,-0.16239535224038804
2026-09-10 06:23:42+00:00,55501,STARLINK-5367,30.53777416512636,-0.13358448453660454,30.537081046758217,-0.15648415085912148
2026-09-10 06:24:42+00:00,55501,STARLINK-5367,30.532108337570826,-0.13856388818313192,30.531421837540567,-0.15073209414140543
2026-09-10 06:25:42+00:00,55501,STARLINK-5367,30.52710282803656,-0.14458683233016068,30.526415188476143,-0.1451807914562604
2026-09-10 06:26:42+00:00,55501,STARLINK-5367,30.52290885776608,-0.15165996532623716,30.5222117220779,-0.139842722594409
2026-09-10 06:27:42+00:00,55501,STARLINK-5367,30.519669577625972,-0.15979029213275275,30.51895404320319,-0.13469335120938908
2026-09-10 06:28:42+00:00,55501,STARLINK-5367,30.517527919070055,-0.16892909528850186,30.516784793579838,-0.12968852809640552
2026-09-10 06:29:42+00:00,55501,STARLINK-5367,30.51668599562306,-0.17899707005769638,30.51590594539122,-0.12477394120620566
2026-09-10 06:30:42+00:00,55501,STARLINK-5367,30.517376560304204,-0.18999690031916838,30.516549526851353,-0.11990945126260044
2026-09-10 06:31:42+00:00,55501,STARLINK-5367,30.51974559040733,-0.2019863727959743,30.518860138900155,-0.11510095848108115
2026-09-10 06:32:42+00:00,55501,STARLINK-5367,30.52385666889926,-0.21494840972558116,30.52290024434059,-0.1103802459477361
2026-09-10 06:33:42+00:00,55501,STARLINK-5367,30.52983211517697,-0.22878226667478696,30.528791734885296,-0.1057490583659666
2026-09-10 06:34:42+00:00,55501,STARLINK-5367,30.537798675080627,-0.2433502840567634,30.53666130303792,-0.10121769880866438
2026-09-10 06:35:42+00:00,55501,STARLINK-5367,30.547952746219583,-0.25854399717388565,30.546705332200162,-0.09677465848162115
2026-09-10 06:36:42+00:00,55501,STARLINK-5367,30.560485499454018,-0.27429952984104666,30.559114789337382,-0.09239600840682716
2026-09-10 06:37:42+00:00,55501,STARLINK-5367,30.575559247164502,-0.29058314503160254,30.574051570771132,-0.08806395697146607
2026-09-10 06:38:42+00:00,55501,STARLINK-5367,30.593287704567494,-0.30742119338332063,30.59162838558907,-0.0837705337260557
2026-09-10 06:39:42+00:00,55501,STARLINK-5367,30.613700296086606,-0.32483900716848746,30.611873606562078,-0.07949675403988082
2026-09-10 06:40:42+00:00,55501,STARLINK-5367,30.636800340600804,-0.34278798076551,30.634790288552026,-0.07520296881633692
2026-09-10 06:41:42+00:00,55501,STARLINK-5367,30.662621458119393,-0.36118117604763245,30.660412342517844,-0.07083663439426924
2026-09-10 06:42:42+00:00,55501,STARLINK-5367,30.69121886628905,-0.3799505170384845,30.688795206425922,-0.06634667367998937
2026-09-10 06:43:42+00:00,55501,STARLINK-5367,30.72263031411474,-0.3990570254497019,30.71997657440246,-0.06169421662655106
2026-09-10 06:44:42+00:00,55501,STARLINK-5367,30.75684597804839,-0.4184585465042243,30.753946652711004,-0.0568528315412129
2026-09-10 06:45:42+00:00,55501,STARLINK-5367,30.793879601626227,-0.43809068228680914,30.79071958270303,-0.05181749601008967
2026-09-10 06:46:42+00:00,55501,STARLINK-5367,30.833693302263057,-0.4578735595265373,30.830258273682006,-0.04657509603422838
2026-09-10 06:47:42+00:00,55501,STARLINK-5367,30.8762587735016,-0.47772099231961995,30.872535487542148,-0.041122648050055055
2026-09-10 06:48:42+00:00,55501,STARLINK-5367,30.921541990540366,-0.49754805424488957,30.917518442707433,-0.03547324786486783
2026-09-10 06:49:42+00:00,55501,STARLINK-5367,30.96949043808288,-0.517277858881446,30.96515593552528,-0.029656362240231715
2026-09-10 06:50:42+00:00,55501,STARLINK-5367,31.02002705924462,-0.5368285577571035,31.015372504929644,-0.023711522484937575
2026-09-10 06:51:42+00:00,55501,STARLINK-5367,31.073058298564785,-0.5560990242703134,31.06807675422003,-0.0176831870577967
2026-09-10 06:52:42+00:00,55501,STARLINK-5367,31.128487690648285,-0.5749687836821487,31.12317499754335,-0.011613652534007812
2026-09-10 06:53:42+00:00,55501,STARLINK-5367,31.186222786505194,-0.5933120967168586,31.180577958966822,-0.005530842413270065
2026-09-10 06:54:42+00:00,55501,STARLINK-5367,31.246175745436485,-0.6110114386682355,31.240201078520617,0.0005568836866398641
2026-09-10 06:55:42+00:00,55501,STARLINK-5367,31.308245242773882,-0.6279728247339236,31.30194603987046,0.006665591275719862
2026-09-10 06:56:42+00:00,55501,STARLINK-5367,31.372363599558284,-0.6441338865373734,31.365747656805496,0.012778446862801829
2026-09-10 06:57:42+00:00,55501,STARLINK-5367,31.43839158845854,-0.659453118938,31.431468779576456,0.018910623849672348
2026-09-10 06:58:42+00:00,55501,STARLINK-5367,31.506173665006077,-0.6738909093316732,31.49895588659232,0.02506205007003537
2026-09-10 06:59:42+00:00,55501,STARLINK-5367,31.575522781106613,-0.6874064156137458,31.568023950119503,0.031228266633490875
2026-09-10 07:00:42+00:00,55501,STARLINK-5367,31.646215228587128,-0.6999349645844504,31.63845177540047,0.0373977949959059
2026-09-10 07:01:42+00:00,55501,STARLINK-5367,31.718007634981753,-0.7113611108240123,31.70999962865703,0.04355747167927504
2026-09-10 07:02:42+00:00,55501,STARLINK-5367,31.790670663968616,-0.7214791223938306,31.782443890255454,0.04969410054238921
2026-09-10 07:03:42+00:00,55501,STARLINK-5367,31.864062597916536,-0.7300042544847786,31.855650503731994,0.05576752152743758
2026-09-10 07:04:42+00:00,55501,STARLINK-5367,31.938151689153436,-0.7366804116270366,31.92959484108522,0.06171365038112597
2026-09-10 07:05:42+00:00,55501,STARLINK-5367,32.01301183956487,-0.7413907403452165,32.00435460218699,0.06747820183100828
2026-09-10 07:06:42+00:00,55501,STARLINK-5367,32.08869812129274,-0.7442538279776558,32.079982794829405,0.07305643329720013
2026-09-10 07:07:42+00:00,55501,STARLINK-5367,32.16516702835503,-0.7455173634369054,32.15643045544661,0.07844862533528385
2026-09-10 07:08:42+00:00,55501,STARLINK-5367,32.2422180531804,-0.745434089939514,32.23349112626084,0.08368285160264044
2026-09-10 07:09:42+00:00,55501,STARLINK-5367,32.319585681533425,-0.7442240317771303,32.31089408581208,0.08872762782693577
2026-09-10 07:10:42+00:00,55501,STARLINK-5367,32.39692640218145,-0.7420671786524489,32.38829148441533,0.0935485503768394
2026-09-10 07:11:42+00:00,55501,STARLINK-5367,32.47382219304743,-0.7390434729271842,32.465263196238,0.09812323770908549
2026-09-10 07:12:42+00:00,55501,STARLINK-5367,32.54989058776172,-0.7350971541911191,32.541427683493794,0.1024390994858333
2026-09-10 07:13:42+00:00,55501,STARLINK-5367,32.624817427870596,-0.7301370069923312,32.61647242315283,0.10648390780116479
2026-09-10 07:14:42+00:00,55501,STARLINK-5367,32.69830950228512,-0.724041808454464,32.69010641214551,0.1102294399980508
2026-09-10 07:15:42+00:00,55501,STARLINK-5367,32.7701213480536,-0.7166460345977876,32.76208727004634,0.11361926386479837
2026-09-10 07:16:42+00:00,55501,STARLINK-5367,32.84006837181726,-0.7077895311639022,32.83223318331443,0.11657118715169545
2026-09-10 07:17:42+00:00,55501,STARLINK-5367,32.90799306287981,-0.6973441921165762,32.90038840342824,0.11900171356490219
2026-09-10 07:18:42+00:00,55501,STARLINK-5367,32.97382271827171,-0.6852211805848345,32.96648091174207,0.12080101587456404
2026-09-10 07:19:42+00:00,55501,STARLINK-5367,33.037483275172534,-0.6713850940017263,33.030435783400854,0.12188179310123992
2026-09-10 07:20:42+00:00,55501,STARLINK-5367,33.09895245775198,-0.6558699411451068,33.09222816894749,0.12216069394912488
2026-09-10 07:21:42+00:00,55501,STARLINK-5367,33.15821690090035,-0.6388018789165963,33.15183993524002,0.12161050477094015
2026-09-10 07:22:42+00:00,55501,STARLINK-5367,33.21522912506474,-0.620362938580004,33.20921754403667,0.1202737204589166
2026-09-10 07:23:42+00:00,55501,STARLINK-5367,33.26990134611314,-0.6007170844653613,33.264267542503774,0.11823461955674697
2026-09-10 07:24:42+00:00,55501,STARLINK-5367,33.32213534823952,-0.579967807747451,33.31688729154767,0.11559719148551606
2026-09-10 07:25:42+00:00,55501,STARLINK-5367,33.37187035695437,-0.5582004809813246,33.367012142357254,0.11244570327935022
2026-09-10 07:26:42+00:00,55501,STARLINK-5367,33.419052903098425,-0.5355308089597663,33.414584626411816,0.10880228448694573
2026-09-10 07:27:42+00:00,55501,STARLINK-5367,33.46361390192687,-0.5120714074545182,33.459532066941115,0.10465233986728761
2026-09-10 07:28:42+00:00,55501,STARLINK-5367,33.50549553456649,-0.48792297848253474,33.501793410418955,0.10000234763759752
2026-09-10 07:29:42+00:00,55501,STARLINK-5367,33.544645360336254,-0.4631845924572744,33.5413132433801,0.09485933529960855
2026-09-10 07:30:42+00:00,55501,STARLINK-5367,33.58105180386587,-0.43795331099591683,33.578077320021784,0.08922242963319027
2026-09-10 07:31:42+00:00,55501,STARLINK-5367,33.614657524911195,-0.4123092821286978,33.61202596122695,0.08314057219575943
2026-09-10 07:32:42+00:00,55501,STARLINK-5367,33.64543207703173,-0.38634364947898625,33.643126412943815,0.07670330726219898
2026-09-10 07:33:42+00:00,55501,STARLINK-5367,33.673337601492065,-0.3601582153153524,33.671338774739915,0.06997428596786204
2026-09-10 07:34:42+00:00,55501,STARLINK-5367,33.69839103453511,-0.3338605221490818,33.696678302576224,0.06298286176265933
2026-09-10 07:35:42+00:00,55501,STARLINK-5367,33.720685048770335,-0.3076345000231022,33.71923567878474,0.055735189325087475
2026-09-10 07:36:42+00:00,55501,STARLINK-5367,33.74027398420339,-0.2817292765443318,33.73906326599175,0.048239789136188094
2026-09-10 07:37:42+00:00,55501,STARLINK-5367,33.75713035301514,-0.25634543437523405,33.75613272296494,0.040500349457905926
2026-09-10 07:38:42+00:00,55501,STARLINK-5367,33.77123960366023,-0.23160556757345319,33.77042976819145,0.03250385433461922
2026-09-10 07:39:42+00:00,55501,STARLINK-5367,33.7826612011017,-0.20762745839164243,33.78201444856933,0.02425826863276548
2026-09-10 07:40:42+00:00,55501,STARLINK-5367,33.791509075136254,-0.18458610015978838,33.791001228227685,0.015796852793833693
2026-09-10 07:41:42+00:00,55501,STARLINK-5367,33.79796388985127,-0.1627205544865138,33.79757141526342,0.0071799029617611865
2026-09-10 07:42:42+00:00,55501,STARLINK-5367,33.8021402115289,-0.14226904329738677,33.80184077608897,-0.0015959659798294723
2026-09-10 07:43:42+00:00,55501,STARLINK-5367,33.80417444653863,-0.12344656382421348,33.80394739644291,-0.010553502526969183
2026-09-10 07:44:42+00:00,55501,STARLINK-5367,33.8042046158864,-0.10647863031426752,33.80403117024603,-0.01971433580571791
2026-09-10 07:45:42+00:00,55501,STARLINK-5367,33.80234400026983,-0.0915742091482592,33.802207462486045,-0.029064408632089922
2026-09-10 07:46:42+00:00,55501,STARLINK-5367,33.7986951724264,-0.07891186996276822,33.7985810493491,-0.03856586519150085
2026-09-10 07:47:42+00:00,55501,STARLINK-5367,33.793326804032716,-0.06864359090962502,33.79322270844677,-0.048202893069017705
2026-09-10 07:48:42+00:00,55501,STARLINK-5367,33.7862608740461,-0.06083849534369756,33.78615628410107,-0.05801786690913602
2026-09-10 07:49:42+00:00,55501,STARLINK-5367,33.77752924570392,-0.05542746850507063,33.77741515909726,-0.06808017409839096
2026-09-10 07:50:42+00:00,55501,STARLINK-5367,33.7672558973216,-0.05223364255765957,33.76712442217017,-0.07842665021739492
2026-09-10 07:51:42+00:00,55501,STARLINK-5367,33.75566210847611,-0.051068709376538624,33.75550592942367,-0.08908320366984768
2026-09-10 07:52:42+00:00,55501,STARLINK-5367,33.743085548335884,-0.05179044451197701,33.74289748858298,-0.10004572530010236
2026-09-10 07:53:42+00:00,55501,STARLINK-5367,33.72985907770607,-0.05430210872567587,33.72963158398003,-0.11134582109538016
2026-09-10 07:54:42+00:00,55501,STARLINK-5367,33.71636012109583,-0.058547838925051554,33.7160850411648,-0.1229693576563804
2026-09-10 07:55:42+00:00,55501,STARLINK-5367,33.702979172925566,-0.0645186409503875,33.702647517619816,-0.13488060905464572
2026-09-10 07:56:42+00:00,55501,STARLINK-5367,33.69008997497687,-0.07225337347339877,33.68969166459037,-0.14702896615433936
2026-09-10 07:57:42+00:00,55501,STARLINK-5367,33.67801156893433,-0.08181564823745813,33.67753530608567,-0.15932716130974356
2026-09-10 07:58:42+00:00,55501,STARLINK-5367,33.667005565367774,-0.09323366726916671,33.666438835901815,-0.17166050877935568
2026-09-10 07:59:42+00:00,55501,STARLINK-5367,33.65729646030047,-0.10645575462175128,33.656625548454336,-0.18392628956661916
2026-09-10 08:00:42+00:00,55501,STARLINK-5367,33.649136430027966,-0.12134865271701134,33.64834648818433,-0.19604999926429123
2026-09-10 08:01:42+00:00,55501,STARLINK-5367,33.642850690831395,-0.13781043080266286,33.641925656948615,-0.20796389849873442
2026-09-10 08:02:42+00:00,55501,STARLINK-5367,33.63874380960168,-0.15583163142057455,33.63766607763033,-0.21959608489667026
2026-09-10 08:03:42+00:00,55501,STARLINK-5367,33.637094352560716,-0.1754378734430011,33.63584467155475,-0.2308490127248497
2026-09-10 08:04:42+00:00,55501,STARLINK-5367,33.638056099424716,-0.19662731685435197,33.63661319557135,-0.24167866646828173
2026-09-10 08:05:42+00:00,55501,STARLINK-5367,33.64174498026737,-0.2193118521287385,33.64008590006391,-0.2520481406031774
2026-09-10 08:06:42+00:00,55501,STARLINK-5367,33.648302654105905,-0.24330454767746534,33.6464036285903,-0.26191078896444786
2026-09-10 08:07:42+00:00,55501,STARLINK-5367,33.65792228752237,-0.2683954361969283,33.65575948910869,-0.2712006895166654
2026-09-10 08:08:42+00:00,55501,STARLINK-5367,33.67082610367809,-0.29439093922946924,33.66837611481951,-0.2798468689849605
2026-09-10 08:09:42+00:00,55501,STARLINK-5367,33.687253400320515,-0.32116615100270973,33.684493165294306,-0.28777449174082737
2026-09-10 08:10:42+00:00,55501,STARLINK-5367,33.707367195247954,-0.34866390794124635,33.70427362847811,-0.2949167530873895
2026-09-10 08:11:42+00:00,55501,STARLINK-5367,33.73123891284988,-0.37679102540740983,33.727789185135435,-0.30123711921258334
2026-09-10 08:12:42+00:00,55501,STARLINK-5367,33.75890352321459,-0.40538613472336515,33.75507594346914,-0.3067201038665752
2026-09-10 08:13:42+00:00,55501,STARLINK-5367,33.79041294135695,-0.43422288511333285,33.78618816858143,-0.31136196086702406
2026-09-10 08:14:42+00:00,55501,STARLINK-5367,33.82585544858387,-0.4630851987581718,33.821217015600446,-0.31516426009541815
2026-09-10 08:15:42+00:00,55501,STARLINK-5367,33.86535379954386,-0.4918189783184437,33.86028792993753,-0.31812475944684526
2026-09-10 08:16:42+00:00,55501,STARLINK-5367,33.908948971498226,-0.5203140171221246,33.903444527205785,-0.32022315021973213
2026-09-10 08:17:42+00:00,55501,STARLINK-5367,33.956647135141694,-0.548518535097021,33.95069527003549,-0.3214074647104166
2026-09-10 08:18:42+00:00,55501,STARLINK-5367,34.00837412260692,-0.5763814284255231,34.00196857930637,-0.3216016853620305
2026-09-10 08:19:42+00:00,55501,STARLINK-5367,34.06403049557615,-0.6037912428829957,34.05716882422245,-0.3207201536691402
2026-09-10 08:20:42+00:00,55501,STARLINK-5367,34.12353600460742,-0.6306247388060404,34.11621996655509,-0.318680231850446
2026-09-10 08:21:42+00:00,55501,STARLINK-5367,34.18680467388292,-0.6567895234579941,34.1790396090679,-0.31542468810501845
2026-09-10 08:22:42+00:00,55501,STARLINK-5367,34.25371490124323,-0.6822148006235924,34.24550903929151,-0.31093108764661537
2026-09-10 08:23:42+00:00,55501,STARLINK-5367,34.32411333683178,-0.706822011549697,34.315477777855804,-0.30519482490153926
2026-09-10 08:24:42+00:00,55501,STARLINK-5367,34.39783257513711,-0.7305222678980625,34.38878146168911,-0.29821580014380267
2026-09-10 08:25:42+00:00,55501,STARLINK-5367,34.47467984124195,-0.7532280803285945,34.46523037445329,-0.2899876738774765
2026-09-10 08:26:42+00:00,55501,STARLINK-5367,34.554486335002416,-0.774864405902993,34.54465814012727,-0.2805441321297977
2026-09-10 08:27:42+00:00,55501,STARLINK-5367,34.636998924740105,-0.7953458331923544,34.626814300370086,-0.26990910647143984
2026-09-10 08:28:42+00:00,55501,STARLINK-5367,34.72196221981894,-0.8145469674239907,34.711446904764756,-0.2581228585217712
2026-09-10 08:29:42+00:00,55501,STARLINK-5367,34.80912798886292,-0.8323248280706261,34.79831161924132,-0.24522474547128503
2026-09-10 08:30:42+00:00,55501,STARLINK-5367,34.898252689518856,-0.8485314598229774,34.88716895193047,-0.23125237871131432
2026-09-10 08:31:42+00:00,55501,STARLINK-5367,34.98910900218274,-0.8630221241239218,34.97779555546977,-0.21623981977651852
2026-09-10 08:32:42+00:00,55501,STARLINK-5367,35.08148466424168,-0.8756788867826275,35.0699824166814,-0.20021495529651645
2026-09-10 08:33:42+00:00,55501,STARLINK-5367,35.175166191972586,-0.8864231108274598,35.163518092490776,-0.18321042698450185
2026-09-10 08:34:42+00:00,55501,STARLINK-5367,35.269922130172375,-0.8952139097768441,35.258171864093185,-0.1652753043641546
2026-09-10 08:35:42+00:00,55501,STARLINK-5367,35.365497611014405,-0.9020354851718193,35.353688596550334,-0.14647824515245844
2026-09-10 08:36:42+00:00,55501,STARLINK-5367,35.461593989007824,-0.906888352290095,35.44976870287323,-0.12688841754047075
2026-09-10 08:37:42+00:00,55501,STARLINK-5367,35.55792243612054,-0.9097712561003408,35.54612209850799,-0.10662078924825025
2026-09-10 08:38:42+00:00,55501,STARLINK-5367,35.65412667045771,-0.9106559796845789,35.64239190946003,-0.08575133915059041
2026-09-10 08:39:42+00:00,55501,STARLINK-5367,35.749869019596666,-0.9094783522814536,35.73824059702398,-0.06436671714649478
2026-09-10 08:40:42+00:00,55501,STARLINK-5367,35.84484421324767,-0.906151440796052,35.83336344918828,-0.04254593653279315
2026-09-10 08:41:42+00:00,55501,STARLINK-5367,35.93879591157965,-0.9005834355949345,35.92750460066842,-0.02035236239579774
2026-09-10 08:42:42+00:00,55501,STARLINK-5367,36.03151863334188,-0.8927029526212289,36.0204582393457,0.00216582488663164
2026-09-10 08:43:42+00:00,55501,STARLINK-5367,36.122864360203266,-0.8824655312009488,36.112075002289146,0.024963992644646993
2026-09-10 08:44:42+00:00,55501,STARLINK-5367,36.21275694995519,-0.8699124463528154,36.20227501589043,0.0479783914341958
2026-09-10 08:45:42+00:00,55501,STARLINK-5367,36.30110270163868,-0.8552233753630683,36.29095750552868,0.07108913463529376
2026-09-10 08:46:42+00:00,55501,STARLINK-5367,36.38773420286288,-0.8386162060449944,36.377947548502775,0.0941033237293869
2026-09-10 08:47:42+00:00,55501,STARLINK-5367,36.47246642678846,-0.8203261135258888,36.46305289389628,0.1168159989048263
2026-09-10 08:48:42+00:00,55501,STARLINK-5367,36.555101302484,-0.8006630500743359,36.546067381892854,0.1390281743394528
2026-09-10 08:49:42+00:00,55501,STARLINK-5367,36.63525793184513,-0.779889354232731,36.62660367128555,0.16062326901312218
2026-09-10 08:50:42+00:00,55501,STARLINK-5367,36.71253195247023,-0.758104920955363,36.704255072050294,0.18149075965643924
2026-09-10 08:51:42+00:00,55501,STARLINK-5367,36.78659843058826,-0.7353141662470257,36.77869665748538,0.20151760952605002
2026-09-10 08:52:42+00:00,55501,STARLINK-5367,36.85720324073647,-0.7115437325595613,36.84967393392836,0.2206064567749113
2026-09-10 08:53:42+00:00,55501,STARLINK-5367,36.924089706991886,-0.6868410963678278,36.91692944488098,0.2386846455143914
2026-09-10 08:54:42+00:00,55501,STARLINK-5367,36.98700642707074,-0.6612028509811676,36.98021201654217,0.25568425375072845
2026-09-10 08:55:42+00:00,55501,STARLINK-5367,37.04577088982566,-0.6345795854944258,37.03934024636617,0.27152105820192496
2026-09-10 08:56:42+00:00,55501,STARLINK-5367,37.10028255683917,-0.6069169084476425,37.09421462304178,0.28611040396730036
2026-09-10 08:57:42+00:00,55501,STARLINK-5367,37.15050192095651,-0.5781676945535681,37.14479622953891,0.29937962856377975
2026-09-10 08:58:42+00:00,55501,STARLINK-5367,37.19645205229375,-0.5482987298659916,37.19110829962077,0.3112510679394527
2026-09-10 08:59:42+00:00,55501,STARLINK-5367,37.23822040314414,-0.5173383371265323,37.233237461537065,0.32163328632523536
2026-09-10 09:00:42+00:00,55501,STARLINK-5367,37.27598012535582,-0.48544565523926697,37.27135432618618,0.33042928686114326
2026-09-10 09:01:42+00:00,55501,STARLINK-5367,37.30981466415223,-0.45289771904245285,37.30553833647886,0.33758458937028596
2026-09-10 09:02:42+00:00,55501,STARLINK-5367,37.33973729683715,-0.4200007420527059,37.33579863015392,0.3431055553080844
2026-09-10 09:03:42+00:00,55501,STARLINK-5367,37.36571026643212,-0.3869870452148292,37.36209442599087,0.34705164619778106
2026-09-10 09:04:42+00:00,55501,STARLINK-5367,37.38773493847482,-0.3540033560403315,37.38442555463051,0.3494730373752537
2026-09-10 09:05:42+00:00,55501,STARLINK-5367,37.40587172797967,-0.32120270682656393,37.402851772958634,0.35035382298619666
2026-09-10 09:06:42+00:00,55501,STARLINK-5367,37.42019198724672,-0.28877047086877283,37.41744422499219,0.34963931008456406
2026-09-10 09:07:42+00:00,55501,STARLINK-5367,37.43076290605872,-0.25687070478081164,37.4282703351097,0.34728791017508787
2026-09-10 09:08:42+00:00,55501,STARLINK-5367,37.437711722161474,-0.22566895294883782,37.435457557562856,0.34329283600406946
2026-09-10 09:09:42+00:00,55501,STARLINK-5367,37.44119114198307,-0.19543608615415042,37.43915826639262,0.33767909432720167
2026-09-10 09:10:42+00:00,55501,STARLINK-5367,37.4412922375632,-0.1664499207413055,37.439463683362106,0.3304813832967053
2026-09-10 09:11:42+00:00,55501,STARLINK-5367,37.438145740335344,-0.13891691453778066,37.43650506868586,0.32178689796567106
2026-09-10 09:12:42+00:00,55501,STARLINK-5367,37.43181025819706,-0.11294509689966148,37.43034238700799,0.31165911202232977
2026-09-10 09:13:42+00:00,55501,STARLINK-5367,37.42240687988121,-0.08851300113868454,37.42109860163344,0.30013593393356075
2026-09-10 09:14:42+00:00,55501,STARLINK-5367,37.410164622273506,-0.06561379675563117,37.409003989578395,0.2872845331493252
2026-09-10 09:15:42+00:00,55501,STARLINK-5367,37.39533336251778,-0.044302575689805224,37.39430896391139,0.273224609359179
2026-09-10 09:16:42+00:00,55501,STARLINK-5367,37.37818415653659,-0.024660664736427584,37.37728487244796,0.2581051248049011
2026-09-10 09:17:42+00:00,55501,STARLINK-5367,37.35899685301325,-0.006854841388290289,37.35821177519681,0.2420988107158628
2026-09-10 09:18:42+00:00,55501,STARLINK-5367,37.33797258517095,0.008937708951155088,37.33729157182727,0.22533301731494149
2026-09-10 09:19:42+00:00,55501,STARLINK-5367,37.315329725207576,0.02264720493789074,37.31474409690406,0.20782826475998917
2026-09-10 09:20:42+00:00,55501,STARLINK-5367,37.29138279412305,0.034171620117898094,37.29088533193145,0.18956307376538106
2026-09-10 09:21:42+00:00,55501,STARLINK-5367,37.26638149095227,0.04333215175126259,37.26596589048475,0.17058136780291377
2026-09-10 09:22:42+00:00,55501,STARLINK-5367,37.24056935701599,0.050008621493791594,37.24022934152645,0.15107535539299377
2026-09-10 09:23:42+00:00,55501,STARLINK-5367,37.214185612008286,0.054109803024609215,37.213914893470054,0.1312295537952899
2026-09-10 09:24:42+00:00,55501,STARLINK-5367,37.18748603524757,0.0555278334219137,37.18727824363265,0.11122550109724827
2026-09-10 09:25:42+00:00,55501,STARLINK-5367,37.16070369887244,0.05418113399292568,37.160552201489196,0.09123530296674431
2026-09-10 09:26:42+00:00,55501,STARLINK-5367,37.13406787561056,0.050036615296586096,37.1339654822612,0.0714205139694819
2026-09-10 09:27:42+00:00,55501,STARLINK-5367,37.10782028001849,0.04310793728111628,37.10775892376971,0.05191623334055606
2026-09-10 09:28:42+00:00,55501,STARLINK-5367,37.0822166813813,0.03344218110706976,37.08218708038454,0.03281708088203672
2026-09-10 09:29:42+00:00,55501,STARLINK-5367,37.05751797600087,0.021128635805871987,37.057509242545734,0.014172544377441199
2026-09-10 09:30:42+00:00,55501,STARLINK-5367,37.03402527886184,0.006311836109612834,37.034024525922234,-0.003991176921903872
2026-09-10 09:31:42+00:00,55501,STARLINK-5367,37.01209498927921,-0.010864460927832553,37.01208706016405,-0.02165432411571544
2026-09-10 09:32:42+00:00,55501,STARLINK-5367,36.99207243050972,-0.03027536734346281,36.99203968380522,-0.03880899366807711
2026-09-10 09:33:42+00:00,55501,STARLINK-5367,36.974354257699815,-0.05178895662054206,36.97427648742383,-0.05539773816756721
2026-09-10 09:34:42+00:00,55501,STARLINK-5367,36.95930462166474,-0.07530531661145368,36.95915894436543,-0.07139573818849598
2026-09-10 09:35:42+00:00,55501,STARLINK-5367,36.94726201421128,-0.10075451655156265,36.94702274189037,-0.08677202550344454
2026-09-10 09:36:42+00:00,55501,STARLINK-5367,36.938531223675135,-0.12804068344766684,36.93816984455971,-0.101504089892277
2026-09-10 09:37:42+00:00,55501,STARLINK-5367,36.93342363953247,-0.15706313997305443,36.93290880338148,-0.11558645398631917
2026-09-10 09:38:42+00:00,55501,STARLINK-5367,36.93222843788736,-0.18775770524137947,36.9315258270985,-0.1290136224396896
2026-09-10 09:39:42+00:00,55501,STARLINK-5367,36.935173530671534,-0.22005380989722312,36.934245925656384,-0.14176729066949711
2026-09-10 09:40:42+00:00,55501,STARLINK-5367,36.942455816756635,-0.25382874113931386,36.9412634762615,-0.1538360185923544
2026-09-10 09:41:42+00:00,55501,STARLINK-5367,36.95427721520162,-0.28893280851348635,36.952778378514964,-0.1652042326667873
2026-09-10 09:42:42+00:00,55501,STARLINK-5367,36.97081530493219,-0.32521899941048016,36.968966738230826,-0.17582724878131994
2026-09-10 09:43:42+00:00,55501,STARLINK-5367,36.99219195700844,-0.3625196542579081,36.98994966343324,-0.1856587760163535
2026-09-10 09:44:42+00:00,55501,STARLINK-5367,37.01847820086217,-0.40063154191953565,37.01579822878505,-0.19468991037150207
2026-09-10 09:45:42+00:00,55501,STARLINK-5367,37.049774157966375,-0.43933347266016654,37.04661344400521,-0.20293739568112024
2026-09-10 09:46:42+00:00,55501,STARLINK-5367,37.08613061639531,-0.4784014855502028,37.0824476464858,-0.21045821580024127
2026-09-10 09:47:42+00:00,55501,STARLINK-5367,37.12761026423551,-0.5176049807001799,37.12336596889884,-0.21732039969635186
2026-09-10 09:48:42+00:00,55501,STARLINK-5367,37.174280686322994,-0.5567324128627349,37.16943920617564,-0.22356803082853854
2026-09-10 09:49:42+00:00,55501,STARLINK-5367,37.22615785813876,-0.5956248241971334,37.220686766649024,-0.22920856629758446
2026-09-10 09:50:42+00:00,55501,STARLINK-5367,37.28316521959123,-0.6341222067319094,37.27703620412326,-0.23424272614208697
2026-09-10 09:51:42+00:00,55501,STARLINK-5367,37.34516329754296,-0.6720108652139638,37.338353724117574,-0.23867192934965775
2026-09-10 09:52:42+00:00,55501,STARLINK-5367,37.412010708326186,-0.7090097825110204,37.40450562821304,-0.24250582920163755
2026-09-10 09:53:42+00:00,55501,STARLINK-5367,37.48361070934463,-0.7448438443270788,37.47540362863149,-0.24576885160116202
2026-09-10 09:54:42+00:00,55501,STARLINK-5367,37.559877846712695,-0.7793021825323825,37.550970342082046,-0.24847200315923512
2026-09-10 09:55:42+00:00,55501,STARLINK-5367,37.640695273967864,-0.8122354755060801,37.63109649236133,-0.25058136927174957
2026-09-10 09:56:42+00:00,55501,STARLINK-5367,37.72593756159441,-0.8435396065173659,37.71566345156924,-0.25206396315285495
2026-09-10 09:57:42+00:00,55501,STARLINK-5367,37.81538351403865,-0.8731144209271395,37.80445688800667,-0.2528654279259275
2026-09-10 09:58:42+00:00,55501,STARLINK-5367,37.908807435419504,-0.900879136720123,37.89725754601247,-0.25291984489259
2026-09-10 09:59:42+00:00,55501,STARLINK-5367,38.00594820203603,-0.9267725313504993,37.99381010372433,-0.25216108564958795
2026-09-10 10:00:42+00:00,55501,STARLINK-5367,38.106504907654696,-0.9507325376083813,38.093819027084706,-0.25055109411519005
2026-09-10 10:01:42+00:00,55501,STARLINK-5367,38.21014299260961,-0.9726901253918676,38.196954851200175,-0.24807565582758428
2026-09-10 10:02:42+00:00,55501,STARLINK-5367,38.31651519997403,-0.9925558671516166,38.3028755454476,-0.24473428524830076
2026-09-10 10:03:42+00:00,55501,STARLINK-5367,38.42527664084261,-1.0102404646263388,38.411241009437205,-0.24054779950346372
2026-09-10 10:04:42+00:00,55501,STARLINK-5367,38.53606757319215,-1.0256625223477354,38.52169564789196,-0.2355521323701737
2026-09-10 10:05:42+00:00,55501,STARLINK-5367,38.64851700421825,-1.038728066533933,38.63387263537753,-0.22977341571471754
2026-09-10 10:06:42+00:00,55501,STARLINK-5367,38.76223875396816,-1.0493466747840365,38.74738959739179,-0.2232132695090634
2026-09-10 10:07:42+00:00,55501,STARLINK-5367,38.87688496097627,-1.0574252850325818,38.861901840819044,-0.2159197770043484
2026-09-10 10:08:42+00:00,55501,STARLINK-5367,38.99209101542716,-1.0628573399654249,38.97704805048616,-0.2078973312239114
2026-09-10 10:09:42+00:00,55501,STARLINK-5367,39.107544290146016,-1.0655660940618548,39.09251762291804,-0.19913615131588713
2026-09-10 10:10:42+00:00,55501,STARLINK-5367,39.22293909169045,-1.0655155464938584,39.20800523535078,-0.1896129619661302
2026-09-10 10:11:42+00:00,55501,STARLINK-5367,39.337974331487686,-1.0627018430162798,39.32320866292322,-0.17930351316645599
2026-09-10 10:12:42+00:00,55501,STARLINK-5367,39.45234709318545,-1.0571670218115905,39.43782199985434,-0.16818132172522482
2026-09-10 10:13:42+00:00,55501,STARLINK-5367,39.56573295393951,-1.0489925717287907,39.55151618782358,-0.1562242338503026
2026-09-10 10:14:42+00:00,55501,STARLINK-5367,39.67777904391745,-1.0382763580246128,39.6639327934984,-0.14341344129622513
2026-09-10 10:15:42+00:00,55501,STARLINK-5367,39.78810533865753,-1.0251207054345857,39.77468570219512,-0.1297353883559822
2026-09-10 10:16:42+00:00,55501,STARLINK-5367,39.89630694847841,-1.009610684450247,39.883364003319215,-0.11519623166953963
2026-09-10 10:17:42+00:00,55501,STARLINK-5367,40.00196069311423,-0.9917874699944909,39.989539313085025,-0.0998119985018242
2026-09-10 10:18:42+00:00,55501,STARLINK-5367,40.104717408873455,-0.9716535759100324,40.09285784045052,-0.08365380711443038
2026-09-10 10:19:42+00:00,55501,STARLINK-5367,40.20422431128556,-0.9491942501134103,40.192962374653625,-0.06677048295700772
2026-09-10 10:20:42+00:00,55501,STARLINK-5367,40.300200717304236,-0.9243581357586592,40.28956831525183,-0.04924289310597274
2026-09-10 10:21:42+00:00,55501,STARLINK-5367,40.39252333412962,-0.8971243764818304,40.38254742438662,-0.031187633677600246
2026-09-10 10:22:42+00:00,55501,STARLINK-5367,40.481144205025636,-0.8676894934227111,40.47184191685763,-0.012765107533892817
2026-09-10 10:23:42+00:00,55501,STARLINK-5367,40.56587141192896,-0.8363455817637604,40.557248612061926,0.005873365341043879
2026-09-10 10:24:42+00:00,55501,STARLINK-5367,40.646452022061766,-0.8032652577423267,40.63850662857108,0.024615179405309107
2026-09-10 10:25:42+00:00,55501,STARLINK-5367,40.72270951968906,-0.768567439174312,40.71543313109107,0.04335509274323002
2026-09-10 10:26:42+00:00,55501,STARLINK-5367,40.79451692163224,-0.7324130437604488,40.787894546050886,0.06197179117207163
2026-09-10 10:27:42+00:00,55501,STARLINK-5367,40.861746683670866,-0.6950170266344049,40.855756558618026,0.08030813231034628
2026-09-10 10:28:42+00:00,55501,STARLINK-5367,40.92423014771404,-0.6566448750961849,40.918843952573695,0.09818490719014505
2026-09-10 10:29:42+00:00,55501,STARLINK-5367,40.981719326075016,-0.6175584763048114,40.97690337255699,0.11545754917814754
2026-09-10 10:30:42+00:00,55501,STARLINK-5367,41.03400511712773,-0.5779556837026805,41.029722342847094,0.1320138212991262
2026-09-10 10:31:42+00:00,55501,STARLINK-5367,41.08088408524865,-0.5379975476815391,41.07709526402027,0.1477854354388377
2026-09-10 10:32:42+00:00,55501,STARLINK-5367,41.122179252551604,-0.4978327225027517,41.11884385912283,0.1626921893276605
2026-09-10 10:33:42+00:00,55501,STARLINK-5367,41.1577180632299,-0.45753287199992165,41.15479584394601,0.17663206527683473
2026-09-10 10:34:42+00:00,55501,STARLINK-5367,41.18742974027946,-0.41709075132583506,41.18488182598815,0.1895069787827679
2026-09-10 10:35:42+00:00,55501,STARLINK-5367,41.21135900888071,-0.3765305441915956,41.20914742826395,0.20125690982339467
2026-09-10 10:36:42+00:00,55501,STARLINK-5367,41.22958961919369,-0.33592015210346826,41.22767679975718,0.2118572946541628
2026-09-10 10:37:42+00:00,55501,STARLINK-5367,41.24225294171474,-0.2953146581347119,41.24060192836056,0.22129064049791136
2026-09-10 10:38:42+00:00,55501,STARLINK-5367,41.24957885700554,-0.2547986424798241,41.24815331327796,0.2295251106639089
2026-09-10 10:39:42+00:00,55501,STARLINK-5367,41.251854804043575,-0.2145881949016717,41.25061861803279,0.23651703978408278
2026-09-10 10:40:42+00:00,55501,STARLINK-5367,41.24928740804807,-0.17503111924892423,41.248204793202305,0.24223360025002272
2026-09-10 10:41:42+00:00,55501,STARLINK-5367,41.24201132749549,-0.13647024801014318,41.24104771615354,0.24669309398928796
2026-09-10 10:42:42+00:00,55501,STARLINK-5367,41.230089824899046,-0.0991409068011837,41.22921330351372,0.24989682513207256
2026-09-10 10:43:42+00:00,55501,STARLINK-5367,41.21366412822805,-0.06320445184479162,41.212846161637316,0.2518478288067403
2026-09-10 10:44:42+00:00,55501,STARLINK-5367,41.1929635003697,-0.028804143173056573,41.192179073387464,0.2525776120442238
2026-09-10 10:45:42+00:00,55501,STARLINK-5367,41.16829061341824,0.0038450168336581214,41.16751860651583,0.2520893271827198
2026-09-10 10:46:42+00:00,55501,STARLINK-5367,41.13987937638478,0.03442511337099319,41.139103038961515,0.25038203762888145
2026-09-10 10:47:42+00:00,55501,STARLINK-5367,41.10785931105182,0.0627196401241008,41.10706628391708,0.24751750164409714
2026-09-10 10:48:42+00:00,55501,STARLINK-5367,41.07243629248598,0.08867403591474776,41.07161839645276,0.24356151550938954
2026-09-10 10:49:42+00:00,55501,STARLINK-5367,41.03391147066725,0.11224865496950365,41.033064588037604,0.2385400091161003
2026-09-10 10:50:42+00:00,55501,STARLINK-5367,40.99262143837661,0.13337085081054312,40.991745269168504,0.2324745014169025
2026-09-10 10:51:42+00:00,55501,STARLINK-5367,40.9488847284057,0.15190453313660957,40.947982747625936,0.22537615933854838
2026-09-10 10:52:42+00:00,55501,STARLINK-5367,40.90301838700227,0.1677296539507207,40.902097349446294,0.21728402391686075
2026-09-10 10:53:42+00:00,55501,STARLINK-5367,40.85533112606374,0.18079849201465503,40.85440056391882,0.20820155731100698
2026-09-10 10:54:42+00:00,55501,STARLINK-5367,40.80618968218948,0.19104827789623613,40.80526136512587,0.19814605246007133
2026-09-10 10:55:42+00:00,55501,STARLINK-5367,40.75593758444826,0.19840547008492582,40.75502494957907,0.18714971565603022
2026-09-10 10:56:42+00:00,55501,STARLINK-5367,40.70492352956144,0.20285269632770797,40.70404069624916,0.17527500999713297
2026-09-10 10:57:42+00:00,55501,STARLINK-5367,40.65357053455102,0.20438995563448192,40.65273140601656,0.16263819977470817
2026-09-10 10:58:42+00:00,55501,STARLINK-5367,40.60233888500356,0.20295007455212888,40.60155678524306,0.14940152139228857
2026-09-10 10:59:42+00:00,55501,STARLINK-5367,40.55163745719176,0.19840075684910208,40.55092502886653,0.13570888860171948
2026-09-10 11:00:42+00:00,55501,STARLINK-5367,40.50175668257282,0.19062751665670485,40.50112531429825,0.12167086641610325
2026-09-10 11:01:42+00:00,55501,STARLINK-5367,40.45290200662828,0.17965409382855846,40.4523605333803,0.10738920735614244
2026-09-10 11:02:42+00:00,55501,STARLINK-5367,40.405304649154594,0.16565103280162052,40.40485814486992,0.09296138587786373
2026-09-10 11:03:42+00:00,55501,STARLINK-5367,40.3593357175154,0.14882600359139797,40.35898488216252,0.07854719057169035
2026-09-10 11:04:42+00:00,55501,STARLINK-5367,40.31535093884422,0.12934859953653888,40.315092219395694,0.06426199177387559
2026-09-10 11:05:42+00:00,55501,STARLINK-5367,40.273687370190466,0.10738280687916024,40.2735129071725,0.05021394662869483
2026-09-10 11:06:42+00:00,55501,STARLINK-5367,40.23466920437811,0.08311507197930457,40.234566797211656,0.03650357866626308
2026-09-10 11:07:42+00:00,55501,STARLINK-5367,40.19863010331993,0.0567359373300782,40.19858335621929,0.023224341626505662
2026-09-10 11:08:42+00:00,55501,STARLINK-5367,40.1659117360787,0.028417339691333865,40.16590031944423,0.01046774751407753
2026-09-10 11:09:42+00:00,55501,STARLINK-5367,40.136851926788225,-0.0016959967222156536,40.13685185584854,-0.0016787455386708672
2026-09-10 11:10:42+00:00,55501,STARLINK-5367,40.111771441227724,-0.03348017088051769,40.111755315959826,-0.013141690122774108
2026-09-10 11:11:42+00:00,55501,STARLINK-5367,40.09096649449063,-0.06682389584481818,40.090903702092085,-0.023861661578314042
2026-09-10 11:12:42+00:00,55501,STARLINK-5367,40.0747129588239,-0.10161861372508696,40.07456987445219,-0.03379004472300906
2026-09-10 11:13:42+00:00,55501,STARLINK-5367,40.06327431591572,-0.13775807410863194,40.063014513581045,-0.04289183983106071
2026-09-10 11:14:42+00:00,55501,STARLINK-5367,40.05688479136337,-0.17514025952459455,40.0564692525272,-0.051147819060677335
2026-09-10 11:15:42+00:00,55501,STARLINK-5367,40.0558054511718,-0.21366994745101842,40.05519281035359,-0.05851855328724653
2026-09-10 11:16:42+00:00,55501,STARLINK-5367,40.06022446582521,-0.2532603350548186,40.059371165650866,-0.06500205850020269
2026-09-10 11:17:42+00:00,55501,STARLINK-5367,40.070309026567685,-0.29382476265209334,40.06916952416544,-0.07061258511225788
2026-09-10 11:18:42+00:00,55501,STARLINK-5367,40.08618402438265,-0.3352690732453043,40.08471106441601,-0.07538678585128533
2026-09-10 11:19:42+00:00,55501,STARLINK-5367,40.10793308300088,-0.3774846865697903,40.10607809112691,-0.0793829346399364
2026-09-10 11:20:42+00:00,55501,STARLINK-5367,40.1356023879541,-0.42034331323125906,40.13331603472617,-0.08267163818410728
2026-09-10 11:21:42+00:00,55501,STARLINK-5367,40.169203916446,-0.46368787550209123,40.16643694321714,-0.08532362916789027
2026-09-10 11:22:42+00:00,55501,STARLINK-5367,40.20872256898454,-0.5073392087541417,40.20542672250558,-0.08740490868257045
2026-09-10 11:23:42+00:00,55501,STARLINK-5367,40.25411231317441,-0.5511098142267603,40.25024122126383,-0.08898159583618637
2026-09-10 11:24:42+00:00,55501,STARLINK-5367,40.30529550866434,-0.5947995605036716,40.300805655956175,-0.09012771178939127
2026-09-10 11:25:42+00:00,55501,STARLINK-5367,40.362155843523766,-0.6381994718026869,40.35700750896012,-0.09094334954455618
2026-09-10 11:26:42+00:00,55501,STARLINK-5367,40.42460053297858,-0.6810679578638537,40.41875913533254,-0.09156772158482074
2026-09-10 11:27:42+00:00,55501,STARLINK-5367,40.49251735894753,-0.7231493229300936,40.4859547355902,-0.09212094851412722
2026-09-10 11:28:42+00:00,55501,STARLINK-5367,40.56579408486176,-0.7642545175031357,40.55848835248895,-0.0926678417764446
2026-09-10 11:29:42+00:00,55501,STARLINK-5367,40.64422845685412,-0.8042068247671956,40.63616453637408,-0.09322021605525599
2026-09-10 11:30:42+00:00,55501,STARLINK-5367,40.72755653206574,-0.8427722633049228,40.71872791154644,-0.093772332081139
2026-09-10 11:31:42+00:00,55501,STARLINK-5367,40.81550681149583,-0.8796722101061007,40.80591720914414,-0.09430695893396823
2026-09-10 11:32:42+00:00,55501,STARLINK-5367,40.90782005038553,-0.9146156175257723,40.89748442113196,-0.09480279622088972
2026-09-10 11:33:42+00:00,55501,STARLINK-5367,41.00425631270741,-0.9473183235113449,40.99320127064456,-0.09525406327457553
2026-09-10 11:34:42+00:00,55501,STARLINK-5367,41.10459442579657,-0.9775381696257686,41.092857632188434,-0.09567474506538964
2026-09-10 11:35:42+00:00,55501,STARLINK-5367,41.20860522092629,-1.0050989330182052,41.19623386107773,-0.09610438279345601
2026-09-10 11:36:42+00:00,55501,STARLINK-5367,41.316022747530496,-1.029899110190735,41.30307150616046,-0.096579781951867
2026-09-10 11:37:42+00:00,55501,STARLINK-5367,41.42659767806933,-1.0519145071683864,41.413126363535675,-0.09713829344760683
2026-09-10 11:38:42+00:00,55501,STARLINK-5367,41.53997905017686,-1.0711687118692215,41.526050938993706,-0.0977266184069947
2026-09-10 11:39:42+00:00,55501,STARLINK-5367,41.65575711721429,-1.087677020773147,41.641438538917015,-0.09826554038882307
2026-09-10 11:40:42+00:00,55501,STARLINK-5367,41.77346868502257,-1.1014292685639022,41.758829012683634,-0.09868654600829174
2026-09-10 11:41:42+00:00,55501,STARLINK-5367,41.89262450660834,-1.1123726044859046,41.877736620756835,-0.09894828443572479
2026-09-10 11:42:42+00:00,55501,STARLINK-5367,42.01275072272981,-1.1204199574562912,41.99769131244447,-0.09902945922011597
2026-09-10 11:43:42+00:00,55501,STARLINK-5367,42.13338544557019,-1.1254810600027914,42.11823449295939,-0.09891756490373282
2026-09-10 11:44:42+00:00,55501,STARLINK-5367,42.25407648904514,-1.127446054214805,42.23891716837093,-0.09859908930355488
2026-09-10 11:45:42+00:00,55501,STARLINK-5367,42.37441929536055,-1.1261949571844636,42.359337601019845,-0.09804866272800794
2026-09-10 11:46:42+00:00,55501,STARLINK-5367,42.494065308068144,-1.1216512360431898,42.47914821542638,-0.09722038305708125
2026-09-10 11:47:42+00:00,55501,STARLINK-5367,42.61268004376923,-1.1138111670991009,42.59801286720007,-0.09604666860931843
2026-09-10 11:48:42+00:00,55501,STARLINK-5367,42.729971363570236,-1.1027363321029737,42.71563522430581,-0.09451294851870884
2026-09-10 11:49:42+00:00,55501,STARLINK-5367,42.845593023089656,-1.0885294349612797,42.831663196783595,-0.09259031669460782
2026-09-10 11:50:42+00:00,55501,STARLINK-5367,42.959207149219,-1.0713156344711763,42.9457519504724,-0.09028349429929605
2026-09-10 11:51:42+00:00,55501,STARLINK-5367,43.07047920486052,-1.051238597940988,43.05755917893151,-0.08760079526744136
2026-09-10 11:52:42+00:00,55501,STARLINK-5367,43.17907411144139,-1.0284715786747087,43.16674111053045,-0.08455311730573101
2026-09-10 11:53:42+00:00,55501,STARLINK-5367,43.28463957613538,-1.0032025714094228,43.27293636026229,-0.08115785453275137
2026-09-10 11:54:42+00:00,55501,STARLINK-5367,43.38681221034008,-0.9756080182138227,43.37577281284212,-0.07743163964173405
2026-09-10 11:55:42+00:00,55501,STARLINK-5367,43.485234105109114,-0.9458533804874332,43.47488426423557,-0.0733809926943465
2026-09-10 11:56:42+00:00,55501,STARLINK-5367,43.5795441620248,-0.9140957798536604,43.5699017252136,-0.06900674135540186
2026-09-10 11:57:42+00:00,55501,STARLINK-5367,43.6693795357037,-0.8804563631614784,43.66045544327202,-0.06431261123541354
2026-09-10 11:58:42+00:00,55501,STARLINK-5367,43.75441266102674,-0.8450038108197102,43.74621215530189,-0.0593121777872323
2026-09-10 11:59:42+00:00,55501,STARLINK-5367,43.834375461667825,-0.8077687853161954,43.82689885388349,-0.0540236559459224
2026-09-10 12:00:42+00:00,55501,STARLINK-5367,43.909148938727796,-0.7687717621379733,43.902391702568835,-0.048510775438089127
2026-09-10 12:01:42+00:00,55501,STARLINK-5367,43.97868932833084,-0.7281002247940354,43.97264093479952,-0.04282895854067448
2026-09-10 12:02:42+00:00,55501,STARLINK-5367,44.04299686401473,-0.6859784803961162,44.03763885312588,-0.037020665905421524
2026-09-10 12:03:42+00:00,55501,STARLINK-5367,44.102009240541996,-0.642694419478187,44.09731507519799,-0.031082064588462188
2026-09-10 12:04:42+00:00,55501,STARLINK-5367,44.15563124913063,-0.5985146967451627,44.15156765884313,-0.0249886690012584
2026-09-10 12:05:42+00:00,55501,STARLINK-5367,44.20377763495599,-0.5536865091631311,44.20030585538936,-0.018728060221061327
2026-09-10 12:06:42+00:00,55501,STARLINK-5367,44.246364316995894,-0.5084565950169018,44.24344104433731,-0.012317449420765847
2026-09-10 12:07:42+00:00,55501,STARLINK-5367,44.28329435061109,-0.4630629685404428,44.28087281608906,-0.005820255620018866
2026-09-10 12:08:42+00:00,55501,STARLINK-5367,44.31446543694738,-0.4177170579039502,44.31249664600389,0.000647946441501901
2026-09-10 12:09:42+00:00,55501,STARLINK-5367,44.33980219411233,-0.37262005449461244,44.338235921771044,0.0069464644737310954
2026-09-10 12:10:42+00:00,55501,STARLINK-5367,44.359241386967255,-0.32800107803225065,44.35802682962976,0.012942251899961565
2026-09-10 12:11:42+00:00,55501,STARLINK-5367,44.37275275664804,-0.28408313661926066,44.3718395078932,0.018511074305962882
2026-09-10 12:12:42+00:00,55501,STARLINK-5367,44.380277326674026,-0.24099688458575574,44.379616744092196,0.023531714962098604
2026-09-10 12:13:42+00:00,55501,STARLINK-5367,44.38186977391518,-0.19879727678703407,44.3814157563604,0.02792369231732117
2026-09-10 12:14:42+00:00,55501,STARLINK-5367,44.37766712039274,-0.1575558499058083,44.377376131122794,0.031668902736230464
2026-09-10 12:15:42+00:00,55501,STARLINK-5367,44.367831024595176,-0.11734598257817552,44.3676622086928,0.03478336866750631
2026-09-10 12:16:42+00:00,55501,STARLINK-5367,44.3525928813768,-0.0782092379591095,44.3525082622786,0.03727547132703357
2026-09-10 12:17:42+00:00,55501,STARLINK-5367,44.332295589672725,-0.040240862211547324,44.33226005246795,0.039135194866601
2026-09-10 12:18:42+00:00,55501,STARLINK-5367,44.307317726193645,-0.0036959072103091017,44.307299181142206,0.040369578883300505
2026-09-10 12:19:42+00:00,55501,STARLINK-5367,44.27792625908567,0.031057551233001135,44.27789636266645,0.04102353602703168
2026-09-10 12:20:42+00:00,55501,STARLINK-5367,44.24426585945071,0.0637354390558098,44.24420080936577,0.041157940686131766
2026-09-10 12:21:42+00:00,55501,STARLINK-5367,44.20649654656459,0.09419715505941184,44.206377331173066,0.04082978512493263
2026-09-10 12:22:42+00:00,55501,STARLINK-5367,44.164923192135596,0.12234250056206619,44.164735510728036,0.04012663992261167
2026-09-10 12:23:42+00:00,55501,STARLINK-5367,44.11988883166263,0.148027263361735,44.11962317053397,0.03911186076100748
2026-09-10 12:24:42+00:00,55501,STARLINK-5367,44.071734834616194,0.17104632079656845,44.07138664759841,0.03786088679532895
2026-09-10 12:25:42+00:00,55501,STARLINK-5367,44.02072166616798,0.1912483848369959,44.020291159057585,0.03641891438709166
2026-09-10 12:26:42+00:00,55501,STARLINK-5367,43.967150056723575,0.2085890958755554,43.966641485409625,0.034802198024248554
2026-09-10 12:27:42+00:00,55501,STARLINK-5367,43.91140503904764,0.22301119778380496,43.91082630854754,0.03303648786311797
2026-09-10 12:28:42+00:00,55501,STARLINK-5367,43.853845481255576,0.23444698740632575,43.853207714907015,0.03116435712916754
2026-09-10 12:29:42+00:00,55501,STARLINK-5367,43.79483213287583,0.2429146518139822,43.794148693375554,0.029227405281730512
2026-09-10 12:30:42+00:00,55501,STARLINK-5367,43.734803005223156,0.24845422495603842,43.734088782776325,0.027253330374410467
2026-09-10 12:31:42+00:00,55501,STARLINK-5367,43.67424683026946,0.2510326093924369,43.673518071600725,0.025260045288298727
2026-09-10 12:32:42+00:00,55501,STARLINK-5367,43.61363312746334,0.2505117211416187,43.61290745884244,0.02326888444670061
2026-09-10 12:33:42+00:00,55501,STARLINK-5367,43.55339161796388,0.24668728796057648,43.55268774689928,0.021373599934513265
2026-09-10 12:34:42+00:00,55501,STARLINK-5367,43.49379911562699,0.23943978549703893,43.49313560035195,0.01964049475143881
2026-09-10 12:35:42+00:00,55501,STARLINK-5367,43.435143848688845,0.22882903101776275,43.43453729279409,0.018127099467967867
2026-09-10 12:36:42+00:00,55501,STARLINK-5367,43.37780347852292,0.215027619570769,43.37726724410072,0.016857581183458592
2026-09-10 12:37:42+00:00,55501,STARLINK-5367,43.32223069904037,0.19820862105679193,43.321774373657306,0.015849332620565093
2026-09-10 12:38:42+00:00,55501,STARLINK-5367,43.268880742279784,0.17848060530073973,43.268509983648606,0.015137967599571311
2026-09-10 12:39:42+00:00,55501,STARLINK-5367,43.218148919591734,0.15591424167943124,43.21786515244308,0.014780070901743159
2026-09-10 12:40:42+00:00,55501,STARLINK-5367,43.1703701630319,0.13060206776806105,43.17017006608974,0.01481816381524581
2026-09-10 12:41:42+00:00,55501,STARLINK-5367,43.125829387749405,0.10268251378679771,43.12570444646741,0.015253805221437489
2026-09-10 12:42:42+00:00,55501,STARLINK-5367,43.0847974449645,0.07237464669039895,43.0847336672675,0.016050070480847722
2026-09-10 12:43:42+00:00,55501,STARLINK-5367,43.04759518350441,0.039930732672116775,43.04757322947897,0.0171951186752608
2026-09-10 12:44:42+00:00,55501,STARLINK-5367,43.01454026365248,0.005549586442285204,43.01453582610878,0.018733923121699192
2026-09-10 12:45:42+00:00,55501,STARLINK-5367,42.98594016989507,-0.030585841184356255,42.98592428534047,0.02073960207215464
2026-09-10 12:46:42+00:00,55501,STARLINK-5367,42.962044036098135,-0.06823017603893788,42.961983586644685,0.023209988924977054
2026-09-10 12:47:42+00:00,55501,STARLINK-5367,42.94315578440809,-0.10714087641929915,42.9430141886635,0.026114149168956047
2026-09-10 12:48:42+00:00,55501,STARLINK-5367,42.92955561094785,-0.14713816246853462,42.92929338359771,0.029409175490075157
2026-09-10 12:49:42+00:00,55501,STARLINK-5367,42.921468353754754,-0.1880550808808863,42.92104363759015,0.03307550464854003
2026-09-10 12:50:42+00:00,55501,STARLINK-5367,42.91908990185162,-0.22972650274767492,42.918459039881824,0.037113058935938525
2026-09-10 12:51:42+00:00,55501,STARLINK-5367,42.92258743351476,-0.2719868102656964,42.92170559355048,0.04152232336272199
2026-09-10 12:52:42+00:00,55501,STARLINK-5367,42.932114683740586,-0.3146631855628952,42.93093656723731,0.04630072732684276
2026-09-10 12:53:42+00:00,55501,STARLINK-5367,42.94781445789826,-0.35760410847564117,42.94629483613787,0.05143791571965117
2026-09-10 12:54:42+00:00,55501,STARLINK-5367,42.96979686269106,-0.4006882383520991,42.967890956182174,0.05690460630804495
2026-09-10 12:55:42+00:00,55501,STARLINK-5367,42.99811841959597,-0.4438231763039664,42.995782152786134,0.06265527855228847
2026-09-10 12:56:42+00:00,55501,STARLINK-5367,43.03283068435327,-0.4869466728886428,43.03002078272041,0.06863734135497677
2026-09-10 12:57:42+00:00,55501,STARLINK-5367,43.073881683428915,-0.5300068493233521,43.07055588615234,0.07477750684934525
2026-09-10 12:58:42+00:00,55501,STARLINK-5367,43.12117752552297,-0.5729421631384741,43.11729501741948,0.08098670371340022
2026-09-10 12:59:42+00:00,55501,STARLINK-5367,43.174576085941524,-0.6156699456875092,43.170098133674266,0.08716563350370965
2026-09-10 13:00:42+00:00,55501,STARLINK-5367,43.23390276315193,-0.6580755576247466,43.22879359679508,0.09321405377826153
2026-09-10 13:01:42+00:00,55501,STARLINK-5367,43.298964788861106,-0.7000243826294703,43.2931924127922,0.09903716327728418
2026-09-10 13:02:42+00:00,55501,STARLINK-5367,43.36954192315363,-0.7413763898676704,43.36307875759192,0.10453867995726007
2026-09-10 13:03:42+00:00,55501,STARLINK-5367,43.44535664803175,-0.7819720467858087,43.43818045353794,0.1096032782208276
2026-09-10 13:04:42+00:00,55501,STARLINK-5367,43.52607479931981,-0.8215628315145871,43.518170988561224,0.11408663464233904
2026-09-10 13:05:42+00:00,55501,STARLINK-5367,43.6113928506279,-0.8598092482016106,43.60275705729489,0.11786191508075206
2026-09-10 13:06:42+00:00,55501,STARLINK-5367,43.70104607578397,-0.896386916446076,43.691684693069455,0.1208606437888271
2026-09-10 13:07:42+00:00,55501,STARLINK-5367,43.79481168605839,-0.9310194083570256,43.78474170514296,0.12299305872081057
2026-09-10 13:08:42+00:00,55501,STARLINK-5367,43.89242141245766,-0.9634740544727496,43.8816699202194,0.12417813028526936
2026-09-10 13:09:42+00:00,55501,STARLINK-5367,43.99360330043702,-0.9935908815865186,43.98220594760892,0.12437241802679466
2026-09-10 13:10:42+00:00,55501,STARLINK-5367,44.09801974148501,-1.0212210094750578,44.086020168441195,0.12360614064035147
2026-09-10 13:11:42+00:00,55501,STARLINK-5367,44.205310328976054,-1.0461590658393938,44.19276120925208,0.12193929663147429
2026-09-10 13:12:42+00:00,55501,STARLINK-5367,44.31514097906552,-1.0681881837231897,44.302104102688745,0.11944066784697327
2026-09-10 13:13:42+00:00,55501,STARLINK-5367,44.427183643625504,-1.0871139613082148,44.4137290451751,0.11619828451227221
2026-09-10 13:14:42+00:00,55501,STARLINK-5367,44.541139988012,-1.1027495258845317,44.52734531537908,0.11231242064444302
2026-09-10 13:15:42+00:00,55501,STARLINK-5367,44.65678167094592,-1.1150142336939517,44.64272903366886,0.10787442519511714
2026-09-10 13:16:42+00:00,55501,STARLINK-5367,44.773837865699356,-1.124004565297489,44.759608700411185,0.10295604498931255
2026-09-10 13:17:42+00:00,55501,STARLINK-5367,44.89189651770478,-1.1298698570930208,44.87756946612655,0.09760059084191752
2026-09-10 13:18:42+00:00,55501,STARLINK-5367,45.01050862771798,-1.1327047000380412,44.996160333645506,0.09177263891229259
2026-09-10 13:19:42+00:00,55501,STARLINK-5367,45.129153453802175,-1.1325314032945155,45.114859592914335,0.08548677676732197
2026-09-10 13:20:42+00:00,55501,STARLINK-5367,45.24734548201269,-1.1293174992793453,45.23318150612607,0.0787780952412902
2026-09-10 13:21:42+00:00,55501,STARLINK-5367,45.364638740782695,-1.123029040127186,45.35067928521828,0.07170931617567078
2026-09-10 13:22:42+00:00,55501,STARLINK-5367,45.48059634767091,-1.1136497259947138,45.4669142039813,0.0643521201824484
2026-09-10 13:23:42+00:00,55501,STARLINK-5367,45.59479741366636,-1.1011471879759398,45.58146337525446,0.0567682484099592
2026-09-10 13:24:42+00:00,55501,STARLINK-5367,45.70688581564353,-1.0854947917432858,45.693967989789215,0.049003770187098894
2026-09-10 13:25:42+00:00,55501,STARLINK-5367,45.81655398574724,-1.0667379397323344,45.80411554975349,0.04108529734483213
2026-09-10 13:26:42+00:00,55501,STARLINK-5367,45.92347132410733,-1.044970164264024,45.91156897998653,0.03300920847788902
2026-09-10 13:27:42+00:00,55501,STARLINK-5367,46.02730916858296,-1.0202582454570024,46.01599340913354,0.024758503127479514
2026-09-10 13:28:42+00:00,55501,STARLINK-5367,46.12780016177209,-0.9926936400475892,46.11711439061308,0.016351895841197006
2026-09-10 13:29:42+00:00,55501,STARLINK-5367,46.224668252567895,-0.9624479912392534,46.21464688974842,0.007860024408852695
2026-09-10 13:30:42+00:00,55501,STARLINK-5367,46.3176493010527,-0.9297144838148785,46.3083174740895,-0.0006876255410332988
2026-09-10 13:31:42+00:00,55501,STARLINK-5367,46.40644779948413,-0.8946799337110019,46.39782171298288,-0.009245145463477655
2026-09-10 13:32:42+00:00,55501,STARLINK-5367,46.490806981402194,-0.8575588811724941,46.48289373833491,-0.017783643676724026
2026-09-10 13:33:42+00:00,55501,STARLINK-5367,46.570472140908365,-0.8185925270361043,46.56326976283255,-0.026281086100727435
2026-09-10 13:34:42+00:00,55501,STARLINK-5367,46.64518357441639,-0.7780337186697857,46.63868146265006,-0.03472245785188122
2026-09-10 13:35:42+00:00,55501,STARLINK-5367,46.71466532523958,-0.7361240768296469,46.70884520362984,-0.04309914149973082
2026-09-10 13:36:42+00:00,55501,STARLINK-5367,46.77862666044827,-0.6930452687729218,46.77346424741809,-0.051408059051084365
2026-09-10 13:37:42+00:00,55501,STARLINK-5367,46.83681155954481,-0.6488698580418468,46.83227869716006,-0.059640616718162676
2026-09-10 13:38:42+00:00,55501,STARLINK-5367,46.88908424396755,-0.6036118926580576,46.8851499044477,-0.06776694175616793
2026-09-10 13:39:42+00:00,55501,STARLINK-5367,46.93542236035745,-0.5573307164732082,46.93205215573233,-0.07573023991951633
2026-09-10 13:40:42+00:00,55501,STARLINK-5367,46.97587618989451,-0.5101603649261754,46.97303179706109,-0.08345060003341498
2026-09-10 13:41:42+00:00,55501,STARLINK-5367,47.01058960913312,-0.4623620121841232,47.00822801927531,-0.09085843848885267
2026-09-10 13:42:42+00:00,55501,STARLINK-5367,47.039607250845116,-0.41430207762188864,47.037680886596426,-0.09788213810207735
2026-09-10 13:43:42+00:00,55501,STARLINK-5367,47.06292473728588,-0.366344733964672,47.061382960223945,-0.1044520678330253
2026-09-10 13:44:42+00:00,55501,STARLINK-5367,47.080529260109714,-0.31881659139790686,47.07932010588986,-0.11049778391210485
2026-09-10 13:45:42+00:00,55501,STARLINK-5367,47.09241556577641,-0.2720078296541879,47.091487173510885,-0.11597994415694268
2026-09-10 13:46:42+00:00,55501,STARLINK-5367,47.09860334194597,-0.2261613131650364,47.097905094645036,-0.12092773958412284
2026-09-10 13:47:42+00:00,55501,STARLINK-5367,47.09916258787617,-0.18148912602461298,47.09864584753349,-0.12544921261406916
2026-09-10 13:48:42+00:00,55501,STARLINK-5367,47.0942085954068,-0.13822549807383666,47.09382718898409,-0.12968281872921228
2026-09-10 13:49:42+00:00,55501,STARLINK-5367,47.08385542012539,-0.09663781901981583,47.08356635696792,-0.13372159214173251
2026-09-10 13:50:42+00:00,55501,STARLINK-5367,47.06820333135918,-0.05695912526672231,47.067967690403584,-0.13761538919740524
2026-09-10 13:51:42+00:00,55501,STARLINK-5367,47.0473578151767,-0.019347096034007194,47.047141252636706,-0.14143208120228223
2026-09-10 13:52:42+00:00,55501,STARLINK-5367,47.02150842302615,0.016102351307472063,47.02128140538251,-0.14522426391455312
2026-09-10 13:53:42+00:00,55501,STARLINK-5367,46.99083843887007,0.0493385600751477,46.99057620862224,-0.1490317957512115
2026-09-10 13:54:42+00:00,55501,STARLINK-5367,46.95561037953856,0.0803489217970963,46.9552928322192,-0.1528568164651425
2026-09-10 13:55:42+00:00,55501,STARLINK-5367,46.916189443931586,0.10909855127550472,46.915800960946896,-0.156683240338225
2026-09-10 13:56:42+00:00,55501,STARLINK-5367,46.87298236985966,0.1354475258544081,46.87251199986065,-0.16046506110160053
2026-09-10 13:57:42+00:00,55501,STARLINK-5367,46.82632554457564,0.1592022586834787,46.82576733653077,-0.16410969653110286
2026-09-10 13:58:42+00:00,55501,STARLINK-5367,46.776495167726345,0.18022725373661075,46.77584811765234,-0.16748488784684312
2026-09-10 13:59:42+00:00,55501,STARLINK-5367,46.723771578100816,0.19845810989970047,46.723039138622234,-0.1704655740356955
2026-09-10 14:00:42+00:00,55501,STARLINK-5367,46.668470687357036,0.21387921599126258,46.667660007239675,-0.17297810946027425
2026-09-10 14:01:42+00:00,55501,STARLINK-5367,46.61096120804564,0.22646927760523194,46.61008251298119,-0.17499867805741331
2026-09-10 14:02:42+00:00,55501,STARLINK-5367,46.55159647805881,0.23616851985907683,46.550662649698566,-0.17653883483508537
2026-09-10 14:03:42+00:00,55501,STARLINK-5367,46.490754962584525,0.24296512662607128,46.48978099197893,-0.17756197835022647
2026-09-10 14:04:42+00:00,55501,STARLINK-5367,46.42881974598195,0.24690147384218397,46.42782176905665,-0.17806866037222235
2026-09-10 14:05:42+00:00,55501,STARLINK-5367,46.36623283550442,0.24798515245761088,46.36522779881062,-0.17805023102545192
2026-09-10 14:06:42+00:00,55501,STARLINK-5367,46.303434737484416,0.24617125621716252,46.302440268761096,-0.17746368333493834
2026-09-10 14:07:42+00:00,55501,STARLINK-5367,46.24083312386247,0.241410550586092,46.23986710922583,-0.1762346620219546
2026-09-10 14:08:42+00:00,55501,STARLINK-5367,46.17880827960954,0.23370755139385802,46.17788787763125,-0.17431599545882648
2026-09-10 14:09:42+00:00,55501,STARLINK-5367,46.11776261388671,0.223107696083916,46.11690331477645,-0.17169776444923102
2026-09-10 14:10:42+00:00,55501,STARLINK-5367,46.058109416409536,0.20961871881881677,46.05732467462145,-0.16836514835420502
2026-09-10 14:11:42+00:00,55501,STARLINK-5367,46.00018607635098,0.19324139881295643,45.999486789602706,-0.1642921600876157
2026-09-10 14:12:42+00:00,55501,STARLINK-5367,45.944278922790275,0.17407007148398979,45.9436724052126,-0.15947184036676987
2026-09-10 14:13:42+00:00,55501,STARLINK-5367,45.8906996446217,0.15227988284477156,45.890188873274994,-0.15391518869534337
2026-09-10 14:14:42+00:00,55501,STARLINK-5367,45.83978590773535,0.12807884397416736,45.83936926134179,-0.1476265528010252
2026-09-10 14:15:42+00:00,55501,STARLINK-5367,45.791944137738376,0.10167244152111365,45.79161561289002,-0.1405353681970496
2026-09-10 14:16:42+00:00,55501,STARLINK-5367,45.74753389186752,0.07322960929183431,45.74728311768278,-0.13259699267455716
2026-09-10 14:17:42+00:00,55501,STARLINK-5367,45.706890808277436,0.0428645900165634,45.70670309187147,-0.12378391747899897
2026-09-10 14:18:42+00:00,55501,STARLINK-5367,45.67028262131763,0.01070802522724179,45.67013882612685,-0.1141036876036523
2026-09-10 14:19:42+00:00,55501,STARLINK-5367,45.63798861722039,-0.023053378986523043,45.637865226727115,-0.10359109202518013
2026-09-10 14:20:42+00:00,55501,STARLINK-5367,45.61030721787878,-0.05830700369287278,45.610176583608066,-0.09228659001091799
2026-09-10 14:21:42+00:00,55501,STARLINK-5367,45.58743719600143,-0.09500327290574084,45.587267649227925,-0.0802044585330659
2026-09-10 14:22:42+00:00,55501,STARLINK-5367,45.56948386355419,-0.13301877335655732,45.56923993165558,-0.06736206548956503
2026-09-10 14:23:42+00:00,55501,STARLINK-5367,45.556549547495344,-0.17210616381370514,45.556192677203946,-0.05380426790873649
2026-09-10 14:24:42+00:00,55501,STARLINK-5367,45.548820891888994,-0.21195622089290467,45.54831053326146,-0.03958241266335705
2026-09-10 14:25:42+00:00,55501,STARLINK-5367,45.54653306785534,-0.25233084280246043,45.545827367457235,-0.02476006450221302
2026-09-10 14:26:42+00:00,55501,STARLINK-5367,45.54993297436201,-0.2931014481632772,45.548988982673755,-0.009389686964115462
2026-09-10 14:27:42+00:00,55501,STARLINK-5367,45.5591356072298,-0.3341740533712416,45.55790955862061,0.006452019324512115
2026-09-10 14:28:42+00:00,55501,STARLINK-5367,45.574201849705965,-0.3754129359501577,45.5726499649981,0.022683320347723246
2026-09-10 14:29:42+00:00,55501,STARLINK-5367,45.595183565572526,-0.4166340145496563,45.59326310729092,0.03923908153077327
2026-09-10 14:30:42+00:00,55501,STARLINK-5367,45.62214316225583,-0.45765468416943644,45.6198132007931,0.056057400664269036
2026-09-10 14:31:42+00:00,55501,STARLINK-5367,45.655129000649424,-0.4983169713933815,45.65235094430539,0.07305833245556137
2026-09-10 14:32:42+00:00,55501,STARLINK-5367,45.69416541649158,-0.538493439843343,45.69090335651104,0.09015758930112705
2026-09-10 14:33:42+00:00,55501,STARLINK-5367,45.739240751823885,-0.5780968038719578,45.735461529436776,0.1072722148023395
2026-09-10 14:34:42+00:00,55501,STARLINK-5367,45.79029999407516,-0.6170808788605138,45.78597307285207,0.12431616310737947
2026-09-10 14:35:42+00:00,55501,STARLINK-5367,45.847233524677996,-0.6554369508364895,45.84233074815933,0.141194356125653
2026-09-10 14:36:42+00:00,55501,STARLINK-5367,45.90984836314069,-0.6931705149827296,45.90434391180647,0.157801743736961
2026-09-10 14:37:42+00:00,55501,STARLINK-5367,45.977927194762714,-0.7302730696468522,45.97179803712551,0.17399886319052094
2026-09-10 14:38:42+00:00,55501,STARLINK-5367,46.05114887667771,-0.7667007696391241,46.04437558632077,0.18963031824451804
2026-09-10 14:39:42+00:00,55501,STARLINK-5367,46.12916703583631,-0.8023474261087316,46.12173532970926,0.20449988790555906
2026-09-10 14:40:42+00:00,55501,STARLINK-5367,46.21163678895416,-0.837046580830016,46.20353916433505,0.21839511326834682
2026-09-10 14:41:42+00:00,55501,STARLINK-5367,46.298225686780036,-0.870613927840278,46.289462156757,0.23114145199644653
2026-09-10 14:42:42+00:00,55501,STARLINK-5367,46.388579816438494,-0.9028676386876704,46.37915803093759,0.2426267800812063
2026-09-10 14:43:42+00:00,55501,STARLINK-5367,46.48231285851171,-0.9335953747770169,46.47224881227678,0.25278188740198715
2026-09-10 14:44:42+00:00,55501,STARLINK-5367,46.57904046040865,-0.9625292763033197,46.56835988318487,0.261544250221025
2026-09-10 14:45:42+00:00,55501,STARLINK-5367,46.67840451155121,-0.98935269355648,46.66714424328528,0.26884413358212456
2026-09-10 14:46:42+00:00,55501,STARLINK-5367,46.780088639710776,-1.013747002511714,46.768296800001266,0.2746353602256839
2026-09-10 14:47:42+00:00,55501,STARLINK-5367,46.88379097003758,-1.0354374320423725,46.8715257642082,0.2789221785188829
2026-09-10 14:48:42+00:00,55501,STARLINK-5367,46.98928198215917,-1.0542060708829215,46.97661044962567,0.2816760960793623
2026-09-10 14:49:42+00:00,55501,STARLINK-5367,47.09628709060001,-1.0699100722359605,47.08328283506378,0.28289155330948645
2026-09-10 14:50:42+00:00,55501,STARLINK-5367,47.20451611267742,-1.0824255790327078,47.19125815982869,0.28257669804800756
2026-09-10 14:51:42+00:00,55501,STARLINK-5367,47.313710736818805,-1.0916516584574936,47.300281962021685,0.2807964693438585
2026-09-10 14:52:42+00:00,55501,STARLINK-5367,47.42362121885908,-1.0975843233069162,47.41010522763826,0.2776336926959253
2026-09-10 14:53:42+00:00,55501,STARLINK-5367,47.53395520687285,-1.1002790062118069,47.520434325664574,0.273139557156135
2026-09-10 14:54:42+00:00,55501,STARLINK-5367,47.64437701354015,-1.0998249103550832,47.63093084761335,0.26734390733709645
2026-09-10 14:55:42+00:00,55501,STARLINK-5367,47.754505410040714,-1.0963058761932885,47.74121020212874,0.2602860341823998
2026-09-10 14:56:42+00:00,55501,STARLINK-5367,47.863944599105295,-1.0897827697504057,47.850873016399085,0.25202712041841835
2026-09-10 14:57:42+00:00,55501,STARLINK-5367,47.972289450067464,-1.080303632992738,47.959510279622314,0.24263734336895482
2026-09-10 14:58:42+00:00,55501,STARLINK-5367,48.07915455514846,-1.0679005365667322,48.06673254788429,0.2321924891459517
2026-09-10 14:59:42+00:00,55501,STARLINK-5367,48.18416806709295,-1.0526313452682778,48.17216280723005,0.22079411799420257
2026-09-10 15:00:42+00:00,55501,STARLINK-5367,48.28699446183145,-1.0345879793816746,48.275459458762406,0.20850878937719486
2026-09-10 15:01:42+00:00,55501,STARLINK-5367,48.387242510601865,-1.013860774700042,48.37622479099041,0.1954458515440578
2026-09-10 15:02:42+00:00,55501,STARLINK-5367,48.48454105306055,-0.9905243673411395,48.474081355021426,0.18171238368035958
2026-09-10 15:03:42+00:00,55501,STARLINK-5367,48.57853776480599,-0.9646332820586228,48.568670842551356,0.16741142651798668
2026-09-10 15:04:42+00:00,55501,STARLINK-5367,48.66893213559076,-0.9362260332212831,48.6596870001219,0.1526338220239687
2026-09-10 15:05:42+00:00,55501,STARLINK-5367,48.75549956161669,-0.9053759822148049,48.74689872914145,0.13746317492844895
2026-09-10 15:06:42+00:00,55501,STARLINK-5367,48.83805623152874,-0.8722497564379186,48.83011409880267,0.12195874003382556
2026-09-10 15:07:42+00:00,55501,STARLINK-5367,48.916404353339324,-0.8370777582416782,48.90912646027645,0.10613471975583444
2026-09-10 15:08:42+00:00,55501,STARLINK-5367,48.99033179000483,-0.8000879513034764,48.983715379325545,0.08997667565506262
2026-09-10 15:09:42+00:00,55501,STARLINK-5367,49.05964624046033,-0.7614851055863241,49.05368112631908,0.07346856805030555
2026-09-10 15:10:42+00:00,55501,STARLINK-5367,49.124184904855305,-0.7214767706607113,49.11885391242971,0.05660534602841594
2026-09-10 15:11:42+00:00,55501,STARLINK-5367,49.183853349052164,-0.6802928515770272,49.17913258499713,0.03937111171065588
2026-09-10 15:12:42+00:00,55501,STARLINK-5367,49.23851658396529,-0.6381718594223473,49.234375972784115,0.021786183827856576
2026-09-10 15:13:42+00:00,55501,STARLINK-5367,49.288048709002325,-0.5953409037099746,49.28445292025821,0.0038858984200231816
2026-09-10 15:14:42+00:00,55501,STARLINK-5367,49.33231728579111,-0.5519983034569176,49.32922686397486,-0.014271000213557983
2026-09-10 15:15:42+00:00,55501,STARLINK-5367,49.37118519325911,-0.5082997208322193,49.368557766961914,-0.032600475983158184
2026-09-10 15:16:42+00:00,55501,STARLINK-5367,49.404538489088694,-0.4643347755987641,49.40233007821592,-0.050984105547051684
2026-09-10 15:17:42+00:00,55501,STARLINK-5367,49.43234236658564,-0.4201499019249001,49.43050824491028,-0.06928605276676547
2026-09-10 15:18:42+00:00,55501,STARLINK-5367,49.45465459398598,-0.3758174652618902,49.453149420254334,-0.0873765486902538
2026-09-10 15:19:42+00:00,55501,STARLINK-5367,49.47161013634633,-0.3314895560709057,49.470387850212,-0.10511948657716097
2026-09-10 15:20:42+00:00,55501,STARLINK-5367,49.483377362609374,-0.2874438107505677,49.48239114931257,-0.12238223930711722
2026-09-10 15:21:42+00:00,55501,STARLINK-5367,49.49005885129044,-0.24404664812482313,49.48926174346933,-0.13906266254448774
2026-09-10 15:22:42+00:00,55501,STARLINK-5367,49.4917368565296,-0.2016531709673668,49.49108314456527,-0.1550556427092591
2026-09-10 15:23:42+00:00,55501,STARLINK-5367,49.488439001754045,-0.16054579580666406,49.48788571646368,-0.17025625395332256
2026-09-10 15:24:42+00:00,55501,STARLINK-5367,49.48025617900289,-0.12093603790729723,49.47976409399705,-0.18458390203065633
2026-09-10 15:25:42+00:00,55501,STARLINK-5367,49.467372602310064,-0.08301328304848887,49.466906641973196,-0.19801071920885782
2026-09-10 15:26:42+00:00,55501,STARLINK-5367,49.45005736770574,-0.04704076550242853,49.44958674976326,-0.21054955095436512
2026-09-10 15:27:42+00:00,55501,STARLINK-5367,49.428540097066815,-0.01336256709388195,49.42803872170177,-0.22222892497167024
2026-09-10 15:28:42+00:00,55501,STARLINK-5367,49.40296320568403,0.017764841375974783,49.4024101832908,-0.23307937374880794
2026-09-10 15:29:42+00:00,55501,STARLINK-5367,49.37351733673253,0.04621853707220325,49.372897096834464,-0.24312612540520462
2026-09-10 15:30:42+00:00,55501,STARLINK-5367,49.34048055479855,0.07186623025161332,49.3397827518885,-0.25237793059196534
2026-09-10 15:31:42+00:00,55501,STARLINK-5367,49.304112286620956,0.09455039126046039,49.30333169303154,-0.26083052381212823
2026-09-10 15:32:42+00:00,55501,STARLINK-5367,49.26464035690276,0.11419208894294641,49.26377637686856,-0.26848976085090825
2026-09-10 15:33:42+00:00,55501,STARLINK-5367,49.222392641504314,0.13078072751608794,49.221448805810084,-0.2753383604673836
2026-09-10 15:34:42+00:00,55501,STARLINK-5367,49.17770192186574,0.1443174759456447,49.176685089706325,-0.2813936208758747
2026-09-10 15:35:42+00:00,55501,STARLINK-5367,49.130932797067466,0.15480293404100465,49.1298527956521,-0.2866318878434626
2026-09-10 15:36:42+00:00,55501,STARLINK-5367,49.08244187059377,0.16223140499144328,49.081311109478015,-0.29099952934828366
2026-09-10 15:37:42+00:00,55501,STARLINK-5367,49.032558918147096,0.16661478457755852,49.03139176749449,-0.2944400067918309
2026-09-10 15:38:42+00:00,55501,STARLINK-5367,48.981606706065705,0.1680188843084558,48.980418640566285,-0.2969090047214671
2026-09-10 15:39:42+00:00,55501,STARLINK-5367,48.92993684333274,0.16656373852833983,48.928743535575904,-0.2983823777940451
2026-09-10 15:40:42+00:00,55501,STARLINK-5367,48.87795742159991,0.16238447879576778,48.87677397001134,-0.29886330186435117
2026-09-10 15:41:42+00:00,55501,STARLINK-5367,48.82612721077931,0.1555678069243004,48.82496770039031,-0.2983724459387922
2026-09-10 15:42:42+00:00,55501,STARLINK-5367,48.77490370061563,0.14612495908778578,48.77378099487935,-0.29692754032729596
2026-09-10 15:43:42+00:00,55501,STARLINK-5367,48.724688856313236,0.1340312739993803,48.72361428510361,-0.29453481725144215
2026-09-10 15:44:42+00:00,55501,STARLINK-5367,48.675804131646785,0.11929848847878777,48.67478682797203,-0.29120952005151324
2026-09-10 15:45:42+00:00,55501,STARLINK-5367,48.62860145712216,0.1020115890071871,48.62764795598642,-0.28692783061418936
2026-09-10 15:46:42+00:00,55501,STARLINK-5367,48.583411754673904,0.08228869992101817,48.582525406016366,-0.28169392578812236
2026-09-10 15:47:42+00:00,55501,STARLINK-5367,48.540581692883116,0.06024648580183545,48.53976262713579,-0.2754733121753574
2026-09-10 15:48:42+00:00,55501,STARLINK-5367,48.50044076554929,0.03600614382561318,48.49968573608175,-0.2682191482171561
2026-09-10 15:49:42+00:00,55501,STARLINK-5367,48.463308496978875,0.00969208573004643,48.46261064088823,-0.25989691511498236
2026-09-10 15:50:42+00:00,55501,STARLINK-5367,48.429485122854146,-0.018575525300335016,48.42883371879593,-0.25049720921637686
2026-09-10 15:51:42+00:00,55501,STARLINK-5367,48.39923873487474,-0.04865665683756504,48.39861904371227,-0.24003605303445852
2026-09-10 15:52:42+00:00,55501,STARLINK-5367,48.37282282254037,-0.08037566979563415,48.37221610183002,-0.22855408647278708
2026-09-10 15:53:42+00:00,55501,STARLINK-5367,48.35050528458563,-0.11355019143705647,48.34988898638492,-0.21610791984732458
2026-09-10 15:54:42+00:00,55501,STARLINK-5367,48.33254510756551,-0.1480358087207314,48.33189312360628,-0.20275369908356744
2026-09-10 15:55:42+00:00,55501,STARLINK-5367,48.319135156564904,-0.18370265417549625,48.31841806728308,-0.188549962836829
2026-09-10 15:56:42+00:00,55501,STARLINK-5367,48.310477773717984,-0.22039607511491788,48.309663395940106,-0.17352482801739022
2026-09-10 15:57:42+00:00,55501,STARLINK-5367,48.30672873756057,-0.25793922060493557,48.305782607757735,-0.15771916428816724
2026-09-10 15:58:42+00:00,55501,STARLINK-5367,48.30804161376663,-0.29616150104435945,48.30692758423723,-0.14113927153149142
2026-09-10 15:59:42+00:00,55501,STARLINK-5367,48.314526672449794,-0.33488429545908627,48.313207509304696,-0.12377501517609169
2026-09-10 16:00:42+00:00,55501,STARLINK-5367,48.326253248840914,-0.37391941340265333,48.32469118796399,-0.10563584288760808
2026-09-10 16:01:42+00:00,55501,STARLINK-5367,48.34323792470608,-0.41305585338973216,48.3413954444779,-0.08674322643319421
2026-09-10 16:02:42+00:00,55501,STARLINK-5367,48.36549504062106,-0.45202627116020366,48.363336052755045,-0.06714627916175075
2026-09-10 16:03:42+00:00,55501,STARLINK-5367,48.3930833021293,-0.4905784192425,48.39057388155379,-0.046943745938885506
2026-09-10 16:04:42+00:00,55501,STARLINK-5367,48.4260651670666,-0.5285300267778613,48.42317374417474,-0.026231988895871527
2026-09-10 16:05:42+00:00,55501,STARLINK-5367,48.46447761179318,-0.565757369144446,48.46117500576956,-0.005083643930592352
2026-09-10 16:06:42+00:00,55501,STARLINK-5367,48.50828087856661,-0.6021851138888534,48.5045401698983,0.016425262386272177
2026-09-10 16:07:42+00:00,55501,STARLINK-5367,48.55740078964992,-0.6377245125855122,48.55319782832218,0.03820388138138764
2026-09-10 16:08:42+00:00,55501,STARLINK-5367,48.611708478962406,-0.6722378502680613,48.60702292663455,0.06016415805723252
2026-09-10 16:09:42+00:00,55501,STARLINK-5367,48.671104684077456,-0.7055889733511549,48.66592048561924,0.08221104851256111
2026-09-10 16:10:42+00:00,55501,STARLINK-5367,48.735475869553646,-0.737667874739536,48.729781330705116,0.10423914853156013
2026-09-10 16:11:42+00:00,55501,STARLINK-5367,48.80469318088357,-0.7684016759532817,48.798480753973365,0.1261405908756963
2026-09-10 16:12:42+00:00,55501,STARLINK-5367,48.87859335581077,-0.797766683815814,48.87185908492514,0.1478050882776163
2026-09-10 16:13:42+00:00,55501,STARLINK-5367,48.95696126035385,-0.8257778081436147,48.9497042780991,0.16910927239933748
2026-09-10 16:14:42+00:00,55501,STARLINK-5367,49.03951570418064,-0.8524726435273511,49.03173792501972,0.18991299270921047
2026-09-10 16:15:42+00:00,55501,STARLINK-5367,49.125901873672284,-0.8778823787088399,49.11760816728066,0.21006036350335933
2026-09-10 16:16:42+00:00,55501,STARLINK-5367,49.215695224978546,-0.9020027846745169,49.20689411623473,0.22938807309465403
2026-09-10 16:17:42+00:00,55501,STARLINK-5367,49.30841546164249,-0.9247781473178218,49.29912003921417,0.24775809843137253
2026-09-10 16:18:42+00:00,55501,STARLINK-5367,49.40359601066784,-0.9461018698994881,49.393824977381406,0.26503611237099634
2026-09-10 16:19:42+00:00,55501,STARLINK-5367,49.50072865036546,-0.9657841545024421,49.490507707340846,0.2811489883684821
2026-09-10 16:20:42+00:00,55501,STARLINK-5367,49.599376606119414,-0.9835992658742736,49.58873937566963,0.29600562790102813
2026-09-10 16:21:42+00:00,55501,STARLINK-5367,49.69912562151078,-0.9993383388595056,49.68811353480169,0.30948954724262734
2026-09-10 16:22:42+00:00,55501,STARLINK-5367,49.79956717887692,-1.0127663588219349,49.78822995129504,0.3214868937935158
2026-09-10 16:23:42+00:00,55501,STARLINK-5367,49.90036552328209,-1.0236432009703416,49.8887608956186,0.33191904745484635
2026-09-10 16:24:42+00:00,55501,STARLINK-5367,50.00124579687768,-1.0318128862086802,49.98943719422561,0.3407527141544655
2026-09-10 16:25:42+00:00,55501,STARLINK-5367,50.101938490198755,-1.0372026612813947,50.08999254480348,0.34799134561422207
2026-09-10 16:26:42+00:00,55501,STARLINK-5367,50.202128085875955,-1.0397629726615114,50.190113491911916,0.3536452747875849
2026-09-10 16:27:42+00:00,55501,STARLINK-5367,50.301489483557944,-1.039340136293926,50.28947861206274,0.35771115786874574
2026-09-10 16:28:42+00:00,55501,STARLINK-5367,50.39983165477836,-1.0357682219691096,50.387899930401424,0.3602160798877847
2026-09-10 16:29:42+00:00,55501,STARLINK-5367,50.496997413976246,-1.0290511690990625,50.48521881458299,0.3612239778507771
2026-09-10 16:30:42+00:00,55501,STARLINK-5367,50.592794967114585,-1.019284327847899,50.58123993313748,0.3607337936438242
2026-09-10 16:31:42+00:00,55501,STARLINK-5367,50.68695171094767,-1.006566366350433,50.675686202616816,0.3587837677271999
2026-09-10 16:32:42+00:00,55501,STARLINK-5367,50.77920499513445,-0.9910341177610293,50.768289308031584,0.35540406768578237
2026-09-10 16:33:42+00:00,55501,STARLINK-5367,50.86926451700668,-0.9728559803751553,50.85875254858743,0.3505894239634486
2026-09-10 16:34:42+00:00,55501,STARLINK-5367,50.9568332419549,-0.9521592040065183,50.94677316183684,0.3443127865267286
2026-09-10 16:35:42+00:00,55501,STARLINK-5367,51.04166039876733,-0.9290522872254581,51.03209453734655,0.33657873078680467
2026-09-10 16:36:42+00:00,55501,STARLINK-5367,51.123523329050926,-0.903681616793147,51.1144869472867,0.3274465256220509
2026-09-10 16:37:42+00:00,55501,STARLINK-5367,51.20220721320762,-0.8762248502993053,51.19372778013256,0.31700077232037316
2026-09-10 16:38:42+00:00,55501,STARLINK-5367,51.277495497493014,-0.8468931806449405,51.26959234459328,0.3053150098115083
2026-09-10 16:39:42+00:00,55501,STARLINK-5367,51.34915050415998,-0.8159078663541468,51.34183504886209,0.29244771828663474
2026-09-10 16:40:42+00:00,55501,STARLINK-5367,51.41690236391433,-0.7834602224166716,51.410178934432935,0.2784613254644448
2026-09-10 16:41:42+00:00,55501,STARLINK-5367,51.480542652773394,-0.7496866551816659,51.47440982865497,0.26339046059271354
2026-09-10 16:42:42+00:00,55501,STARLINK-5367,51.53988051897228,-0.7147004783496094,51.534331550485724,0.24730301412455624
2026-09-10 16:43:42+00:00,55501,STARLINK-5367,51.59479466597578,-0.6786430013167628,51.58981744709343,0.2302522020342206
2026-09-10 16:44:42+00:00,55501,STARLINK-5367,51.64518266852489,-0.6416826017442396,51.64075982479768,0.21227581465119094
2026-09-10 16:45:42+00:00,55501,STARLINK-5367,51.69095081019708,-0.6039786078601121,51.687060323412595,0.193392418073989
2026-09-10 16:46:42+00:00,55501,STARLINK-5367,51.73204249756205,-0.56566425801768,51.72865844037991,0.1736112763600257
2026-09-10 16:47:42+00:00,55501,STARLINK-5367,51.768456434759656,-0.5268722420678742,51.765549300968054,0.15294720394032701
2026-09-10 16:48:42+00:00,55501,STARLINK-5367,51.80023410922747,-0.4877601185453324,51.79777089637092,0.13143060753739544
2026-09-10 16:49:42+00:00,55501,STARLINK-5367,51.827445972535614,-0.4485175017727081,51.825390327040566,0.10911249511816035
2026-09-10 16:50:42+00:00,55501,STARLINK-5367,51.850172870583414,-0.4093623966091031,51.84848543746913,0.0860638029631513
2026-09-10 16:51:42+00:00,55501,STARLINK-5367,51.868475826400854,-0.37053348953679244,51.86711481134287,0.06237494719054659
2026-09-10 16:52:42+00:00,55501,STARLINK-5367,51.882435835708534,-0.3322749016620412,51.88135779000456,0.03815103762671024
2026-09-10 16:53:42+00:00,55501,STARLINK-5367,51.89206004847442,-0.29480078771243834,51.891220896802935,0.013505896506703863
2026-09-10 16:54:42+00:00,55501,STARLINK-5367,51.897352376331376,-0.2582717533497547,51.89670845298339,-0.011450789099720637
2026-09-10 16:55:42+00:00,55501,STARLINK-5367,51.89832354196085,-0.22277348943656605,51.89783250429718,-0.03660320159659225
2026-09-10 16:56:42+00:00,55501,STARLINK-5367,51.89504952164404,-0.18833774997398134,51.894670931407596,-0.06182771823153921
2026-09-10 16:57:42+00:00,55501,STARLINK-5367,51.88768724783337,-0.15502989259116973,51.88738271789777,-0.08699625150652679
2026-09-10 16:58:42+00:00,55501,STARLINK-5367,51.87643276152904,-0.1229703171164811,51.8761662280408,-0.11194571555192034
2026-09-10 16:59:42+00:00,55501,STARLINK-5367,51.86151759024421,-0.0923442421065701,51.86125583189671,-0.13646553674415962
2026-09-10 17:00:42+00:00,55501,STARLINK-5367,51.84314711769043,-0.06342360728757868,51.84286036362887,-0.16034285082582045
2026-09-10 17:01:42+00:00,55501,STARLINK-5367,51.82145162117831,-0.036457647186772135,51.82111425206327,-0.18340294624434428
2026-09-10 17:02:42+00:00,55501,STARLINK-5367,51.79654710330878,-0.011594534304556703,51.79613806038994,-0.205522312861234
2026-09-10 17:03:42+00:00,55501,STARLINK-5367,51.768651242049174,0.011057747575286214,51.768154296774114,-0.22656092453349075
2026-09-10 17:04:42+00:00,55501,STARLINK-5367,51.737966981523755,0.031395880246380514,51.737370829641634,-0.2463763708092408
2026-09-10 17:05:42+00:00,55501,STARLINK-5367,51.70474057592301,0.04934180227087914,51.70403907361866,-0.2647770453878948
2026-09-10 17:06:42+00:00,55501,STARLINK-5367,51.66926354554592,0.0648253864257633,51.66845576561987,-0.28155248984547754
2026-09-10 17:07:42+00:00,55501,STARLINK-5367,51.63184429760268,0.07773542490036256,51.63093437299797,-0.29651061832468883
2026-09-10 17:08:42+00:00,55501,STARLINK-5367,51.59276724073005,0.08795052756708799,51.591763904943974,-0.3095051491808114
2026-09-10 17:09:42+00:00,55501,STARLINK-5367,51.5523095537776,0.09537573715650538,51.551225376662,-0.3204465039141624
2026-09-10 17:10:42+00:00,55501,STARLINK-5367,51.51073051592816,0.09994844604055597,51.50958101092388,-0.32929116565342653
2026-09-10 17:11:42+00:00,55501,STARLINK-5367,51.46831474801176,0.10167795790952905,51.46711750778532,-0.33600600158015936
2026-09-10 17:12:42+00:00,55501,STARLINK-5367,51.42539495249733,0.10060298954967895,51.42416889531134,-0.34055614122153344
2026-09-10 17:13:42+00:00,55501,STARLINK-5367,51.38231047566666,0.09679042445860597,51.38107472781023,-0.34295954093428094
2026-09-10 17:14:42+00:00,55501,STARLINK-5367,51.33941927599729,0.09030924400555951,51.3381918543262,-0.34332632506532335
2026-09-10 17:15:42+00:00,55501,STARLINK-5367,51.29711570004758,0.08117804863335633,51.29591302665286,-0.3417543424050038
2026-09-10 17:16:42+00:00,55501,STARLINK-5367,51.25571351983817,0.0694293102069441,51.25454953979678,-0.3383777048277281
2026-09-10 17:17:42+00:00,55501,STARLINK-5367,51.21555071662714,0.05511922332256214,51.21443650813502,-0.33330201444581675
2026-09-10 17:18:42+00:00,55501,STARLINK-5367,51.17695002442313,0.03830010130330841,51.175893421612614,-0.3266181322121504
2026-09-10 17:19:42+00:00,55501,STARLINK-5367,51.14020004673036,0.019081899848592876,51.139205114442866,-0.3184288988731616
2026-09-10 17:20:42+00:00,55501,STARLINK-5367,51.1056217741077,-0.002357955526148814,51.10468853939038,-0.30883757883059104
2026-09-10 17:21:42+00:00,55501,STARLINK-5367,51.073573834399355,-0.02586099304258127,51.07269843168511,-0.2979099411394692
2026-09-10 17:22:42+00:00,55501,STARLINK-5367,51.04438372103413,-0.05130551263632377,51.04355840234328,-0.2856970967958219
2026-09-10 17:23:42+00:00,55501,STARLINK-5367,51.01833505975033,-0.07856877542059593,51.01754806989598,-0.27226485695374336
2026-09-10 17:24:42+00:00,55501,STARLINK-5367,50.995685107990774,-0.10753495976969063,50.9949207531007,-0.2576688781330283
2026-09-10 17:25:42+00:00,55501,STARLINK-5367,50.97662666419761,-0.13809367262562944,50.97586542622506,-0.24195091641878008
2026-09-10 17:26:42+00:00,55501,STARLINK-5367,50.96135378376241,-0.1700814833905877,50.96057271614648,-0.2251226446855661
2026-09-10 17:27:42+00:00,55501,STARLINK-5367,50.950030059637434,-0.20328188513067502,50.94920300998673,-0.20724912615963476
2026-09-10 17:28:42+00:00,55501,STARLINK-5367,50.94285895300058,-0.23747436942130484,50.94195709822397,-0.18839116722098836
2026-09-10 17:29:42+00:00,55501,STARLINK-5367,50.94005942871848,-0.27246831073117583,50.93905169748774,-0.16860540231153642
2026-09-10 17:30:42+00:00,55501,STARLINK-5367,50.941835632348784,-0.308122772267847,50.9406889217845,-0.14795311565629277
2026-09-10 17:31:42+00:00,55501,STARLINK-5367,50.94834822671027,-0.3443204471786281,50.94702762602287,-0.12651692791394709
2026-09-10 17:32:42+00:00,55501,STARLINK-5367,50.95972058470644,-0.38095019844013045,50.95818971423175,-0.10440338129735949
2026-09-10 17:33:42+00:00,55501,STARLINK-5367,50.976023351478034,-0.41789490281276453,50.97424488055506,-0.08172782782902566
2026-09-10 17:34:42+00:00,55501,STARLINK-5367,50.99727566484455,-0.4549926956872179,50.995212255965875,-0.058599078540880534
2026-09-10 17:35:42+00:00,55501,STARLINK-5367,51.02348582831373,-0.49203658403722805,51.021101251619974,-0.035116150769413323
2026-09-10 17:36:42+00:00,55501,STARLINK-5367,51.054651449615115,-0.5288202250635736,51.05191136993746,-0.011370457393081068
2026-09-10 17:37:42+00:00,55501,STARLINK-5367,51.09079177562564,-0.5651586758321407,51.08766428530895,0.012561967891687953
2026-09-10 17:38:42+00:00,55501,STARLINK-5367,51.131853194607444,-0.6008730681344364,51.12830941129444,0.036598002938162955
2026-09-10 17:39:42+00:00,55501,STARLINK-5367,51.17775784108147,-0.6357924518574721,51.173772420849154,0.060677983448046424
2026-09-10 17:40:42+00:00,55501,STARLINK-5367,51.228382377790616,-0.669712406072791,51.22393445490075,0.08476613894531715
2026-09-10 17:41:42+00:00,55501,STARLINK-5367,51.28361026845113,-0.7023957667228178,51.278684516635394,0.10879612425681096
2026-09-10 17:42:42+00:00,55501,STARLINK-5367,51.34334035357999,-0.7336435289317489,51.33792719131294,0.13265570272094074
2026-09-10 17:43:42+00:00,55501,STARLINK-5367,51.40746688296287,-0.7633152095861107,51.40156217685946,0.1562273733717925
2026-09-10 17:44:42+00:00,55501,STARLINK-5367,51.47587236466893,-0.7913313483141362,51.46947683313077,0.1794015737846646
2026-09-10 17:45:42+00:00,55501,STARLINK-5367,51.54837840931465,-0.817666781638021,51.541496918747995,0.20207186541871103
2026-09-10 17:46:42+00:00,55501,STARLINK-5367,51.62472875513609,-0.8422696962379721,51.61737075304576,0.22413688404530596
2026-09-10 17:47:42+00:00,55501,STARLINK-5367,51.704653092293334,-0.8650390563418675,51.69683343628403,0.24550251833105818
2026-09-10 17:48:42+00:00,55501,STARLINK-5367,51.78794555891763,-0.8858929676742449,51.779684390865675,0.2660512085722324
2026-09-10 17:49:42+00:00,55501,STARLINK-5367,51.87434671257407,-0.9047771378255529,51.86566884726949,0.285692514060635
2026-09-10 17:50:42+00:00,55501,STARLINK-5367,51.963609653126525,-0.9216673565333178,51.95454393235133,0.30433903427070064
2026-09-10 17:51:42+00:00,55501,STARLINK-5367,52.05545753134561,-0.9365966965829262,52.046035574498035,0.3219105524223913
2026-09-10 17:52:42+00:00,55501,STARLINK-5367,52.149547263287204,-0.9496280989096935,52.13980265934629,0.338326593709926
2026-09-10 17:53:42+00:00,55501,STARLINK-5367,52.24548131194121,-0.9608239399233192,52.2354494244151,0.3534944161389397
2026-09-10 17:54:42+00:00,55501,STARLINK-5367,52.34281227052791,-0.9702478336463827,52.332529952241515,0.3673204687659606
2026-09-10 17:55:42+00:00,55501,STARLINK-5367,52.44103028477982,-0.9779462348866605,52.43053586620627,0.37971999331423945
2026-09-10 17:56:42+00:00,55501,STARLINK-5367,52.539575225920785,-0.9839028045036802,52.52890950530522,0.3905974589439438
2026-09-10 17:57:42+00:00,55501,STARLINK-5367,52.637869486826965,-0.9880097764175284,52.62707726587767,0.39984902810092393
2026-09-10 17:58:42+00:00,55501,STARLINK-5367,52.7353710961593,-0.9900667797226115,52.72450248474641,0.40739435108113753
2026-09-10 17:59:42+00:00,55501,STARLINK-5367,52.831585676958284,-0.9898330540671054,52.82069620042736,0.4131931376712856
2026-09-10 18:00:42+00:00,55501,STARLINK-5367,52.926119866094965,-0.9870224245743628,52.91527094420715,0.41719505604077156
2026-09-10 18:01:42+00:00,55501,STARLINK-5367,53.01866273560146,-0.9813497878972464,53.00792009213119,0.4194739222921733
2026-09-10 18:02:42+00:00,55501,STARLINK-5367,53.10900076255154,-0.9726624055167739,53.09843090456645,0.4201491575350538
2026-09-10 18:03:42+00:00,55501,STARLINK-5367,53.19691336178163,-0.9609149752135895,53.18658096929855,0.4193309284567057
2026-09-10 18:04:42+00:00,55501,STARLINK-5367,53.282170216712686,-0.9461303664169232,53.27213649040088,0.41710200261791996
2026-09-10 18:05:42+00:00,55501,STARLINK-5367,53.3645214297184,-0.9283638241640739,53.354843154503776,0.4135214518741037
2026-09-10 18:06:42+00:00,55501,STARLINK-5367,53.44375927261437,-0.9076829516343157,53.434488360398845,0.4086202526398992
2026-09-10 18:07:42+00:00,55501,STARLINK-5367,53.519734471552255,-0.8842639882920267,53.51091588703888,0.4024127665954893
2026-09-10 18:08:42+00:00,55501,STARLINK-5367,53.592252714767554,-0.858384328453317,53.58392266969959,0.3949160870739945
2026-09-10 18:09:42+00:00,55501,STARLINK-5367,53.66105649326871,-0.8302952785344324,53.65324306209881,0.3861381146241101
2026-09-10 18:10:42+00:00,55501,STARLINK-5367,53.72586807564496,-0.8001800482863182,53.7185924198898,0.37608615726738037
2026-09-10 18:11:42+00:00,55501,STARLINK-5367,53.786484677352846,-0.768150399333404,53.77976250360439,0.36472450839588433
2026-09-10 18:12:42+00:00,55501,STARLINK-5367,53.84276604645354,-0.7342799349149587,53.83660800498362,0.3520327087709987
2026-09-10 18:13:42+00:00,55501,STARLINK-5367,53.89469225810747,-0.6987320611640246,53.88910279940035,0.33797422752595807
2026-09-10 18:14:42+00:00,55501,STARLINK-5367,53.942238894127286,-0.6617751092078965,53.9372148344192,0.3225624306093948
2026-09-10 18:15:42+00:00,55501,STARLINK-5367,53.98535706569533,-0.6237088939268336,53.980887659057274,0.3058304538386416
2026-09-10 18:16:42+00:00,55501,STARLINK-5367,54.02398663931925,-0.5848400922186929,54.020054249395045,0.2878078600295151
2026-09-10 18:17:42+00:00,55501,STARLINK-5367,54.05805803283329,-0.5454469105404698,54.05463913365947,0.2685406464660094
2026-09-10 18:18:42+00:00,55501,STARLINK-5367,54.08751989516505,-0.5057809227661405,54.084586068081144,0.2480804554203786
2026-09-10 18:19:42+00:00,55501,STARLINK-5367,54.1123313926488,-0.46608495436571573,54.10985007803629,0.2264908289417935
2026-09-10 18:20:42+00:00,55501,STARLINK-5367,54.1324603761443,-0.4265690590716389,54.130395750405114,0.20386543895134324
2026-09-10 18:21:42+00:00,55501,STARLINK-5367,54.14788752227944,-0.3874072001276261,54.1462014005975,0.18031270794538834
2026-09-10 18:22:42+00:00,55501,STARLINK-5367,54.15867583069218,-0.3487501952054872,54.15732852954881,0.15590887679655996
2026-09-10 18:23:42+00:00,55501,STARLINK-5367,54.16487834663708,-0.3107324003937464,54.16382928200817,0.1307256318168628
2026-09-10 18:24:42+00:00,55501,STARLINK-5367,54.16659824865117,-0.2734661870237409,54.16580649405201,0.10482806993629534
2026-09-10 18:25:42+00:00,55501,STARLINK-5367,54.163995684453326,-0.2370625991157398,54.163420316643304,0.07829069044441317
2026-09-10 18:26:42+00:00,55501,STARLINK-5367,54.15728257966293,-0.20166397370577105,54.156882904983554,0.05120616243198195
2026-09-10 18:27:42+00:00,55501,STARLINK-5367,54.14670014324983,-0.16744740336988517,54.14643604632082,0.023690753571617318
2026-09-10 18:28:42+00:00,55501,STARLINK-5367,54.13250171802628,-0.13462079004853855,54.13233416852269,-0.004118542859559149
2026-09-10 18:29:42+00:00,55501,STARLINK-5367,54.11493349721998,-0.10341166406086177,54.11482518466564,-0.032072875680741575
2026-09-10 18:30:42+00:00,55501,STARLINK-5367,54.09422460631354,-0.07405318151506624,54.09414062006589,-0.06002050600185793
2026-09-10 18:31:42+00:00,55501,STARLINK-5367,54.070577329678045,-0.046768653338149946,54.07048578747741,-0.08781892712798367
2026-09-10 18:32:42+00:00,55501,STARLINK-5367,54.044160190413116,-0.02174492553225349,54.0440327144805,-0.1153507755013834
2026-09-10 18:33:42+00:00,55501,STARLINK-5367,54.015184533102264,0.0008700489260515809,54.01499654317943,-0.1425055382061906
2026-09-10 18:34:42+00:00,55501,STARLINK-5367,53.983824126523295,0.02097398925649685,53.983554851616326,-0.16921287688461106
2026-09-10 18:35:42+00:00,55501,STARLINK-5367,53.95029172344725,0.0385144414100953,53.94992409090768,-0.19540795317328552
2026-09-10 18:36:42+00:00,55501,STARLINK-5367,53.914831490366865,0.05345671599130597,53.914352039085394,-0.2210004971445727
2026-09-10 18:37:42+00:00,55501,STARLINK-5367,53.877680563394684,0.06576103548516699,53.87707945364437,-0.24586159338484848
2026-09-10 18:38:42+00:00,55501,STARLINK-5367,53.839046622905315,0.07541767652671005,53.83831758745311,-0.26983845162870423
2026-09-10 18:39:42+00:00,55501,STARLINK-5367,53.79913399352335,0.08247283841996911,53.79827421675671,-0.2927592571599682
2026-09-10 18:40:42+00:00,55501,STARLINK-5367,53.75816463729659,0.08701366200878446,53.75717467311982,-0.3144279837949533
2026-09-10 18:41:42+00:00,55501,STARLINK-5367,53.716393289245644,0.0891392480458002,53.71527703616835,-0.3346268474832108
2026-09-10 18:42:42+00:00,55501,STARLINK-5367,53.67409548412298,0.08890578489220857,53.67285999564882,-0.35315957815784316
2026-09-10 18:43:42+00:00,55501,STARLINK-5367,53.631517179867785,0.08633252176621475,53.63017189381377,-0.3699247898246192
2026-09-10 18:44:42+00:00,55501,STARLINK-5367,53.58887435070804,0.08146935818361989,53.587430011815535,-0.38491771643080597
2026-09-10 18:45:42+00:00,55501,STARLINK-5367,53.546452367239034,0.07440351090367425,53.544920732684005,-0.3981067258289528
2026-09-10 18:46:42+00:00,55501,STARLINK-5367,53.504505299668644,0.06523322708357604,53.50289851658994,-0.4094903073729661
2026-09-10 18:47:42+00:00,55501,STARLINK-5367,53.46330168713659,0.054063900785704444,53.461631993672796,-0.41905722463103956
2026-09-10 18:48:42+00:00,55501,STARLINK-5367,53.42309424651222,0.04097884631154214,53.42137360071182,-0.4268046614718948
2026-09-10 18:49:42+00:00,55501,STARLINK-5367,53.38410341174806,0.026089852616199616,53.38234322970206,-0.4327212752841625
2026-09-10 18:50:42+00:00,55501,STARLINK-5367,53.3466078473895,0.009530580326092775,53.344819004461144,-0.4367646648707115
2026-09-10 18:51:42+00:00,55501,STARLINK-5367,53.31088587637942,-0.008648640915266625,53.30907883275986,-0.4388531963606823
2026-09-10 18:52:42+00:00,55501,STARLINK-5367,53.27714110307371,-0.028374247039844036,53.275325982188875,-0.43886274670147074
2026-09-10 18:53:42+00:00,55501,STARLINK-5367,53.24560147183793,-0.049503873317743086,53.24378806736903,-0.4366436778508529
2026-09-10 18:54:42+00:00,55501,STARLINK-5367,53.216546242755854,-0.07191394687265174,53.214743463450965,-0.43208854500058536
2026-09-10 18:55:42+00:00,55501,STARLINK-5367,53.1902537138391,-0.09552282589601901,53.18846849733513,-0.4251875354423724
2026-09-10 18:56:42+00:00,55501,STARLINK-5367,53.16704165909138,-0.12028384574809614,53.16527847448707,-0.41595108637179123
2026-09-10 18:57:42+00:00,55501,STARLINK-5367,53.14716334439411,-0.14618359404270365,53.145423307557394,-0.4044544140897166
2026-09-10 18:58:42+00:00,55501,STARLINK-5367,53.13084461621887,-0.1732590882493401,53.12912502714089,-0.39077457896423695
2026-09-10 18:59:42+00:00,55501,STARLINK-5367,53.11821875571112,-0.20153409847203285,53.116512594989196,-0.37501671041099627
2026-09-10 19:00:42+00:00,55501,STARLINK-5367,53.10941019594313,-0.23091752905583718,53.107706164947565,-0.35731548149284365
2026-09-10 19:01:42+00:00,55501,STARLINK-5367,53.10460414024563,-0.26132943027637623,53.10288661205056,-0.3378184257344614
2026-09-10 19:02:42+00:00,55501,STARLINK-5367,53.10391052249333,-0.2927388904180681,53.102159370825845,-0.3166810357873864
2026-09-10 19:03:42+00:00,55501,STARLINK-5367,53.107351063796834,-0.32503668463460933,53.10554219680242,-0.2940682754784145
2026-09-10 19:04:42+00:00,55501,STARLINK-5367,53.114949742202576,-0.3580342363632205,53.11305605148836,-0.27013787915254994
2026-09-10 19:05:42+00:00,55501,STARLINK-5367,53.12674275300513,-0.3915165283828319,53.12473511421331,-0.24500897260929477
2026-09-10 19:06:42+00:00,55501,STARLINK-5367,53.142754860008885,-0.42525277246158666,53.140603042848554,-0.21877484523020385
2026-09-10 19:07:42+00:00,55501,STARLINK-5367,53.163070195728025,-0.45901023498878324,53.16074367709366,-0.1915044083737083
2026-09-10 19:08:42+00:00,55501,STARLINK-5367,53.187750247865665,-0.49257730586626725,53.1852186503657,-0.1632823930267886
2026-09-10 19:09:42+00:00,55501,STARLINK-5367,53.21688210386715,-0.5257904274866831,53.21411540683931,-0.13418923521067505
2026-09-10 19:10:42+00:00,55501,STARLINK-5367,53.250531003953355,-0.5585494632889967,53.24749939078577,-0.10432319169885229
2026-09-10 19:11:42+00:00,55501,STARLINK-5367,53.28870891808985,-0.5907999094805354,53.285382672079514,-0.07380456567022442
2026-09-10 19:12:42+00:00,55501,STARLINK-5367,53.331353109001,-0.6224937439747424,53.3277028974256,-0.04277452009127769
2026-09-10 19:13:42+00:00,55501,STARLINK-5367,53.378337205253914,-0.653535631889338,53.37433507082663,-0.011389590489255363
2026-09-10 19:14:42+00:00,55501,STARLINK-5367,53.4295249438609,-0.6837714760818332,53.42514561967856,0.02019433812810245
2026-09-10 19:15:42+00:00,55501,STARLINK-5367,53.48479732592375,-0.7130356150244754,53.480019054850246,0.051837242414638496
2026-09-10 19:16:42+00:00,55501,STARLINK-5367,53.544030455793425,-0.7411822770990586,53.53883532511506,0.08341650472379403
2026-09-10 19:17:42+00:00,55501,STARLINK-5367,53.60706937225781,-0.7680711835846887,53.60144372899942,0.11481944921285425
2026-09-10 19:18:42+00:00,55501,STARLINK-5367,53.673793724483716,-0.7935761316194281,53.66772840213111,0.14593785266916726
2026-09-10 19:19:42+00:00,55501,STARLINK-5367,53.74401663968117,-0.8175903154373039,53.73750688676695,0.17670381179820538
2026-09-10 19:20:42+00:00,55501,STARLINK-5367,53.817540795472866,-0.8400038028089885,53.81058648078625,0.2070591158983799
2026-09-10 19:21:42+00:00,55501,STARLINK-5367,53.894142425227294,-0.8606814097443554,53.8867486593926,0.23692653092111904
2026-09-10 19:22:42+00:00,55501,STARLINK-5367,53.97361045172151,-0.8794772335850549,53.965788125598834,0.26618973076262975
2026-09-10 19:23:42+00:00,55501,STARLINK-5367,54.055751402015694,-0.8963206096155982,54.04751625540304,0.2947127809308263
2026-09-10 19:24:42+00:00,55501,STARLINK-5367,54.1403132579706,-0.9112035692099543,54.131684911246104,0.32236066170989375
2026-09-10 19:25:42+00:00,55501,STARLINK-5367,54.226990969633164,-0.9241037790912809,54.21799323587576,0.34898610384576045
2026-09-10 19:26:42+00:00,55501,STARLINK-5367,54.315470578135354,-0.9349746715037721,54.306131969171034,0.37442894508002666
2026-09-10 19:27:42+00:00,55501,STARLINK-5367,54.405457132220754,-0.9437446862898131,54.3958112482777,0.3985352867119083
2026-09-10 19:28:42+00:00,55501,STARLINK-5367,54.496704529146776,-0.9503556599025114,54.486789656560276,0.42116692483352125
2026-09-10 19:29:42+00:00,55501,STARLINK-5367,54.58899005330458,-0.9548278463135293,54.57884736011094,0.44222128555766105
2026-09-10 19:30:42+00:00,55501,STARLINK-5367,54.6821119081232,-0.9572841056259627,54.67178346175929,0.461587460973643
2026-09-10 19:31:42+00:00,55501,STARLINK-5367,54.77574930182277,-0.9578979851628224,54.76527632888578,0.479219831540874
2026-09-10 19:32:42+00:00,55501,STARLINK-5367,54.86952809580315,-0.9568352956632058,54.85895071728376,0.4950816818810502
2026-09-10 19:33:42+00:00,55501,STARLINK-5367,54.96302015609673,-0.9542297503717325,54.952377550412685,0.5091481315897894
2026-09-10 19:34:42+00:00,55501,STARLINK-5367,55.055752246133096,-0.9501678478224851,55.0450830537125,0.5214096838816111
2026-09-10 19:35:42+00:00,55501,STARLINK-5367,55.14721867720997,-0.9446654891431265,55.13656178683815,0.5318733606960393
2026-09-10 19:36:42+00:00,55501,STARLINK-5367,55.23691820813384,-0.937633283882009,55.22631416153288,0.5405562770864201
2026-09-10 19:37:42+00:00,55501,STARLINK-5367,55.324434434608705,-0.9288895834888722,55.31392656785202,0.547482691303248
2026-09-10 19:38:42+00:00,55501,STARLINK-5367,55.40949132105894,-0.9182608287547698,55.399125048296,0.5526928551588242
2026-09-10 19:39:42+00:00,55501,STARLINK-5367,55.491899406237835,-0.9056433253891241,55.48172037065215,0.5562504759194589
2026-09-10 19:40:42+00:00,55501,STARLINK-5367,55.57151255399689,-0.8909982023144769,55.56156533951942,0.5581995743645756
2026-09-10 19:41:42+00:00,55501,STARLINK-5367,55.64825564525396,-0.8743945497210497,55.63858264496486,0.558490635885768
2026-09-10 19:42:42+00:00,55501,STARLINK-5367,55.72196839443103,-0.8559648172902605,55.71260806818584,0.5571249610688156
2026-09-10 19:43:42+00:00,55501,STARLINK-5367,55.79248408298768,-0.8358249944607703,55.78347092961917,0.5541189162991209
2026-09-10 19:44:42+00:00,55501,STARLINK-5367,55.85963887484843,-0.8140771618882781,55.85100345750379,0.5494964903155193
2026-09-10 19:45:42+00:00,55501,STARLINK-5367,55.92325905095389,-0.7908037290583518,55.91502819684109,0.5432808561594626
2026-09-10 19:46:42+00:00,55501,STARLINK-5367,55.983176558149864,-0.7660472793803557,55.975373958126276,0.535480489516214
2026-09-10 19:47:42+00:00,55501,STARLINK-5367,56.039247909251664,-0.7398272388040752,56.03189456584256,0.526073429849248
2026-09-10 19:48:42+00:00,55501,STARLINK-5367,56.0913494357155,-0.7121686128029712,56.08446369515872,0.5150042843534983
2026-09-10 19:49:42+00:00,55501,STARLINK-5367,56.139384002433644,-0.6831099329040988,56.13298129058662,0.5022035672150267
2026-09-10 19:50:42+00:00,55501,STARLINK-5367,56.18329628957132,-0.652711750263606,56.177388616944725,0.48760384903636833
2026-09-10 19:51:42+00:00,55501,STARLINK-5367,56.223046773313904,-0.6210563361980039,56.21764190690014,0.47118566304291143
2026-09-10 19:52:42+00:00,55501,STARLINK-5367,56.258693858928055,-0.5882229005327737,56.253795249558415,0.4529332761427671
2026-09-10 19:53:42+00:00,55501,STARLINK-5367,56.29034439825997,-0.5543664521275016,56.28595044135668,0.4328200834201823
2026-09-10 19:54:42+00:00,55501,STARLINK-5367,56.318111082490596,-0.5197995875512404,56.3142136142886,0.4108397410237252
2026-09-10 19:55:42+00:00,55501,STARLINK-5367,56.342017580866695,-0.48486049380143736,56.3386017549277,0.38704997597132795
2026-09-10 19:56:42+00:00,55501,STARLINK-5367,56.36207249091269,-0.44981639677425367,56.35911808835779,0.361509311958339
2026-09-10 19:57:42+00:00,55501,STARLINK-5367,56.378313942576625,-0.4149151424132542,56.37579612743878,0.33427448269913373
2026-09-10 19:58:42+00:00,55501,STARLINK-5367,56.3907924785743,-0.3804138865515996,56.388682091854484,0.305439978261524
2026-09-10 19:59:42+00:00,55501,STARLINK-5367,56.39954539660278,-0.3465638580521564,56.397809465944746,0.2751397440276182
2026-09-10 20:00:42+00:00,55501,STARLINK-5367,56.40459467178633,-0.31356503827287036,56.40319739543746,0.24351719979581188
2026-09-10 20:01:42+00:00,55501,STARLINK-5367,56.40599546648515,-0.28155444364627424,56.40489920961913,0.2107055127733446
2026-09-10 20:02:42+00:00,55501,STARLINK-5367,56.40384007233578,-0.250651962875339,56.40300594504592,0.17683003775442252
2026-09-10 20:03:42+00:00,55501,STARLINK-5367,56.398304291504864,-0.22097381937869987,56.39769254787729,0.14203099461510504
2026-09-10 20:04:42+00:00,55501,STARLINK-5367,56.389564521726676,-0.19264029533512428,56.389134955872635,0.10646875115384713
2026-09-10 20:05:42+00:00,55501,STARLINK-5367,56.377841811227086,-0.16579224737154696,56.37755415989955,0.07033612193312067
2026-09-10 20:06:42+00:00,55501,STARLINK-5367,56.363363872363855,-0.14058712445503474,56.36317837388727,0.03385058779980099
2026-09-10 20:07:42+00:00,55501,STARLINK-5367,56.34635357069775,-0.11718471037717215,56.34623164770671,-0.0027496747810751287
2026-09-10 20:08:42+00:00,55501,STARLINK-5367,56.32702784890699,-0.09573787465234673,56.32693283459566,-0.03921731568794584
2026-09-10 20:09:42+00:00,55501,STARLINK-5367,56.30559223636057,-0.07638527367327796,56.3054900499752,-0.07531672734130268
2026-09-10 20:10:42+00:00,55501,STARLINK-5367,56.28224405615827,-0.05923425279893735,56.28210375027757,-0.11083656097898498
2026-09-10 20:11:42+00:00,55501,STARLINK-5367,56.25719040500414,-0.04436102236023309,56.25698449775754,-0.1456007680334359
2026-09-10 20:12:42+00:00,55501,STARLINK-5367,56.2306620856518,-0.031839118860183646,56.2303666824324,-0.17946481678906423
2026-09-10 20:13:42+00:00,55501,STARLINK-5367,56.20289743727355,-0.021757099913990885,56.202492255116375,-0.2122999926454412
2026-09-10 20:14:42+00:00,55501,STARLINK-5367,56.17410941124721,-0.014207177393949166,56.173577701332654,-0.24399699839575106
2026-09-10 20:15:42+00:00,55501,STARLINK-5367,56.14454054065896,-0.009265953633612156,56.14386912477212,-0.2744200507642063
2026-09-10 20:16:42+00:00,55501,STARLINK-5367,56.114375384169854,-0.006982103986075572,56.11355432406366,-0.3034750831771653
2026-09-10 20:17:42+00:00,55501,STARLINK-5367,56.083799471632084,-0.0073644143662718875,56.082821796489725,-0.3310714164935007
2026-09-10 20:18:42+00:00,55501,STARLINK-5367,56.052998496797215,-0.010367760150268523,56.051859838580356,-0.3571297070301611
2026-09-10 20:19:42+00:00,55501,STARLINK-5367,56.022176995355416,-0.015894570730868196,56.0208752503634,-0.38157416680434153
2026-09-10 20:20:42+00:00,55501,STARLINK-5367,55.99157027980844,-0.023812245302250012,55.99010529693943,-0.404331810937439
2026-09-10 20:21:42+00:00,55501,STARLINK-5367,55.9614486348106,-0.03397571395041865,55.95982194174475,-0.4253318770448864
2026-09-10 20:22:42+00:00,55501,STARLINK-5367,55.93210886514168,-0.046250527558179044,55.930323440868605,-0.4445028577914698
2026-09-10 20:23:42+00:00,55501,STARLINK-5367,55.90385808703761,-0.06052368902656258,55.90191813795846,-0.46177309979885806
2026-09-10 20:24:42+00:00,55501,STARLINK-5367,55.87700305277454,-0.07670344935445139,55.87491375954008,-0.47707347923659427
2026-09-10 20:25:42+00:00,55501,STARLINK-5367,55.85182473280052,-0.09471874162042582,55.84959182910131,-0.4903538173955546
2026-09-10 20:26:42+00:00,55501,STARLINK-5367,55.828616637846025,-0.11451102222475562,55.826246445964266,-0.5015283400053221
2026-09-10 20:27:42+00:00,55501,STARLINK-5367,55.80759021068588,-0.13600692607763332,55.805088999567005,-0.5105575288907502
2026-09-10 20:28:42+00:00,55501,STARLINK-5367,55.788946246474126,-0.1591019345049336,55.786320015628334,-0.5174060110987568
2026-09-10 20:29:42+00:00,55501,STARLINK-5367,55.77287761675374,-0.18366357242794606,55.7701317413221,-0.5220640776088814
2026-09-10 20:30:42+00:00,55501,STARLINK-5367,55.75956495857896,-0.2095448241650839,55.75670391166636,-0.5245419367621267
2026-09-10 20:31:42+00:00,55501,STARLINK-5367,55.74917645637681,-0.23657609366157395,55.746203632258705,-0.5248694188964365
2026-09-10 20:32:42+00:00,55501,STARLINK-5367,55.741884969518956,-0.2645705472228954,55.73880264328419,-0.5230891641409379
2026-09-10 20:33:42+00:00,55501,STARLINK-5367,55.737862534240975,-0.2933430600973619,55.73467204404816,-0.5192320073270444
2026-09-10 20:34:42+00:00,55501,STARLINK-5367,55.73723442125656,-0.3226997874002109,55.733936305023036,-0.5133319831795049
2026-09-10 20:35:42+00:00,55501,STARLINK-5367,55.74013457870846,-0.3523512971087932,55.73672941535261,-0.505416160924419
2026-09-10 20:36:42+00:00,55501,STARLINK-5367,55.74681889231975,-0.38204635933667674,55.743308137121986,-0.495434276455164
2026-09-10 20:37:42+00:00,55501,STARLINK-5367,55.75756431952018,-0.41174668213422905,55.75394953877941,-0.4832746035332782
2026-09-10 20:38:42+00:00,55501,STARLINK-5367,55.77245202497259,-0.4414548864161745,55.76873350774227,-0.46891939984798015
2026-09-10 20:39:42+00:00,55501,STARLINK-5367,55.79155987820345,-0.4711258879444955,55.7877363910513,-0.45239629025820527
2026-09-10 20:40:42+00:00,55501,STARLINK-5367,55.81496612628505,-0.500786303756632,55.811033965745146,-0.4337561881512997
2026-09-10 20:41:42+00:00,55501,STARLINK-5367,55.842639645512676,-0.5304980790715792,55.838592020731895,-0.4130563023878242
2026-09-10 20:42:42+00:00,55501,STARLINK-5367,55.874467312325876,-0.5602453905271645,55.870294698576146,-0.39037524616736263
2026-09-10 20:43:42+00:00,55501,STARLINK-5367,55.91031860608383,-0.5899365789142346,55.906009299126445,-0.36582196851678894
2026-09-10 20:44:42+00:00,55501,STARLINK-5367,55.950056882977854,-0.6194111373016371,55.94559788134288,-0.3395184096999593
2026-09-10 20:45:42+00:00,55501,STARLINK-5367,55.99356824483625,-0.6484410608753892,55.98894643296571,-0.31158675549939563
2026-09-10 20:46:42+00:00,55501,STARLINK-5367,56.04078501669638,-0.6767774749113613,56.035988004129656,-0.28214524286576603
2026-09-10 20:47:42+00:00,55501,STARLINK-5367,56.09166052600321,-0.7041974978284506,56.086676939996984,-0.25130912607808154
2026-09-10 20:48:42+00:00,55501,STARLINK-5367,56.146213095921574,-0.7305427565586671,56.14103229132319,-0.21919296996437598
2026-09-10 20:49:42+00:00,55501,STARLINK-5367,56.20439791953343,-0.7557431376597483,56.19900916057209,-0.18592250285965406
2026-09-10 20:50:42+00:00,55501,STARLINK-5367,56.266122885566666,-0.7797920289832616,56.26051469924884,-0.15164016891635068
2026-09-10 20:51:42+00:00,55501,STARLINK-5367,56.33121223567075,-0.8026954983331551,56.32537242911447,-0.11650149650895436
2026-09-10 20:52:42+00:00,55501,STARLINK-5367,56.39942500668348,-0.8244103799159976,56.39334163619739,-0.08067039807867005
2026-09-10 20:53:42+00:00,55501,STARLINK-5367,56.470518179483285,-0.844828220130605,56.46418090069998,-0.0443164850874922
2026-09-10 20:54:42+00:00,55501,STARLINK-5367,56.54427692885747,-0.8638251288294541,56.5376777161296,-0.007617164112717845
2026-09-10 20:55:42+00:00,55501,STARLINK-5367,56.62048680646926,-0.8812875505507503,56.61362030399083,0.02923235126968038
2026-09-10 20:56:42+00:00,55501,STARLINK-5367,56.69893704382278,-0.8970936322769205,56.691801217641725,0.06602737086575772
2026-09-10 20:57:42+00:00,55501,STARLINK-5367,56.779435332103375,-0.9111280250328289,56.77203184635628,0.10257870548241144
2026-09-10 20:58:42+00:00,55501,STARLINK-5367,56.861803594989425,-0.923295888672941,56.85413781016211,0.1387322608755781
2026-09-10 20:59:42+00:00,55501,STARLINK-5367,56.94586919736305,-0.933566981415904,56.937949215339145,0.17438602539474957
2026-09-10 21:00:42+00:00,55501,STARLINK-5367,57.03145883252139,-0.9420037474182763,57.02329405577252,0.20942906754213197
2026-09-10 21:01:42+00:00,55501,STARLINK-5367,57.118259573455,-0.9486751499973511,57.10986047566375,0.24377984038794764
2026-09-10 21:02:42+00:00,55501,STARLINK-5367,57.205924290491474,-0.9535686694831362,57.19730380828176,0.2773405580498114
2026-09-10 21:03:42+00:00,55501,STARLINK-5367,57.294136237924995,-0.9565983265864908,57.285311197396965,0.3099804975620515
2026-09-10 21:04:42+00:00,55501,STARLINK-5367,57.382632180139645,-0.9576990377589869,57.37362331835348,0.34151983538345476
2026-09-10 21:05:42+00:00,55501,STARLINK-5367,57.4711607865839,-0.9568731627847811,57.46199181337661,0.37176975019333014
2026-09-10 21:06:42+00:00,55501,STARLINK-5367,57.559463035810786,-0.954154547229086,57.55016006176311,0.40056327380032286
2026-09-10 21:07:42+00:00,55501,STARLINK-5367,57.64729014080188,-0.9495725798396384,57.63788180468957,0.4277307120670919
2026-09-10 21:08:42+00:00,55501,STARLINK-5367,57.734438662493105,-0.9431641693795072,57.72495616375662,0.4530837838136357
2026-09-10 21:09:42+00:00,55501,STARLINK-5367,57.82073187132132,-0.9350367003455107,57.811207876474015,0.47642876419061153
2026-09-10 21:10:42+00:00,55501,STARLINK-5367,57.90593395437042,-0.9253493645429971,57.8964016103054,0.4975904537614646
2026-09-10 21:11:42+00:00,55501,STARLINK-5367,57.989826505327336,-0.9142472835059814,57.980319947862704,0.5163610810660799
2026-09-10 21:12:42+00:00,55501,STARLINK-5367,58.07214410935509,-0.9018809032439532,58.062697645933675,0.5326109001486365
2026-09-10 21:13:42+00:00,55501,STARLINK-5367,58.15259512436159,-0.8884028588907871,58.14324269331837,0.546250093013672
2026-09-10 21:14:42+00:00,55501,STARLINK-5367,58.23084759661467,-0.8739113398420297,58.22162312799414,0.5572173113578813
2026-09-10 21:15:42+00:00,55501,STARLINK-5367,58.306586392398,-0.8584278756567301,58.297524497267744,0.5654695455407719
2026-09-10 21:16:42+00:00,55501,STARLINK-5367,58.37956202446819,-0.8419457185861372,58.370697820588745,0.57098643871797
2026-09-10 21:17:42+00:00,55501,STARLINK-5367,58.449557914758216,-0.824456500484704,58.440926373328026,0.5737739421902504
2026-09-10 21:18:42+00:00,55501,STARLINK-5367,58.51639566003048,-0.8058943604840447,58.50803161332801,0.5738745984834317
2026-09-10 21:19:42+00:00,55501,STARLINK-5367,58.57998407910323,-0.7861783363513393,58.57192152030354,0.5713735650543121
2026-09-10 21:20:42+00:00,55501,STARLINK-5367,58.640279425545415,-0.7653033521567707,58.63255012451724,0.5663459907132165
2026-09-10 21:21:42+00:00,55501,STARLINK-5367,58.69723033976571,-0.7433293138149075,58.689862878551125,0.5588437953496204
2026-09-10 21:22:42+00:00,55501,STARLINK-5367,58.750826006897384,-0.7202930694558329,58.743845719280245,0.548930320007539
2026-09-10 21:23:42+00:00,55501,STARLINK-5367,58.80106124697484,-0.6962215852733493,58.794489288997745,0.5367574131909336
2026-09-10 21:24:42+00:00,55501,STARLINK-5367,58.84794375480447,-0.6712920813648893,58.841795261733104,0.5224763022459769
2026-09-10 21:25:42+00:00,55501,STARLINK-5367,58.891332641496774,-0.6457411686585033,58.88561617178404,0.5062476704614696
2026-09-10 21:26:42+00:00,55501,STARLINK-5367,58.93101708952187,-0.6196677796728931,58.9257366734312,0.4882054299153058
2026-09-10 21:27:42+00:00,55501,STARLINK-5367,58.96685591821622,-0.593055509016903,58.96201273626654,0.46844010421651205
2026-09-10 21:28:42+00:00,55501,STARLINK-5367,58.9988055292501,-0.5658534240606574,58.99439824375327,0.4470342695931109
2026-09-10 21:29:42+00:00,55501,STARLINK-5367,59.02690596954873,-0.5380162055718198,59.022930601558166,0.4240637972488521
2026-09-10 21:30:42+00:00,55501,STARLINK-5367,59.05127732133507,-0.509553906526496,59.04772681919922,0.3995817598282665
2026-09-10 21:31:42+00:00,55501,STARLINK-5367,59.07206676464923,-0.4805691166805497,59.068930196942006,0.37364496525729685
2026-09-10 21:32:42+00:00,55501,STARLINK-5367,59.08941817437842,-0.45119289003538565,59.08668061378276,0.3463224037998236
2026-09-10 21:33:42+00:00,55501,STARLINK-5367,59.10358482548684,-0.421621683015055,59.10122739794931,0.3176388449422143
2026-09-10 21:34:42+00:00,55501,STARLINK-5367,59.11442161131624,-0.39216549350466606,59.11242103450836,0.2876249383687186
2026-09-10 21:35:42+00:00,55501,STARLINK-5367,59.12190425055231,-0.363186088202486,59.12023290237991,0.2563584310428486
2026-09-10 21:36:42+00:00,55501,STARLINK-5367,59.126459549298104,-0.3349668839215516,59.1250865929309,0.22394508229428256
2026-09-10 21:37:42+00:00,55501,STARLINK-5367,59.12831986703644,-0.30775910687269903,59.127212000749054,0.19051417057430875
2026-09-10 21:38:42+00:00,55501,STARLINK-5367,59.127524296030174,-0.2818177723773383,59.126646294910095,0.15622431758994004
2026-09-10 21:39:42+00:00,55501,STARLINK-5367,59.12412978591773,-0.2573298788643381,59.123445474640256,0.12124142331973431
2026-09-10 21:40:42+00:00,55501,STARLINK-5367,59.11821782122533,-0.2344166812032622,59.11769088905261,0.08573869512953713
2026-09-10 21:41:42+00:00,55501,STARLINK-5367,59.10991656214672,-0.21317033177849076,59.10951111383048,0.04990268076008242
2026-09-10 21:42:42+00:00,55501,STARLINK-5367,59.09938074708766,-0.1936811955737383,59.099061739024215,0.013923028382698988
2026-09-10 21:43:42+00:00,55501,STARLINK-5367,59.08676682730212,-0.1760356131306331,59.086500504929674,-0.021991994601119558
2026-09-10 21:44:42+00:00,55501,STARLINK-5367,59.07221100042035,-0.16028920067937413,59.071965437842245,-0.05761215756874094
2026-09-10 21:45:42+00:00,55501,STARLINK-5367,59.05590806280961,-0.14645628016559442,59.0556537485907,-0.09267150363849908
2026-09-10 21:46:42+00:00,55501,STARLINK-5367,59.03803277189315,-0.1345305584205736,59.03774301092838,-0.1269459710186318
2026-09-10 21:47:42+00:00,55501,STARLINK-5367,59.01879121781698,-0.12450115957899399,59.01844237729985,-0.16023617216583474
2026-09-10 21:48:42+00:00,55501,STARLINK-5367,58.99841429780526,-0.11636791520703049,58.99798587683492,-0.19238149747281597
2026-09-10 21:49:42+00:00,55501,STARLINK-5367,58.97713596433543,-0.11016558903534168,58.97661051612428,-0.22325350630602614
2026-09-10 21:50:42+00:00,55501,STARLINK-5367,58.955160374651186,-0.10594117965994343,58.954523500856496,-0.2527252544833871
2026-09-10 21:51:42+00:00,55501,STARLINK-5367,58.932672494180935,-0.10372518574244083,58.931912950513734,-0.2806499337320858
2026-09-10 21:52:42+00:00,55501,STARLINK-5367,58.90985464334009,-0.103520256108105,58.90896437782834,-0.30687715422425654
2026-09-10 21:53:42+00:00,55501,STARLINK-5367,58.88690370218207,-0.10530494805805724,58.88587773748729,-0.3312726726986064
2026-09-10 21:54:42+00:00,55501,STARLINK-5367,58.86402613496887,-0.10906054772352736,58.862862298044746,-0.35372404025005366
2026-09-10 21:55:42+00:00,55501,STARLINK-5367,58.841397013546334,-0.11476310483084706,58.84009551497496,-0.3741546794724435
2026-09-10 21:56:42+00:00,55501,STARLINK-5367,58.81922638431362,-0.12235470846281782,58.817789682816866,-0.3924775183051743
2026-09-10 21:57:42+00:00,55501,STARLINK-5367,58.79769773906593,-0.13175491640554438,58.79612983806551,-0.40867605986144184
2026-09-10 21:58:42+00:00,55501,STARLINK-5367,58.77701775144971,-0.14289039765765243,58.7753237938656,-0.42274225569165935
2026-09-10 21:59:42+00:00,55501,STARLINK-5367,58.75738079086606,-0.1556886439131473,58.755566621001115,-0.4346832111913592
2026-09-10 22:00:42+00:00,55501,STARLINK-5367,58.738970020360334,-0.17006458863503493,58.73704186010271,-0.4445116567928231
2026-09-10 22:01:42+00:00,55501,STARLINK-5367,58.72196131810745,-0.1859119569295027,58.71992556632919,-0.45223807263247195
2026-09-10 22:02:42+00:00,55501,STARLINK-5367,58.70653508335954,-0.20309301972566196,58.70439822195458,-0.45786910491880306
2026-09-10 22:03:42+00:00,55501,STARLINK-5367,58.69290031419859,-0.22145533662347283,58.69066881614356,-0.4614095145175128
2026-09-10 22:04:42+00:00,55501,STARLINK-5367,58.681287392621186,-0.24087297892623738,58.67896745894494,-0.46286954480684983
2026-09-10 22:05:42+00:00,55501,STARLINK-5367,58.6719137191392,-0.2612600086872021,58.66951092689131,-0.46226645276915335
2026-09-10 22:06:42+00:00,55501,STARLINK-5367,58.664945253590666,-0.28255584691909164,58.66246415337699,-0.4596338259115065
2026-09-10 22:07:42+00:00,55501,STARLINK-5367,58.660554302649295,-0.30469282831697164,58.65799849116635,-0.4549795432379291
2026-09-10 22:08:42+00:00,55501,STARLINK-5367,58.65885475263015,-0.3275834141938905,58.656226445681085,-0.4483627436445019
2026-09-10 22:09:42+00:00,55501,STARLINK-5367,58.65997278609155,-0.35113628449329326,58.65727278408301,-0.4398410035302476
2026-09-10 22:10:42+00:00,55501,STARLINK-5367,58.66402623350286,-0.37527032325711573,58.66125383745394,-0.4294698212792163
2026-09-10 22:11:42+00:00,55501,STARLINK-5367,58.67111378574127,-0.39991706281528394,58.6682667159704,-0.41730054640423475
2026-09-10 22:12:42+00:00,55501,STARLINK-5367,58.68129927916917,-0.4249991682533345,58.67837369971301,-0.4033866076509902
2026-09-10 22:13:42+00:00,55501,STARLINK-5367,58.694625357730125,-0.4503920487381716,58.691616219321595,-0.38778660445453284
2026-09-10 22:14:42+00:00,55501,STARLINK-5367,58.711137383067445,-0.47593115467041436,58.70803882673738,-0.3705664147352721
2026-09-10 22:15:42+00:00,55501,STARLINK-5367,58.73091450920551,-0.5014032302264066,58.72772052062303,-0.35179019303640935
2026-09-10 22:16:42+00:00,55501,STARLINK-5367,58.75413560187441,-0.52663081052272,58.750840155564795,-0.33149860954287824
2026-09-10 22:17:42+00:00,55501,STARLINK-5367,58.78096338016439,-0.5515799775563224,58.777559293912105,-0.3097400187778643
2026-09-10 22:18:42+00:00,55501,STARLINK-5367,58.811519551881524,-0.5762751139198663,58.80799785439677,-0.28657870068040125
2026-09-10 22:19:42+00:00,55501,STARLINK-5367,58.84582349760764,-0.6007673276282488,58.8421730963808,-0.2620820963096553
2026-09-10 22:20:42+00:00,55501,STARLINK-5367,58.88381883347116,-0.6251032145945488,58.880026588031285,-0.23629510550681143
2026-09-10 22:21:42+00:00,55501,STARLINK-5367,58.92539070467425,-0.6492702916956841,58.9214419538795,-0.20927461011760878
2026-09-10 22:22:42+00:00,55501,STARLINK-5367,58.97039335345366,-0.6732140147059744,58.966272348227,-0.1811091001997882
2026-09-10 22:23:42+00:00,55501,STARLINK-5367,59.018648114171114,-0.6968124393715036,59.014338926677716,-0.15191674003500388
2026-09-10 22:24:42+00:00,55501,STARLINK-5367,59.06998931434944,-0.7198646480283362,59.065477142334956,-0.12182952919921419
2026-09-10 22:25:42+00:00,55501,STARLINK-5367,59.12430146326378,-0.7421456586012951,59.11957345738692,-0.0909810801501445
2026-09-10 22:26:42+00:00,55501,STARLINK-5367,59.18151277530613,-0.7634632093248914,59.176558175256325,-0.05950489254297153
2026-09-10 22:27:42+00:00,55501,STARLINK-5367,59.241571951036434,-0.7836947882703775,59.23638165072979,-0.027543379370349896
2026-09-10 22:28:42+00:00,55501,STARLINK-5367,59.30440298456018,-0.8028048219704882,59.298968753586664,0.004747007906516387
2026-09-10 22:29:42+00:00,55501,STARLINK-5367,59.36984378614874,-0.8208121406300446,59.36415782993646,0.03719897703603259
2026-09-10 22:30:42+00:00,55501,STARLINK-5367,59.4376930602271,-0.8377230711526398,59.4317485116587,0.06960764886368054
2026-09-10 22:31:42+00:00,55501,STARLINK-5367,59.5076632732128,-0.8534759941883152,59.50145549119269,0.10179093790767269
2026-09-10 22:32:42+00:00,55501,STARLINK-5367,59.57950029012747,-0.8679576946907783,59.57302795607049,0.13358295838206047
2026-09-10 22:33:42+00:00,55501,STARLINK-5367,59.652973850383034,-0.8810505598816096,59.64623932736066,0.16484298174338718
2026-09-10 22:34:42+00:00,55501,STARLINK-5367,59.72785132784654,-0.8926356382326919,59.72086087346693,0.1954543187136224
2026-09-10 22:35:42+00:00,55501,STARLINK-5367,59.80391839690772,-0.9025676895486345,59.79668276520002,0.22529418059637152
2026-09-10 22:36:42+00:00,55501,STARLINK-5367,59.88103650523885,-0.910729730039801,59.87357083187127,0.2542049202218699
2026-09-10 22:37:42+00:00,55501,STARLINK-5367,59.9590967811061,-0.9171256417750655,59.95141890374239,0.28202622439307135
2026-09-10 22:38:42+00:00,55501,STARLINK-5367,60.037929012452835,-0.9218328679238592,60.03005831809622,0.30861398851655153
2026-09-10 22:39:42+00:00,55501,STARLINK-5367,60.11731099136529,-0.9249164743224867,60.10926860497571,0.3338234906924846
2026-09-10 22:40:42+00:00,55501,STARLINK-5367,60.19697728837839,-0.9264319700995038,60.18878617193228,0.35751589018747865
2026-09-10 22:41:42+00:00,55501,STARLINK-5367,60.27666433622387,-0.9264120558844642,60.26834989771842,0.3795060087746407
2026-09-10 22:42:42+00:00,55501,STARLINK-5367,60.35606641679762,-0.9248437127672737,60.347656990241845,0.3996413441499129
2026-09-10 22:43:42+00:00,55501,STARLINK-5367,60.43493578813388,-0.9217047796904985,60.42646287706957,0.4177417636468874
2026-09-10 22:44:42+00:00,55501,STARLINK-5367,60.513065961838834,-0.9170062649342703,60.50456365052001,0.4336231913796702
2026-09-10 22:45:42+00:00,55501,STARLINK-5367,60.59024300845011,-0.9107994356023116,60.58174690506439,0.4471399578034756
2026-09-10 22:46:42+00:00,55501,STARLINK-5367,60.66623003683919,-0.903112732901453,60.657777114873184,0.4581809213919925
2026-09-10 22:47:42+00:00,55501,STARLINK-5367,60.74080941566427,-0.8939351483969897,60.73243827337679,0.4666366798562258
2026-09-10 22:48:42+00:00,55501,STARLINK-5367,60.81379795979185,-0.8832489856993124,60.80554844992225,0.4724100208521733
2026-09-10 22:49:42+00:00,55501,STARLINK-5367,60.88501933372271,-0.8710391145424996,60.876931739610654,0.4754493658742298
2026-09-10 22:50:42+00:00,55501,STARLINK-5367,60.954315571052696,-0.8572588102966918,60.94643014557397,0.4757589498035877
2026-09-10 22:51:42+00:00,55501,STARLINK-5367,61.02155639749514,-0.8419087605696483,61.01391200826998,0.47336693868866675
2026-09-10 22:52:42+00:00,55501,STARLINK-5367,61.08661763057495,-0.825088393695955,61.07925040449751,0.4682442859745706
2026-09-10 22:53:42+00:00,55501,STARLINK-5367,61.149268322357166,-0.806906398082246,61.142210790253586,0.4604107997916813
2026-09-10 22:54:42+00:00,55501,STARLINK-5367,61.20929319186432,-0.787418497805545,61.20257446118305,0.4499160813599907
2026-09-10 22:55:42+00:00,55501,STARLINK-5367,61.266534657967966,-0.7666513147230898,61.26018004378474,0.4368704163718071
2026-09-10 22:56:42+00:00,55501,STARLINK-5367,61.32089020336579,-0.7446762553474571,61.31492007000248,0.42143732294425007
2026-09-10 22:57:42+00:00,55501,STARLINK-5367,61.37217993733637,-0.7216000425944351,61.36660941546178,0.4037480519793668
2026-09-10 22:58:42+00:00,55501,STARLINK-5367,61.420186168431805,-0.6973386688395173,61.41502731128767,0.3839376245588575
2026-09-10 22:59:42+00:00,55501,STARLINK-5367,61.46494668188232,-0.6717765470859245,61.46020755033328,0.36231857167143744
2026-09-10 23:00:42+00:00,55501,STARLINK-5367,61.50661037984512,-0.6451388759669374,61.502291130356916,0.33926680593550174
2026-09-10 23:01:42+00:00,55501,STARLINK-5367,61.54516952649299,-0.6178500329964738,61.54126185457684,0.31502813825549936
2026-09-10 23:02:42+00:00,55501,STARLINK-5367,61.58047556889265,-0.5902883702255224,61.57696467213127,0.2897459198330772
2026-09-10 23:03:42+00:00,55501,STARLINK-5367,61.61240580117766,-0.5627215344519048,61.60927258838404,0.2634847506903846
2026-09-10 23:04:42+00:00,55501,STARLINK-5367,61.640801109960236,-0.5353239539461994,61.6380235528444,0.23630962952351986
2026-09-10 23:05:42+00:00,55501,STARLINK-5367,61.665511036703,-0.5081479707349974,61.663065428708244,0.20832424828750984
2026-09-10 23:06:42+00:00,55501,STARLINK-5367,61.686453539287285,-0.48113312796868835,61.684315517452,0.179667223642209
2026-09-10 23:07:42+00:00,55501,STARLINK-5367,61.703653878445394,-0.45421116512360005,61.70179862053225,0.15046979681017358
2026-09-10 23:08:42+00:00,55501,STARLINK-5367,61.71720710219569,-0.42735106275758883,61.71560917150643,0.1208641979459538
2026-09-10 23:09:42+00:00,55501,STARLINK-5367,61.72727775814885,-0.4005541003851463,61.72591107669867,0.09098129374489572
2026-09-10 23:10:42+00:00,55501,STARLINK-5367,61.73407861483629,-0.37389929853340353,61.7329162449984,0.06093952212287679
2026-09-10 23:11:42+00:00,55501,STARLINK-5367,61.73783427609411,-0.3475123480130726,61.73684850507362,0.03086959714091364
2026-09-10 23:12:42+00:00,55501,STARLINK-5367,61.73882367003106,-0.3215885003652197,61.737986104229435,0.0008885902558919412
2026-09-10 23:13:42+00:00,55501,STARLINK-5367,61.7372796752043,-0.29643900818966884,61.736561212426786,-0.02890109165110566
2026-09-10 23:14:42+00:00,55501,STARLINK-5367,61.73332770814726,-0.27235570020464195,61.73269930378663,-0.05838631971140096
2026-09-10 23:15:42+00:00,55501,STARLINK-5367,61.72712784274134,-0.24959171947894987,61.726561321003366,-0.08742523726478701
2026-09-10 23:16:42+00:00,55501,STARLINK-5367,61.71877301011885,-0.2283901872064682,61.718241664571444,-0.11586902312467551
2026-09-10 23:17:42+00:00,55501,STARLINK-5367,61.708338560725004,-0.20894425066824063,61.707817807084275,-0.1435677988451154
2026-09-10 23:18:42+00:00,55501,STARLINK-5367,61.69588657377425,-0.19137972546232618,61.69535444336476,-0.17039375661519784
2026-09-10 23:19:42+00:00,55501,STARLINK-5367,61.68149513562402,-0.17575182496583963,61.68093260268423,-0.19623130524323784
2026-09-10 23:20:42+00:00,55501,STARLINK-5367,61.665277502790936,-0.16208374112037838,61.66466859916957,-0.2209635980581588
2026-09-10 23:21:42+00:00,55501,STARLINK-5367,61.647358594255806,-0.1503865302196754,61.646690411400776,-0.2444726185093451
2026-09-10 23:22:42+00:00,55501,STARLINK-5367,61.627865688208885,-0.14064306613954436,61.627128305145646,-0.26665646996806913
2026-09-10 23:23:42+00:00,55501,STARLINK-5367,61.60694085297603,-0.13279980868666108,61.60612717437088,-0.2874370333489402
2026-09-10 23:24:42+00:00,55501,STARLINK-5367,61.58476905969718,-0.12678174173438173,61.58387460932538,-0.3067484785410066
2026-09-10 23:25:42+00:00,55501,STARLINK-5367,61.5615640462345,-0.12253837260056777,61.56058668509799,-0.32452912413127066
2026-09-10 23:26:42+00:00,55501,STARLINK-5367,61.537583304580984,-0.12006020375444848,61.53652326344469,-0.340659893806766
2026-09-10 23:27:42+00:00,55501,STARLINK-5367,61.51301715349588,-0.11934216356291039,61.51187674370835,-0.3550439988316185
2026-09-10 23:28:42+00:00,55501,STARLINK-5367,61.48805211871858,-0.1203534573242635,61.48683560700039,-0.3675805180795457
2026-09-10 23:29:42+00:00,55501,STARLINK-5367,61.4628705558905,-0.12302834554544884,61.461583848245006,-0.3781955334085296
2026-09-10 23:30:42+00:00,55501,STARLINK-5367,61.43767419543344,-0.12728176782833378,61.43632440383074,-0.3868509313410833
2026-09-10 23:31:42+00:00,55501,STARLINK-5367,61.412685763021074,-0.1330331258502695,61.41128070892714,-0.39354352281673854
2026-09-10 23:32:42+00:00,55501,STARLINK-5367,61.38813866436944,-0.14021323658595353,61.3866864262349,-0.39829452826221257
2026-09-10 23:33:42+00:00,55501,STARLINK-5367,61.36427801484943,-0.1487724942438855,61.36278651272221,-0.4011413999667717
2026-09-10 23:34:42+00:00,55501,STARLINK-5367,61.34134453601607,-0.1586959506497143,61.33982112654658,-0.4021308801194472
2026-09-10 23:35:42+00:00,55501,STARLINK-5367,61.31955050303309,-0.16998336442990247,61.31800169041034,-0.4013081667218259
2026-09-10 23:36:42+00:00,55501,STARLINK-5367,61.29907696322295,-0.1826234485174396,61.29750814784818,-0.3987230663854149
2026-09-10 23:37:42+00:00,55501,STARLINK-5367,61.280142507179185,-0.19660419362961967,61.27855805908716,-0.39437886647161235
2026-09-10 23:38:42+00:00,55501,STARLINK-5367,61.262896454285176,-0.21190883572644204,61.26129922219536,-0.3883223177397319
2026-09-10 23:39:42+00:00,55501,STARLINK-5367,61.24748358246485,-0.22848304833556732,61.24587484790904,-0.38059794427509175
2026-09-10 23:40:42+00:00,55501,STARLINK-5367,61.23405405138941,-0.24623893048089585,61.232433481659285,-0.3712571504565112
2026-09-10 23:41:42+00:00,55501,STARLINK-5367,61.22276502388103,-0.2650736907284177,61.22113062764058,-0.36035785159039335
2026-09-10 23:42:42+00:00,55501,STARLINK-5367,61.21378451122154,-0.28487791552761266,61.21213261646871,-0.34796451451081367
2026-09-10 23:43:42+00:00,55501,STARLINK-5367,61.20729095722219,-0.3055520044930802,61.20561621587134,-0.33413759152693245
2026-09-10 23:44:42+00:00,55501,STARLINK-5367,61.203454603386305,-0.32701857880344676,61.20174994842064,-0.31893179345886935
2026-09-10 23:45:42+00:00,55501,STARLINK-5367,61.20241998656154,-0.3492087425758452,61.20067662759569,-0.30240004966547573
2026-09-10 23:46:42+00:00,55501,STARLINK-5367,61.204308538509366,-0.3720474331381265,61.20251604784725,-0.2845940926024717
2026-09-10 23:47:42+00:00,55501,STARLINK-5367,61.20920823336507,-0.395452729852968,61.2073546067526,-0.265578118714064
2026-09-10 23:48:42+00:00,55501,STARLINK-5367,61.21723437237588,-0.4193347041102218,61.215306241336705,-0.24540657630207896
2026-09-10 23:49:42+00:00,55501,STARLINK-5367,61.22844053812368,-0.44359187145922796,61.22642327897546,-0.22416388168922197
2026-09-10 23:50:42+00:00,55501,STARLINK-5367,61.24288480056198,-0.46811685272750125,61.24076282159694,-0.20192656092754468
2026-09-10 23:51:42+00:00,55501,STARLINK-5367,61.260604346107755,-0.4928094586016565,61.25836124587908,-0.17877683644315034
2026-09-10 23:52:42+00:00,55501,STARLINK-5367,61.281604604267756,-0.5175549758110121,61.27922349803997,-0.15481342994750857
2026-09-10 23:53:42+00:00,55501,STARLINK-5367,61.30588129563415,-0.5422068145261711,61.303345379568526,-0.1301479081650161
2026-09-10 23:54:42+00:00,55501,STARLINK-5367,61.33345276800513,-0.566577988871769,61.33074607083971,-0.1049010096247538
2026-09-10 23:55:42+00:00,55501,STARLINK-5367,61.36442817859927,-0.5905052003042721,61.36153580989541,-0.07919814268244074
2026-09-10 23:56:42+00:00,55501,STARLINK-5367,61.398940031691005,-0.6139624516295645,61.39584726721713,-0.05315509123863027
2026-09-10 23:57:42+00:00,55501,STARLINK-5367,61.437041346666504,-0.6369992857233711,61.433733065765665,-0.026887659763858984
2026-09-10 23:58:42+00:00,55501,STARLINK-5367,61.47871939954487,-0.6596739918040564,61.475180105322586,-0.0005006629215476011
2026-09-10 23:59:42+00:00,55501,STARLINK-5367,61.52387409507903,-0.682026393370001,61.520088187983255,0.02594241020255872
2026-09-11 00:00:42+00:00,55501,STARLINK-5367,61.572390977795116,-0.7040510384903609,61.56834332230753,0.05237751556421344
2026-09-11 00:01:42+00:00,55501,STARLINK-5367,61.62406391743204,-0.7257036094500116,61.61974041364306,0.07873580015378145
2026-09-11 00:02:42+00:00,55501,STARLINK-5367,61.67866181928825,-0.7468766139533844,61.67405034615985,0.10494303690331463
2026-09-11 00:03:42+00:00,55501,STARLINK-5367,61.735966417892726,-0.7673891525529939,61.7310580118392,0.13092050513250086
2026-09-11 00:04:42+00:00,55501,STARLINK-5367,61.79581727506265,-0.7870412672913929,61.790606729761095,0.15658449640588046
2026-09-11 00:05:42+00:00,55501,STARLINK-5367,61.85809227644023,-0.8056783786279613,61.85257791888123,0.18184394280012484
2026-09-11 00:06:42+00:00,55501,STARLINK-5367,61.92265466333768,-0.8232103112509677,61.91683784538495,0.20658307465644654
2026-09-11 00:07:42+00:00,55501,STARLINK-5367,61.98932351347234,-0.8395792373120408,61.98320850143691,0.23065174962940915
2026-09-11 00:08:42+00:00,55501,STARLINK-5367,62.057878256380356,-0.8547324977553963,62.05147241768275,0.2538835137663149
2026-09-11 00:09:42+00:00,55501,STARLINK-5367,62.128079493140596,-0.8686145391574875,62.12139347259025,0.27612191507226314
2026-09-11 00:10:42+00:00,55501,STARLINK-5367,62.19967065151949,-0.8811658131613456,62.19271838011758,0.2972481431314655
2026-09-11 00:11:42+00:00,55501,STARLINK-5367,62.27244444482888,-0.8923189264577456,62.2652433807761,0.3171289966283517
2026-09-11 00:12:42+00:00,55501,STARLINK-5367,62.34616719757223,-0.9020020411162797,62.338738202503706,0.335672258542278
2026-09-11 00:13:42+00:00,55501,STARLINK-5367,62.42063434345102,-0.9101574329727686,62.41300145914923,0.3527805922364884
2026-09-11 00:14:42+00:00,55501,STARLINK-5367,62.49563321680507,-0.9167455109222926,62.48782326394631,0.36836472611086535
2026-09-11 00:15:42+00:00,55501,STARLINK-5367,62.57093979144761,-0.9217123151201578,62.56298234082758,0.3823524740511708
2026-09-11 00:16:42+00:00,55501,STARLINK-5367,62.64636224362681,-0.9249910477964747,62.638289622643896,0.39467337253487855
2026-09-11 00:17:42+00:00,55501,STARLINK-5367,62.72175857652611,-0.9265495006942821,62.71360548288527,0.4052064804665534
2026-09-11 00:18:42+00:00,55501,STARLINK-5367,62.79700339805575,-0.9264353803989602,62.78880588990509,0.4137731035102661
2026-09-11 00:19:42+00:00,55501,STARLINK-5367,62.87190560006439,-0.9247755867440519,62.863699680471115,0.420198026060536
2026-09-11 00:20:42+00:00,55501,STARLINK-5367,62.94615267220662,-0.9216523096862703,62.93797420818755,0.42437698136679103
2026-09-11 00:21:42+00:00,55501,STARLINK-5367,63.01939269591269,-0.916996143844429,63.011278634103675,0.42630825605207434
2026-09-11 00:22:42+00:00,55501,STARLINK-5367,63.09140566544128,-0.910676064311227,63.0833946017014,0.4259852969259228
2026-09-11 00:23:42+00:00,55501,STARLINK-5367,63.16197580163469,-0.9026000536909589,63.15410681173924,0.4234301840831769
2026-09-11 00:24:42+00:00,55501,STARLINK-5367,63.23090919851851,-0.8926965642907003,63.223221218776175,0.4186521671843799
2026-09-11 00:25:42+00:00,55501,STARLINK-5367,63.29803056804695,-0.8809024232953249,63.29056169681116,0.41168533636685467
2026-09-11 00:26:42+00:00,55501,STARLINK-5367,63.363187998351464,-0.8671808133511512,63.35597471473733,0.4025651462193238
2026-09-11 00:27:42+00:00,55501,STARLINK-5367,63.42624528295543,-0.851518495292849,63.419321853673864,0.39130878590256657
2026-09-11 00:28:42+00:00,55501,STARLINK-5367,63.48711167295267,-0.8339218857799118,63.48050968967051,0.3779052818235975
2026-09-11 00:29:42+00:00,55501,STARLINK-5367,63.545753388694045,-0.8145017217582655,63.539500128089294,0.3623315532957321
2026-09-11 00:30:42+00:00,55501,STARLINK-5367,63.602047238940095,-0.7935188078324344,63.59616324072187,0.34461855063346647
2026-09-11 00:31:42+00:00,55501,STARLINK-5367,63.65568518605918,-0.7711382196508545,63.65018519122334,0.32484992818472236
2026-09-11 00:32:42+00:00,55501,STARLINK-5367,63.70644033355684,-0.7472653523380401,63.70133605476095,0.30318196623034055
2026-09-11 00:33:42+00:00,55501,STARLINK-5367,63.75437472595314,-0.7218818503436584,63.74967355865083,0.27982933522267217
2026-09-11 00:34:42+00:00,55501,STARLINK-5367,63.79949050213318,-0.6952085063938309,63.795192734684804,0.25506353883111643
2026-09-11 00:35:42+00:00,55501,STARLINK-5367,63.84167951658792,-0.6675310360927345,63.83777842246246,0.2291111065816427
2026-09-11 00:36:42+00:00,55501,STARLINK-5367,63.88076602422853,-0.639064369897314,63.87724947092515,0.20214995065781594
2026-09-11 00:37:42+00:00,55501,STARLINK-5367,63.916673491596185,-0.6099454467983776,63.913525328894266,0.17434682686140945
2026-09-11 00:38:42+00:00,55501,STARLINK-5367,63.949469245943305,-0.580443072619218,63.946668698035595,0.14582558407728996
2026-09-11 00:39:42+00:00,55501,STARLINK-5367,63.97916119494331,-0.5509569542840662,63.976682448035426,0.11669012940811196
2026-09-11 00:40:42+00:00,55501,STARLINK-5367,64.0056520551536,-0.5218172914716952,64.00346570606771,0.08705935862281589
2026-09-11 00:41:42+00:00,55501,STARLINK-5367,64.02883072087647,-0.49321278267542557,64.0269056848992,0.05703552123740474
2026-09-11 00:42:42+00:00,55501,STARLINK-5367,64.0486353198779,-0.4652433233693941,64.04693997618256,0.02673342550830715
2026-09-11 00:43:42+00:00,55501,STARLINK-5367,64.06501689200664,-0.4380021286011784,64.06351949252483,-0.0037066599505608533
2026-09-11 00:44:42+00:00,55501,STARLINK-5367,64.07787299646732,-0.4115313325108869,64.07654239030806,-0.034132342597779086
2026-09-11 00:45:42+00:00,55501,STARLINK-5367,64.08717570440339,-0.3857762457305771,64.08598224856831,-0.06438704442384591
2026-09-11 00:46:42+00:00,55501,STARLINK-5367,64.09295164712869,-0.36066241246661424,64.09186745813656,-0.09433553978140452
2026-09-11 00:47:42+00:00,55501,STARLINK-5367,64.09530715634227,-0.3361503110788462,64.09430604527155,-0.12383460457330031
2026-09-11 00:48:42+00:00,55501,STARLINK-5367,64.0944151360771,-0.31223250910571565,64.09347267981303,-0.1527165285996439
2026-09-11 00:49:42+00:00,55501,STARLINK-5367,64.09048426100095,-0.2889772140002709,64.08957775021187,-0.18080038425605593
2026-09-11 00:50:42+00:00,55501,STARLINK-5367,64.0837192419236,-0.266458017771944,64.08282801163607,-0.20790871440186187
2026-09-11 00:51:42+00:00,55501,STARLINK-5367,64.07440676260752,-0.24480976998400195,64.07351234114705,-0.23385128924300247
2026-09-11 00:52:42+00:00,55501,STARLINK-5367,64.0627812227278,-0.22432800068702363,64.06186720606618,-0.2584279619875076
2026-09-11 00:53:42+00:00,55501,STARLINK-5367,64.04895342234212,-0.20526925676400154,64.04800611213905,-0.2814464229246738
2026-09-11 00:54:42+00:00,55501,STARLINK-5367,64.03303332977363,-0.18780115176166312,64.03204230313439,-0.3027319423250283
2026-09-11 00:55:42+00:00,55501,STARLINK-5367,64.01511967211869,-0.17206933810897418,64.0140777777886,-0.32215685277505557
2026-09-11 00:56:42+00:00,55501,STARLINK-5367,63.995345588303564,-0.15817672363617596,63.99424907871885,-0.3395908440983746
2026-09-11 00:57:42+00:00,55501,STARLINK-5367,63.97380911562543,-0.14617903287456357,63.97265735734267,-0.3549578747645974
2026-09-11 00:58:42+00:00,55501,STARLINK-5367,63.950635776591405,-0.13610150314764624,63.94943096606665,-0.3682006618257745
2026-09-11 00:59:42+00:00,55501,STARLINK-5367,63.9259744760504,-0.1279387489084609,63.92472120443853,-0.3792931900008476
2026-09-11 01:00:42+00:00,55501,STARLINK-5367,63.90000768846461,-0.12168206455287667,63.898712443905595,-0.38823198228419287
2026-09-11 01:01:42+00:00,55501,STARLINK-5367,63.87293538549663,-0.11732711963106013,63.871606109437145,-0.3950216547715115
2026-09-11 01:02:42+00:00,55501,STARLINK-5367,63.844971885326665,-0.11485779066528412,63.843617545835855,-0.3996766031631829
2026-09-11 01:03:42+00:00,55501,STARLINK-5367,63.81634754321873,-0.11426232787920565,63.81497765103752,-0.40222540308714727
2026-09-11 01:04:42+00:00,55501,STARLINK-5367,63.787281994629275,-0.11553042214368414,63.78590617172502,-0.402704402517454
2026-09-11 01:05:42+00:00,55501,STARLINK-5367,63.75799323506265,-0.11862276499696334,63.756620902655015,-0.4011496940713286
2026-09-11 01:06:42+00:00,55501,STARLINK-5367,63.728702360605595,-0.12348466049368506,63.7273422900666,-0.3976188501189384
2026-09-11 01:07:42+00:00,55501,STARLINK-5367,63.69968102373254,-0.1300632073292567,63.698341235266255,-0.3921351335286758
2026-09-11 01:08:42+00:00,55501,STARLINK-5367,63.67116178503718,-0.1382907693928015,63.669849038398986,-0.3847624552420683
2026-09-11 01:09:42+00:00,55501,STARLINK-5367,63.643416333478335,-0.14808384406914232,63.64213596729019,-0.3755573092523612
2026-09-11 01:10:42+00:00,55501,STARLINK-5367,63.61673739213453,-0.1593680845177543,63.61549305736182,-0.36458373824646984
2026-09-11 01:11:42+00:00,55501,STARLINK-5367,63.591406565744215,-0.17208908912123988,63.59019996704703,-0.3519126399481536
2026-09-11 01:12:42+00:00,55501,STARLINK-5367,63.56766882469571,-0.1861986174905912,63.56649955215373,-0.33761600535970615
2026-09-11 01:13:42+00:00,55501,STARLINK-5367,63.54574812600137,-0.2016285213847997,63.54461357849511,-0.3217700923124589
2026-09-11 01:14:42+00:00,55501,STARLINK-5367,63.5258718559016,-0.21830447276492926,63.524767148369705,-0.3044617463814987
2026-09-11 01:15:42+00:00,55501,STARLINK-5367,63.50825584249158,-0.23617530132689168,63.5071737667635,-0.2857648342871961
2026-09-11 01:16:42+00:00,55501,STARLINK-5367,63.49307193379228,-0.25518695010953074,63.492003001068184,-0.2657407055047116
2026-09-11 01:17:42+00:00,55501,STARLINK-5367,63.48046052130639,-0.27524769572894847,63.479393019523265,-0.24447612569784738
2026-09-11 01:18:42+00:00,55501,STARLINK-5367,63.470612048129226,-0.29626569260097035,63.46953217790717,-0.222048465702386
2026-09-11 01:19:42+00:00,55501,STARLINK-5367,63.46365161834085,-0.31816092489441417,63.46254341762216,-0.1985782627326813
2026-09-11 01:20:42+00:00,55501,STARLINK-5367,63.45969505019036,-0.3408441526405568,63.458540652815536,-0.1741819213476532
2026-09-11 01:21:42+00:00,55501,STARLINK-5367,63.458849558151755,-0.3642094454535769,63.45762950459992,-0.1489844988867688
2026-09-11 01:22:42+00:00,55501,STARLINK-5367,63.46122568097011,-0.38815023595931386,63.45991923042565,-0.12310805496808008
2026-09-11 01:23:42+00:00,55501,STARLINK-5367,63.46692725277168,-0.4125794700963805,63.465512597595456,-0.09666340527617301
2026-09-11 01:24:42+00:00,55501,STARLINK-5367,63.47602970042016,-0.43741500549642964,63.474484231983524,-0.0697576179485715
2026-09-11 01:25:42+00:00,55501,STARLINK-5367,63.488592710435256,-0.46255776608765586,63.48689343911182,-0.0424984167294955
2026-09-11 01:26:42+00:00,55501,STARLINK-5367,63.50466752639499,-0.4879080132341258,63.50279142143479,-0.015003144195250506
2026-09-11 01:27:42+00:00,55501,STARLINK-5367,63.524281873407666,-0.5133708877250545,63.52220618823935,0.012603277115220024
2026-09-11 01:28:42+00:00,55501,STARLINK-5367,63.547436775573445,-0.538845905487241,63.54513946835947,0.04019679572974111
2026-09-11 01:29:42+00:00,55501,STARLINK-5367,63.574098508268655,-0.5642294077661199,63.57155864745525,0.06765683717290999
2026-09-11 01:30:42+00:00,55501,STARLINK-5367,63.60425685807384,-0.5894167978938829,63.60145499027402,0.09487584699122009
2026-09-11 01:31:42+00:00,55501,STARLINK-5367,63.63783222194309,-0.6142936020739227,63.63475080534026,0.12175065041382815
2026-09-11 01:32:42+00:00,55501,STARLINK-5367,63.674742956589675,-0.6387284841628205,63.67136688827738,0.14817249967860846
2026-09-11 01:33:42+00:00,55501,STARLINK-5367,63.714913447169764,-0.6625511687735299,63.71123089045507,0.1740113565674628
2026-09-11 01:34:42+00:00,55501,STARLINK-5367,63.75834213032803,-0.6855939097673183,63.75434506228206,0.19909263754191464
2026-09-11 01:35:42+00:00,55501,STARLINK-5367,63.80505536232759,-0.7078063928562255,63.80073877905606,0.22322891070234974
2026-09-11 01:36:42+00:00,55501,STARLINK-5367,63.85499381433849,-0.7291853964669279,63.85035536796677,0.24625813924000184
2026-09-11 01:37:42+00:00,55501,STARLINK-5367,63.90806359336853,-0.7497016377911461,63.90310397596353,0.26803347836181857
2026-09-11 01:38:42+00:00,55501,STARLINK-5367,63.96415819732031,-0.7693623596045089,63.95888067205988,0.28844172487170994
2026-09-11 01:39:42+00:00,55501,STARLINK-5367,64.02311315771581,-0.7882115169153856,64.01752279933896,0.30743397080675194
2026-09-11 01:40:42+00:00,55501,STARLINK-5367,64.08468054380755,-0.8062727426394058,64.07878404632545,0.32502278494034087
2026-09-11 01:41:42+00:00,55501,STARLINK-5367,64.14861057735098,-0.8235110703883439,64.14241688445006,0.34121070175137547
2026-09-11 01:42:42+00:00,55501,STARLINK-5367,64.21460967265656,-0.8398280624500103,64.20813062380569,0.3560140916664061
2026-09-11 01:43:42+00:00,55501,STARLINK-5367,64.28244364992743,-0.8551016032342176,64.27569450754666,0.3694027974673624
2026-09-11 01:44:42+00:00,55501,STARLINK-5367,64.3519071881748,-0.8692408366507767,64.34490648407778,0.38129867380600757
2026-09-11 01:45:42+00:00,55501,STARLINK-5367,64.42277982537327,-0.8821878490609603,64.41554891887499,0.3916152544445275
2026-09-11 01:46:42+00:00,55501,STARLINK-5367,64.49480301189709,-0.8938943691574899,64.48736570442136,0.40029102465274136
2026-09-11 01:47:42+00:00,55501,STARLINK-5367,64.56767905146376,-0.9042816532894538,64.56006175210763,0.4072828849917016
2026-09-11 01:48:42+00:00,55501,STARLINK-5367,64.64110736902332,-0.9132232218619958,64.63333964364712,0.4125430275822808
2026-09-11 01:49:42+00:00,55501,STARLINK-5367,64.71481533718682,-0.9205725295016496,64.70693016400668,0.41600371931061986
2026-09-11 01:50:42+00:00,55501,STARLINK-5367,64.78856156341341,-0.9261842893526477,64.78059516732105,0.4175905722396607
2026-09-11 01:51:42+00:00,55501,STARLINK-5367,64.86211821448768,-0.9299375249628192,64.85410928240765,0.41725849945413884
2026-09-11 01:52:42+00:00,55501,STARLINK-5367,64.93532045961058,-0.9317562870429368,64.92730929031677,0.41494786832144115
2026-09-11 01:53:42+00:00,55501,STARLINK-5367,65.00795594637158,-0.9316175380370854,64.99998293733309,0.4106619468884176
2026-09-11 01:54:42+00:00,55501,STARLINK-5367,65.07980664664665,-0.9295224463667462,65.07191171605365,0.4043844763717459
2026-09-11 01:55:42+00:00,55501,STARLINK-5367,65.15064703659252,-0.925448845138213,65.14286958621216,0.3961007390152318
2026-09-11 01:56:42+00:00,55501,STARLINK-5367,65.22026803190559,-0.9193479282131873,65.2126466492885,0.3858478139606092
2026-09-11 01:57:42+00:00,55501,STARLINK-5367,65.28848671646075,-0.9111953752260904,65.28105813978102,0.37372297784386177
2026-09-11 01:58:42+00:00,55501,STARLINK-5367,65.35512333276644,-0.9010229560348826,65.3479214354759,0.35981597613335126
2026-09-11 01:59:42+00:00,55501,STARLINK-5367,65.4199776256706,-0.8888866929587849,65.41303319610603,0.3441526920613427
2026-09-11 02:00:42+00:00,55501,STARLINK-5367,65.48284304078612,-0.8748345994595503,65.47618379492904,0.3267304401011124
2026-09-11 02:01:42+00:00,55501,STARLINK-5367,65.54350766920761,-0.8589046239694405,65.53715796551622,0.3075812630436907
2026-09-11 02:02:42+00:00,55501,STARLINK-5367,65.60177038338944,-0.8410996224824814,65.59575123559625,0.28679033767403794
2026-09-11 02:03:42+00:00,55501,STARLINK-5367,65.65754202593037,-0.8214666631893266,65.65187043340278,0.26443525441092675
2026-09-11 02:04:42+00:00,55501,STARLINK-5367,65.71069133921563,-0.8001339562910665,65.70537899402412,0.24065157658392877
2026-09-11 02:05:42+00:00,55501,STARLINK-5367,65.76107123875475,-0.777232153511461,65.75612458609454,0.21559236103811585
2026-09-11 02:06:42+00:00,55501,STARLINK-5367,65.80850920873807,-0.7528660088644088,65.80392996430048,0.18941568757015403
2026-09-11 02:07:42+00:00,55501,STARLINK-5367,65.8528341648453,-0.7270594020830483,65.84862066805341,0.1621982838032494
2026-09-11 02:08:42+00:00,55501,STARLINK-5367,65.89399944432104,-0.6997762437283814,65.89014748904724,0.13393971964117668
2026-09-11 02:09:42+00:00,55501,STARLINK-5367,65.93204110028617,-0.6710549404176263,65.92854290586924,0.1046863206112878
2026-09-11 02:10:42+00:00,55501,STARLINK-5367,65.96701953359484,-0.6410168997247059,65.96386278107903,0.0746356411425495
2026-09-11 02:11:42+00:00,55501,STARLINK-5367,65.99902304593802,-0.6099782599273844,65.99618948013081,0.0440867706289918
2026-09-11 02:12:42+00:00,55501,STARLINK-5367,66.02800755860824,-0.5783553367048544,66.0254731975173,0.013278104393618761
2026-09-11 02:13:42+00:00,55501,STARLINK-5367,66.05387529296598,-0.5464502346662261,66.05161256159383,-0.01764575965535986
2026-09-11 02:14:42+00:00,55501,STARLINK-5367,66.07654454092403,-0.5145187268668439,66.0745234662747,-0.048555670463365175
2026-09-11 02:15:42+00:00,55501,STARLINK-5367,66.09596788642376,-0.48277518301422706,66.0941571771654,-0.07928433630768383
2026-09-11 02:16:42+00:00,55501,STARLINK-5367,66.11210933319339,-0.45136271704690856,66.1104776414089,-0.10962758115369109
2026-09-11 02:17:42+00:00,55501,STARLINK-5367,66.12505405206981,-0.4204526421864334,66.1235702831626,-0.1394488167345156
2026-09-11 02:18:42+00:00,55501,STARLINK-5367,66.13489353930035,-0.39034647736398176,66.13352649742208,-0.168659707614494
2026-09-11 02:19:42+00:00,55501,STARLINK-5367,66.14161918482671,-0.3613811092002459,66.14033812096964,-0.19714291354132119
2026-09-11 02:20:42+00:00,55501,STARLINK-5367,66.14517684959318,-0.3337683126384272,66.14395287309812,-0.22476098151966362
2026-09-11 02:21:42+00:00,55501,STARLINK-5367,66.14555813083456,-0.3076079264383207,66.14436521115252,-0.2513734609743956
2026-09-11 02:22:42+00:00,55501,STARLINK-5367,66.14278110105865,-0.28298205796949816,66.14159627230732,-0.2768672760186224
2026-09-11 02:23:42+00:00,55501,STARLINK-5367,66.13683864776151,-0.25993362921986574,66.13564198662266,-0.3011973534326966
2026-09-11 02:24:42+00:00,55501,STARLINK-5367,66.127752104071,-0.2384327143808722,66.12652679841477,-0.3243482028831579
2026-09-11 02:25:42+00:00,55501,STARLINK-5367,66.1155812798448,-0.2184464799632586,66.1143136201999,-0.34627104557726796
2026-09-11 02:26:42+00:00,55501,STARLINK-5367,66.10045734389668,-0.19993616483059284,66.09913703554308,-0.3668375100708019
2026-09-11 02:27:42+00:00,55501,STARLINK-5367,66.08252398437097,-0.1828428794707886,66.08114420276667,-0.38590864145494663
2026-09-11 02:28:42+00:00,55501,STARLINK-5367,66.06202019570058,-0.16714154510312973,66.06057753039163,-0.40332665690706904
2026-09-11 02:29:42+00:00,55501,STARLINK-5367,66.03919766659791,-0.15289946931808807,66.03769184638409,-0.418934126433129
2026-09-11 02:30:42+00:00,55501,STARLINK-5367,66.01423538031156,-0.14019843405888288,66.01266908492249,-0.43259395602090933
2026-09-11 02:31:42+00:00,55501,STARLINK-5367,65.98730041102363,-0.1290430350761529,65.98567926760967,-0.4441790426443326
2026-09-11 02:32:42+00:00,55501,STARLINK-5367,65.95860138508463,-0.11941510449392467,65.95693395634649,-0.4535413845032217
2026-09-11 02:33:42+00:00,55501,STARLINK-5367,65.92837097678941,-0.11133119464541785,65.92666847806092,-0.46053056588945296
2026-09-11 02:34:42+00:00,55501,STARLINK-5367,65.89684305574733,-0.10486955102161133,65.89511851704117,-0.4650620562463139
2026-09-11 02:35:42+00:00,55501,STARLINK-5367,65.86420002286707,-0.10014505588126354,65.86246746011398,-0.46711421028868827
2026-09-11 02:36:42+00:00,55501,STARLINK-5367,65.83057634718682,-0.09720780251810357,65.82885048137594,-0.4666659903749455
2026-09-11 02:37:42+00:00,55501,STARLINK-5367,65.79617485347042,-0.09603139495686808,65.79447109111969,-0.4636562945214493
2026-09-11 02:38:42+00:00,55501,STARLINK-5367,65.76118834645207,-0.09654651995863217,65.75952178915499,-0.4581108694168563
2026-09-11 02:39:42+00:00,55501,STARLINK-5367,65.72586795291137,-0.098696261950316,65.7242528376214,-0.45007349159364907
2026-09-11 02:40:42+00:00,55501,STARLINK-5367,65.69047460591163,-0.10247674293537917,65.6889237665051,-0.4395985274762637
2026-09-11 02:41:42+00:00,55501,STARLINK-5367,65.65523661041443,-0.10789552396525792,65.65376104562054,-0.4267475717239648
2026-09-11 02:42:42+00:00,55501,STARLINK-5367,65.62035751006908,-0.1149172799559457,65.61896610707399,-0.4115832925708389
2026-09-11 02:43:42+00:00,55501,STARLINK-5367,65.58603407892657,-0.1234706013089486,65.58473340306476,-0.39416451090192695
2026-09-11 02:44:42+00:00,55501,STARLINK-5367,65.5524488635981,-0.13344316462743588,65.55124297404112,-0.37455239244087224
2026-09-11 02:45:42+00:00,55501,STARLINK-5367,65.51979989976968,-0.14467150941542606,65.51869014940587,-0.3528316402608844
2026-09-11 02:46:42+00:00,55501,STARLINK-5367,65.48833403902032,-0.15697672938091145,65.48731874559522,-0.3291459031437789
2026-09-11 02:47:42+00:00,55501,STARLINK-5367,65.45831344780943,-0.17021953430353953,65.45738759008458,-0.30370153646576625
2026-09-11 02:48:42+00:00,55501,STARLINK-5367,65.43006127627416,-0.184297414730203,65.42921683440828,-0.27665414491593054
2026-09-11 02:49:42+00:00,55501,STARLINK-5367,65.40388850584101,-0.19920986972984522,65.40311432784051,-0.24815989142062378
2026-09-11 02:50:42+00:00,55501,STARLINK-5367,65.38003495862593,-0.21506151424010334,65.3793165755867,-0.21836631025801978
2026-09-11 02:51:42+00:00,55501,STARLINK-5367,65.35864305228453,-0.23190018863742168,65.35796287394871,-0.18743773898148675
2026-09-11 02:52:42+00:00,55501,STARLINK-5367,65.33984999500265,-0.24971238365097292,65.33918767085632,-0.15554937323847895
2026-09-11 02:53:42+00:00,55501,STARLINK-5367,65.32378741203887,-0.26846302676365497,65.32312018522222,-0.12287686324704339
2026-09-11 02:54:42+00:00,55501,STARLINK-5367,65.31057729676616,-0.28809290583749103,65.30988044138829,-0.0895882025650252
2026-09-11 02:55:42+00:00,55501,STARLINK-5367,65.30033993739656,-0.3085291139655091,65.29958718212256,-0.05585310874820948
2026-09-11 02:56:42+00:00,55501,STARLINK-5367,65.29319756316872,-0.3296990911100366,65.29236149401454,-0.02184186871857463
2026-09-11 02:57:42+00:00,55501,STARLINK-5367,65.28925897123375,-0.3515418477146923,65.28831139295691,0.012280001040895883
2026-09-11 02:58:42+00:00,55501,STARLINK-5367,65.28860613969523,-0.37399647244349055,65.28751848378715,0.04635225991805747
2026-09-11 02:59:42+00:00,55501,STARLINK-5367,65.2912841590272,-0.3969918552710272,65.29002795425843,0.0802142994573174
2026-09-11 03:00:42+00:00,55501,STARLINK-5367,65.29736849526762,-0.4204487867502875,65.2959158057171,0.11372913958609132
2026-09-11 03:01:42+00:00,55501,STARLINK-5367,65.30687914105913,-0.4442749050201238,65.30520303995927,0.14676124613973585
2026-09-11 03:02:42+00:00,55501,STARLINK-5367,65.31985153594388,-0.4683687371103429,65.31792652599991,0.17919193040940895
2026-09-11 03:03:42+00:00,55501,STARLINK-5367,65.33631886111746,-0.49263869448034137,65.3341211743261,0.2109023868672919
2026-09-11 03:04:42+00:00,55501,STARLINK-5367,65.35629682292192,-0.5170008264132484,65.35380476450312,0.24175887692027476
2026-09-11 03:05:42+00:00,55501,STARLINK-5367,65.37978262715998,-0.5413796130621042,65.37697688431187,0.2716209811532808
2026-09-11 03:06:42+00:00,55501,STARLINK-5367,65.40674088260091,-0.565701765236537,65.40360480465883,0.3003547111555305
2026-09-11 03:07:42+00:00,55501,STARLINK-5367,65.43711074918029,-0.5898822673600304,65.43363068197027,0.3278382019524111
2026-09-11 03:08:42+00:00,55501,STARLINK-5367,65.4708181983662,-0.613827112173702,65.46698377088883,0.35396014190371616
2026-09-11 03:09:42+00:00,55501,STARLINK-5367,65.50777951357075,-0.6374480121695711,65.50358371977049,0.3786247448341662
2026-09-11 03:10:42+00:00,55501,STARLINK-5367,65.54786620844965,-0.6606631293305227,65.54330541846892,0.4017505838943318
2026-09-11 03:11:42+00:00,55501,STARLINK-5367,65.59096052916883,-0.6833646703121925,65.58603505427196,0.4232277473918131
2026-09-11 03:12:42+00:00,55501,STARLINK-5367,65.63688435261898,-0.7054138985283505,65.63159886151847,0.44295556387466917
2026-09-11 03:13:42+00:00,55501,STARLINK-5367,65.68546180451776,-0.7266236220385629,65.67982614108718,0.46081304367084286
2026-09-11 03:14:42+00:00,55501,STARLINK-5367,65.73655825335643,-0.746766166889385,65.73058856891973,0.4766106086839308
2026-09-11 03:15:42+00:00,55501,STARLINK-5367,65.7901111194962,-0.7656855689880384,65.7838294907735,0.4901267733361081
2026-09-11 03:16:42+00:00,55501,STARLINK-5367,65.8460597410318,-0.7833373687276239,65.83949224015848,0.5012260412167215
2026-09-11 03:17:42+00:00,55501,STARLINK-5367,65.90430922631968,-0.7997147581972559,65.89748458342669,0.5098592756138594
2026-09-11 03:18:42+00:00,55501,STARLINK-5367,65.96474138303815,-0.8148546574300752,65.9576898380956,0.5160124416626353
2026-09-11 03:19:42+00:00,55501,STARLINK-5367,66.02716374514281,-0.8288457103065792,66.01991566847015,0.5197135215651834
2026-09-11 03:20:42+00:00,55501,STARLINK-5367,66.09129664148603,-0.8417253796524342,66.08388250672061,0.5210210898761289
2026-09-11 03:21:42+00:00,55501,STARLINK-5367,66.15682458974013,-0.8534582798202486,66.14927535096565,0.5200185615695503
2026-09-11 03:22:42+00:00,55501,STARLINK-5367,66.22347224560332,-0.8639751420507977,66.21581982670342,0.5167474195982855
2026-09-11 03:23:42+00:00,55501,STARLINK-5367,66.2909173355839,-0.8731811515625969,66.28319458942855,0.5112640117634193
2026-09-11 03:24:42+00:00,55501,STARLINK-5367,66.3588543915496,-0.8809610825363796,66.35109543985197,0.5035848107235594
2026-09-11 03:25:42+00:00,55501,STARLINK-5367,66.42700949338678,-0.887196948309771,66.41924953189721,0.4937240413212507
2026-09-11 03:26:42+00:00,55501,STARLINK-5367,66.49511503947991,-0.8918245224736965,66.48738920262441,0.4817158431308144
2026-09-11 03:27:42+00:00,55501,STARLINK-5367,66.56285917999946,-0.8947747069187066,66.55520225043962,0.467604366287965
2026-09-11 03:28:42+00:00,55501,STARLINK-5367,66.62996241589371,-0.8959130956516552,66.6224092933851,0.45145455266658985
2026-09-11 03:29:42+00:00,55501,STARLINK-5367,66.69622645816371,-0.8951356930250594,66.68881129202427,0.4333639423228064
2026-09-11 03:30:42+00:00,55501,STARLINK-5367,66.76145686400417,-0.8924128907025803,66.75421178932756,0.4134370839692991
2026-09-11 03:31:42+00:00,55501,STARLINK-5367,66.82543401910553,-0.8877416095518527,66.81838866967769,0.39176812578835296
2026-09-11 03:32:42+00:00,55501,STARLINK-5367,66.8879152427927,-0.881097828741888,66.88109679008525,0.3684620719361007
2026-09-11 03:33:42+00:00,55501,STARLINK-5367,66.94876016514002,-0.8724190225580184,66.94219391803254,0.3435784321574076
2026-09-11 03:34:42+00:00,55501,STARLINK-5367,67.00786295794771,-0.8617069765816314,67.00157127712117,0.3171839757371231
2026-09-11 03:35:42+00:00,55501,STARLINK-5367,67.06511875557325,-0.849061785785743,67.05911975542644,0.28931887328153394
2026-09-11 03:36:42+00:00,55501,STARLINK-5367,67.12037843927706,-0.8346045576751315,67.11468548733177,0.2600557644310584
2026-09-11 03:37:42+00:00,55501,STARLINK-5367,67.17347909019273,-0.8184432680898013,67.16810085123547,0.22950323688270657
2026-09-11 03:38:42+00:00,55501,STARLINK-5367,67.22426924485923,-0.8006676215868538,67.2192099793981,0.19777919671766497
2026-09-11 03:39:42+00:00,55501,STARLINK-5367,67.2726354956041,-0.7813579866336973,67.26789530892343,0.16500584491243586
2026-09-11 03:40:42+00:00,55501,STARLINK-5367,67.31847450259683,-0.7606017944823513,67.31404943488687,0.13131239323142196
2026-09-11 03:41:42+00:00,55501,STARLINK-5367,67.36166264259366,-0.7384550392555589,67.35754525783915,0.09682441709730583
2026-09-11 03:42:42+00:00,55501,STARLINK-5367,67.40212097724692,-0.7149330738222748,67.3983010276948,0.06165639965894343
2026-09-11 03:43:42+00:00,55501,STARLINK-5367,67.43983215444803,-0.6901339212403439,67.4362958974488,0.025919540986233613
2026-09-11 03:44:42+00:00,55501,STARLINK-5367,67.47467422170186,-0.6641965326983694,67.47140430492018,-0.010267071166575548
2026-09-11 03:45:42+00:00,55501,STARLINK-5367,67.50653337147055,-0.6371008252666961,67.50351075555939,-0.04675517072787905
2026-09-11 03:46:42+00:00,55501,STARLINK-5367,67.5353910596134,-0.608805154730403,67.53259562151162,-0.08324950374483286
2026-09-11 03:47:42+00:00,55501,STARLINK-5367,67.56130960101001,-0.579433269423614,67.55871932833227,-0.11939348991626009
2026-09-11 03:48:42+00:00,55501,STARLINK-5367,67.58432461240508,-0.5491843571105681,67.58191575230117,-0.15489708105118627
2026-09-11 03:49:42+00:00,55501,STARLINK-5367,67.60452153067068,-0.5182876528922153,67.60226901274979,-0.1895616722513429
2026-09-11 03:50:42+00:00,55501,STARLINK-5367,67.6219829199669,-0.48711967261355493,67.61985981251281,-0.22326528830740466
2026-09-11 03:51:42+00:00,55501,STARLINK-5367,67.6366558527691,-0.45606398168511375,67.63463409238167,-0.2559136185825528
2026-09-11 03:52:42+00:00,55501,STARLINK-5367,67.64847914767509,-0.42538147353108613,67.64653127163172,-0.2873821698726555
2026-09-11 03:53:42+00:00,55501,STARLINK-5367,67.65743029746758,-0.3953080319834683,67.65553027828483,-0.31753547930898574
2026-09-11 03:54:42+00:00,55501,STARLINK-5367,67.66345378789076,-0.36603649658869575,67.66157796891031,-0.3462117072907134
2026-09-11 03:55:42+00:00,55501,STARLINK-5367,67.66650524714395,-0.33765562255800674,67.66463353878942,-0.37321455444414475
2026-09-11 03:56:42+00:00,55501,STARLINK-5367,67.66671064297711,-0.3102914201955169,67.6648266824676,-0.3983447082176479
2026-09-11 03:57:42+00:00,55501,STARLINK-5367,67.6641225621487,-0.28420930586480253,67.66221338268689,-0.42141111955950983
2026-09-11 03:58:42+00:00,55501,STARLINK-5367,67.65868317495529,-0.2595743781420694,67.65673992312286,-0.4422364594905126
2026-09-11 03:59:42+00:00,55501,STARLINK-5367,67.65038214177497,-0.2364013743580049,67.64840005347972,-0.4607477864874241
2026-09-11 04:00:42+00:00,55501,STARLINK-5367,67.63927299540276,-0.21472887179933053,67.63725032711706,-0.4769811790198055
2026-09-11 04:01:42+00:00,55501,STARLINK-5367,67.62542100035677,-0.19462014808137873,67.62335842154681,-0.49100332429515703
2026-09-11 04:02:42+00:00,55501,STARLINK-5367,67.60892790160314,-0.17620140735468937,67.60682830140273,-0.5028440045061018
2026-09-11 04:03:42+00:00,55501,STARLINK-5367,67.58983626690618,-0.15967911473192586,67.58770453056019,-0.5125089825539106
2026-09-11 04:04:42+00:00,55501,STARLINK-5367,67.5681153549167,-0.14515736498365506,67.5659583490118,-0.5200137828203424
2026-09-11 04:05:42+00:00,55501,STARLINK-5367,67.54377323092915,-0.132601431765762,67.54159988724861,-0.5253606402185866
2026-09-11 04:06:42+00:00,55501,STARLINK-5367,67.51687136580153,-0.12191200070042463,67.51469262867984,-0.5285222276885229
2026-09-11 04:07:42+00:00,55501,STARLINK-5367,67.48757439760335,-0.11294981284373229,67.48540352766469,-0.5293874952143689
2026-09-11 04:08:42+00:00,55501,STARLINK-5367,67.45607027443693,-0.10555717582126078,67.45392241259017,-0.5278500816243081
2026-09-11 04:09:42+00:00,55501,STARLINK-5367,67.42262360822923,-0.09961378674210408,67.42051523728334,-0.523809554787487
2026-09-11 04:10:42+00:00,55501,STARLINK-5367,67.38752561143811,-0.09505855551534736,67.38547358101115,-0.5172254499718747
2026-09-11 04:11:42+00:00,55501,STARLINK-5367,67.3510476705101,-0.091869479450847,67.34906809064225,-0.5081433224029865
2026-09-11 04:12:42+00:00,55501,STARLINK-5367,67.31341734488294,-0.09000807642780728,67.31152495853084,-0.49664972530747065
2026-09-11 04:13:42+00:00,55501,STARLINK-5367,67.27487458462559,-0.0894189701733068,67.27308252231055,-0.48282768279324273
2026-09-11 04:14:42+00:00,55501,STARLINK-5367,67.23565991786818,-0.09008514340996704,67.23397920797565,-0.46678594629664616
2026-09-11 04:15:42+00:00,55501,STARLINK-5367,67.19596167385023,-0.09197609977869492,67.19440092218925,-0.44865396321651474
2026-09-11 04:16:42+00:00,55501,STARLINK-5367,67.15597637007295,-0.09500602085561738,67.15454164488892,-0.4285703427411818
2026-09-11 04:17:42+00:00,55501,STARLINK-5367,67.11594179987252,-0.09910719309231109,67.11463635133666,-0.40670490037810936
2026-09-11 04:18:42+00:00,55501,STARLINK-5367,67.07615231324236,-0.10427712658467492,67.07497674373982,-0.383184364141556
2026-09-11 04:19:42+00:00,55501,STARLINK-5367,67.03682753423179,-0.11054047044947168,67.03577953402937,-0.35817443200198795
2026-09-11 04:20:42+00:00,55501,STARLINK-5367,66.99818308362511,-0.11792360924129497,66.99725759394967,-0.33182136653235617
2026-09-11 04:21:42+00:00,55501,STARLINK-5367,66.96042458523335,-0.1264408303963247,66.95961393820221,-0.304260740236856
2026-09-11 04:22:42+00:00,55501,STARLINK-5367,66.9237538551212,-0.13608552227498727,66.92304782356555,-0.27564614315641833
2026-09-11 04:23:42+00:00,55501,STARLINK-5367,66.88835836069512,-0.14683721754449586,66.88774426453838,-0.2461508115576443
2026-09-11 04:24:42+00:00,55501,STARLINK-5367,66.85442084289096,-0.15865370933683032,66.85388381567863,-0.2159490648983997
2026-09-11 04:25:42+00:00,55501,STARLINK-5367,66.82212683874427,-0.1714785025102472,66.82165017929196,-0.1851963626315829
2026-09-11 04:26:42+00:00,55501,STARLINK-5367,66.79166845246722,-0.1852296231036945,66.79123404038262,-0.1540130314810746
2026-09-11 04:27:42+00:00,55501,STARLINK-5367,66.76325413450188,-0.1998110889607787,66.76284276101191,-0.12249336803588662
2026-09-11 04:28:42+00:00,55501,STARLINK-5367,66.73714553873138,-0.2151389094898306,66.7367371011653,-0.09072484437029615
2026-09-11 04:29:42+00:00,55501,STARLINK-5367,66.71360811807565,-0.23123478235178752,66.71318146129676,-0.05880407886166239
2026-09-11 04:30:42+00:00,55501,STARLINK-5367,66.69285131576005,-0.24817100046711005,66.69238418535997,-0.026822620167873623
2026-09-11 04:31:42+00:00,55501,STARLINK-5367,66.67498730185983,-0.265961509965674,66.67445665601356,0.005079739608033762
2026-09-11 04:32:42+00:00,55501,STARLINK-5367,66.66012974030883,-0.2845966491548424,66.65951207587469,0.036763411304399085
2026-09-11 04:33:42+00:00,55501,STARLINK-5367,66.64836347107126,-0.3040483581389264,66.647635146004,0.06809855410085497
2026-09-11 04:34:42+00:00,55501,STARLINK-5367,66.63976818600436,-0.32426602984449104,66.63890575521461,0.09897057094723927
2026-09-11 04:35:42+00:00,55501,STARLINK-5367,66.63443522107846,-0.3452018112870068,66.6334156427664,0.1292776853267874
2026-09-11 04:36:42+00:00,55501,STARLINK-5367,66.63244781613855,-0.36682403106121697,66.63124856977204,0.15892178552502045
2026-09-11 04:37:42+00:00,55501,STARLINK-5367,66.6338633643962,-0.38909810893187413,66.63246266395063,0.18780006355805656
2026-09-11 04:38:42+00:00,55501,STARLINK-5367,66.63871827498447,-0.41197090816913495,66.63709537742893,0.21580769914327735
2026-09-11 04:39:42+00:00,55501,STARLINK-5367,66.64703361245797,-0.43536710944344303,66.64516913525975,0.2428492387043777
2026-09-11 04:40:42+00:00,55501,STARLINK-5367,66.6588119463765,-0.45919198256910754,66.65668816651062,0.26884102755065076
2026-09-11 04:41:42+00:00,55501,STARLINK-5367,66.67410621371648,-0.4833490413925441,66.67170731398056,0.2936953200888297
2026-09-11 04:42:42+00:00,55501,STARLINK-5367,66.69291551119404,-0.5077602674811921,66.6902276493259,0.31732471558239794
2026-09-11 04:43:42+00:00,55501,STARLINK-5367,66.71522515938199,-0.5323511258651425,66.71223667685533,0.33962908748175025
2026-09-11 04:44:42+00:00,55501,STARLINK-5367,66.74099531349496,-0.5570398223731416,66.73769699869264,0.3605015713411426
2026-09-11 04:45:42+00:00,55501,STARLINK-5367,66.7701656892087,-0.5817391548102666,66.76655095442858,0.379841242936898
2026-09-11 04:46:42+00:00,55501,STARLINK-5367,66.8026544804646,-0.6063526349246384,66.79871951148088,0.39755973760285457
2026-09-11 04:47:42+00:00,55501,STARLINK-5367,66.83836974641524,-0.6307749718561482,66.83411363806256,0.41357890170609224
2026-09-11 04:48:42+00:00,55501,STARLINK-5367,66.87720132494458,-0.6549031548248454,66.872626154829,0.42782013913397776
2026-09-11 04:49:42+00:00,55501,STARLINK-5367,66.91901386989315,-0.6786183223697471,66.914124887346,0.4402102363168865
2026-09-11 04:50:42+00:00,55501,STARLINK-5367,66.9636574571652,-0.7017923149028871,66.95846305197067,0.45070312310702576
2026-09-11 04:51:42+00:00,55501,STARLINK-5367,67.01094712440799,-0.724296790211719,67.00545856467446,0.4592942494585941
2026-09-11 04:52:42+00:00,55501,STARLINK-5367,67.06071211518015,-0.7460001004712851,67.05494369766149,0.4659602436001613
2026-09-11 04:53:42+00:00,55501,STARLINK-5367,67.11271076377406,-0.7667469934672511,67.1066799291389,0.4706952284745647
2026-09-11 04:54:42+00:00,55501,STARLINK-5367,67.16666981020599,-0.7863468258068895,67.16039776165374,0.47346019815224594
2026-09-11 04:55:42+00:00,55501,STARLINK-5367,67.22235858439788,-0.8044308346061264,67.21587256681741,0.4741938032796966
2026-09-11 04:56:42+00:00,55501,STARLINK-5367,67.2798281108359,-0.8206463250620075,67.2731613942143,0.4728279399356268
2026-09-11 04:57:42+00:00,55501,STARLINK-5367,67.3391724561643,-0.8349855479930284,67.33235990529334,0.4693141801906222
2026-09-11 04:58:42+00:00,55501,STARLINK-5367,67.40030451941465,-0.8475885084633576,67.3933800413465,0.4636481778109882
2026-09-11 04:59:42+00:00,55501,STARLINK-5367,67.46304475452351,-0.8586023148450419,67.45604056000025,0.4558525895333574
2026-09-11 05:00:42+00:00,55501,STARLINK-5367,67.52713282108347,-0.8681577121959485,67.52007912665223,0.4459640721201694
2026-09-11 05:01:42+00:00,55501,STARLINK-5367,67.59226209901458,-0.8763077886177236,67.58518746165555,0.4340692276199505
2026-09-11 05:02:42+00:00,55501,STARLINK-5367,67.65812660993988,-0.8830492276925861,67.65105798791899,0.4203255206984835
2026-09-11 05:03:42+00:00,55501,STARLINK-5367,67.72448038291341,-0.8883866235852627,67.71744302825172,0.4048728913391031
2026-09-11 05:04:42+00:00,55501,STARLINK-5367,67.79099703270303,-0.8923556610106047,67.78401382373679,0.38787885437800185
2026-09-11 05:05:42+00:00,55501,STARLINK-5367,67.85730096806356,-0.8949341879294082,67.85039342618181,0.3694582276516556
2026-09-11 05:06:42+00:00,55501,STARLINK-5367,67.92306285551945,-0.8959973947747333,67.91625265690558,0.34968755592094425
2026-09-11 05:07:42+00:00,55501,STARLINK-5367,67.98804547155657,-0.8954285331305023,67.9813543668248,0.328623244295013
2026-09-11 05:08:42+00:00,55501,STARLINK-5367,68.05201401968183,-0.8931469751616845,68.04546326006692,0.30631738216109383
2026-09-11 05:09:42+00:00,55501,STARLINK-5367,68.11473220529327,-0.8890368875389623,68.10834282051303,0.28283397052202375
2026-09-11 05:10:42+00:00,55501,STARLINK-5367,68.17604283799844,-0.8829829768650352,68.16983548085219,0.25824140781513805
2026-09-11 05:11:42+00:00,55501,STARLINK-5367,68.23584571711372,-0.8749662706809129,68.22983936125563,0.23258437645241514
2026-09-11 05:12:42+00:00,55501,STARLINK-5367,68.29401839499604,-0.8650321458867491,68.28822938637617,0.20590093810248788
2026-09-11 05:13:42+00:00,55501,STARLINK-5367,68.35040626696545,-0.8532120611307263,68.34484828607994,0.1782660671238787
2026-09-11 05:14:42+00:00,55501,STARLINK-5367,68.40484541055734,-0.8395042626102729,68.39952976379324,0.14978760719069584
2026-09-11 05:15:42+00:00,55501,STARLINK-5367,68.4572545499909,-0.8239038869173729,68.45219026172632,0.12054575808569368
2026-09-11 05:16:42+00:00,55501,STARLINK-5367,68.50752839484969,-0.8064531707525493,68.50272154689243,0.09066820521887564
2026-09-11 05:17:42+00:00,55501,STARLINK-5367,68.55555492447905,-0.7872118690741345,68.55100856213295,0.06027927360626606
2026-09-11 05:18:42+00:00,55501,STARLINK-5367,68.60124188889509,-0.7662209800785877,68.59695638103324,0.02948503015756465
2026-09-11 05:19:42+00:00,55501,STARLINK-5367,68.64452537979989,-0.7435697346776706,68.64049800308952,-0.0015986006913220052
2026-09-11 05:20:42+00:00,55501,STARLINK-5367,68.68529988326176,-0.719403118908172,68.68152445232016,-0.032834607500031865
2026-09-11 05:21:42+00:00,55501,STARLINK-5367,68.72343244172257,-0.6938388635169357,68.71989995247449,-0.06406813073345852
2026-09-11 05:22:42+00:00,55501,STARLINK-5367,68.758829952135,-0.6669735482835266,68.75552914748191,-0.09515420260546303
2026-09-11 05:23:42+00:00,55501,STARLINK-5367,68.79140382818116,-0.6389159235879838,68.78832141437042,-0.12595272030512916
2026-09-11 05:24:42+00:00,55501,STARLINK-5367,68.82108709094423,-0.6097715268911659,68.81820829380193,-0.15625074468008093
2026-09-11 05:25:42+00:00,55501,STARLINK-5367,68.84784936645678,-0.5797113615062546,68.84515800540454,-0.1857857221300646
2026-09-11 05:26:42+00:00,55501,STARLINK-5367,68.87168699660685,-0.5489715792230272,68.8691655997665,-0.2143118189212494
2026-09-11 05:27:42+00:00,55501,STARLINK-5367,68.89253044044955,-0.5177345973484568,68.89016130523372,-0.24161273529360816
2026-09-11 05:28:42+00:00,55501,STARLINK-5367,68.91041492469004,-0.486152249112056,68.90818078208414,-0.2675114712265483
2026-09-11 05:29:42+00:00,55501,STARLINK-5367,68.92542174919198,-0.4545367181227302,68.92330490258743,-0.291892070521925
2026-09-11 05:30:42+00:00,55501,STARLINK-5367,68.93749543068436,-0.42326835396380247,68.93547776318015,-0.314683520786323
2026-09-11 05:31:42+00:00,55501,STARLINK-5367,68.94653291475686,-0.3925815675938935,68.9445975124083,-0.3357894138583539
2026-09-11 05:32:42+00:00,55501,STARLINK-5367,68.95248020840693,-0.3626487087382113,68.95061216857508,-0.35509770985850864
2026-09-11 05:33:42+00:00,55501,STARLINK-5367,68.95527075174729,-0.3335963344552848,68.95345732974312,-0.37255899896425504
2026-09-11 05:34:42+00:00,55501,STARLINK-5367,68.95489006505476,-0.30548702268784567,68.95312029548046,-0.3882564613230528
2026-09-11 05:35:42+00:00,55501,STARLINK-5367,68.9513498511129,-0.2784049599249858,68.94961379834669,-0.40236056925906283
2026-09-11 05:36:42+00:00,55501,STARLINK-5367,68.94465863561248,-0.25242203059234214,68.94294736836429,-0.4150248939057235
2026-09-11 05:37:42+00:00,55501,STARLINK-5367,68.9349474305886,-0.22768549118972636,68.93325315892392,-0.42631620051330543
2026-09-11 05:38:42+00:00,55501,STARLINK-5367,68.92228036996205,-0.20445406692102708,68.92059649424314,-0.43624397748887134
2026-09-11 05:39:42+00:00,55501,STARLINK-5367,68.90668182656407,-0.18295164557863153,68.90500386909055,-0.4447143390184749
2026-09-11 05:40:42+00:00,55501,STARLINK-5367,68.88816051492351,-0.16332890527187693,68.88648655366856,-0.4516116581850902
2026-09-11 05:41:42+00:00,55501,STARLINK-5367,68.86669751412556,-0.145688299685089,68.86502788986725,-0.45687541979049584
2026-09-11 05:42:42+00:00,55501,STARLINK-5367,68.84227275911047,-0.13007010317860868,68.84060989172443,-0.46046730984239304
2026-09-11 05:43:42+00:00,55501,STARLINK-5367,68.81490865243018,-0.11645617691209864,68.8132571088114,-0.46231685864340477
2026-09-11 05:44:42+00:00,55501,STARLINK-5367,68.78467128082872,-0.10479279649459983,68.78303747505687,-0.462360666997057
2026-09-11 05:45:42+00:00,55501,STARLINK-5367,68.75166084444926,-0.09497834240989445,68.75005238274906,-0.46059239454375245
2026-09-11 05:46:42+00:00,55501,STARLINK-5367,68.7160380986816,-0.0868547980346337,68.71446324044695,-0.4570446376283499
2026-09-11 05:47:42+00:00,55501,STARLINK-5367,68.6780119553932,-0.08023693119452613,68.67647899020344,-0.4517982825883564
2026-09-11 05:48:42+00:00,55501,STARLINK-5367,68.63791231523365,-0.07491918720249957,68.6364292487455,-0.4449427952495597
2026-09-11 05:49:42+00:00,55501,STARLINK-5367,68.59612692583146,-0.07075501106071558,68.59470079118601,-0.4366306458027083
2026-09-11 05:50:42+00:00,55501,STARLINK-5367,68.5530813266128,-0.06772690944917814,68.55171805089361,-0.4269949762152194
2026-09-11 05:51:42+00:00,55501,STARLINK-5367,68.50916572347684,-0.06592119787592043,68.50786997345612,-0.4161660996659293
2026-09-11 05:52:42+00:00,55501,STARLINK-5367,68.4646891727107,-0.06552141634207498,68.46346440457663,-0.4042427280235614
2026-09-11 05:53:42+00:00,55501,STARLINK-5367,68.41983457398881,-0.06667863471146518,68.41868334550759,-0.39126251907190834
2026-09-11 05:54:42+00:00,55501,STARLINK-5367,68.37479288536912,-0.06939131062781989,68.37371674205193,-0.37728747763787496
2026-09-11 05:55:42+00:00,55501,STARLINK-5367,68.32986265397031,-0.073643512661139,68.32886173867652,-0.36243680871964656
2026-09-11 05:56:42+00:00,55501,STARLINK-5367,68.2853417320956,-0.07947807920969119,68.28441472830467,-0.3468197181411625
2026-09-11 05:57:42+00:00,55501,STARLINK-5367,68.24147866337881,-0.08691080885287406,68.24062287300153,-0.33052470478425633
2026-09-11 05:58:42+00:00,55501,STARLINK-5367,68.1985282247459,-0.09593117018571995,68.19773964025391,-0.3136195022471817
2026-09-11 05:59:42+00:00,55501,STARLINK-5367,68.1567296206815,-0.10653705494089749,68.15600294311169,-0.29615074060059143
2026-09-11 06:00:42+00:00,55501,STARLINK-5367,68.11635318433319,-0.11868500883959854,68.11568203097764,-0.2781123086937036
2026-09-11 06:01:42+00:00,55501,STARLINK-5367,68.07767054843492,-0.132280373135659,68.07704737814568,-0.2595177794192942
2026-09-11 06:02:42+00:00,55501,STARLINK-5367,68.04101644116913,-0.1472851387035039,68.0404324102976,-0.24038064624958366
2026-09-11 06:03:42+00:00,55501,STARLINK-5367,68.00666057981364,-0.16374100798496016,68.00610513474075,-0.22076345456339652
2026-09-11 06:04:42+00:00,55501,STARLINK-5367,67.97478253441028,-0.1816391477853223,67.97424338600442,-0.20075836370713063
2026-09-11 06:05:42+00:00,55501,STARLINK-5367,67.94555732700559,-0.20087960391162696,67.94502075463147,-0.18045086542750788
2026-09-11 06:06:42+00:00,55501,STARLINK-5367,67.91919655443691,-0.22131245007375533,67.91864772296907,-0.159915236617735
2026-09-11 06:07:42+00:00,55501,STARLINK-5367,67.89596570995387,-0.24280014943673756,67.89538885080023,-0.13921412750276652
2026-09-11 06:08:42+00:00,55501,STARLINK-5367,67.87613649036756,-0.2652541168082694,67.87551493400892,-0.11839575861365681
2026-09-11 06:09:42+00:00,55501,STARLINK-5367,67.85994491557457,-0.2886128380196844,67.85926110808168,-0.09751122877054375
2026-09-11 06:10:42+00:00,55501,STARLINK-5367,67.84756806434685,-0.31286833385934676,67.84680341697886,-0.07662734284480255
2026-09-11 06:11:42+00:00,55501,STARLINK-5367,67.83913756557675,-0.33803729674097416,67.83827240454163,-0.055799591984882824
2026-09-11 06:12:42+00:00,55501,STARLINK-5367,67.83468538557878,-0.3640698031402815,67.83369932939277,-0.035068909790486213
2026-09-11 06:13:42+00:00,55501,STARLINK-5367,67.83427349159513,-0.39086083220014345,67.83314587221575,-0.01445756119885111
2026-09-11 06:14:42+00:00,55501,STARLINK-5367,67.83798431921542,-0.4183101432989247,67.8366943249931,0.006014613688716253
2026-09-11 06:15:42+00:00,55501,STARLINK-5367,67.84588608180192,-0.4463482485687482,67.84441273102078,0.02631822083272084
2026-09-11 06:16:42+00:00,55501,STARLINK-5367,67.85800590234071,-0.47491018000184226,67.8563281618658,0.0464085360012767
2026-09-11 06:17:42+00:00,55501,STARLINK-5367,67.87433711773335,-0.5039090361333418,67.87243422996413,0.06623106680899937
2026-09-11 06:18:42+00:00,55501,STARLINK-5367,67.89485721291965,-0.5332374298473219,67.89270906505304,0.08572989107133111
2026-09-11 06:19:42+00:00,55501,STARLINK-5367,67.91952964696465,-0.5627781823604874,67.91711710127937,0.10484671416354097
2026-09-11 06:20:42+00:00,55501,STARLINK-5367,67.94830640517657,-0.5924106155423292,67.94561161709235,0.12351102620589671
2026-09-11 06:21:42+00:00,55501,STARLINK-5367,67.98110400768866,-0.6220204743832678,67.97811066184565,0.14164561234949247
2026-09-11 06:22:42+00:00,55501,STARLINK-5367,68.01785030439702,-0.6514916654486118,68.01454397577879,0.15914272859023626
2026-09-11 06:23:42+00:00,55501,STARLINK-5367,68.05840371101556,-0.6806896472811061,68.0547722898588,0.17591438578450536
2026-09-11 06:24:42+00:00,55501,STARLINK-5367,68.10262467293104,-0.7094573570185183,68.09865889984,0.19186881958641067
2026-09-11 06:25:42+00:00,55501,STARLINK-5367,68.15037125079535,-0.7376266973007795,68.14606510014647,0.20692956111065897
2026-09-11 06:26:42+00:00,55501,STARLINK-5367,68.201499421575,-0.7650316557068866,68.19685028642073,0.22104508223054609
2026-09-11 06:27:42+00:00,55501,STARLINK-5367,68.25586516049104,-0.7915243373791672,68.25087381772462,0.2341818684354351
2026-09-11 06:28:42+00:00,55501,STARLINK-5367,68.31331360259603,-0.8169869472648372,68.3079839863162,0.24631569133819653
2026-09-11 06:29:42+00:00,55501,STARLINK-5367,68.3736620111323,-0.8413271001270743,68.36800097758972,0.25742542889079445
2026-09-11 06:30:42+00:00,55501,STARLINK-5367,68.436694493679,-0.8644575943181483,68.4307117911253,0.2674884085779361
2026-09-11 06:31:42+00:00,55501,STARLINK-5367,68.50216147805337,-0.8862907052024305,68.49586975023124,0.27648347242536886
2026-09-11 06:32:42+00:00,55501,STARLINK-5367,68.56975992689277,-0.9067237954740675,68.56317483883295,0.28440184608319896
2026-09-11 06:33:42+00:00,55501,STARLINK-5367,68.63920482972962,-0.9256118010475678,68.63234578117533,0.29119585251628877
2026-09-11 06:34:42+00:00,55501,STARLINK-5367,68.71016634797421,-0.9427308515951585,68.7030573475787,0.2968656313037954
2026-09-11 06:35:42+00:00,55501,STARLINK-5367,68.7824026775638,-0.9577653251515973,68.77507381292821,0.30137303587018494
2026-09-11 06:36:42+00:00,55501,STARLINK-5367,68.85577979916185,-0.9704046460640627,68.84826731069927,0.3046553594795611
2026-09-11 06:37:42+00:00,55501,STARLINK-5367,68.9302697146736,-0.980447694078256,68.92261430287368,0.3066641715900644
2026-09-11 06:38:42+00:00,55501,STARLINK-5367,69.0058826350525,-0.9879194240077442,68.99812580400396,0.3073906133077884
2026-09-11 06:39:42+00:00,55501,STARLINK-5367,69.08250343576721,-0.9930149427414818,69.07468440647571,0.3068817721238517
2026-09-11 06:40:42+00:00,55501,STARLINK-5367,69.15989513466276,-0.9959567176050026,69.15205003466113,0.30519052726450724
2026-09-11 06:41:42+00:00,55501,STARLINK-5367,69.23773842885133,-0.9969522370865,69.22990040227123,0.30232312285245655
2026-09-11 06:42:42+00:00,55501,STARLINK-5367,69.31563793112343,-0.9961759053980987,69.30783740147052,0.29827855341224563
2026-09-11 06:43:42+00:00,55501,STARLINK-5367,69.39311440604926,-0.9937275380687218,69.38537986345108,0.2930763649967538
2026-09-11 06:44:42+00:00,55501,STARLINK-5367,69.46968128092969,-0.9895667981089886,69.46204103097692,0.28675884801099016
2026-09-11 06:45:42+00:00,55501,STARLINK-5367,69.54497493110028,-0.983598347579397,69.53745783182214,0.2793398388434696
2026-09-11 06:46:42+00:00,55501,STARLINK-5367,69.61861709785967,-0.9757123283527598,69.61125244766346,0.2708592593367385
2026-09-11 06:47:42+00:00,55501,STARLINK-5367,69.69028544123445,-0.9657573509373485,69.68310347703834,0.26131863349647233
2026-09-11 06:48:42+00:00,55501,STARLINK-5367,69.7597201485378,-0.9535809076378019,69.7527518495111,0.2506951842879701
2026-09-11 06:49:42+00:00,55501,STARLINK-5367,69.82670956327959,-0.9390658813046979,69.81998584314744,0.23895725111707478
2026-09-11 06:50:42+00:00,55501,STARLINK-5367,69.8910837570421,-0.9221364598731618,69.88463452853256,0.2260749802143458
2026-09-11 06:51:42+00:00,55501,STARLINK-5367,69.95271629482725,-0.9027717774970725,69.94656937936566,0.21201933857825495
2026-09-11 06:52:42+00:00,55501,STARLINK-5367,70.01152110679843,-0.8810199450629757,70.00570100421591,0.19677004957351585
2026-09-11 06:53:42+00:00,55501,STARLINK-5367,70.06743213380176,-0.8570211290620495,70.06195851943599,0.18035806078392547
2026-09-11 06:54:42+00:00,55501,STARLINK-5367,70.12035986344064,-0.8309900032214603,70.11524648981373,0.1628885067405399
2026-09-11 06:55:42+00:00,55501,STARLINK-5367,70.17016090995641,-0.8031445021571795,70.16541566833561,0.14451687621795628
2026-09-11 06:56:42+00:00,55501,STARLINK-5367,70.21671597258246,-0.7736514942060824,70.21234177540137,0.1254103427198574
2026-09-11 06:57:42+00:00,55501,STARLINK-5367,70.2598943954609,-0.7426444425544068,70.25588985310127,0.10573855569791402
2026-09-11 06:58:42+00:00,55501,STARLINK-5367,70.29960201502587,-0.7102886782763089,70.29596150914391,0.08560940077477608
2026-09-11 06:59:42+00:00,55501,STARLINK-5367,70.33573029135788,-0.6767595649150799,70.33244426493533,0.06508325206728727
2026-09-11 07:00:42+00:00,55501,STARLINK-5367,70.36817654360682,-0.6422198951167153,70.36523194714569,0.0442346348519469
2026-09-11 07:01:42+00:00,55501,STARLINK-5367,70.39686054308139,-0.6068293321483891,70.39424121736998,0.023149825572930105
2026-09-11 07:02:42+00:00,55501,STARLINK-5367,70.42171053806042,-0.5707480904168918,70.41939759849186,0.0018945118775945957
2026-09-11 07:03:42+00:00,55501,STARLINK-5367,70.44264985384557,-0.5341218536551011,70.44062219384122,-0.019422189914800825
2026-09-11 07:04:42+00:00,55501,STARLINK-5367,70.45961932018406,-0.49709922593836353,70.45785403710865,-0.04063976278684933
2026-09-11 07:05:42+00:00,55501,STARLINK-5367,70.47255535645482,-0.45984424002763724,70.47102812403507,-0.061618868548864114
2026-09-11 07:06:42+00:00,55501,STARLINK-5367,70.48141462642043,-0.4225154724040152,70.48010017324721,-0.08226777019623199
2026-09-11 07:07:42+00:00,55501,STARLINK-5367,70.48628815170005,-0.3853256944858785,70.48516037867942,-0.10250807529175177
2026-09-11 07:08:42+00:00,55501,STARLINK-5367,70.48722180865089,-0.3485687026577988,70.48625387749357,-0.12228032956250345
2026-09-11 07:09:42+00:00,55501,STARLINK-5367,70.48419251854753,-0.3125181638351151,70.48335760796408,-0.14151924532571059
2026-09-11 07:10:42+00:00,55501,STARLINK-5367,70.4771660539318,-0.2773608504845768,70.4764382432402,-0.16018270457258055
2026-09-11 07:11:42+00:00,55501,STARLINK-5367,70.46618242692233,-0.2432553254053822,70.46553717480857,-0.17822271636765663
2026-09-11 07:12:42+00:00,55501,STARLINK-5367,70.45136112869164,-0.21040532849008997,70.45077551229366,-0.19556124225715266
2026-09-11 07:13:42+00:00,55501,STARLINK-5367,70.43286442163748,-0.17908113369431966,70.43231733219777,-0.2121221367831403
2026-09-11 07:14:42+00:00,55501,STARLINK-5367,70.41084258754562,-0.14956555772894653,70.41031503886175,-0.227859957668457
2026-09-11 07:15:42+00:00,55501,STARLINK-5367,70.38544819722867,-0.12210752562919147,70.38492361902644,-0.24276494960935224
2026-09-11 07:16:42+00:00,55501,STARLINK-5367,70.35685421013913,-0.09695594512405492,70.35631861078474,-0.2568373594710778
2026-09-11 07:17:42+00:00,55501,STARLINK-5367,70.32520398054447,-0.0743532035060337,70.32464612688938,-0.2700622781871971
2026-09-11 07:18:42+00:00,55501,STARLINK-5367,70.29067583463275,-0.05450908005173183,70.29008756619977,-0.2823614449295917
2026-09-11 07:19:42+00:00,55501,STARLINK-5367,70.25338475438421,-0.03760605541373785,70.25276072373856,-0.2937106148543194
2026-09-11 07:20:42+00:00,55501,STARLINK-5367,70.21341328018005,-0.023753418127403947,70.21275056624228,-0.3041350869851769
2026-09-11 07:21:42+00:00,55501,STARLINK-5367,70.17084260987484,-0.0129216322306136,70.17014020639525,-0.31370212954011123
2026-09-11 07:22:42+00:00,55501,STARLINK-5367,70.12583756548239,-0.004955592878788995,70.12509602133602,-0.32245573482492773
2026-09-11 07:23:42+00:00,55501,STARLINK-5367,70.07868045825892,0.00033288464930270045,70.07790151855441,-0.330414006569697
2026-09-11 07:24:42+00:00,55501,STARLINK-5367,70.02974119709391,0.003097525435873383,70.02892732341613,-0.33760993615376833
2026-09-11 07:25:42+00:00,55501,STARLINK-5367,69.97944161800554,0.003447086610719019,69.97859560988518,-0.34408393393788117
2026-09-11 07:26:42+00:00,55501,STARLINK-5367,69.92824189445332,0.0014494441289034654,69.9273667231104,-0.34985071090818565
2026-09-11 07:27:42+00:00,55501,STARLINK-5367,69.87662308875716,-0.002872375637496205,69.87572173828198,-0.3549050462778993
2026-09-11 07:28:42+00:00,55501,STARLINK-5367,69.82506355906995,-0.009539188663270082,69.82413882739618,-0.3592311853674133
2026-09-11 07:29:42+00:00,55501,STARLINK-5367,69.77398500301565,-0.018606281126759328,69.77303930648253,-0.3627987643296713
2026-09-11 07:30:42+00:00,55501,STARLINK-5367,69.72379241566196,-0.03011111826740276,69.72282785181271,-0.36551127118889326
2026-09-11 07:31:42+00:00,55501,STARLINK-5367,69.6748043424793,-0.04402039714500283,69.67382222076873,-0.3673139204024949
2026-09-11 07:32:42+00:00,55501,STARLINK-5367,69.62735858062807,-0.060206176449320026,69.62635915058107,-0.3681705664171879
2026-09-11 07:33:42+00:00,55501,STARLINK-5367,69.58186976590643,-0.0785337796733927,69.580851974238,-0.3680639946993658
2026-09-11 07:34:42+00:00,55501,STARLINK-5367,69.53877383898927,-0.09896081321023331,69.53773513283211,-0.3669691862156448
2026-09-11 07:35:42+00:00,55501,STARLINK-5367,69.49844337345974,-0.12149830931700123,69.49737940701267,-0.3648630600028895
2026-09-11 07:36:42+00:00,55501,STARLINK-5367,69.46116780944682,-0.14614262512197485,69.46007209388142,-0.3617464554776326
2026-09-11 07:37:42+00:00,55501,STARLINK-5367,69.4271692997452,-0.17281638939766886,69.42603302979663,-0.3576439802728437
2026-09-11 07:38:42+00:00,55501,STARLINK-5367,69.39667248814075,-0.20133655241383686,69.39548476451557,-0.352576682182864
2026-09-11 07:39:42+00:00,55501,STARLINK-5367,69.36995401488112,-0.2314782373461064,69.36870219256554,-0.3465457711574498
2026-09-11 07:40:42+00:00,55501,STARLINK-5367,69.34730140292568,-0.2630273534339178,69.34597127803144,-0.339552626263389
2026-09-11 07:41:42+00:00,55501,STARLINK-5367,69.32906909853224,-0.29582057296128816,69.32764503683268,-0.3315809171199806
2026-09-11 07:42:42+00:00,55501,STARLINK-5367,69.31551112976075,-0.3297772466641078,69.31397576161234,-0.32263643033987677
2026-09-11 07:43:42+00:00,55501,STARLINK-5367,69.30678924130584,-0.3648027562713443,69.30512349241177,-0.3127484442094177
2026-09-11 07:44:42+00:00,55501,STARLINK-5367,69.30300875944685,-0.40073526365851286,69.30119225307895,-0.3019712936948844
2026-09-11 07:45:42+00:00,55501,STARLINK-5367,69.3042710257641,-0.43734187075123243,69.30228278230072,-0.29037159413538705
2026-09-11 07:46:42+00:00,55501,STARLINK-5367,69.31072143249898,-0.47437360739365664,69.3085404423303,-0.2780232507324697
2026-09-11 07:47:42+00:00,55501,STARLINK-5367,69.32250611284059,-0.5116399069687834,69.32011147170184,-0.2649979646136371
2026-09-11 07:48:42+00:00,55501,STARLINK-5367,69.33972829392532,-0.5489950141490993,69.33709935307601,-0.2513516490757315
2026-09-11 07:49:42+00:00,55501,STARLINK-5367,69.36244029595669,-0.5863474647088784,69.35955665828132,-0.2371088936513237
2026-09-11 07:50:42+00:00,55501,STARLINK-5367,69.39060769090705,-0.623628700935793,69.38744930292631,-0.22226603557017732
2026-09-11 07:51:42+00:00,55501,STARLINK-5367,69.42412892703939,-0.6607120188972004,69.42067681870739,-0.20680168967288104
2026-09-11 07:52:42+00:00,55501,STARLINK-5367,69.46295398697379,-0.6974392847790014,69.4591907994224,-0.19070534842734688
2026-09-11 07:53:42+00:00,55501,STARLINK-5367,69.50698575482015,-0.7336749946069183,69.50289578986333,-0.17397283252523543
2026-09-11 07:54:42+00:00,55501,STARLINK-5367,69.55610396211013,-0.7693106063917909,69.55167305352201,-0.15663663283137197
2026-09-11 07:55:42+00:00,55501,STARLINK-5367,69.61014451110351,-0.8042346729278353,69.60536024185114,-0.138748152060014
2026-09-11 07:56:42+00:00,55501,STARLINK-5367,69.66891813945134,-0.8383209988894009,69.66377025202111,-0.12036153044141784
2026-09-11 07:57:42+00:00,55501,STARLINK-5367,69.73221824910648,-0.8714392328909142,69.72669895511524,-0.10153042464492046
2026-09-11 07:58:42+00:00,55501,STARLINK-5367,69.79981712537565,-0.9034678077209044,69.79392123159606,-0.08231509010686011
2026-09-11 07:59:42+00:00,55501,STARLINK-5367,69.8714426850769,-0.9342842399234605,69.86516781177949,-0.06278921013481664
2026-09-11 08:00:42+00:00,55501,STARLINK-5367,69.94679159965193,-0.9637277188587969,69.9401389189244,-0.04303452796419194
2026-09-11 08:01:42+00:00,55501,STARLINK-5367,70.02555968744677,-0.9916100321858359,70.01853457582567,-0.02312872986206571
2026-09-11 08:02:42+00:00,55501,STARLINK-5367,70.10742704253576,-1.0177362376005625,70.10003944134566,-0.0031300050328191276
2026-09-11 08:03:42+00:00,55501,STARLINK-5367,70.19212815610199,-1.0419102067664916,70.18439280565423,0.01687321283070986
2026-09-11 08:04:42+00:00,55501,STARLINK-5367,70.27936572013039,-1.063955598600268,70.27130201814677,0.03683995722889932
2026-09-11 08:05:42+00:00,55501,STARLINK-5367,70.36885858309354,-1.0837331184581522,70.36049007548058,0.05671995744913971
2026-09-11 08:06:42+00:00,55501,STARLINK-5367,70.46030885933614,-1.1011448349969797,70.45166257428428,0.07645341451533483
2026-09-11 08:07:42+00:00,55501,STARLINK-5367,70.55339377996248,-1.1161227664415332,70.54449967488372,0.09596593670672604
2026-09-11 08:08:42+00:00,55501,STARLINK-5367,70.6477612640397,-1.1286196878789618,70.63865177435648,0.11517257521792601
2026-09-11 08:09:42+00:00,55501,STARLINK-5367,70.7430233548166,-1.13859383983476,70.73373314637317,0.13398740867800996
2026-09-11 08:10:42+00:00,55501,STARLINK-5367,70.83876383620131,-1.1459843755395334,70.82932992935812,0.1523266564148713
2026-09-11 08:11:42+00:00,55501,STARLINK-5367,70.93456146748176,-1.1506963142061672,70.9250235803219,0.17011380661148223
2026-09-11 08:12:42+00:00,55501,STARLINK-5367,71.03002158244497,-1.1526104179021717,71.02042227384638,0.18728393334075832
2026-09-11 08:13:42+00:00,55501,STARLINK-5367,71.12479446144971,-1.1515992407337947,71.11517893851314,0.2037913527753048
2026-09-11 08:14:42+00:00,55501,STARLINK-5367,71.21856866071388,-1.1475528808373348,71.20898405057075,0.21962457070875985
2026-09-11 08:15:42+00:00,55501,STARLINK-5367,71.3111307026189,-1.1403901359048305,71.30162528418123,0.23474296184127752
2026-09-11 08:16:42+00:00,55501,STARLINK-5367,71.40229856789725,-1.1300948989673625,71.39292021579047,0.24913723174966407
2026-09-11 08:17:42+00:00,55501,STARLINK-5367,71.4919231725206,-1.1167962342901188,71.4827168806628,0.2627402437148163
2026-09-11 08:18:42+00:00,55501,STARLINK-5367,71.57978008230867,-1.100704159947746,71.57078673458568,0.27541455372161394
2026-09-11 08:19:42+00:00,55501,STARLINK-5367,71.66562272643053,-1.082040992128535,71.65687897523195,0.28699057021376007
2026-09-11 08:20:42+00:00,55501,STARLINK-5367,71.74917848771435,-1.0611022972691089,71.74071555925013,0.29733251317220777
2026-09-11 08:21:42+00:00,55501,STARLINK-5367,71.83004245268371,-1.0381819341867242,71.8218860835155,0.30635997192416653
2026-09-11 08:22:42+00:00,55501,STARLINK-5367,71.90773866275451,-1.0134286990173784,71.89991122607515,0.31401838404839566
2026-09-11 08:23:42+00:00,55501,STARLINK-5367,71.981853945512,-0.9868733898636037,71.97437611237858,0.3202523680891751
2026-09-11 08:24:42+00:00,55501,STARLINK-5367,72.05206220805168,-0.9585510094586542,72.04495269749484,0.32502186225912055
2026-09-11 08:25:42+00:00,55501,STARLINK-5367,72.1180371414212,-0.9285350029225938,72.11131192436493,0.32832366149846237
2026-09-11 08:26:42+00:00,55501,STARLINK-5367,72.17949226350103,-0.8968674070683793,72.17316493322687,0.3301451077531965
2026-09-11 08:27:42+00:00,55501,STARLINK-5367,72.23615470952994,-0.8635406072719505,72.23023692553033,0.3304822544219519
2026-09-11 08:28:42+00:00,55501,STARLINK-5367,72.28785056900288,-0.8285387765781191,72.28235201148958,0.3293190995185089
2026-09-11 08:29:42+00:00,55501,STARLINK-5367,72.33447485331317,-0.791856559764561,72.32940283347901,0.32665156615930613
2026-09-11 08:30:42+00:00,55501,STARLINK-5367,72.37598338183778,-0.753502433551767,72.37134249587652,0.32247467377984407
2026-09-11 08:31:42+00:00,55501,STARLINK-5367,72.41240934055469,-0.7135330337380639,72.40820087778462,0.31676924757174074
2026-09-11 08:32:42+00:00,55501,STARLINK-5367,72.44384847804051,-0.6721248206909478,72.44006925302295,0.3095111499485368
2026-09-11 08:33:42+00:00,55501,STARLINK-5367,72.47037275217498,-0.6295879937142229,72.46701402469162,0.3007060732782187
2026-09-11 08:34:42+00:00,55501,STARLINK-5367,72.49197567243411,-0.5862897876725306,72.48902301212352,0.290420256658825
2026-09-11 08:35:42+00:00,55501,STARLINK-5367,72.50858690800692,-0.5425494224509775,72.50602111420045,0.27877895779397033
2026-09-11 08:36:42+00:00,55501,STARLINK-5367,72.52013952851208,-0.4985901416951046,72.51793803887605,0.265909186004067
2026-09-11 08:37:42+00:00,55501,STARLINK-5367,72.52667789110643,-0.4546182525619571,72.52481563990447,0.2518820410655298
2026-09-11 08:38:42+00:00,55501,STARLINK-5367,72.52822933675986,-0.41087414080647733,72.5266792393343,0.2367101196932886
2026-09-11 08:39:42+00:00,55501,STARLINK-5367,72.524831631545,-0.3675918016581097,72.5235651190668,0.2204129573819582
2026-09-11 08:40:42+00:00,55501,STARLINK-5367,72.51656869969337,-0.32498308857479685,72.51555624020222,0.2030397585669128
2026-09-11 08:41:42+00:00,55501,STARLINK-5367,72.50357955458573,-0.28335009948515655,72.5027906971268,0.1846674792307823
2026-09-11 08:42:42+00:00,55501,STARLINK-5367,72.48596435588536,-0.24304069755859103,72.48536822829011,0.16538630899510665
2026-09-11 08:43:42+00:00,55501,STARLINK-5367,72.46381528967986,-0.2043354045714949,72.46338149199067,0.1453138861387302
2026-09-11 08:44:42+00:00,55501,STARLINK-5367,72.43720743304159,-0.16743126943185516,72.43690680146698,0.12458131119846172
2026-09-11 08:45:42+00:00,55501,STARLINK-5367,72.40623306462636,-0.1323790139189036,72.40603838713929,0.1032835213259311
2026-09-11 08:46:42+00:00,55501,STARLINK-5367,72.37110636939596,-0.09919587274764652,72.37099246806214,0.081526050730794
2026-09-11 08:47:42+00:00,55501,STARLINK-5367,72.33207514384229,-0.06796943984825532,72.33201877426704,0.05945425783783875
2026-09-11 08:48:42+00:00,55501,STARLINK-5367,72.28944617748874,-0.03881251633333349,72.2894261494044,0.03727232784966361
2026-09-11 08:49:42+00:00,55501,STARLINK-5367,72.2435159879819,-0.011909364438524861,72.24351341288865,0.015173483808720079
2026-09-11 08:50:42+00:00,55501,STARLINK-5367,72.1945313007647,0.012507638440316882,72.1945299089344,-0.006672634377707709
2026-09-11 08:51:42+00:00,55501,STARLINK-5367,72.14271656745011,0.03431875816688468,72.14270289180322,-0.028203178632573156
2026-09-11 08:52:42+00:00,55501,STARLINK-5367,72.08841102474086,0.05343526631490114,72.08837427879331,-0.04942251415435095
2026-09-11 08:53:42+00:00,55501,STARLINK-5367,72.03195717431072,0.06967326349742198,72.03188919122069,-0.07028187384640461
2026-09-11 08:54:42+00:00,55501,STARLINK-5367,71.97362990566509,0.0828723124633699,71.97352514292324,-0.09062272603381416
2026-09-11 08:55:42+00:00,55501,STARLINK-5367,71.91373215569523,0.09292236110698893,71.91358761797613,-0.1102447620017557
2026-09-11 08:56:42+00:00,55501,STARLINK-5367,71.85258857468364,0.09970347199707397,71.85240365900722,-0.12896714121666975
2026-09-11 08:57:42+00:00,55501,STARLINK-5367,71.7905074406829,0.10311364555495162,71.79028365300587,-0.14662601340402404
2026-09-11 08:58:42+00:00,55501,STARLINK-5367,71.72779342398023,0.10309842624311605,71.72753396215455,-0.16307021694011326
2026-09-11 08:59:42+00:00,55501,STARLINK-5367,71.66475026582486,0.09965567021865951,71.66445944811977,-0.1781892792262596
2026-09-11 09:00:42+00:00,55501,STARLINK-5367,71.6017445741928,0.09282413731687367,71.6014273149279,-0.19187551322381324
2026-09-11 09:01:42+00:00,55501,STARLINK-5367,71.53910981410849,0.08268356622375528,71.53877085000698,-0.20411196226000783
2026-09-11 09:02:42+00:00,55501,STARLINK-5367,71.47722650580661,0.0693742795673824,71.47686978222303,-0.21490069067271378
2026-09-11 09:03:42+00:00,55501,STARLINK-5367,71.41653858971625,0.05305457960241,71.41616678900637,-0.22425546333929702
2026-09-11 09:04:42+00:00,55501,STARLINK-5367,71.35751089542285,0.033860437272826616,71.35712508497836,-0.23219446145201417
2026-09-11 09:05:42+00:00,55501,STARLINK-5367,71.3006091623212,0.011933217320654776,71.30020850895693,-0.23872807893169323
2026-09-11 09:06:42+00:00,55501,STARLINK-5367,71.24631806307909,-0.012604694423885121,71.245899597838,-0.24386299820552182
2026-09-11 09:07:42+00:00,55501,STARLINK-5367,71.19509434017145,-0.03966935743257949,71.19465268248442,-0.24761637346602683
2026-09-11 09:08:42+00:00,55501,STARLINK-5367,71.1473508367463,-0.06916069069308861,71.14687793925793,-0.25001476408109014
2026-09-11 09:09:42+00:00,55501,STARLINK-5367,71.10349911640687,-0.10095846363153527,71.10298404649613,-0.2511048968292613
2026-09-11 09:10:42+00:00,55501,STARLINK-5367,71.06392723524615,-0.13497357616140704,71.06335595764605,-0.2509507262184911
2026-09-11 09:11:42+00:00,55501,STARLINK-5367,71.02900828766883,-0.1711297942349539,71.02836365449942,-0.2495786197543275
2026-09-11 09:12:42+00:00,55501,STARLINK-5367,70.99902288618406,-0.20930333484783858,70.99828456031187,-0.24704736366179958
2026-09-11 09:13:42+00:00,55501,STARLINK-5367,70.9742651891015,-0.24933091833337784,70.973409844267,-0.24340974461398446
2026-09-11 09:14:42+00:00,55501,STARLINK-5367,70.95501361825329,-0.2910498093532823,70.95401520702035,-0.23869138423925662
2026-09-11 09:15:42+00:00,55501,STARLINK-5367,70.94148782034044,-0.3342857161317099,70.94031787929416,-0.23290858335859
2026-09-11 09:16:42+00:00,55501,STARLINK-5367,70.93385873208766,-0.37882598382927846,70.93248677527467,-0.22610920642172694
2026-09-11 09:17:42+00:00,55501,STARLINK-5367,70.93227130209813,-0.4244324359427134,70.93066529165758,-0.21838146582846285
2026-09-11 09:18:42+00:00,55501,STARLINK-5367,70.93686000288687,-0.4708605619953996,70.93498687387017,-0.20984423793718499
2026-09-11 09:19:42+00:00,55501,STARLINK-5367,70.94774785960793,-0.5178600162230547,70.94557415649325,-0.2006363865719738
2026-09-11 09:20:42+00:00,55501,STARLINK-5367,70.96505627486215,-0.5651861316352862,70.96254886448676,-0.19088055502295015
2026-09-11 09:21:42+00:00,55501,STARLINK-5367,70.98885410834451,-0.6126456287617974,70.98598055553708,-0.18065856828143767
2026-09-11 09:22:42+00:00,55501,STARLINK-5367,71.01915548011377,-0.6600610111511918,71.0158844918446,-0.1700423803570965
2026-09-11 09:23:42+00:00,55501,STARLINK-5367,71.05584985565528,-0.7072093376439996,71.0521522531616,-0.15910328632443704
2026-09-11 09:24:42+00:00,55501,STARLINK-5367,71.09881304859914,-0.7537955971413179,71.09466315856649,-0.14791716380580766
2026-09-11 09:25:42+00:00,55501,STARLINK-5367,71.14795458248918,-0.7995045419337359,71.14333124900442,-0.1365743526509018
2026-09-11 09:26:42+00:00,55501,STARLINK-5367,71.20319783342971,-0.8440775684956652,71.19808459950225,-0.12515641019562196
2026-09-11 09:27:42+00:00,55501,STARLINK-5367,71.26444677192845,-0.8873162001118775,71.25883183724791,-0.11370514879736326
2026-09-11 09:28:42+00:00,55501,STARLINK-5367,71.3315560320225,-0.9290731484558119,71.3254320458276,-0.10223751961152772
2026-09-11 09:29:42+00:00,55501,STARLINK-5367,71.40431202090885,-0.9692118624369446,71.39767618962583,-0.09076489606392357
2026-09-11 09:30:42+00:00,55501,STARLINK-5367,71.48247164433536,-1.0076047437179447,71.47532581169364,-0.07927910120133319
2026-09-11 09:31:42+00:00,55501,STARLINK-5367,71.56575567091184,-1.0441459232392134,71.55810612578948,-0.06776230431167107
2026-09-11 09:32:42+00:00,55501,STARLINK-5367,71.65382285212317,-1.0787305688060513,71.6456803324077,-0.05620844972006367
2026-09-11 09:33:42+00:00,55501,STARLINK-5367,71.74633572420169,-1.1112498414749936,71.73771545541605,-0.0446640509075209
2026-09-11 09:34:42+00:00,55501,STARLINK-5367,71.84288558172149,-1.1415736465983564,71.83380763223478,-0.033156791253706075
2026-09-11 09:35:42+00:00,55501,STARLINK-5367,71.94307644019828,-1.1695638485966615,71.93356584702852,-0.021739721222758135
2026-09-11 09:36:42+00:00,55501,STARLINK-5367,72.0464980825336,-1.1950941308708973,72.03658463670892,-0.010481085183062788
2026-09-11 09:37:42+00:00,55501,STARLINK-5367,72.15271784029544,-1.21802731560987,72.14243620010507,0.0005598961444306383
2026-09-11 09:38:42+00:00,55501,STARLINK-5367,72.26130000694623,-1.2382211668563432,72.25068967402783,0.01134297861283784
2026-09-11 09:39:42+00:00,55501,STARLINK-5367,72.37179963152425,-1.2555382269764177,72.36090470133097,0.021828215534050344
2026-09-11 09:40:42+00:00,55501,STARLINK-5367,72.48378456486121,-1.2698266422335944,72.47265375595606,0.031979887343716484
2026-09-11 09:41:42+00:00,55501,STARLINK-5367,72.59685995430726,-1.2809513624686826,72.58554602794948,0.04179302240902416
2026-09-11 09:42:42+00:00,55501,STARLINK-5367,72.71064378640415,-1.2888202456009004,72.699202417208,0.05128459514241257
2026-09-11 09:43:42+00:00,55501,STARLINK-5367,72.8247561106501,-1.2933752008864272,72.81324485054353,0.06047727009997317
2026-09-11 09:44:42+00:00,55501,STARLINK-5367,72.93880268943671,-1.2946018676696813,72.92727970570958,0.06941540179354888
2026-09-11 09:45:42+00:00,55501,STARLINK-5367,73.05241652720063,-1.2925329573900197,73.04093933436012,0.0781035978733513
2026-09-11 09:46:42+00:00,55501,STARLINK-5367,73.16515626606432,-1.2872250943663968,73.15378079998348,0.08658904094269104
2026-09-11 09:47:42+00:00,55501,STARLINK-5367,73.27656962953363,-1.278744475426369,73.26534966922786,0.09490565963071163
2026-09-11 09:48:42+00:00,55501,STARLINK-5367,73.38617867160065,-1.2671514170351248,73.37516557151375,0.10307598819802877
2026-09-11 09:49:42+00:00,55501,STARLINK-5367,73.49349392603838,-1.2524726740866257,73.4827368675544,0.11110405515139377
2026-09-11 09:50:42+00:00,55501,STARLINK-5367,73.59805001480142,-1.234696209642113,73.58759634106269,0.11897897259856194
2026-09-11 09:51:42+00:00,55501,STARLINK-5367,73.69942280152895,-1.2137941138555721,73.6893179338187,0.1266790285850803
2026-09-11 09:52:42+00:00,55501,STARLINK-5367,73.79723453586301,-1.189714036862492,73.7875220120701,0.13416769333667844
2026-09-11 09:53:42+00:00,55501,STARLINK-5367,73.89124346193091,-1.1624009277761544,73.88196461868398,0.14138075180906284
2026-09-11 09:54:42+00:00,55501,STARLINK-5367,73.98133601380134,-1.1319916422448415,73.97252669790373,0.14821348382460187
2026-09-11 09:55:42+00:00,55501,STARLINK-5367,74.06727634884363,-1.098790936949488,74.05896429163626,0.15457122304529847
2026-09-11 09:56:42+00:00,55501,STARLINK-5367,74.14876577221273,-1.0630150473189097,74.14097211357831,0.16037021307858623
2026-09-11 09:57:42+00:00,55501,STARLINK-5367,74.22552462788498,-1.0247951861966662,74.21826518296812,0.1655727686780608
2026-09-11 09:58:42+00:00,55501,STARLINK-5367,74.29735618808547,-0.9842964076859708,74.29064110679637,0.17012072841707848
2026-09-11 09:59:42+00:00,55501,STARLINK-5367,74.36407620012407,-0.9417443161732013,74.3579094436597,0.17392501062346355
2026-09-11 10:00:42+00:00,55501,STARLINK-5367,74.42547198398566,-0.8974253356163331,74.41985101334785,0.17686988759112765
2026-09-11 10:01:42+00:00,55501,STARLINK-5367,74.4812649896734,-0.8516461682667735,74.47618102793635,0.1788652008630116
2026-09-11 10:02:42+00:00,55501,STARLINK-5367,74.5311541178594,-0.8046595349192156,74.52659326129437,0.17987228404408384
2026-09-11 10:03:42+00:00,55501,STARLINK-5367,74.57488483947425,-0.7566708935171924,74.57082900799239,0.1798861876618787
2026-09-11 10:04:42+00:00,55501,STARLINK-5367,74.61223270599021,-0.7078798416868688,74.60866015123803,0.17890203921323433
2026-09-11 10:05:42+00:00,55501,STARLINK-5367,74.64297003130135,-0.6584335190810187,74.63985630466544,0.1768932265374712
2026-09-11 10:06:42+00:00,55501,STARLINK-5367,74.66693023347698,-0.6083880076663255,74.66424925994652,0.17383029546455697
2026-09-11 10:07:42+00:00,55501,STARLINK-5367,74.68412111258047,-0.5578062909135736,74.68184515521416,0.16971362061493017
2026-09-11 10:08:42+00:00,55501,STARLINK-5367,74.69456464472026,-0.5068079583034035,74.69266392519334,0.1645871070691971
2026-09-11 10:09:42+00:00,55501,STARLINK-5367,74.69833582854022,-0.4555116816957163,74.69677878461131,0.15850509157718484
2026-09-11 10:10:42+00:00,55501,STARLINK-5367,74.69560160716773,-0.4040447345325999,74.69435515822317,0.15150843684833148
2026-09-11 10:11:42+00:00,55501,STARLINK-5367,74.68661212869675,-0.3526431516845303,74.68564150283584,0.14362235148711378
2026-09-11 10:12:42+00:00,55501,STARLINK-5367,74.67158836615855,-0.3016902028440729,74.67085709848037,0.13487892665863832
2026-09-11 10:13:42+00:00,55501,STARLINK-5367,74.65063604221349,-0.25160552291852945,74.65010679314308,0.12534727836556314
2026-09-11 10:14:42+00:00,55501,STARLINK-5367,74.6238067915226,-0.20271284329636075,74.62344269353187,0.11510050747284595
2026-09-11 10:15:42+00:00,55501,STARLINK-5367,74.5912034299746,-0.15524316770275526,74.59096910241145,0.1041971872774603
2026-09-11 10:16:42+00:00,55501,STARLINK-5367,74.55301715042857,-0.10939698029587852,74.5528792252144,0.09272412521649187
2026-09-11 10:17:42+00:00,55501,STARLINK-5367,74.50951482586558,-0.06541536803914383,74.50944236444099,0.08074004927583545
2026-09-11 10:18:42+00:00,55501,STARLINK-5367,74.46098851043968,-0.02365186790628826,74.46095342792322,0.06830187130564624
2026-09-11 10:19:42+00:00,55501,STARLINK-5367,74.40757022046965,0.015580161909223733,74.40754789147317,0.055499106329687464
2026-09-11 10:20:42+00:00,55501,STARLINK-5367,74.34943865437569,0.05214778137652232,74.34940824788589,0.04245019279199269
2026-09-11 10:21:42+00:00,55501,STARLINK-5367,74.28688696260767,0.08597371482218463,74.28683146188772,0.02923129654647738
2026-09-11 10:22:42+00:00,55501,STARLINK-5367,74.22026215271376,0.11695789992866779,74.22016829615492,0.015904642036471017
2026-09-11 10:23:42+00:00,55501,STARLINK-5367,74.149928188317,0.14494316190780054,74.14978648265549,0.0025276449350215557
2026-09-11 10:24:42+00:00,55501,STARLINK-5367,74.07620875064798,0.16976080040971375,74.0760134338565,-0.010857593314227643
2026-09-11 10:25:42+00:00,55501,STARLINK-5367,73.99944502178761,0.19132243013958217,73.9991937323824,-0.02421193158771473
2026-09-11 10:26:42+00:00,55501,STARLINK-5367,73.92004085723491,0.2095510643080516,73.91973432440147,-0.03749795500072395
2026-09-11 10:27:42+00:00,55501,STARLINK-5367,73.83839587488592,0.22434905764966295,73.8380376569867,-0.05067388000807682
2026-09-11 10:28:42+00:00,55501,STARLINK-5367,73.75490356531998,0.2356661668812663,73.75449956985202,-0.06367564790471647
2026-09-11 10:29:42+00:00,55501,STARLINK-5367,73.67001363462312,0.24349276608438064,73.66957161565131,-0.07640788470330051
2026-09-11 10:30:42+00:00,55501,STARLINK-5367,73.5842804183707,0.2477647475150082,73.58380984965399,-0.08868669159868858
2026-09-11 10:31:42+00:00,55501,STARLINK-5367,73.49818799831785,0.24834845268691397,73.49769986937721,-0.10037924620490202
2026-09-11 10:32:42+00:00,55501,STARLINK-5367,73.41213409262518,0.24510694217056672,73.41164042085609,-0.11137925932337822
2026-09-11 10:33:42+00:00,55501,STARLINK-5367,73.3264143093902,0.2380183314221318,73.32592717949541,-0.12159775322444943
2026-09-11 10:34:42+00:00,55501,STARLINK-5367,73.24133941636008,0.22722270316203907,73.24086989624479,-0.1309434495227464
2026-09-11 10:35:42+00:00,55501,STARLINK-5367,73.15731789954548,0.21292995350872523,73.15687538595601,-0.1393084841554284
2026-09-11 10:36:42+00:00,55501,STARLINK-5367,73.07481339987537,0.19532086203552979,73.07440534087306,-0.14658535138769935
2026-09-11 10:37:42+00:00,55501,STARLINK-5367,72.99426718849487,0.17456044322988795,72.99389876252518,-0.15269080936805324
2026-09-11 10:38:42+00:00,55501,STARLINK-5367,72.91610097713681,0.1508369202075759,72.9157747386986,-0.15755693217370492
2026-09-11 10:39:42+00:00,55501,STARLINK-5367,72.84074554117018,0.12435045555791291,72.84046118657534,-0.16112754177260413
2026-09-11 10:40:42+00:00,55501,STARLINK-5367,72.76862851843705,0.09528879484573594,72.768382749685,-0.16336613851025206
2026-09-11 10:41:42+00:00,55501,STARLINK-5367,72.70022226168534,0.06381249672107714,72.70000880506608,-0.16420903454348235
2026-09-11 10:42:42+00:00,55501,STARLINK-5367,72.63594046822044,0.03006067192097106,72.63574990950353,-0.16364334060933672
2026-09-11 10:43:42+00:00,55501,STARLINK-5367,72.5761878844664,-0.005841482946660648,72.57600759803904,-0.16166275955889375
2026-09-11 10:44:42+00:00,55501,STARLINK-5367,72.52134609212608,-0.043772607640743644,72.52116016691551,-0.15827513177656272
2026-09-11 10:45:42+00:00,55501,STARLINK-5367,72.47177972339671,-0.08361129812626089,72.47156891944833,-0.15350498692491854
2026-09-11 10:46:42+00:00,55501,STARLINK-5367,72.42783922082567,-0.12523932615905942,72.42758097461693,-0.1473888539361532
2026-09-11 10:47:42+00:00,55501,STARLINK-5367,72.38985406689679,-0.16854366613986826,72.38952254430541,-0.13996666287270898
2026-09-11 10:48:42+00:00,55501,STARLINK-5367,72.35812493066581,-0.21342010590331917,72.3576910768776,-0.13129113979121243
2026-09-11 10:49:42+00:00,55501,STARLINK-5367,72.33291321420747,-0.25976523724493816,72.33234482818828,-0.12144023899740475
2026-09-11 10:50:42+00:00,55501,STARLINK-5367,72.31443355589255,-0.30746876775344845,72.31369545082195,-0.11051566506908905
2026-09-11 10:51:42+00:00,55501,STARLINK-5367,72.30283948796414,-0.3564060698843585,72.30189376438109,-0.09864491779523377
2026-09-11 10:52:42+00:00,55501,STARLINK-5367,72.2982836133752,-0.40643392817996027,72.29709008968221,-0.08596200576922541
2026-09-11 10:53:42+00:00,55501,STARLINK-5367,72.30083262424289,-0.45738067741068544,72.29934943239242,-0.0726135492256561
2026-09-11 10:54:42+00:00,55501,STARLINK-5367,72.31053326005335,-0.5090477465217651,72.30871759780862,-0.05873759788615451
2026-09-11 10:55:42+00:00,55501,STARLINK-5367,72.3273948280135,-0.5612253038899768,72.32520370561187,-0.04447142201399856
2026-09-11 10:56:42+00:00,55501,STARLINK-5367,72.3513868264564,-0.613690665944099,72.34877788917878,-0.02995697480020354
2026-09-11 10:57:42+00:00,55501,STARLINK-5367,72.38244805372173,-0.6662098143370585,72.37938045343276,-0.015359369825596048
2026-09-11 10:58:42+00:00,55501,STARLINK-5367,72.42048447088426,-0.7185247070389966,72.41691993223961,-0.0008778157527977726
2026-09-11 10:59:42+00:00,55501,STARLINK-5367,72.4654074964024,-0.770345398999952,72.46131157327707,0.013291589685634264
2026-09-11 11:00:42+00:00,55501,STARLINK-5367,72.51712783084135,-0.821433505404384,72.51247028252897,0.027006594286655528
2026-09-11 11:01:42+00:00,55501,STARLINK-5367,72.57546921596067,-0.8715848564450486,72.57022431375063,0.04018465860264442
2026-09-11 11:02:42+00:00,55501,STARLINK-5367,72.64015687509139,-0.9205453150895302,72.63430458104008,0.05277489414184089
2026-09-11 11:03:42+00:00,55501,STARLINK-5367,72.7109355184747,-0.9680067816743847,72.70446284969188,0.06471924128185336
2026-09-11 11:04:42+00:00,55501,STARLINK-5367,72.78750842682616,-1.0136387178879254,72.78041044810541,0.07599039542350638
2026-09-11 11:05:42+00:00,55501,STARLINK-5367,72.8696045290763,-1.057110454705363,72.86188504123244,0.08654449004416875
2026-09-11 11:06:42+00:00,55501,STARLINK-5367,72.95696955257834,-1.0981226809257443,72.94864121607665,0.09632030732209174
2026-09-11 11:07:42+00:00,55501,STARLINK-5367,73.04934138655503,-1.1364393025177542,73.04042516522188,0.10523499787585422
2026-09-11 11:08:42+00:00,55501,STARLINK-5367,73.14643095577789,-1.171899204269554,73.13695509215103,0.11319749157420134
2026-09-11 11:09:42+00:00,55501,STARLINK-5367,73.24791628017991,-1.2044180137997085,73.23791491224846,0.12014966723394949
2026-09-11 11:10:42+00:00,55501,STARLINK-5367,73.35342162958241,-1.2339660320596995,73.34293349155823,0.12609302865667615
2026-09-11 11:11:42+00:00,55501,STARLINK-5367,73.46249380182839,-1.2605122469961074,73.45156175354957,0.13107411392442003
2026-09-11 11:12:42+00:00,55501,STARLINK-5367,73.57461953376855,-1.2840019987543432,73.56329054303693,0.13514024835281901
2026-09-11 11:13:42+00:00,55501,STARLINK-5367,73.6892478623297,-1.3043460907216176,73.67757325190072,0.1383166739260986
2026-09-11 11:14:42+00:00,55501,STARLINK-5367,73.80581547041348,-1.3214142726218059,73.79385127573119,0.14062527547624626
2026-09-11 11:15:42+00:00,55501,STARLINK-5367,73.92381844082006,-1.3350707138710733,73.91162522579539,0.14204063453278337
2026-09-11 11:16:42+00:00,55501,STARLINK-5367,74.04271082554942,-1.345166871242947,74.0303533902322,0.14258121118601252
2026-09-11 11:17:42+00:00,55501,STARLINK-5367,74.16199557141739,-1.3515365891394793,74.14954279064705,0.14226707684897377
2026-09-11 11:18:42+00:00,55501,STARLINK-5367,74.28123398778098,-1.354044153706916,74.26875767098294,0.14114243193353104
2026-09-11 11:19:42+00:00,55501,STARLINK-5367,74.40002258551674,-1.3526245104663044,74.38759554660285,0.13927115320769445
2026-09-11 11:20:42+00:00,55501,STARLINK-5367,74.51796422750436,-1.3472857393364315,74.50565833004399,0.13671340441274538
2026-09-11 11:21:42+00:00,55501,STARLINK-5367,74.63465204893227,-1.3380883348851587,74.62253668493796,0.1335094690471479
2026-09-11 11:22:42+00:00,55501,STARLINK-5367,74.74966959568603,-1.3251244548176473,74.73781059451103,0.1296818509540998
2026-09-11 11:23:42+00:00,55501,STARLINK-5367,74.86260228021561,-1.3085065535368035,74.85106107005389,0.1252495595107277
2026-09-11 11:24:42+00:00,55501,STARLINK-5367,74.97303799043253,-1.2883777655843254,74.96187065124454,0.12023607641607015
2026-09-11 11:25:42+00:00,55501,STARLINK-5367,75.08053777492351,-1.2649072743208887,75.06979427117138,0.11467450933705692
2026-09-11 11:26:42+00:00,55501,STARLINK-5367,75.18469211809865,-1.2382636116531938,75.17441616760198,0.10856326047781195
2026-09-11 11:27:42+00:00,55501,STARLINK-5367,75.28505175596227,-1.2086052123433149,75.27528078633074,0.1019503687270138
2026-09-11 11:28:42+00:00,55501,STARLINK-5367,75.381184655069,-1.1760889438081783,75.37194976931502,0.09488292635484186
2026-09-11 11:29:42+00:00,55501,STARLINK-5367,75.47265530490546,-1.140849278308437,75.46398161504028,0.08740996579741633
2026-09-11 11:30:42+00:00,55501,STARLINK-5367,75.55905420232075,-1.1029743113800237,75.55096152556305,0.07957499966402182
2026-09-11 11:31:42+00:00,55501,STARLINK-5367,75.64003785426385,-1.0625142884608394,75.63254121214176,0.07141270868787686
2026-09-11 11:32:42+00:00,55501,STARLINK-5367,75.71536355015223,-1.019506164185362,75.70847325871247,0.06294082718937588
2026-09-11 11:33:42+00:00,55501,STARLINK-5367,75.78491229163866,-0.9740342693215656,75.77863323749615,0.05415672253721837
2026-09-11 11:34:42+00:00,55501,STARLINK-5367,75.84862544891,-0.9263178379092807,75.84295541532036,0.04507351700569373
2026-09-11 11:35:42+00:00,55501,STARLINK-5367,75.90639754834868,-0.8766708424898262,75.90132646252229,0.03575236351294109
2026-09-11 11:36:42+00:00,55501,STARLINK-5367,75.95806255625887,-0.8254027422891319,75.95357323060277,0.026289104566087573
2026-09-11 11:37:42+00:00,55501,STARLINK-5367,76.00350600189218,-0.7728029987805183,75.99957512557845,0.01675817105405919
2026-09-11 11:38:42+00:00,55501,STARLINK-5367,76.04257850705476,-0.7191621341522669,76.03917739985945,0.007223509508104797
2026-09-11 11:39:42+00:00,55501,STARLINK-5367,76.07513565289946,-0.6647703144297799,76.07223106861262,-0.00229776272788218
2026-09-11 11:40:42+00:00,55501,STARLINK-5367,76.10102509888725,-0.609898004542258,76.09858017933495,-0.011841235154069096
2026-09-11 11:41:42+00:00,55501,STARLINK-5367,76.12011454379929,-0.5547986171191952,76.11808967327372,-0.021474334219469426
2026-09-11 11:42:42+00:00,55501,STARLINK-5367,76.13230781351142,-0.4997487550519657,76.13066114925054,-0.031259735593603954
2026-09-11 11:43:42+00:00,55501,STARLINK-5367,76.13750750162727,-0.4450381689967262,76.13619564910651,-0.04125129644765302
2026-09-11 11:44:42+00:00,55501,STARLINK-5367,76.13561906249538,-0.39088421922216554,76.13459822569037,-0.05150309970010003
2026-09-11 11:45:42+00:00,55501,STARLINK-5367,76.1266324770843,-0.3374102335076987,76.12585945569836,-0.062038428837723814
2026-09-11 11:46:42+00:00,55501,STARLINK-5367,76.11063965730402,-0.2847387374272685,76.11007219918608,-0.07281984667429242
2026-09-11 11:47:42+00:00,55501,STARLINK-5367,76.08775481107854,-0.233009613516602,76.087351909838,-0.0837738580060563
2026-09-11 11:48:42+00:00,55501,STARLINK-5367,76.05818804855988,-0.18232966449901156,76.05791040493682,-0.09481538980585924
2026-09-11 11:49:42+00:00,55501,STARLINK-5367,76.02222026931202,-0.13282489322654278,76.02203047972327,-0.10589600350800765
2026-09-11 11:50:42+00:00,55501,STARLINK-5367,75.98022016374122,-0.08475957625603314,75.9800828685953,-0.11695822420862001
2026-09-11 11:51:42+00:00,55501,STARLINK-5367,75.93248470517028,-0.0385435996063741,75.93236718846768,-0.12791031062268132
2026-09-11 11:52:42+00:00,55501,STARLINK-5367,75.87917411012997,0.005447584398424965,75.87904725663451,-0.13864120840259275
2026-09-11 11:53:42+00:00,55501,STARLINK-5367,75.8204418437326,0.04699258321549138,75.82028080465969,-0.1490361651201333
2026-09-11 11:54:42+00:00,55501,STARLINK-5367,75.75654109484533,0.08594222465306345,75.75632552537822,-0.15898264666978434
2026-09-11 11:55:42+00:00,55501,STARLINK-5367,75.68782529173636,0.12212399338641688,75.68753949134185,-0.16837122442126784
2026-09-11 11:56:42+00:00,55501,STARLINK-5367,75.61466935035428,0.15529861422531965,75.61430250301305,-0.1770883583428393
2026-09-11 11:57:42+00:00,55501,STARLINK-5367,75.5373703016021,0.18524909034157844,75.53691649020936,-0.18504595922261302
2026-09-11 11:58:42+00:00,55501,STARLINK-5367,75.45623133233764,0.2118792480674756,75.45568908039418,-0.19219642653207103
2026-09-11 11:59:42+00:00,55501,STARLINK-5367,75.37164622304753,0.23511521722234185,75.37101810502557,-0.19850697412333318
2026-09-11 12:00:42+00:00,55501,STARLINK-5367,75.2840579981596,0.2548504641271361,75.28335053719815,-0.20389164902425705
2026-09-11 12:01:42+00:00,55501,STARLINK-5367,75.19384899974219,0.27105357540761155,75.19307194273141,-0.2083006733251338
2026-09-11 12:02:42+00:00,55501,STARLINK-5367,75.10148951927957,0.2837485832430753,75.10065514594757,-0.21168704595488208
2026-09-11 12:03:42+00:00,55501,STARLINK-5367,75.00751844935428,0.29291052030553555,75.00664117335478,-0.21402628089778375
2026-09-11 12:04:42+00:00,55501,STARLINK-5367,74.91249588274752,0.2984165004986985,74.91159213824378,-0.2152911709912857
2026-09-11 12:05:42+00:00,55501,STARLINK-5367,74.81692472240722,0.30005617121070205,74.81601285462145,-0.21543386360461625
2026-09-11 12:06:42+00:00,55501,STARLINK-5367,74.7211962741234,0.2976607312279591,74.7202958199959,-0.214390525597274
2026-09-11 12:07:42+00:00,55501,STARLINK-5367,74.62566706432499,0.2912363337987802,74.62479731825648,-0.2121117688734131
2026-09-11 12:08:42+00:00,55501,STARLINK-5367,74.53077204040079,0.28093596286688793,74.52995068075441,-0.20858438885029074
2026-09-11 12:09:42+00:00,55501,STARLINK-5367,74.43704034456233,0.26694453885810177,74.43628267158877,-0.20380850450217736
2026-09-11 12:10:42+00:00,55501,STARLINK-5367,74.3450148058873,0.2493929308130749,74.34433340433787,-0.1977885697286652
2026-09-11 12:11:42+00:00,55501,STARLINK-5367,74.25523642040916,0.22835724952401648,74.25464099259635,-0.1904727751665405
2026-09-11 12:12:42+00:00,55501,STARLINK-5367,74.16813681635125,0.20392532145700848,74.16763351013202,-0.18185922854337377
2026-09-11 12:13:42+00:00,55501,STARLINK-5367,74.08411157413438,0.17622802562596895,74.0837023653761,-0.17197456248989695
2026-09-11 12:14:42+00:00,55501,STARLINK-5367,74.00352800560132,0.14547494190766486,74.00321012029876,-0.16089191405115244
2026-09-11 12:15:42+00:00,55501,STARLINK-5367,73.92679687188068,0.11193437502844716,73.92656261851795,-0.1486803360772413
2026-09-11 12:16:42+00:00,55501,STARLINK-5367,73.85436303139082,0.07582968586337557,73.85420008915503,-0.13534334952122506
2026-09-11 12:17:42+00:00,55501,STARLINK-5367,73.7866212031712,0.03734531819724651,73.78651274456698,-0.12087556963777857
2026-09-11 12:18:42+00:00,55501,STARLINK-5367,73.72392782159876,-0.0032776500588234114,73.72385252615366,-0.1053157313080213
2026-09-11 12:19:42+00:00,55501,STARLINK-5367,73.66667724651079,-0.04576934810793887,73.66660957432832,-0.08874419328802574
2026-09-11 12:20:42+00:00,55501,STARLINK-5367,73.61525933543469,-0.08991948375326864,73.61516992233788,-0.07126580572081309
2026-09-11 12:21:42+00:00,55501,STARLINK-5367,73.56999096177825,-0.13554513189532535,73.56984702502946,-0.05297496686731762
2026-09-11 12:22:42+00:00,55501,STARLINK-5367,73.53119429160573,-0.18246410595311602,73.53096007712593,-0.0339254479829556
2026-09-11 12:23:42+00:00,55501,STARLINK-5367,73.49911255378171,-0.2304956925389554,73.49874976178727,-0.014190960981247613
2026-09-11 12:24:42+00:00,55501,STARLINK-5367,73.47398132551113,-0.27944903768369045,73.47344964086334,0.006158604838748971
2026-09-11 12:25:42+00:00,55501,STARLINK-5367,73.45602189715889,-0.32914567779352755,73.45527948739219,0.027046400480740473
2026-09-11 12:26:42+00:00,55501,STARLINK-5367,73.44542198692591,-0.37943657088864935,73.44442591769976,0.04837712066207267
2026-09-11 12:27:42+00:00,55501,STARLINK-5367,73.4423250461205,-0.4301990289122508,73.44103166291764,0.07003757470946326
2026-09-11 12:28:42+00:00,55501,STARLINK-5367,73.44682255881091,-0.48134028715244936,73.44518778817002,0.09190361178428241
2026-09-11 12:29:42+00:00,55501,STARLINK-5367,73.45894027439434,-0.5327832372848036,73.45691995724252,0.11383608552141466
2026-09-11 12:30:42+00:00,55501,STARLINK-5367,73.4786386609946,-0.5844435161388777,73.47618904580965,0.13567812607741025
2026-09-11 12:31:42+00:00,55501,STARLINK-5367,73.50582166053933,-0.6362167899247968,73.50290004395357,0.15726193373166275
2026-09-11 12:32:42+00:00,55501,STARLINK-5367,73.54033144671104,-0.6879664082913912,73.53689697876472,0.17842154500721819
2026-09-11 12:33:42+00:00,55501,STARLINK-5367,73.58202810141516,-0.73952945664292,73.5780426442643,0.19898828867719232
2026-09-11 12:34:42+00:00,55501,STARLINK-5367,73.63069671630362,-0.7907330206834136,73.62612555794472,0.21880480809219804
2026-09-11 12:35:42+00:00,55501,STARLINK-5367,73.68608102518267,-0.8413925766737957,73.68089368735978,0.23769899808017136
2026-09-11 12:36:42+00:00,55501,STARLINK-5367,73.74785385265109,-0.8912547182557784,73.7420256630344,0.25546822022724314
2026-09-11 12:37:42+00:00,55501,STARLINK-5367,73.81568454071846,-0.9399597439188874,73.80919875818957,0.2719164738354358
2026-09-11 12:38:42+00:00,55501,STARLINK-5367,73.88929567327777,-0.9871317116687841,73.88214448258394,0.28690195445828337
2026-09-11 12:39:42+00:00,55501,STARLINK-5367,73.96841580419448,-1.0324415500458564,73.96060046194356,0.3003004107572451
2026-09-11 12:40:42+00:00,55501,STARLINK-5367,74.05276012239065,-1.0756022010235924,74.04429103283172,0.3119729071569708
2026-09-11 12:41:42+00:00,55501,STARLINK-5367,74.14202834209385,-1.116395727570719,74.13292426789286,0.3218178835495671
2026-09-11 12:42:42+00:00,55501,STARLINK-5367,74.23585362039462,-1.1546349387247243,74.22614097389071,0.32981363075860415
2026-09-11 12:43:42+00:00,55501,STARLINK-5367,74.33382573227699,-1.190079931338854,74.32353918191055,0.3359780179638143
2026-09-11 12:44:42+00:00,55501,STARLINK-5367,74.43553525449559,-1.2224616609900139,74.42471804133942,0.3403536069921813
2026-09-11 12:45:42+00:00,55501,STARLINK-5367,74.54062614897764,-1.2515332230195657,74.52932968937762,0.3429684028918629
2026-09-11 12:46:42+00:00,55501,STARLINK-5367,74.64870833420942,-1.277051498042109,74.6369916629457,0.343905426807936
2026-09-11 12:47:42+00:00,55501,STARLINK-5367,74.75947403079215,-1.2988436076223717,74.74740229938578,0.34323772723326584
2026-09-11 12:48:42+00:00,55501,STARLINK-5367,74.87260987568182,-1.3169169032753318,74.86025072830535,0.34102838763703147
2026-09-11 12:49:42+00:00,55501,STARLINK-5367,74.98767954621097,-1.3313756086358772,74.97510082976183,0.33731036302379636
2026-09-11 12:50:42+00:00,55501,STARLINK-5367,75.10414706685141,-1.3422915497632468,75.09141686562182,0.33207400995387104
2026-09-11 12:51:42+00:00,55501,STARLINK-5367,75.2214328968267,-1.3496668026406717,75.20862011158522,0.3253113660957183
2026-09-11 12:52:42+00:00,55501,STARLINK-5367,75.33896203149226,-1.3534389816930954,75.32613676831338,0.3170527823771607
2026-09-11 12:53:42+00:00,55501,STARLINK-5367,75.45620176760495,-1.3535290873545622,75.44343492015012,0.30736241192574454
2026-09-11 12:54:42+00:00,55501,STARLINK-5367,75.5726365540798,-1.34988050620953,75.55999874399666,0.29632441887065397
2026-09-11 12:55:42+00:00,55501,STARLINK-5367,75.68774447360488,-1.34243188375528,75.67530551398599,0.28403433607061146
2026-09-11 12:56:42+00:00,55501,STARLINK-5367,75.80110279061675,-1.3311191251169667,75.78893136004132,0.27053548997960064
2026-09-11 12:57:42+00:00,55501,STARLINK-5367,75.91230663294849,-1.3159397407444438,75.90046848345617,0.2559002254739511
2026-09-11 12:58:42+00:00,55501,STARLINK-5367,76.02095955323014,-1.2969636369837687,76.00951584373543,0.24016227665455858
2026-09-11 12:59:42+00:00,55501,STARLINK-5367,76.12664803726209,-1.2742527125765832,76.11565503848283,0.22333713608174577
2026-09-11 13:00:42+00:00,55501,STARLINK-5367,76.22901211818309,-1.2478718866653704,76.21852062536897,0.2054700678422492
2026-09-11 13:01:42+00:00,55501,STARLINK-5367,76.327720485107,-1.217962980352219,76.31777407119446,0.18665864359808992
2026-09-11 13:02:42+00:00,55501,STARLINK-5367,76.42241353326605,-1.1847126681646039,76.41304767677993,0.1670056573072749
2026-09-11 13:03:42+00:00,55501,STARLINK-5367,76.51273317239765,-1.1483066148031114,76.50397531445742,0.14659643177254367
2026-09-11 13:04:42+00:00,55501,STARLINK-5367,76.59834782647279,-1.1089553183234457,76.59021709000837,0.1255147507762686
2026-09-11 13:05:42+00:00,55501,STARLINK-5367,76.67893546250644,-1.0669053306757448,76.67144236158629,0.10384061130293887
2026-09-11 13:06:42+00:00,55501,STARLINK-5367,76.75415728142963,-1.0224237370303015,76.74730380645849,0.08165857918355712
2026-09-11 13:07:42+00:00,55501,STARLINK-5367,76.82370769317386,-0.9757806282005497,76.81748780043058,0.059024762120145624
2026-09-11 13:08:42+00:00,55501,STARLINK-5367,76.8872215711605,-0.92720573675434,76.88162220780065,0.036015989127299974
2026-09-11 13:09:42+00:00,55501,STARLINK-5367,76.94436384434209,-0.8768333463050642,76.93936657731038,0.012703368222307887
2026-09-11 13:10:42+00:00,55501,STARLINK-5367,76.99490447397254,-0.8247170825801327,76.9904866821823,-0.010822687572183298
2026-09-11 13:11:42+00:00,55501,STARLINK-5367,77.03873950009843,-0.7709392299808666,77.03487424618177,-0.03444332540418138
2026-09-11 13:12:42+00:00,55501,STARLINK-5367,77.07585741317025,-0.7156537949668413,77.0725130632471,-0.058014969648761294
2026-09-11 13:13:42+00:00,55501,STARLINK-5367,77.10631771475792,-0.6591305391714224,77.10345747161776,-0.08139031855734835
2026-09-11 13:14:42+00:00,55501,STARLINK-5367,77.13015175795447,-0.6017682148654986,77.12773353092507,-0.10442989649475809
2026-09-11 13:15:42+00:00,55501,STARLINK-5367,77.14731964641972,-0.5439911159169708,77.14529716599685,-0.1269939474962256
2026-09-11 13:16:42+00:00,55501,STARLINK-5367,77.15776278355031,-0.4861891573181776,77.15608721916969,-0.14893922856385777
2026-09-11 13:17:42+00:00,55501,STARLINK-5367,77.16141773447181,-0.42871911308649,77.16003911702677,-0.17014750845312054
2026-09-11 13:18:42+00:00,55501,STARLINK-5367,77.15828537148738,-0.37189448083461496,77.15715380171535,-0.1905601780278099
2026-09-11 13:19:42+00:00,55501,STARLINK-5367,77.14836827788275,-0.31598903153451197,77.14743478173148,-0.21020340212488087
2026-09-11 13:20:42+00:00,55501,STARLINK-5367,77.13174065440029,-0.2612834368741215,77.13095771296581,-0.2291497849974231
2026-09-11 13:21:42+00:00,55501,STARLINK-5367,77.10849210671587,-0.20809834720698817,77.1078142805712,-0.2474407450178866
2026-09-11 13:22:42+00:00,55501,STARLINK-5367,77.07869970094221,-0.15674110142106024,77.07808455643081,-0.2650677778510868
2026-09-11 13:23:42+00:00,55501,STARLINK-5367,77.04245376475775,-0.10744681018258007,77.04186263419395,-0.28202682817134317
2026-09-11 13:24:42+00:00,55501,STARLINK-5367,76.99988717936405,-0.060379255244324526,76.99928558616526,-0.2983273378258069
2026-09-11 13:25:42+00:00,55501,STARLINK-5367,76.95117724532935,-0.01565307863737786,76.95053519996698,-0.31395359826392166
2026-09-11 13:26:42+00:00,55501,STARLINK-5367,76.89655810756365,0.02666003074224932,76.89585027555938,-0.3288592881902126
2026-09-11 13:27:42+00:00,55501,STARLINK-5367,76.83636707359591,0.06649167547612933,76.83557279294348,-0.3429832441235803
2026-09-11 13:28:42+00:00,55501,STARLINK-5367,76.77101756030305,0.10368493897618691,76.77012099646326,-0.3562427068420533
2026-09-11 13:29:42+00:00,55501,STARLINK-5367,76.7008674087577,0.13800251643673178,76.69985793096427,-0.36852398997146807
2026-09-11 13:30:42+00:00,55501,STARLINK-5367,76.62624853991586,0.16924274763043456,76.62512118088863,-0.37963957573887797
2026-09-11 13:31:42+00:00,55501,STARLINK-5367,76.54744295705268,0.19728103554202647,76.54619811819488,-0.3894317736274786
2026-09-11 13:32:42+00:00,55501,STARLINK-5367,76.46477964846959,0.22205411741538406,76.46342255047487,-0.3977820074876419
2026-09-11 13:33:42+00:00,55501,STARLINK-5367,76.37864582797515,0.24351986885265653,76.37718579407827,-0.4046316418514806
2026-09-11 13:34:42+00:00,55501,STARLINK-5367,76.28945622249682,0.26160041479230856,76.28790618412587,-0.40995852137557875
2026-09-11 13:35:42+00:00,55501,STARLINK-5367,76.19760609672547,0.2762431453440204,76.19598207628837,-0.41373908000691273
2026-09-11 13:36:42+00:00,55501,STARLINK-5367,76.10352729554064,0.2874648647750062,76.10184767863589,-0.4159455160478558
2026-09-11 13:37:42+00:00,55501,STARLINK-5367,76.00771294504798,0.29527154885514406,76.00599790535338,-0.4165624330971056
2026-09-11 13:38:42+00:00,55501,STARLINK-5367,75.91067327853584,0.29961389967687024,75.9089445344695,-0.4155583888847403
2026-09-11 13:39:42+00:00,55501,STARLINK-5367,75.81289732366793,0.3004186925492923,75.81117787098877,-0.41286684473969615
2026-09-11 13:40:42+00:00,55501,STARLINK-5367,75.71482735393027,0.29765811016279553,75.71314052906794,-0.40845086672982944
2026-09-11 13:41:42+00:00,55501,STARLINK-5367,75.61696260863367,0.29136729682202933,75.61533118736904,-0.40227935361104983
2026-09-11 13:42:42+00:00,55501,STARLINK-5367,75.51979319706214,0.2815656462716545,75.51823856507573,-0.39437208595691686
2026-09-11 13:43:42+00:00,55501,STARLINK-5367,75.42377043274101,0.2682415884548668,75.42231221090113,-0.3847252297353023
2026-09-11 13:44:42+00:00,55501,STARLINK-5367,75.32927641855858,0.2514622455993454,75.32793148055254,-0.3733515017045903
2026-09-11 13:45:42+00:00,55501,STARLINK-5367,75.23670614432282,0.23139264206658972,75.23548762914301,-0.36029168384759913
2026-09-11 13:46:42+00:00,55501,STARLINK-5367,75.14650241088314,0.2082414579523455,75.1454192645575,-0.3455772531955006
2026-09-11 13:47:42+00:00,55501,STARLINK-5367,75.05914159243565,0.1822213438545468,75.05819846918646,-0.3292028787268393
2026-09-11 13:48:42+00:00,55501,STARLINK-5367,74.97510254012043,0.1535160355326255,74.97429973107981,-0.31114877890370707
2026-09-11 13:49:42+00:00,55501,STARLINK-5367,74.89483777583149,0.12225763348221008,74.8941709993015,-0.2914255763640554
2026-09-11 13:50:42+00:00,55501,STARLINK-5367,74.81873076108155,0.08857214542091185,74.81819084593536,-0.2700855706205978
2026-09-11 13:51:42+00:00,55501,STARLINK-5367,74.74713514730078,0.052653588963593734,74.74670777325343,-0.24721931209598935
2026-09-11 13:52:42+00:00,55501,STARLINK-5367,74.68048747634,0.014658523903307241,74.6801533747032,-0.22290527642708824
2026-09-11 13:53:42+00:00,55501,STARLINK-5367,74.61910454583754,-0.02534707837408945,74.61883957183974,-0.19723513960218853
2026-09-11 13:54:42+00:00,55501,STARLINK-5367,74.56320499036178,-0.06725518015034382,74.56298021046712,-0.1702859622582764
2026-09-11 13:55:42+00:00,55501,STARLINK-5367,74.51297448682655,-0.11083378007286804,74.5127564389773,-0.1421640366067578
2026-09-11 13:56:42+00:00,55501,STARLINK-5367,74.46866379096289,-0.15575997365392524,74.46841518367546,-0.11298528137709418
2026-09-11 13:57:42+00:00,55501,STARLINK-5367,74.43060114889694,-0.20175008069744393,74.43028158208995,-0.08287280566263
2026-09-11 13:58:42+00:00,55501,STARLINK-5367,74.39910115313513,-0.24863298912795706,74.39866755769918,-0.05195834977716274
2026-09-11 13:59:42+00:00,55501,STARLINK-5367,74.37439281784722,-0.2962956560283274,74.37379982593984,-0.020380350769080735
2026-09-11 14:00:42+00:00,55501,STARLINK-5367,74.35661903553459,-0.34459619569213107,74.35581961601187,0.011708485988306094
2026-09-11 14:01:42+00:00,55501,STARLINK-5367,74.34589291458481,-0.39333693931005564,74.34483928623689,0.04416811852946623
2026-09-11 14:02:42+00:00,55501,STARLINK-5367,74.34231791525175,-0.4423071258367324,74.34096238759115,0.07686810494556173
2026-09-11 14:03:42+00:00,55501,STARLINK-5367,74.34602632983771,-0.49131782153400594,74.34432198857498,0.10966263838064916
2026-09-11 14:04:42+00:00,55501,STARLINK-5367,74.35707748495817,-0.5402059754420616,74.3549788055835,0.14239532786378106
2026-09-11 14:05:42+00:00,55501,STARLINK-5367,74.37550494570361,-0.5888455052488855,74.37296822114502,0.17491390992031342
2026-09-11 14:06:42+00:00,55501,STARLINK-5367,74.4012942279709,-0.6371493500651084,74.39827785440139,0.2070647292456549
2026-09-11 14:07:42+00:00,55501,STARLINK-5367,74.43437087071659,-0.685068713917012,74.43083551606595,0.2386884097082902
2026-09-11 14:08:42+00:00,55501,STARLINK-5367,74.47458738666835,-0.7325750099415682,74.47049623272652,0.2696129091379742
2026-09-11 14:09:42+00:00,55501,STARLINK-5367,74.52171981419099,-0.7796301712471969,74.51703906434173,0.2996497025409166
2026-09-11 14:10:42+00:00,55501,STARLINK-5367,74.57547446780555,-0.8261656183661739,74.57017415925216,0.3285853437783288
2026-09-11 14:11:42+00:00,55501,STARLINK-5367,74.63550409172952,-0.8720569675466088,74.62955935005012,0.3561725554726962
2026-09-11 14:12:42+00:00,55501,STARLINK-5367,74.70144540530406,-0.9171142264576986,74.69483793678405,0.3821422965557524
2026-09-11 14:13:42+00:00,55501,STARLINK-5367,74.7729417632048,-0.9611157708274192,74.76566078876311,0.406255114790099
2026-09-11 14:14:42+00:00,55501,STARLINK-5367,74.84960276118716,-1.0038378706369144,74.84164523640436,0.4283472250223852
2026-09-11 14:15:42+00:00,55501,STARLINK-5367,74.93104091808323,-1.0450343298358824,74.92241214171118,0.4482802521808118
2026-09-11 14:16:42+00:00,55501,STARLINK-5367,75.01681421129234,-1.0844050511344356,75.0075286986708,0.46595988529627164
2026-09-11 14:17:42+00:00,55501,STARLINK-5367,75.10651049452824,-1.1215987249383517,75.0965931898538,0.4812756408742409
2026-09-11 14:18:42+00:00,55501,STARLINK-5367,75.19975227663434,-1.1562459884403467,75.1892390481404,0.49413464054832446
2026-09-11 14:19:42+00:00,55501,STARLINK-5367,75.29618958714562,-1.1880110437889222,75.285126586252,0.5044908276929192
2026-09-11 14:20:42+00:00,55501,STARLINK-5367,75.39549659163863,-1.2166087440866935,75.38393926728403,0.5123182702549514
2026-09-11 14:21:42+00:00,55501,STARLINK-5367,75.49735891243368,-1.2418332384039168,75.48537053478498,0.5175791601702286
2026-09-11 14:22:42+00:00,55501,STARLINK-5367,75.60142163267743,-1.2635190246588373,75.58907201460609,0.5202542905966183
2026-09-11 14:23:42+00:00,55501,STARLINK-5367,75.70734121631692,-1.2815030524495654,75.69470565260102,0.5203846043972646
2026-09-11 14:24:42+00:00,55501,STARLINK-5367,75.81480108752017,-1.2957067209297737,75.80195797928869,0.5180487812339223
2026-09-11 14:25:42+00:00,55501,STARLINK-5367,75.92343372016441,-1.3061311119356382,75.91046248295127,0.5133176434555082
2026-09-11 14:26:42+00:00,55501,STARLINK-5367,76.03287131030702,-1.312820346237934,76.01985126090977,0.5061982787075365
2026-09-11 14:27:42+00:00,55501,STARLINK-5367,76.14264924333322,-1.3158272692384296,76.12965830613028,0.4967480071924726
2026-09-11 14:28:42+00:00,55501,STARLINK-5367,76.25229513562635,-1.3151791487597126,76.23940948331709,0.4850349393938771
2026-09-11 14:29:42+00:00,55501,STARLINK-5367,76.36132717733265,-1.3108936737125774,76.34862060928948,0.47114447745826027
2026-09-11 14:30:42+00:00,55501,STARLINK-5367,76.46927312398017,-1.302973409577449,76.45681664857483,0.45517070426305395
2026-09-11 14:31:42+00:00,55501,STARLINK-5367,76.5756927641581,-1.2914380659948907,76.56355362755355,0.4372252887984942
2026-09-11 14:32:42+00:00,55501,STARLINK-5367,76.6801480777352,-1.276349690030715,76.66838847465287,0.4174319008754921
2026-09-11 14:33:42+00:00,55501,STARLINK-5367,76.78218714556021,-1.2577829201028532,76.77086356397643,0.3959199705039822
2026-09-11 14:34:42+00:00,55501,STARLINK-5367,76.88135897552537,-1.2358006308626948,76.87052197927858,0.3728342226807868
2026-09-11 14:35:42+00:00,55501,STARLINK-5367,76.97723033844467,-1.2104510577100136,76.96692452496058,0.3483216672483458
2026-09-11 14:36:42+00:00,55501,STARLINK-5367,77.06939589523874,-1.1817677098389971,77.05965989094113,0.32253097448313284
2026-09-11 14:37:42+00:00,55501,STARLINK-5367,77.15756784066718,-1.1498066452606999,77.14843391191303,0.2955752101585638
2026-09-11 14:38:42+00:00,55501,STARLINK-5367,77.24147387023994,-1.114712568050365,77.23296640079151,0.2675863819403439
2026-09-11 14:39:42+00:00,55501,STARLINK-5367,77.32085300712899,-1.0767175229270016,77.3129875026123,0.23864732721219895
2026-09-11 14:40:42+00:00,55501,STARLINK-5367,77.39542620291829,-1.0360723269727252,77.3882093780935,0.2088073681896212
2026-09-11 14:41:42+00:00,55501,STARLINK-5367,77.46492621873008,-0.9930091940770893,77.458356573609,0.17811156452651034
2026-09-11 14:42:42+00:00,55501,STARLINK-5367,77.52912832310255,-0.9477579156873528,77.52319651859708,0.14661177420133598
2026-09-11 14:43:42+00:00,55501,STARLINK-5367,77.5878418559148,-0.9005736930603199,77.58253083421654,0.11436887536197915
2026-09-11 14:44:42+00:00,55501,STARLINK-5367,77.6408854898784,-0.8517293377838477,77.63617083031414,0.08145915448502095
2026-09-11 14:45:42+00:00,55501,STARLINK-5367,77.68807674825882,-0.8014953409150163,77.68392737194742,0.04798053609205688
2026-09-11 14:46:42+00:00,55501,STARLINK-5367,77.72922754548102,-0.7501198509192353,77.72560670369198,0.014055938833614334
2026-09-11 14:47:42+00:00,55501,STARLINK-5367,77.7641332186717,-0.6978163299910012,77.76099961417016,-0.020164968293651775
2026-09-11 14:48:42+00:00,55501,STARLINK-5367,77.79264684695946,-0.6447401860629212,77.78995592417013,-0.054505631798605236
2026-09-11 14:49:42+00:00,55501,STARLINK-5367,77.81464508479179,-0.5909927494028775,77.81235017336913,-0.08875662931014516
2026-09-11 14:50:42+00:00,55501,STARLINK-5367,77.83011828443965,-0.5366867434988665,77.82817112157096,-0.12271666833118688
2026-09-11 14:51:42+00:00,55501,STARLINK-5367,77.83913952556425,-0.48200340583865753,77.83749046636925,-0.15618160869539688
2026-09-11 14:52:42+00:00,55501,STARLINK-5367,77.84183649461828,-0.4272428108765203,77.84043468428173,-0.1889460174470292
2026-09-11 14:53:42+00:00,55501,STARLINK-5367,77.83830896076917,-0.37281513805793054,77.83710287746067,-0.22083113140624988
2026-09-11 14:54:42+00:00,55501,STARLINK-5367,77.82858903596463,-0.31914431554707434,77.8275277705281,-0.25167312649260154
2026-09-11 14:55:42+00:00,55501,STARLINK-5367,77.81268609165582,-0.2665925253676953,77.8117209404169,-0.281299688353716
2026-09-11 14:56:42+00:00,55501,STARLINK-5367,77.79064700620172,-0.21544584650843923,77.78973273187513,-0.30955812723414056
2026-09-11 14:57:42+00:00,55501,STARLINK-5367,77.7626048199138,-0.16594907011004345,77.76170032813204,-0.3363500587179722
2026-09-11 14:58:42+00:00,55501,STARLINK-5367,77.72879592204552,-0.11839225361716643,77.72786453420282,-0.36162648948709375
2026-09-11 14:59:42+00:00,55501,STARLINK-5367,77.68944484012833,-0.07316285371808817,77.68845458701395,-0.38537078982268724
2026-09-11 15:00:42+00:00,55501,STARLINK-5367,77.64472907927852,-0.03060638834170959,77.64365346386263,-0.40754610434097316
2026-09-11 15:01:42+00:00,55501,STARLINK-5367,77.59479583158239,0.009082385471842258,77.59361414680558,-0.42813700130056276
2026-09-11 15:02:42+00:00,55501,STARLINK-5367,77.53991224832782,0.04573810040966464,77.53860968439159,-0.44711040708758176
2026-09-11 15:03:42+00:00,55501,STARLINK-5367,77.48035736305917,0.07915407599633895,77.47892501889538,-0.4644240045428951
2026-09-11 15:04:42+00:00,55501,STARLINK-5367,77.4163842496229,0.10918231457562655,77.41481898074937,-0.4800330043332508
2026-09-11 15:05:42+00:00,55501,STARLINK-5367,77.34829313215053,0.1357622312815039,77.34659706338451,-0.4939046346031333
2026-09-11 15:06:42+00:00,55501,STARLINK-5367,77.27644750131783,0.15886078497798195,77.27462745803462,-0.5060166962556707
2026-09-11 15:07:42+00:00,55501,STARLINK-5367,77.20124482483794,0.17844799289159674,77.1993119724587,-0.5163233457767333
2026-09-11 15:08:42+00:00,55501,STARLINK-5367,77.12308649978654,0.1944876895189971,77.12105602879639,-0.5247502219450126
2026-09-11 15:09:42+00:00,55501,STARLINK-5367,77.04235376760289,0.20695373763443747,77.04024434505726,-0.5312207232656405
2026-09-11 15:10:42+00:00,55501,STARLINK-5367,76.95940423805445,0.21587124104005895,76.9572370921596,-0.5356859384926196
2026-09-11 15:11:42+00:00,55501,STARLINK-5367,76.87466344052977,0.22132720465580924,76.87246167241122,-0.5380797216705204
2026-09-11 15:12:42+00:00,55501,STARLINK-5367,76.78856991669883,0.22344310942569612,76.78635725491517,-0.538407419276723
2026-09-11 15:13:42+00:00,55501,STARLINK-5367,76.70164029954456,0.222312707017008,76.69944045518704,-0.5366894467313088
2026-09-11 15:14:42+00:00,55501,STARLINK-5367,76.61441299704667,0.21795659654135124,76.61224924210075,-0.5329539101017247
2026-09-11 15:15:42+00:00,55501,STARLINK-5367,76.52738771324438,0.2103446418655439,76.52528249601711,-0.5272231497591804
2026-09-11 15:16:42+00:00,55501,STARLINK-5367,76.44099868272109,0.19946506342670833,76.4389730194599,-0.5195161503916452
2026-09-11 15:17:42+00:00,55501,STARLINK-5367,76.35565422073327,0.18538161225352745,76.35372690136971,-0.5098562592247617
2026-09-11 15:18:42+00:00,55501,STARLINK-5367,76.27178655899297,0.16820790236747563,76.26997354503182,-0.4982634266238293
2026-09-11 15:19:42+00:00,55501,STARLINK-5367,76.1898428117394,0.14806028194417564,76.18815693440851,-0.4847357717443117
2026-09-11 15:20:42+00:00,55501,STARLINK-5367,76.11025585804317,0.12505708613685051,76.10870648951678,-0.46925898455820914
2026-09-11 15:21:42+00:00,55501,STARLINK-5367,76.03343136822659,0.09932564933087562,76.03202388696747,-0.4518447673885646
2026-09-11 15:22:42+00:00,55501,STARLINK-5367,75.95980760635466,0.07099121025320443,75.95854315978278,-0.43249611084770123
2026-09-11 15:23:42+00:00,55501,STARLINK-5367,75.88974736644651,0.04019389382913019,75.88862225120454,-0.41128166499250796
2026-09-11 15:24:42+00:00,55501,STARLINK-5367,75.82360722751919,0.007110425573717549,75.82261270250557,-0.38828520547401624
2026-09-11 15:25:42+00:00,55501,STARLINK-5367,75.76175299086918,-0.02806151802555945,75.76087522030421,-0.3636133305818561
2026-09-11 15:26:42+00:00,55501,STARLINK-5367,75.70455429806483,-0.06515418137244922,75.70377449122454,-0.33737839752727083
2026-09-11 15:27:42+00:00,55501,STARLINK-5367,75.65233331975335,-0.10402598717035616,75.65162791880167,-0.3096910593588973
2026-09-11 15:28:42+00:00,55501,STARLINK-5367,75.60536653383755,-0.14451634519051026,75.60470748443328,-0.2806598210983893
2026-09-11 15:29:42+00:00,55501,STARLINK-5367,75.5639194109398,-0.18643614789656482,75.56327458613983,-0.2503839559477221
2026-09-11 15:30:42+00:00,55501,STARLINK-5367,75.52824585149956,-0.22959740687135444,75.5275795423344,-0.2189404295040731
2026-09-11 15:31:42+00:00,55501,STARLINK-5367,75.49855494212362,-0.2738110472361637,75.49782835852825,-0.1863840268796313
2026-09-11 15:32:42+00:00,55501,STARLINK-5367,75.47499455463706,-0.3188724590950951,75.47416629843148,-0.1527904906512738
2026-09-11 15:33:42+00:00,55501,STARLINK-5367,75.4577003593859,-0.3645626259083947,75.45672704863706,-0.1182401206916559
2026-09-11 15:34:42+00:00,55501,STARLINK-5367,75.44673630636841,-0.41060544770287866,75.44557348703759,-0.08284721490391345
2026-09-11 15:35:42+00:00,55501,STARLINK-5367,75.44221576299908,-0.4567123062745,75.44081882698747,-0.04677407251051324
2026-09-11 15:36:42+00:00,55501,STARLINK-5367,75.44426503972693,-0.5026587399183444,75.44258981284791,-0.010193435224823855
2026-09-11 15:37:42+00:00,55501,STARLINK-5367,75.45298243105553,-0.5482811992604845,75.45098561316173,0.026748274214364987
2026-09-11 15:38:42+00:00,55501,STARLINK-5367,75.46840771496251,-0.5934687917692885,75.46604715950481,0.06390574626418832
2026-09-11 15:39:42+00:00,55501,STARLINK-5367,75.49049260005638,-0.6381149783266773,75.48772785495392,0.1011215605992195
2026-09-11 15:40:42+00:00,55501,STARLINK-5367,75.51914951010357,-0.6820614631193171,75.51594285332872,0.1382384269801804
2026-09-11 15:41:42+00:00,55501,STARLINK-5367,75.55430131372371,-0.7251349943875436,75.55061857827273,0.17509621702373757
2026-09-11 15:42:42+00:00,55501,STARLINK-5367,75.59585551672463,-0.7671852609077803,75.5916665729779,0.21152494104952524
2026-09-11 15:43:42+00:00,55501,STARLINK-5367,75.64369535531046,-0.8080924585413616,75.63897441202683,0.24735295069432794
2026-09-11 15:44:42+00:00,55501,STARLINK-5367,75.69765490103516,-0.8477838079566347,75.69238046981032,0.2824162613215826
2026-09-11 15:45:42+00:00,55501,STARLINK-5367,75.75755644015598,-0.886227029131323,75.75171134852285,0.3165236268139324
2026-09-11 15:46:42+00:00,55501,STARLINK-5367,75.82310977936102,-0.9234168457337049,75.81668112423192,0.34948712219457434
2026-09-11 15:47:42+00:00,55501,STARLINK-5367,75.89395868448828,-0.9593481581817791,75.88693812822156,0.38110029871663187
2026-09-11 15:48:42+00:00,55501,STARLINK-5367,75.96966930007993,-0.9939879909455733,75.96205367786035,0.41114775838458684
2026-09-11 15:49:42+00:00,55501,STARLINK-5367,76.04975083767161,-1.027250295527704,76.04154300421874,0.4394278550825632
2026-09-11 15:50:42+00:00,55501,STARLINK-5367,76.13367415811832,-1.058998259691208,76.12488369151359,0.4657751110064865
2026-09-11 15:51:42+00:00,55501,STARLINK-5367,76.22089347537967,-1.0890136375975175,76.21153778283183,0.49006148420413354
2026-09-11 15:52:42+00:00,55501,STARLINK-5367,76.3109083486346,-1.1170198676609058,76.30101367323444,0.5121640809880219
2026-09-11 15:53:42+00:00,55501,STARLINK-5367,76.40325198312082,-1.1427569789141518,76.39285347516613,0.5319379711935426
2026-09-11 15:54:42+00:00,55501,STARLINK-5367,76.4974517675852,-1.1659560069954438,76.48659368047093,0.5492364539250829
2026-09-11 15:55:42+00:00,55501,STARLINK-5367,76.59306943805252,-1.1863229680237914,76.58180509009867,0.563961789498201
2026-09-11 15:56:42+00:00,55501,STARLINK-5367,76.6897815840721,-1.203629131718694,76.67817201500932,0.5760319110953986
2026-09-11 15:57:42+00:00,55501,STARLINK-5367,76.78723496359218,-1.2177343246204204,76.77534645387951,0.5854514115858507
2026-09-11 15:58:42+00:00,55501,STARLINK-5367,76.88505910344418,-1.2285482595203385,76.8729617260438,0.5922313571051276
2026-09-11 15:59:42+00:00,55501,STARLINK-5367,76.98284374498566,-1.2359101244179977,76.97061196835449,0.5963643569540835
2026-09-11 16:00:42+00:00,55501,STARLINK-5367,77.08028238298004,-1.2395958110837495,77.06799526583917,0.5978630024342095
2026-09-11 16:01:42+00:00,55501,STARLINK-5367,77.17716127707989,-1.2395229366846205,77.16489913526839,0.5967806311267481
2026-09-11 16:02:42+00:00,55501,STARLINK-5367,77.27320542826503,-1.23574158204624,77.26104699862452,0.5931581387665901
2026-09-11 16:03:42+00:00,55501,STARLINK-5367,77.3680824924885,-1.228316691865409,77.35610398920522,0.5870283470651216
2026-09-11 16:04:42+00:00,55501,STARLINK-5367,77.46145277070734,-1.21733700795774,77.4497266523083,0.5784439819936438
2026-09-11 16:05:42+00:00,55501,STARLINK-5367,77.55295904863706,-1.2029416481711124,77.54155275334656,0.5674373891838229
2026-09-11 16:06:42+00:00,55501,STARLINK-5367,77.6422084508213,-1.185254534796341,77.63118420187254,0.5540254718558728
2026-09-11 16:07:42+00:00,55501,STARLINK-5367,77.7288855478492,-1.164367438694212,77.71830045930378,0.538210642527865
2026-09-11 16:08:42+00:00,55501,STARLINK-5367,77.81267061726676,-1.1404006971401461,77.80257514377558,0.5200921441125388
2026-09-11 16:09:42+00:00,55501,STARLINK-5367,77.89326990851805,-1.113510240450207,77.88370687268345,0.4997957138447262
2026-09-11 16:10:42+00:00,55501,STARLINK-5367,77.97039622508635,-1.0838915070850632,77.96140014649716,0.477445175470244
2026-09-11 16:11:42+00:00,55501,STARLINK-5367,78.04374656968564,-1.051766321997878,78.03534340523495,0.4531510391501534
2026-09-11 16:12:42+00:00,55501,STARLINK-5367,78.11299671637212,-1.0173420412526717,78.10520421389384,0.4270197758902903
2026-09-11 16:13:42+00:00,55501,STARLINK-5367,78.17782865717494,-0.9807779691328804,78.17065715080946,0.399160038670189
2026-09-11 16:14:42+00:00,55501,STARLINK-5367,78.23797939166288,-0.9422014221551258,78.231432347166,0.3696872747883191
2026-09-11 16:15:42+00:00,55501,STARLINK-5367,78.2932509945324,-0.9017631228154634,78.28732493106583,0.33871773041466824
2026-09-11 16:16:42+00:00,55501,STARLINK-5367,78.34347474632736,-0.8596511556336388,78.33815916134739,0.30635670460219444
2026-09-11 16:17:42+00:00,55501,STARLINK-5367,78.38847559978558,-0.8160591209023558,78.38375335765565,0.27269751663467545
2026-09-11 16:18:42+00:00,55501,STARLINK-5367,78.42815263037079,-0.7711595246935143,78.42400071099406,0.2378034529081834
2026-09-11 16:19:42+00:00,55501,STARLINK-5367,78.46241528835326,-0.7251185734101089,78.45880516716836,0.20176143541894298
2026-09-11 16:20:42+00:00,55501,STARLINK-5367,78.49123810936922,-0.6781265826162581,78.48813597850759,0.1646660224367924
2026-09-11 16:21:42+00:00,55501,STARLINK-5367,78.51463017219969,-0.6304080369067195,78.51199717779211,0.12663308673387252
2026-09-11 16:22:42+00:00,55501,STARLINK-5367,78.53261742855375,-0.5822207230917629,78.53041010017101,0.08779924911770998
2026-09-11 16:23:42+00:00,55501,STARLINK-5367,78.54522900245551,-0.5338473934429975,78.54339992095089,0.048320453881894654
2026-09-11 16:24:42+00:00,55501,STARLINK-5367,78.55247643159998,-0.4855847567912909,78.55097511114437,0.008370747841534354
2026-09-11 16:25:42+00:00,55501,STARLINK-5367,78.55434386340758,-0.43771066630935884,78.55311791187026,-0.031867018763825694
2026-09-11 16:26:42+00:00,55501,STARLINK-5367,78.55079674211643,-0.3904560568971869,78.54979311365354,-0.07221281845891081
2026-09-11 16:27:42+00:00,55501,STARLINK-5367,78.54180118347159,-0.34398286905785724,78.54096737659239,-0.11248323795852144
2026-09-11 16:28:42+00:00,55501,STARLINK-5367,78.52737508680364,-0.29838557359130036,78.52666013455686,-0.15248667095597668
2026-09-11 16:29:42+00:00,55501,STARLINK-5367,78.50761184722337,-0.25376986747041563,78.50696683069475,-0.19203607173202109
2026-09-11 16:30:42+00:00,55501,STARLINK-5367,78.48270178363202,-0.21030004895562016,78.48208034641937,-0.2309061413272122
2026-09-11 16:31:42+00:00,55501,STARLINK-5367,78.4528314320951,-0.16819656470833344,78.45219051438859,-0.26883660916136876
2026-09-11 16:32:42+00:00,55501,STARLINK-5367,78.41820433589739,-0.12777180153744183,78.41750495303623,-0.30555289857176504
2026-09-11 16:33:42+00:00,55501,STARLINK-5367,78.37895183731601,-0.089349717530542,78.37815991905791,-0.34081585477076004
2026-09-11 16:34:42+00:00,55501,STARLINK-5367,78.33518370595043,-0.053154552209115025,78.33427079407147,-0.3744329040873957
2026-09-11 16:35:42+00:00,55501,STARLINK-5367,78.28707040444633,-0.019346056946069723,78.286014034212,-0.4062325392893449
2026-09-11 16:36:42+00:00,55501,STARLINK-5367,78.23482638008893,0.011922325498456843,78.23361040601173,-0.43602685833332444
2026-09-11 16:37:42+00:00,55501,STARLINK-5367,78.1786983948464,0.040517764211738694,78.17731337410969,-0.46358885814045436
2026-09-11 16:38:42+00:00,55501,STARLINK-5367,78.11898119554425,0.06632529381367291,78.11742461054747,-0.48866778145278644
2026-09-11 16:39:42+00:00,55501,STARLINK-5367,78.05600268706755,0.08919971126411141,78.05427884799748,-0.5110307369046652
2026-09-11 16:40:42+00:00,55501,STARLINK-5367,77.99006362728969,0.10897321035958996,77.98818317969851,-0.5305033062183568
2026-09-11 16:41:42+00:00,55501,STARLINK-5367,77.92150126298736,0.12550845207225692,77.91948067658869,-0.5469349110473942
2026-09-11 16:42:42+00:00,55501,STARLINK-5367,77.85060194835442,0.13870100636370708,77.84846232599962,-0.560267105385023
2026-09-11 16:43:42+00:00,55501,STARLINK-5367,77.77768169607026,0.14851760771870381,77.7754478893641,-0.5704543314147443
2026-09-11 16:44:42+00:00,55501,STARLINK-5367,77.70311844771095,0.15496562280373105,77.70081825976368,-0.5774460303097939
2026-09-11 16:45:42+00:00,55501,STARLINK-5367,77.62730312060422,0.15807712983989308,77.62496616150821,-0.5812312998264773
2026-09-11 16:46:42+00:00,55501,STARLINK-5367,77.55065774328979,0.15791496186875298,77.54831389885655,-0.5818854922614847
2026-09-11 16:47:42+00:00,55501,STARLINK-5367,77.47362509192563,0.15450170240820416,77.47130343515899,-0.5795327132466497
2026-09-11 16:48:42+00:00,55501,STARLINK-5367,77.3966128505458,0.14785393446221917,77.39434085509575,-0.5743026698456859
2026-09-11 16:49:42+00:00,55501,STARLINK-5367,77.32003541456021,0.1380207535170932,77.31783825974279,-0.5663158312317123
2026-09-11 16:50:42+00:00,55501,STARLINK-5367,77.24430928449752,0.12504564421641184,77.24220931090042,-0.5556808409692593
2026-09-11 16:51:42+00:00,55501,STARLINK-5367,77.16979826488495,0.10901276349279065,77.16781414931424,-0.5425309920477943
2026-09-11 16:52:42+00:00,55501,STARLINK-5367,77.09693081601309,0.09008930458887043,77.09507720744028,-0.526968258179366
2026-09-11 16:53:42+00:00,55501,STARLINK-5367,77.0261443157581,0.06844596580270412,77.02443141346627,-0.5091058180657271
2026-09-11 16:54:42+00:00,55501,STARLINK-5367,76.95787667995644,0.04421023138664637,76.95631023531988,-0.4890230137963272
2026-09-11 16:55:42+00:00,55501,STARLINK-5367,76.89251943044648,0.017507095624376134,76.89110039573407,-0.46681666244363385
2026-09-11 16:56:42+00:00,55501,STARLINK-5367,76.83043866140233,-0.01153672983341636,76.82916300648921,-0.44258731305894017
2026-09-11 16:57:42+00:00,55501,STARLINK-5367,76.77196084048333,-0.04280830373906852,76.77081957056087,-0.4164147046173916
2026-09-11 16:58:42+00:00,55501,STARLINK-5367,76.71735810454253,-0.0761556929443934,76.71633722722109,-0.3883777675693949
2026-09-11 16:59:42+00:00,55501,STARLINK-5367,76.6669028239992,-0.11136161269465106,76.66598339320637,-0.3585771442225152
2026-09-11 17:00:42+00:00,55501,STARLINK-5367,76.62089350456444,-0.14819075165146955,76.62005186918779,-0.32712765383196896
2026-09-11 17:01:42+00:00,55501,STARLINK-5367,76.57964637409573,-0.1864286082409201,76.57885454048909,-0.29414354011942834
2026-09-11 17:02:42+00:00,55501,STARLINK-5367,76.54345590686165,-0.22590866875041016,76.54268179813023,-0.25975101393381195
2026-09-11 17:03:42+00:00,55501,STARLINK-5367,76.5126164068559,-0.26649606118840197,76.51182418528096,-0.2240739000872054
2026-09-11 17:04:42+00:00,55501,STARLINK-5367,76.48733672120127,-0.30806079976023604,76.48648704726347,-0.18728698532238397
2026-09-11 17:05:42+00:00,55501,STARLINK-5367,76.46778879036552,-0.3504720609271157,76.46683935023113,-0.14957141572872423
2026-09-11 17:06:42+00:00,55501,STARLINK-5367,76.45408468662541,-0.3935629945904324,76.45299097690432,-0.11110411498483685
2026-09-11 17:07:42+00:00,55501,STARLINK-5367,76.4463091433168,-0.43711477425922496,76.44502547988853,-0.07205337521943811
2026-09-11 17:08:42+00:00,55501,STARLINK-5367,76.44454554912868,-0.4808952770586359,76.44302599015452,-0.0325793473272471
2026-09-11 17:09:42+00:00,55501,STARLINK-5367,76.44885773868381,-0.5246927491794464,76.44705681524593,0.007166242585173066
2026-09-11 17:10:42+00:00,55501,STARLINK-5367,76.4592717365339,-0.5683025490837907,76.45714521653704,0.04703223580031768
2026-09-11 17:11:42+00:00,55501,STARLINK-5367,76.47577433684319,-0.611527853018083,76.47327994574137,0.086881787594774
2026-09-11 17:12:42+00:00,55501,STARLINK-5367,76.4982950633325,-0.6541507065495717,76.49539335820404,0.1266073593360364
2026-09-11 17:13:42+00:00,55501,STARLINK-5367,76.5267490778469,-0.69590721533985,76.52340461493486,0.1660834439214911
2026-09-11 17:14:42+00:00,55501,STARLINK-5367,76.56105091859074,-0.7365531851961924,76.55723300548476,0.205138266376637
2026-09-11 17:15:42+00:00,55501,STARLINK-5367,76.60114948325061,-0.775902601666095,76.59683247892818,0.24358058840848784
2026-09-11 17:16:42+00:00,55501,STARLINK-5367,76.64693424588712,-0.813825640433059,76.64209758922915,0.2812369879506509
2026-09-11 17:17:42+00:00,55501,STARLINK-5367,76.69825686436451,-0.8502537085890793,76.69288487658363,0.31793705376035497
2026-09-11 17:18:42+00:00,55501,STARLINK-5367,76.75487673648175,-0.885113553123956,76.74895896862769,0.35351670750992525
2026-09-11 17:19:42+00:00,55501,STARLINK-5367,76.81652594962543,-0.9182731962486308,76.81005814897196,0.3878149791729584
2026-09-11 17:20:42+00:00,55501,STARLINK-5367,76.8829539596549,-0.9496021695870382,76.87593837106463,0.420671903271586
2026-09-11 17:21:42+00:00,55501,STARLINK-5367,76.95389944955937,-0.9790003307033501,76.94634464418228,0.4519344466828734
2026-09-11 17:22:42+00:00,55501,STARLINK-5367,77.02908966271002,-1.006390122598848,77.02101029854532,0.48146212554224377
2026-09-11 17:23:42+00:00,55501,STARLINK-5367,77.10822704028016,-1.0317461433665933,77.09964311153047,0.5091259821225762
2026-09-11 17:24:42+00:00,55501,STARLINK-5367,77.19094844937234,-1.0550833274566784,77.18188459032447,0.5348016189329314
2026-09-11 17:25:42+00:00,55501,STARLINK-5367,77.27681083369158,-1.076420112545751,77.26729603532124,0.5583688364264994
2026-09-11 17:26:42+00:00,55501,STARLINK-5367,77.36536169072727,-1.0957759997257206,77.35542931108685,0.5796728326579625
2026-09-11 17:27:42+00:00,55501,STARLINK-5367,77.45603982265384,-1.1131599223271404,77.44572712806931,0.5986063819339549
2026-09-11 17:28:42+00:00,55501,STARLINK-5367,77.54823982577854,-1.1285298493901497,77.53758853249755,0.615048795304169
2026-09-11 17:29:42+00:00,55501,STARLINK-5367,77.64132547266145,-1.141760823904388,77.63038274605245,0.6288704748564911
2026-09-11 17:30:42+00:00,55501,STARLINK-5367,77.73467534291782,-1.152629445599457,77.72349480041726,0.6399625297505196
2026-09-11 17:31:42+00:00,55501,STARLINK-5367,77.82772936257531,-1.1608573910002002,77.8163712822111,0.6482501994611596
2026-09-11 17:32:42+00:00,55501,STARLINK-5367,77.91997442398575,-1.166131783076663,77.90850559653494,0.6536869386599662
2026-09-11 17:33:42+00:00,55501,STARLINK-5367,78.01100188706303,-1.1681101465659487,77.99949487665583,0.6563025943740897
2026-09-11 17:34:42+00:00,55501,STARLINK-5367,78.10051263543973,-1.1665542677427694,78.08904286247241,0.6562087181985916
2026-09-11 17:35:42+00:00,55501,STARLINK-5367,78.18821608109124,-1.1613552769073923,78.17685906369377,0.6535249035624915
2026-09-11 17:36:42+00:00,55501,STARLINK-5367,78.27379741247134,-1.1524817077935645,78.26262693079875,0.6483619146907387
2026-09-11 17:37:42+00:00,55501,STARLINK-5367,78.35696247701632,-1.1399521362434433,78.34604960810324,0.6407718441414261
2026-09-11 17:38:42+00:00,55501,STARLINK-5367,78.43739493825933,-1.1237947894847267,78.42680708837295,0.6308247733958297
2026-09-11 17:39:42+00:00,55501,STARLINK-5367,78.514861281761,-1.104126299292508,78.50466053493179,0.6185640666138994
2026-09-11 17:40:42+00:00,55501,STARLINK-5367,78.58910786038476,-1.081187672015238,78.57934867718986,0.6040438541150195
2026-09-11 17:41:42+00:00,55501,STARLINK-5367,78.65981249417169,-1.055226754305787,78.65054139427791,0.5873129508396246
2026-09-11 17:42:42+00:00,55501,STARLINK-5367,78.72663379338168,-1.0264297243980778,78.71789010286264,0.5684084902050444
2026-09-11 17:43:42+00:00,55501,STARLINK-5367,78.78925134943776,-0.9949176382200697,78.78106791284206,0.5473624121232774
2026-09-11 17:44:42+00:00,55501,STARLINK-5367,78.84743206221121,-0.9607589335759066,78.83983579353776,0.5241918776260128
2026-09-11 17:45:42+00:00,55501,STARLINK-5367,78.90106544090787,-0.9240872745295157,78.89407636830154,0.498903209132024
2026-09-11 17:46:42+00:00,55501,STARLINK-5367,78.95006068021613,-0.8851563356229342,78.9436901784724,0.4715513510469549
2026-09-11 17:47:42+00:00,55501,STARLINK-5367,78.9942868641694,-0.8442682424556303,78.98853711308084,0.44223641744917686
2026-09-11 17:48:42+00:00,55501,STARLINK-5367,79.03364901733319,-0.8017441008372543,79.0285134610794,0.4110274002746763
2026-09-11 17:49:42+00:00,55501,STARLINK-5367,79.06799513832249,-0.7578899362369427,79.06345897716446,0.3780378348445339
2026-09-11 17:50:42+00:00,55501,STARLINK-5367,79.09720435337485,-0.7129832878838833,79.09324548266822,0.34338079317742043
2026-09-11 17:51:42+00:00,55501,STARLINK-5367,79.12117188358346,-0.6672985859258755,79.11776155527347,0.3071796081580409
2026-09-11 17:52:42+00:00,55501,STARLINK-5367,79.13979891155388,-0.621087278769231,79.13690254449476,0.2695886059862058
2026-09-11 17:53:42+00:00,55501,STARLINK-5367,79.15301432184711,-0.57456587484503,79.15059248517065,0.23078027741634166
2026-09-11 17:54:42+00:00,55501,STARLINK-5367,79.1607848660298,-0.5279283692727237,79.15879423160715,0.19091370000365337
2026-09-11 17:55:42+00:00,55501,STARLINK-5367,79.1631159257873,-0.4813565111258775,79.16151009716862,0.15012702858022742
2026-09-11 17:56:42+00:00,55501,STARLINK-5367,79.16004752214376,-0.4350137926316142,79.15877780034086,0.10855351004651581
2026-09-11 17:57:42+00:00,55501,STARLINK-5367,79.15167306456266,-0.3890554985513903,79.15068909669766,0.06633442820363733
2026-09-11 17:58:42+00:00,55501,STARLINK-5367,79.1381456103074,-0.34366419534570897,79.1373958840645,0.02362727029963399
2026-09-11 17:59:42+00:00,55501,STARLINK-5367,79.11964096592692,-0.2990599801857434,79.11907338798123,-0.019388983233814994
2026-09-11 18:00:42+00:00,55501,STARLINK-5367,79.09639939616764,-0.2554969261193092,79.09596204015727,-0.06251160546083767
2026-09-11 18:01:42+00:00,55501,STARLINK-5367,79.06861728657714,-0.21325375155735404,79.06825928670158,-0.1055263928298169
2026-09-11 18:02:42+00:00,55501,STARLINK-5367,79.03649412482305,-0.17261854017880474,79.03616664954514,-0.14821514127072888
2026-09-11 18:03:42+00:00,55501,STARLINK-5367,79.00020869750716,-0.13387585940233926,78.99986589724028,-0.19036733440552922
2026-09-11 18:04:42+00:00,55501,STARLINK-5367,78.95991800235116,-0.09727903795733361,78.95951785517329,-0.231792591269679
2026-09-11 18:05:42+00:00,55501,STARLINK-5367,78.91577983080661,-0.06304067342556863,78.91528477573726,-0.27232506702841164
2026-09-11 18:06:42+00:00,55501,STARLINK-5367,78.86795830748883,-0.03132989730272584,78.86733563401735,-0.3118269080581726
2026-09-11 18:07:42+00:00,55501,STARLINK-5367,78.8166422466376,-0.0022617344460300615,78.81586430208317,-0.35017743306730154
2026-09-11 18:08:42+00:00,55501,STARLINK-5367,78.76206042123181,0.02407914694213531,78.76110478953368,-0.38723936337853715
2026-09-11 18:09:42+00:00,55501,STARLINK-5367,78.70445151657925,0.04760341434563742,78.70330126233196,-0.4228390369087798
2026-09-11 18:10:42+00:00,55501,STARLINK-5367,78.6440169610091,0.06824099929748328,78.64266076461796,-0.45678746778142454
2026-09-11 18:11:42+00:00,55501,STARLINK-5367,78.58099473494002,0.08597812124698834,78.57942712000502,-0.48885047525462255
2026-09-11 18:12:42+00:00,55501,STARLINK-5367,78.51559951135856,0.10084920855670987,78.51382069887764,-0.5188018211958685
2026-09-11 18:13:42+00:00,55501,STARLINK-5367,78.44809651311257,0.11290979722511096,78.44611247071788,-0.5463846079408512
2026-09-11 18:14:42+00:00,55501,STARLINK-5367,78.37878366852823,0.12218597052081215,78.37660589631946,-0.5713563857830337
2026-09-11 18:15:42+00:00,55501,STARLINK-5367,78.30794189484314,0.12866288679228255,78.30558656996448,-0.5935668466892992
2026-09-11 18:16:42+00:00,55501,STARLINK-5367,78.23583290449976,0.13235323162951573,78.23331964084518,-0.612968886838182
2026-09-11 18:17:42+00:00,55501,STARLINK-5367,78.16274812253289,0.13331712462985834,78.16009914541834,-0.6295412529540414
2026-09-11 18:18:42+00:00,55501,STARLINK-5367,78.08900509566686,0.1316293859750779,78.08624470782493,-0.6432557543584423
2026-09-11 18:19:42+00:00,55501,STARLINK-5367,78.01492606023902,0.1273757761643246,78.01208005377734,-0.6540865991928868
2026-09-11 18:20:42+00:00,55501,STARLINK-5367,77.94083267888362,0.12062983202213351,77.93792768888818,-0.662023174063755
2026-09-11 18:21:42+00:00,55501,STARLINK-5367,77.86699816123172,0.11147436783287268,77.86406094998334,-0.6670745714377944
2026-09-11 18:22:42+00:00,55501,STARLINK-5367,77.79378483953604,0.10003705265282492,77.79084229569048,-0.6691839621026148
2026-09-11 18:23:42+00:00,55501,STARLINK-5367,77.72155016383833,0.08637556900678689,77.71862883481066,-0.6683046970156212
2026-09-11 18:24:42+00:00,55501,STARLINK-5367,77.65059554681302,0.07053100353875319,77.64772159031035,-0.6643387584124056
2026-09-11 18:25:42+00:00,55501,STARLINK-5367,77.5812227650643,0.05262078782592461,77.5784216208767,-0.6571572024322236
2026-09-11 18:26:42+00:00,55501,STARLINK-5367,77.51378817734266,0.03276648047948427,77.51108377890898,-0.6466648116746541
2026-09-11 18:27:42+00:00,55501,STARLINK-5367,77.44867254503988,0.011056146073363138,77.44608609884332,-0.6328544232231863
2026-09-11 18:28:42+00:00,55501,STARLINK-5367,77.38626192063515,-0.01245137598807311,77.38381086804154,-0.6157877487882004
2026-09-11 18:29:42+00:00,55501,STARLINK-5367,77.32692983460063,-0.03772908691058241,77.32462714057793,-0.5955600153206646
2026-09-11 18:30:42+00:00,55501,STARLINK-5367,77.27101907199992,-0.06479663030663474,77.2688726120425,-0.5722893376803881
2026-09-11 18:31:42+00:00,55501,STARLINK-5367,77.21878855068768,-0.09368959474141647,77.21680047898586,-0.5461238725221911
2026-09-11 18:32:42+00:00,55501,STARLINK-5367,77.17043733631351,-0.12433276527023196,77.16860364712008,-0.5172535114028065
2026-09-11 18:33:42+00:00,55501,STARLINK-5367,77.1262748071803,-0.15661580276573517,77.12458545745108,-0.48585506001629497
2026-09-11 18:34:42+00:00,55501,STARLINK-5367,77.08652938348315,-0.19049387297052078,77.08496797250554,-0.4521472688918209
2026-09-11 18:35:42+00:00,55501,STARLINK-5367,77.05133619277082,-0.22586981308023368,77.04988023717107,-0.4163500408662877
2026-09-11 18:36:42+00:00,55501,STARLINK-5367,77.02081167346056,-0.26255230099308235,77.01943322525081,-0.3786856071369833
2026-09-11 18:37:42+00:00,55501,STARLINK-5367,76.99508834430327,-0.3003146782353028,76.99375485356822,-0.33934317400185776
2026-09-11 18:38:42+00:00,55501,STARLINK-5367,76.97429548071759,-0.33891510073825337,76.97297066035833,-0.298477849978255
2026-09-11 18:39:42+00:00,55501,STARLINK-5367,76.95857038687582,-0.37810274902478547,76.95721497653419,-0.256236918496338
2026-09-11 18:40:42+00:00,55501,STARLINK-5367,76.94806678964525,-0.41764047369490953,76.94663923415678,-0.21276669608433352
2026-09-11 18:41:42+00:00,55501,STARLINK-5367,76.94294793294416,-0.4573304891200447,76.94140490874011,-0.16821446068457568
2026-09-11 18:42:42+00:00,55501,STARLINK-5367,76.94336080320242,-0.4970357678986348,76.9416575158518,-0.12274302660461789
2026-09-11 18:43:42+00:00,55501,STARLINK-5367,76.9493989775134,-0.5366699026629105,76.9474894345627,-0.07653844772987828
2026-09-11 18:44:42+00:00,55501,STARLINK-5367,76.96106540866505,-0.5761634811795067,76.95890290224416,-0.02980876931875498
2026-09-11 18:45:42+00:00,55501,STARLINK-5367,76.9783289253494,-0.6154115319689352,76.97586697225081,0.017223703171548477
2026-09-11 18:46:42+00:00,55501,STARLINK-5367,77.00108293287798,-0.6542445229186185,76.99827659527932,0.06432959694194906
2026-09-11 18:47:42+00:00,55501,STARLINK-5367,77.02924430037686,-0.6924657664126981,77.02605131986726,0.11129563630569717
2026-09-11 18:48:42+00:00,55501,STARLINK-5367,77.0627262461388,-0.7298938975748719,77.05910776722735,0.15792879551519778
2026-09-11 18:49:42+00:00,55501,STARLINK-5367,77.1014176468464,-0.7663560103594858,77.09733891224533,0.20404477255616804
2026-09-11 18:50:42+00:00,55501,STARLINK-5367,77.14518849384726,-0.8016863698517955,77.14061945718272,0.2494723987545786
2026-09-11 18:51:42+00:00,55501,STARLINK-5367,77.1938835119455,-0.8357392942944539,77.18879914089575,0.2940725662780217
2026-09-11 18:52:42+00:00,55501,STARLINK-5367,77.24731488882712,-0.868369294532533,77.24169555979373,0.3377267387483478
2026-09-11 18:53:42+00:00,55501,STARLINK-5367,77.30525980896098,-0.8994093237043543,77.29909200674948,0.38030505054814867
2026-09-11 18:54:42+00:00,55501,STARLINK-5367,77.36748993878398,-0.9286688405562167,77.3607671413982,0.42164073188397566
2026-09-11 18:55:42+00:00,55501,STARLINK-5367,77.43378147745108,-0.9560109777104344,77.42650401736815,0.4615545001588899
2026-09-11 18:56:42+00:00,55501,STARLINK-5367,77.50390657239612,-0.9813776680600199,77.49608110221293,0.4998456307434793
2026-09-11 18:57:42+00:00,55501,STARLINK-5367,77.57752460336182,-1.0047094505116583,77.56916417371619,0.5363318900903913
2026-09-11 18:58:42+00:00,55501,STARLINK-5367,77.6542851045516,-1.0259234747882182,77.64540971169569,0.5708124260868708
2026-09-11 18:59:42+00:00,55501,STARLINK-5367,77.73384283367537,-1.0449109156348442,77.72447981949297,0.6030917493703853
2026-09-11 19:00:42+00:00,55501,STARLINK-5367,77.81589028101516,-1.0615604882904037,77.80607425299542,0.6329920173690624
2026-09-11 19:01:42+00:00,55501,STARLINK-5367,77.90016103379774,-1.0758228273130506,77.88993270126238,0.6603621193477167
2026-09-11 19:02:42+00:00,55501,STARLINK-5367,77.98637930609591,-1.0877502664868999,77.97578352896085,0.6850837004760564
2026-09-11 19:03:42+00:00,55501,STARLINK-5367,78.07419766346666,-1.0974632178337043,78.063281788822,0.707072583640354
2026-09-11 19:04:42+00:00,55501,STARLINK-5367,78.16319323520041,-1.105085234571085,78.15200633302317,0.7262709347887721
2026-09-11 19:05:42+00:00,55501,STARLINK-5367,78.25288290412395,-1.1107141749472271,78.24147548377707,0.7426378320658245
2026-09-11 19:06:42+00:00,55501,STARLINK-5367,78.34272022301033,-1.1144061829172953,78.33114405165384,0.7561629185572727
2026-09-11 19:07:42+00:00,55501,STARLINK-5367,78.43216216448764,-1.116156187928608,78.42047083177107,0.7668191990142148
2026-09-11 19:08:42+00:00,55501,STARLINK-5367,78.52061192535479,-1.1158631366479843,78.50886119982108,0.7746352042503872
2026-09-11 19:09:42+00:00,55501,STARLINK-5367,78.60754775974272,-1.1133249066805977,78.5957965624116,0.7796378469559784
2026-09-11 19:10:42+00:00,55501,STARLINK-5367,78.69258077305805,-1.1083199448064507,78.68089073475468,0.7818751881246371
2026-09-11 19:11:42+00:00,55501,STARLINK-5367,78.77542743334031,-1.1006920092938435,78.76386113070322,0.7814244617621284
2026-09-11 19:12:42+00:00,55501,STARLINK-5367,78.85586584711353,-1.0903507021709284,78.84448545667996,0.7783488392901319
2026-09-11 19:13:42+00:00,55501,STARLINK-5367,78.93371797352869,-1.0773137449986425,78.92258375550315,0.772658770087908
2026-09-11 19:14:42+00:00,55501,STARLINK-5367,79.0087724895,-1.0616900804676828,78.99794102914132,0.7643674685102013
2026-09-11 19:15:42+00:00,55501,STARLINK-5367,79.08078403473334,-1.043584096909317,79.07030757232862,0.7535225266464209
2026-09-11 19:16:42+00:00,55501,STARLINK-5367,79.14951274680791,-1.0230856509958564,79.13943891620146,0.7401836506258803
2026-09-11 19:17:42+00:00,55501,STARLINK-5367,79.21469783386202,-1.000275081874566,79.20506934646197,0.7244256295798266
2026-09-11 19:18:42+00:00,55501,STARLINK-5367,79.27584795981052,-0.9752136577514428,79.26670351583469,0.7062165400854106
2026-09-11 19:19:42+00:00,55501,STARLINK-5367,80.14117518733018,-0.9713320216454626,80.12446399841347,1.3170966088395488
2026-09-11 19:20:42+00:00,55501,STARLINK-5367,80.19621457514228,-0.9370182534202058,80.18067905303101,1.27025019970554
2026-09-11 19:21:42+00:00,55501,STARLINK-5367,80.24644509671127,-0.9005737467758053,80.23215037070692,1.2177702896634166
2026-09-11 19:22:42+00:00,55501,STARLINK-5367,80.29173915092755,-0.8621580181461646,80.27873136134728,1.1598924281927658
2026-09-11 19:23:42+00:00,55501,STARLINK-5367,80.33199237247138,-0.8219502410640658,80.32029792417572,1.096876339277916
2026-09-11 19:24:42+00:00,55501,STARLINK-5367,80.36712008967046,-0.780147883843803,80.35674525540006,1.0290057072677676
2026-09-11 19:25:42+00:00,55501,STARLINK-5367,80.39705747732306,-0.7369648037355532,80.38798838609128,0.9565861841431129
2026-09-11 19:26:42+00:00,55501,STARLINK-5367,80.4217577797498,-0.6926288100157247,80.4139607769259,0.879944250112402
2026-09-11 19:27:42+00:00,55501,STARLINK-5367,80.44119025346086,-0.6473788186961773,80.43461262644766,0.7994258514058359
2026-09-11 19:28:42+00:00,55501,STARLINK-5367,80.4553413959517,-0.601461769872973,80.44991245881688,0.7153937707474256
2026-09-11 19:29:42+00:00,55501,STARLINK-5367,80.46419752846937,-0.5551291907647915,80.45983000070912,0.6282290498612992
2026-09-11 19:30:42+00:00,55501,STARLINK-5367,80.46780505039536,-0.5086346820244279,80.46439681902234,0.538316765092226
2026-09-11 19:31:42+00:00,55501,STARLINK-5367,80.46618132746165,-0.46222980218554754,80.46361729859994,0.44606306545050245
2026-09-11 19:32:42+00:00,55501,STARLINK-5367,80.45937360952055,-0.4161619679143037,80.45752787399803,0.3518796068331509
2026-09-11 19:33:42+00:00,55501,STARLINK-5367,80.4474452880635,-0.370671882384602,80.44618340812619,0.25618508485331093
2026-09-11 19:34:42+00:00,55501,STARLINK-5367,80.43047598400143,-0.3259915822215058,80.42965738493648,0.15940339734418352
2026-09-11 19:35:42+00:00,55501,STARLINK-5367,80.40856265302772,-0.28234299288023035,80.4080430746138,0.06196185365637508
2026-09-11 19:36:42+00:00,55501,STARLINK-5367,80.38182013998174,-0.23993698079963366,80.38145410496402,-0.035710407147425016
2026-09-11 19:37:42+00:00,55501,STARLINK-5367,80.35038068228211,-0.19897286691589677,80.35002394241225,-0.1331842320411738
2026-09-11 19:38:42+00:00,55501,STARLINK-5367,80.31439599973127,-0.15963838340569936,80.31390792308555,-0.230031542038871
2026-09-11 19:39:42+00:00,55501,STARLINK-5367,80.27403526320306,-0.1221099091751423,80.27328112826699,-0.3258274240536032
2026-09-11 19:40:42+00:00,55501,STARLINK-5367,80.22947232191271,-0.0865528002458511,80.22832545256098,-0.42015799800047304
2026-09-11 19:41:42+00:00,55501,STARLINK-5367,80.18094308867592,-0.05312264470094874,80.1792869705399,-0.5125948399209399
2026-09-11 19:42:42+00:00,55501,STARLINK-5367,80.12865583966608,-0.021964783023332046,80.12638586877354,-0.6027369479051607
2026-09-11 19:43:42+00:00,55501,STARLINK-5367,80.07285124811324,0.0067845442136516,80.06987638762769,-0.6901856579593755
2026-09-11 19:44:42+00:00,55501,STARLINK-5367,80.01378361362426,0.032998188541604634,80.01002778182183,-0.7745538325614731
2026-09-11 19:45:42+00:00,55501,STARLINK-5367,79.95172271091937,0.05655813589240921,79.94712591836674,-0.855466547456718
2026-09-11 19:46:42+00:00,55501,STARLINK-5367,79.88694945099998,0.0773559499756189,79.88146864085809,-0.9325644338242363
2026-09-11 19:47:42+00:00,55501,STARLINK-5367,79.8197566540695,0.09529349906664919,79.81336625349304,-1.0055042265875898
2026-09-11 19:48:42+00:00,55501,STARLINK-5367,79.7504466461453,0.11028403679407006,79.74313879432569,-1.0739613213717334
2026-09-11 19:49:42+00:00,55501,STARLINK-5367,79.67932937766278,0.1222535395552029,79.67111382063837,-1.1376320692691664
2026-09-11 19:50:42+00:00,55501,STARLINK-5367,79.60672252447499,0.13114220246341368,79.5976261965597,-1.1962343768002484
2026-09-11 19:51:42+00:00,55501,STARLINK-5367,79.5329345446406,0.13690621024416672,79.52300060416513,-1.249523461819237
2026-09-11 19:52:42+00:00,55501,STARLINK-5367,79.45832316205207,0.13951859315990411,79.44761055835195,-1.2972397063411734
2026-09-11 19:53:42+00:00,55501,STARLINK-5367,79.38320705318134,0.13897162450707246,79.37178859232739,-1.3391880341187345
2026-09-11 19:54:42+00:00,55501,STARLINK-5367,79.30792241573842,0.13527725593935358,79.29588334988526,-1.375187887599381
2026-09-11 19:55:42+00:00,55501,STARLINK-5367,79.23281023634634,0.12846797237771423,79.22024647221556,-1.4050846274727462
2026-09-11 19:56:42+00:00,55501,STARLINK-5367,79.15821303006754,0.11859706691328464,79.14522912544285,-1.4287517385543325
2026-09-11 19:57:42+00:00,55501,STARLINK-5367,79.08447739785122,0.10573832283107798,79.07118445181666,-1.4460892382946113
2026-09-11 19:58:42+00:00,55501,STARLINK-5367,79.01195182136125,0.08998520013790046,78.99846525626882,-1.4570245155647825
2026-09-11 19:59:42+00:00,55501,STARLINK-5367,78.94098603687102,0.07144946396038598,78.92742332673413,-1.4615123845080902
2026-09-11 20:00:42+00:00,55501,STARLINK-5367,78.87193155174066,0.05025930449822802,78.85840996477997,-1.4595336691785974
2026-09-11 20:01:42+00:00,55501,STARLINK-5367,78.80513893516098,0.026557076039154026,78.79177327685213,-1.4510965511876535
2026-09-11 20:02:42+00:00,55501,STARLINK-5367,78.7409435226611,0.0004968541512777591,78.72784373925862,-1.4362474574111914
2026-09-11 20:03:42+00:00,55501,STARLINK-5367,78.67972032693238,-0.027758991211678463,78.66699011051949,-1.4150219482872401
2026-09-11 20:04:42+00:00,55501,STARLINK-5367,78.62179645088925,-0.058041639487409924,78.60953058110397,-1.387519423874238
2026-09-11 20:05:42+00:00,55501,STARLINK-5367,78.56750620415019,-0.09017921498011106,78.55578897758018,-1.3538526353548939
2026-09-11 20:06:42+00:00,55501,STARLINK-5367,78.51717330047943,-0.1239991239578977,78.50607688414517,-1.3141611679949285
2026-09-11 20:07:42+00:00,55501,STARLINK-5367,78.47110931704164,-0.15933023723840023,78.46069232741498,-1.268609800264489
2026-09-11 20:08:42+00:00,55501,STARLINK-5367,78.42960995554657,-0.19600461001902403,78.41991623286734,-1.2173898316027874
2026-09-11 20:09:42+00:00,55501,STARLINK-5367,78.39295264778131,-0.23385871294012262,78.38401029051741,-1.1607177588567517
2026-09-11 20:10:42+00:00,55501,STARLINK-5367,78.3613935810342,-0.2727341159957746,78.35321423990003,-1.0988349921843863
2026-09-11 20:11:42+00:00,55501,STARLINK-5367,78.33516390473629,-0.31247762427223336,78.32774235164709,-1.0320076599625239
2026-09-11 20:12:42+00:00,55501,STARLINK-5367,78.3144688803945,-0.3529409453437431,78.30778288902117,-0.9605247072843355
2026-09-11 20:13:42+00:00,55501,STARLINK-5367,78.29948345424499,-0.3939798791078868,78.29349397589557,-0.8846977466026171
2026-09-11 20:14:42+00:00,55501,STARLINK-5367,78.29033767968532,-0.435453053903462,78.28498930097834,-0.8048632074521365
2026-09-11 20:15:42+00:00,55501,STARLINK-5367,78.28717290287724,-0.47722124335450467,78.28239481200512,-0.7213622579821095
2026-09-11 20:16:42+00:00,55501,STARLINK-5367,78.29005213621329,-0.5191449256714264,78.285759077878,-0.634568859608958
2026-09-11 20:17:42+00:00,55501,STARLINK-5367,78.29901940824092,-0.5610835767270448,78.29511316567503,-0.5448668517696413
2026-09-11 20:18:42+00:00,55501,STARLINK-5367,78.3140837469456,-0.6028942650324103,78.3104548337464,-0.45265368723021693
2026-09-11 20:19:42+00:00,55501,STARLINK-5367,78.33521997136585,-0.644430712096797,78.33174957013823,-0.35833824904538025
2026-09-11 20:20:42+00:00,55501,STARLINK-5367,78.36236999298818,-0.6855427215723062,78.35893210285008,-0.26233908554629215
2026-09-11 20:21:42+00:00,55501,STARLINK-5367,78.39544203233888,-0.7260760119593686,78.39190578665578,-0.16508242409621854
2026-09-11 20:22:42+00:00,55501,STARLINK-5367,78.43431405767842,-0.7658725536083981,78.4305461658217,-0.06700045576046598
2026-09-11 20:23:42+00:00,55501,STARLINK-5367,78.47883313550616,-0.8047713141465049,78.47470040111713,0.031470580739652476
2026-09-11 20:24:42+00:00,55501,STARLINK-5367,78.52881893492345,-0.8426094704939864,78.52419079951088,0.12989178664468604
2026-09-11 20:25:42+00:00,55501,STARLINK-5367,78.58404848552581,-0.8792237597465196,78.57879953189999,0.22782906145084958
2026-09-11 20:26:42+00:00,55501,STARLINK-5367,78.64431869246349,-0.9144529832903814,78.63833112005655,0.324833796672479
2026-09-11 20:27:42+00:00,55501,STARLINK-5367,78.70935860464033,-0.9481389447405526,78.70252452088764,0.42047417806051257
2026-09-11 20:28:42+00:00,55501,STARLINK-5367,78.77888923995619,-0.9801291119072033,78.77111280948225,0.5143185404969906
2026-09-11 20:29:42+00:00,55501,STARLINK-5367,78.85261180205914,-1.0102783726367726,78.84381117750179,0.6059411047785161
2026-09-11 20:30:42+00:00,55501,STARLINK-5367,78.93020683227468,-1.038450714763087,78.92031582812199,0.694924663648596
2026-09-11 20:31:42+00:00,55501,STARLINK-5367,79.01133802821688,-1.0645206613228524,79.00030751449611,0.7808619505513335
2026-09-11 20:32:42+00:00,55501,STARLINK-5367,79.09565220130668,-1.0883742859375367,79.0834511853214,0.8633580848447764
2026-09-11 20:33:42+00:00,55501,STARLINK-5367,79.18277983968588,-1.109909811832214,79.16939620943369,0.9420335362763339
2026-09-11 20:34:42+00:00,55501,STARLINK-5367,79.27233856715146,-1.129037804507714,79.25777950799107,1.0165249646480063
2026-09-11 20:35:42+00:00,55501,STARLINK-5367,79.36393265853044,-1.1456808963704983,79.34822470696074,1.086488916239503
2026-09-11 20:36:42+00:00,55501,STARLINK-5367,79.45714161711685,-1.1597730084403004,79.44033020195693,1.1516153591839071
2026-09-11 20:37:42+00:00,55501,STARLINK-5367,79.55158005380544,-1.1712590991914755,79.53372941107244,1.2115804331067466
2026-09-11 20:38:42+00:00,55501,STARLINK-5367,79.64681161885804,-1.1800930249123898,79.62800333636169,1.2661224928036887
2026-09-11 20:39:42+00:00,55501,STARLINK-5367,79.74241137324162,-1.186237032126856,79.72274333752746,1.314993559537406
2026-09-11 20:40:42+00:00,55501,STARLINK-5367,79.83795178333453,-1.189660403462761,79.81753666046878,1.3579744243564633
2026-09-11 20:41:42+00:00,55501,STARLINK-5367,79.93300779186178,-1.1903384809973185,79.91197129506276,1.394873718858534
2026-09-11 20:42:42+00:00,55501,STARLINK-5367,80.02715804577564,-1.1882519110875553,80.00563697771716,1.4255293995857201
2026-09-11 20:43:42+00:00,55501,STARLINK-5367,80.11998863857784,-1.183386273842491,80.09812874494415,1.4498096189073522
2026-09-11 20:44:42+00:00,55501,STARLINK-5367,80.21109668686883,-1.1757321305069572,80.1890503861738,1.4676116077475356
2026-09-11 20:45:42+00:00,55501,STARLINK-5367,80.3000921534944,-1.1652855025254967,80.27801613186267,1.4788629042926615
2026-09-11 20:46:42+00:00,55501,STARLINK-5367,80.38660219671662,-1.152048829356393,80.36465495151512,1.4835197173822934
2026-09-11 20:47:42+00:00,55501,STARLINK-5367,80.47025761446854,-1.1360321301024499,80.44859668311452,1.4815813362356707
2026-09-11 20:48:42+00:00,55501,STARLINK-5367,80.5507542473923,-1.117255386498897,80.52953443268402,1.4730357362562927
2026-09-11 20:49:42+00:00,55501,STARLINK-5367,80.6277677870466,-1.0957494500282632,80.6071379275196,1.4579391614539148
2026-09-11 20:50:42+00:00,55501,STARLINK-5367,80.7010120690901,-1.071558753724256,80.68111285325999,1.436363314857104
2026-09-11 20:51:42+00:00,55501,STARLINK-5367,80.77022726647081,-1.0447431868723278,80.75118893396228,1.4084069377686248
2026-09-11 20:52:42+00:00,55501,STARLINK-5367,80.83517844242161,-1.0153799353509463,80.81711860287163,1.3741972691029858
2026-09-11 20:53:42+00:00,55501,STARLINK-5367,80.89565676422504,-0.9835650584738751,80.87867843709611,1.333888061218854
2026-09-11 20:54:42+00:00,55501,STARLINK-5367,80.95147931304986,-0.9494146323796215,80.93566918546762,1.2876600201561779
2026-09-11 20:55:42+00:00,55501,STARLINK-5367,81.0024869678551,-0.9130653499386483,80.9879139197945,1.235720665941404
2026-09-11 20:56:42+00:00,55501,STARLINK-5367,81.04854485184674,-0.8746745585411766,81.03525880468702,1.1783027946366538
2026-09-11 20:57:42+00:00,55501,STARLINK-5367,81.08953969540273,-0.8344196302755726,81.07757078526309,1.1156645793248998
2026-09-11 20:58:42+00:00,55501,STARLINK-5367,81.12537980216257,-0.7924967304066826,81.1147379275932,1.0480877421735073
2026-09-11 20:59:42+00:00,55501,STARLINK-5367,81.15597853217096,-0.7491187944693181,81.14665319624906,0.975882981534653
2026-09-11 21:00:42+00:00,55501,STARLINK-5367,81.18131059482911,-0.7045138418283852,81.17327144081523,0.8993629614987704
2026-09-11 21:01:42+00:00,55501,STARLINK-5367,81.2013252301997,-0.6589211706341,81.19452246194068,0.8188798501410286
2026-09-11 21:02:42+00:00,55501,STARLINK-5367,81.21600180939251,-0.6125889400191102,81.21036730849016,0.7347967841007979
2026-09-11 21:03:42+00:00,55501,STARLINK-5367,81.22533619276874,-0.5657707730101329,81.22078488094674,0.647492381182639
2026-09-11 21:04:42+00:00,55501,STARLINK-5367,81.22933925140356,-0.5187224912568213,81.22577074471275,0.5573590620429236
2026-09-11 21:05:42+00:00,55501,STARLINK-5367,81.22803733224606,-0.47169900108934515,81.22533785251444,0.46480065190800746
2026-09-11 21:06:42+00:00,55501,STARLINK-5367,81.22147312599336,-0.4249514437976145,81.21951761984919,0.3702305037137056
2026-09-11 21:07:42+00:00,55501,STARLINK-5367,81.20970430160679,-0.37872468466628106,81.20835872191242,0.27406944526449584
2026-09-11 21:08:42+00:00,55501,STARLINK-5367,81.19280628670036,-0.33325529816417454,81.19192998836184,0.17674382830942115
2026-09-11 21:09:42+00:00,55501,STARLINK-5367,81.17087080601097,-0.28876999350058075,81.17031900993187,0.07868368869980458
2026-09-11 21:10:42+00:00,55501,STARLINK-5367,81.14399347528206,-0.2454844167028547,81.14361975609907,-0.019682362168667922
2026-09-11 21:11:42+00:00,55501,STARLINK-5367,81.11233222915926,-0.20360327012107504,81.11199098333778,-0.11791556655496827
2026-09-11 21:12:42+00:00,55501,STARLINK-5367,81.07601913789698,-0.1633191220591197,81.07556801073451,-0.21558722079156567
2026-09-11 21:13:42+00:00,55501,STARLINK-5367,81.03522074127018,-0.12481331639634163,81.0345229560638,-0.31226832308963637
2026-09-11 21:14:42+00:00,55501,STARLINK-5367,80.9901215409238,-0.08825621117448534,80.98904811073149,-0.4075342591946125
2026-09-11 21:15:42+00:00,55501,STARLINK-5367,80.94092514585894,-0.05380775002888427,80.93935693697256,-0.5009658899871816
2026-09-11 21:16:42+00:00,55501,STARLINK-5367,80.88785256997885,-0.02161800467458974,80.88568218800184,-0.5921511851459265
2026-09-11 21:17:42+00:00,55501,STARLINK-5367,80.83114154724882,0.008172377523944618,80.82827501308634,-0.6806874851967422
2026-09-11 21:18:42+00:00,55501,STARLINK-5367,80.77104635393992,0.035431924285873606,80.76740455377784,-0.7661823121419076
2026-09-11 21:19:42+00:00,55501,STARLINK-5367,80.70783458862424,0.06003840257284665,80.7033544544982,-0.8482565452582342
2026-09-11 21:20:42+00:00,55501,STARLINK-5367,80.6417877959928,0.08187916500182979,80.63642321527435,-0.9265450790089496
2026-09-11 21:21:42+00:00,55501,STARLINK-5367,80.57318446456172,0.10085204165786266,80.566906738255,-1.0007108749804132
2026-09-11 21:22:42+00:00,55501,STARLINK-5367,80.50235634535235,0.11686569407363834,80.49515488251936,-1.0704017950559503
2026-09-11 21:23:42+00:00,55501,STARLINK-5367,80.42960092432769,0.1298419310104748,80.42148280546576,-1.1353190255347059
2026-09-11 21:24:42+00:00,55501,STARLINK-5367,80.35523712881474,0.13971653477824653,80.34622685073535,-1.1951753712861262
2026-09-11 21:25:42+00:00,55501,STARLINK-5367,80.27959119422232,0.1464410024710876,80.26972998014985,-1.2497064687701354
2026-09-11 21:26:42+00:00,55501,STARLINK-5367,80.20299408540774,0.14998412854603416,80.19233886194483,-1.2986735063698092
2026-09-11 21:27:42+00:00,55501,STARLINK-5367,80.12578227301682,0.15033340421746022,80.11440437343263,-1.3418631154434308
2026-09-11 21:28:42+00:00,55501,STARLINK-5367,80.04829611263824,0.14749618130106246,80.03627971627351,-1.3790883189788445
2026-09-11 21:29:42+00:00,55501,STARLINK-5367,79.97087969271986,0.14150044811322626,79.95832002325217,-1.4101898843229677
2026-09-11 21:30:42+00:00,55501,STARLINK-5367,79.89388101475456,0.1323951421686727,79.88088237359929,-1.4350353101182733
2026-09-11 21:31:42+00:00,55501,STARLINK-5367,79.81765043494575,0.12024996311321878,79.80432406778657,-1.4535202046300526
2026-09-11 21:32:42+00:00,55501,STARLINK-5367,79.74252704469149,0.10515477680437169,79.72898867774296,-1.4655805575277725
2026-09-11 21:33:42+00:00,55501,STARLINK-5367,79.66889542286754,0.08721765708499696,79.65526374327902,-1.4711386640137931
2026-09-11 21:34:42+00:00,55501,STARLINK-5367,79.59709710728634,0.06656411068181001,79.58349069522612,-1.470185664737528
2026-09-11 21:35:42+00:00,55501,STARLINK-5367,79.52748944645097,0.04333415740496349,79.51402477495833,-1.4627248180999999
2026-09-11 21:36:42+00:00,55501,STARLINK-5367,79.4604277244509,0.017679968467227525,79.44721693059904,-1.4487869248922678
2026-09-11 21:37:42+00:00,55501,STARLINK-5367,79.39626525015316,-0.01023691299918994,79.38341402631374,-1.4284286489508276
2026-09-11 21:38:42+00:00,55501,STARLINK-5367,79.33535063748137,-0.040248395656625746,79.32295622691535,-1.4017333061737816
2026-09-11 21:39:42+00:00,55501,STARLINK-5367,79.27802448886328,-0.07218258989095716,79.26617382598366,-1.3688109874868033
2026-09-11 21:40:42+00:00,55501,STARLINK-5367,79.22461934733329,-0.10586639527918607,79.21338738950897,-1.329797471718095
2026-09-11 21:41:42+00:00,55501,STARLINK-5367,79.17545446067813,-0.14112770457416346,79.1649026936842,-1.2848554492346658
2026-09-11 21:42:42+00:00,55501,STARLINK-5367,79.13083458746164,-0.17779723050787766,79.12100977108588,-1.234173187511626
2026-09-11 21:43:42+00:00,55501,STARLINK-5367,79.09104561725073,-0.21570979840255333,79.08197875684367,-1.1779652011135227
2026-09-11 21:44:42+00:00,55501,STARLINK-5367,79.05633828365886,-0.2547049658826275,79.04804376662318,-1.116478782014493
2026-09-11 21:45:42+00:00,55501,STARLINK-5367,79.02698319507472,-0.2946279224601547,79.01945866967515,-1.0499613580632392
2026-09-11 21:46:42+00:00,55501,STARLINK-5367,79.0031795643172,-0.335328192496247,78.99640538453195,-0.978709659578481
2026-09-11 21:47:42+00:00,55501,STARLINK-5367,78.98511325879042,-0.3766596117411556,78.97905275549921,-0.9030337119421254
2026-09-11 21:48:42+00:00,55501,STARLINK-5367,78.972938058336,-0.4184790619831702,78.96753798549973,-0.8232650539870061
2026-09-11 21:49:42+00:00,55501,STARLINK-5367,78.96677596279942,-0.460645181876151,78.96196727158173,-0.7397544031814025
2026-09-11 21:50:42+00:00,55501,STARLINK-5367,78.96671428340368,-0.5030169252157783,78.9624132043491,-0.652870305109337
2026-09-11 21:51:42+00:00,55501,STARLINK-5367,78.97280584407248,-0.5454521683579374,78.96891527014076,-0.5629972246233734
2026-09-11 21:52:42+00:00,55501,STARLINK-5367,78.98506926196741,-0.587806463479418,78.98148041310147,-0.47053335073237834
2026-09-11 21:53:42+00:00,55501,STARLINK-5367,79.00348764110001,-0.6299320287805661,79.00008197862441,-0.3758889027069784
2026-09-11 21:54:42+00:00,55501,STARLINK-5367,79.02801046834972,-0.671677128606647,79.02466182858969,-0.27948398440560984
2026-09-11 21:55:42+00:00,55501,STARLINK-5367,79.05853956251633,-0.7128856886621788,79.05511647234857,-0.181745140958542
2026-09-11 21:56:42+00:00,55501,STARLINK-5367,79.09498824997765,-0.7533982084841675,79.09135635626748,-0.08310914186310558
2026-09-11 21:57:42+00:00,55501,STARLINK-5367,79.13719579488348,-0.7930514661170083,79.13322040775145,0.015985870179150652
2026-09-11 21:58:42+00:00,55501,STARLINK-5367,79.18498643364687,-0.8316803139605629,79.18053508728741,0.115098405969567
2026-09-11 21:59:42+00:00,55501,STARLINK-5367,79.23815755168728,-0.8691190257213783,79.23310255150528,0.21378579885877436
2026-09-11 22:00:42+00:00,55501,STARLINK-5367,79.296480751241,-0.9052030707813721,79.29070165337008,0.31160591913197067
2026-09-11 22:01:42+00:00,55501,STARLINK-5367,79.35970263106762,-0.9397710575900007,79.35308860193408,0.4081193261764966
2026-09-11 22:02:42+00:00,55501,STARLINK-5367,79.42754754798209,-0.9726667539678608,79.41999956114128,0.502890227587077
2026-09-11 22:03:42+00:00,55501,STARLINK-5367,79.49971811785046,-1.0037410145919203,79.49115093725035,0.5954892648783385
2026-09-11 22:04:42+00:00,55501,STARLINK-5367,79.57589777090467,-1.032853549502967,79.5662416912049,0.6854945131214798
2026-09-11 22:05:42+00:00,55501,STARLINK-5367,79.65575014692223,-1.0598743706830227,79.6449524430046,0.7724947500191384
2026-09-11 22:06:42+00:00,55501,STARLINK-5367,79.73890783618653,-1.0846847514264475,79.72693380093845,0.856100811030597
2026-09-11 22:07:42+00:00,55501,STARLINK-5367,79.82503121266399,-1.1071785821927271,79.8118652881906,0.9359075326279012
2026-09-11 22:08:42+00:00,55501,STARLINK-5367,79.91372158977842,-1.1272615955868588,79.89936753449138,1.0115568258848953
2026-09-11 22:09:42+00:00,55501,STARLINK-5367,80.00458258679997,-1.144851885501156,79.98906369700663,1.082699369435673
2026-09-11 22:10:42+00:00,55501,STARLINK-5367,80.09720583588512,-1.1598791627918512,80.0805647125263,1.1490075573117124
2026-09-11 22:11:42+00:00,55501,STARLINK-5367,80.19117423017138,-1.17228390261511,80.17347221985534,1.2101764654192593
2026-09-11 22:12:42+00:00,55501,STARLINK-5367,80.28606375445533,-1.1820162594626957,80.26738006189812,1.2659260427170338
2026-09-11 22:13:42+00:00,55501,STARLINK-5367,80.38144413468737,-1.1890348643379731,80.36187461673754,1.3160035535700345
2026-09-11 22:14:42+00:00,55501,STARLINK-5367,80.47688470227885,-1.1933057010680734,80.45654041188098,1.3601830167469018
2026-09-11 22:15:42+00:00,55501,STARLINK-5367,80.57195433617751,-1.1948010509472238,80.55095978561917,1.3982680770488614
2026-09-11 22:16:42+00:00,55501,STARLINK-5367,80.66622640379752,-1.1934987464790607,80.64471763546656,1.4300910693880837
2026-09-11 22:17:42+00:00,55501,STARLINK-5367,80.75926641098988,-1.1893815639639482,80.73738861809306,1.4555280373665411
2026-09-11 22:18:42+00:00,55501,STARLINK-5367,80.85069273544461,-1.1824378872523926,80.82859871893618,1.4744441587449018
2026-09-11 22:19:42+00:00,55501,STARLINK-5367,80.94009416078475,-1.172661135865174,80.9179412054727,1.486774927417592
2026-09-11 22:20:42+00:00,55501,STARLINK-5367,81.0270889708315,-1.1600513091775735,81.00503659379673,1.4924726077124504
2026-09-11 22:21:42+00:00,55501,STARLINK-5367,81.11131464522205,-1.14461613545285,81.08952207727344,1.491518239265126
2026-09-11 22:22:42+00:00,55501,STARLINK-5367,81.19242880273899,-1.1263727072049026,81.1710524336146,1.4839225827831513
2026-09-11 22:23:42+00:00,55501,STARLINK-5367,81.27011250324692,-1.105349403771955,81.24930337399859,1.4697245408364026
2026-09-11 22:24:42+00:00,55501,STARLINK-5367,81.34407104764549,-1.0815879259428076,81.32397239048066,1.4489916477288958
2026-09-11 22:25:42+00:00,55501,STARLINK-5367,81.4140339567575,-1.0551453256951895,81.39477883434924,1.4218199467939172
2026-09-11 22:26:42+00:00,55501,STARLINK-5367,81.47975801162161,-1.0260959374198215,81.46146712011743,1.3883325961927824
2026-09-11 22:27:42+00:00,55501,STARLINK-5367,81.54102487018308,-0.9945329702778345,81.52380450413851,1.3486809192129705
2026-09-11 22:28:42+00:00,55501,STARLINK-5367,81.59764222258512,-0.9605697399341153,81.58158248692689,1.3030429726119053
2026-09-11 22:29:42+00:00,55501,STARLINK-5367,81.64942826888344,-0.924340196228318,81.63460141030335,1.2516327009464305
2026-09-11 22:30:42+00:00,55501,STARLINK-5367,81.69626798725233,-0.8859997187095914,81.68272761621238,1.1946617592652906
2026-09-11 22:31:42+00:00,55501,STARLINK-5367,81.7380263234069,-0.8457235808813621,81.72580607375832,1.1323958959434677
2026-09-11 22:32:42+00:00,55501,STARLINK-5367,81.77460296743125,-0.8037064628981341,81.76371612677396,1.0651157415219963
2026-09-11 22:33:42+00:00,55501,STARLINK-5367,81.80591850511945,-0.7601605411312313,81.79635787902517,0.9931244354994675
2026-09-11 22:34:42+00:00,55501,STARLINK-5367,81.83191217796507,-0.7153131759739111,81.82365032852161,0.9167467907168501
2026-09-11 22:35:42+00:00,55501,STARLINK-5367,81.85254043571494,-0.6694041658528693,81.8455302973418,0.8363278005635895
2026-09-11 22:36:42+00:00,55501,STARLINK-5367,81.86777657580008,-0.622682691602849,81.86195244030489,0.7522302785442996
2026-09-11 22:37:42+00:00,55501,STARLINK-5367,81.8776098786262,-0.5754040736426855,81.87288871286366,0.6648333622705866
2026-09-11 22:38:42+00:00,55501,STARLINK-5367,81.88204580656416,-0.5278265037898295,81.87832887809776,0.5745300516346772
2026-09-11 22:39:42+00:00,55501,STARLINK-5367,81.88110558320315,-0.480207875875879,81.87828034727082,0.48172533391244965
2026-09-11 22:40:42+00:00,55501,STARLINK-5367,81.87481068346116,-0.4328026751528766,81.87275288807393,0.3868343642610783
2026-09-11 22:41:42+00:00,55501,STARLINK-5367,81.86324412280561,-0.38586013565118926,81.8618200917543,0.2902783681843022
2026-09-11 22:42:42+00:00,55501,STARLINK-5367,81.84646059773522,-0.33962102612582434,81.84552961944279,0.1924870077449583
2026-09-11 22:43:42+00:00,55501,STARLINK-5367,81.82454797249964,-0.29431673117572377,81.82396478230541,0.09389286283104781
2026-09-11 22:44:42+00:00,55501,STARLINK-5367,81.79761101446746,-0.2501679080939958,81.79722830263762,-0.005069326330243484
2026-09-11 22:45:42+00:00,55501,STARLINK-5367,81.76577402203516,-0.20738385513517876,81.76544493144465,-0.10396404206313647
2026-09-11 22:46:42+00:00,55501,STARLINK-5367,81.72918023862012,-0.16616227814964368,81.72876081514329,-0.20235660422142487
2026-09-11 22:47:42+00:00,55501,STARLINK-5367,81.68799170886874,-0.12668941835764436,81.68734326824914,-0.2998149341109979
2026-09-11 22:48:42+00:00,55501,STARLINK-5367,81.64238974668552,-0.08914044469684512,81.64138112687517,-0.3959106302316755
2026-09-11 22:49:42+00:00,55501,STARLINK-5367,81.59257441380852,-0.05367997606041186,81.59108407947753,-0.4902210406302956
2026-09-11 22:50:42+00:00,55501,STARLINK-5367,81.53876450806774,-0.020462634497071974,81.53668248238445,-0.5823302753059352
2026-09-11 22:51:42+00:00,55501,STARLINK-5367,81.48118135123609,0.010366683532303966,81.4784108676348,-0.6718403156887831
2026-09-11 22:52:42+00:00,55501,STARLINK-5367,81.42010602917958,0.03867185192768474,81.41656523307329,-0.7583376157336659
2026-09-11 22:53:42+00:00,55501,STARLINK-5367,81.35579153704808,0.06432655249916763,81.35141453552895,-0.8414462447454554
2026-09-11 22:54:42+00:00,55501,STARLINK-5367,81.28851830827506,0.08721392636992675,81.28325618179514,-0.9207969214097389
2026-09-11 22:55:42+00:00,55501,STARLINK-5367,81.21857941335568,0.10722740141553544,81.2124008733546,-0.9960364418554093
2026-09-11 22:56:42+00:00,55501,STARLINK-5367,81.14627886094623,0.12427168888504525,81.13917058869856,-1.0668297445528765
2026-09-11 22:57:42+00:00,55501,STARLINK-5367,81.07192924695227,0.13826406866357566,81.06389589241417,-1.1328625750672288
2026-09-11 22:58:42+00:00,55501,STARLINK-5367,80.99585242028583,0.1491358460485479,80.98691628593627,-1.1938418165298046
2026-09-11 22:59:42+00:00,55501,STARLINK-5367,80.9183754713597,0.15683397183576453,80.90857584193623,-1.2494988030724272
2026-09-11 23:00:42+00:00,55501,STARLINK-5367,80.83983300962282,0.16132258507042785,80.829225189272,-1.2995889154674742
2026-09-11 23:01:42+00:00,55501,STARLINK-5367,80.76056463086934,0.16258448472291853,80.74921867203554,-1.3438934622711614
2026-09-11 23:02:42+00:00,55501,STARLINK-5367,80.68089949217475,0.16062250804381417,80.66889840989282,-1.3822346438675197
2026-09-11 23:03:42+00:00,55501,STARLINK-5367,80.60121504985446,0.1554596789235374,80.58865375876286,-1.4144204294872083
2026-09-11 23:04:42+00:00,55501,STARLINK-5367,80.52184836636721,0.147140644552043,80.50883100741098,-1.4403276665733387
2026-09-11 23:05:42+00:00,55501,STARLINK-5367,80.44315517733872,0.13573085860441214,80.42979323609086,-1.459846573818858
2026-09-11 23:06:42+00:00,55501,STARLINK-5367,80.36549328191047,0.12131610871327148,80.35190334338454,-1.4728957675106997
2026-09-11 23:07:42+00:00,55501,STARLINK-5367,80.28922326590487,0.10400129114701162,80.27552472716536,-1.4794208840018257
2026-09-11 23:08:42+00:00,55501,STARLINK-5367,80.21470748785202,0.08390869260050948,80.20102024428657,-1.4793946290650482
2026-09-11 23:09:42+00:00,55501,STARLINK-5367,80.14230810883414,0.061175836296497366,80.12875024148133,-1.472817458703183
2026-09-11 23:10:42+00:00,55501,STARLINK-5367,80.0723877228524,0.035952948507372184,80.05907326944985,-1.459715815204234
2026-09-11 23:11:42+00:00,55501,STARLINK-5367,80.00530484417418,0.008400252505159855,79.99234162252804,-1.4401438781467988
2026-09-11 23:12:42+00:00,55501,STARLINK-5367,79.94141518746376,-0.02131489974947698,79.92890277001207,-1.41418168262269
2026-09-11 23:13:42+00:00,55501,STARLINK-5367,79.88106764642342,-0.0530207929244817,79.86909546361552,-1.3819359434728256
2026-09-11 23:14:42+00:00,55501,STARLINK-5367,79.82458688049557,-0.08654377648830192,79.81323230728594,-1.3435510707617624
2026-09-11 23:15:42+00:00,55501,STARLINK-5367,79.77232999472588,-0.12171124912687503,79.76165739284858,-1.299164772121884
2026-09-11 23:16:42+00:00,55501,STARLINK-5367,79.72459501906371,-0.1583525104841712,79.71465384484517,-1.248974712574718
2026-09-11 23:17:42+00:00,55501,STARLINK-5367,79.68167738267144,-0.1963008452356121,79.67250132474184,-1.1931928399466436
2026-09-11 23:18:42+00:00,55501,STARLINK-5367,79.64385147153745,-0.23539420500454256,79.63545764409162,-1.1320568027521674
2026-09-11 23:19:42+00:00,55501,STARLINK-5367,79.61136745173107,-0.2754755237202069,79.60375586985226,-1.0658293406252675
2026-09-11 23:20:42+00:00,55501,STARLINK-5367,79.5844498492435,-0.31639253627433916,79.57760321306743,-0.9947966793998724
2026-09-11 23:21:42+00:00,55501,STARLINK-5367,79.56329359781202,-0.3579971081558231,79.5571773761803,-0.9192682618115278
2026-09-11 23:22:42+00:00,55501,STARLINK-5367,79.54806267460216,-0.40014422270065175,79.54262551818918,-0.839574628361941
2026-09-11 23:23:42+00:00,55501,STARLINK-5367,79.53888815915512,-0.4426907009086509,79.5340626280341,-0.7560664110159276
2026-09-11 23:24:42+00:00,55501,STARLINK-5367,79.53586753089698,-0.4854937973564919,79.53157114418104,-0.6691121006131677
2026-09-11 23:25:42+00:00,55501,STARLINK-5367,79.53904876834113,-0.5284096161300864,79.53518534020569,-0.5790985661024441
2026-09-11 23:26:42+00:00,55501,STARLINK-5367,79.54848789038601,-0.5712925008799994,79.544949219655,-0.4864197444969074
2026-09-11 23:27:42+00:00,55501,STARLINK-5367,79.56416284524995,-0.6139930014322419,79.56083054828775,-0.39148988019086306
2026-09-11 23:28:42+00:00,55501,STARLINK-5367,79.586030714677,-0.6563578397986021,79.58277837072893,-0.29473055335950327
2026-09-11 23:29:42+00:00,55501,STARLINK-5367,79.61401563512753,-0.698229484491713,79.61071109290262,-0.19657166557996053
2026-09-11 23:30:42+00:00,55501,STARLINK-5367,79.64800892153747,-0.7394463177104065,79.64451674706629,-0.09744965271587791
2026-09-11 23:31:42+00:00,55501,STARLINK-5367,79.68787021489864,-0.7798432746859483,79.68405423318968,0.0021944344615576483
2026-09-11 23:32:42+00:00,55501,STARLINK-5367,79.73343048273375,-0.8192529391781385,79.72915636207446,0.10191642883429708
2026-09-11 23:33:42+00:00,55501,STARLINK-5367,79.78449111291282,-0.857506971211464,79.77962894058993,0.20127106739524514
2026-09-11 23:34:42+00:00,55501,STARLINK-5367,79.8408280353968,-0.8944378889450331,79.83525483244995,0.29981340597075246
2026-09-11 23:35:42+00:00,55501,STARLINK-5367,79.90219224449496,-0.9298809982509937,79.89579436987889,0.3971005053513821
2026-09-11 23:36:42+00:00,55501,STARLINK-5367,79.96829586262893,-0.9636762283476834,79.96097121018771,0.492701150195046
2026-09-11 23:37:42+00:00,55501,STARLINK-5367,80.03887408909375,-0.995670803608963,80.03053425113814,0.5861677047158267
2026-09-11 23:38:42+00:00,55501,STARLINK-5367,80.11359632219026,-1.0257199928743823,80.10416827101331,0.6770818120884385
2026-09-11 23:39:42+00:00,55501,STARLINK-5367,80.19212831528704,-1.053689348839331,80.18155595292426,0.7650277509199341
2026-09-11 23:40:42+00:00,55501,STARLINK-5367,80.27411781869843,-1.0794557041667474,80.2623631829782,0.8496018106880676
2026-09-11 23:41:42+00:00,55501,STARLINK-5367,80.35919539788877,-1.1029079318646922,80.34623953288984,0.9304149683811715
2026-09-11 23:42:42+00:00,55501,STARLINK-5367,80.44697716164305,-1.1239472924564993,80.43282065204806,1.0070942781933212
2026-09-11 23:43:42+00:00,55501,STARLINK-5367,80.53706492141445,-1.1424873190476657,80.52172806338264,1.0792861384258146
2026-09-11 23:44:42+00:00,55501,STARLINK-5367,80.62904971484424,-1.1584533492890685,80.61257235048271,1.1466572262611834
2026-09-11 23:45:42+00:00,55501,STARLINK-5367,80.72251089492238,-1.1717816797004197,80.70495188059624,1.2088981870403188
2026-09-11 23:46:42+00:00,55501,STARLINK-5367,80.81702150936894,-1.1824185622339396,80.79845787667617,1.2657238010214726
2026-09-11 23:47:42+00:00,55501,STARLINK-5367,80.91213443223641,-1.1903188517875165,80.89266001163881,1.3168886258089856
2026-09-11 23:48:42+00:00,55501,STARLINK-5367,81.00744266952809,-1.1954455260873758,80.98716727685239,1.362135941147443
2026-09-11 23:49:42+00:00,55501,STARLINK-5367,81.10249646495853,-1.1977676380972921,81.08154358183238,1.401276532721873
2026-09-11 23:50:42+00:00,55501,STARLINK-5367,81.19686296247944,-1.1972601807604186,81.17536800214364,1.43413832100903
2026-09-11 23:51:42+00:00,55501,STARLINK-5367,81.29011609487485,-1.1939034594817417,81.26822429110632,1.460578590184518
2026-09-11 23:52:42+00:00,55501,STARLINK-5367,81.38183918697277,-1.1876830160114604,81.35970331585565,1.4804846718962565
2026-09-11 23:53:42+00:00,55501,STARLINK-5367,81.47162707064022,-1.1785899909811697,81.44940503083848,1.4937748468428467
2026-09-11 23:54:42+00:00,55501,STARLINK-5367,81.55909103705686,-1.1666219731339638,81.53694337539073,1.500396268009247
2026-09-11 23:55:42+00:00,55501,STARLINK-5367,81.64385965162151,-1.1517842256899442,81.62194699834944,1.5003266676812856
2026-09-11 23:56:42+00:00,55501,STARLINK-5367,81.72558207803618,-1.1340913081083652,81.70406259383952,1.4935724156054633
2026-09-11 23:57:42+00:00,55501,STARLINK-5367,81.80393033433428,-1.1135689626660952,81.78295715967049,1.4801690881471998
2026-09-11 23:58:42+00:00,55501,STARLINK-5367,81.87859983179452,-1.0902561364725027,81.8583185905407,1.460181324892602
2026-09-11 23:59:42+00:00,55501,STARLINK-5367,81.94929748582828,-1.064206884852851,81.92984369997176,1.4337131600200692
2026-09-12 00:00:42+00:00,55501,STARLINK-5367,82.01579869095063,-1.0354929804688524,81.99729615106232,1.4008615623684264
2026-09-12 00:01:42+00:00,55501,STARLINK-5367,82.07786180926571,-1.0042045667686992,82.0604198646894,1.3617870611412464
2026-09-12 00:02:42+00:00,55501,STARLINK-5367,82.1352856356845,-0.9704521346103192,82.1189975703075,1.3166651653866523
2026-09-12 00:03:42+00:00,55501,STARLINK-5367,82.18789330037252,-0.9343671262596871,82.17283474351643,1.2656987957337549
2026-09-12 00:04:42+00:00,55501,STARLINK-5367,82.23553305288706,-0.896102164328461,82.22176071310321,1.2091164711328837
2026-09-12 00:05:42+00:00,55501,STARLINK-5367,82.27807499056965,-0.855830606480783,82.26562570337903,1.1471729417825713
2026-09-12 00:06:42+00:00,55501,STARLINK-5367,82.31541178930406,-0.8137455080129108,82.30430194663303,1.0801469197954177
2026-09-12 00:07:42+00:00,55501,STARLINK-5367,82.34745660859721,-0.7700579363339379,82.33768195676002,1.008340551065519
2026-09-12 00:08:42+00:00,55501,STARLINK-5367,82.37414048904589,-0.7249947239001866,82.3656763112608,0.9320781877055104
2026-09-12 00:09:42+00:00,55501,STARLINK-5367,82.39541349698307,-0.6787958064188224,82.38821518580329,0.8517042267016794
2026-09-12 00:10:42+00:00,55501,STARLINK-5367,82.41122812625771,-0.6317110024082631,82.40523208530512,0.7675854705025582
2026-09-12 00:11:42+00:00,55501,STARLINK-5367,82.42159655593481,-0.5839974748958312,82.41672160357375,0.6800925654797467
2026-09-12 00:12:42+00:00,55501,STARLINK-5367,82.42650369786807,-0.5359153988438958,82.42265252922847,0.5896241056841207
2026-09-12 00:13:42+00:00,55501,STARLINK-5367,82.42596433817532,-0.487725443077224,82.42302544227121,0.49658625941419565
2026-09-12 00:14:42+00:00,55501,STARLINK-5367,82.4200099556065,-0.43968562608372497,82.41785971179739,0.4013952652646362
2026-09-12 00:15:42+00:00,55501,STARLINK-5367,82.40868855573703,-0.39204866108832204,82.40719350861627,0.30447554462708637
2026-09-12 00:16:42+00:00,55501,STARLINK-5367,82.39206421523103,-0.3450597211045756,82.39108348126622,0.20625765112077588
2026-09-12 00:17:42+00:00,55501,STARLINK-5367,82.370219564906,-0.29895472000700263,82.3696073225058,0.1071764078832107
2026-09-12 00:18:42+00:00,55501,STARLINK-5367,82.34325560822599,-0.2539590644356746,82.34286362605,0.0076692217344316305
2026-09-12 00:19:42+00:00,55501,STARLINK-5367,82.31129097342223,-0.21028689167728665,82.31097113486834,-0.09182575586243225
2026-09-12 00:20:42+00:00,55501,STARLINK-5367,82.27446464112073,-0.16814079339298083,82.2740714253992,-0.19087101649379257
2026-09-12 00:21:42+00:00,55501,STARLINK-5367,82.23292044131736,-0.12771169288480166,82.23231330585998,-0.2890370191074325
2026-09-12 00:22:42+00:00,55501,STARLINK-5367,82.18686505783207,-0.08917987749169853,82.18591077801663,-0.3858815513061451
2026-09-12 00:23:42+00:00,55501,STARLINK-5367,82.1364813203551,-0.05271445539571218,82.1350560970405,-0.48098317147440284
2026-09-12 00:24:42+00:00,55501,STARLINK-5367,82.0819843276789,-0.018474571227024228,82.07997576989614,-0.5739228805393743
2026-09-12 00:25:42+00:00,55501,STARLINK-5367,82.0236079719521,0.01339028631522865,82.02091687124665,-0.6642898740487446
2026-09-12 00:26:42+00:00,55501,STARLINK-5367,81.96160290491399,0.04274001293466512,81.95814477878714,-0.7516837456429251
2026-09-12 00:27:42+00:00,55501,STARLINK-5367,81.89623475253008,0.06944386989963647,81.8919411276749,-0.8357167773097132
2026-09-12 00:28:42+00:00,55501,STARLINK-5367,81.82778381559886,0.0933807598348615,81.82260323601818,-0.9160152221571138
2026-09-12 00:29:42+00:00,55501,STARLINK-5367,81.75654337009944,0.11443985611127516,81.75044210330302,-0.9922213769021724
2026-09-12 00:30:42+00:00,55501,STARLINK-5367,81.68281743777666,0.13252156775907764,81.67577985220032,-1.0639963073891536
2026-09-12 00:31:42+00:00,55501,STARLINK-5367,81.60692032736507,0.14753877042519647,81.59894895448411,-1.1310204028350697
2026-09-12 00:32:42+00:00,55501,STARLINK-5367,81.52915990427346,0.1594184525938509,81.52027495534034,-1.1930094967243008
2026-09-12 00:33:42+00:00,55501,STARLINK-5367,81.44989579617513,0.16810259201201383,81.44013510222885,-1.2496644577867286
2026-09-12 00:34:42+00:00,55501,STARLINK-5367,81.36945043356076,0.17355079777758853,81.35886797305989,-1.3007482932922443
2026-09-12 00:35:42+00:00,55501,STARLINK-5367,81.28816586796935,0.17574110857996406,81.27683068619146,-1.3460382050368125
2026-09-12 00:36:42+00:00,55501,STARLINK-5367,81.20638965439512,0.17467140737175058,81.19438434953045,-1.3853377572364565
2026-09-12 00:37:42+00:00,55501,STARLINK-5367,81.12447408471664,0.1703603351356402,81.11189304892267,-1.4184776692645826
2026-09-12 00:38:42+00:00,55501,STARLINK-5367,81.042774855371,0.16284777619258484,81.02972229751282,-1.4453170060903204
2026-09-12 00:39:42+00:00,55501,STARLINK-5367,80.96165201763952,0.15219481031330018,80.94823984794107,-1.4657420254850848
2026-09-12 00:40:42+00:00,55501,STARLINK-5367,80.88146813747294,0.138483153689692,80.86781371291524,-1.4796674567057337
2026-09-12 00:41:42+00:00,55501,STARLINK-5367,80.80258921222016,0.1218140154241274,80.78881303274532,-1.4870351389812697
2026-09-12 00:42:42+00:00,55501,STARLINK-5367,80.72538258561613,0.10230646784046193,80.71160595276962,-1.4878143384104305
2026-09-12 00:43:42+00:00,55501,STARLINK-5367,80.65021618490182,0.08009534247343808,80.6365588565697,-1.482002421887941
2026-09-12 00:44:42+00:00,55501,STARLINK-5367,80.57744374419981,0.05532892270598033,80.56402143724699,-1.4696356415129657
2026-09-12 00:45:42+00:00,55501,STARLINK-5367,80.50746038563958,0.028165559029096343,80.49438328734396,-1.4507389967785542
2026-09-12 00:46:42+00:00,55501,STARLINK-5367,80.4406132716799,-0.001228131753595818,80.42798323361114,-1.4254034480178817
2026-09-12 00:47:42+00:00,55501,STARLINK-5367,80.37725836166601,-0.03268076312644297,80.36516721227362,-1.3937333493278743
2026-09-12 00:48:42+00:00,55501,STARLINK-5367,80.3177431545759,-0.0660186462701482,80.30627093628075,-1.3558596134697538
2026-09-12 00:49:42+00:00,55501,STARLINK-5367,80.26240295454413,-0.10106813005740989,80.25161634395147,-1.3119403393156297
2026-09-12 00:50:42+00:00,55501,STARLINK-5367,80.21155965595642,-0.1376575748374087,80.20151062515887,-1.2621593701562652
2026-09-12 00:51:42+00:00,55501,STARLINK-5367,80.16551659077759,-0.17561880365549243,80.15624128559662,-1.2067275033145002
2026-09-12 00:52:42+00:00,55501,STARLINK-5367,80.12455750046934,-0.21478807365920716,80.1160754049014,-1.1458806419458867
2026-09-12 00:53:42+00:00,55501,STARLINK-5367,80.08894278704227,-0.25500647277736377,80.08125615855437,-1.0798798604327011
2026-09-12 00:54:42+00:00,55501,STARLINK-5367,80.05890538209823,-0.296119787832847,80.0519989842029,-1.0090107453293022
2026-09-12 00:55:42+00:00,55501,STARLINK-5367,80.03463581620885,-0.3379777767183221,80.02847690489833,-0.9335874558812449
2026-09-12 00:56:42+00:00,55501,STARLINK-5367,80.01633760684959,-0.38043387327874,80.01087652082894,-0.8539276609062725
2026-09-12 00:57:42+00:00,55501,STARLINK-5367,80.0041367324686,-0.42334291030516624,79.99930735171733,-0.7703884301350108
2026-09-12 00:58:42+00:00,55501,STARLINK-5367,79.99814066355667,-0.46656043106928813,79.99386151272836,-0.6833383296677464
2026-09-12 00:59:42+00:00,55501,STARLINK-5367,79.99842065138041,-0.5099410791561061,79.99459622217984,-0.5931627613130352
2026-09-12 01:00:42+00:00,55501,STARLINK-5367,80.00501335489399,-0.5533373188696835,80.0015357240236,-0.5002614577303319
2026-09-12 01:01:42+00:00,55501,STARLINK-5367,80.01791987700369,-0.5965983499606791,80.01467058570071,-0.40504680372457
2026-09-12 01:02:42+00:00,55501,STARLINK-5367,80.03710565391977,-0.6395693573805046,80.03395782006079,-0.3079417973339309
2026-09-12 01:03:42+00:00,55501,STARLINK-5367,80.06250234549759,-0.6820911863833419,80.05932296916423,-0.20937802014164753
2026-09-12 01:04:42+00:00,55501,STARLINK-5367,80.09400884158603,-0.7240004551669985,80.09066125939182,-0.10979385380785356
2026-09-12 01:05:42+00:00,55501,STARLINK-5367,80.13149091166265,-0.7651301136229076,80.12783735287874,-0.009632533855144843
2026-09-12 01:06:42+00:00,55501,STARLINK-5367,80.17477053165794,-0.805310322398471,80.17067472100307,0.09066348639144195
2026-09-12 01:07:42+00:00,55501,STARLINK-5367,80.22368416317983,-0.8443705266946981,80.21901392965124,0.19063914000829563
2026-09-12 01:08:42+00:00,55501,STARLINK-5367,80.27799750220089,-0.8821401633105417,80.272627331812,0.28984986402256396
2026-09-12 01:09:42+00:00,55501,STARLINK-5367,80.33746543975084,-0.918451272744603,80.33127892098096,0.38784979349717474
2026-09-12 01:10:42+00:00,55501,STARLINK-5367,80.40181788603057,-0.9531403372816527,80.39470999987059,0.48419718357240527
2026-09-12 01:11:42+00:00,55501,STARLINK-5367,80.47076305755321,-0.9860502960388544,80.46264227017576,0.5784555127892936
2026-09-12 01:12:42+00:00,55501,STARLINK-5367,80.54398789906536,-1.0170323783041795,80.53477801183054,0.670195800827269
2026-09-12 01:13:42+00:00,55501,STARLINK-5367,80.62115889800307,-1.0459476885933654,80.61080061573858,0.7589990641832216
2026-09-12 01:14:42+00:00,55501,STARLINK-5367,80.70192473229439,-1.0726684711230163,80.69037692930421,0.8444577282381474
2026-09-12 01:15:42+00:00,55501,STARLINK-5367,80.78591623037994,-1.0970789401409107,80.77315687713237,0.9261787533895536
2026-09-12 01:16:42+00:00,55501,STARLINK-5367,80.87274931115027,-1.119075709745971,80.85877606208535,1.0037850574428973
2026-09-12 01:17:42+00:00,55501,STARLINK-5367,80.96201061714822,-1.1385675861349362,80.94684088330322,1.0769299123965652
2026-09-12 01:18:42+00:00,55501,STARLINK-5367,81.05331772281988,-1.1554758376160272,81.03698898986113,1.145253213137039
2026-09-12 01:19:42+00:00,55501,STARLINK-5367,81.1462346113886,-1.1697324216059197,81.12880353229713,1.2084515241833316
2026-09-12 01:20:42+00:00,55501,STARLINK-5367,81.24033134766994,-1.1812796627589215,81.22187306944097,1.2662349423296604
2026-09-12 01:21:42+00:00,55501,STARLINK-5367,81.33517134460341,-1.190068937478296,81.31577836925598,1.3183405410160276
2026-09-12 01:22:42+00:00,55501,STARLINK-5367,81.43031505559095,-1.1960595310901754,81.41009582310531,1.3645327858647605
2026-09-12 01:23:42+00:00,55501,STARLINK-5367,81.52532255779711,-1.199217583338605,81.5043997630319,1.4046047873195278
2026-09-12 01:24:42+00:00,55501,STARLINK-5367,81.61975559282055,-1.199515242179955,81.59826425404795,1.4383799713921377
2026-09-12 01:25:42+00:00,55501,STARLINK-5367,81.71318240895542,-1.1969301673465655,81.69126776486158,1.46571093446358
2026-09-12 01:26:42+00:00,55501,STARLINK-5367,81.80517882619097,-1.191445379946244,81.78299403321375,1.4864816362855322
2026-09-12 01:27:42+00:00,55501,STARLINK-5367,81.8953335676795,-1.183049602779911,81.87303730109804,1.5006055084079932
2026-09-12 01:28:42+00:00,55501,STARLINK-5367,81.9832494824961,-1.1717380040236112,81.96100342655427,1.5080262171067176
2026-09-12 01:29:42+00:00,55501,STARLINK-5367,82.0685325189247,-1.157513228334894,82.04649854344655,1.5087311543999888
2026-09-12 01:30:42+00:00,55501,STARLINK-5367,82.15085232581536,-1.1403876592267927,82.12919064568479,1.5026968188459549
2026-09-12 01:31:42+00:00,55501,STARLINK-5367,82.22985753015999,-1.1203842355846945,82.20872338726866,1.4899690032371353
2026-09-12 01:32:42+00:00,55501,STARLINK-5367,82.3052343704677,-1.0975391589202008,82.28477574965635,1.4706095338408574
2026-09-12 01:33:42+00:00,55501,STARLINK-5367,82.37669481716821,-1.071903805954502,82.35705002896624,1.4447081912963355
2026-09-12 01:34:42+00:00,55501,STARLINK-5367,82.44397592761997,-1.0435466805018017,82.42527130502896,1.4123835781992327
2026-09-12 01:35:42+00:00,55501,STARLINK-5367,82.5068414062967,-1.0125551580755214,82.48918919914489,1.3737817014822227
2026-09-12 01:36:42+00:00,55501,STARLINK-5367,82.56508089421256,-0.9790368364723925,82.54857737534294,1.329076088007131
2026-09-12 01:37:42+00:00,55501,STARLINK-5367,82.61850842520384,-0.9431203963564272,82.60323224870882,1.2784679852573895
2026-09-12 01:38:42+00:00,55501,STARLINK-5367,82.6669635397234,-0.9049559278092687,82.65297442161582,1.2221844813276839
2026-09-12 01:39:42+00:00,55501,STARLINK-5367,82.71030839003532,-0.8647145841774204,82.6976461109918,1.1604785064034822
2026-09-12 01:40:42+00:00,55501,STARLINK-5367,82.74841252668926,-0.8225874486814675,82.73709619511412,1.093635577715503
2026-09-12 01:41:42+00:00,55501,STARLINK-5367,82.78121052201422,-0.7787846552793347,82.77123863903594,1.0219413439620766
2026-09-12 01:42:42+00:00,55501,STARLINK-5367,82.80861189676087,-0.7335321610616621,82.7999621595227,0.945727877701966
2026-09-12 01:43:42+00:00,55501,STARLINK-5367,82.83055968133468,-0.6870698318110655,82.82318962668943,0.8653393731984416
2026-09-12 01:44:42+00:00,55501,STARLINK-5367,82.84701438019376,-0.6396482641034211,82.84086228370583,0.781138849592816
2026-09-12 01:45:42+00:00,55501,STARLINK-5367,82.857952241747,-0.5915255485607052,82.8529383670398,0.6935064300573508
2026-09-12 01:46:42+00:00,55501,STARLINK-5367,82.86336671091263,-0.5429639873176217,82.85939488485579,0.6028367035911275
2026-09-12 01:47:42+00:00,55501,STARLINK-5367,82.86326730252686,-0.49422684050583143,82.86022676748686,0.5095369670518552
2026-09-12 01:48:42+00:00,55501,STARLINK-5367,82.85767919383575,-0.44557527809872743,82.85544669652288,0.4140250956268283
2026-09-12 01:49:42+00:00,55501,STARLINK-5367,82.8466446704326,-0.39726567110695077,82.84508674000418,0.3167272906834554
2026-09-12 01:50:42+00:00,55501,STARLINK-5367,82.83022359337835,-0.349547281000552,82.8291989578344,0.2180762043120983
2026-09-12 01:51:42+00:00,55501,STARLINK-5367,82.80847756791633,-0.30266022556702765,82.80783966543481,0.11850674075114931
2026-09-12 01:52:42+00:00,55501,STARLINK-5367,82.78153238262472,-0.25683489264021375,82.78113189969264,0.018462371383526133
2026-09-12 01:53:42+00:00,55501,STARLINK-5367,82.74948739781654,-0.212290000059852,82.74917483670548,-0.08161741005278067
2026-09-12 01:54:42+00:00,55501,STARLINK-5367,82.71247713667736,-0.16923294928168175,82.71210532582927,-0.18129220385081624
2026-09-12 01:55:42+00:00,55501,STARLINK-5367,82.67065587301924,-0.12785963358374275,82.67008240662058,-0.2801236723931808
2026-09-12 01:56:42+00:00,55501,STARLINK-5367,82.62419713876707,-0.08835471607649481,82.6232867060006,-0.37767733320506025
2026-09-12 01:57:42+00:00,55501,STARLINK-5367,82.57329459188672,-0.05089210538157829,82.57192116581696,-0.473523746213683
2026-09-12 01:58:42+00:00,55501,STARLINK-5367,82.51816126229413,-0.01563547262682974,82.51621011821193,-0.5672401335200412
2026-09-12 01:59:42+00:00,55501,STARLINK-5367,82.45902780769484,0.017261295398981247,82.45639733748277,-0.6584126069846192
2026-09-12 02:00:42+00:00,55501,STARLINK-5367,82.3961432407528,0.04765377247032987,82.39274654505337,-0.7466370143654437
2026-09-12 02:01:42+00:00,55501,STARLINK-5367,82.32977179690633,0.07540695945433029,82.32553801217564,-0.8315220544036457
2026-09-12 02:02:42+00:00,55501,STARLINK-5367,82.26017821198558,0.1003956934637138,82.25505344713162,-0.9127007077264118
2026-09-12 02:03:42+00:00,55501,STARLINK-5367,82.18768497239877,0.12250452893548669,82.18163340291649,-0.9897903774502055
2026-09-12 02:04:42+00:00,55501,STARLINK-5367,82.11258153268109,0.14162972539517327,82.10558549462289,-1.0624582661257094
2026-09-12 02:05:42+00:00,55501,STARLINK-5367,82.03518333516229,0.15767973352760123,82.02724353079267,-1.1303807656515872
2026-09-12 02:06:42+00:00,55501,STARLINK-5367,81.95581490401494,0.1705768238376031,81.94695015707583,-1.1932560840221385
2026-09-12 02:07:42+00:00,55501,STARLINK-5367,81.87480813408634,0.18025867202569756,81.86505479890009,-1.2508063709860693
2026-09-12 02:08:42+00:00,55501,STARLINK-5367,81.79250257562617,0.18667995028645556,81.78191363416599,-1.3027779986590318
2026-09-12 02:09:42+00:00,55501,STARLINK-5367,81.70924321292433,0.18981386007636836,81.69788704352894,-1.3489439388390494
2026-09-12 02:10:42+00:00,55501,STARLINK-5367,81.62538107684239,0.18965341828013038,81.61333995761606,-1.3891034818409835
2026-09-12 02:11:42+00:00,55501,STARLINK-5367,81.54127216093164,0.18621243997175352,81.52864051592348,-1.4230833340475115
2026-09-12 02:12:42+00:00,55501,STARLINK-5367,81.45727598646391,0.17952610046426842,81.44415840368745,-1.450738925262307
2026-09-12 02:13:42+00:00,55501,STARLINK-5367,81.37375715701627,0.16965096640781074,81.36026626748988,-1.4719528802933368
2026-09-12 02:14:42+00:00,55501,STARLINK-5367,81.29106865346306,0.1566646992678642,81.27732261901546,-1.4866495479852162
2026-09-12 02:15:42+00:00,55501,STARLINK-5367,81.20960978048004,0.14066432442348198,81.19573070272622,-1.4947407454249557
2026-09-12 02:16:42+00:00,55501,STARLINK-5367,81.12973912549619,0.12176568635593021,81.11584993042203,-1.4962064543192426
2026-09-12 02:17:42+00:00,55501,STARLINK-5367,81.05183025801566,0.10010074169365879,81.03805257091199,-1.4910410892393458
2026-09-12 02:18:42+00:00,55501,STARLINK-5367,80.97625730397321,0.07581530028108219,80.96270914264193,-1.4792657920335088
2026-09-12 02:19:42+00:00,55501,STARLINK-5367,80.90339283749745,0.049066347328645676,80.89018637737918,-1.460928795271549
2026-09-12 02:20:42+00:00,55501,STARLINK-5367,80.8336050150237,0.020019235984833017,80.82084445361042,-1.4361061104128297
2026-09-12 02:21:42+00:00,55501,STARLINK-5367,80.7672571457845,-0.011155151746628178,80.75503673873864,-1.4048999042064807
2026-09-12 02:22:42+00:00,55501,STARLINK-5367,80.70470420754924,-0.044283069385723905,80.6931064590431,-1.367439295662031
2026-09-12 02:23:42+00:00,55501,STARLINK-5367,80.64628954263259,-0.07919030516188386,80.63538358516993,-1.3238806449993952
2026-09-12 02:24:42+00:00,55501,STARLINK-5367,80.59234317392176,-0.11570422091782362,80.58218338268915,-1.2744065580080104
2026-09-12 02:25:42+00:00,55501,STARLINK-5367,80.54316310429053,-0.15365512557435324,80.53378781232757,-1.21923481976658
2026-09-12 02:26:42+00:00,55501,STARLINK-5367,80.49907078282669,-0.19287799650809845,80.490501816473,-1.1585820253061883
2026-09-12 02:27:42+00:00,55501,STARLINK-5367,80.46032154985119,-0.23321195714037302,80.4525631914981,-1.0927177158341728
2026-09-12 02:28:42+00:00,55501,STARLINK-5367,80.42715815854356,-0.27450090436045116,80.42019699197618,-1.021926848963357
2026-09-12 02:29:42+00:00,55501,STARLINK-5367,80.39979562342236,-0.3165928498174253,80.393600556392,-0.9465172131641779
2026-09-12 02:30:42+00:00,55501,STARLINK-5367,80.37841803332076,-0.35933899972010863,80.37294063580175,-0.8668186525632393
2026-09-12 02:31:42+00:00,55501,STARLINK-5367,80.36317575436796,-0.40259254233697384,80.35835092176492,-0.7831817839902531
2026-09-12 02:32:42+00:00,55501,STARLINK-5367,80.35418576904313,-0.4462072951862517,80.34993271710599,-0.6959755830187273
2026-09-12 02:33:42+00:00,55501,STARLINK-5367,80.35152973137822,-0.4900362802143263,80.34775329947786,-0.6055859500331318
2026-09-12 02:34:42+00:00,55501,STARLINK-5367,80.3552528774789,-0.5339303939753455,80.35184512794989,-0.5124137702367726
2026-09-12 02:35:42+00:00,55501,STARLINK-5367,80.36536528057626,-0.5777373125972702,80.36220737047022,-0.41687267076000634
2026-09-12 02:36:42+00:00,55501,STARLINK-5367,80.38182627373996,-0.6213005106684689,80.3787905656735,-0.31938687629763185
2026-09-12 02:37:42+00:00,55501,STARLINK-5367,80.40460463164969,-0.6644595598597296,80.40155699947792,-0.22038948458161123
2026-09-12 02:38:42+00:00,55501,STARLINK-5367,80.43359184845205,-0.7070491509963128,80.43039414222504,-0.12032151836576421
2026-09-12 02:39:42+00:00,55501,STARLINK-5367,80.46866058861904,-0.74890027791945,80.4651732119261,-0.019628419072978076
2026-09-12 02:40:42+00:00,55501,STARLINK-5367,80.50965341394715,-0.7898410515373335,80.50573795612566,0.08124091841836467
2026-09-12 02:41:42+00:00,55501,STARLINK-5367,80.55638336039765,-0.8296980534621738,80.55190523472173,0.18183592560466622
2026-09-12 02:42:42+00:00,55501,STARLINK-5367,80.6086349923477,-0.8682980186050582,80.6034660262161,0.28170630282891196
2026-09-12 02:43:42+00:00,55501,STARLINK-5367,80.66616731380883,-0.9054697656960702,80.66018823993048,0.3804033409328156
2026-09-12 02:44:42+00:00,55501,STARLINK-5367,80.7287139116791,-0.9410462072475951,80.72181670785871,0.4774822011531583
2026-09-12 02:45:42+00:00,55501,STARLINK-5367,80.79598576453776,-0.9748663823127011,80.78807579862115,0.5725032369077816
2026-09-12 02:46:42+00:00,55501,STARLINK-5367,80.86767211313409,-1.0067773369260529,80.8586700484866,0.6650341203199623
2026-09-12 02:47:42+00:00,55501,STARLINK-5367,80.9434264189258,-1.0366355914691745,80.93326974999344,0.7546619517038842
2026-09-12 02:48:42+00:00,55501,STARLINK-5367,81.02292729223221,-1.064309162348973,81.01157191258062,0.8409573485410498
2026-09-12 02:49:42+00:00,55501,STARLINK-5367,81.10579219514815,-1.0896774535878642,81.09321315444274,0.9235317741205051
2026-09-12 02:50:42+00:00,55501,STARLINK-5367,81.19163613207925,-1.1126324244301244,81.1778283379699,1.002004602359662
2026-09-12 02:51:42+00:00,55501,STARLINK-5367,81.28005981387086,-1.1330784906181535,81.2650383109421,1.076013383576992
2026-09-12 02:52:42+00:00,55501,STARLINK-5367,81.37065110156522,-1.150932172107165,81.35445098865259,1.1452162078801535
2026-09-12 02:53:42+00:00,55501,STARLINK-5367,81.4629859306748,-1.1661213880052426,81.44566191155492,1.209294603662947
2026-09-12 02:54:42+00:00,55501,STARLINK-5367,81.55663216737975,-1.1785845199526808,81.53825777885197,1.267954022863826
2026-09-12 02:55:42+00:00,55501,STARLINK-5367,81.65114987065321,-1.1882692764915461,81.63181636083654,1.3209273095357474
2026-09-12 02:56:42+00:00,55501,STARLINK-5367,81.74609591515872,-1.1951315679041326,81.72591084893078,1.3679743485708684
2026-09-12 02:57:42+00:00,55501,STARLINK-5367,81.84102591698036,-1.1991344313703731,81.82011149967857,1.4088839340120245
2026-09-12 02:58:42+00:00,55501,STARLINK-5367,81.93549634387091,-1.2002471559006636,81.91398749025262,1.4434754337961522
2026-09-12 02:59:42+00:00,55501,STARLINK-5367,82.02905516092709,-1.1984445715922654,82.00709713921617,1.471611362555187
2026-09-12 03:00:42+00:00,55501,STARLINK-5367,82.12130111938998,-1.193707539803684,82.09904799735295,1.4931435896378034
2026-09-12 03:01:42+00:00,55501,STARLINK-5367,82.2118007554238,-1.1860221769598471,82.1894122262681,1.5079962685074264
2026-09-12 03:02:42+00:00,55501,STARLINK-5367,82.30014980643591,-1.1753812563409198,82.2777889146805,1.5161096185018508
2026-09-12 03:03:42+00:00,55501,STARLINK-5367,82.38596039590563,-1.1617851597741318,82.36379093368512,1.5174546551604493
2026-09-12 03:04:42+00:00,55501,STARLINK-5367,82.46886487400171,-1.1452434154949085,82.44704877320711,1.5120316511320482
2026-09-12 03:05:42+00:00,55501,STARLINK-5367,82.54851747118764,-1.1257765152002897,82.52721219690542,1.4998703063070735
2026-09-12 03:06:42+00:00,55501,STARLINK-5367,82.62459510128808,-1.1034179154153776,82.60395107981546,1.4810302357453722
2026-09-12 03:07:42+00:00,55501,STARLINK-5367,82.69680045529145,-1.0782161352505106,82.676958621778,1.4555990384670991
2026-09-12 03:08:42+00:00,55501,STARLINK-5367,82.7648618676226,-1.05023674158927,82.74595132951043,1.423692848741851
2026-09-12 03:09:42+00:00,55501,STARLINK-5367,82.82853313328533,-1.0195641207136035,82.81066900197854,1.385456408642625
2026-09-12 03:10:42+00:00,55501,STARLINK-5367,82.88758036960148,-0.986302744906304,82.87086166093763,1.341071957902635
2026-09-12 03:11:42+00:00,55501,STARLINK-5367,82.94183749264188,-0.9505788027067119,82.92634595671562,1.290717964069632
2026-09-12 03:12:42+00:00,55501,STARLINK-5367,82.99112068912969,-0.9125395703831707,82.97691890102658,1.2346313063560999
2026-09-12 03:13:42+00:00,55501,STARLINK-5367,83.03528412536947,-0.8723538713278813,83.0224146209594,1.1730639409351298
2026-09-12 03:14:42+00:00,55501,STARLINK-5367,83.07420341631695,-0.8302110206440965,83.06268800034677,1.1062933941129671
2026-09-12 03:15:42+00:00,55501,STARLINK-5367,83.10777613042885,-0.7863193470676997,83.09761558295266,1.0346205380372204
2026-09-12 03:16:42+00:00,55501,STARLINK-5367,83.13591955795381,-0.7409041017716742,83.12709372405291,0.9583688491736169
2026-09-12 03:17:42+00:00,55501,STARLINK-5367,83.1585690191953,-0.6942048771008533,83.1510372898408,0.8778829833075932
2026-09-12 03:18:42+00:00,55501,STARLINK-5367,83.17567822059992,-0.6464726654917001,83.1693804014917,0.7935264214398376
2026-09-12 03:19:42+00:00,55501,STARLINK-5367,83.1872171504019,-0.5979666346746253,83.18207468453825,0.7056800321925216
2026-09-12 03:20:42+00:00,55501,STARLINK-5367,83.19317293167417,-0.5489508303659347,83.18909045476563,0.614739566080079
2026-09-12 03:21:42+00:00,55501,STARLINK-5367,83.19353443619512,-0.49969071810516574,83.19040160961983,0.521115344994981
2026-09-12 03:22:42+00:00,55501,STARLINK-5367,83.18835040691636,-0.45045079338266536,83.18604403957643,0.4252229442230022
2026-09-12 03:23:42+00:00,55501,STARLINK-5367,83.17764262623548,-0.4014907310391589,83.17602891668736,0.3274930549204261
2026-09-12 03:24:42+00:00,55501,STARLINK-5367,83.16146550121296,-0.3530637085943229,83.1604024867632,0.22836060661937596
2026-09-12 03:25:42+00:00,55501,STARLINK-5367,83.13989032518879,-0.30541428025080464,83.13923041164941,0.12826519601153308
2026-09-12 03:26:42+00:00,55501,STARLINK-5367,83.11300792870513,-0.2587769746707176,83.11260047037212,0.027649352281759576
2026-09-12 03:27:42+00:00,55501,STARLINK-5367,83.08092834723178,-0.2133753537895675,83.08062223344064,-0.07304314194413841
2026-09-12 03:28:42+00:00,55501,STARLINK-5367,83.04378078357784,-0.16942153930087755,83.04342699053848,-0.1733690862275079
2026-09-12 03:29:42+00:00,55501,STARLINK-5367,83.0017152564454,-0.12711615671588383,83.00116932686691,-0.2728870966328394
2026-09-12 03:30:42+00:00,55501,STARLINK-5367,82.95490130279299,-0.08664855032841601,82.95402571765307,-0.37115956111182413
2026-09-12 03:31:42+00:00,55501,STARLINK-5367,82.90352912189951,-0.04819722584716146,82.90219553380031,-0.46775374782451706
2026-09-12 03:32:42+00:00,55501,STARLINK-5367,82.84779392599066,-0.01193017111544492,82.84588516825585,-0.5622515118683289
2026-09-12 03:33:42+00:00,55501,STARLINK-5367,82.78795309397053,0.021993977455885272,82.7853651885891,-0.65422041114671
2026-09-12 03:34:42+00:00,55501,STARLINK-5367,82.7242382038408,0.05342666623235104,82.7208818640869,-0.7432601327318018
2026-09-12 03:35:42+00:00,55501,STARLINK-5367,82.65691274953654,0.08222862480924675,82.65271480017455,-0.8289752099826551
2026-09-12 03:36:42+00:00,55501,STARLINK-5367,82.58625479042918,0.1082702711121506,82.58115926127167,-0.9109845896404494
2026-09-12 03:37:42+00:00,55501,STARLINK-5367,82.51255702479976,0.1314322360485285,82.50652594875211,-0.9889227502965525
2026-09-12 03:38:42+00:00,55501,STARLINK-5367,82.43612393372695,0.1516062566527765,82.42913781143156,-1.0624426684555814
2026-09-12 03:39:42+00:00,55501,STARLINK-5367,82.3572716616667,0.16869633949314888,82.34932960072109,-1.1312167831200952
2026-09-12 03:40:42+00:00,55501,STARLINK-5367,82.27632613204615,0.18262018700814053,82.2674456391576,-1.1949391877266393
2026-09-12 03:41:42+00:00,55501,STARLINK-5367,82.19362086976986,0.1933107812557484,82.18383728684009,-1.253328143589684
2026-09-12 03:42:42+00:00,55501,STARLINK-5367,82.1094977515498,0.20071798068075175,82.09886337937621,-1.3061259964150622
2026-09-12 03:43:42+00:00,55501,STARLINK-5367,82.02430514918836,0.20481007652924887,82.01288804352984,-1.3531011784638025
2026-09-12 03:44:42+00:00,55501,STARLINK-5367,81.93838239668872,0.2055753187643763,81.92626463029758,-1.3940632341313375
2026-09-12 03:45:42+00:00,55501,STARLINK-5367,81.85211764139902,0.20302225669298446,81.83939425356576,-1.4288080886319818
2026-09-12 03:46:42+00:00,55501,STARLINK-5367,81.76586024763593,0.19718140802677953,81.75263657690323,-1.4572008279726703
2026-09-12 03:47:42+00:00,55501,STARLINK-5367,81.67997879682915,0.18810469864874046,81.66636856455838,-1.4791208032187484
2026-09-12 03:48:42+00:00,55501,STARLINK-5367,81.59484577450247,0.17586524217009414,81.58096880516513,-1.4944755575506008
2026-09-12 03:49:42+00:00,55501,STARLINK-5367,81.5108360223342,0.16055640071894484,81.4968158615246,-1.5032016281245077
2026-09-12 03:50:42+00:00,55501,STARLINK-5367,81.42832778693,0.14229027823548712,81.41428931080384,-1.5052626578667798
2026-09-12 03:51:42+00:00,55501,STARLINK-5367,81.34770085273553,0.12119576637753937,81.33376786483602,-1.5006500329282417
2026-09-12 03:52:42+00:00,55501,STARLINK-5367,81.26933440993649,0.09741619270232427,81.25562726614021,-1.489383464921005
2026-09-12 03:53:42+00:00,55501,STARLINK-5367,81.19360729115625,0.07110665090686297,81.18024063475704,-1.4715091836753302
2026-09-12 03:54:42+00:00,55501,STARLINK-5367,81.12089512608185,0.04243120504825271,81.10797571877092,-1.4471007058524634
2026-09-12 03:55:42+00:00,55501,STARLINK-5367,81.0515530830362,0.011560240144067535,81.03917756895169,-1.4162706242094174
2026-09-12 03:56:42+00:00,55501,STARLINK-5367,80.98597292696368,-0.021332948793279627,80.97422661202759,-1.3791230605682934
2026-09-12 03:57:42+00:00,55501,STARLINK-5367,80.92449099790488,-0.05607355908824729,80.91344554877008,-1.335825008066628
2026-09-12 03:58:42+00:00,55501,STARLINK-5367,80.86744578446732,-0.09248808681669729,80.85715801731003,-1.2865578188785207
2026-09-12 03:59:42+00:00,55501,STARLINK-5367,80.81515899259607,-0.13040577535613807,80.80566968232844,-1.2315293430368044
2026-09-12 04:00:42+00:00,55501,STARLINK-5367,80.76793164856785,-0.16965972754561776,80.7592645956609,-1.170974095619485
2026-09-12 04:01:42+00:00,55501,STARLINK-5367,80.72604282738743,-0.2100875067878647,80.71820422940161,-1.105151477985796
2026-09-12 04:02:42+00:00,55501,STARLINK-5367,80.68974575947928,-0.25153117458961916,80.68272387525391,-1.034345622673694
2026-09-12 04:03:42+00:00,55501,STARLINK-5367,80.65926460373075,-0.2938368460917573,80.65302973310826,-0.9588645331253112
2026-09-12 04:04:42+00:00,55501,STARLINK-5367,80.63479338497997,-0.33685385687897806,80.62929818421787,-0.8790381322778575
2026-09-12 04:05:42+00:00,55501,STARLINK-5367,80.61649262316968,-0.38043358648629777,80.61167274367496,-0.7952173379008087
2026-09-12 04:06:42+00:00,55501,STARLINK-5367,80.60447437745383,-0.42442795141822565,80.60024940854375,-0.7077752893465394
2026-09-12 04:07:42+00:00,55501,STARLINK-5367,80.59885962884206,-0.46868868144996245,80.59513448735504,-0.6170910425718503
2026-09-12 04:08:42+00:00,55501,STARLINK-5367,80.59968770114568,-0.5130649243974279,80.59635410604677,-0.5235711205620115
2026-09-12 04:09:42+00:00,55501,STARLINK-5367,80.60697788946129,-0.5574028264682718,80.60391627320149,-0.4276306629179296
2026-09-12 04:10:42+00:00,55501,STARLINK-5367,80.62071326670205,-0.6015444975064632,80.6177948867437,-0.3296959936523648
2026-09-12 04:11:42+00:00,55501,STARLINK-5367,80.64084100910577,-0.6453275510386587,80.63793026724704,-0.23020256807651274
2026-09-12 04:12:42+00:00,55501,STARLINK-5367,80.66727466791608,-0.6885851059902546,80.66423159337103,-0.1295930238304832
2026-09-12 04:13:42+00:00,55501,STARLINK-5367,80.69989403669223,-0.7311462217593103,80.69657688515579,-0.028315259081352906
2026-09-12 04:14:42+00:00,55501,STARLINK-5367,80.73854787979339,-0.7728368184795666,80.73481579707226,0.0731792491392369
2026-09-12 04:15:42+00:00,55501,STARLINK-5367,80.78305492921339,-0.8134809877970302,80.77877062726365,0.17443717128248082
2026-09-12 04:16:42+00:00,55501,STARLINK-5367,80.8332044950697,-0.8529026355529439,80.82823688577433,0.2750054057115783
2026-09-12 04:17:42+00:00,55501,STARLINK-5367,80.88874518141813,-0.8909272285363983,80.88297188789183,0.37443862026486485
2026-09-12 04:18:42+00:00,55501,STARLINK-5367,80.94944434774135,-0.9273845049683516,80.94275417181875,0.47227668642164744
2026-09-12 04:19:42+00:00,55501,STARLINK-5367,81.01500066653479,-0.9621094644431452,81.00729572415783,0.5680825960226166
2026-09-12 04:20:42+00:00,55501,STARLINK-5367,81.08510541119418,-0.9949450002914162,81.07630311404137,0.6614207064737769
2026-09-12 04:21:42+00:00,55501,STARLINK-5367,81.15942934918377,-1.0257434330841981,81.14946409041741,0.7518647037135686
2026-09-12 04:22:42+00:00,55501,STARLINK-5367,81.23762276049173,-1.0543678833122243,81.22644728697401,0.8390001662899849
2026-09-12 04:23:42+00:00,55501,STARLINK-5367,81.31931832175131,-1.0806932911230724,81.30690477810235,0.9224260021475921
2026-09-12 04:24:42+00:00,55501,STARLINK-5367,81.4041311383748,-1.1046069734727233,81.39047174823932,1.001757668764391
2026-09-12 04:25:42+00:00,55501,STARLINK-5367,81.49166158803182,-1.1260087768519078,81.47676898077674,1.0766285644983071
2026-09-12 04:26:42+00:00,55501,STARLINK-5367,81.58149646123891,-1.1448107954966567,81.56540362895723,1.1466926104856512
2026-09-12 04:27:42+00:00,55501,STARLINK-5367,81.67320987410221,-1.1609367259720145,81.65596975451285,1.2116272147477645
2026-09-12 04:28:42+00:00,55501,STARLINK-5367,81.76636717066259,-1.1743209784920587,81.748051900402,1.2711337523096233
2026-09-12 04:29:42+00:00,55501,STARLINK-5367,81.86051178708433,-1.1849074090624612,81.8412114003848,1.324953204022286
2026-09-12 04:30:42+00:00,55501,STARLINK-5367,81.95522554080873,-1.19264886802112,81.93504719648925,1.3728157310851685
2026-09-12 04:31:42+00:00,55501,STARLINK-5367,82.05004487277746,-1.1975050930090756,82.02911057446032,1.414518836910716
2026-09-12 04:32:42+00:00,55501,STARLINK-5367,82.14452172224934,-1.199442506922654,82.1229665891882,1.449877664066456
2026-09-12 04:33:42+00:00,55501,STARLINK-5367,82.23821264144493,-1.1984334452512382,82.21618278640584,1.4787372211180525
2026-09-12 04:34:42+00:00,55501,STARLINK-5367,82.33068165405565,-1.194455918092412,82.30833187637415,1.5009731542706817
2026-09-12 04:35:42+00:00,55501,STARLINK-5367,82.42150247618989,-1.1874937901991958,82.39899379665476,1.5164927397343462
2026-09-12 04:36:42+00:00,55501,STARLINK-5367,82.510263382893,-1.1775374444557096,82.48776050536787,1.5252330609945588
2026-09-12 04:37:42+00:00,55501,STARLINK-5367,82.59656913530618,-1.1645848513662056,82.57423782401197,1.5271616911420551
2026-09-12 04:38:42+00:00,55501,STARLINK-5367,82.68004306683243,-1.1486430363564235,82.65804748409238,1.5222768558394364
2026-09-12 04:39:42+00:00,55501,STARLINK-5367,82.76033064359768,-1.1297298838418044,82.73883071754102,1.510605878864908
2026-09-12 04:40:42+00:00,55501,STARLINK-5367,82.83708545880575,-1.1078759424609874,82.81623405009437,1.492218471134585
2026-09-12 04:41:42+00:00,55501,STARLINK-5367,82.91002986395861,-1.083127219226725,82.88997095213112,1.4671751852924402
2026-09-12 04:42:42+00:00,55501,STARLINK-5367,82.97886867139744,-1.0555461492711693,82.95973427959422,1.4356032080302725
2026-09-12 04:43:42+00:00,55501,STARLINK-5367,83.04334575205148,-1.0252140953556008,83.02525396168144,1.3976460037338327
2026-09-12 04:44:42+00:00,55501,STARLINK-5367,83.1032325365749,-0.992232699480045,83.0862855095183,1.3534742439113465
2026-09-12 04:45:42+00:00,55501,STARLINK-5367,83.15832590597304,-0.9567248962084705,83.14260815135299,1.3032861341905466
2026-09-12 04:46:42+00:00,55501,STARLINK-5367,83.20844673092209,-0.9188353893974472,83.19402366215257,1.2473074204395473
2026-09-12 04:47:42+00:00,55501,STARLINK-5367,83.25344087042122,-0.8787305476120046,83.24035771886165,1.1857892837114328
2026-09-12 04:48:42+00:00,55501,STARLINK-5367,83.29317586721974,-0.8365976054043891,83.28145693836306,1.1190088104241482
2026-09-12 04:49:42+00:00,55501,STARLINK-5367,83.32754140839963,-0.79264327543898,83.31718973947324,1.0472667869599661
2026-09-12 04:50:42+00:00,55501,STARLINK-5367,83.35644709822883,-0.7470917373187831,83.34744450373088,0.9708869518881578
2026-09-12 04:51:42+00:00,55501,STARLINK-5367,83.3798063958948,-0.700181945149005,83.37211385560667,0.8902196966743361
2026-09-12 04:52:42+00:00,55501,STARLINK-5367,83.39759532143935,-0.6521654398222534,83.39115399950097,0.8056179424352798
2026-09-12 04:53:42+00:00,55501,STARLINK-5367,83.40976350744512,-0.6033020892162799,83.40449575623279,0.7174695851527026
2026-09-12 04:54:42+00:00,55501,STARLINK-5367,83.41629049230521,-0.5538574618025978,83.41210145990549,0.6261720618840698
2026-09-12 04:55:42+00:00,55501,STARLINK-5367,83.41717392703428,-0.5040993855589528,83.41395339670223,0.5321358053697862
2026-09-12 04:56:42+00:00,55501,STARLINK-5367,83.41242787045408,-0.4542947841663918,83.41005235091247,0.4357824122505356
2026-09-12 04:57:42+00:00,55501,STARLINK-5367,83.40208276996565,-0.4047068129936029,83.40041779175529,0.3375424778959431
2026-09-12 04:58:42+00:00,55501,STARLINK-5367,83.38618727472856,-0.35559240100563017,83.3850898422618,0.23785343886321053
2026-09-12 04:59:42+00:00,55501,STARLINK-5367,83.36480749543728,-0.30720021679683285,83.36412864391649,0.13715764162820943
2026-09-12 05:00:42+00:00,55501,STARLINK-5367,83.3380289764319,-0.2597691649237035,83.33761638545738,0.03590052785989606
2026-09-12 05:01:42+00:00,55501,STARLINK-5367,83.30595681499724,-0.21352735939941958,83.30565743375631,-0.06547105173663503
2026-09-12 05:02:42+00:00,55501,STARLINK-5367,83.26870051907363,-0.16869138361016311,83.26836315181234,-0.1665153751849342
2026-09-12 05:03:42+00:00,55501,STARLINK-5367,83.2264350286834,-0.12546688372509784,83.22591287785801,-0.2667794818489355
2026-09-12 05:04:42+00:00,55501,STARLINK-5367,83.17931162949007,-0.08404766144169251,83.1784647042896,-0.3658258925740725
2026-09-12 05:05:42+00:00,55501,STARLINK-5367,83.12751633117414,-0.044616774678111426,83.12621373065116,-0.463218673136204
2026-09-12 05:06:42+00:00,55501,STARLINK-5367,83.07125528118993,-0.007346851108206209,83.06937730732005,-0.5585282360853121
2026-09-12 05:07:42+00:00,55501,STARLINK-5367,83.01075388628485,0.027599448076191635,83.00819395400538,-0.6513336579991424
2026-09-12 05:08:42+00:00,55501,STARLINK-5367,82.94625639644724,0.06006908525320398,82.94292271892121,-0.7412238077831859
2026-09-12 05:09:42+00:00,55501,STARLINK-5367,82.87802441058597,0.08991853476457123,82.87384142756866,-0.8277994304143981
2026-09-12 05:10:42+00:00,55501,STARLINK-5367,82.80633458190489,0.11701396817715448,82.80124409827427,-0.9106757928209959
2026-09-12 05:11:42+00:00,55501,STARLINK-5367,82.73147900153091,0.14123173448395576,82.7254410311698,-0.9894834896927875
2026-09-12 05:12:42+00:00,55501,STARLINK-5367,82.65376283243455,0.1624592068669486,82.64675611242515,-1.0638709789072607
2026-09-12 05:13:42+00:00,55501,STARLINK-5367,82.57350196540295,0.1805959395302814,82.56552411961061,-1.1335072964154236
2026-09-12 05:14:42+00:00,55501,STARLINK-5367,82.4910091552094,0.1955552142266992,82.48207634687355,-1.1980947840445637
2026-09-12 05:15:42+00:00,55501,STARLINK-5367,82.40664881269592,0.20726493047539662,82.39679574460759,-1.2573228738116882
2026-09-12 05:16:42+00:00,55501,STARLINK-5367,82.3207506219173,0.21567025892263558,82.31002916098376,-1.3109419565020275
2026-09-12 05:17:42+00:00,55501,STARLINK-5367,82.23366502439217,0.22073453350867034,82.22214317761447,-1.3587166332684788
2026-09-12 05:18:42+00:00,55501,STARLINK-5367,82.145748870276,0.2224408102189912,82.13350928846526,-1.4004390404409435
2026-09-12 05:19:42+00:00,55501,STARLINK-5367,82.05736506972114,0.2207929641312063,82.04450330055954,-1.4359285556582435
2026-09-12 05:20:42+00:00,55501,STARLINK-5367,81.96888173670501,0.2158163969727196,81.95550424189523,-1.4650327318614984
2026-09-12 05:21:42+00:00,55501,STARLINK-5367,81.88067074574819,0.2075582727154821,81.86689271583276,-1.4876284453381174
2026-09-12 05:22:42+00:00,55501,STARLINK-5367,81.79310902351956,0.1960871885763238,81.77905208400522,-1.5036202277814112
2026-09-12 05:23:42+00:00,55501,STARLINK-5367,81.70657699578938,0.18149232589881326,81.69236680482206,-1.5129410863957276
2026-09-12 05:24:42+00:00,55501,STARLINK-5367,81.62145731937194,0.1638820552396414,81.6072211100392,-1.5155528058099534
2026-09-12 05:25:42+00:00,55501,STARLINK-5367,81.53812074227066,0.14338220106195898,81.52398464027588,-1.5114576069443473
2026-09-12 05:26:42+00:00,55501,STARLINK-5367,81.45698139344798,0.12013306550416836,81.44306874044307,-1.5006465002002258
2026-09-12 05:27:42+00:00,55501,STARLINK-5367,81.37840972285721,0.09428783530165319,81.36483800640912,-1.4831773380603082
2026-09-12 05:28:42+00:00,55501,STARLINK-5367,81.30278818912599,0.0660091068342723,81.28966707474946,-1.4591219963029616
2026-09-12 05:29:42+00:00,55501,STARLINK-5367,81.23049283725653,0.03546624658354247,81.21792207871798,-1.4285803947383329
2026-09-12 05:30:42+00:00,55501,STARLINK-5367,81.16189379739107,0.0028326215022254075,81.14996134704893,-1.391678888144348
2026-09-12 05:31:42+00:00,55501,STARLINK-5367,81.09735075829026,-0.031716885055672606,81.08613105979738,-1.3485710236115018
2026-09-12 05:32:42+00:00,55501,STARLINK-5367,81.03720966166941,-0.06800802500210068,81.02676216066817,-1.2994377308715919
2026-09-12 05:33:42+00:00,55501,STARLINK-5367,80.98180089552072,-0.10586891409418087,80.97216881340027,-1.2444861224610868
2026-09-12 05:34:42+00:00,55501,STARLINK-5367,80.93143475345909,-0.14513122173001491,80.92264411453775,-1.1839500385379012
2026-09-12 05:35:42+00:00,55501,STARLINK-5367,80.88639961965607,-0.1856308535984681,80.87845858135906,-1.1180886012639064
2026-09-12 05:36:42+00:00,55501,STARLINK-5367,80.84694381840744,-0.22720790632936172,80.83984221081967,-1.0471927586697554
2026-09-12 05:37:42+00:00,55501,STARLINK-5367,80.8133304013605,-0.26970698300829987,80.80703996294969,-0.9715560349391126
2026-09-12 05:38:42+00:00,55501,STARLINK-5367,80.78574874410522,-0.3129753944696603,80.7802231052802,-0.8915164660900761
2026-09-12 05:39:42+00:00,55501,STARLINK-5367,80.76437026410117,-0.35686272613459913,80.75954567318561,-0.807425422049727
2026-09-12 05:40:42+00:00,55501,STARLINK-5367,80.74933043089128,-0.40121932322425025,80.74512670383005,-0.7196538573293463
2026-09-12 05:41:42+00:00,55501,STARLINK-5367,80.74073085588198,-0.4458949260985525,80.73705265692246,-0.6285897948442098
2026-09-12 05:42:42+00:00,55501,STARLINK-5367,80.7386356276869,-0.4907372836864079,80.73537405166782,-0.5346369572679164
2026-09-12 05:43:42+00:00,55501,STARLINK-5367,80.74307303106563,-0.5355910014949479,80.74010747290396,-0.43821232643240426
2026-09-12 05:44:42+00:00,55501,STARLINK-5367,80.75403476068747,-0.5802966436437915,80.75123503530338,-0.33974432870607185
2026-09-12 05:45:42+00:00,55501,STARLINK-5367,80.77147626360242,-0.6246902175226419,80.76870494115441,-0.2396707378026557
2026-09-12 05:46:42+00:00,55501,STARLINK-5367,80.79531872900273,-0.6686031112886379,80.79243364127205,-0.13843670527273844
2026-09-12 05:47:42+00:00,55501,STARLINK-5367,80.82543503257187,-0.7118623022898802,80.82229190472525,-0.03649019676405896
2026-09-12 05:48:42+00:00,55501,STARLINK-5367,80.86170906225716,-0.7542918862612566,80.85816420391066,0.06570991448964669
2026-09-12 05:49:42+00:00,55501,STARLINK-5367,80.90395089030305,-0.7957133277021562,80.89986392826921,0.1677091178517216
2026-09-12 05:50:42+00:00,55501,STARLINK-5367,80.95195536228428,-0.8359477499606367,80.94719192061939,0.2690511159912603
2026-09-12 05:51:42+00:00,55501,STARLINK-5367,81.0054899166365,-0.8748176523027258,80.99992421150007,0.3692809780701616
2026-09-12 05:52:42+00:00,55501,STARLINK-5367,81.06429637061652,-0.9121489395791968,81.05781366298746,0.46794716750947885
2026-09-12 05:53:42+00:00,55501,STARLINK-5367,81.12809138493708,-0.9477729670870794,81.12059024033294,0.5646036003776622
2026-09-12 05:54:42+00:00,55501,STARLINK-5367,81.19656920475457,-0.9815285193652308,81.18796351894639,0.6588110764100747
2026-09-12 05:55:42+00:00,55501,STARLINK-5367,81.26940251220888,-1.013263562889044,81.2596232598125,0.7501395316075516
2026-09-12 05:56:42+00:00,55501,STARLINK-5367,81.34624282818469,-1.0428366896105032,81.33523949397699,0.8381708406980657
2026-09-12 05:57:42+00:00,55501,STARLINK-5367,81.42672369321996,-1.0701182161920855,81.41446537445186,0.9224999769865505
2026-09-12 05:58:42+00:00,55501,STARLINK-5367,81.51046112439795,-1.094990827506546,81.49693727119478,1.002737859367329
2026-09-12 05:59:42+00:00,55501,STARLINK-5367,81.59704003294732,-1.1173496131537135,81.58226065948482,1.0785256919821862
2026-09-12 06:00:42+00:00,55501,STARLINK-5367,81.68607550040932,-1.1371025745620233,81.67007163063028,1.1494904267603019
2026-09-12 06:01:42+00:00,55501,STARLINK-5367,81.77712578715344,-1.154168997533617,81.7599486484556,1.21531598152513
2026-09-12 06:02:42+00:00,55501,STARLINK-5367,81.86975425310185,-1.1684793020273272,81.85147468836249,1.2756993863665613
2026-09-12 06:03:42+00:00,55501,STARLINK-5367,81.96351575776698,-1.179973799359173,81.9442231570211,1.33036400991206
2026-09-12 06:04:42+00:00,55501,STARLINK-5367,82.05795946467407,-1.1886015674394184,82.03776036659137,1.3790619470137742
2026-09-12 06:05:42+00:00,55501,STARLINK-5367,82.15263263221676,-1.1943193800799428,82.13164906464273,1.4215736156472687
2026-09-12 06:06:42+00:00,55501,STARLINK-5367,82.24708290921465,-1.1970907792356527,82.22545046360756,1.4577094354891642
2026-09-12 06:07:42+00:00,55501,STARLINK-5367,82.34086057814132,-1.19688541824459,82.31872624851695,1.487311287601628
2026-09-12 06:08:42+00:00,55501,STARLINK-5367,82.433523785762,-1.1936787971468124,82.41104365784503,1.5102509366955346
2026-09-12 06:09:42+00:00,55501,STARLINK-5367,82.52463965530339,-1.1874523683665745,82.50197641355763,1.5264321037344502
2026-09-12 06:10:42+00:00,55501,STARLINK-5367,82.61377467931243,-1.1781939619415525,82.59109478102671,1.5358022736378132
2026-09-12 06:11:42+00:00,55501,STARLINK-5367,82.70055453537734,-1.16589949162441,82.67802631258868,1.5382990246512591
2026-09-12 06:12:42+00:00,55501,STARLINK-5367,82.7845797794189,-1.1505733303329198,82.7623699751681,1.533931667284513
2026-09-12 06:13:42+00:00,55501,STARLINK-5367,82.86548729388694,-1.1322307720542568,82.84375864008592,1.5227252921463474
2026-09-12 06:14:42+00:00,55501,STARLINK-5367,82.94293644128959,-1.1108998176705445,82.92184501653188,1.5047345789782653
2026-09-12 06:15:42+00:00,55501,STARLINK-5367,83.01661079174471,-1.0866232577831738,82.99630344936185,1.480044251066495
2026-09-12 06:16:42+00:00,55501,STARLINK-5367,83.08622035668827,-1.0594607294772587,83.06683231212561,1.4487669764530509
2026-09-12 06:17:42+00:00,55501,STARLINK-5367,83.15150023156298,-1.0294905584473106,83.13315278842546,1.411044792342203
2026-09-12 06:18:42+00:00,55501,STARLINK-5367,83.21221240139566,-0.9968113305945714,83.1950109178814,1.3670472851289297
2026-09-12 06:19:42+00:00,55501,STARLINK-5367,83.26814443764962,-0.9615429926458248,83.25217653642792,1.3169719473132808
2026-09-12 06:20:42+00:00,55501,STARLINK-5367,83.31910855090658,-0.9238274236957338,83.30444262652833,1.2610437313728937
2026-09-12 06:21:42+00:00,55501,STARLINK-5367,83.36492710971653,-0.8838282388528143,83.35161106009127,1.1995221297786998
2026-09-12 06:22:42+00:00,55501,STARLINK-5367,83.4054892711315,-0.8417308161851302,83.39355009750949,1.1326658483826222
2026-09-12 06:23:42+00:00,55501,STARLINK-5367,83.44066128475596,-0.7977399063714081,83.43010428315836,1.0607855487690578
2026-09-12 06:24:42+00:00,55501,STARLINK-5367,83.47034533986003,-0.7520784457795848,83.46115425286614,0.9842052357974325
2026-09-12 06:25:42+00:00,55501,STARLINK-5367,83.49446306243405,-0.7049849268255333,83.48660048586629,0.9032705300526196
2026-09-12 06:26:42+00:00,55501,STARLINK-5367,83.51295317762677,-0.6567105146981156,83.5063613616637,0.8183470434975284
2026-09-12 06:27:42+00:00,55501,STARLINK-5367,83.52577326728654,-0.6075159173981177,83.52037529909927,0.7298179265234701
2026-09-12 06:28:42+00:00,55501,STARLINK-5367,83.53289704414335,-0.5576680426212448,83.52859837188568,0.6380822595166826
2026-09-12 06:29:42+00:00,55501,STARLINK-5367,83.53431567442738,-0.5074366951440759,83.53100594303675,0.5435525178540237
2026-09-12 06:30:42+00:00,55501,STARLINK-5367,83.53003727711487,-0.45709138346225275,83.52759242566555,0.44665261139267587
2026-09-12 06:31:42+00:00,55501,STARLINK-5367,83.52008624822676,-0.40689838512159593,83.51837082234321,0.3478157515011192
2026-09-12 06:32:42+00:00,55501,STARLINK-5367,83.5044908462123,-0.35711803788393937,83.50336047845771,0.24748130620411013
2026-09-12 06:33:42+00:00,55501,STARLINK-5367,83.48334180638965,-0.3080033412722596,83.48264579651244,0.14609557931136674
2026-09-12 06:34:42+00:00,55501,STARLINK-5367,83.45670380275062,-0.2597972584385726,83.45628777723714,0.04410722769237729
2026-09-12 06:35:42+00:00,55501,STARLINK-5367,83.4246770398839,-0.21273234805780383,83.42438562115795,-0.058033519227896235
2026-09-12 06:36:42+00:00,55501,STARLINK-5367,83.38738118528244,-0.16702992830115804,83.38706063503042,-0.15987680384089487
2026-09-12 06:37:42+00:00,55501,STARLINK-5367,83.3449567428475,-0.12289987394770563,83.34445753886912,-0.260974404381745
2026-09-12 06:38:42+00:00,55501,STARLINK-5367,83.29756546155318,-0.08054073814254004,83.29674477166466,-0.3608814977091974
2026-09-12 06:39:42+00:00,55501,STARLINK-5367,83.24538922514508,-0.040140090619260604,83.24411324273592,-0.4591584144776064
2026-09-12 06:40:42+00:00,55501,STARLINK-5367,83.18863099350395,-0.0018749987921431455,83.18677710553598,-0.5553718138513553
2026-09-12 06:41:42+00:00,55501,STARLINK-5367,83.12751362981898,0.03408751533484988,83.1249723851252,-0.6490965176366181
2026-09-12 06:42:42+00:00,55501,STARLINK-5367,83.06227803723095,0.0675901356844939,83.05895488043771,-0.7399178854656512
2026-09-12 06:43:42+00:00,55501,STARLINK-5367,82.99318407888012,0.09848508539994683,82.98900083538193,-0.8274325252334371
2026-09-12 06:44:42+00:00,55501,STARLINK-5367,82.92049256714053,0.12663446520486232,82.91538851709514,-0.9112619538852691
2026-09-12 06:45:42+00:00,55501,STARLINK-5367,82.84452401015389,0.15190998641428521,82.83845711121285,-0.9910122394512229
2026-09-12 06:46:42+00:00,55501,STARLINK-5367,82.7655685281751,0.1741948398263382,82.75851565900797,-1.066337595490893
2026-09-12 06:47:42+00:00,55501,STARLINK-5367,82.68394260203591,0.19338410132251127,82.67589986989795,-1.1369025942159467
2026-09-12 06:48:42+00:00,55501,STARLINK-5367,82.59997434956028,0.20938626588363007,82.59095695634574,-1.2023930200753057
2026-09-12 06:49:42+00:00,55501,STARLINK-5367,82.5140009244802,0.22212481724029765,82.50404267352643,-1.2625179822941774
2026-09-12 06:50:42+00:00,55501,STARLINK-5367,82.42636762564997,0.23153985912968977,82.41552006657352,-1.3170123039096922
2026-09-12 06:51:42+00:00,55501,STARLINK-5367,82.3374281652157,0.23758969623394322,82.32575943294519,-1.3656360375794705
2026-09-12 06:52:42+00:00,55501,STARLINK-5367,82.24754197783963,0.2402522954950399,82.23513529390502,-1.4081773411542358
2026-09-12 06:53:42+00:00,55501,STARLINK-5367,82.15707529665025,0.23952642618640319,82.14402721912244,-1.4444516657504707
2026-09-12 06:54:42+00:00,55501,STARLINK-5367,82.06639963485115,0.23543244921222461,82.05281805588584,-1.4743031155944522
2026-09-12 06:55:42+00:00,55501,STARLINK-5367,81.97587658074313,0.22801280303047877,81.96187827063233,-1.4976186740723207
2026-09-12 06:56:42+00:00,55501,STARLINK-5367,81.88591620857805,0.2173310822542902,81.87162524332382,-1.514272279247102
2026-09-12 06:57:42+00:00,55501,STARLINK-5367,81.7968891707775,0.2034723121448101,81.78243373660196,-1.524207713193995
2026-09-12 06:58:42+00:00,55501,STARLINK-5367,81.70918285916333,0.18654095387882386,81.69469299147815,-1.5273843697141345
2026-09-12 06:59:42+00:00,55501,STARLINK-5367,81.62318798248744,0.16665923832844953,81.60879308053421,-1.5237890475108102
2026-09-12 07:00:42+00:00,55501,STARLINK-5367,81.5392956656178,0.14396494260149595,81.52512202661302,-1.5134365814922859
2026-09-12 07:01:42+00:00,55501,STARLINK-5367,81.4578962456447,0.11860881931151646,81.44406465982047,-1.4963704090825658
2026-09-12 07:02:42+00:00,55501,STARLINK-5367,81.3793786505066,0.09075181326354276,81.36600214088278,-1.472660606106622
2026-09-12 07:03:42+00:00,55501,STARLINK-5367,81.30412633713549,0.06056225053743702,81.2913080086988,-1.442405592598483
2026-09-12 07:04:42+00:00,55501,STARLINK-5367,81.23251654175822,0.028213059447267597,81.22034763124978,-1.4057305535691498
2026-09-12 07:05:42+00:00,55501,STARLINK-5367,81.16491656069901,-0.006120766186160864,81.15347467169816,-1.3627881535658979
2026-09-12 07:06:42+00:00,55501,STARLINK-5367,81.10166596645206,-0.042264209173641376,81.0910133660618,-1.3137684483107677
2026-09-12 07:07:42+00:00,55501,STARLINK-5367,81.04313278557217,-0.08004471889423925,81.03331563281729,-1.2588574562152601
2026-09-12 07:08:42+00:00,55501,STARLINK-5367,80.98962246512095,-0.11929246244255154,80.98066927672505,-1.1982987294110004
2026-09-12 07:09:42+00:00,55501,STARLINK-5367,80.94143192808173,-0.1598417561427361,80.93335303052177,-1.1323517201874402
2026-09-12 07:10:42+00:00,55501,STARLINK-5367,80.89883402360554,-0.20153113520287746,80.89162115595862,-1.0613003068364755
2026-09-12 07:11:42+00:00,55501,STARLINK-5367,80.86207278165922,-0.24420304687606276,80.85569900671236,-0.9854529690373148
2026-09-12 07:12:42+00:00,55501,STARLINK-5367,80.8313618297109,-0.28770313987717344,80.82578179420678,-0.9051405991451738
2026-09-12 07:13:42+00:00,55501,STARLINK-5367,80.80688245471454,-0.3318792032295228,80.8020329835777,-0.8207155203464715
2026-09-12 07:14:42+00:00,55501,STARLINK-5367,80.78878079233279,-0.3765798609266273,80.78458182306156,-0.7325497887629755
2026-09-12 07:15:42+00:00,55501,STARLINK-5367,80.77716786798138,-0.42165319568410453,80.77352371952288,-0.6410329837722273
2026-09-12 07:16:42+00:00,55501,STARLINK-5367,80.77211821605145,-0.4669453808790278,80.76891916959799,-0.5465704840316308
2026-09-12 07:17:42+00:00,55501,STARLINK-5367,80.77365385162028,-0.5122992945390066,80.77077801723625,-0.4495825447372348
2026-09-12 07:18:42+00:00,55501,STARLINK-5367,80.78180531876559,-0.5575543066376044,80.77912079039397,-0.350496911591367
2026-09-12 07:19:42+00:00,55501,STARLINK-5367,80.79652175441782,-0.6025446489564181,80.7938889368078,-0.24975593065158486
2026-09-12 07:20:42+00:00,55501,STARLINK-5367,80.81773236224643,-0.6470999923515324,80.81500651913643,-0.14780760307856688
2026-09-12 07:21:42+00:00,55501,STARLINK-5367,80.84533188235775,-0.6910455880651645,80.84236580310221,-0.04510566697973761
2026-09-12 07:22:42+00:00,55501,STARLINK-5367,80.87918188322557,-0.7342030554304859,80.87582862910999,0.05789238389585272
2026-09-12 07:23:42+00:00,55501,STARLINK-5367,80.91911255345784,-0.7763916016991494,80.91522822918517,0.1607269077128226
2026-09-12 07:24:42+00:00,55501,STARLINK-5367,80.96492493045257,-0.8174296116556494,80.9603714263508,0.2629378845476289
2026-09-12 07:25:42+00:00,55501,STARLINK-5367,81.0163907185127,-0.857136483906773,81.01103836685462,0.3640670634352432
2026-09-12 07:26:42+00:00,55501,STARLINK-5367,81.07325588001906,-0.8953346794580419,81.06698597449996,0.4636591517850732
2026-09-12 07:27:42+00:00,55501,STARLINK-5367,81.13524125475044,-0.9318517837434257,81.12794838130122,0.5612638956995859
2026-09-12 07:28:42+00:00,55501,STARLINK-5367,81.20204312269165,-0.9665224952191274,81.19363725068203,0.6564385503359453
2026-09-12 07:29:42+00:00,55501,STARLINK-5367,81.27332201753032,-0.9991902861620012,81.26373023675255,0.7487580019805584
2026-09-12 07:30:42+00:00,55501,STARLINK-5367,81.34876057553151,-1.0297095924530701,81.3379288288095,0.8377822926511556
2026-09-12 07:31:42+00:00,55501,STARLINK-5367,81.42797876299521,-1.05794594675098,81.41587279422714,0.923110478099872
2026-09-12 07:32:42+00:00,55501,STARLINK-5367,81.51059294809086,-1.0837773958802615,81.49719916725178,1.004349141899958
2026-09-12 07:33:42+00:00,55501,STARLINK-5367,81.59620252266599,-1.1070946207541468,81.58152842326726,1.0811233714333213
2026-09-12 07:34:42+00:00,55501,STARLINK-5367,81.68439284259512,-1.1278008248375357,81.66846704783597,1.1530782364746202
2026-09-12 07:35:42+00:00,55501,STARLINK-5367,81.77473573957461,-1.145811211127354,81.75760766731848,1.2198813313356283
2026-09-12 07:36:42+00:00,55501,STARLINK-5367,81.86679181819176,-1.1610521742328395,81.84853096614728,1.2812256380078253
2026-09-12 07:37:42+00:00,55501,STARLINK-5367,81.96011398818749,-1.173460294315749,81.9408088954533,1.336829627571241
2026-09-12 07:38:42+00:00,55501,STARLINK-5367,82.05424811288167,-1.1829812008933622,82.03400496922349,1.386440607487728
2026-09-12 07:39:42+00:00,55501,STARLINK-5367,82.14873752587026,-1.1895685044999667,82.12767850930018,1.4298344451232765
2026-09-12 07:40:42+00:00,55501,STARLINK-5367,82.24311058009573,-1.1931826691573324,82.22137167295978,1.4668310144267451
2026-09-12 07:41:42+00:00,55501,STARLINK-5367,82.33694142727353,-1.1937910155399103,82.31467097212835,1.4972405817833945
2026-09-12 07:42:42+00:00,55501,STARLINK-5367,82.42976747226581,-1.191366351965513,82.40712310716437,1.5209447550349324
2026-09-12 07:43:42+00:00,55501,STARLINK-5367,82.52114997845165,-1.1858877311452076,82.49829636658671,1.5378428613004687
2026-09-12 07:44:42+00:00,55501,STARLINK-5367,82.61066179569929,-1.1773407795301596,82.58776798623279,1.5478662941116568
2026-09-12 07:45:42+00:00,55501,STARLINK-5367,82.69789256916913,-1.1657186838436093,82.675129316958,1.5509763880360055
2026-09-12 07:46:42+00:00,55501,STARLINK-5367,82.78244860485829,-1.151023525004712,82.7599856150402,1.547166073578218
2026-09-12 07:47:42+00:00,55501,STARLINK-5367,82.86395821570537,-1.133268023334912,82.84196142003128,1.53645788861904
2026-09-12 07:48:42+00:00,55501,STARLINK-5367,82.9420719937183,-1.1124774698855173,82.92070085076588,1.5189045091581264
2026-09-12 07:49:42+00:00,55501,STARLINK-5367,83.01646434829824,-1.0886918001968713,82.99586922323934,1.4945885505428436
2026-09-12 07:50:42+00:00,55501,STARLINK-5367,83.08683568945965,-1.0619676675165266,83.06715537638091,1.4636212749917377
2026-09-12 07:51:42+00:00,55501,STARLINK-5367,83.15289801130935,-1.0323801638229,83.13425722292743,1.4261538727271414
2026-09-12 07:52:42+00:00,55501,STARLINK-5367,83.21443214378188,-1.0000251203964012,83.19693998745475,1.3823326280268589
2026-09-12 07:53:42+00:00,55501,STARLINK-5367,83.2712022286217,-0.9650192623837164,83.25494976469493,1.3323656034902136
2026-09-12 07:54:42+00:00,55501,STARLINK-5367,83.32301222008569,-0.92750156396243,83.30807111948938,1.2764766458865324
2026-09-12 07:55:42+00:00,55501,STARLINK-5367,83.36968957107213,-0.8876331260850172,83.35611089510357,1.2149168916435187
2026-09-12 07:56:42+00:00,55501,STARLINK-5367,83.41108633326638,-0.8455966261830454,83.39889970251886,1.1479625649838
2026-09-12 07:57:42+00:00,55501,STARLINK-5367,83.44707501972908,-0.8015950615499499,83.43628815557271,1.0759152038298936
2026-09-12 07:58:42+00:00,55501,STARLINK-5367,83.47755030118647,-0.7558499543606629,83.46814898924224,0.9990993160196808
2026-09-12 07:59:42+00:00,55501,STARLINK-5367,83.50242607260745,-0.7085989563470871,83.49437452881452,0.9178614124073832
2026-09-12 08:00:42+00:00,55501,STARLINK-5367,83.52163438324786,-0.6600930336832906,83.5148760240783,0.8325682666594805
2026-09-12 08:01:42+00:00,55501,STARLINK-5367,83.53512575102043,-0.6105933490170052,83.5295843535081,0.7436045529098418
2026-09-12 08:02:42+00:00,55501,STARLINK-5367,83.54285336421516,-0.5603677663854558,83.53843455651457,0.6513739694562606
2026-09-12 08:03:42+00:00,55501,STARLINK-5367,83.54483063160006,-0.5096882160741449,83.54142379996536,0.5562846930450691
2026-09-12 08:04:42+00:00,55501,STARLINK-5367,83.54104513872223,-0.4588264201488923,83.53852544858789,0.4587668926935198
2026-09-12 08:05:42+00:00,55501,STARLINK-5367,83.53151551877988,-0.4080515999691463,83.52974627906659,0.35925660841008145
2026-09-12 08:06:42+00:00,55501,STARLINK-5367,83.51627900845762,-0.3576276921719115,83.51511417735409,0.25819720338793894
2026-09-12 08:07:42+00:00,55501,STARLINK-5367,83.49539111410988,-0.3078111478573451,83.49467792563671,0.15603746225943116
2026-09-12 08:08:42+00:00,55501,STARLINK-5367,83.46892623602254,-0.25884922950472156,83.46850789779948,0.053229558903551855
2026-09-12 08:09:42+00:00,55501,STARLINK-5367,83.43697866254993,-0.21097881527684592,83.43669707604076,-0.0497726363222295
2026-09-12 08:10:42+00:00,55501,STARLINK-5367,83.39966383093468,-0.16442568987224782,83.39936229016908,-0.1525152403912955
2026-09-12 08:11:42+00:00,55501,STARLINK-5367,83.3571170019921,-0.11940423448447568,83.35664282881254,-0.2545463069050449
2026-09-12 08:12:42+00:00,55501,STARLINK-5367,83.30949575368497,-0.0761175161663541,83.30870283302457,-0.35541684792919526
2026-09-12 08:13:42+00:00,55501,STARLINK-5367,83.25697783041699,-0.034757570280124384,83.2557290080222,-0.4546830859238611
2026-09-12 08:14:42+00:00,55501,STARLINK-5367,83.19974794772145,0.004494312476218454,83.19791721036947,-0.5519150496612539
2026-09-12 08:15:42+00:00,55501,STARLINK-5367,83.13805490035058,0.041466427725382005,83.13552954340828,-0.646668915415205
2026-09-12 08:16:42+00:00,55501,STARLINK-5367,83.07212244409362,0.07599736549420655,83.06880474443928,-0.738532394105718
2026-09-12 08:17:42+00:00,55501,STARLINK-5367,83.00220799548595,0.10793511611117879,82.9980167913142,-0.8270978450880513
2026-09-12 08:18:42+00:00,55501,STARLINK-5367,82.92858614285274,0.13713735622271983,82.92345808851269,-0.9119712938220914
2026-09-12 08:19:42+00:00,55501,STARLINK-5367,82.85154647973009,0.1634718779172033,82.84543698064662,-0.992775157683397
2026-09-12 08:20:42+00:00,55501,STARLINK-5367,82.77139337905984,0.18681732921946903,82.76427720911144,-1.0691488436746397
2026-09-12 08:21:42+00:00,55501,STARLINK-5367,82.6884436887579,0.20706429953817462,82.68031524169967,-1.1407521982922617
2026-09-12 08:22:42+00:00,55501,STARLINK-5367,82.6030259119387,0.22411665845269546,82.59389910515526,-1.2072663911726167
2026-09-12 08:23:42+00:00,55501,STARLINK-5367,82.51547886434733,0.2378930981123144,82.50538667959599,-1.2683958123415238
2026-09-12 08:24:42+00:00,55501,STARLINK-5367,82.42614955572584,0.24832878305407569,82.41514321019483,-1.323870477601055
2026-09-12 08:25:42+00:00,55501,STARLINK-5367,82.33537921474829,0.25537712473546215,82.32352678500477,-1.3734593693183115
2026-09-12 08:26:42+00:00,55501,STARLINK-5367,82.2435594696506,0.2590105769149842,82.23094507250283,-1.416919278584352
2026-09-12 08:27:42+00:00,55501,STARLINK-5367,82.15104443690021,0.25922290248211066,82.13776580402805,-1.454075060998548
2026-09-12 08:28:42+00:00,55501,STARLINK-5367,82.05820920959329,0.2560293163057823,82.04437589318128,-1.484766639221668
2026-09-12 08:29:42+00:00,55501,STARLINK-5367,81.96543430483455,0.24946705989716284,81.95116545818735,-1.508862820463051
2026-09-12 08:30:42+00:00,55501,STARLINK-5367,81.87310417166486,0.2395952880171004,81.8585261544156,-1.5262623067823853
2026-09-12 08:31:42+00:00,55501,STARLINK-5367,81.78160881320842,0.22649436590724648,81.76685272326445,-1.536891704330948
2026-09-12 08:32:42+00:00,55501,STARLINK-5367,81.69134016104906,0.21026467765997925,81.67653926924547,-1.5407073287804351
2026-09-12 08:33:42+00:00,55501,STARLINK-5367,81.60269406694981,0.19102485520416757,81.58798126981284,-1.537693339247447
2026-09-12 08:34:42+00:00,55501,STARLINK-5367,81.51606735142539,0.16890962167322598,81.50157263795818,-1.5278624026573198
2026-09-12 08:35:42+00:00,55501,STARLINK-5367,81.43185626700865,0.1440672705204289,81.41770425400205,-1.5112556766404097
2026-09-12 08:36:42+00:00,55501,STARLINK-5367,81.35044125887735,0.11665708233801375,81.33674862941918,-1.4879538077080525
2026-09-12 08:37:42+00:00,55501,STARLINK-5367,81.27224225744921,0.08684581363731425,81.25911624550673,-1.4580282430014435
2026-09-12 08:38:42+00:00,55501,STARLINK-5367,81.19762831170944,0.054805961665739034,81.18516396142743,-1.4216160906619848
2026-09-12 08:39:42+00:00,55501,STARLINK-5367,81.12697481089042,0.02071246486863032,81.11525340289333,-1.3788685017259326
2026-09-12 08:40:42+00:00,55501,STARLINK-5367,81.06064392143728,-0.015259376411702164,81.04973136260104,-1.3299647212174577
2026-09-12 08:41:42+00:00,55501,STARLINK-5367,80.99898318778709,-0.052935782246184004,80.98892867809595,-1.2751105178227071
2026-09-12 08:42:42+00:00,55501,STARLINK-5367,80.94232154736832,-0.09214585607869097,80.93315651046393,-1.2145385426245348
2026-09-12 08:43:42+00:00,55501,STARLINK-5367,80.8909650809047,-0.13272241466914636,80.88270239167835,-1.1485078580402295
2026-09-12 08:44:42+00:00,55501,STARLINK-5367,80.84519619374768,-0.17450231780286884,80.83782973251766,-1.0773025030695997
2026-09-12 08:45:42+00:00,55501,STARLINK-5367,80.80526938449246,-0.21732624727372496,80.79877391589845,-1.0012308875434925
2026-09-12 08:46:42+00:00,55501,STARLINK-5367,80.77140785897966,-0.2610380440032056,80.76573924883769,-0.9206249236153532
2026-09-12 08:47:42+00:00,55501,STARLINK-5367,80.74378863734161,-0.3054835469718462,80.73888437939756,-0.8358423801747019
2026-09-12 08:48:42+00:00,55501,STARLINK-5367,80.72259735322143,-0.3505100011292672,80.71837764259936,-0.7472462352741633
2026-09-12 08:49:42+00:00,55501,STARLINK-5367,80.70794026995242,-0.3959636608384347,80.70430908412759,-0.6552332799111245
2026-09-12 08:50:42+00:00,55501,STARLINK-5367,80.69990176345853,-0.4416891102173075,80.69674850465381,-0.5602107982038351
2026-09-12 08:51:42+00:00,55501,STARLINK-5367,80.6985282626883,-0.4875278542157875,80.69572963528346,-0.46260024265395305
2026-09-12 08:52:42+00:00,55501,STARLINK-5367,80.70382979807867,-0.5333173662088864,80.70125195747819,-0.36283489326978735
2026-09-12 08:53:42+00:00,55501,STARLINK-5367,80.71577945964336,-0.5788904603838996,80.71328039187115,-0.2613579840925513
2026-09-12 08:54:42+00:00,55501,STARLINK-5367,80.73431415739773,-0.6240750951786711,80.73174624798162,-0.15862059283796004
2026-09-12 08:55:42+00:00,55501,STARLINK-5367,80.75933595434522,-0.6686946406444649,80.75654869722642,-0.05507973190925419
2026-09-12 08:56:42+00:00,55501,STARLINK-5367,80.7907141014528,-0.7125686161280651,80.78755689592016,0.048803467665960554
2026-09-12 08:57:42+00:00,55501,STARLINK-5367,80.82828469259653,-0.755513834489939,80.824609673414,0.15256583366424437
2026-09-12 08:58:42+00:00,55501,STARLINK-5367,80.87185448465945,-0.7973459711262034,80.86751932917964,0.25574349457533785
2026-09-12 08:59:42+00:00,55501,STARLINK-5367,80.9211856576247,-0.8378811997597033,80.91605628766209,0.35788012344695375
2026-09-12 09:00:42+00:00,55501,STARLINK-5367,80.97605797416585,-0.8769389255998128,80.97001121467034,0.45850523704782375
2026-09-12 09:01:42+00:00,55501,STARLINK-5367,81.03618108119514,-0.9143428204379092,81.02910701414145,0.5571695628580251
2026-09-12 09:02:42+00:00,55501,STARLINK-5367,81.1012545884896,-0.9499235444926768,81.09305873925376,0.6534258937039574
2026-09-12 09:03:42+00:00,55501,STARLINK-5367,81.17095586852595,-0.9835204462797087,81.1615611024736,0.7468356923602997
2026-09-12 09:04:42+00:00,55501,STARLINK-5367,81.24494090976086,-1.0149831409749943,81.2342890129133,0.8369714574259
2026-09-12 09:05:42+00:00,55501,STARLINK-5367,81.32284493257997,-1.0441727286250426,81.31089783904409,0.9234196498770118
2026-09-12 09:06:42+00:00,55501,STARLINK-5367,81.404285063584,-1.0709626236550989,81.39102572756109,1.0057816798253825
2026-09-12 09:07:42+00:00,55501,STARLINK-5367,81.48886093324263,-1.0952389215644445,81.4742938023852,1.0836776756341209
2026-09-12 09:08:42+00:00,55501,STARLINK-5367,81.57615727876305,-1.1169003578743428,81.56030839255017,1.1567475403799108
2026-09-12 09:09:42+00:00,55501,STARLINK-5367,81.66574500438855,-1.1358578590929955,81.64866169727513,1.2246538652482357
2026-09-12 09:10:42+00:00,55501,STARLINK-5367,81.75716846568994,-1.1520336076057376,81.73891848774957,1.2870969455268266
2026-09-12 09:11:42+00:00,55501,STARLINK-5367,81.85000692311135,-1.1653607618005637,81.83067800438407,1.34376521425488
2026-09-12 09:12:42+00:00,55501,STARLINK-5367,81.94378938008651,-1.1757813142569642,81.9234872921779,1.39441247749361
2026-09-12 09:13:42+00:00,55501,STARLINK-5367,82.03805451166056,-1.1832456799662179,82.01690156578775,1.4388103651671003
2026-09-12 09:14:42+00:00,55501,STARLINK-5367,82.13234112345673,-1.1877115826117262,82.11047424094716,1.4767598122722063
2026-09-12 09:15:42+00:00,55501,STARLINK-5367,82.22618926601433,-1.1891433041599537,82.20375777945422,1.5080936142700523
2026-09-12 09:16:42+00:00,55501,STARLINK-5367,82.31914484408856,-1.18751130695737,82.29630812120504,1.5326755617422734
2026-09-12 09:17:42+00:00,55501,STARLINK-5367,82.41076283163551,-1.1827922422831576,82.38768773500298,1.550400813760028
2026-09-12 09:18:42+00:00,55501,STARLINK-5367,82.50060871236892,-1.1749693781973471,82.47746691988891,1.5611967686148631
2026-09-12 09:19:42+00:00,55501,STARLINK-5367,82.58826423399184,-1.1640335289651844,82.56522950407208,1.5650214270119491
2026-09-12 09:20:42+00:00,55501,STARLINK-5367,82.67332846422174,-1.149984346544736,82.65057384067327,1.5618640027900597
2026-09-12 09:21:42+00:00,55501,STARLINK-5367,82.75540578047197,-1.1328318115301297,82.73310054671053,1.5517576825141006
2026-09-12 09:22:42+00:00,55501,STARLINK-5367,82.83416714275673,-1.1125988715714197,82.81247482101354,1.5347260355306105
2026-09-12 09:23:42+00:00,55501,STARLINK-5367,82.90926333307414,-1.0893224414937492,82.88833824632218,1.510862606187274
2026-09-12 09:24:42+00:00,55501,STARLINK-5367,82.9803853061005,-1.0630561898062822,82.9603702842597,1.4802767932837142
2026-09-12 09:25:42+00:00,55501,STARLINK-5367,83.04725020964422,-1.0338722992366058,83.02827420750093,1.4431069177841067
2026-09-12 09:26:42+00:00,55501,STARLINK-5367,83.10960067591336,-1.0018631195824774,83.09177659018478,1.3995205915657252
2026-09-12 09:27:42+00:00,55501,STARLINK-5367,83.16720614822476,-0.9671424458873403,83.15062891309101,1.349713061399548
2026-09-12 09:28:42+00:00,55501,STARLINK-5367,83.2198615601564,-0.9298462595695263,83.20460652839911,1.2939074462427982
2026-09-12 09:29:42+00:00,55501,STARLINK-5367,83.26738542443626,-0.8901328744739523,83.25350708616537,1.2323541460189489
2026-09-12 09:30:42+00:00,55501,STARLINK-5367,83.30962103200467,-0.8481824870490726,83.29715211607143,1.1653292740492347
2026-09-12 09:31:42+00:00,55501,STARLINK-5367,83.34643391362951,-0.8041960346844306,83.33538487892469,1.0931339983281063
2026-09-12 09:32:42+00:00,55501,STARLINK-5367,83.37769520324579,-0.7583932645371405,83.3680540585895,1.0161001652180133
2026-09-12 09:33:42+00:00,55501,STARLINK-5367,83.40334101370279,-0.7110111707172493,83.39507390162305,0.9345610231236883
2026-09-12 09:34:42+00:00,55501,STARLINK-5367,83.42328155079235,-0.6623001429004045,83.4163332086788,0.8488917729361845
2026-09-12 09:35:42+00:00,55501,STARLINK-5367,83.43746054490792,-0.6125216012799104,83.43175553571666,0.7594785707599296
2026-09-12 09:36:42+00:00,55501,STARLINK-5367,83.44583905996032,-0.5619445089006803,83.4412832697276,0.6667241489488287
2026-09-12 09:37:42+00:00,55501,STARLINK-5367,83.4483949944401,-0.5108420170035375,83.44487746107322,0.5710456095889302
2026-09-12 09:38:42+00:00,55501,STARLINK-5367,83.44512415531531,-0.4594882165645622,83.44251918518285,0.47287197550104754
2026-09-12 09:39:42+00:00,55501,STARLINK-5367,83.43603996888889,-0.4081550954201656,83.43420948814008,0.37264218395515525
2026-09-12 09:40:42+00:00,55501,STARLINK-5367,83.42117316788192,-0.3571098305150502,83.41996925830821,0.27080291284448044
2026-09-12 09:41:42+00:00,55501,STARLINK-5367,83.40057364649623,-0.3066125308759502,83.39984121277462,0.16780644961200908
2026-09-12 09:42:42+00:00,55501,STARLINK-5367,83.37431035147208,-0.2569144377138475,83.37388986741445,0.06410874766449037
2026-09-12 09:43:42+00:00,55501,STARLINK-5367,83.34247252848445,-0.20825664187736415,83.3422028129417,-0.03983238370641118
2026-09-12 09:44:42+00:00,55501,STARLINK-5367,83.30515563297315,-0.16086910431456047,83.30487660270244,-0.14356313479693839
2026-09-12 09:45:42+00:00,55501,STARLINK-5367,83.26251966943342,-0.11497099631324659,83.26207505271292,-0.24661972588413228
2026-09-12 09:46:42+00:00,55501,STARLINK-5367,83.21470274318564,-0.07076964771661665,83.21394267598896,-0.3485521638655307
2026-09-12 09:47:42+00:00,55501,STARLINK-5367,83.16187895990977,-0.028461515168096696,83.16066245621846,-0.4489119376167565
2026-09-12 09:48:42+00:00,55501,STARLINK-5367,83.10424322595729,0.011767581271058702,83.10244047738014,-0.5472571485072599
2026-09-12 09:49:42+00:00,55501,STARLINK-5367,83.042012032659,0.04974199048163186,83.03950651124369,-0.6431535864649156
2026-09-12 09:50:42+00:00,55501,STARLINK-5367,82.97542096696154,0.08529587728439125,82.97211129177752,-0.7361773174207791
2026-09-12 09:51:42+00:00,55501,STARLINK-5367,82.90472518503239,0.11827301175854643,82.90052673198852,-0.8259158911723752
2026-09-12 09:52:42+00:00,55501,STARLINK-5367,82.83019711929629,0.14852684809169858,82.82504334240642,-0.9119703533410117
2026-09-12 09:53:42+00:00,55501,STARLINK-5367,82.75212532507064,0.1759209018767578,82.7459687554671,-0.9939579325823225
2026-09-12 09:54:42+00:00,55501,STARLINK-5367,82.67081374330218,0.20032945572269156,82.66362666184006,-1.0715130427834083
2026-09-12 09:55:42+00:00,55501,STARLINK-5367,82.58656490953395,0.2216387823144963,82.57833949148441,-1.1443018115789272
2026-09-12 09:56:42+00:00,55501,STARLINK-5367,82.49973650458725,0.239747764811316,82.49048524295283,-1.2119771935872095
2026-09-12 09:57:42+00:00,55501,STARLINK-5367,82.41065376843389,0.2545704640966484,82.40040859078516,-1.2742497758107092
2026-09-12 09:58:42+00:00,55501,STARLINK-5367,82.31966602737317,0.2660370631673583,82.30847765703373,-1.3308436876111642
2026-09-12 09:59:42+00:00,55501,STARLINK-5367,82.22713013994536,0.27409569476381535,82.21506694063021,-1.3815102422054935
2026-09-12 10:00:42+00:00,55501,STARLINK-5367,82.13341165250785,0.27871393525844645,82.12055817220659,-1.4260272465265018
2026-09-12 10:01:42+00:00,55501,STARLINK-5367,82.03888198579044,0.27988010728893187,82.02533717031764,-1.464201727803946
2026-09-12 10:02:42+00:00,55501,STARLINK-5367,81.94391975165317,0.27760418065596193,81.92979492452304,-1.4958689146639514
2026-09-12 10:03:42+00:00,55501,STARLINK-5367,81.8489084541107,0.27191827291047066,81.83432506409797,-1.5208934498498436
2026-09-12 10:04:42+00:00,55501,STARLINK-5367,81.75423689808952,0.26287660467490026,81.73932409300423,-1.539169743229948
2026-09-12 10:05:42+00:00,55501,STARLINK-5367,81.66029886889325,0.2505549138584513,81.64519096944699,-1.5506208932688708
2026-09-12 10:06:42+00:00,55501,STARLINK-5367,81.56747760827514,0.23504949744833858,81.5523112442248,-1.555212472718793
2026-09-12 10:07:42+00:00,55501,STARLINK-5367,81.47620176191847,0.21647488036006735,81.46111401276548,-1.552899215739032
2026-09-12 10:08:42+00:00,55501,STARLINK-5367,81.3868594802626,0.19496271435913393,81.37198451061067,-1.543704118332876
2026-09-12 10:09:42+00:00,55501,STARLINK-5367,81.29985275514734,0.17065864443405943,81.28531952883202,-1.527665778696786
2026-09-12 10:10:42+00:00,55501,STARLINK-5367,81.21558254078467,0.14371975183960828,81.20151240554668,-1.5048505320417789
2026-09-12 10:11:42+00:00,55501,STARLINK-5367,81.13444638944637,0.11431173475908807,81.12095079932905,-1.4753525551808906
2026-09-12 10:12:42+00:00,55501,STARLINK-5367,81.05683503423491,0.08260612752176044,81.04401343274307,-1.439294517541505
2026-09-12 10:13:42+00:00,55501,STARLINK-5367,80.98313116651532,0.04877765817768065,80.97106909751639,-1.3968262162176401
2026-09-12 10:14:42+00:00,55501,STARLINK-5367,80.91370568966997,0.013001925871098052,80.90247312526402,-1.348125216878529
2026-09-12 10:15:42+00:00,55501,STARLINK-5367,80.84891352734599,-0.024546518600125466,80.83856345144716,-1.2933967400006736
2026-09-12 10:16:42+00:00,55501,STARLINK-5367,80.78909288550288,-0.06369565620695994,80.77966017389163,-1.2328723844670932
2026-09-12 10:17:42+00:00,55501,STARLINK-5367,80.73454493217612,-0.1042767261365718,80.72604539848565,-1.1668187912370485
2026-09-12 10:18:42+00:00,55501,STARLINK-5367,80.68559056536596,-0.1461253207069113,80.67802083336025,-1.0955029367411662
2026-09-12 10:19:42+00:00,55501,STARLINK-5367,80.64247961482134,-0.18908022654419554,80.63581656198514,-1.0192421089668287
2026-09-12 10:20:42+00:00,55501,STARLINK-5367,80.6054455513609,-0.2329835156577449,80.59964662210504,-0.9383685878319028
2026-09-12 10:21:42+00:00,55501,STARLINK-5367,80.57469008109759,-0.277679434661108,80.56969382881525,-0.8532362670817548
2026-09-12 10:22:42+00:00,55501,STARLINK-5367,80.55038021513172,-0.3230131717203957,80.54610719278355,-0.7642194591891442
2026-09-12 10:23:42+00:00,55501,STARLINK-5367,80.53264658552119,-0.36882949433458023,80.5290005845922,-0.6717110385536014
2026-09-12 10:24:42+00:00,55501,STARLINK-5367,80.52158372310657,-0.41497139589901355,80.51845334843965,-0.5761201202829325
2026-09-12 10:25:42+00:00,55501,STARLINK-5367,80.51724805455775,-0.4612788326860233,80.51450860559923,-0.4778703972724534
2026-09-12 10:26:42+00:00,55501,STARLINK-5367,80.51965835859822,-0.5075877233045434,80.5171739930219,-0.37739775564341693
2026-09-12 10:27:42+00:00,55501,STARLINK-5367,80.52879707021546,-0.5537292934964883,80.52642320909743,-0.2751483141914919
2026-09-12 10:28:42+00:00,55501,STARLINK-5367,80.54460924301459,-0.5995298026161908,80.54219517542693,-0.17157636527505504
2026-09-12 10:29:42+00:00,55501,STARLINK-5367,80.56699053950656,-0.644810593464908,80.56438218036409,-0.0671400605589314
2026-09-12 10:30:42+00:00,55501,STARLINK-5367,80.5958465088975,-0.6893894439292936,80.592889239628,0.037692033856503215
2026-09-12 10:31:42+00:00,55501,STARLINK-5367,80.63100534750716,-0.7330806391618871,80.62754692363067,0.14245421701831162
2026-09-12 10:32:42+00:00,55501,STARLINK-5367,80.67227947514066,-0.775697178749466,80.6681729014892,0.2466786118165416
2026-09-12 10:33:42+00:00,55501,STARLINK-5367,80.71945184599203,-0.8170524057433717,80.71455818370352,0.3498984041596209
2026-09-12 10:34:42+00:00,55501,STARLINK-5367,80.77227654805694,-0.8569620068538271,80.76646759067376,0.45165008495854053
2026-09-12 10:35:42+00:00,55501,STARLINK-5367,80.83048239902308,-0.8952461345025924,80.82364316874786,0.5514745219452983
2026-09-12 10:36:42+00:00,55501,STARLINK-5367,80.8937723788093,-0.9317314442492091,80.88580338568111,0.6489197510815643
2026-09-12 10:37:42+00:00,55501,STARLINK-5367,80.96182666580816,-0.9662530213072991,80.9526458915064,0.7435424181245374
2026-09-12 10:38:42+00:00,55501,STARLINK-5367,81.03430298686689,-0.9986560151992876,81.02384755158334,0.8349099762433596
2026-09-12 10:39:42+00:00,55501,STARLINK-5367,81.11083824398166,-1.028796943357687,81.099065716749,0.9226035774503565
2026-09-12 10:40:42+00:00,55501,STARLINK-5367,81.19103607589012,-1.0565444211731112,81.17792528575974,1.0062302232542564
2026-09-12 10:41:42+00:00,55501,STARLINK-5367,81.2745259792836,-1.0817803008389753,81.26007794791886,1.0853830826550919
2026-09-12 10:42:42+00:00,55501,STARLINK-5367,81.36087711328571,-1.1043986580210472,81.34511483533875,1.1597071496253335
2026-09-12 10:43:42+00:00,55501,STARLINK-5367,81.44965984090014,-1.1243061252235496,81.43262816259164,1.228859010712732
2026-09-12 10:44:42+00:00,55501,STARLINK-5367,81.5404314753413,-1.1414209946031182,81.52219645055756,1.2925204735743208
2026-09-12 10:45:42+00:00,55501,STARLINK-5367,81.63273985923345,-1.1556722864965057,81.61338774941848,1.3503994055743362
2026-09-12 10:46:42+00:00,55501,STARLINK-5367,81.72612562510955,-1.1669986679825257,81.70576155017639,1.4022315450130662
2026-09-12 10:47:42+00:00,55501,STARLINK-5367,81.82012398841499,-1.175347348252263,81.79887024416595,1.4477827422158427
2026-09-12 10:48:42+00:00,55501,STARLINK-5367,81.9142694180048,-1.1806731138151463,81.89226353208038,1.4868486392671656
2026-09-12 10:49:42+00:00,55501,STARLINK-5367,82.0080970144521,-1.1829375441090222,81.98548953943067,1.5192562912253607
2026-09-12 10:50:42+00:00,55501,STARLINK-5367,82.10114670919707,-1.1821085777207685,82.07809880140968,1.5448648554521327
2026-09-12 10:51:42+00:00,55501,STARLINK-5367,82.1929525995983,-1.1781602926988954,82.16963318884993,1.5635782597526742
2026-09-12 10:52:42+00:00,55501,STARLINK-5367,82.28310252935462,-1.1710739655554763,82.25968637906422,1.5752918591430216
2026-09-12 10:53:42+00:00,55501,STARLINK-5367,82.37115578251249,-1.1608378803349169,82.34781991230378,1.5799734343679788
2026-09-12 10:54:42+00:00,55501,STARLINK-5367,82.4567035272194,-1.1474492725696646,82.4336246272333,1.577608176648809
2026-09-12 10:55:42+00:00,55501,STARLINK-5367,82.53935598619303,-1.1309157635076375,82.51670754665064,1.568212935757309
2026-09-12 10:56:42+00:00,55501,STARLINK-5367,82.61874612974562,-1.1112572722368608,82.59669563112254,1.5518344454088009
2026-09-12 10:57:42+00:00,55501,STARLINK-5367,82.69453049577041,-1.0885080592354868,82.67323665834945,1.528549820392989
2026-09-12 10:58:42+00:00,55501,STARLINK-5367,82.76639024321288,-1.0627188053965497,82.74600039419867,1.4984663478813403
2026-09-12 10:59:42+00:00,55501,STARLINK-5367,82.83403304523313,-1.0339585946736456,82.81468066875729,1.4617201835614537
2026-09-12 11:00:42+00:00,55501,STARLINK-5367,82.89719310858334,-1.0023166258848875,82.87899559727549,1.4184764538126728
2026-09-12 11:01:42+00:00,55501,STARLINK-5367,82.95562931096698,-0.967903521207635,82.93868596258808,1.3689294910231098
2026-09-12 11:02:42+00:00,55501,STARLINK-5367,83.00911338502989,-0.9308520248754988,82.9935035739985,1.3133103171884635
2026-09-12 11:03:42+00:00,55501,STARLINK-5367,83.05748449918487,-0.8913179266145228,83.04326678764949,1.251848601590975
2026-09-12 11:04:42+00:00,55501,STARLINK-5367,83.10056250504684,-0.8494786452714713,83.08777318210203,1.1848300831727059
2026-09-12 11:05:42+00:00,55501,STARLINK-5367,83.13820469944424,-0.8055329018565054,83.12685737699607,1.1125556234503549
2026-09-12 11:06:42+00:00,55501,STARLINK-5367,83.17028909318842,-0.7596988785287913,83.1603745456779,1.0353506077972625
2026-09-12 11:07:42+00:00,55501,STARLINK-5367,83.19671475827973,-0.7122120139632013,83.18820120025204,0.9535626272636435
2026-09-12 11:08:42+00:00,55501,STARLINK-5367,83.21739981286849,-0.6633222931833238,83.21023359115641,0.8675602891776109
2026-09-12 11:09:42+00:00,55501,STARLINK-5367,83.2322803592851,-0.6132911854884373,83.22638705207481,0.7777313075055581
2026-09-12 11:10:42+00:00,55501,STARLINK-5367,83.24131116523853,-0.5623883782684427,83.23659706497557,0.6844799945617677
2026-09-12 11:11:42+00:00,55501,STARLINK-5367,83.24446390099274,-0.5108883991273716,83.24081783501673,0.5882256071304051
2026-09-12 11:12:42+00:00,55501,STARLINK-5367,83.24172761274065,-0.4590673302914716,83.23902306638848,0.4893997274352433
2026-09-12 11:13:42+00:00,55501,STARLINK-5367,83.23310989858372,-0.40719973219796834,83.23120738570232,0.38844418649616985
2026-09-12 11:14:42+00:00,55501,STARLINK-5367,83.21862086500347,-0.3555556774960481,83.21737049649512,0.2858084716256878
2026-09-12 11:15:42+00:00,55501,STARLINK-5367,83.19833430965458,-0.30439913451578793,83.19757849746911,0.18194841416774432
2026-09-12 11:16:42+00:00,55501,STARLINK-5367,83.17229920627814,-0.25398500666388113,83.17187546172845,0.07732434141880784
2026-09-12 11:17:42+00:00,55501,STARLINK-5367,83.14059898020268,-0.2045584664107949,83.14034275101771,-0.027601883918013215
2026-09-12 11:18:42+00:00,55501,STARLINK-5367,83.10333880588153,-0.15635390806335003,83.10308630171146,-0.13236793745986475
2026-09-12 11:19:42+00:00,55501,STARLINK-5367,83.06064443627912,-0.10959449072345429,83.06023540057663,-0.23651304062547496
2026-09-12 11:20:42+00:00,55501,STARLINK-5367,83.01266385247713,-0.06449209362932606,83.01194424021323,-0.3395793190846277
2026-09-12 11:21:42+00:00,55501,STARLINK-5367,82.9595670977925,-0.021247534208463037,82.95839162234068,-0.4411133978699233
2026-09-12 11:22:42+00:00,55501,STARLINK-5367,82.90154510574179,0.019949053281209217,82.89977961705021,-0.5406684743136516
2026-09-12 11:23:42+00:00,55501,STARLINK-5367,82.83881094849133,0.05891775369096308,82.83633461447015,-0.637805376056658
2026-09-12 11:24:42+00:00,55501,STARLINK-5367,82.77159729797522,0.09548851101712685,82.76830455264493,-0.7320947227349031
2026-09-12 11:25:42+00:00,55501,STARLINK-5367,82.70014175490043,0.12950107812174494,82.69594388568974,-0.8231285478247408
2026-09-12 11:26:42+00:00,55501,STARLINK-5367,82.624744415048,0.16080434040271996,82.61957123036032,-0.9104841171233709
2026-09-12 11:27:42+00:00,55501,STARLINK-5367,82.54567840096881,0.1892577195888414,82.53947905507107,-0.9937814192421044
2026-09-12 11:28:42+00:00,55501,STARLINK-5367,82.46324596582832,0.21473115124443254,82.45598976458436,-1.072649847874409
2026-09-12 11:29:42+00:00,55501,STARLINK-5367,82.37776442499012,0.23710623859166446,82.36944120965495,-1.1467375898549506
2026-09-12 11:30:42+00:00,55501,STARLINK-5367,82.28956268215077,0.25627756694318293,82.28018282080473,-1.2157150995417894
2026-09-12 11:31:42+00:00,55501,STARLINK-5367,82.19898126690326,0.2721541990497922,82.18857528064953,-1.2792758676929452
2026-09-12 11:32:42+00:00,55501,STARLINK-5367,82.10637087518772,0.28466131813935114,82.09498868756674,-1.3371382187787972
2026-09-12 11:33:42+00:00,55501,STARLINK-5367,82.01209034949417,0.29374189824471486,81.99980015823613,-1.389047587431385
2026-09-12 11:34:42+00:00,55501,STARLINK-5367,81.9165074832435,0.2993582398704522,81.9033943113354,-1.434776351361073
2026-09-12 11:35:42+00:00,55501,STARLINK-5367,81.81999650970992,0.3014933226906775,81.80616043090863,-1.4741255637689505
2026-09-12 11:36:42+00:00,55501,STARLINK-5367,81.72292395705247,0.30015196319754933,81.70847778646467,-1.5069395170291244
2026-09-12 11:37:42+00:00,55501,STARLINK-5367,81.62570643251851,0.2953606825217808,81.61077422755491,-1.5330501146314077
2026-09-12 11:38:42+00:00,55501,STARLINK-5367,81.52872182773011,0.28716881708461983,81.51343566200407,-1.5523606250524011
2026-09-12 11:39:42+00:00,55501,STARLINK-5367,81.43236787472833,0.2756473261029768,81.41686550704108,-1.56478984054705
2026-09-12 11:40:42+00:00,55501,STARLINK-5367,81.33704670820596,0.26088792607777833,81.32146892011012,-1.5702857633142457
2026-09-12 11:41:42+00:00,55501,STARLINK-5367,81.2431629944593,0.24300153213306253,81.2276508813178,-1.5688262817819734
2026-09-12 11:42:42+00:00,55501,STARLINK-5367,81.15112427885543,0.2221162040793061,81.13581658746308,-1.5604175081289
2026-09-12 11:43:42+00:00,55501,STARLINK-5367,81.06133857904418,0.1983747426343836,81.04636909113967,-1.5450944406992662
2026-09-12 11:44:42+00:00,55501,STARLINK-5367,80.97421237663838,0.17193201461681618,80.9597073931875,-1.5229209463216975
2026-09-12 11:45:42+00:00,55501,STARLINK-5367,80.89014980892937,0.14295212779206778,80.87622579775756,-1.4939884572280988
2026-09-12 11:46:42+00:00,55501,STARLINK-5367,80.80954878808578,0.11160564515637006,80.79631017936585,-1.458417263230615
2026-09-12 11:47:42+00:00,55501,STARLINK-5367,80.73278424508713,0.07806709277751622,80.72032126192684,-1.416366077019763
2026-09-12 11:48:42+00:00,55501,STARLINK-5367,80.66026421806332,0.04251188216404955,80.64865172168624,-1.367988282777695
2026-09-12 11:49:42+00:00,55501,STARLINK-5367,80.59233779455597,0.005115355909783403,80.58163317680766,-1.3134989849107974
2026-09-12 11:50:42+00:00,55501,STARLINK-5367,80.52935163617884,-0.033949448427307516,80.51959383288786,-1.2531286306898721
2026-09-12 11:51:42+00:00,55501,STARLINK-5367,80.47163121619842,-0.07451263014011644,80.46283980837455,-1.1871345482482951
2026-09-12 11:52:42+00:00,55501,STARLINK-5367,80.41947737405201,-0.11640789761943893,80.41165201651344,-1.115800292249638
2026-09-12 11:53:42+00:00,55501,STARLINK-5367,80.37316459473531,-0.15947254038160352,80.36628479979562,-1.0394339610662087
2026-09-12 11:54:42+00:00,55501,STARLINK-5367,80.3329365645099,-0.20354689703405704,80.32696182936492,-0.9583678844940131
2026-09-12 11:55:42+00:00,55501,STARLINK-5367,80.29900505859325,-0.24847347045109913,80.29387536594479,-0.8729565009751497
2026-09-12 11:56:42+00:00,55501,STARLINK-5367,80.27154764419463,-0.294095744907235,80.26718432379765,-0.7835748952910517
2026-09-12 11:57:42+00:00,55501,STARLINK-5367,80.25070544473975,-0.34025683895104386,80.24701238989445,-0.6906172297682023
2026-09-12 11:58:42+00:00,55501,STARLINK-5367,80.23658236172692,-0.38679814280799985,80.23344759349415,-0.5944943640912355
2026-09-12 11:59:42+00:00,55501,STARLINK-5367,80.22923069078496,-0.4335578944781213,80.22652823294156,-0.49563340924078503
2026-09-12 12:00:42+00:00,55501,STARLINK-5367,80.22870807074096,-0.4803708069729131,80.22630015658399,-0.39446897682306403
2026-09-12 12:01:42+00:00,55501,STARLINK-5367,80.2349911739365,-0.5270663429542414,80.23273063580999,-0.2914523517702381
2026-09-12 12:02:42+00:00,55501,STARLINK-5367,80.24803426387848,-0.573469082408264,80.2457671910902,-0.18704101553236008
2026-09-12 12:03:42+00:00,55501,STARLINK-5367,80.26775516226,-0.6193986910574001,80.2653237041997,-0.08169889883725556
2026-09-12 12:04:42+00:00,55501,STARLINK-5367,80.29403785013584,-0.6646705470656542,80.29128312756818,0.02410542672985727
2026-09-12 12:05:42+00:00,55501,STARLINK-5367,80.32673215459674,-0.7090967827655987,80.32349722321335,0.12990081383154184
2026-09-12 12:06:42+00:00,55501,STARLINK-5367,80.36565660404192,-0.7524877600729454,80.36178941128587,0.23521519055096896
2026-09-12 12:07:42+00:00,55501,STARLINK-5367,80.41059974743911,-0.7946538488758268,80.40595602472466,0.3395773157379409
2026-09-12 12:08:42+00:00,55501,STARLINK-5367,80.4613209583463,-0.835407419693416,80.45576698882353,0.44251897730108425
2026-09-12 12:09:42+00:00,55501,STARLINK-5367,80.51755271543085,-0.8745649589599651,80.5109679248829,0.543576317751814
2026-09-12 12:10:42+00:00,55501,STARLINK-5367,80.57898765404886,-0.9119489891766257,80.571266906284,0.6423001703615476
2026-09-12 12:11:42+00:00,55501,STARLINK-5367,80.64533764559324,-0.9473906980571662,80.63639349590632,0.7382268014182003
2026-09-12 12:12:42+00:00,55501,STARLINK-5367,80.71624869024284,-0.9807306313623592,80.70601299093852,0.8309254842042932
2026-09-12 12:13:42+00:00,55501,STARLINK-5367,80.79135934814188,-1.0118207340882108,80.77978469993859,0.9199717138193648
2026-09-12 12:14:42+00:00,55501,STARLINK-5367,80.87028880340534,-1.0405251674500597,80.8573495844392,1.0049560696269921
2026-09-12 12:15:42+00:00,55501,STARLINK-5367,80.95263813074932,-1.0667208441442924,80.93833112731934,1.0854866618823351
2026-09-12 12:16:42+00:00,55501,STARLINK-5367,81.03799095951855,-1.0902975196786677,81.02233557899092,1.161192231708128
2026-09-12 12:17:42+00:00,55501,STARLINK-5367,81.12591679470253,-1.111157506668249,81.10895488507796,1.2317232752366891
2026-09-12 12:18:42+00:00,55501,STARLINK-5367,81.21597205694083,-1.1292150153573708,81.19776731735273,1.2967549035690666
2026-09-12 12:19:42+00:00,55501,STARLINK-5367,81.30770209207948,-1.1443952441514558,81.28833909455527,1.3559890368673635
2026-09-12 12:20:42+00:00,55501,STARLINK-5367,81.40064516026972,-1.156633339222651,81.38022802947349,1.4091549587027785
2026-09-12 12:21:42+00:00,55501,STARLINK-5367,81.49431824063825,-1.1658731028706146,81.47296873683263,1.4560256252957444
2026-09-12 12:22:42+00:00,55501,STARLINK-5367,81.58828039739072,-1.1720667075921032,81.56613667738011,1.4963640476666598
2026-09-12 12:23:42+00:00,55501,STARLINK-5367,81.68204798485418,-1.1751728531990713,81.65926168225403,1.5300043379951234
2026-09-12 12:24:42+00:00,55501,STARLINK-5367,81.77515515499138,-1.1751569508939408,81.75188915710083,1.5567999257389218
2026-09-12 12:25:42+00:00,55501,STARLINK-5367,81.8671438198993,-1.1719908523056726,81.84356965461679,1.5766359313664893
2026-09-12 12:26:42+00:00,55501,STARLINK-5367,81.95756667931725,-1.1656531641356889,81.93386175975756,1.5894294034686425
2026-09-12 12:27:42+00:00,55501,STARLINK-5367,82.04598941909667,-1.1561300033608228,82.02233417344533,1.5951300616294475
2026-09-12 12:28:42+00:00,55501,STARLINK-5367,82.1319951507562,-1.1434162083386745,82.10857012427493,1.5937185966700298
2026-09-12 12:29:42+00:00,55501,STARLINK-5367,82.21518611161186,-1.127516897467185,82.19216903753173,1.5852072163331954
2026-09-12 12:30:42+00:00,55501,STARLINK-5367,82.29518570314323,-1.1084493255904242,82.27274859862072,1.5696394603799462
2026-09-12 12:31:42+00:00,55501,STARLINK-5367,82.37164185592952,-1.08624494093986,82.34994821331897,1.5470886314256305
2026-09-12 12:32:42+00:00,55501,STARLINK-5367,82.44421147813166,-1.0609512690891663,82.42341332483039,1.5176707612944114
2026-09-12 12:33:42+00:00,55501,STARLINK-5367,82.51262181891329,-1.0326346365795551,82.49285785783276,1.481495050866144
2026-09-12 12:34:42+00:00,55501,STARLINK-5367,82.57658296424381,-1.0013808778070228,82.55797555582615,1.4387364288900812
2026-09-12 12:35:42+00:00,55501,STARLINK-5367,82.63584499005627,-0.9672974197746491,82.61849829822529,1.3895869416646072
2026-09-12 12:36:42+00:00,55501,STARLINK-5367,82.69018458154513,-0.9305140436687118,82.6741828081052,1.3342663739079796
2026-09-12 12:37:42+00:00,55501,STARLINK-5367,82.7394033332705,-0.8911832205483847,82.72480928077655,1.2730223376557923
2026-09-12 12:38:42+00:00,55501,STARLINK-5367,82.78332651536995,-0.8494798281721252,82.77018052711398,1.2061295456320167
2026-09-12 12:39:42+00:00,55501,STARLINK-5367,82.82180323765111,-0.8056002370241551,82.81012255670396,1.1338879741730317
2026-09-12 12:40:42+00:00,55501,STARLINK-5367,82.85470357814881,-0.7597607283204013,82.84448211767666,1.0566225970330265
2026-09-12 12:41:42+00:00,55501,STARLINK-5367,82.88191872147218,-0.7121953675926971,82.87312728124203,0.9746811469177814
2026-09-12 12:42:42+00:00,55501,STARLINK-5367,82.90335966387403,-0.6631533656154307,82.89594657558928,0.8884326133032694
2026-09-12 12:43:42+00:00,55501,STARLINK-5367,82.91895560415712,-0.6128960541006414,82.91284779102591,0.7982656783396518
2026-09-12 12:44:42+00:00,55501,STARLINK-5367,82.92863931485802,-0.561693454031742,82.92374372181474,0.7045894097309731
2026-09-12 12:45:42+00:00,55501,STARLINK-5367,82.93240579199903,-0.5098216263022515,82.9286112903735,0.6078172490864002
2026-09-12 12:46:42+00:00,55501,STARLINK-5367,82.93022305778862,-0.4575582755519685,82.92740246207505,0.5083873838696533
2026-09-12 12:47:42+00:00,55501,STARLINK-5367,82.92209257926982,-0.40518034361034694,82.92010507516109,0.40674431573942016
2026-09-12 12:48:42+00:00,55501,STARLINK-5367,82.90803333601292,-0.35296098142116117,82.90672707551974,0.3033410890522709
2026-09-12 12:49:42+00:00,55501,STARLINK-5367,82.88808372917256,-0.30116713566508135,82.88729858060996,0.1986370044359096
2026-09-12 12:50:42+00:00,55501,STARLINK-5367,82.86230207549775,-0.25005758428649916,82.86187247247872,0.09309570479749141
2026-09-12 12:51:42+00:00,55501,STARLINK-5367,82.83076639489975,-0.19988146040721144,82.83052423289564,-0.012816861117308065
2026-09-12 12:52:42+00:00,55501,STARLINK-5367,82.79357627791845,-0.15087729813073203,82.79335380856001,-0.118634139313615
2026-09-12 12:53:42+00:00,55501,STARLINK-5367,82.7508531952894,-0.10327251734327625,82.75048587363581,-0.22389062663545545
2026-09-12 12:54:42+00:00,55501,STARLINK-5367,82.70274008904988,-0.05728329123095399,82.70206933086304,-0.3281238403513491
2026-09-12 12:55:42+00:00,55501,STARLINK-5367,82.64938777942717,-0.013114554942951884,82.64826355796438,-0.43088185832175085
2026-09-12 12:56:42+00:00,55501,STARLINK-5367,82.59101263062647,0.029038936481928346,82.58929602830293,-0.5317007069891986
2026-09-12 12:57:42+00:00,55501,STARLINK-5367,82.52780924384221,0.06899322303065603,82.52537464384385,-0.6301415844056386
2026-09-12 12:58:42+00:00,55501,STARLINK-5367,82.4600077289043,0.1065740535304407,82.45674487339751,-0.7257695953284582
2026-09-12 12:59:42+00:00,55501,STARLINK-5367,82.38785750098212,0.14161683245333734,82.3836732601245,-0.8181616245895498
2026-09-12 13:00:42+00:00,55501,STARLINK-5367,82.31162718661365,0.17396660783843387,82.3064470389412,-0.9069076873648285
2026-09-12 13:01:42+00:00,55501,STARLINK-5367,82.23160303254551,0.20347837498119148,82.22537222449809,-0.9916130272443979
2026-09-12 13:02:42+00:00,55501,STARLINK-5367,82.14808648858124,0.23001771987605224,82.14077083942003,-1.0719008768770024
2026-09-12 13:03:42+00:00,55501,STARLINK-5367,82.06139425359623,0.2534617636197005,82.0529806063946,-1.1474134325393521
2026-09-12 13:04:42+00:00,55501,STARLINK-5367,81.97185585826084,0.273700434279327,81.96235214259175,-1.2178145070372963
2026-09-12 13:05:42+00:00,55501,STARLINK-5367,81.8798120516052,0.2906379639922889,81.86924695370404,-1.2827916485139497
2026-09-12 13:06:42+00:00,55501,STARLINK-5367,81.7856005723251,0.30419468198839716,81.77402262122843,-1.3420696383480788
2026-09-12 13:07:42+00:00,55501,STARLINK-5367,81.68961060254193,0.31430802696202775,81.67708770366758,-1.3953619983776022
2026-09-12 13:08:42+00:00,55501,STARLINK-5367,81.59219729060693,0.3209351467797301,81.5788146768197,-1.4424476649053446
2026-09-12 13:09:42+00:00,55501,STARLINK-5367,81.49373797451241,0.32405360442959275,81.47959664349906,-1.4831214153397525
2026-09-12 13:10:42+00:00,55501,STARLINK-5367,81.39461623777825,0.32366262590577666,81.37983088479496,-1.5172080153884338
2026-09-12 13:11:42+00:00,55501,STARLINK-5367,81.29522282830908,0.3197837298230357,81.27991956017722,-1.5445612197922287
2026-09-12 13:12:42+00:00,55501,STARLINK-5367,81.19595413264176,0.3124608892404914,81.18026797021065,-1.565064850908783
2026-09-12 13:13:42+00:00,55501,STARLINK-5367,81.09721132237647,0.3017601446231053,81.08128355441607,-1.5786330319870743
2026-09-12 13:14:42+00:00,55501,STARLINK-5367,80.99940093168968,0.28776864168397065,80.9833764021403,-1.5852088224398315
2026-09-12 13:15:42+00:00,55501,STARLINK-5367,80.90293230186258,0.27059316928101396,80.88695662766494,-1.5847655633403406
2026-09-12 13:16:42+00:00,55501,STARLINK-5367,80.80821774162604,0.250358182892116,80.79243456548369,-1.5773054049049477
2026-09-12 13:17:42+00:00,55501,STARLINK-5367,80.7156565902661,0.22720362029170538,80.70020463641754,-1.5628720206800537
2026-09-12 13:18:42+00:00,55501,STARLINK-5367,80.62568966667943,0.20128160065778644,80.6107008895991,-1.541499929458169
2026-09-12 13:19:42+00:00,55501,STARLINK-5367,80.53871273695505,0.17275462650637863,80.52430910310882,-1.513290663345522
2026-09-12 13:20:42+00:00,55501,STARLINK-5367,80.45513093073127,0.14179210548665466,80.44142239456245,-1.4783609909348456
2026-09-12 13:21:42+00:00,55501,STARLINK-5367,80.37534080377038,0.1085678443728284,80.36242321838965,-1.43685657385576
2026-09-12 13:22:42+00:00,55501,STARLINK-5367,80.29972910613493,0.07325759724688652,80.2876823960976,-1.3889504334065066
2026-09-12 13:23:42+00:00,55501,STARLINK-5367,80.228667523837,0.03603702466581993,80.2175540928242,-1.334844316036719
2026-09-12 13:24:42+00:00,55501,STARLINK-5367,80.16251141896966,-0.0029199401065653774,80.15237487422391,-1.274766838395852
2026-09-12 13:25:42+00:00,55501,STARLINK-5367,80.10159555894042,-0.04344217798750449,80.09245973479514,-1.208973736460159
2026-09-12 13:26:42+00:00,55501,STARLINK-5367,80.0462303271815,-0.08536194016447851,80.0380986389377,-1.1377474214624677
2026-09-12 13:27:42+00:00,55501,STARLINK-5367,79.99669971643256,-0.1285148990625231,79.98955487620492,-1.0613953779834375
2026-09-12 13:28:42+00:00,55501,STARLINK-5367,79.95325824423911,-0.17273970693479512,79.94706233730459,-0.9802492023826446
2026-09-12 13:29:42+00:00,55501,STARLINK-5367,79.91611298887634,-0.21787697651562077,79.91080785934535,-0.8946687324056306
2026-09-12 13:30:42+00:00,55501,STARLINK-5367,79.88548086383096,-0.2637688360418693,79.88098912974407,-0.8050183229910299
2026-09-12 13:31:42+00:00,55501,STARLINK-5367,79.8614991814215,-0.3102565923218368,79.85772521858746,-0.711698857443869
2026-09-12 13:32:42+00:00,55501,STARLINK-5367,79.84428205316676,-0.35718004139112747,79.84111361399351,-0.6151226552981353
2026-09-12 13:33:42+00:00,55501,STARLINK-5367,79.83390651759015,-0.40437603712799586,79.83121661212137,-0.5157170818162964
2026-09-12 13:34:42+00:00,55501,STARLINK-5367,79.83041060641492,-0.45167740166653525,79.82805968493282,-0.41392276142740725
2026-09-12 13:35:42+00:00,55501,STARLINK-5367,79.8337948535325,-0.4989121827727848,79.83163325877894,-0.3101912081512861
2026-09-12 13:36:42+00:00,55501,STARLINK-5367,79.84402263899689,-0.5459032872520013,79.84189328170142,-0.20498285542055372
2026-09-12 13:37:42+00:00,55501,STARLINK-5367,79.86102008704837,-0.5924685543046477,79.85876129667989,-0.0987649533164543
2026-09-12 13:38:42+00:00,55501,STARLINK-5367,79.88467881401037,-0.6384213265705334,79.88212731006902,0.007990325516642471
2026-09-12 13:39:42+00:00,55501,STARLINK-5367,79.91485630064767,-0.6835714458820839,79.91185022760237,0.1148078080479582
2026-09-12 13:40:42+00:00,55501,STARLINK-5367,79.95136262573305,-0.7277264993318084,79.94774457934513,0.22121602434087784
2026-09-12 13:41:42+00:00,55501,STARLINK-5367,79.9940214307638,-0.770694262536507,79.98964146736635,0.3267306863105439
2026-09-12 13:42:42+00:00,55501,STARLINK-5367,80.04258267097704,-0.8122836557112301,80.03730115395767,0.4308826911625836
2026-09-12 13:43:42+00:00,55501,STARLINK-5367,80.09678358585727,-0.8523075479478912,80.09047388315778,0.5332033520055184
2026-09-12 13:44:42+00:00,55501,STARLINK-5367,80.15633542928187,-0.8905847009811261,80.14888637944378,0.6332301926916983
2026-09-12 13:45:42+00:00,55501,STARLINK-5367,80.22092402685732,-0.9269417543040497,80.2122421242725,0.7305094825004694
2026-09-12 13:46:42+00:00,55501,STARLINK-5367,80.29021235797053,-0.9612150059957365,80.2802236209915,0.8245978194568622
2026-09-12 13:47:42+00:00,55501,STARLINK-5367,80.36384171716611,-0.9932518524592417,80.35249319949057,0.91506443769714
2026-09-12 13:48:42+00:00,55501,STARLINK-5367,80.44143217829978,-1.0229118292501767,80.42869308670092,1.0014942090941759
2026-09-12 13:49:42+00:00,55501,STARLINK-5367,80.52258585051821,-1.0500672504685014,80.50844826950758,1.0834888368558069
2026-09-12 13:50:42+00:00,55501,STARLINK-5367,80.6068863887859,-1.074603365603764,80.59136556959476,1.1606707238529026
2026-09-12 13:51:42+00:00,55501,STARLINK-5367,80.69388848824029,-1.0964179814924666,80.67702255129544,1.2326959155395159
2026-09-12 13:52:42+00:00,55501,STARLINK-5367,80.78317626496283,-1.1154215351662344,80.76502620998536,1.2992088189807163
2026-09-12 13:53:42+00:00,55501,STARLINK-5367,80.87427888019346,-1.131535212981614,80.85492712431787,1.3599162379851677
2026-09-12 13:54:42+00:00,55501,STARLINK-5367,80.96673149869427,-1.1446906030342596,80.94628074724994,1.4145409829226523
2026-09-12 13:55:42+00:00,55501,STARLINK-5367,81.06006340197895,-1.15482843667007,81.0386350033794,1.462835193641837
2026-09-12 13:56:42+00:00,55501,STARLINK-5367,81.15379997731996,-1.161897559446329,81.13153195045837,1.5045823978643185
2026-09-12 13:57:42+00:00,55501,STARLINK-5367,81.24746757999347,-1.1658541178237578,81.22451239704557,1.5395967654656388
2026-09-12 13:58:42+00:00,55501,STARLINK-5367,81.34059470827762,-1.1666609908895986,81.31711680839821,1.5677256130899409
2026-09-12 13:59:42+00:00,55501,STARLINK-5367,81.43271734292762,-1.1642876410902632,81.40889049024096,1.5888477868887563
2026-09-12 14:00:42+00:00,55501,STARLINK-5367,81.52338130389865,-1.1587103545454531,81.49938577989695,1.6028746160109364
2026-09-12 14:01:42+00:00,55501,STARLINK-5367,81.61214490965325,-1.149912933464706,81.58816458911647,1.6097502846503602
2026-09-12 14:02:42+00:00,55501,STARLINK-5367,81.69856861844335,-1.1378876686413246,81.67478773818885,1.60946384794633
2026-09-12 14:03:42+00:00,55501,STARLINK-5367,81.78227549323431,-1.1226375432394953,81.758876458885,1.6019956237655038
2026-09-12 14:04:42+00:00,55501,STARLINK-5367,81.86286514456233,-1.1041770022287025,81.84002474080705,1.587398264028117
2026-09-12 14:05:42+00:00,55501,STARLINK-5367,81.93997616873976,-1.0825346919627332,81.91786293637217,1.565741074404528
2026-09-12 14:06:42+00:00,55501,STARLINK-5367,82.01327143684415,-1.0577553562853268,81.99204287698598,1.5371240152370618
2026-09-12 14:07:42+00:00,55501,STARLINK-5367,82.08243907264166,-1.0299018562346767,82.06223900824978,1.5016774731430758
2026-09-12 14:08:42+00:00,55501,STARLINK-5367,82.14719428625219,-0.9990569940014531,82.12815045116075,1.4595607892461544
2026-09-12 14:09:42+00:00,55501,STARLINK-5367,82.20727779268448,-0.9653249558815773,82.1894996504669,1.4109631529742686
2026-09-12 14:10:42+00:00,55501,STARLINK-5367,82.26245678810554,-0.9288323249779182,82.24603367093411,1.3561020339865557
2026-09-12 14:11:42+00:00,55501,STARLINK-5367,82.31252403152494,-0.8897285186459563,82.29752361743226,1.2952227768452076
2026-09-12 14:12:42+00:00,55501,STARLINK-5367,82.35729601961528,-0.8481855949746766,82.34376318173956,1.228598359355356
2026-09-12 14:13:42+00:00,55501,STARLINK-5367,82.39661303226448,-0.8043974372000058,82.38456911238362,1.1565276125758217
2026-09-12 14:14:42+00:00,55501,STARLINK-5367,82.43032328341378,-0.7585781080575735,82.41976570414809,1.0793410653799143
2026-09-12 14:15:42+00:00,55501,STARLINK-5367,82.45833846094801,-0.7109604726401564,82.44924115220203,0.9973717324231046
2026-09-12 14:16:42+00:00,55501,STARLINK-5367,82.48054794010473,-0.6617926108251062,82.47286162820046,0.9109961009093333
2026-09-12 14:17:42+00:00,55501,STARLINK-5367,82.49687341866765,-0.6113355162564513,82.49052674613515,0.8206033678944227
2026-09-12 14:18:42+00:00,55501,STARLINK-5367,82.507255926326,-0.5598597107538517,82.5021568794073,0.7266001941936704
2026-09-12 14:19:42+00:00,55501,STARLINK-5367,82.51165444955703,-0.5076418706923729,82.50769215107111,0.6294089595051133
2026-09-12 14:20:42+00:00,55501,STARLINK-5367,82.51004532149672,-0.45496148100721534,82.50709215112457,0.5294655532507591
2026-09-12 14:21:42+00:00,55501,STARLINK-5367,82.50242347220178,-0.40209767100486715,82.50033746602048,0.42721685620049854
2026-09-12 14:22:42+00:00,55501,STARLINK-5367,82.48880259115269,-0.34932632004164044,82.48743006292037,0.3231186455503945
2026-09-12 14:23:42+00:00,55501,STARLINK-5367,82.46921472491286,-0.2969175424375261,82.46839305457718,0.2176334361769996
2026-09-12 14:24:42+00:00,55501,STARLINK-5367,82.44371277388439,-0.24513366351390165,82.44327330759208,0.11122841108836656
2026-09-12 14:25:42+00:00,55501,STARLINK-5367,82.41235435588167,-0.19422746674650426,82.41212536435086,0.004370479305828567
2026-09-12 14:26:42+00:00,55501,STARLINK-5367,82.37526364223855,-0.14444187631661976,82.37507327859673,-0.10246471827805159
2026-09-12 14:27:42+00:00,55501,STARLINK-5367,82.33254187629998,-0.09600828612773604,82.33222111010215,-0.20880924054720396
2026-09-12 14:28:42+00:00,55501,STARLINK-5367,82.28432729717852,-0.049147088037548414,82.2837127520024,-0.31419589254600844
2026-09-12 14:29:42+00:00,55501,STARLINK-5367,82.23078090170931,-0.004067624204518339,82.22971757252208,-0.41816157476531046
2026-09-12 14:30:42+00:00,55501,STARLINK-5367,82.17208629266452,0.03903148387952271,82.17043010279086,-0.5202489353482278
2026-09-12 14:31:42+00:00,55501,STARLINK-5367,82.10844832072043,0.07996192731985019,82.10606847931,-0.6200085462733149
2026-09-12 14:32:42+00:00,55501,STARLINK-5367,82.04009394364877,0.11854530067418168,82.03687507643495,-0.7169999914994847
2026-09-12 14:33:42+00:00,55501,STARLINK-5367,81.96727031387779,0.1546128572461427,81.96311432834003,-0.8107941613910334
2026-09-12 14:34:42+00:00,55501,STARLINK-5367,81.89024338953296,0.18800548214025525,81.88507104225845,-0.900975438023373
2026-09-12 14:35:42+00:00,55501,STARLINK-5367,81.80929791377926,0.2185739378327547,81.8030500624695,-0.9871428753193925
2026-09-12 14:36:42+00:00,55501,STARLINK-5367,81.72471974128065,0.24617964896703626,81.71735808719068,-1.06892451611494
2026-09-12 14:37:42+00:00,55501,STARLINK-5367,81.6368541628633,0.2706949127715603,81.62836220304959,-1.1459345184413294
2026-09-12 14:38:42+00:00,55501,STARLINK-5367,81.54601593733013,0.2920051831127246,81.53639869784578,-1.2178405520723743
2026-09-12 14:39:42+00:00,55501,STARLINK-5367,81.45254653352973,0.3100098460959835,81.4418304303096,-1.2843235000756081
2026-09-12 14:40:42+00:00,55501,STARLINK-5367,81.35679863582534,0.32462402404005175,81.34503082236597,-1.3450888526714024
2026-09-12 14:41:42+00:00,55501,STARLINK-5367,81.25913497165368,0.33578026435086805,81.24638229782123,-1.3998683765925009
2026-09-12 14:42:42+00:00,55501,STARLINK-5367,81.15992638441574,0.3434301756284093,81.14627397121097,-1.4484222545306054
2026-09-12 14:43:42+00:00,55501,STARLINK-5367,81.05955275311369,0.3475458441904813,81.04510225393398,-1.4905385169102914
2026-09-12 14:44:42+00:00,55501,STARLINK-5367,80.95840020792501,0.3481209939131116,80.94326773195553,-1.526035672295606
2026-09-12 14:45:42+00:00,55501,STARLINK-5367,80.85686254207761,0.3451716914882428,80.84117635205166,-1.5547612898172147
2026-09-12 14:46:42+00:00,55501,STARLINK-5367,80.7553396697427,0.3387366015602091,80.73923765343227,-1.576593109480747
2026-09-12 14:47:42+00:00,55501,STARLINK-5367,80.65422203906097,0.3288768695675137,80.637848739489,-1.5914532346584167
2026-09-12 14:48:42+00:00,55501,STARLINK-5367,80.5539487696503,0.31567457931544585,80.53745342488895,-1.5992522556692848
2026-09-12 14:49:42+00:00,55501,STARLINK-5367,80.45492005036738,0.2992323823053624,80.43845294009537,-1.5999715298868509
2026-09-12 14:50:42+00:00,55501,STARLINK-5367,80.35755205186615,0.2796709552426897,80.3412619172586,-1.5936089443856432
2026-09-12 14:51:42+00:00,55501,STARLINK-5367,80.26226400414073,0.25712684468256164,80.24629527840119,-1.5801907947388756
2026-09-12 14:52:42+00:00,55501,STARLINK-5367,80.16947360363895,0.23174990432560172,80.15396369889295,-1.5597734524464357
2026-09-12 14:53:42+00:00,55501,STARLINK-5367,80.0795971769078,0.20370049789110567,80.06467394288124,-1.5324413669353092
2026-09-12 14:54:42+00:00,55501,STARLINK-5367,79.99304634331739,0.17314669998569698,79.97882568063099,-1.4983077960317601
2026-09-12 14:55:42+00:00,55501,STARLINK-5367,79.91022479547983,0.14026159268137306,79.89680846808236,-1.4575150648626725
2026-09-12 14:56:42+00:00,55501,STARLINK-5367,79.83152641712452,0.10522077667092233,79.819000119686,-1.4102335160432844
2026-09-12 14:57:42+00:00,55501,STARLINK-5367,79.75733187489818,0.06820024679823788,79.74576356153044,-1.3566615338656014
2026-09-12 14:58:42+00:00,55501,STARLINK-5367,79.6880043606444,0.02937471773308431,79.67744285548974,-1.297025874146943
2026-09-12 14:59:42+00:00,55501,STARLINK-5367,79.6238733918705,-0.011083408664550376,79.61434720612422,-1.231588415573114
2026-09-12 15:00:42+00:00,55501,STARLINK-5367,79.5652879706732,-0.053005346687477584,79.55680498376334,-1.1606123663072445
2026-09-12 15:01:42+00:00,55501,STARLINK-5367,79.51252716798155,-0.09622504774408469,79.50507383881074,-1.0844128662276482
2026-09-12 15:02:42+00:00,55501,STARLINK-5367,79.46585574823938,-0.14057951602529073,79.45939727286228,-1.0033206033515754
2026-09-12 15:03:42+00:00,55501,STARLINK-5367,79.42550566616724,-0.18590784766014856,79.41998636459097,-0.917689733366494
2026-09-12 15:04:42+00:00,55501,STARLINK-5367,79.39167513928867,-0.2320501550651901,79.38701923344158,-0.8278957525309689
2026-09-12 15:05:42+00:00,55501,STARLINK-5367,79.36452661505322,-0.27884627797127237,79.36063938342734,-0.7343338738978407
2026-09-12 15:06:42+00:00,55501,STARLINK-5367,79.34418459097353,-0.32613442057601816,79.34095388858077,-0.6374172858467784
2026-09-12 15:07:42+00:00,55501,STARLINK-5367,79.33073593024142,-0.37374987718480934,79.32803405908098,-0.53757472437524
2026-09-12 15:08:42+00:00,55501,STARLINK-5367,79.324229281735,-0.42152393122437504,79.32191517774021,-0.43524849460899695
2026-09-12 15:09:42+00:00,55501,STARLINK-5367,79.32467419703839,-0.46928304365211637,79.32259589878419,-0.33089238343424177
2026-09-12 15:10:42+00:00,55501,STARLINK-5367,79.33202867258841,-0.5168482877885436,79.33002603277282,-0.22496843197710792
2026-09-12 15:11:42+00:00,55501,STARLINK-5367,79.34625676772446,-0.5640360323030844,79.34416433915715,-0.11794797474359431
2026-09-12 15:12:42+00:00,55501,STARLINK-5367,79.3672436230037,-0.6106574405711127,79.36489369727985,-0.010306452758099383
2026-09-12 15:13:42+00:00,55501,STARLINK-5367,79.39485391476788,-0.6565200852940336,79.39207962833386,0.09747724470649999
2026-09-12 15:14:42+00:00,55501,STARLINK-5367,79.42891926413097,-0.7014291589600816,79.42555772041959,0.20492291988221467
2026-09-12 15:15:42+00:00,55501,STARLINK-5367,79.46924006604023,-0.7451891986794745,79.46513541105608,0.3115506935112009
2026-09-12 15:16:42+00:00,55501,STARLINK-5367,79.5155870177258,-0.7876060612653273,79.51059340856132,0.41688281834126073
2026-09-12 15:17:42+00:00,55501,STARLINK-5367,79.56770168885886,-0.8284890290911022,79.56168609300038,0.5204459768114731
2026-09-12 15:18:42+00:00,55501,STARLINK-5367,79.62529978791598,-0.8676529686166461,79.61814456255203,0.6217725131474481
2026-09-12 15:19:42+00:00,55501,STARLINK-5367,79.68807050949987,-0.9049203435785174,79.6796756993664,0.7204034582098089
2026-09-12 15:20:42+00:00,55501,STARLINK-5367,79.75568000512676,-0.9401230615288974,79.74596532573186,0.8158896840459668
2026-09-12 15:21:42+00:00,55501,STARLINK-5367,79.82775721002892,-0.9731038060269945,79.81666355560839,0.9078045036432769
2026-09-12 15:22:42+00:00,55501,STARLINK-5367,79.90395321262794,-1.003717839419192,79.89144419947505,0.9957074002098558
2026-09-12 15:23:42+00:00,55501,STARLINK-5367,79.9838563114022,-1.0318326979787749,79.96991879436018,1.0792032940353877
2026-09-12 15:24:42+00:00,55501,STARLINK-5367,80.06705108847815,-1.057329119954776,80.0516956458923,1.1579073168857192
2026-09-12 15:25:42+00:00,55501,STARLINK-5367,80.15310578607513,-1.0801007176088504,80.13636666856333,1.2314571674020485
2026-09-12 15:26:42+00:00,55501,STARLINK-5367,80.24157522628057,-1.100053458425709,80.22350990003886,1.2995139482963296
2026-09-12 15:27:42+00:00,55501,STARLINK-5367,80.33200110979021,-1.117104824135163,80.31268936284594,1.3617659205032524
2026-09-12 15:28:42+00:00,55501,STARLINK-5367,80.42391650324535,-1.1311828261142551,80.40345918925829,1.4179286075692445
2026-09-12 15:29:42+00:00,55501,STARLINK-5367,80.51684757175967,-1.1422249150232782,80.49536498182152,1.46774711065121
2026-09-12 15:30:42+00:00,55501,STARLINK-5367,80.61031598413938,-1.1501769420008685,80.58794588258291,1.510997846052092
2026-09-12 15:31:42+00:00,55501,STARLINK-5367,80.70384311717692,-1.1549923071296755,80.68073850714133,1.5474884796525714
2026-09-12 15:32:42+00:00,55501,STARLINK-5367,80.79693863990671,-1.1566311948599968,80.77326500961914,1.577072460531035
2026-09-12 15:33:42+00:00,55501,STARLINK-5367,80.88916075130155,-1.1550610111759396,80.86509417551618,1.5995952910858122
2026-09-12 15:34:42+00:00,55501,STARLINK-5367,80.98003398209433,-1.1502555626001927,80.95575747857266,1.6149758364717286
2026-09-12 15:35:42+00:00,55501,STARLINK-5367,81.06911019843571,-1.1421963653511007,81.04481102777675,1.623151656823424
2026-09-12 15:36:42+00:00,55501,STARLINK-5367,81.15595545643365,-1.1308735221414619,81.13182206735434,1.62409333313078
2026-09-12 15:37:42+00:00,55501,STARLINK-5367,81.24015573321911,-1.1162872184448265,81.21637471244568,1.6178025130547624
2026-09-12 15:38:42+00:00,55501,STARLINK-5367,81.32131649364729,-1.0984494687809203,81.29806949349037,1.604313453192681
2026-09-12 15:39:42+00:00,55501,STARLINK-5367,81.3990669562373,-1.077386139000275,81.37652772147217,1.5836907684153232
2026-09-12 15:40:42+00:00,55501,STARLINK-5367,81.473060727846,-1.0531390222922372,81.45139221283323,1.556029933587169
2026-09-12 15:41:42+00:00,55501,STARLINK-5367,81.54297639323718,-1.0257678716819285,81.52232802735624,1.5214573085010201
2026-09-12 15:42:42+00:00,55501,STARLINK-5367,81.60851921734299,-0.9953522628095257,81.5890243931006,1.4801288127709924
2026-09-12 15:43:42+00:00,55501,STARLINK-5367,81.66942108129166,-0.9619931145648088,81.65119489024293,1.4322297289270765
2026-09-12 15:44:42+00:00,55501,STARLINK-5367,81.72542472743707,-0.9258135800345251,81.70856181665124,1.3779847421107299
2026-09-12 15:45:42+00:00,55501,STARLINK-5367,81.77634304675105,-0.886960290704355,81.76091652902645,1.3176159820654085
2026-09-12 15:46:42+00:00,55501,STARLINK-5367,81.82196909942196,-0.8456022105080692,81.8080287651502,1.2514047181879953
2026-09-12 15:47:42+00:00,55501,STARLINK-5367,81.8621343936127,-0.8019306120752745,81.84970608387385,1.1796477248682429
2026-09-12 15:48:42+00:00,55501,STARLINK-5367,81.89669343974813,-0.7561575339681781,81.88577866227068,1.1026672306378664
2026-09-12 15:49:42+00:00,55501,STARLINK-5367,81.92552126066573,-0.7085137905264407,81.9160972557498,1.020809691846214
2026-09-12 15:50:42+00:00,55501,STARLINK-5367,81.94851360824873,-0.6592464882299236,81.94053387611581,0.9344435596667537
2026-09-12 15:51:42+00:00,55501,STARLINK-5367,81.96558583130927,-0.6086161063301976,81.95898109820997,0.8439576103707225
2026-09-12 15:52:42+00:00,55501,STARLINK-5367,81.97667123749123,-0.5568932771982116,81.9713508379796,0.7497591976068971
2026-09-12 15:53:42+00:00,55501,STARLINK-5367,81.98172242231026,-0.5043554514819437,81.97757607278152,0.6522715221499631
2026-09-12 15:54:42+00:00,55501,STARLINK-5367,81.98070904075922,-0.4512835166992746,81.97760894998304,0.5519319313440896
2026-09-12 15:55:42+00:00,55501,STARLINK-5367,81.97360528722686,-0.3979584293755596,81.97140855911815,0.449190058533965
2026-09-12 15:56:42+00:00,55501,STARLINK-5367,81.96044812459579,-0.34465895892065834,81.95899941934822,0.3445013292722411
2026-09-12 15:57:42+00:00,55501,STARLINK-5367,81.94124928568498,-0.2916580537009086,81.94038361836611,0.23833286277569687
2026-09-12 15:58:42+00:00,55501,STARLINK-5367,81.91605510095893,-0.2392214218083133,81.91560080221076,0.13115497526213904
2026-09-12 15:59:42+00:00,55501,STARLINK-5367,81.88493347030379,-0.1876057317694153,81.88471520399814,0.023441109192434695
2026-09-12 16:00:42+00:00,55501,STARLINK-5367,81.8479728973894,-0.13705745661356872,81.84781469537927,-0.08433419372077466
2026-09-12 16:01:42+00:00,55501,STARLINK-5367,81.80528447521098,-0.0878122259795564,81.80501273990137,-0.19169691635056196
2026-09-12 16:02:42+00:00,55501,STARLINK-5367,81.7570020795113,-0.04009457053920151,81.7564485101266,-0.2981752264110149
2026-09-12 16:03:42+00:00,55501,STARLINK-5367,81.70328161675212,0.0058820139366524415,81.70228601605966,-0.40330149788638536
2026-09-12 16:04:42+00:00,55501,STARLINK-5367,81.64430272732933,0.04991474921121153,81.64271565331298,-0.5066133652918374
2026-09-12 16:05:42+00:00,55501,STARLINK-5367,81.58026632887254,0.09181119560938455,81.57795154833794,-0.6076562936127381
2026-09-12 16:06:42+00:00,55501,STARLINK-5367,81.51138140102702,0.13138900808321807,81.5082180441139,-0.7059929924820345
2026-09-12 16:07:42+00:00,55501,STARLINK-5367,81.4379216875397,0.16847497748412366,81.43380641901325,-0.8011723151034609
2026-09-12 16:08:42+00:00,55501,STARLINK-5367,81.36013615513359,0.2029060221169452,81.35498464891675,-0.8927805455875308
2026-09-12 16:09:42+00:00,55501,STARLINK-5367,81.27830758227174,0.2345286990254074,81.27205592426873,-0.9804109190756414
2026-09-12 16:10:42+00:00,55501,STARLINK-5367,81.19273543317162,0.2631999390937523,81.18534111198771,-1.0636735604780085
2026-09-12 16:11:42+00:00,55501,STARLINK-5367,81.10373461386213,0.2887879298039273,81.09517712464022,-1.1421983061663141
2026-09-12 16:12:42+00:00,55501,STARLINK-5367,81.01163494125488,0.31117329934482285,81.00191601149402,-1.215635430461539
2026-09-12 16:13:42+00:00,55501,STARLINK-5367,80.91677783734889,0.33025059200623197,80.90592122410312,-1.2836592244734604
2026-09-12 16:14:42+00:00,55501,STARLINK-5367,80.81951706645702,0.3459298729820137,80.8075679694637,-1.3459681418297578
2026-09-12 16:15:42+00:00,55501,STARLINK-5367,80.72021660611918,0.35813843990008465,80.7072406704707,-1.4022871158888606
2026-09-12 16:16:42+00:00,55501,STARLINK-5367,80.61924912967216,0.3668224833036735,80.6053310561199,-1.452369385246726
2026-09-12 16:17:42+00:00,55501,STARLINK-5367,80.51698177094413,0.3719487317018242,80.5022233317566,-1.496010122799298
2026-09-12 16:18:42+00:00,55501,STARLINK-5367,80.41383301588804,0.3735049765222662,80.39835175989069,-1.5329933569727814
2026-09-12 16:19:42+00:00,55501,STARLINK-5367,80.31018431868975,0.37150191393203325,80.29411048173662,-1.5631741990378885
2026-09-12 16:20:42+00:00,55501,STARLINK-5367,80.20643931356902,0.3659727785049832,80.18991352272903,-1.58642380966252
2026-09-12 16:21:42+00:00,55501,STARLINK-5367,80.10300583792862,0.35697335090317983,80.08617636018239,-1.6026447840169098
2026-09-12 16:22:42+00:00,55501,STARLINK-5367,80.00029843063795,0.3445811691039493,79.98331834186848,-1.6117691622433412
2026-09-12 16:23:42+00:00,55501,STARLINK-5367,79.89873570656012,0.3288942507359707,79.88175998000375,-1.6137591442489807
2026-09-12 16:24:42+00:00,55501,STARLINK-5367,79.79873892555294,0.3100292962846698,79.78192150067159,-1.6086073494425364
2026-09-12 16:25:42+00:00,55501,STARLINK-5367,79.70073169934896,0.28811945169219655,79.68422261271358,-1.5963355539087303
2026-09-12 16:26:42+00:00,55501,STARLINK-5367,79.60513806575895,0.2633117632553841,79.58908066474753,-1.5769947127960222
2026-09-12 16:27:42+00:00,55501,STARLINK-5367,79.51237957922625,0.23576444199153102,79.49690785092507,-1.550665541107314
2026-09-12 16:28:42+00:00,55501,STARLINK-5367,79.42287433411259,0.20564404057155983,79.40811042837254,-1.5174571546539894
2026-09-12 16:29:42+00:00,55501,STARLINK-5367,79.33701840666131,0.1731229078821599,79.32307013250987,-1.4775191608236895
2026-09-12 16:30:42+00:00,55501,STARLINK-5367,79.25524225308796,0.13837598522811945,79.24220168815478,-1.4309955611989587
2026-09-12 16:31:42+00:00,55501,STARLINK-5367,79.177919982978,0.10157963285189098,79.16586103724738,-1.3780931174236848
2026-09-12 16:32:42+00:00,55501,STARLINK-5367,79.10542328962012,0.06290920908636366,79.09440043966707,-1.3190357656179756
2026-09-12 16:33:42+00:00,55501,STARLINK-5367,79.03810459204983,0.02253796260431784,79.02815173572709,-1.2540744710517409
2026-09-12 16:34:42+00:00,55501,STARLINK-5367,78.97629393097046,-0.019363704521158098,78.96742357407551,-1.1834873005362105
2026-09-12 16:35:42+00:00,55501,STARLINK-5367,78.92029442767189,-0.06262842733172391,78.91249723251191,-1.1075787824388783
2026-09-12 16:36:42+00:00,55501,STARLINK-5367,78.87038058647057,-0.1070916061958993,78.86362531106161,-1.0266781574972974
2026-09-12 16:37:42+00:00,55501,STARLINK-5367,78.82679536748937,-0.15259069237825607,78.82102919162503,-0.9411382266380528
2026-09-12 16:38:42+00:00,55501,STARLINK-5367,78.78974691374493,-0.1989641363009973,78.7848961554528,-0.8513341171146713
2026-09-12 16:39:42+00:00,55501,STARLINK-5367,78.75940841957416,-0.2460501526008514,78.75537965117722,-0.7576608229499708
2026-09-12 16:40:42+00:00,55501,STARLINK-5367,78.73589992245257,-0.29368518696266754,78.73258143544183,-0.6605347234989729
2026-09-12 16:41:42+00:00,55501,STARLINK-5367,78.71934822454259,-0.34170331975314827,78.71661196526362,-0.5603788434459815
2026-09-12 16:42:42+00:00,55501,STARLINK-5367,78.70979727759966,-0.38993411945254897,78.70750093895843,-0.45764047808425046
2026-09-12 16:43:42+00:00,55501,STARLINK-5367,78.70726663965918,-0.4382024744043116,78.70525617871256,-0.3527751706966167
2026-09-12 16:44:42+00:00,55501,STARLINK-5367,78.71173751051666,-0.48632796179877813,78.70984988487437,-0.24624812402725227
2026-09-12 16:45:42+00:00,55501,STARLINK-5367,78.7231544251361,-0.5341248282838613,78.72122053254593,-0.13853222696806977
2026-09-12 16:46:42+00:00,55501,STARLINK-5367,78.74142457985786,-0.5814024073948625,78.73927234702701,-0.030105926736476718
2026-09-12 16:47:42+00:00,55501,STARLINK-5367,78.7664210616635,-0.627966041417185,78.76387862238323,0.07854853642748694
2026-09-12 16:48:42+00:00,55501,STARLINK-5367,78.79798215791763,-0.6736183857937217,78.7948810590821,0.18694735871527257
2026-09-12 16:49:42+00:00,55501,STARLINK-5367,78.83591493787179,-0.7181611212103203,78.83209330990641,0.29460664206529685
2026-09-12 16:50:42+00:00,55501,STARLINK-5367,78.8799958301568,-0.7613969021538232,78.87530145944294,0.4010443927393972
2026-09-12 16:51:42+00:00,55501,STARLINK-5367,78.92995694885951,-0.8031313004014464,78.92425014477095,0.5057896289497421
2026-09-12 16:52:42+00:00,55501,STARLINK-5367,78.98554745277536,-0.8431756528965408,78.97870385744388,0.6083569931960859
2026-09-12 16:53:42+00:00,55501,STARLINK-5367,79.0464466135819,-0.881348120842091,79.03835952108976,0.7082880337130284
2026-09-12 16:54:42+00:00,55501,STARLINK-5367,79.11232312986729,-0.9174762345881007,79.1029056127582,0.8051285503390169
2026-09-12 16:55:42+00:00,55501,STARLINK-5367,79.1828234369908,-0.9513983232391716,79.17201008604832,0.8984362074512511
2026-09-12 16:56:42+00:00,55501,STARLINK-5367,79.25757095345709,-0.9829646956242435,79.24531921316533,0.9877837075852014
2026-09-12 16:57:42+00:00,55501,STARLINK-5367,79.33617008825384,-1.0120384513954228,79.32246118006263,1.0727603566021884
2026-09-12 16:58:42+00:00,55501,STARLINK-5367,79.41820651357953,-1.0384958042907755,79.40304592077673,1.1529747616740238
2026-09-12 16:59:42+00:00,55501,STARLINK-5367,79.50324815332898,-1.0622259866362036,79.4866656519196,1.2280579884789518
2026-09-12 17:00:42+00:00,55501,STARLINK-5367,79.59084894826051,-1.0831308027404134,79.57289821943384,1.2976644129362356
2026-09-12 17:01:42+00:00,55501,STARLINK-5367,79.6805500701051,-1.1011238453014602,79.66130787845609,1.3614745115747624
2026-09-12 17:02:42+00:00,55501,STARLINK-5367,79.77186734086918,-1.116129343079793,79.75143206523944,1.4192103023326155
2026-09-12 17:03:42+00:00,55501,STARLINK-5367,79.86435294452338,-1.1280817752219345,79.84284367266304,1.4705839039310646
2026-09-12 17:04:42+00:00,55501,STARLINK-5367,79.95751115255905,-1.136923816657311,79.93506506767099,1.5153767102368931
2026-09-12 17:05:42+00:00,55501,STARLINK-5367,80.05085847213854,-1.1426061056326065,80.02762881413182,1.5533897776360703
2026-09-12 17:06:42+00:00,55501,STARLINK-5367,80.1439143466998,-1.1450864602451614,80.120067923475,1.5844556628282405
2026-09-12 17:07:42+00:00,55501,STARLINK-5367,80.2362016357239,-1.1443295535717233,80.21191607937527,1.608440759438551
2026-09-12 17:08:42+00:00,55501,STARLINK-5367,80.32725319352988,-1.1403070701763331,80.30271408178395,1.6252435209602538
2026-09-12 17:09:42+00:00,55501,STARLINK-5367,80.41661340588567,-1.1329982464356618,80.39201123848056,1.6347953013320975
2026-09-12 17:10:42+00:00,55501,STARLINK-5367,80.50384098947625,-1.1223908673304148,80.47936807218292,1.637060628661743
2026-09-12 17:11:42+00:00,55501,STARLINK-5367,80.58851293300941,-1.1084826830385062,80.56436024588481,1.6320358655755811
2026-09-12 17:12:42+00:00,55501,STARLINK-5367,80.67022679716194,-1.091283142040714,80.64658086696421,1.6197490786056363
2026-09-12 17:13:42+00:00,55501,STARLINK-5367,80.74860190024445,-1.070815349237158,80.72564171111114,1.6002604979550696
2026-09-12 17:14:42+00:00,55501,STARLINK-5367,80.82326826116383,-1.0471179961011217,80.80116206245083,1.5736726711267863
2026-09-12 17:15:42+00:00,55501,STARLINK-5367,80.89392361273097,-1.0202480722712828,80.87282680578267,1.5400830416777964
2026-09-12 17:16:42+00:00,55501,STARLINK-5367,80.9602493490509,-0.9902817545170066,80.94030114497673,1.4996557163711373
2026-09-12 17:17:42+00:00,55501,STARLINK-5367,81.02196768847936,-0.9573166577654568,81.00328898806787,1.4525722169042652
2026-09-12 17:18:42+00:00,55501,STARLINK-5367,81.07882672071386,-0.9214728126156224,81.06151803787941,1.3990438369495273
2026-09-12 17:19:42+00:00,55501,STARLINK-5367,81.13060015443295,-0.8828932870723634,81.11473989995639,1.3393102047482195
2026-09-12 17:20:42+00:00,55501,STARLINK-5367,81.17708745588274,-0.8417442121756054,81.16273060241964,1.2736387479811278
2026-09-12 17:21:42+00:00,55501,STARLINK-5367,81.21811113356243,-0.7982141306708463,81.2052882922912,1.202324278706321
2026-09-12 17:22:42+00:00,55501,STARLINK-5367,81.25351718767158,-0.7525127393872069,81.24223414454288,1.125686966954575
2026-09-12 17:23:42+00:00,55501,STARLINK-5367,81.28317258983857,-0.7048689873761518,81.27341029045837,1.0440717115875842
2026-09-12 17:24:42+00:00,55501,STARLINK-5367,81.30696552318966,-0.6555286655469015,81.29868053144875,0.957845813914755
2026-09-12 17:25:42+00:00,55501,STARLINK-5367,81.32478928278945,-0.6047513650893226,81.31791463940499,0.8674020837970318
2026-09-12 17:26:42+00:00,55501,STARLINK-5367,81.33659925285967,-0.5528079877952674,81.33104597514281,0.7731377226130149
2026-09-12 17:27:42+00:00,55501,STARLINK-5367,81.34232633728796,-0.4999763791257532,81.337984987675,0.6754818479608016
2026-09-12 17:28:42+00:00,55501,STARLINK-5367,81.34193445163733,-0.4465386431331275,81.3386773012076,0.574872563852292
2026-09-12 17:29:42+00:00,55501,STARLINK-5367,81.33540565355517,-0.3927777146196565,81.33308908953572,0.47176016037863944
2026-09-12 17:30:42+00:00,55501,STARLINK-5367,81.32274101553688,-0.3389743637460617,81.3212082036948,0.36660462644285485
2026-09-12 17:31:42+00:00,55501,STARLINK-5367,81.30396098644378,-0.28540455068775006,81.3030447280645,0.25987357303078085
2026-09-12 17:32:42+00:00,55501,STARLINK-5367,81.27910662814001,-0.23233722774555066,81.27863235503608,0.1520400474805239
2026-09-12 17:33:42+00:00,55501,STARLINK-5367,81.24824000630585,-0.18003261668568005,81.24802885676475,0.04358060956974885
2026-09-12 17:34:42+00:00,55501,STARLINK-5367,81.21144397194806,-0.12874097947313246,81.21131589431731,-0.06502678267613149
2026-09-12 17:35:42+00:00,55501,STARLINK-5367,81.16882462118528,-0.07870189854313736,81.1686014540929,-0.17330430614738646
2026-09-12 17:36:42+00:00,55501,STARLINK-5367,81.12049610989989,-0.030143773426299703,81.12000457544819,-0.28078131788126726
2026-09-12 17:37:42+00:00,55501,STARLINK-5367,81.06663917097643,0.01671546680729641,81.06571381603064,-0.3869761851552411
2026-09-12 17:38:42+00:00,55501,STARLINK-5367,81.0074139928896,0.0616691324459282,81.00589990062028,-0.49142651963373396
2026-09-12 17:39:42+00:00,55501,STARLINK-5367,80.94301849876467,0.10452069304389155,80.94077385389247,-0.5936725099950735
2026-09-12 17:40:42+00:00,55501,STARLINK-5367,80.8736720870809,0.14508356896265795,80.87057050119999,-0.6932635986033553
2026-09-12 17:41:42+00:00,55501,STARLINK-5367,80.7996167281053,0.18318081903369077,80.79554930937466,-0.7897594524048444
2026-09-12 17:42:42+00:00,55501,STARLINK-5367,80.7211129637038,0.2186450849014392,80.7159900805671,-0.8827331078383907
2026-09-12 17:43:42+00:00,55501,STARLINK-5367,80.63844186136711,0.2513187401521968,80.63219458916468,-0.971771812212797
2026-09-12 17:44:42+00:00,55501,STARLINK-5367,80.55190183046864,0.2810544184023094,80.54448303681787,-1.0564796501180993
2026-09-12 17:45:42+00:00,55501,STARLINK-5367,80.46180681516773,0.30771586125569783,80.45319185653508,-1.1364800947055755
2026-09-12 17:46:42+00:00,55501,STARLINK-5367,80.36848589372495,0.3311790675843618,80.3586729198826,-1.2114172816948354
2026-09-12 17:47:42+00:00,55501,STARLINK-5367,80.27226709762112,0.35133389651626956,80.26127674071753,-1.2809705051023812
2026-09-12 17:48:42+00:00,55501,STARLINK-5367,80.1735332718141,0.3680850178220858,80.16140869075561,-1.3448075773101564
2026-09-12 17:49:42+00:00,55501,STARLINK-5367,80.07263512905357,0.38135462545207055,80.05944050713435,-1.402658491866653
2026-09-12 17:50:42+00:00,55501,STARLINK-5367,79.96994695806752,0.39108345661851196,79.95576633401147,-1.4542696266694435
2026-09-12 17:51:42+00:00,55501,STARLINK-5367,79.8658525130543,0.3972324808740044,79.85078807814335,-1.499415650352205
2026-09-12 17:52:42+00:00,55501,STARLINK-5367,79.7607439363248,0.3997841724757425,79.74491398826439,-1.537900808156202
2026-09-12 17:53:42+00:00,55501,STARLINK-5367,79.65501935396722,0.39874342070660074,79.63855593967837,-1.5695603868777752
2026-09-12 17:54:42+00:00,55501,STARLINK-5367,79.54908525248797,0.39413792488819066,79.53213160071749,-1.5942593421132543
2026-09-12 17:55:42+00:00,55501,STARLINK-5367,79.44335410098502,0.38601811664125574,79.42606184912829,-1.611893286345527
2026-09-12 17:56:42+00:00,55501,STARLINK-5367,79.33824331090779,0.3744565118030536,79.32076958841463,-1.6223889432583647
2026-09-12 17:57:42+00:00,55501,STARLINK-5367,79.23417567311985,0.3595464925581551,79.21668013446046,-1.625702738227993
2026-09-12 17:58:42+00:00,55501,STARLINK-5367,79.1315769161219,0.34140060845050435,79.11421872657387,-1.6218218584350268
2026-09-12 17:59:42+00:00,55501,STARLINK-5367,79.03086120403978,0.32014857313747314,79.01379581624158,-1.6107756679942327
2026-09-12 18:00:42+00:00,55501,STARLINK-5367,78.93248675737905,0.295934108832709,78.91586383274847,-1.5925841384843622
2026-09-12 18:01:42+00:00,55501,STARLINK-5367,78.83686621721358,0.26891324128524197,78.82082603120256,-1.5673367150662258
2026-09-12 18:02:42+00:00,55501,STARLINK-5367,78.744423896886,0.23925081297210227,78.72909503333172,-1.5351381480459594
2026-09-12 18:03:42+00:00,55501,STARLINK-5367,78.65557793478821,0.20711791414289848,78.64107489257539,-1.4961223765228056
2026-09-12 18:04:42+00:00,55501,STARLINK-5367,78.5707360361953,0.17268934291989524,78.55715706687916,-1.4504527672416465
2026-09-12 18:05:42+00:00,55501,STARLINK-5367,78.49029458407071,0.13614133800223627,78.47771981724183,-1.3983210349474469
2026-09-12 18:06:42+00:00,55501,STARLINK-5367,78.41463428844925,0.09764976061754282,78.40312415101023,-1.3399471917841694
2026-09-12 18:07:42+00:00,55501,STARLINK-5367,78.34411602796823,0.0573887589224924,78.33370997918459,-1.2755797235339905
2026-09-12 18:08:42+00:00,55501,STARLINK-5367,78.27907921810248,0.015529928577130647,78.26979485522818,-1.2054938306673506
2026-09-12 18:09:42+00:00,55501,STARLINK-5367,78.21983645184599,-0.027757953787872935,78.21166896613437,-1.1299918501249735
2026-09-12 18:10:42+00:00,55501,STARLINK-5367,78.16665783643616,-0.07230857832122872,78.15957979040806,-1.0494073445632957
2026-09-12 18:11:42+00:00,55501,STARLINK-5367,78.11982581541768,-0.11795811402000744,78.11378767378515,-0.9640780929699311
2026-09-12 18:12:42+00:00,55501,STARLINK-5367,78.07954445244809,-0.1645432135351399,78.07447494395257,-0.8743853034107545
2026-09-12 18:13:42+00:00,55501,STARLINK-5367,78.04599703761279,-0.211900472352184,78.0418043269506,-0.7807234970454058
2026-09-12 18:14:42+00:00,55501,STARLINK-5367,78.01932975033755,-0.25986493446586145,78.0159028954911,-0.6835058953998274
2026-09-12 18:15:42+00:00,55501,STARLINK-5367,77.9996499086875,-0.30826878621101805,77.99686069120463,-0.5831625417350024
2026-09-12 18:16:42+00:00,55501,STARLINK-5367,77.9870260284301,-0.3569402183961956,77.98473113438719,-0.4801378311095692
2026-09-12 18:17:42+00:00,55501,STARLINK-5367,77.98148754936228,-0.4057025479621057,77.97953106047467,-0.3748885732940832
2026-09-12 18:18:42+00:00,55501,STARLINK-5367,77.98302569948417,-0.4543737106543133,77.98124185460757,-0.2678816728994682
2026-09-12 18:19:42+00:00,55501,STARLINK-5367,77.99159384298935,-0.5027661714109879,77.98981001829712,-0.15959215713477803
2026-09-12 18:20:42+00:00,55501,STARLINK-5367,78.00710753363207,-0.5506872938416718,78.00514738733004,-0.050500979735932816
2026-09-12 18:21:42+00:00,55501,STARLINK-5367,78.0294328302941,-0.5979400392000169,78.02711954898682,0.05891022846958727
2026-09-12 18:22:42+00:00,55501,STARLINK-5367,78.05844565543676,-0.6443249071996195,78.05560524209297,0.1681482895688884
2026-09-12 18:23:42+00:00,55501,STARLINK-5367,78.09394435662776,-0.6896405805502486,78.09040890160954,0.27672843212989306
2026-09-12 18:24:42+00:00,55501,STARLINK-5367,78.13571151628116,-0.7336865509626875,78.13132237207087,0.38416479795414915
2026-09-12 18:25:42+00:00,55501,STARLINK-5367,78.18349935568713,-0.7762650544092562,78.17811016038357,0.4899753228098298
2026-09-12 18:26:42+00:00,55501,STARLINK-5367,78.2370327757528,-0.81718326597397,78.23051226544227,0.5936832072039309
2026-09-12 18:27:42+00:00,55501,STARLINK-5367,78.29600949218961,-0.8562553977308234,78.28824404405123,0.694819108820738
2026-09-12 18:28:42+00:00,55501,STARLINK-5367,78.36010169363878,-0.8933046327766156,78.35099754300356,0.792923884567351
2026-09-12 18:29:42+00:00,55501,STARLINK-5367,78.42895848293072,-0.92816478482451,78.41844358369082,0.8875498639419703
2026-09-12 18:30:42+00:00,55501,STARLINK-5367,78.50220653376063,-0.9606815716010573,78.49023201507808,0.9782636691651021
2026-09-12 18:31:42+00:00,55501,STARLINK-5367,78.57945105007346,-0.99071347107947,78.5659922393551,1.0646490476716686
2026-09-12 18:32:42+00:00,55501,STARLINK-5367,78.66026411404403,-1.0181319893268785,78.6453209580025,1.1463198315676593
2026-09-12 18:33:42+00:00,55501,STARLINK-5367,78.74424329219865,-1.0428222996243193,78.72784096266456,1.22287802734958
2026-09-12 18:34:42+00:00,55501,STARLINK-5367,78.83092748243314,-1.0646818526190405,78.8131155973866,1.2939822743434206
2026-09-12 18:35:42+00:00,55501,STARLINK-5367,78.9198568299948,-1.083620315889366,78.90070884329963,1.3593061107514828
2026-09-12 18:36:42+00:00,55501,STARLINK-5367,79.01055959687213,-1.099558448334589,78.99017160524303,1.4185516570906458
2026-09-12 18:37:42+00:00,55501,STARLINK-5367,79.10255662449511,-1.1124270626336141,79.08104580967462,1.471449696700553
2026-09-12 18:38:42+00:00,55501,STARLINK-5367,79.19536347061579,-1.1221659652022273,79.17286617144532,1.5177618350370636
2026-09-12 18:39:42+00:00,55501,STARLINK-5367,79.28849219956966,-1.1287230194979059,79.26516165550515,1.557282040321141
2026-09-12 18:40:42+00:00,55501,STARLINK-5367,79.38145693226174,-1.1320534899307564,79.35746077028375,1.5898363681010608
2026-09-12 18:41:42+00:00,55501,STARLINK-5367,79.47377617894512,-1.132119681386183,79.44929366606047,1.6152836073475854
2026-09-12 18:42:42+00:00,55501,STARLINK-5367,79.5649755486423,-1.1288909826827194,79.54019464217416,1.6335162963112921
2026-09-12 18:43:42+00:00,55501,STARLINK-5367,79.65459245616341,-1.1223443739421741,79.6297067418078,1.6444593875960507
2026-09-12 18:44:42+00:00,55501,STARLINK-5367,79.74216350243246,-1.1124651754070864,79.71736873428274,1.648084756492203
2026-09-12 18:45:42+00:00,55501,STARLINK-5367,79.82728643625279,-1.0992490768578982,79.80277818022364,1.644355788933808
2026-09-12 18:46:42+00:00,55501,STARLINK-5367,79.90953567217889,-1.0827028144329844,79.88550524892482,1.6333086306196591
2026-09-12 18:47:42+00:00,55501,STARLINK-5367,79.98852127727791,-1.0628467679139977,79.96515286643381,1.6149984276600833
2026-09-12 18:48:42+00:00,55501,STARLINK-5367,80.06387812981177,-1.039716883637979,80.04134572287262,1.5895108866606975
2026-09-12 18:49:42+00:00,55501,STARLINK-5367,80.13526647752332,-1.0133667323745854,80.11373095929474,1.5569627712723673
2026-09-12 18:50:42+00:00,55501,STARLINK-5367,80.20237143718633,-0.9838694133657953,80.18197785722847,1.5175019040414384
2026-09-12 18:51:42+00:00,55501,STARLINK-5367,80.26490586218566,-0.9513192200500349,80.24578097593086,1.4713056684538905
2026-09-12 18:52:42+00:00,55501,STARLINK-5367,80.32260809414358,-0.9158328386997141,80.30485818136545,1.4185815900823755
2026-09-12 18:53:42+00:00,55501,STARLINK-5367,80.3752430137154,-0.8775500719740634,80.35895206109888,1.3595657494204936
2026-09-12 18:54:42+00:00,55501,STARLINK-5367,80.42260075538385,-0.8366339423102964,80.4078290184497,1.2945224780592248
2026-09-12 18:55:42+00:00,55501,STARLINK-5367,80.46448017574292,-0.7932699795501676,80.45126303431589,1.2237519664490009
2026-09-12 18:56:42+00:00,55501,STARLINK-5367,80.50074789614708,-0.7476657474175852,80.48909568781261,1.1475552829000435
2026-09-12 18:57:42+00:00,55501,STARLINK-5367,80.53124873544381,-0.7000480105071567,80.52114625661443,1.0662838242285844
2026-09-12 18:58:42+00:00,55501,STARLINK-5367,80.55586240959599,-0.650661063326412,80.54726943438533,0.9803037279165316
2026-09-12 18:59:42+00:00,55501,STARLINK-5367,80.57448934971826,-0.5997637718907303,80.56734148250942,0.8900021497198143
2026-09-12 19:00:42+00:00,55501,STARLINK-5367,80.58704862360905,-0.5476264218824181,80.58125859098601,0.7957858120293189
2026-09-12 19:01:42+00:00,55501,STARLINK-5367,80.59347895014503,-0.49452740692319175,80.58893831371611,0.6980783618824713
2026-09-12 19:02:42+00:00,55501,STARLINK-5367,80.59373721990461,-0.44074983595004813,80.59031845966234,0.5973183601390737
2026-09-12 19:03:42+00:00,55501,STARLINK-5367,80.5877987835343,-0.3865782557604547,80.58535770490442,0.49395708334421684
2026-09-12 19:04:42+00:00,55501,STARLINK-5367,80.57565882026245,-0.3322956125935561,80.57403723253641,0.38845591129890034
2026-09-12 19:05:42+00:00,55501,STARLINK-5367,80.55733209133179,-0.27818053468907,80.55636069483585,0.28128431655402975
2026-09-12 19:06:42+00:00,55501,STARLINK-5367,80.53283839730238,-0.22450487270370445,80.5323398264207,0.17291607804248077
2026-09-12 19:07:42+00:00,55501,STARLINK-5367,80.50226327417998,-0.17153260453596175,80.50205521747633,0.06383254153247186
2026-09-12 19:08:42+00:00,55501,STARLINK-5367,80.46567021543234,-0.1195174950060931,80.46556859816776,-0.04548582921397326
2026-09-12 19:09:42+00:00,55501,STARLINK-5367,80.4231593005433,-0.06870295873521393,80.42298143945509,-0.15455799264788617
2026-09-12 19:10:42+00:00,55501,STARLINK-5367,80.374854395096,-0.01932151916719249,80.37442209409866,-0.2629044530659215
2026-09-12 19:11:42+00:00,55501,STARLINK-5367,80.32090205798411,0.028405238198196514,80.32004459691281,-0.3700493219221599
2026-09-12 19:12:42+00:00,55501,STARLINK-5367,80.26147310620685,0.07426642216853985,80.2600300826596,-0.4755216162073701
2026-09-12 19:13:42+00:00,55501,STARLINK-5367,80.19676103005123,0.11806148443760378,80.1945850146013,-0.5788570919673326
2026-09-12 19:14:42+00:00,55501,STARLINK-5367,80.12698168918327,0.15959982382189253,80.12394065180399,-0.6796005747041534
2026-09-12 19:15:42+00:00,55501,STARLINK-5367,80.05237351090719,0.19870047091080778,80.04835299220976,-0.7773069453174202
2026-09-12 19:16:42+00:00,55501,STARLINK-5367,79.97319566115924,0.23519198043607403,79.9681006456456,-0.8715435263320579
2026-09-12 19:17:42+00:00,55501,STARLINK-5367,79.8897116599282,0.2689127564947533,79.88346798935046,-0.9619028174832103
2026-09-12 19:18:42+00:00,55501,STARLINK-5367,79.80224767528541,0.2997108242664801,79.7948035945355,-1.047963147691032
2026-09-12 19:19:42+00:00,55501,STARLINK-5367,79.71110206308842,0.32744566960455757,79.70242867157705,-1.1293517156878536
