norad_id,label,sev,l1_pred,l2_pred,l3_pred,l3_score
62425,0,0,0,0,0,0.0809
62425,0,0,0,1,0,0.1959
62425,0,0,0,0,0,0.3481
62425,0,0,0,0,0,0.457
62425,0,0,0,0,0,0.4849
62425,0,0,0,0,0,0.1598
62425,0,0,0,0,0,0.3389
62425,0,0,0,0,0,0.5127
62425,0,0,0,0,0,0.4269
62425,0,0,0,0,0,0.4463
62425,0,0,0,0,0,0.3512
62425,0,0,0,0,0,0.4397
62425,0,0,0,1,0,0.4754
62425,0,0,0,0,0,0.3736
62425,0,0,0,0,0,0.5698
62425,0,0,0,0,0,0.4134
62425,0,0,0,0,0,0.5224
62425,0,0,0,0,0,0.3987
62425,0,0,0,0,0,0.4672
62425,0,0,0,0,0,0.5716
62425,0,0,0,0,0,0.2646
62425,0,0,0,0,0,0.4265
62425,0,0,0,0,0,0.4593
62425,0,0,0,0,0,0.1247
62425,0,0,0,0,0,0.4171
62425,0,0,0,0,0,0.4366
62425,0,0,0,0,0,0.3607
62425,0,0,0,0,0,0.2937
62425,0,0,0,0,0,0.248
62425,0,0,0,0,0,0.3972
62425,0,0,0,0,0,0.2051
62425,0,0,0,0,0,0.3145
62425,0,0,0,0,0,0.3829
62425,0,0,0,0,0,0.5233
62425,0,0,0,0,0,0.4818
62425,0,0,0,1,0,0.1874
62425,0,0,0,0,0,0.5169
62425,0,0,0,0,0,0.4525
62425,0,0,0,0,1,0.7385
62425,0,0,0,0,0,0.4375
62425,0,0,0,0,0,0.4111
62425,0,0,0,0,0,0.3146
62425,0,0,0,0,0,0.2914
62425,0,0,0,0,0,0.3374
62425,0,0,0,0,0,0.4053
62425,0,0,0,0,0,0.2384
62425,0,0,0,0,0,0.5526
62425,0,0,0,0,0,0.4815
62425,0,0,0,0,0,0.4059
62425,0,0,0,0,0,0.6536
62425,0,0,0,0,0,0.4953
62425,0,0,0,0,0,0.3578
62425,0,0,0,0,0,0.3856
62425,0,0,0,0,0,0.2492
62425,0,0,0,1,0,0.6173
62425,0,0,0,0,0,0.4262
62425,0,0,0,0,0,0.4478
62425,0,0,0,0,0,0.4883
62425,0,0,0,0,0,0.198
62425,0,0,0,0,0,0.3555
62425,0,0,0,0,0,0.2816
62425,0,0,0,0,0,0.3614
62425,0,0,0,1,0,0.6161
62425,0,0,0,0,0,0.2384
62425,0,0,0,0,0,0.4123
62425,0,0,0,0,0,0.4659
62425,0,0,0,0,0,0.1815
62425,0,0,0,0,1,0.6847
62425,0,0,0,0,0,0.2698
62425,0,0,0,0,0,0.3839
62425,0,0,0,0,0,0.3322
60938,1,3,0,0,1,0.9482
60938,1,3,1,1,1,0.9141
60938,0,0,0,0,0,0.0102
60938,0,0,0,0,0,0.2577
60938,0,0,0,0,0,0.5753
60938,0,0,0,0,0,0.3622
60938,0,0,0,0,0,0.226
60938,0,0,1,0,0,0.1608
60938,0,0,1,0,0,0.3209
60938,0,0,0,0,0,0.4043
60938,0,0,0,0,0,0.0781
60938,0,0,0,0,0,0.4296
60938,0,0,0,0,0,0.3822
60938,0,0,0,0,0,0.6417
60938,0,0,0,0,0,0.5587
60938,0,0,0,0,0,0.0904
60938,0,0,1,0,1,0.887
60938,0,0,1,0,0,0.0265
56475,1,3,0,0,1,0.9597
56475,1,3,0,0,1,0.9477
56475,1,3,0,0,0,0.6198
56475,1,2,0,0,1,0.6793
56475,1,2,0,0,1,0.7405
56475,1,3,0,0,1,0.7715
56475,1,3,0,0,0,0.4215
56475,1,2,0,0,1,0.8988
56475,1,1,0,0,0,0.2171
56475,1,1,0,0,0,0.1664
56475,1,3,1,0,1,0.9176
56475,1,3,1,0,0,0.1682
56475,0,0,0,0,0,0.0128
56475,0,0,0,1,0,0.4141
56475,0,0,0,0,0,0.4678
56475,0,0,0,0,0,0.0438
56475,0,0,0,0,0,0.1592
56475,0,0,0,0,0,0.0234
56475,0,0,0,0,1,0.7764
56475,0,0,0,0,0,0.1108
56475,0,0,0,0,0,0.1177
56475,0,0,0,0,1,0.7126
56475,0,0,0,0,0,0.1569
56475,0,0,0,0,0,0.2649
56475,0,0,0,0,0,0.2521
56475,0,0,0,0,0,0.2709
56475,0,0,0,0,0,0.243
56475,0,0,0,0,0,0.0194
56475,0,0,0,0,0,0.1042
56475,0,0,0,0,0,0.1243
56475,0,0,0,0,0,0.226
56475,0,0,0,0,0,0.1602
56475,0,0,0,0,0,0.6287
56475,0,0,0,0,0,0.389
56475,0,0,0,0,0,0.1722
56475,0,0,0,0,0,0.4649
56475,0,0,0,0,0,0.3274
56475,0,0,0,0,0,0.3678
56475,0,0,0,0,0,0.3737
56475,0,0,0,0,0,0.0988
56475,0,0,0,0,0,0.1348
56475,0,0,0,0,0,0.1179
56475,0,0,1,0,0,0.1824
56475,0,0,1,0,0,0.1545
56475,0,0,1,0,0,0.1575
56475,0,0,1,0,0,0.1196
56475,0,0,1,0,0,0.003
56475,0,0,1,0,0,0.0147
56472,1,3,0,1,1,0.9507
56472,1,3,0,1,1,0.9256
56472,1,3,0,0,1,0.7305
56472,1,3,0,0,0,0.5437
56472,1,3,0,0,1,0.9262
56472,1,3,0,0,0,0.312
56472,1,2,0,0,0,0.2203
56472,1,3,1,0,1,0.9132
56472,1,1,1,0,0,0.1463
56472,0,0,0,1,0,0.038
56472,0,0,0,0,0,0.5866
56472,0,0,0,1,0,0.4159
56472,0,0,0,0,0,0.1409
56472,0,0,0,0,0,0.2066
56472,0,0,0,0,0,0.0762
56472,0,0,0,0,0,0.2095
56472,0,0,0,0,0,0.4178
56472,0,0,0,0,0,0.2621
56472,0,0,0,0,0,0.2622
56472,0,0,0,0,0,0.3698
56472,0,0,0,0,0,0.182
56472,0,0,0,0,0,0.3521
56472,0,0,0,0,0,0.1747
56472,0,0,0,0,0,0.0533
56472,0,0,0,0,0,0.0216
56472,0,0,0,0,0,0.1954
56472,0,0,0,0,0,0.0493
56472,0,0,0,0,0,0.1016
56472,0,0,0,0,0,0.3262
56472,0,0,0,0,0,0.1409
56472,0,0,0,0,0,0.3717
56472,0,0,0,0,0,0.1237
56472,0,0,0,0,0,0.0897
56472,0,0,0,0,0,0.1392
56472,0,0,0,0,0,0.0881
56472,0,0,1,0,0,0.1343
56472,0,0,1,0,0,0.2101
56472,0,0,1,0,0,0.2117
56472,0,0,1,0,0,0.1325
56472,0,0,1,0,0,0.0088
56472,0,0,1,0,0,0.0073
55501,1,2,0,1,1,0.974
55501,1,2,0,1,1,0.9613
55501,1,2,0,0,0,0.4667
55501,1,1,0,0,0,0.448
55501,1,2,0,0,0,0.2876
55501,1,2,0,0,1,0.9887
55501,1,2,0,0,0,0.5398
55501,1,2,0,0,0,0.5566
55501,1,2,0,0,0,0.2686
55501,1,2,0,0,0,0.4813
55501,1,1,0,0,0,0.1694
55501,0,0,0,0,0,0.0177
55501,0,0,0,0,0,0.5457
55501,0,0,0,0,0,0.3479
55501,0,0,0,0,0,0.2057
55501,0,0,0,0,0,0.1586
55501,0,0,0,0,0,0.1315
55501,0,0,0,0,0,0.2846
55501,0,0,0,0,0,0.1722
55501,0,0,0,0,0,0.0287
55501,0,0,0,0,1,0.6977
55501,0,0,0,0,0,0.3334
55501,0,0,0,0,0,0.4429
55501,0,0,0,0,0,0.3604
55501,0,0,0,0,0,0.0327
55501,0,0,0,0,0,0.132
55501,0,0,0,0,0,0.2501
55501,0,0,0,0,0,0.0947
55501,0,0,0,0,1,0.8146
55501,0,0,0,0,0,0.1897
55501,0,0,0,0,0,0.4671
55501,0,0,0,0,0,0.251
55501,0,0,0,1,0,0.5217
55501,0,0,0,0,0,0.0661
55501,0,0,0,0,0,0.2545
55501,0,0,0,0,0,0.1867
55501,0,0,0,0,0,0.1943
55501,0,0,0,1,0,0.4533
55501,0,0,0,0,0,0.3632
55501,0,0,0,0,0,0.3217
56490,1,3,0,1,1,0.9957
56490,1,3,0,1,1,0.9163
56490,1,3,0,0,1,0.7987
56490,1,3,0,1,1,0.8717
56490,1,3,0,0,0,0.2675
56490,1,3,0,0,0,0.4039
56490,1,3,0,0,1,0.7103
56490,1,1,0,0,0,0.0247
56490,1,3,0,0,1,0.8726
56490,1,3,0,0,0,0.0758
56490,0,0,0,1,0,0.0218
56490,0,0,0,0,0,0.4693
56490,0,0,0,0,0,0.5804
56490,0,0,0,0,0,0.1162
56490,0,0,0,0,0,0.6129
56490,0,0,0,0,0,0.2332
56490,0,0,0,0,0,0.4923
56490,0,0,0,1,0,0.0977
56490,0,0,0,0,1,0.777
56490,0,0,0,1,0,0.3529
56490,0,0,0,0,0,0.2453
56490,0,0,0,0,1,0.6806
56490,0,0,0,0,0,0.393
56490,0,0,0,0,0,0.1073
56490,0,0,0,0,0,0.289
56490,0,0,0,0,0,0.3321
56490,0,0,0,0,0,0.113
56490,0,0,0,0,0,0.1326
56490,0,0,0,0,0,0.2286
56490,0,0,0,0,0,0.0711
56490,0,0,0,0,0,0.12
56490,0,0,0,0,0,0.412
56490,0,0,0,0,0,0.0387
56490,0,0,0,1,0,0.0852
56490,0,0,0,0,0,0.6533
56490,0,0,0,0,0,0.1026
56490,0,0,0,0,0,0.239
56490,0,0,0,1,1,0.8192
56490,0,0,0,0,0,0.467
56490,0,0,0,1,1,0.7879
56490,0,0,0,0,0,0.2806
56490,0,0,0,0,0,0.3258
56492,1,3,1,1,1,0.9937
56492,1,3,0,1,1,0.7972
56492,1,3,0,0,1,0.9458
56492,1,3,0,0,0,0.4414
56492,1,3,0,1,1,0.937
56492,1,3,0,0,0,0.2105
56492,1,3,0,0,0,0.2273
56492,1,2,0,0,0,0.3176
56492,1,3,0,0,1,0.9413
56492,1,1,0,1,0,0.1011
56492,0,0,0,0,0,0.0017
56492,0,0,0,1,0,0.0975
56492,0,0,0,0,0,0.2254
56492,0,0,1,0,0,0.1303
56492,0,0,0,0,0,0.2394
56492,0,0,0,0,0,0.2953
56492,0,0,0,0,0,0.2111
56492,0,0,0,0,1,0.7494
56492,0,0,0,0,0,0.2152
56492,0,0,0,0,0,0.1273
56492,0,0,0,0,0,0.3428
56492,0,0,0,1,0,0.3188
56492,0,0,0,1,0,0.28
56492,0,0,0,0,0,0.0326
56492,0,0,0,0,1,0.6827
56492,0,0,0,0,0,0.0417
56492,0,0,0,0,0,0.3488
56492,0,0,0,0,0,0.3581
56492,0,0,0,0,0,0.0676
56492,0,0,0,0,0,0.0165
56492,0,0,0,0,0,0.2871
56492,0,0,0,0,0,0.3493
56492,0,0,0,0,0,0.4063
56492,0,0,0,0,0,0.3188
56492,0,0,0,0,0,0.246
56492,0,0,0,0,0,0.1739
56492,0,0,0,0,0,0.2629
56492,0,0,0,0,0,0.2204
56492,0,0,0,0,0,0.4262
56492,0,0,0,0,0,0.5205
56492,0,0,0,0,0,0.4532
56492,0,0,0,0,0,0.0893
56496,1,3,0,1,1,0.9925
56496,1,3,0,1,1,0.8904
56496,1,3,0,0,1,0.9688
56496,1,3,0,1,1,0.98
56496,1,3,0,1,0,0.5839
56496,1,3,0,0,0,0.2659
56496,1,3,0,0,1,0.9234
56496,1,1,0,0,0,0.0353
56496,1,2,0,0,0,0.5567
56496,0,0,0,0,0,0.0211
56496,0,0,0,0,0,0.6191
56496,0,0,0,1,0,0.0825
56496,0,0,0,0,0,0.0739
56496,0,0,0,0,0,0.2581
56496,0,0,0,0,0,0.3671
56496,0,0,0,0,0,0.3313
56496,0,0,0,0,0,0.3935
56496,0,0,0,0,0,0.1764
56496,0,0,0,0,1,0.6604
56496,0,0,0,0,0,0.2381
56496,0,0,0,1,0,0.5325
56496,0,0,0,0,0,0.5734
56496,0,0,0,0,0,0.2978
56496,0,0,0,0,0,0.1971
56496,0,0,0,1,0,0.0138
56496,0,0,0,0,0,0.0892
56496,0,0,0,0,0,0.4111
56496,0,0,0,0,0,0.2928
56496,0,0,0,0,0,0.3467
56496,0,0,0,1,0,0.2333
56496,0,0,0,0,0,0.0526
56496,0,0,0,0,0,0.0948
56496,0,0,0,0,0,0.2199
56496,0,0,0,0,0,0.074
56496,0,0,0,0,0,0.1075
56496,0,0,0,1,0,0.2184
56496,0,0,0,0,1,0.7524
56496,0,0,0,0,1,0.6902
56496,0,0,0,0,0,0.3542
56496,0,0,0,0,0,0.4439
56495,1,3,0,0,1,0.9869
56495,1,3,0,0,1,0.9859
56495,1,3,0,0,1,0.8198
56495,1,3,0,0,1,0.665
56495,1,3,0,0,1,0.9466
56495,1,3,0,1,0,0.3898
56495,1,3,0,0,0,0.3377
56495,1,3,0,0,1,0.8216
56495,1,2,0,0,0,0.5211
56495,0,0,0,0,0,0.0166
56495,0,0,0,0,0,0.3698
56495,0,0,0,0,0,0.3085
56495,0,0,0,0,0,0.2511
56495,0,0,0,0,0,0.2449
56495,0,0,0,0,0,0.4089
56495,0,0,0,0,0,0.2126
56495,0,0,0,0,1,0.7308
56495,0,0,0,0,0,0.4702
56495,0,0,0,0,0,0.5335
56495,0,0,0,0,0,0.0536
56495,0,0,0,0,0,0.3628
56495,0,0,0,0,0,0.297
56495,0,0,0,0,0,0.1707
56495,0,0,0,0,0,0.1761
56495,0,0,0,1,0,0.0676
56495,0,0,0,0,0,0.1105
56495,0,0,0,0,0,0.1084
56495,0,0,0,0,0,0.2215
56495,0,0,0,0,0,0.2813
56495,0,0,0,1,1,0.776
56495,0,0,0,0,0,0.391
56495,0,0,0,0,0,0.0316
56495,0,0,0,0,0,0.3627
56495,0,0,0,0,0,0.4002
56495,0,0,0,0,0,0.2555
56495,0,0,0,0,0,0.3309
56495,0,0,0,1,0,0.2731
56495,0,0,0,0,0,0.0675
56495,0,0,0,0,0,0.2233
56495,0,0,0,0,0,0.1067
56493,1,3,0,0,0,0.3277
56493,1,3,0,1,1,0.794
56493,1,3,0,1,1,0.9521
56493,1,3,0,0,1,0.6592
56493,1,3,0,0,0,0.3888
56493,1,3,0,1,0,0.5743
56493,1,2,0,0,0,0.34
56493,1,3,0,0,0,0.1563
56493,1,1,0,0,0,0.1921
56493,1,3,0,0,0,0.3712
56493,1,3,1,0,0,0.222
56493,0,0,0,0,0,0.0082
56493,0,0,0,0,0,0.3909
56493,0,0,0,0,0,0.4975
56493,0,0,0,0,0,0.4247
56493,0,0,0,0,0,0.3511
56493,0,0,0,0,0,0.087
56493,0,0,0,0,0,0.1483
56493,0,0,0,0,0,0.2745
56493,0,0,0,0,0,0.184
56493,0,0,0,0,0,0.1027
56493,0,0,0,0,0,0.1605
56493,0,0,0,0,0,0.2735
56493,0,0,0,0,0,0.0108
56493,0,0,0,1,0,0.3262
56493,0,0,0,0,0,0.1762
56493,0,0,0,0,0,0.1914
56493,0,0,0,0,0,0.1859
56493,0,0,0,0,0,0.239
56493,0,0,0,0,0,0.3854
56493,0,0,0,0,0,0.3233
56493,0,0,0,0,0,0.1219
56493,0,0,0,0,0,0.1025
56493,0,0,0,0,0,0.4181
56493,0,0,0,0,0,0.0814
56493,0,0,0,0,0,0.0626
56493,0,0,0,0,0,0.1041
56493,0,0,0,0,0,0.131
56493,0,0,0,0,0,0.1339
56493,0,0,0,0,0,0.0888
56493,0,0,0,0,0,0.0146
56493,0,0,1,0,0,0.166
56493,0,0,1,0,0,0.2978
56493,0,0,1,0,0,0.1444
56493,0,0,1,0,0,0.0102
56493,0,0,1,0,0,0.0073
56498,1,3,0,0,1,0.9958
56498,1,3,0,0,0,0.4836
56498,1,3,0,1,1,0.9782
56498,1,3,0,1,0,0.4718
56498,1,3,0,1,0,0.492
56498,1,3,0,0,0,0.5566
56498,1,3,0,0,0,0.6097
56498,1,3,0,0,0,0.6432
56498,1,3,0,0,0,0.1583
56498,1,1,0,0,0,0.3701
56498,1,1,0,0,0,0.1642
56498,1,3,0,1,1,0.8854
56498,1,3,0,0,0,0.1299
56498,0,0,0,0,0,0.016
56498,0,0,0,0,0,0.3781
56498,0,0,0,1,1,0.6843
56498,0,0,0,0,0,0.1217
56498,0,0,0,0,0,0.2007
56498,0,0,0,0,0,0.1077
56498,0,0,0,0,0,0.2908
56498,0,0,0,0,0,0.3855
56498,0,0,0,0,0,0.3893
56498,0,0,0,0,0,0.3586
56498,0,0,0,1,0,0.1878
56498,0,0,0,0,0,0.1738
56498,0,0,0,0,0,0.2277
56498,0,0,0,0,0,0.1151
56498,0,0,0,0,0,0.5039
56498,0,0,0,0,0,0.3019
56498,0,0,0,0,0,0.2195
56498,0,0,0,0,0,0.0496
56498,0,0,0,0,0,0.0218
56498,0,0,0,0,0,0.0722
56498,0,0,0,0,0,0.0187
56498,0,0,0,0,0,0.3048
56498,0,0,0,0,0,0.1259
56498,0,0,0,0,0,0.1087
56498,0,0,0,0,0,0.1345
56498,0,0,0,0,0,0.1947
56498,0,0,0,0,0,0.1767
56498,0,0,0,0,0,0.0645
56498,0,0,0,0,0,0.0677
56498,0,0,0,0,0,0.3738
56498,0,0,0,0,0,0.0174
56498,0,0,0,0,0,0.3424
56498,0,0,0,0,0,0.2043
56498,0,0,0,0,0,0.1949
56498,0,0,0,0,0,0.1664
57294,1,2,0,0,1,0.9364
57294,1,2,0,0,1,0.9171
57294,1,2,0,0,0,0.3385
57294,1,2,0,0,0,0.458
57294,1,2,0,0,0,0.2591
57294,1,3,1,1,1,0.8875
57294,1,2,0,1,0,0.3169
57294,1,2,0,0,0,0.6006
57294,1,2,1,1,1,0.9295
57294,1,2,1,0,1,0.6696
57294,0,0,0,0,0,0.0164
57294,0,0,1,0,1,0.6983
57294,0,0,0,0,0,0.438
57294,0,0,0,0,0,0.044
57294,0,0,0,0,0,0.0171
57294,0,0,0,0,0,0.012
57294,0,0,0,0,0,0.0166
57294,0,0,0,0,0,0.3242
57294,0,0,0,0,0,0.0264
57294,0,0,0,0,0,0.2816
57294,0,0,0,0,0,0.0842
57294,0,0,0,0,0,0.1142
57294,0,0,0,0,0,0.1071
57294,0,0,0,0,0,0.0279
57294,0,0,0,0,0,0.071
57294,0,0,0,0,0,0.0328
57294,0,0,1,0,0,0.1893
57294,0,0,0,1,0,0.593
57294,0,0,0,0,1,0.6716
57294,0,0,0,1,0,0.5899
57294,0,0,0,1,0,0.5729
57294,0,0,0,0,0,0.2371
57294,0,0,0,1,0,0.3586
57294,0,0,0,0,0,0.1687
57294,0,0,0,1,0,0.5044
57294,0,0,0,1,0,0.3433
57294,0,0,0,0,0,0.2789
57294,0,0,0,1,0,0.6492
57294,0,0,0,0,0,0.4621
57294,0,0,1,0,0,0.1891
57302,1,2,0,0,1,0.9938
57302,1,2,0,0,0,0.4531
57302,1,2,0,0,0,0.2557
57302,1,2,0,0,0,0.5311
57302,1,1,0,0,0,0.1322
57302,1,3,1,0,0,0.6006
57302,1,2,1,0,1,0.7181
57302,1,3,0,0,0,0.3116
57302,1,3,0,1,1,0.7405
57302,1,3,0,0,0,0.5914
57302,0,0,0,0,0,0.0057
57302,0,0,0,1,0,0.6449
57302,0,0,0,0,0,0.0845
57302,0,0,0,0,0,0.1101
57302,0,0,0,0,0,0.0495
57302,0,0,0,0,0,0.0277
57302,0,0,0,0,0,0.0061
57302,0,0,0,0,0,0.0328
57302,0,0,0,0,0,0.0611
57302,0,0,0,0,0,0.5215
57302,0,0,0,0,0,0.1173
57302,0,0,0,0,0,0.0198
57302,0,0,0,0,0,0.2693
57302,0,0,0,0,0,0.0509
57302,0,0,0,0,0,0.0823
57302,0,0,0,0,0,0.1817
57302,0,0,0,0,0,0.3578
57302,0,0,0,0,0,0.4054
57302,0,0,1,1,1,0.7563
57302,0,0,0,0,0,0.4942
57302,0,0,0,0,0,0.5474
57302,0,0,0,0,0,0.5147
57302,0,0,0,0,0,0.2084
57302,0,0,0,0,0,0.4423
57302,0,0,0,0,0,0.3851
57302,0,0,0,0,0,0.2585
57302,0,0,0,0,1,0.7681
57302,0,0,0,0,0,0.2903
57302,0,0,0,0,0,0.1675
57301,1,2,0,1,1,0.9902
57301,1,2,0,1,1,0.9917
57301,1,2,0,1,1,0.8506
57301,1,2,0,1,1,0.9517
57301,1,2,0,0,1,0.7467
57301,1,2,0,0,0,0.3197
57301,1,2,0,0,0,0.2826
57301,1,1,0,0,0,0.5476
57301,1,2,0,0,0,0.3559
57301,1,2,0,0,0,0.3751
57301,1,2,0,0,0,0.4581
57301,1,1,0,0,0,0.4708
57301,0,0,1,0,0,0.0183
57301,0,0,0,0,0,0.3155
57301,0,0,0,0,0,0.3036
57301,0,0,0,0,0,0.0029
57301,0,0,0,0,0,0.0186
57301,0,0,1,0,0,0.0336
57301,0,0,0,0,0,0.4655
57301,0,0,0,0,0,0.3116
57301,0,0,0,0,0,0.4232
57301,0,0,0,0,0,0.5415
57301,0,0,0,0,0,0.1162
57301,0,0,0,0,0,0.3877
57301,0,0,0,0,0,0.2012
57301,0,0,0,0,0,0.3648
57301,0,0,0,0,0,0.0178
57301,0,0,0,0,0,0.4418
57301,0,0,0,0,0,0.2433
57301,0,0,0,0,0,0.1305
57301,0,0,0,0,0,0.3484
57301,0,0,0,0,0,0.4136
57301,0,0,0,0,0,0.3276
57301,0,0,0,0,0,0.5235
57301,0,0,0,0,0,0.1651
57301,0,0,0,0,0,0.3717
57301,0,0,0,0,0,0.3469
57301,0,0,0,0,0,0.3419
57301,0,0,0,0,0,0.0591
57301,0,0,0,0,0,0.277
57301,0,0,0,0,0,0.106
57301,0,0,0,0,0,0.3996
57301,0,0,0,0,1,0.6847
57301,0,0,0,0,0,0.169
57300,1,2,0,0,1,0.9591
57300,1,2,0,0,1,0.7819
57300,1,2,0,0,0,0.1282
57300,1,3,1,0,1,0.6759
57300,1,2,0,1,0,0.5666
57300,1,3,1,0,0,0.3747
57300,1,3,0,0,0,0.1717
57300,1,2,0,1,0,0.618
57300,1,3,0,0,0,0.52
57300,0,0,0,0,0,0.005
57300,0,0,0,0,0,0.1286
57300,0,0,0,0,0,0.1602
57300,0,0,0,0,0,0.2813
57300,0,0,0,0,0,0.2434
57300,0,0,0,0,0,0.0125
57300,0,0,0,0,0,0.0248
57300,0,0,0,0,0,0.0858
57300,0,0,0,0,0,0.0582
57300,0,0,0,0,0,0.2276
57300,0,0,0,0,0,0.0803
57300,0,0,0,0,0,0.1024
57300,0,0,0,0,0,0.142
57300,0,0,0,0,0,0.2853
57300,0,0,0,0,0,0.0526
57300,0,0,0,0,0,0.2181
57300,0,0,0,0,0,0.416
57300,0,0,0,1,0,0.5761
57300,0,0,0,0,0,0.4148
57300,0,0,0,0,1,0.6643
57300,0,0,0,0,0,0.3687
57300,0,0,0,0,0,0.2408
57300,0,0,0,1,0,0.5936
57300,0,0,0,0,0,0.3928
57300,0,0,0,0,0,0.3512
57300,0,0,0,0,0,0.1544
57300,0,0,0,1,0,0.3739
57300,0,0,1,0,0,0.0532
57676,1,3,0,1,1,0.9886
57676,1,3,1,0,1,0.9751
57676,1,3,0,0,1,0.9007
57676,1,3,0,1,0,0.3148
57676,1,3,0,0,1,0.7314
57676,1,3,0,1,0,0.6313
57676,1,1,0,0,0,0.3125
57676,1,3,0,0,0,0.5502
57676,1,3,0,0,1,0.6789
57676,1,2,0,0,0,0.3079
57676,1,1,0,1,0,0.4393
57676,1,1,0,0,0,0.098
57676,0,0,0,0,0,0.0085
57676,0,0,0,0,0,0.5501
57676,0,0,0,0,0,0.3727
57676,0,0,0,0,0,0.261
57676,0,0,0,0,0,0.1415
57676,0,0,0,0,0,0.0725
57676,0,0,0,0,0,0.0648
57676,0,0,0,0,0,0.2577
57676,0,0,0,0,0,0.407
57676,0,0,0,0,0,0.5021
57676,0,0,0,0,0,0.0264
57676,0,0,0,0,0,0.3741
57676,0,0,0,0,0,0.3151
57676,0,0,0,0,0,0.5984
57676,0,0,0,0,0,0.3059
57676,0,0,0,0,0,0.0639
57676,0,0,0,0,0,0.0427
57676,0,0,0,0,0,0.1548
57676,0,0,1,0,0,0.2216
57676,0,0,0,0,0,0.55
57676,0,0,0,1,0,0.5197
57676,0,0,0,0,0,0.4665
57676,0,0,0,0,0,0.3419
57676,0,0,0,0,0,0.2441
57676,0,0,0,0,0,0.3608
57676,0,0,0,0,0,0.2046
57676,0,0,0,0,0,0.4191
57676,0,0,0,1,1,0.6737
57676,0,0,0,0,0,0.2882
57676,0,0,0,0,0,0.23
57676,0,0,0,0,0,0.0691
57677,1,3,1,1,1,0.9763
57677,1,3,0,0,1,0.8809
57677,1,3,0,1,1,0.9275
57677,1,2,1,1,1,0.7648
57677,1,3,0,0,1,0.9515
57677,1,1,0,0,0,0.5201
57677,1,2,0,0,0,0.3401
57677,1,2,0,0,0,0.4628
57677,1,3,0,0,0,0.5302
57677,1,2,0,0,0,0.548
57677,1,2,0,0,0,0.3627
57677,0,0,0,0,0,0.0214
57677,0,0,0,0,0,0.5588
57677,0,0,0,0,0,0.4629
57677,0,0,0,0,0,0.6149
57677,0,0,0,0,0,0.373
57677,0,0,0,0,0,0.0956
57677,0,0,0,0,0,0.2443
57677,0,0,0,0,0,0.376
57677,0,0,0,0,0,0.5205
57677,0,0,0,0,0,0.4894
57677,0,0,0,0,0,0.3539
57677,0,0,0,0,0,0.1136
57677,0,0,0,0,0,0.5108
57677,0,0,1,0,0,0.1779
57677,0,0,1,0,1,0.938
57677,0,0,0,0,0,0.2926
57677,0,0,0,0,0,0.4503
57677,0,0,0,0,0,0.3961
57677,0,0,0,0,0,0.5531
57677,0,0,0,0,0,0.1082
57677,0,0,0,0,0,0.4367
57677,0,0,0,0,0,0.5573
57677,0,0,0,0,0,0.0854
57677,0,0,0,0,0,0.4638
57677,0,0,0,0,0,0.3596
57677,0,0,0,0,0,0.6149
57677,0,0,0,0,0,0.5328
57677,0,0,0,0,0,0.5924
57677,0,0,0,0,0,0.0926
57678,1,3,1,1,1,0.997
57678,1,3,0,0,1,0.9389
57678,1,3,0,0,0,0.6415
57678,1,3,0,0,0,0.3921
57678,1,3,0,0,0,0.3445
57678,1,3,0,0,0,0.483
57678,1,1,0,0,0,0.3481
57678,1,3,0,0,1,0.8296
57678,1,2,0,0,0,0.5935
57678,1,2,0,0,0,0.4922
57678,1,2,0,1,1,0.674
57678,1,3,0,0,0,0.2534
57678,1,1,0,0,0,0.368
57678,0,0,0,0,0,0.0231
57678,0,0,0,0,0,0.4353
57678,0,0,0,0,0,0.4024
57678,0,0,0,0,0,0.0315
57678,0,0,0,0,0,0.4262
57678,0,0,0,0,0,0.0137
57678,0,0,0,0,0,0.1015
57678,0,0,0,0,0,0.339
57678,0,0,0,0,0,0.4476
57678,0,0,0,0,0,0.51
57678,0,0,0,0,0,0.4551
57678,0,0,0,0,0,0.3551
57678,0,0,0,0,0,0.1561
57678,0,0,0,0,0,0.3534
57678,0,0,0,0,0,0.2284
57678,0,0,0,0,0,0.1088
57678,0,0,0,0,0,0.0624
57678,0,0,0,0,0,0.3892
57678,0,0,0,0,1,0.6607
57678,0,0,0,0,0,0.4715
57678,0,0,0,0,0,0.3607
57678,0,0,0,0,0,0.5036
57678,0,0,0,0,0,0.3283
57678,0,0,0,0,0,0.3965
57678,0,0,0,0,0,0.1982
57678,0,0,0,0,0,0.1344
57678,0,0,0,0,0,0.4826
57678,0,0,0,0,1,0.6651
57678,0,0,0,0,0,0.3062
57678,0,0,0,0,0,0.3262
57678,0,0,0,0,0,0.2882
57679,1,3,1,1,1,0.9913
57679,1,3,1,0,1,0.9855
57679,1,3,0,0,1,0.8267
57679,1,3,0,1,0,0.5098
57679,1,2,0,0,1,0.9155
57679,1,2,0,0,0,0.4338
57679,1,3,0,0,0,0.4601
57679,1,3,0,0,0,0.4202
57679,1,2,0,0,0,0.6306
57679,0,0,0,0,0,0.0038
57679,0,0,0,0,0,0.5519
57679,0,0,0,0,0,0.527
57679,0,0,0,0,0,0.298
57679,0,0,0,0,0,0.2768
57679,0,0,0,0,0,0.0174
57679,0,0,0,1,0,0.4259
57679,0,0,0,0,0,0.1574
57679,0,0,1,0,0,0.1787
57679,0,0,0,0,0,0.3251
57679,0,0,0,0,0,0.1286
57679,0,0,0,0,0,0.4162
57679,0,0,0,0,0,0.5167
57679,0,0,0,0,0,0.4198
57679,0,0,0,0,0,0.5951
57679,0,0,0,0,0,0.0595
57679,0,0,0,0,0,0.1644
57679,0,0,0,0,0,0.4223
57679,0,0,0,0,0,0.4871
57679,0,0,0,1,0,0.5659
57679,0,0,0,0,0,0.4648
57679,0,0,0,0,0,0.4242
57679,0,0,0,0,0,0.3407
57679,0,0,0,0,0,0.3608
57679,0,0,0,0,0,0.3692
57679,0,0,0,0,0,0.2564
57679,0,0,0,0,0,0.5791
57679,0,0,0,0,1,0.6636
57679,0,0,0,0,0,0.5236
57679,0,0,0,0,0,0.3195
57681,1,3,1,0,1,0.9926
57681,1,3,0,0,1,0.6996
57681,1,3,0,1,1,0.8881
57681,1,3,0,1,1,0.9563
57681,1,2,0,0,0,0.3033
57681,1,2,1,0,0,0.1413
57681,1,3,0,0,1,0.8667
57681,1,1,0,0,0,0.1633
57681,0,0,0,0,0,0.0042
57681,0,0,0,0,0,0.0917
57681,0,0,0,0,0,0.2293
57681,0,0,0,0,0,0.4563
57681,0,0,0,0,0,0.0181
57681,0,0,0,0,0,0.2741
57681,0,0,0,0,0,0.1063
57681,0,0,0,0,0,0.107
57681,0,0,0,0,0,0.2076
57681,0,0,0,0,0,0.1167
57681,0,0,0,0,0,0.2292
57681,0,0,0,0,1,0.7811
57681,0,0,0,0,0,0.6128
57681,0,0,0,0,0,0.0691
57681,0,0,0,0,0,0.4823
57681,0,0,0,0,0,0.1102
57681,0,0,1,0,0,0.0817
57681,0,0,0,1,0,0.6149
57681,0,0,0,0,0,0.3561
57681,0,0,0,0,0,0.4494
57681,0,0,0,0,0,0.1596
57681,0,0,0,0,0,0.4458
57681,0,0,0,0,0,0.4948
57681,0,0,0,1,0,0.4814
57681,0,0,0,0,0,0.092
57681,0,0,0,0,0,0.3123
57681,0,0,0,0,1,0.7471
57681,0,0,0,0,0,0.2933
57681,0,0,0,0,0,0.6008
57681,0,0,0,0,0,0.1029
57680,1,3,0,0,1,0.87
57680,1,3,0,1,1,0.9714
57680,1,3,1,0,1,0.8111
57680,1,2,0,0,0,0.1543
57680,1,3,1,0,1,0.9378
57680,1,3,1,1,0,0.5202
57680,1,3,0,0,0,0.4401
57680,1,3,0,0,1,0.7354
57680,1,3,0,0,0,0.428
57680,0,0,0,0,0,0.0063
57680,0,0,0,0,0,0.0867
57680,0,0,0,0,0,0.1175
57680,0,0,0,0,0,0.211
57680,0,0,0,0,0,0.0228
57680,0,0,0,0,0,0.1113
57680,0,0,0,0,0,0.0738
57680,0,0,0,0,0,0.0751
57680,0,0,0,0,0,0.3125
57680,0,0,0,0,0,0.0843
57680,0,0,0,0,0,0.0641
57680,0,0,0,0,0,0.0737
57680,0,0,0,0,0,0.0998
57680,0,0,1,0,0,0.5344
57680,0,0,1,0,0,0.4918
57680,0,0,0,0,0,0.0227
57680,0,0,1,0,0,0.377
57680,0,0,0,0,1,0.7323
57680,0,0,0,0,1,0.7372
57680,0,0,0,0,1,0.677
57680,0,0,0,1,1,0.8295
57680,0,0,0,0,1,0.7732
57680,0,0,0,0,0,0.521
57680,0,0,0,0,0,0.4337
57680,0,0,0,0,0,0.5706
57680,0,0,0,0,0,0.5289
57680,0,0,0,0,0,0.3658
57680,0,0,0,1,0,0.2457
57680,0,0,0,0,0,0.0583
57682,1,3,1,1,1,0.9953
57682,1,3,0,0,1,0.8524
57682,1,3,0,1,1,0.9703
57682,1,3,0,1,1,0.9821
57682,1,2,0,0,0,0.3615
57682,1,2,0,0,1,0.6894
57682,1,3,0,0,0,0.3013
57682,1,3,0,0,0,0.2123
57682,1,2,0,0,0,0.1643
57682,1,1,0,0,0,0.2096
57682,0,0,0,0,0,0.0141
57682,0,0,0,0,0,0.6062
57682,0,0,0,0,0,0.5495
57682,0,0,0,0,0,0.3573
57682,0,0,0,0,0,0.3234
57682,0,0,0,0,0,0.126
57682,0,0,0,0,0,0.1659
57682,0,0,0,0,0,0.4529
57682,0,0,0,0,0,0.4899
57682,0,0,0,0,1,0.6779
57682,0,0,0,0,0,0.2827
57682,0,0,0,0,0,0.3802
57682,0,0,0,0,0,0.5687
57682,0,0,0,0,0,0.3152
57682,0,0,0,0,0,0.0982
57682,0,0,1,0,0,0.0903
57682,0,0,0,1,1,0.8131
57682,0,0,0,0,0,0.3328
57682,0,0,0,1,1,0.6776
57682,0,0,0,0,0,0.3973
57682,0,0,0,0,0,0.4176
57682,0,0,0,0,0,0.1406
57682,0,0,0,0,0,0.2056
57682,0,0,0,0,0,0.0996
57682,0,0,0,0,0,0.6297
57682,0,0,0,0,0,0.1684
57682,0,0,0,0,0,0.3277
57682,0,0,0,0,0,0.3939
57682,0,0,0,0,0,0.3086
57683,1,3,0,1,1,0.991
57683,1,1,0,0,0,0.4324
57683,1,3,1,1,1,0.9811
57683,1,3,0,0,1,0.7218
57683,1,3,0,0,1,0.9909
57683,1,2,0,0,1,0.7542
57683,1,3,0,0,0,0.5308
57683,1,3,0,1,1,0.6625
57683,1,2,0,0,0,0.3824
57683,1,1,0,0,0,0.6089
57683,0,0,0,0,0,0.0064
57683,0,0,0,0,0,0.6181
57683,0,0,0,0,0,0.5079
57683,0,0,0,0,0,0.017
57683,0,0,0,0,0,0.2738
57683,0,0,0,0,0,0.0409
57683,0,0,0,0,0,0.3163
57683,0,0,0,0,0,0.55
57683,0,0,0,0,0,0.5067
57683,0,0,0,1,0,0.4961
57683,0,0,0,0,0,0.1982
57683,0,0,0,0,0,0.2954
57683,0,0,0,0,0,0.0679
57683,0,0,1,0,0,0.2036
57683,0,0,0,0,0,0.038
57683,0,0,0,0,0,0.1476
57683,0,0,0,0,0,0.4457
57683,0,0,0,0,0,0.4428
57683,0,0,0,1,0,0.5206
57683,0,0,0,0,0,0.0993
57683,0,0,0,0,0,0.4925
57683,0,0,0,0,0,0.6073
57683,0,0,0,0,0,0.193
57683,0,0,0,0,0,0.5678
57683,0,0,0,0,0,0.1879
57683,0,0,0,0,0,0.3263
57683,0,0,0,0,0,0.5051
57683,0,0,0,0,0,0.5239
57683,0,0,0,0,0,0.2421
57683,0,0,0,0,0,0.1046
58395,1,3,0,0,1,0.9921
58395,1,3,0,0,1,0.9795
58395,1,2,0,0,1,0.9151
58395,1,3,1,0,1,0.775
58395,1,3,1,0,1,0.7988
58395,1,3,0,0,1,0.8251
58395,1,2,0,0,0,0.3813
58395,1,1,0,0,0,0.2861
58395,1,2,0,0,1,0.6908
58395,0,0,0,0,0,0.0041
58395,0,0,0,0,0,0.508
58395,0,0,0,0,0,0.394
58395,0,0,0,0,0,0.0237
58395,0,0,0,1,0,0.0365
58395,0,0,0,0,0,0.0248
58395,0,0,0,1,0,0.0385
58395,0,0,1,0,0,0.1968
58395,0,0,0,1,1,0.7961
58395,0,0,0,0,0,0.633
58395,0,0,0,0,0,0.2544
58395,0,0,0,0,0,0.464
58395,0,0,0,0,1,0.729
58395,0,0,0,0,0,0.6511
58395,0,0,0,0,0,0.1018
58395,0,0,0,0,0,0.4843
58395,0,0,1,0,0,0.105
58395,0,0,0,0,0,0.5903
58395,0,0,0,0,0,0.4712
58395,0,0,0,0,0,0.4739
58395,0,0,0,0,0,0.257
58395,0,0,0,0,0,0.3861
58395,0,0,0,0,0,0.5591
58395,0,0,0,0,0,0.2857
58395,0,0,0,0,0,0.4693
58395,0,0,0,0,0,0.484
58395,0,0,0,0,0,0.2628
58395,0,0,0,0,0,0.5743
58395,0,0,0,0,0,0.4926
58395,0,0,0,0,0,0.1264
58388,1,3,1,0,1,0.9958
58388,1,3,0,0,1,0.9692
58388,1,3,0,0,1,0.949
58388,1,3,0,1,0,0.466
58388,1,3,0,1,1,0.8743
58388,1,2,0,0,1,0.7327
58388,1,2,0,0,0,0.411
58388,1,2,0,0,0,0.2525
58388,1,3,0,0,0,0.4273
58388,1,1,0,0,0,0.4162
58388,0,0,0,0,0,0.0015
58388,0,0,0,0,1,0.6643
58388,0,0,0,0,0,0.3511
58388,0,0,0,0,0,0.1012
58388,0,0,0,0,0,0.258
58388,0,0,0,0,0,0.0016
58388,0,0,0,0,0,0.0106
58388,0,0,0,0,0,0.0147
58388,0,0,1,0,0,0.2374
58388,0,0,1,0,0,0.6256
58388,0,0,0,0,0,0.4607
58388,0,0,0,0,0,0.1477
58388,0,0,0,0,0,0.5399
58388,0,0,0,0,0,0.5456
58388,0,0,0,0,0,0.034
58388,0,0,0,0,0,0.2453
58388,0,0,0,0,0,0.1656
58388,0,0,0,0,0,0.5866
58388,0,0,0,0,0,0.3238
58388,0,0,0,0,0,0.356
58388,0,0,0,0,0,0.3406
58388,0,0,0,0,0,0.1387
58388,0,0,0,0,0,0.1109
58388,0,0,0,0,0,0.3401
58388,0,0,0,0,0,0.2502
58388,0,0,0,0,0,0.3003
58388,0,0,0,0,0,0.6117
58388,0,0,0,0,0,0.324
58388,0,0,0,0,0,0.2374
58388,0,0,0,0,0,0.4518
58402,1,2,0,1,1,0.9964
58402,1,2,0,0,1,0.9884
58402,1,2,0,1,1,0.9851
58402,1,2,0,0,1,0.7715
58402,1,2,0,1,1,0.9905
58402,1,2,0,0,0,0.3842
58402,1,2,0,0,0,0.2938
58402,1,2,0,0,0,0.5065
58402,1,1,0,0,0,0.1962
58402,0,0,0,0,0,0.0082
58402,0,0,0,0,0,0.3281
58402,0,0,0,0,0,0.5837
58402,0,0,0,0,0,0.0808
58402,0,0,0,0,0,0.1768
58402,0,0,0,0,0,0.2249
58402,0,0,0,0,0,0.4545
58402,0,0,0,0,0,0.4674
58402,0,0,0,0,1,0.96
58402,0,0,0,1,0,0.5392
58402,0,0,0,0,0,0.1679
58402,0,0,0,1,0,0.2021
58402,0,0,0,0,0,0.2574
58402,0,0,0,0,0,0.2588
58402,0,0,0,0,0,0.2123
58402,0,0,0,0,0,0.0867
58402,0,0,0,0,0,0.5535
58402,0,0,0,0,0,0.409
58402,0,0,0,0,0,0.4736
58402,0,0,0,0,0,0.4418
58402,0,0,0,0,0,0.5877
58402,0,0,0,0,0,0.4194
58402,0,0,0,0,0,0.0113
58402,0,0,0,0,0,0.5321
58402,0,0,0,0,0,0.5154
58402,0,0,0,0,0,0.4722
58402,0,0,0,0,0,0.2413
58402,0,0,0,0,0,0.3082
58403,1,2,0,1,1,0.9906
58403,1,2,0,0,1,0.988
58403,1,2,0,0,1,0.9571
58403,1,2,0,0,1,0.9487
58403,1,2,0,0,0,0.5888
58403,1,2,0,0,0,0.2319
58403,1,2,0,0,0,0.3995
58403,1,2,0,0,0,0.276
58403,0,0,0,0,0,0.0984
58403,0,0,0,0,0,0.2723
58403,0,0,0,0,0,0.6027
58403,0,0,0,1,1,0.6885
58403,0,0,0,0,0,0.2855
58403,0,0,0,0,0,0.2779
58403,0,0,0,1,0,0.4761
58403,0,0,0,0,0,0.4101
58403,0,0,0,0,0,0.3151
58403,0,0,0,0,1,0.8071
58403,0,0,0,0,0,0.291
58403,0,0,0,0,0,0.4856
58403,0,0,0,1,1,0.8199
58403,0,0,0,0,0,0.1961
58403,0,0,0,0,0,0.1268
58403,0,0,0,0,0,0.1714
58403,0,0,0,0,1,0.7594
58403,0,0,0,0,0,0.4185
58403,0,0,0,0,0,0.4853
58403,0,0,0,0,0,0.3771
58403,0,0,0,0,0,0.4202
58403,0,0,0,0,0,0.22
58403,0,0,0,0,0,0.2743
58403,0,0,0,0,0,0.045
58403,0,0,0,0,0,0.1687
58403,0,0,0,0,0,0.3841
58403,0,0,0,0,0,0.381
58403,0,0,0,0,0,0.2733
58403,0,0,0,0,0,0.0779
58405,1,2,0,1,1,0.9968
58405,1,2,0,0,1,0.9815
58405,1,2,0,0,1,0.9899
58405,1,2,0,1,0,0.4397
58405,1,2,0,1,1,0.7016
58405,1,1,0,0,0,0.3582
58405,1,2,0,0,0,0.4035
58405,1,1,0,0,0,0.4058
58405,1,2,0,0,0,0.5701
58405,1,1,0,0,0,0.0914
58405,1,1,0,0,1,0.9049
58405,1,1,0,0,0,0.3625
58405,0,0,0,0,0,0.0289
58405,0,0,0,1,1,0.7043
58405,0,0,0,0,0,0.6454
58405,0,0,0,0,0,0.5385
58405,0,0,0,0,0,0.4915
58405,0,0,0,0,0,0.0748
58405,0,0,0,0,0,0.3657
58405,0,0,0,0,0,0.2649
58405,0,0,0,0,0,0.5157
58405,0,0,0,0,0,0.3891
58405,0,0,0,0,0,0.1101
58405,0,0,0,0,0,0.1389
58405,0,0,0,0,0,0.4411
58405,0,0,0,0,0,0.4447
58405,0,0,0,1,0,0.0121
58405,0,0,0,0,0,0.1804
58405,0,0,0,0,0,0.324
58405,0,0,0,0,0,0.211
58405,0,0,0,0,0,0.3648
58405,0,0,0,0,0,0.458
58405,0,0,0,0,0,0.3168
58405,0,0,0,0,0,0.328
58405,0,0,0,0,0,0.4868
58405,0,0,0,0,0,0.0197
58405,0,0,0,0,0,0.378
58405,0,0,0,0,0,0.5973
58405,0,0,0,0,0,0.6148
58405,0,0,0,0,0,0.3217
58405,0,0,0,0,0,0.3565
58405,0,0,0,0,0,0.1131
58405,0,0,0,0,0,0.2896
58405,0,0,0,0,0,0.4157
58243,1,2,1,1,1,0.9943
58243,1,2,0,1,1,0.9834
58243,1,2,0,0,0,0.6426
58243,1,2,0,0,0,0.5227
58243,1,2,0,0,1,0.9622
58243,1,1,0,1,0,0.2135
58243,1,2,0,0,0,0.5404
58243,1,2,0,0,0,0.5332
58243,1,2,0,0,0,0.3502
58243,1,2,0,1,0,0.4693
58243,1,1,0,0,0,0.2348
58243,0,0,0,0,0,0.0089
58243,0,0,0,0,0,0.2712
58243,0,0,0,0,0,0.2361
58243,0,0,0,0,0,0.016
58243,0,0,0,0,0,0.2083
58243,0,0,0,0,0,0.0804
58243,0,0,0,0,0,0.3622
58243,0,0,0,0,0,0.4851
58243,0,0,0,0,0,0.3506
58243,0,0,0,0,0,0.5983
58243,0,0,0,0,0,0.1087
58243,0,0,0,0,0,0.4681
58243,0,0,0,0,0,0.1777
58243,0,0,0,0,0,0.3066
58243,0,0,0,0,0,0.0681
58243,0,0,0,0,0,0.0846
58243,0,0,0,0,0,0.0635
58243,0,0,0,0,0,0.1734
58243,0,0,0,0,0,0.2458
58243,0,0,0,0,0,0.4021
58243,0,0,0,0,0,0.0904
58243,0,0,0,0,0,0.6066
58243,0,0,0,0,0,0.451
58243,0,0,0,1,0,0.4174
58243,0,0,0,1,0,0.0371
58243,0,0,0,0,0,0.2239
58243,0,0,0,0,0,0.2504
58243,0,0,0,0,0,0.3058
58243,0,0,0,0,0,0.2642
58243,0,0,0,0,0,0.3586
58243,0,0,0,0,0,0.0212
58251,1,2,0,1,1,0.9954
58251,1,2,0,1,1,0.9833
58251,1,2,0,0,1,0.9832
58251,1,2,0,0,0,0.5151
58251,1,2,0,0,1,0.8771
58251,1,1,0,0,1,0.7537
58251,1,2,0,0,1,0.7953
58251,1,2,0,0,0,0.16
58251,1,2,0,0,0,0.2642
58251,1,1,0,0,0,0.2295
58251,1,2,0,0,1,0.7479
58251,1,2,0,0,0,0.1112
58251,0,0,0,0,0,0.0184
58251,0,0,0,0,0,0.3237
58251,0,0,0,1,0,0.3469
58251,0,0,0,0,0,0.3948
58251,0,0,0,0,0,0.247
58251,0,0,0,0,0,0.1805
58251,0,0,0,0,0,0.6509
58251,0,0,0,0,0,0.48
58251,0,0,0,1,0,0.5282
58251,0,0,0,0,0,0.5875
58251,0,0,0,0,0,0.1717
58251,0,0,0,0,0,0.2187
58251,0,0,0,0,0,0.3309
58251,0,0,0,0,0,0.4895
58251,0,0,0,0,0,0.0842
58251,0,0,0,0,0,0.3239
58251,0,0,0,0,0,0.2232
58251,0,0,0,0,0,0.3716
58251,0,0,0,0,0,0.6211
58251,0,0,0,0,1,0.6721
58251,0,0,0,0,0,0.1573
58251,0,0,0,0,0,0.321
58251,0,0,0,1,1,0.7846
58251,0,0,0,0,0,0.413
58251,0,0,0,0,0,0.1599
58251,0,0,0,0,0,0.2733
58251,0,0,0,0,0,0.3249
58251,0,0,0,0,0,0.3304
58251,0,0,0,0,0,0.331
58379,1,3,0,1,1,0.9669
58379,1,3,0,1,1,0.9868
58379,1,3,0,0,0,0.5099
58379,1,2,0,1,0,0.6392
58379,1,3,0,1,1,0.7761
58379,1,3,0,0,1,0.8832
58379,1,2,0,0,1,0.8634
58379,1,1,0,0,0,0.4502
58379,1,2,0,0,0,0.5552
58379,1,1,0,0,0,0.1754
58379,0,0,0,0,0,0.0019
58379,0,0,0,1,1,0.676
58379,0,0,0,0,0,0.3826
58379,0,0,0,0,0,0.0296
58379,0,0,0,0,0,0.3262
58379,0,0,0,0,0,0.241
58379,0,0,0,0,0,0.2683
58379,0,0,0,0,0,0.2872
58379,0,0,0,0,1,0.7987
58379,0,0,0,0,0,0.2138
58379,0,0,1,0,0,0.2807
58379,0,0,0,0,0,0.4654
58379,0,0,0,0,0,0.1719
58379,0,0,0,0,0,0.3414
58379,0,0,0,0,0,0.0247
58379,0,0,0,0,0,0.482
58379,0,0,0,0,0,0.3825
58379,0,0,0,0,0,0.5471
58379,0,0,0,0,0,0.6127
58379,0,0,0,0,0,0.2653
58379,0,0,0,0,0,0.3152
58379,0,0,0,0,0,0.5012
58379,0,0,0,0,0,0.1974
58379,0,0,0,0,0,0.644
58379,0,0,0,0,0,0.6235
58379,0,0,0,0,0,0.4227
58379,0,0,0,0,0,0.6391
58379,0,0,0,0,0,0.2087
58383,1,3,0,1,1,0.973
58383,1,1,0,0,0,0.3602
58383,1,3,0,0,1,0.9306
58383,1,2,0,0,1,0.6648
58383,1,2,0,0,0,0.6129
58383,1,2,0,0,0,0.4486
58383,1,2,0,1,1,0.9644
58383,1,2,0,0,0,0.4793
58383,1,1,0,0,0,0.3613
58383,1,3,0,1,1,0.9596
58383,1,1,0,0,0,0.1317
58383,0,0,0,0,0,0.0082
58383,0,0,0,0,0,0.5683
58383,0,0,0,0,0,0.6146
58383,0,0,0,0,0,0.1574
58383,0,0,0,1,0,0.0244
58383,0,0,0,0,0,0.0055
58383,0,0,0,0,0,0.0202
58383,0,0,0,0,0,0.0233
58383,0,0,0,0,0,0.0047
58383,0,0,1,0,0,0.3502
58383,0,0,0,1,0,0.4735
58383,0,0,0,0,0,0.3122
58383,0,0,0,0,0,0.3804
58383,0,0,0,0,0,0.3328
58383,0,0,0,0,0,0.5738
58383,0,0,0,0,0,0.079
58383,0,0,0,0,1,0.8035
58383,0,0,0,0,0,0.2723
58383,0,0,0,0,0,0.1962
58383,0,0,0,0,0,0.5572
58383,0,0,0,0,0,0.3174
58383,0,0,0,0,0,0.3466
58383,0,0,0,0,0,0.1537
58383,0,0,0,0,0,0.5097
58383,0,0,0,0,0,0.2676
58383,0,0,0,0,0,0.4228
58383,0,0,0,0,0,0.4622
58383,0,0,0,0,0,0.2379
58383,0,0,0,0,0,0.4092
58383,0,0,0,0,0,0.3866
58383,0,0,0,0,0,0.3522
58383,0,0,0,0,0,0.1876
58383,0,0,0,0,0,0.3564
58381,1,3,1,0,1,0.9945
58381,1,3,0,1,1,0.8364
58381,1,3,0,0,1,0.941
58381,1,3,0,0,0,0.4671
58381,1,3,0,0,0,0.5391
58381,1,2,0,0,0,0.3011
58381,1,1,0,1,0,0.5175
58381,1,3,0,0,1,0.8172
58381,1,2,0,0,0,0.3725
58381,1,2,0,0,0,0.2752
58381,0,0,0,0,0,0.0073
58381,0,0,0,0,0,0.3722
58381,0,0,0,0,0,0.3396
58381,0,0,0,1,0,0.3711
58381,0,0,0,0,0,0.0383
58381,0,0,0,0,0,0.1488
58381,0,0,0,0,0,0.3117
58381,0,0,0,0,0,0.4375
58381,0,0,0,0,0,0.4371
58381,0,0,0,0,0,0.5904
58381,0,0,0,0,0,0.1538
58381,0,0,0,0,0,0.1815
58381,0,0,0,0,0,0.4164
58381,0,0,0,0,0,0.483
58381,0,0,0,0,0,0.0987
58381,0,0,0,0,0,0.13
58381,0,0,0,0,0,0.3454
58381,0,0,0,0,0,0.1857
58381,0,0,0,0,0,0.3332
58381,0,0,0,0,0,0.4275
58381,0,0,0,0,0,0.5596
58381,0,0,0,0,0,0.5406
58381,0,0,0,0,0,0.1678
58381,0,0,0,0,0,0.132
58381,0,0,0,0,0,0.4397
58381,0,0,0,0,0,0.5914
58381,0,0,0,0,0,0.434
58381,0,0,0,0,0,0.3491
58381,0,0,0,1,0,0.4357
58381,0,0,0,0,0,0.0422
58385,1,3,0,1,1,0.9853
58385,1,2,0,1,1,0.9862
58385,1,3,0,0,1,0.9019
58385,1,3,0,0,1,0.9574
58385,1,2,0,0,0,0.4708
58385,1,3,0,0,0,0.6543
58385,1,2,0,0,0,0.5018
58385,0,0,0,0,0,0.0046
58385,0,0,0,0,0,0.49
58385,0,0,0,0,0,0.5188
58385,0,0,0,0,0,0.6106
58385,0,0,0,1,0,0.1894
58385,0,0,0,0,0,0.03
58385,0,0,0,0,0,0.0355
58385,0,0,0,0,0,0.0182
58385,0,0,1,1,0,0.63
58385,0,0,1,1,0,0.5581
58385,0,0,0,0,0,0.1777
58385,0,0,0,0,0,0.5361
58385,0,0,0,0,0,0.194
58385,0,0,0,0,0,0.3277
58385,0,0,0,0,0,0.3879
58385,0,0,0,0,0,0.46
58385,0,0,0,0,0,0.5741
58385,0,0,0,0,0,0.3865
58385,0,0,0,0,0,0.5835
58385,0,0,0,0,0,0.5277
58385,0,0,0,0,0,0.363
58385,0,0,0,0,0,0.4364
58385,0,0,0,0,0,0.4254
58385,0,0,0,0,0,0.154
58385,0,0,0,0,0,0.4064
58385,0,0,0,0,1,0.8395
58385,0,0,0,0,0,0.6358
58385,0,0,0,0,0,0.221
58385,0,0,0,0,0,0.4531
58387,1,3,0,1,1,0.9899
58387,1,3,0,0,1,0.9611
58387,1,3,0,0,1,0.9165
58387,1,3,0,1,1,0.9863
58387,1,2,0,0,1,0.7146
58387,1,1,0,0,0,0.462
58387,1,1,0,0,0,0.1552
58387,1,3,0,0,0,0.4511
58387,1,2,0,0,0,0.3733
58387,0,0,0,0,0,0.0044
58387,0,0,0,0,0,0.3792
58387,0,0,0,0,0,0.1412
58387,0,0,0,0,0,0.3622
58387,0,0,0,0,0,0.0102
58387,0,0,0,0,0,0.0203
58387,0,0,0,0,0,0.0256
58387,0,0,1,0,0,0.0436
58387,0,0,1,0,0,0.4221
58387,0,0,0,0,1,0.6608
58387,0,0,0,1,0,0.507
58387,0,0,0,0,0,0.4545
58387,0,0,0,0,0,0.2376
58387,0,0,0,0,0,0.1201
58387,0,0,0,0,1,0.7543
58387,0,0,0,0,0,0.3109
58387,0,0,0,0,0,0.4463
58387,0,0,0,0,0,0.293
58387,0,0,0,0,0,0.4331
58387,0,0,0,0,0,0.3288
58387,0,0,0,0,0,0.4042
58387,0,0,0,0,0,0.5158
58387,0,0,0,0,0,0.3463
58387,0,0,0,0,0,0.3569
58387,0,0,0,0,0,0.3372
58387,0,0,0,0,0,0.3193
58387,0,0,0,0,0,0.0634
58389,1,3,1,1,1,0.9982
58389,1,3,0,1,1,0.9573
58389,1,3,0,0,1,0.8255
58389,1,3,0,0,1,0.8735
58389,1,3,0,0,0,0.4742
58389,1,2,0,1,0,0.5944
58389,1,1,0,0,0,0.2611
58389,1,2,0,0,0,0.6058
58389,1,2,0,0,0,0.458
58389,0,0,0,0,0,0.0086
58389,0,0,0,0,0,0.6375
58389,0,0,0,0,0,0.4586
58389,0,0,0,0,0,0.3869
58389,0,0,0,0,0,0.3063
58389,0,0,0,0,0,0.3273
58389,0,0,0,0,0,0.5481
58389,0,0,0,0,1,0.7464
58389,0,0,0,0,0,0.4509
58389,0,0,0,0,0,0.3643
58389,0,0,0,1,1,0.7246
58389,0,0,0,1,0,0.4847
58389,0,0,0,0,0,0.1713
58389,0,0,0,0,0,0.5163
58389,0,0,0,0,0,0.0309
58389,0,0,0,0,0,0.4863
58389,0,0,0,0,0,0.4699
58389,0,0,0,1,0,0.4963
58389,0,0,0,0,0,0.2728
58389,0,0,0,0,0,0.4623
58389,0,0,0,0,0,0.2608
58389,0,0,0,0,0,0.2441
58389,0,0,0,0,0,0.0551
58389,0,0,0,0,0,0.4634
58389,0,0,0,0,0,0.5033
58389,0,0,0,0,0,0.3255
58389,0,0,0,0,0,0.314
58389,0,0,0,0,0,0.4199
58391,1,3,0,0,1,0.9852
58391,1,3,0,0,1,0.7662
58391,1,3,0,0,1,0.8719
58391,1,3,0,0,1,0.9755
58391,1,3,0,0,0,0.4304
58391,1,2,0,1,1,0.6814
58391,1,2,0,0,0,0.5227
58391,1,2,0,0,0,0.5358
58391,1,1,0,0,0,0.0214
58391,0,0,0,0,0,0.0199
58391,0,0,0,0,0,0.3182
58391,0,0,0,0,0,0.1744
58391,0,0,0,0,0,0.002
58391,0,0,0,0,0,0.0067
58391,0,0,0,0,0,0.0068
58391,0,0,0,0,0,0.0345
58391,0,0,1,1,0,0.2699
58391,0,0,0,1,1,0.6645
58391,0,0,0,1,0,0.2952
58391,0,0,0,0,0,0.265
58391,0,0,0,0,0,0.2973
58391,0,0,0,0,0,0.5291
58391,0,0,0,0,0,0.3067
58391,0,0,0,0,0,0.3739
58391,0,0,0,0,0,0.293
58391,0,0,0,0,0,0.2897
58391,0,0,0,0,0,0.2712
58391,0,0,0,0,0,0.5191
58391,0,0,0,0,0,0.3663
58391,0,0,0,0,0,0.466
58391,0,0,0,0,0,0.2685
58391,0,0,0,0,0,0.3448
58391,0,0,0,0,0,0.6367
58391,0,0,0,0,0,0.2812
58391,0,0,0,0,0,0.3099
58391,0,0,0,0,0,0.3026
58391,0,0,0,0,0,0.3764
58391,0,0,0,1,0,0.408
58391,0,0,0,0,0,0.4889
58391,0,0,0,0,0,0.1695
58393,1,3,0,0,1,0.9891
58393,1,3,0,0,1,0.858
58393,1,2,0,1,1,0.9764
58393,1,3,0,1,1,0.9597
58393,1,2,0,0,0,0.3913
58393,1,1,0,0,1,0.7233
58393,1,3,0,0,0,0.4835
58393,1,2,0,0,0,0.4278
58393,1,3,0,0,0,0.3996
58393,1,2,0,0,0,0.4619
58393,0,0,0,0,0,0.0052
58393,0,0,0,0,0,0.2742
58393,0,0,0,0,0,0.0157
58393,0,0,0,0,0,0.0092
58393,0,0,0,0,0,0.0195
58393,0,0,0,0,0,0.0054
58393,0,0,0,0,0,0.0006
58393,0,0,1,0,0,0.1328
58393,0,0,1,0,0,0.3331
58393,0,0,0,0,1,0.6722
58393,0,0,0,0,0,0.1018
58393,0,0,0,0,0,0.1336
58393,0,0,0,0,0,0.5539
58393,0,0,0,0,0,0.3953
58393,0,0,0,0,0,0.0259
58393,0,0,0,0,0,0.5062
58393,0,0,0,0,0,0.205
58393,0,0,0,0,0,0.3874
58393,0,0,0,0,0,0.4222
58393,0,0,0,0,0,0.5095
58393,0,0,0,0,0,0.3864
58393,0,0,0,0,0,0.2647
58393,0,0,0,0,0,0.3663
58393,0,0,0,0,0,0.4205
58393,0,0,0,0,1,0.6953
58393,0,0,0,0,0,0.3057
58393,0,0,0,0,0,0.3319
58408,1,2,1,0,1,0.9809
58408,1,2,0,1,1,0.8875
58408,1,2,0,0,0,0.467
58408,1,1,0,0,0,0.4724
58408,1,2,0,0,0,0.5029
58408,1,2,0,0,0,0.617
58408,1,2,0,0,1,0.9446
58408,1,2,0,0,0,0.5657
58408,1,2,0,0,0,0.6034
58408,1,1,0,0,0,0.4912
58408,1,2,0,1,0,0.6573
58408,0,0,0,0,0,0.015
58408,0,0,0,0,0,0.5127
58408,0,0,0,1,0,0.2986
58408,0,0,0,0,0,0.2586
58408,0,0,0,0,0,0.3104
58408,0,0,0,0,0,0.4508
58408,0,0,0,0,1,0.6675
58408,0,0,0,0,0,0.339
58408,0,0,0,0,0,0.645
58408,0,0,0,0,0,0.5288
58408,0,0,0,0,0,0.4599
58408,0,0,0,0,0,0.3902
58408,0,0,0,1,1,0.8268
58408,0,0,0,0,0,0.3032
58408,0,0,0,0,0,0.151
58408,0,0,0,0,0,0.1051
58408,0,0,0,0,0,0.0431
58408,0,0,0,0,0,0.127
58408,0,0,0,0,0,0.4832
58408,0,0,0,0,0,0.2488
58408,0,0,0,0,0,0.5782
58408,0,0,0,0,0,0.5345
58408,0,0,0,0,0,0.2563
58408,0,0,0,0,0,0.5083
58408,0,0,0,1,0,0.3632
58408,0,0,0,0,0,0.3796
58408,0,0,0,0,0,0.269
58408,0,0,0,0,0,0.331
58408,0,0,0,0,0,0.3486
58408,0,0,0,0,0,0.2773
58408,0,0,0,0,0,0.3502
58408,0,0,0,1,1,0.7743
58408,0,0,0,0,0,0.2247
58406,1,2,0,0,1,0.9906
58406,1,2,0,0,1,0.9925
58406,1,2,0,1,1,0.9811
58406,1,2,0,0,0,0.5297
58406,1,2,0,0,1,0.8234
58406,1,1,0,0,0,0.5232
58406,1,1,0,0,0,0.5059
58406,1,2,0,0,0,0.3226
58406,1,2,0,0,0,0.4758
58406,1,2,0,0,0,0.5133
58406,0,0,0,0,0,0.0162
58406,0,0,0,0,0,0.5541
58406,0,0,0,0,0,0.2446
58406,0,0,0,0,0,0.411
58406,0,0,0,0,0,0.3307
58406,0,0,0,0,0,0.1846
58406,0,0,0,0,0,0.3809
58406,0,0,0,0,0,0.565
58406,0,0,0,0,0,0.4703
58406,0,0,0,0,0,0.2889
58406,0,0,0,0,0,0.4862
58406,0,0,0,0,0,0.1263
58406,0,0,0,0,0,0.2349
58406,0,0,0,0,0,0.5092
58406,0,0,0,0,0,0.1324
58406,0,0,0,0,0,0.3267
58406,0,0,0,0,0,0.2065
58406,0,0,0,0,0,0.1415
58406,0,0,0,0,0,0.3455
58406,0,0,0,0,0,0.0983
58406,0,0,0,0,0,0.3685
58406,0,0,0,0,0,0.384
58406,0,0,0,0,0,0.315
58406,0,0,0,0,0,0.2422
58406,0,0,0,0,0,0.1295
58406,0,0,0,0,0,0.2949
58406,0,0,0,0,0,0.2605
58406,0,0,0,0,0,0.346
58406,0,0,0,0,0,0.289
58406,0,0,0,0,0,0.2201
58406,0,0,0,0,0,0.343
58406,0,0,0,0,0,0.468
58406,0,0,0,0,0,0.0395
56101,1,2,0,0,1,0.9898
56101,1,2,0,1,1,0.9602
56101,1,2,0,0,0,0.35
56101,1,1,0,0,0,0.3796
56101,1,2,0,0,0,0.4631
56101,1,2,0,1,1,0.8413
56101,1,2,0,0,0,0.5747
56101,1,2,0,0,0,0.1761
56101,1,2,0,0,1,0.7986
56101,1,2,0,0,0,0.1648
56101,0,0,0,0,0,0.0083
56101,0,0,0,0,0,0.44
56101,0,0,0,0,0,0.3557
56101,0,0,0,0,0,0.2663
56101,0,0,0,0,0,0.004
56101,0,0,0,0,0,0.026
56101,0,0,0,0,0,0.0138
56101,0,0,0,0,0,0.2033
56101,0,0,0,0,0,0.3981
56101,0,0,0,0,1,0.8264
56101,0,0,0,0,0,0.0093
56101,0,0,0,0,0,0.2479
56101,0,0,0,0,0,0.2225
56101,0,0,0,0,0,0.0752
56101,0,0,0,0,0,0.4014
56101,0,0,0,0,0,0.3797
56101,0,0,0,0,0,0.3386
56101,0,0,0,0,0,0.4242
56101,0,0,0,0,0,0.1718
56101,0,0,0,1,0,0.4364
56101,0,0,0,0,0,0.0586
56101,0,0,0,0,0,0.5528
56101,0,0,0,0,0,0.4672
56101,0,0,0,0,0,0.1562
56101,0,0,0,0,0,0.4106
56101,0,0,0,0,0,0.6239
56101,0,0,0,0,0,0.253
56101,0,0,0,0,0,0.3948
56101,0,0,0,1,0,0.3905
56101,0,0,0,0,0,0.1464
56100,1,2,1,0,1,0.9136
56100,1,2,0,0,1,0.9844
56100,1,2,0,1,0,0.287
56100,1,1,0,0,0,0.1914
56100,1,1,0,0,0,0.3885
56100,1,2,0,0,1,0.6663
56100,1,2,0,0,1,0.7592
56100,1,2,0,0,0,0.5947
56100,1,2,0,0,1,0.7342
56100,1,2,0,0,0,0.2741
56100,0,0,0,0,0,0.0044
56100,0,0,0,0,0,0.2709
56100,0,0,0,0,0,0.2993
56100,0,0,0,0,0,0.253
56100,0,0,0,0,0,0.1966
56100,0,0,0,0,0,0.2085
56100,0,0,0,0,0,0.4757
56100,0,0,0,1,0,0.2359
56100,0,0,0,0,0,0.2091
56100,0,0,0,0,0,0.1676
56100,0,0,0,0,0,0.2487
56100,0,0,0,0,0,0.1401
56100,0,0,0,0,0,0.0804
56100,0,0,0,0,0,0.1638
56100,0,0,0,0,0,0.4011
56100,0,0,0,0,0,0.1083
56100,0,0,0,0,0,0.1596
56100,0,0,0,1,0,0.3307
56100,0,0,0,0,0,0.4017
56100,0,0,0,0,0,0.1099
56100,0,0,0,0,0,0.2012
56100,0,0,0,0,0,0.2533
56100,0,0,0,0,0,0.2313
56100,0,0,0,0,0,0.1779
56100,0,0,0,0,1,0.741
56100,0,0,0,0,0,0.3518
56100,0,0,0,0,0,0.2992
56100,0,0,0,0,0,0.4708
56100,0,0,0,0,0,0.1215
56102,1,2,0,1,1,0.9909
56102,1,2,0,0,1,0.6718
56102,1,2,0,1,1,0.852
56102,1,1,0,1,0,0.1352
56102,1,2,0,0,1,0.9625
56102,1,1,0,0,0,0.3144
56102,1,2,0,0,0,0.5108
56102,1,1,0,0,0,0.1745
56102,1,1,0,0,0,0.3112
56102,1,2,0,0,0,0.3289
56102,1,2,0,0,0,0.4182
56102,0,0,0,0,0,0.0185
56102,0,0,0,0,0,0.0067
56102,0,0,1,0,0,0.1799
56102,0,0,1,0,0,0.1665
56102,0,0,1,0,0,0.3607
56102,0,0,0,0,0,0.3534
56102,0,0,0,0,0,0.184
56102,0,0,0,0,0,0.2627
56102,0,0,0,0,0,0.4668
56102,0,0,0,0,0,0.5061
56102,0,0,0,0,0,0.2774
56102,0,0,0,0,0,0.2838
56102,0,0,0,0,0,0.1051
56102,0,0,0,0,0,0.3403
56102,0,0,0,1,0,0.4327
56102,0,0,0,0,0,0.019
56102,0,0,0,0,0,0.1613
56102,0,0,0,0,0,0.1267
56102,0,0,0,0,0,0.5168
56102,0,0,0,0,0,0.2813
56102,0,0,0,0,0,0.2807
56102,0,0,0,0,0,0.347
56102,0,0,0,0,0,0.2315
56102,0,0,0,0,0,0.115
56102,0,0,0,0,0,0.3868
56102,0,0,0,0,0,0.4506
56102,0,0,0,0,0,0.2094
56102,0,0,0,0,0,0.3084
56102,0,0,0,0,0,0.172
56103,1,2,1,0,1,0.9913
56103,1,2,0,0,1,0.8257
56103,1,2,0,0,0,0.6505
56103,1,2,0,0,0,0.1876
56103,1,2,0,0,0,0.27
56103,1,2,0,0,0,0.3053
56103,1,2,0,0,0,0.457
56103,1,2,0,0,0,0.2537
56103,1,2,0,0,0,0.1642
56103,1,2,0,0,0,0.3986
56103,1,1,0,0,0,0.3096
56103,1,2,0,0,0,0.4993
56103,1,2,0,0,0,0.3822
56103,1,1,0,0,0,0.1857
56103,0,0,0,0,0,0.0119
56103,0,0,0,0,0,0.2649
56103,0,0,0,0,0,0.3357
56103,0,0,0,0,0,0.2077
56103,0,0,0,0,0,0.1444
56103,0,0,0,0,0,0.2497
56103,0,0,0,0,0,0.1668
56103,0,0,0,0,0,0.473
56103,0,0,0,0,0,0.5845
56103,0,0,0,0,0,0.591
56103,0,0,0,0,0,0.0041
56103,0,0,0,0,0,0.3662
56103,0,0,0,0,0,0.2953
56103,0,0,0,0,0,0.2949
56103,0,0,0,0,0,0.4508
56103,0,0,0,0,0,0.3132
56103,0,0,0,0,0,0.1293
56103,0,0,0,0,0,0.0937
56103,0,0,0,0,0,0.0708
56103,0,0,0,0,0,0.276
56103,0,0,0,0,0,0.3056
56103,0,0,0,0,0,0.1812
56103,0,0,0,0,0,0.4945
56103,0,0,0,0,0,0.352
56103,0,0,0,0,0,0.0824
56103,0,0,0,0,0,0.5135
56103,0,0,0,0,0,0.1064
56103,0,0,0,1,0,0.2253
56103,0,0,0,0,0,0.3522
56103,0,0,0,0,0,0.0627
56103,0,0,0,0,0,0.2923
56104,1,2,0,1,1,0.9869
56104,1,2,0,1,1,0.949
56104,1,2,0,0,1,0.8758
56104,1,2,0,0,0,0.6018
56104,1,2,0,0,0,0.544
56104,1,2,0,1,1,0.8639
56104,1,2,0,0,0,0.1779
56104,1,2,0,0,0,0.3402
56104,1,1,0,0,0,0.3218
56104,1,1,0,0,0,0.3604
56104,1,2,0,0,0,0.4087
56104,1,1,0,0,0,0.2565
56104,0,0,0,0,0,0.0082
56104,0,0,0,1,0,0.304
56104,0,0,1,1,0,0.3076
56104,0,0,1,0,1,0.7075
56104,0,0,0,0,0,0.1276
56104,0,0,0,1,1,0.7123
56104,0,0,0,0,0,0.2199
56104,0,0,0,0,0,0.1006
56104,0,0,0,0,0,0.0975
56104,0,0,0,0,0,0.0057
56104,0,0,0,0,0,0.4098
56104,0,0,0,0,0,0.3821
56104,0,0,0,0,0,0.038
56104,0,0,0,0,0,0.5029
56104,0,0,0,0,0,0.3359
56104,0,0,0,0,0,0.2126
56104,0,0,0,0,0,0.0259
56104,0,0,0,0,0,0.0908
56104,0,0,0,0,0,0.5887
56104,0,0,0,0,0,0.6242
56104,0,0,0,0,0,0.4042
56104,0,0,0,0,0,0.381
56104,0,0,0,0,0,0.1405
56104,0,0,0,0,0,0.2451
56104,0,0,0,0,0,0.0576
56104,0,0,0,0,0,0.2861
56104,0,0,0,0,0,0.0119
56104,0,0,0,0,0,0.2529
56104,0,0,0,0,0,0.1348
56104,0,0,0,0,0,0.1337
56105,1,2,1,0,1,0.8444
56105,1,2,0,1,1,0.9256
56105,1,2,0,0,0,0.655
56105,1,2,0,0,1,0.8323
56105,1,2,0,0,1,0.7199
56105,1,2,0,0,0,0.5078
56105,1,1,0,0,0,0.5751
56105,1,1,0,0,0,0.2705
56105,1,2,0,0,0,0.4233
56105,1,2,0,0,0,0.5498
56105,1,1,0,0,0,0.2281
56105,0,0,0,0,0,0.0053
56105,0,0,0,0,1,0.706
56105,0,0,0,0,0,0.4038
56105,0,0,0,0,0,0.4666
56105,0,0,0,0,0,0.2391
56105,0,0,0,0,0,0.0471
56105,0,0,0,0,0,0.4808
56105,0,0,0,0,0,0.4536
56105,0,0,0,0,0,0.2502
56105,0,0,1,0,0,0.5903
56105,0,0,1,0,0,0.3004
56105,0,0,0,0,0,0.3197
56105,0,0,0,0,0,0.5785
56105,0,0,0,0,0,0.4512
56105,0,0,0,0,0,0.2549
56105,0,0,0,0,0,0.257
56105,0,0,0,0,0,0.0538
56105,0,0,0,0,0,0.5801
56105,0,0,0,0,0,0.1432
56105,0,0,0,0,0,0.6504
56105,0,0,0,0,0,0.3535
56105,0,0,0,0,0,0.2419
56105,0,0,0,0,0,0.213
56105,0,0,0,0,0,0.006
56105,0,0,0,0,0,0.3907
56105,0,0,0,0,0,0.1745
56105,0,0,0,0,0,0.293
56105,0,0,0,0,0,0.3702
56105,0,0,0,0,0,0.1975
56105,0,0,0,0,0,0.1158
56107,1,2,0,1,1,0.9974
56107,1,2,0,0,1,0.9203
56107,1,2,0,0,0,0.5564
56107,1,1,0,0,0,0.4655
56107,1,1,0,0,0,0.4804
56107,1,2,0,0,0,0.3593
56107,1,2,0,0,1,0.8161
56107,1,1,0,0,0,0.3512
56107,1,2,0,0,0,0.2267
56107,1,1,0,0,0,0.2515
56107,1,2,0,0,0,0.6059
56107,1,2,0,0,0,0.2563
56107,0,0,1,0,0,0.0144
56107,0,0,0,0,0,0.5955
56107,0,0,0,0,0,0.219
56107,0,0,0,0,0,0.1866
56107,0,0,0,0,0,0.0169
56107,0,0,0,0,0,0.2288
56107,0,0,0,0,0,0.6414
56107,0,0,0,1,1,0.7877
56107,0,0,0,1,1,0.8671
56107,0,0,0,0,1,0.7338
56107,0,0,0,0,0,0.1844
56107,0,0,0,0,0,0.4239
56107,0,0,0,0,0,0.3359
56107,0,0,0,0,0,0.1667
56107,0,0,0,0,0,0.0168
56107,0,0,0,0,0,0.1549
56107,0,0,0,0,0,0.5831
56107,0,0,0,0,0,0.1982
56107,0,0,0,0,0,0.3192
56107,0,0,0,0,0,0.1343
56107,0,0,0,0,0,0.35
56107,0,0,0,0,0,0.3915
56107,0,0,0,0,0,0.4712
56107,0,0,0,0,0,0.4007
56107,0,0,0,0,0,0.0716
56107,0,0,0,0,0,0.623
56107,0,0,0,1,0,0.2861
56107,0,0,0,0,0,0.3191
56107,0,0,0,1,0,0.4104
56107,0,0,0,0,0,0.0773
56107,0,0,0,0,0,0.2184
56107,0,0,0,0,0,0.145
56107,0,0,0,1,0,0.6363
56107,0,0,0,0,0,0.0805
56108,1,2,0,1,1,0.9916
56108,1,2,0,1,1,0.9534
56108,1,2,0,0,0,0.6148
56108,1,1,0,0,0,0.6525
56108,1,2,0,0,1,0.6956
56108,1,2,0,0,0,0.5189
56108,1,1,0,0,0,0.5349
56108,1,1,0,0,0,0.2631
56108,1,2,0,0,1,0.8064
56108,1,1,0,0,0,0.3205
56108,1,2,0,0,1,0.7429
56108,1,2,0,0,0,0.3181
56108,0,0,0,0,0,0.0189
56108,0,0,1,0,0,0.0969
56108,0,0,0,0,0,0.1063
56108,0,0,1,0,0,0.2876
56108,0,0,1,0,0,0.2622
56108,0,0,0,0,0,0.2055
56108,0,0,0,0,0,0.2195
56108,0,0,0,0,0,0.2754
56108,0,0,0,0,1,0.781
56108,0,0,0,0,1,0.9445
56108,0,0,0,0,0,0.1173
56108,0,0,0,0,0,0.4726
56108,0,0,0,1,0,0.1356
56108,0,0,0,1,1,0.7454
56108,0,0,0,1,0,0.2915
56108,0,0,0,0,0,0.2343
56108,0,0,0,0,0,0.2274
56108,0,0,0,0,0,0.0225
56108,0,0,0,0,0,0.1494
56108,0,0,0,0,0,0.4628
56108,0,0,0,0,0,0.5029
56108,0,0,0,0,0,0.5152
56108,0,0,0,0,0,0.5086
56108,0,0,0,0,1,0.7509
56108,0,0,0,0,0,0.1303
56108,0,0,0,0,0,0.4096
56108,0,0,0,0,0,0.3177
56108,0,0,0,0,0,0.1059
56108,0,0,0,0,1,0.7044
56108,0,0,0,0,1,0.7472
58733,1,2,0,0,1,0.9953
58733,1,2,0,0,1,0.9906
58733,1,2,0,1,1,0.9925
58733,1,1,0,0,0,0.523
58733,1,2,0,1,1,0.9145
58733,1,2,0,0,0,0.2937
58733,1,2,0,0,1,0.9868
58733,1,1,0,0,0,0.3202
58733,1,1,0,0,1,0.7382
58733,1,1,0,0,1,0.9003
58733,0,0,0,0,0,0.0118
58733,0,0,0,0,0,0.5089
58733,0,0,0,0,0,0.3734
58733,0,0,0,0,0,0.578
58733,0,0,0,0,0,0.093
58733,0,0,0,0,0,0.1782
58733,0,0,0,0,0,0.1276
58733,0,0,0,1,0,0.2965
58733,0,0,0,0,1,0.667
58733,0,0,0,0,0,0.3076
58733,0,0,0,0,0,0.2904
58733,0,0,0,0,0,0.4157
58733,0,0,0,0,0,0.4417
58733,0,0,1,0,1,0.6696
58733,0,0,1,0,0,0.3721
58733,0,0,0,0,0,0.0434
58733,0,0,0,0,0,0.2253
58733,0,0,0,0,0,0.0621
58733,0,0,0,0,0,0.3844
58733,0,0,0,0,0,0.2878
58733,0,0,0,0,0,0.1543
58733,0,0,0,0,0,0.4924
58733,0,0,0,0,0,0.3444
58733,0,0,0,0,0,0.302
58733,0,0,0,0,0,0.4537
58733,0,0,0,0,1,0.6733
58733,0,0,0,0,0,0.2402
58733,0,0,0,0,0,0.5615
58733,0,0,0,0,0,0.2199
56109,1,2,0,0,1,0.9884
56109,1,2,0,0,1,0.9197
56109,1,2,0,0,1,0.7183
56109,1,2,0,0,0,0.6342
56109,1,2,0,0,0,0.2309
56109,1,2,0,0,1,0.9943
56109,1,2,0,1,0,0.3833
56109,1,1,0,0,0,0.2889
56109,1,2,0,0,0,0.3343
56109,1,1,0,0,0,0.2669
56109,0,0,0,1,0,0.0115
56109,0,0,0,0,0,0.0115
56109,0,0,0,0,0,0.0247
56109,0,0,0,0,1,0.6928
56109,0,0,0,0,0,0.4271
56109,0,0,0,0,0,0.1934
56109,0,0,0,0,0,0.4151
56109,0,0,0,0,0,0.3245
56109,0,0,0,1,0,0.6171
56109,0,0,0,1,0,0.3309
56109,0,0,0,0,0,0.0265
56109,0,0,0,0,0,0.3698
56109,0,0,0,0,0,0.4217
56109,0,0,0,0,0,0.281
56109,0,0,0,0,0,0.0035
56109,0,0,0,0,0,0.1218
56109,0,0,0,0,0,0.2025
56109,0,0,0,0,0,0.1835
56109,0,0,0,0,0,0.2444
56109,0,0,0,0,0,0.2527
56109,0,0,0,0,0,0.3958
56109,0,0,0,0,0,0.6273
56109,0,0,0,0,0,0.5057
56109,0,0,0,0,0,0.3805
56109,0,0,0,0,0,0.4776
56109,0,0,0,0,0,0.4804
56109,0,0,0,0,0,0.3508
56109,0,0,0,0,0,0.0597
56109,0,0,0,0,0,0.171
56109,0,0,0,0,0,0.1769
56109,0,0,0,0,0,0.4175
56109,0,0,0,0,0,0.1855
58737,1,2,0,1,1,0.9954
58737,1,2,0,1,1,0.8808
58737,1,2,0,0,1,0.9948
58737,1,2,0,0,0,0.4754
58737,1,2,0,0,0,0.2232
58737,1,2,0,0,0,0.3767
58737,1,1,0,0,0,0.3762
58737,1,2,0,0,1,0.7776
58737,1,1,0,0,0,0.2934
58737,0,0,0,1,0,0.043
58737,0,0,0,1,0,0.3378
58737,0,0,0,0,0,0.4806
58737,0,0,0,0,0,0.2182
58737,0,0,0,0,0,0.1065
58737,0,0,0,0,0,0.0472
58737,0,0,0,0,0,0.249
58737,0,0,0,1,0,0.273
58737,0,0,0,0,0,0.3056
58737,0,0,0,0,0,0.3035
58737,0,0,0,0,0,0.1519
58737,0,0,0,0,0,0.0832
58737,0,0,0,0,0,0.2714
58737,0,0,0,0,0,0.2277
58737,0,0,0,0,0,0.2295
58737,0,0,0,0,0,0.1698
58737,0,0,0,0,0,0.2774
58737,0,0,0,0,0,0.2897
58737,0,0,0,0,0,0.5337
58737,0,0,0,0,0,0.108
58737,0,0,0,0,0,0.1694
58737,0,0,0,0,0,0.2255
58737,0,0,0,0,0,0.3706
58737,0,0,0,0,0,0.3389
58737,0,0,0,0,0,0.1083
58737,0,0,0,0,0,0.3686
58737,0,0,0,0,1,0.7578
58737,0,0,0,0,0,0.2272
58737,0,0,0,0,0,0.4993
58737,0,0,0,0,0,0.5428
58735,1,2,0,0,1,0.9959
58735,1,2,0,1,1,0.8907
58735,1,2,1,1,1,0.9808
58735,1,2,0,0,1,0.9644
58735,1,2,0,0,1,0.9974
58735,1,1,0,0,0,0.464
58735,1,2,0,0,0,0.29
58735,1,1,0,0,0,0.3194
58735,1,2,0,0,1,0.7568
58735,0,0,0,0,0,0.0098
58735,0,0,0,0,0,0.442
58735,0,0,1,0,0,0.0163
58735,0,0,0,0,0,0.5636
58735,0,0,0,0,0,0.2534
58735,0,0,0,0,0,0.226
58735,0,0,0,0,0,0.5832
58735,0,0,0,0,0,0.3173
58735,0,0,0,0,0,0.269
58735,0,0,0,1,0,0.3487
58735,0,0,0,0,0,0.3592
58735,0,0,0,0,0,0.4019
58735,0,0,0,0,0,0.1073
58735,0,0,0,0,1,0.7744
58735,0,0,0,0,0,0.2428
58735,0,0,0,0,0,0.111
58735,0,0,0,0,0,0.3403
58735,0,0,0,0,0,0.3831
58735,0,0,0,0,1,0.7431
58735,0,0,0,0,0,0.2497
58735,0,0,0,0,0,0.331
58735,0,0,0,0,0,0.4619
58735,0,0,0,0,0,0.2597
58735,0,0,0,0,0,0.4367
58735,0,0,0,1,1,0.8008
58735,0,0,0,0,0,0.2782
58735,0,0,0,0,0,0.369
58735,0,0,0,0,0,0.3913
58735,0,0,0,0,0,0.0405
58739,1,2,0,1,1,0.9976
58739,1,2,0,0,1,0.9479
58739,1,2,0,0,1,0.9808
58739,1,2,0,0,1,0.8274
58739,1,2,0,0,0,0.6304
58739,1,2,0,0,1,0.8892
58739,1,2,0,0,0,0.4432
58739,1,2,0,0,0,0.3116
58739,1,1,0,0,0,0.2668
58739,1,2,0,0,0,0.3738
58739,0,0,0,0,0,0.0088
58739,0,0,0,0,0,0.232
58739,0,0,0,0,0,0.3255
58739,0,0,0,1,1,0.858
58739,0,0,0,1,0,0.2238
58739,0,0,0,0,0,0.3293
58739,0,0,0,0,0,0.1559
58739,0,0,0,0,0,0.399
58739,0,0,0,0,0,0.3492
58739,0,0,0,0,0,0.6382
58739,0,0,0,0,0,0.1979
58739,0,0,0,0,0,0.3544
58739,0,0,0,0,0,0.1631
58739,0,0,0,0,0,0.0063
58739,0,0,0,0,0,0.0048
58739,0,0,0,0,0,0.3526
58739,0,0,0,0,0,0.0585
58739,0,0,0,1,0,0.2421
58739,0,0,0,0,0,0.4075
58739,0,0,0,0,0,0.3929
58739,0,0,0,0,0,0.3835
58739,0,0,0,0,0,0.4335
58739,0,0,0,0,0,0.341
58739,0,0,0,0,0,0.4481
58739,0,0,0,0,0,0.1178
58739,0,0,0,0,0,0.3904
58739,0,0,0,0,0,0.2485
58739,0,0,0,0,0,0.1878
58739,0,0,0,0,0,0.3511
58739,0,0,0,0,0,0.231
58739,0,0,0,0,0,0.1224
58741,1,2,0,1,1,0.9983
58741,1,2,0,1,1,0.9921
58741,1,2,0,1,1,0.9847
58741,1,2,0,0,1,0.7368
58741,1,2,0,1,1,0.9833
58741,1,1,0,1,0,0.2987
58741,1,2,0,0,0,0.3315
58741,1,2,0,0,1,0.7099
58741,0,0,0,1,0,0.0028
58741,0,0,1,0,0,0.117
58741,0,0,0,0,0,0.3952
58741,0,0,0,0,0,0.3037
58741,0,0,0,0,0,0.1279
58741,0,0,0,0,0,0.1538
58741,0,0,0,0,0,0.6376
58741,0,0,0,0,0,0.4883
58741,0,0,0,1,0,0.4128
58741,0,0,0,1,0,0.3
58741,0,0,0,0,0,0.0252
58741,0,0,0,0,0,0.2254
58741,0,0,0,0,0,0.4486
58741,0,0,0,0,0,0.1907
58741,0,0,0,0,0,0.3985
58741,0,0,0,1,0,0.2186
58741,0,0,0,0,0,0.1598
58741,0,0,0,0,0,0.3973
58741,0,0,0,0,0,0.3468
58741,0,0,0,0,0,0.6337
58741,0,0,0,0,0,0.2133
58741,0,0,0,0,0,0.4874
58741,0,0,0,0,0,0.382
58741,0,0,0,0,0,0.5594
58741,0,0,0,0,0,0.3086
58741,0,0,0,0,0,0.585
58741,0,0,0,0,0,0.4589
58741,0,0,0,0,0,0.381
58741,0,0,0,0,0,0.3402
58743,1,2,0,0,1,0.9885
58743,1,2,0,0,0,0.5415
58743,1,2,0,0,1,0.9574
58743,1,2,0,0,1,0.9774
58743,1,2,0,0,1,0.93
58743,1,2,0,1,0,0.6578
58743,1,2,0,0,1,0.701
58743,1,2,0,0,1,0.682
58743,1,2,0,1,0,0.4931
58743,1,2,0,0,0,0.3589
58743,0,0,0,0,0,0.0075
58743,0,0,0,0,0,0.5597
58743,0,0,0,0,0,0.3541
58743,0,0,0,0,0,0.0353
58743,0,0,0,0,0,0.0065
58743,0,0,0,0,0,0.0116
58743,0,0,0,0,0,0.0113
58743,0,0,1,0,0,0.2537
58743,0,0,0,1,0,0.5259
58743,0,0,0,0,0,0.4659
58743,0,0,0,0,0,0.3203
58743,0,0,0,0,0,0.3789
58743,0,0,0,0,0,0.2073
58743,0,0,0,0,0,0.5864
58743,0,0,0,0,0,0.2331
58743,0,0,0,0,0,0.351
58743,0,0,0,0,0,0.4931
58743,0,0,0,0,0,0.4609
58743,0,0,0,0,0,0.2921
58743,0,0,0,0,0,0.3585
58743,0,0,0,0,0,0.5435
58743,0,0,0,0,0,0.3195
58743,0,0,0,0,0,0.0671
58743,0,0,0,0,0,0.3967
58743,0,0,0,0,0,0.3001
58743,0,0,0,0,0,0.3674
58743,0,0,0,0,0,0.3677
58743,0,0,0,0,0,0.5585
58743,0,0,0,0,0,0.115
58211,1,2,1,0,1,0.9958
58211,1,2,0,1,1,0.9857
58211,1,2,0,0,1,0.8542
58211,1,2,0,0,0,0.4925
58211,1,2,0,0,1,0.7299
58211,1,2,0,0,0,0.6383
58211,1,2,0,0,0,0.5167
58211,1,1,0,0,0,0.5029
58211,1,1,0,0,0,0.6271
58211,1,2,0,0,0,0.3064
58211,1,1,0,0,0,0.3904
58211,1,2,0,0,0,0.5507
58211,1,1,0,0,0,0.271
58211,0,0,0,0,0,0.0073
58211,0,0,0,1,0,0.6204
58211,0,0,0,1,0,0.3089
58211,0,0,0,0,0,0.083
58211,0,0,0,0,0,0.2016
58211,0,0,0,0,0,0.4848
58211,0,0,0,0,0,0.5997
58211,0,0,0,0,0,0.5467
58211,0,0,0,1,0,0.5172
58211,0,0,0,0,0,0.4056
58211,0,0,0,0,0,0.3782
58211,0,0,0,0,0,0.4148
58211,0,0,0,0,1,0.9289
58211,0,0,0,0,0,0.285
58211,0,0,0,0,0,0.4838
58211,0,0,0,0,0,0.098
58211,0,0,0,0,0,0.222
58211,0,0,0,0,0,0.1157
58211,0,0,0,0,0,0.07
58211,0,0,0,0,0,0.4448
58211,0,0,0,0,0,0.4048
58211,0,0,0,0,0,0.5371
58211,0,0,0,0,0,0.115
58211,0,0,0,0,0,0.2998
58211,0,0,0,0,0,0.2858
58211,0,0,0,0,0,0.1751
58211,0,0,0,0,0,0.1552
58211,0,0,0,0,0,0.4639
58211,0,0,0,0,0,0.2294
58211,0,0,0,0,0,0.1057
58211,0,0,0,0,0,0.3968
58210,1,2,0,1,1,0.998
58210,1,2,0,1,1,0.716
58210,1,2,0,0,1,0.805
58210,1,2,0,0,1,0.8283
58210,1,2,0,0,0,0.6475
58210,1,2,0,0,0,0.4568
58210,1,2,0,0,1,0.7054
58210,1,2,0,0,0,0.3244
58210,1,2,0,0,1,0.7131
58210,0,0,0,0,0,0.0139
58210,0,0,0,1,0,0.2188
58210,0,0,0,0,0,0.2271
58210,0,0,0,0,0,0.3542
58210,0,0,0,1,0,0.4019
58210,0,0,0,0,0,0.161
58210,0,0,0,0,0,0.2061
58210,0,0,0,0,0,0.5655
58210,0,0,0,0,0,0.2322
58210,0,0,0,0,0,0.2331
58210,0,0,0,0,0,0.3269
58210,0,0,0,0,0,0.2953
58210,0,0,0,0,0,0.3945
58210,0,0,0,0,0,0.1816
58210,0,0,0,0,0,0.2471
58210,0,0,0,0,0,0.332
58210,0,0,0,0,0,0.4317
58210,0,0,0,0,0,0.3315
58210,0,0,0,0,0,0.0467
58210,0,0,0,0,0,0.4241
58210,0,0,0,0,0,0.2881
58210,0,0,0,0,0,0.3041
58210,0,0,0,0,0,0.1358
58210,0,0,0,0,0,0.1944
58210,0,0,0,0,0,0.3805
58210,0,0,0,0,0,0.3827
58210,0,0,0,0,0,0.2174
58210,0,0,0,0,0,0.3588
58210,0,0,0,0,0,0.4624
58210,0,0,0,0,0,0.0214
58210,0,0,0,0,0,0.402
58210,0,0,0,0,0,0.3244
58212,1,2,0,1,1,0.9937
58212,1,2,0,0,1,0.7507
58212,1,2,0,0,1,0.9453
58212,1,2,0,0,1,0.715
58212,1,1,0,0,0,0.3725
58212,1,2,0,0,1,0.9408
58212,1,2,0,0,1,0.6634
58212,1,1,0,0,0,0.3208
58212,1,1,0,0,0,0.132
58212,1,2,0,0,0,0.1581
58212,1,1,0,0,1,0.8286
58212,1,1,0,0,0,0.1672
58212,0,0,0,0,0,0.0079
58212,0,0,0,1,0,0.5202
58212,0,0,0,1,0,0.4536
58212,0,0,0,0,0,0.0161
58212,0,0,0,0,0,0.4318
58212,0,0,0,0,0,0.1191
58212,0,0,0,0,0,0.4433
58212,0,0,0,0,0,0.1399
58212,0,0,0,0,0,0.4465
58212,0,0,0,0,0,0.2213
58212,0,0,0,0,0,0.3555
58212,0,0,0,0,0,0.0286
58212,0,0,0,0,0,0.4258
58212,0,0,0,0,0,0.3763
58212,0,0,0,0,0,0.2243
58212,0,0,0,0,0,0.4543
58212,0,0,0,1,0,0.0371
58212,0,0,0,0,0,0.298
58212,0,0,0,0,0,0.1876
58212,0,0,0,0,0,0.0585
58212,0,0,0,0,0,0.4179
58212,0,0,0,0,0,0.1327
58212,0,0,0,0,0,0.4248
58212,0,0,0,0,0,0.1875
58212,0,0,0,0,0,0.1136
58212,0,0,0,0,0,0.4467
58212,0,0,0,0,0,0.0907
58212,0,0,0,0,0,0.2529
58212,0,0,0,0,0,0.3271
58212,0,0,0,0,0,0.2803
58212,0,0,0,0,0,0.5961
58212,0,0,0,0,0,0.3281
58212,0,0,0,0,0,0.3634
58745,1,2,0,1,1,0.9947
58745,1,2,0,1,1,0.9044
58745,1,2,0,0,0,0.465
58745,1,2,0,0,0,0.5273
58745,1,2,0,0,1,0.8426
58745,1,2,0,1,1,0.976
58745,1,2,0,0,0,0.4898
58745,1,2,0,0,0,0.4122
58745,1,1,0,0,0,0.4116
58745,1,2,0,0,0,0.5815
58745,1,2,0,0,0,0.4631
58745,0,0,0,0,0,0.0231
58745,0,0,0,0,0,0.5638
58745,0,0,0,0,0,0.5843
58745,0,0,0,0,0,0.1206
58745,0,0,0,0,0,0.2723
58745,0,0,0,0,0,0.2215
58745,0,0,0,0,0,0.3746
58745,0,0,0,0,0,0.2642
58745,0,0,0,0,0,0.4645
58745,0,0,0,0,0,0.3231
58745,0,0,0,0,0,0.2983
58745,0,0,0,0,0,0.2957
58745,0,0,0,0,0,0.0405
58745,0,0,0,0,1,0.8833
58745,0,0,0,0,0,0.0335
58745,0,0,0,0,0,0.2303
58745,0,0,0,0,0,0.0721
58745,0,0,0,0,0,0.3487
58745,0,0,0,0,0,0.3419
58745,0,0,0,0,0,0.4757
58745,0,0,0,0,0,0.1225
58745,0,0,0,0,0,0.3923
58745,0,0,0,0,0,0.5128
58745,0,0,0,0,0,0.4484
58745,0,0,0,0,0,0.557
58745,0,0,0,0,0,0.317
58745,0,0,0,0,0,0.2937
58214,1,2,0,0,1,0.9969
58214,1,2,0,1,1,0.9114
58214,1,2,0,0,1,0.8701
58214,1,2,0,0,1,0.7816
58214,1,2,0,0,0,0.4613
58214,1,2,0,0,1,0.9097
58214,1,2,0,0,0,0.6146
58214,1,2,0,0,0,0.52
58214,1,2,0,0,0,0.5166
58214,1,2,0,0,0,0.363
58214,0,0,0,0,0,0.0023
58214,0,0,0,0,1,0.8184
58214,0,0,0,0,0,0.1798
58214,0,0,0,0,0,0.4541
58214,0,0,0,0,0,0.0488
58214,0,0,0,0,0,0.4423
58214,0,0,0,0,0,0.4521
58214,0,0,0,0,0,0.4134
58214,0,0,0,0,0,0.4663
58214,0,0,0,0,0,0.2544
58214,0,0,0,0,0,0.2256
58214,0,0,0,0,0,0.4162
58214,0,0,0,0,0,0.3986
58214,0,0,0,0,0,0.2608
58214,0,0,0,0,0,0.1987
58214,0,0,0,0,0,0.3123
58214,0,0,0,0,0,0.0993
58214,0,0,0,0,0,0.1675
58214,0,0,0,0,0,0.0759
58214,0,0,0,0,0,0.4124
58214,0,0,0,0,0,0.3611
58214,0,0,0,0,0,0.4255
58214,0,0,0,0,0,0.31
58214,0,0,0,0,0,0.4696
58214,0,0,0,0,0,0.4975
58214,0,0,0,0,0,0.3405
58214,0,0,0,0,0,0.4147
58214,0,0,0,0,0,0.2953
58214,0,0,0,0,0,0.3387
58214,0,0,0,0,0,0.1751
58214,0,0,0,0,0,0.1364
58214,0,0,0,0,0,0.3512
58217,1,2,0,1,1,0.9794
58217,1,1,0,0,0,0.3508
58217,1,2,0,0,1,0.7875
58217,1,2,0,0,1,0.6984
58217,1,2,0,0,0,0.6464
58217,1,2,0,1,1,0.985
58217,1,2,0,0,0,0.5659
58217,1,1,0,0,0,0.1929
58217,1,2,0,0,1,0.8576
58217,1,1,0,0,0,0.3572
58217,0,0,0,0,0,0.0042
58217,0,0,0,0,0,0.6321
58217,0,0,0,1,0,0.0247
58217,0,0,0,0,0,0.0256
58217,0,0,0,0,0,0.0054
58217,0,0,1,0,0,0.1275
58217,0,0,0,0,0,0.3199
58217,0,0,0,0,0,0.5949
58217,0,0,0,1,1,0.8055
58217,0,0,0,0,0,0.2613
58217,0,0,0,0,0,0.2519
58217,0,0,0,0,0,0.0816
58217,0,0,0,0,0,0.3306
58217,0,0,0,0,1,0.6679
58217,0,0,0,0,0,0.2838
58217,0,0,0,0,0,0.4197
58217,0,0,0,0,0,0.1632
58217,0,0,0,0,0,0.3075
58217,0,0,0,0,0,0.4267
58217,0,0,0,0,0,0.2006
58217,0,0,0,0,0,0.4545
58217,0,0,0,0,0,0.0966
58217,0,0,0,0,0,0.0343
58217,0,0,0,0,0,0.4662
58217,0,0,0,0,0,0.0489
58217,0,0,0,0,0,0.3415
58217,0,0,0,0,0,0.2378
58217,0,0,0,0,0,0.3163
58217,0,0,0,0,0,0.0626
58217,0,0,0,0,0,0.3362
58213,1,2,0,1,1,0.9903
58213,1,1,0,0,0,0.4514
58213,1,2,0,0,1,0.9882
58213,1,2,0,0,1,0.8407
58213,1,2,0,0,1,0.8211
58213,1,2,0,0,1,0.897
58213,1,2,0,0,1,0.8559
58213,1,2,0,0,1,0.7316
58213,1,2,0,0,1,0.711
58213,1,1,0,0,0,0.4138
58213,0,0,0,0,0,0.0137
58213,0,0,0,0,0,0.0187
58213,0,0,0,0,0,0.0458
58213,0,0,1,0,0,0.0057
58213,0,0,0,0,1,0.7777
58213,0,0,0,0,0,0.4078
58213,0,0,0,0,0,0.417
58213,0,0,0,0,0,0.5235
58213,0,0,0,0,0,0.5668
58213,0,0,0,0,0,0.522
58213,0,0,0,0,0,0.2398
58213,0,0,0,0,0,0.1413
58213,0,0,0,0,0,0.5569
58213,0,0,0,0,0,0.1193
58213,0,0,0,0,0,0.2322
58213,0,0,0,0,0,0.1344
58213,0,0,0,0,0,0.2275
58213,0,0,0,0,0,0.3964
58213,0,0,0,1,0,0.4003
58213,0,0,0,0,0,0.4011
58213,0,0,0,0,0,0.3798
58213,0,0,0,0,0,0.3588
58213,0,0,0,0,1,0.7304
58213,0,0,0,0,0,0.2349
58213,0,0,0,0,0,0.5227
58213,0,0,0,0,0,0.5843
58213,0,0,0,0,0,0.1396
58213,0,0,0,0,0,0.2782
58218,1,2,0,1,1,0.987
58218,1,2,0,0,1,0.7906
58218,1,2,0,1,1,0.9861
58218,1,2,0,0,1,0.9876
58218,1,2,0,0,0,0.4825
58218,1,2,0,1,1,0.8177
58218,1,1,0,0,0,0.3732
58218,1,2,0,0,0,0.6298
58218,1,2,0,0,0,0.4942
58218,0,0,0,0,0,0.0064
58218,0,0,0,0,0,0.4269
58218,0,0,0,0,0,0.0573
58218,0,0,0,0,0,0.3572
58218,0,0,0,0,0,0.0105
58218,0,0,0,0,0,0.0063
58218,0,0,0,0,0,0.0229
58218,0,0,1,0,0,0.0094
58218,0,0,0,0,0,0.3726
58218,0,0,0,1,1,0.7204
58218,0,0,0,0,0,0.2515
58218,0,0,0,0,0,0.4009
58218,0,0,0,0,0,0.312
58218,0,0,0,0,0,0.3995
58218,0,0,0,0,0,0.1163
58218,0,0,0,0,0,0.0635
58218,0,0,0,0,0,0.3409
58218,0,0,0,0,0,0.3379
58218,0,0,0,0,1,0.6795
58218,0,0,0,0,0,0.3738
58218,0,0,0,0,1,0.684
58218,0,0,0,0,0,0.4628
58218,0,0,0,0,0,0.4546
58218,0,0,0,0,0,0.3972
58218,0,0,0,0,1,0.6833
58218,0,0,0,0,0,0.445
58218,0,0,0,0,0,0.3198
58219,1,2,0,1,1,0.9911
58219,1,2,0,0,1,0.9712
58219,1,2,0,0,1,0.6988
58219,1,2,0,0,1,0.6633
58219,1,2,0,1,1,0.6858
58219,1,1,0,0,0,0.6582
58219,1,2,0,0,1,0.7877
58219,1,2,0,0,0,0.5415
58219,0,0,0,1,0,0.0117
58219,0,0,0,0,0,0.0142
58219,0,0,0,0,0,0.0141
58219,0,0,0,0,0,0.0137
58219,0,0,1,0,0,0.03
58219,0,0,0,0,0,0.2211
58219,0,0,0,0,0,0.5177
58219,0,0,0,0,0,0.4745
58219,0,0,0,0,0,0.3043
58219,0,0,0,0,0,0.3367
58219,0,0,0,0,0,0.1709
58219,0,0,0,0,0,0.4035
58219,0,0,0,0,0,0.6527
58219,0,0,0,0,0,0.4002
58219,0,0,0,0,0,0.025
58219,0,0,0,0,0,0.5341
58219,0,0,0,0,0,0.4589
58219,0,0,0,0,0,0.4771
58219,0,0,0,0,0,0.5732
58219,0,0,0,0,0,0.5422
58219,0,0,0,0,0,0.4819
58219,0,0,0,0,0,0.1037
58219,0,0,0,0,0,0.5181
58219,0,0,0,0,0,0.521
58219,0,0,0,0,0,0.3441
58219,0,0,0,0,0,0.1846
58219,0,0,0,0,0,0.478
58219,0,0,0,0,0,0.0593
59550,1,2,1,1,1,0.9967
59550,1,2,0,0,1,0.9584
59550,1,2,0,0,0,0.6022
59550,1,2,0,0,0,0.476
59550,1,2,0,0,1,0.9159
59550,1,2,0,0,1,0.8287
59550,1,2,0,0,1,0.9752
59550,1,1,0,0,0,0.485
59550,1,1,0,0,0,0.256
59550,1,1,0,0,0,0.3525
59550,0,0,0,1,0,0.0204
59550,0,0,0,0,0,0.1882
59550,0,0,0,0,0,0.4322
59550,0,0,0,0,0,0.5219
59550,0,0,0,0,0,0.1451
59550,0,0,0,0,0,0.1175
59550,0,0,0,0,0,0.1838
59550,0,0,0,0,0,0.4413
59550,0,0,0,0,0,0.4002
59550,0,0,0,0,1,0.6598
59550,0,0,0,0,0,0.0208
59550,0,0,0,0,0,0.4169
59550,0,0,0,0,0,0.506
59550,0,0,0,0,0,0.0707
59550,0,0,0,0,0,0.2801
59550,0,0,0,0,0,0.1416
59550,0,0,0,0,0,0.0803
59550,0,0,0,0,0,0.443
59550,0,0,0,0,0,0.1101
59550,0,0,0,0,0,0.4947
59550,0,0,0,0,0,0.2007
59550,0,0,0,0,0,0.2492
59550,0,0,0,0,0,0.152
59550,0,0,0,0,0,0.1189
59550,0,0,0,0,0,0.3441
59550,0,0,0,0,0,0.1163
59550,0,0,0,0,0,0.1779
59550,0,0,0,0,0,0.1754
59550,0,0,0,0,0,0.2897
59550,0,0,0,0,0,0.0735
59550,0,0,0,0,0,0.401
59550,0,0,0,0,0,0.1077
58215,1,2,0,1,1,0.9957
58215,1,2,0,0,1,0.9756
58215,1,2,0,0,0,0.6202
58215,1,2,0,1,1,0.8359
58215,1,2,0,0,1,0.9796
58215,1,1,0,0,1,0.6726
58215,1,2,0,0,1,0.7725
58215,1,2,0,0,0,0.3334
58215,1,2,0,0,1,0.7287
58215,1,1,0,0,0,0.2318
58215,0,0,0,0,0,0.0099
58215,0,0,0,0,0,0.3785
58215,0,0,0,0,0,0.5403
58215,0,0,0,0,0,0.3081
58215,0,0,0,0,0,0.0719
58215,0,0,0,0,0,0.1538
58215,0,0,0,0,0,0.3452
58215,0,0,0,0,0,0.3901
58215,0,0,0,0,0,0.4908
58215,0,0,0,0,0,0.1856
58215,0,0,0,0,0,0.3202
58215,0,0,0,0,0,0.3123
58215,0,0,0,0,1,0.6849
58215,0,0,0,0,0,0.1709
58215,0,0,0,0,0,0.3035
58215,0,0,0,0,0,0.2045
58215,0,0,0,0,0,0.1153
58215,0,0,0,0,0,0.5709
58215,0,0,0,0,0,0.2601
58215,0,0,0,0,0,0.6523
58215,0,0,0,0,0,0.3419
58215,0,0,0,0,0,0.6487
58215,0,0,0,0,0,0.2184
58215,0,0,0,0,0,0.2614
58215,0,0,0,0,0,0.3084
58215,0,0,0,0,0,0.2769
58215,0,0,0,0,0,0.3277
58215,0,0,0,0,0,0.392
59551,1,2,0,1,1,0.9958
59551,1,2,0,0,1,0.9737
59551,1,2,0,0,1,0.9705
59551,1,2,0,0,0,0.4672
59551,1,2,0,0,1,0.9539
59551,1,2,0,0,0,0.4937
59551,1,1,0,0,0,0.4063
59551,1,2,0,0,0,0.6278
59551,1,1,0,0,0,0.349
59551,1,2,0,0,0,0.3385
59551,1,2,0,0,0,0.0664
59551,0,0,0,0,0,0.0267
59551,0,0,0,0,0,0.1381
59551,0,0,0,0,0,0.3559
59551,0,0,0,0,0,0.148
59551,0,0,0,0,0,0.3205
59551,0,0,0,0,0,0.0944
59551,0,0,0,0,0,0.1869
59551,0,0,0,0,0,0.4381
59551,0,0,0,0,0,0.2743
59551,0,0,0,0,1,0.6968
59551,0,0,0,0,0,0.3004
59551,0,0,0,0,0,0.0835
59551,0,0,0,0,0,0.5127
59551,0,0,0,0,0,0.3227
59551,0,0,0,0,0,0.0774
59551,0,0,0,0,0,0.1834
59551,0,0,0,0,0,0.4181
59551,0,0,0,0,0,0.2707
59551,0,0,0,0,0,0.2048
59551,0,0,0,0,0,0.438
59551,0,0,0,0,0,0.1531
59551,0,0,0,0,0,0.2436
59551,0,0,0,1,0,0.2439
59551,0,0,0,0,0,0.115
59551,0,0,0,0,0,0.3099
59551,0,0,0,0,0,0.1278
59551,0,0,0,0,0,0.2452
59551,0,0,0,0,0,0.3393
59551,0,0,0,0,0,0.3438
59552,1,2,0,1,1,0.9948
59552,1,2,0,0,1,0.9257
59552,1,2,0,0,0,0.2396
59552,1,2,0,0,0,0.5598
59552,1,2,0,0,1,0.8729
59552,1,2,0,0,0,0.4202
59552,1,2,0,0,1,0.7204
59552,1,2,0,0,0,0.4377
59552,1,1,0,0,1,0.849
59552,1,1,0,0,1,0.9554
59552,1,1,0,0,0,0.2611
59552,0,0,0,1,0,0.0033
59552,0,0,0,0,0,0.3302
59552,0,0,0,0,0,0.4394
59552,0,0,0,1,1,0.6693
59552,0,0,0,0,0,0.37
59552,0,0,0,0,0,0.1786
59552,0,0,0,0,0,0.1382
59552,0,0,0,0,0,0.5353
59552,0,0,0,0,0,0.6199
59552,0,0,0,0,0,0.243
59552,0,0,0,0,0,0.2896
59552,0,0,0,0,0,0.2702
59552,0,0,0,0,0,0.0108
59552,0,0,0,0,0,0.0587
59552,0,0,0,0,0,0.2721
59552,0,0,0,0,0,0.5943
59552,0,0,0,0,0,0.1858
59552,0,0,0,0,0,0.4502
59552,0,0,0,0,0,0.3901
59552,0,0,0,0,0,0.2928
59552,0,0,0,0,0,0.1475
59552,0,0,0,0,0,0.4402
59552,0,0,0,0,0,0.4269
59552,0,0,0,0,0,0.4824
59552,0,0,0,1,0,0.0895
59552,0,0,0,0,0,0.4192
59552,0,0,0,0,0,0.2737
59552,0,0,0,0,0,0.3893
59552,0,0,0,0,0,0.3999
59554,1,2,1,1,1,0.9974
59554,1,2,0,1,1,0.9838
59554,1,2,0,0,1,0.7995
59554,1,2,0,0,1,0.9919
59554,1,2,0,0,0,0.4237
59554,1,2,0,0,0,0.4582
59554,1,2,0,0,0,0.4693
59554,1,1,0,1,0,0.2061
59554,1,2,0,0,1,0.7189
59554,1,1,0,0,0,0.2141
59554,0,0,0,0,0,0.0146
59554,0,0,0,1,0,0.2599
59554,0,0,0,1,0,0.1568
59554,0,0,0,0,0,0.2632
59554,0,0,0,0,0,0.1917
59554,0,0,0,0,0,0.1252
59554,0,0,0,0,1,0.659
59554,0,0,0,0,0,0.6546
59554,0,0,0,0,0,0.4238
59554,0,0,0,1,1,0.6686
59554,0,0,0,0,0,0.4088
59554,0,0,1,0,0,0.6582
59554,0,0,0,0,0,0.0942
59554,0,0,0,0,0,0.2946
59554,0,0,0,0,0,0.0752
59554,0,0,0,0,0,0.3652
59554,0,0,0,0,0,0.3938
59554,0,0,0,0,0,0.3592
59554,0,0,0,0,0,0.3286
59554,0,0,0,0,1,0.8551
59554,0,0,0,0,0,0.1894
59554,0,0,0,0,0,0.5144
59554,0,0,0,0,0,0.3224
59554,0,0,0,0,0,0.5495
59554,0,0,0,0,0,0.2633
59554,0,0,0,0,0,0.1739
59554,0,0,0,0,0,0.2183
59554,0,0,0,0,0,0.2619
59553,1,2,1,1,1,0.987
59553,1,2,0,0,1,0.9843
59553,1,2,0,0,1,0.8157
59553,1,2,0,0,0,0.4074
59553,1,2,0,0,0,0.6393
59553,1,2,0,0,0,0.556
59553,1,2,0,0,0,0.257
59553,1,2,0,0,0,0.4053
59553,1,1,0,0,0,0.5145
59553,1,2,0,0,0,0.2546
59553,1,2,0,0,0,0.3828
59553,1,2,0,0,0,0.2469
59553,0,0,0,0,0,0.0113
59553,0,0,0,0,0,0.2661
59553,0,0,0,0,0,0.4848
59553,0,0,0,0,0,0.3414
59553,0,0,0,0,0,0.2255
59553,0,0,0,0,0,0.121
59553,0,0,0,0,0,0.1484
59553,0,0,0,0,0,0.3105
59553,0,0,0,0,0,0.4247
59553,0,0,0,0,0,0.5522
59553,0,0,0,0,0,0.3562
59553,0,0,0,0,0,0.1695
59553,0,0,0,0,0,0.3604
59553,0,0,0,0,0,0.3582
59553,0,0,0,0,0,0.1115
59553,0,0,0,0,0,0.0045
59553,0,0,0,0,0,0.331
59553,0,0,0,0,0,0.1805
59553,0,0,0,0,0,0.5196
59553,0,0,0,0,0,0.332
59553,0,0,0,0,0,0.5612
59553,0,0,0,0,0,0.2468
59553,0,0,0,0,0,0.2499
59553,0,0,0,0,0,0.4467
59553,0,0,0,0,0,0.3793
59553,0,0,0,0,0,0.6298
59553,0,0,0,0,0,0.3966
59553,0,0,0,0,0,0.0867
59553,0,0,0,0,0,0.403
59553,0,0,0,0,0,0.3789
59553,0,0,0,0,0,0.3758
59555,1,2,0,1,1,0.9909
59555,1,2,0,1,1,0.8121
59555,1,2,0,0,1,0.8978
59555,1,2,0,1,1,0.9029
59555,1,2,0,0,1,0.7486
59555,1,1,0,0,0,0.5247
59555,1,2,0,0,1,0.7069
59555,1,1,0,0,0,0.3269
59555,1,1,0,0,0,0.5768
59555,1,2,0,1,1,0.9927
59555,1,1,0,0,0,0.4039
59555,0,0,0,0,0,0.0069
59555,0,0,0,1,1,0.7523
59555,0,0,0,0,0,0.2879
59555,0,0,0,0,0,0.2567
59555,0,0,0,0,0,0.3233
59555,0,0,0,0,0,0.2486
59555,0,0,0,0,0,0.0686
59555,0,0,0,0,0,0.3337
59555,0,0,0,1,1,0.8222
59555,0,0,0,0,0,0.4341
59555,0,0,0,0,0,0.4563
59555,0,0,0,0,0,0.0288
59555,0,0,0,0,0,0.2565
59555,0,0,0,0,0,0.3696
59555,0,0,0,0,0,0.5582
59555,0,0,0,0,0,0.0525
59555,0,0,0,1,0,0.1409
59555,0,0,0,0,0,0.5046
59555,0,0,0,0,0,0.1173
59555,0,0,0,0,0,0.1568
59555,0,0,0,0,0,0.3992
59555,0,0,0,0,0,0.1493
59555,0,0,0,0,0,0.013
59555,0,0,0,0,0,0.1313
59555,0,0,0,0,0,0.1556
59555,0,0,0,0,0,0.3761
59555,0,0,0,0,0,0.2223
59555,0,0,0,0,0,0.1485
59555,0,0,0,0,0,0.4625
59555,0,0,0,0,0,0.0657
59556,1,2,0,1,1,0.9856
59556,1,2,0,1,1,0.9309
59556,1,2,0,0,1,0.7526
59556,1,2,0,0,1,0.9652
59556,1,2,0,0,1,0.6654
59556,1,2,0,0,1,0.8576
59556,1,2,0,0,1,0.7565
59556,1,2,0,0,1,0.7463
59556,1,1,0,0,0,0.251
59556,1,2,0,1,1,0.9344
59556,1,2,0,0,0,0.4924
59556,0,0,0,0,0,0.0128
59556,0,0,0,0,0,0.5313
59556,0,0,0,0,0,0.3687
59556,0,0,0,1,0,0.2191
59556,0,0,0,0,0,0.3447
59556,0,0,0,0,0,0.2124
59556,0,0,0,0,0,0.4315
59556,0,0,0,0,0,0.6567
59556,0,0,0,0,0,0.259
59556,0,0,0,0,0,0.4396
59556,0,0,0,0,0,0.6017
59556,0,0,0,0,0,0.223
59556,0,0,0,0,0,0.6497
59556,0,0,0,0,0,0.3077
59556,0,0,0,0,0,0.1334
59556,0,0,0,0,0,0.3813
59556,0,0,0,0,0,0.0357
59556,0,0,0,0,0,0.3416
59556,0,0,0,0,0,0.4805
59556,0,0,0,0,0,0.373
59556,0,0,0,0,0,0.4105
59556,0,0,0,0,0,0.2415
59556,0,0,0,0,0,0.5339
59556,0,0,0,1,1,0.9199
59556,0,0,0,1,0,0.3721
59556,0,0,0,0,0,0.2636
59556,0,0,0,0,0,0.4048
59556,0,0,0,0,0,0.4145
59556,0,0,0,0,0,0.23
59556,0,0,0,0,0,0.3734
59556,0,0,0,0,0,0.5993
59556,0,0,0,0,0,0.5131
59429,1,3,0,1,1,0.9968
59429,1,3,0,1,1,0.9505
59429,1,2,0,0,0,0.3358
59429,1,3,0,0,0,0.5635
59429,1,3,0,1,0,0.4582
59429,1,3,1,1,1,0.9905
59429,1,3,0,0,1,0.7554
59429,1,3,0,0,0,0.2686
59429,1,3,0,1,1,0.9517
59429,1,1,0,0,0,0.3487
59429,0,0,0,0,0,0.0042
59429,0,0,0,0,0,0.2674
59429,0,0,0,0,0,0.4911
59429,0,0,0,0,1,0.6854
59429,0,0,0,0,0,0.2636
59429,0,0,0,0,0,0.2509
59429,0,0,0,0,0,0.2781
59429,0,0,0,0,1,0.7929
59429,0,0,0,0,0,0.3797
59429,0,0,0,0,0,0.3242
59429,0,0,0,0,0,0.3853
59429,0,0,0,0,0,0.5728
59429,0,0,0,0,0,0.2398
59429,0,0,0,0,1,0.6659
59429,0,0,0,0,0,0.3017
59429,0,0,0,0,0,0.1865
59429,0,0,0,0,0,0.3867
59429,0,0,0,0,0,0.2471
59429,0,0,0,0,0,0.6431
59429,0,0,0,0,0,0.0726
59429,0,0,0,0,0,0.3406
59429,0,0,0,0,0,0.4365
59429,0,0,0,0,0,0.1715
59429,0,0,0,0,0,0.3966
59429,0,0,0,0,0,0.5378
59429,0,0,0,0,0,0.3763
59429,0,0,0,0,0,0.3401
59429,0,0,0,0,0,0.2445
59430,1,3,0,1,1,0.9751
59430,1,3,1,1,1,0.9906
59430,1,3,0,0,1,0.9838
59430,1,2,0,0,1,0.7732
59430,1,3,0,1,1,0.9705
59430,1,3,0,0,1,0.6952
59430,1,2,0,0,0,0.6313
59430,1,2,0,0,0,0.4202
59430,1,2,0,0,1,0.9072
59430,0,0,0,1,0,0.0112
59430,0,0,0,0,0,0.3535
59430,0,0,0,0,0,0.2877
59430,0,0,0,0,0,0.1403
59430,0,0,0,0,0,0.1231
59430,0,0,0,0,0,0.0732
59430,0,0,0,0,0,0.1299
59430,0,0,0,0,0,0.5485
59430,0,0,0,0,0,0.3485
59430,0,0,0,1,0,0.6114
59430,0,0,0,0,0,0.4347
59430,0,0,0,0,0,0.049
59430,0,0,0,1,0,0.4617
59430,0,0,0,0,0,0.2364
59430,0,0,0,0,0,0.2894
59430,0,0,0,0,0,0.0878
59430,0,0,0,0,0,0.2343
59430,0,0,0,0,0,0.4361
59430,0,0,0,0,0,0.5526
59430,0,0,0,0,0,0.5243
59430,0,0,0,0,0,0.519
59430,0,0,0,0,0,0.6535
59430,0,0,0,0,0,0.2828
59430,0,0,0,0,0,0.4256
59430,0,0,0,0,0,0.5405
59430,0,0,0,0,0,0.2822
59430,0,0,0,0,0,0.3383
59430,0,0,0,0,0,0.424
59430,0,0,0,0,0,0.2718
59433,1,3,0,0,1,0.9945
59433,1,3,0,1,1,0.9657
59433,1,3,0,0,1,0.8182
59433,1,3,0,0,0,0.2845
59433,1,3,0,0,1,0.68
59433,1,3,1,1,1,0.9183
59433,1,2,0,1,1,0.8107
59433,1,2,0,0,0,0.374
59433,1,2,0,0,0,0.4496
59433,1,2,0,0,1,0.8469
59433,1,2,0,0,0,0.0858
59433,0,0,0,0,0,0.0085
59433,0,0,0,0,0,0.3678
59433,0,0,0,0,0,0.5578
59433,0,0,0,1,0,0.6464
59433,0,0,0,0,0,0.2962
59433,0,0,0,0,0,0.0584
59433,0,0,0,0,0,0.1696
59433,0,0,0,0,1,0.671
59433,0,0,0,0,0,0.3319
59433,0,0,0,0,1,0.6986
59433,0,0,0,0,0,0.181
59433,0,0,0,0,0,0.411
59433,0,0,0,0,0,0.125
59433,0,0,0,0,0,0.1013
59433,0,0,0,0,0,0.4718
59433,0,0,0,0,0,0.3979
59433,0,0,0,0,0,0.273
59433,0,0,0,0,0,0.3711
59433,0,0,0,0,0,0.5277
59433,0,0,0,1,0,0.569
59433,0,0,0,0,0,0.4646
59433,0,0,0,0,0,0.5401
59433,0,0,0,0,0,0.252
59433,0,0,0,0,0,0.061
59433,0,0,0,0,0,0.417
59433,0,0,0,0,0,0.3547
59433,0,0,0,0,0,0.2791
59433,0,0,0,0,0,0.4119
59433,0,0,0,0,0,0.2698
59431,1,3,1,1,1,0.997
59431,1,3,0,1,1,0.9652
59431,1,3,0,0,1,0.9558
59431,1,2,0,0,1,0.6849
59431,1,3,0,1,1,0.7737
59431,1,3,0,0,1,0.8462
59431,1,2,0,0,0,0.5507
59431,1,2,0,0,0,0.5479
59431,1,2,0,1,0,0.5094
59431,1,2,0,0,1,0.69
59431,1,2,0,0,0,0.2965
59431,0,0,0,0,0,0.0048
59431,0,0,0,1,0,0.5213
59431,0,0,0,0,0,0.1448
59431,0,0,0,0,0,0.0921
59431,0,0,0,0,0,0.1585
59431,0,0,0,0,0,0.2655
59431,0,0,0,0,1,0.7669
59431,0,0,0,0,0,0.4203
59431,0,0,0,0,0,0.5738
59431,0,0,0,0,0,0.4433
59431,0,0,0,0,0,0.0085
59431,0,0,0,0,0,0.1921
59431,0,0,0,0,0,0.2692
59431,0,0,0,0,0,0.0644
59431,0,0,0,0,0,0.0343
59431,0,0,0,0,0,0.3016
59431,0,0,0,0,0,0.0524
59431,0,0,0,0,0,0.4644
59431,0,0,0,0,0,0.489
59431,0,0,0,0,0,0.3611
59431,0,0,0,0,0,0.581
59431,0,0,0,0,0,0.5853
59431,0,0,0,1,0,0.4548
59431,0,0,0,0,0,0.319
59431,0,0,0,0,0,0.548
59431,0,0,0,0,0,0.2897
59431,0,0,0,0,0,0.1039
59431,0,0,0,0,0,0.511
59431,0,0,0,0,0,0.2551
59431,0,0,0,0,0,0.4039
59434,1,3,0,0,1,0.9933
59434,1,3,0,1,1,0.9286
59434,1,2,0,0,1,0.8165
59434,1,3,0,1,0,0.6343
59434,1,3,0,0,0,0.2986
59434,1,3,1,1,1,0.7687
59434,1,3,0,0,1,0.7035
59434,1,2,0,1,1,0.762
59434,1,3,0,0,0,0.6476
59434,1,1,0,0,0,0.5417
59434,1,1,0,0,0,0.2814
59434,1,3,0,0,0,0.2634
59434,1,1,0,0,0,0.2941
59434,0,0,0,0,0,0.0092
59434,0,0,0,0,0,0.4925
59434,0,0,0,1,0,0.6426
59434,0,0,0,0,0,0.1442
59434,0,0,0,0,0,0.2386
59434,0,0,0,0,0,0.0497
59434,0,0,0,0,0,0.5134
59434,0,0,0,0,0,0.6261
59434,0,0,0,0,0,0.4027
59434,0,0,0,0,0,0.5708
59434,0,0,0,0,0,0.518
59434,0,0,0,0,0,0.5988
59434,0,0,0,0,0,0.3354
59434,0,0,0,0,0,0.2418
59434,0,0,0,0,0,0.2186
59434,0,0,1,0,0,0.3795
59434,0,0,0,0,0,0.2943
59434,0,0,0,0,0,0.1718
59434,0,0,0,0,0,0.3496
59434,0,0,0,0,0,0.5112
59434,0,0,0,0,0,0.321
59434,0,0,0,0,0,0.1954
59434,0,0,0,0,0,0.3467
59434,0,0,0,0,1,0.7273
59434,0,0,0,0,0,0.4485
59434,0,0,0,0,0,0.5417
59434,0,0,0,0,0,0.4671
59434,0,0,0,0,0,0.285
59434,0,0,0,0,0,0.1919
59434,0,0,0,0,0,0.3191
59432,1,3,1,1,1,0.9967
59432,1,3,0,0,1,0.9691
59432,1,3,0,0,1,0.8445
59432,1,3,0,0,0,0.563
59432,1,2,0,1,1,0.7354
59432,1,3,0,0,0,0.645
59432,1,3,0,0,0,0.3446
59432,1,2,0,0,1,0.6785
59432,1,3,0,0,1,0.6953
59432,1,2,0,0,0,0.6554
59432,1,2,0,0,1,0.9275
59432,1,2,0,0,0,0.2788
59432,0,0,0,0,0,0.0063
59432,0,0,0,0,0,0.4136
59432,0,0,0,0,0,0.3578
59432,0,0,0,0,0,0.1504
59432,0,0,0,0,0,0.5004
59432,0,0,0,0,0,0.098
59432,0,0,0,0,0,0.4887
59432,0,0,0,0,0,0.3843
59432,0,0,0,0,1,0.6874
59432,0,0,0,0,0,0.4584
59432,0,0,0,0,0,0.1246
59432,0,0,0,0,0,0.3217
59432,0,0,0,0,0,0.3215
59432,0,0,0,0,0,0.0658
59432,0,0,0,0,0,0.3523
59432,0,0,0,0,0,0.0915
59432,0,0,0,0,0,0.5184
59432,0,0,0,0,0,0.601
59432,0,0,0,0,0,0.5371
59432,0,0,0,0,0,0.4496
59432,0,0,0,0,0,0.4033
59432,0,0,0,0,0,0.4545
59432,0,0,0,0,0,0.2859
59432,0,0,0,0,0,0.3583
59432,0,0,0,0,0,0.4783
59432,0,0,0,0,0,0.2888
59432,0,0,0,0,0,0.1795
59435,1,3,1,1,1,0.9974
59435,1,3,0,1,1,0.8372
59435,1,3,0,0,0,0.5867
59435,1,2,0,0,0,0.3
59435,1,3,0,0,1,0.7937
59435,1,2,0,0,1,0.936
59435,1,3,0,0,0,0.4945
59435,1,3,0,0,0,0.6468
59435,1,2,0,0,0,0.4859
59435,1,2,0,0,0,0.4969
59435,1,1,0,0,0,0.3864
59435,1,2,0,0,0,0.371
59435,0,0,0,0,0,0.0087
59435,0,0,0,0,0,0.5189
59435,0,0,0,0,0,0.3917
59435,0,0,0,1,0,0.1801
59435,0,0,0,0,0,0.4815
59435,0,0,0,0,0,0.0442
59435,0,0,0,0,0,0.5583
59435,0,0,0,0,0,0.2863
59435,0,0,0,0,1,0.7829
59435,0,0,0,0,0,0.2849
59435,0,0,0,0,0,0.5286
59435,0,0,0,0,0,0.2401
59435,0,0,0,0,0,0.106
59435,0,0,0,0,0,0.1262
59435,0,0,0,0,0,0.2239
59435,0,0,0,0,0,0.2347
59435,0,0,0,0,0,0.2454
59435,0,0,0,0,0,0.6252
59435,0,0,0,0,0,0.5118
59435,0,0,0,0,1,0.675
59435,0,0,0,0,0,0.5485
59435,0,0,0,0,0,0.4451
59435,0,0,0,0,0,0.4869
59435,0,0,0,0,0,0.3895
59435,0,0,0,0,0,0.4907
59435,0,0,0,0,0,0.4913
59435,0,0,0,0,0,0.3031
59435,0,0,0,0,0,0.3453
59435,0,0,0,0,0,0.4634
59436,1,3,1,1,1,0.9853
59436,1,3,0,1,1,0.967
59436,1,3,0,1,1,0.9825
59436,1,3,0,0,0,0.2923
59436,1,3,0,0,1,0.9184
59436,1,3,0,0,1,0.7043
59436,1,3,0,0,1,0.6604
59436,1,3,0,0,0,0.4361
59436,1,3,0,0,0,0.4454
59436,1,2,0,0,0,0.4392
59436,1,1,0,0,0,0.5266
59436,0,0,0,0,0,0.0146
59436,0,0,0,0,0,0.2365
59436,0,0,0,0,0,0.5819
59436,0,0,0,0,0,0.2825
59436,0,0,0,0,0,0.3807
59436,0,0,0,0,0,0.1477
59436,0,0,0,0,0,0.2493
59436,0,0,0,0,0,0.5858
59436,0,0,0,0,0,0.4393
59436,0,0,0,0,0,0.4435
59436,0,0,0,0,0,0.2657
59436,0,0,1,0,0,0.3044
59436,0,0,0,0,0,0.4161
59436,0,0,0,0,0,0.1313
59436,0,0,0,0,0,0.5035
59436,0,0,0,0,0,0.3295
59436,0,0,0,0,0,0.2138
59436,0,0,0,0,0,0.15
59436,0,0,0,0,0,0.5277
59436,0,0,0,0,0,0.6237
59436,0,0,0,1,0,0.4907
59436,0,0,0,1,0,0.4177
59436,0,0,0,0,0,0.1411
59436,0,0,0,0,0,0.138
59436,0,0,0,0,0,0.1245
59436,0,0,0,0,0,0.0768
59436,0,0,0,0,0,0.3364
59436,0,0,0,0,0,0.2566
59436,0,0,0,0,0,0.2589
59436,0,0,0,0,0,0.6441
59436,0,0,0,0,0,0.0717
59842,1,2,0,1,1,0.9949
59842,1,2,0,0,1,0.991
59842,1,2,0,0,0,0.5458
59842,1,2,0,1,0,0.5621
59842,1,2,0,0,1,0.7595
59842,1,2,0,0,0,0.4492
59842,1,2,0,0,1,0.9172
59842,1,1,0,1,0,0.0939
59842,1,2,0,1,0,0.4524
59842,1,2,0,0,1,0.8839
59842,1,2,0,0,0,0.3722
59842,0,0,0,1,0,0.0304
59842,0,0,0,0,0,0.4268
59842,0,0,0,0,0,0.3014
59842,0,0,0,0,0,0.1396
59842,0,0,0,0,0,0.1261
59842,0,0,0,0,0,0.156
59842,0,0,0,0,0,0.2483
59842,0,0,0,0,0,0.4289
59842,0,0,0,0,0,0.4826
59842,0,0,0,0,0,0.2138
59842,0,0,0,0,0,0.3914
59842,0,0,1,0,0,0.3869
59842,0,0,0,0,0,0.3039
59842,0,0,0,0,0,0.1993
59842,0,0,0,0,0,0.2669
59842,0,0,0,0,0,0.015
59842,0,0,0,0,0,0.2887
59842,0,0,0,0,0,0.0081
59842,0,0,0,0,0,0.1943
59842,0,0,0,0,0,0.3346
59842,0,0,0,0,0,0.2097
59842,0,0,0,0,0,0.2491
59842,0,0,0,0,0,0.1122
59842,0,0,0,0,1,0.7195
59842,0,0,0,0,0,0.5512
59842,0,0,0,0,0,0.2175
59842,0,0,0,0,0,0.4278
59842,0,0,0,0,0,0.0732
59842,0,0,0,0,0,0.2438
59842,0,0,0,0,0,0.2949
59842,0,0,0,0,0,0.5735
59842,0,0,0,0,0,0.1942
59437,1,3,0,1,1,0.9958
59437,1,3,0,0,1,0.92
59437,1,2,0,1,1,0.6638
59437,1,3,0,0,0,0.4923
59437,1,3,1,1,1,0.9763
59437,1,3,0,1,0,0.4977
59437,1,2,0,0,0,0.5489
59437,1,2,0,0,0,0.4929
59437,1,2,0,0,0,0.3779
59437,1,3,0,0,0,0.5822
59437,1,2,0,0,0,0.2588
59437,0,0,0,0,0,0.0064
59437,0,0,0,0,1,0.671
59437,0,0,0,0,0,0.2978
59437,0,0,0,0,0,0.3265
59437,0,0,0,0,0,0.1385
59437,0,0,0,0,0,0.0753
59437,0,0,0,0,0,0.2776
59437,0,0,0,0,1,0.7779
59437,0,0,0,1,1,0.7432
59437,0,0,0,0,0,0.4099
59437,0,0,0,0,0,0.4127
59437,0,0,0,0,0,0.4844
59437,0,0,0,0,0,0.459
59437,0,0,0,0,0,0.3278
59437,0,0,0,0,0,0.4184
59437,0,0,0,0,0,0.2955
59437,0,0,0,0,0,0.4278
59437,0,0,0,0,0,0.4517
59437,0,0,0,0,0,0.2444
59437,0,0,0,0,0,0.3909
59437,0,0,0,0,0,0.5675
59437,0,0,0,0,1,0.6694
59437,0,0,0,0,0,0.1627
59437,0,0,0,0,0,0.2393
59437,0,0,0,0,0,0.0431
59437,0,0,0,0,0,0.5402
59437,0,0,0,0,0,0.4446
59437,0,0,0,0,0,0.4818
59437,0,0,0,0,0,0.4
59437,0,0,0,0,0,0.2037
59843,1,2,0,1,1,0.993
59843,1,2,0,1,1,0.6924
59843,1,2,0,0,1,0.8933
59843,1,2,0,0,1,0.7987
59843,1,2,0,0,1,0.6971
59843,1,1,0,0,0,0.5742
59843,1,2,0,0,1,0.8337
59843,1,1,0,0,0,0.0239
59843,1,2,0,0,0,0.4388
59843,1,2,0,0,0,0.2727
59843,0,0,0,0,0,0.0607
59843,0,0,0,0,0,0.2759
59843,0,0,0,0,0,0.368
59843,0,0,0,0,0,0.3478
59843,0,0,0,0,0,0.0745
59843,0,0,0,0,0,0.2667
59843,0,0,0,0,0,0.2763
59843,0,0,0,0,0,0.5874
59843,0,0,0,1,0,0.3128
59843,0,0,0,0,0,0.0472
59843,0,0,0,0,0,0.3401
59843,0,0,0,0,0,0.3469
59843,0,0,0,0,0,0.1423
59843,0,0,0,0,0,0.2894
59843,0,0,0,0,0,0.1343
59843,0,0,0,0,0,0.2876
59843,0,0,0,0,0,0.1309
59843,0,0,0,0,0,0.2722
59843,0,0,0,0,0,0.2188
59843,0,0,0,1,0,0.0525
59843,0,0,0,0,0,0.2499
59843,0,0,0,0,0,0.3908
59843,0,0,0,0,0,0.1843
59843,0,0,0,0,0,0.3955
59843,0,0,0,0,1,0.6823
59843,0,0,0,0,0,0.1644
59843,0,0,0,0,0,0.1684
59843,0,0,0,0,0,0.3504
59844,1,2,1,0,1,0.9977
59844,1,2,0,1,1,0.9758
59844,1,2,0,0,1,0.6937
59844,1,2,0,0,0,0.3818
59844,1,2,0,0,1,0.7105
59844,1,2,0,0,1,0.9767
59844,1,1,0,1,0,0.4975
59844,1,1,0,0,0,0.545
59844,0,0,0,0,0,0.0122
59844,0,0,0,1,0,0.3832
59844,0,0,0,0,0,0.4155
59844,0,0,0,0,0,0.0732
59844,0,0,0,0,0,0.297
59844,0,0,0,0,0,0.1867
59844,0,0,0,0,0,0.1296
59844,0,0,0,0,0,0.5218
59844,0,0,0,0,0,0.2596
59844,0,0,0,0,0,0.1905
59844,0,0,0,0,0,0.0677
59844,0,0,0,0,0,0.5203
59844,0,0,0,0,0,0.4323
59844,0,0,0,0,0,0.0136
59844,0,0,0,0,0,0.0827
59844,0,0,0,0,0,0.2643
59844,0,0,0,0,0,0.373
59844,0,0,0,0,0,0.5743
59844,0,0,0,0,0,0.4008
59844,0,0,0,0,0,0.4753
59844,0,0,0,0,0,0.4238
59844,0,0,0,0,0,0.3188
59844,0,0,0,0,0,0.2255
59844,0,0,0,0,0,0.3863
59844,0,0,0,0,0,0.1117
59844,0,0,0,0,0,0.5708
59844,0,0,0,0,0,0.3315
59844,0,0,0,0,0,0.5322
59844,0,0,0,0,0,0.2579
59846,1,2,0,1,1,0.9965
59846,1,2,0,1,1,0.9915
59846,1,2,0,0,0,0.4203
59846,1,2,0,0,0,0.3364
59846,1,2,0,0,0,0.5172
59846,1,2,0,0,0,0.373
59846,1,2,0,1,1,0.9732
59846,1,2,0,0,0,0.5641
59846,1,2,0,0,0,0.1631
59846,1,2,0,0,0,0.4231
59846,1,2,0,0,0,0.4506
59846,0,0,0,0,0,0.0084
59846,0,0,0,0,0,0.376
59846,0,0,0,0,0,0.2092
59846,0,0,0,0,1,0.6644
59846,0,0,0,0,0,0.1523
59846,0,0,0,0,0,0.2825
59846,0,0,0,0,0,0.3354
59846,0,0,0,0,0,0.4248
59846,0,0,0,0,0,0.3293
59846,0,0,0,0,0,0.5175
59846,0,0,0,0,0,0.3215
59846,0,0,0,0,0,0.3506
59846,0,0,0,0,1,0.6609
59846,0,0,0,0,0,0.1311
59846,0,0,0,0,0,0.3001
59846,0,0,0,0,0,0.0099
59846,0,0,0,0,0,0.3145
59846,0,0,0,0,0,0.2701
59846,0,0,0,0,0,0.3602
59846,0,0,0,0,0,0.3156
59846,0,0,0,0,0,0.309
59846,0,0,0,0,0,0.5071
59846,0,0,0,1,0,0.4551
59846,0,0,0,0,0,0.3695
59846,0,0,0,0,0,0.269
59846,0,0,0,0,0,0.0331
59846,0,0,0,0,0,0.3039
59846,0,0,0,0,0,0.3615
59846,0,0,0,0,0,0.4775
59846,0,0,0,0,0,0.3248
59846,0,0,0,0,0,0.0154
59846,0,0,0,0,0,0.1936
59847,1,2,0,1,1,0.9955
59847,1,2,0,1,0,0.5908
59847,1,2,0,0,1,0.7118
59847,1,2,0,0,0,0.4458
59847,1,2,0,0,0,0.3236
59847,1,2,0,0,0,0.224
59847,1,2,0,0,0,0.6315
59847,1,2,0,0,1,0.9046
59847,1,2,0,0,0,0.3177
59847,1,2,0,0,0,0.6026
59847,1,2,0,0,0,0.3278
59847,1,2,0,0,1,0.7868
59847,1,2,0,0,0,0.4272
59847,0,0,0,0,0,0.0054
59847,0,0,0,0,0,0.3317
59847,0,0,0,0,0,0.1876
59847,0,0,0,0,0,0.3095
59847,0,0,0,0,0,0.1342
59847,0,0,0,0,0,0.3325
59847,0,0,0,0,0,0.059
59847,0,0,0,0,0,0.2201
59847,0,0,0,0,0,0.4482
59847,0,0,0,0,0,0.5517
59847,0,0,0,0,0,0.3115
59847,0,0,0,0,0,0.2488
59847,0,0,0,0,0,0.3188
59847,0,0,0,0,0,0.0797
59847,0,0,0,0,0,0.0247
59847,0,0,0,0,0,0.0845
59847,0,0,0,0,0,0.3339
59847,0,0,0,0,0,0.0258
59847,0,0,0,0,0,0.2312
59847,0,0,0,0,0,0.0648
59847,0,0,0,0,0,0.4935
59847,0,0,0,0,0,0.1306
59847,0,0,0,0,0,0.379
59847,0,0,0,0,0,0.4183
59847,0,0,0,0,0,0.1269
59847,0,0,0,0,0,0.6088
59847,0,0,0,0,0,0.1496
59847,0,0,0,0,0,0.4018
59847,0,0,0,0,0,0.4828
59847,0,0,0,0,0,0.3997
59847,0,0,0,0,0,0.3087
59841,1,2,0,0,1,0.9965
59841,1,2,0,0,1,0.7465
59841,1,2,0,0,0,0.5946
59841,1,2,1,0,1,0.9617
59841,1,2,0,0,1,0.783
59841,1,1,0,0,0,0.384
59841,1,1,0,0,0,0.3488
59841,1,1,0,0,1,0.7859
59841,1,1,0,0,0,0.2404
59841,0,0,0,0,0,0.0066
59841,0,0,0,0,0,0.3202
59841,0,0,0,0,0,0.4294
59841,0,0,0,0,0,0.1472
59841,0,0,0,0,0,0.3769
59841,0,0,0,0,0,0.1
59841,0,0,0,0,0,0.2613
59841,0,0,0,0,0,0.2913
59841,0,0,0,0,0,0.5346
59841,0,0,0,0,0,0.1642
59841,0,0,0,0,0,0.1065
59841,0,0,0,0,0,0.3738
59841,0,0,0,0,0,0.3981
59841,0,0,0,0,0,0.2497
59841,0,0,0,0,0,0.0111
59841,0,0,0,0,0,0.4793
59841,0,0,0,0,0,0.1277
59841,0,0,0,0,0,0.0904
59841,0,0,0,0,0,0.3354
59841,0,0,0,0,0,0.3782
59841,0,0,0,0,0,0.2677
59841,0,0,0,0,0,0.2273
59841,0,0,0,0,0,0.5448
59841,0,0,0,0,0,0.2974
59841,0,0,0,0,0,0.5139
59841,0,0,0,1,0,0.4131
59841,0,0,0,0,0,0.4552
59841,0,0,0,0,0,0.2511
59841,0,0,0,0,0,0.5375
59841,0,0,0,0,0,0.2741
59848,1,2,0,0,1,0.9898
59848,1,2,0,0,1,0.9888
59848,1,2,0,0,0,0.5349
59848,1,2,0,0,0,0.1761
59848,1,2,0,0,0,0.2308
59848,1,2,0,0,0,0.1594
59848,1,2,0,1,1,0.8483
59848,1,1,0,1,0,0.3917
59848,1,1,0,0,1,0.8731
59848,1,1,0,0,0,0.0892
59848,1,2,0,0,1,0.7079
59848,1,1,0,0,0,0.1489
59848,0,0,0,0,0,0.0124
59848,0,0,0,0,0,0.1616
59848,0,0,0,0,0,0.159
59848,0,0,0,0,0,0.4125
59848,0,0,0,0,0,0.1396
59848,0,0,0,0,0,0.0305
59848,0,0,0,0,0,0.2596
59848,0,0,0,0,0,0.2488
59848,0,0,0,0,0,0.6046
59848,0,0,0,0,0,0.5179
59848,0,0,0,0,0,0.2037
59848,0,0,0,0,0,0.0654
59848,0,0,0,0,0,0.2106
59848,0,0,0,1,0,0.0733
59848,0,0,0,0,0,0.2843
59848,0,0,0,0,0,0.165
59848,0,0,0,0,0,0.127
59848,0,0,0,0,0,0.1276
59848,0,0,0,0,0,0.2967
59848,0,0,0,0,0,0.5736
59848,0,0,0,0,0,0.2824
59848,0,0,0,0,0,0.4114
59848,0,0,0,0,0,0.2641
59848,0,0,0,0,0,0.4729
59848,0,0,0,0,0,0.5581
59848,0,0,0,0,0,0.0785
59848,0,0,0,0,0,0.2045
59848,0,0,0,0,0,0.5631
59848,0,0,0,0,0,0.0609
59848,0,0,0,1,0,0.025
59848,0,0,0,0,0,0.4778
59848,0,0,0,0,0,0.0752
59845,1,2,0,1,1,0.9978
59845,1,2,0,1,1,0.7017
59845,1,2,0,0,1,0.8359
59845,1,2,0,0,0,0.3403
59845,1,2,0,0,0,0.631
59845,1,2,0,0,1,0.8223
59845,1,1,0,0,0,0.2862
59845,1,2,0,0,0,0.1648
59845,1,2,0,0,0,0.1691
59845,1,2,0,0,0,0.3177
59845,1,2,0,0,0,0.3016
59845,0,0,0,0,0,0.0116
59845,0,0,0,0,0,0.4015
59845,0,0,0,0,0,0.3246
59845,0,0,0,0,0,0.2187
59845,0,0,0,0,0,0.1321
59845,0,0,0,0,0,0.3879
59845,0,0,0,0,0,0.3897
59845,0,0,0,0,0,0.4445
59845,0,0,0,0,0,0.4524
59845,0,0,0,0,0,0.1841
59845,0,0,0,0,0,0.2263
59845,0,0,0,0,0,0.415
59845,0,0,0,0,0,0.2925
59845,0,0,0,1,0,0.2723
59845,0,0,0,0,0,0.0548
59845,0,0,0,0,0,0.0991
59845,0,0,0,0,0,0.1985
59845,0,0,0,0,0,0.2833
59845,0,0,0,0,0,0.1166
59845,0,0,0,0,0,0.265
59845,0,0,0,0,0,0.1421
59845,0,0,0,0,0,0.413
59845,0,0,0,1,0,0.5597
59845,0,0,0,0,0,0.4736
59845,0,0,0,0,0,0.175
59845,0,0,0,0,0,0.3498
59845,0,0,0,0,0,0.0183
59845,0,0,0,0,0,0.3401
59845,0,0,0,0,0,0.1041
59845,0,0,0,0,0,0.3583
59845,0,0,0,0,0,0.3932
59849,1,2,0,0,1,0.983
59849,1,2,0,0,1,0.9763
59849,1,2,0,0,1,0.7193
59849,1,2,0,0,0,0.4573
59849,1,2,0,0,0,0.4888
59849,1,2,0,0,0,0.2787
59849,1,2,0,0,1,0.7974
59849,1,1,0,0,0,0.3614
59849,1,2,0,0,0,0.3359
59849,1,1,0,0,0,0.3338
59849,1,2,0,0,1,0.6836
59849,1,2,0,0,0,0.2966
59849,0,0,0,0,0,0.0079
59849,0,0,0,0,0,0.3129
59849,0,0,0,0,0,0.3715
59849,0,0,0,0,0,0.4774
59849,0,0,0,0,0,0.177
59849,0,0,0,0,0,0.6387
59849,0,0,0,0,0,0.1205
59849,0,0,0,0,0,0.4666
59849,0,0,0,0,0,0.4458
59849,0,0,0,0,0,0.3572
59849,0,0,0,0,1,0.6614
59849,0,0,0,0,0,0.2481
59849,0,0,0,0,0,0.4566
59849,0,0,0,0,0,0.1953
59849,0,0,0,0,0,0.3513
59849,0,0,0,0,0,0.2473
59849,0,0,0,0,0,0.0799
59849,0,0,0,0,0,0.0772
59849,0,0,0,0,0,0.1191
59849,0,0,0,0,0,0.3855
59849,0,0,0,0,0,0.2117
59849,0,0,0,0,0,0.289
59849,0,0,0,1,0,0.6234
59849,0,0,0,0,0,0.4753
59849,0,0,0,0,0,0.3575
59849,0,0,0,0,0,0.4026
59849,0,0,0,0,0,0.2813
59849,0,0,0,0,0,0.5351
59849,0,0,0,1,0,0.2857
59849,0,0,0,0,0,0.1519
59849,0,0,0,0,0,0.4236
59849,0,0,0,0,0,0.3388
60102,1,3,0,1,1,0.9771
60102,1,3,1,0,1,0.9314
60102,1,3,0,0,1,0.7476
60102,1,3,0,0,0,0.444
60102,1,3,0,0,1,0.9507
60102,1,3,0,0,1,0.8927
60102,1,2,0,0,0,0.5155
60102,1,2,0,0,0,0.4043
60102,1,3,0,0,1,0.7919
60102,1,1,0,0,0,0.4758
60102,0,0,0,0,0,0.0142
60102,0,0,0,0,0,0.4897
60102,0,0,0,0,0,0.5415
60102,0,0,0,0,0,0.4241
60102,0,0,0,0,0,0.3351
60102,0,0,0,0,0,0.1078
60102,0,0,0,0,0,0.5349
60102,0,0,0,1,0,0.4077
60102,0,0,0,0,0,0.4659
60102,0,0,0,0,0,0.5964
60102,0,0,0,0,0,0.4314
60102,0,0,0,0,0,0.2938
60102,0,0,0,0,0,0.3506
60102,0,0,0,0,0,0.0663
60102,0,0,0,1,0,0.0103
60102,0,0,0,0,0,0.1734
60102,0,0,0,0,0,0.2661
60102,0,0,0,0,0,0.367
60102,0,0,0,0,0,0.475
60102,0,0,0,0,0,0.5872
60102,0,0,0,0,0,0.1496
60102,0,0,0,0,0,0.493
60102,0,0,0,0,0,0.5635
60102,0,0,0,0,0,0.1182
60102,0,0,0,0,0,0.4876
60102,0,0,0,0,0,0.0035
60102,0,0,0,0,0,0.1027
60102,0,0,0,0,0,0.1206
60103,1,3,0,1,1,0.9884
60103,1,3,1,0,1,0.9758
60103,1,3,0,0,1,0.6737
60103,1,3,0,0,0,0.5442
60103,1,3,0,0,0,0.5853
60103,1,2,0,0,1,0.8779
60103,1,3,0,0,0,0.6348
60103,1,2,0,0,0,0.6057
60103,1,2,0,0,0,0.3767
60103,1,3,0,0,0,0.5091
60103,1,2,0,0,0,0.3571
60103,0,0,0,0,0,0.0042
60103,0,0,0,0,0,0.6554
60103,0,0,0,0,0,0.3566
60103,0,0,0,0,0,0.1015
60103,0,0,0,0,0,0.4189
60103,0,0,0,0,0,0.1321
60103,0,0,0,1,0,0.4696
60103,0,0,0,0,0,0.2224
60103,0,0,1,0,0,0.2053
60103,0,0,1,0,0,0.4211
60103,0,0,0,0,0,0.0455
60103,0,0,0,1,0,0.6286
60103,0,0,0,0,0,0.1461
60103,0,0,0,0,0,0.1555
60103,0,0,0,0,1,0.7003
60103,0,0,0,0,0,0.247
60103,0,0,0,0,0,0.2429
60103,0,0,0,0,0,0.1042
60103,0,0,0,0,0,0.5664
60103,0,0,0,0,0,0.4962
60103,0,0,0,0,0,0.4024
60103,0,0,0,0,0,0.3716
60103,0,0,0,0,0,0.3168
60103,0,0,0,0,0,0.2757
60103,0,0,0,0,0,0.2749
60103,0,0,0,0,0,0.5178
60103,0,0,0,0,0,0.5359
60103,0,0,0,0,0,0.5342
60103,0,0,0,0,0,0.1621
60103,0,0,0,0,0,0.2881
60103,0,0,0,0,0,0.3815
60104,1,3,1,1,1,0.9981
60104,1,3,0,0,1,0.8556
60104,1,3,0,0,1,0.8727
60104,1,3,0,0,1,0.9784
60104,1,3,0,0,0,0.1931
60104,1,2,0,0,0,0.3191
60104,1,2,0,0,1,0.6717
60104,1,1,0,0,0,0.4215
60104,1,3,0,0,0,0.4744
60104,0,0,0,0,0,0.0078
60104,0,0,0,0,0,0.6274
60104,0,0,0,0,0,0.4873
60104,0,0,0,0,0,0.4515
60104,0,0,0,0,0,0.4709
60104,0,0,0,0,0,0.5162
60104,0,0,0,1,0,0.6474
60104,0,0,0,0,0,0.5791
60104,0,0,0,0,1,0.8139
60104,0,0,0,0,1,0.8126
60104,0,0,0,0,0,0.4747
60104,0,0,1,0,0,0.2424
60104,0,0,1,0,0,0.3458
60104,0,0,0,0,0,0.1511
60104,0,0,0,0,0,0.2414
60104,0,0,0,0,0,0.3731
60104,0,0,0,0,0,0.5596
60104,0,0,0,0,0,0.4548
60104,0,0,0,0,0,0.3659
60104,0,0,0,0,1,0.7206
60104,0,0,0,0,0,0.4205
60104,0,0,0,0,0,0.4729
60104,0,0,0,0,0,0.5395
60104,0,0,0,0,0,0.4593
60104,0,0,0,0,0,0.333
60104,0,0,0,0,0,0.3738
60104,0,0,0,0,0,0.2517
60104,0,0,0,0,0,0.4518
60104,0,0,0,0,0,0.407
60104,0,0,0,0,0,0.0824
60105,1,3,1,1,1,0.9981
60105,1,3,0,1,1,0.9425
60105,1,3,0,1,1,0.9062
60105,1,2,0,0,0,0.5733
60105,1,2,0,0,1,0.8244
60105,1,3,0,1,1,0.9843
60105,1,2,0,0,0,0.6321
60105,1,1,0,0,0,0.4806
60105,1,3,0,0,0,0.6543
60105,1,1,0,0,1,0.7245
60105,0,0,0,0,0,0.0077
60105,0,0,0,0,0,0.6371
60105,0,0,0,0,1,0.6637
60105,0,0,0,0,0,0.1056
60105,0,0,0,0,0,0.1903
60105,0,0,0,0,0,0.4056
60105,0,0,0,0,0,0.4171
60105,0,0,0,0,1,0.67
60105,0,0,0,0,0,0.6323
60105,0,0,0,0,0,0.1021
60105,0,0,0,0,0,0.0205
60105,0,0,1,0,0,0.1216
60105,0,0,1,0,0,0.1207
60105,0,0,0,1,0,0.1176
60105,0,0,0,0,0,0.3137
60105,0,0,0,0,0,0.1283
60105,0,0,0,1,0,0.3204
60105,0,0,0,0,0,0.3969
60105,0,0,0,0,0,0.3302
60105,0,0,0,0,0,0.3528
60105,0,0,0,0,0,0.2543
60105,0,0,0,0,0,0.1648
60105,0,0,0,0,0,0.5045
60105,0,0,0,0,0,0.0536
60105,0,0,0,0,0,0.3391
60105,0,0,0,0,0,0.1044
60105,0,0,0,0,0,0.0186
60106,1,3,1,1,1,0.9963
60106,1,3,0,1,1,0.8482
60106,1,2,0,0,1,0.6587
60106,1,3,0,0,0,0.4278
60106,1,3,0,0,1,0.9083
60106,1,2,0,0,0,0.4999
60106,1,3,0,0,0,0.5938
60106,1,1,0,0,0,0.6468
60106,1,3,0,0,0,0.5415
60106,1,2,0,0,0,0.5151
60106,0,0,0,0,0,0.0254
60106,0,0,0,0,0,0.3896
60106,0,0,0,0,0,0.5298
60106,0,0,0,0,0,0.368
60106,0,0,0,0,0,0.2976
60106,0,0,0,0,0,0.4583
60106,0,0,0,0,0,0.403
60106,0,0,0,0,0,0.2178
60106,0,0,0,0,0,0.6492
60106,0,0,0,0,0,0.3446
60106,0,0,0,0,0,0.1413
60106,0,0,1,0,0,0.4448
60106,0,0,0,0,0,0.2346
60106,0,0,0,0,0,0.2439
60106,0,0,0,0,0,0.0255
60106,0,0,0,0,0,0.3635
60106,0,0,0,0,0,0.5039
60106,0,0,0,0,0,0.1526
60106,0,0,0,0,0,0.2983
60106,0,0,0,0,0,0.2286
60106,0,0,0,0,0,0.5747
60106,0,0,0,0,0,0.5012
60106,0,0,0,0,0,0.4958
60106,0,0,0,0,0,0.1231
60106,0,0,0,0,0,0.2254
60106,0,0,0,0,0,0.4003
60106,0,0,0,0,0,0.5863
60106,0,0,0,0,0,0.4041
60106,0,0,0,0,0,0.4613
60106,0,0,0,0,0,0.1547
60106,0,0,0,1,0,0.4638
60106,0,0,0,0,0,0.5264
60106,0,0,0,1,0,0.2212
60109,1,3,0,0,1,0.9898
60109,1,3,1,1,1,0.9927
60109,1,3,0,0,1,0.8637
60109,1,2,0,0,0,0.571
60109,1,3,0,0,1,0.8405
60109,1,2,0,0,0,0.6381
60109,1,3,0,0,1,0.714
60109,1,1,0,0,0,0.487
60109,1,3,0,0,1,0.7299
60109,1,3,0,0,0,0.4074
60109,1,2,0,0,0,0.4323
60109,1,2,0,0,1,0.8191
60109,0,0,0,0,0,0.0108
60109,0,0,0,0,0,0.439
60109,0,0,0,0,0,0.3571
60109,0,0,0,0,0,0.2094
60109,0,0,0,0,0,0.4292
60109,0,0,0,0,0,0.1232
60109,0,0,0,0,0,0.6158
60109,0,0,0,0,0,0.4624
60109,0,0,0,0,0,0.5459
60109,0,0,0,0,0,0.5108
60109,0,0,0,0,0,0.4963
60109,0,0,0,0,0,0.5023
60109,0,0,0,0,0,0.2487
60109,0,0,0,0,0,0.1126
60109,0,0,0,0,0,0.0439
60109,0,0,0,0,0,0.2177
60109,0,0,0,0,0,0.0779
60109,0,0,0,0,0,0.5167
60109,0,0,0,0,0,0.4079
60109,0,0,0,0,0,0.6125
60109,0,0,0,0,0,0.112
60109,0,0,0,0,0,0.4396
60109,0,0,0,0,0,0.3809
60109,0,0,0,0,0,0.1945
60109,0,0,0,0,0,0.2494
60109,0,0,0,0,0,0.4917
60109,0,0,0,0,0,0.2797
60109,0,0,0,0,0,0.2901
60109,0,0,0,0,0,0.4114
60109,0,0,0,0,0,0.3159
60109,0,0,0,0,0,0.2921
60108,1,3,1,1,1,0.9968
60108,1,3,1,1,1,0.9581
60108,1,3,0,0,1,0.7448
60108,1,2,0,0,0,0.458
60108,1,3,0,0,1,0.924
60108,1,3,0,0,1,0.8546
60108,1,1,0,0,0,0.6433
60108,1,2,0,1,0,0.6149
60108,1,2,0,0,0,0.5274
60108,1,3,0,0,0,0.2846
60108,1,3,0,0,0,0.4072
60108,0,0,0,0,0,0.0083
60108,0,0,0,0,0,0.4174
60108,0,0,0,0,0,0.3695
60108,0,0,0,0,0,0.0867
60108,0,0,0,0,0,0.1465
60108,0,0,0,0,0,0.3389
60108,0,0,0,0,0,0.5094
60108,0,0,0,0,0,0.5624
60108,0,0,0,0,0,0.5374
60108,0,0,0,0,0,0.5646
60108,0,0,0,0,0,0.3554
60108,0,0,0,0,0,0.457
60108,0,0,0,0,0,0.5904
60108,0,0,1,0,0,0.3099
60108,0,0,0,0,0,0.4156
60108,0,0,0,0,0,0.1674
60108,0,0,0,0,0,0.2846
60108,0,0,0,0,1,0.7791
60108,0,0,0,0,0,0.3953
60108,0,0,0,0,0,0.5408
60108,0,0,0,0,0,0.3418
60108,0,0,0,0,0,0.5832
60108,0,0,0,0,0,0.5909
60108,0,0,0,0,0,0.474
60108,0,0,0,0,0,0.4454
60108,0,0,0,0,1,0.6959
60108,0,0,0,0,0,0.5874
60108,0,0,0,0,0,0.3017
60108,0,0,0,0,0,0.1707
60108,0,0,0,0,0,0.3293
60108,0,0,0,0,0,0.2669
60107,1,3,0,1,1,0.9851
60107,1,3,1,1,1,0.9908
60107,1,3,0,0,1,0.7132
60107,1,2,0,0,0,0.4613
60107,1,3,0,1,1,0.9415
60107,1,3,0,0,1,0.7058
60107,1,3,0,1,0,0.4387
60107,1,2,0,0,0,0.5014
60107,1,1,0,0,0,0.3591
60107,1,2,0,0,0,0.5405
60107,1,3,0,0,0,0.461
60107,0,0,0,0,0,0.0051
60107,0,0,0,0,1,0.9438
60107,0,0,0,1,1,0.7018
60107,0,0,0,0,0,0.4357
60107,0,0,0,0,0,0.2542
60107,0,0,0,0,0,0.4275
60107,0,0,0,0,1,0.6977
60107,0,0,0,0,0,0.5297
60107,0,0,0,0,0,0.4967
60107,0,0,0,0,0,0.2082
60107,0,0,0,0,0,0.4556
60107,0,0,0,0,0,0.5955
60107,0,0,0,0,0,0.2137
60107,0,0,0,0,0,0.1687
60107,0,0,0,0,0,0.1703
60107,0,0,0,0,0,0.006
60107,0,0,0,0,0,0.2392
60107,0,0,0,0,0,0.3527
60107,0,0,0,0,0,0.3616
60107,0,0,0,0,0,0.2852
60107,0,0,0,0,0,0.2576
60107,0,0,0,0,0,0.5218
60107,0,0,0,1,1,0.7445
60107,0,0,0,0,0,0.4989
60107,0,0,0,0,0,0.5179
60107,0,0,0,0,0,0.4064
60107,0,0,0,0,0,0.4398
60107,0,0,0,1,0,0.439
60107,0,0,0,1,0,0.2486
60107,0,0,0,0,0,0.4042
60107,0,0,0,0,0,0.3728
60107,0,0,0,0,0,0.4261
60110,1,3,1,1,1,0.9893
60110,1,3,1,1,1,0.9883
60110,1,2,0,0,1,0.8197
60110,1,1,0,1,0,0.5996
60110,1,3,0,1,1,0.8605
60110,1,3,0,1,1,0.9754
60110,1,2,0,0,1,0.9426
60110,1,1,0,0,0,0.3464
60110,1,2,0,0,0,0.6061
60110,1,2,0,0,0,0.5384
60110,0,0,0,0,0,0.0053
60110,0,0,1,0,0,0.4935
60110,0,0,0,1,0,0.1481
60110,0,0,0,0,0,0.5438
60110,0,0,0,0,0,0.3723
60110,0,0,0,0,0,0.4629
60110,0,0,0,0,0,0.4626
60110,0,0,0,0,1,0.7555
60110,0,0,0,0,0,0.5829
60110,0,0,0,0,0,0.2638
60110,0,0,0,0,0,0.3675
60110,0,0,0,0,0,0.3756
60110,0,0,0,0,0,0.4526
60110,0,0,0,0,0,0.1586
60110,0,0,0,0,0,0.0679
60110,0,0,0,0,0,0.3493
60110,0,0,0,0,0,0.3678
60110,0,0,0,0,0,0.5215
60110,0,0,0,0,0,0.4251
60110,0,0,0,0,0,0.3517
60110,0,0,0,0,0,0.3392
60110,0,0,0,0,1,0.6637
60110,0,0,0,0,0,0.5597
60110,0,0,0,0,0,0.4886
60110,0,0,0,1,1,0.6775
60110,0,0,0,0,0,0.645
60110,0,0,0,0,0,0.3679
60110,0,0,0,1,0,0.61
60110,0,0,0,0,0,0.2862
60111,1,3,0,1,1,0.988
60111,1,3,1,0,1,0.9459
60111,1,2,0,0,1,0.9094
60111,1,2,0,0,0,0.4022
60111,1,3,0,1,1,0.9537
60111,1,2,0,0,1,0.685
60111,1,3,0,0,0,0.6245
60111,1,2,0,0,0,0.6529
60111,1,1,0,0,0,0.4304
60111,1,3,0,0,0,0.4813
60111,1,1,0,0,0,0.5305
60111,0,0,0,0,0,0.0073
60111,0,0,0,0,0,0.3931
60111,0,0,0,0,0,0.3903
60111,0,0,0,0,0,0.0333
60111,0,0,0,0,0,0.3977
60111,0,0,0,0,0,0.083
60111,0,0,0,1,1,0.7783
60111,0,0,0,0,0,0.603
60111,0,0,0,0,0,0.3789
60111,0,0,0,0,0,0.3033
60111,0,0,0,0,0,0.3429
60111,0,0,0,0,0,0.2922
60111,0,0,0,0,0,0.4183
60111,0,0,0,0,0,0.1837
60111,0,0,0,0,0,0.0351
60111,0,0,0,0,0,0.2943
60111,0,0,0,0,0,0.1746
60111,0,0,0,0,0,0.2514
60111,0,0,0,0,0,0.3235
60111,0,0,0,0,0,0.3324
60111,0,0,0,0,0,0.3691
60111,0,0,0,0,0,0.4324
60111,0,0,0,0,0,0.5242
60111,0,0,0,0,0,0.2661
60111,0,0,0,0,0,0.2291
60111,0,0,0,0,0,0.471
60111,0,0,0,0,0,0.4225
60111,0,0,0,0,0,0.3482
60111,0,0,0,0,0,0.4166
60111,0,0,0,0,0,0.154
60314,1,3,0,1,1,0.9967
60314,1,3,0,1,1,0.972
60314,1,3,1,0,1,0.9626
60314,1,2,0,0,0,0.2132
60314,1,2,0,0,0,0.4293
60314,1,3,0,0,1,0.8514
60314,1,2,0,0,1,0.8132
60314,1,3,0,0,0,0.5257
60314,1,3,0,0,0,0.2892
60314,1,1,0,0,0,0.5059
60314,1,1,0,0,0,0.4677
60314,1,1,0,0,0,0.4327
60314,1,2,0,0,0,0.3899
60314,1,1,0,0,0,0.2486
60314,0,0,0,0,0,0.0076
60314,0,0,0,1,0,0.4399
60314,0,0,0,1,0,0.4546
60314,0,0,0,0,0,0.3232
60314,0,0,0,0,0,0.3398
60314,0,0,0,0,0,0.1215
60314,0,0,0,0,0,0.3554
60314,0,0,0,0,0,0.4949
60314,0,0,0,0,0,0.5251
60314,0,0,0,0,0,0.4679
60314,0,0,0,0,0,0.207
60314,0,0,0,0,0,0.45
60314,0,0,0,0,0,0.5913
60314,0,0,0,0,0,0.045
60314,0,0,0,0,0,0.3321
60314,0,0,0,0,0,0.3871
60314,0,0,0,0,0,0.2687
60314,0,0,0,0,0,0.2655
60314,0,0,0,0,1,0.7457
60314,0,0,0,0,0,0.2308
60314,0,0,0,0,0,0.5782
60314,0,0,0,0,0,0.431
60314,0,0,0,0,0,0.5287
60314,0,0,0,0,0,0.414
60314,0,0,0,0,0,0.1511
60314,0,0,0,0,0,0.4571
60314,0,0,0,0,0,0.404
60314,0,0,0,0,0,0.5435
60314,0,0,0,0,0,0.1325
60313,1,3,0,1,1,0.9948
60313,1,2,0,0,0,0.4835
60313,1,3,0,1,1,0.9328
60313,1,2,0,1,1,0.9299
60313,1,2,0,0,0,0.4548
60313,1,2,0,0,0,0.5074
60313,1,3,0,0,1,0.9266
60313,1,1,0,0,0,0.1967
60313,1,1,0,0,0,0.2411
60313,1,2,0,0,0,0.5127
60313,1,2,0,0,0,0.4124
60313,1,3,0,0,0,0.2872
60313,1,2,0,0,0,0.1881
60313,0,0,0,0,0,0.0093
60313,0,0,0,0,1,0.6674
60313,0,0,0,0,0,0.1653
60313,0,0,0,0,0,0.2761
60313,0,0,0,0,0,0.2138
60313,0,0,0,0,0,0.0307
60313,0,0,0,0,0,0.3369
60313,0,0,0,0,0,0.6379
60313,0,0,0,0,0,0.3528
60313,0,0,0,0,1,0.8117
60313,0,0,0,0,0,0.3826
60313,0,0,0,0,0,0.1681
60313,0,0,0,0,0,0.3318
60313,0,0,0,0,0,0.012
60313,0,0,0,0,0,0.0118
60313,0,0,0,0,0,0.4685
60313,0,0,0,0,0,0.0867
60313,0,0,0,0,0,0.5124
60313,0,0,0,0,0,0.163
60313,0,0,0,0,0,0.3172
60313,0,0,0,0,1,0.7368
60313,0,0,0,0,0,0.1803
60313,0,0,0,0,0,0.5204
60313,0,0,0,0,0,0.541
60313,0,0,0,0,0,0.3449
60313,0,0,0,0,0,0.3085
60313,0,0,0,0,0,0.442
60313,0,0,0,0,0,0.4437
60313,0,0,0,0,0,0.1814
60315,1,3,1,0,1,0.9982
60315,1,3,1,0,1,0.9851
60315,1,3,0,0,1,0.8212
60315,1,3,0,0,0,0.2843
60315,1,1,0,0,0,0.5134
60315,1,3,0,0,1,0.9816
60315,1,2,0,0,0,0.6173
60315,1,3,0,0,0,0.5304
60315,1,3,0,0,0,0.4898
60315,1,3,0,0,0,0.3056
60315,1,3,0,1,1,0.7942
60315,1,1,0,0,0,0.4844
60315,0,0,0,0,0,0.0075
60315,0,0,0,0,0,0.3906
60315,0,0,0,0,0,0.515
60315,0,0,0,0,0,0.1278
60315,0,0,0,0,0,0.541
60315,0,0,0,0,0,0.1178
60315,0,0,0,0,0,0.394
60315,0,0,0,0,0,0.4777
60315,0,0,0,0,1,0.7313
60315,0,0,0,0,0,0.4837
60315,0,0,0,0,0,0.2695
60315,0,0,0,0,0,0.0702
60315,0,0,0,0,0,0.4482
60315,0,0,0,0,0,0.163
60315,0,0,0,0,0,0.5419
60315,0,0,0,0,0,0.4541
60315,0,0,0,0,0,0.4435
60315,0,0,0,0,0,0.6525
60315,0,0,0,0,0,0.5381
60315,0,0,0,0,1,0.7833
60315,0,0,0,0,0,0.4498
60315,0,0,0,0,0,0.5118
60315,0,0,0,0,0,0.447
60315,0,0,0,0,0,0.168
60315,0,0,0,0,0,0.1714
60315,0,0,0,0,0,0.5546
60315,0,0,0,0,0,0.2426
60315,0,0,0,0,0,0.4027
60315,0,0,0,0,0,0.1557
60312,1,3,0,0,1,0.9906
60312,1,3,0,1,1,0.9388
60312,1,3,0,0,1,0.7764
60312,1,1,0,0,0,0.6494
60312,1,2,0,0,1,0.7169
60312,1,2,0,0,0,0.2222
60312,1,3,0,0,1,0.9797
60312,1,2,0,0,0,0.3783
60312,1,1,0,0,0,0.0685
60312,1,2,0,0,1,0.7956
60312,0,0,0,0,0,0.0052
60312,0,0,0,0,0,0.1777
60312,0,0,0,0,0,0.3446
60312,0,0,0,0,0,0.2738
60312,0,0,0,0,0,0.3879
60312,0,0,0,0,0,0.0927
60312,0,0,0,0,0,0.3192
60312,0,0,0,0,0,0.3302
60312,0,0,0,0,0,0.4744
60312,0,0,0,0,0,0.4999
60312,0,0,0,0,0,0.2881
60312,0,0,0,0,0,0.3209
60312,0,0,0,0,0,0.441
60312,0,0,0,0,0,0.3608
60312,0,0,0,0,0,0.192
60312,0,0,0,0,0,0.1751
60312,0,0,0,0,0,0.3911
60312,0,0,0,0,0,0.3073
60312,0,0,0,0,0,0.093
60312,0,0,0,0,0,0.2439
60312,0,0,0,0,0,0.4163
60312,0,0,0,0,0,0.3515
60312,0,0,0,0,0,0.4122
60312,0,0,0,0,0,0.121
60312,0,0,0,0,0,0.4746
60312,0,0,0,0,0,0.3832
60312,0,0,0,0,0,0.4134
60312,0,0,0,0,0,0.0972
60312,0,0,0,0,0,0.1866
60312,0,0,0,0,0,0.0619
60316,1,3,0,1,1,0.9948
60316,1,3,1,0,1,0.9782
60316,1,2,0,0,0,0.6126
60316,1,1,0,0,1,0.6919
60316,1,3,0,0,1,0.683
60316,1,2,0,0,1,0.7203
60316,1,3,0,0,0,0.6413
60316,1,3,0,0,0,0.3905
60316,1,1,0,0,0,0.6089
60316,1,2,0,0,1,0.6794
60316,1,3,0,0,0,0.3263
60316,1,2,0,0,0,0.2975
60316,0,0,0,0,0,0.0087
60316,0,0,0,0,0,0.3046
60316,0,0,0,0,0,0.5618
60316,0,0,0,0,0,0.2737
60316,0,0,0,0,0,0.1711
60316,0,0,0,0,0,0.1704
60316,0,0,0,0,0,0.0546
60316,0,0,0,0,0,0.1351
60316,0,0,0,0,0,0.2325
60316,0,0,0,0,0,0.4359
60316,0,0,0,0,0,0.4198
60316,0,0,0,0,0,0.4472
60316,0,0,0,0,0,0.5266
60316,0,0,0,0,1,0.8409
60316,0,0,0,0,0,0.4683
60316,0,0,0,0,0,0.4017
60316,0,0,0,0,0,0.2899
60316,0,0,0,0,0,0.5161
60316,0,0,0,0,0,0.4261
60316,0,0,0,0,0,0.3338
60316,0,0,0,0,0,0.5619
60316,0,0,0,0,0,0.4679
60316,0,0,0,0,0,0.5065
60316,0,0,0,0,0,0.4741
60316,0,0,0,0,0,0.5536
60316,0,0,0,0,0,0.5026
60316,0,0,0,0,0,0.3079
60316,0,0,0,0,0,0.1817
60316,0,0,0,0,0,0.3258
60316,0,0,0,0,0,0.2817
60317,1,3,0,1,1,0.9912
60317,1,3,1,1,1,0.9855
60317,1,2,0,0,1,0.9424
60317,1,1,0,0,1,0.6835
60317,1,3,0,0,1,0.9487
60317,1,3,0,0,0,0.5464
60317,1,3,0,0,0,0.4746
60317,1,2,0,0,0,0.6242
60317,1,2,0,0,0,0.5317
60317,1,3,0,0,0,0.4456
60317,1,3,0,0,0,0.5787
60317,1,1,0,0,0,0.2601
60317,0,0,0,0,0,0.0046
60317,0,0,0,0,0,0.5623
60317,0,0,0,0,0,0.2026
60317,0,0,0,0,0,0.2433
60317,0,0,0,0,0,0.2392
60317,0,0,0,0,0,0.1868
60317,0,0,0,0,1,0.8241
60317,0,0,0,0,0,0.2386
60317,0,0,0,0,0,0.2512
60317,0,0,0,0,0,0.3868
60317,0,0,0,1,0,0.4312
60317,0,0,0,0,0,0.2735
60317,0,0,1,0,0,0.3584
60317,0,0,1,0,0,0.1365
60317,0,0,0,0,0,0.5441
60317,0,0,0,0,0,0.2969
60317,0,0,0,0,0,0.2032
60317,0,0,0,0,0,0.5635
60317,0,0,0,0,0,0.6057
60317,0,0,0,0,0,0.4815
60317,0,0,0,0,0,0.2039
60317,0,0,0,0,0,0.1113
60317,0,0,0,0,0,0.2205
60317,0,0,0,0,0,0.4559
60317,0,0,0,0,0,0.2555
60317,0,0,0,0,0,0.3145
60317,0,0,0,0,0,0.5073
60317,0,0,0,0,0,0.4098
60317,0,0,0,0,0,0.5074
60317,0,0,0,0,0,0.314
60319,1,3,0,1,1,0.9898
60319,1,3,1,1,1,0.9625
60319,1,3,0,0,1,0.9861
60319,1,2,0,0,0,0.2147
60319,1,3,0,0,0,0.1957
60319,1,3,0,0,0,0.085
60319,1,3,1,1,1,0.9973
60319,1,3,0,0,1,0.7129
60319,1,2,0,0,0,0.4892
60319,1,1,0,0,0,0.508
60319,1,2,0,0,0,0.1827
60319,1,3,0,0,0,0.5193
60319,0,0,0,0,0,0.0054
60319,0,0,0,0,1,0.8142
60319,0,0,0,1,1,0.7352
60319,0,0,0,0,1,0.6861
60319,0,0,0,0,0,0.6199
60319,0,0,0,0,0,0.0777
60319,0,0,0,0,0,0.173
60319,0,0,0,0,0,0.4689
60319,0,0,0,0,0,0.4553
60319,0,0,0,0,0,0.629
60319,0,0,0,0,0,0.4256
60319,0,0,0,0,0,0.0878
60319,0,0,0,1,0,0.4362
60319,0,0,0,0,0,0.2282
60319,0,0,0,0,0,0.0205
60319,0,0,0,0,0,0.257
60319,0,0,0,0,0,0.5108
60319,0,0,0,0,0,0.4678
60319,0,0,0,0,0,0.539
60319,0,0,0,0,0,0.635
60319,0,0,0,0,0,0.4603
60319,0,0,0,0,0,0.5144
60319,0,0,0,0,0,0.0241
60319,0,0,0,0,0,0.4812
60319,0,0,0,0,0,0.3485
60319,0,0,0,0,1,0.6872
60319,0,0,0,0,0,0.2064
60319,0,0,0,0,0,0.5473
60319,0,0,0,0,0,0.3716
60319,0,0,0,0,0,0.296
60318,1,3,0,0,1,0.9786
60318,1,3,0,1,1,0.8394
60318,1,3,0,0,1,0.9209
60318,1,2,0,0,0,0.5259
60318,1,3,0,0,1,0.6646
60318,1,3,0,0,1,0.8033
60318,1,3,0,1,1,0.9772
60318,1,2,0,0,1,0.6867
60318,1,3,0,0,1,0.6688
60318,1,3,0,1,0,0.5907
60318,1,2,0,0,0,0.4132
60318,0,0,0,0,0,0.0038
60318,0,0,0,0,0,0.3232
60318,0,0,0,1,0,0.5968
60318,0,0,0,0,0,0.2781
60318,0,0,0,0,0,0.5343
60318,0,0,0,0,0,0.1286
60318,0,0,0,0,0,0.4265
60318,0,0,0,0,0,0.4877
60318,0,0,0,0,0,0.4473
60318,0,0,0,1,0,0.509
60318,0,0,0,0,0,0.2773
60318,0,0,0,0,0,0.3661
60318,0,0,0,0,0,0.4614
60318,0,0,0,0,0,0.2766
60318,0,0,1,0,0,0.1878
60318,0,0,0,0,0,0.5074
60318,0,0,0,0,0,0.2576
60318,0,0,0,0,0,0.1688
60318,0,0,0,0,0,0.5042
60318,0,0,0,0,0,0.3359
60318,0,0,0,0,0,0.4414
60318,0,0,0,0,0,0.3957
60318,0,0,0,0,0,0.6539
60318,0,0,0,0,0,0.373
60318,0,0,0,0,0,0.6003
60318,0,0,0,1,0,0.0883
60318,0,0,0,0,0,0.327
60318,0,0,0,0,0,0.5058
60318,0,0,0,1,0,0.6115
60318,0,0,0,0,0,0.5087
60318,0,0,0,0,0,0.1534
60320,1,3,0,1,1,0.9809
60320,1,3,1,1,1,0.9812
60320,1,3,0,0,1,0.8502
60320,1,3,0,1,1,0.9741
60320,1,3,0,0,0,0.4534
60320,1,3,0,0,0,0.5287
60320,1,2,0,0,0,0.4648
60320,1,1,0,0,1,0.6706
60320,1,2,0,0,0,0.4892
60320,1,3,0,0,0,0.2888
60320,1,2,0,0,0,0.3727
60320,0,0,0,0,0,0.0099
60320,0,0,0,0,0,0.2326
60320,0,0,0,1,0,0.6582
60320,0,0,0,0,0,0.2168
60320,0,0,0,0,0,0.151
60320,0,0,0,0,0,0.1586
60320,0,0,0,0,0,0.4512
60320,0,0,0,0,0,0.1731
60320,0,0,0,0,0,0.3004
60320,0,0,0,0,0,0.4511
60320,0,0,0,0,0,0.4209
60320,0,0,0,0,0,0.5677
60320,0,0,0,0,0,0.4737
60320,0,0,0,0,0,0.2901
60320,0,0,0,0,1,0.6864
60320,0,0,0,0,0,0.2516
60320,0,0,0,0,0,0.243
60320,0,0,0,0,0,0.384
60320,0,0,0,1,0,0.4914
60320,0,0,0,0,0,0.4885
60320,0,0,0,0,1,0.8659
60320,0,0,0,0,0,0.2453
60320,0,0,0,0,1,0.6854
60320,0,0,0,0,0,0.469
60320,0,0,0,0,0,0.1976
60320,0,0,0,0,0,0.1732
60320,0,0,0,0,0,0.2333
60320,0,0,0,0,0,0.621
60320,0,0,0,0,0,0.4481
60320,0,0,0,0,0,0.5794
60320,0,0,0,0,0,0.3839
60320,0,0,0,0,0,0.1003
60930,1,3,0,1,1,0.9854
60930,1,3,0,1,1,0.9721
60930,1,2,0,0,1,0.8061
60930,1,2,0,0,0,0.3642
60930,1,3,0,0,1,0.6639
60930,1,2,0,0,1,0.7975
60930,1,2,0,0,0,0.3679
60930,1,1,0,1,0,0.5228
60930,1,1,0,0,0,0.6428
60930,1,3,0,0,0,0.4626
60930,1,2,0,0,0,0.252
60930,0,0,0,0,0,0.015
60930,0,0,0,0,0,0.6144
60930,0,0,0,1,0,0.2159
60930,0,0,0,0,0,0.063
60930,0,0,0,0,0,0.0806
60930,0,0,0,0,0,0.1989
60930,0,0,0,1,0,0.3818
60930,0,0,0,0,0,0.287
60930,0,0,0,0,0,0.427
60930,0,0,0,0,1,0.7223
60930,0,0,0,0,0,0.3101
60930,0,0,0,0,0,0.5471
60930,0,0,0,0,0,0.3442
60930,0,0,0,0,0,0.1754
60930,0,0,0,1,0,0.4595
60930,0,0,0,0,0,0.1533
60930,0,0,0,0,0,0.1502
60930,0,0,0,0,0,0.4257
60930,0,0,0,0,1,0.7141
60930,0,0,0,0,0,0.3451
60930,0,0,0,0,0,0.362
60930,0,0,0,0,0,0.4826
60930,0,0,0,0,0,0.3023
60930,0,0,0,0,0,0.4259
60930,0,0,0,0,0,0.208
60930,0,0,0,0,0,0.3191
60930,0,0,0,0,0,0.3574
60930,0,0,0,0,0,0.3984
60930,0,0,0,0,0,0.2022
60930,0,0,0,0,0,0.2224
60930,0,0,0,0,0,0.2326
60933,1,3,0,1,1,0.9736
60933,1,3,0,0,1,0.9052
60933,1,3,0,0,1,0.9463
60933,1,2,0,0,0,0.5261
60933,1,3,0,0,1,0.7729
60933,1,3,0,0,1,0.9159
60933,1,3,0,0,0,0.2978
60933,1,2,0,0,0,0.1261
60933,1,1,0,0,0,0.3368
60933,1,2,0,0,0,0.6005
60933,0,0,0,1,0,0.0225
60933,0,0,0,0,0,0.2055
60933,0,0,0,0,0,0.2425
60933,0,0,0,0,0,0.2925
60933,0,0,0,0,0,0.0187
60933,0,0,0,0,0,0.231
60933,0,0,0,0,0,0.5935
60933,0,0,0,0,0,0.2887
60933,0,0,0,0,0,0.5014
60933,0,0,0,0,0,0.4658
60933,0,0,0,0,0,0.1949
60933,0,0,0,0,0,0.4499
60933,0,0,0,0,0,0.1099
60933,0,0,0,0,0,0.4144
60933,0,0,0,0,0,0.1371
60933,0,0,0,0,0,0.0284
60933,0,0,0,0,0,0.1504
60933,0,0,0,0,1,0.706
60933,0,0,0,0,0,0.4403
60933,0,0,0,0,0,0.3591
60933,0,0,0,0,0,0.4584
60933,0,0,0,0,0,0.3424
60933,0,0,0,0,0,0.3757
60933,0,0,0,0,0,0.3744
60933,0,0,0,0,0,0.1311
60933,0,0,0,0,0,0.0481
60933,0,0,0,0,0,0.5019
60933,0,0,0,0,0,0.1304
60933,0,0,0,0,0,0.2456
60933,0,0,0,0,0,0.2631
60933,0,0,0,0,0,0.2656
60932,1,3,0,1,1,0.9956
60932,1,3,0,0,1,0.9127
60932,1,2,0,0,0,0.5232
60932,1,1,0,1,0,0.4269
60932,1,3,0,0,1,0.9281
60932,1,3,0,1,1,0.8943
60932,1,2,0,1,1,0.8836
60932,1,2,0,0,0,0.3166
60932,1,2,0,0,0,0.569
60932,1,1,0,0,0,0.2932
60932,1,1,0,0,0,0.2497
60932,1,3,0,0,0,0.2155
60932,1,2,0,0,0,0.3006
60932,0,0,0,0,0,0.0042
60932,0,0,0,1,1,0.8325
60932,0,0,0,0,0,0.3206
60932,0,0,0,0,0,0.2467
60932,0,0,0,0,0,0.4474
60932,0,0,0,0,0,0.1342
60932,0,0,0,0,0,0.43
60932,0,0,0,0,0,0.3179
60932,0,0,0,0,1,0.6949
60932,0,0,0,0,0,0.3709
60932,0,0,0,0,0,0.2467
60932,0,0,0,0,0,0.4193
60932,0,0,0,0,0,0.4092
60932,0,0,0,0,0,0.352
60932,0,0,0,0,0,0.4143
60932,0,0,0,0,0,0.2809
60932,0,0,0,0,0,0.1185
60932,0,0,0,0,0,0.2249
60932,0,0,0,0,0,0.1497
60932,0,0,0,0,0,0.436
60932,0,0,0,0,1,0.7701
60932,0,0,0,0,0,0.2282
60932,0,0,0,0,0,0.3735
60932,0,0,0,0,0,0.3367
60932,0,0,0,0,0,0.3314
60932,0,0,0,0,0,0.4243
60932,0,0,0,0,0,0.1333
60932,0,0,0,0,0,0.4375
60932,0,0,0,0,0,0.442
60932,0,0,0,0,1,0.6936
60932,0,0,0,0,0,0.0234
60931,1,3,0,1,1,0.9979
60931,1,3,0,1,1,0.9769
60931,1,3,0,1,1,0.9897
60931,1,3,0,1,1,0.9326
60931,1,1,0,0,0,0.3088
60931,1,3,0,0,0,0.4684
60931,1,3,0,0,1,0.909
60931,1,2,0,0,0,0.3837
60931,1,1,0,0,0,0.326
60931,1,2,0,0,0,0.055
60931,1,1,0,0,0,0.5698
60931,0,0,0,0,0,0.0079
60931,0,0,0,0,0,0.2787
60931,0,0,0,0,0,0.5637
60931,0,0,0,0,1,0.6941
60931,0,0,0,0,0,0.0458
60931,0,0,0,0,0,0.1075
60931,0,0,0,0,0,0.3983
60931,0,0,0,0,0,0.5755
60931,0,0,0,0,0,0.4786
60931,0,0,0,0,0,0.4322
60931,0,0,0,0,0,0.1648
60931,0,0,0,1,0,0.622
60931,0,0,0,0,0,0.3756
60931,0,0,0,0,0,0.5895
60931,0,0,0,0,0,0.2366
60931,0,0,0,0,0,0.0433
60931,0,0,0,0,0,0.1971
60931,0,0,0,0,0,0.0753
60931,0,0,0,0,0,0.1485
60931,0,0,0,0,0,0.4571
60931,0,0,0,0,0,0.5597
60931,0,0,0,0,0,0.6133
60931,0,0,0,0,0,0.2821
60931,0,0,0,0,0,0.4451
60931,0,0,0,0,0,0.3517
60931,0,0,0,0,0,0.4362
60931,0,0,0,0,0,0.3585
60931,0,0,0,0,0,0.3438
60931,0,0,0,0,0,0.2778
60931,0,0,0,0,0,0.3902
60931,0,0,0,0,0,0.2782
60934,1,3,0,0,1,0.9928
60934,1,3,0,0,1,0.9896
60934,1,3,0,1,1,0.7968
60934,1,3,0,0,1,0.9964
60934,1,1,0,0,0,0.3826
60934,1,1,0,0,0,0.5547
60934,1,2,0,0,0,0.4194
60934,1,1,0,0,0,0.4011
60934,0,0,0,0,0,0.0163
60934,0,0,0,1,0,0.3743
60934,0,0,0,0,0,0.2185
60934,0,0,0,0,0,0.3071
60934,0,0,0,0,0,0.2798
60934,0,0,0,0,0,0.1811
60934,0,0,0,0,0,0.4215
60934,0,0,0,0,0,0.3135
60934,0,0,0,0,0,0.5156
60934,0,0,0,0,0,0.5163
60934,0,0,0,0,0,0.5226
60934,0,0,0,0,0,0.4326
60934,0,0,0,0,0,0.486
60934,0,0,0,0,0,0.3998
60934,0,0,0,0,0,0.29
60934,0,0,0,0,0,0.2614
60934,0,0,0,0,0,0.3593
60934,0,0,0,0,0,0.6513
60934,0,0,0,0,0,0.332
60934,0,0,0,0,1,0.7201
60934,0,0,0,0,0,0.4091
60934,0,0,0,0,0,0.4311
60934,0,0,0,0,0,0.2915
60934,0,0,0,0,0,0.627
60934,0,0,0,0,0,0.4204
60934,0,0,0,0,0,0.0517
60934,0,0,0,0,0,0.176
60934,0,0,0,0,0,0.3997
60934,0,0,0,0,0,0.4046
60934,0,0,0,0,0,0.4452
60936,1,3,0,1,1,0.9973
60936,1,3,0,1,1,0.9049
60936,1,3,0,0,0,0.575
60936,1,2,0,0,0,0.3553
60936,1,3,0,0,1,0.9772
60936,1,1,0,0,0,0.3586
60936,1,2,0,0,0,0.2617
60936,1,3,0,1,1,0.7694
60936,1,2,0,0,0,0.0678
60936,0,0,0,0,0,0.0084
60936,0,0,0,0,0,0.3844
60936,0,0,0,0,0,0.361
60936,0,0,0,0,0,0.3366
60936,0,0,0,0,0,0.1385
60936,0,0,0,0,0,0.0558
60936,0,0,0,0,0,0.2278
60936,0,0,0,0,0,0.3221
60936,0,0,0,0,0,0.2574
60936,0,0,0,0,0,0.2879
60936,0,0,0,0,0,0.3311
60936,0,0,0,0,0,0.3542
60936,0,0,0,0,0,0.4623
60936,0,0,0,0,0,0.4576
60936,0,0,0,0,0,0.0321
60936,0,0,0,0,0,0.3792
60936,0,0,0,0,0,0.2007
60936,0,0,0,0,0,0.4211
60936,0,0,0,0,1,0.7128
60936,0,0,0,0,0,0.3655
60936,0,0,0,1,1,0.9238
60936,0,0,0,0,0,0.3381
60936,0,0,0,0,0,0.5267
60936,0,0,0,0,0,0.5964
60936,0,0,0,0,0,0.1648
60936,0,0,0,0,0,0.524
60936,0,0,0,0,0,0.3567
60936,0,0,0,0,0,0.4754
60936,0,0,0,1,0,0.2031
60935,1,3,0,1,1,0.9966
60935,1,3,0,0,1,0.9869
60935,1,3,0,1,1,0.9765
60935,1,2,0,0,0,0.3643
60935,1,3,0,0,1,0.9872
60935,1,1,0,0,0,0.4674
60935,1,2,0,0,0,0.2946
60935,1,1,0,0,0,0.3818
60935,1,2,0,1,1,0.7544
60935,1,3,0,0,0,0.1917
60935,1,3,0,0,0,0.2751
60935,0,0,0,0,0,0.0347
60935,0,0,0,0,0,0.4223
60935,0,0,0,0,1,0.8457
60935,0,0,0,1,0,0.3385
60935,0,0,0,0,0,0.3161
60935,0,0,0,0,0,0.073
60935,0,0,0,0,0,0.487
60935,0,0,0,0,0,0.3364
60935,0,0,0,0,0,0.5808
60935,0,0,0,0,0,0.486
60935,0,0,0,0,0,0.1221
60935,0,0,0,0,0,0.4841
60935,0,0,0,0,0,0.2943
60935,0,0,0,0,0,0.2549
60935,0,0,0,0,0,0.019
60935,0,0,0,0,0,0.4157
60935,0,0,0,0,0,0.1531
60935,0,0,0,0,0,0.5221
60935,0,0,0,0,0,0.4684
60935,0,0,0,0,0,0.4939
60935,0,0,0,0,0,0.3129
60935,0,0,0,0,0,0.2635
60935,0,0,0,0,0,0.4162
60935,0,0,0,0,0,0.3627
60935,0,0,0,0,0,0.3972
60935,0,0,0,0,0,0.5999
60935,0,0,0,0,0,0.4157
60935,0,0,0,0,0,0.2683
60935,0,0,0,0,0,0.3251
60937,1,3,1,1,1,0.9981
60937,1,3,0,0,1,0.8773
60937,1,3,0,0,1,0.8804
60937,1,2,0,1,0,0.6178
60937,1,3,0,0,1,0.9002
60937,1,2,0,0,1,0.6915
60937,1,2,0,0,0,0.1278
60937,1,1,0,0,0,0.5382
60937,1,3,0,0,0,0.3415
60937,1,3,0,0,0,0.6539
60937,1,1,0,0,0,0.2579
60937,0,0,0,0,0,0.0117
60937,0,0,0,0,0,0.626
60937,0,0,0,0,0,0.647
60937,0,0,0,0,0,0.309
60937,0,0,0,0,0,0.0925
60937,0,0,0,0,0,0.0621
60937,0,0,0,0,0,0.5802
60937,0,0,0,0,0,0.5181
60937,0,0,0,0,0,0.5604
60937,0,0,0,0,0,0.6198
60937,0,0,0,0,0,0.1044
60937,0,0,1,0,1,0.6878
60937,0,0,0,0,0,0.3053
60937,0,0,0,0,0,0.1446
60937,0,0,0,1,0,0.4646
60937,0,0,0,0,0,0.3199
60937,0,0,0,0,0,0.5103
60937,0,0,0,0,0,0.2016
60937,0,0,0,0,0,0.1421
60937,0,0,0,0,0,0.4798
60937,0,0,0,0,1,0.7009
60937,0,0,0,0,0,0.4397
60937,0,0,0,0,0,0.5098
60937,0,0,0,0,0,0.2708
60937,0,0,0,0,0,0.3319
60937,0,0,0,0,0,0.4509
60937,0,0,0,0,0,0.2362
59351,1,2,0,0,1,0.9812
59351,1,2,0,1,1,0.9193
59351,1,2,0,0,0,0.6284
59351,1,1,0,0,0,0.3094
59351,1,1,0,0,0,0.4526
59351,1,2,0,0,0,0.4131
59351,1,1,0,0,0,0.3237
59351,1,1,0,0,0,0.264
59351,1,2,0,0,1,0.8419
59351,1,2,0,0,1,0.6827
59351,1,1,0,0,0,0.2888
59351,1,2,0,0,1,0.9573
59351,0,0,0,0,0,0.001
59351,0,0,0,0,0,0.3256
59351,0,0,0,0,1,0.6718
59351,0,0,0,0,0,0.2986
59351,0,0,0,0,0,0.2386
59351,0,0,0,0,0,0.2425
59351,0,0,0,0,0,0.1281
59351,0,0,0,0,0,0.3483
59351,0,0,0,0,1,0.7466
59351,0,0,0,0,1,0.7029
59351,0,0,0,0,0,0.1852
59351,0,0,0,0,0,0.1931
59351,0,0,0,0,0,0.4165
59351,0,0,0,0,0,0.4985
59351,0,0,0,0,0,0.0513
59351,0,0,0,0,0,0.1861
59351,0,0,0,0,0,0.0508
59351,0,0,0,0,0,0.336
59351,0,0,0,0,0,0.3038
59351,0,0,0,0,0,0.1645
59351,0,0,0,0,0,0.3277
59351,0,0,0,0,0,0.0833
59351,0,0,0,0,0,0.1836
59351,0,0,0,0,0,0.5236
59351,0,0,0,0,0,0.3901
59351,0,0,0,0,0,0.5323
59351,0,0,0,0,0,0.5435
59351,0,0,0,0,0,0.3569
59351,0,0,0,0,0,0.475
59351,0,0,0,0,0,0.2724
59351,0,0,0,0,0,0.1617
59351,0,0,0,0,0,0.3407
59352,1,2,0,0,1,0.996
59352,1,2,0,0,1,0.7352
59352,1,2,0,0,0,0.6004
59352,1,2,0,1,0,0.4996
59352,1,2,0,0,0,0.6018
59352,1,1,0,0,0,0.3263
59352,1,2,0,0,1,0.9568
59352,1,2,0,0,0,0.6223
59352,1,1,0,0,0,0.5102
59352,1,1,0,0,0,0.6265
59352,0,0,0,0,0,0.0121
59352,0,0,0,0,0,0.2644
59352,0,0,0,0,0,0.287
59352,0,0,0,0,0,0.216
59352,0,0,0,0,0,0.3731
59352,0,0,0,0,0,0.2828
59352,0,0,0,0,0,0.1731
59352,0,0,0,0,0,0.1498
59352,0,0,0,0,0,0.3578
59352,0,0,0,0,0,0.5077
59352,0,0,0,0,0,0.2567
59352,0,0,0,0,1,0.8554
59352,0,0,0,0,0,0.1612
59352,0,0,0,0,0,0.187
59352,0,0,0,0,0,0.2962
59352,0,0,0,0,0,0.155
59352,0,0,0,0,0,0.3241
59352,0,0,0,0,0,0.4016
59352,0,0,0,0,0,0.2326
59352,0,0,0,0,0,0.4276
59352,0,0,0,0,0,0.4201
59352,0,0,0,0,0,0.4848
59352,0,0,0,0,0,0.1441
59352,0,0,0,0,0,0.2901
59352,0,0,0,0,0,0.4057
59352,0,0,0,0,0,0.183
59352,0,0,0,0,0,0.1668
59352,0,0,0,0,0,0.4917
59350,1,2,1,0,1,0.982
59350,1,2,0,0,1,0.9634
59350,1,2,0,0,1,0.8538
59350,1,2,0,0,0,0.4262
59350,1,2,0,0,0,0.6202
59350,1,1,0,0,0,0.5205
59350,1,2,0,0,1,0.8062
59350,1,1,0,1,1,0.7779
59350,1,2,0,0,1,0.6795
59350,1,2,0,0,0,0.56
59350,1,1,0,1,0,0.2346
59350,0,0,0,0,0,0.0082
59350,0,0,0,1,0,0.4498
59350,0,0,0,0,0,0.4178
59350,0,0,0,0,0,0.1004
59350,0,0,0,0,0,0.5164
59350,0,0,0,0,0,0.0455
59350,0,0,0,0,0,0.277
59350,0,0,0,1,0,0.2906
59350,0,0,0,0,0,0.1886
59350,0,0,0,0,0,0.1508
59350,0,0,0,0,0,0.1283
59350,0,0,0,0,0,0.2908
59350,0,0,0,0,0,0.2133
59350,0,0,0,0,0,0.4248
59350,0,0,0,0,0,0.1891
59350,0,0,0,0,0,0.1743
59350,0,0,0,0,0,0.1641
59350,0,0,0,0,0,0.2026
59350,0,0,0,0,0,0.2587
59350,0,0,0,0,0,0.2247
59350,0,0,0,0,0,0.2533
59350,0,0,0,0,0,0.2167
59350,0,0,0,0,0,0.1949
59350,0,0,0,0,0,0.0961
59350,0,0,0,0,0,0.2858
59350,0,0,0,1,0,0.2283
59350,0,0,0,0,0,0.3214
59350,0,0,0,0,0,0.3506
59350,0,0,0,0,0,0.49
59350,0,0,0,0,0,0.5226
59350,0,0,0,0,0,0.4235
59350,0,0,0,0,0,0.2733
59353,1,2,0,1,1,0.9989
59353,1,2,0,0,1,0.9871
59353,1,2,0,0,1,0.9919
59353,1,2,0,0,1,0.852
59353,1,2,0,0,0,0.2799
59353,1,2,0,0,0,0.2826
59353,0,0,0,0,0,0.0081
59353,0,0,0,0,0,0.4904
59353,0,0,0,0,0,0.3831
59353,0,0,0,0,0,0.2401
59353,0,0,0,0,0,0.6389
59353,0,0,0,0,0,0.1647
59353,0,0,0,0,0,0.2276
59353,0,0,0,0,0,0.3253
59353,0,0,0,0,0,0.3381
59353,0,0,0,0,0,0.4168
59353,0,0,0,0,0,0.4003
59353,0,0,0,0,0,0.4205
59353,0,0,0,0,1,0.7756
59353,0,0,0,0,0,0.3816
59353,0,0,0,0,0,0.266
59353,0,0,0,0,0,0.0741
59353,0,0,0,0,0,0.2775
59353,0,0,0,0,0,0.495
59353,0,0,0,0,0,0.4004
59353,0,0,0,0,0,0.2659
59353,0,0,0,0,0,0.4809
59353,0,0,0,0,0,0.5943
59353,0,0,0,0,0,0.1391
59353,0,0,0,0,0,0.1424
59353,0,0,0,0,0,0.2188
59353,0,0,0,0,0,0.3346
59353,0,0,0,0,0,0.3012
59353,0,0,0,0,1,0.7644
59353,0,0,0,1,0,0.0663
59353,0,0,0,0,0,0.2744
59353,0,0,0,0,0,0.0997
59355,1,2,0,1,1,0.9455
59355,1,2,0,0,1,0.936
59355,1,2,0,0,0,0.5867
59355,1,2,0,0,1,0.7292
59355,1,2,0,0,1,0.7045
59355,1,2,0,0,1,0.6677
59355,1,2,0,0,0,0.2451
59355,1,1,0,0,0,0.1581
59355,1,2,0,0,0,0.0898
59355,1,2,0,0,0,0.5942
59355,1,1,0,0,0,0.2066
59355,0,0,0,0,0,0.035
59355,0,0,0,1,0,0.2468
59355,0,0,0,1,1,0.6894
59355,0,0,0,0,0,0.1834
59355,0,0,0,0,0,0.0643
59355,0,0,0,0,0,0.6306
59355,0,0,0,0,0,0.3548
59355,0,0,0,0,0,0.4282
59355,0,0,0,0,0,0.572
59355,0,0,0,0,0,0.3577
59355,0,0,0,0,0,0.2487
59355,0,0,1,0,0,0.3507
59355,0,0,0,0,0,0.4391
59355,0,0,0,0,0,0.0332
59355,0,0,0,0,0,0.1572
59355,0,0,0,0,0,0.1571
59355,0,0,0,0,0,0.3036
59355,0,0,0,0,0,0.2398
59355,0,0,0,0,0,0.2607
59355,0,0,0,0,0,0.524
59355,0,0,0,0,0,0.1718
59355,0,0,0,0,0,0.2943
59355,0,0,0,0,0,0.1572
59355,0,0,0,0,0,0.2317
59355,0,0,0,0,0,0.3584
59355,0,0,0,0,0,0.3717
59355,0,0,0,0,0,0.4335
59355,0,0,0,0,0,0.3125
59355,0,0,0,0,0,0.1906
59355,0,0,0,0,0,0.1105
59354,1,2,0,1,1,0.9948
59354,1,2,0,1,1,0.9265
59354,1,2,0,0,0,0.6187
59354,1,1,0,0,0,0.3601
59354,1,2,0,1,1,0.7928
59354,1,1,0,0,0,0.441
59354,1,1,0,0,1,0.8442
59354,1,2,0,0,0,0.5514
59354,1,2,0,0,0,0.3356
59354,1,1,0,0,0,0.325
59354,0,0,0,1,0,0.0066
59354,0,0,0,0,1,0.6722
59354,0,0,0,0,0,0.4131
59354,0,0,0,0,0,0.3096
59354,0,0,0,0,0,0.2027
59354,0,0,0,0,0,0.1714
59354,0,0,0,0,0,0.3912
59354,0,0,0,0,0,0.2138
59354,0,0,0,0,0,0.2488
59354,0,0,0,0,0,0.4947
59354,0,0,0,0,0,0.5247
59354,0,0,0,0,0,0.3283
59354,0,0,0,0,0,0.0845
59354,0,0,0,0,0,0.008
59354,0,0,0,0,0,0.4095
59354,0,0,0,0,0,0.2684
59354,0,0,0,0,0,0.3299
59354,0,0,0,0,0,0.1731
59354,0,0,0,0,0,0.2889
59354,0,0,0,0,0,0.6514
59354,0,0,0,0,0,0.5842
59354,0,0,0,0,0,0.1102
59354,0,0,0,0,0,0.3974
59354,0,0,0,0,0,0.4335
59354,0,0,0,0,0,0.3824
59354,0,0,0,0,0,0.2638
59354,0,0,0,0,1,0.6964
59354,0,0,0,0,0,0.438
59354,0,0,0,0,0,0.3844
59354,0,0,0,0,0,0.3541
59354,0,0,0,0,0,0.2524
59354,0,0,0,0,0,0.0869
59356,1,2,0,1,1,0.9959
59356,1,2,0,0,1,0.92
59356,1,2,0,0,0,0.4212
59356,1,2,0,1,1,0.6829
59356,1,2,0,1,1,0.8737
59356,1,2,0,0,1,0.8366
59356,1,2,0,0,0,0.459
59356,1,2,0,0,0,0.189
59356,1,1,0,0,0,0.1748
59356,1,2,0,0,0,0.5834
59356,1,1,0,0,0,0.4539
59356,0,0,0,1,0,0.1353
59356,0,0,0,0,0,0.2443
59356,0,0,0,0,0,0.3875
59356,0,0,0,0,0,0.4278
59356,0,0,0,0,0,0.2521
59356,0,0,0,0,0,0.0631
59356,0,0,0,0,0,0.3246
59356,0,0,0,0,0,0.2171
59356,0,0,0,0,0,0.3025
59356,0,0,0,0,0,0.4018
59356,0,0,0,0,0,0.1307
59356,0,0,0,0,0,0.3384
59356,0,0,0,0,0,0.367
59356,0,0,0,0,0,0.2229
59356,0,0,0,0,0,0.1891
59356,0,0,0,0,0,0.1789
59356,0,0,0,0,0,0.3632
59356,0,0,0,0,0,0.4058
59356,0,0,0,0,0,0.168
59356,0,0,0,0,0,0.5828
59356,0,0,0,0,0,0.1594
59356,0,0,0,0,0,0.3101
59356,0,0,0,0,1,0.7009
59356,0,0,0,0,0,0.2119
59356,0,0,0,0,0,0.2214
59356,0,0,0,0,0,0.3157
59356,0,0,0,0,0,0.4046
59356,0,0,0,0,0,0.2341
59356,0,0,0,1,0,0.1948
59357,1,2,0,1,1,0.9822
59357,1,2,0,1,1,0.8931
59357,1,2,0,0,0,0.6564
59357,1,2,0,0,0,0.494
59357,1,2,0,0,1,0.9925
59357,1,2,0,0,0,0.6131
59357,1,2,0,1,1,0.7668
59357,1,2,0,0,0,0.1534
59357,1,2,0,1,1,0.8906
59357,1,1,0,0,0,0.4108
59357,0,0,0,0,0,0.0188
59357,0,0,0,0,0,0.5443
59357,0,0,0,0,0,0.3067
59357,0,0,0,0,1,0.6997
59357,0,0,0,0,0,0.165
59357,0,0,0,0,0,0.1556
59357,0,0,0,0,0,0.2367
59357,0,0,0,0,0,0.4504
59357,0,0,0,0,0,0.5471
59357,0,0,0,0,0,0.4016
59357,0,0,0,0,0,0.3701
59357,0,0,0,0,0,0.5396
59357,0,0,0,0,1,0.7388
59357,0,0,0,0,0,0.0298
59357,0,0,0,0,0,0.4331
59357,0,0,0,0,0,0.184
59357,0,0,0,0,0,0.589
59357,0,0,0,0,0,0.5683
59357,0,0,0,0,0,0.1954
59357,0,0,0,1,0,0.2086
59357,0,0,0,0,0,0.5783
59357,0,0,0,0,0,0.197
59357,0,0,0,0,0,0.3876
59357,0,0,0,0,0,0.3509
59357,0,0,0,0,0,0.5833
59357,0,0,0,0,0,0.2667
59357,0,0,0,0,0,0.4584
59359,1,2,0,0,1,0.9877
59359,1,2,0,1,1,0.9828
59359,1,2,0,0,1,0.983
59359,1,2,0,1,1,0.9311
59359,1,1,0,0,0,0.5884
59359,1,1,0,0,0,0.1345
59359,1,2,0,0,0,0.2393
59359,1,2,0,0,1,0.695
59359,1,1,0,0,0,0.2022
59359,1,2,0,0,0,0.6281
59359,1,1,0,0,0,0.2783
59359,0,0,0,0,0,0.0402
59359,0,0,0,0,0,0.3346
59359,0,0,0,0,0,0.3086
59359,0,0,0,0,0,0.469
59359,0,0,0,0,0,0.3263
59359,0,0,0,0,0,0.2339
59359,0,0,0,0,0,0.2099
59359,0,0,0,0,0,0.458
59359,0,0,0,0,0,0.2253
59359,0,0,0,0,0,0.3011
59359,0,0,0,0,0,0.4152
59359,0,0,0,0,0,0.4282
59359,0,0,0,0,0,0.2649
59359,0,0,0,0,0,0.0083
59359,0,0,0,0,0,0.0931
59359,0,0,0,0,0,0.1522
59359,0,0,0,0,0,0.1997
59359,0,0,0,0,0,0.2184
59359,0,0,0,0,0,0.6225
59359,0,0,0,0,0,0.0474
59359,0,0,0,0,0,0.2424
59359,0,0,0,0,0,0.2619
59359,0,0,0,0,0,0.5796
59359,0,0,0,0,0,0.4111
59359,0,0,0,0,0,0.124
59359,0,0,0,0,0,0.3438
59359,0,0,0,0,0,0.3319
59359,0,0,0,0,0,0.3888
59359,0,0,0,0,1,0.7711
59359,0,0,0,0,0,0.2973
59456,1,2,0,1,1,0.9921
59456,1,2,0,0,1,0.9731
59456,1,2,0,0,1,0.7169
59456,1,2,0,0,0,0.627
59456,1,2,0,0,1,0.9833
59456,1,2,0,0,0,0.3936
59456,1,2,0,0,0,0.5407
59456,1,1,0,0,0,0.3104
59456,1,1,0,0,0,0.3606
59456,1,2,0,0,0,0.3929
59456,1,1,0,0,0,0.2847
59456,0,0,0,0,0,0.0195
59456,0,0,0,0,0,0.2586
59456,0,0,0,0,0,0.1952
59456,0,0,0,0,0,0.1941
59456,0,0,0,0,0,0.1055
59456,0,0,0,0,0,0.0885
59456,0,0,0,1,0,0.4308
59456,0,0,0,0,0,0.5187
59456,0,0,0,0,0,0.2411
59456,0,0,0,0,0,0.4461
59456,0,0,0,0,0,0.2124
59456,0,0,0,0,0,0.1841
59456,0,0,0,0,0,0.3933
59456,0,0,0,0,0,0.3309
59456,0,0,0,0,0,0.3254
59456,0,0,0,0,0,0.3842
59456,0,0,0,0,0,0.1986
59456,0,0,0,0,0,0.2272
59456,0,0,0,0,0,0.3076
59456,0,0,0,0,0,0.3762
59456,0,0,0,0,0,0.3575
59456,0,0,0,0,0,0.3572
59456,0,0,0,0,1,0.6628
59456,0,0,0,0,0,0.4373
59456,0,0,0,0,0,0.0373
59456,0,0,0,0,0,0.2096
59456,0,0,0,0,0,0.2427
59456,0,0,0,0,0,0.3857
59456,0,0,0,0,0,0.3765
59456,0,0,0,0,0,0.3702
59456,0,0,0,0,0,0.2425
59358,1,2,0,0,1,0.9981
59358,1,2,0,1,1,0.9734
59358,1,2,0,0,0,0.4687
59358,1,2,0,0,0,0.4714
59358,1,2,0,0,0,0.3344
59358,1,2,0,0,1,0.9756
59358,1,2,0,0,0,0.1863
59358,1,2,0,0,0,0.3443
59358,1,2,0,0,0,0.535
59358,1,2,0,0,0,0.0259
59358,1,2,0,0,0,0.5052
59358,1,2,0,0,0,0.2615
59358,0,0,0,0,0,0.0102
59358,0,0,0,0,0,0.4236
59358,0,0,0,0,0,0.2575
59358,0,0,0,0,1,0.7399
59358,0,0,0,0,0,0.1529
59358,0,0,0,0,0,0.0909
59358,0,0,0,0,0,0.4276
59358,0,0,0,0,1,0.7098
59358,0,0,0,0,0,0.245
59358,0,0,0,0,0,0.4876
59358,0,0,0,0,0,0.2025
59358,0,0,0,0,0,0.4561
59358,0,0,0,0,0,0.3724
59358,0,0,0,0,0,0.1768
59358,0,0,0,1,0,0.4777
59358,0,0,0,0,0,0.0159
59358,0,0,0,0,0,0.1164
59358,0,0,0,0,0,0.3723
59358,0,0,0,0,0,0.195
59358,0,0,0,0,0,0.3992
59358,0,0,0,0,0,0.4651
59358,0,0,0,0,0,0.3804
59358,0,0,0,0,0,0.0755
59358,0,0,0,0,0,0.228
59358,0,0,0,0,0,0.1403
59358,0,0,0,0,0,0.202
59358,0,0,0,0,0,0.325
59358,0,0,0,0,0,0.5376
59358,0,0,0,0,0,0.4214
59358,0,0,0,0,0,0.2905
59358,0,0,0,0,0,0.5414
59358,0,0,0,0,0,0.3774
59457,1,2,0,1,1,0.9951
59457,1,2,0,0,1,0.9798
59457,1,2,0,0,0,0.395
59457,1,2,0,1,1,0.7355
59457,1,2,0,1,1,0.8573
59457,1,2,0,0,1,0.7223
59457,1,1,0,0,0,0.6051
59457,1,1,0,0,0,0.5574
59457,1,2,0,0,0,0.3096
59457,1,1,0,0,0,0.3223
59457,1,2,0,1,0,0.2835
59457,0,0,0,0,0,0.0188
59457,0,0,0,0,0,0.1699
59457,0,0,0,0,0,0.2491
59457,0,0,0,0,0,0.0833
59457,0,0,0,0,0,0.0275
59457,0,0,0,0,0,0.1341
59457,0,0,0,0,1,0.6852
59457,0,0,0,0,0,0.2467
59457,0,0,0,0,0,0.3298
59457,0,0,0,0,0,0.602
59457,0,0,0,0,0,0.2992
59457,0,0,0,0,0,0.1227
59457,0,0,0,0,0,0.3397
59457,0,0,0,0,0,0.554
59457,0,0,0,0,0,0.0699
59457,0,0,0,0,0,0.3075
59457,0,0,0,0,0,0.2329
59457,0,0,0,0,0,0.2985
59457,0,0,0,0,0,0.4546
59457,0,0,0,0,0,0.4834
59457,0,0,0,0,0,0.3099
59457,0,0,0,0,0,0.1729
59457,0,0,0,0,0,0.3975
59457,0,0,0,0,0,0.3914
59457,0,0,0,0,0,0.1258
59457,0,0,0,0,0,0.2535
59457,0,0,0,0,0,0.3565
59457,0,0,0,0,0,0.1353
59458,1,2,0,1,1,0.9894
59458,1,2,0,0,1,0.9933
59458,1,2,0,0,1,0.8955
59458,1,2,0,0,1,0.8611
59458,1,2,0,0,0,0.4156
59458,1,2,0,1,1,0.9762
59458,1,2,0,0,0,0.5323
59458,1,2,0,0,1,0.7362
59458,1,1,0,0,0,0.51
59458,1,1,0,0,0,0.0684
59458,1,2,0,0,0,0.5443
59458,1,1,0,0,0,0.4627
59458,0,0,0,0,0,0.0094
59458,0,0,0,0,0,0.2973
59458,0,0,0,0,0,0.2702
59458,0,0,0,0,0,0.3351
59458,0,0,0,0,0,0.1925
59458,0,0,0,0,0,0.3649
59458,0,0,0,0,0,0.4366
59458,0,0,0,0,0,0.2924
59458,0,0,0,0,0,0.5337
59458,0,0,0,0,0,0.4626
59458,0,0,0,0,0,0.2518
59458,0,0,0,0,0,0.5708
59458,0,0,0,0,0,0.3701
59458,0,0,0,0,0,0.1502
59458,0,0,0,0,0,0.3064
59458,0,0,0,0,0,0.3267
59458,0,0,0,0,0,0.2161
59458,0,0,0,0,0,0.1818
59458,0,0,0,0,0,0.3013
59458,0,0,0,0,0,0.3694
59458,0,0,0,0,0,0.1562
59458,0,0,0,0,0,0.3101
59458,0,0,0,0,0,0.0719
59458,0,0,0,0,0,0.1145
59458,0,0,0,0,0,0.1659
59458,0,0,0,0,0,0.4551
59458,0,0,0,0,0,0.1151
59458,0,0,0,0,0,0.2807
59459,1,2,0,1,1,0.9814
59459,1,1,0,0,0,0.4331
59459,1,2,0,0,1,0.9327
59459,1,1,0,0,0,0.3188
59459,1,2,0,0,0,0.3491
59459,1,2,0,0,0,0.2469
59459,1,2,0,1,1,0.8741
59459,1,2,0,0,1,0.9225
59459,1,1,0,0,0,0.3075
59459,1,2,0,0,0,0.5676
59459,1,1,0,0,0,0.2702
59459,1,1,0,0,0,0.1407
59459,1,2,0,0,0,0.2154
59459,1,1,0,0,0,0.3149
59459,0,0,0,0,0,0.006
59459,0,0,0,0,0,0.4503
59459,0,0,0,0,0,0.407
59459,0,0,0,1,0,0.5073
59459,0,0,0,0,0,0.2057
59459,0,0,0,0,0,0.1225
59459,0,0,0,0,0,0.5503
59459,0,0,0,0,1,0.6661
59459,0,0,0,0,0,0.4836
59459,0,0,0,0,0,0.408
59459,0,0,0,0,0,0.473
59459,0,0,0,0,0,0.3264
59459,0,0,0,0,0,0.3188
59459,0,0,0,0,0,0.0679
59459,0,0,0,0,0,0.135
59459,0,0,0,0,0,0.0923
59459,0,0,0,0,0,0.0986
59459,0,0,0,0,0,0.2042
59459,0,0,0,0,0,0.5819
59459,0,0,0,0,0,0.3382
59459,0,0,0,0,0,0.3116
59459,0,0,0,0,0,0.2864
59459,0,0,0,0,0,0.6437
59459,0,0,0,0,0,0.1785
59459,0,0,0,0,0,0.1517
59459,0,0,0,0,0,0.2801
59459,0,0,0,0,0,0.2851
59459,0,0,0,0,0,0.3466
59459,0,0,0,0,0,0.2679
59459,0,0,0,0,0,0.1378
62200,1,2,0,1,1,0.9927
62200,1,2,0,0,1,0.9341
62200,1,2,0,0,1,0.8173
62200,1,2,0,0,1,0.9414
62200,1,1,0,0,0,0.4322
62200,1,2,0,0,0,0.6345
62200,1,2,0,0,0,0.4851
62200,1,2,0,0,1,0.6799
62200,1,2,0,0,0,0.6527
62200,1,1,0,0,0,0.5808
62200,0,0,0,0,0,0.0061
62200,0,0,0,1,0,0.6557
62200,0,0,0,0,1,0.6664
62200,0,0,0,0,1,0.7353
62200,0,0,0,0,0,0.226
62200,0,0,0,0,0,0.1841
62200,0,0,0,0,0,0.3315
62200,0,0,0,0,0,0.1216
62200,0,0,0,1,1,0.8597
62200,0,0,0,0,0,0.4289
62200,0,0,0,0,0,0.3095
62200,0,0,0,0,0,0.4044
62200,0,0,0,0,0,0.4101
62200,0,0,0,0,0,0.1574
62200,0,0,0,0,0,0.5469
62200,0,0,0,0,0,0.0252
62200,0,0,0,0,0,0.3567
62200,0,0,0,0,0,0.4157
62200,0,0,0,0,0,0.1633
62200,0,0,0,0,0,0.5248
62200,0,0,0,0,0,0.5083
62200,0,0,0,0,0,0.01
62200,0,0,0,1,1,0.8489
62200,0,0,0,0,0,0.4523
62200,0,0,0,0,1,0.7531
62200,0,0,0,0,0,0.1756
62200,0,0,0,0,0,0.1652
62200,0,0,0,0,0,0.5219
62200,0,0,0,0,0,0.5077
62200,0,0,0,0,0,0.1336
62200,0,0,0,0,0,0.4061
62200,0,0,0,0,0,0.4163
62202,1,2,0,1,1,0.9831
62202,1,2,0,1,1,0.9826
62202,1,2,0,0,0,0.4916
62202,1,2,0,1,1,0.9924
62202,1,2,0,0,0,0.5889
62202,1,2,0,0,0,0.4857
62202,1,2,0,0,0,0.4868
62202,1,1,0,0,0,0.2102
62202,0,0,0,0,0,0.0086
62202,0,0,0,1,1,0.8863
62202,0,0,0,0,0,0.3309
62202,0,0,0,0,0,0.4174
62202,0,0,0,0,0,0.1604
62202,0,0,0,0,0,0.3623
62202,0,0,0,0,0,0.2544
62202,0,0,0,0,0,0.2926
62202,0,0,0,1,1,0.7285
62202,0,0,0,0,0,0.1659
62202,0,0,0,0,0,0.0313
62202,0,0,0,0,0,0.3817
62202,0,0,0,0,0,0.3501
62202,0,0,0,0,0,0.0949
62202,0,0,0,0,0,0.0441
62202,0,0,0,0,0,0.3173
62202,0,0,0,0,0,0.1755
62202,0,0,0,0,0,0.3555
62202,0,0,0,0,0,0.3832
62202,0,0,0,0,0,0.2393
62202,0,0,0,0,0,0.3396
62202,0,0,0,0,0,0.2427
62202,0,0,0,0,0,0.528
62202,0,0,0,0,0,0.5048
62202,0,0,0,0,0,0.3043
62202,0,0,0,0,0,0.2706
62202,0,0,0,0,0,0.1925
62202,0,0,0,0,0,0.4065
62202,0,0,0,0,0,0.195
62201,1,2,0,1,1,0.9971
62201,1,2,0,1,1,0.897
62201,1,2,0,0,1,0.8172
62201,1,2,0,1,1,0.7409
62201,1,2,0,0,0,0.6368
62201,1,2,0,0,1,0.863
62201,1,1,0,1,0,0.3037
62201,1,2,0,1,0,0.3666
62201,1,2,0,0,1,0.7337
62201,0,0,0,0,0,0.0168
62201,0,0,0,0,0,0.5069
62201,0,0,0,0,0,0.2994
62201,0,0,0,0,0,0.4218
62201,0,0,0,0,0,0.3522
62201,0,0,0,0,0,0.1287
62201,0,0,0,0,0,0.148
62201,0,0,0,1,0,0.3852
62201,0,0,0,0,0,0.3152
62201,0,0,0,0,0,0.5077
62201,0,0,0,0,0,0.1534
62201,0,0,0,0,0,0.3662
62201,0,0,0,0,0,0.4294
62201,0,0,0,0,0,0.4162
62201,0,0,0,0,0,0.1169
62201,0,0,0,0,0,0.3949
62201,0,0,0,0,0,0.367
62201,0,0,0,0,0,0.1419
62201,0,0,0,0,0,0.211
62201,0,0,0,0,0,0.3936
62201,0,0,0,0,0,0.3118
62201,0,0,0,0,0,0.4137
62201,0,0,0,0,0,0.0633
62201,0,0,0,0,0,0.5194
62201,0,0,0,0,0,0.3902
62201,0,0,0,0,0,0.4312
62201,0,0,0,0,0,0.4073
62201,0,0,0,0,1,0.7184
62201,0,0,0,0,0,0.4922
62201,0,0,0,0,0,0.2797
62203,1,2,0,1,1,0.9609
62203,1,2,0,1,1,0.9593
62203,1,2,0,0,0,0.592
62203,1,2,0,0,0,0.4737
62203,1,2,0,0,1,0.8874
62203,1,2,0,0,0,0.3936
62203,1,1,0,0,0,0.4402
62203,1,1,0,0,0,0.2615
62203,1,2,0,0,1,0.8611
62203,1,1,0,0,0,0.2418
62203,0,0,0,0,0,0.0134
62203,0,0,0,0,0,0.3994
62203,0,0,0,0,0,0.3676
62203,0,0,0,0,0,0.4039
62203,0,0,0,0,0,0.1573
62203,0,0,0,0,0,0.1524
62203,0,0,0,0,0,0.1864
62203,0,0,0,0,0,0.343
62203,0,0,0,0,0,0.5762
62203,0,0,0,0,0,0.6419
62203,0,0,0,0,0,0.3089
62203,0,0,0,0,0,0.2515
62203,0,0,0,0,0,0.4221
62203,0,0,0,0,0,0.1769
62203,0,0,0,0,0,0.4519
62203,0,0,0,0,0,0.0435
62203,0,0,0,0,0,0.1397
62203,0,0,0,0,0,0.2111
62203,0,0,0,0,0,0.4773
62203,0,0,0,0,0,0.5716
62203,0,0,0,0,0,0.5543
62203,0,0,0,0,0,0.0807
62203,0,0,0,0,0,0.5545
62203,0,0,0,0,0,0.4728
62203,0,0,0,0,0,0.3396
62203,0,0,0,0,0,0.4023
62203,0,0,0,0,0,0.3957
62203,0,0,0,0,0,0.265
62203,0,0,0,0,0,0.4128
62203,0,0,0,0,0,0.3604
62204,1,2,0,1,1,0.9818
62204,1,2,1,0,1,0.9953
62204,1,2,0,1,0,0.3936
62204,1,2,0,0,0,0.5622
62204,1,2,0,1,1,0.8367
62204,1,2,0,0,0,0.2223
62204,1,2,0,0,1,0.8165
62204,1,2,0,0,0,0.3344
62204,1,2,0,0,1,0.862
62204,1,2,0,0,0,0.3308
62204,0,0,0,0,0,0.0151
62204,0,0,0,0,0,0.3128
62204,0,0,0,0,0,0.3607
62204,0,0,0,0,0,0.454
62204,0,0,0,0,0,0.6436
62204,0,0,1,0,0,0.0608
62204,0,0,1,0,0,0.5219
62204,0,0,0,0,0,0.465
62204,0,0,0,1,0,0.5699
62204,0,0,0,0,0,0.2414
62204,0,0,0,0,0,0.5008
62204,0,0,0,0,0,0.2683
62204,0,0,0,0,0,0.2847
62204,0,0,0,0,0,0.1908
62204,0,0,0,0,0,0.3275
62204,0,0,0,0,0,0.2679
62204,0,0,0,0,0,0.2281
62204,0,0,0,1,0,0.0595
62204,0,0,0,0,0,0.1643
62204,0,0,0,0,1,0.6777
62204,0,0,0,0,0,0.278
62204,0,0,0,0,1,0.8972
62204,0,0,0,0,0,0.2451
62204,0,0,0,0,0,0.5265
62204,0,0,0,0,0,0.3702
62204,0,0,0,0,0,0.0356
62204,0,0,0,0,0,0.2126
62204,0,0,0,0,0,0.4877
62204,0,0,0,0,0,0.3002
62204,0,0,0,0,0,0.3704
62204,0,0,0,0,0,0.2187
62204,0,0,0,0,0,0.0311
62205,1,2,0,1,1,0.9957
62205,1,2,0,0,0,0.1173
62205,1,2,0,1,1,0.9169
62205,1,2,0,0,0,0.5605
62205,1,1,0,0,0,0.1813
62205,1,1,0,0,0,0.4882
62205,1,1,0,0,0,0.3561
62205,1,2,0,0,1,0.9708
62205,1,1,0,0,0,0.2349
62205,1,1,0,0,0,0.337
62205,1,1,0,0,0,0.3268
62205,0,0,0,0,0,0.0044
62205,0,0,0,0,0,0.4833
62205,0,0,0,1,1,0.678
62205,0,0,0,0,0,0.4879
62205,0,0,0,0,0,0.3748
62205,0,0,0,0,0,0.1504
62205,0,0,0,0,0,0.1837
62205,0,0,0,0,0,0.3542
62205,0,0,0,0,0,0.327
62205,0,0,0,0,1,0.6889
62205,0,0,0,0,0,0.327
62205,0,0,0,0,0,0.3483
62205,0,0,0,0,0,0.3527
62205,0,0,0,1,0,0.3547
62205,0,0,0,0,0,0.0455
62205,0,0,0,0,0,0.3474
62205,0,0,0,0,0,0.1888
62205,0,0,0,0,0,0.0695
62205,0,0,0,0,0,0.3276
62205,0,0,0,0,0,0.3268
62205,0,0,0,0,0,0.1655
62205,0,0,0,0,0,0.3912
62205,0,0,0,0,0,0.5655
62205,0,0,0,0,0,0.4342
62205,0,0,0,0,0,0.4412
62205,0,0,0,0,0,0.3434
62205,0,0,0,0,0,0.4152
62205,0,0,0,0,0,0.4902
62205,0,0,0,0,0,0.2453
62205,0,0,0,0,0,0.4985
62205,0,0,0,0,0,0.3002
62205,0,0,0,0,0,0.2909
62205,0,0,0,0,0,0.5499
62206,1,2,0,1,1,0.9938
62206,1,2,0,1,1,0.8713
62206,1,2,0,0,1,0.7731
62206,1,2,0,0,0,0.3153
62206,1,2,0,0,0,0.5925
62206,1,2,0,0,0,0.349
62206,1,2,0,1,0,0.3644
62206,1,1,0,0,0,0.2551
62206,1,2,0,0,1,0.6952
62206,1,1,0,1,1,0.7483
62206,1,2,0,0,0,0.3835
62206,1,2,0,0,0,0.5677
62206,1,2,0,0,0,0.3935
62206,0,0,0,0,0,0.0156
62206,0,0,0,0,0,0.6369
62206,0,0,0,0,0,0.3073
62206,0,0,0,0,0,0.475
62206,0,0,0,0,0,0.4736
62206,0,0,0,0,0,0.0957
62206,0,0,0,0,0,0.4975
62206,0,0,0,0,0,0.3284
62206,0,0,0,0,0,0.6219
62206,0,0,0,0,0,0.2389
62206,0,0,0,0,0,0.0485
62206,0,0,0,0,0,0.3056
62206,0,0,0,0,0,0.4122
62206,0,0,0,0,0,0.2482
62206,0,0,0,0,0,0.0919
62206,0,0,0,0,0,0.1086
62206,0,0,0,0,0,0.1349
62206,0,0,0,0,0,0.3316
62206,0,0,0,0,0,0.23
62206,0,0,0,0,0,0.264
62206,0,0,0,0,0,0.406
62206,0,0,0,0,0,0.2749
62206,0,0,0,0,0,0.2846
62206,0,0,0,0,0,0.3649
62206,0,0,0,0,0,0.1096
62206,0,0,0,0,0,0.4043
62206,0,0,0,0,0,0.4442
62206,0,0,0,0,0,0.0657
62206,0,0,0,0,0,0.1233
62206,0,0,0,0,0,0.4378
62206,0,0,0,0,1,0.7085
62206,0,0,0,0,0,0.4323
62206,0,0,0,0,1,0.7255
62206,0,0,0,0,0,0.2161
62207,1,2,0,0,1,0.9901
62207,1,2,0,0,0,0.2161
62207,1,2,0,0,1,0.9352
62207,1,2,0,0,1,0.9088
62207,1,2,0,1,1,0.8807
62207,1,2,0,0,0,0.4097
62207,1,1,0,0,0,0.4554
62207,1,2,0,0,0,0.1389
62207,1,2,0,0,0,0.3462
62207,1,1,0,0,0,0.3682
62207,1,1,0,0,0,0.2126
62207,0,0,0,0,0,0.0057
62207,0,0,0,0,0,0.413
62207,0,0,0,1,0,0.476
62207,0,0,0,0,0,0.2203
62207,0,0,0,0,0,0.4458
62207,0,0,0,0,0,0.2905
62207,0,0,0,0,0,0.2121
62207,0,0,0,0,0,0.6436
62207,0,0,0,1,1,0.7894
62207,0,0,0,0,1,0.8212
62207,0,0,0,0,0,0.3406
62207,0,0,0,1,1,0.7026
62207,0,0,0,0,0,0.3175
62207,0,0,0,1,0,0.0771
62207,0,0,0,0,0,0.0438
62207,0,0,0,0,0,0.1196
62207,0,0,0,0,0,0.295
62207,0,0,0,0,0,0.1756
62207,0,0,0,0,0,0.1977
62207,0,0,0,1,0,0.3332
62207,0,0,0,0,0,0.512
62207,0,0,0,0,0,0.3516
62207,0,0,0,0,0,0.1482
62207,0,0,0,0,0,0.6345
62207,0,0,0,0,0,0.3911
62207,0,0,0,0,0,0.3379
62207,0,0,0,0,0,0.2322
62207,0,0,0,0,0,0.0952
62207,0,0,0,0,0,0.4187
62207,0,0,0,0,0,0.2298
62208,1,2,0,1,1,0.9945
62208,1,2,0,0,1,0.9701
62208,1,2,0,0,0,0.5289
62208,1,2,0,0,0,0.4203
62208,1,2,0,0,0,0.628
62208,1,2,0,0,1,0.9669
62208,1,2,0,0,1,0.7914
62208,1,1,0,0,0,0.211
62208,1,2,0,0,0,0.3556
62208,1,2,0,0,0,0.4901
62208,0,0,0,0,0,0.0034
62208,0,0,0,0,0,0.4306
62208,0,0,0,0,0,0.5393
62208,0,0,0,1,0,0.4897
62208,0,0,0,0,0,0.379
62208,0,0,0,0,0,0.057
62208,0,0,0,0,0,0.2234
62208,0,0,0,0,0,0.5143
62208,0,0,0,0,0,0.2714
62208,0,0,0,0,0,0.2946
62208,0,0,0,0,0,0.3447
62208,0,0,0,0,1,0.6913
62208,0,0,0,0,0,0.5188
62208,0,0,0,0,0,0.5619
62208,0,0,0,0,0,0.0292
62208,0,0,0,0,0,0.1908
62208,0,0,0,0,0,0.3369
62208,0,0,0,0,0,0.3153
62208,0,0,0,0,0,0.2583
62208,0,0,0,0,0,0.6038
62208,0,0,0,0,0,0.2647
62208,0,0,0,1,0,0.5302
62208,0,0,0,0,0,0.303
62208,0,0,0,0,0,0.137
62208,0,0,0,0,0,0.4916
62208,0,0,0,0,0,0.2829
62208,0,0,0,0,0,0.251
62208,0,0,0,0,0,0.2756
62208,0,0,0,0,0,0.3534
62208,0,0,0,0,0,0.4202
62208,0,0,0,0,0,0.5607
62208,0,0,0,0,0,0.4327
62209,1,2,1,1,1,0.998
62209,1,2,0,1,1,0.9939
62209,1,2,0,0,1,0.6598
62209,1,2,0,0,0,0.5487
62209,1,2,0,0,1,0.7133
62209,1,2,0,0,1,0.81
62209,1,2,0,0,0,0.3379
62209,1,1,0,0,0,0.4282
62209,1,2,0,0,0,0.0799
62209,1,2,0,0,1,0.7023
62209,0,0,0,0,0,0.0065
62209,0,0,0,0,0,0.464
62209,0,0,0,0,0,0.3587
62209,0,0,0,0,1,0.669
62209,0,0,0,0,0,0.3981
62209,0,0,0,0,0,0.2296
62209,0,0,0,0,0,0.4191
62209,0,0,0,0,0,0.3844
62209,0,0,0,0,0,0.4679
62209,0,0,0,1,0,0.5427
62209,0,0,0,0,0,0.1295
62209,0,0,0,0,0,0.2078
62209,0,0,0,0,0,0.3993
62209,0,0,0,0,0,0.3336
62209,0,0,0,0,0,0.2055
62209,0,0,0,0,0,0.2684
62209,0,0,0,0,0,0.3026
62209,0,0,0,0,0,0.5351
62209,0,0,0,0,0,0.3541
62209,0,0,0,0,0,0.4048
62209,0,0,0,0,0,0.3989
62209,0,0,0,0,1,0.8337
62209,0,0,0,1,0,0.4931
62209,0,0,0,0,0,0.2125
62209,0,0,0,0,0,0.4526
62209,0,0,0,0,0,0.4401
62209,0,0,0,0,0,0.4684
62209,0,0,0,0,0,0.2415
62209,0,0,0,0,0,0.3265
62209,0,0,0,0,0,0.4588
62209,0,0,0,0,0,0.2285
62409,1,2,0,0,1,0.9934
62409,1,1,0,0,0,0.5762
62409,1,2,0,1,1,0.9707
62409,1,2,0,0,1,0.8422
62409,1,2,0,0,0,0.2936
62409,1,2,1,0,0,0.3178
62409,1,2,0,1,0,0.1135
62409,1,2,0,0,0,0.485
62409,1,2,0,0,0,0.1961
62409,1,2,0,0,0,0.3766
62409,1,1,0,0,0,0.2177
62409,1,1,0,0,0,0.3048
62409,1,2,0,0,0,0.1713
62409,1,2,0,0,0,0.0762
62409,0,0,0,0,0,0.0081
62409,0,0,0,0,0,0.4645
62409,0,0,0,0,0,0.1773
62409,0,0,0,0,0,0.2863
62409,0,0,0,0,0,0.0081
62409,0,0,0,0,0,0.0763
62409,0,0,0,0,0,0.1259
62409,0,0,0,0,0,0.0874
62409,0,0,0,0,0,0.624
62409,0,0,0,0,0,0.2412
62409,0,0,0,0,0,0.0585
62409,0,0,0,0,0,0.0807
62409,0,0,0,0,0,0.4801
62409,0,0,0,0,0,0.3268
62409,0,0,0,0,0,0.1202
62409,0,0,0,0,0,0.3169
62409,0,0,0,0,0,0.1507
62409,0,0,0,0,0,0.0249
62409,0,0,0,0,0,0.1458
62409,0,0,0,0,0,0.291
62409,0,0,0,0,0,0.1895
62409,0,0,0,0,0,0.1539
62409,0,0,0,0,0,0.0869
62409,0,0,0,0,0,0.1097
62409,0,0,0,0,0,0.292
62409,0,0,0,0,0,0.2584
62409,0,0,0,0,0,0.5061
62409,0,0,0,0,0,0.1904
62409,0,0,0,0,0,0.5088
62409,0,0,0,0,0,0.1757
62600,1,2,1,1,1,0.9985
62600,1,2,0,0,1,0.8881
62600,1,1,0,0,1,0.8791
62600,1,2,0,0,1,0.876
62600,1,2,0,0,0,0.3045
62600,1,2,0,0,0,0.5201
62600,1,1,0,0,0,0.1282
62600,1,2,0,0,0,0.4701
62600,0,0,0,1,0,0.0645
62600,0,0,0,0,0,0.3121
62600,0,0,0,0,0,0.262
62600,0,0,0,0,0,0.4097
62600,0,0,0,0,0,0.3869
62600,0,0,0,0,0,0.2876
62600,0,0,0,0,0,0.1887
62600,0,0,0,0,0,0.3615
62600,0,0,0,0,0,0.6148
62600,0,0,0,0,0,0.4883
62600,0,0,0,0,0,0.1896
62600,0,0,0,0,0,0.6129
62600,0,0,0,0,0,0.3794
62600,0,0,0,0,0,0.027
62600,0,0,0,0,0,0.3261
62600,0,0,0,0,0,0.1746
62600,0,0,0,0,0,0.3796
62600,0,0,0,0,0,0.4643
62600,0,0,0,0,0,0.1502
62600,0,0,0,0,0,0.0919
62600,0,0,0,0,0,0.6271
62600,0,0,0,0,0,0.3606
62600,0,0,0,0,0,0.4842
62600,0,0,0,0,0,0.3904
62600,0,0,0,0,0,0.5002
62600,0,0,0,0,0,0.5923
62600,0,0,0,0,0,0.2866
62600,0,0,0,0,0,0.4176
62601,1,2,1,1,1,0.9963
62601,1,2,0,1,1,0.9514
62601,1,2,0,0,0,0.3947
62601,1,2,0,1,1,0.9468
62601,1,2,0,0,1,0.8215
62601,1,2,0,0,0,0.5084
62601,1,2,0,0,0,0.305
62601,1,1,0,0,0,0.3851
62601,1,2,0,0,0,0.506
62601,0,0,0,1,0,0.0124
62601,0,0,0,0,0,0.5222
62601,0,0,0,0,0,0.3042
62601,0,0,0,0,0,0.236
62601,0,0,0,0,0,0.2713
62601,0,0,0,1,0,0.3125
62601,0,0,0,0,0,0.3091
62601,0,0,0,0,0,0.3658
62601,0,0,0,0,0,0.4413
62601,0,0,0,0,1,0.8616
62601,0,0,0,0,0,0.1521
62601,0,0,0,0,0,0.2565
62601,0,0,0,0,0,0.3306
62601,0,0,0,0,0,0.4284
62601,0,0,0,0,0,0.3268
62601,0,0,0,0,0,0.3151
62601,0,0,0,1,0,0.3365
62601,0,0,0,0,0,0.5496
62601,0,0,0,0,0,0.5069
62601,0,0,0,0,0,0.4691
62601,0,0,0,1,0,0.3709
62601,0,0,0,0,0,0.3526
62601,0,0,0,0,0,0.3608
62601,0,0,0,0,0,0.2053
62601,0,0,0,0,0,0.2892
62601,0,0,0,0,0,0.3777
62601,0,0,0,0,0,0.236
62601,0,0,0,0,0,0.5128
62601,0,0,0,0,0,0.2322
62601,0,0,0,0,0,0.3691
62601,0,0,0,0,0,0.2569
62602,1,2,0,0,1,0.9901
62602,1,2,0,1,1,0.9311
62602,1,2,0,0,0,0.5842
62602,1,2,0,1,1,0.9958
62602,1,2,0,0,1,0.9032
62602,1,2,0,0,1,0.8736
62602,0,0,0,0,0,0.0295
62602,0,0,0,0,0,0.5276
62602,0,0,0,1,0,0.3396
62602,0,0,0,0,0,0.3514
62602,0,0,0,0,0,0.2703
62602,0,0,0,0,0,0.2915
62602,0,0,0,0,0,0.2596
62602,0,0,0,0,0,0.3302
62602,0,0,0,1,0,0.346
62602,0,0,0,0,0,0.5621
62602,0,0,0,0,0,0.1311
62602,0,0,0,1,0,0.5355
62602,0,0,0,0,0,0.4647
62602,0,0,0,0,0,0.1252
62602,0,0,0,0,0,0.1771
62602,0,0,0,0,0,0.2095
62602,0,0,0,0,0,0.1082
62602,0,0,0,0,0,0.6174
62602,0,0,0,0,1,0.7107
62602,0,0,0,0,0,0.3702
62602,0,0,0,0,0,0.59
62602,0,0,0,0,0,0.2425
62602,0,0,0,0,0,0.1035
62602,0,0,0,0,0,0.2369
62602,0,0,0,0,0,0.1919
62602,0,0,0,0,0,0.1194
62602,0,0,0,0,0,0.3885
62602,0,0,0,0,0,0.48
62602,0,0,0,0,0,0.4469
62603,1,2,0,1,1,0.9964
62603,1,2,0,1,1,0.9818
62603,1,2,0,0,1,0.8494
62603,1,1,0,0,0,0.1608
62603,1,2,0,0,0,0.1775
62603,1,2,0,0,1,0.9229
62603,1,2,0,0,0,0.4188
62603,1,2,0,0,0,0.272
62603,1,2,0,0,0,0.5273
62603,0,0,0,0,0,0.0073
62603,0,0,0,0,0,0.4318
62603,0,0,0,0,0,0.341
62603,0,0,0,0,0,0.4139
62603,0,0,0,0,0,0.4798
62603,0,0,0,0,0,0.4052
62603,0,0,0,0,0,0.1091
62603,0,0,0,0,0,0.2954
62603,0,0,0,0,0,0.5339
62603,0,0,0,0,0,0.4305
62603,0,0,0,0,0,0.289
62603,0,0,0,0,0,0.128
62603,0,0,0,0,0,0.2399
62603,0,0,0,0,0,0.4782
62603,0,0,0,0,0,0.391
62603,0,0,0,0,0,0.1328
62603,0,0,0,0,0,0.3363
62603,0,0,0,0,0,0.1317
62603,0,0,0,0,0,0.5881
62603,0,0,0,0,0,0.2879
62603,0,0,0,0,0,0.4966
62603,0,0,0,0,0,0.4075
62603,0,0,0,0,0,0.4691
62603,0,0,0,0,0,0.6119
62603,0,0,0,0,0,0.1849
62603,0,0,0,0,0,0.4669
62603,0,0,0,1,0,0.6233
62603,0,0,0,0,0,0.2169
62603,0,0,0,0,0,0.4941
62603,0,0,0,0,0,0.473
62604,1,2,1,1,1,0.9863
62604,1,2,0,1,1,0.77
62604,1,1,0,0,1,0.7207
62604,1,2,0,0,0,0.2751
62604,1,2,0,0,0,0.2774
62604,1,1,0,0,0,0.459
62604,1,2,0,0,0,0.5212
62604,1,2,0,0,0,0.5602
62604,1,1,0,0,0,0.0323
62604,1,2,0,0,0,0.6419
62604,1,1,0,0,0,0.4631
62604,0,0,0,0,0,0.0037
62604,0,0,1,0,0,0.4871
62604,0,0,1,0,1,0.6753
62604,0,0,0,0,0,0.4196
62604,0,0,0,0,0,0.1939
62604,0,0,0,0,0,0.2431
62604,0,0,0,0,0,0.2081
62604,0,0,0,0,0,0.4168
62604,0,0,0,0,0,0.4064
62604,0,0,0,0,0,0.4692
62604,0,0,0,0,0,0.132
62604,0,0,0,0,0,0.4668
62604,0,0,0,0,0,0.2922
62604,0,0,0,0,0,0.2029
62604,0,0,0,0,0,0.1623
62604,0,0,0,0,0,0.5747
62604,0,0,0,0,0,0.3981
62604,0,0,0,0,0,0.3306
62604,0,0,0,0,0,0.2086
62604,0,0,0,0,0,0.3889
62604,0,0,0,0,0,0.4573
62604,0,0,0,0,0,0.3439
62604,0,0,0,0,0,0.4433
62604,0,0,0,0,0,0.3664
62604,0,0,0,0,0,0.284
62604,0,0,0,0,0,0.3432
62604,0,0,0,0,0,0.3424
62604,0,0,0,0,0,0.4945
62604,0,0,0,0,0,0.2989
62604,0,0,0,0,0,0.4533
62604,0,0,0,0,0,0.4873
62605,1,2,0,1,1,0.9909
62605,1,2,0,1,1,0.8927
62605,1,2,0,0,1,0.6604
62605,1,2,0,0,0,0.5
62605,1,2,0,0,1,0.8572
62605,1,2,0,0,0,0.4167
62605,1,2,0,0,0,0.6336
62605,1,1,0,0,0,0.3225
62605,1,2,0,0,1,0.7793
62605,1,1,0,0,0,0.1836
62605,0,0,0,0,0,0.0208
62605,0,0,0,0,0,0.2847
62605,0,0,0,0,0,0.5647
62605,0,0,0,0,0,0.3835
62605,0,0,0,0,0,0.4744
62605,0,0,0,0,0,0.1987
62605,0,0,0,0,0,0.2281
62605,0,0,0,0,0,0.6341
62605,0,0,0,0,0,0.3069
62605,0,0,0,0,0,0.5029
62605,0,0,0,0,0,0.2432
62605,0,0,0,0,0,0.442
62605,0,0,0,1,0,0.2609
62605,0,0,0,0,0,0.4584
62605,0,0,0,0,0,0.0358
62605,0,0,0,0,0,0.3225
62605,0,0,0,0,0,0.0194
62605,0,0,0,0,0,0.0976
62605,0,0,0,0,0,0.4116
62605,0,0,0,0,0,0.4242
62605,0,0,0,0,0,0.2005
62605,0,0,0,0,0,0.3462
62605,0,0,0,0,0,0.5419
62605,0,0,0,0,0,0.4143
62605,0,0,0,0,0,0.4308
62605,0,0,0,0,0,0.4637
62605,0,0,0,0,0,0.4831
62605,0,0,0,0,0,0.3094
62605,0,0,0,0,0,0.3336
62605,0,0,0,0,0,0.3446
62606,1,2,0,1,1,0.9966
62606,1,2,0,0,1,0.9631
62606,1,2,0,0,1,0.8874
62606,1,2,0,1,1,0.9659
62606,1,2,0,0,0,0.3701
62606,1,1,0,0,0,0.4755
62606,1,2,0,0,1,0.8147
62606,1,2,0,0,0,0.3381
62606,1,2,0,0,0,0.507
62606,0,0,0,0,0,0.0082
62606,0,0,0,0,0,0.4344
62606,0,0,0,0,0,0.3519
62606,0,0,0,0,0,0.3895
62606,0,0,0,0,0,0.41
62606,0,0,0,0,0,0.0794
62606,0,0,0,0,0,0.1824
62606,0,0,0,0,0,0.2468
62606,0,0,0,0,0,0.204
62606,0,0,0,0,1,0.7596
62606,0,0,0,0,0,0.3039
62606,0,0,0,0,0,0.261
62606,0,0,0,1,0,0.3903
62606,0,0,0,0,0,0.2719
62606,0,0,0,0,0,0.1161
62606,0,0,0,0,0,0.2888
62606,0,0,0,0,0,0.1793
62606,0,0,0,0,0,0.2755
62606,0,0,0,1,0,0.2685
62606,0,0,0,0,0,0.3649
62606,0,0,0,0,0,0.3624
62606,0,0,0,0,0,0.32
62606,0,0,0,0,0,0.3594
62606,0,0,0,0,0,0.2797
62606,0,0,0,0,0,0.1756
62606,0,0,0,0,0,0.6245
62606,0,0,0,0,0,0.4247
62606,0,0,0,0,0,0.4824
62606,0,0,0,0,0,0.4605
62606,0,0,0,0,0,0.4915
62606,0,0,0,0,0,0.1891
62607,1,2,0,0,1,0.9575
62607,1,3,1,0,1,0.9824
62607,1,2,0,0,1,0.681
62607,1,2,0,0,1,0.7328
62607,1,2,0,1,1,0.9564
62607,1,1,0,0,0,0.3256
62607,1,1,0,0,0,0.3464
62607,1,1,0,0,0,0.2999
62607,1,2,0,0,0,0.5046
62607,0,0,0,0,0,0.0212
62607,0,0,0,0,0,0.4163
62607,0,0,0,0,0,0.4143
62607,0,0,0,0,1,0.8002
62607,0,0,0,0,0,0.5106
62607,0,0,1,0,0,0.3199
62607,0,0,0,1,0,0.3949
62607,0,0,0,0,0,0.3655
62607,0,0,0,0,0,0.6042
62607,0,0,0,0,0,0.3949
62607,0,0,0,0,0,0.2095
62607,0,0,0,0,0,0.2562
62607,0,0,0,0,0,0.1216
62607,0,0,0,0,0,0.4054
62607,0,0,0,0,1,0.7409
62607,0,0,0,0,0,0.2607
62607,0,0,0,0,0,0.1672
62607,0,0,0,0,0,0.0705
62607,0,0,0,0,0,0.1636
62607,0,0,0,0,0,0.5111
62607,0,0,0,0,0,0.3246
62607,0,0,0,0,0,0.1792
62607,0,0,0,0,0,0.4665
62607,0,0,0,0,0,0.2089
62607,0,0,0,0,0,0.0928
62607,0,0,0,0,0,0.132
62607,0,0,0,0,0,0.2411
62607,0,0,0,0,0,0.6567
62607,0,0,0,0,0,0.271
62607,0,0,0,0,0,0.2316
62607,0,0,0,0,0,0.1503
62607,0,0,0,0,0,0.2396
62806,1,3,1,1,1,0.9929
62806,1,3,0,0,1,0.9256
62806,1,3,0,0,1,0.756
62806,1,2,0,0,0,0.4649
62806,1,3,0,1,1,0.9791
62806,1,3,0,1,1,0.9178
62806,1,2,0,0,0,0.4554
62806,1,2,0,0,0,0.4149
62806,1,2,0,0,0,0.3586
62806,1,2,0,0,0,0.1127
62806,0,0,0,1,0,0.0144
62806,0,0,0,1,1,0.7642
62806,0,0,0,0,0,0.5967
62806,0,0,0,0,0,0.2842
62806,0,0,0,0,0,0.366
62806,0,0,0,0,0,0.0726
62806,0,0,0,0,0,0.6008
62806,0,0,0,0,0,0.4276
62806,0,0,0,0,0,0.3499
62806,0,0,0,0,0,0.4293
62806,0,0,0,0,0,0.4133
62806,0,0,0,0,0,0.3037
62806,0,0,0,0,0,0.436
62806,0,0,0,0,0,0.2415
62806,0,0,0,0,1,0.6947
62806,0,0,0,0,0,0.451
62806,0,0,0,0,0,0.1338
62806,0,0,0,0,1,0.694
62806,0,0,0,0,0,0.1271
62806,0,0,0,0,0,0.3501
62806,0,0,0,0,0,0.4862
62806,0,0,0,0,0,0.5952
62806,0,0,0,0,0,0.521
62806,0,0,0,0,0,0.6161
62806,0,0,0,0,0,0.3771
62806,0,0,0,0,0,0.1731
62806,0,0,0,0,1,0.7478
62806,0,0,0,0,0,0.0979
62806,0,0,0,0,0,0.6011
62806,0,0,0,0,0,0.4897
62806,0,0,0,1,1,0.8275
62806,0,0,0,0,0,0.3125
62807,1,3,1,0,1,0.9987
62807,1,3,0,0,1,0.6599
62807,1,3,0,0,0,0.5585
62807,1,3,0,0,0,0.5125
62807,1,3,0,0,1,0.8138
62807,1,1,0,0,0,0.3504
62807,1,1,0,0,0,0.3137
62807,1,2,0,0,1,0.7199
62807,1,3,0,0,0,0.2452
62807,0,0,0,0,0,0.0393
62807,0,0,0,0,0,0.321
62807,0,0,0,0,0,0.5249
62807,0,0,0,0,0,0.1728
62807,0,0,0,0,0,0.4211
62807,0,0,0,0,0,0.1893
62807,0,0,0,0,0,0.1757
62807,0,0,0,0,0,0.1835
62807,0,0,0,0,0,0.1816
62807,0,0,0,0,0,0.5004
62807,0,0,0,0,0,0.2157
62807,0,0,0,0,0,0.1868
62807,0,0,0,0,0,0.2813
62807,0,0,0,0,0,0.0501
62807,0,0,0,1,0,0.6357
62807,0,0,0,0,0,0.5003
62807,0,0,0,0,0,0.4034
62807,0,0,0,0,0,0.6113
62807,0,0,0,0,0,0.517
62807,0,0,0,0,0,0.5331
62807,0,0,0,0,0,0.6551
62807,0,0,0,0,1,0.6917
62807,0,0,0,0,0,0.6512
62807,0,0,0,1,0,0.5977
62807,0,0,0,0,0,0.446
62807,0,0,0,0,0,0.5265
62807,0,0,0,0,0,0.1542
62807,0,0,0,0,0,0.5562
62807,0,0,0,0,0,0.3301
62807,0,0,0,0,0,0.3954
62808,1,3,0,1,1,0.9803
62808,1,3,0,0,1,0.9647
62808,1,3,0,0,0,0.5447
62808,1,2,0,0,1,0.9167
62808,1,3,0,0,1,0.9665
62808,1,1,0,0,0,0.6585
62808,1,1,0,0,0,0.4028
62808,1,2,0,1,1,0.9191
62808,1,2,0,0,0,0.4151
62808,0,0,0,0,0,0.0051
62808,0,0,0,1,0,0.5722
62808,0,0,0,0,0,0.3791
62808,0,0,0,0,0,0.2289
62808,0,0,0,0,0,0.1272
62808,0,0,0,0,0,0.0565
62808,0,0,0,0,0,0.0134
62808,0,0,0,0,0,0.0208
62808,0,0,0,0,0,0.0313
62808,0,0,1,0,1,0.693
62808,0,0,0,0,0,0.3038
62808,0,0,0,0,0,0.3205
62808,0,0,0,0,0,0.2113
62808,0,0,0,0,0,0.3905
62808,0,0,0,0,0,0.4803
62808,0,0,0,0,0,0.4005
62808,0,0,0,0,0,0.2104
62808,0,0,0,0,0,0.1942
62808,0,0,0,0,0,0.4324
62808,0,0,0,0,0,0.6198
62808,0,0,0,0,0,0.343
62808,0,0,0,0,0,0.1811
62808,0,0,0,0,0,0.4235
62808,0,0,0,0,0,0.2816
62808,0,0,0,0,0,0.1543
62808,0,0,0,0,0,0.2015
62808,0,0,0,1,1,0.7214
62808,0,0,0,0,0,0.5267
62808,0,0,0,0,0,0.3321
62808,0,0,0,0,0,0.6323
64025,1,3,1,1,1,0.9712
64025,1,3,0,1,1,0.9666
64025,1,3,0,0,1,0.7605
64025,1,2,1,1,0,0.5611
64025,1,2,1,0,0,0.5125
64025,1,3,1,0,1,0.9697
64025,1,1,1,0,0,0.1068
64025,1,2,1,0,0,0.1373
64025,1,3,1,0,0,0.3197
64025,1,2,0,0,0,0.6495
64025,1,3,0,0,0,0.4397
64025,1,1,0,0,0,0.1657
64025,0,0,1,0,0,0.0227
64025,0,0,0,0,1,0.6746
64025,0,0,0,0,0,0.5689
64025,0,0,0,0,0,0.0378
64025,0,0,0,0,0,0.2562
64025,0,0,0,0,0,0.071
64025,0,0,0,0,0,0.4831
64025,0,0,1,0,0,0.2371
64025,0,0,1,0,0,0.3883
64025,0,0,0,1,1,0.868
64025,0,0,0,0,0,0.2663
64025,0,0,0,0,0,0.5173
64025,0,0,0,0,0,0.3076
64025,0,0,0,0,0,0.0951
64025,0,0,0,0,0,0.5955
64025,0,0,0,0,0,0.1881
64025,0,0,0,0,0,0.1243
64025,0,0,1,0,0,0.0457
64025,0,0,0,0,0,0.1764
64025,0,0,1,0,0,0.0731
64025,0,0,1,1,0,0.1849
64025,0,0,0,0,0,0.04
64025,0,0,1,0,0,0.1335
64025,0,0,1,1,0,0.5496
64025,0,0,0,0,1,0.6718
64025,0,0,0,0,0,0.1938
64025,0,0,0,0,0,0.258
64025,0,0,0,0,0,0.3585
64025,0,0,0,1,0,0.4813
64025,0,0,0,0,0,0.1917
64025,0,0,0,0,0,0.1937
64025,0,0,0,0,0,0.4664
64025,0,0,1,0,0,0.0458
62809,1,3,1,1,1,0.9984
62809,1,3,1,1,1,0.9572
62809,1,3,0,0,0,0.612
62809,1,2,0,0,0,0.3004
62809,1,3,0,1,1,0.9916
62809,1,2,0,0,0,0.6353
62809,1,1,1,0,0,0.361
62809,1,1,0,0,1,0.6936
62809,1,1,0,0,0,0.2985
62809,1,2,0,1,1,0.9412
62809,1,3,0,1,0,0.6466
62809,0,0,0,0,0,0.0193
62809,0,0,0,1,1,0.7945
62809,0,0,0,0,0,0.4387
62809,0,0,0,0,0,0.0985
62809,0,0,0,0,0,0.4527
62809,0,0,0,0,0,0.103
62809,0,0,0,0,0,0.1607
62809,0,0,0,0,0,0.281
62809,0,0,0,0,0,0.146
62809,0,0,0,0,0,0.4629
62809,0,0,0,0,0,0.1459
62809,0,0,1,1,0,0.4637
62809,0,0,0,1,0,0.435
62809,0,0,0,0,0,0.4598
62809,0,0,0,0,0,0.2883
62809,0,0,0,0,0,0.185
62809,0,0,0,0,0,0.518
62809,0,0,0,0,1,0.6628
62809,0,0,0,0,0,0.2973
62809,0,0,0,0,0,0.4956
62809,0,0,0,0,0,0.3763
62809,0,0,0,0,0,0.4702
62809,0,0,0,0,0,0.4708
62809,0,0,0,0,0,0.5201
62809,0,0,0,0,0,0.5886
62809,0,0,0,0,0,0.4368
62809,0,0,0,0,0,0.6172
62809,0,0,0,0,0,0.4435
64030,1,3,1,0,1,0.9903
64030,1,3,0,1,1,0.9005
64030,1,2,0,0,0,0.4728
64030,1,1,0,0,0,0.3235
64030,1,2,1,0,0,0.5066
64030,1,3,0,0,1,0.7554
64030,1,1,0,0,0,0.0862
64030,1,1,1,0,1,0.6606
64030,1,3,1,0,1,0.7411
64030,1,3,1,0,0,0.0589
64030,1,3,1,0,0,0.1571
64030,1,1,1,0,0,0.5627
64030,0,0,1,0,0,0.0203
64030,0,0,0,0,0,0.5616
64030,0,0,0,0,0,0.2329
64030,0,0,0,0,0,0.3029
64030,0,0,0,0,0,0.171
64030,0,0,0,0,0,0.3429
64030,0,0,0,0,0,0.2098
64030,0,0,0,0,0,0.2192
64030,0,0,0,0,0,0.2349
64030,0,0,1,0,0,0.6329
64030,0,0,0,0,0,0.4927
64030,0,0,0,0,0,0.5007
64030,0,0,0,0,0,0.2907
64030,0,0,0,0,0,0.0681
64030,0,0,0,0,0,0.0213
64030,0,0,0,0,0,0.3977
64030,0,0,0,0,0,0.0409
64030,0,0,0,0,0,0.5082
64030,0,0,0,0,0,0.2612
64030,0,0,0,0,0,0.1145
64030,0,0,0,0,0,0.0161
64030,0,0,0,0,0,0.2444
64030,0,0,0,0,0,0.2739
64030,0,0,0,0,0,0.0175
64030,0,0,1,0,0,0.096
64030,0,0,1,0,0,0.5059
64030,0,0,1,0,0,0.6398
64030,0,0,0,0,0,0.6457
64030,0,0,0,0,0,0.4469
64030,0,0,1,0,0,0.0769
64030,0,0,1,1,0,0.2068
64030,0,0,0,0,0,0.4037
64030,0,0,1,0,0,0.0704
64030,0,0,1,0,0,0.2653
64030,0,0,1,0,0,0.0626
64031,1,3,1,0,1,0.9842
64031,1,3,0,0,1,0.925
64031,1,3,0,0,1,0.6588
64031,1,3,1,0,1,0.9733
64031,1,3,0,0,1,0.6712
64031,1,2,0,0,0,0.4966
64031,1,3,1,0,1,0.7958
64031,1,3,0,0,0,0.4736
64031,1,3,0,0,0,0.2213
64031,1,3,0,0,0,0.2439
64031,0,0,1,0,0,0.0404
64031,0,0,1,0,0,0.2765
64031,0,0,0,0,0,0.4219
64031,0,0,0,0,0,0.41
64031,0,0,0,0,0,0.098
64031,0,0,1,0,0,0.0439
64031,0,0,1,0,0,0.2221
64031,0,0,1,0,0,0.0667
64031,0,0,0,0,0,0.2351
64031,0,0,1,0,0,0.3681
64031,0,0,1,0,1,0.8453
64031,0,0,0,0,0,0.1992
64031,0,0,0,0,0,0.4492
64031,0,0,0,0,0,0.2632
64031,0,0,0,0,0,0.5101
64031,0,0,0,0,0,0.4648
64031,0,0,0,0,0,0.2703
64031,0,0,0,0,0,0.3211
64031,0,0,0,0,0,0.0673
64031,0,0,0,0,0,0.0727
64031,0,0,0,0,0,0.2684
64031,0,0,0,0,0,0.1845
64031,0,0,1,0,0,0.1043
64031,0,0,1,0,0,0.6469
64031,0,0,1,0,0,0.1915
64031,0,0,1,0,0,0.3482
64031,0,0,0,0,0,0.1598
64031,0,0,0,0,0,0.204
64031,0,0,0,0,0,0.2159
64031,0,0,0,0,0,0.3993
64031,0,0,0,0,0,0.2744
64031,0,0,0,0,0,0.1552
64031,0,0,0,0,0,0.1443
64032,1,3,0,1,1,0.9759
64032,1,3,0,0,1,0.9124
64032,1,3,0,0,0,0.6432
64032,1,2,0,0,0,0.4046
64032,1,2,0,0,0,0.3431
64032,1,2,0,0,0,0.4973
64032,1,3,0,0,0,0.4602
64032,1,2,0,0,0,0.319
64032,1,3,1,0,0,0.1956
64032,1,3,1,1,1,0.7847
64032,1,3,0,0,0,0.2421
64032,0,0,0,0,0,0.0202
64032,0,0,0,1,0,0.5635
64032,0,0,0,0,0,0.2712
64032,0,0,0,0,0,0.4305
64032,0,0,0,0,0,0.2857
64032,0,0,0,0,0,0.089
64032,0,0,0,0,0,0.0866
64032,0,0,0,0,0,0.4486
64032,0,0,0,0,0,0.4998
64032,0,0,0,0,0,0.3364
64032,0,0,0,1,0,0.4744
64032,0,0,0,0,0,0.2469
64032,0,0,0,0,0,0.2559
64032,0,0,0,0,0,0.5752
64032,0,0,0,0,0,0.3701
64032,0,0,0,0,0,0.4031
64032,0,0,0,0,0,0.0773
64032,0,0,0,0,0,0.4089
64032,0,0,0,0,0,0.3045
64032,0,0,0,0,0,0.2775
64032,0,0,0,0,0,0.0831
64032,0,0,0,0,0,0.104
64032,0,0,0,0,0,0.1206
64032,0,0,0,0,0,0.0579
64032,0,0,0,0,0,0.1695
64032,0,0,1,0,0,0.245
64032,0,0,1,0,0,0.6459
64032,0,0,1,0,0,0.1866
64032,0,0,1,0,0,0.0798
64032,0,0,1,0,0,0.5402
64032,0,0,0,0,0,0.1567
64032,0,0,0,0,0,0.338
64032,0,0,0,0,0,0.2279
64032,0,0,0,0,0,0.2059
64032,0,0,0,0,0,0.0967
64032,0,0,0,0,0,0.0135
64033,1,3,0,1,1,0.9935
64033,1,3,0,0,1,0.867
64033,1,3,0,0,0,0.5276
64033,1,3,0,0,1,0.7378
64033,1,3,0,0,1,0.776
64033,1,3,0,1,1,0.9337
64033,1,2,0,0,0,0.3522
64033,1,2,0,0,0,0.3529
64033,1,3,1,0,1,0.7258
64033,1,3,0,0,0,0.4393
64033,1,3,0,0,1,0.7644
64033,1,3,0,0,0,0.3127
64033,0,0,0,0,0,0.0434
64033,0,0,0,0,0,0.6287
64033,0,0,0,0,0,0.4758
64033,0,0,0,1,0,0.1744
64033,0,0,0,0,0,0.3872
64033,0,0,0,0,0,0.1967
64033,0,0,0,0,0,0.0526
64033,0,0,0,0,0,0.0943
64033,0,0,0,0,0,0.2337
64033,0,0,0,0,0,0.5467
64033,0,0,0,0,0,0.6155
64033,0,0,0,0,0,0.085
64033,0,0,0,0,0,0.4115
64033,0,0,0,0,0,0.4776
64033,0,0,0,0,0,0.0664
64033,0,0,0,0,0,0.0812
64033,0,0,0,0,0,0.5096
64033,0,0,0,0,0,0.3737
64033,0,0,0,0,0,0.4109
64033,0,0,0,0,0,0.146
64033,0,0,0,0,0,0.2204
64033,0,0,1,0,0,0.2096
64033,0,0,1,0,0,0.1339
64033,0,0,1,0,0,0.2485
64033,0,0,0,0,0,0.3421
64033,0,0,0,0,0,0.2039
64033,0,0,0,0,0,0.152
64033,0,0,0,0,0,0.1809
64033,0,0,0,0,0,0.3727
64033,0,0,0,0,0,0.3197
64033,0,0,0,0,0,0.2472
64034,1,3,1,1,1,0.9955
64034,1,3,0,1,1,0.9548
64034,1,2,1,0,1,0.8691
64034,1,3,1,1,1,0.9658
64034,1,2,0,0,0,0.5065
64034,1,3,1,0,0,0.0429
64034,1,3,1,0,0,0.326
64034,1,3,0,1,1,0.9506
64034,1,1,0,0,0,0.2951
64034,0,0,1,0,0,0.0528
64034,0,0,0,0,0,0.2411
64034,0,0,1,0,0,0.4055
64034,0,0,1,0,0,0.3352
64034,0,0,0,0,0,0.3902
64034,0,0,1,0,0,0.1037
64034,0,0,1,0,0,0.1866
64034,0,0,0,0,0,0.0398
64034,0,0,0,0,0,0.4779
64034,0,0,0,0,0,0.2919
64034,0,0,1,0,0,0.5114
64034,0,0,1,0,0,0.4233
64034,0,0,0,0,0,0.5147
64034,0,0,0,0,0,0.4726
64034,0,0,1,0,0,0.1902
64034,0,0,1,0,0,0.3885
64034,0,0,0,0,0,0.3744
64034,0,0,0,0,0,0.063
64034,0,0,0,0,0,0.1578
64034,0,0,0,0,0,0.1381
64034,0,0,0,0,0,0.1932
64034,0,0,1,0,0,0.2422
64034,0,0,1,0,0,0.4157
64034,0,0,1,0,0,0.1606
64034,0,0,1,0,0,0.3041
64034,0,0,0,0,0,0.2631
64034,0,0,1,0,0,0.5285
64034,0,0,0,0,0,0.3365
64034,0,0,0,0,0,0.0134
64034,0,0,0,0,0,0.0053
64035,1,3,0,0,1,0.9895
64035,1,3,0,0,1,0.9167
64035,1,3,0,0,1,0.8788
64035,1,3,0,0,1,0.9715
64035,1,3,0,0,0,0.1296
64035,1,3,1,0,1,0.6905
64035,1,1,0,0,1,0.6869
64035,1,3,0,0,0,0.3838
64035,1,3,0,0,0,0.2133
64035,0,0,0,0,0,0.0033
64035,0,0,0,0,0,0.5854
64035,0,0,0,0,0,0.4828
64035,0,0,0,0,0,0.293
64035,0,0,0,0,0,0.4056
64035,0,0,0,0,0,0.0995
64035,0,0,0,0,0,0.1458
64035,0,0,0,0,0,0.4621
64035,0,0,1,0,0,0.2138
64035,0,0,0,0,0,0.3603
64035,0,0,0,0,1,0.8466
64035,0,0,0,0,0,0.0517
64035,0,0,0,1,0,0.4833
64035,0,0,0,0,0,0.3087
64035,0,0,0,0,0,0.0238
64035,0,0,0,0,0,0.147
64035,0,0,0,0,0,0.2302
64035,0,0,0,0,0,0.4098
64035,0,0,0,1,0,0.2788
64035,0,0,0,0,0,0.1489
64035,0,0,0,0,0,0.0139
64035,0,0,0,0,0,0.0407
64035,0,0,0,0,0,0.0624
64035,0,0,1,0,0,0.1976
64035,0,0,1,0,0,0.1684
64035,0,0,0,0,0,0.4297
64035,0,0,0,0,0,0.2184
64035,0,0,0,0,0,0.0927
64035,0,0,0,0,0,0.1191
64035,0,0,0,0,0,0.3433
64035,0,0,0,1,0,0.5013
64035,0,0,0,0,0,0.2197
64035,0,0,0,1,0,0.6421
64035,0,0,0,0,0,0.1738
64036,1,3,1,1,1,0.9764
64036,1,3,0,0,1,0.9343
64036,1,1,0,0,0,0.5499
64036,1,2,1,0,0,0.181
64036,1,3,1,1,1,0.95
64036,1,3,0,0,0,0.3305
64036,1,3,1,0,0,0.4813
64036,1,3,0,1,1,0.8325
64036,1,3,0,0,0,0.2
64036,0,0,0,0,0,0.0092
64036,0,0,0,0,0,0.4898
64036,0,0,0,0,0,0.4555
64036,0,0,0,0,0,0.3213
64036,0,0,0,0,0,0.1271
64036,0,0,0,0,0,0.2397
64036,0,0,0,0,0,0.0089
64036,0,0,0,0,0,0.0238
64036,0,0,0,0,0,0.353
64036,0,0,0,0,0,0.2521
64036,0,0,1,0,0,0.5479
64036,0,0,1,1,0,0.3344
64036,0,0,0,0,0,0.4067
64036,0,0,0,0,0,0.2397
64036,0,0,0,0,0,0.2218
64036,0,0,0,0,0,0.075
64036,0,0,0,0,0,0.237
64036,0,0,0,0,0,0.1268
64036,0,0,1,0,0,0.153
64036,0,0,0,0,0,0.4737
64036,0,0,0,0,0,0.223
64036,0,0,0,0,0,0.0705
64036,0,0,1,0,0,0.2325
64036,0,0,1,0,0,0.234
64036,0,0,0,0,0,0.3069
64036,0,0,0,0,0,0.2343
64036,0,0,0,0,0,0.1068
64036,0,0,0,0,0,0.2564
64036,0,0,0,0,0,0.2926
64036,0,0,0,1,0,0.3393
64036,0,0,0,0,0,0.0662
64036,0,0,0,0,0,0.1607
64037,1,3,1,1,1,0.9767
64037,1,3,0,0,1,0.8407
64037,1,2,0,0,1,0.8409
64037,1,3,0,0,0,0.5031
64037,1,3,0,0,0,0.5763
64037,1,3,0,0,1,0.7678
64037,1,3,0,0,0,0.4544
64037,1,3,0,0,0,0.3212
64037,1,3,1,0,0,0.3421
64037,1,3,0,0,1,0.6832
64037,1,2,0,0,0,0.2727
64037,1,3,0,0,0,0.1897
64037,0,0,1,0,0,0.0916
64037,0,0,0,0,0,0.6454
64037,0,0,0,0,1,0.6914
64037,0,0,0,0,0,0.6059
64037,0,0,0,0,0,0.1297
64037,0,0,0,0,0,0.0357
64037,0,0,0,0,0,0.1161
64037,0,0,0,0,0,0.3573
64037,0,0,0,0,0,0.5611
64037,0,0,0,0,0,0.4706
64037,0,0,0,0,0,0.0963
64037,0,0,0,0,0,0.1622
64037,0,0,0,1,1,0.8079
64037,0,0,0,0,0,0.3295
64037,0,0,0,0,0,0.2943
64037,0,0,0,0,1,0.7179
64037,0,0,0,0,0,0.4506
64037,0,0,0,0,0,0.0643
64037,0,0,0,0,0,0.3763
64037,0,0,0,0,0,0.4322
64037,0,0,0,0,0,0.3193
64037,0,0,0,0,0,0.5142
64037,0,0,1,0,0,0.0896
64037,0,0,1,0,1,0.6835
64037,0,0,1,0,0,0.2693
64037,0,0,1,0,0,0.1053
64037,0,0,0,1,0,0.304
64037,0,0,0,0,0,0.1954
64037,0,0,0,0,0,0.275
64037,0,0,0,1,0,0.4496
64037,0,0,0,1,0,0.4313
64037,0,0,0,0,0,0.3946
64037,0,0,0,0,0,0.2403
64038,1,3,0,0,1,0.9547
64038,1,3,0,0,1,0.698
64038,1,3,0,0,0,0.5881
64038,1,3,0,0,0,0.6495
64038,1,3,0,1,0,0.6166
64038,1,2,0,1,1,0.8392
64038,1,3,0,0,1,0.9163
64038,1,2,0,1,0,0.6496
64038,1,3,1,0,0,0.6327
64038,1,3,0,1,1,0.8354
64038,0,0,0,0,0,0.0036
64038,0,0,0,0,0,0.4235
64038,0,0,0,0,0,0.2633
64038,0,0,0,0,0,0.2748
64038,0,0,0,0,0,0.2519
64038,0,0,0,0,0,0.3616
64038,0,0,0,1,0,0.1058
64038,0,0,0,0,0,0.1199
64038,0,0,0,1,0,0.2889
64038,0,0,0,0,0,0.2598
64038,0,0,0,0,0,0.566
64038,0,0,0,0,0,0.2297
64038,0,0,0,0,0,0.2244
64038,0,0,0,0,0,0.2534
64038,0,0,0,0,0,0.0576
64038,0,0,0,0,0,0.209
64038,0,0,0,0,0,0.1262
64038,0,0,0,0,0,0.3625
64038,0,0,0,0,0,0.4214
64038,0,0,0,0,0,0.1079
64038,0,0,0,0,0,0.524
64038,0,0,0,0,0,0.3423
64038,0,0,0,0,0,0.2017
64038,0,0,1,0,0,0.0409
64038,0,0,1,0,1,0.6938
64038,0,0,1,0,0,0.3602
64038,0,0,1,0,0,0.0607
64038,0,0,0,0,0,0.2025
64038,0,0,0,0,0,0.271
64038,0,0,0,0,0,0.298
64038,0,0,0,1,0,0.3287
64038,0,0,0,1,0,0.2157
64038,0,0,0,0,0,0.4596
64038,0,0,0,0,0,0.3794
64472,1,3,0,0,1,0.988
64472,1,3,1,0,1,0.9934
64472,1,3,0,0,1,0.7786
64472,1,2,0,0,1,0.691
64472,1,3,0,0,1,0.8807
64472,1,3,0,0,1,0.8185
64472,1,3,0,0,0,0.4129
64472,1,2,1,0,1,0.7399
64472,1,3,0,0,0,0.2155
64472,1,3,0,0,0,0.5026
64472,1,2,0,0,0,0.3514
64472,0,0,0,0,0,0.0171
64472,0,0,0,0,0,0.3554
64472,0,0,0,0,0,0.4908
64472,0,0,0,0,0,0.3195
64472,0,0,0,0,0,0.3142
64472,0,0,0,0,0,0.0737
64472,0,0,0,0,0,0.2396
64472,0,0,0,0,0,0.5456
64472,0,0,0,0,0,0.4311
64472,0,0,0,0,0,0.5841
64472,0,0,0,0,1,0.6621
64472,0,0,0,0,0,0.4045
64472,0,0,0,0,0,0.1794
64472,0,0,0,0,1,0.7455
64472,0,0,1,0,0,0.4032
64472,0,0,0,0,0,0.1247
64472,0,0,0,0,0,0.1509
64472,0,0,0,0,0,0.1849
64472,0,0,0,0,0,0.4567
64472,0,0,0,0,0,0.2531
64472,0,0,0,0,0,0.4491
64472,0,0,0,0,0,0.3711
64472,0,0,0,0,1,0.7616
64472,0,0,0,0,0,0.2788
64472,0,0,0,0,0,0.4478
64472,0,0,0,0,0,0.5856
64472,0,0,0,0,0,0.386
64472,0,0,0,0,0,0.2323
64472,0,0,0,0,0,0.6346
64472,0,0,0,0,0,0.4008
64473,1,3,0,1,1,0.9711
64473,1,1,0,0,0,0.6144
64473,1,3,1,0,1,0.9649
64473,1,3,0,0,1,0.6626
64473,1,2,0,0,1,0.7639
64473,1,2,0,0,1,0.71
64473,1,3,0,0,1,0.8421
64473,1,2,0,0,0,0.5908
64473,1,2,0,0,0,0.2029
64473,1,2,0,0,1,0.8448
64473,1,1,0,0,0,0.6431
64473,0,0,0,1,0,0.0327
64473,0,0,0,0,0,0.2314
64473,0,0,0,0,0,0.3509
64473,0,0,0,0,1,0.7003
64473,0,0,0,0,0,0.3063
64473,0,0,0,0,0,0.0901
64473,0,0,0,0,1,0.7121
64473,0,0,0,0,0,0.5893
64473,0,0,0,0,0,0.6079
64473,0,0,0,0,0,0.6089
64473,0,0,0,0,0,0.4938
64473,0,0,0,0,0,0.1019
64473,0,0,0,0,0,0.2937
64473,0,0,0,0,0,0.2464
64473,0,0,0,0,0,0.2037
64473,0,0,0,0,0,0.1757
64473,0,0,0,0,0,0.0175
64473,0,0,0,0,0,0.2475
64473,0,0,0,0,0,0.3827
64473,0,0,0,0,0,0.2704
64473,0,0,0,0,0,0.5494
64473,0,0,0,0,0,0.4293
64473,0,0,0,0,1,0.7385
64473,0,0,0,0,0,0.2428
64473,0,0,0,0,0,0.36
64473,0,0,0,0,1,0.6877
64473,0,0,0,0,0,0.2855
64473,0,0,0,0,0,0.6434
64473,0,0,0,0,0,0.4813
64473,0,0,0,0,0,0.2709
64473,0,0,0,0,0,0.1849
64473,0,0,0,0,0,0.1763
64473,0,0,0,0,0,0.1355
64474,1,3,0,0,1,0.992
64474,1,3,0,1,1,0.9644
64474,1,3,0,1,0,0.6343
64474,1,2,0,0,0,0.1535
64474,1,3,0,0,1,0.9551
64474,1,3,0,0,1,0.9509
64474,1,2,0,0,1,0.8607
64474,1,2,0,0,0,0.1434
64474,1,2,0,1,1,0.6737
64474,1,1,0,0,0,0.2619
64474,0,0,0,0,0,0.0429
64474,0,0,0,0,0,0.4114
64474,0,0,0,0,0,0.4884
64474,0,0,0,0,0,0.0335
64474,0,0,0,0,0,0.2685
64474,0,0,0,0,0,0.0733
64474,0,0,0,0,0,0.122
64474,0,0,0,0,0,0.6277
64474,0,0,0,0,0,0.5321
64474,0,0,0,0,0,0.3616
64474,0,0,0,0,0,0.1867
64474,0,0,0,0,0,0.5956
64474,0,0,0,0,0,0.5944
64474,0,0,0,0,0,0.0684
64474,0,0,1,0,0,0.0089
64474,0,0,1,0,0,0.0135
64474,0,0,0,0,0,0.2607
64474,0,0,0,0,0,0.1486
64474,0,0,0,0,0,0.5066
64474,0,0,0,0,0,0.4767
64474,0,0,0,0,0,0.4805
64474,0,0,0,0,0,0.6212
64474,0,0,0,0,0,0.4273
64474,0,0,0,0,0,0.4573
64474,0,0,0,0,0,0.2381
64474,0,0,0,0,0,0.5278
64474,0,0,0,0,0,0.5422
64474,0,0,0,0,0,0.3004
64474,0,0,0,0,0,0.2755
64474,0,0,0,0,0,0.1981
64475,1,3,1,1,1,0.9948
64475,1,3,0,1,1,0.9914
64475,1,2,0,0,1,0.6857
64475,1,3,0,0,1,0.9463
64475,1,3,0,1,1,0.9748
64475,1,3,0,0,0,0.5503
64475,1,3,0,0,1,0.7925
64475,1,3,0,0,0,0.3813
64475,1,3,0,0,1,0.9114
64475,1,2,0,0,0,0.488
64475,0,0,0,0,0,0.0655
64475,0,0,0,0,0,0.006
64475,0,0,0,0,0,0.0197
64475,0,0,0,0,0,0.0019
64475,0,0,0,0,0,0.0405
64475,0,0,0,0,0,0.0149
64475,0,0,0,0,0,0.0086
64475,0,0,1,0,0,0.2757
64475,0,0,0,0,0,0.2482
64475,0,0,1,0,0,0.0348
64475,0,0,0,0,0,0.0234
64475,0,0,0,0,0,0.2883
64475,0,0,0,0,0,0.5112
64475,0,0,0,0,0,0.315
64475,0,0,0,0,0,0.5436
64475,0,0,0,0,0,0.4089
64475,0,0,0,0,0,0.4563
64475,0,0,0,0,0,0.4624
64475,0,0,0,0,0,0.6122
64475,0,0,0,0,0,0.5539
64475,0,0,0,0,0,0.5327
64475,0,0,0,0,1,0.7859
64475,0,0,0,0,0,0.37
64475,0,0,0,0,0,0.4253
64475,0,0,0,0,0,0.3664
64475,0,0,0,0,0,0.5349
64475,0,0,0,0,0,0.4212
64475,0,0,0,0,1,0.67
64475,0,0,0,0,0,0.2072
64476,1,3,1,1,1,0.9966
64476,1,3,0,1,1,0.9851
64476,1,2,0,0,1,0.671
64476,1,3,0,0,1,0.6719
64476,1,2,0,0,0,0.6237
64476,1,2,0,1,1,0.7811
64476,1,3,0,0,1,0.8766
64476,1,2,0,0,0,0.3687
64476,1,2,0,0,0,0.5966
64476,1,2,0,0,0,0.0568
64476,1,3,0,0,1,0.7865
64476,1,1,0,0,0,0.5808
64476,0,0,0,0,0,0.0141
64476,0,0,0,0,0,0.0236
64476,0,0,0,1,0,0.0382
64476,0,0,0,0,0,0.0097
64476,0,0,0,0,0,0.0068
64476,0,0,0,0,0,0.0235
64476,0,0,0,0,0,0.0106
64476,0,0,1,0,0,0.0187
64476,0,0,0,0,0,0.0149
64476,0,0,0,0,0,0.3913
64476,0,0,0,0,0,0.4559
64476,0,0,0,0,0,0.0696
64476,0,0,0,0,0,0.2407
64476,0,0,0,0,0,0.1923
64476,0,0,0,0,0,0.5366
64476,0,0,0,0,0,0.0952
64476,0,0,0,0,0,0.5167
64476,0,0,0,0,0,0.3266
64476,0,0,0,0,0,0.4754
64476,0,0,0,0,0,0.2849
64476,0,0,0,0,0,0.3581
64476,0,0,0,1,0,0.4675
64476,0,0,0,0,0,0.2912
64476,0,0,0,0,0,0.4199
64476,0,0,0,0,0,0.1678
64476,0,0,0,0,0,0.229
64476,0,0,0,0,1,0.7156
64476,0,0,0,0,0,0.6091
64476,0,0,0,0,0,0.1888
64477,1,3,1,1,1,0.9954
64477,1,3,0,0,1,0.6595
64477,1,3,0,0,1,0.8098
64477,1,3,0,1,1,0.7896
64477,1,2,0,1,1,0.9462
64477,1,3,0,0,0,0.6157
64477,1,3,0,0,0,0.5337
64477,1,2,0,0,0,0.4531
64477,1,3,0,0,0,0.5478
64477,1,2,0,0,0,0.3178
64477,0,0,0,0,0,0.0135
64477,0,0,0,1,0,0.0373
64477,0,0,0,0,0,0.0153
64477,0,0,0,0,0,0.0259
64477,0,0,0,0,0,0.0112
64477,0,0,0,0,0,0.0137
64477,0,0,0,0,0,0.0032
64477,0,0,1,0,0,0.1928
64477,0,0,1,0,0,0.3005
64477,0,0,0,0,0,0.0116
64477,0,0,0,0,0,0.008
64477,0,0,0,0,0,0.4018
64477,0,0,0,0,0,0.3187
64477,0,0,0,0,0,0.2948
64477,0,0,0,0,0,0.3406
64477,0,0,0,0,0,0.3402
64477,0,0,0,0,0,0.3234
64477,0,0,0,0,0,0.4823
64477,0,0,0,0,0,0.4973
64477,0,0,0,0,1,0.8238
64477,0,0,0,0,0,0.206
64477,0,0,0,0,0,0.38
64477,0,0,0,0,0,0.2069
64477,0,0,0,0,0,0.1148
64477,0,0,0,0,0,0.043
64477,0,0,0,0,0,0.43
64477,0,0,0,0,0,0.1639
64477,0,0,0,0,0,0.1576
64477,0,0,0,0,0,0.5438
64477,0,0,0,0,0,0.1446
64477,0,0,0,0,0,0.2447
64478,1,3,1,1,1,0.9977
64478,1,3,1,1,1,0.9682
64478,1,3,0,0,0,0.3292
64478,1,3,1,0,1,0.9944
64478,1,3,0,0,1,0.9556
64478,1,2,0,0,0,0.4737
64478,1,2,0,0,0,0.4188
64478,1,3,0,0,0,0.5209
64478,1,2,0,0,1,0.7523
64478,0,0,0,0,0,0.5063
64478,0,0,0,0,0,0.4792
64478,0,0,0,0,0,0.5036
64478,0,0,0,0,1,0.7773
64478,0,0,0,0,0,0.3749
64478,0,0,0,0,0,0.103
64478,0,0,0,0,0,0.5136
64478,0,0,0,0,1,0.7359
64478,0,0,0,0,0,0.3643
64478,0,0,0,0,0,0.581
64478,0,0,0,0,0,0.4903
64478,0,0,0,0,1,0.7156
64478,0,0,0,0,0,0.381
64478,0,0,0,0,0,0.3869
64478,0,0,0,0,0,0.0465
64478,0,0,0,0,0,0.3369
64478,0,0,0,0,0,0.0912
64478,0,0,0,0,0,0.0725
64478,0,0,0,0,0,0.5473
64478,0,0,0,0,0,0.1802
64478,0,0,0,0,0,0.3797
64478,0,0,0,0,0,0.451
64478,0,0,0,0,0,0.4641
64478,0,0,0,0,0,0.6011
64478,0,0,0,0,0,0.5127
64478,0,0,0,0,0,0.5514
64478,0,0,0,0,0,0.3787
64478,0,0,0,0,0,0.5079
64478,0,0,0,0,0,0.361
64478,0,0,0,0,0,0.2308
64479,1,3,1,0,1,0.9892
64479,1,3,0,1,1,0.9788
64479,1,3,0,0,0,0.5266
64479,1,3,0,0,1,0.742
64479,1,2,0,0,0,0.3346
64479,1,1,0,0,1,0.7191
64479,1,3,0,0,0,0.5242
64479,1,3,0,1,1,0.9386
64479,1,3,0,0,0,0.5609
64479,1,2,0,0,1,0.8575
64479,1,2,0,0,0,0.344
64479,0,0,0,0,0,0.0172
64479,0,0,0,0,0,0.0609
64479,0,0,0,0,0,0.034
64479,0,0,0,0,0,0.0202
64479,0,0,0,0,0,0.0419
64479,0,0,0,0,0,0.0008
64479,0,0,0,0,0,0.0029
64479,0,0,0,0,0,0.0061
64479,0,0,0,0,0,0.0089
64479,0,0,1,0,0,0.0012
64479,0,0,0,0,0,0.0261
64479,0,0,0,0,0,0.3218
64479,0,0,0,0,0,0.4955
64479,0,0,0,0,0,0.4017
64479,0,0,0,0,0,0.0718
64479,0,0,0,0,0,0.2191
64479,0,0,0,0,0,0.202
64479,0,0,0,0,0,0.3653
64479,0,0,0,0,0,0.5356
64479,0,0,0,0,1,0.7726
64479,0,0,0,0,0,0.592
64479,0,0,0,0,0,0.3072
64479,0,0,0,0,0,0.4771
64479,0,0,0,0,0,0.5783
64479,0,0,0,0,0,0.2537
64479,0,0,0,0,0,0.3482
64479,0,0,0,0,0,0.5823
64479,0,0,0,0,0,0.4595
64479,0,0,0,0,0,0.397
64479,0,0,0,0,0,0.1439
64479,0,0,0,0,0,0.1194
64480,1,3,0,0,1,0.9797
64480,1,3,0,0,1,0.9254
64480,1,3,0,0,0,0.5438
64480,1,2,0,0,0,0.6525
64480,1,2,0,0,1,0.8693
64480,1,2,0,0,1,0.7286
64480,1,2,0,0,0,0.4576
64480,1,2,0,0,0,0.6066
64480,1,2,0,0,1,0.7275
64480,1,1,0,0,0,0.4253
64480,0,0,0,0,0,0.0057
64480,0,0,0,0,0,0.4928
64480,0,0,0,0,0,0.6134
64480,0,0,0,0,0,0.3667
64480,0,0,0,0,0,0.3891
64480,0,0,0,0,0,0.1435
64480,0,0,0,0,0,0.3966
64480,0,0,0,0,1,0.8143
64480,0,0,0,0,0,0.546
64480,0,0,0,0,0,0.5722
64480,0,0,0,0,0,0.2213
64480,0,0,0,0,0,0.4696
64480,0,0,0,0,0,0.2012
64480,0,0,1,0,0,0.1584
64480,0,0,0,0,0,0.3519
64480,0,0,0,0,0,0.2833
64480,0,0,0,0,0,0.1302
64480,0,0,0,0,0,0.4276
64480,0,0,0,1,0,0.4008
64480,0,0,0,0,0,0.3825
64480,0,0,0,0,1,0.7785
64480,0,0,0,0,0,0.3584
64480,0,0,0,0,0,0.4987
64480,0,0,0,0,0,0.349
64480,0,0,0,0,0,0.4674
64480,0,0,0,0,0,0.1138
64480,0,0,0,0,0,0.4134
64480,0,0,0,0,0,0.4662
64480,0,0,0,0,0,0.3588
64480,0,0,0,0,0,0.1155
64704,1,3,1,0,1,0.9221
64704,1,3,0,0,1,0.9925
64704,1,3,0,0,0,0.5367
64704,1,3,0,0,0,0.4538
64704,1,3,0,0,1,0.9418
64704,1,3,0,0,0,0.563
64704,1,3,0,0,0,0.2273
64704,1,3,0,0,0,0.6305
64704,1,2,0,0,0,0.0776
64704,1,3,0,0,1,0.6919
64704,0,0,0,0,0,0.0287
64704,0,0,0,0,0,0.4815
64704,0,0,0,0,1,0.7176
64704,0,0,0,0,0,0.2828
64704,0,0,1,0,0,0.2119
64704,0,0,0,0,0,0.0194
64704,0,0,0,0,0,0.2961
64704,0,0,0,0,0,0.3957
64704,0,0,0,0,0,0.1327
64704,0,0,0,0,1,0.7477
64704,0,0,0,0,0,0.5641
64704,0,0,0,0,0,0.1988
64704,0,0,0,0,0,0.4482
64704,0,0,0,0,0,0.4275
64704,0,0,0,0,0,0.1527
64704,0,0,0,0,0,0.0179
64704,0,0,0,0,0,0.1651
64704,0,0,0,0,0,0.3198
64704,0,0,0,0,0,0.284
64704,0,0,0,0,0,0.0508
64704,0,0,0,0,0,0.4368
64704,0,0,0,0,0,0.2515
64704,0,0,1,0,0,0.1728
64704,0,0,1,0,0,0.5144
64704,0,0,1,0,0,0.0562
64704,0,0,1,0,0,0.3776
64704,0,0,1,0,0,0.1009
64704,0,0,0,0,0,0.2509
64704,0,0,0,1,0,0.255
64704,0,0,0,0,0,0.0096
64704,0,0,0,1,0,0.0404
64704,0,0,0,0,0,0.0424
64704,0,0,0,0,0,0.0311
64704,0,0,0,0,0,0.0093
64481,1,3,0,1,1,0.9948
64481,1,3,0,0,1,0.8135
64481,1,3,1,0,0,0.6231
64481,1,3,1,0,0,0.3921
64481,1,3,1,0,1,0.9751
64481,1,2,0,0,1,0.8677
64481,1,3,0,0,0,0.452
64481,1,2,0,0,0,0.4477
64481,1,2,0,0,1,0.7762
64481,1,3,0,0,0,0.2884
64481,0,0,0,0,0,0.0068
64481,0,0,0,0,0,0.5083
64481,0,0,0,0,1,0.7607
64481,0,0,0,0,0,0.258
64481,0,0,0,0,0,0.415
64481,0,0,0,0,0,0.158
64481,0,0,0,0,0,0.1276
64481,0,0,0,0,0,0.4723
64481,0,0,0,0,0,0.6257
64481,0,0,0,0,0,0.3516
64481,0,0,0,0,0,0.5204
64481,0,0,0,0,0,0.4369
64481,0,0,0,0,0,0.2196
64481,0,0,0,0,0,0.4805
64481,0,0,0,0,0,0.3754
64481,0,0,0,0,0,0.1005
64481,0,0,1,0,0,0.0902
64481,0,0,0,0,1,0.7311
64481,0,0,0,0,0,0.4592
64481,0,0,0,0,0,0.4716
64481,0,0,0,0,0,0.5026
64481,0,0,0,0,0,0.5089
64481,0,0,0,0,0,0.3716
64481,0,0,0,0,0,0.45
64481,0,0,0,0,0,0.4186
64481,0,0,0,0,0,0.3942
64481,0,0,0,0,1,0.6887
64481,0,0,0,0,0,0.4881
64481,0,0,0,0,0,0.4
64706,1,3,1,1,1,0.9773
64706,1,3,0,0,1,0.847
64706,1,3,0,0,0,0.4688
64706,1,3,0,0,0,0.4852
64706,1,3,0,1,1,0.7867
64706,1,3,0,0,1,0.9374
64706,1,2,0,0,0,0.581
64706,1,3,0,0,1,0.7121
64706,1,3,1,0,1,0.7828
64706,1,3,0,0,0,0.4285
64706,1,3,0,1,0,0.3212
64706,1,2,0,0,0,0.1046
64706,0,0,0,0,0,0.0011
64706,0,0,0,0,0,0.6364
64706,0,0,0,0,0,0.4306
64706,0,0,0,1,0,0.4763
64706,0,0,0,0,0,0.3654
64706,0,0,0,0,0,0.5075
64706,0,0,0,0,0,0.4357
64706,0,0,0,0,0,0.107
64706,0,0,1,0,0,0.0794
64706,0,0,1,0,0,0.5854
64706,0,0,0,0,0,0.3235
64706,0,0,0,0,0,0.6117
64706,0,0,0,0,1,0.7041
64706,0,0,0,0,0,0.0381
64706,0,0,0,0,0,0.0951
64706,0,0,0,0,0,0.0816
64706,0,0,0,0,0,0.3413
64706,0,0,0,0,0,0.1841
64706,0,0,0,0,0,0.032
64706,0,0,0,0,0,0.3825
64706,0,0,1,0,0,0.137
64706,0,0,1,0,0,0.3194
64706,0,0,1,0,0,0.3712
64706,0,0,1,0,0,0.3679
64706,0,0,1,1,0,0.1056
64706,0,0,0,0,0,0.4422
64706,0,0,0,0,0,0.2448
64706,0,0,0,0,0,0.3048
64706,0,0,0,0,0,0.0108
64706,0,0,0,0,0,0.0161
64706,0,0,0,0,0,0.01
64706,0,0,0,1,0,0.0192
64706,0,0,0,0,0,0.0008
64712,1,3,1,0,1,0.9982
64712,1,2,0,0,1,0.9524
64712,1,2,0,0,1,0.7067
64712,1,3,0,1,0,0.2658
64712,1,2,0,1,1,0.8572
64712,1,3,0,1,1,0.8452
64712,1,3,0,0,0,0.387
64712,1,3,1,0,1,0.6819
64712,1,3,0,0,0,0.3092
64712,1,3,0,0,0,0.2213
64712,0,0,0,0,0,0.012
64712,0,0,1,0,0,0.1253
64712,0,0,1,0,0,0.2835
64712,0,0,1,0,0,0.4023
64712,0,0,0,0,0,0.5094
64712,0,0,1,0,0,0.5468
64712,0,0,1,0,0,0.2775
64712,0,0,0,0,0,0.5397
64712,0,0,0,0,0,0.2674
64712,0,0,1,1,0,0.1265
64712,0,0,0,0,0,0.2124
64712,0,0,0,0,0,0.21
64712,0,0,0,0,0,0.5419
64712,0,0,0,0,0,0.6433
64712,0,0,0,0,0,0.2667
64712,0,0,0,0,0,0.0443
64712,0,0,0,0,0,0.5002
64712,0,0,0,0,0,0.0443
64712,0,0,0,0,0,0.0341
64712,0,0,0,0,0,0.2581
64712,0,0,0,0,0,0.1307
64712,0,0,0,0,0,0.2032
64712,0,0,1,0,0,0.4659
64712,0,0,1,0,0,0.1866
64712,0,0,1,0,0,0.0822
64712,0,0,0,0,0,0.1269
64712,0,0,0,0,0,0.2681
64712,0,0,0,0,0,0.1203
64712,0,0,0,0,0,0.1477
64712,0,0,0,0,0,0.2477
64712,0,0,0,1,0,0.0376
64712,0,0,0,0,0,0.0168
64712,0,0,0,0,0,0.0054
64710,1,3,1,1,1,0.9374
64710,1,3,0,0,1,0.9259
64710,1,3,0,0,0,0.6071
64710,1,3,0,0,1,0.8668
64710,1,3,0,0,0,0.4932
64710,1,3,0,1,0,0.1883
64710,1,3,1,0,0,0.6357
64710,1,3,0,0,0,0.4991
64710,1,3,0,0,1,0.8023
64710,1,3,0,0,0,0.0067
64710,0,0,1,0,0,0.0137
64710,0,0,0,0,0,0.2748
64710,0,0,1,0,0,0.0911
64710,0,0,1,0,0,0.155
64710,0,0,0,0,1,0.6887
64710,0,0,0,0,0,0.1776
64710,0,0,0,1,0,0.0741
64710,0,0,1,0,0,0.293
64710,0,0,0,0,0,0.3092
64710,0,0,0,0,0,0.4702
64710,0,0,1,0,0,0.0456
64710,0,0,1,0,0,0.3105
64710,0,0,0,0,0,0.3654
64710,0,0,0,0,0,0.5515
64710,0,0,0,0,0,0.1122
64710,0,0,0,0,0,0.0201
64710,0,0,0,0,0,0.3048
64710,0,0,0,0,0,0.1337
64710,0,0,0,0,0,0.0929
64710,0,0,0,0,0,0.2666
64710,0,0,0,1,1,0.763
64710,0,0,0,0,0,0.3137
64710,0,0,1,0,0,0.4997
64710,0,0,1,0,0,0.3363
64710,0,0,1,0,0,0.077
64710,0,0,0,0,0,0.39
64710,0,0,0,0,0,0.0486
64710,0,0,0,0,0,0.0076
64710,0,0,0,0,0,0.0191
64710,0,0,0,0,0,0.018
64710,0,0,0,0,0,0.0288
64710,0,0,0,0,0,0.0111
64714,1,3,0,1,1,0.9957
64714,1,3,0,1,1,0.9478
64714,1,3,0,0,0,0.6148
64714,1,3,0,0,0,0.5466
64714,1,2,0,0,0,0.094
64714,1,3,0,0,1,0.7725
64714,1,1,0,0,1,0.6997
64714,1,3,0,0,1,0.698
64714,1,3,1,0,0,0.5815
64714,1,3,0,0,0,0.1732
64714,1,3,0,0,0,0.653
64714,1,1,0,0,0,0.2301
64714,0,0,1,0,0,0.0007
64714,0,0,1,0,1,0.6785
64714,0,0,0,0,0,0.1139
64714,0,0,1,0,0,0.0089
64714,0,0,0,0,0,0.3631
64714,0,0,0,0,0,0.2427
64714,0,0,1,0,0,0.1934
64714,0,0,1,1,0,0.524
64714,0,0,0,0,0,0.2611
64714,0,0,0,0,0,0.3295
64714,0,0,0,0,0,0.466
64714,0,0,0,0,0,0.4542
64714,0,0,0,0,0,0.4641
64714,0,0,0,0,0,0.1692
64714,0,0,0,0,0,0.0448
64714,0,0,0,0,0,0.0193
64714,0,0,0,0,1,0.8565
64714,0,0,0,0,0,0.1911
64714,0,0,0,0,0,0.4915
64714,0,0,0,0,0,0.0498
64714,0,0,1,0,0,0.2408
64714,0,0,1,0,0,0.0098
64714,0,0,1,0,0,0.1378
64714,0,0,0,0,0,0.4952
64714,0,0,0,0,0,0.2477
64714,0,0,0,0,0,0.118
64714,0,0,0,0,0,0.1628
64714,0,0,0,0,0,0.2545
64714,0,0,0,1,0,0.1722
64714,0,0,0,1,0,0.0272
64714,0,0,0,0,0,0.0212
64714,0,0,0,0,0,0.0154
64716,1,3,1,1,1,0.9979
64716,1,3,0,0,1,0.8858
64716,1,2,0,0,0,0.4235
64716,1,2,0,0,0,0.5522
64716,1,3,0,0,1,0.6956
64716,1,3,0,0,1,0.6733
64716,1,3,1,0,0,0.5699
64716,1,3,0,0,1,0.7133
64716,1,1,0,0,0,0.144
64716,0,0,0,0,0,0.003
64716,0,0,0,0,0,0.2588
64716,0,0,0,0,0,0.2988
64716,0,0,0,0,0,0.3879
64716,0,0,0,0,0,0.3971
64716,0,0,0,0,0,0.0738
64716,0,0,1,0,0,0.2284
64716,0,0,0,0,0,0.4069
64716,0,0,1,0,0,0.2069
64716,0,0,1,0,0,0.2775
64716,0,0,0,0,0,0.6467
64716,0,0,0,0,0,0.4614
64716,0,0,0,0,0,0.3374
64716,0,0,0,0,0,0.4947
64716,0,0,0,0,0,0.0625
64716,0,0,0,0,0,0.0582
64716,0,0,0,0,0,0.4144
64716,0,0,0,0,0,0.3489
64716,0,0,0,0,0,0.0434
64716,0,0,0,0,0,0.184
64716,0,0,0,0,0,0.3043
64716,0,0,1,0,0,0.0749
64716,0,0,1,0,0,0.1305
64716,0,0,1,0,0,0.2028
64716,0,0,1,0,0,0.0528
64716,0,0,0,0,0,0.1343
64716,0,0,0,0,0,0.1074
64716,0,0,0,0,0,0.0413
64716,0,0,0,0,0,0.0163
64716,0,0,0,0,0,0.0237
64716,0,0,0,0,0,0.0085
64718,1,3,1,1,1,0.9868
64718,1,2,0,0,0,0.3958
64718,1,3,0,1,1,0.9732
64718,1,3,0,0,1,0.9483
64718,1,3,0,0,0,0.4345
64718,1,3,0,0,1,0.6766
64718,1,3,0,0,0,0.3812
64718,1,3,0,0,0,0.3877
64718,1,2,0,0,0,0.4361
64718,1,3,0,0,0,0.3643
64718,1,3,0,0,0,0.1156
64718,1,3,1,0,1,0.6735
64718,1,3,0,1,1,0.6634
64718,0,0,0,0,0,0.0041
64718,0,0,0,0,0,0.4792
64718,0,0,0,0,0,0.3245
64718,0,0,0,0,0,0.1853
64718,0,0,1,0,0,0.5882
64718,0,0,0,0,0,0.1355
64718,0,0,0,0,0,0.2401
64718,0,0,0,0,0,0.2929
64718,0,0,0,0,0,0.3703
64718,0,0,1,0,0,0.6105
64718,0,0,0,0,0,0.4365
64718,0,0,0,0,1,0.7016
64718,0,0,0,0,0,0.1003
64718,0,0,0,0,0,0.4236
64718,0,0,0,0,0,0.2051
64718,0,0,0,0,0,0.0728
64718,0,0,0,0,0,0.5202
64718,0,0,0,0,0,0.2381
64718,0,0,0,0,0,0.3933
64718,0,0,0,0,0,0.1404
64718,0,0,0,0,0,0.324
64718,0,0,0,0,0,0.1734
64718,0,0,0,0,1,0.7248
64718,0,0,0,0,0,0.3403
64718,0,0,0,0,0,0.0558
64718,0,0,1,0,0,0.371
64718,0,0,1,0,0,0.077
64718,0,0,0,0,0,0.3547
64718,0,0,0,0,0,0.2726
64718,0,0,0,0,0,0.5859
64718,0,0,0,0,0,0.1556
64718,0,0,0,0,0,0.1848
64718,0,0,0,0,0,0.0797
64718,0,0,0,0,0,0.018
64720,1,3,0,0,1,0.9854
64720,1,3,0,0,1,0.8207
64720,1,3,0,1,1,0.9471
64720,1,3,1,0,0,0.2722
64720,1,2,0,0,1,0.8809
64720,1,3,0,0,0,0.5283
64720,1,2,0,0,0,0.0954
64720,1,2,0,0,0,0.5343
64720,1,3,1,0,1,0.67
64720,1,3,0,0,1,0.8101
64720,1,2,0,0,0,0.0045
64720,0,0,0,0,0,0.0064
64720,0,0,1,0,0,0.067
64720,0,0,1,0,0,0.2572
64720,0,0,0,0,0,0.2962
64720,0,0,0,0,0,0.3431
64720,0,0,0,0,0,0.0985
64720,0,0,0,0,0,0.2736
64720,0,0,0,0,0,0.2648
64720,0,0,0,0,0,0.2863
64720,0,0,0,0,0,0.3575
64720,0,0,0,0,0,0.4122
64720,0,0,0,0,0,0.3417
64720,0,0,0,0,0,0.2237
64720,0,0,0,0,0,0.5772
64720,0,0,0,0,0,0.3026
64720,0,0,0,0,0,0.1125
64720,0,0,0,0,0,0.2776
64720,0,0,0,0,0,0.0068
64720,0,0,0,0,0,0.2429
64720,0,0,0,0,0,0.0287
64720,0,0,0,0,0,0.3868
64720,0,0,0,0,0,0.1432
64720,0,0,1,0,0,0.0609
64720,0,0,1,0,0,0.5812
64720,0,0,1,0,0,0.0482
64720,0,0,0,0,0,0.343
64720,0,0,0,0,0,0.2109
64720,0,0,0,0,0,0.0227
64720,0,0,0,0,0,0.0103
64720,0,0,0,0,0,0.013
64720,0,0,0,0,0,0.0167
64720,0,0,0,0,0,0.0258
64724,1,3,0,1,1,0.9978
64724,1,3,1,1,1,0.9906
64724,1,3,0,0,1,0.7316
64724,1,2,0,0,0,0.3581
64724,1,3,0,0,1,0.6921
64724,1,3,0,0,1,0.941
64724,1,1,0,0,0,0.4184
64724,1,3,0,1,0,0.4455
64724,1,3,0,0,0,0.609
64724,1,3,0,0,0,0.5711
64724,1,2,0,0,1,0.8284
64724,1,1,0,0,0,0.2558
64724,0,0,0,0,0,0.0208
64724,0,0,0,0,0,0.3302
64724,0,0,0,0,0,0.5164
64724,0,0,0,0,0,0.1142
64724,0,0,0,0,0,0.2676
64724,0,0,0,0,0,0.1459
64724,0,0,0,0,0,0.1749
64724,0,0,0,0,1,0.7414
64724,0,0,0,0,0,0.5421
64724,0,0,0,0,0,0.4608
64724,0,0,0,0,0,0.4249
64724,0,0,0,0,0,0.4142
64724,0,0,0,1,0,0.4284
64724,0,0,0,0,0,0.21
64724,0,0,0,0,0,0.6254
64724,0,0,0,0,0,0.166
64724,0,0,0,0,0,0.3322
64724,0,0,0,0,0,0.1862
64724,0,0,0,0,0,0.3099
64724,0,0,0,0,0,0.4266
64724,0,0,0,0,0,0.2335
64724,0,0,0,0,0,0.4642
64724,0,0,0,0,0,0.4165
64724,0,0,0,0,1,0.7003
64724,0,0,0,0,0,0.1204
64724,0,0,0,0,0,0.3184
64724,0,0,0,0,0,0.262
64724,0,0,0,0,1,0.7908
64724,0,0,0,0,0,0.6492
64724,0,0,0,0,0,0.4608
64724,0,0,0,0,0,0.4059
65355,1,3,1,1,1,0.9993
65355,1,3,0,0,1,0.9639
65355,1,3,0,0,1,0.8414
65355,1,3,0,0,0,0.2873
65355,1,3,0,0,0,0.6544
65355,1,3,1,0,1,0.9788
65355,1,3,0,0,0,0.6147
65355,1,2,0,0,0,0.246
65355,1,2,0,0,0,0.6359
65355,1,2,0,0,0,0.2275
65355,1,2,0,0,0,0.5119
65355,0,0,0,0,0,0.0085
65355,0,0,0,0,0,0.1597
65355,0,0,0,0,1,0.7231
65355,0,0,0,0,0,0.3294
65355,0,0,0,0,0,0.5546
65355,0,0,0,1,0,0.1727
65355,0,0,0,0,0,0.2149
65355,0,0,0,0,0,0.4656
65355,0,0,0,0,0,0.4298
65355,0,0,0,0,0,0.5246
65355,0,0,0,0,0,0.3049
65355,0,0,0,0,0,0.419
65355,0,0,0,0,0,0.5148
65355,0,0,0,0,0,0.5863
65355,0,0,0,0,0,0.0737
65355,0,0,0,0,0,0.3019
65355,0,0,0,0,0,0.0396
65355,0,0,0,0,0,0.1817
65355,0,0,0,0,0,0.3929
65355,0,0,0,0,0,0.1709
65355,0,0,0,0,0,0.4992
65355,0,0,0,0,0,0.4499
65355,0,0,0,0,0,0.483
65355,0,0,0,0,0,0.4247
65355,0,0,0,0,0,0.3968
65355,0,0,0,0,0,0.4846
65355,0,0,0,0,0,0.4143
65355,0,0,0,0,0,0.2572
65355,0,0,0,0,0,0.4329
65355,0,0,0,0,0,0.6531
65355,0,0,0,0,0,0.4698
65355,0,0,0,0,0,0.2013
65356,1,3,0,0,1,0.9841
65356,1,3,0,1,1,0.9839
65356,1,3,1,0,1,0.7127
65356,1,3,0,0,1,0.6987
65356,1,3,0,0,1,0.92
65356,1,2,0,0,1,0.6694
65356,1,2,0,0,0,0.6005
65356,1,2,0,0,0,0.2255
65356,1,2,0,0,1,0.66
65356,1,3,0,1,0,0.491
65356,0,0,0,0,0,0.0103
65356,0,0,0,0,0,0.4844
65356,0,0,0,0,0,0.4142
65356,0,0,0,0,0,0.2233
65356,0,0,0,1,0,0.0262
65356,0,0,0,0,0,0.0695
65356,0,0,0,1,0,0.5841
65356,0,0,0,0,1,0.8681
65356,0,0,0,0,0,0.5421
65356,0,0,0,0,0,0.4477
65356,0,0,0,0,0,0.2911
65356,0,0,0,0,0,0.2532
65356,0,0,0,0,0,0.6397
65356,0,0,0,1,0,0.2194
65356,0,0,0,0,0,0.4126
65356,0,0,0,0,0,0.2055
65356,0,0,0,0,0,0.3665
65356,0,0,0,0,0,0.0869
65356,0,0,0,0,0,0.2503
65356,0,0,0,0,0,0.218
65356,0,0,0,0,0,0.2476
65356,0,0,0,0,0,0.3557
65356,0,0,0,0,0,0.4331
65356,0,0,0,0,0,0.2877
65356,0,0,0,0,0,0.3067
65356,0,0,0,0,0,0.3657
65356,0,0,0,0,0,0.6043
65356,0,0,0,0,0,0.5081
65356,0,0,0,0,0,0.3162
65356,0,0,0,0,0,0.2427
65357,1,3,1,0,1,0.9977
65357,1,3,0,1,1,0.8318
65357,1,2,0,0,1,0.668
65357,1,3,0,0,1,0.974
65357,1,3,0,0,0,0.4865
65357,1,3,0,0,0,0.4122
65357,1,1,0,0,1,0.7611
65357,1,3,0,0,1,0.7103
65357,1,2,0,1,1,0.7679
65357,0,0,0,0,0,0.0107
65357,0,0,0,0,0,0.3208
65357,0,0,0,0,0,0.2895
65357,0,0,0,0,0,0.5899
65357,0,0,0,0,0,0.5482
65357,0,0,0,0,0,0.1274
65357,0,0,0,0,0,0.197
65357,0,0,0,0,0,0.5466
65357,0,0,0,0,0,0.301
65357,0,0,0,0,0,0.6088
65357,0,0,0,0,0,0.3743
65357,0,0,0,0,0,0.4815
65357,0,0,0,0,0,0.5116
65357,0,0,0,0,0,0.0546
65357,0,0,0,0,0,0.6175
65357,0,0,0,0,0,0.48
65357,0,0,0,0,0,0.3044
65357,0,0,0,0,0,0.5856
65357,0,0,0,0,0,0.3256
65357,0,0,0,0,0,0.2314
65357,0,0,0,0,0,0.5467
65357,0,0,0,0,0,0.4765
65357,0,0,0,0,0,0.4535
65357,0,0,0,0,0,0.5973
65357,0,0,0,0,0,0.3816
65357,0,0,0,1,1,0.671
65357,0,0,0,0,0,0.2014
65357,0,0,0,1,0,0.5691
65357,0,0,0,0,0,0.3946
65357,0,0,0,0,0,0.564
65357,0,0,0,0,0,0.2176
65358,1,3,0,0,1,0.98
65358,1,3,0,1,1,0.7886
65358,1,2,0,1,1,0.7454
65358,1,2,0,0,0,0.5462
65358,1,3,1,0,0,0.0249
65358,1,3,0,0,0,0.4988
65358,1,3,0,0,0,0.5235
65358,1,1,0,0,0,0.4022
65358,1,1,0,0,0,0.613
65358,1,1,0,0,0,0.4716
65358,1,3,0,0,0,0.3957
65358,0,0,0,0,0,0.0135
65358,0,0,0,0,0,0.5404
65358,0,0,0,1,1,0.7181
65358,0,0,0,0,0,0.2681
65358,0,0,0,0,0,0.3996
65358,0,0,0,0,0,0.157
65358,0,0,0,0,0,0.1072
65358,0,0,0,0,0,0.4597
65358,0,0,0,0,0,0.3942
65358,0,0,0,0,0,0.5394
65358,0,0,0,0,0,0.4313
65358,0,0,0,0,0,0.2613
65358,0,0,0,0,0,0.4302
65358,0,0,0,0,0,0.34
65358,0,0,0,0,0,0.5043
65358,0,0,0,0,0,0.21
65358,0,0,0,0,0,0.5493
65358,0,0,0,0,0,0.128
65358,0,0,0,0,0,0.2986
65358,0,0,0,0,0,0.1247
65358,0,0,0,0,0,0.1948
65358,0,0,0,0,0,0.5573
65358,0,0,0,0,0,0.5023
65358,0,0,0,1,0,0.3704
65358,0,0,0,0,1,0.7223
65358,0,0,0,0,0,0.3722
65358,0,0,0,0,0,0.2055
65358,0,0,0,0,0,0.5881
65358,0,0,0,0,0,0.0434
65358,0,0,0,0,0,0.4478
65358,0,0,0,0,0,0.4936
65358,0,0,0,0,0,0.5415
65358,0,0,0,0,0,0.5945
65358,0,0,0,1,0,0.386
65358,0,0,0,0,0,0.2403
65359,1,3,0,1,1,0.9965
65359,1,3,0,1,1,0.9607
65359,1,3,0,0,0,0.47
65359,1,3,1,1,1,0.9989
65359,1,2,0,0,0,0.4807
65359,1,1,0,0,0,0.4028
65359,1,3,0,0,1,0.7602
65359,1,3,0,1,0,0.4978
65359,0,0,0,0,0,0.0077
65359,0,0,0,0,0,0.4414
65359,0,0,0,1,1,0.7201
65359,0,0,0,0,0,0.4346
65359,0,0,0,1,1,0.66
65359,0,0,0,0,0,0.0719
65359,0,0,0,0,0,0.165
65359,0,0,0,0,0,0.4675
65359,0,0,0,0,0,0.5049
65359,0,0,0,0,0,0.3224
65359,0,0,0,0,0,0.4177
65359,0,0,0,0,0,0.5488
65359,0,0,0,0,0,0.2662
65359,0,0,0,0,0,0.116
65359,0,0,0,0,0,0.1127
65359,0,0,0,0,0,0.4845
65359,0,0,0,0,0,0.2401
65359,0,0,0,0,0,0.6181
65359,0,0,0,0,0,0.4533
65359,0,0,0,0,0,0.3453
65359,0,0,0,0,0,0.3145
65359,0,0,0,0,0,0.1775
65359,0,0,0,0,1,0.678
65359,0,0,0,0,0,0.3555
65359,0,0,0,0,0,0.267
65359,0,0,0,0,0,0.2841
65359,0,0,0,0,1,0.749
65359,0,0,0,1,1,0.7804
65359,0,0,0,0,0,0.2841
65361,1,3,0,1,1,0.9805
65361,1,1,0,0,0,0.39
65361,1,3,0,1,1,0.9417
65361,1,3,1,0,0,0.6544
65361,1,3,0,0,0,0.1264
65361,1,3,1,0,1,0.7258
65361,1,3,1,0,1,0.7527
65361,1,3,0,0,0,0.3213
65361,1,1,0,1,0,0.3524
65361,1,1,0,0,0,0.4832
65361,1,2,0,0,1,0.7974
65361,1,2,0,0,0,0.3765
65361,0,0,0,1,0,0.0119
65361,0,0,0,0,0,0.2845
65361,0,0,0,0,0,0.5726
65361,0,0,0,1,0,0.5816
65361,0,0,0,0,0,0.4847
65361,0,0,0,0,0,0.0843
65361,0,0,0,0,0,0.2902
65361,0,0,0,0,0,0.3964
65361,0,0,0,0,0,0.5657
65361,0,0,0,0,0,0.1285
65361,0,0,0,0,0,0.3243
65361,0,0,0,0,0,0.2962
65361,0,0,0,0,0,0.2337
65361,0,0,0,0,0,0.3468
65361,0,0,0,0,0,0.286
65361,0,0,0,0,0,0.2383
65361,0,0,0,0,0,0.1383
65361,0,0,0,0,0,0.0692
65361,0,0,1,0,0,0.0701
65361,0,0,0,0,0,0.3398
65361,0,0,0,0,0,0.4685
65361,0,0,0,0,0,0.5452
65361,0,0,0,0,0,0.6401
65361,0,0,0,0,0,0.6349
65361,0,0,0,0,0,0.4495
65361,0,0,0,0,0,0.28
65361,0,0,0,0,0,0.1727
65361,0,0,0,0,0,0.491
65361,0,0,0,0,0,0.3254
65361,0,0,0,1,0,0.4799
65361,0,0,0,0,0,0.4888
65361,0,0,0,0,0,0.4261
65361,0,0,0,1,0,0.4495
65361,0,0,0,0,0,0.0173
65360,1,3,1,1,1,0.9975
65360,1,3,0,0,1,0.9869
65360,1,3,0,0,0,0.6204
65360,1,1,0,0,0,0.6404
65360,1,3,0,0,1,0.9252
65360,1,2,0,1,1,0.817
65360,1,2,0,1,1,0.9441
65360,1,2,0,0,0,0.4419
65360,1,2,0,0,0,0.5759
65360,1,3,0,0,0,0.5154
65360,1,2,0,0,0,0.6235
65360,0,0,0,0,0,0.012
65360,0,0,0,0,0,0.5191
65360,0,0,0,0,0,0.3367
65360,0,0,0,0,0,0.4925
65360,0,0,0,0,0,0.2779
65360,0,0,0,0,0,0.0744
65360,0,0,0,0,0,0.1221
65360,0,0,0,0,0,0.4408
65360,0,0,0,0,0,0.3656
65360,0,0,0,0,0,0.3667
65360,0,0,0,0,0,0.4928
65360,0,0,0,0,0,0.2192
65360,0,0,0,0,0,0.6295
65360,0,0,0,0,0,0.3876
65360,0,0,0,0,0,0.5364
65360,0,0,0,0,0,0.0783
65360,0,0,0,0,0,0.239
65360,0,0,0,0,0,0.1644
65360,0,0,0,0,0,0.1078
65360,0,0,0,0,0,0.33
65360,0,0,0,0,0,0.5059
65360,0,0,0,0,0,0.5111
65360,0,0,0,0,0,0.5468
65360,0,0,0,0,0,0.3682
65360,0,0,0,0,0,0.5079
65360,0,0,0,0,0,0.3154
65360,0,0,0,0,0,0.3242
65360,0,0,0,0,0,0.2891
65360,0,0,0,0,0,0.5132
65360,0,0,0,0,0,0.2294
65360,0,0,0,0,0,0.5815
65360,0,0,0,0,0,0.1834
65362,1,3,1,0,1,0.9779
65362,1,3,0,0,1,0.9782
65362,1,3,0,0,0,0.6286
65362,1,2,0,0,1,0.9073
65362,1,3,0,0,1,0.9956
65362,1,2,0,0,0,0.3748
65362,1,1,1,0,0,0.0675
65362,1,1,0,0,0,0.4056
65362,1,2,0,0,0,0.4031
65362,1,2,0,0,0,0.4682
65362,1,2,0,0,0,0.4664
65362,0,0,0,0,0,0.0188
65362,0,0,0,0,0,0.6201
65362,0,0,0,0,0,0.3893
65362,0,0,0,0,0,0.0337
65362,0,0,0,0,0,0.1849
65362,0,0,0,0,0,0.042
65362,0,0,0,0,0,0.2893
65362,0,0,0,1,0,0.0185
65362,0,0,0,0,0,0.0065
65362,0,0,0,0,0,0.0055
65362,0,0,1,0,0,0.0313
65362,0,0,0,0,0,0.3671
65362,0,0,0,0,1,0.716
65362,0,0,0,0,0,0.3012
65362,0,0,0,0,0,0.6054
65362,0,0,0,0,0,0.0486
65362,0,0,0,0,0,0.223
65362,0,0,0,1,0,0.4326
65362,0,0,0,0,0,0.647
65362,0,0,0,0,0,0.5613
65362,0,0,0,0,0,0.3288
65362,0,0,0,0,0,0.3621
65362,0,0,0,0,0,0.1303
65362,0,0,0,0,0,0.3066
65362,0,0,0,0,0,0.3412
65362,0,0,0,0,0,0.4626
65362,0,0,0,0,0,0.2259
65362,0,0,0,0,0,0.5801
65362,0,0,0,0,0,0.4012
65362,0,0,0,1,1,0.6706
65362,0,0,0,0,0,0.2917
65363,1,3,1,1,1,0.9969
65363,1,3,0,0,1,0.9114
65363,1,3,0,0,0,0.4337
65363,1,3,0,0,0,0.6285
65363,1,3,0,0,0,0.5778
65363,1,3,0,1,1,0.93
65363,1,1,0,0,0,0.6184
65363,1,2,0,0,0,0.4105
65363,1,2,0,0,0,0.5282
65363,1,1,0,0,0,0.4551
65363,0,0,0,0,0,0.0199
65363,0,0,0,0,0,0.44
65363,0,0,0,0,0,0.3701
65363,0,0,0,0,0,0.3672
65363,0,0,0,0,0,0.2974
65363,0,0,0,0,0,0.0584
65363,0,0,0,0,0,0.1294
65363,0,0,0,0,0,0.5843
65363,0,0,0,0,0,0.5554
65363,0,0,0,0,1,0.8097
65363,0,0,0,0,0,0.2645
65363,0,0,0,0,0,0.2906
65363,0,0,0,0,0,0.2647
65363,0,0,0,0,0,0.1013
65363,0,0,0,0,0,0.0708
65363,0,0,0,0,0,0.1557
65363,0,0,0,0,0,0.2316
65363,0,0,0,0,0,0.4205
65363,0,0,0,0,0,0.4499
65363,0,0,0,1,0,0.5302
65363,0,0,0,0,0,0.3147
65363,0,0,0,0,0,0.4838
65363,0,0,0,0,0,0.4133
65363,0,0,0,0,0,0.2795
65363,0,0,0,0,0,0.2296
65363,0,0,0,0,0,0.4452
65363,0,0,0,0,0,0.4443
65363,0,0,0,1,1,0.8468
65363,0,0,0,0,0,0.3413
65363,0,0,0,0,0,0.2416
65363,0,0,0,0,0,0.1732
65364,1,3,1,0,1,0.9976
65364,1,3,0,0,1,0.838
65364,1,3,0,0,1,0.8808
65364,1,2,0,0,0,0.4745
65364,1,3,1,1,1,0.9596
65364,1,3,0,0,1,0.6839
65364,1,2,0,0,0,0.437
65364,1,2,0,0,1,0.732
65364,1,3,0,0,0,0.4488
65364,0,0,0,0,0,0.0073
65364,0,0,0,0,0,0.3244
65364,0,0,0,1,1,0.6931
65364,0,0,0,0,1,0.7415
65364,0,0,0,0,0,0.3002
65364,0,0,0,0,0,0.2922
65364,0,0,0,0,0,0.4058
65364,0,0,0,0,0,0.4884
65364,0,0,0,0,0,0.4165
65364,0,0,0,0,0,0.5092
65364,0,0,0,0,0,0.3956
65364,0,0,0,0,0,0.4259
65364,0,0,0,0,1,0.7017
65364,0,0,0,0,0,0.6307
65364,0,0,0,0,0,0.0361
65364,0,0,0,0,0,0.2854
65364,0,0,0,0,0,0.2356
65364,0,0,0,0,0,0.579
65364,0,0,0,0,0,0.2483
65364,0,0,0,0,0,0.2041
65364,0,0,0,0,0,0.45
65364,0,0,0,0,0,0.2493
65364,0,0,0,1,0,0.6257
65364,0,0,0,0,0,0.2521
65364,0,0,0,0,0,0.4748
65364,0,0,0,0,0,0.4333
65364,0,0,0,0,0,0.5381
65364,0,0,0,0,0,0.386
65400,1,3,0,1,1,0.9909
65400,1,3,0,1,1,0.9876
65400,1,1,0,0,0,0.263
65400,1,3,0,1,1,0.9761
65400,1,3,0,0,1,0.8373
65400,1,2,0,0,0,0.2989
65400,1,3,0,0,1,0.6901
65400,1,3,0,0,0,0.3695
65400,1,3,0,0,1,0.6808
65400,1,3,1,0,0,0.5882
65400,1,3,0,0,0,0.3653
65400,1,3,0,0,0,0.4512
65400,1,3,0,0,0,0.197
65400,0,0,0,0,0,0.0042
65400,0,0,0,0,0,0.4413
65400,0,0,0,0,0,0.286
65400,0,0,0,0,0,0.1684
65400,0,0,0,0,0,0.2163
65400,0,0,0,0,0,0.0488
65400,0,0,0,0,0,0.1289
65400,0,0,0,0,0,0.5837
65400,0,0,0,0,0,0.2865
65400,0,0,0,0,0,0.2948
65400,0,0,0,0,0,0.217
65400,0,0,0,0,0,0.1242
65400,0,0,0,0,0,0.4382
65400,0,0,0,0,0,0.5512
65400,0,0,0,0,0,0.1602
65400,0,0,0,0,0,0.2349
65400,0,0,0,0,0,0.0242
65400,0,0,0,0,0,0.248
65400,0,0,0,0,0,0.2436
65400,0,0,0,0,0,0.2428
65400,0,0,0,0,0,0.1367
65400,0,0,1,0,0,0.0942
65400,0,0,0,0,0,0.0908
65400,0,0,0,0,0,0.034
65400,0,0,1,0,0,0.2303
65400,0,0,1,0,0,0.1729
65400,0,0,0,0,0,0.1572
65400,0,0,0,0,0,0.2423
65400,0,0,0,0,0,0.2864
65400,0,0,0,0,0,0.2537
65400,0,0,0,0,0,0.1208
65400,0,0,0,0,0,0.2234
65400,0,0,0,0,0,0.3211
65400,0,0,0,0,0,0.2637
65404,1,3,1,1,1,0.98
65404,1,3,0,0,1,0.9556
65404,1,3,0,0,1,0.6652
65404,1,2,0,0,0,0.5744
65404,1,2,0,0,0,0.4496
65404,1,2,0,0,0,0.4815
65404,1,3,0,0,0,0.6232
65404,1,3,0,0,0,0.4653
65404,1,1,0,0,0,0.1995
65404,1,2,0,0,1,0.6636
65404,1,2,0,0,0,0.6517
65404,1,1,0,0,0,0.3624
65404,0,0,0,0,0,0.0072
65404,0,0,0,0,1,0.6975
65404,0,0,0,0,0,0.4747
65404,0,0,0,0,0,0.2604
65404,0,0,0,0,0,0.4894
65404,0,0,0,0,0,0.1001
65404,0,0,0,0,0,0.1251
65404,0,0,1,0,0,0.4856
65404,0,0,1,0,1,0.8634
65404,0,0,1,0,1,0.8625
65404,0,0,1,0,0,0.1836
65404,0,0,0,0,0,0.4218
65404,0,0,0,0,0,0.3087
65404,0,0,0,0,0,0.0935
65404,0,0,0,0,0,0.0586
65404,0,0,0,0,0,0.0386
65404,0,0,0,0,0,0.1117
65404,0,0,0,0,0,0.0399
65404,0,0,0,0,0,0.2438
65404,0,0,0,0,0,0.2571
65404,0,0,0,1,0,0.4258
65404,0,0,0,0,1,0.67
65404,0,0,0,0,0,0.4077
65404,0,0,0,0,0,0.5679
65404,0,0,0,0,0,0.4233
65404,0,0,0,0,0,0.3149
65404,0,0,0,0,0,0.2229
65404,0,0,0,0,0,0.396
65404,0,0,0,0,0,0.3111
65404,0,0,0,0,0,0.3924
65404,0,0,0,0,0,0.3225
65404,0,0,0,0,0,0.2072
65401,1,3,0,1,1,0.9638
65401,1,3,0,0,1,0.8923
65401,1,3,0,0,1,0.7207
65401,1,3,0,0,0,0.2341
65401,1,3,0,0,0,0.6462
65401,1,3,0,0,1,0.8468
65401,1,3,0,0,0,0.383
65401,1,3,1,0,0,0.4062
65401,1,1,0,0,0,0.4318
65401,1,3,0,0,0,0.3396
65401,1,3,0,0,0,0.4413
65401,0,0,0,0,0,0.0256
65401,0,0,0,0,0,0.3811
65401,0,0,0,0,0,0.3614
65401,0,0,0,0,1,0.7865
65401,0,0,0,0,0,0.2432
65401,0,0,0,0,0,0.1632
65401,0,0,0,0,0,0.4046
65401,0,0,0,0,1,0.716
65401,0,0,0,0,0,0.5229
65401,0,0,0,0,0,0.5075
65401,0,0,0,0,0,0.3651
65401,0,0,0,0,0,0.456
65401,0,0,0,0,0,0.4109
65401,0,0,0,0,0,0.1822
65401,0,0,0,0,0,0.1074
65401,0,0,0,0,0,0.0963
65401,0,0,0,0,0,0.3153
65401,0,0,0,0,0,0.043
65401,0,0,1,1,0,0.3107
65401,0,0,1,1,0,0.4967
65401,0,0,1,0,0,0.2566
65401,0,0,0,0,0,0.3341
65401,0,0,0,1,1,0.7013
65401,0,0,0,0,0,0.1539
65401,0,0,0,0,0,0.3268
65401,0,0,0,0,0,0.356
65401,0,0,0,0,0,0.5159
65401,0,0,0,0,0,0.3145
65401,0,0,0,0,0,0.4809
65401,0,0,0,0,0,0.4256
65401,0,0,0,0,0,0.2555
65402,1,3,0,1,1,0.9812
65402,1,3,0,0,1,0.9712
65402,1,3,0,0,0,0.373
65402,1,3,0,0,0,0.5228
65402,1,3,0,0,0,0.2462
65402,1,3,1,0,0,0.2805
65402,1,3,0,1,1,0.899
65402,1,1,0,0,0,0.3339
65402,0,0,0,1,0,0.0305
65402,0,0,0,0,0,0.3109
65402,0,0,0,0,0,0.2591
65402,0,0,0,1,0,0.3058
65402,0,0,0,0,0,0.2828
65402,0,0,0,0,0,0.0759
65402,0,0,0,0,0,0.2358
65402,0,0,0,0,0,0.5698
65402,0,0,0,1,1,0.6806
65402,0,0,0,0,0,0.3976
65402,0,0,0,0,0,0.5204
65402,0,0,0,0,0,0.4901
65402,0,0,0,0,1,0.8287
65402,0,0,0,0,0,0.2048
65402,0,0,0,0,0,0.2092
65402,0,0,0,0,0,0.2968
65402,0,0,0,0,0,0.1348
65402,0,0,0,0,0,0.151
65402,0,0,1,0,0,0.1156
65402,0,0,1,0,0,0.465
65402,0,0,1,0,0,0.2017
65402,0,0,1,0,0,0.2035
65402,0,0,0,0,0,0.5699
65402,0,0,0,0,0,0.1211
65402,0,0,0,0,0,0.2125
65402,0,0,0,0,0,0.1732
65402,0,0,0,0,0,0.3501
65402,0,0,0,0,0,0.269
65402,0,0,0,0,0,0.5103
65402,0,0,0,0,0,0.2606
65405,1,3,1,1,1,0.9974
65405,1,3,0,0,1,0.978
65405,1,3,0,0,1,0.8137
65405,1,2,0,0,0,0.4453
65405,1,3,0,1,1,0.9941
65405,1,1,0,0,0,0.2333
65405,1,1,0,0,0,0.3714
65405,1,1,0,0,0,0.1603
65405,1,2,0,0,0,0.5352
65405,0,0,0,0,0,0.0131
65405,0,0,0,0,0,0.2947
65405,0,0,0,0,0,0.4743
65405,0,0,0,0,0,0.2637
65405,0,0,0,0,0,0.2237
65405,0,0,0,0,0,0.1994
65405,0,0,0,0,0,0.0765
65405,0,0,0,0,0,0.5914
65405,0,0,0,0,0,0.6175
65405,0,0,0,0,1,0.7198
65405,0,0,0,0,0,0.2832
65405,0,0,0,0,0,0.1739
65405,0,0,0,0,0,0.2996
65405,0,0,0,0,0,0.0707
65405,0,0,0,0,0,0.0262
65405,0,0,0,0,0,0.2466
65405,0,0,0,1,0,0.0704
65405,0,0,1,0,0,0.0359
65405,0,0,0,1,0,0.3418
65405,0,0,0,0,1,0.7066
65405,0,0,0,0,0,0.0386
65405,0,0,0,0,0,0.4723
65405,0,0,0,0,0,0.3586
65405,0,0,0,0,0,0.1756
65405,0,0,0,0,0,0.3058
65405,0,0,0,1,1,0.8782
65405,0,0,0,0,0,0.3611
65405,0,0,0,0,0,0.4074
65405,0,0,0,0,0,0.2366
65406,1,3,1,1,1,0.999
65406,1,2,0,0,0,0.5356
65406,1,3,0,1,1,0.9117
65406,1,3,0,0,1,0.7792
65406,1,2,0,0,0,0.5238
65406,1,2,0,0,1,0.8927
65406,1,3,0,0,1,0.7264
65406,1,3,0,0,0,0.522
65406,1,2,0,0,0,0.2524
65406,1,3,0,0,1,0.864
65406,1,1,0,0,0,0.3277
65406,0,0,0,0,0,0.0065
65406,0,0,0,0,0,0.4726
65406,0,0,0,0,0,0.5805
65406,0,0,0,0,0,0.5115
65406,0,0,0,0,0,0.5483
65406,0,0,0,0,0,0.1106
65406,0,0,0,0,0,0.203
65406,0,0,0,0,1,0.7138
65406,0,0,0,0,0,0.5849
65406,0,0,0,0,1,0.7046
65406,0,0,0,0,0,0.4031
65406,0,0,0,0,0,0.3827
65406,0,0,0,0,0,0.6082
65406,0,0,1,0,0,0.3706
65406,0,0,1,0,0,0.2362
65406,0,0,0,0,0,0.0959
65406,0,0,0,0,0,0.4904
65406,0,0,0,0,0,0.52
65406,0,0,0,0,0,0.5625
65406,0,0,0,0,0,0.5277
65406,0,0,0,0,0,0.4921
65406,0,0,0,0,0,0.3969
65406,0,0,0,0,0,0.4187
65406,0,0,0,0,0,0.1866
65406,0,0,0,0,0,0.6068
65406,0,0,0,0,0,0.5735
65406,0,0,0,0,0,0.5826
65406,0,0,0,0,0,0.6175
65406,0,0,0,0,0,0.3636
65406,0,0,0,0,0,0.1097
65407,1,3,0,1,1,0.9929
65407,1,3,0,1,1,0.8468
65407,1,2,1,1,1,0.8593
65407,1,1,0,1,0,0.6188
65407,1,3,0,1,1,0.9826
65407,1,2,0,0,1,0.8072
65407,1,3,0,0,0,0.5192
65407,1,2,0,0,0,0.3648
65407,0,0,0,0,0,0.0068
65407,0,0,0,0,0,0.5896
65407,0,0,0,0,0,0.538
65407,0,0,0,1,1,0.6708
65407,0,0,0,0,0,0.2097
65407,0,0,0,0,0,0.3974
65407,0,0,0,1,0,0.2692
65407,0,0,0,0,1,0.7007
65407,0,0,0,0,0,0.6185
65407,0,0,0,0,0,0.5836
65407,0,0,0,0,0,0.505
65407,0,0,0,0,0,0.5577
65407,0,0,0,0,0,0.6203
65407,0,0,0,0,0,0.0877
65407,0,0,1,0,0,0.0789
65407,0,0,0,0,0,0.2154
65407,0,0,0,0,0,0.1447
65407,0,0,0,0,0,0.532
65407,0,0,0,0,0,0.5701
65407,0,0,0,0,0,0.4918
65407,0,0,0,0,0,0.6153
65407,0,0,0,0,0,0.2949
65407,0,0,0,0,0,0.6289
65407,0,0,0,0,0,0.3099
65407,0,0,0,0,0,0.2878
65407,0,0,0,0,0,0.5502
65407,0,0,0,0,0,0.4475
65407,0,0,0,0,0,0.4807
65407,0,0,0,0,0,0.4032
65407,0,0,0,0,0,0.5424
65407,0,0,0,0,0,0.186
65408,1,3,1,1,1,0.9984
65408,1,3,1,0,1,0.9782
65408,1,3,0,0,0,0.53
65408,1,3,1,0,1,0.865
65408,1,3,1,0,1,0.8234
65408,1,3,0,0,0,0.5717
65408,1,2,0,0,0,0.5262
65408,1,1,0,0,0,0.1532
65408,1,2,0,0,0,0.5106
65408,1,3,0,0,0,0.3649
65408,1,2,0,0,0,0.6001
65408,0,0,0,0,0,0.0106
65408,0,0,0,0,0,0.5812
65408,0,0,0,0,1,0.6893
65408,0,0,0,0,0,0.5053
65408,0,0,0,0,0,0.4344
65408,0,0,0,0,0,0.2794
65408,0,0,0,0,0,0.2579
65408,0,0,0,0,1,0.755
65408,0,0,0,0,0,0.4173
65408,0,0,0,0,0,0.3863
65408,0,0,0,0,0,0.3343
65408,0,0,0,0,0,0.6281
65408,0,0,0,0,0,0.4016
65408,0,0,0,1,0,0.4278
65408,0,0,0,0,1,0.7321
65408,0,0,1,0,0,0.1019
65408,0,0,0,0,0,0.448
65408,0,0,1,0,0,0.1507
65408,0,0,1,0,0,0.3242
65408,0,0,0,0,0,0.5828
65408,0,0,0,0,0,0.4512
65408,0,0,0,0,0,0.371
65408,0,0,0,1,1,0.7703
65408,0,0,0,0,0,0.568
65408,0,0,0,0,0,0.3445
65408,0,0,0,0,0,0.2887
65408,0,0,0,0,0,0.4194
65408,0,0,0,0,0,0.2647
65408,0,0,0,0,0,0.3994
65408,0,0,0,0,0,0.3912
65408,0,0,0,0,0,0.4767
65408,0,0,0,0,0,0.2827
65409,1,3,1,1,1,0.9994
65409,1,2,0,0,0,0.3687
65409,1,3,0,1,1,0.9723
65409,1,3,0,0,0,0.5155
65409,1,2,0,1,0,0.3963
65409,1,3,0,0,1,0.8834
65409,1,3,0,0,0,0.601
65409,1,2,0,0,0,0.5232
65409,1,3,0,0,0,0.4998
65409,0,0,0,0,0,0.0044
65409,0,0,0,0,0,0.4144
65409,0,0,0,0,0,0.0628
65409,0,0,0,0,0,0.0523
65409,0,0,0,0,0,0.0687
65409,0,0,0,0,0,0.0021
65409,0,0,0,0,0,0.0048
65409,0,0,0,0,0,0.012
65409,0,0,0,0,0,0.069
65409,0,0,1,0,0,0.599
65409,0,0,0,0,0,0.2481
65409,0,0,0,0,0,0.137
65409,0,0,0,0,0,0.5125
65409,0,0,0,0,0,0.1855
65409,0,0,0,0,0,0.4363
65409,0,0,0,0,0,0.1543
65409,0,0,0,0,0,0.5079
65409,0,0,0,0,0,0.3131
65409,0,0,1,0,0,0.0169
65409,0,0,1,0,0,0.6175
65409,0,0,0,0,0,0.4756
65409,0,0,0,0,0,0.615
65409,0,0,0,0,0,0.2621
65409,0,0,0,0,0,0.4604
65409,0,0,0,0,0,0.2885
65409,0,0,0,0,0,0.3287
65409,0,0,0,0,0,0.4632
65409,0,0,0,0,0,0.5765
65409,0,0,0,0,0,0.4817
65409,0,0,0,1,0,0.6064
65842,1,3,1,1,1,0.9935
65842,1,3,0,0,1,0.906
65842,1,2,0,0,0,0.6534
65842,1,2,0,0,0,0.3573
65842,1,3,0,0,1,0.8452
65842,1,3,0,0,1,0.668
65842,1,2,1,1,0,0.2552
65842,1,2,0,0,0,0.4021
65842,1,2,0,0,1,0.8374
65842,0,0,0,0,0,0.0058
65842,0,0,0,0,1,0.8911
65842,0,0,0,0,0,0.4769
65842,0,0,0,0,0,0.651
65842,0,0,0,0,0,0.2187
65842,0,0,0,0,0,0.0596
65842,0,0,0,0,0,0.1759
65842,0,0,0,0,0,0.2598
65842,0,0,0,0,0,0.3811
65842,0,0,0,0,0,0.5536
65842,0,0,0,0,0,0.3035
65842,0,0,0,0,0,0.5331
65842,0,0,0,0,0,0.6534
65842,0,0,0,0,0,0.0963
65842,0,0,0,0,0,0.0076
65842,0,0,0,0,0,0.2825
65842,0,0,0,0,0,0.2677
65842,0,0,1,0,0,0.1268
65842,0,0,0,0,0,0.2461
65842,0,0,0,0,0,0.3726
65842,0,0,0,0,0,0.646
65842,0,0,0,0,0,0.6457
65842,0,0,0,0,0,0.4015
65842,0,0,0,0,0,0.4791
65842,0,0,0,0,0,0.1585
65842,0,0,0,0,1,0.6976
65842,0,0,0,0,0,0.6194
65842,0,0,0,0,0,0.6077
65842,0,0,0,0,0,0.434
65842,0,0,0,0,1,0.7296
65842,0,0,0,0,0,0.1951
65840,1,3,1,1,1,0.9917
65840,1,3,0,0,1,0.9635
65840,1,2,0,0,1,0.8743
65840,1,3,0,0,0,0.5247
65840,1,3,0,1,1,0.9926
65840,1,3,0,0,1,0.6679
65840,1,1,0,0,0,0.4742
65840,1,3,0,0,1,0.8864
65840,1,1,0,0,0,0.4565
65840,0,0,0,0,0,0.0073
65840,0,0,0,0,0,0.4782
65840,0,0,0,0,0,0.5258
65840,0,0,0,0,0,0.2315
65840,0,0,0,0,0,0.1142
65840,0,0,0,0,0,0.1263
65840,0,0,0,0,0,0.3196
65840,0,0,0,0,0,0.4296
65840,0,0,0,0,0,0.5757
65840,0,0,0,0,0,0.5726
65840,0,0,0,0,0,0.2954
65840,0,0,0,0,0,0.615
65840,0,0,0,0,0,0.6327
65840,0,0,0,0,0,0.5495
65840,0,0,0,0,0,0.0193
65840,0,0,0,0,0,0.2423
65840,0,0,0,0,0,0.5351
65840,0,0,0,0,0,0.2343
65840,0,0,0,0,0,0.2592
65840,0,0,0,0,1,0.7098
65840,0,0,0,0,0,0.1691
65840,0,0,0,0,0,0.6148
65840,0,0,0,0,0,0.1507
65840,0,0,0,0,0,0.0113
65840,0,0,0,1,0,0.3259
65840,0,0,0,0,1,0.7478
65840,0,0,0,0,0,0.2503
65840,0,0,0,0,0,0.1952
65840,0,0,0,0,0,0.1724
65840,0,0,0,0,0,0.2062
65843,1,3,1,1,1,0.995
65843,1,3,0,0,1,0.9085
65843,1,2,0,0,1,0.7815
65843,1,1,0,0,0,0.4991
65843,1,3,0,0,1,0.9039
65843,1,3,0,0,1,0.858
65843,1,1,0,0,1,0.667
65843,1,1,0,0,0,0.3182
65843,1,1,0,0,0,0.5001
65843,1,3,0,1,0,0.5215
65843,1,3,0,0,0,0.3497
65843,1,1,0,0,0,0.2698
65843,0,0,0,0,0,0.0062
65843,0,0,0,0,1,0.7188
65843,0,0,0,0,0,0.3364
65843,0,0,0,0,0,0.5393
65843,0,0,0,0,0,0.2425
65843,0,0,0,0,0,0.1698
65843,0,0,0,0,0,0.058
65843,0,0,0,0,0,0.2548
65843,0,0,0,0,0,0.3678
65843,0,0,0,0,0,0.318
65843,0,0,0,0,0,0.2417
65843,0,0,0,0,0,0.137
65843,0,0,0,0,0,0.2965
65843,0,0,0,0,0,0.2249
65843,0,0,0,0,0,0.0196
65843,0,0,0,0,0,0.5125
65843,0,0,0,0,0,0.3179
65843,0,0,0,0,0,0.3477
65843,0,0,0,0,0,0.0103
65843,0,0,0,0,0,0.6179
65843,0,0,0,0,0,0.255
65843,0,0,0,0,0,0.5582
65843,0,0,0,0,0,0.3554
65843,0,0,0,0,0,0.1596
65843,0,0,0,0,0,0.3829
65843,0,0,0,0,0,0.5392
65843,0,0,0,0,0,0.4756
65843,0,0,0,0,0,0.3921
65843,0,0,0,0,0,0.5078
65843,0,0,0,0,0,0.1851
65844,1,3,1,1,1,0.9924
65844,1,3,0,0,0,0.0694
65844,1,3,0,0,1,0.9358
65844,1,2,0,0,1,0.821
65844,1,2,0,0,0,0.4747
65844,1,3,0,1,1,0.9801
65844,1,3,0,0,1,0.7027
65844,1,2,0,0,0,0.5704
65844,1,1,0,0,0,0.4257
65844,1,3,0,0,1,0.8933
65844,1,1,0,0,0,0.2663
65844,0,0,0,0,0,0.0095
65844,0,0,0,0,0,0.3745
65844,0,0,0,0,0,0.3866
65844,0,0,0,0,0,0.0707
65844,0,0,0,0,0,0.228
65844,0,0,0,0,0,0.1164
65844,0,0,0,0,0,0.1267
65844,0,0,0,0,0,0.2597
65844,0,0,0,0,0,0.5435
65844,0,0,0,0,0,0.2495
65844,0,0,0,0,1,0.7046
65844,0,0,0,1,0,0.4715
65844,0,0,0,0,0,0.2817
65844,0,0,0,0,0,0.5546
65844,0,0,0,0,0,0.4538
65844,0,0,0,0,0,0.6193
65844,0,0,0,0,0,0.1371
65844,0,0,0,0,0,0.4906
65844,0,0,0,0,0,0.306
65844,0,0,0,0,1,0.7796
65844,0,0,0,0,0,0.3853
65844,0,0,0,0,0,0.3872
65844,0,0,0,0,0,0.4419
65844,0,0,0,0,0,0.5437
65844,0,0,0,1,1,0.753
65844,0,0,0,0,0,0.3842
65844,0,0,0,0,0,0.39
65844,0,0,0,0,0,0.2272
65844,0,0,0,0,0,0.4503
65844,0,0,0,0,0,0.3326
65844,0,0,0,0,0,0.2261
65844,0,0,0,0,0,0.2709
65844,0,0,0,0,0,0.5468
65844,0,0,0,0,0,0.4174
65845,1,3,1,1,1,0.997
65845,1,3,0,1,1,0.9101
65845,1,3,0,0,0,0.6277
65845,1,3,0,0,1,0.9388
65845,1,3,0,0,1,0.911
65845,1,2,0,0,1,0.7238
65845,1,2,0,0,0,0.4578
65845,1,1,0,1,1,0.6848
65845,1,2,0,0,0,0.4857
65845,1,1,0,0,0,0.3828
65845,0,0,0,0,0,0.0094
65845,0,0,0,0,1,0.6671
65845,0,0,0,0,0,0.4004
65845,0,0,0,0,0,0.2836
65845,0,0,0,0,0,0.1006
65845,0,0,0,0,0,0.0444
65845,0,0,0,0,0,0.2032
65845,0,0,0,0,0,0.2869
65845,0,0,1,0,0,0.3895
65845,0,0,0,0,0,0.179
65845,0,0,0,0,0,0.5303
65845,0,0,0,0,0,0.5703
65845,0,0,0,0,0,0.5926
65845,0,0,0,0,0,0.3638
65845,0,0,0,0,0,0.0311
65845,0,0,0,0,0,0.3204
65845,0,0,0,0,0,0.0917
65845,0,0,0,0,0,0.36
65845,0,0,0,0,0,0.6399
65845,0,0,0,0,0,0.531
65845,0,0,0,0,0,0.4562
65845,0,0,0,0,0,0.4777
65845,0,0,0,0,0,0.1558
65845,0,0,0,0,0,0.3315
65845,0,0,0,0,0,0.469
65845,0,0,0,0,0,0.3587
65845,0,0,0,0,0,0.1869
65845,0,0,0,0,0,0.1838
65846,1,3,1,1,1,0.9871
65846,1,3,0,1,1,0.8174
65846,1,3,0,0,1,0.7108
65846,1,2,0,0,0,0.407
65846,1,3,0,0,1,0.8731
65846,1,2,0,1,1,0.8741
65846,1,3,0,1,1,0.9273
65846,1,2,0,0,0,0.5592
65846,1,2,0,0,0,0.4662
65846,1,2,0,0,1,0.9768
65846,0,0,0,0,0,0.0304
65846,0,0,0,0,0,0.6145
65846,0,0,0,1,0,0.4382
65846,0,0,0,0,0,0.0533
65846,0,0,0,0,0,0.5681
65846,0,0,0,0,0,0.2249
65846,0,0,0,0,0,0.2214
65846,0,0,0,0,0,0.5281
65846,0,0,0,0,0,0.5798
65846,0,0,0,0,0,0.6278
65846,0,0,0,0,0,0.4552
65846,0,0,0,0,0,0.6252
65846,0,0,0,0,0,0.0404
65846,0,0,0,0,0,0.2694
65846,0,0,0,0,0,0.3186
65846,0,0,0,0,0,0.0923
65846,0,0,0,0,0,0.229
65846,0,0,0,1,0,0.0114
65846,0,0,0,0,0,0.4052
65846,0,0,0,0,0,0.3335
65846,0,0,0,0,0,0.4206
65846,0,0,0,0,0,0.4712
65846,0,0,0,0,0,0.5233
65846,0,0,0,0,0,0.2582
65846,0,0,0,0,1,0.7385
65846,0,0,0,0,0,0.5515
65846,0,0,0,0,0,0.4354
65846,0,0,0,0,0,0.1749
65846,0,0,0,0,0,0.4429
65846,0,0,0,0,0,0.4571
65846,0,0,0,0,0,0.4739
65846,0,0,0,0,0,0.1162
65846,0,0,0,0,0,0.1969
65848,1,3,1,1,1,0.9952
65848,1,3,0,1,1,0.9394
65848,1,3,0,0,1,0.6804
65848,1,3,0,0,0,0.279
65848,1,3,0,0,0,0.5308
65848,1,3,0,1,1,0.908
65848,1,2,0,0,0,0.4306
65848,1,2,0,0,0,0.3066
65848,1,2,0,1,1,0.8367
65848,1,1,0,0,0,0.4074
65848,0,0,0,0,0,0.0147
65848,0,0,0,1,1,0.669
65848,0,0,0,0,0,0.3257
65848,0,0,0,0,0,0.5106
65848,0,0,0,0,0,0.4717
65848,0,0,0,0,0,0.0885
65848,0,0,0,0,0,0.4709
65848,0,0,0,0,0,0.3563
65848,0,0,1,0,1,0.7241
65848,0,0,0,0,0,0.4428
65848,0,0,0,0,0,0.3446
65848,0,0,0,0,0,0.6191
65848,0,0,0,0,0,0.6487
65848,0,0,0,0,0,0.4893
65848,0,0,0,0,0,0.0204
65848,0,0,0,0,0,0.4065
65848,0,0,0,0,0,0.4039
65848,0,0,0,0,0,0.3572
65848,0,0,0,0,1,0.7512
65848,0,0,0,0,0,0.4589
65848,0,0,0,0,0,0.571
65848,0,0,0,0,0,0.4244
65848,0,0,0,0,0,0.4427
65848,0,0,0,0,0,0.2692
65848,0,0,0,0,0,0.5889
65848,0,0,0,0,0,0.4053
65848,0,0,0,0,0,0.4681
65848,0,0,0,0,0,0.3101
65849,1,3,1,1,1,0.9982
65849,1,3,1,1,1,0.9712
65849,1,3,0,0,0,0.572
65849,1,3,0,0,1,0.953
65849,1,2,0,1,0,0.4289
65849,1,2,0,0,0,0.5305
65849,1,2,0,1,0,0.4963
65849,1,1,0,1,0,0.1444
65849,1,2,0,1,1,0.7694
65849,1,2,0,0,0,0.5224
65849,0,0,0,0,0,0.0102
65849,0,0,0,0,1,0.7296
65849,0,0,0,1,0,0.5282
65849,0,0,0,0,0,0.6324
65849,0,0,0,0,0,0.1763
65849,0,0,0,0,0,0.3609
65849,0,0,0,0,0,0.4322
65849,0,0,0,0,0,0.5566
65849,0,0,0,0,1,0.6735
65849,0,0,0,0,0,0.4798
65849,0,0,0,0,0,0.249
65849,0,0,0,0,0,0.5681
65849,0,0,0,0,0,0.2776
65849,0,0,0,0,0,0.1444
65849,0,0,0,0,0,0.2191
65849,0,0,0,0,0,0.3467
65849,0,0,0,0,0,0.2308
65849,0,0,0,0,0,0.1634
65849,0,0,0,0,0,0.5104
65849,0,0,0,0,0,0.6163
65849,0,0,0,1,1,0.6675
65849,0,0,0,0,0,0.1128
65849,0,0,0,0,1,0.9103
65849,0,0,0,0,0,0.3176
65849,0,0,0,0,0,0.3703
65849,0,0,0,0,0,0.4952
65849,0,0,0,0,0,0.5417
65849,0,0,0,0,0,0.3777
65849,0,0,0,0,0,0.397
65849,0,0,0,0,0,0.5588
65849,0,0,0,0,0,0.5137
66005,1,3,1,1,1,0.9977
66005,1,3,0,0,1,0.93
66005,1,3,0,0,0,0.6486
66005,1,3,0,0,1,0.8451
66005,1,3,0,0,0,0.2853
66005,1,3,0,1,1,0.8566
66005,1,2,0,0,0,0.2762
66005,1,1,0,0,0,0.495
66005,1,1,0,0,0,0.3934
66005,1,2,0,0,0,0.5275
66005,1,3,0,0,1,0.6934
66005,1,2,0,0,1,0.7037
66005,0,0,0,0,0,0.0104
66005,0,0,0,0,0,0.4109
66005,0,0,0,1,0,0.3272
66005,0,0,0,0,0,0.3619
66005,0,0,0,0,0,0.4459
66005,0,0,0,0,0,0.0978
66005,0,0,0,0,0,0.4474
66005,0,0,0,0,1,0.7502
66005,0,0,0,0,0,0.5543
66005,0,0,0,0,0,0.4425
66005,0,0,0,0,0,0.5816
66005,0,0,0,0,0,0.361
66005,0,0,0,0,0,0.5961
66005,0,0,0,0,0,0.0721
66005,0,0,0,0,0,0.0918
66005,0,0,0,0,0,0.3584
66005,0,0,0,0,0,0.4174
66005,0,0,0,0,0,0.6253
66005,0,0,0,0,0,0.504
66005,0,0,0,0,0,0.5476
66005,0,0,0,0,0,0.635
66005,0,0,0,0,0,0.5771
66005,0,0,0,0,0,0.06
66005,0,0,0,0,0,0.5994
66005,0,0,0,0,0,0.3911
66005,0,0,0,0,0,0.2748
66005,0,0,0,0,0,0.1364
66005,0,0,0,0,0,0.3744
66005,0,0,0,0,0,0.4153
66005,0,0,0,0,0,0.3278
66005,0,0,0,0,0,0.4438
66005,0,0,0,0,0,0.3566
66005,0,0,0,0,0,0.2024
65847,1,3,0,1,1,0.9876
65847,1,3,1,1,1,0.9373
65847,1,2,0,0,0,0.475
65847,1,3,1,0,1,0.9831
65847,1,3,0,0,1,0.906
65847,1,3,0,0,0,0.3977
65847,1,3,0,1,0,0.2875
65847,1,3,0,0,0,0.459
65847,1,3,0,0,1,0.6612
65847,1,3,0,0,0,0.3991
65847,0,0,0,0,0,0.016
65847,0,0,0,0,0,0.2815
65847,0,0,0,0,0,0.4563
65847,0,0,0,0,0,0.2303
65847,0,0,0,0,0,0.5118
65847,0,0,0,0,0,0.3279
65847,0,0,0,0,0,0.3162
65847,0,0,0,0,0,0.3105
65847,0,0,0,0,0,0.4771
65847,0,0,0,0,1,0.746
65847,0,0,0,0,0,0.0086
65847,0,0,0,0,0,0.4625
65847,0,0,0,0,0,0.4731
65847,0,0,0,1,0,0.4675
65847,0,0,0,0,0,0.2805
65847,0,0,0,0,0,0.1284
65847,0,0,0,0,0,0.526
65847,0,0,0,0,0,0.3578
65847,0,0,0,0,0,0.3387
65847,0,0,0,0,1,0.7853
65847,0,0,0,0,0,0.0166
65847,0,0,0,0,0,0.2789
65847,0,0,0,0,1,0.71
65847,0,0,0,0,0,0.2791
65847,0,0,0,0,0,0.1979
65847,0,0,0,0,0,0.4554
65847,0,0,0,0,0,0.4853
65847,0,0,0,0,1,0.6673
65847,0,0,0,0,0,0.5085
65847,0,0,0,0,0,0.4591
65847,0,0,0,1,0,0.6032
65847,0,0,0,0,0,0.2302
66006,1,3,1,1,1,0.9987
66006,1,3,1,0,1,0.8767
66006,1,3,0,0,0,0.5821
66006,1,3,0,0,1,0.8823
66006,1,2,0,0,0,0.5534
66006,1,3,0,0,1,0.7547
66006,1,3,0,0,0,0.3405
66006,1,2,0,0,0,0.4979
66006,1,1,0,0,0,0.4907
66006,1,3,0,0,1,0.7063
66006,0,0,0,0,0,0.0089
66006,0,0,0,0,0,0.2861
66006,0,0,0,0,0,0.2712
66006,0,0,0,0,1,0.6791
66006,0,0,0,0,0,0.4652
66006,0,0,0,0,0,0.1868
66006,0,0,0,0,0,0.5216
66006,0,0,0,0,0,0.4679
66006,0,0,0,0,0,0.4634
66006,0,0,0,0,0,0.6277
66006,0,0,0,0,0,0.1198
66006,0,0,0,0,0,0.5175
66006,0,0,0,0,0,0.3108
66006,0,0,0,0,0,0.1342
66006,0,0,0,1,0,0.6571
66006,0,0,0,0,0,0.0192
66006,0,0,0,0,0,0.1735
66006,0,0,0,0,0,0.4117
66006,0,0,0,0,0,0.2721
66006,0,0,0,0,0,0.414
66006,0,0,0,0,0,0.2748
66006,0,0,0,0,0,0.6511
66006,0,0,0,0,0,0.5282
66006,0,0,0,0,1,0.7761
66006,0,0,0,0,0,0.4102
66006,0,0,0,0,0,0.5657
66006,0,0,0,0,0,0.4161
66006,0,0,0,0,0,0.5559
66006,0,0,0,0,0,0.4678
66006,0,0,0,0,0,0.3508
66006,0,0,0,0,0,0.5339
66006,0,0,0,0,0,0.3972
66006,0,0,0,0,0,0.2271
66007,1,3,1,0,1,0.9937
66007,1,3,0,0,1,0.783
66007,1,3,0,0,0,0.5036
66007,1,3,1,0,1,0.9937
66007,1,3,0,0,0,0.2643
66007,1,2,0,0,0,0.4241
66007,1,3,0,0,0,0.6243
66007,1,1,0,0,1,0.6766
66007,1,2,0,0,0,0.4431
66007,0,0,0,0,0,0.0357
66007,0,0,0,0,0,0.4256
66007,0,0,0,0,1,0.667
66007,0,0,0,0,0,0.5442
66007,0,0,0,0,0,0.4567
66007,0,0,0,0,0,0.2103
66007,0,0,0,0,0,0.4441
66007,0,0,0,0,0,0.3857
66007,0,0,0,0,0,0.4443
66007,0,0,0,0,0,0.4572
66007,0,0,0,0,0,0.6044
66007,0,0,0,0,0,0.6377
66007,0,0,0,0,0,0.2324
66007,0,0,0,0,1,0.7796
66007,0,0,0,0,0,0.0368
66007,0,0,0,0,0,0.1733
66007,0,0,0,0,0,0.3012
66007,0,0,0,0,0,0.2693
66007,0,0,0,0,0,0.4238
66007,0,0,0,0,0,0.467
66007,0,0,0,0,0,0.5399
66007,0,0,0,1,0,0.4193
66007,0,0,0,0,0,0.3603
66007,0,0,0,0,0,0.3892
66007,0,0,0,0,0,0.2502
66007,0,0,0,0,0,0.1061
66007,0,0,0,0,0,0.1608
66007,0,0,0,1,0,0.36
66007,0,0,0,0,0,0.3266
66007,0,0,0,0,0,0.4019
66008,1,3,1,1,1,0.9982
66008,1,3,0,1,1,0.9686
66008,1,2,0,0,1,0.712
66008,1,3,0,0,1,0.7487
66008,1,3,0,1,1,0.8457
66008,1,3,0,0,0,0.4598
66008,1,3,0,0,1,0.9482
66008,1,1,0,0,0,0.5092
66008,1,3,0,1,1,0.8977
66008,1,1,0,0,0,0.6074
66008,0,0,0,0,0,0.0058
66008,0,0,0,0,0,0.6123
66008,0,0,0,0,0,0.5801
66008,0,0,0,0,0,0.3873
66008,0,0,0,0,0,0.3634
66008,0,0,0,0,0,0.07
66008,0,0,0,0,0,0.6258
66008,0,0,0,0,0,0.5109
66008,0,0,0,0,0,0.3157
66008,0,0,0,0,0,0.5485
66008,0,0,0,0,0,0.5218
66008,0,0,0,0,0,0.1989
66008,0,0,0,0,0,0.2339
66008,0,0,0,0,0,0.0299
66008,0,0,0,0,0,0.4915
66008,0,0,0,0,0,0.0791
66008,0,0,0,0,0,0.2683
66008,0,0,0,0,0,0.4393
66008,0,0,0,0,0,0.224
66008,0,0,0,0,0,0.5119
66008,0,0,0,0,0,0.522
66008,0,0,0,0,0,0.5187
66008,0,0,0,0,0,0.1744
66008,0,0,0,0,0,0.5033
66008,0,0,0,1,1,0.7166
66008,0,0,0,0,0,0.0798
66008,0,0,0,0,0,0.3893
66008,0,0,0,0,0,0.6247
66008,0,0,0,0,0,0.1992
66008,0,0,0,0,0,0.6275
66008,0,0,0,0,0,0.2664
65875,1,3,1,1,1,0.9959
65875,1,3,0,1,1,0.9775
65875,1,3,0,0,0,0.4005
65875,1,2,0,0,0,0.6415
65875,1,3,0,0,0,0.2525
65875,1,3,0,1,1,0.959
65875,1,3,0,0,0,0.4672
65875,1,2,0,0,0,0.496
65875,1,3,0,0,0,0.2981
65875,1,3,0,0,0,0.4019
65875,1,1,0,1,0,0.2961
65875,1,3,0,0,1,0.8974
65875,1,2,0,0,0,0.571
65875,0,0,0,0,0,0.0077
65875,0,0,0,0,0,0.1982
65875,0,0,0,0,0,0.6027
65875,0,0,0,0,0,0.5943
65875,0,0,0,0,0,0.2174
65875,0,0,0,0,0,0.0394
65875,0,0,0,0,0,0.1592
65875,0,0,0,0,0,0.3048
65875,0,0,0,0,0,0.475
65875,0,0,0,0,0,0.3942
65875,0,0,0,0,0,0.422
65875,0,0,0,0,0,0.5076
65875,0,0,0,0,0,0.507
65875,0,0,0,0,0,0.5515
65875,0,0,0,0,0,0.5513
65875,0,0,0,0,0,0.1919
65875,0,0,0,0,0,0.1742
65875,0,0,0,0,0,0.5587
65875,0,0,0,0,0,0.6159
65875,0,0,0,0,0,0.4964
65875,0,0,0,0,0,0.4947
65875,0,0,0,0,0,0.5535
65875,0,0,0,0,0,0.1896
65875,0,0,0,0,0,0.21
65875,0,0,0,0,0,0.4571
65875,0,0,0,0,0,0.4287
65875,0,0,0,0,0,0.2445
65875,0,0,0,0,0,0.4152
66009,1,3,1,1,1,0.9992
66009,1,3,0,0,1,0.9383
66009,1,3,0,0,1,0.7849
66009,1,2,0,0,0,0.4507
66009,1,3,1,0,0,0.6401
66009,1,3,1,0,1,0.973
66009,1,3,0,1,1,0.7813
66009,1,2,0,0,0,0.5877
66009,1,2,0,0,0,0.4618
66009,1,3,0,0,0,0.3505
66009,1,2,0,0,0,0.4548
66009,1,2,0,0,0,0.3566
66009,0,0,0,0,0,0.0104
66009,0,0,0,0,1,0.8183
66009,0,0,0,1,0,0.2952
66009,0,0,0,0,0,0.4737
66009,0,0,0,0,0,0.3258
66009,0,0,0,0,0,0.1145
66009,0,0,0,0,1,0.7333
66009,0,0,0,0,0,0.6
66009,0,0,0,0,0,0.469
66009,0,0,0,0,0,0.5274
66009,0,0,0,0,0,0.4298
66009,0,0,0,0,0,0.2604
66009,0,0,0,0,0,0.358
66009,0,0,0,0,0,0.3945
66009,0,0,0,0,0,0.6399
66009,0,0,0,0,0,0.0125
66009,0,0,0,0,0,0.2213
66009,0,0,0,0,0,0.102
66009,0,0,0,0,0,0.3758
66009,0,0,0,0,0,0.4895
66009,0,0,0,0,1,0.7118
66009,0,0,0,0,0,0.65
66009,0,0,0,1,1,0.7506
66009,0,0,0,0,0,0.2125
66009,0,0,0,0,0,0.3653
66009,0,0,0,0,0,0.5255
66009,0,0,0,0,0,0.6511
66009,0,0,0,0,0,0.5001
66009,0,0,0,0,0,0.2183
66009,0,0,0,0,0,0.0693
65877,1,3,0,0,1,0.9836
65877,1,3,0,1,1,0.9398
65877,1,3,0,0,0,0.5745
65877,1,1,1,0,0,0.3088
65877,1,2,1,0,1,0.824
65877,1,2,1,0,0,0.511
65877,1,3,0,0,1,0.8952
65877,1,2,0,0,1,0.7241
65877,1,1,0,0,0,0.5465
65877,1,2,0,0,0,0.285
65877,1,3,0,0,0,0.5119
65877,0,0,0,0,0,0.0004
65877,0,0,0,1,0,0.3153
65877,0,0,0,0,0,0.5154
65877,0,0,0,0,0,0.3925
65877,0,0,0,0,0,0.4728
65877,0,0,0,0,0,0.0803
65877,0,0,0,0,0,0.1588
65877,0,0,0,0,0,0.3455
65877,0,0,0,0,0,0.6256
65877,0,0,0,0,0,0.296
65877,0,0,0,0,0,0.1889
65877,0,0,0,0,0,0.4469
65877,0,0,0,0,0,0.3858
65877,0,0,0,0,0,0.2472
65877,0,0,0,0,0,0.3334
65877,0,0,0,1,1,0.9464
65877,0,0,0,0,0,0.1508
65877,0,0,1,0,0,0.0646
65877,0,0,0,0,0,0.1068
65877,0,0,0,0,0,0.2325
65877,0,0,0,0,1,0.8305
65877,0,0,0,1,1,0.8606
65877,0,0,0,0,0,0.5222
65877,0,0,0,0,0,0.1056
65877,0,0,0,0,0,0.4328
65877,0,0,0,0,0,0.3251
65877,0,0,0,0,0,0.1843
65877,0,0,0,0,0,0.6147
65877,0,0,0,0,0,0.496
65877,0,0,0,0,0,0.5661
65877,0,0,0,0,0,0.517
65877,0,0,0,0,0,0.3948
65878,1,3,1,1,1,0.998
65878,1,3,0,1,1,0.891
65878,1,2,0,0,1,0.6624
65878,1,1,0,0,0,0.4929
65878,1,3,0,0,1,0.6937
65878,1,3,0,0,0,0.6285
65878,1,1,0,0,0,0.5109
65878,1,3,0,0,0,0.5033
65878,1,1,0,0,0,0.4079
65878,1,1,0,0,1,0.7513
65878,1,1,0,0,0,0.3471
65878,1,1,0,0,0,0.3358
65878,1,2,0,0,0,0.4081
65878,1,2,0,0,0,0.5172
65878,1,2,0,0,0,0.4762
65878,0,0,0,0,0,0.0234
65878,0,0,0,0,0,0.3656
65878,0,0,0,0,0,0.5718
65878,0,0,0,0,0,0.0313
65878,0,0,0,0,0,0.1706
65878,0,0,0,0,0,0.0103
65878,0,0,0,0,0,0.3884
65878,0,0,0,0,0,0.1364
65878,0,0,0,0,0,0.3851
65878,0,0,0,0,0,0.5437
65878,0,0,0,0,0,0.2441
65878,0,0,0,0,0,0.238
65878,0,0,0,0,0,0.3688
65878,0,0,0,0,0,0.2291
65878,0,0,0,0,0,0.1067
65878,0,0,0,0,0,0.4617
65878,0,0,0,0,0,0.6186
65878,0,0,0,0,0,0.2584
65878,0,0,0,0,0,0.2645
65878,0,0,0,0,0,0.2611
65878,0,0,0,0,0,0.4295
65878,0,0,0,0,0,0.4922
65878,0,0,0,0,0,0.6173
65878,0,0,0,0,0,0.499
65878,0,0,0,0,0,0.5168
65878,0,0,0,0,0,0.5413
65878,0,0,0,0,0,0.5189
65878,0,0,0,0,0,0.1671
65878,0,0,0,0,0,0.4535
65878,0,0,0,0,0,0.4899
65878,0,0,0,0,0,0.2762
65878,0,0,0,0,0,0.3632
65878,0,0,0,0,0,0.0675
65876,1,3,1,1,1,0.9973
65876,1,3,0,1,1,0.9864
65876,1,3,0,0,1,0.7652
65876,1,3,1,0,0,0.393
65876,1,2,0,1,1,0.9714
65876,1,2,0,0,1,0.7955
65876,1,1,0,0,0,0.598
65876,1,2,0,0,0,0.6339
65876,1,1,0,0,0,0.5844
65876,1,1,0,0,0,0.5676
65876,1,2,0,0,0,0.3653
65876,1,1,0,0,0,0.4986
65876,0,0,0,1,0,0.0053
65876,0,0,0,0,0,0.2241
65876,0,0,0,0,0,0.5141
65876,0,0,0,0,0,0.4067
65876,0,0,0,0,0,0.1833
65876,0,0,0,0,0,0.0564
65876,0,0,0,0,0,0.1684
65876,0,0,0,0,0,0.6449
65876,0,0,0,0,0,0.5935
65876,0,0,0,0,0,0.5
65876,0,0,0,0,0,0.4702
65876,0,0,0,0,0,0.3315
65876,0,0,0,0,0,0.1939
65876,0,0,0,0,0,0.5173
65876,0,0,0,0,0,0.3965
65876,0,0,0,0,0,0.2059
65876,0,0,0,0,0,0.1324
65876,0,0,0,0,0,0.1347
65876,0,0,0,0,0,0.5341
65876,0,0,0,0,0,0.4517
65876,0,0,0,0,0,0.5381
65876,0,0,0,0,0,0.568
65876,0,0,0,0,0,0.2924
65876,0,0,0,0,1,0.6977
65876,0,0,0,0,0,0.4789
65876,0,0,0,0,0,0.5873
65876,0,0,0,0,1,0.7499
65876,0,0,0,0,0,0.4182
65876,0,0,0,0,0,0.5397
65876,0,0,0,0,0,0.1399
65879,1,3,1,1,1,0.9963
65879,1,3,0,1,1,0.8545
65879,1,2,0,0,1,0.7962
65879,1,2,0,0,0,0.3424
65879,1,2,0,0,0,0.4844
65879,1,3,0,0,1,0.7335
65879,1,2,0,0,1,0.8479
65879,1,2,0,0,0,0.6285
65879,1,1,0,0,0,0.433
65879,1,2,0,1,1,0.8092
65879,1,2,0,0,0,0.6315
65879,1,1,0,0,0,0.3891
65879,0,0,0,0,0,0.0047
65879,0,0,0,0,0,0.3703
65879,0,0,0,0,0,0.2816
65879,0,0,0,0,1,0.7773
65879,0,0,0,0,0,0.5186
65879,0,0,0,0,0,0.01
65879,0,0,0,0,0,0.1375
65879,0,0,0,0,0,0.3415
65879,0,0,0,0,0,0.2273
65879,0,0,0,0,0,0.5273
65879,0,0,0,0,0,0.3454
65879,0,0,0,0,0,0.3754
65879,0,0,0,0,0,0.4233
65879,0,0,0,0,0,0.3409
65879,0,0,0,0,0,0.3828
65879,0,0,0,0,0,0.4582
65879,0,0,0,0,0,0.3066
65879,0,0,0,0,0,0.3005
65879,0,0,0,0,0,0.5104
65879,0,0,0,0,0,0.6158
65879,0,0,0,0,0,0.6022
65879,0,0,0,0,0,0.6037
65879,0,0,0,0,1,0.6796
65879,0,0,0,0,0,0.4758
65879,0,0,0,0,0,0.0816
65879,0,0,0,0,0,0.5115
65879,0,0,0,0,0,0.2253
65879,0,0,0,0,0,0.5049
65879,0,0,0,0,0,0.417
65879,0,0,0,0,0,0.1904
65881,1,3,1,1,1,0.9963
65881,1,3,0,0,1,0.8472
65881,1,3,0,0,1,0.6771
65881,1,3,0,0,0,0.458
65881,1,3,0,1,1,0.9916
65881,1,2,0,0,0,0.3944
65881,1,2,0,0,0,0.5258
65881,1,1,0,0,0,0.6062
65881,1,3,0,0,1,0.6995
65881,1,1,0,1,0,0.6137
65881,0,0,0,0,0,0.0183
65881,0,0,0,0,0,0.5237
65881,0,0,0,0,0,0.5639
65881,0,0,0,0,0,0.0566
65881,0,0,0,0,0,0.2769
65881,0,0,0,0,0,0.0345
65881,0,0,0,0,0,0.0674
65881,0,0,0,0,0,0.3293
65881,0,0,0,0,0,0.4232
65881,0,0,0,0,0,0.646
65881,0,0,0,0,0,0.2696
65881,0,0,0,0,0,0.5779
65881,0,0,0,0,0,0.2974
65881,0,0,0,0,1,0.9297
65881,0,0,0,0,0,0.4754
65881,0,0,0,0,0,0.4331
65881,0,0,0,0,0,0.5525
65881,0,0,0,0,0,0.3875
65881,0,0,0,0,0,0.5275
65881,0,0,0,0,0,0.5247
65881,0,0,0,0,0,0.4498
65881,0,0,0,0,0,0.5849
65881,0,0,0,0,0,0.5083
65881,0,0,0,0,0,0.3929
65881,0,0,0,0,0,0.3767
65881,0,0,0,0,0,0.4252
65881,0,0,0,0,0,0.4742
65881,0,0,0,0,0,0.1895
65881,0,0,0,0,0,0.1385
65881,0,0,0,0,0,0.1159
65880,1,3,1,0,1,0.9857
65880,1,3,0,0,0,0.2654
65880,1,3,0,0,1,0.9193
65880,1,3,0,0,1,0.7697
65880,1,3,0,0,1,0.6975
65880,1,3,0,0,1,0.8322
65880,1,3,0,0,1,0.9317
65880,1,1,0,0,1,0.683
65880,1,2,0,0,1,0.8415
65880,1,3,0,0,1,0.8499
65880,1,1,0,0,0,0.5569
65880,0,0,0,0,0,0.0031
65880,0,0,0,0,0,0.4556
65880,0,0,0,1,0,0.534
65880,0,0,0,0,0,0.4785
65880,0,0,0,0,0,0.0691
65880,0,0,0,0,0,0.114
65880,0,0,0,0,0,0.0716
65880,0,0,0,0,0,0.4708
65880,0,0,0,1,1,0.894
65880,0,0,0,0,1,0.6593
65880,0,0,0,0,0,0.4705
65880,0,0,0,0,0,0.0652
65880,0,0,0,0,0,0.2053
65880,0,0,0,0,0,0.1606
65880,0,0,0,0,0,0.0379
65880,0,0,0,0,0,0.0126
65880,0,0,0,0,0,0.5229
65880,0,0,0,0,0,0.074
65880,0,0,0,0,0,0.119
65880,0,0,0,0,0,0.5475
65880,0,0,0,0,0,0.4313
65880,0,0,0,0,0,0.4601
65880,0,0,0,0,0,0.573
65880,0,0,0,0,1,0.6718
65880,0,0,0,0,0,0.4883
65880,0,0,0,0,0,0.3718
65880,0,0,0,0,0,0.1489
65880,0,0,0,0,0,0.4718
65880,0,0,0,0,0,0.2914
65880,0,0,0,0,0,0.2307
65880,0,0,0,0,0,0.2337
65880,0,0,0,0,0,0.3319
65882,1,3,0,1,1,0.9943
65882,1,3,0,1,1,0.9735
65882,1,3,0,0,1,0.8395
65882,1,2,0,0,1,0.7201
65882,1,3,0,0,0,0.6074
65882,1,3,0,0,1,0.9767
65882,1,2,0,0,0,0.6069
65882,1,1,0,0,0,0.5469
65882,1,1,0,0,0,0.4359
65882,1,2,0,0,0,0.3003
65882,1,3,0,0,0,0.1796
65882,0,0,0,0,0,0.0206
65882,0,0,0,0,0,0.3025
65882,0,0,0,0,0,0.014
65882,0,0,0,0,0,0.0072
65882,0,0,0,0,0,0.0163
65882,0,0,0,0,0,0.0065
65882,0,0,0,0,0,0.0088
65882,0,0,1,0,0,0.3918
65882,0,0,0,0,0,0.5743
65882,0,0,1,0,1,0.7175
65882,0,0,0,0,0,0.3283
65882,0,0,0,0,0,0.5424
65882,0,0,0,0,0,0.6493
65882,0,0,0,0,0,0.5295
65882,0,0,0,0,0,0.0206
65882,0,0,0,0,0,0.4014
65882,0,0,0,0,0,0.1589
65882,0,0,0,0,0,0.4321
65882,0,0,0,0,0,0.3299
65882,0,0,0,0,0,0.4365
65882,0,0,0,0,0,0.309
65882,0,0,0,1,0,0.6314
65882,0,0,0,0,0,0.3216
65882,0,0,0,0,0,0.4888
65882,0,0,0,0,0,0.5987
65882,0,0,0,0,0,0.3207
65882,0,0,0,0,1,0.6874
65882,0,0,0,0,0,0.3998
65882,0,0,0,0,0,0.3386
65883,1,3,0,1,1,0.9859
65883,1,3,0,0,1,0.9331
65883,1,3,0,0,1,0.855
65883,1,3,0,0,1,0.9609
65883,1,3,0,0,1,0.8381
65883,1,3,0,0,1,0.6865
65883,1,2,0,0,0,0.4537
65883,1,3,0,0,0,0.328
65883,1,3,0,0,0,0.6499
65883,0,0,0,0,0,0.0012
65883,0,0,0,0,0,0.3887
65883,0,0,0,0,0,0.0125
65883,0,0,0,0,0,0.0171
65883,0,0,0,0,0,0.0188
65883,0,0,0,0,0,0.0099
65883,0,0,0,0,0,0.0028
65883,0,0,1,0,0,0.1928
65883,0,0,0,0,0,0.6158
65883,0,0,0,0,0,0.5592
65883,0,0,0,0,0,0.1548
65883,0,0,0,0,0,0.4081
65883,0,0,0,0,0,0.2866
65883,0,0,0,0,0,0.2581
65883,0,0,0,0,0,0.0044
65883,0,0,0,0,1,0.7293
65883,0,0,0,0,0,0.5962
65883,0,0,0,0,0,0.3513
65883,0,0,0,0,0,0.4875
65883,0,0,0,0,0,0.5391
65883,0,0,0,0,0,0.1289
65883,0,0,0,0,0,0.4101
65883,0,0,0,0,0,0.2168
65883,0,0,0,0,0,0.4647
65883,0,0,0,0,0,0.4444
65883,0,0,0,0,1,0.7007
65883,0,0,0,0,0,0.2925
65883,0,0,0,0,0,0.1914
65883,0,0,0,0,0,0.119
65884,1,3,0,1,1,0.9885
65884,1,3,0,0,1,0.9685
65884,1,3,0,0,1,0.7558
65884,1,2,0,0,1,0.6907
65884,1,3,0,0,1,0.9381
65884,1,3,0,0,1,0.9506
65884,1,2,0,0,0,0.4423
65884,1,3,0,0,0,0.2188
65884,1,3,1,0,1,0.8159
65884,1,2,0,0,0,0.2441
65884,1,3,0,0,0,0.5546
65884,0,0,0,0,0,0.0067
65884,0,0,0,0,1,0.7597
65884,0,0,0,0,0,0.3853
65884,0,0,0,0,0,0.6518
65884,0,0,0,0,0,0.2119
65884,0,0,0,0,0,0.0627
65884,0,0,0,0,0,0.058
65884,0,0,0,0,0,0.3053
65884,0,0,0,0,0,0.4589
65884,0,0,0,0,0,0.4947
65884,0,0,0,0,0,0.605
65884,0,0,0,0,0,0.6069
65884,0,0,0,1,0,0.5766
65884,0,0,0,0,0,0.3531
65884,0,0,0,0,0,0.4049
65884,0,0,0,0,0,0.4159
65884,0,0,0,0,0,0.3291
65884,0,0,0,0,0,0.278
65884,0,0,0,0,0,0.1226
65884,0,0,1,0,0,0.323
65884,0,0,1,0,0,0.6582
65884,0,0,0,0,0,0.3747
65884,0,0,0,0,0,0.0515
65884,0,0,0,0,0,0.4132
65884,0,0,0,0,0,0.1572
65884,0,0,0,0,0,0.2934
65884,0,0,0,0,0,0.3365
65884,0,0,0,0,0,0.2142
65884,0,0,0,0,0,0.3902
66071,1,3,0,0,1,0.9745
66071,1,3,0,1,1,0.863
66071,1,2,0,0,0,0.5194
66071,1,3,0,1,0,0.5273
66071,1,3,0,0,1,0.9114
66071,1,3,0,0,0,0.3412
66071,1,3,0,0,0,0.408
66071,1,1,1,0,0,0.3362
66071,1,1,0,1,1,0.6656
66071,1,3,0,0,0,0.1902
66071,1,1,0,0,0,0.1579
66071,0,0,0,0,0,0.0633
66071,0,0,0,1,0,0.6069
66071,0,0,0,0,0,0.2194
66071,0,0,0,0,0,0.4628
66071,0,0,0,0,0,0.1046
66071,0,0,0,0,0,0.0803
66071,0,0,0,0,0,0.2015
66071,0,0,0,0,0,0.5349
66071,0,0,1,0,0,0.5401
66071,0,0,0,0,0,0.4779
66071,0,0,0,0,0,0.2386
66071,0,0,0,0,0,0.3408
66071,0,0,0,0,0,0.2383
66071,0,0,0,0,0,0.0585
66071,0,0,0,0,0,0.0611
66071,0,0,0,0,0,0.1791
66071,0,0,0,0,0,0.2246
66071,0,0,0,0,0,0.2309
66071,0,0,1,0,0,0.3176
66071,0,0,1,0,1,0.9235
66071,0,0,0,0,0,0.6123
66071,0,0,0,0,0,0.0065
66071,0,0,0,1,0,0.3995
66071,0,0,0,0,0,0.5406
66071,0,0,0,0,0,0.204
66071,0,0,0,0,0,0.3122
66071,0,0,0,0,0,0.1739
66071,0,0,0,0,0,0.0899
66071,0,0,0,0,0,0.3635
66071,0,0,0,0,0,0.4159
66071,0,0,0,0,0,0.1602
66073,1,3,0,0,1,0.9957
66073,1,3,0,0,0,0.5491
66073,1,3,0,0,1,0.7769
66073,1,2,0,0,1,0.7126
66073,1,2,0,1,1,0.9339
66073,1,3,0,0,0,0.4671
66073,1,2,0,0,0,0.4503
66073,1,3,1,0,0,0.3624
66073,1,2,0,0,0,0.2578
66073,1,3,0,0,0,0.4781
66073,1,1,0,0,0,0.4346
66073,0,0,0,0,0,0.0125
66073,0,0,0,0,0,0.4488
66073,0,0,0,0,0,0.5313
66073,0,0,0,0,0,0.0968
66073,0,0,0,0,0,0.6091
66073,0,0,0,0,0,0.1063
66073,0,0,0,0,0,0.2478
66073,0,0,0,0,0,0.2873
66073,0,0,0,0,0,0.3058
66073,0,0,0,0,0,0.5141
66073,0,0,0,0,0,0.3248
66073,0,0,0,0,0,0.5895
66073,0,0,0,0,0,0.5366
66073,0,0,0,0,0,0.4994
66073,0,0,0,0,1,0.7434
66073,0,0,0,0,0,0.2942
66073,0,0,0,0,0,0.2068
66073,0,0,1,0,0,0.5342
66073,0,0,0,1,0,0.4081
66073,0,0,0,0,0,0.5046
66073,0,0,0,0,0,0.6399
66073,0,0,0,0,0,0.3231
66073,0,0,0,0,0,0.1138
66073,0,0,0,0,0,0.3142
66073,0,0,0,0,0,0.051
66073,0,0,0,0,0,0.5069
66073,0,0,0,0,0,0.2654
66073,0,0,0,0,0,0.4159
66073,0,0,0,0,0,0.3167
66073,0,0,0,0,0,0.4624
66073,0,0,0,0,0,0.1616
66072,1,3,1,1,1,0.999
66072,1,3,0,1,1,0.9359
66072,1,3,0,0,1,0.883
66072,1,1,0,0,1,0.7146
66072,1,3,0,1,1,0.9703
66072,1,2,0,0,0,0.5833
66072,1,3,0,0,0,0.5925
66072,1,2,0,0,0,0.4551
66072,1,1,0,0,0,0.3282
66072,1,3,0,0,0,0.5333
66072,1,3,0,0,1,0.6862
66072,0,0,0,0,0,0.0063
66072,0,0,0,0,0,0.4123
66072,0,0,0,0,0,0.6134
66072,0,0,0,0,0,0.3732
66072,0,0,0,0,0,0.452
66072,0,0,0,0,0,0.0895
66072,0,0,0,0,0,0.0764
66072,0,0,0,0,0,0.5585
66072,0,0,0,0,0,0.5653
66072,0,0,0,0,0,0.3915
66072,0,0,0,0,0,0.1423
66072,0,0,1,0,1,0.7365
66072,0,0,0,0,0,0.3589
66072,0,0,0,0,1,0.7268
66072,0,0,0,0,0,0.1629
66072,0,0,0,0,0,0.4227
66072,0,0,0,0,0,0.4279
66072,0,0,0,0,0,0.6019
66072,0,0,0,0,0,0.4717
66072,0,0,0,0,0,0.5959
66072,0,0,0,0,0,0.5569
66072,0,0,0,0,0,0.5877
66072,0,0,0,0,0,0.4295
66072,0,0,0,0,0,0.3609
66072,0,0,0,0,0,0.4669
66072,0,0,0,0,0,0.4453
66072,0,0,0,0,0,0.5207
66072,0,0,0,0,0,0.2805
66072,0,0,0,0,0,0.2287
66074,1,3,0,1,1,0.997
66074,1,3,0,0,1,0.9665
66074,1,2,0,0,0,0.5582
66074,1,3,1,0,1,0.9804
66074,1,3,0,0,0,0.3747
66074,1,3,1,0,0,0.4178
66074,1,1,0,0,0,0.3834
66074,1,2,0,0,0,0.3332
66074,1,2,0,0,0,0.5683
66074,1,1,0,0,0,0.3199
66074,0,0,0,0,0,0.0171
66074,0,0,0,0,0,0.5883
66074,0,0,0,0,0,0.3516
66074,0,0,0,0,0,0.6422
66074,0,0,0,0,0,0.023
66074,0,0,0,0,0,0.161
66074,0,0,0,0,0,0.4737
66074,0,0,0,0,0,0.4214
66074,0,0,0,0,1,0.6808
66074,0,0,0,0,0,0.4999
66074,0,0,0,0,0,0.3536
66074,0,0,0,0,0,0.2273
66074,0,0,0,0,0,0.3361
66074,0,0,0,0,0,0.2645
66074,0,0,0,0,0,0.0247
66074,0,0,0,0,0,0.4322
66074,0,0,0,0,0,0.2174
66074,0,0,0,0,1,0.6786
66074,0,0,0,0,0,0.2865
66074,0,0,0,0,0,0.2263
66074,0,0,0,0,0,0.5895
66074,0,0,0,0,0,0.1878
66074,0,0,0,0,0,0.2815
66074,0,0,0,0,0,0.4292
66074,0,0,0,0,0,0.5533
66074,0,0,0,0,0,0.2935
66074,0,0,0,0,0,0.4018
66074,0,0,0,0,0,0.2568
66074,0,0,0,0,0,0.6267
66075,1,3,1,0,1,0.9983
66075,1,3,0,0,1,0.9124
66075,1,3,0,0,1,0.7472
66075,1,2,0,0,1,0.6883
66075,1,3,0,1,1,0.9848
66075,1,2,0,0,0,0.5454
66075,1,1,0,0,0,0.6123
66075,1,2,0,0,0,0.5577
66075,1,3,0,0,1,0.815
66075,0,0,0,0,0,0.0119
66075,0,0,0,0,0,0.484
66075,0,0,0,1,0,0.5327
66075,0,0,0,0,0,0.2805
66075,0,0,0,0,0,0.4689
66075,0,0,0,0,0,0.1109
66075,0,0,0,0,0,0.2429
66075,0,0,0,0,0,0.4654
66075,0,0,0,0,0,0.1794
66075,0,0,0,0,0,0.6315
66075,0,0,0,0,0,0.0699
66075,0,0,0,0,0,0.1799
66075,0,0,1,0,0,0.4244
66075,0,0,0,0,0,0.3913
66075,0,0,0,1,1,0.9039
66075,0,0,0,0,0,0.0235
66075,0,0,0,0,0,0.4116
66075,0,0,0,0,0,0.5291
66075,0,0,0,0,0,0.562
66075,0,0,0,0,0,0.4763
66075,0,0,0,0,0,0.3753
66075,0,0,0,0,1,0.7958
66075,0,0,0,0,0,0.4129
66075,0,0,0,0,0,0.5564
66075,0,0,0,0,0,0.5569
66075,0,0,0,0,1,0.8932
66075,0,0,0,0,0,0.4771
66075,0,0,0,0,0,0.207
66075,0,0,0,1,0,0.2272
66070,1,3,0,1,1,0.9896
66070,1,3,0,1,1,0.853
66070,1,2,0,0,0,0.6334
66070,1,1,0,0,1,0.7126
66070,1,3,0,1,1,0.9455
66070,1,3,0,0,0,0.366
66070,1,3,0,0,0,0.2226
66070,1,2,0,1,0,0.3777
66070,1,3,0,1,0,0.436
66070,1,1,0,0,0,0.4032
66070,0,0,0,0,0,0.0091
66070,0,0,0,0,0,0.6343
66070,0,0,0,0,1,0.7513
66070,0,0,0,0,0,0.4881
66070,0,0,0,0,0,0.27
66070,0,0,0,0,0,0.0626
66070,0,0,0,0,0,0.1018
66070,0,0,0,0,0,0.2517
66070,0,0,0,0,0,0.2858
66070,0,0,0,0,0,0.5737
66070,0,0,0,0,1,0.6793
66070,0,0,0,0,0,0.4926
66070,0,0,0,0,0,0.4208
66070,0,0,0,0,0,0.1984
66070,0,0,0,0,0,0.1028
66070,0,0,0,0,0,0.4406
66070,0,0,0,0,0,0.1757
66070,0,0,1,0,0,0.1312
66070,0,0,1,0,1,0.7513
66070,0,0,0,0,1,0.7226
66070,0,0,0,0,0,0.3789
66070,0,0,0,0,0,0.6196
66070,0,0,0,0,0,0.5259
66070,0,0,0,0,0,0.4382
66070,0,0,0,0,0,0.1731
66070,0,0,0,0,0,0.2137
66070,0,0,0,0,0,0.258
66070,0,0,0,0,0,0.3774
66070,0,0,0,0,0,0.2573
66070,0,0,0,0,0,0.423
66070,0,0,0,0,0,0.3147
66076,1,3,0,1,1,0.9964
66076,1,3,0,0,1,0.8153
66076,1,3,0,0,0,0.366
66076,1,2,0,0,0,0.4644
66076,1,3,0,0,1,0.9109
66076,1,3,0,0,0,0.437
66076,1,2,0,0,0,0.2066
66076,1,2,0,0,0,0.2185
66076,1,1,0,0,0,0.1816
66076,1,2,0,0,0,0.2841
66076,1,3,0,0,0,0.4995
66076,0,0,0,0,0,0.0031
66076,0,0,0,0,0,0.5873
66076,0,0,0,0,0,0.4935
66076,0,0,0,0,0,0.4026
66076,0,0,0,0,0,0.3128
66076,0,0,0,0,0,0.128
66076,0,0,0,0,0,0.3839
66076,0,0,0,0,0,0.3641
66076,0,0,0,0,0,0.2995
66076,0,0,0,0,0,0.4424
66076,0,0,0,0,0,0.5898
66076,0,0,0,0,0,0.4501
66076,0,0,0,0,0,0.0544
66076,0,0,0,0,0,0.0616
66076,0,0,0,0,0,0.1391
66076,0,0,1,0,0,0.0984
66076,0,0,1,0,0,0.3889
66076,0,0,0,0,1,0.838
66076,0,0,0,0,0,0.5241
66076,0,0,0,0,0,0.3304
66076,0,0,0,0,0,0.1679
66076,0,0,0,0,0,0.1622
66076,0,0,0,0,0,0.5272
66076,0,0,0,0,0,0.3496
66076,0,0,0,0,0,0.4449
66076,0,0,0,0,0,0.4531
66076,0,0,0,0,0,0.2869
66077,1,3,1,1,1,0.9993
66077,1,3,1,0,1,0.8484
66077,1,3,0,0,1,0.6941
66077,1,3,0,0,0,0.2311
66077,1,3,0,0,1,0.7486
66077,1,2,0,0,0,0.2504
66077,1,1,0,0,0,0.419
66077,1,1,0,0,0,0.5672
66077,1,3,0,0,1,0.7239
66077,1,2,0,0,0,0.2362
66077,0,0,0,0,0,0.0123
66077,0,0,0,0,0,0.5208
66077,0,0,0,0,0,0.5635
66077,0,0,0,0,0,0.4563
66077,0,0,0,0,0,0.5571
66077,0,0,0,0,0,0.24
66077,0,0,0,0,0,0.4143
66077,0,0,0,0,0,0.6566
66077,0,0,0,0,1,0.6681
66077,0,0,0,0,0,0.3335
66077,0,0,0,0,0,0.3225
66077,0,0,1,0,0,0.4854
66077,0,0,0,0,0,0.27
66077,0,0,0,0,0,0.1929
66077,0,0,0,0,0,0.4579
66077,0,0,0,0,0,0.2394
66077,0,0,0,0,0,0.3675
66077,0,0,0,0,0,0.4801
66077,0,0,0,0,0,0.4453
66077,0,0,0,0,0,0.5267
66077,0,0,0,0,0,0.1004
66077,0,0,0,0,0,0.3772
66077,0,0,0,0,0,0.3204
66077,0,0,0,0,0,0.5223
66077,0,0,0,0,1,0.6689
66077,0,0,0,0,0,0.4557
66077,0,0,0,0,0,0.49
66077,0,0,0,0,1,0.6714
66077,0,0,0,0,0,0.5469
66077,0,0,0,0,0,0.4106
66077,0,0,0,0,0,0.5247
66077,0,0,0,0,0,0.3388
66078,1,3,1,0,1,0.9993
66078,1,3,1,1,1,0.9933
66078,1,3,0,0,0,0.5186
66078,1,2,0,0,0,0.5138
66078,1,2,0,0,1,0.8366
66078,1,3,0,0,1,0.691
66078,1,2,0,0,0,0.2588
66078,1,1,0,0,0,0.6114
66078,1,1,0,0,0,0.4353
66078,1,1,0,0,1,0.8126
66078,1,3,0,0,0,0.4955
66078,1,1,0,1,0,0.2884
66078,0,0,0,0,0,0.0049
66078,0,0,0,0,0,0.5439
66078,0,0,0,0,0,0.616
66078,0,0,0,0,0,0.6195
66078,0,0,0,0,0,0.2254
66078,0,0,0,0,0,0.0378
66078,0,0,0,0,0,0.1343
66078,0,0,0,0,0,0.4216
66078,0,0,0,0,0,0.5326
66078,0,0,0,1,1,0.6749
66078,0,0,0,0,0,0.0709
66078,0,0,0,1,0,0.568
66078,0,0,0,0,0,0.1918
66078,0,0,0,0,0,0.3007
66078,0,0,0,0,0,0.1741
66078,0,0,0,1,0,0.1789
66078,0,0,0,0,0,0.4194
66078,0,0,0,0,0,0.0829
66078,0,0,0,0,0,0.1406
66078,0,0,0,0,0,0.264
66078,0,0,0,0,0,0.5187
66078,0,0,0,0,0,0.4664
66078,0,0,0,0,0,0.4469
66078,0,0,0,0,0,0.4312
66078,0,0,0,0,0,0.6462
66078,0,0,0,0,0,0.4182
66078,0,0,0,0,0,0.3749
66078,0,0,0,0,0,0.3324
66078,0,0,0,0,0,0.3928
66078,0,0,0,0,0,0.3388
66078,0,0,0,0,0,0.564
66078,0,0,0,0,0,0.2487
66079,1,3,0,1,1,0.9641
66079,1,3,0,0,1,0.8846
66079,1,3,0,0,0,0.296
66079,1,2,0,0,0,0.2384
66079,1,3,0,0,0,0.4183
66079,1,2,0,0,0,0.5869
66079,1,2,0,0,0,0.3243
66079,1,3,0,0,1,0.6737
66079,1,1,1,0,0,0.2629
66079,1,2,0,0,0,0.2556
66079,1,2,0,1,0,0.3062
66079,1,2,0,0,0,0.1698
66079,1,2,0,0,0,0.3283
66079,1,1,0,0,0,0.1386
66079,0,0,0,0,0,0.0042
66079,0,0,0,0,0,0.6458
66079,0,0,0,0,0,0.5656
66079,0,0,0,0,1,0.7935
66079,0,0,0,0,0,0.2011
66079,0,0,0,0,0,0.0719
66079,0,0,0,0,0,0.055
66079,0,0,0,0,0,0.313
66079,0,0,0,0,0,0.395
66079,0,0,0,0,0,0.3458
66079,0,0,0,0,0,0.423
66079,0,0,0,0,0,0.361
66079,0,0,0,0,0,0.5246
66079,0,0,0,0,0,0.0264
66079,0,0,0,0,0,0.3277
66079,0,0,0,0,0,0.2429
66079,0,0,0,0,0,0.3634
66079,0,0,0,0,0,0.0292
66079,0,0,0,0,0,0.3199
66079,0,0,0,0,0,0.037
66079,0,0,1,0,0,0.441
66079,0,0,0,0,1,0.7783
66079,0,0,0,1,0,0.1682
66079,0,0,0,0,0,0.2054
66079,0,0,0,0,0,0.302
66079,0,0,0,0,0,0.0485
66079,0,0,0,0,0,0.1997
66079,0,0,0,0,0,0.238
66079,0,0,0,0,0,0.3544
66079,0,0,0,1,0,0.3926
66079,0,0,0,0,0,0.2786
66079,0,0,0,0,0,0.0768
67800,1,3,0,0,1,0.9756
67800,1,3,0,0,1,0.9812
67800,1,3,0,1,1,0.9885
67800,1,3,0,0,0,0.437
67800,1,3,0,0,0,0.4759
67800,1,2,0,0,0,0.5304
67800,1,2,0,0,0,0.4694
67800,1,3,1,0,0,0.6286
67800,1,3,0,0,0,0.295
67800,0,0,0,0,0,0.012
67800,0,0,0,0,0,0.0115
67800,0,0,0,0,0,0.0158
67800,0,0,0,0,0,0.0231
67800,0,0,0,0,0,0.0091
67800,0,0,1,0,0,0.0889
67800,0,0,1,0,0,0.0464
67800,0,0,1,0,0,0.1041
67800,0,0,0,0,0,0.4673
67800,0,0,0,0,0,0.4554
67800,0,0,0,0,0,0.0755
67800,0,0,0,0,0,0.4568
67800,0,0,0,0,0,0.5262
67800,0,0,0,0,0,0.0715
67800,0,0,0,0,0,0.0048
67800,0,0,0,0,0,0.1431
67800,0,0,0,0,0,0.1857
67800,0,0,0,0,0,0.4245
67800,0,0,0,0,0,0.3515
67800,0,0,0,0,0,0.4801
67800,0,0,0,0,0,0.3336
67800,0,0,0,0,0,0.5771
67800,0,0,0,0,0,0.4999
67800,0,0,0,0,0,0.3396
67800,0,0,0,0,0,0.459
67800,0,0,0,0,0,0.3477
67800,0,0,0,0,0,0.21
67800,0,0,0,0,0,0.3711
67800,0,0,0,0,0,0.2659
67802,1,3,0,0,1,0.947
67802,1,3,0,0,1,0.9612
67802,1,3,0,0,1,0.979
67802,1,3,0,0,1,0.8895
67802,1,2,0,0,0,0.5678
67802,1,3,0,0,0,0.5736
67802,1,1,0,0,0,0.2854
67802,1,3,0,0,0,0.4068
67802,1,3,0,0,0,0.3861
67802,0,0,0,0,0,0.0161
67802,0,0,0,0,0,0.1953
67802,0,0,0,0,0,0.0157
67802,0,0,0,0,0,0.0135
67802,0,0,0,1,0,0.0066
67802,0,0,1,0,0,0.0853
67802,0,0,1,0,0,0.0467
67802,0,0,1,0,0,0.0431
67802,0,0,0,0,1,0.8467
67802,0,0,0,0,0,0.3266
67802,0,0,0,0,0,0.2763
67802,0,0,0,0,0,0.4319
67802,0,0,0,0,0,0.5786
67802,0,0,0,0,0,0.4068
67802,0,0,0,0,0,0.2407
67802,0,0,0,0,0,0.109
67802,0,0,0,0,0,0.4537
67802,0,0,0,0,1,0.8107
67802,0,0,0,0,0,0.3392
67802,0,0,0,0,1,0.6714
67802,0,0,0,0,0,0.3303
67802,0,0,0,0,0,0.4222
67802,0,0,0,0,0,0.1588
67802,0,0,0,0,0,0.0863
67802,0,0,0,0,0,0.3445
67802,0,0,0,0,0,0.2343
67802,0,0,0,0,0,0.2705
67802,0,0,0,0,0,0.3834
67802,0,0,0,0,0,0.0158
67803,1,3,0,0,1,0.9696
67803,1,3,0,1,1,0.9852
67803,1,3,0,0,1,0.8073
67803,1,3,0,0,1,0.8304
67803,1,3,0,1,1,0.938
67803,1,3,0,0,0,0.6379
67803,1,2,0,0,0,0.2668
67803,1,3,0,0,1,0.7368
67803,1,1,0,0,0,0.2941
67803,0,0,0,0,0,0.0244
67803,0,0,0,0,0,0.0078
67803,0,0,0,0,0,0.0111
67803,0,0,0,0,0,0.008
67803,0,0,0,1,0,0.0026
67803,0,0,1,0,0,0.0552
67803,0,0,1,0,0,0.0629
67803,0,0,1,0,0,0.0891
67803,0,0,1,1,0,0.267
67803,0,0,0,1,1,0.8849
67803,0,0,0,0,0,0.1683
67803,0,0,0,0,0,0.4351
67803,0,0,0,0,0,0.5113
67803,0,0,0,0,0,0.3106
67803,0,0,0,0,0,0.0046
67803,0,0,0,0,0,0.2299
67803,0,0,0,0,1,0.7313
67803,0,0,0,0,0,0.4501
67803,0,0,0,0,0,0.5851
67803,0,0,0,0,0,0.4265
67803,0,0,0,0,0,0.5444
67803,0,0,0,0,0,0.614
67803,0,0,0,0,0,0.0199
67803,0,0,0,0,0,0.4366
67803,0,0,0,0,0,0.249
67803,0,0,0,0,0,0.2287
67803,0,0,0,0,0,0.3363
67803,0,0,0,0,0,0.3048
67803,0,0,0,0,0,0.2555
67801,1,3,0,0,1,0.7794
67801,1,3,0,0,1,0.9719
67801,1,3,0,0,1,0.8376
67801,1,3,0,0,1,0.9885
67801,1,3,0,1,1,0.8356
67801,1,3,0,0,0,0.1964
67801,1,1,0,0,0,0.341
67801,1,3,0,0,0,0.6141
67801,1,2,0,0,0,0.1666
67801,0,0,0,0,0,0.0088
67801,0,0,0,0,0,0.1673
67801,0,0,0,0,0,0.0089
67801,0,0,0,0,0,0.0121
67801,0,0,0,0,0,0.0023
67801,0,0,1,0,0,0.0676
67801,0,0,1,0,0,0.0371
67801,0,0,1,0,0,0.1001
67801,0,0,1,0,0,0.3738
67801,0,0,0,0,0,0.5351
67801,0,0,0,0,0,0.333
67801,0,0,0,0,0,0.6396
67801,0,0,0,0,0,0.2688
67801,0,0,0,0,0,0.5338
67801,0,0,0,0,0,0.3579
67801,0,0,0,0,0,0.119
67801,0,0,0,0,0,0.5305
67801,0,0,0,0,1,0.7142
67801,0,0,0,0,1,0.7849
67801,0,0,0,0,0,0.4068
67801,0,0,0,0,0,0.3372
67801,0,0,0,0,0,0.3637
67801,0,0,0,0,0,0.1875
67801,0,0,0,0,0,0.3945
67801,0,0,0,0,0,0.4059
67801,0,0,0,0,0,0.1434
67801,0,0,0,0,0,0.2886
67801,0,0,0,0,0,0.2325
67801,0,0,0,0,0,0.23
67805,1,3,0,1,1,0.9955
67805,1,3,0,0,1,0.7781
67805,1,3,0,1,1,0.9948
67805,1,2,0,0,0,0.2472
67805,1,3,0,0,1,0.8979
67805,1,2,0,0,0,0.5806
67805,1,2,0,0,0,0.2666
67805,1,3,0,0,0,0.3731
67805,1,2,0,0,0,0.4422
67805,1,3,0,0,0,0.1996
67805,0,0,0,0,0,0.0071
67805,0,0,0,1,0,0.058
67805,0,0,0,0,0,0.0161
67805,0,0,0,0,0,0.0105
67805,0,0,0,0,0,0.0078
67805,0,0,1,0,0,0.092
67805,0,0,1,0,0,0.05
67805,0,0,1,0,0,0.1038
67805,0,0,1,1,1,0.7043
67805,0,0,1,0,0,0.632
67805,0,0,0,0,0,0.1333
67805,0,0,0,0,0,0.4257
67805,0,0,0,0,0,0.4754
67805,0,0,0,0,0,0.192
67805,0,0,0,0,0,0.3402
67805,0,0,0,0,0,0.0219
67805,0,0,0,0,0,0.2608
67805,0,0,0,0,0,0.4875
67805,0,0,0,0,0,0.4772
67805,0,0,0,0,0,0.6399
67805,0,0,0,0,0,0.6246
67805,0,0,0,0,0,0.2777
67805,0,0,0,0,0,0.4899
67805,0,0,0,0,0,0.5067
67805,0,0,0,0,0,0.1665
67805,0,0,0,0,0,0.3911
67805,0,0,0,0,0,0.2408
67805,0,0,0,0,0,0.2259
67805,0,0,0,0,0,0.2076
67805,0,0,0,0,0,0.3998
67805,0,0,0,0,0,0.132
67804,1,3,0,1,1,0.9879
67804,1,3,0,0,1,0.9384
67804,1,3,0,0,0,0.6082
67804,1,3,0,0,1,0.7783
67804,1,3,0,0,1,0.8576
67804,1,3,0,0,0,0.5493
67804,1,1,0,0,0,0.2571
67804,1,1,0,0,0,0.4773
67804,1,3,0,0,1,0.673
67804,1,2,0,0,0,0.4676
67804,0,0,0,0,0,0.0326
67804,0,0,0,0,0,0.1069
67804,0,0,0,0,0,0.0063
67804,0,0,0,0,0,0.0038
67804,0,0,0,0,0,0.0055
67804,0,0,1,0,0,0.22
67804,0,0,1,0,0,0.0875
67804,0,0,1,0,0,0.0924
67804,0,0,1,0,0,0.1235
67804,0,0,0,0,0,0.4744
67804,0,0,0,0,0,0.3334
67804,0,0,0,0,0,0.4256
67804,0,0,0,0,0,0.5708
67804,0,0,0,0,0,0.1853
67804,0,0,0,0,0,0.1237
67804,0,0,0,0,0,0.0636
67804,0,0,0,0,0,0.0243
67804,0,0,0,0,0,0.5398
67804,0,0,0,0,0,0.5228
67804,0,0,0,0,0,0.4945
67804,0,0,0,0,0,0.3682
67804,0,0,0,0,0,0.5402
67804,0,0,0,0,0,0.2708
67804,0,0,0,0,0,0.1798
67804,0,0,0,0,0,0.2757
67804,0,0,0,0,0,0.1307
67804,0,0,0,0,0,0.3839
67804,0,0,0,0,0,0.3617
67804,0,0,0,0,0,0.4063
67804,0,0,0,0,0,0.3668
67807,1,3,0,1,1,0.9929
67807,1,3,0,0,1,0.9376
67807,1,3,0,0,1,0.9509
67807,1,3,0,0,1,0.8378
67807,1,3,0,0,0,0.4505
67807,1,3,0,0,0,0.4165
67807,1,1,0,0,0,0.4067
67807,1,1,0,0,0,0.4466
67807,1,3,0,0,0,0.4686
67807,1,2,0,0,0,0.1706
67807,0,0,0,0,0,0.0054
67807,0,0,0,0,0,0.1527
67807,0,0,0,0,0,0.0124
67807,0,0,0,0,0,0.0037
67807,0,0,0,0,0,0.0027
67807,0,0,1,0,0,0.2167
67807,0,0,1,0,0,0.0843
67807,0,0,0,0,0,0.0225
67807,0,0,1,0,0,0.2879
67807,0,0,0,0,0,0.3991
67807,0,0,0,0,0,0.4501
67807,0,0,0,0,0,0.5135
67807,0,0,0,0,0,0.1329
67807,0,0,0,0,0,0.1917
67807,0,0,0,0,1,0.8596
67807,0,0,0,0,0,0.189
67807,0,0,0,0,0,0.2924
67807,0,0,0,0,0,0.6288
67807,0,0,0,0,0,0.596
67807,0,0,0,0,0,0.4132
67807,0,0,0,0,0,0.2361
67807,0,0,0,0,0,0.1785
67807,0,0,0,0,0,0.1548
67807,0,0,0,0,0,0.1673
67807,0,0,0,0,0,0.1549
67807,0,0,0,1,0,0.5777
67807,0,0,0,0,0,0.2118
67807,0,0,0,0,0,0.2489
67807,0,0,0,0,0,0.4517
67807,0,0,0,0,0,0.1672
67809,1,3,0,0,1,0.6802
67809,1,3,0,0,0,0.5539
67809,1,3,0,1,1,0.9933
67809,1,3,0,0,1,0.7773
67809,1,3,0,0,0,0.391
67809,1,3,0,1,1,0.9799
67809,1,2,0,0,0,0.5264
67809,1,1,0,0,1,0.6916
67809,1,3,0,0,0,0.5798
67809,1,1,0,0,0,0.3404
67809,1,3,0,1,1,0.6692
67809,1,2,0,0,0,0.214
67809,0,0,0,0,0,0.0084
67809,0,0,0,0,0,0.0223
67809,0,0,0,0,0,0.007
67809,0,0,0,0,0,0.0094
67809,0,0,0,1,0,0.0072
67809,0,0,1,0,0,0.0853
67809,0,0,1,0,0,0.0467
67809,0,0,1,0,0,0.0251
67809,0,0,1,0,0,0.3654
67809,0,0,0,0,0,0.5766
67809,0,0,0,0,0,0.1499
67809,0,0,0,0,0,0.257
67809,0,0,0,0,0,0.603
67809,0,0,0,0,1,0.6635
67809,0,0,0,0,1,0.6602
67809,0,0,0,0,0,0.2638
67809,0,0,0,0,0,0.61
67809,0,0,0,0,0,0.2442
67809,0,0,0,0,0,0.5051
67809,0,0,0,0,0,0.6312
67809,0,0,0,1,1,0.6964
67809,0,0,0,0,0,0.4014
67809,0,0,0,0,0,0.4258
67809,0,0,0,0,0,0.2716
67809,0,0,0,0,0,0.3081
67809,0,0,0,0,0,0.4838
67809,0,0,0,0,0,0.3361
67809,0,0,0,0,0,0.333
67809,0,0,0,0,0,0.2605
67809,0,0,0,0,0,0.0841
67806,1,3,0,0,1,0.9038
67806,1,3,0,0,1,0.8354
67806,1,3,0,0,0,0.5799
67806,1,3,0,0,1,0.8956
67806,1,3,0,0,1,0.8034
67806,1,3,0,0,0,0.6353
67806,1,2,0,0,0,0.4049
67806,1,1,0,0,0,0.3656
67806,1,3,0,0,0,0.4361
67806,1,3,0,0,0,0.4248
67806,1,3,0,0,0,0.2322
67806,0,0,0,0,0,0.0112
67806,0,0,0,0,0,0.1482
67806,0,0,0,0,0,0.0139
67806,0,0,0,0,0,0.0087
67806,0,0,0,0,0,0.0025
67806,0,0,1,0,0,0.2044
67806,0,0,1,0,0,0.0869
67806,0,0,1,0,0,0.0589
67806,0,0,0,0,0,0.5807
67806,0,0,0,0,0,0.3457
67806,0,0,0,0,0,0.237
67806,0,0,0,0,0,0.5982
67806,0,0,0,0,0,0.5038
67806,0,0,0,0,0,0.1452
67806,0,0,0,0,0,0.0964
67806,0,0,0,0,1,0.6849
67806,0,0,0,0,0,0.1104
67806,0,0,0,0,0,0.2636
67806,0,0,0,0,0,0.2833
67806,0,0,0,0,0,0.6306
67806,0,0,0,0,0,0.4836
67806,0,0,0,0,0,0.4394
67806,0,0,0,0,0,0.2727
67806,0,0,0,0,0,0.4788
67806,0,0,0,0,0,0.1485
67806,0,0,0,0,0,0.3308
67806,0,0,0,0,0,0.4016
67806,0,0,0,0,0,0.1983
67806,0,0,0,0,0,0.405
67806,0,0,0,0,0,0.228
67808,1,3,0,0,1,0.9884
67808,1,3,0,0,1,0.9591
67808,1,3,0,0,1,0.809
67808,1,3,0,1,1,0.7727
67808,1,3,0,0,0,0.4673
67808,1,3,0,0,0,0.6505
67808,1,3,0,0,0,0.632
67808,1,3,0,0,0,0.5704
67808,1,1,0,0,0,0.2467
67808,1,3,0,0,0,0.3906
67808,1,3,0,0,0,0.3551
67808,0,0,0,0,0,0.0411
67808,0,0,0,0,0,0.0121
67808,0,0,0,0,0,0.0031
67808,0,0,0,1,0,0.0049
67808,0,0,0,0,0,0.0028
67808,0,0,1,0,0,0.1928
67808,0,0,1,0,0,0.1343
67808,0,0,1,0,0,0.0443
67808,0,0,1,1,0,0.3456
67808,0,0,0,0,0,0.3057
67808,0,0,0,0,0,0.1855
67808,0,0,0,0,0,0.2294
67808,0,0,0,0,0,0.5149
67808,0,0,0,0,0,0.3879
67808,0,0,0,0,1,0.6736
67808,0,0,0,0,0,0.3294
67808,0,0,0,0,0,0.4197
67808,0,0,0,0,0,0.2529
67808,0,0,0,0,0,0.0447
67808,0,0,0,0,0,0.5426
67808,0,0,0,0,0,0.3939
67808,0,0,0,0,0,0.3973
67808,0,0,0,0,0,0.4473
67808,0,0,0,0,0,0.5846
67808,0,0,0,0,0,0.3377
67808,0,0,0,0,0,0.4547
67808,0,0,0,0,0,0.3639
67808,0,0,0,0,0,0.1264
67808,0,0,0,0,0,0.3477
67808,0,0,0,0,0,0.2594
67808,0,0,0,0,0,0.3227
67808,0,0,0,0,0,0.2235
68802,1,3,1,1,1,0.9266
68802,1,3,0,0,1,0.8741
68802,1,3,0,0,1,0.835
68802,1,3,0,0,1,0.8719
68802,1,3,0,0,0,0.4608
68802,1,1,0,0,0,0.4767
68802,1,3,0,0,0,0.4674
68802,1,3,0,0,0,0.6355
68802,1,2,0,0,0,0.6354
68802,0,0,1,0,0,0.0136
68802,0,0,1,0,0,0.0611
68802,0,0,1,0,0,0.087
68802,0,0,1,0,1,0.6743
68802,0,0,0,0,0,0.5369
68802,0,0,0,0,0,0.0751
68802,0,0,0,0,0,0.4843
68802,0,0,0,0,1,0.7038
68802,0,0,0,0,0,0.4533
68802,0,0,0,0,0,0.5998
68802,0,0,0,0,0,0.2708
68802,0,0,0,0,0,0.2553
68802,0,0,0,0,0,0.1888
68802,0,0,0,0,0,0.3154
68802,0,0,0,0,0,0.5441
68802,0,0,0,0,0,0.4076
68802,0,0,0,0,0,0.5121
68802,0,0,0,0,0,0.5938
68802,0,0,0,0,0,0.1337
68686,1,3,1,1,1,0.8806
68686,1,3,0,0,1,0.9062
68686,1,3,0,0,1,0.7339
68686,1,3,0,0,0,0.4825
68686,1,3,0,0,1,0.9626
68686,1,3,0,0,1,0.8082
68686,1,3,0,0,0,0.3867
68686,1,2,0,0,1,0.7824
68686,1,2,0,0,0,0.4165
68686,1,3,0,0,0,0.5639
68686,0,0,1,0,0,0.016
68686,0,0,1,0,0,0.6034
68686,0,0,0,0,0,0.2817
68686,0,0,1,0,0,0.0812
68686,0,0,1,0,0,0.0699
68686,0,0,0,0,0,0.6114
68686,0,0,0,0,0,0.4271
68686,0,0,0,0,0,0.1846
68686,0,0,0,0,1,0.9518
68686,0,0,0,0,0,0.2666
68686,0,0,0,0,0,0.472
68686,0,0,0,0,0,0.3171
68686,0,0,0,0,0,0.5213
68686,0,0,0,0,1,0.7124
68686,0,0,0,0,0,0.4403
68686,0,0,0,0,0,0.4003
68686,0,0,0,0,0,0.4464
68686,0,0,0,0,0,0.4385
68686,0,0,0,0,0,0.0992
68686,0,0,0,0,0,0.551
68686,0,0,0,0,0,0.4195
68686,0,0,0,0,1,0.6953
68686,0,0,0,0,0,0.4412
68686,0,0,0,0,0,0.5179
68686,0,0,0,0,0,0.2757
68803,1,3,1,1,1,0.985
68803,1,3,0,0,1,0.8746
68803,1,3,0,0,1,0.8795
68803,1,3,0,0,1,0.6831
68803,1,3,0,0,1,0.7931
68803,1,3,0,0,1,0.7119
68803,1,3,0,0,0,0.4917
68803,1,1,0,0,0,0.4241
68803,1,3,0,0,0,0.5342
68803,1,3,0,0,0,0.4761
68803,1,3,0,0,0,0.5243
68803,0,0,1,0,0,0.0137
68803,0,0,1,0,0,0.0623
68803,0,0,1,0,0,0.0485
68803,0,0,1,0,0,0.1216
68803,0,0,0,0,0,0.4573
68803,0,0,0,0,0,0.0718
68803,0,0,0,0,0,0.4996
68803,0,0,0,0,0,0.5058
68803,0,0,0,0,0,0.6195
68803,0,0,0,0,0,0.1094
68803,0,0,0,0,1,0.8075
68803,0,0,0,0,0,0.5829
68803,0,0,0,0,0,0.3581
68803,0,0,0,0,0,0.4312
68803,0,0,0,0,0,0.2366
68803,0,0,0,0,0,0.3941
68803,0,0,0,0,0,0.2596
68803,0,0,0,0,0,0.2787
68803,0,0,0,0,0,0.5004
68803,0,0,0,0,0,0.3726
68804,1,3,1,1,1,0.8626
68804,1,3,1,0,1,0.9368
68804,1,3,0,0,1,0.7882
68804,1,3,0,0,1,0.948
68804,1,3,0,0,0,0.3373
68804,1,3,0,0,0,0.2804
68804,1,1,0,0,1,0.8091
68804,1,2,0,0,0,0.393
68804,1,3,0,0,0,0.3529
68804,1,3,0,0,0,0.3466
68804,0,0,1,0,0,0.0038
68804,0,0,1,0,0,0.041
68804,0,0,1,0,0,0.3894
68804,0,0,0,0,0,0.2332
68804,0,0,0,0,0,0.1228
68804,0,0,0,0,0,0.5725
68804,0,0,0,0,0,0.0855
68804,0,0,0,0,0,0.1955
68804,0,0,0,0,0,0.491
68804,0,0,0,0,0,0.4758
68804,0,0,0,0,0,0.436
68804,0,0,0,0,0,0.6333
68804,0,0,0,0,0,0.4756
68804,0,0,0,0,0,0.1731
68804,0,0,0,0,0,0.0764
68804,0,0,0,0,0,0.2315
68804,0,0,0,0,0,0.1865
68804,0,0,0,0,0,0.1952
68804,0,0,0,0,0,0.4052
68804,0,0,0,0,0,0.4751
68804,0,0,0,0,0,0.2701
68805,1,3,1,1,1,0.9685
68805,1,3,0,0,1,0.7257
68805,1,3,0,0,1,0.9513
68805,1,3,0,0,1,0.7582
68805,1,3,0,0,1,0.6774
68805,1,2,0,0,0,0.4271
68805,1,1,0,0,0,0.4633
68805,1,3,0,0,0,0.4287
68805,1,3,0,0,0,0.4896
68805,0,0,1,0,0,0.0052
68805,0,0,1,0,0,0.0397
68805,0,0,0,0,0,0.3298
68805,0,0,0,0,0,0.1328
68805,0,0,0,0,0,0.5916
68805,0,0,0,0,0,0.0538
68805,0,0,0,0,0,0.3267
68805,0,0,0,0,0,0.2756
68805,0,0,0,0,0,0.3571
68805,0,0,0,0,0,0.2759
68805,0,0,0,0,1,0.6874
68805,0,0,0,0,0,0.1995
68805,0,0,0,0,0,0.4175
68805,0,0,0,0,0,0.2024
68805,0,0,0,0,0,0.2864
68805,0,0,0,0,0,0.2881
68805,0,0,0,0,0,0.4433
68805,0,0,0,0,0,0.0663
68805,0,0,0,0,0,0.6439
68805,0,0,0,0,0,0.1687
68807,1,3,1,1,1,0.9769
68807,1,3,1,0,1,0.9338
68807,1,3,0,0,1,0.971
68807,1,3,0,0,0,0.6006
68807,1,3,0,0,1,0.9053
68807,1,1,0,0,1,0.6685
68807,1,3,0,0,0,0.4602
68807,1,3,0,0,0,0.4818
68807,1,3,0,0,0,0.6477
68807,0,0,1,0,0,0.003
68807,0,0,1,0,0,0.0713
68807,0,0,0,0,0,0.0692
68807,0,0,1,0,0,0.0833
68807,0,0,0,0,0,0.0422
68807,0,0,0,0,0,0.0089
68807,0,0,0,0,0,0.0173
68807,0,0,0,0,0,0.3162
68807,0,0,0,0,1,0.7044
68807,0,0,0,0,0,0.6331
68807,0,0,0,0,0,0.2847
68807,0,0,0,0,0,0.573
68807,0,0,0,0,0,0.4155
68807,0,0,0,0,0,0.4713
68807,0,0,0,0,0,0.0485
68807,0,0,0,0,0,0.4094
68807,0,0,0,0,0,0.2324
68807,0,0,0,0,0,0.2688
68807,0,0,0,0,0,0.246
68807,0,0,0,0,0,0.4258
68807,0,0,0,0,0,0.0206
68806,1,3,1,1,1,0.937
68806,1,3,0,0,1,0.9136
68806,1,3,0,0,1,0.9241
68806,1,1,0,0,0,0.5598
68806,1,2,0,0,0,0.212
68806,1,3,0,0,0,0.5571
68806,1,3,0,0,0,0.5772
68806,0,0,1,0,0,0.0027
68806,0,0,1,0,0,0.08
68806,0,0,1,0,0,0.08
68806,0,0,1,0,0,0.124
68806,0,0,1,0,0,0.1471
68806,0,0,0,0,0,0.194
68806,0,0,0,0,0,0.418
68806,0,0,0,0,0,0.4672
68806,0,0,0,0,0,0.6029
68806,0,0,0,0,0,0.234
68806,0,0,0,0,0,0.5292
68806,0,0,0,0,0,0.6513
68806,0,0,0,0,0,0.4202
68806,0,0,0,0,0,0.0819
68806,0,0,0,0,0,0.4511
68806,0,0,0,0,0,0.4197
68806,0,0,0,0,0,0.307
68806,0,0,0,0,0,0.4031
68806,0,0,0,0,0,0.1341
68808,1,3,1,1,1,0.9588
68808,1,3,1,1,1,0.9515
68808,1,3,0,0,0,0.4659
68808,1,3,0,0,1,0.9883
68808,1,3,0,0,0,0.6521
68808,1,3,0,0,0,0.414
68808,1,2,0,0,0,0.5255
68808,1,3,0,0,0,0.5763
68808,1,3,0,0,0,0.4305
68808,0,0,1,0,0,0.0173
68808,0,0,1,0,0,0.0623
68808,0,0,1,0,0,0.0573
68808,0,0,1,0,0,0.2484
68808,0,0,0,0,0,0.0261
68808,0,0,0,0,0,0.0276
68808,0,0,0,0,0,0.1609
68808,0,0,0,0,0,0.563
68808,0,0,0,0,0,0.6005
68808,0,0,0,0,0,0.2075
68808,0,0,0,0,0,0.5393
68808,0,0,0,0,0,0.407
68808,0,0,0,0,0,0.5234
68808,0,0,0,0,0,0.1577
68808,0,0,0,0,0,0.4585
68808,0,0,0,0,0,0.3747
68808,0,0,0,0,0,0.303
68808,0,0,0,0,0,0.3498
68808,0,0,0,0,0,0.5477
68808,0,0,0,0,0,0.164
68809,1,3,1,1,1,0.927
68809,1,3,1,0,1,0.9593
68809,1,3,0,0,1,0.6748
68809,1,3,0,0,1,0.6856
68809,1,3,0,1,1,0.9571
68809,1,3,0,0,0,0.6205
68809,1,3,0,0,0,0.4773
68809,1,3,0,0,0,0.5773
68809,1,3,0,0,0,0.6237
68809,1,1,0,0,0,0.5406
68809,0,0,1,0,0,0.0103
68809,0,0,1,0,0,0.0536
68809,0,0,1,0,0,0.1651
68809,0,0,1,0,0,0.468
68809,0,0,0,0,0,0.3348
68809,0,0,0,0,0,0.2104
68809,0,0,0,0,0,0.168
68809,0,0,0,0,0,0.0963
68809,0,0,0,0,1,0.7247
68809,0,0,0,0,0,0.2293
68809,0,0,0,0,0,0.3955
68809,0,0,0,0,1,0.8739
68809,0,0,0,0,0,0.0607
68809,0,0,0,0,0,0.4494
68809,0,0,0,0,0,0.643
68809,0,0,0,0,0,0.2815
68809,0,0,0,0,0,0.1327
68809,0,0,0,0,0,0.5024
68809,0,0,0,0,0,0.2341
68809,0,0,0,0,0,0.5474
68809,0,0,0,0,0,0.0868
67711,1,3,0,0,1,0.9982
67711,1,3,0,0,1,0.993
67711,1,3,0,1,1,0.9838
67711,1,1,0,0,0,0.5889
67711,1,3,0,0,0,0.5341
67711,1,1,0,0,0,0.3144
67711,1,3,0,0,0,0.558
67711,1,3,0,0,0,0.5455
67711,1,1,0,0,0,0.3348
67711,0,0,0,0,0,0.0475
67711,0,0,0,1,0,0.4469
67711,0,0,0,0,0,0.2238
67711,0,0,0,0,0,0.4848
67711,0,0,0,0,0,0.4978
67711,0,0,0,0,0,0.1312
67711,0,0,0,0,0,0.1991
67711,0,0,0,0,0,0.3831
67711,0,0,0,0,0,0.4283
67711,0,0,0,0,0,0.5651
67711,0,0,0,0,0,0.2315
67711,0,0,0,0,0,0.5477
67711,0,0,0,0,0,0.4057
67711,0,0,0,0,0,0.2316
67711,0,0,0,0,0,0.3852
67711,0,0,0,0,0,0.3933
67711,0,0,0,0,0,0.2568
67711,0,0,0,0,0,0.3111
67711,0,0,0,0,0,0.3386
67711,0,0,0,0,0,0.5251
67711,0,0,0,0,1,0.794
67711,0,0,0,0,0,0.2917
67711,0,0,0,0,0,0.3276
67711,0,0,0,0,0,0.1776
67711,0,0,0,0,0,0.3236
67711,0,0,0,0,0,0.4809
67711,0,0,0,0,0,0.4229
67711,0,0,0,0,0,0.281
67711,0,0,0,0,0,0.2401
67711,0,0,0,0,0,0.0818
67712,1,3,0,1,1,0.9946
67712,1,3,0,0,1,0.993
67712,1,3,0,0,1,0.998
67712,1,3,0,0,0,0.4495
67712,1,2,0,0,1,0.7432
67712,1,1,0,0,0,0.3046
67712,1,2,0,0,0,0.4857
67712,1,2,0,0,0,0.1274
67712,0,0,0,1,0,0.0062
67712,0,0,0,1,0,0.4202
67712,0,0,0,0,0,0.1932
67712,0,0,0,0,0,0.441
67712,0,0,0,0,0,0.3184
67712,0,0,0,0,0,0.183
67712,0,0,0,0,0,0.2203
67712,0,0,0,0,1,0.9011
67712,0,0,0,0,0,0.5732
67712,0,0,0,0,1,0.7535
67712,0,0,0,0,0,0.3524
67712,0,0,0,0,0,0.5498
67712,0,0,0,0,0,0.5141
67712,0,0,0,0,0,0.2151
67712,0,0,0,0,1,0.8374
67712,0,0,0,0,0,0.1789
67712,0,0,0,0,0,0.3709
67712,0,0,0,0,0,0.542
67712,0,0,0,0,0,0.4921
67712,0,0,0,0,0,0.3257
67712,0,0,0,0,0,0.338
67712,0,0,0,0,0,0.4744
67712,0,0,0,0,0,0.4674
67712,0,0,0,0,0,0.5091
67712,0,0,0,0,0,0.1467
67712,0,0,0,1,1,0.6955
67712,0,0,0,0,0,0.3822
67712,0,0,0,0,0,0.3133
67712,0,0,0,0,0,0.3796
67712,0,0,0,0,0,0.2768
67712,0,0,0,0,0,0.1248
67713,1,3,0,1,1,0.9983
67713,1,3,0,0,0,0.4807
67713,1,3,0,1,1,0.9859
67713,1,3,0,0,1,0.9615
67713,1,3,0,0,1,0.6755
67713,1,1,0,0,0,0.4015
67713,1,3,0,0,0,0.2774
67713,1,1,0,0,0,0.2132
67713,0,0,0,1,0,0.0424
67713,0,0,0,1,1,0.6605
67713,0,0,0,0,0,0.6391
67713,0,0,0,0,0,0.4839
67713,0,0,0,0,1,0.6592
67713,0,0,0,0,0,0.1179
67713,0,0,0,0,0,0.3428
67713,0,0,0,0,0,0.2174
67713,0,0,0,0,0,0.4834
67713,0,0,0,0,0,0.3788
67713,0,0,0,0,0,0.1728
67713,0,0,0,0,0,0.5057
67713,0,0,0,0,0,0.4108
67713,0,0,0,0,0,0.4634
67713,0,0,0,0,0,0.2472
67713,0,0,0,0,0,0.2719
67713,0,0,0,0,0,0.4205
67713,0,0,0,0,0,0.2996
67713,0,0,0,0,0,0.4945
67713,0,0,0,0,0,0.6157
67713,0,0,0,0,0,0.2953
67713,0,0,0,0,0,0.4636
67713,0,0,0,0,0,0.4232
67713,0,0,0,0,0,0.4547
67713,0,0,0,0,0,0.125
67713,0,0,0,0,0,0.2429
67713,0,0,0,0,0,0.3793
67713,0,0,0,0,0,0.3363
67713,0,0,0,0,0,0.472
67713,0,0,0,0,0,0.3736
67713,0,0,0,0,0,0.1885
67714,1,3,0,1,1,0.993
67714,1,3,0,0,1,0.9843
67714,1,3,0,0,1,0.9484
67714,1,3,0,0,0,0.5555
67714,1,1,0,0,0,0.4284
67714,1,3,0,0,0,0.4457
67714,1,3,0,0,0,0.09
67714,0,0,1,0,0,0.0601
67714,0,0,1,0,0,0.135
67714,0,0,1,1,0,0.6325
67714,0,0,0,0,0,0.138
67714,0,0,0,0,0,0.5004
67714,0,0,0,0,0,0.0547
67714,0,0,0,0,0,0.0941
67714,0,0,0,0,0,0.1207
67714,0,0,0,0,0,0.2539
67714,0,0,0,0,0,0.288
67714,0,0,0,0,0,0.2674
67714,0,0,0,0,0,0.1919
67714,0,0,0,0,0,0.4862
67714,0,0,0,0,1,0.7168
67714,0,0,0,0,0,0.3308
67714,0,0,0,0,0,0.4759
67714,0,0,0,0,1,0.699
67714,0,0,0,0,0,0.4174
67714,0,0,0,0,0,0.5172
67714,0,0,0,0,0,0.5305
67714,0,0,0,0,0,0.6495
67714,0,0,0,0,0,0.4791
67714,0,0,0,0,1,0.7199
67714,0,0,0,0,0,0.2804
67714,0,0,0,0,0,0.1708
67714,0,0,0,0,0,0.1875
67714,0,0,0,0,0,0.5525
67714,0,0,0,0,0,0.0769
67714,0,0,0,0,0,0.1315
67714,0,0,0,0,0,0.2166
67714,0,0,0,0,0,0.3652
67714,0,0,0,0,0,0.043
67715,1,3,0,0,1,0.9986
67715,1,3,0,0,1,0.9757
67715,1,3,0,0,0,0.5937
67715,1,3,0,0,0,0.4919
67715,1,3,0,0,1,0.9955
67715,1,2,0,0,0,0.437
67715,1,3,0,0,0,0.4604
67715,1,1,0,0,0,0.4082
67715,0,0,0,0,0,0.0266
67715,0,0,0,0,0,0.6573
67715,0,0,0,1,0,0.3031
67715,0,0,0,0,0,0.2458
67715,0,0,0,0,0,0.1195
67715,0,0,0,0,0,0.1456
67715,0,0,0,0,0,0.0621
67715,0,0,0,0,0,0.6072
67715,0,0,0,0,0,0.4478
67715,0,0,0,0,0,0.3865
67715,0,0,0,0,1,0.842
67715,0,0,0,0,0,0.4502
67715,0,0,0,0,0,0.4241
67715,0,0,0,0,0,0.3794
67715,0,0,0,0,0,0.2837
67715,0,0,0,0,0,0.297
67715,0,0,0,0,0,0.5994
67715,0,0,0,0,0,0.4059
67715,0,0,0,0,0,0.609
67715,0,0,0,0,0,0.5872
67715,0,0,0,0,0,0.4089
67715,0,0,0,0,0,0.2872
67715,0,0,0,0,0,0.4085
67715,0,0,0,0,0,0.2461
67715,0,0,0,0,1,0.6819
67715,0,0,0,0,0,0.0754
67715,0,0,0,0,0,0.3232
67715,0,0,0,0,0,0.2758
67715,0,0,0,0,0,0.2574
67715,0,0,0,0,0,0.2498
67715,0,0,0,0,0,0.2584
67715,0,0,0,0,0,0.1785
67716,1,3,0,1,1,0.9964
67716,1,3,0,0,1,0.9974
67716,1,3,0,0,1,0.9174
67716,1,3,0,0,1,0.9644
67716,1,3,0,0,0,0.5621
67716,1,2,0,0,0,0.5166
67716,1,2,0,0,0,0.321
67716,0,0,0,1,0,0.0787
67716,0,0,0,0,0,0.3094
67716,0,0,0,0,0,0.1783
67716,0,0,0,0,0,0.4024
67716,0,0,0,0,0,0.4149
67716,0,0,0,0,0,0.0976
67716,0,0,0,0,0,0.2416
67716,0,0,0,0,0,0.4854
67716,0,0,0,0,0,0.4328
67716,0,0,0,0,0,0.4835
67716,0,0,0,0,0,0.1783
67716,0,0,0,0,0,0.5081
67716,0,0,0,0,0,0.597
67716,0,0,0,0,0,0.0961
67716,0,0,0,0,0,0.1677
67716,0,0,0,0,0,0.3198
67716,0,0,0,0,0,0.2575
67716,0,0,0,0,0,0.4965
67716,0,0,0,0,0,0.463
67716,0,0,0,0,1,0.7384
67716,0,0,0,0,0,0.5001
67716,0,0,0,0,0,0.5722
67716,0,0,0,0,0,0.1707
67716,0,0,0,0,0,0.2762
67716,0,0,0,0,0,0.3511
67716,0,0,0,0,0,0.3729
67716,0,0,0,0,0,0.365
67716,0,0,0,0,0,0.3873
67716,0,0,0,0,0,0.2208
67716,0,0,0,0,0,0.3532
67717,1,3,0,1,1,0.9956
67717,1,3,0,0,1,0.9324
67717,1,3,0,0,1,0.9837
67717,1,3,0,0,1,0.8273
67717,1,2,0,0,0,0.4944
67717,1,2,0,0,0,0.6476
67717,1,2,0,0,0,0.5581
67717,1,3,0,0,0,0.4356
67717,1,1,0,0,0,0.0371
67717,0,0,0,0,0,0.0081
67717,0,0,0,1,0,0.026
67717,0,0,0,0,0,0.0388
67717,0,0,0,0,0,0.0367
67717,0,0,0,0,0,0.0127
67717,0,0,1,0,0,0.0397
67717,0,0,0,0,0,0.2493
67717,0,0,0,0,0,0.3984
67717,0,0,0,0,0,0.3778
67717,0,0,0,0,0,0.2943
67717,0,0,0,0,0,0.1948
67717,0,0,0,0,0,0.5182
67717,0,0,0,0,0,0.5412
67717,0,0,0,0,0,0.3259
67717,0,0,0,0,0,0.4668
67717,0,0,0,0,0,0.6125
67717,0,0,0,0,0,0.414
67717,0,0,0,0,0,0.5157
67717,0,0,0,0,0,0.1686
67717,0,0,0,0,0,0.6364
67717,0,0,0,0,0,0.2126
67717,0,0,0,0,0,0.6238
67717,0,0,0,0,0,0.3306
67717,0,0,0,0,0,0.541
67717,0,0,0,0,0,0.304
67717,0,0,0,0,0,0.1896
67717,0,0,0,0,0,0.1608
67717,0,0,0,0,0,0.6192
67717,0,0,0,0,0,0.0385
68075,1,3,1,0,1,0.9279
68075,1,3,0,0,1,0.9017
68075,1,3,0,0,1,0.9862
68075,1,3,0,0,1,0.8829
68075,1,1,0,0,1,0.6788
68075,1,2,0,0,0,0.5139
68075,1,2,0,0,0,0.3929
68075,1,3,0,0,1,0.7268
68075,1,1,0,0,0,0.5081
68075,0,0,0,0,0,0.0486
68075,0,0,0,0,0,0.1682
68075,0,0,0,0,0,0.2115
68075,0,0,0,0,0,0.0011
68075,0,0,0,1,0,0.0037
68075,0,0,0,0,0,0.0054
68075,0,0,1,0,0,0.0069
68075,0,0,1,0,0,0.0393
68075,0,0,1,0,0,0.0668
68075,0,0,1,0,0,0.1173
68075,0,0,1,0,0,0.0685
68075,0,0,0,0,0,0.6504
68075,0,0,0,0,0,0.5938
68075,0,0,0,0,0,0.617
68075,0,0,0,0,0,0.0675
68075,0,0,0,0,0,0.2376
68075,0,0,0,0,0,0.5529
68075,0,0,0,0,0,0.361
68075,0,0,0,0,0,0.4739
68075,0,0,0,0,0,0.4825
68075,0,0,0,0,0,0.4277
68075,0,0,0,0,0,0.3931
68075,0,0,0,0,0,0.557
68075,0,0,0,0,0,0.4489
68075,0,0,0,0,0,0.568
68075,0,0,0,0,0,0.1714
68075,0,0,0,0,0,0.3087
68075,0,0,0,0,0,0.3949
68075,0,0,0,0,0,0.0563
68076,1,3,1,0,1,0.991
68076,1,1,0,0,0,0.4763
68076,1,3,0,0,1,0.8628
68076,1,3,0,0,1,0.9213
68076,1,3,0,0,0,0.4904
68076,1,3,0,0,0,0.4063
68076,1,3,0,0,0,0.594
68076,1,2,0,0,0,0.5287
68076,1,1,0,0,0,0.5174
68076,1,1,0,0,0,0.1701
68076,1,3,0,0,0,0.5637
68076,1,3,0,0,1,0.7737
68076,1,2,0,0,0,0.2915
68076,0,0,0,1,0,0.0093
68076,0,0,0,0,0,0.3892
68076,0,0,0,1,0,0.4951
68076,0,0,0,1,0,0.0466
68076,0,0,0,0,0,0.0025
68076,0,0,0,0,0,0.0037
68076,0,0,1,0,0,0.0691
68076,0,0,1,0,0,0.0445
68076,0,0,1,0,0,0.0728
68076,0,0,1,0,0,0.107
68076,0,0,1,0,0,0.0824
68076,0,0,0,0,0,0.1762
68076,0,0,0,0,0,0.2803
68076,0,0,0,0,0,0.4289
68076,0,0,0,0,1,0.8077
68076,0,0,0,0,0,0.0639
68076,0,0,0,0,0,0.4054
68076,0,0,0,0,0,0.6398
68076,0,0,0,0,0,0.3722
68076,0,0,0,0,0,0.5188
68076,0,0,0,0,0,0.3133
68076,0,0,0,0,0,0.6179
68076,0,0,0,0,0,0.0623
68076,0,0,0,0,0,0.3436
68076,0,0,0,0,0,0.0547
68076,0,0,0,0,0,0.3445
68076,0,0,0,0,0,0.1273
68076,0,0,0,0,0,0.4315
68076,0,0,0,0,0,0.2927
68077,1,3,1,1,1,0.9788
68077,1,3,0,0,1,0.9074
68077,1,2,0,0,0,0.0634
68077,1,3,0,0,0,0.4895
68077,1,3,0,0,0,0.5361
68077,1,3,0,0,1,0.8898
68077,1,3,0,0,0,0.657
68077,1,3,0,0,0,0.5212
68077,1,3,0,0,1,0.6623
68077,1,2,0,0,0,0.4495
68077,1,3,0,0,0,0.389
68077,1,2,0,0,1,0.6686
68077,1,2,0,0,0,0.6421
68077,1,1,0,0,0,0.1073
68077,0,0,1,0,0,0.2131
68077,0,0,1,0,0,0.1116
68077,0,0,0,0,0,0.4115
68077,0,0,0,0,0,0.4772
68077,0,0,0,0,0,0.0115
68077,0,0,0,0,0,0.0023
68077,0,0,0,0,0,0.0053
68077,0,0,1,0,0,0.3979
68077,0,0,1,0,0,0.1053
68077,0,0,0,0,0,0.2345
68077,0,0,0,0,0,0.0517
68077,0,0,0,0,1,0.7262
68077,0,0,0,0,0,0.5798
68077,0,0,0,0,0,0.2793
68077,0,0,0,0,0,0.0745
68077,0,0,0,0,0,0.0149
68077,0,0,0,0,0,0.0505
68077,0,0,0,0,0,0.19
68077,0,0,0,0,0,0.298
68077,0,0,0,0,0,0.5286
68077,0,0,0,0,0,0.3952
68077,0,0,0,1,0,0.5913
68077,0,0,0,0,0,0.3004
68077,0,0,0,0,0,0.4131
68077,0,0,0,0,0,0.3197
68077,0,0,0,0,0,0.043
68077,0,0,0,0,0,0.5138
68077,0,0,0,0,0,0.159
68077,0,0,0,0,0,0.3731
68077,0,0,0,0,0,0.1955
68077,0,0,0,0,0,0.4783
68079,1,3,1,0,1,0.992
68079,1,3,0,0,1,0.8307
68079,1,3,0,0,0,0.493
68079,1,3,0,0,0,0.4617
68079,1,2,0,0,0,0.2634
68079,1,3,0,0,1,0.6981
68079,1,3,0,0,1,0.9314
68079,1,1,0,0,0,0.3115
68079,1,1,0,0,0,0.4365
68079,1,2,0,0,0,0.6115
68079,1,1,0,0,0,0.3612
68079,0,0,0,0,0,0.0238
68079,0,0,1,0,0,0.0229
68079,0,0,1,0,0,0.1829
68079,0,0,0,0,0,0.0015
68079,0,0,0,0,0,0.0048
68079,0,0,0,0,0,0.002
68079,0,0,0,0,0,0.0026
68079,0,0,1,0,0,0.0795
68079,0,0,1,0,0,0.4003
68079,0,0,0,0,0,0.2477
68079,0,0,1,0,0,0.179
68079,0,0,1,0,0,0.065
68079,0,0,0,0,0,0.4272
68079,0,0,0,0,0,0.5584
68079,0,0,0,0,0,0.201
68079,0,0,0,0,0,0.0118
68079,0,0,0,0,0,0.5128
68079,0,0,0,0,0,0.1235
68079,0,0,0,0,0,0.4835
68079,0,0,0,0,0,0.4807
68079,0,0,0,0,0,0.6013
68079,0,0,0,0,0,0.6278
68079,0,0,0,0,0,0.4162
68079,0,0,0,0,0,0.446
68079,0,0,0,0,0,0.3454
68079,0,0,0,0,0,0.6273
68079,0,0,0,0,0,0.3667
68079,0,0,0,0,0,0.5197
68079,0,0,0,0,0,0.2443
68079,0,0,0,0,0,0.2309
68080,1,3,1,0,1,0.9059
68080,1,3,0,0,1,0.9679
68080,1,3,0,0,1,0.8035
68080,1,3,0,0,0,0.6199
68080,1,2,0,0,1,0.6801
68080,1,3,0,0,0,0.5347
68080,1,3,0,0,1,0.894
68080,1,2,0,0,0,0.4018
68080,0,0,0,1,0,0.0394
68080,0,0,0,0,0,0.3378
68080,0,0,0,0,0,0.3926
68080,0,0,0,0,0,0.3612
68080,0,0,0,0,0,0.0067
68080,0,0,0,0,0,0.0009
68080,0,0,0,0,0,0.0024
68080,0,0,0,0,0,0.0062
68080,0,0,1,0,0,0.0681
68080,0,0,1,0,0,0.0339
68080,0,0,0,0,0,0.3149
68080,0,0,0,0,0,0.5482
68080,0,0,0,0,0,0.0379
68080,0,0,0,0,0,0.5268
68080,0,0,0,0,0,0.0985
68080,0,0,0,0,0,0.4575
68080,0,0,0,0,0,0.2265
68080,0,0,0,0,0,0.1573
68080,0,0,0,0,0,0.4155
68080,0,0,0,0,0,0.4501
68080,0,0,0,0,0,0.5484
68080,0,0,0,0,0,0.3165
68080,0,0,0,0,0,0.4395
68080,0,0,0,0,0,0.3389
68080,0,0,0,0,0,0.5899
68080,0,0,0,0,0,0.199
68080,0,0,0,0,0,0.5788
68080,0,0,0,0,1,0.6586
68081,1,3,1,0,1,0.9737
68081,1,3,0,0,1,0.9695
68081,1,3,0,0,1,0.9322
68081,1,3,0,0,1,0.7637
68081,1,2,0,0,1,0.9438
68081,1,2,0,0,0,0.467
68081,1,3,0,0,0,0.5831
68081,1,2,0,0,0,0.3388
68081,0,0,1,0,0,0.0053
68081,0,0,1,1,0,0.2495
68081,0,0,0,0,0,0.0619
68081,0,0,0,0,0,0.0096
68081,0,0,0,0,0,0.0072
68081,0,0,0,0,0,0.0026
68081,0,0,0,0,0,0.0078
68081,0,0,1,1,0,0.0536
68081,0,0,0,0,0,0.1759
68081,0,0,0,0,0,0.1284
68081,0,0,0,0,0,0.3522
68081,0,0,0,0,0,0.3848
68081,0,0,0,0,0,0.5358
68081,0,0,0,0,0,0.139
68081,0,0,0,0,0,0.0953
68081,0,0,0,0,0,0.1819
68081,0,0,0,0,0,0.405
68081,0,0,0,0,0,0.5567
68081,0,0,0,0,0,0.5786
68081,0,0,0,0,0,0.3389
68081,0,0,0,0,0,0.5059
68081,0,0,0,0,0,0.5453
68081,0,0,0,0,0,0.3719
68081,0,0,0,0,0,0.427
68081,0,0,0,0,0,0.4317
68081,0,0,0,0,0,0.262
68081,0,0,0,0,0,0.1528
68081,0,0,0,0,0,0.181
68081,0,0,0,0,0,0.1884
68078,1,3,1,1,1,0.9831
68078,1,3,0,1,1,0.8432
68078,1,2,0,0,0,0.4562
68078,1,3,0,0,0,0.5397
68078,1,3,0,0,1,0.7087
68078,1,3,0,0,1,0.7737
68078,1,1,0,0,0,0.2371
68078,1,2,0,0,0,0.5359
68078,1,3,0,0,0,0.5895
68078,1,1,0,0,0,0.388
68078,0,0,0,0,0,0.0146
68078,0,0,0,0,0,0.0304
68078,0,0,1,0,0,0.0231
68078,0,0,1,0,0,0.0023
68078,0,0,0,0,0,0.0022
68078,0,0,0,0,0,0.0031
68078,0,0,1,0,0,0.0027
68078,0,0,1,0,0,0.0895
68078,0,0,1,0,0,0.0635
68078,0,0,1,0,0,0.0911
68078,0,0,1,0,0,0.0787
68078,0,0,0,0,0,0.531
68078,0,0,0,0,0,0.5801
68078,0,0,0,0,0,0.2733
68078,0,0,0,0,1,0.8056
68078,0,0,0,0,0,0.3648
68078,0,0,0,0,0,0.3836
68078,0,0,0,0,0,0.1224
68078,0,0,0,0,0,0.6125
68078,0,0,0,0,0,0.2719
68078,0,0,0,0,0,0.4035
68078,0,0,0,0,0,0.3856
68078,0,0,0,0,0,0.3402
68078,0,0,0,0,0,0.1814
68078,0,0,0,0,0,0.3249
68078,0,0,0,0,0,0.0748
68078,0,0,0,0,0,0.4265
68078,0,0,0,0,0,0.2419
68078,0,0,0,0,0,0.4605
68078,0,0,0,0,0,0.1929
68082,1,3,1,0,1,0.9832
68082,1,2,0,0,0,0.3715
68082,1,3,0,0,1,0.9729
68082,1,3,0,0,1,0.8565
68082,1,3,0,0,0,0.3282
68082,1,2,0,0,0,0.1721
68082,1,2,0,0,1,0.873
68082,1,3,0,0,0,0.6444
68082,1,2,0,0,1,0.6683
68082,1,3,0,0,0,0.5266
68082,1,3,0,0,1,0.7072
68082,1,2,0,0,0,0.3656
68082,0,0,1,0,0,0.0025
68082,0,0,1,0,0,0.5092
68082,0,0,0,0,0,0.3027
68082,0,0,0,0,0,0.1637
68082,0,0,0,1,0,0.0155
68082,0,0,0,0,0,0.0046
68082,0,0,0,0,0,0.0038
68082,0,0,1,0,0,0.0346
68082,0,0,1,0,0,0.0506
68082,0,0,1,0,0,0.1919
68082,0,0,1,0,0,0.04
68082,0,0,1,0,0,0.0269
68082,0,0,0,0,0,0.6067
68082,0,0,0,0,0,0.6262
68082,0,0,0,0,1,0.9362
68082,0,0,0,0,0,0.1771
68082,0,0,0,0,0,0.3379
68082,0,0,0,0,0,0.1599
68082,0,0,0,0,0,0.4377
68082,0,0,0,0,0,0.3549
68082,0,0,0,0,0,0.4718
68082,0,0,0,0,0,0.4413
68082,0,0,0,0,0,0.5187
68082,0,0,0,0,0,0.4229
68082,0,0,0,0,0,0.4577
68082,0,0,0,0,0,0.534
68082,0,0,0,0,0,0.1145
68082,0,0,0,0,0,0.4819
68082,0,0,0,0,0,0.0807
68082,0,0,0,0,0,0.4872
68082,0,0,0,0,0,0.3663
68084,1,3,0,1,1,0.9932
68084,1,3,0,0,1,0.9721
68084,1,3,0,0,1,0.9773
68084,1,2,0,0,1,0.7312
68084,1,2,0,0,0,0.5339
68084,1,3,0,0,0,0.5538
68084,1,2,0,0,0,0.4196
68084,1,1,0,0,0,0.4938
68084,1,3,0,0,0,0.5275
68084,1,2,0,0,0,0.3743
68084,0,0,0,0,0,0.0031
68084,0,0,0,0,0,0.1792
68084,0,0,0,0,0,0.0654
68084,0,0,0,0,0,0.0242
68084,0,0,0,0,0,0.0064
68084,0,0,0,0,0,0.0018
68084,0,0,0,0,0,0.0012
68084,0,0,1,0,0,0.1528
68084,0,0,1,0,0,0.0486
68084,0,0,1,1,0,0.3211
68084,0,0,0,0,0,0.6486
68084,0,0,0,0,0,0.5814
68084,0,0,0,0,0,0.5703
68084,0,0,0,0,0,0.6416
68084,0,0,0,0,0,0.0265
68084,0,0,0,0,0,0.2536
68084,0,0,0,0,0,0.4579
68084,0,0,0,0,0,0.3839
68084,0,0,0,0,0,0.577
68084,0,0,0,0,0,0.3466
68084,0,0,0,0,0,0.2436
68084,0,0,0,0,0,0.4183
68084,0,0,0,0,0,0.2092
68084,0,0,0,0,0,0.4802
68084,0,0,0,0,0,0.1632
68084,0,0,0,0,1,0.7004
68084,0,0,0,0,0,0.2364
68084,0,0,0,0,0,0.2031
68084,0,0,0,1,0,0.641
68084,0,0,0,0,0,0.2516
68083,1,3,0,0,1,0.9832
68083,1,3,0,0,1,0.9556
68083,1,2,0,0,1,0.8009
68083,1,2,0,0,0,0.4369
68083,1,3,0,0,0,0.2663
68083,1,2,0,0,0,0.5887
68083,1,3,0,0,1,0.8158
68083,1,3,0,0,0,0.5154
68083,1,2,1,0,0,0.1983
68083,1,3,0,0,0,0.5175
68083,1,2,0,0,0,0.1814
68083,0,0,0,0,0,0.0119
68083,0,0,0,0,0,0.1515
68083,0,0,0,0,0,0.2693
68083,0,0,0,0,0,0.001
68083,0,0,0,0,0,0.0041
68083,0,0,0,0,0,0.0015
68083,0,0,1,0,0,0.1428
68083,0,0,1,0,0,0.0521
68083,0,0,1,0,0,0.0573
68083,0,0,1,0,0,0.5815
68083,0,0,0,0,0,0.2629
68083,0,0,0,0,0,0.528
68083,0,0,0,0,0,0.5294
68083,0,0,0,0,1,0.8038
68083,0,0,0,0,0,0.2552
68083,0,0,0,0,0,0.1839
68083,0,0,0,0,0,0.3208
68083,0,0,0,0,0,0.6288
68083,0,0,0,0,0,0.4222
68083,0,0,0,0,0,0.5484
68083,0,0,1,0,0,0.1579
68083,0,0,0,0,0,0.3859
68083,0,0,0,0,0,0.5299
68083,0,0,0,0,0,0.3937
68083,0,0,0,0,0,0.6138
68083,0,0,0,0,0,0.2536
68083,0,0,0,0,0,0.6333
68083,0,0,0,0,0,0.3342
68083,0,0,0,0,0,0.4766
68083,0,0,0,0,0,0.5367
68083,0,0,0,0,0,0.1063
68262,1,3,1,0,1,0.9859
68262,1,3,0,0,1,0.9878
68262,1,3,0,0,1,0.6621
68262,1,3,0,0,1,0.8674
68262,1,3,0,0,1,0.9685
68262,1,2,0,0,0,0.4471
68262,1,3,0,0,1,0.6972
68262,1,2,0,0,0,0.436
68262,1,1,0,0,0,0.6351
68262,1,3,0,0,0,0.4727
68262,1,2,0,0,0,0.4624
68262,0,0,0,0,0,0.054
68262,0,0,0,0,0,0.1923
68262,0,0,0,0,0,0.1582
68262,0,0,0,1,0,0.2225
68262,0,0,0,0,0,0.0081
68262,0,0,0,0,0,0.0094
68262,0,0,0,0,0,0.0006
68262,0,0,1,0,0,0.0099
68262,0,0,1,0,0,0.0507
68262,0,0,1,0,0,0.1751
68262,0,0,1,0,0,0.1502
68262,0,0,0,0,0,0.394
68262,0,0,0,0,0,0.5057
68262,0,0,0,0,0,0.3613
68262,0,0,0,1,0,0.0664
68262,0,0,0,0,0,0.5298
68262,0,0,0,0,0,0.1513
68262,0,0,0,0,0,0.4135
68262,0,0,0,0,0,0.6228
68262,0,0,0,0,0,0.4696
68262,0,0,0,0,0,0.5716
68262,0,0,0,0,0,0.3118
68262,0,0,0,0,0,0.4327
68262,0,0,0,0,0,0.3222
68262,0,0,0,0,0,0.3968
68262,0,0,0,0,0,0.2369
68262,0,0,0,0,0,0.341
68262,0,0,0,0,0,0.2645
68263,1,3,1,1,1,0.9672
68263,1,3,0,0,1,0.9737
68263,1,3,0,0,1,0.829
68263,1,3,0,0,1,0.955
68263,1,3,0,0,1,0.7611
68263,1,3,0,0,0,0.4257
68263,1,2,0,0,1,0.6748
68263,1,3,0,0,0,0.0681
68263,0,0,0,0,0,0.105
68263,0,0,0,0,0,0.1852
68263,0,0,0,0,0,0.1635
68263,0,0,0,0,0,0.0067
68263,0,0,0,1,0,0.0035
68263,0,0,0,0,0,0.0023
68263,0,0,0,0,0,0.0036
68263,0,0,1,0,0,0.0862
68263,0,0,1,0,0,0.0924
68263,0,0,1,0,0,0.1266
68263,0,0,1,0,0,0.0834
68263,0,0,1,0,0,0.0964
68263,0,0,0,0,0,0.397
68263,0,0,0,0,0,0.4331
68263,0,0,0,0,0,0.1592
68263,0,0,0,0,0,0.3051
68263,0,0,0,0,0,0.5038
68263,0,0,0,0,0,0.4097
68263,0,0,0,0,0,0.104
68263,0,0,0,0,1,0.6668
68263,0,0,0,0,0,0.3092
68263,0,0,0,0,0,0.4125
68263,0,0,0,0,0,0.5118
68263,0,0,0,0,0,0.5845
68263,0,0,0,0,0,0.493
68263,0,0,0,0,0,0.224
68263,0,0,0,0,0,0.5108
68263,0,0,0,0,0,0.181
68263,0,0,0,0,0,0.4651
68266,1,3,1,1,1,0.9639
68266,1,3,0,0,1,0.9258
68266,1,3,0,0,1,0.9404
68266,1,3,0,1,1,0.9363
68266,1,2,0,0,0,0.5623
68266,1,2,0,0,0,0.2213
68266,1,3,0,0,0,0.2942
68266,1,2,0,0,0,0.4527
68266,1,1,0,0,0,0.078
68266,0,0,0,0,0,0.0175
68266,0,0,0,0,0,0.1733
68266,0,0,0,0,0,0.1918
68266,0,0,0,0,0,0.185
68266,0,0,0,0,0,0.0029
68266,0,0,0,0,0,0.0016
68266,0,0,1,0,0,0.097
68266,0,0,1,0,0,0.0776
68266,0,0,1,0,0,0.071
68266,0,0,1,0,0,0.35
68266,0,0,0,0,0,0.2881
68266,0,0,0,0,0,0.4302
68266,0,0,0,0,0,0.2104
68266,0,0,0,0,0,0.5371
68266,0,0,0,0,0,0.4501
68266,0,0,0,0,0,0.4194
68266,0,0,0,0,0,0.4544
68266,0,0,0,0,0,0.4613
68266,0,0,0,0,0,0.5178
68266,0,0,0,0,0,0.5136
68266,0,0,0,0,0,0.5534
68266,0,0,0,0,0,0.5271
68266,0,0,0,0,0,0.4524
68266,0,0,0,0,0,0.1635
68266,0,0,0,0,0,0.2293
68266,0,0,0,0,0,0.2329
68266,0,0,0,0,0,0.1122
68264,1,3,1,1,1,0.904
68264,1,3,0,0,1,0.9594
68264,1,1,0,0,0,0.2713
68264,1,3,0,0,0,0.6369
68264,1,2,0,0,1,0.7481
68264,1,3,0,0,0,0.4837
68264,1,3,0,1,1,0.9769
68264,1,3,0,0,0,0.4383
68264,1,3,0,0,0,0.6307
68264,1,1,0,0,0,0.2807
68264,0,0,0,0,0,0.0211
68264,0,0,0,1,0,0.3659
68264,0,0,0,1,0,0.1039
68264,0,0,0,0,0,0.1685
68264,0,0,0,0,0,0.0036
68264,0,0,0,0,0,0.0027
68264,0,0,0,0,0,0.0007
68264,0,0,1,0,0,0.0424
68264,0,0,1,0,0,0.0982
68264,0,0,1,0,0,0.2311
68264,0,0,0,0,0,0.634
68264,0,0,0,0,0,0.3755
68264,0,0,0,0,0,0.0977
68264,0,0,0,0,0,0.3849
68264,0,0,0,0,1,0.6863
68264,0,0,0,0,0,0.3849
68264,0,0,0,0,0,0.1982
68264,0,0,0,0,0,0.2001
68264,0,0,0,0,0,0.5895
68264,0,0,0,0,0,0.5252
68264,0,0,0,0,0,0.3627
68264,0,0,0,0,0,0.4654
68264,0,0,0,0,0,0.4611
68264,0,0,0,0,0,0.2975
68264,0,0,0,0,0,0.3281
68264,0,0,0,0,0,0.4944
68264,0,0,0,0,0,0.4609
68264,0,0,0,0,0,0.304
68264,0,0,0,0,0,0.5654
68264,0,0,0,0,0,0.1621
68264,0,0,0,0,0,0.2329
68265,1,3,1,1,1,0.994
68265,1,3,0,0,1,0.913
68265,1,3,0,0,1,0.9393
68265,1,3,0,0,1,0.6665
68265,1,3,0,0,1,0.9608
68265,1,2,0,0,0,0.3845
68265,1,2,0,0,1,0.6724
68265,1,2,0,0,0,0.475
68265,1,3,0,0,0,0.4426
68265,0,0,0,0,0,0.0372
68265,0,0,0,0,0,0.1755
68265,0,0,0,0,0,0.2782
68265,0,0,0,0,0,0.2966
68265,0,0,0,1,0,0.005
68265,0,0,0,0,0,0.0027
68265,0,0,0,0,0,0.0022
68265,0,0,1,0,0,0.0863
68265,0,0,1,0,0,0.0813
68265,0,0,1,0,0,0.1234
68265,0,0,1,0,0,0.0813
68265,0,0,1,0,0,0.0932
68265,0,0,0,0,0,0.4284
68265,0,0,0,0,1,0.6644
68265,0,0,0,0,0,0.1302
68265,0,0,0,0,0,0.3433
68265,0,0,0,0,0,0.1587
68265,0,0,0,0,0,0.4554
68265,0,0,0,0,0,0.4788
68265,0,0,0,0,0,0.5681
68265,0,0,0,0,0,0.5584
68265,0,0,0,0,0,0.5369
68265,0,0,0,0,0,0.5594
68265,0,0,0,0,0,0.1479
68265,0,0,0,0,0,0.2944
68265,0,0,0,0,1,0.7889
68265,0,0,0,0,0,0.6067
68265,0,0,0,0,0,0.4389
68265,0,0,0,0,0,0.3669
68265,0,0,0,0,0,0.003
68267,1,3,1,1,1,0.9833
68267,1,3,0,0,1,0.9319
68267,1,3,0,0,1,0.6778
68267,1,3,0,0,0,0.5546
68267,1,3,0,0,1,0.8723
68267,1,2,0,0,0,0.509
68267,1,2,0,0,1,0.6598
68267,0,0,0,0,0,0.0211
68267,0,0,0,0,0,0.3123
68267,0,0,0,1,0,0.0907
68267,0,0,0,0,0,0.0623
68267,0,0,0,1,0,0.0097
68267,0,0,0,1,0,0.0069
68267,0,0,0,0,0,0.0012
68267,0,0,1,0,0,0.1141
68267,0,0,1,0,0,0.1358
68267,0,0,0,0,0,0.227
68267,0,0,0,0,0,0.2341
68267,0,0,0,0,0,0.3122
68267,0,0,0,0,0,0.4066
68267,0,0,0,0,0,0.5219
68267,0,0,0,0,0,0.6438
68267,0,0,0,0,0,0.5
68267,0,0,0,0,0,0.2175
68267,0,0,0,0,0,0.4821
68267,0,0,0,0,0,0.3324
68267,0,0,0,0,0,0.2969
68267,0,0,0,0,0,0.4352
68267,0,0,0,0,0,0.3153
68267,0,0,0,0,0,0.5861
68267,0,0,0,0,0,0.4417
68267,0,0,0,0,0,0.5185
68267,0,0,0,0,0,0.1539
68267,0,0,0,0,0,0.4972
68267,0,0,0,0,0,0.1446
68267,0,0,0,0,0,0.4148
68267,0,0,0,0,0,0.2906
68267,0,0,0,0,0,0.0419
68268,1,3,1,0,1,0.9733
68268,1,3,0,0,1,0.8162
68268,1,3,0,0,1,0.9761
68268,1,3,0,1,1,0.9334
68268,1,2,0,0,1,0.8141
68268,1,2,0,1,1,0.7643
68268,1,1,0,0,1,0.6744
68268,1,2,0,0,0,0.4008
68268,1,2,0,0,0,0.5097
68268,1,1,0,0,0,0.1964
68268,0,0,0,0,0,0.02
68268,0,0,0,0,0,0.1884
68268,0,0,0,0,0,0.1476
68268,0,0,0,1,1,0.7636
68268,0,0,0,0,0,0.1135
68268,0,0,0,0,0,0.016
68268,0,0,0,0,0,0.0031
68268,0,0,0,0,0,0.0038
68268,0,0,1,0,0,0.0819
68268,0,0,1,0,0,0.2563
68268,0,0,1,0,0,0.0772
68268,0,0,0,0,0,0.3779
68268,0,0,0,0,0,0.3771
68268,0,0,0,0,0,0.6144
68268,0,0,0,0,0,0.3533
68268,0,0,0,0,0,0.1831
68268,0,0,0,0,1,0.7047
68268,0,0,0,0,0,0.5159
68268,0,0,0,0,0,0.4181
68268,0,0,0,0,0,0.2839
68268,0,0,0,0,0,0.3051
68268,0,0,0,0,0,0.5211
68268,0,0,0,0,0,0.2011
68268,0,0,0,0,0,0.32
68268,0,0,0,0,0,0.4936
68268,0,0,0,0,0,0.3617
68268,0,0,0,0,0,0.2821
68268,0,0,0,0,0,0.0737
68269,1,3,1,0,1,0.9769
68269,1,3,0,1,1,0.976
68269,1,3,0,0,0,0.5734
68269,1,2,0,0,0,0.1796
68269,1,2,0,0,0,0.5332
68269,1,3,0,0,1,0.9515
68269,1,3,0,0,0,0.5003
68269,1,3,0,0,0,0.5337
68269,1,1,0,0,1,0.692
68269,1,3,0,0,0,0.4557
68269,1,3,0,0,0,0.5314
68269,1,1,0,0,0,0.2749
68269,0,0,0,0,0,0.0723
68269,0,0,0,0,0,0.4802
68269,0,0,0,0,0,0.3681
68269,0,0,0,0,0,0.5974
68269,0,0,0,0,0,0.2555
68269,0,0,0,0,0,0.0604
68269,0,0,0,0,0,0.0112
68269,0,0,0,0,0,0.0228
68269,0,0,1,0,0,0.0985
68269,0,0,1,0,0,0.1182
68269,0,0,1,0,0,0.1531
68269,0,0,0,0,0,0.3945
68269,0,0,0,0,0,0.5734
68269,0,0,0,0,0,0.4822
68269,0,0,0,0,0,0.1841
68269,0,0,0,0,0,0.3378
68269,0,0,0,0,0,0.3447
68269,0,0,0,0,0,0.4393
68269,0,0,0,0,0,0.4956
68269,0,0,0,0,0,0.5012
68269,0,0,0,0,0,0.6077
68269,0,0,0,0,0,0.3529
68269,0,0,0,0,0,0.2857
68269,0,0,0,0,0,0.3078
68269,0,0,0,0,1,0.7675
68269,0,0,0,0,0,0.232
68269,0,0,0,0,0,0.5042
68269,0,0,0,0,0,0.4255
68269,0,0,0,0,0,0.0701
68270,1,3,1,0,1,0.991
68270,1,3,0,0,1,0.6927
68270,1,3,0,0,1,0.7152
68270,1,2,0,0,1,0.7013
68270,1,3,0,0,1,0.7765
68270,1,3,0,0,1,0.6698
68270,1,3,0,0,0,0.3145
68270,1,3,0,0,0,0.4675
68270,1,1,0,0,0,0.4864
68270,1,1,0,0,0,0.5001
68270,1,2,0,0,0,0.2284
68270,1,2,0,0,0,0.1178
68270,0,0,0,0,0,0.0067
68270,0,0,1,0,0,0.1494
68270,0,0,0,0,0,0.1073
68270,0,0,0,0,0,0.2165
68270,0,0,0,0,0,0.0182
68270,0,0,0,0,0,0.003
68270,0,0,0,0,0,0.0006
68270,0,0,1,0,0,0.0333
68270,0,0,1,0,0,0.0576
68270,0,0,1,0,0,0.2762
68270,0,0,1,0,0,0.0606
68270,0,0,1,0,0,0.0804
68270,0,0,0,0,0,0.4784
68270,0,0,0,0,0,0.3279
68270,0,0,0,0,0,0.2564
68270,0,0,0,0,0,0.605
68270,0,0,0,0,0,0.263
68270,0,0,0,0,0,0.3302
68270,0,0,0,0,0,0.5949
68270,0,0,0,0,0,0.02
68270,0,0,0,0,0,0.2127
68270,0,0,0,0,1,0.7924
68270,0,0,0,0,0,0.2334
68270,0,0,0,0,0,0.4619
68270,0,0,0,0,0,0.5642
68270,0,0,0,0,0,0.2521
68270,0,0,0,0,0,0.6322
68270,0,0,0,0,0,0.3724
68271,1,3,1,1,1,0.9467
68271,1,3,0,0,1,0.9701
68271,1,3,0,0,1,0.8545
68271,1,3,0,0,1,0.834
68271,1,3,0,0,1,0.9577
68271,1,1,0,0,0,0.3684
68271,1,1,0,0,1,0.6989
68271,1,2,0,0,0,0.5911
68271,1,2,0,0,0,0.5365
68271,1,2,0,0,0,0.3916
68271,0,0,0,0,0,0.0074
68271,0,0,1,0,0,0.1059
68271,0,0,0,0,0,0.224
68271,0,0,0,0,0,0.1728
68271,0,0,0,1,0,0.0033
68271,0,0,0,0,0,0.003
68271,0,0,0,0,0,0.0014
68271,0,0,1,0,0,0.0986
68271,0,0,1,0,0,0.0431
68271,0,0,1,0,0,0.5218
68271,0,0,0,0,0,0.4668
68271,0,0,0,0,0,0.2732
68271,0,0,0,0,0,0.566
68271,0,0,0,0,0,0.2352
68271,0,0,0,0,0,0.129
68271,0,0,0,0,0,0.6501
68271,0,0,0,0,0,0.3874
68271,0,0,0,0,0,0.149
68271,0,0,0,0,0,0.4447
68271,0,0,0,0,0,0.3056
68271,0,0,0,0,0,0.5525
68271,0,0,0,0,0,0.6363
68271,0,0,0,0,0,0.5415
68271,0,0,0,0,0,0.2941
68271,0,0,0,0,0,0.3063
68271,0,0,0,0,0,0.3958
68271,0,0,0,0,0,0.3619
68271,0,0,0,0,0,0.6074
68271,0,0,0,0,0,0.5377
68271,0,0,0,0,0,0.3319
68810,1,3,1,1,1,0.9474
68810,1,3,0,1,1,0.9639
68810,1,3,0,0,0,0.6554
68810,1,3,0,0,1,0.9176
68810,1,3,0,0,0,0.4417
68810,1,3,0,0,0,0.5092
68810,1,1,0,0,0,0.3281
68810,1,3,0,0,0,0.5447
68810,1,2,0,0,0,0.3829
68810,1,3,0,0,0,0.4958
68810,1,3,0,0,0,0.3605
68810,0,0,1,0,0,0.0048
68810,0,0,1,0,0,0.0623
68810,0,0,1,0,0,0.0854
68810,0,0,0,0,0,0.3939
68810,0,0,0,1,0,0.5839
68810,0,0,0,0,0,0.0874
68810,0,0,0,0,0,0.4836
68810,0,0,0,0,0,0.5579
68810,0,0,0,0,0,0.5191
68810,0,0,0,0,0,0.6584
68810,0,0,0,0,0,0.2107
68810,0,0,0,0,1,0.6724
68810,0,0,0,0,0,0.0607
68810,0,0,0,0,0,0.1082
68810,0,0,0,0,0,0.1485
68810,0,0,0,0,1,0.6689
68810,0,0,0,0,0,0.4039
68810,0,0,0,0,0,0.3313
68810,0,0,0,0,0,0.5757
68810,0,0,0,0,0,0.1907
68811,1,3,1,1,1,0.8434
68811,1,3,0,0,1,0.8339
68811,1,3,0,0,1,0.7836
68811,1,3,0,0,0,0.5165
68811,1,3,0,0,0,0.5153
68811,1,3,0,0,0,0.2741
68811,1,1,0,0,1,0.7461
68811,1,2,0,0,0,0.49
68811,1,3,0,0,1,0.8594
68811,1,3,0,0,1,0.7438
68811,0,0,1,0,0,0.0093
68811,0,0,1,0,0,0.0761
68811,0,0,1,1,0,0.2775
68811,0,0,0,0,0,0.4856
68811,0,0,0,0,0,0.0488
68811,0,0,0,0,0,0.0368
68811,0,0,0,0,0,0.1024
68811,0,0,0,0,0,0.3623
68811,0,0,0,0,0,0.4608
68811,0,0,0,1,0,0.4154
68811,0,0,0,0,0,0.6231
68811,0,0,0,0,0,0.5178
68811,0,0,0,0,0,0.2817
68811,0,0,0,0,0,0.3427
68811,0,0,0,0,0,0.149
68811,0,0,0,0,0,0.0381
68811,0,0,0,0,0,0.2573
68811,0,0,0,0,0,0.0271
68811,0,0,0,0,0,0.5543
68811,0,0,0,0,0,0.1454
