sat_name,inc_family,maneuver_class,t_from,t_to,dt_h,a_km,alt_km,e,i_deg,raan_deg,u_deg,da_km,de,di_deg,draan_raw_deg,draan_j2_deg,draan_res_deg,du_deg,da_severity,dv_est_ms,flagged,flag_reason
STARLINK-37460,SSO,phasing,2026-05-03 01:34:42+00:00,2026-05-03 09:29:42+00:00,7.92,6695.603,317.47,0.003081,97.2072,328.2579,281.1151,22.4317,-0.001857,-0.00455,0.348,0.3457,0.0023,74.411,large,12.925,True,da=+22.43km[large] | de=-0.00186
STARLINK-36962,53deg,phasing,2026-05-03 17:39:42+00:00,2026-05-04 09:34:42+00:00,15.92,6791.2,413.06,0.000308,53.2707,62.7568,89.4456,22.4317,0.000877,0.03314,-3.1539,-3.1531,-0.0007,97.0099,large,12.653,True,da=+22.43km[large] | di=+0.0331deg
STARLINK-37471,SSO,phasing,2026-05-03 01:30:42+00:00,2026-05-03 09:26:42+00:00,7.93,6695.073,316.94,0.003125,97.2072,328.2496,261.1202,20.6205,-0.002236,-0.00342,0.3547,0.3468,0.0079,78.3904,large,11.882,True,da=+20.62km[large] | de=-0.00224
STARLINK-37370,SSO,mixed,2026-05-03 09:47:42+00:00,2026-05-03 17:42:42+00:00,7.92,6698.848,320.71,0.000738,97.2115,328.6206,79.852,18.7979,0.000875,-0.00707,0.356,0.3456,0.0104,73.2321,large,10.823,True,da=+18.80km[large]
STARLINK-37442,SSO,mixed,2026-05-05 09:42:42+00:00,2026-05-05 17:38:42+00:00,7.93,6709.745,331.61,0.0031,97.218,330.7355,276.4098,18.4097,-0.002018,-0.01044,0.3492,0.3447,0.0046,73.0555,large,10.574,True,da=+18.41km[large] | de=-0.00202
STARLINK-37213,SSO,raising,2026-05-06 01:37:42+00:00,2026-05-06 09:45:42+00:00,8.13,6803.442,425.3,0.001444,97.2696,357.2925,7.2847,-18.6506,-0.000826,0.01423,0.3444,0.3428,0.0015,88.9097,large,10.492,True,da=-18.65km[large]
STARLINK-36715,SSO,phasing,2026-05-03 17:43:42+00:00,2026-05-04 09:48:42+00:00,16.08,6850.18,472.04,0.001234,97.1589,235.2488,0.1072,-18.7069,-0.000534,0.00886,0.6643,0.6516,0.0126,97.1435,large,10.416,True,da=-18.71km[large]
STARLINK-36715,SSO,phasing,2026-05-04 09:48:42+00:00,2026-05-04 21:09:42+00:00,11.35,6831.473,453.34,0.000699,97.1678,235.9131,97.2507,18.3524,0.000388,-0.0104,0.4606,0.4599,0.0008,89.1076,large,10.26,True,da=+18.35km[large]
STARLINK-34876,SSO,phasing,2026-05-04 10:01:42+00:00,2026-05-04 20:46:42+00:00,10.75,6934.061,555.92,0.001368,97.5212,356.0837,180.6162,-18.7582,-0.000864,0.00761,0.4383,0.4383,-0.0001,-93.8209,large,10.255,True,da=-18.76km[large]
STARLINK-36792,SSO,phasing,2026-05-05 09:37:42+00:00,2026-05-05 17:53:42+00:00,8.27,6849.592,471.46,0.001536,97.1711,313.3731,168.9016,-18.3646,0.001523,0.01205,0.3389,0.3357,0.0033,100.0715,large,10.226,True,da=-18.36km[large] | de=+0.00152
STARLINK-36385,SSO,mixed,2026-05-02 09:41:42+00:00,2026-05-02 17:57:42+00:00,8.27,6831.201,453.06,0.000647,97.1713,234.0436,91.8308,18.128,0.000328,-0.01042,0.3351,0.3352,-0.0001,100.359,large,10.135,True,da=+18.13km[large]
STARLINK-36795,SSO,mixed,2026-05-02 17:36:42+00:00,2026-05-03 01:52:42+00:00,8.27,6831.961,453.82,0.002944,97.177,310.7618,258.4843,18.0702,-0.001677,-0.01212,0.3393,0.3353,0.004,100.0614,large,10.101,True,da=+18.07km[large] | de=-0.00168
STARLINK-36385,SSO,mixed,2026-05-04 09:50:42+00:00,2026-05-04 21:08:42+00:00,11.3,6850.157,472.02,0.001303,97.1579,236.0201,359.7523,-18.1055,-0.000557,0.0093,0.459,0.4577,0.0013,77.6085,large,10.081,True,da=-18.11km[large]
STARLINK-37460,SSO,phasing,2026-05-04 09:32:42+00:00,2026-05-04 21:15:42+00:00,11.72,6710.269,332.13,0.003059,97.215,329.66,280.1972,17.504,-0.001513,-0.0082,0.5127,0.5089,0.0038,-113.3188,large,10.052,True,da=+17.50km[large] | de=-0.00151
STARLINK-36708,SSO,phasing,2026-05-03 17:43:42+00:00,2026-05-04 09:45:42+00:00,16.03,6849.908,471.77,0.001086,97.1605,234.4818,353.2516,-18.0408,-0.000405,0.00837,0.658,0.6497,0.0082,85.6208,large,10.045,True,da=-18.04km[large]
STARLINK-36382,SSO,mixed,2026-05-05 23:08:42+00:00,2026-05-06 01:50:42+00:00,2.7,6829.619,451.48,0.000698,97.1802,313.956,102.3036,17.8955,0.000652,-0.00956,0.1069,0.1097,-0.0028,-99.1965,large,10.009,True,da=+17.90km[large]
STARLINK-37213,SSO,raising,2026-05-04 21:14:42+00:00,2026-05-05 01:39:42+00:00,4.42,6782.734,404.6,0.002928,97.2784,356.0984,255.6521,17.6658,-0.002019,-0.01068,0.1849,0.1863,-0.0015,-53.7806,large,9.983,True,da=+17.67km[large] | de=-0.00202
STARLINK-36708,SSO,phasing,2026-05-04 09:45:42+00:00,2026-05-04 21:07:42+00:00,11.37,6831.867,453.73,0.00068,97.1689,235.1398,78.8724,17.7796,0.000734,-0.01003,0.467,0.4606,0.0064,92.9729,large,9.939,True,da=+17.78km[large]
STARLINK-37442,SSO,mixed,2026-05-05 01:36:42+00:00,2026-05-05 09:42:42+00:00,8.1,6727.104,348.97,0.001609,97.2028,330.3833,164.0055,-17.3584,0.001491,0.01522,0.3522,0.3519,0.0003,112.4043,large,9.931,True,da=-17.36km[large] | de=+0.00149
STARLINK-36718,SSO,phasing,2026-05-03 17:46:42+00:00,2026-05-04 09:47:42+00:00,16.02,6849.854,471.72,0.001299,97.1589,235.3214,176.9048,-17.7109,0.001592,0.00971,0.6561,0.6489,0.0072,81.6193,large,9.862,True,da=-17.71km[large] | de=+0.00159
STARLINK-36811,SSO,phasing,2026-05-04 09:46:42+00:00,2026-05-04 21:07:42+00:00,11.35,6832.02,453.88,0.002968,97.1789,312.4787,281.4074,17.6033,-0.001433,-0.00739,0.4626,0.4606,0.0019,88.8609,large,9.84,True,da=+17.60km[large] | de=-0.00143
STARLINK-37442,SSO,mixed,2026-05-04 21:23:42+00:00,2026-05-05 01:36:42+00:00,4.22,6710.229,332.09,0.002719,97.2156,330.1927,248.0732,16.8744,-0.001111,-0.01278,0.1906,0.1831,0.0075,-84.0677,large,9.691,True,da=+16.87km[large] | de=-0.00111
STARLINK-36715,SSO,phasing,2026-05-05 09:35:42+00:00,2026-05-05 17:52:42+00:00,8.28,6848.649,470.51,0.001491,97.1579,236.8903,164.3703,-17.389,0.001519,0.00794,0.3355,0.3357,-0.0002,103.9322,large,9.685,True,da=-17.39km[large] | de=+0.00152
STARLINK-36773,SSO,phasing,2026-05-06 01:25:42+00:00,2026-05-06 09:41:42+00:00,8.27,6849.992,471.85,0.001167,97.1702,314.013,185.7523,-17.3166,0.001688,0.01217,0.3432,0.3355,0.0077,100.047,large,9.642,True,da=-17.32km[large] | de=+0.00169
STARLINK-36389,SSO,mixed,2026-05-04 09:46:42+00:00,2026-05-04 21:13:42+00:00,11.45,6850.222,472.08,0.001422,97.1689,312.4308,176.5681,-17.2242,0.001355,0.01179,0.4735,0.4645,0.009,111.778,large,9.59,True,da=-17.22km[large] | de=+0.00135
STARLINK-37447,SSO,mixed,2026-05-05 01:43:42+00:00,2026-05-05 09:37:42+00:00,7.9,6728.896,350.76,0.001237,97.2019,330.381,181.4825,-16.6537,0.001423,0.01452,0.3409,0.3428,-0.0018,65.2857,large,9.524,True,da=-16.65km[large] | de=+0.00142
STARLINK-36705,SSO,phasing,2026-05-04 09:51:42+00:00,2026-05-04 21:09:42+00:00,11.3,6848.163,470.03,0.000908,97.1608,235.9442,198.855,-16.9004,0.002099,0.00598,0.4657,0.4581,0.0076,77.3962,large,9.414,True,da=-16.90km[large] | de=+0.00210
STARLINK-36702,SSO,mixed,2026-05-05 09:39:42+00:00,2026-05-05 17:45:42+00:00,8.1,6832.29,454.15,0.002875,97.1665,236.9314,284.5235,16.82,-0.001898,-0.0094,0.3305,0.3281,0.0024,61.8169,large,9.402,True,da=+16.82km[large] | de=-0.00190
STARLINK-37213,SSO,raising,2026-05-02 17:42:42+00:00,2026-05-03 01:36:42+00:00,7.9,6761.457,383.32,0.00121,97.2672,353.9229,125.2997,16.5199,0.000371,-0.00608,0.3318,0.3367,-0.0048,45.7796,large,9.38,True,da=+16.52km[large]
STARLINK-36389,SSO,mixed,2026-05-06 01:38:42+00:00,2026-05-06 09:56:42+00:00,8.3,6848.013,469.88,0.000883,97.1714,314.0694,340.2763,-16.8305,-0.000287,0.01256,0.3372,0.3372,0.0001,108.0194,large,9.375,True,da=-16.83km[large]
STARLINK-36705,SSO,phasing,2026-05-05 09:43:42+00:00,2026-05-05 17:49:42+00:00,8.1,6832.447,454.31,0.002876,97.1665,236.9301,284.8705,16.7216,-0.001915,-0.00961,0.3303,0.3281,0.0022,61.8006,large,9.347,True,da=+16.72km[large] | de=-0.00192
STARLINK-36999,53deg,raising,2026-05-03 01:31:42+00:00,2026-05-03 09:48:42+00:00,8.28,6820.855,442.72,0.000284,53.2762,65.6575,87.9684,16.6548,0.000568,0.02934,-1.6036,-1.6184,0.0148,112.316,large,9.333,True,da=+16.65km[large] | di=+0.0293deg
STARLINK-37366,SSO,mixed,2026-05-03 09:39:42+00:00,2026-05-03 17:47:42+00:00,8.13,6705.479,327.34,0.001248,97.2082,328.6138,52.4201,16.1811,0.000178,-0.00575,0.3642,0.354,0.0102,124.5156,large,9.303,True,da=+16.18km[large]
STARLINK-36382,SSO,mixed,2026-05-06 01:50:42+00:00,2026-05-06 09:57:42+00:00,8.12,6847.515,469.38,0.00135,97.1706,314.0628,3.1072,-16.6665,-0.000507,0.01215,0.3314,0.3297,0.0016,66.8594,large,9.285,True,da=-16.67km[large]
STARLINK-36687,SSO,phasing,2026-05-03 17:42:42+00:00,2026-05-04 09:52:42+00:00,16.17,6848.134,470.0,0.000854,97.1601,235.3963,341.2726,-16.6241,-0.000188,0.00739,0.6647,0.6554,0.0093,116.2987,large,9.26,True,da=-16.62km[large]
STARLINK-36718,SSO,phasing,2026-05-04 09:47:42+00:00,2026-05-04 21:07:42+00:00,11.33,6832.143,454.01,0.002891,97.1686,235.9775,258.5241,16.5049,-0.002047,-0.01117,0.4672,0.4593,0.0079,84.9197,large,9.226,True,da=+16.50km[large] | de=-0.00205
STARLINK-37471,SSO,phasing,2026-05-04 09:34:42+00:00,2026-05-04 21:24:42+00:00,11.83,6710.744,332.61,0.00296,97.2147,329.66,284.0814,16.0646,-0.002089,-0.00764,0.5115,0.514,-0.0025,-85.7832,large,9.225,True,da=+16.06km[large] | de=-0.00209
STARLINK-36687,SSO,phasing,2026-05-05 17:54:42+00:00,2026-05-05 23:07:42+00:00,5.22,6831.728,453.59,0.002989,97.1653,237.3712,260.9893,16.2589,-0.001402,-0.00695,0.2114,0.2114,-0.0,118.9545,large,9.089,True,da=+16.26km[large] | de=-0.00140
STARLINK-34876,SSO,phasing,2026-05-05 18:14:42+00:00,2026-05-05 22:44:42+00:00,4.5,6917.129,538.99,0.002807,97.5251,357.393,251.9889,16.5092,-0.001637,-0.00737,0.1835,0.1833,0.0002,-64.2208,large,9.059,True,da=+16.51km[large] | de=-0.00164
STARLINK-36782,SSO,mixed,2026-05-02 17:39:42+00:00,2026-05-03 01:52:42+00:00,8.22,6832.448,454.31,0.000687,97.1774,310.835,74.8425,16.1932,0.000873,-0.0111,0.3407,0.3334,0.0074,88.88,large,9.051,True,da=+16.19km[large]
STARLINK-36705,SSO,phasing,2026-05-03 17:46:42+00:00,2026-05-04 09:51:42+00:00,16.08,6831.988,453.85,0.000693,97.1691,235.287,101.7512,16.1751,0.000215,-0.00827,0.6571,0.652,0.0051,97.1039,large,9.042,True,da=+16.18km[large]
STARLINK-5541,mid-inc,mixed,2026-05-04 19:38:42+00:00,2026-05-05 03:13:42+00:00,7.58,6939.892,561.76,0.000732,69.9446,342.6683,95.6059,16.5134,0.00017,0.01928,-0.7952,-0.7998,0.0046,-96.211,large,9.017,True,da=+16.51km[large]
STARLINK-5846,mid-inc,mixed,2026-05-04 19:43:42+00:00,2026-05-05 03:17:42+00:00,7.57,6939.828,561.69,0.002185,69.8985,322.6037,273.1417,16.4732,-0.001145,0.02051,-0.7983,-0.7998,0.0015,-99.7874,large,8.995,True,da=+16.47km[large] | di=+0.0205deg | de=-0.00115
STARLINK-37366,SSO,mixed,2026-05-02 09:35:42+00:00,2026-05-02 17:33:42+00:00,7.97,6695.25,317.11,0.000897,97.2095,327.5617,110.9385,15.6083,4e-05,-0.008,0.3466,0.3486,-0.002,87.865,large,8.994,True,da=+15.61km[large]
STARLINK-36385,SSO,mixed,2026-05-03 17:53:42+00:00,2026-05-04 09:50:42+00:00,15.95,6834.145,456.01,0.002558,97.1677,235.3664,293.496,16.0112,-0.001255,-0.00982,0.6537,0.6458,0.008,66.2562,large,8.946,True,da=+16.01km[large] | de=-0.00125
STARLINK-37442,SSO,mixed,2026-05-06 01:35:42+00:00,2026-05-06 09:44:42+00:00,8.15,6712.584,334.45,0.000932,97.214,331.4238,66.6528,15.581,0.000134,-0.00313,0.358,0.3538,0.0042,124.5456,large,8.943,True,da=+15.58km[large]
STARLINK-36687,SSO,phasing,2026-05-05 23:07:42+00:00,2026-05-06 01:49:42+00:00,2.7,6847.987,469.85,0.001587,97.1583,237.5826,19.9438,-16.0265,0.001377,0.00995,0.1174,0.1094,0.008,-99.2596,large,8.928,True,da=-16.03km[large] | de=+0.00138
STARLINK-37051,53deg,raising,2026-05-04 09:37:42+00:00,2026-05-04 20:59:42+00:00,11.37,6813.452,435.31,0.001394,52.9993,277.7897,245.3525,15.8916,-0.000218,0.03456,-2.2628,-2.244,-0.0188,109.3483,large,8.92,True,da=+15.89km[large] | di=+0.0346deg
STARLINK-36792,SSO,phasing,2026-05-03 17:38:42+00:00,2026-05-04 09:48:42+00:00,16.17,6847.336,469.2,0.000892,97.1706,311.7355,337.8162,-15.9782,-0.000277,0.00935,0.6583,0.6566,0.0017,116.3868,large,8.902,True,da=-15.98km[large]
STARLINK-34030,mid-inc,phasing,2026-05-04 20:30:42+00:00,2026-05-05 02:28:42+00:00,5.97,6940.243,562.11,0.002078,69.9218,332.699,279.6738,16.2839,-0.001182,0.01965,-0.6236,-0.6299,0.0063,-99.283,large,8.891,True,da=+16.28km[large] | de=-0.00118
STARLINK-37051,53deg,raising,2026-05-02 09:37:42+00:00,2026-05-02 17:43:42+00:00,8.1,6786.987,408.85,0.0016,52.9972,287.3183,263.8465,15.7412,-0.000628,0.0392,-1.6339,-1.6211,-0.0128,84.2593,large,8.887,True,da=+15.74km[large] | di=+0.0392deg
STARLINK-37473,SSO,phasing,2026-05-03 01:39:42+00:00,2026-05-03 09:31:42+00:00,7.87,6700.02,321.88,0.002104,97.2042,328.2659,305.1955,15.4006,-0.000631,-0.00162,0.3413,0.3433,-0.002,63.4961,large,8.865,True,da=+15.40km[large]
STARLINK-36811,SSO,phasing,2026-05-03 17:45:42+00:00,2026-05-04 09:46:42+00:00,16.02,6847.93,469.79,0.000899,97.171,311.817,199.8705,-15.9102,0.002069,0.00798,0.6616,0.6503,0.0113,81.5368,large,8.863,True,da=-15.91km[large] | de=+0.00207
STARLINK-34085,mid-inc,mixed,2026-05-05 22:40:42+00:00,2026-05-06 02:16:42+00:00,3.6,6939.972,561.84,0.000713,69.9136,329.9019,83.0938,16.2215,0.000339,0.0216,-0.3874,-0.3802,-0.0072,88.966,large,8.857,True,da=+16.22km[large] | di=+0.0216deg
STARLINK-36792,SSO,phasing,2026-05-04 09:48:42+00:00,2026-05-04 21:02:42+00:00,11.23,6831.358,453.22,0.000614,97.1799,312.3938,94.203,15.816,0.000975,-0.00718,0.466,0.4563,0.0096,62.2363,large,8.843,True,da=+15.82km[large]
STARLINK-34876,SSO,phasing,2026-05-05 22:44:42+00:00,2026-05-06 02:12:42+00:00,3.47,6933.638,555.5,0.00117,97.5178,357.5765,187.7681,-16.1682,0.001573,0.00454,0.1389,0.1412,-0.0023,62.3514,large,8.84,True,da=-16.17km[large] | de=+0.00157
STARLINK-36389,SSO,mixed,2026-05-05 01:53:42+00:00,2026-05-05 09:58:42+00:00,8.08,6831.928,453.79,0.002928,97.178,313.0936,281.0675,15.8127,-0.00204,-0.00544,0.3338,0.3282,0.0056,57.998,large,8.84,True,da=+15.81km[large] | de=-0.00204
STARLINK-36354,SSO,mixed,2026-05-05 23:12:42+00:00,2026-05-06 01:53:42+00:00,2.68,6831.636,453.5,0.000658,97.1797,313.9422,81.0671,15.8037,0.000212,-0.00855,0.1142,0.109,0.0052,-103.3136,large,8.835,True,da=+15.80km[large]
STARLINK-37471,SSO,phasing,2026-05-02 17:39:42+00:00,2026-05-03 01:30:42+00:00,7.85,6710.316,332.18,0.000886,97.2019,327.9033,201.1643,-15.2432,0.002239,0.00527,0.3463,0.3436,0.0027,59.956,large,8.754,True,da=-15.24km[large] | de=+0.00224
STARLINK-36832,SSO,mixed,2026-05-05 09:42:42+00:00,2026-05-05 17:51:42+00:00,8.15,6713.49,335.35,0.002518,97.2157,330.7151,242.5072,15.2522,-0.001048,-0.00784,0.3617,0.3536,0.0081,124.133,large,8.753,True,da=+15.25km[large] | de=-0.00105
STARLINK-37213,SSO,raising,2026-05-05 01:39:42+00:00,2026-05-05 09:40:42+00:00,8.02,6800.399,422.26,0.000909,97.2678,356.2832,201.8715,-15.5121,0.002134,0.01304,0.339,0.3381,0.001,61.5688,large,8.732,True,da=-15.51km[large] | de=+0.00213
STARLINK-34088,mid-inc,phasing,2026-05-04 20:31:42+00:00,2026-05-05 02:28:42+00:00,5.95,6940.56,562.42,0.002051,69.9223,332.692,282.524,15.9774,-0.001124,0.01916,-0.621,-0.6281,0.0071,-103.0256,large,8.723,True,da=+15.98km[large] | de=-0.00112
STARLINK-36718,SSO,phasing,2026-05-05 09:43:42+00:00,2026-05-05 17:50:42+00:00,8.12,6850.076,471.94,0.001265,97.156,236.9629,359.7535,-15.6598,-0.000331,0.00784,0.327,0.3285,-0.0015,65.8281,large,8.719,True,da=-15.66km[large]
STARLINK-37213,SSO,raising,2026-05-03 09:39:42+00:00,2026-05-03 17:42:42+00:00,8.05,6765.528,387.39,0.002747,97.2744,354.5918,250.0549,15.3407,-0.001645,-0.00855,0.3517,0.3427,0.009,77.1748,large,8.702,True,da=+15.34km[large] | de=-0.00165
STARLINK-37446,SSO,phasing,2026-05-02 09:35:42+00:00,2026-05-02 17:32:42+00:00,7.95,6695.633,317.5,0.00097,97.2091,327.5642,115.156,15.0644,-6.7e-05,-0.0074,0.3453,0.3479,-0.0026,84.02,large,8.68,True,da=+15.06km[large]
STARLINK-36354,SSO,mixed,2026-05-03 09:40:42+00:00,2026-05-03 17:57:42+00:00,8.28,6847.213,469.08,0.000907,97.1691,311.4219,336.5878,-15.5578,-0.000289,0.00996,0.3362,0.3364,-0.0002,104.1444,large,8.668,True,da=-15.56km[large]
STARLINK-36773,SSO,phasing,2026-05-03 17:42:42+00:00,2026-05-04 09:54:42+00:00,16.2,6847.559,469.42,0.00086,97.1705,311.7319,338.1059,-15.5485,-0.000183,0.00907,0.661,0.6578,0.0033,124.0007,large,8.662,True,da=-15.55km[large]
STARLINK-36385,SSO,mixed,2026-05-05 09:48:42+00:00,2026-05-05 17:52:42+00:00,8.07,6833.105,454.97,0.00086,97.1656,237.0078,109.0897,15.4939,0.000683,-0.00912,0.3292,0.3267,0.0025,54.3278,large,8.659,True,da=+15.49km[large]
STARLINK-36708,SSO,phasing,2026-05-05 09:42:42+00:00,2026-05-05 17:48:42+00:00,8.1,6849.913,471.78,0.001159,97.1586,236.1236,184.35,-15.5447,0.001395,0.00656,0.3282,0.3279,0.0003,61.839,large,8.656,True,da=-15.54km[large] | de=+0.00140
STARLINK-5846,mid-inc,mixed,2026-05-04 11:14:42+00:00,2026-05-04 19:43:42+00:00,8.48,6955.72,577.58,0.001114,69.9221,323.4916,167.1448,-15.8918,0.001071,-0.02367,-0.8878,-0.8968,0.0089,105.9969,large,8.648,True,da=-15.89km[large] | di=-0.0237deg | de=+0.00107
STARLINK-37460,SSO,phasing,2026-05-05 09:37:42+00:00,2026-05-05 17:32:42+00:00,7.92,6724.742,346.61,0.000919,97.2094,330.7054,206.9099,-15.0865,0.002175,0.00833,0.3535,0.3443,0.0092,69.1058,large,8.636,True,da=-15.09km[large] | de=+0.00218
STARLINK-36718,SSO,phasing,2026-05-03 09:40:42+00:00,2026-05-03 17:46:42+00:00,8.1,6834.414,456.28,0.000945,97.168,234.9938,114.8574,15.4399,0.000353,-0.00906,0.3276,0.328,-0.0003,62.0474,large,8.626,True,da=+15.44km[large]
STARLINK-36382,SSO,mixed,2026-05-04 09:49:42+00:00,2026-05-04 21:11:42+00:00,11.37,6845.503,467.37,0.001575,97.1702,312.4225,159.8644,-15.3932,0.00124,0.01061,0.4626,0.462,0.0005,94.1586,large,8.579,True,da=-15.39km[large] | de=+0.00124
STARLINK-36687,SSO,phasing,2026-05-05 09:37:42+00:00,2026-05-05 17:54:42+00:00,8.28,6847.121,468.98,0.00157,97.1584,237.0379,157.0316,-15.3924,0.001419,0.0069,0.3333,0.3358,-0.0025,103.9577,large,8.576,True,da=-15.39km[large] | de=+0.00142
STARLINK-36811,SSO,phasing,2026-05-02 09:40:42+00:00,2026-05-02 17:45:42+00:00,8.08,6846.737,468.6,0.001602,97.1691,310.4984,24.7444,-15.322,-0.001014,0.00892,0.3361,0.3283,0.0078,58.1834,large,8.537,True,da=-15.32km[large] | de=-0.00101
STARLINK-34559,mid-inc,phasing,2026-05-05 18:14:42+00:00,2026-05-05 22:43:42+00:00,4.48,6939.824,561.69,0.002049,70.0141,170.1023,268.2227,15.6099,-0.001607,0.02623,-0.4627,-0.4713,0.0086,-72.5887,large,8.523,True,da=+15.61km[large] | di=+0.0262deg | de=-0.00161
STARLINK-37051,53deg,raising,2026-05-03 09:39:42+00:00,2026-05-03 17:43:42+00:00,8.07,6799.135,421.0,0.000243,52.9947,282.5209,89.8863,15.1323,0.001243,0.03695,-1.6163,-1.6047,-0.0116,71.6329,large,8.52,True,da=+15.13km[large] | di=+0.0370deg | de=+0.00124
STARLINK-37473,SSO,phasing,2026-05-04 09:35:42+00:00,2026-05-04 21:14:42+00:00,11.65,6713.531,335.39,0.002424,97.2126,329.6684,299.9346,14.7589,-0.000915,-0.00605,0.5062,0.5054,0.0008,-128.9874,large,8.47,True,da=+14.76km[large]
STARLINK-37460,SSO,phasing,2026-05-05 17:32:42+00:00,2026-05-05 23:21:42+00:00,5.82,6709.656,331.52,0.003095,97.2177,331.0589,276.0157,14.5997,-0.002122,-0.00833,0.2478,0.253,-0.0052,-66.4623,large,8.386,True,da=+14.60km[large] | de=-0.00212
STARLINK-36832,SSO,mixed,2026-05-03 17:40:42+00:00,2026-05-04 09:50:42+00:00,16.17,6711.151,333.01,0.001581,97.2059,328.9751,143.641,14.5888,-9.3e-05,-0.00148,0.7015,0.7018,-0.0003,-137.1443,large,8.377,True,da=+14.59km[large]
STARLINK-37446,SSO,phasing,2026-05-05 09:43:42+00:00,2026-05-05 17:40:42+00:00,7.95,6710.437,332.3,0.002936,97.2171,330.7225,256.4248,14.5714,-0.002086,-0.00794,0.3563,0.3456,0.0107,76.945,large,8.368,True,da=+14.57km[large] | de=-0.00209
STARLINK-36715,SSO,phasing,2026-05-05 17:52:42+00:00,2026-05-05 23:05:42+00:00,5.22,6831.26,453.12,0.00301,97.1659,237.2259,268.3025,14.9536,-0.001488,-0.00636,0.2094,0.2116,-0.0022,118.992,large,8.361,True,da=+14.95km[large] | de=-0.00149
STARLINK-36354,SSO,mixed,2026-05-02 17:50:42+00:00,2026-05-03 01:55:42+00:00,8.08,6835.19,457.05,0.002463,97.1745,310.7737,297.1568,14.8277,-0.00126,-0.01043,0.3261,0.3275,-0.0014,57.9763,large,8.283,True,da=+14.83km[large] | de=-0.00126
STARLINK-36773,SSO,phasing,2026-05-02 17:34:42+00:00,2026-05-03 01:51:42+00:00,8.28,6849.474,471.34,0.001033,97.1677,310.7357,190.9387,-14.8497,0.00147,0.0047,0.3438,0.3357,0.0081,103.8488,large,8.269,True,da=-14.85km[large] | de=+0.00147
STARLINK-33860,mid-inc,phasing,2026-05-05 22:34:42+00:00,2026-05-06 01:19:42+00:00,2.75,6955.162,577.03,0.000473,69.9357,329.7701,196.7924,-15.1922,0.000286,-0.02551,-0.301,-0.2906,-0.0104,-102.1876,large,8.268,True,da=-15.19km[large] | di=-0.0255deg
STARLINK-33860,mid-inc,phasing,2026-05-04 20:32:42+00:00,2026-05-05 02:28:42+00:00,5.93,6941.228,563.09,0.000677,69.9224,332.4904,107.267,15.1354,0.000284,0.01792,-0.6169,-0.6262,0.0093,-106.9648,large,8.262,True,da=+15.14km[large]
STARLINK-34019,mid-inc,mixed,2026-05-03 10:09:42+00:00,2026-05-03 18:27:42+00:00,8.3,6956.055,577.92,0.001068,69.9526,336.0398,9.2514,-15.1632,-0.000314,-0.02465,-0.8708,-0.8758,0.005,64.941,large,8.251,True,da=-15.16km[large] | di=-0.0246deg
STARLINK-37473,SSO,phasing,2026-05-02 09:38:42+00:00,2026-05-02 17:37:42+00:00,7.98,6695.777,317.64,0.000876,97.2097,327.5586,109.994,14.3159,-5e-05,-0.00768,0.3471,0.3494,-0.0023,91.8082,large,8.248,True,da=+14.32km[large]
STARLINK-36782,SSO,mixed,2026-05-04 09:46:42+00:00,2026-05-04 21:03:42+00:00,11.28,6834.916,456.78,0.002488,97.1775,312.4867,296.3298,14.7264,-0.000979,-0.00575,0.4577,0.4575,0.0002,73.6166,large,8.227,True,da=+14.73km[large]
STARLINK-36718,SSO,phasing,2026-05-05 01:37:42+00:00,2026-05-05 09:43:42+00:00,8.1,6835.356,457.22,0.002367,97.1681,236.6328,297.9002,14.72,-0.001102,-0.01209,0.3301,0.3278,0.0023,61.8533,large,8.223,True,da=+14.72km[large] | de=-0.00110
STARLINK-34515,mid-inc,mixed,2026-05-05 18:20:42+00:00,2026-05-05 22:50:42+00:00,4.5,6956.489,578.35,0.000792,70.0395,169.9891,357.2718,-15.0948,0.001029,-0.01959,-0.4776,-0.4727,-0.0049,-68.8654,large,8.213,True,da=-15.09km[large] | de=+0.00103
STARLINK-34548,mid-inc,mixed,2026-05-06 02:05:42+00:00,2026-05-06 10:23:42+00:00,8.3,6939.988,561.85,0.002062,70.0144,169.2245,277.0182,14.9711,-0.001705,0.02784,-0.8759,-0.8726,-0.0034,64.8295,large,8.174,True,da=+14.97km[large] | di=+0.0278deg | de=-0.00170
STARLINK-36705,SSO,phasing,2026-05-02 09:39:42+00:00,2026-05-02 17:43:42+00:00,8.07,6831.659,453.52,0.002991,97.1717,233.9696,279.127,14.547,-0.002093,-0.00809,0.3317,0.3273,0.0044,54.1681,large,8.132,True,da=+14.55km[large] | de=-0.00209
STARLINK-34515,mid-inc,mixed,2026-05-06 02:03:42+00:00,2026-05-06 10:22:42+00:00,8.32,6941.916,563.78,0.00178,70.0178,169.1722,291.141,14.7292,-0.000979,0.02742,-0.8642,-0.8734,0.0092,68.5909,large,8.039,True,da=+14.73km[large] | di=+0.0274deg
STARLINK-36782,SSO,mixed,2026-05-03 17:39:42+00:00,2026-05-04 09:46:42+00:00,16.12,6849.295,471.16,0.00102,97.1702,311.8201,191.8025,-14.3792,0.001468,0.00726,0.6667,0.6535,0.0131,104.5273,large,8.008,True,da=-14.38km[large] | de=+0.00147
STARLINK-34548,mid-inc,mixed,2026-05-05 18:21:42+00:00,2026-05-05 22:50:42+00:00,4.48,6954.462,576.33,0.000346,70.036,170.0299,339.3894,-14.7004,0.001724,-0.01902,-0.4588,-0.4715,0.0126,-72.5852,large,8.002,True,da=-14.70km[large] | de=+0.00172
STARLINK-36773,SSO,phasing,2026-05-04 09:54:42+00:00,2026-05-04 21:05:42+00:00,11.18,6832.011,453.87,0.000677,97.1796,312.3929,102.1067,14.1911,0.0009,-0.00643,0.463,0.4543,0.0087,50.7659,large,7.933,True,da=+14.19km[large]
STARLINK-34574,mid-inc,phasing,2026-05-05 18:15:42+00:00,2026-05-05 22:44:42+00:00,4.48,6954.27,576.13,0.00098,70.0359,170.2127,158.595,-14.4233,-0.00015,-0.01879,-0.4587,-0.4715,0.0127,-72.7225,large,7.851,True,da=-14.42km[large]
STARLINK-37442,SSO,mixed,2026-05-05 17:38:42+00:00,2026-05-05 23:16:42+00:00,5.63,6728.155,350.02,0.001082,97.2076,331.0847,349.4653,-13.7149,0.001291,0.00766,0.2387,0.2444,-0.0057,-109.6714,large,7.845,True,da=-13.71km[large] | de=+0.00129
STARLINK-34548,mid-inc,mixed,2026-05-05 10:04:42+00:00,2026-05-05 18:21:42+00:00,8.28,6940.111,561.97,0.002015,70.0139,170.9068,278.3095,14.3516,-0.001669,0.02212,-0.8769,-0.871,-0.0059,61.0799,large,7.836,True,da=+14.35km[large] | di=+0.0221deg | de=-0.00167
STARLINK-5841,mid-inc,phasing,2026-05-03 11:03:42+00:00,2026-05-03 19:22:42+00:00,8.32,6954.088,575.95,0.000392,69.886,306.0746,202.2647,-14.2725,0.001764,-0.01953,-0.8838,-0.8809,-0.0028,68.558,large,7.769,True,da=-14.27km[large] | de=+0.00176
STARLINK-36739,SSO,mixed,2026-05-02 17:37:42+00:00,2026-05-03 01:51:42+00:00,8.23,6847.331,469.19,0.000872,97.1687,310.8026,337.1579,-13.937,-3.8e-05,0.00578,0.329,0.3341,-0.0051,92.6563,large,7.765,True,da=-13.94km[large]
STARLINK-36962,53deg,phasing,2026-05-05 01:36:42+00:00,2026-05-05 09:34:42+00:00,7.97,6815.301,437.16,0.001222,53.2746,56.4112,301.5754,13.8002,-0.00032,0.02038,-1.5549,-1.5623,0.0074,42.7319,large,7.743,True,da=+13.80km[large] | di=+0.0204deg
STARLINK-36795,SSO,mixed,2026-05-05 01:41:42+00:00,2026-05-05 09:44:42+00:00,8.05,6849.522,471.39,0.00106,97.1689,313.0628,190.2504,-13.8419,0.001303,0.00944,0.3273,0.3263,0.001,50.3819,large,7.708,True,da=-13.84km[large] | de=+0.00130
STARLINK-5522,mid-inc,phasing,2026-05-04 11:13:42+00:00,2026-05-04 19:30:42+00:00,8.28,6956.43,578.29,0.000786,69.9228,323.4764,185.9022,-14.084,0.000982,-0.02043,-0.8643,-0.8748,0.0106,61.0911,large,7.663,True,da=-14.08km[large] | di=-0.0204deg
STARLINK-36389,SSO,mixed,2026-05-05 17:53:42+00:00,2026-05-05 23:07:42+00:00,5.23,6850.216,472.08,0.001324,97.1732,313.7505,358.8258,-13.6712,-0.000251,0.00458,0.2187,0.2121,0.0066,123.1731,large,7.612,True,da=-13.67km[large]
STARLINK-36792,SSO,phasing,2026-05-05 17:53:42+00:00,2026-05-05 23:07:42+00:00,5.23,6831.228,453.09,0.003059,97.1832,313.712,268.9731,13.5905,-0.001532,-0.01012,0.2093,0.2128,-0.0034,122.8525,large,7.598,True,da=+13.59km[large] | de=-0.00153
STARLINK-36382,SSO,mixed,2026-05-03 09:42:42+00:00,2026-05-03 17:59:42+00:00,8.28,6846.594,468.46,0.001505,97.1692,311.4264,12.967,-13.6205,-0.000492,0.00846,0.3481,0.3363,0.0118,105.2921,large,7.59,True,da=-13.62km[large]
STARLINK-5522,mid-inc,phasing,2026-05-04 19:30:42+00:00,2026-05-05 03:15:42+00:00,7.75,6942.346,564.21,0.001769,69.9024,322.6121,246.9934,13.8239,-0.001054,0.01651,-0.8218,-0.8186,-0.0032,-58.6446,large,7.544,True,da=+13.82km[large] | de=-0.00105
STARLINK-37023,53deg,lowering,2026-05-06 01:37:42+00:00,2026-05-06 09:40:42+00:00,8.05,6851.561,473.42,0.000656,53.0245,271.9456,204.3839,-13.5139,0.000962,-0.03239,-1.5768,-1.5706,-0.0062,52.1276,large,7.522,True,da=-13.51km[large] | di=-0.0324deg
STARLINK-33946,mid-inc,mixed,2026-05-04 20:31:42+00:00,2026-05-05 02:28:42+00:00,5.95,6940.196,562.06,0.000729,69.921,332.5339,80.0835,13.7758,-0.000308,0.01522,-0.6402,-0.6286,-0.0116,-103.1803,large,7.521,True,da=+13.78km[large]
STARLINK-36382,SSO,mixed,2026-05-02 09:45:42+00:00,2026-05-02 17:51:42+00:00,8.1,6828.917,450.78,0.003003,97.1755,310.4432,264.8106,13.3219,-0.00201,-0.00535,0.34,0.3295,0.0105,62.7758,large,7.452,True,da=+13.32km[large] | de=-0.00201
STARLINK-37405,SSO,mixed,2026-05-03 09:34:42+00:00,2026-05-03 17:45:42+00:00,8.18,6704.321,326.18,0.001417,97.2067,328.6145,42.4785,12.94,-0.000101,-0.00438,0.3665,0.3566,0.0099,138.2863,large,7.441,True,da=+12.94km[large]
STARLINK-36718,SSO,phasing,2026-05-02 17:39:42+00:00,2026-05-03 01:44:42+00:00,8.08,6844.473,466.34,0.001435,97.1635,234.3251,32.9933,-13.3156,-0.00076,0.01004,0.3369,0.3283,0.0087,58.1999,large,7.423,True,da=-13.32km[large]
STARLINK-36718,SSO,phasing,2026-05-04 21:07:42+00:00,2026-05-05 01:37:42+00:00,4.5,6848.648,470.51,0.000844,97.1575,236.4447,343.4438,-13.2919,0.001523,0.01064,0.1881,0.1822,0.0059,-45.5436,large,7.403,True,da=-13.29km[large] | de=+0.00152
STARLINK-36973,53deg,phasing,2026-05-03 17:36:42+00:00,2026-05-04 09:30:42+00:00,15.9,6852.808,474.67,0.001177,53.0148,282.5862,48.3539,-13.3039,-0.000656,-0.01889,-3.1239,-3.1002,-0.0236,54.8214,large,7.403,True,da=-13.30km[large]
STARLINK-34515,mid-inc,mixed,2026-05-05 10:03:42+00:00,2026-05-05 18:20:42+00:00,8.28,6942.932,564.79,0.001618,70.0188,170.8515,296.173,13.5579,-0.000826,0.0207,-0.8624,-0.8698,0.0074,61.0988,large,7.398,True,da=+13.56km[large] | di=+0.0207deg
STARLINK-5841,mid-inc,phasing,2026-05-05 19:21:42+00:00,2026-05-05 21:31:42+00:00,2.17,6941.375,563.24,0.001911,69.8621,300.1536,252.0258,13.4438,-0.000799,0.01922,-0.2275,-0.2294,0.0019,126.7123,large,7.338,True,da=+13.44km[large]
STARLINK-37446,SSO,phasing,2026-05-05 01:38:42+00:00,2026-05-05 09:43:42+00:00,8.08,6723.218,345.08,0.001481,97.2047,330.377,147.8154,-12.7819,0.001455,0.01244,0.3455,0.3515,-0.006,108.6093,large,7.319,True,da=-12.78km[large] | de=+0.00145
STARLINK-36715,SSO,phasing,2026-05-05 23:05:42+00:00,2026-05-06 01:47:42+00:00,2.7,6846.213,468.08,0.001521,97.1595,237.4352,27.2945,-13.1088,0.001215,0.00843,0.1195,0.1095,0.01,-99.2945,large,7.305,True,da=-13.11km[large] | de=+0.00121
STARLINK-34572,mid-inc,mixed,2026-05-04 20:48:42+00:00,2026-05-05 02:05:42+00:00,5.28,6942.859,564.72,0.000731,70.0142,172.4375,65.0007,13.3708,0.000208,0.01866,-0.5687,-0.555,-0.0138,107.1704,large,7.296,True,da=+13.37km[large]
STARLINK-37473,SSO,phasing,2026-05-05 23:16:42+00:00,2026-05-06 01:44:42+00:00,2.47,6727.102,348.96,0.000909,97.2078,331.3077,197.8687,-12.7366,0.000162,0.00522,0.1047,0.107,-0.0023,-137.8079,large,7.287,True,da=-12.74km[large]
STARLINK-36389,SSO,mixed,2026-05-02 09:42:42+00:00,2026-05-02 17:58:42+00:00,8.27,6832.986,454.85,0.0028,97.175,310.4608,287.4885,13.0269,-0.001232,-0.00487,0.3333,0.3356,-0.0023,100.1361,large,7.281,True,da=+13.03km[large] | de=-0.00123
STARLINK-37026,53deg,mixed,2026-05-05 17:52:42+00:00,2026-05-05 23:04:42+00:00,5.2,6846.436,468.3,0.001585,52.9948,273.3775,257.5157,13.0335,-0.000236,0.03304,-1.0084,-1.0103,0.0019,114.1865,large,7.263,True,da=+13.03km[large] | di=+0.0330deg
STARLINK-11207,53deg,mixed,2026-05-03 11:04:42+00:00,2026-05-03 19:06:42+00:00,8.03,6744.419,366.28,0.00136,53.3142,70.6788,175.8357,-12.6422,0.000352,-0.04252,-1.6427,-1.645,0.0023,92.4828,large,7.205,True,da=-12.64km[large] | di=-0.0425deg
STARLINK-36832,SSO,mixed,2026-05-05 01:43:42+00:00,2026-05-05 09:42:42+00:00,7.98,6726.035,347.9,0.00161,97.2037,330.3751,157.5282,-12.5451,0.000909,0.01208,0.34,0.3465,-0.0065,84.9789,large,7.179,True,da=-12.55km[large]
STARLINK-37471,SSO,phasing,2026-05-05 17:40:42+00:00,2026-05-05 23:18:42+00:00,5.63,6715.392,337.25,0.002217,97.2146,331.0666,303.4246,12.4473,-0.001206,-0.00736,0.2378,0.2443,-0.0065,-109.6779,large,7.14,True,da=+12.45km[large] | de=-0.00121
STARLINK-36811,SSO,phasing,2026-05-05 09:45:42+00:00,2026-05-05 17:50:42+00:00,8.08,6843.997,465.86,0.001534,97.1758,313.4563,34.2787,-12.7958,-0.00095,0.00787,0.3387,0.3288,0.0099,58.2049,large,7.134,True,da=-12.80km[large]
STARLINK-11204,53deg,phasing,2026-05-04 11:02:42+00:00,2026-05-04 19:48:42+00:00,8.77,6744.31,366.17,0.001422,53.3094,65.8888,6.47,-12.507,0.0003,-0.04286,-1.8072,-1.7954,-0.0118,-94.5295,large,7.128,True,da=-12.51km[large] | di=-0.0429deg
STARLINK-11207,53deg,mixed,2026-05-03 03:02:42+00:00,2026-05-03 11:04:42+00:00,8.03,6731.963,353.83,0.000327,53.2793,72.3342,83.1095,12.4563,0.001032,0.03492,-1.6554,-1.6448,-0.0106,92.7262,large,7.119,True,da=+12.46km[large] | di=+0.0349deg | de=+0.00103
STARLINK-36768,SSO,mixed,2026-05-05 09:45:42+00:00,2026-05-05 17:50:42+00:00,8.08,6843.965,465.83,0.001132,97.1736,313.3783,214.5199,-12.7229,0.001935,0.00942,0.3389,0.3287,0.0101,57.9453,large,7.094,True,da=-12.72km[large] | de=+0.00194
STARLINK-37213,SSO,raising,2026-05-03 01:36:42+00:00,2026-05-03 09:39:42+00:00,8.05,6777.976,399.84,0.001582,97.2611,354.2548,171.0792,-12.4485,0.001165,0.0133,0.337,0.3429,-0.0059,78.9757,large,7.042,True,da=-12.45km[large] | de=+0.00117
STARLINK-34909,SSO,mixed,2026-05-05 18:21:42+00:00,2026-05-05 22:44:42+00:00,4.38,6931.021,552.88,0.000863,97.5176,357.3641,203.4106,-12.8658,3.7e-05,0.00967,0.1844,0.1787,0.0057,-90.7275,large,7.039,True,da=-12.87km[large]
STARLINK-11241,53deg,phasing,2026-05-04 11:04:42+00:00,2026-05-04 19:49:42+00:00,8.75,6744.495,366.36,0.001264,53.3111,66.2686,180.3883,-12.3436,-0.000894,-0.04334,-1.7891,-1.7917,0.0026,-98.6934,large,7.035,True,da=-12.34km[large] | di=-0.0433deg
STARLINK-36382,SSO,mixed,2026-05-03 17:59:42+00:00,2026-05-04 09:49:42+00:00,15.83,6832.973,454.84,0.001013,97.1776,311.7745,118.2592,12.5299,0.000561,-0.00738,0.648,0.643,0.005,41.6053,large,7.003,True,da=+12.53km[large]
STARLINK-5038,mid-inc,phasing,2026-05-04 11:16:42+00:00,2026-05-04 19:35:42+00:00,8.32,6956.27,578.13,0.000799,69.9706,343.5771,353.1583,-12.8604,0.0,-0.02054,-0.8613,-0.8761,0.0148,68.6664,large,6.997,True,da=-12.86km[large] | di=-0.0205deg
STARLINK-11205,53deg,mixed,2026-05-06 02:59:42+00:00,2026-05-06 11:02:42+00:00,8.05,6731.965,353.83,0.00168,53.0394,222.9352,273.0114,12.214,-0.000259,0.04236,-1.6492,-1.6574,0.0082,96.3731,large,6.98,True,da=+12.21km[large] | di=+0.0424deg
STARLINK-36773,SSO,phasing,2026-05-05 09:42:42+00:00,2026-05-05 17:48:42+00:00,8.1,6849.979,471.84,0.001481,97.1708,313.3695,173.0414,-12.4833,0.000632,0.00909,0.3282,0.3282,-0.0001,61.8625,large,6.951,True,da=-12.48km[large]
STARLINK-36795,SSO,mixed,2026-05-04 21:11:42+00:00,2026-05-05 01:41:42+00:00,4.5,6837.144,459.01,0.002144,97.1784,312.8762,235.8092,12.3781,-0.001085,-0.00953,0.1866,0.1824,0.0043,-45.5589,large,6.912,True,da=+12.38km[large] | de=-0.00108
STARLINK-35464,53deg,mixed,2026-05-05 17:57:42+00:00,2026-05-05 22:57:42+00:00,5.0,6849.554,471.42,0.001306,53.2477,29.1066,177.6953,-12.411,9.8e-05,-0.03232,-0.953,-0.9712,0.0182,70.9464,large,6.911,True,da=-12.41km[large] | di=-0.0323deg
STARLINK-35323,53deg,mixed,2026-05-03 09:53:42+00:00,2026-05-03 18:07:42+00:00,8.23,6859.885,481.75,0.001296,53.1553,350.5822,359.3212,-12.4317,-0.000995,-0.04453,-1.5983,-1.5945,-0.0039,90.9435,large,6.907,True,da=-12.43km[large] | di=-0.0445deg
STARLINK-35148,53deg,mixed,2026-05-06 01:52:42+00:00,2026-05-06 10:05:42+00:00,8.22,6849.92,471.78,0.001237,53.1744,181.4151,181.0943,-12.381,0.000425,-0.03336,-1.6027,-1.5984,-0.0042,91.0265,large,6.894,True,da=-12.38km[large] | di=-0.0334deg
STARLINK-35464,53deg,mixed,2026-05-05 01:56:42+00:00,2026-05-05 10:10:42+00:00,8.23,6837.347,459.21,0.000277,53.2188,32.2226,91.1251,12.3192,0.000854,0.03442,-1.5932,-1.5989,0.0057,95.1172,large,6.878,True,da=+12.32km[large] | di=+0.0344deg
STARLINK-11207,53deg,mixed,2026-05-02 19:00:42+00:00,2026-05-03 03:02:42+00:00,8.03,6744.01,365.87,0.001094,53.3165,73.9687,350.423,-12.0477,-0.000767,-0.03724,-1.6345,-1.6449,0.0104,92.6865,large,6.867,True,da=-12.05km[large] | di=-0.0372deg
STARLINK-34046,mid-inc,mixed,2026-05-05 22:32:42+00:00,2026-05-06 02:19:42+00:00,3.78,6955.603,577.47,0.000574,69.9365,329.868,345.5352,-12.6049,0.000192,-0.02104,-0.4041,-0.3993,-0.0047,130.1717,large,6.859,True,da=-12.60km[large] | di=-0.0210deg
STARLINK-37042,53deg,phasing,2026-05-03 17:39:42+00:00,2026-05-04 09:35:42+00:00,15.93,6824.266,446.13,0.00131,53.3103,63.659,2.476,-12.2466,-0.001021,-0.04472,-3.1378,-3.131,-0.0068,87.9382,large,6.858,True,da=-12.25km[large] | di=-0.0447deg | de=-0.00102
STARLINK-5526,mid-inc,phasing,2026-05-05 19:24:42+00:00,2026-05-05 21:34:42+00:00,2.17,6940.117,561.98,0.002034,69.8937,320.0434,261.9952,12.5536,-0.001024,0.01708,-0.2193,-0.2293,0.0099,126.7405,large,6.854,True,da=+12.55km[large] | de=-0.00102
STARLINK-34760,53deg,phasing,2026-05-05 10:02:42+00:00,2026-05-05 18:17:42+00:00,8.25,6859.746,481.61,0.001226,53.0288,264.1148,357.4969,-12.3171,-0.000912,-0.03571,-1.5963,-1.6023,0.006,94.7963,large,6.844,True,da=-12.32km[large] | di=-0.0357deg
STARLINK-30898,53deg,mixed,2026-05-02 10:35:42+00:00,2026-05-02 18:49:42+00:00,8.23,6847.172,469.04,0.00143,53.3156,111.079,172.9666,-12.2489,0.000277,-0.03475,-1.5925,-1.5986,0.0061,95.894,large,6.824,True,da=-12.25km[large] | di=-0.0347deg
STARLINK-35402,53deg,mixed,2026-05-04 21:01:42+00:00,2026-05-05 02:06:42+00:00,5.08,6847.444,469.31,0.000332,53.1007,343.8731,95.8546,12.2399,0.000864,0.03309,-0.9749,-0.9849,0.01,87.5441,large,6.819,True,da=+12.24km[large] | di=+0.0331deg
STARLINK-34760,53deg,phasing,2026-05-04 10:07:42+00:00,2026-05-04 20:44:42+00:00,10.62,6847.532,469.39,0.001688,52.9902,268.7591,264.9512,12.2246,-0.000453,0.03999,-2.0574,-2.062,0.0045,-81.6875,large,6.81,True,da=+12.22km[large] | di=+0.0400deg
STARLINK-32045,53deg,mixed,2026-05-05 22:15:42+00:00,2026-05-06 02:33:42+00:00,4.3,6859.885,481.75,0.001302,53.29,130.9388,178.1668,-12.2532,-0.000951,-0.03824,-0.8301,-0.83,-0.0001,-92.6188,large,6.808,True,da=-12.25km[large] | di=-0.0382deg
STARLINK-35308,53deg,raising,2026-05-03 09:58:42+00:00,2026-05-03 18:12:42+00:00,8.23,6859.781,481.64,0.00118,53.1446,193.5979,355.5867,-12.2429,-0.000866,-0.03767,-1.5855,-1.5948,0.0093,90.955,large,6.802,True,da=-12.24km[large] | di=-0.0377deg
STARLINK-11204,53deg,phasing,2026-05-06 03:04:42+00:00,2026-05-06 11:07:42+00:00,8.05,6732.579,354.44,0.000424,53.2636,57.6838,78.0736,11.902,0.000927,0.03403,-1.6647,-1.6485,-0.0161,96.5692,large,6.801,True,da=+11.90km[large] | di=+0.0340deg
STARLINK-34393,53deg,mixed,2026-05-06 02:06:42+00:00,2026-05-06 10:21:42+00:00,8.25,6859.71,481.57,0.001232,53.0305,273.8346,357.0259,-12.2405,-0.000927,-0.04075,-1.602,-1.6023,0.0004,94.8406,large,6.801,True,da=-12.24km[large] | di=-0.0407deg
STARLINK-37029,53deg,mixed,2026-05-03 17:42:42+00:00,2026-05-04 09:37:42+00:00,15.92,6803.04,424.9,0.001075,53.3091,63.6908,350.2226,-12.0863,-0.000788,-0.04385,-3.159,-3.1619,0.003,101.173,large,6.8,True,da=-12.09km[large] | di=-0.0439deg
STARLINK-36708,SSO,phasing,2026-05-05 01:37:42+00:00,2026-05-05 09:42:42+00:00,8.08,6837.745,459.61,0.001137,97.1681,235.7955,126.2011,12.1681,2.1e-05,-0.00948,0.3281,0.327,0.0011,58.1489,large,6.793,True,da=+12.17km[large]
STARLINK-30283,53deg,phasing,2026-05-04 11:02:42+00:00,2026-05-05 03:05:42+00:00,16.05,6859.689,481.55,0.001388,53.058,307.6735,6.7919,-12.1704,-0.001064,-0.04147,-3.1188,-3.1153,-0.0035,86.1345,large,6.762,True,da=-12.17km[large] | di=-0.0415deg | de=-0.00106
STARLINK-34528,53deg,mixed,2026-05-02 18:06:42+00:00,2026-05-03 02:20:42+00:00,8.23,6812.254,434.12,0.000432,53.0395,224.5643,80.1465,12.0232,0.000713,0.04303,-1.6257,-1.6264,0.0006,105.7777,large,6.75,True,da=+12.02km[large] | di=+0.0430deg
STARLINK-11206,53deg,phasing,2026-05-04 10:56:42+00:00,2026-05-04 19:43:42+00:00,8.78,6744.256,366.12,0.001492,53.0629,231.2189,169.9697,-11.8379,-0.00103,-0.03707,-1.7851,-1.8088,0.0237,-90.9092,large,6.747,True,da=-11.84km[large] | di=-0.0371deg | de=-0.00103
STARLINK-36739,SSO,mixed,2026-05-06 01:35:42+00:00,2026-05-06 09:39:42+00:00,8.07,6850.044,471.91,0.001286,97.1702,314.0789,358.7845,-12.0837,-8.8e-05,0.01006,0.327,0.3268,0.0001,54.3115,large,6.728,True,da=-12.08km[large]
STARLINK-11237,53deg,mixed,2026-05-05 19:04:42+00:00,2026-05-05 21:45:42+00:00,2.68,6732.567,354.43,0.00051,53.2619,59.1527,76.6292,11.7633,0.000548,0.03741,-0.573,-0.5495,-0.0235,-87.9389,large,6.722,True,da=+11.76km[large] | di=+0.0374deg
STARLINK-35290,53deg,phasing,2026-05-03 09:54:42+00:00,2026-05-03 18:09:42+00:00,8.25,6859.623,481.49,0.001097,53.144,193.5849,351.9163,-12.094,-0.000771,-0.03718,-1.5858,-1.5981,0.0123,94.7774,large,6.72,True,da=-12.09km[large] | di=-0.0372deg
STARLINK-37442,SSO,mixed,2026-05-02 09:43:42+00:00,2026-05-02 17:42:42+00:00,7.98,6707.374,329.24,0.001668,97.2019,327.5744,159.2731,-11.687,0.001267,0.008,0.3475,0.3497,-0.0022,92.1074,large,6.716,True,da=-11.69km[large] | de=+0.00127
STARLINK-37460,SSO,phasing,2026-05-06 01:39:42+00:00,2026-05-06 09:36:42+00:00,7.95,6723.365,345.23,0.001548,97.2079,331.4051,32.3466,-11.7031,-0.000737,0.01097,0.356,0.3457,0.0104,77.2674,large,6.701,True,da=-11.70km[large]
STARLINK-31772,53deg,mixed,2026-05-05 10:30:42+00:00,2026-05-05 18:45:42+00:00,8.25,6847.817,469.68,0.001647,53.1847,17.6461,259.5972,12.0016,-0.000481,0.0312,-1.6133,-1.5951,-0.0182,94.5436,large,6.686,True,da=+12.00km[large] | di=+0.0312deg
STARLINK-5541,mid-inc,mixed,2026-05-04 11:20:42+00:00,2026-05-04 19:38:42+00:00,8.3,6952.143,574.01,0.001031,69.964,343.5559,30.6531,-12.2501,-0.000299,-0.01937,-0.8876,-0.8763,-0.0113,64.9528,large,6.671,True,da=-12.25km[large]
STARLINK-36962,53deg,phasing,2026-05-06 01:38:42+00:00,2026-05-06 09:38:42+00:00,8.0,6828.073,449.94,0.000335,53.2574,51.7195,94.2988,11.9218,0.000968,0.01633,-1.5785,-1.5601,-0.0184,44.1429,large,6.67,True,da=+11.92km[large]
STARLINK-35418,53deg,mixed,2026-05-05 17:57:42+00:00,2026-05-05 23:03:42+00:00,5.1,6847.73,469.59,0.000396,53.2101,29.2603,97.6022,11.9613,0.000697,0.03823,-0.9716,-0.9854,0.0139,91.3098,large,6.663,True,da=+11.96km[large] | di=+0.0382deg
STARLINK-34559,mid-inc,phasing,2026-05-05 22:43:42+00:00,2026-05-06 02:08:42+00:00,3.42,6955.434,577.3,0.000441,70.0403,169.6395,195.634,-12.237,0.001148,-0.02139,-0.356,-0.3588,0.0028,47.6387,large,6.659,True,da=-12.24km[large] | di=-0.0214deg | de=+0.00115
STARLINK-34548,mid-inc,mixed,2026-05-04 20:43:42+00:00,2026-05-05 02:07:42+00:00,5.4,6954.323,576.19,0.001005,70.0319,172.3033,158.829,-12.2292,0.000763,-0.02033,-0.5674,-0.5677,0.0003,133.2101,large,6.657,True,da=-12.23km[large] | di=-0.0203deg
STARLINK-34492,53deg,mixed,2026-05-02 18:07:42+00:00,2026-05-03 02:22:42+00:00,8.25,6859.407,481.27,0.001109,53.0744,225.4412,352.0105,-11.9791,-0.000804,-0.03298,-1.5884,-1.6007,0.0123,94.7786,large,6.656,True,da=-11.98km[large] | di=-0.0330deg
STARLINK-5841,mid-inc,phasing,2026-05-04 19:53:42+00:00,2026-05-05 03:18:42+00:00,7.42,6954.755,576.62,0.00109,69.8852,302.6214,19.2846,-12.2269,0.000688,-0.01977,-0.7799,-0.785,0.0051,-133.4756,large,6.655,True,da=-12.23km[large]
STARLINK-31780,53deg,lowering,2026-05-04 20:10:42+00:00,2026-05-05 02:49:42+00:00,6.65,6847.795,469.66,0.000401,53.1913,20.6168,97.2915,11.9109,0.000791,0.03545,-1.2728,-1.2855,0.0127,87.3139,large,6.635,True,da=+11.91km[large] | di=+0.0355deg
STARLINK-32001,53deg,mixed,2026-05-05 22:13:42+00:00,2026-05-06 02:33:42+00:00,4.33,6859.508,481.37,0.00108,53.2898,130.5824,350.6007,-11.9393,0.00062,-0.03656,-0.8289,-0.8366,0.0076,-84.7128,large,6.634,True,da=-11.94km[large] | di=-0.0366deg
STARLINK-35031,53deg,phasing,2026-05-04 10:08:42+00:00,2026-05-04 20:45:42+00:00,10.62,6835.518,457.38,0.001668,53.0994,343.6679,258.1438,11.8656,-0.00041,0.03124,-2.0786,-2.0698,-0.0088,-75.0566,large,6.628,True,da=+11.87km[large] | di=+0.0312deg
STARLINK-36708,SSO,phasing,2026-05-04 21:07:42+00:00,2026-05-05 01:37:42+00:00,4.5,6849.647,471.51,0.001415,97.1589,235.6068,171.8453,-11.9017,-0.000277,0.00921,0.1888,0.1821,0.0067,-45.6442,large,6.627,True,da=-11.90km[large]
STARLINK-5846,mid-inc,mixed,2026-05-05 21:39:42+00:00,2026-05-06 03:03:42+00:00,5.4,6954.585,576.45,0.000454,69.9139,319.8713,339.9254,-12.1724,0.000312,-0.02066,-0.5709,-0.5708,-0.0001,133.423,large,6.625,True,da=-12.17km[large] | di=-0.0207deg
STARLINK-34826,53deg,mixed,2026-05-03 18:06:42+00:00,2026-05-04 10:06:42+00:00,16.0,6859.79,481.65,0.001409,53.0311,272.2263,6.1583,-11.9073,-0.000981,-0.03962,-3.1023,-3.1071,0.0048,74.6152,large,6.616,True,da=-11.91km[large] | di=-0.0396deg
STARLINK-32848,53deg,mixed,2026-05-02 18:18:42+00:00,2026-05-03 02:35:42+00:00,8.28,6855.1,476.96,0.001396,53.3025,58.0631,173.6731,-11.8881,0.000259,-0.03843,-1.6059,-1.6022,-0.0037,104.0787,large,6.612,True,da=-11.89km[large] | di=-0.0384deg
STARLINK-31706,53deg,mixed,2026-05-02 18:33:42+00:00,2026-05-03 02:46:42+00:00,8.22,6859.629,481.49,0.001136,53.2523,32.0943,353.2255,-11.8979,-0.000726,-0.03809,-1.5723,-1.5875,0.0153,87.1132,large,6.611,True,da=-11.90km[large] | di=-0.0381deg
STARLINK-32018,53deg,mixed,2026-05-05 18:39:42+00:00,2026-05-05 22:15:42+00:00,3.6,6847.395,469.26,0.000293,53.2512,131.6026,88.7306,11.8527,0.000629,0.03608,-0.6848,-0.6951,0.0103,106.8717,large,6.603,True,da=+11.85km[large] | di=+0.0361deg
STARLINK-34760,53deg,phasing,2026-05-03 18:07:42+00:00,2026-05-04 10:07:42+00:00,16.0,6859.389,481.25,0.001042,53.0301,271.868,190.5273,-11.8574,0.000645,-0.03995,-3.1089,-3.1078,-0.0011,74.4239,large,6.589,True,da=-11.86km[large] | di=-0.0400deg
STARLINK-35131,53deg,phasing,2026-05-04 10:08:42+00:00,2026-05-04 20:44:42+00:00,10.6,6859.712,481.57,0.001373,53.1441,346.2147,5.7601,-11.852,0.000233,-0.04247,-2.0687,-2.0532,-0.0155,-85.5352,large,6.585,True,da=-11.85km[large] | di=-0.0425deg
STARLINK-11207,53deg,mixed,2026-05-02 10:58:42+00:00,2026-05-02 19:00:42+00:00,8.03,6732.507,354.37,0.001643,53.2792,75.6335,257.9461,11.5037,-0.000549,0.03731,-1.6648,-1.6447,-0.0201,92.4769,large,6.574,True,da=+11.50km[large] | di=+0.0373deg
STARLINK-31613,53deg,mixed,2026-05-05 18:40:42+00:00,2026-05-05 22:16:42+00:00,3.6,6847.692,469.56,0.001699,53.178,16.1994,265.3321,11.7248,-0.000243,0.03776,-0.6897,-0.6962,0.0065,106.6187,large,6.532,True,da=+11.72km[large] | di=+0.0378deg
STARLINK-34523,53deg,mixed,2026-05-02 18:10:42+00:00,2026-05-03 02:23:42+00:00,8.22,6812.749,434.61,0.00057,53.0409,224.599,74.5172,11.6302,0.000755,0.04179,-1.6347,-1.6228,-0.0119,101.9283,large,6.529,True,da=+11.63km[large] | di=+0.0418deg
STARLINK-32194,53deg,mixed,2026-05-05 10:31:42+00:00,2026-05-05 18:48:42+00:00,8.28,6859.821,481.68,0.001251,53.2596,33.2398,181.4912,-11.7429,0.000358,-0.04187,-1.6171,-1.6,-0.0171,102.2116,large,6.524,True,da=-11.74km[large] | di=-0.0419deg
STARLINK-37447,SSO,mixed,2026-05-06 01:39:42+00:00,2026-05-06 09:35:42+00:00,7.93,6711.377,333.24,0.000866,97.2148,331.4234,72.4144,11.3636,0.000665,-0.0012,0.3547,0.3451,0.0097,73.3336,large,6.524,True,da=+11.36km[large]
STARLINK-36739,SSO,mixed,2026-05-05 09:38:42+00:00,2026-05-05 17:53:42+00:00,8.25,6834.014,455.88,0.002638,97.1797,313.4289,292.5166,11.6741,-0.001067,-0.0042,0.3319,0.3351,-0.0032,96.3311,large,6.523,True,da=+11.67km[large] | de=-0.00107
STARLINK-11204,53deg,phasing,2026-05-02 10:54:42+00:00,2026-05-02 18:58:42+00:00,8.07,6744.274,366.14,0.001134,53.3175,75.7572,186.8689,-11.4376,0.000397,-0.03619,-1.6738,-1.6512,-0.0226,100.315,large,6.519,True,da=-11.44km[large] | di=-0.0362deg
STARLINK-11251,53deg,phasing,2026-05-05 19:10:42+00:00,2026-05-05 21:51:42+00:00,2.68,6743.865,365.73,0.001036,53.2992,59.3399,349.1614,-11.436,0.000655,-0.03677,-0.5346,-0.5496,0.0151,-87.7225,large,6.519,True,da=-11.44km[large] | di=-0.0368deg
STARLINK-34680,53deg,phasing,2026-05-05 10:02:42+00:00,2026-05-05 18:19:42+00:00,8.28,6847.496,469.36,0.000319,52.9895,264.6451,90.047,11.6996,0.000668,0.04109,-1.5935,-1.609,0.0155,102.4399,large,6.518,True,da=+11.70km[large] | di=+0.0411deg
STARLINK-31773,53deg,phasing,2026-05-05 18:39:42+00:00,2026-05-05 22:15:42+00:00,3.6,6859.226,481.09,0.00091,53.22,18.1509,345.726,-11.7227,-0.000628,-0.03528,-0.686,-0.6962,0.0101,106.8461,large,6.514,True,da=-11.72km[large] | di=-0.0353deg
STARLINK-37162,53deg,mixed,2026-05-03 01:42:42+00:00,2026-05-03 09:47:42+00:00,8.08,6812.159,434.02,0.001667,53.2773,66.7718,277.9293,11.5976,-0.000635,0.03135,-1.5908,-1.5884,-0.0024,70.8341,large,6.511,True,da=+11.60km[large] | di=+0.0314deg
STARLINK-34680,53deg,phasing,2026-05-03 02:02:42+00:00,2026-05-03 10:16:42+00:00,8.23,6859.5,481.36,0.001063,53.0288,275.5147,189.2998,-11.7174,0.000581,-0.03899,-1.6151,-1.5991,-0.016,90.7409,large,6.511,True,da=-11.72km[large] | di=-0.0390deg
STARLINK-30321,53deg,mixed,2026-05-04 10:54:42+00:00,2026-05-04 19:54:42+00:00,9.0,6859.325,481.19,0.00098,53.0574,307.3109,191.5707,-11.6882,-0.000619,-0.03691,-1.7613,-1.7469,-0.0143,-93.1636,large,6.495,True,da=-11.69km[large] | di=-0.0369deg
STARLINK-31706,53deg,mixed,2026-05-05 22:11:42+00:00,2026-05-06 02:35:42+00:00,4.4,6847.723,469.59,0.00035,53.1852,17.4797,83.0799,11.6577,0.001158,0.03234,-0.8437,-0.8508,0.0071,-69.6468,large,6.494,True,da=+11.66km[large] | di=+0.0323deg | de=+0.00116
STARLINK-37405,SSO,mixed,2026-05-06 01:36:42+00:00,2026-05-06 09:41:42+00:00,8.08,6716.015,337.88,0.001141,97.2123,331.4167,54.5737,11.3165,0.000454,-0.00093,0.3614,0.3506,0.0107,108.8081,large,6.491,True,da=+11.32km[large]
STARLINK-37163,53deg,mixed,2026-05-02 17:35:42+00:00,2026-05-03 01:39:42+00:00,8.07,6812.59,434.45,0.000544,53.281,68.5583,104.2641,11.5412,0.000872,0.0334,-1.5856,-1.5846,-0.001,67.1411,large,6.479,True,da=+11.54km[large] | di=+0.0334deg
STARLINK-31773,53deg,phasing,2026-05-05 22:15:42+00:00,2026-05-06 02:37:42+00:00,4.37,6847.503,469.37,0.000282,53.1847,17.4648,92.5722,11.6164,0.0012,0.03218,-0.8279,-0.8445,0.0165,-77.3026,large,6.472,True,da=+11.62km[large] | di=+0.0322deg | de=+0.00120
STARLINK-34909,SSO,mixed,2026-05-04 10:05:42+00:00,2026-05-04 20:48:42+00:00,10.72,6920.138,542.0,0.001045,97.5277,356.0582,120.5972,11.7973,0.000503,-0.00726,0.4293,0.4366,-0.0073,-101.3853,large,6.469,True,da=+11.80km[large]
STARLINK-11251,53deg,phasing,2026-05-05 11:08:42+00:00,2026-05-05 19:10:42+00:00,8.03,6732.555,354.42,0.001616,53.2668,61.0093,256.676,11.3108,-0.000579,0.03235,-1.6694,-1.6453,-0.0241,92.4854,large,6.463,True,da=+11.31km[large] | di=+0.0324deg
STARLINK-31580,53deg,mixed,2026-05-03 18:38:42+00:00,2026-05-04 10:47:42+00:00,16.15,6847.671,469.53,0.000373,53.2042,27.5229,83.5272,11.596,0.000597,0.03265,-3.1142,-3.1216,0.0074,109.0611,large,6.46,True,da=+11.60km[large] | di=+0.0327deg
STARLINK-33860,mid-inc,phasing,2026-05-02 10:07:42+00:00,2026-05-02 18:25:42+00:00,8.3,6944.458,566.32,0.001531,69.9412,338.6268,301.8185,11.8413,-0.000468,0.01531,-0.8589,-0.8746,0.0157,64.8418,large,6.459,True,da=+11.84km[large]
STARLINK-37063,53deg,mixed,2026-05-03 17:39:42+00:00,2026-05-04 09:39:42+00:00,16.0,6859.217,481.08,0.001439,53.0337,282.6561,13.2759,-11.6222,-0.001155,-0.04089,-3.1117,-3.1076,-0.0041,74.6184,large,6.458,True,da=-11.62km[large] | di=-0.0409deg | de=-0.00115
STARLINK-34826,53deg,mixed,2026-05-02 09:53:42+00:00,2026-05-02 18:10:42+00:00,8.28,6859.15,481.01,0.001414,53.0286,278.457,167.5691,-11.6194,0.000258,-0.03548,-1.5948,-1.609,0.0142,102.2096,large,6.457,True,da=-11.62km[large] | di=-0.0355deg
STARLINK-31696,53deg,mixed,2026-05-02 18:33:42+00:00,2026-05-03 02:47:42+00:00,8.23,6847.833,469.7,0.001638,53.2127,30.0977,280.6331,11.5803,-0.000156,0.03414,-1.571,-1.5909,0.0199,90.7438,large,6.451,True,da=+11.58km[large] | di=+0.0341deg
STARLINK-37162,53deg,mixed,2026-05-06 01:40:42+00:00,2026-05-06 09:44:42+00:00,8.07,6823.727,445.59,0.001454,53.2941,52.6321,14.7974,-11.4965,-0.00106,-0.04066,-1.5911,-1.5858,-0.0053,67.099,large,6.438,True,da=-11.50km[large] | di=-0.0407deg | de=-0.00106
STARLINK-32009,53deg,mixed,2026-05-05 22:17:42+00:00,2026-05-06 02:35:42+00:00,4.3,6847.833,469.7,0.000405,53.2504,131.1242,81.0206,11.5442,0.000593,0.03705,-0.8519,-0.8301,-0.0218,-92.5763,large,6.431,True,da=+11.54km[large] | di=+0.0370deg
STARLINK-36782,SSO,mixed,2026-05-05 09:38:42+00:00,2026-05-05 17:53:42+00:00,8.25,6847.261,469.12,0.001589,97.1743,313.4587,22.4521,-11.5316,-0.00054,0.00714,0.3478,0.3348,0.0129,96.5824,large,6.425,True,da=-11.53km[large]
STARLINK-34492,53deg,mixed,2026-05-06 02:08:42+00:00,2026-05-06 10:23:42+00:00,8.25,6859.588,481.45,0.001419,53.1072,209.9518,8.4255,-11.5582,-0.000926,-0.03258,-1.6199,-1.5992,-0.0207,94.7951,large,6.422,True,da=-11.56km[large] | di=-0.0326deg
STARLINK-37370,SSO,mixed,2026-05-04 09:36:42+00:00,2026-05-04 21:15:42+00:00,11.65,6717.56,339.42,0.001938,97.2109,329.6723,309.8884,11.1976,-0.000604,-0.00485,0.5037,0.5047,-0.001,-129.0006,large,6.42,True,da=+11.20km[large]
STARLINK-36792,SSO,phasing,2026-05-05 23:07:42+00:00,2026-05-06 01:38:42+00:00,2.52,6844.818,466.68,0.001527,97.1731,313.9214,31.8255,-11.5152,0.00119,0.00585,0.1046,0.1022,0.0024,-141.3566,large,6.419,True,da=-11.52km[large] | de=+0.00119
STARLINK-36389,SSO,mixed,2026-05-05 23:07:42+00:00,2026-05-06 01:38:42+00:00,2.52,6836.545,458.41,0.001073,97.1778,313.9693,121.9989,11.4675,-0.000191,-0.00637,0.1001,0.1021,-0.002,-141.7226,large,6.404,True,da=+11.47km[large]
STARLINK-11206,53deg,phasing,2026-05-05 11:05:42+00:00,2026-05-05 19:08:42+00:00,8.05,6732.162,354.03,0.00038,53.0339,226.2525,99.4113,11.1816,0.000515,0.03583,-1.6314,-1.658,0.0266,96.6402,large,6.39,True,da=+11.18km[large] | di=+0.0358deg
STARLINK-32262,53deg,mixed,2026-05-06 02:38:42+00:00,2026-05-06 10:38:42+00:00,8.0,6731.569,353.43,0.000292,53.1329,190.2276,195.1977,-11.1577,0.000879,-0.02863,-1.6815,-1.6553,-0.0262,89.7243,large,6.377,True,da=-11.16km[large] | di=-0.0286deg
STARLINK-35031,53deg,phasing,2026-05-06 02:04:42+00:00,2026-05-06 10:11:42+00:00,8.12,6835.047,456.91,0.000361,53.0759,335.8692,94.2041,11.4063,0.001152,0.03518,-1.5898,-1.5838,-0.006,69.2504,large,6.372,True,da=+11.41km[large] | di=+0.0352deg | de=+0.00115
STARLINK-36832,SSO,mixed,2026-05-03 09:42:42+00:00,2026-05-03 17:40:42+00:00,7.97,6700.098,321.96,0.001182,97.2088,328.6131,56.9609,11.0533,0.000399,-0.00287,0.362,0.3483,0.0137,86.6801,large,6.362,True,da=+11.05km[large]
STARLINK-32018,53deg,mixed,2026-05-02 10:21:42+00:00,2026-05-02 18:37:42+00:00,8.27,6859.792,481.66,0.001413,53.257,147.128,7.1802,-11.447,-0.000833,-0.03177,-1.6155,-1.5966,-0.0189,98.637,large,6.36,True,da=-11.45km[large] | di=-0.0318deg
STARLINK-34528,53deg,mixed,2026-05-04 10:16:42+00:00,2026-05-04 20:41:42+00:00,10.42,6823.394,445.26,0.001482,53.0902,216.6411,16.8341,-11.3429,0.000205,-0.03411,-2.0641,-2.0577,-0.0065,-108.925,large,6.353,True,da=-11.34km[large] | di=-0.0341deg
STARLINK-32015,53deg,mixed,2026-05-04 10:27:42+00:00,2026-05-04 20:10:42+00:00,9.72,6847.446,469.31,0.000324,53.2403,137.4313,91.5492,11.402,0.001159,0.04024,-1.8883,-1.8767,-0.0116,71.603,large,6.352,True,da=+11.40km[large] | di=+0.0402deg | de=+0.00116
STARLINK-34496,53deg,phasing,2026-05-04 10:23:42+00:00,2026-05-04 20:49:42+00:00,10.43,6823.199,445.06,0.001469,53.09,216.6731,17.3675,-11.3171,0.000233,-0.03395,-2.0718,-2.0611,-0.0106,-104.9845,large,6.339,True,da=-11.32km[large] | di=-0.0340deg
STARLINK-35367,53deg,mixed,2026-05-02 18:02:42+00:00,2026-05-03 02:08:42+00:00,8.1,6835.201,457.06,0.000394,53.2701,119.492,99.7961,11.3337,0.001048,0.03516,-1.5843,-1.5733,-0.011,65.4111,large,6.331,True,da=+11.33km[large] | di=+0.0352deg | de=+0.00105
STARLINK-32262,53deg,mixed,2026-05-05 22:26:42+00:00,2026-05-06 02:38:42+00:00,4.2,6720.52,342.38,0.001224,53.0978,191.0734,282.9283,11.0492,-0.000932,0.03512,-0.8458,-0.869,0.0233,-87.7306,large,6.331,True,da=+11.05km[large] | di=+0.0351deg
STARLINK-34030,mid-inc,phasing,2026-05-04 10:18:42+00:00,2026-05-04 20:30:42+00:00,10.2,6951.865,573.73,0.001039,69.9412,333.7644,147.9625,-11.6218,0.001039,-0.01946,-1.0654,-1.0781,0.0127,131.7113,large,6.329,True,da=-11.62km[large] | de=+0.00104
STARLINK-37405,SSO,mixed,2026-05-05 17:40:42+00:00,2026-05-05 23:19:42+00:00,5.65,6726.796,348.66,0.000864,97.2085,331.0809,341.3601,-11.0546,0.001294,0.00608,0.2378,0.2451,-0.0073,-105.7446,large,6.325,True,da=-11.05km[large] | de=+0.00129
STARLINK-11246,53deg,phasing,2026-05-06 03:02:42+00:00,2026-05-06 11:06:42+00:00,8.07,6732.171,354.03,0.000334,53.2623,57.6165,98.0323,11.0656,0.000514,0.03134,-1.6317,-1.6528,0.021,100.4814,large,6.324,True,da=+11.07km[large] | di=+0.0313deg
STARLINK-34876,SSO,phasing,2026-05-04 20:46:42+00:00,2026-05-05 02:08:42+00:00,5.37,6915.303,537.17,0.000504,97.5288,356.522,86.7953,11.51,0.00081,-0.00896,0.2132,0.2192,-0.0061,131.4176,large,6.318,True,da=+11.51km[large]
STARLINK-35336,53deg,mixed,2026-05-04 21:02:42+00:00,2026-05-05 02:05:42+00:00,5.05,6859.69,481.55,0.001186,53.1238,202.0978,354.8614,-11.367,-0.000653,-0.03142,-0.9603,-0.9784,0.0181,79.8662,large,6.316,True,da=-11.37km[large] | di=-0.0314deg
STARLINK-37042,53deg,phasing,2026-05-05 09:44:42+00:00,2026-05-05 17:48:42+00:00,8.07,6812.44,434.3,0.001647,53.2607,55.7615,280.0513,11.2486,-0.000665,0.03412,-1.5895,-1.5856,-0.0039,66.979,large,6.315,True,da=+11.25km[large] | di=+0.0341deg
STARLINK-34572,mid-inc,mixed,2026-05-03 18:08:42+00:00,2026-05-04 10:22:42+00:00,16.23,6955.466,577.33,0.000466,70.0251,175.2337,193.4372,-11.5921,0.001022,-0.0123,-1.6981,-1.7055,0.0074,47.443,large,6.308,True,da=-11.59km[large] | de=+0.00102
STARLINK-35462,53deg,mixed,2026-05-04 20:56:42+00:00,2026-05-05 01:57:42+00:00,5.02,6847.443,469.31,0.001692,53.2183,32.6999,270.8268,11.3187,-0.000829,0.03351,-0.9803,-0.9695,-0.0107,72.0207,large,6.306,True,da=+11.32km[large] | di=+0.0335deg
STARLINK-5873,mid-inc,phasing,2026-05-04 19:45:42+00:00,2026-05-05 03:14:42+00:00,7.48,6944.838,566.7,0.0008,69.9061,322.765,123.1167,11.5575,0.000234,0.01268,-0.7742,-0.7898,0.0156,-118.7413,large,6.304,True,da=+11.56km[large]
STARLINK-32045,53deg,mixed,2026-05-02 10:27:42+00:00,2026-05-02 18:34:42+00:00,8.12,6859.374,481.24,0.001469,53.2556,147.1482,12.6949,-11.3369,-0.000994,-0.03143,-1.5677,-1.568,0.0003,64.125,large,6.3,True,da=-11.34km[large] | di=-0.0314deg
STARLINK-37405,SSO,mixed,2026-05-04 21:24:42+00:00,2026-05-05 01:39:42+00:00,4.25,6715.507,337.37,0.00214,97.2138,330.1856,236.2286,10.9788,-0.000592,-0.01042,0.1938,0.1843,0.0094,-76.4682,large,6.298,True,da=+10.98km[large]
STARLINK-37042,53deg,phasing,2026-05-02 17:36:42+00:00,2026-05-03 01:40:42+00:00,8.07,6823.397,445.26,0.000892,53.3138,68.4017,196.2017,-11.2387,0.000759,-0.03661,-1.5973,-1.5852,-0.0121,66.988,large,6.294,True,da=-11.24km[large] | di=-0.0366deg
STARLINK-30923,53deg,raising,2026-05-03 02:51:42+00:00,2026-05-03 10:59:42+00:00,8.13,6852.732,474.59,0.001367,53.319,107.9182,2.2308,-11.3052,-0.0007,-0.03693,-1.5624,-1.5743,0.0119,70.8732,large,6.291,True,da=-11.31km[large] | di=-0.0369deg
STARLINK-35298,53deg,mixed,2026-05-05 17:59:42+00:00,2026-05-05 23:02:42+00:00,5.05,6858.877,480.74,0.000878,53.1659,182.9003,196.4536,-11.2929,0.000777,-0.02965,-0.9937,-0.9778,-0.0159,79.6452,large,6.276,True,da=-11.29km[large] | di=-0.0296deg
STARLINK-34375,53deg,mixed,2026-05-02 18:07:42+00:00,2026-05-03 02:22:42+00:00,8.25,6813.248,435.11,0.00068,53.0425,224.5949,70.7009,11.1785,0.000612,0.04037,-1.6406,-1.6291,-0.0115,109.6605,large,6.275,True,da=+11.18km[large] | di=+0.0404deg
STARLINK-35445,53deg,mixed,2026-05-03 18:02:42+00:00,2026-05-04 10:07:42+00:00,16.08,6859.462,481.33,0.0014,53.2665,38.3107,9.3668,-11.293,-0.00088,-0.04001,-3.125,-3.1063,-0.0187,93.7813,large,6.275,True,da=-11.29km[large] | di=-0.0400deg
STARLINK-35035,53deg,mixed,2026-05-04 10:06:42+00:00,2026-05-04 20:42:42+00:00,10.6,6847.8,469.66,0.000424,53.0724,333.2837,100.132,11.259,0.00102,0.03008,-2.0358,-2.0552,0.0194,-85.7703,large,6.272,True,da=+11.26km[large] | di=+0.0301deg | de=+0.00102
STARLINK-31954,53deg,mixed,2026-05-05 02:32:42+00:00,2026-05-05 10:40:42+00:00,8.13,6847.669,469.53,0.001668,53.2427,134.846,277.6173,11.2508,-0.00073,0.04044,-1.5748,-1.5707,-0.0042,67.7897,large,6.268,True,da=+11.25km[large] | di=+0.0404deg
STARLINK-30913,53deg,mixed,2026-05-02 10:35:42+00:00,2026-05-02 18:52:42+00:00,8.28,6835.949,457.81,0.001546,53.2792,111.0635,254.1836,11.2174,-0.00022,0.03941,-1.6208,-1.6079,-0.0129,107.4348,large,6.265,True,da=+11.22km[large] | di=+0.0394deg
STARLINK-32189,53deg,mixed,2026-05-05 10:29:42+00:00,2026-05-05 18:45:42+00:00,8.27,6859.643,481.51,0.001148,53.2592,33.2252,185.4411,-11.261,0.000458,-0.04154,-1.6173,-1.5967,-0.0205,98.4108,large,6.257,True,da=-11.26km[large] | di=-0.0415deg
STARLINK-37447,SSO,mixed,2026-05-03 09:32:42+00:00,2026-05-03 17:45:42+00:00,8.22,6705.164,327.03,0.001478,97.2059,328.6148,38.8746,10.8727,-0.000279,-0.00348,0.3672,0.3581,0.0091,146.604,large,6.251,True,da=+10.87km[large]
STARLINK-37037,53deg,phasing,2026-05-03 09:40:42+00:00,2026-05-03 17:46:42+00:00,8.1,6846.444,468.31,0.001484,53.0306,284.1375,14.8258,-11.1798,-0.00108,-0.03296,-1.5847,-1.5833,-0.0013,65.4229,large,6.23,True,da=-11.18km[large] | di=-0.0330deg | de=-0.00108
STARLINK-35270,53deg,mixed,2026-05-06 02:04:42+00:00,2026-05-06 10:10:42+00:00,8.1,6835.456,457.32,0.000446,53.2863,104.0654,100.6387,11.1527,0.001041,0.03479,-1.5738,-1.5726,-0.0012,65.4137,large,6.23,True,da=+11.15km[large] | di=+0.0348deg | de=+0.00104
STARLINK-31740,53deg,mixed,2026-05-05 18:40:42+00:00,2026-05-05 22:16:42+00:00,3.6,6859.929,481.79,0.001278,53.2223,18.1375,1.1667,-11.1975,-0.000679,-0.03396,-0.7105,-0.6958,-0.0148,106.8945,large,6.221,True,da=-11.20km[large] | di=-0.0340deg
STARLINK-11237,53deg,mixed,2026-05-05 11:02:42+00:00,2026-05-05 19:04:42+00:00,8.03,6743.471,365.33,0.000936,53.3005,60.7772,343.9306,-10.9042,-0.000426,-0.03858,-1.6245,-1.6455,0.021,92.6985,large,6.216,True,da=-10.90km[large] | di=-0.0386deg
STARLINK-32045,53deg,mixed,2026-05-05 18:39:42+00:00,2026-05-05 22:15:42+00:00,3.6,6848.748,470.61,0.000642,53.255,131.6511,71.2461,11.1371,0.00066,0.03507,-0.7123,-0.6947,-0.0176,106.9207,large,6.203,True,da=+11.14km[large] | di=+0.0351deg
STARLINK-37162,53deg,mixed,2026-05-03 17:39:42+00:00,2026-05-04 09:37:42+00:00,15.97,6823.918,445.78,0.001428,53.3092,63.6511,9.5287,-11.0699,-0.00088,-0.04105,-3.1623,-3.1371,-0.0252,95.685,large,6.199,True,da=-11.07km[large] | di=-0.0410deg
STARLINK-34826,53deg,mixed,2026-05-04 10:06:42+00:00,2026-05-04 20:47:42+00:00,10.68,6847.883,469.75,0.000428,52.9915,269.1241,80.7734,11.1229,0.001057,0.03822,-2.0646,-2.0751,0.0105,-66.5828,large,6.196,True,da=+11.12km[large] | di=+0.0382deg | de=+0.00106
STARLINK-32001,53deg,mixed,2026-05-05 18:48:42+00:00,2026-05-05 22:13:42+00:00,3.42,6848.389,470.25,0.001547,53.2559,131.2386,286.0143,11.119,-0.000468,0.03386,-0.6562,-0.6594,0.0032,64.5864,large,6.193,True,da=+11.12km[large] | di=+0.0339deg
STARLINK-35418,53deg,mixed,2026-05-03 18:02:42+00:00,2026-05-04 10:08:42+00:00,16.1,6848.45,470.31,0.001527,53.2322,38.5443,253.1894,11.1009,-0.000437,0.03019,-3.1311,-3.1091,-0.022,97.3214,large,6.183,True,da=+11.10km[large] | di=+0.0302deg
STARLINK-37029,53deg,mixed,2026-05-05 09:38:42+00:00,2026-05-05 17:49:42+00:00,8.18,6791.128,412.99,0.001668,53.2595,55.751,275.9604,10.947,-0.000183,0.03313,-1.6076,-1.6264,0.0189,102.7536,large,6.175,True,da=+10.95km[large] | di=+0.0331deg
STARLINK-37163,53deg,mixed,2026-05-05 17:32:42+00:00,2026-05-05 23:16:42+00:00,5.73,6823.176,445.04,0.000847,53.293,54.428,197.5078,-11.0231,-0.00051,-0.03522,-1.1413,-1.1272,-0.014,-113.1489,large,6.174,True,da=-11.02km[large] | di=-0.0352deg
STARLINK-35270,53deg,mixed,2026-05-03 09:57:42+00:00,2026-05-03 18:13:42+00:00,8.27,6835.024,456.89,0.000344,53.2722,116.5384,95.4279,11.0495,0.000455,0.03813,-1.5861,-1.6058,0.0196,103.7823,large,6.173,True,da=+11.05km[large] | di=+0.0381deg
STARLINK-35464,53deg,mixed,2026-05-06 01:44:42+00:00,2026-05-06 09:55:42+00:00,8.18,6846.902,468.76,0.001477,53.2456,27.5885,169.6833,-11.0719,0.000115,-0.03894,-1.5708,-1.5913,0.0206,84.419,large,6.169,True,da=-11.07km[large] | di=-0.0389deg
STARLINK-34817,53deg,mixed,2026-05-05 10:07:42+00:00,2026-05-05 18:16:42+00:00,8.15,6847.291,469.15,0.001271,53.031,264.4931,175.6133,-11.0729,0.000176,-0.0315,-1.5697,-1.5923,0.0226,76.7161,large,6.169,True,da=-11.07km[large] | di=-0.0315deg
STARLINK-31613,53deg,mixed,2026-05-05 22:16:42+00:00,2026-05-06 02:35:42+00:00,4.32,6859.417,481.28,0.001457,53.2158,15.5097,11.9507,-11.0945,0.00013,-0.03755,-0.854,-0.8346,-0.0194,-88.5829,large,6.165,True,da=-11.09km[large] | di=-0.0375deg
STARLINK-11251,53deg,phasing,2026-05-02 19:05:42+00:00,2026-05-03 02:58:42+00:00,7.88,6732.818,354.68,0.001515,53.2807,74.1165,286.9246,10.7834,-0.000594,0.03502,-1.6164,-1.614,-0.0024,57.1812,large,6.162,True,da=+10.78km[large] | di=+0.0350deg
STARLINK-37446,SSO,phasing,2026-05-04 09:34:42+00:00,2026-05-04 21:14:42+00:00,11.67,6717.534,339.4,0.001697,97.2101,329.6759,313.9106,10.7333,-0.000638,-0.00365,0.5028,0.5055,-0.0027,-124.9964,large,6.154,True,da=+10.73km[large]
STARLINK-36973,53deg,phasing,2026-05-05 09:36:42+00:00,2026-05-05 17:53:42+00:00,8.28,6838.866,460.73,0.001491,52.9965,274.7912,249.9744,10.9931,-0.000255,0.03636,-1.6317,-1.6163,-0.0155,106.371,large,6.136,True,da=+10.99km[large] | di=+0.0364deg
STARLINK-34447,mid-inc,phasing,2026-05-03 02:24:42+00:00,2026-05-03 10:10:42+00:00,7.77,6945.325,567.19,0.001279,70.0038,176.8849,234.9285,11.2118,-0.000429,0.02236,-0.8278,-0.8156,-0.0122,-54.9173,large,6.115,True,da=+11.21km[large] | di=+0.0224deg
STARLINK-32015,53deg,mixed,2026-05-05 22:09:42+00:00,2026-05-06 02:29:42+00:00,4.33,6859.381,481.24,0.001434,53.2892,130.5418,10.189,-10.9967,0.000141,-0.03414,-0.8612,-0.8364,-0.0248,-84.7397,large,6.11,True,da=-11.00km[large] | di=-0.0341deg
STARLINK-37103,53deg,mixed,2026-05-03 17:47:42+00:00,2026-05-04 09:33:42+00:00,15.77,6803.286,425.15,0.001348,53.3101,63.6991,2.9974,-10.8462,-0.000667,-0.03996,-3.1221,-3.1305,0.0085,66.2447,large,6.102,True,da=-10.85km[large] | di=-0.0400deg
STARLINK-35129,53deg,phasing,2026-05-05 22:44:42+00:00,2026-05-06 02:09:42+00:00,3.42,6847.584,469.45,0.000349,53.0874,339.1846,96.4471,10.929,0.001154,0.0311,-0.671,-0.6624,-0.0086,64.7679,large,6.089,True,da=+10.93km[large] | di=+0.0311deg | de=+0.00115
STARLINK-37037,53deg,phasing,2026-05-05 09:35:42+00:00,2026-05-05 17:52:42+00:00,8.28,6836.479,458.34,0.001468,52.9957,274.7896,249.5683,10.8885,-0.000232,0.03664,-1.6336,-1.6183,-0.0153,107.4149,large,6.081,True,da=+10.89km[large] | di=+0.0366deg
STARLINK-34447,mid-inc,phasing,2026-05-02 18:08:42+00:00,2026-05-03 02:24:42+00:00,8.27,6956.497,578.36,0.000852,70.02,177.7383,177.5489,-11.1719,0.000428,-0.01624,-0.8535,-0.8682,0.0148,57.3796,large,6.078,True,da=-11.17km[large]
STARLINK-36687,SSO,phasing,2026-05-04 09:52:42+00:00,2026-05-04 21:01:42+00:00,11.15,6831.509,453.37,0.000666,97.1675,236.061,97.5713,10.8577,0.000739,-0.00629,0.4584,0.4527,0.0057,43.0951,large,6.07,True,da=+10.86km[large]
STARLINK-37066,53deg,mixed,2026-05-02 17:39:42+00:00,2026-05-03 01:39:42+00:00,8.0,6802.653,424.52,0.000964,53.0357,286.7308,194.0096,-10.7886,0.000585,-0.03717,-1.5951,-1.5991,0.004,60.1578,large,6.07,True,da=-10.79km[large] | di=-0.0372deg
STARLINK-37370,SSO,mixed,2026-05-02 17:33:42+00:00,2026-05-03 01:37:42+00:00,8.07,6711.49,333.35,0.000923,97.2012,327.9074,194.5779,-10.5701,0.001102,0.00304,0.3606,0.3523,0.0083,111.2231,large,6.069,True,da=-10.57km[large] | de=+0.00110
STARLINK-37442,SSO,mixed,2026-05-04 09:39:42+00:00,2026-05-04 21:23:42+00:00,11.73,6720.819,342.68,0.001249,97.2047,329.6838,354.3431,-10.5899,0.001471,0.01088,0.5088,0.5105,-0.0017,-106.2699,large,6.067,True,da=-10.59km[large] | de=+0.00147
STARLINK-32001,53deg,mixed,2026-05-05 10:33:42+00:00,2026-05-05 18:48:42+00:00,8.25,6859.305,481.17,0.001033,53.2868,132.8538,191.4889,-10.9166,0.000514,-0.03084,-1.6152,-1.5924,-0.0228,94.5254,large,6.066,True,da=-10.92km[large] | di=-0.0308deg
STARLINK-30283,53deg,phasing,2026-05-05 19:05:42+00:00,2026-05-05 21:57:42+00:00,2.87,6859.225,481.09,0.001454,53.0508,301.4447,167.5624,-10.8991,-0.000866,-0.03541,-0.558,-0.5564,-0.0016,-61.7205,large,6.056,True,da=-10.90km[large] | di=-0.0354deg
STARLINK-35367,53deg,mixed,2026-05-03 10:02:42+00:00,2026-05-03 18:08:42+00:00,8.1,6847.262,469.13,0.001168,53.3109,116.391,184.4793,-10.8638,0.000251,-0.03037,-1.5614,-1.5722,0.0108,65.2369,large,6.053,True,da=-10.86km[large] | di=-0.0304deg
STARLINK-32787,53deg,lowering,2026-05-04 10:32:42+00:00,2026-05-04 20:23:42+00:00,9.85,6848.731,470.59,0.000649,53.2551,50.2776,70.6826,10.8669,0.000759,0.02865,-1.9283,-1.901,-0.0272,102.2805,large,6.052,True,da=+10.87km[large] | di=+0.0287deg
STARLINK-31706,53deg,mixed,2026-05-05 18:46:42+00:00,2026-05-05 22:11:42+00:00,3.42,6858.608,480.47,0.001473,53.2183,18.1482,18.3509,-10.8845,-0.001123,-0.03311,-0.6685,-0.6608,-0.0077,64.729,large,6.049,True,da=-10.88km[large] | di=-0.0331deg | de=-0.00112
STARLINK-32040,53deg,mixed,2026-05-04 10:28:42+00:00,2026-05-04 20:08:42+00:00,9.67,6848.45,470.31,0.000613,53.2433,137.4003,107.0396,10.8339,0.000846,0.03829,-1.8637,-1.8662,0.0025,60.0841,large,6.034,True,da=+10.83km[large] | di=+0.0383deg
STARLINK-34826,53deg,mixed,2026-05-05 10:06:42+00:00,2026-05-05 18:13:42+00:00,8.12,6859.012,480.88,0.000991,53.0294,264.4727,192.7153,-10.8541,0.000609,-0.03167,-1.5706,-1.5763,0.0057,63.9671,large,6.032,True,da=-10.85km[large] | di=-0.0317deg
STARLINK-33860,mid-inc,phasing,2026-05-06 01:19:42+00:00,2026-05-06 10:21:42+00:00,9.03,6939.97,561.83,0.000759,69.9102,329.4692,94.6049,11.0265,-0.000228,0.01634,-0.9587,-0.9556,-0.0031,-130.455,large,6.021,True,da=+11.03km[large]
STARLINK-37370,SSO,mixed,2026-05-05 01:42:42+00:00,2026-05-05 09:42:42+00:00,8.0,6724.482,346.34,0.001576,97.204,330.3746,151.5924,-10.5157,0.000852,0.01094,0.3398,0.3473,-0.0075,88.9327,large,6.02,True,da=-10.52km[large]
STARLINK-30921,53deg,mixed,2026-05-03 02:52:42+00:00,2026-05-03 10:57:42+00:00,8.08,6835.426,457.29,0.000477,53.2817,107.759,102.1683,10.771,0.001021,0.03323,-1.5715,-1.5697,-0.0019,61.6318,large,6.017,True,da=+10.77km[large] | di=+0.0332deg | de=+0.00102
STARLINK-37405,SSO,mixed,2026-05-05 09:35:42+00:00,2026-05-05 17:40:42+00:00,8.08,6716.31,338.17,0.002012,97.2142,330.7168,232.9706,10.4861,-0.001147,-0.0057,0.3641,0.3506,0.0134,108.3895,large,6.014,True,da=+10.49km[large] | de=-0.00115
STARLINK-36354,SSO,mixed,2026-05-04 21:07:42+00:00,2026-05-05 01:58:42+00:00,4.85,6846.589,468.45,0.000913,97.1726,312.87,205.534,-10.7877,0.001435,0.00316,0.1977,0.1968,0.0009,34.775,large,6.011,True,da=-10.79km[large] | de=+0.00143
STARLINK-35462,53deg,mixed,2026-05-05 01:57:42+00:00,2026-05-05 10:12:42+00:00,8.25,6858.762,480.62,0.000863,53.2519,31.7196,342.8475,-10.815,-0.00038,-0.03703,-1.5703,-1.5942,0.0239,94.7582,large,6.01,True,da=-10.81km[large] | di=-0.0370deg
STARLINK-34526,53deg,phasing,2026-05-05 02:05:42+00:00,2026-05-05 10:11:42+00:00,8.1,6847.721,469.58,0.000435,53.0588,214.1656,100.526,10.7801,0.001053,0.03592,-1.5802,-1.5712,-0.0091,60.3251,large,6.005,True,da=+10.78km[large] | di=+0.0359deg | de=+0.00105
STARLINK-34830,53deg,mixed,2026-05-03 10:08:42+00:00,2026-05-03 18:14:42+00:00,8.1,6847.808,469.67,0.000442,53.0847,337.7162,100.7099,10.7674,0.001047,0.02837,-1.5796,-1.5703,-0.0093,60.3048,large,5.998,True,da=+10.77km[large] | di=+0.0284deg | de=+0.00105
STARLINK-32035,53deg,mixed,2026-05-02 10:23:42+00:00,2026-05-02 18:38:42+00:00,8.25,6848.541,470.4,0.000602,53.2227,147.0138,73.0768,10.7632,0.000841,0.03771,-1.6178,-1.5935,-0.0243,94.8109,large,5.995,True,da=+10.76km[large] | di=+0.0377deg
STARLINK-30921,53deg,mixed,2026-05-03 18:51:42+00:00,2026-05-04 10:46:42+00:00,15.92,6847.461,469.32,0.001244,53.3225,104.6693,183.047,-10.7541,0.000209,-0.03457,-3.0823,-3.0883,0.006,65.2887,large,5.991,True,da=-10.75km[large] | di=-0.0346deg
STARLINK-32018,53deg,mixed,2026-05-05 22:15:42+00:00,2026-05-06 02:33:42+00:00,4.3,6859.248,481.11,0.000922,53.2873,130.9177,195.6022,-10.7724,-0.000409,-0.0336,-0.8583,-0.83,-0.0284,-92.6232,large,5.986,True,da=-10.77km[large] | di=-0.0336deg
STARLINK-34800,53deg,phasing,2026-05-03 02:01:42+00:00,2026-05-03 10:16:42+00:00,8.25,6858.744,480.61,0.001485,53.0263,274.829,162.8293,-10.7694,0.000123,-0.0359,-1.5781,-1.6026,0.0245,94.6074,large,5.985,True,da=-10.77km[large] | di=-0.0359deg
STARLINK-35384,53deg,mixed,2026-05-02 10:00:42+00:00,2026-05-02 18:06:42+00:00,8.1,6859.073,480.94,0.000962,53.3025,121.4955,194.4924,-10.7704,0.000603,-0.03095,-1.5631,-1.563,-0.0001,60.1228,large,5.985,True,da=-10.77km[large] | di=-0.0309deg
STARLINK-34782,53deg,phasing,2026-05-05 22:45:42+00:00,2026-05-06 02:09:42+00:00,3.4,6848.188,470.05,0.000486,52.9927,261.5203,102.1073,10.7415,0.000968,0.03653,-0.6621,-0.6604,-0.0017,60.8887,large,5.983,True,da=+10.74km[large] | di=+0.0365deg
STARLINK-35116,53deg,mixed,2026-05-05 22:42:42+00:00,2026-05-06 02:07:42+00:00,3.42,6858.431,480.29,0.0008,53.1216,338.9906,199.3951,-10.7569,0.00085,-0.03708,-0.6713,-0.6623,-0.0089,64.5749,large,5.978,True,da=-10.76km[large] | di=-0.0371deg
STARLINK-5529,mid-inc,phasing,2026-05-05 03:22:42+00:00,2026-05-05 11:11:42+00:00,7.82,6944.73,566.59,0.001466,69.9012,321.7612,237.0599,10.9573,-0.000893,0.01493,-0.8263,-0.8253,-0.001,-43.6799,large,5.977,True,da=+10.96km[large]
STARLINK-32262,53deg,mixed,2026-05-02 18:37:42+00:00,2026-05-03 02:37:42+00:00,8.0,6733.448,355.31,0.001492,53.0919,206.7732,18.2614,-10.4529,-0.000315,-0.02546,-1.6815,-1.6549,-0.0266,88.9584,large,5.972,True,da=-10.45km[large] | di=-0.0255deg
STARLINK-11206,53deg,phasing,2026-05-05 19:08:42+00:00,2026-05-05 21:48:42+00:00,2.67,6743.344,365.21,0.000896,53.0697,224.6211,196.0515,-10.4736,-0.000333,-0.03224,-0.5731,-0.5491,-0.024,-91.8387,large,5.971,True,da=-10.47km[large] | di=-0.0322deg
STARLINK-32009,53deg,mixed,2026-05-05 18:43:42+00:00,2026-05-05 22:17:42+00:00,3.57,6858.576,480.44,0.000848,53.2846,131.792,341.8211,-10.7428,-0.000443,-0.03418,-0.6678,-0.6887,0.0209,99.1994,large,5.97,True,da=-10.74km[large] | di=-0.0342deg
STARLINK-34849,53deg,mixed,2026-05-04 10:04:42+00:00,2026-05-04 20:41:42+00:00,10.62,6847.852,469.71,0.000431,53.0818,204.7227,100.4927,10.7108,0.001071,0.03588,-2.0302,-2.0581,0.0279,-81.9449,large,5.967,True,da=+10.71km[large] | di=+0.0359deg | de=+0.00107
STARLINK-32262,53deg,mixed,2026-05-02 10:29:42+00:00,2026-05-02 18:37:42+00:00,8.13,6723.034,344.9,0.001281,53.0573,208.4467,257.9579,10.4135,0.000211,0.03466,-1.6735,-1.6826,0.009,120.3035,large,5.963,True,da=+10.41km[large] | di=+0.0347deg
STARLINK-34729,53deg,mixed,2026-05-06 02:06:42+00:00,2026-05-06 10:12:42+00:00,8.1,6859.483,481.35,0.001474,53.0324,261.1636,11.6999,-10.7266,-0.000836,-0.03517,-1.5697,-1.5726,0.0029,60.2548,large,5.96,True,da=-10.73km[large] | di=-0.0352deg
STARLINK-37460,SSO,phasing,2026-05-04 21:15:42+00:00,2026-05-05 01:40:42+00:00,4.42,6727.773,349.64,0.001545,97.2068,330.1727,166.8784,-10.4015,-0.000284,0.00113,0.1955,0.1914,0.0042,-37.1908,large,5.95,True,da=-10.40km[large]
STARLINK-35418,53deg,mixed,2026-05-05 01:56:42+00:00,2026-05-05 10:02:42+00:00,8.1,6858.481,480.34,0.001499,53.2534,32.3806,19.1014,-10.7005,-0.001057,-0.03666,-1.5712,-1.5654,-0.0058,60.3286,large,5.947,True,da=-10.70km[large] | di=-0.0367deg | de=-0.00106
STARLINK-30916,53deg,mixed,2026-05-06 02:48:42+00:00,2026-05-06 10:54:42+00:00,8.1,6847.385,469.25,0.00133,53.3281,93.8905,2.7323,-10.6704,-0.000607,-0.03661,-1.5575,-1.5715,0.014,65.3693,large,5.945,True,da=-10.67km[large] | di=-0.0366deg
STARLINK-37473,SSO,phasing,2026-05-05 17:38:42+00:00,2026-05-05 23:16:42+00:00,5.63,6716.742,338.6,0.002023,97.2138,331.0709,307.5398,10.36,-0.001114,-0.00605,0.2369,0.2443,-0.0074,-109.6711,large,5.941,True,da=+10.36km[large] | de=-0.00111
STARLINK-35274,53deg,mixed,2026-05-02 18:03:42+00:00,2026-05-03 02:10:42+00:00,8.12,6858.174,480.04,0.00148,53.1565,354.2607,20.7116,-10.6843,-0.00113,-0.03762,-1.5799,-1.5724,-0.0075,64.1742,large,5.938,True,da=-10.68km[large] | di=-0.0376deg | de=-0.00113
STARLINK-30283,53deg,phasing,2026-05-05 10:59:42+00:00,2026-05-05 19:05:42+00:00,8.1,6848.569,470.43,0.000604,53.0171,303.0108,107.2639,10.6563,0.00085,0.03368,-1.5661,-1.5721,0.006,60.2985,large,5.935,True,da=+10.66km[large] | di=+0.0337deg
STARLINK-34800,53deg,phasing,2026-05-05 10:03:42+00:00,2026-05-05 18:19:42+00:00,8.27,6848.699,470.56,0.000638,52.9931,263.989,71.193,10.6527,0.000789,0.03745,-1.6235,-1.6052,-0.0184,98.6659,large,5.933,True,da=+10.65km[large] | di=+0.0375deg
STARLINK-30923,53deg,raising,2026-05-04 10:50:42+00:00,2026-05-04 19:57:42+00:00,9.12,6851.009,472.87,0.001567,53.3159,101.7021,159.1769,-10.6445,-0.001158,-0.03004,-1.7554,-1.7658,0.0105,-63.0922,large,5.926,True,da=-10.64km[large] | di=-0.0300deg | de=-0.00116
STARLINK-30321,53deg,mixed,2026-05-02 10:44:42+00:00,2026-05-02 18:50:42+00:00,8.1,6848.886,470.75,0.001426,53.0422,316.6219,289.5978,10.6242,-0.000407,0.03183,-1.5644,-1.571,0.0066,60.1444,large,5.917,True,da=+10.62km[large] | di=+0.0318deg
STARLINK-35008,53deg,mixed,2026-05-03 10:07:42+00:00,2026-05-03 18:13:42+00:00,8.1,6859.47,481.33,0.001404,53.1204,337.9075,9.4942,-10.6339,-0.000738,-0.0374,-1.5659,-1.5694,0.0035,60.2852,large,5.909,True,da=-10.63km[large] | di=-0.0374deg
STARLINK-37063,53deg,mixed,2026-05-03 01:38:42+00:00,2026-05-03 09:39:42+00:00,8.02,6847.194,469.06,0.001324,53.0031,285.7343,294.461,10.604,-0.000641,0.02428,-1.5559,-1.5577,0.0018,41.5676,large,5.908,True,da=+10.60km[large] | di=+0.0243deg
STARLINK-32015,53deg,mixed,2026-05-06 02:29:42+00:00,2026-05-06 10:35:42+00:00,8.1,6848.384,470.25,0.001575,53.2551,129.6806,285.4493,10.6031,-0.000614,0.03789,-1.5616,-1.5635,0.0019,60.1192,large,5.906,True,da=+10.60km[large] | di=+0.0379deg
STARLINK-35131,53deg,phasing,2026-05-03 18:08:42+00:00,2026-05-04 10:08:42+00:00,16.0,6849.119,470.98,0.00143,53.1166,349.2873,291.3223,10.5932,-5.7e-05,0.02757,-3.0725,-3.0976,0.0251,74.4378,large,5.899,True,da=+10.59km[large] | di=+0.0276deg
STARLINK-34438,53deg,mixed,2026-05-03 18:07:42+00:00,2026-05-04 10:18:42+00:00,16.18,6859.618,481.48,0.001149,53.2673,38.35,353.6211,-10.5948,-0.000426,-0.03765,-3.1361,-3.1246,-0.0115,116.7584,large,5.887,True,da=-10.59km[large] | di=-0.0376deg
STARLINK-32886,53deg,mixed,2026-05-06 02:20:42+00:00,2026-05-06 10:26:42+00:00,8.1,6858.516,480.38,0.000799,53.272,42.6071,199.5236,-10.5904,0.000843,-0.03668,-1.5722,-1.5646,-0.0076,60.092,large,5.886,True,da=-10.59km[large] | di=-0.0367deg
STARLINK-37063,53deg,mixed,2026-05-04 09:39:42+00:00,2026-05-04 21:07:42+00:00,11.47,6847.595,469.46,0.000284,52.9929,279.5444,87.8943,10.563,0.000472,0.03447,-2.2076,-2.2279,0.0203,113.5194,large,5.885,True,da=+10.56km[large] | di=+0.0345deg
STARLINK-32192,53deg,mixed,2026-05-04 10:33:42+00:00,2026-05-04 20:13:42+00:00,9.67,6847.882,469.75,0.001604,53.2287,37.4621,280.7368,10.5583,-0.000838,0.0286,-1.8782,-1.8678,-0.0105,59.9725,large,5.882,True,da=+10.56km[large] | di=+0.0286deg
STARLINK-32190,53deg,mixed,2026-05-05 18:46:42+00:00,2026-05-05 22:21:42+00:00,3.58,6858.285,480.15,0.000808,53.2489,31.4937,339.9528,-10.5754,-0.000444,-0.03221,-0.6711,-0.6926,0.0215,102.9936,large,5.878,True,da=-10.58km[large] | di=-0.0322deg
STARLINK-34474,53deg,mixed,2026-05-02 18:08:42+00:00,2026-05-03 02:23:42+00:00,8.25,6859.088,480.95,0.001468,53.0733,225.4209,13.2797,-10.5767,-0.000837,-0.02768,-1.6225,-1.6003,-0.0222,94.8249,large,5.877,True,da=-10.58km[large] | di=-0.0277deg
STARLINK-35290,53deg,phasing,2026-05-03 18:09:42+00:00,2026-05-04 10:08:42+00:00,15.98,6847.529,469.39,0.000326,53.1068,191.9992,86.6938,10.5481,0.001156,0.04386,-3.1158,-3.097,-0.0188,70.8168,large,5.876,True,da=+10.55km[large] | di=+0.0439deg | de=+0.00116
STARLINK-5873,mid-inc,phasing,2026-05-04 11:15:42+00:00,2026-05-04 19:45:42+00:00,8.5,6955.634,577.5,0.001114,69.9216,323.6774,13.1789,-10.7957,-0.000314,-0.01553,-0.9123,-0.8973,-0.0151,109.9378,large,5.875,True,da=-10.80km[large]
STARLINK-30320,53deg,mixed,2026-05-04 19:36:42+00:00,2026-05-05 03:01:42+00:00,7.42,6848.763,470.63,0.001507,53.0059,293.0329,287.7107,10.5478,-0.000516,0.03176,-1.4146,-1.4398,0.0252,-96.5811,large,5.875,True,da=+10.55km[large] | di=+0.0318deg
STARLINK-30930,53deg,mixed,2026-05-02 10:44:42+00:00,2026-05-02 18:48:42+00:00,8.07,6846.415,468.28,0.000912,53.3135,110.5115,196.2646,-10.5384,0.000625,-0.02903,-1.5669,-1.5662,-0.0008,57.5519,large,5.872,True,da=-10.54km[large] | di=-0.0290deg
STARLINK-30297,53deg,mixed,2026-05-03 18:48:42+00:00,2026-05-04 11:00:42+00:00,16.2,6848.232,470.09,0.001558,53.0296,310.855,256.2258,10.5297,-9.2e-05,0.02624,-3.1374,-3.1442,0.0068,120.316,large,5.865,True,da=+10.53km[large] | di=+0.0262deg
STARLINK-32009,53deg,mixed,2026-05-03 02:37:42+00:00,2026-05-03 10:43:42+00:00,8.1,6858.263,480.13,0.001487,53.2579,144.2079,20.7831,-10.535,-0.001067,-0.02774,-1.5712,-1.5651,-0.0061,60.3259,large,5.855,True,da=-10.53km[large] | di=-0.0277deg | de=-0.00107
STARLINK-32042,53deg,mixed,2026-05-05 02:33:42+00:00,2026-05-05 10:39:42+00:00,8.1,6848.081,469.94,0.000488,53.2458,134.481,101.793,10.5083,0.001025,0.03804,-1.5665,-1.5641,-0.0024,60.324,large,5.854,True,da=+10.51km[large] | di=+0.0380deg | de=+0.00102
STARLINK-37054,53deg,mixed,2026-05-06 01:32:42+00:00,2026-05-06 09:42:42+00:00,8.17,6858.352,480.21,0.001505,53.0267,271.5526,21.0962,-10.5241,-0.001127,-0.0352,-1.6077,-1.5866,-0.0211,75.6253,large,5.849,True,da=-10.52km[large] | di=-0.0352deg | de=-0.00113
STARLINK-35321,53deg,mixed,2026-05-02 10:02:42+00:00,2026-05-02 18:07:42+00:00,8.08,6859.217,481.08,0.001513,53.1642,355.7426,14.4735,-10.4907,-0.000848,-0.0381,-1.566,-1.5648,-0.0012,56.4198,large,5.829,True,da=-10.49km[large] | di=-0.0381deg
STARLINK-37405,SSO,mixed,2026-05-05 01:39:42+00:00,2026-05-05 09:35:42+00:00,7.93,6726.486,348.35,0.001548,97.2034,330.3794,159.7604,-10.1762,0.000464,0.01086,0.3374,0.344,-0.0067,73.2102,large,5.823,True,da=-10.18km[large]
STARLINK-35402,53deg,mixed,2026-05-06 02:02:42+00:00,2026-05-06 10:08:42+00:00,8.1,6847.92,469.78,0.001643,53.0846,338.2524,279.7085,10.4525,-0.000844,0.0319,-1.5752,-1.5703,-0.0049,60.1175,large,5.823,True,da=+10.45km[large] | di=+0.0319deg
STARLINK-34801,53deg,mixed,2026-05-03 10:09:42+00:00,2026-05-03 18:15:42+00:00,8.1,6859.619,481.48,0.001105,53.1539,350.9999,188.2361,-10.4759,0.000313,-0.03833,-1.5633,-1.568,0.0048,60.1575,large,5.821,True,da=-10.48km[large] | di=-0.0383deg
STARLINK-32009,53deg,mixed,2026-05-03 18:38:42+00:00,2026-05-04 10:34:42+00:00,15.93,6847.679,469.54,0.000421,53.2334,141.0927,99.2729,10.4418,0.001086,0.03812,-3.09,-3.0783,-0.0117,59.2904,large,5.817,True,da=+10.44km[large] | di=+0.0381deg | de=+0.00109
STARLINK-34800,53deg,phasing,2026-05-03 18:08:42+00:00,2026-05-04 10:08:42+00:00,16.0,6847.685,469.55,0.001658,52.9916,271.7222,264.0556,10.4328,-0.000909,0.03045,-3.1267,-3.1089,-0.0178,74.4182,large,5.812,True,da=+10.43km[large] | di=+0.0304deg
STARLINK-31740,53deg,mixed,2026-05-06 02:35:42+00:00,2026-05-06 10:40:42+00:00,8.08,6858.627,480.49,0.001506,53.2153,16.6234,19.2405,-10.4481,-0.000987,-0.03491,-1.5658,-1.5633,-0.0025,56.4433,large,5.807,True,da=-10.45km[large] | di=-0.0349deg
STARLINK-34546,mid-inc,mixed,2026-05-05 18:18:42+00:00,2026-05-05 22:48:42+00:00,4.5,6955.692,577.56,0.001009,70.0381,169.9988,13.1807,-10.6475,0.000297,-0.01286,-0.4892,-0.4723,-0.0168,-68.889,large,5.794,True,da=-10.65km[large]
STARLINK-11253,53deg,phasing,2026-05-02 19:08:42+00:00,2026-05-03 03:00:42+00:00,7.87,6732.565,354.43,0.000544,53.2808,74.5004,104.6208,10.1291,0.000956,0.03218,-1.6187,-1.6111,-0.0076,53.3958,large,5.788,True,da=+10.13km[large] | di=+0.0322deg
STARLINK-34729,53deg,mixed,2026-05-05 10:05:42+00:00,2026-05-05 18:11:42+00:00,8.1,6849.332,471.19,0.00141,52.9989,264.2382,293.44,10.3899,-0.000262,0.0345,-1.5554,-1.5722,0.0169,60.1589,large,5.786,True,da=+10.39km[large] | di=+0.0345deg
STARLINK-31706,53deg,mixed,2026-05-06 02:35:42+00:00,2026-05-06 10:40:42+00:00,8.08,6859.381,481.24,0.001508,53.2175,16.636,13.4331,-10.4136,-0.000859,-0.03493,-1.5577,-1.5626,0.0049,56.4108,large,5.786,True,da=-10.41km[large] | di=-0.0349deg
STARLINK-30939,53deg,mixed,2026-05-02 10:40:42+00:00,2026-05-02 18:45:42+00:00,8.08,6847.125,468.99,0.001381,53.3147,110.8554,6.2694,-10.3847,-0.000671,-0.02894,-1.5591,-1.5687,0.0097,61.5444,large,5.786,True,da=-10.38km[large] | di=-0.0289deg
STARLINK-37473,SSO,phasing,2026-05-02 17:37:42+00:00,2026-05-03 01:39:42+00:00,8.03,6710.093,331.96,0.000826,97.202,327.9058,201.8022,-10.073,0.001279,0.00218,0.3602,0.3511,0.0091,103.3933,large,5.785,True,da=-10.07km[large] | de=+0.00128
STARLINK-37036,53deg,mixed,2026-05-03 17:40:42+00:00,2026-05-04 09:41:42+00:00,16.02,6791.555,413.42,0.000464,52.9985,281.8218,75.9025,10.2554,0.000265,0.02789,-3.193,-3.2028,0.0098,124.4666,large,5.784,True,da=+10.26km[large] | di=+0.0279deg
STARLINK-34493,53deg,phasing,2026-05-06 02:05:42+00:00,2026-05-06 10:21:42+00:00,8.27,6858.359,480.22,0.000809,53.1033,209.9738,339.496,-10.3898,-0.000328,-0.02878,-1.5797,-1.603,0.0233,98.5395,large,5.774,True,da=-10.39km[large] | di=-0.0288deg
STARLINK-37460,SSO,phasing,2026-05-02 17:42:42+00:00,2026-05-03 01:34:42+00:00,7.87,6705.645,327.51,0.001296,97.2046,327.9062,217.2727,-10.0422,0.001786,0.00265,0.3517,0.3447,0.007,63.8424,large,5.773,True,da=-10.04km[large] | de=+0.00179
STARLINK-31954,53deg,mixed,2026-05-04 10:32:42+00:00,2026-05-04 20:15:42+00:00,9.72,6857.879,479.74,0.000734,53.2712,137.9647,203.2245,-10.3657,0.000931,-0.02844,-1.8978,-1.8773,-0.0205,71.3848,large,5.762,True,da=-10.37km[large] | di=-0.0284deg
STARLINK-31954,53deg,mixed,2026-05-03 10:37:42+00:00,2026-05-03 18:42:42+00:00,8.08,6848.879,470.74,0.000678,53.2334,142.5551,110.5413,10.3382,0.000776,0.03566,-1.557,-1.5608,0.0039,56.4639,large,5.758,True,da=+10.34km[large] | di=+0.0357deg
STARLINK-35453,53deg,lowering,2026-05-04 20:56:42+00:00,2026-05-05 01:56:42+00:00,5.0,6859.814,481.68,0.001223,53.2593,33.2377,357.3261,-10.3557,-0.000437,-0.03404,-0.9435,-0.9654,0.0219,68.3534,large,5.754,True,da=-10.36km[large] | di=-0.0340deg
STARLINK-36811,SSO,phasing,2026-05-06 01:36:42+00:00,2026-05-06 09:42:42+00:00,8.1,6832.042,453.9,0.000687,97.1809,314.1092,77.7322,10.2915,0.000756,-0.00343,0.3393,0.3295,0.0098,62.044,large,5.753,True,da=+10.29km[large]
STARLINK-30303,53deg,mixed,2026-05-04 10:55:42+00:00,2026-05-05 03:08:42+00:00,16.22,6848.351,470.21,0.001526,53.0216,307.1939,253.4828,10.3261,-3.8e-05,0.02829,-3.142,-3.1479,0.0059,124.1585,large,5.752,True,da=+10.33km[large] | di=+0.0283deg
STARLINK-34490,53deg,mixed,2026-05-06 02:11:42+00:00,2026-05-06 10:17:42+00:00,8.1,6858.322,480.18,0.000745,53.1013,209.5912,200.5119,-10.3497,0.000873,-0.02901,-1.5809,-1.5708,-0.0102,60.1364,large,5.752,True,da=-10.35km[large] | di=-0.0290deg
STARLINK-35116,53deg,mixed,2026-05-02 10:02:42+00:00,2026-05-02 18:07:42+00:00,8.08,6859.046,480.91,0.000865,53.1651,355.3832,195.0606,-10.3423,0.000585,-0.03797,-1.5667,-1.5648,-0.0019,56.3266,large,5.747,True,da=-10.34km[large] | di=-0.0380deg
STARLINK-30320,53deg,mixed,2026-05-03 18:51:42+00:00,2026-05-04 11:00:42+00:00,16.15,6859.865,481.73,0.001341,53.0469,297.848,3.7178,-10.3443,-0.000582,-0.03948,-3.1525,-3.1337,-0.0188,109.0736,large,5.747,True,da=-10.34km[large] | di=-0.0395deg
STARLINK-37133,53deg,mixed,2026-05-04 09:32:42+00:00,2026-05-04 21:02:42+00:00,11.5,6848.004,469.87,0.001642,53.2682,60.8956,259.2375,10.3088,-0.000147,0.02962,-2.2179,-2.2199,0.002,120.8997,large,5.743,True,da=+10.31km[large] | di=+0.0296deg
STARLINK-35022,53deg,mixed,2026-05-03 10:09:42+00:00,2026-05-03 18:14:42+00:00,8.08,6844.769,466.63,0.000749,53.0902,337.6871,113.1699,10.2991,0.000658,0.02699,-1.5637,-1.5695,0.0058,58.2863,large,5.741,True,da=+10.30km[large] | di=+0.0270deg
STARLINK-31772,53deg,mixed,2026-05-03 18:40:42+00:00,2026-05-04 10:40:42+00:00,16.0,6849.374,471.24,0.000729,53.2038,25.3211,111.6161,10.3086,0.000413,0.02902,-3.0684,-3.0911,0.0227,74.5356,large,5.741,True,da=+10.31km[large] | di=+0.0290deg
STARLINK-11253,53deg,phasing,2026-05-03 11:13:42+00:00,2026-05-03 19:06:42+00:00,7.88,6734.007,355.87,0.001384,53.2809,71.197,293.648,10.0296,-0.000283,0.03119,-1.6062,-1.6134,0.0072,57.1961,large,5.729,True,da=+10.03km[large] | di=+0.0312deg
STARLINK-32182,53deg,mixed,2026-05-04 20:00:42+00:00,2026-05-05 02:33:42+00:00,6.55,6847.622,469.48,0.000334,53.2252,36.0271,93.3114,10.2769,0.001149,0.03227,-1.2771,-1.2659,-0.0113,64.3732,large,5.725,True,da=+10.28km[large] | di=+0.0323deg | de=+0.00115
STARLINK-32189,53deg,mixed,2026-05-02 10:26:42+00:00,2026-05-02 18:31:42+00:00,8.08,6858.529,480.39,0.000827,53.2818,47.1613,198.647,-10.2995,0.000737,-0.03695,-1.5664,-1.5609,-0.0055,56.3297,large,5.724,True,da=-10.30km[large] | di=-0.0369deg
STARLINK-34526,53deg,phasing,2026-05-06 02:02:42+00:00,2026-05-06 10:14:42+00:00,8.2,6858.43,480.29,0.000762,53.1017,209.5504,200.8872,-10.2852,0.000807,-0.0278,-1.6196,-1.59,-0.0296,83.0522,large,5.716,True,da=-10.29km[large] | di=-0.0278deg
STARLINK-30303,53deg,mixed,2026-05-05 19:05:42+00:00,2026-05-05 21:58:42+00:00,2.88,6847.714,469.58,0.000399,53.0135,300.9529,80.773,10.2607,0.001111,0.03015,-0.5488,-0.56,0.0112,-57.9089,large,5.716,True,da=+10.26km[large] | di=+0.0301deg | de=+0.00111
STARLINK-34079,mid-inc,mixed,2026-05-02 10:08:42+00:00,2026-05-02 18:26:42+00:00,8.3,6950.856,572.72,0.001005,69.9505,338.5461,35.5803,-10.4838,-0.000302,-0.01812,-0.8906,-0.877,-0.0136,64.9559,large,5.711,True,da=-10.48km[large]
STARLINK-35302,53deg,mixed,2026-05-04 20:53:42+00:00,2026-05-05 02:06:42+00:00,5.22,6849.539,471.4,0.000778,53.1287,186.9202,65.4258,10.2509,0.000406,0.03425,-1.0252,-1.0095,-0.0157,118.2239,large,5.708,True,da=+10.25km[large] | di=+0.0342deg
STARLINK-32262,53deg,mixed,2026-05-03 02:37:42+00:00,2026-05-03 10:28:42+00:00,7.85,6722.995,344.86,0.001178,53.0665,205.0917,107.2198,9.9604,-0.000462,0.03565,-1.6278,-1.6238,-0.004,53.4873,medium,5.704,True,da=+9.96km[medium] | di=+0.0357deg
STARLINK-32182,53deg,mixed,2026-05-02 10:26:42+00:00,2026-05-02 18:31:42+00:00,8.08,6859.2,481.06,0.000966,53.284,47.1703,192.8386,-10.2469,0.000481,-0.03671,-1.5582,-1.5603,0.002,56.333,large,5.694,True,da=-10.25km[large] | di=-0.0367deg
STARLINK-32199,53deg,mixed,2026-05-04 10:29:42+00:00,2026-05-04 20:08:42+00:00,9.65,6848.761,470.62,0.000665,53.234,37.7746,108.4966,10.2227,0.000829,0.02658,-1.8675,-1.8637,-0.0038,56.2617,large,5.694,True,da=+10.22km[large] | di=+0.0266deg
STARLINK-35276,53deg,mixed,2026-05-04 20:57:42+00:00,2026-05-05 02:08:42+00:00,5.18,6857.704,479.57,0.001478,53.1142,202.4552,155.6356,-10.2423,0.000182,-0.02888,-0.9816,-1.0052,0.0236,110.2961,large,5.693,True,da=-10.24km[large] | di=-0.0289deg
STARLINK-32192,53deg,mixed,2026-05-06 02:34:42+00:00,2026-05-06 10:39:42+00:00,8.08,6849.128,470.99,0.000701,53.2156,29.7183,110.9543,10.2073,0.000727,0.029,-1.5567,-1.5614,0.0048,56.4156,large,5.685,True,da=+10.21km[large] | di=+0.0290deg
STARLINK-34826,53deg,mixed,2026-05-03 02:05:42+00:00,2026-05-03 10:10:42+00:00,8.08,6848.649,470.51,0.001493,52.996,275.3132,287.8782,10.2033,-0.000588,0.02999,-1.5685,-1.5698,0.0014,56.3449,large,5.683,True,da=+10.20km[large] | di=+0.0300deg
STARLINK-37213,SSO,raising,2026-05-05 09:40:42+00:00,2026-05-05 17:39:42+00:00,7.98,6784.887,406.75,0.003043,97.2808,356.6223,263.4403,10.0451,-0.001547,-0.00777,0.3439,0.3373,0.0067,53.7865,large,5.674,True,da=+10.05km[large] | de=-0.00155
STARLINK-30273,53deg,mixed,2026-05-03 02:55:42+00:00,2026-05-03 10:58:42+00:00,8.05,6854.527,476.39,0.001457,53.0613,313.957,29.0606,-10.1963,-0.001022,-0.03025,-1.5747,-1.5655,-0.0091,50.0448,large,5.672,True,da=-10.20km[large] | di=-0.0302deg | de=-0.00102
STARLINK-36832,SSO,mixed,2026-05-02 09:41:42+00:00,2026-05-02 17:36:42+00:00,7.92,6700.336,322.2,0.001216,97.207,327.5641,126.1622,9.8454,-0.000319,-0.0052,0.3424,0.346,-0.0036,75.9762,medium,5.667,True,da=+9.85km[medium]
STARLINK-31613,53deg,mixed,2026-05-02 18:38:42+00:00,2026-05-03 02:43:42+00:00,8.08,6847.972,469.84,0.001614,53.2135,30.1155,282.3153,10.1694,-0.000848,0.03024,-1.5664,-1.5624,-0.004,56.3138,large,5.665,True,da=+10.17km[large] | di=+0.0302deg
STARLINK-35276,53deg,mixed,2026-05-02 09:57:42+00:00,2026-05-02 18:02:42+00:00,8.08,6848.32,470.18,0.001564,53.0614,213.8873,285.7001,10.167,-0.000695,0.03355,-1.5645,-1.5676,0.0032,56.3344,large,5.663,True,da=+10.17km[large] | di=+0.0335deg
STARLINK-37054,53deg,mixed,2026-05-05 01:37:42+00:00,2026-05-05 09:42:42+00:00,8.08,6848.743,470.61,0.001488,52.9979,276.1589,288.5276,10.1669,-0.000566,0.03009,-1.567,-1.5697,0.0027,56.3477,large,5.663,True,da=+10.17km[large] | di=+0.0301deg
STARLINK-37133,53deg,mixed,2026-05-06 01:28:42+00:00,2026-05-06 09:43:42+00:00,8.25,6848.915,470.78,0.000667,53.2631,53.1854,70.1248,10.1544,0.0008,0.02639,-1.6205,-1.5921,-0.0283,94.787,large,5.655,True,da=+10.15km[large] | di=+0.0264deg
STARLINK-36739,SSO,mixed,2026-05-03 17:38:42+00:00,2026-05-04 09:50:42+00:00,16.2,6831.529,453.39,0.000651,97.1791,311.7862,97.9383,10.1114,0.0008,-0.00636,0.6561,0.659,-0.0028,123.928,large,5.653,True,da=+10.11km[large]
STARLINK-35116,53deg,mixed,2026-05-05 10:06:42+00:00,2026-05-05 18:12:42+00:00,8.1,6859.75,481.61,0.001123,53.1331,341.4228,185.7264,-10.173,0.000197,-0.03686,-1.5603,-1.5685,0.0082,60.1593,large,5.652,True,da=-10.17km[large] | di=-0.0369deg
STARLINK-34523,53deg,mixed,2026-05-04 10:23:42+00:00,2026-05-04 20:44:42+00:00,10.35,6822.551,444.41,0.001494,53.0878,216.6656,22.7861,-10.0796,0.000129,-0.03012,-2.0473,-2.0447,-0.0026,-124.3181,large,5.646,True,da=-10.08km[large] | di=-0.0301deg
STARLINK-32035,53deg,mixed,2026-05-05 22:15:42+00:00,2026-05-06 02:33:42+00:00,4.3,6848.46,470.32,0.001535,53.2548,130.8024,253.6828,10.1131,-2.2e-05,0.03224,-0.8627,-0.8301,-0.0325,-92.3983,large,5.633,True,da=+10.11km[large] | di=+0.0322deg
STARLINK-35196,53deg,mixed,2026-05-02 10:01:42+00:00,2026-05-02 18:06:42+00:00,8.08,6859.41,481.27,0.001409,53.0955,213.7571,10.7234,-10.1328,-0.000653,-0.03105,-1.5546,-1.5668,0.0123,56.4866,large,5.63,True,da=-10.13km[large] | di=-0.0311deg
STARLINK-30320,53deg,mixed,2026-05-02 10:45:42+00:00,2026-05-02 18:50:42+00:00,8.08,6859.336,481.2,0.000995,53.0517,304.0784,191.9161,-10.1254,0.000403,-0.03203,-1.561,-1.5685,0.0075,56.3216,large,5.626,True,da=-10.13km[large] | di=-0.0320deg
STARLINK-35301,53deg,mixed,2026-05-04 20:53:42+00:00,2026-05-05 02:07:42+00:00,5.23,6847.554,469.42,0.000346,53.1226,186.874,82.924,10.0879,0.000305,0.03329,-1.001,-1.0139,0.0129,121.9944,large,5.62,True,da=+10.09km[large] | di=+0.0333deg
STARLINK-34797,53deg,mixed,2026-05-06 02:01:42+00:00,2026-05-06 10:06:42+00:00,8.08,6848.215,470.08,0.001593,52.9983,261.2991,282.8391,10.0884,-0.000814,0.03066,-1.5764,-1.5701,-0.0063,56.2855,large,5.619,True,da=+10.09km[large] | di=+0.0307deg
STARLINK-37103,53deg,mixed,2026-05-05 09:38:42+00:00,2026-05-05 17:39:42+00:00,8.02,6790.975,412.84,0.001708,53.259,55.7706,269.3735,9.958,-0.001053,0.02995,-1.6145,-1.5939,-0.0206,64.0079,medium,5.617,True,da=+9.96km[medium] | di=+0.0299deg | de=-0.00105
STARLINK-11204,53deg,phasing,2026-05-05 11:08:42+00:00,2026-05-05 19:00:42+00:00,7.87,6732.686,354.55,0.001583,53.2675,60.9294,284.3672,9.8117,-0.000859,0.02774,-1.6204,-1.6117,-0.0086,53.2785,medium,5.607,True,da=+9.81km[medium] | di=+0.0277deg
STARLINK-35196,53deg,mixed,2026-05-05 10:08:42+00:00,2026-05-05 18:13:42+00:00,8.08,6859.21,481.07,0.001441,53.1279,199.7901,12.8728,-10.0903,-0.000756,-0.03173,-1.5576,-1.5658,0.0082,56.4838,large,5.607,True,da=-10.09km[large] | di=-0.0317deg
STARLINK-36795,SSO,mixed,2026-05-05 23:13:42+00:00,2026-05-06 01:44:42+00:00,2.52,6831.824,453.69,0.000646,97.1802,313.9506,99.9401,10.0278,0.000774,-0.00572,0.1055,0.1024,0.0031,-141.6466,large,5.606,True,da=+10.03km[large]
STARLINK-31613,53deg,mixed,2026-05-06 02:35:42+00:00,2026-05-06 10:40:42+00:00,8.08,6848.323,470.19,0.001587,53.1782,14.6556,283.3678,10.0603,-0.000759,0.02784,-1.5675,-1.5635,-0.0039,56.2761,large,5.604,True,da=+10.06km[large] | di=+0.0278deg
STARLINK-34876,SSO,phasing,2026-05-05 10:06:42+00:00,2026-05-05 18:14:42+00:00,8.13,6927.352,549.22,0.001243,97.5232,357.0587,216.3364,-10.223,0.001564,0.00191,0.3342,0.332,0.0022,35.6525,large,5.597,True,da=-10.22km[large] | de=+0.00156
STARLINK-34496,53deg,phasing,2026-05-03 10:12:42+00:00,2026-05-03 18:15:42+00:00,8.05,6824.404,446.27,0.001276,53.0837,221.4306,180.2319,-9.9859,4.3e-05,-0.02963,-1.5654,-1.5889,0.0235,63.1435,medium,5.592,True,da=-9.99km[medium] | di=-0.0296deg
STARLINK-32191,53deg,phasing,2026-05-05 10:36:42+00:00,2026-05-05 18:41:42+00:00,8.08,6848.018,469.88,0.001615,53.2212,33.0473,281.9277,10.024,-0.000867,0.02616,-1.5728,-1.5623,-0.0106,56.3358,large,5.584,True,da=+10.02km[large] | di=+0.0262deg
STARLINK-35402,53deg,mixed,2026-05-05 10:02:42+00:00,2026-05-05 18:08:42+00:00,8.1,6857.612,479.48,0.000649,53.1257,341.3794,205.3133,-10.0419,0.001028,-0.03647,-1.588,-1.5705,-0.0175,60.1338,large,5.582,True,da=-10.04km[large] | di=-0.0365deg | de=+0.00103
STARLINK-34024,mid-inc,phasing,2026-05-04 20:36:42+00:00,2026-05-05 02:23:42+00:00,5.78,6951.694,573.56,0.001069,69.9392,332.6035,32.124,-10.244,0.000901,-0.02115,-0.6128,-0.6112,-0.0016,-140.4615,large,5.579,True,da=-10.24km[large] | di=-0.0212deg
STARLINK-37366,SSO,mixed,2026-05-02 17:33:42+00:00,2026-05-03 01:36:42+00:00,8.05,6710.858,332.72,0.000937,97.2015,327.9083,198.8035,-9.714,0.0012,0.00251,0.3605,0.3516,0.0089,107.2961,medium,5.578,True,da=-9.71km[medium] | de=+0.00120
STARLINK-34088,mid-inc,phasing,2026-05-03 18:26:42+00:00,2026-05-04 10:13:42+00:00,15.78,6956.447,578.31,0.000908,69.9522,335.4394,182.0484,-10.2468,-5e-05,-0.01912,-1.6714,-1.6629,-0.0086,-53.7133,large,5.575,True,da=-10.25km[large]
STARLINK-35008,53deg,mixed,2026-05-04 10:03:42+00:00,2026-05-04 20:39:42+00:00,10.6,6848.316,470.18,0.000543,53.0752,333.2505,106.1153,10.0066,0.000898,0.02603,-2.0273,-2.0553,0.028,-85.7781,large,5.574,True,da=+10.01km[large] | di=+0.0260deg
STARLINK-34548,mid-inc,mixed,2026-05-03 02:23:42+00:00,2026-05-03 10:08:42+00:00,7.75,6956.335,578.2,0.000931,70.0208,176.7625,7.004,-10.2335,0.000255,-0.00962,-0.8306,-0.8137,-0.0169,-58.6576,large,5.568,True,da=-10.23km[large]
STARLINK-35031,53deg,phasing,2026-05-03 18:15:42+00:00,2026-05-04 10:08:42+00:00,15.88,6845.508,467.37,0.000834,53.1381,346.7647,200.4665,-9.9901,0.000833,-0.03871,-3.0968,-3.0978,0.001,57.6774,medium,5.568,True,da=-9.99km[medium] | di=-0.0387deg
STARLINK-30295,53deg,mixed,2026-05-02 10:45:42+00:00,2026-05-02 18:51:42+00:00,8.1,6857.416,479.28,0.001463,53.0688,317.1283,25.8383,-10.0,-0.001154,-0.03216,-1.5878,-1.5726,-0.0152,60.3175,medium,5.559,True,da=-10.00km[medium] | di=-0.0322deg | de=-0.00115
STARLINK-32189,53deg,mixed,2026-05-06 02:33:42+00:00,2026-05-06 10:39:42+00:00,8.1,6847.787,469.65,0.001677,53.2143,30.1093,275.1257,9.9712,-0.000996,0.02766,-1.579,-1.5659,-0.0131,60.0808,medium,5.555,True,da=+9.97km[medium] | di=+0.0277deg
STARLINK-37163,53deg,mixed,2026-05-05 01:38:42+00:00,2026-05-05 09:40:42+00:00,8.03,6814.45,436.31,0.000843,53.2731,57.5204,117.2936,9.8994,0.000505,0.0252,-1.5622,-1.5777,0.0155,59.448,medium,5.555,True,da=+9.90km[medium] | di=+0.0252deg
STARLINK-31772,53deg,mixed,2026-05-02 10:21:42+00:00,2026-05-02 18:36:42+00:00,8.25,6848.89,470.75,0.001468,53.2205,31.6052,249.8268,9.973,-0.000569,0.02552,-1.6262,-1.5938,-0.0324,94.5528,medium,5.554,True,da=+9.97km[medium] | di=+0.0255deg
STARLINK-35295,53deg,lowering,2026-05-03 10:02:42+00:00,2026-05-03 18:07:42+00:00,8.08,6847.554,469.42,0.00037,53.1168,351.1334,97.3704,9.9636,0.001119,0.0244,-1.5829,-1.5665,-0.0164,56.4911,medium,5.551,True,da=+9.96km[medium] | di=+0.0244deg | de=+0.00112
STARLINK-32194,53deg,mixed,2026-05-03 02:35:42+00:00,2026-05-03 10:40:42+00:00,8.08,6849.792,471.65,0.00131,53.2498,44.0306,295.8393,9.9637,-0.000187,0.02699,-1.549,-1.5598,0.0109,56.291,medium,5.548,True,da=+9.96km[medium] | di=+0.0270deg
STARLINK-32035,53deg,mixed,2026-05-03 18:39:42+00:00,2026-05-04 10:34:42+00:00,15.92,6848.134,470.0,0.001579,53.2356,140.7522,283.3468,9.9587,-0.000805,0.03747,-3.083,-3.0746,-0.0084,55.2915,medium,5.547,True,da=+9.96km[medium] | di=+0.0375deg
STARLINK-34800,53deg,phasing,2026-05-04 10:08:42+00:00,2026-05-04 20:45:42+00:00,10.62,6858.118,479.98,0.000749,53.022,268.5955,338.4738,-9.9728,0.000838,-0.02907,-2.0282,-2.0626,0.0344,-81.687,medium,5.543,True,da=-9.97km[medium] | di=-0.0291deg
STARLINK-36739,SSO,mixed,2026-05-04 09:50:42+00:00,2026-05-04 21:03:42+00:00,11.22,6841.64,463.5,0.001452,97.1728,312.4424,221.8664,-9.9344,0.001521,0.00831,0.4684,0.4563,0.0121,58.1849,medium,5.542,True,da=-9.93km[medium] | de=+0.00152
STARLINK-35031,53deg,phasing,2026-05-05 10:04:42+00:00,2026-05-05 18:20:42+00:00,8.27,6846.98,468.84,0.001471,53.124,339.0014,9.4896,-9.9398,-0.000685,-0.03618,-1.6415,-1.6115,-0.03,103.8701,medium,5.538,True,da=-9.94km[medium] | di=-0.0362deg
STARLINK-30934,53deg,mixed,2026-05-02 10:41:42+00:00,2026-05-02 18:44:42+00:00,8.05,6836.211,458.07,0.001518,53.2809,111.0684,288.7164,9.9084,-0.000647,0.03486,-1.5633,-1.5629,-0.0004,53.742,medium,5.534,True,da=+9.91km[medium] | di=+0.0349deg
STARLINK-36687,SSO,phasing,2026-05-02 17:36:42+00:00,2026-05-03 01:53:42+00:00,8.28,6847.558,469.42,0.000865,97.1619,234.4009,201.7419,-9.9306,0.001184,0.00769,0.3484,0.3354,0.013,103.8502,medium,5.532,True,da=-9.93km[medium] | de=+0.00118
STARLINK-37065,53deg,mixed,2026-05-03 01:35:42+00:00,2026-05-03 09:40:42+00:00,8.08,6837.317,459.18,0.000841,53.0054,286.087,115.7976,9.9044,0.000443,0.03036,-1.5612,-1.5787,0.0175,61.5543,medium,5.53,True,da=+9.90km[medium] | di=+0.0304deg
STARLINK-36962,53deg,phasing,2026-05-03 09:38:42+00:00,2026-05-03 17:39:42+00:00,8.02,6801.008,422.87,0.0015,53.3027,64.3691,25.219,-9.8081,-0.001193,-0.032,-1.6123,-1.5933,-0.019,64.2265,medium,5.52,True,da=-9.81km[medium] | di=-0.0320deg | de=-0.00119
STARLINK-30313,53deg,mixed,2026-05-05 03:01:42+00:00,2026-05-05 11:06:42+00:00,8.08,6849.309,471.17,0.000757,53.0228,304.5489,112.5007,9.9043,0.000653,0.02907,-1.5602,-1.5684,0.0083,56.4708,medium,5.516,True,da=+9.90km[medium] | di=+0.0291deg
STARLINK-31740,53deg,mixed,2026-05-05 22:16:42+00:00,2026-05-06 02:35:42+00:00,4.32,6848.731,470.59,0.000599,53.1884,17.427,108.0612,9.896,0.000907,0.02698,-0.8036,-0.8346,0.031,-88.8207,medium,5.512,True,da=+9.90km[medium] | di=+0.0270deg
STARLINK-35323,53deg,mixed,2026-05-03 18:07:42+00:00,2026-05-04 10:04:42+00:00,15.95,6847.453,469.32,0.0003,53.1107,348.9839,90.2647,9.8788,0.001173,0.02446,-3.102,-3.0916,-0.0104,63.1966,medium,5.504,True,da=+9.88km[medium] | di=+0.0245deg | de=+0.00117
STARLINK-32045,53deg,mixed,2026-05-03 02:29:42+00:00,2026-05-03 10:35:42+00:00,8.1,6847.675,469.54,0.000342,53.223,144.0309,94.977,9.8689,0.00113,0.03787,-1.5771,-1.5655,-0.0116,60.3297,medium,5.498,True,da=+9.87km[medium] | di=+0.0379deg | de=+0.00113
STARLINK-30916,53deg,mixed,2026-05-03 18:50:42+00:00,2026-05-04 10:50:42+00:00,16.0,6835.869,457.73,0.000571,53.2865,104.7845,74.4352,9.8336,0.000939,0.02979,-3.1408,-3.1068,-0.0339,84.7354,medium,5.492,True,da=+9.83km[medium] | di=+0.0298deg
STARLINK-37029,53deg,mixed,2026-05-02 09:39:42+00:00,2026-05-02 17:38:42+00:00,7.98,6791.112,412.98,0.000374,53.2774,70.0656,97.689,9.7308,0.001069,0.03258,-1.599,-1.5865,-0.0124,56.4717,medium,5.489,True,da=+9.73km[medium] | di=+0.0326deg | de=+0.00107
STARLINK-35131,53deg,phasing,2026-05-02 10:00:42+00:00,2026-05-02 18:04:42+00:00,8.07,6849.114,470.98,0.00073,53.1334,355.5124,111.743,9.8517,0.000739,0.02455,-1.5627,-1.5615,-0.0012,52.6331,medium,5.487,True,da=+9.85km[medium] | di=+0.0246deg
STARLINK-30913,53deg,mixed,2026-05-03 18:48:42+00:00,2026-05-04 10:47:42+00:00,15.98,6836.792,458.65,0.000778,53.2898,104.7709,113.3068,9.8251,0.000179,0.02925,-3.0801,-3.1019,0.0218,80.7778,medium,5.487,True,da=+9.83km[medium] | di=+0.0292deg
STARLINK-30921,53deg,mixed,2026-05-04 10:46:42+00:00,2026-05-04 19:55:42+00:00,9.15,6836.707,458.57,0.001453,53.2879,101.587,248.3357,9.8194,-0.000542,0.03401,-1.7817,-1.7758,-0.0059,-52.8264,medium,5.483,True,da=+9.82km[medium] | di=+0.0340deg
STARLINK-35116,53deg,mixed,2026-05-03 09:56:42+00:00,2026-05-03 18:12:42+00:00,8.27,6848.161,470.02,0.001519,53.12,350.7329,283.7549,9.8375,-7.1e-05,0.02548,-1.5772,-1.6014,0.0243,98.4195,medium,5.48,True,da=+9.84km[medium] | di=+0.0255deg
STARLINK-32045,53deg,mixed,2026-05-05 10:35:42+00:00,2026-05-05 18:39:42+00:00,8.07,6858.602,480.47,0.001509,53.2818,133.2086,18.6146,-9.8545,-0.000866,-0.02686,-1.5575,-1.5573,-0.0002,52.6315,medium,5.477,True,da=-9.85km[medium] | di=-0.0269deg
STARLINK-30313,53deg,mixed,2026-05-02 10:46:42+00:00,2026-05-02 18:52:42+00:00,8.1,6849.973,471.84,0.000846,53.0454,317.001,117.003,9.833,0.000488,0.02848,-1.5546,-1.5704,0.0158,60.2716,medium,5.475,True,da=+9.83km[medium] | di=+0.0285deg
STARLINK-32015,53deg,mixed,2026-05-05 02:33:42+00:00,2026-05-05 10:38:42+00:00,8.08,6859.446,481.31,0.001098,53.2816,134.3247,189.1246,-9.8388,0.000269,-0.02531,-1.5478,-1.5598,0.012,56.333,medium,5.467,True,da=-9.84km[medium] | di=-0.0253deg
STARLINK-34393,53deg,mixed,2026-05-02 18:04:42+00:00,2026-05-03 02:20:42+00:00,8.27,6857.964,479.83,0.000703,53.0326,289.3373,336.8425,-9.8088,-0.000185,-0.03297,-1.5726,-1.6058,0.0332,98.5741,medium,5.452,True,da=-9.81km[medium] | di=-0.0330deg
STARLINK-34393,53deg,mixed,2026-05-05 10:08:42+00:00,2026-05-05 18:12:42+00:00,8.07,6848.962,470.82,0.001453,52.995,276.9146,290.208,9.7876,-0.000594,0.03306,-1.56,-1.5665,0.0065,52.5102,medium,5.451,True,da=+9.79km[medium] | di=+0.0331deg
STARLINK-35464,53deg,mixed,2026-05-05 22:57:42+00:00,2026-05-06 01:44:42+00:00,2.78,6837.143,459.01,0.001403,53.2153,28.1536,248.6417,9.7594,7.4e-05,0.03026,-0.565,-0.541,-0.024,-78.9584,medium,5.449,True,da=+9.76km[medium] | di=+0.0303deg
STARLINK-11241,53deg,phasing,2026-05-02 19:02:42+00:00,2026-05-03 02:53:42+00:00,7.85,6733.053,354.92,0.000655,53.2824,74.4611,108.7991,9.5363,0.000856,0.0307,-1.6124,-1.6075,-0.0049,49.4995,medium,5.449,True,da=+9.54km[medium] | di=+0.0307deg
STARLINK-35035,53deg,mixed,2026-05-06 02:07:42+00:00,2026-05-06 10:11:42+00:00,8.07,6849.03,470.89,0.001454,53.0559,325.5219,290.212,9.7807,-0.000581,0.0302,-1.5599,-1.5643,0.0044,52.474,medium,5.447,True,da=+9.78km[medium] | di=+0.0302deg
STARLINK-32001,53deg,mixed,2026-05-02 10:28:42+00:00,2026-05-02 18:32:42+00:00,8.07,6858.766,480.63,0.000892,53.2573,146.7911,197.0505,-9.796,0.000573,-0.02721,-1.5562,-1.558,0.0018,52.4814,medium,5.444,True,da=-9.80km[medium] | di=-0.0272deg
STARLINK-35129,53deg,phasing,2026-05-03 10:02:42+00:00,2026-05-03 18:06:42+00:00,8.07,6858.878,480.74,0.000859,53.152,350.9592,196.3332,-9.7923,0.000571,-0.03631,-1.5633,-1.5619,-0.0013,52.5095,medium,5.442,True,da=-9.79km[medium] | di=-0.0363deg
STARLINK-32009,53deg,mixed,2026-05-05 10:39:42+00:00,2026-05-05 18:43:42+00:00,8.07,6848.82,470.68,0.001491,53.2513,133.3494,289.3297,9.7557,-0.000643,0.03327,-1.5573,-1.5573,-0.0,52.4915,medium,5.433,True,da=+9.76km[medium] | di=+0.0333deg
STARLINK-36768,SSO,mixed,2026-05-04 09:53:42+00:00,2026-05-04 21:09:42+00:00,11.27,6838.508,460.37,0.001206,97.1759,312.4082,128.3286,9.7277,-0.000282,-0.00388,0.4562,0.4566,-0.0004,69.8846,medium,5.43,True,da=+9.73km[medium]
STARLINK-37471,SSO,phasing,2026-05-04 21:24:42+00:00,2026-05-05 01:41:42+00:00,4.28,6726.809,348.67,0.000871,97.2071,330.1715,198.2982,-9.4846,0.000348,0.00092,0.1952,0.1856,0.0096,-68.6846,medium,5.427,True,da=-9.48km[medium]
STARLINK-32262,53deg,mixed,2026-05-05 02:39:42+00:00,2026-05-05 10:39:42+00:00,8.0,6721.979,343.84,0.000957,53.089,195.1583,290.0258,9.4706,0.000691,0.03702,-1.6242,-1.6551,0.0308,89.6473,medium,5.425,True,da=+9.47km[medium] | di=+0.0370deg
STARLINK-34797,53deg,mixed,2026-05-02 18:05:42+00:00,2026-05-03 02:09:42+00:00,8.07,6848.387,470.25,0.001551,52.9967,276.7955,285.521,9.728,-0.000787,0.02955,-1.5677,-1.567,-0.0008,52.5007,medium,5.419,True,da=+9.73km[medium] | di=+0.0295deg
STARLINK-34760,53deg,phasing,2026-05-03 02:07:42+00:00,2026-05-03 10:13:42+00:00,8.1,6849.799,471.66,0.000842,53.0001,274.9435,115.9308,9.7287,0.000503,0.02882,-1.5577,-1.5722,0.0145,60.316,medium,5.417,True,da=+9.73km[medium] | di=+0.0288deg
STARLINK-35131,53deg,phasing,2026-05-03 09:53:42+00:00,2026-05-03 18:08:42+00:00,8.25,6858.843,480.71,0.000852,53.1526,350.9188,196.781,-9.7248,0.000579,-0.03599,-1.6315,-1.5974,-0.0341,94.5413,medium,5.404,True,da=-9.72km[medium] | di=-0.0360deg
STARLINK-34496,53deg,phasing,2026-05-05 10:03:42+00:00,2026-05-05 18:19:42+00:00,8.27,6812.143,434.01,0.000345,53.0638,211.9849,95.3815,9.611,0.000278,0.03036,-1.6027,-1.6334,0.0307,113.3979,medium,5.396,True,da=+9.61km[medium] | di=+0.0304deg
STARLINK-34688,53deg,mixed,2026-05-03 18:06:42+00:00,2026-05-04 10:19:42+00:00,16.22,6847.644,469.51,0.001649,53.2295,38.5387,262.6564,9.6843,-0.000175,0.02623,-3.119,-3.1344,0.0154,124.1348,medium,5.395,True,da=+9.68km[medium] | di=+0.0262deg
STARLINK-35464,53deg,mixed,2026-05-04 20:58:42+00:00,2026-05-05 01:56:42+00:00,4.97,6847.025,468.89,0.001455,53.2509,33.2055,27.8684,-9.6783,-0.001177,-0.03214,-0.983,-0.9652,-0.0177,63.2566,medium,5.392,True,da=-9.68km[medium] | di=-0.0321deg | de=-0.00118
STARLINK-33946,mid-inc,mixed,2026-05-03 18:22:42+00:00,2026-05-04 10:13:42+00:00,15.85,6950.923,572.79,0.000612,69.9423,335.2649,324.5006,-9.8982,0.001403,-0.01887,-1.6589,-1.6752,0.0162,-38.6784,medium,5.392,True,da=-9.90km[medium] | de=+0.00140
STARLINK-32018,53deg,mixed,2026-05-05 10:33:42+00:00,2026-05-05 18:39:42+00:00,8.1,6857.082,478.94,0.001489,53.2771,133.1854,28.4106,-9.6863,-0.001197,-0.02586,-1.5828,-1.565,-0.0178,60.32,medium,5.385,True,da=-9.69km[medium] | di=-0.0259deg | de=-0.00120
STARLINK-32194,53deg,mixed,2026-05-05 22:23:42+00:00,2026-05-06 02:36:42+00:00,4.22,6857.471,479.33,0.001491,53.2477,30.9605,26.5203,-9.6775,0.000191,-0.03339,-0.8365,-0.8152,-0.0213,-111.5481,medium,5.38,True,da=-9.68km[medium] | di=-0.0334deg
STARLINK-34515,mid-inc,mixed,2026-05-04 20:42:42+00:00,2026-05-05 02:06:42+00:00,5.4,6956.514,578.38,0.000876,70.0356,172.2623,176.7182,-9.8844,0.000235,-0.01676,-0.5786,-0.5666,-0.0121,133.1878,medium,5.378,True,da=-9.88km[medium]
STARLINK-37162,53deg,mixed,2026-05-02 17:37:42+00:00,2026-05-03 01:42:42+00:00,8.08,6821.753,443.62,0.000645,53.3084,68.3913,207.1052,-9.5933,0.001022,-0.03115,-1.6194,-1.5892,-0.0302,70.8241,medium,5.375,True,da=-9.59km[medium] | di=-0.0312deg | de=+0.00102
STARLINK-35323,53deg,mixed,2026-05-02 09:59:42+00:00,2026-05-02 18:05:42+00:00,8.1,6847.437,469.3,0.001694,53.1289,355.2087,270.7214,9.6464,-0.001076,0.02344,-1.5923,-1.5695,-0.0228,60.1288,medium,5.374,True,da=+9.65km[medium] | di=+0.0234deg | de=-0.00108
STARLINK-34801,53deg,mixed,2026-05-04 10:05:42+00:00,2026-05-04 20:42:42+00:00,10.62,6848.278,470.14,0.001545,53.107,346.3469,284.5604,9.6395,-0.00082,0.02467,-2.0294,-2.0573,0.0279,-81.6861,medium,5.369,True,da=+9.64km[medium] | di=+0.0247deg
STARLINK-34375,53deg,mixed,2026-05-05 22:46:42+00:00,2026-05-06 02:11:42+00:00,3.42,6824.32,446.18,0.001398,53.1073,209.4503,171.9016,-9.5843,-0.000116,-0.02835,-0.6464,-0.674,0.0276,70.7013,medium,5.367,True,da=-9.58km[medium] | di=-0.0283deg
STARLINK-32001,53deg,mixed,2026-05-03 02:34:42+00:00,2026-05-03 10:38:42+00:00,8.07,6849.524,471.39,0.001387,53.2332,143.6445,294.3773,9.6342,-0.000392,0.03505,-1.5492,-1.5574,0.0082,52.502,medium,5.365,True,da=+9.63km[medium] | di=+0.0350deg
STARLINK-34518,53deg,mixed,2026-05-02 18:11:42+00:00,2026-05-03 02:15:42+00:00,8.07,6857.577,479.44,0.000706,53.0661,225.0585,205.2743,-9.6441,0.000897,-0.02483,-1.5705,-1.5658,-0.0047,52.498,medium,5.361,True,da=-9.64km[medium] | di=-0.0248deg
STARLINK-35231,53deg,mixed,2026-05-05 02:06:42+00:00,2026-05-05 10:11:42+00:00,8.08,6847.534,469.4,0.001648,53.1243,186.4169,275.9507,9.6087,-0.001033,0.03569,-1.5808,-1.5662,-0.0147,56.3262,medium,5.353,True,da=+9.61km[medium] | di=+0.0357deg | de=-0.00103
STARLINK-5526,mid-inc,phasing,2026-05-05 21:34:42+00:00,2026-05-06 03:20:42+00:00,5.77,6952.67,574.53,0.00101,69.9108,319.8241,28.7357,-9.827,0.000677,-0.01715,-0.6093,-0.6098,0.0005,-144.2177,medium,5.351,True,da=-9.83km[medium]
STARLINK-36795,SSO,mixed,2026-05-04 09:52:42+00:00,2026-05-04 21:11:42+00:00,11.32,6846.745,468.61,0.001597,97.1711,312.4188,154.5343,-9.6004,0.000547,0.00733,0.4574,0.459,-0.0016,81.2749,medium,5.349,True,da=-9.60km[medium]
STARLINK-32886,53deg,mixed,2026-05-02 18:24:42+00:00,2026-05-03 02:28:42+00:00,8.07,6857.985,479.85,0.000734,53.2957,58.0553,202.3111,-9.6197,0.000804,-0.03046,-1.5639,-1.5572,-0.0067,52.4924,medium,5.347,True,da=-9.62km[medium] | di=-0.0305deg
STARLINK-36708,SSO,phasing,2026-05-06 01:10:42+00:00,2026-05-06 09:38:42+00:00,8.47,6842.165,464.03,0.001395,97.1639,236.7629,139.5473,-9.5854,0.001426,0.00173,0.3471,0.3437,0.0034,146.0262,medium,5.346,True,da=-9.59km[medium] | de=+0.00143
STARLINK-34490,53deg,mixed,2026-05-02 18:12:42+00:00,2026-05-03 02:16:42+00:00,8.07,6859.311,481.17,0.00104,53.0723,225.0814,191.5842,-9.6113,0.000278,-0.02474,-1.5523,-1.5642,0.0119,52.5219,medium,5.341,True,da=-9.61km[medium] | di=-0.0247deg
STARLINK-31780,53deg,lowering,2026-05-03 02:39:42+00:00,2026-05-03 10:43:42+00:00,8.07,6848.113,469.98,0.001593,53.2126,28.6439,282.681,9.5838,-0.00089,0.026,-1.5667,-1.5594,-0.0072,52.4907,medium,5.338,True,da=+9.58km[medium] | di=+0.0260deg
STARLINK-34909,SSO,mixed,2026-05-05 22:44:42+00:00,2026-05-06 02:04:42+00:00,3.33,6918.156,540.02,0.0009,97.5272,357.5485,112.683,9.7272,0.000573,-0.01061,0.137,0.136,0.0011,32.4049,medium,5.336,True,da=+9.73km[medium]
STARLINK-30283,53deg,phasing,2026-05-03 18:49:42+00:00,2026-05-04 11:02:42+00:00,16.22,6850.105,471.97,0.001254,53.0352,310.8302,242.6807,9.5842,0.000134,0.02275,-3.1568,-3.1449,-0.0119,124.1112,medium,5.336,True,da=+9.58km[medium] | di=+0.0228deg
STARLINK-35036,53deg,mixed,2026-05-02 09:56:42+00:00,2026-05-02 18:02:42+00:00,8.1,6859.932,481.79,0.00126,53.1334,342.6553,180.9278,-9.5968,-2.5e-05,-0.03511,-1.5538,-1.5681,0.0143,60.1561,medium,5.332,True,da=-9.60km[medium] | di=-0.0351deg
STARLINK-35274,53deg,mixed,2026-05-04 20:56:42+00:00,2026-05-05 02:07:42+00:00,5.18,6859.648,481.51,0.001142,53.1364,344.4008,186.6771,-9.5917,0.000141,-0.0341,-1.0276,-1.0035,-0.024,110.2514,medium,5.329,True,da=-9.59km[medium] | di=-0.0341deg
STARLINK-30898,53deg,mixed,2026-05-03 02:42:42+00:00,2026-05-03 10:57:42+00:00,8.25,6835.745,457.61,0.00161,53.2831,107.9374,284.2521,9.5234,-0.000101,0.02919,-1.5712,-1.6023,0.0312,99.7511,medium,5.319,True,da=+9.52km[medium] | di=+0.0292deg
STARLINK-34830,53deg,mixed,2026-05-06 02:04:42+00:00,2026-05-06 10:08:42+00:00,8.07,6857.838,479.7,0.001487,53.086,325.3559,23.3454,-9.5661,-0.00099,-0.03042,-1.5686,-1.565,-0.0036,52.6244,medium,5.317,True,da=-9.57km[medium] | di=-0.0304deg
STARLINK-32191,53deg,phasing,2026-05-04 20:10:42+00:00,2026-05-05 02:41:42+00:00,6.52,6857.175,479.04,0.00067,53.2549,35.8634,207.3041,-9.5627,0.001008,-0.0312,-1.2711,-1.2597,-0.0114,56.5222,medium,5.316,True,da=-9.56km[medium] | di=-0.0312deg | de=+0.00101
STARLINK-32018,53deg,mixed,2026-05-06 02:33:42+00:00,2026-05-06 10:38:42+00:00,8.08,6848.476,470.34,0.000513,53.2537,130.0594,102.979,9.5406,0.00097,0.03577,-1.5638,-1.5607,-0.0031,56.4553,medium,5.314,True,da=+9.54km[medium] | di=+0.0358deg
STARLINK-37366,SSO,mixed,2026-05-06 01:43:42+00:00,2026-05-06 09:40:42+00:00,7.95,6712.736,334.6,0.000968,97.2136,331.4164,66.1349,9.2452,0.00055,-0.00029,0.3565,0.3457,0.0108,77.2884,medium,5.306,True,da=+9.25km[medium]
STARLINK-34548,mid-inc,mixed,2026-05-02 18:07:42+00:00,2026-05-03 02:23:42+00:00,8.27,6946.606,568.47,0.001105,70.0046,177.6129,309.6252,9.7295,-0.000174,0.0162,-0.8503,-0.868,0.0176,57.3787,medium,5.305,True,da=+9.73km[medium]
STARLINK-34680,53deg,phasing,2026-05-04 10:15:42+00:00,2026-05-04 20:44:42+00:00,10.48,6857.144,479.01,0.001473,53.0186,269.277,27.8781,-9.539,0.000201,-0.02677,-2.0544,-2.0376,-0.0168,-112.3112,medium,5.303,True,da=-9.54km[medium] | di=-0.0268deg
STARLINK-34782,53deg,phasing,2026-05-05 18:17:42+00:00,2026-05-05 22:45:42+00:00,4.47,6857.724,479.59,0.001479,53.0254,262.3785,156.377,-9.5357,-0.000993,-0.03269,-0.8582,-0.8678,0.0096,-54.2697,medium,5.301,True,da=-9.54km[medium] | di=-0.0327deg
STARLINK-37066,53deg,mixed,2026-05-03 17:41:42+00:00,2026-05-04 09:32:42+00:00,15.85,6801.561,423.42,0.001478,53.0295,281.9395,22.2585,-9.405,-0.000882,-0.03389,-3.1957,-3.1691,-0.0266,85.7432,medium,5.293,True,da=-9.40km[medium] | di=-0.0339deg
STARLINK-35367,53deg,mixed,2026-05-05 18:01:42+00:00,2026-05-05 23:02:42+00:00,5.02,6837.296,459.16,0.000835,53.2925,105.4853,116.6599,9.4774,0.000164,0.026,-0.9505,-0.9734,0.0229,75.3253,medium,5.292,True,da=+9.48km[medium] | di=+0.0260deg
STARLINK-36702,SSO,mixed,2026-05-04 09:54:42+00:00,2026-05-04 21:04:42+00:00,11.17,6840.66,462.52,0.001636,97.1647,235.9482,225.3232,-9.4852,0.001402,0.00225,0.4616,0.4537,0.0078,46.7302,medium,5.292,True,da=-9.49km[medium] | de=+0.00140
STARLINK-5038,mid-inc,phasing,2026-05-05 21:29:42+00:00,2026-05-06 03:15:42+00:00,5.77,6944.265,566.13,0.000762,69.9447,339.9719,121.2835,9.6902,-0.000344,0.00894,-0.6056,-0.608,0.0025,-144.4268,medium,5.286,True,da=+9.69km[medium]
STARLINK-37405,SSO,mixed,2026-05-04 09:41:42+00:00,2026-05-04 21:24:42+00:00,11.72,6724.728,346.59,0.001076,97.205,329.6808,348.8738,-9.2208,0.001063,0.00885,0.5048,0.5085,-0.0037,-112.6452,medium,5.278,True,da=-9.22km[medium] | de=+0.00106
STARLINK-30913,53deg,mixed,2026-05-03 02:48:42+00:00,2026-05-03 10:54:42+00:00,8.1,6844.493,466.36,0.001475,53.3102,107.9145,28.5851,-9.4509,-0.001127,-0.03094,-1.5954,-1.5739,-0.0215,65.438,medium,5.269,True,da=-9.45km[medium] | di=-0.0309deg | de=-0.00113
STARLINK-34860,53deg,mixed,2026-05-02 18:05:42+00:00,2026-05-03 02:09:42+00:00,8.07,6850.008,471.87,0.001291,53.0021,276.7683,297.136,9.4519,-0.000216,0.0284,-1.5523,-1.5656,0.0133,52.5047,medium,5.263,True,da=+9.45km[medium] | di=+0.0284deg
STARLINK-35336,53deg,mixed,2026-05-02 10:00:42+00:00,2026-05-02 18:05:42+00:00,8.08,6850.038,471.9,0.000879,53.0685,213.5142,117.525,9.4485,0.000519,0.03132,-1.5484,-1.5663,0.018,56.5256,medium,5.261,True,da=+9.45km[medium] | di=+0.0313deg
STARLINK-11444,53deg,phasing,2026-05-05 11:06:42+00:00,2026-05-05 19:09:42+00:00,8.05,6731.988,353.85,0.000481,42.9689,185.2658,88.9384,9.2026,0.00054,0.04457,-2.0143,-2.0188,0.0045,99.1593,medium,5.259,True,da=+9.20km[medium] | di=+0.0446deg
STARLINK-34817,53deg,mixed,2026-05-05 22:46:42+00:00,2026-05-06 02:11:42+00:00,3.42,6844.518,466.38,0.000536,53.0241,262.0517,208.6706,-9.4316,0.001057,-0.02716,-0.6909,-0.6683,-0.0226,66.7117,medium,5.258,True,da=-9.43km[medium] | di=-0.0272deg | de=+0.00106
STARLINK-37051,53deg,raising,2026-05-06 01:39:42+00:00,2026-05-06 09:38:42+00:00,7.98,6837.476,459.34,0.0012,53.0103,269.8836,131.3908,9.4059,0.000199,0.01863,-1.5454,-1.5593,0.0139,38.8993,medium,5.252,True,da=+9.41km[medium]
STARLINK-34079,mid-inc,mixed,2026-05-04 20:36:42+00:00,2026-05-05 02:22:42+00:00,5.77,6951.711,573.57,0.000443,69.937,332.4007,212.3442,-9.6293,0.000296,-0.01824,-0.6107,-0.6093,-0.0014,-144.417,medium,5.244,True,da=-9.63km[medium]
STARLINK-35295,53deg,lowering,2026-05-02 18:03:42+00:00,2026-05-03 02:07:42+00:00,8.07,6857.232,479.1,0.001467,53.1534,354.2485,26.5322,-9.4231,-0.001013,-0.03361,-1.569,-1.563,-0.006,52.6783,medium,5.239,True,da=-9.42km[medium] | di=-0.0336deg | de=-0.00101
STARLINK-32883,53deg,mixed,2026-05-04 20:23:42+00:00,2026-05-05 02:18:42+00:00,5.92,6857.686,479.55,0.001499,53.2779,48.3734,155.5022,-9.4234,-0.000931,-0.0278,-1.1098,-1.1427,0.033,-81.3357,medium,5.238,True,da=-9.42km[medium] | di=-0.0278deg
STARLINK-32194,53deg,mixed,2026-05-05 18:48:42+00:00,2026-05-05 22:23:42+00:00,3.58,6848.078,469.94,0.001609,53.2177,31.6227,283.7028,9.3924,-0.000118,0.02999,-0.6622,-0.6927,0.0305,102.8175,medium,5.232,True,da=+9.39km[medium] | di=+0.0300deg
STARLINK-35295,53deg,lowering,2026-05-04 20:53:42+00:00,2026-05-05 02:06:42+00:00,5.22,6859.823,481.69,0.001259,53.1368,344.3901,181.0165,-9.4151,-3.8e-05,-0.0335,-1.0302,-1.0098,-0.0204,117.902,medium,5.231,True,da=-9.42km[medium] | di=-0.0335deg
STARLINK-37162,53deg,mixed,2026-05-04 09:37:42+00:00,2026-05-04 20:56:42+00:00,11.32,6812.848,434.71,0.000548,53.2682,60.4889,105.2136,9.3079,0.000143,0.0267,-2.1989,-2.2248,0.0259,99.3555,medium,5.225,True,da=+9.31km[medium] | di=+0.0267deg
STARLINK-11251,53deg,phasing,2026-05-05 03:17:42+00:00,2026-05-05 11:08:42+00:00,7.85,6741.701,363.56,0.000624,53.2989,62.6279,207.3155,-9.1467,0.000992,-0.0321,-1.6186,-1.6087,-0.0099,49.3605,medium,5.216,True,da=-9.15km[medium] | di=-0.0321deg
STARLINK-37442,SSO,mixed,2026-05-03 01:32:42+00:00,2026-05-03 09:27:42+00:00,7.92,6700.645,322.51,0.002076,97.204,328.2731,307.4171,9.0572,-0.000363,4e-05,0.3413,0.346,-0.0047,75.9389,medium,5.213,True,da=+9.06km[medium]
STARLINK-5873,mid-inc,phasing,2026-05-03 19:24:42+00:00,2026-05-04 11:15:42+00:00,15.85,6946.076,567.94,0.000854,69.9135,325.3492,51.9636,9.5577,0.00026,0.0081,-1.6719,-1.6723,0.0004,-38.7847,medium,5.212,True,da=+9.56km[medium]
STARLINK-30297,53deg,mixed,2026-05-05 10:58:42+00:00,2026-05-05 19:02:42+00:00,8.07,6850.361,472.22,0.000957,53.0245,303.0364,120.8937,9.3579,0.000428,0.02792,-1.5472,-1.5645,0.0174,52.6193,medium,5.21,True,da=+9.36km[medium] | di=+0.0279deg
STARLINK-5526,mid-inc,phasing,2026-05-03 11:05:42+00:00,2026-05-03 19:15:42+00:00,8.17,6952.695,574.56,0.000324,69.9221,325.9724,208.5007,-9.5564,0.001285,-0.01371,-0.86,-0.863,0.003,34.8934,medium,5.204,True,da=-9.56km[medium] | de=+0.00128
STARLINK-32190,53deg,mixed,2026-05-05 10:32:42+00:00,2026-05-05 18:46:42+00:00,8.23,6848.949,470.81,0.001476,53.2251,33.1204,249.2174,9.3366,-0.000668,0.02376,-1.6267,-1.5907,-0.036,90.7353,medium,5.2,True,da=+9.34km[medium] | di=+0.0238deg
STARLINK-30916,53deg,mixed,2026-05-02 18:48:42+00:00,2026-05-03 02:52:42+00:00,8.07,6837.994,459.86,0.00122,53.2898,109.4238,299.8402,9.3023,1.1e-05,0.02961,-1.5543,-1.5648,0.0104,57.5833,medium,5.193,True,da=+9.30km[medium] | di=+0.0296deg
STARLINK-32787,53deg,lowering,2026-05-03 10:22:42+00:00,2026-05-03 18:26:42+00:00,8.07,6847.983,469.85,0.001621,53.2594,54.9228,280.6846,9.3163,-0.000982,0.02599,-1.5702,-1.558,-0.0122,52.4922,medium,5.19,True,da=+9.32km[medium] | di=+0.0260deg
STARLINK-32259,53deg,mixed,2026-05-02 18:34:42+00:00,2026-05-03 02:37:42+00:00,8.05,6858.828,480.69,0.0009,53.0497,238.2359,196.9531,-9.3373,0.000443,-0.02457,-1.5543,-1.5621,0.0078,48.6755,medium,5.189,True,da=-9.34km[medium] | di=-0.0246deg
STARLINK-35196,53deg,mixed,2026-05-03 09:56:42+00:00,2026-05-03 18:13:42+00:00,8.28,6848.224,470.09,0.000517,53.0702,209.104,103.5436,9.2988,0.000168,0.0305,-1.5718,-1.6066,0.0348,102.3786,medium,5.18,True,da=+9.30km[medium] | di=+0.0305deg
STARLINK-34801,53deg,mixed,2026-05-06 02:06:42+00:00,2026-05-06 10:09:42+00:00,8.05,6849.65,471.51,0.000806,53.0899,338.5888,114.7707,9.3011,0.000678,0.02841,-1.5517,-1.5595,0.0078,48.7822,medium,5.179,True,da=+9.30km[medium] | di=+0.0284deg
STARLINK-31773,53deg,phasing,2026-05-02 10:30:42+00:00,2026-05-02 18:35:42+00:00,8.08,6850.386,472.25,0.001207,53.229,33.6447,298.7286,9.301,-2.9e-05,0.02379,-1.5495,-1.5604,0.0109,56.3372,medium,5.178,True,da=+9.30km[medium] | di=+0.0238deg
STARLINK-35301,53deg,mixed,2026-05-06 02:03:42+00:00,2026-05-06 10:08:42+00:00,8.08,6850.689,472.55,0.001141,53.1461,181.1994,301.2558,9.2726,7.7e-05,0.03463,-1.5458,-1.563,0.0172,56.3145,medium,5.162,True,da=+9.27km[medium] | di=+0.0346deg
STARLINK-34405,mid-inc,mixed,2026-05-06 01:41:42+00:00,2026-05-06 10:19:42+00:00,8.63,6949.829,571.69,0.000892,70.0301,169.3104,141.1944,-9.4605,0.001098,-0.00983,-0.8979,-0.9088,0.011,139.7186,medium,5.155,True,da=-9.46km[medium] | de=+0.00110
STARLINK-30303,53deg,mixed,2026-05-05 11:01:42+00:00,2026-05-05 19:05:42+00:00,8.07,6856.976,478.84,0.001445,53.0415,302.5288,28.1202,-9.2621,-0.001046,-0.02799,-1.5759,-1.5671,-0.0088,52.6529,medium,5.149,True,da=-9.26km[medium] | di=-0.0280deg | de=-0.00105
STARLINK-34405,mid-inc,mixed,2026-05-05 18:19:42+00:00,2026-05-05 22:49:42+00:00,4.5,6941.055,562.92,0.001896,70.016,170.0891,285.9306,9.4264,-0.001339,0.01686,-0.4506,-0.4736,0.0229,-68.8302,medium,5.146,True,da=+9.43km[medium] | de=-0.00134
STARLINK-37036,53deg,mixed,2026-05-06 01:20:42+00:00,2026-05-06 09:37:42+00:00,8.28,6794.007,415.87,0.000888,53.0019,270.7216,59.997,9.1125,0.000234,0.02698,-1.6721,-1.6547,-0.0174,126.2736,medium,5.137,True,da=+9.11km[medium] | di=+0.0270deg
STARLINK-35036,53deg,mixed,2026-05-05 10:10:42+00:00,2026-05-05 18:15:42+00:00,8.08,6856.761,478.62,0.00058,53.0901,328.6828,209.842,-9.221,0.001084,-0.03171,-1.5876,-1.5688,-0.0188,56.3152,medium,5.127,True,da=-9.22km[medium] | di=-0.0317deg | de=+0.00108
STARLINK-35418,53deg,mixed,2026-05-03 09:59:42+00:00,2026-05-03 18:02:42+00:00,8.05,6857.672,479.53,0.000669,53.2662,40.1068,204.5155,-9.2215,0.000857,-0.03399,-1.5626,-1.5552,-0.0073,48.6739,medium,5.126,True,da=-9.22km[medium] | di=-0.0340deg
STARLINK-36973,53deg,phasing,2026-05-05 17:53:42+00:00,2026-05-05 23:07:42+00:00,5.23,6849.859,471.72,0.001236,53.0328,273.1595,356.3454,-9.2041,-0.000248,-0.03059,-1.038,-1.0206,-0.0174,124.716,medium,5.125,True,da=-9.20km[medium] | di=-0.0306deg
STARLINK-36702,SSO,mixed,2026-05-03 17:41:42+00:00,2026-05-04 09:54:42+00:00,16.22,6831.494,453.36,0.000657,97.1693,235.2869,97.5916,9.1658,0.000979,-0.00457,0.6613,0.659,0.0024,127.7316,medium,5.124,True,da=+9.17km[medium]
STARLINK-32040,53deg,mixed,2026-05-05 02:35:42+00:00,2026-05-05 10:39:42+00:00,8.07,6857.011,478.87,0.000648,53.274,134.3153,208.3886,-9.2145,0.001002,-0.02363,-1.5681,-1.5585,-0.0095,52.4976,medium,5.123,True,da=-9.21km[medium] | di=-0.0236deg | de=+0.00100
STARLINK-34518,53deg,mixed,2026-05-06 02:05:42+00:00,2026-05-06 10:22:42+00:00,8.28,6859.198,481.06,0.000915,53.1039,209.5717,194.9173,-9.2193,0.000366,-0.02435,-1.6399,-1.605,-0.0349,102.163,medium,5.123,True,da=-9.22km[medium] | di=-0.0243deg
STARLINK-31773,53deg,phasing,2026-05-05 10:36:42+00:00,2026-05-05 18:39:42+00:00,8.05,6850.026,471.89,0.001274,53.1972,19.7038,297.0346,9.1996,-0.000364,0.02281,-1.553,-1.5555,0.0025,48.6914,medium,5.122,True,da=+9.20km[medium] | di=+0.0228deg
STARLINK-11206,53deg,phasing,2026-05-06 03:00:42+00:00,2026-05-06 11:01:42+00:00,8.02,6733.769,355.63,0.001498,53.044,223.0085,249.2104,8.9657,-0.000759,0.03283,-1.6871,-1.6504,-0.0367,88.4294,medium,5.122,True,da=+8.97km[medium] | di=+0.0328deg
STARLINK-35290,53deg,phasing,2026-05-04 10:08:42+00:00,2026-05-04 20:54:42+00:00,10.77,6858.077,479.94,0.001482,53.1507,188.8834,157.5106,-9.1691,-0.000782,-0.02418,-2.0803,-2.085,0.0047,-47.4402,medium,5.096,True,da=-9.17km[medium] | di=-0.0242deg
STARLINK-37042,53deg,phasing,2026-05-03 01:40:42+00:00,2026-05-03 09:44:42+00:00,8.07,6812.158,434.02,0.001651,53.2771,66.8044,263.1897,9.0746,-0.001047,0.02356,-1.6116,-1.5863,-0.0253,66.9656,medium,5.095,True,da=+9.07km[medium] | di=+0.0236deg | de=-0.00105
STARLINK-34823,53deg,mixed,2026-05-06 02:06:42+00:00,2026-05-06 10:10:42+00:00,8.07,6857.034,478.9,0.001468,53.0247,261.1429,29.1465,-9.157,-0.001049,-0.03076,-1.5817,-1.5677,-0.014,52.6194,medium,5.091,True,da=-9.16km[medium] | di=-0.0308deg | de=-0.00105
STARLINK-34826,53deg,mixed,2026-05-05 22:43:42+00:00,2026-05-06 02:08:42+00:00,3.42,6856.846,478.71,0.000615,53.0229,262.0397,210.2197,-9.1444,0.001066,-0.02631,-0.6867,-0.664,-0.0227,64.5328,medium,5.084,True,da=-9.14km[medium] | di=-0.0263deg | de=+0.00107
STARLINK-11204,53deg,phasing,2026-05-02 18:58:42+00:00,2026-05-03 03:02:42+00:00,8.07,6732.837,354.7,0.001531,53.2813,74.0834,287.184,8.8919,-4.4e-05,0.02916,-1.6205,-1.6524,0.0319,100.3558,medium,5.081,True,da=+8.89km[medium] | di=+0.0292deg
STARLINK-37156,53deg,mixed,2026-05-03 01:40:42+00:00,2026-05-03 09:46:42+00:00,8.1,6847.36,469.22,0.000299,53.2778,67.15,88.4674,9.1187,0.001157,0.02316,-1.5853,-1.5643,-0.021,60.3319,medium,5.08,True,da=+9.12km[medium] | di=+0.0232deg | de=+0.00116
STARLINK-32018,53deg,mixed,2026-05-03 18:34:42+00:00,2026-05-04 10:35:42+00:00,16.02,6857.439,479.3,0.000633,53.2644,140.9135,206.1595,-9.1385,0.00093,-0.02277,-3.1275,-3.0944,-0.0331,78.2172,medium,5.08,True,da=-9.14km[medium] | di=-0.0228deg
STARLINK-35299,53deg,phasing,2026-05-04 20:54:42+00:00,2026-05-05 02:07:42+00:00,5.22,6847.499,469.36,0.001614,53.0993,344.2159,271.9733,9.1161,-0.000207,0.02438,-0.986,-1.0116,0.0256,117.9595,medium,5.079,True,da=+9.12km[medium] | di=+0.0244deg
STARLINK-30297,53deg,mixed,2026-05-02 10:37:42+00:00,2026-05-02 18:53:42+00:00,8.27,6849.753,471.62,0.000785,53.0441,317.1024,64.9904,9.1169,0.000696,0.0268,-1.6358,-1.6032,-0.0325,98.6622,medium,5.077,True,da=+9.12km[medium] | di=+0.0268deg
STARLINK-31772,53deg,mixed,2026-05-05 22:10:42+00:00,2026-05-06 02:38:42+00:00,4.47,6850.756,472.62,0.000956,53.1888,15.3993,58.829,9.1164,0.000446,0.02469,-0.8794,-0.8629,-0.0165,-54.267,medium,5.075,True,da=+9.12km[medium] | di=+0.0247deg
STARLINK-32883,53deg,mixed,2026-05-02 18:24:42+00:00,2026-05-03 02:27:42+00:00,8.05,6858.78,480.64,0.000868,53.2984,58.066,196.4939,-9.1145,0.000463,-0.02893,-1.5507,-1.5531,0.0023,48.6759,medium,5.065,True,da=-9.11km[medium] | di=-0.0289deg
STARLINK-35462,53deg,mixed,2026-05-02 17:53:42+00:00,2026-05-03 02:08:42+00:00,8.25,6849.438,471.3,0.000726,53.2421,42.588,66.7984,9.0884,0.000736,0.02848,-1.6257,-1.5929,-0.0328,94.8303,medium,5.061,True,da=+9.09km[medium] | di=+0.0285deg
STARLINK-35295,53deg,lowering,2026-05-05 02:06:42+00:00,2026-05-05 10:10:42+00:00,8.07,6850.408,472.27,0.001221,53.1033,343.3598,298.9185,9.0853,-0.000117,0.02711,-1.5479,-1.5618,0.0139,52.5077,medium,5.058,True,da=+9.09km[medium] | di=+0.0271deg
STARLINK-32189,53deg,mixed,2026-05-03 18:33:42+00:00,2026-05-04 10:26:42+00:00,15.88,6859.176,481.04,0.001457,53.2703,40.949,14.2102,-9.1014,-0.000613,-0.03135,-3.0585,-3.0658,0.0073,47.6746,medium,5.058,True,da=-9.10km[medium] | di=-0.0313deg
STARLINK-35384,53deg,mixed,2026-05-03 18:11:42+00:00,2026-05-04 10:04:42+00:00,15.88,6857.592,479.45,0.001503,53.3054,115.2855,25.3952,-9.0898,-0.000882,-0.02721,-3.0751,-3.0656,-0.0095,47.7875,medium,5.053,True,da=-9.09km[medium] | di=-0.0272deg
STARLINK-35418,53deg,mixed,2026-05-04 10:08:42+00:00,2026-05-04 20:53:42+00:00,10.75,6859.551,481.41,0.00109,53.2624,35.4131,350.5109,-9.0814,0.000144,-0.03249,-2.0944,-2.075,-0.0195,-51.1222,medium,5.046,True,da=-9.08km[medium] | di=-0.0325deg
STARLINK-37446,SSO,phasing,2026-05-03 09:32:42+00:00,2026-05-03 17:45:42+00:00,8.22,6710.577,332.44,0.001602,97.2049,328.6119,29.9343,8.7831,-0.000149,-0.00244,0.3678,0.3573,0.0106,145.2294,medium,5.044,True,da=+8.78km[medium]
STARLINK-37447,SSO,mixed,2026-05-05 17:33:42+00:00,2026-05-05 23:21:42+00:00,5.8,6720.709,342.57,0.001324,97.2116,331.0802,319.8203,-8.8023,0.001422,0.00498,0.2436,0.2524,-0.0088,-70.3607,medium,5.043,True,da=-8.80km[medium] | de=+0.00142
STARLINK-32001,53deg,mixed,2026-05-06 02:33:42+00:00,2026-05-06 10:40:42+00:00,8.12,6847.569,469.43,0.001699,53.2532,129.7535,265.8879,9.0487,-0.001064,0.03306,-1.59,-1.5681,-0.0219,63.9321,medium,5.041,True,da=+9.05km[medium] | di=+0.0331deg | de=-0.00106
STARLINK-35384,53deg,mixed,2026-05-03 09:55:42+00:00,2026-05-03 18:11:42+00:00,8.27,6848.542,470.4,0.001536,53.2752,116.8495,286.9838,9.0501,-3.4e-05,0.03016,-1.564,-1.5956,0.0315,98.4114,medium,5.041,True,da=+9.05km[medium] | di=+0.0302deg
STARLINK-11444,53deg,phasing,2026-05-03 11:00:42+00:00,2026-05-03 19:01:42+00:00,8.02,6732.245,354.11,0.000694,42.9393,197.36,261.5201,8.816,0.000389,0.04224,-2.0299,-2.0114,-0.0185,91.2063,medium,5.038,True,da=+8.82km[medium] | di=+0.0422deg
STARLINK-31772,53deg,mixed,2026-05-05 18:45:42+00:00,2026-05-05 22:10:42+00:00,3.42,6859.819,481.68,0.001166,53.2159,16.0328,354.1408,-9.063,-0.00021,-0.02709,-0.6335,-0.6601,0.0266,64.6882,medium,5.036,True,da=-9.06km[medium] | di=-0.0271deg
STARLINK-37370,SSO,mixed,2026-05-02 09:42:42+00:00,2026-05-02 17:33:42+00:00,7.85,6702.738,324.6,0.001373,97.2058,327.567,134.3975,8.7528,-0.00045,-0.00466,0.3403,0.3427,-0.0024,60.1804,medium,5.035,True,da=+8.75km[medium]
STARLINK-11444,53deg,phasing,2026-05-05 19:09:42+00:00,2026-05-05 21:50:42+00:00,2.68,6741.191,363.05,0.001021,43.0134,183.2514,188.0976,-8.8123,-0.000485,-0.03616,-0.6935,-0.6728,-0.0206,-87.0288,medium,5.026,True,da=-8.81km[medium] | di=-0.0362deg
STARLINK-31954,53deg,mixed,2026-05-02 18:31:42+00:00,2026-05-03 02:34:42+00:00,8.05,6859.256,481.12,0.001463,53.2591,145.6941,12.8962,-9.0239,-0.000556,-0.02737,-1.5503,-1.554,0.0037,48.7855,medium,5.014,True,da=-9.02km[medium] | di=-0.0274deg
STARLINK-37026,53deg,mixed,2026-05-05 09:36:42+00:00,2026-05-05 17:52:42+00:00,8.27,6855.444,477.31,0.001416,53.0246,274.9538,158.1155,-9.0089,0.00017,-0.02976,-1.5763,-1.6078,0.0315,99.4002,medium,5.01,True,da=-9.01km[medium] | di=-0.0298deg
STARLINK-35298,53deg,mixed,2026-05-02 10:00:42+00:00,2026-05-02 18:04:42+00:00,8.07,6859.642,481.5,0.001129,53.1324,198.3771,187.7049,-9.0145,8.3e-05,-0.02778,-1.5455,-1.5616,0.0161,52.5073,medium,5.009,True,da=-9.01km[medium] | di=-0.0278deg
STARLINK-34019,mid-inc,mixed,2026-05-05 22:36:42+00:00,2026-05-06 02:23:42+00:00,3.78,6939.839,561.7,0.002201,69.9123,329.6816,271.5772,9.1724,-0.001218,0.01171,-0.386,-0.4005,0.0145,129.9982,medium,5.008,True,da=+9.17km[medium] | de=-0.00122
STARLINK-31422,53deg,lowering,2026-05-04 20:14:42+00:00,2026-05-05 02:53:42+00:00,6.65,6858.662,480.53,0.000476,42.8587,302.8666,94.9309,9.0075,0.000621,0.03731,-1.5632,-1.5654,0.0022,85.6052,medium,5.006,True,da=+9.01km[medium] | di=+0.0373deg
STARLINK-11444,53deg,phasing,2026-05-05 03:03:42+00:00,2026-05-05 11:06:42+00:00,8.05,6740.762,362.63,0.001005,43.0018,187.2736,349.7937,-8.7739,-0.000524,-0.03293,-2.0078,-2.0192,0.0114,99.1446,medium,5.005,True,da=-8.77km[medium] | di=-0.0329deg
STARLINK-37037,53deg,phasing,2026-05-05 17:52:42+00:00,2026-05-05 23:06:42+00:00,5.23,6847.367,469.23,0.001236,53.0323,273.1561,356.9832,-8.9771,-0.000229,-0.0299,-1.0403,-1.0218,-0.0185,125.3799,medium,5.001,True,da=-8.98km[medium] | di=-0.0299deg
STARLINK-35008,53deg,mixed,2026-05-06 02:05:42+00:00,2026-05-06 10:09:42+00:00,8.07,6850.652,472.52,0.001177,53.0621,325.4849,299.9885,8.9811,-7.1e-05,0.0281,-1.5472,-1.5631,0.0159,52.4863,medium,5.0,True,da=+8.98km[medium] | di=+0.0281deg
STARLINK-5873,mid-inc,phasing,2026-05-03 11:05:42+00:00,2026-05-03 19:24:42+00:00,8.32,6955.259,577.12,0.00055,69.9265,326.2047,343.3192,-9.1827,0.000304,-0.01297,-0.8555,-0.8775,0.0219,68.6444,medium,4.997,True,da=-9.18km[medium]
STARLINK-35336,53deg,mixed,2026-05-06 02:05:42+00:00,2026-05-06 10:09:42+00:00,8.07,6859.822,481.68,0.001139,53.1387,196.4828,186.6284,-8.9748,2.5e-05,-0.02373,-1.5491,-1.5611,0.012,52.4834,medium,4.987,True,da=-8.97km[medium] | di=-0.0237deg
STARLINK-30805,53deg,mixed,2026-05-02 10:37:42+00:00,2026-05-02 18:53:42+00:00,8.27,6867.692,489.55,0.001087,42.8812,249.9773,358.08,-8.9834,-0.000557,-0.0376,-1.9465,-1.9464,-0.0001,96.4807,medium,4.983,True,da=-8.98km[medium] | di=-0.0376deg
STARLINK-31723,53deg,mixed,2026-05-05 22:16:42+00:00,2026-05-06 02:36:42+00:00,4.33,6867.498,489.36,0.001245,43.0724,20.0517,174.3291,-8.9819,-0.000749,-0.04257,-1.0088,-1.0173,0.0085,-85.9638,medium,4.982,True,da=-8.98km[medium] | di=-0.0426deg
STARLINK-35274,53deg,mixed,2026-05-05 02:07:42+00:00,2026-05-05 10:10:42+00:00,8.05,6850.056,471.92,0.001283,53.1023,343.3732,296.9285,8.9476,-0.000325,0.02676,-1.5501,-1.5589,0.0088,48.6805,medium,4.982,True,da=+8.95km[medium] | di=+0.0268deg
STARLINK-30939,53deg,mixed,2026-05-03 18:49:42+00:00,2026-05-04 10:45:42+00:00,15.93,6844.265,466.13,0.000572,53.3132,104.6218,210.1808,-8.9254,0.001081,-0.02906,-3.1281,-3.0956,-0.0325,69.1379,medium,4.976,True,da=-8.93km[medium] | di=-0.0291deg | de=+0.00108
STARLINK-11444,53deg,phasing,2026-05-03 02:59:42+00:00,2026-05-03 11:00:42+00:00,8.02,6740.969,362.83,0.001209,42.9741,199.3562,170.3587,-8.7245,-0.000515,-0.0348,-1.9962,-2.0116,0.0154,91.1615,medium,4.976,True,da=-8.72km[medium] | di=-0.0348deg
STARLINK-34688,53deg,mixed,2026-05-03 02:11:42+00:00,2026-05-03 10:14:42+00:00,8.05,6857.17,479.03,0.000619,53.268,41.6303,207.3607,-8.9459,0.000951,-0.03167,-1.5642,-1.5554,-0.0088,48.6712,medium,4.973,True,da=-8.95km[medium] | di=-0.0317deg
STARLINK-5873,mid-inc,phasing,2026-05-05 21:38:42+00:00,2026-05-06 03:02:42+00:00,5.4,6956.496,578.36,0.00096,69.9168,320.0566,178.7512,-9.1387,0.00012,-0.01663,-0.5836,-0.5697,-0.0139,133.1512,medium,4.972,True,da=-9.14km[medium]
STARLINK-30916,53deg,mixed,2026-05-04 10:50:42+00:00,2026-05-05 02:51:42+00:00,16.02,6845.703,467.57,0.00151,53.3162,101.6438,159.1706,-8.9197,-0.000109,-0.02328,-3.0827,-3.1091,0.0264,88.3437,medium,4.971,True,da=-8.92km[medium] | di=-0.0233deg
STARLINK-30923,53deg,raising,2026-05-03 18:59:42+00:00,2026-05-04 10:50:42+00:00,15.85,6842.113,463.98,0.000818,53.2894,104.7755,113.3254,8.8953,0.000749,0.02651,-3.0733,-3.0685,-0.0048,45.8516,medium,4.961,True,da=+8.90km[medium] | di=+0.0265deg
STARLINK-35336,53deg,mixed,2026-05-03 18:09:42+00:00,2026-05-04 10:03:42+00:00,15.9,6850.74,472.6,0.001183,53.0823,207.2878,300.9863,8.9079,-8.3e-05,0.0382,-3.0675,-3.0791,0.0116,51.4723,medium,4.959,True,da=+8.91km[medium] | di=+0.0382deg
STARLINK-37213,SSO,raising,2026-05-02 09:47:42+00:00,2026-05-02 17:42:42+00:00,7.92,6752.74,374.6,0.000768,97.2722,353.5748,73.9342,8.7168,0.000443,-0.00501,0.3481,0.3398,0.0083,51.3655,medium,4.959,True,da=+8.72km[medium]
STARLINK-32182,53deg,mixed,2026-05-03 02:35:42+00:00,2026-05-03 10:39:42+00:00,8.07,6850.673,472.54,0.001133,53.2531,44.0168,301.6553,8.8993,5.1e-05,0.02402,-1.5416,-1.5562,0.0146,52.5772,medium,4.954,True,da=+8.90km[medium] | di=+0.0240deg
STARLINK-11253,53deg,phasing,2026-05-03 03:00:42+00:00,2026-05-03 11:13:42+00:00,8.22,6742.694,364.56,0.0015,53.313,72.8817,158.0166,-8.6868,-0.000116,-0.03215,-1.6847,-1.6822,-0.0025,135.6314,medium,4.953,True,da=-8.69km[medium] | di=-0.0321deg
STARLINK-34493,53deg,phasing,2026-05-05 10:08:42+00:00,2026-05-05 18:12:42+00:00,8.07,6847.58,469.44,0.001681,53.0627,213.0704,276.5853,8.8913,-0.001055,0.02858,-1.5758,-1.5656,-0.0102,52.5026,medium,4.953,True,da=+8.89km[medium] | di=+0.0286deg | de=-0.00106
STARLINK-5367,53deg,phasing,2026-05-05 19:20:42+00:00,2026-05-05 21:19:42+00:00,1.98,6858.708,480.57,0.000506,43.0227,17.3459,84.4318,8.9068,0.000672,0.03978,-0.4703,-0.4656,-0.0047,95.0722,medium,4.95,True,da=+8.91km[medium] | di=+0.0398deg
STARLINK-32671,53deg,mixed,2026-05-02 18:16:42+00:00,2026-05-03 02:34:42+00:00,8.3,6858.754,480.62,0.000471,42.9,325.571,82.1667,8.8865,0.000524,0.03233,-1.9536,-1.9526,-0.0011,104.1422,medium,4.939,True,da=+8.89km[medium] | di=+0.0323deg
STARLINK-31580,53deg,mixed,2026-05-05 10:44:42+00:00,2026-05-05 18:46:42+00:00,8.03,6849.315,471.18,0.0014,53.1948,19.7491,292.7538,8.8649,-0.000645,0.02159,-1.5576,-1.5531,-0.0045,44.8584,medium,4.937,True,da=+8.86km[medium] | di=+0.0216deg
STARLINK-30320,53deg,mixed,2026-05-03 02:54:42+00:00,2026-05-03 10:58:42+00:00,8.07,6850.744,472.61,0.001177,53.0204,300.9164,300.7255,8.8667,-5.7e-05,0.02489,-1.5494,-1.5646,0.0152,52.5314,medium,4.936,True,da=+8.87km[medium] | di=+0.0249deg
STARLINK-35116,53deg,mixed,2026-05-05 18:12:42+00:00,2026-05-05 22:42:42+00:00,4.5,6849.577,471.44,0.001319,53.0962,339.8626,245.8857,8.8539,-0.00052,0.02543,-0.8719,-0.8718,-0.0001,-46.4906,medium,4.93,True,da=+8.85km[medium] | di=+0.0254deg
STARLINK-34496,53deg,phasing,2026-05-03 18:15:42+00:00,2026-05-04 10:23:42+00:00,16.13,6814.418,436.28,0.001318,53.0541,219.8651,243.3754,8.7811,0.00015,0.03594,-3.1921,-3.1852,-0.0069,133.9921,medium,4.928,True,da=+8.78km[medium] | di=+0.0359deg
STARLINK-32783,53deg,lowering,2026-05-04 10:31:42+00:00,2026-05-04 20:19:42+00:00,9.8,6858.752,480.62,0.000698,42.8933,322.8267,264.7074,8.8603,0.000333,0.03435,-2.3218,-2.3057,-0.0161,88.1043,medium,4.924,True,da=+8.86km[medium] | di=+0.0343deg
STARLINK-34849,53deg,mixed,2026-05-03 18:05:42+00:00,2026-05-04 10:04:42+00:00,15.98,6856.705,478.57,0.001456,53.1002,207.8514,29.6781,-8.853,-0.001025,-0.01839,-3.1287,-3.1006,-0.0281,70.8146,medium,4.922,True,da=-8.85km[medium] | de=-0.00102
STARLINK-36702,SSO,mixed,2026-05-06 01:29:42+00:00,2026-05-06 09:45:42+00:00,8.27,6843.647,465.51,0.001188,97.1625,237.5826,323.9693,-8.8225,-0.000291,0.00085,0.3328,0.3352,-0.0024,100.2601,medium,4.919,True,da=-8.82km[medium]
STARLINK-11241,53deg,phasing,2026-05-06 03:04:42+00:00,2026-05-06 11:07:42+00:00,8.05,6734.407,356.27,0.001294,53.269,58.0856,243.9481,8.6098,-0.000497,0.02464,-1.6852,-1.6483,-0.0369,96.3544,medium,4.918,True,da=+8.61km[medium] | di=+0.0246deg
STARLINK-31750,53deg,mixed,2026-05-02 10:25:42+00:00,2026-05-02 18:39:42+00:00,8.23,6867.747,489.61,0.001148,43.1162,39.8107,357.3529,-8.865,-0.000674,-0.04511,-1.9314,-1.9312,-0.0002,88.7996,medium,4.917,True,da=-8.86km[medium] | di=-0.0451deg
STARLINK-35036,53deg,mixed,2026-05-03 02:08:42+00:00,2026-05-03 10:15:42+00:00,8.12,6850.836,472.7,0.001174,53.0948,339.4941,301.2306,8.8321,0.0002,0.0263,-1.5453,-1.5715,0.0263,63.9873,medium,4.917,True,da=+8.83km[medium] | di=+0.0263deg
STARLINK-32767,53deg,mixed,2026-05-02 18:19:42+00:00,2026-05-03 02:36:42+00:00,8.28,6858.792,480.66,0.000482,42.9125,332.1954,84.9646,8.8447,0.000585,0.03259,-1.9464,-1.9482,0.0019,100.2737,medium,4.915,True,da=+8.84km[medium] | di=+0.0326deg
STARLINK-37029,53deg,mixed,2026-05-05 01:37:42+00:00,2026-05-05 09:38:42+00:00,8.02,6799.847,421.71,0.000573,53.2922,57.3716,211.9428,-8.7194,0.001095,-0.03267,-1.6206,-1.5942,-0.0264,64.0176,medium,4.909,True,da=-8.72km[medium] | di=-0.0327deg | de=+0.00110
STARLINK-32259,53deg,mixed,2026-05-04 10:36:42+00:00,2026-05-04 20:18:42+00:00,9.7,6856.588,478.45,0.001445,53.0559,230.4804,30.695,-8.8198,-0.001051,-0.02718,-1.905,-1.8839,-0.0211,67.8089,medium,4.904,True,da=-8.82km[medium] | di=-0.0272deg | de=-0.00105
STARLINK-32886,53deg,mixed,2026-05-05 10:19:42+00:00,2026-05-05 18:24:42+00:00,8.08,6850.813,472.68,0.000984,53.2533,45.6665,121.1997,8.8021,0.000324,0.0237,-1.545,-1.5594,0.0144,56.4452,medium,4.9,True,da=+8.80km[medium] | di=+0.0237deg
STARLINK-35302,53deg,mixed,2026-05-02 18:06:42+00:00,2026-05-03 02:09:42+00:00,8.05,6848.163,470.03,0.001595,53.0965,196.7233,282.7039,8.7961,-0.000992,0.03368,-1.5681,-1.5606,-0.0075,48.6643,medium,4.9,True,da=+8.80km[medium] | di=+0.0337deg
STARLINK-34823,53deg,mixed,2026-05-03 10:09:42+00:00,2026-05-03 18:12:42+00:00,8.05,6848.101,469.96,0.000492,52.9936,273.5083,102.6814,8.7947,0.000965,0.0309,-1.569,-1.5644,-0.0046,48.8198,medium,4.899,True,da=+8.79km[medium] | di=+0.0309deg
STARLINK-34019,mid-inc,mixed,2026-05-03 18:27:42+00:00,2026-05-04 10:19:42+00:00,15.87,6940.892,562.75,0.000754,69.928,335.169,74.1924,8.9742,0.000241,0.00886,-1.6605,-1.6775,0.017,-35.013,medium,4.899,True,da=+8.97km[medium]
STARLINK-31740,53deg,mixed,2026-05-02 18:37:42+00:00,2026-05-03 02:40:42+00:00,8.05,6858.933,480.8,0.001491,53.2502,32.0818,14.4068,-8.8132,-0.000636,-0.02919,-1.5458,-1.5546,0.0088,48.7188,medium,4.898,True,da=-8.81km[medium] | di=-0.0292deg
STARLINK-5367,53deg,phasing,2026-05-04 11:10:42+00:00,2026-05-04 19:27:42+00:00,8.28,6858.719,480.58,0.000724,43.0432,24.9123,265.2392,8.8087,0.000458,0.033,-1.9514,-1.9442,-0.0072,100.1643,medium,4.895,True,da=+8.81km[medium] | di=+0.0330deg
STARLINK-31416,53deg,mixed,2026-05-02 18:31:42+00:00,2026-05-03 02:48:42+00:00,8.28,6867.556,489.42,0.000973,42.9165,314.2437,351.0515,-8.8215,-0.000515,-0.04553,-1.9434,-1.9494,0.006,100.2882,medium,4.893,True,da=-8.82km[medium] | di=-0.0455deg
STARLINK-37063,53deg,mixed,2026-05-05 17:32:42+00:00,2026-05-05 23:14:42+00:00,5.7,6856.66,478.52,0.000589,53.0226,273.3821,210.2559,-8.7935,-0.000166,-0.02971,-1.1171,-1.1079,-0.0092,-131.0484,medium,4.889,True,da=-8.79km[medium] | di=-0.0297deg
STARLINK-35035,53deg,mixed,2026-05-02 09:57:42+00:00,2026-05-02 18:11:42+00:00,8.23,6858.126,479.99,0.00073,53.127,342.6361,202.1942,-8.7893,0.000669,-0.03278,-1.6332,-1.5953,-0.038,90.71,medium,4.885,True,da=-8.79km[medium] | di=-0.0328deg
STARLINK-30805,53deg,mixed,2026-05-04 10:51:42+00:00,2026-05-04 19:55:42+00:00,9.07,6858.847,480.71,0.000687,42.8548,238.6105,263.1709,8.7879,0.000398,0.04062,-2.1373,-2.1343,-0.003,-80.0224,medium,4.884,True,da=+8.79km[medium] | di=+0.0406deg
STARLINK-11253,53deg,phasing,2026-05-02 10:55:42+00:00,2026-05-02 19:08:42+00:00,8.22,6741.123,362.99,0.00062,53.3074,76.1753,328.6968,-8.5579,-7.6e-05,-0.02654,-1.6749,-1.6836,0.0087,135.924,medium,4.881,True,da=-8.56km[medium] | di=-0.0265deg
STARLINK-31631,53deg,mixed,2026-05-03 18:41:42+00:00,2026-05-04 10:43:42+00:00,16.03,6858.71,480.57,0.000705,43.1286,79.3451,274.4903,8.7813,0.000336,0.03483,-3.7634,-3.7579,-0.0054,78.0595,medium,4.88,True,da=+8.78km[medium] | di=+0.0348deg
STARLINK-35022,53deg,mixed,2026-05-05 18:18:42+00:00,2026-05-05 22:48:42+00:00,4.5,6845.68,467.54,0.000895,53.069,326.8183,61.0081,8.7554,0.000606,0.02369,-0.8795,-0.8741,-0.0054,-45.5518,medium,4.88,True,da=+8.76km[medium] | di=+0.0237deg
STARLINK-32660,53deg,mixed,2026-05-04 10:31:42+00:00,2026-05-04 20:17:42+00:00,9.77,6858.697,480.56,0.000679,42.8539,301.4229,270.5528,8.7786,0.000295,0.03723,-2.3092,-2.2994,-0.0098,80.4663,medium,4.879,True,da=+8.78km[medium] | di=+0.0372deg
STARLINK-30938,53deg,lowering,2026-05-02 10:44:42+00:00,2026-05-02 18:50:42+00:00,8.1,6859.803,481.67,0.001373,53.3144,111.2364,176.7527,-8.7754,-0.000266,-0.02332,-1.5386,-1.5611,0.0225,60.177,medium,4.876,True,da=-8.78km[medium] | di=-0.0233deg
STARLINK-30201,53deg,mixed,2026-05-05 19:04:42+00:00,2026-05-05 21:46:42+00:00,2.7,6867.467,489.33,0.001087,42.879,260.499,184.1332,-8.7839,-0.000583,-0.04188,-0.6343,-0.6358,0.0015,-100.6652,medium,4.872,True,da=-8.78km[medium] | di=-0.0419deg
STARLINK-34849,53deg,mixed,2026-05-02 18:06:42+00:00,2026-05-03 02:09:42+00:00,8.05,6848.015,469.88,0.001623,53.0633,212.4665,281.8074,8.7391,-0.001019,0.03368,-1.5693,-1.5619,-0.0074,48.6729,medium,4.868,True,da=+8.74km[medium] | di=+0.0337deg | de=-0.00102
STARLINK-32035,53deg,mixed,2026-05-05 10:33:42+00:00,2026-05-05 18:39:42+00:00,8.1,6847.465,469.33,0.000343,53.2482,133.053,86.6737,8.734,0.001102,0.03087,-1.5887,-1.5654,-0.0233,60.3241,medium,4.866,True,da=+8.73km[medium] | di=+0.0309deg | de=+0.00110
STARLINK-34492,53deg,mixed,2026-05-05 10:10:42+00:00,2026-05-05 18:14:42+00:00,8.07,6850.812,472.68,0.001181,53.0728,213.0126,301.654,8.7363,-2.1e-05,0.0283,-1.5431,-1.5627,0.0196,52.5184,medium,4.864,True,da=+8.74km[medium] | di=+0.0283deg
STARLINK-6076,53deg,mixed,2026-05-04 19:52:42+00:00,2026-05-05 03:17:42+00:00,7.42,6872.486,494.35,0.001213,42.9623,203.4902,6.3137,-8.7792,-0.000581,-0.03401,-1.747,-1.7396,-0.0074,-100.3664,medium,4.864,True,da=-8.78km[medium] | di=-0.0340deg
STARLINK-31413,53deg,mixed,2026-05-04 20:14:42+00:00,2026-05-05 02:52:42+00:00,6.63,6867.728,489.59,0.001128,42.8959,302.2424,356.6222,-8.7667,-0.000593,-0.0412,-1.5492,-1.5614,0.0122,81.7742,medium,4.862,True,da=-8.77km[medium] | di=-0.0412deg
STARLINK-37447,SSO,mixed,2026-05-05 09:37:42+00:00,2026-05-05 17:33:42+00:00,7.93,6712.243,334.11,0.00266,97.2165,330.7219,246.7681,8.4663,-0.001336,-0.00486,0.3583,0.3452,0.0131,73.0522,medium,4.86,True,da=+8.47km[medium] | de=-0.00134
STARLINK-34526,53deg,phasing,2026-05-03 18:15:42+00:00,2026-05-04 10:14:42+00:00,15.98,6859.247,481.11,0.001046,53.0801,220.333,349.6297,-8.7427,-0.000127,-0.02011,-3.0716,-3.098,0.0264,70.7307,medium,4.858,True,da=-8.74km[medium] | di=-0.0201deg
STARLINK-11241,53deg,phasing,2026-05-03 02:53:42+00:00,2026-05-03 11:06:42+00:00,8.22,6742.589,364.45,0.001511,53.3131,72.8487,158.2986,-8.5168,-0.000127,-0.03203,-1.6851,-1.6822,-0.0029,135.6867,medium,4.856,True,da=-8.52km[medium] | di=-0.0320deg
STARLINK-32655,53deg,mixed,2026-05-02 18:19:42+00:00,2026-05-03 02:36:42+00:00,8.28,6867.508,489.37,0.001258,42.9365,325.359,171.464,-8.7459,-0.000535,-0.04551,-1.9418,-1.9488,0.007,100.1686,medium,4.851,True,da=-8.75km[medium] | di=-0.0455deg
STARLINK-32665,53deg,mixed,2026-05-03 10:23:42+00:00,2026-05-03 18:41:42+00:00,8.3,6867.575,489.44,0.001092,42.9294,321.3474,356.1532,-8.7391,-0.000602,-0.04277,-1.9651,-1.9528,-0.0123,104.1478,medium,4.847,True,da=-8.74km[medium] | di=-0.0428deg
STARLINK-31700,53deg,mixed,2026-05-03 18:33:42+00:00,2026-05-04 10:49:42+00:00,16.27,6849.215,471.08,0.000743,53.2047,25.4121,67.2746,8.6914,-3.9e-05,0.02296,-3.1414,-3.1443,0.0029,135.879,medium,4.84,True,da=+8.69km[medium] | di=+0.0230deg
STARLINK-34826,53deg,mixed,2026-05-05 18:13:42+00:00,2026-05-05 22:43:42+00:00,4.5,6848.158,470.02,0.0016,52.9977,262.9021,256.6824,8.6878,-0.000985,0.02518,-0.8623,-0.8745,0.0122,-46.4627,medium,4.839,True,da=+8.69km[medium] | di=+0.0252deg
STARLINK-31555,53deg,mixed,2026-05-04 20:06:42+00:00,2026-05-05 02:45:42+00:00,6.65,6867.441,489.3,0.001086,42.8983,302.6175,184.6779,-8.7192,-0.000344,-0.04351,-1.5736,-1.5655,-0.0081,85.4944,medium,4.836,True,da=-8.72km[medium] | di=-0.0435deg
STARLINK-31906,53deg,mixed,2026-05-04 10:28:42+00:00,2026-05-04 20:13:42+00:00,9.75,6858.669,480.53,0.000704,42.8867,319.4301,271.6871,8.7019,0.000244,0.03398,-2.3072,-2.2944,-0.0128,76.6497,medium,4.836,True,da=+8.70km[medium] | di=+0.0340deg
STARLINK-31622,53deg,mixed,2026-05-05 22:09:42+00:00,2026-05-06 02:29:42+00:00,4.33,6867.426,489.29,0.001005,43.1579,71.2091,351.5837,-8.7164,-0.000298,-0.03807,-0.9996,-1.0158,0.0162,-85.8441,medium,4.835,True,da=-8.72km[medium] | di=-0.0381deg
STARLINK-11253,53deg,phasing,2026-05-06 03:00:42+00:00,2026-05-06 11:03:42+00:00,8.05,6743.022,364.88,0.000756,53.2961,58.1531,200.5941,-8.4789,0.000525,-0.02979,-1.6866,-1.6483,-0.0383,96.3126,medium,4.834,True,da=-8.48km[medium] | di=-0.0298deg
STARLINK-34688,53deg,mixed,2026-05-04 10:19:42+00:00,2026-05-04 20:42:42+00:00,10.38,6857.328,479.19,0.001475,53.2558,35.4197,26.7912,-8.6925,1.2e-05,-0.03138,-2.0157,-2.0066,-0.0092,-135.2504,medium,4.832,True,da=-8.69km[medium] | di=-0.0314deg
STARLINK-32040,53deg,mixed,2026-05-03 10:38:42+00:00,2026-05-03 18:42:42+00:00,8.07,6856.128,477.99,0.001455,53.2582,142.0423,33.409,-8.6896,-0.001142,-0.02319,-1.5766,-1.5596,-0.0171,52.6609,medium,4.832,True,da=-8.69km[medium] | di=-0.0232deg | de=-0.00114
STARLINK-37103,53deg,mixed,2026-05-06 01:39:42+00:00,2026-05-06 09:39:42+00:00,8.0,6799.595,421.46,0.001438,53.2844,52.6059,33.5634,-8.5758,-0.001096,-0.03187,-1.6158,-1.5913,-0.0245,60.319,medium,4.828,True,da=-8.58km[medium] | di=-0.0319deg | de=-0.00110
STARLINK-32259,53deg,mixed,2026-05-06 02:35:42+00:00,2026-05-06 10:39:42+00:00,8.07,6856.301,478.16,0.000554,53.0695,222.7378,213.3414,-8.6755,0.001117,-0.02423,-1.586,-1.5663,-0.0197,52.4452,medium,4.824,True,da=-8.68km[medium] | di=-0.0242deg | de=+0.00112
STARLINK-30321,53deg,mixed,2026-05-03 18:55:42+00:00,2026-05-04 10:54:42+00:00,15.98,6850.686,472.55,0.000923,53.0386,310.3769,120.8432,8.639,5.7e-05,0.01885,-3.066,-3.0994,0.0334,70.7275,medium,4.81,True,da=+8.64km[medium]
STARLINK-34447,mid-inc,phasing,2026-05-05 18:20:42+00:00,2026-05-05 22:49:42+00:00,4.48,6954.622,576.48,0.000314,70.0367,170.164,199.8441,-8.8281,0.000485,-0.01072,-0.4907,-0.4706,-0.0201,-72.6797,medium,4.805,True,da=-8.83km[medium]
STARLINK-31780,53deg,lowering,2026-05-03 18:34:42+00:00,2026-05-04 10:38:42+00:00,16.07,6857.92,479.78,0.000734,53.2348,25.557,338.0245,-8.6377,-9e-06,-0.03346,-3.0693,-3.1055,0.0361,89.8631,medium,4.801,True,da=-8.64km[medium] | di=-0.0335deg
STARLINK-34680,53deg,phasing,2026-05-03 18:08:42+00:00,2026-05-04 10:15:42+00:00,16.12,6848.543,470.41,0.001536,52.9944,272.3715,286.6651,8.6009,-6.2e-05,0.0242,-3.0944,-3.1317,0.0373,101.213,medium,4.791,True,da=+8.60km[medium] | di=+0.0242deg
STARLINK-36768,SSO,mixed,2026-05-03 17:46:42+00:00,2026-05-04 09:53:42+00:00,16.12,6847.102,468.96,0.001588,97.1711,311.7403,23.441,-8.5937,-0.000382,0.00472,0.668,0.6533,0.0147,104.8877,medium,4.788,True,da=-8.59km[medium]
STARLINK-32655,53deg,mixed,2026-05-06 02:25:42+00:00,2026-05-06 10:40:42+00:00,8.25,6867.617,489.48,0.001051,42.9008,306.4926,186.9287,-8.6203,-0.000383,-0.04106,-1.9652,-1.9418,-0.0234,92.4977,medium,4.781,True,da=-8.62km[medium] | di=-0.0411deg
STARLINK-35321,53deg,mixed,2026-05-04 20:26:42+00:00,2026-05-05 02:07:42+00:00,5.68,6848.423,470.29,0.000573,53.1025,344.4072,106.6795,8.5778,7.1e-05,0.02203,-1.1048,-1.1017,-0.0031,-134.8981,medium,4.778,True,da=+8.58km[medium] | di=+0.0220deg
STARLINK-11204,53deg,phasing,2026-05-05 19:00:42+00:00,2026-05-05 21:52:42+00:00,2.87,6742.498,364.36,0.000724,53.2952,59.309,337.6458,-8.3789,0.000681,-0.02726,-0.5895,-0.5871,-0.0024,-44.5953,medium,4.777,True,da=-8.38km[medium] | di=-0.0273deg
STARLINK-11205,53deg,mixed,2026-05-03 11:03:42+00:00,2026-05-03 19:07:42+00:00,8.07,6741.472,363.33,0.000598,53.0469,236.0621,330.6937,-8.3585,1.7e-05,-0.02571,-1.6197,-1.6625,0.0428,100.5197,medium,4.767,True,da=-8.36km[medium] | di=-0.0257deg
STARLINK-31889,53deg,mixed,2026-05-05 10:30:42+00:00,2026-05-05 18:48:42+00:00,8.3,6859.023,480.89,0.000598,42.8779,314.0814,257.7637,8.572,0.00052,0.03608,-1.9666,-1.9531,-0.0135,104.0236,medium,4.763,True,da=+8.57km[medium] | di=+0.0361deg
STARLINK-32787,53deg,lowering,2026-05-03 18:26:42+00:00,2026-05-04 10:32:42+00:00,16.1,6857.299,479.16,0.000639,53.2854,53.3526,333.1768,-8.568,1.1e-05,-0.0303,-3.075,-3.109,0.0341,97.5059,medium,4.763,True,da=-8.57km[medium] | di=-0.0303deg
STARLINK-32199,53deg,mixed,2026-05-05 02:35:42+00:00,2026-05-05 10:37:42+00:00,8.03,6857.31,479.17,0.000675,53.2551,34.6948,206.0384,-8.5666,0.000841,-0.03058,-1.5566,-1.5524,-0.0042,44.8598,medium,4.762,True,da=-8.57km[medium] | di=-0.0306deg
STARLINK-30805,53deg,mixed,2026-05-03 18:50:42+00:00,2026-05-04 10:51:42+00:00,16.02,6867.431,489.29,0.001044,42.8883,242.3951,188.8967,-8.5845,-0.000357,-0.03349,-3.7846,-3.7708,-0.0139,74.2742,medium,4.762,True,da=-8.58km[medium] | di=-0.0335deg
STARLINK-31889,53deg,mixed,2026-05-03 02:28:42+00:00,2026-05-03 10:44:42+00:00,8.27,6867.485,489.35,0.001159,42.9392,327.2843,3.2935,-8.5698,-0.000674,-0.03916,-1.9636,-1.9446,-0.019,96.4978,medium,4.753,True,da=-8.57km[medium] | di=-0.0392deg
STARLINK-5367,53deg,phasing,2026-05-06 03:16:42+00:00,2026-05-06 10:39:42+00:00,7.38,6859.152,481.02,0.000621,43.0208,15.4671,104.4335,8.5425,0.000531,0.03466,-1.7248,-1.7333,0.0085,-106.3346,medium,4.747,True,da=+8.54km[medium] | di=+0.0347deg
STARLINK-5841,mid-inc,phasing,2026-05-04 11:13:42+00:00,2026-05-04 19:53:42+00:00,8.67,6946.056,567.92,0.001277,69.8701,303.5366,232.1393,8.6995,-0.000187,0.01508,-0.9151,-0.9164,0.0012,147.1453,medium,4.744,True,da=+8.70km[medium]
STARLINK-32042,53deg,mixed,2026-05-03 10:34:42+00:00,2026-05-03 18:37:42+00:00,8.05,6847.797,469.66,0.001654,53.2319,142.2147,279.2996,8.512,-0.001038,0.02989,-1.569,-1.5561,-0.0129,48.6719,medium,4.742,True,da=+8.51km[medium] | di=+0.0299deg | de=-0.00104
STARLINK-30794,53deg,phasing,2026-05-03 18:51:42+00:00,2026-05-04 10:52:42+00:00,16.02,6867.526,489.39,0.001078,42.8889,242.3868,185.6508,-8.5367,-0.000419,-0.03339,-3.7783,-3.7705,-0.0078,74.2882,medium,4.735,True,da=-8.54km[medium] | di=-0.0334deg
STARLINK-31501,53deg,mixed,2026-05-05 18:40:42+00:00,2026-05-05 22:16:42+00:00,3.6,6858.715,480.58,0.000689,42.8524,297.4362,264.9776,8.5172,0.000559,0.03713,-0.8415,-0.8476,0.0061,105.795,medium,4.733,True,da=+8.52km[medium] | di=+0.0371deg
STARLINK-31859,53deg,mixed,2026-05-03 18:38:42+00:00,2026-05-04 10:38:42+00:00,16.0,6859.077,480.94,0.000628,42.883,316.1061,283.6339,8.5132,0.000436,0.03015,-3.7655,-3.7649,-0.0006,70.4396,medium,4.731,True,da=+8.51km[medium] | di=+0.0301deg
STARLINK-37442,SSO,mixed,2026-05-03 17:40:42+00:00,2026-05-04 09:39:42+00:00,15.98,6712.577,334.44,0.001593,97.2024,328.9831,170.6812,8.2424,-0.000344,0.00234,0.7007,0.6943,0.0064,-176.3382,medium,4.731,True,da=+8.24km[medium]
STARLINK-30906,53deg,mixed,2026-05-03 02:42:42+00:00,2026-05-03 11:00:42+00:00,8.3,6867.609,489.47,0.001116,43.1621,108.5325,359.3601,-8.5262,-0.000502,-0.03887,-1.9547,-1.9452,-0.0095,104.1765,medium,4.729,True,da=-8.53km[medium] | di=-0.0389deg
STARLINK-35031,53deg,phasing,2026-05-02 18:03:42+00:00,2026-05-03 02:04:42+00:00,8.02,6846.721,468.58,0.00148,53.1457,351.4805,29.4491,-8.4794,-0.000914,-0.03101,-1.5653,-1.5615,-0.0038,45.2231,medium,4.725,True,da=-8.48km[medium] | di=-0.0310deg
STARLINK-32667,53deg,mixed,2026-05-06 02:23:42+00:00,2026-05-06 10:39:42+00:00,8.27,6859.064,480.93,0.000531,42.8626,305.8838,80.9651,8.5029,0.000592,0.03735,-1.9631,-1.9457,-0.0174,96.4955,medium,4.725,True,da=+8.50km[medium] | di=+0.0374deg
STARLINK-31903,53deg,mixed,2026-05-05 22:15:42+00:00,2026-05-06 02:34:42+00:00,4.32,6858.927,480.79,0.000687,42.8625,303.8535,280.2191,8.4999,0.000286,0.03413,-0.998,-1.0161,0.0181,-89.6676,medium,4.724,True,da=+8.50km[medium] | di=+0.0341deg
STARLINK-35035,53deg,mixed,2026-05-03 10:08:42+00:00,2026-05-03 18:14:42+00:00,8.1,6859.7,481.56,0.001185,53.1206,337.9314,355.8781,-8.4978,-0.000157,-0.03101,-1.5478,-1.5683,0.0204,60.2601,medium,4.722,True,da=-8.50km[medium] | di=-0.0310deg
STARLINK-30236,53deg,phasing,2026-05-04 11:04:42+00:00,2026-05-05 03:05:42+00:00,16.02,6859.036,480.9,0.000514,42.8352,267.8896,99.6396,8.481,0.00068,0.04225,-3.7705,-3.7714,0.0009,74.4028,medium,4.713,True,da=+8.48km[medium] | di=+0.0422deg
STARLINK-35035,53deg,mixed,2026-05-03 02:04:42+00:00,2026-05-03 10:08:42+00:00,8.07,6851.259,473.12,0.001102,53.0954,339.4742,303.3687,8.4413,8.3e-05,0.02519,-1.5427,-1.5617,0.0189,52.5093,medium,4.699,True,da=+8.44km[medium] | di=+0.0252deg
STARLINK-11237,53deg,mixed,2026-05-04 10:57:42+00:00,2026-05-04 19:42:42+00:00,8.75,6733.291,355.15,0.000638,53.2745,65.7451,70.118,8.2207,-3.7e-05,0.02271,-1.8338,-1.7927,-0.0411,-98.6183,medium,4.697,True,da=+8.22km[medium] | di=+0.0227deg
STARLINK-37029,53deg,mixed,2026-05-04 21:10:42+00:00,2026-05-05 01:37:42+00:00,4.45,6791.521,413.38,0.001607,53.2647,58.2441,257.122,8.3255,-0.001034,0.02747,-0.8725,-0.8848,0.0123,-45.1792,medium,4.696,True,da=+8.33km[medium] | di=+0.0275deg | de=-0.00103
STARLINK-5367,53deg,phasing,2026-05-05 21:19:42+00:00,2026-05-06 03:16:42+00:00,5.95,6867.615,489.48,0.001178,43.0625,16.8757,179.504,-8.4629,-0.000557,-0.04175,-1.4086,-1.3968,-0.0118,-75.0705,medium,4.694,True,da=-8.46km[medium] | di=-0.0418deg
STARLINK-37028,53deg,mixed,2026-05-03 17:39:42+00:00,2026-05-04 09:36:42+00:00,15.95,6848.7,470.56,0.001004,53.2854,64.1093,123.8527,8.424,5.9e-05,0.01949,-3.057,-3.0784,0.0214,65.0594,medium,4.692,True,da=+8.42km[medium]
STARLINK-34375,53deg,mixed,2026-05-04 10:14:42+00:00,2026-05-04 20:36:42+00:00,10.37,6824.369,446.23,0.001172,53.0933,216.6576,355.8516,-8.378,-8.9e-05,-0.02456,-2.0163,-2.0448,0.0285,-120.4205,medium,4.691,True,da=-8.38km[medium] | di=-0.0246deg
STARLINK-31730,53deg,mixed,2026-05-05 18:39:42+00:00,2026-05-05 22:16:42+00:00,3.62,6858.749,480.61,0.000674,43.0311,21.3011,261.8355,8.4329,0.000523,0.03826,-0.8451,-0.8491,0.004,109.6148,medium,4.686,True,da=+8.43km[medium] | di=+0.0383deg
STARLINK-32182,53deg,mixed,2026-05-05 10:38:42+00:00,2026-05-05 18:44:42+00:00,8.1,6855.879,477.74,0.000608,53.2476,33.2273,214.0635,-8.4224,0.001108,-0.03177,-1.595,-1.5667,-0.0283,60.1459,medium,4.684,True,da=-8.42km[medium] | di=-0.0318deg | de=+0.00111
STARLINK-35036,53deg,mixed,2026-05-04 09:59:42+00:00,2026-05-04 20:44:42+00:00,10.75,6851.4,473.26,0.001022,53.084,333.3694,55.7963,8.4145,0.000319,0.02116,-2.1033,-2.0817,-0.0217,-51.2286,medium,4.684,True,da=+8.41km[medium] | di=+0.0212deg
STARLINK-34823,53deg,mixed,2026-05-02 09:57:42+00:00,2026-05-02 18:02:42+00:00,8.08,6851.512,473.38,0.001052,53.0055,278.1888,304.8643,8.4114,0.00026,0.02837,-1.5421,-1.5679,0.0258,56.3399,medium,4.682,True,da=+8.41km[medium] | di=+0.0284deg
STARLINK-31903,53deg,mixed,2026-05-05 18:38:42+00:00,2026-05-05 22:15:42+00:00,3.62,6867.364,489.23,0.001256,42.901,304.7058,170.6007,-8.4371,-0.000568,-0.03847,-0.8524,-0.8513,-0.001,109.6184,medium,4.68,True,da=-8.44km[medium] | di=-0.0385deg
STARLINK-31706,53deg,mixed,2026-05-05 02:46:42+00:00,2026-05-05 10:52:42+00:00,8.1,6851.328,473.19,0.001093,53.2046,21.2093,303.8579,8.4056,0.000273,0.02262,-1.5397,-1.5642,0.0244,60.1676,medium,4.679,True,da=+8.41km[medium] | di=+0.0226deg
STARLINK-32430,53deg,phasing,2026-05-03 18:34:42+00:00,2026-05-04 10:34:42+00:00,16.0,6867.454,489.32,0.001185,42.9199,316.1231,7.1179,-8.433,-0.000641,-0.04504,-3.7671,-3.7651,-0.002,70.6454,medium,4.678,True,da=-8.43km[medium] | di=-0.0450deg
STARLINK-33860,mid-inc,phasing,2026-05-03 18:23:42+00:00,2026-05-04 10:14:42+00:00,15.85,6956.192,578.06,0.000763,69.9505,335.2418,351.6332,-8.5937,0.00031,-0.01716,-1.6738,-1.6695,-0.0044,-38.6983,medium,4.676,True,da=-8.59km[medium]
STARLINK-32710,53deg,mixed,2026-05-06 02:22:42+00:00,2026-05-06 10:38:42+00:00,8.27,6867.334,489.2,0.00122,42.9094,313.1254,166.9426,-8.4249,-0.000548,-0.03943,-1.9317,-1.9456,0.014,96.2956,medium,4.673,True,da=-8.42km[medium] | di=-0.0394deg
STARLINK-31501,53deg,mixed,2026-05-05 22:16:42+00:00,2026-05-06 02:32:42+00:00,4.27,6867.233,489.1,0.001248,42.8896,296.5947,10.7727,-8.4037,-0.000535,-0.04088,-1.0189,-1.0046,-0.0143,-101.1509,medium,4.662,True,da=-8.40km[medium] | di=-0.0409deg
STARLINK-37156,53deg,mixed,2026-05-05 17:32:42+00:00,2026-05-05 23:17:42+00:00,5.75,6859.751,481.61,0.001179,53.2978,54.8085,355.7963,-8.3667,-9.2e-05,-0.02717,-1.0883,-1.1086,0.0203,-119.3284,medium,4.649,True,da=-8.37km[medium] | di=-0.0272deg
STARLINK-35367,53deg,mixed,2026-05-06 02:05:42+00:00,2026-05-06 10:10:42+00:00,8.08,6847.273,469.14,0.001388,53.3223,103.9266,174.3505,-8.3297,-0.000309,-0.02654,-1.5406,-1.5675,0.0269,61.4096,medium,4.641,True,da=-8.33km[medium] | di=-0.0265deg
STARLINK-30882,53deg,phasing,2026-05-02 10:40:42+00:00,2026-05-02 18:46:42+00:00,8.1,6841.062,462.93,0.001118,53.2887,110.9545,303.457,8.3183,0.000356,0.02969,-1.5433,-1.5692,0.0258,64.3256,medium,4.641,True,da=+8.32km[medium] | di=+0.0297deg
STARLINK-31773,53deg,phasing,2026-05-02 18:35:42+00:00,2026-05-03 02:41:42+00:00,8.1,6859.687,481.55,0.001177,53.2528,32.0952,355.0658,-8.3515,-0.000165,-0.02696,-1.5367,-1.5633,0.0266,60.2749,medium,4.64,True,da=-8.35km[medium] | di=-0.0270deg
STARLINK-34817,53deg,mixed,2026-05-05 18:16:42+00:00,2026-05-05 22:46:42+00:00,4.5,6836.218,458.08,0.001448,52.9995,262.9233,252.3294,8.2996,-0.000912,0.02455,-0.8716,-0.8799,0.0083,-43.6588,medium,4.635,True,da=+8.30km[medium] | di=+0.0246deg
STARLINK-32787,53deg,lowering,2026-05-02 18:24:42+00:00,2026-05-03 02:28:42+00:00,8.07,6855.896,477.76,0.000578,53.2887,58.0389,213.9307,-8.3334,0.001086,-0.02622,-1.5784,-1.5586,-0.0198,52.4874,medium,4.634,True,da=-8.33km[medium] | di=-0.0262deg | de=+0.00109
STARLINK-35131,53deg,phasing,2026-05-05 10:10:42+00:00,2026-05-05 18:14:42+00:00,8.07,6851.509,473.37,0.001061,53.108,341.5334,125.3878,8.3258,0.000281,0.02052,-1.5462,-1.5611,0.015,52.6044,medium,4.634,True,da=+8.33km[medium] | di=+0.0205deg
STARLINK-11241,53deg,phasing,2026-05-02 10:48:42+00:00,2026-05-02 19:02:42+00:00,8.23,6741.175,363.04,0.000625,53.3074,76.1425,328.9433,-8.1224,3e-05,-0.02501,-1.6813,-1.6868,0.0054,139.8558,medium,4.633,True,da=-8.12km[medium] | di=-0.0250deg
STARLINK-35308,53deg,raising,2026-05-02 18:03:42+00:00,2026-05-03 02:05:42+00:00,8.03,6850.649,472.51,0.001206,53.1043,196.665,300.2614,8.3192,-0.000268,0.03236,-1.5458,-1.5553,0.0095,44.8687,medium,4.632,True,da=+8.32km[medium] | di=+0.0324deg
STARLINK-32430,53deg,phasing,2026-05-05 18:46:42+00:00,2026-05-05 22:23:42+00:00,3.62,6858.755,480.62,0.000709,42.8612,304.7562,264.6057,8.3342,0.000568,0.0356,-0.8426,-0.8515,0.0089,109.604,medium,4.632,True,da=+8.33km[medium] | di=+0.0356deg
STARLINK-37366,SSO,mixed,2026-05-04 09:33:42+00:00,2026-05-04 21:22:42+00:00,11.82,6715.081,336.94,0.00233,97.2122,329.6711,302.0998,8.073,-0.001273,-0.00331,0.5068,0.5132,-0.0064,-89.6839,medium,4.631,True,da=+8.07km[medium] | de=-0.00127
STARLINK-35367,53deg,mixed,2026-05-02 09:56:42+00:00,2026-05-02 18:02:42+00:00,8.1,6843.5,465.36,0.001402,53.2921,121.0958,34.362,-8.2994,-0.001009,-0.02201,-1.6038,-1.5747,-0.0291,65.4342,medium,4.628,True,da=-8.30km[medium] | di=-0.0220deg | de=-0.00101
STARLINK-30236,53deg,phasing,2026-05-03 18:54:42+00:00,2026-05-04 11:04:42+00:00,16.17,6867.379,489.24,0.000999,42.8755,271.7103,350.8365,-8.3434,-0.000486,-0.04028,-3.8207,-3.8069,-0.0138,108.8031,medium,4.628,True,da=-8.34km[medium] | di=-0.0403deg
STARLINK-32194,53deg,mixed,2026-05-03 18:33:42+00:00,2026-05-04 10:27:42+00:00,15.9,6859.876,481.74,0.001319,53.2727,40.9641,2.5467,-8.3273,-0.000257,-0.02894,-3.0497,-3.067,0.0173,51.5765,medium,4.627,True,da=-8.33km[medium] | di=-0.0289deg
STARLINK-32042,53deg,mixed,2026-05-05 18:43:42+00:00,2026-05-05 22:07:42+00:00,3.4,6855.866,477.73,0.000589,53.2793,131.3936,214.6414,-8.3186,0.001077,-0.02666,-0.6854,-0.6571,-0.0283,60.7432,medium,4.626,True,da=-8.32km[medium] | di=-0.0267deg | de=+0.00108
STARLINK-34876,SSO,phasing,2026-05-03 18:15:42+00:00,2026-05-04 10:01:42+00:00,15.77,6925.631,547.49,0.001492,97.5241,355.4387,221.96,8.4297,-0.000124,-0.00293,0.645,0.641,0.004,-41.3438,medium,4.617,True,da=+8.43km[medium]
STARLINK-30898,53deg,mixed,2026-05-04 20:01:42+00:00,2026-05-05 02:51:42+00:00,6.83,6835.398,457.26,0.000469,53.287,99.9293,78.9256,8.264,0.000151,0.02759,-1.3192,-1.3277,0.0085,133.7584,medium,4.616,True,da=+8.26km[medium] | di=+0.0276deg
STARLINK-11253,53deg,phasing,2026-05-05 03:16:42+00:00,2026-05-05 11:06:42+00:00,7.83,6744.106,365.97,0.00142,53.3073,63.0108,9.0232,-8.0933,-0.000359,-0.02935,-1.5893,-1.6024,0.0131,45.5517,medium,4.613,True,da=-8.09km[medium] | di=-0.0293deg
STARLINK-32742,53deg,mixed,2026-05-03 18:27:42+00:00,2026-05-04 10:26:42+00:00,15.98,6858.755,480.62,0.000688,42.9,326.3601,277.9546,8.2927,0.000204,0.02914,-3.7725,-3.7607,-0.0118,66.6231,medium,4.609,True,da=+8.29km[medium] | di=+0.0291deg
STARLINK-32671,53deg,mixed,2026-05-06 02:21:42+00:00,2026-05-06 10:32:42+00:00,8.18,6858.802,480.67,0.000516,42.8628,306.6828,93.5861,8.2932,0.000666,0.03771,-1.9369,-1.9265,-0.0105,77.3674,medium,4.609,True,da=+8.29km[medium] | di=+0.0377deg
STARLINK-31696,53deg,mixed,2026-05-05 18:41:42+00:00,2026-05-05 22:16:42+00:00,3.58,6848.624,470.49,0.001554,53.1807,16.1435,286.5648,8.2708,-8.7e-05,0.02717,-0.6585,-0.6933,0.0348,102.8376,medium,4.607,True,da=+8.27km[medium] | di=+0.0272deg
STARLINK-31561,53deg,mixed,2026-05-05 18:43:42+00:00,2026-05-05 22:09:42+00:00,3.43,6867.17,489.03,0.000952,42.889,296.7674,192.4088,-8.2789,-0.000267,-0.03776,-0.8107,-0.8084,-0.0024,67.5863,medium,4.592,True,da=-8.28km[medium] | di=-0.0378deg
STARLINK-31156,53deg,raising,2026-05-03 10:36:42+00:00,2026-05-03 18:54:42+00:00,8.3,6867.442,489.3,0.001051,42.8735,270.0968,180.7638,-8.2658,-0.000476,-0.03475,-1.9693,-1.9544,-0.015,104.0334,medium,4.585,True,da=-8.27km[medium] | di=-0.0348deg
STARLINK-31622,53deg,mixed,2026-05-05 18:43:42+00:00,2026-05-05 22:09:42+00:00,3.43,6859.177,481.04,0.000614,43.1225,72.0127,284.0166,8.2489,0.000391,0.03544,-0.8036,-0.8047,0.0011,67.5672,medium,4.584,True,da=+8.25km[medium] | di=+0.0354deg
STARLINK-34526,53deg,phasing,2026-05-02 18:05:42+00:00,2026-05-03 02:21:42+00:00,8.27,6858.395,480.26,0.000824,53.0687,225.0396,199.7855,-8.2397,0.000424,-0.02068,-1.6361,-1.6032,-0.0329,98.3504,medium,4.579,True,da=-8.24km[medium] | di=-0.0207deg
STARLINK-32664,53deg,phasing,2026-05-03 10:28:42+00:00,2026-05-03 18:43:42+00:00,8.25,6811.926,433.79,0.002033,42.9086,315.3183,338.3014,-8.1521,-0.000675,-0.03806,-1.9846,-1.9975,0.0129,115.4452,medium,4.577,True,da=-8.15km[medium] | di=-0.0381deg
STARLINK-34823,53deg,mixed,2026-05-02 18:02:42+00:00,2026-05-03 02:06:42+00:00,8.07,6859.923,481.79,0.001313,53.0339,276.6466,1.2041,-8.2282,-0.000253,-0.02607,-1.5412,-1.5646,0.0234,52.6138,medium,4.572,True,da=-8.23km[medium] | di=-0.0261deg
STARLINK-31906,53deg,mixed,2026-05-05 18:42:42+00:00,2026-05-05 22:08:42+00:00,3.43,6859.204,481.07,0.000596,42.8766,311.8158,106.2699,8.2213,0.00063,0.03439,-0.7979,-0.8079,0.0101,67.692,medium,4.568,True,da=+8.22km[medium] | di=+0.0344deg
STARLINK-34860,53deg,mixed,2026-05-03 10:11:42+00:00,2026-05-03 18:14:42+00:00,8.05,6855.759,477.62,0.001412,53.0172,273.6867,34.5723,-8.2037,-0.001053,-0.02272,-1.576,-1.5652,-0.0108,48.8399,medium,4.562,True,da=-8.20km[medium] | di=-0.0227deg | de=-0.00105
STARLINK-11251,53deg,phasing,2026-05-02 10:51:42+00:00,2026-05-02 19:05:42+00:00,8.23,6740.815,362.68,0.001439,53.3058,75.796,147.3405,-7.9963,7.6e-05,-0.02509,-1.6795,-1.6871,0.0075,139.5841,medium,4.561,True,da=-8.00km[medium] | di=-0.0251deg
STARLINK-36999,53deg,raising,2026-05-06 01:28:42+00:00,2026-05-06 09:45:42+00:00,8.28,6835.777,457.64,0.000506,53.2589,51.6405,104.3444,8.1598,6.8e-05,0.02025,-1.5762,-1.6104,0.0342,107.5361,medium,4.558,True,da=+8.16km[medium] | di=+0.0202deg
STARLINK-30921,53deg,mixed,2026-05-05 18:40:42+00:00,2026-05-05 22:04:42+00:00,3.4,6843.429,465.29,0.001415,53.3148,95.393,34.3324,-8.1722,-0.001032,-0.02954,-0.6933,-0.6607,-0.0325,63.0921,medium,4.557,True,da=-8.17km[medium] | di=-0.0295deg | de=-0.00103
STARLINK-34848,SSO,mixed,2026-05-02 09:55:42+00:00,2026-05-02 18:08:42+00:00,8.22,6915.954,537.82,0.000613,97.5332,354.1039,79.025,8.2912,0.000757,-0.00746,0.3435,0.336,0.0075,54.6613,medium,4.551,True,da=+8.29km[medium]
STARLINK-30297,53deg,mixed,2026-05-04 11:00:42+00:00,2026-05-05 03:08:42+00:00,16.13,6858.762,480.62,0.001467,53.0559,307.7177,16.5419,-8.1827,-0.000468,-0.02835,-3.1616,-3.1295,-0.0322,105.2303,medium,4.547,True,da=-8.18km[medium] | di=-0.0284deg
STARLINK-31718,53deg,raising,2026-05-02 18:32:42+00:00,2026-05-03 02:51:42+00:00,8.32,6866.825,488.69,0.000773,43.1043,38.071,341.4092,-8.1971,-0.000307,-0.03811,-1.9306,-1.9516,0.021,107.903,medium,4.547,True,da=-8.20km[medium] | di=-0.0381deg
STARLINK-32189,53deg,mixed,2026-05-05 22:22:42+00:00,2026-05-06 02:33:42+00:00,4.18,6855.96,477.82,0.001413,53.2431,30.9426,34.3201,-8.1734,0.000264,-0.02881,-0.8333,-0.8091,-0.0242,-119.1944,medium,4.545,True,da=-8.17km[medium] | di=-0.0288deg
STARLINK-30913,53deg,mixed,2026-05-05 10:43:42+00:00,2026-05-05 18:46:42+00:00,8.05,6839.115,460.98,0.001065,53.2982,97.0043,305.4611,8.1433,0.000214,0.02944,-1.5415,-1.5608,0.0193,53.7574,medium,4.545,True,da=+8.14km[medium] | di=+0.0294deg
STARLINK-36354,SSO,mixed,2026-05-04 09:49:42+00:00,2026-05-04 21:07:42+00:00,11.3,6838.447,460.31,0.001202,97.1754,312.4134,128.0113,8.1427,-0.00029,-0.00281,0.4566,0.4581,-0.0016,77.5227,medium,4.545,True,da=+8.14km[medium]
STARLINK-36832,SSO,mixed,2026-05-05 23:11:42+00:00,2026-05-06 01:37:42+00:00,2.43,6728.638,350.5,0.001176,97.2071,331.309,186.1932,-7.9344,0.000232,0.00261,0.1006,0.1053,-0.0048,-145.7107,medium,4.538,True,da=-7.93km[medium]
STARLINK-34782,53deg,phasing,2026-05-03 02:00:42+00:00,2026-05-03 10:15:42+00:00,8.25,6857.326,479.19,0.001474,53.0221,274.8421,153.1887,-8.1537,-5.9e-05,-0.02768,-1.5656,-1.6027,0.0371,94.6143,medium,4.533,True,da=-8.15km[medium] | di=-0.0277deg
STARLINK-34088,mid-inc,phasing,2026-05-02 10:09:42+00:00,2026-05-02 18:18:42+00:00,8.15,6946.203,568.07,0.000869,69.945,338.8203,128.3725,8.3134,0.000249,0.00969,-0.854,-0.8588,0.0048,31.2102,medium,4.533,True,da=+8.31km[medium]
STARLINK-11241,53deg,phasing,2026-05-05 19:01:42+00:00,2026-05-05 21:53:42+00:00,2.87,6740.696,362.56,0.001411,53.2903,59.693,147.5383,-7.9438,-0.000951,-0.0269,-0.5782,-0.5877,0.0095,-44.7331,medium,4.531,True,da=-7.94km[medium] | di=-0.0269deg
STARLINK-32194,53deg,mixed,2026-05-02 10:30:42+00:00,2026-05-02 18:31:42+00:00,8.02,6858.009,479.87,0.000728,53.2802,47.1751,202.3115,-8.1391,0.00057,-0.03013,-1.5485,-1.5475,-0.001,41.0392,medium,4.524,True,da=-8.14km[medium] | di=-0.0301deg
STARLINK-31706,53deg,mixed,2026-05-02 10:30:42+00:00,2026-05-02 18:33:42+00:00,8.05,6851.506,473.37,0.001054,53.2322,33.6367,304.5337,8.1235,8.1e-05,0.02011,-1.5425,-1.5535,0.011,48.6918,medium,4.522,True,da=+8.12km[medium] | di=+0.0201deg
STARLINK-30320,53deg,mixed,2026-05-05 03:01:42+00:00,2026-05-05 11:03:42+00:00,8.03,6859.311,481.17,0.000991,53.0377,291.6183,191.1296,-8.1361,0.000124,-0.0288,-1.5465,-1.5585,0.012,44.8963,medium,4.521,True,da=-8.14km[medium] | di=-0.0288deg
STARLINK-32191,53deg,phasing,2026-05-02 10:27:42+00:00,2026-05-02 18:31:42+00:00,8.07,6847.556,469.42,0.001688,53.2472,47.0005,272.1722,8.1117,-0.001094,0.02116,-1.5816,-1.5593,-0.0223,52.492,medium,4.519,True,da=+8.11km[medium] | di=+0.0212deg | de=-0.00109
STARLINK-31416,53deg,mixed,2026-05-03 10:42:42+00:00,2026-05-03 18:50:42+00:00,8.13,6859.157,481.02,0.000534,42.8723,310.4237,103.6827,8.1242,0.000695,0.03344,-1.9148,-1.9142,-0.0006,65.9004,medium,4.515,True,da=+8.12km[medium] | di=+0.0334deg
STARLINK-34024,mid-inc,phasing,2026-05-04 10:19:42+00:00,2026-05-04 20:36:42+00:00,10.28,6943.431,565.29,0.001674,69.9279,333.6845,241.7175,8.263,-0.000605,0.01137,-1.081,-1.0859,0.005,150.4065,medium,4.508,True,da=+8.26km[medium]
STARLINK-32190,53deg,mixed,2026-05-04 20:13:42+00:00,2026-05-05 02:40:42+00:00,6.45,6858.137,480.0,0.00079,53.2584,35.8846,201.3446,-8.1057,0.000493,-0.02642,-1.2403,-1.2456,0.0053,41.24,medium,4.505,True,da=-8.11km[medium] | di=-0.0264deg
STARLINK-37054,53deg,mixed,2026-05-04 21:06:42+00:00,2026-05-05 01:37:42+00:00,4.52,6856.838,478.7,0.000632,53.0253,277.0293,331.1846,-8.0955,0.000857,-0.02733,-0.8704,-0.8776,0.0072,-42.657,medium,4.501,True,da=-8.10km[medium] | di=-0.0273deg
STARLINK-31625,53deg,mixed,2026-05-02 18:32:42+00:00,2026-05-03 02:50:42+00:00,8.3,6866.895,488.76,0.000785,43.1669,88.8112,341.3564,-8.1128,-0.000289,-0.03656,-1.9275,-1.9456,0.018,104.0257,medium,4.501,True,da=-8.11km[medium] | di=-0.0366deg
STARLINK-35299,53deg,phasing,2026-05-06 02:03:42+00:00,2026-05-06 10:08:42+00:00,8.08,6851.836,473.7,0.001053,53.0975,338.5501,126.5712,8.0833,0.000135,0.02445,-1.5378,-1.5645,0.0268,56.4097,medium,4.499,True,da=+8.08km[medium] | di=+0.0244deg
STARLINK-31413,53deg,mixed,2026-05-03 18:50:42+00:00,2026-05-04 10:49:42+00:00,15.98,6859.584,481.45,0.000563,42.8698,308.2167,289.7888,8.0861,0.000555,0.02854,-3.7564,-3.7612,0.0048,66.6144,medium,4.493,True,da=+8.09km[medium] | di=+0.0285deg
STARLINK-5522,mid-inc,phasing,2026-05-03 19:22:42+00:00,2026-05-04 11:13:42+00:00,15.85,6948.223,570.09,0.00091,69.9166,325.153,224.6102,8.2066,-0.000124,0.00627,-1.6766,-1.6709,-0.0057,-38.708,medium,4.473,True,da=+8.21km[medium]
STARLINK-30273,53deg,mixed,2026-05-02 10:38:42+00:00,2026-05-02 18:51:42+00:00,8.22,6849.047,470.91,0.001428,53.0436,317.11,248.8927,8.0317,-0.000746,0.02588,-1.6286,-1.5946,-0.034,86.9911,medium,4.473,True,da=+8.03km[medium] | di=+0.0259deg
STARLINK-32009,53deg,mixed,2026-05-02 10:27:42+00:00,2026-05-02 18:32:42+00:00,8.08,6847.597,469.46,0.001684,53.2202,147.322,268.1313,8.0254,-0.001084,0.02827,-1.5863,-1.5634,-0.0229,56.2906,medium,4.471,True,da=+8.03km[medium] | di=+0.0283deg | de=-0.00108
STARLINK-30906,53deg,mixed,2026-05-02 10:40:42+00:00,2026-05-02 18:48:42+00:00,8.13,6859.068,480.93,0.000704,43.1195,112.291,281.2908,8.0405,0.000237,0.04077,-1.9118,-1.9065,-0.0052,65.7668,medium,4.468,True,da=+8.04km[medium] | di=+0.0408deg
STARLINK-6076,53deg,mixed,2026-05-03 19:01:42+00:00,2026-05-04 11:13:42+00:00,16.2,6864.589,486.45,0.000578,42.9126,209.3411,71.869,8.0508,0.000475,0.04717,-3.8227,-3.7993,-0.0234,112.3929,medium,4.468,True,da=+8.05km[medium] | di=+0.0472deg
STARLINK-32194,53deg,mixed,2026-05-04 20:09:42+00:00,2026-05-05 02:37:42+00:00,6.47,6851.014,472.88,0.000987,53.2358,35.9903,121.9883,8.0248,0.000462,0.02521,-1.2357,-1.2481,0.0125,45.1884,medium,4.467,True,da=+8.02km[medium] | di=+0.0252deg
STARLINK-35274,53deg,mixed,2026-05-03 09:54:42+00:00,2026-05-03 18:10:42+00:00,8.27,6850.366,472.23,0.000901,53.1254,351.2013,60.8467,8.0182,0.000606,0.01867,-1.6414,-1.6003,-0.0411,98.6807,medium,4.464,True,da=+8.02km[medium]
STARLINK-37163,53deg,mixed,2026-05-03 01:39:42+00:00,2026-05-03 09:42:42+00:00,8.05,6824.131,445.99,0.001416,53.3144,66.9727,171.4053,-7.9706,-0.00034,-0.0295,-1.5519,-1.5798,0.0279,63.1555,medium,4.463,True,da=-7.97km[medium] | di=-0.0295deg
STARLINK-30235,53deg,mixed,2026-05-04 11:01:42+00:00,2026-05-05 03:02:42+00:00,16.02,6859.703,481.57,0.000664,42.8376,267.8519,109.5428,8.0295,0.000427,0.03928,-3.7515,-3.7705,0.019,74.2559,medium,4.461,True,da=+8.03km[medium] | di=+0.0393deg
STARLINK-35418,53deg,mixed,2026-05-04 20:53:42+00:00,2026-05-05 01:56:42+00:00,5.05,6850.47,472.33,0.001234,53.2299,33.3187,299.3886,8.0112,0.000265,0.02342,-0.9381,-0.9751,0.037,79.7128,medium,4.46,True,da=+8.01km[medium] | di=+0.0234deg
STARLINK-6096,53deg,mixed,2026-05-06 03:07:42+00:00,2026-05-06 10:39:42+00:00,7.53,6867.648,489.51,0.001124,42.981,196.4698,181.6851,-8.0337,-0.000428,-0.03012,-1.7952,-1.7704,-0.0248,-71.8663,medium,4.456,True,da=-8.03km[medium] | di=-0.0301deg
STARLINK-30313,53deg,mixed,2026-05-02 18:52:42+00:00,2026-05-03 02:57:42+00:00,8.08,6859.806,481.67,0.001334,53.0739,315.4464,177.2747,-8.019,-0.000318,-0.03018,-1.5407,-1.5664,0.0258,56.3513,medium,4.455,True,da=-8.02km[medium] | di=-0.0302deg
STARLINK-34438,53deg,mixed,2026-05-06 02:04:42+00:00,2026-05-06 10:19:42+00:00,8.25,6850.108,471.97,0.001294,53.2157,27.5597,243.0597,7.9945,-0.000552,0.02084,-1.6307,-1.5939,-0.0368,94.4882,medium,4.451,True,da=+7.99km[medium] | di=+0.0208deg
STARLINK-5367,53deg,phasing,2026-05-05 11:12:42+00:00,2026-05-05 19:20:42+00:00,8.13,6866.729,488.59,0.001286,43.0653,19.2758,18.5243,-8.0211,-0.00078,-0.04252,-1.9299,-1.9099,-0.02,65.9075,medium,4.45,True,da=-8.02km[medium] | di=-0.0425deg
STARLINK-34823,53deg,mixed,2026-05-04 09:58:42+00:00,2026-05-04 20:44:42+00:00,10.77,6859.443,481.31,0.001383,53.0298,268.894,172.4432,-8.0043,-0.000326,-0.02339,-2.1014,-2.0888,-0.0126,-47.3922,medium,4.448,True,da=-8.00km[medium] | di=-0.0234deg
STARLINK-31622,53deg,mixed,2026-05-04 20:14:42+00:00,2026-05-05 02:55:42+00:00,6.68,6866.969,488.83,0.001214,43.161,77.2894,166.3048,-8.0179,-0.000549,-0.03595,-1.5432,-1.5666,0.0234,93.1268,medium,4.448,True,da=-8.02km[medium] | di=-0.0359deg
STARLINK-32647,53deg,mixed,2026-05-04 10:26:42+00:00,2026-05-04 20:21:42+00:00,9.92,6859.132,481.0,0.000527,42.8802,315.7766,78.0383,8.0018,0.000399,0.03119,-2.3368,-2.3337,-0.003,115.0139,medium,4.447,True,da=+8.00km[medium] | di=+0.0312deg
STARLINK-32191,53deg,phasing,2026-05-02 18:31:42+00:00,2026-05-03 10:42:42+00:00,16.18,6855.667,477.53,0.000594,53.2683,45.4189,324.6642,-7.992,-0.000213,-0.02844,-3.0951,-3.1284,0.0334,116.6864,medium,4.444,True,da=-7.99km[medium] | di=-0.0284deg
STARLINK-35036,53deg,mixed,2026-05-05 18:15:42+00:00,2026-05-05 22:44:42+00:00,4.48,6847.54,469.4,0.001664,53.0584,327.0952,266.1572,7.9715,-0.001059,0.02289,-0.8471,-0.8705,0.0234,-50.2955,medium,4.441,True,da=+7.97km[medium] | di=+0.0229deg | de=-0.00106
STARLINK-30201,53deg,mixed,2026-05-05 21:46:42+00:00,2026-05-06 02:49:42+00:00,5.05,6858.683,480.55,0.000504,42.8371,259.8647,83.468,7.9874,0.000743,0.03946,-1.2164,-1.1895,-0.027,78.6219,medium,4.439,True,da=+7.99km[medium] | di=+0.0395deg
STARLINK-32742,53deg,mixed,2026-05-04 10:26:42+00:00,2026-05-04 20:22:42+00:00,9.93,6867.048,488.91,0.000892,42.9291,322.5876,344.5777,-7.9984,-0.000333,-0.0404,-2.3397,-2.3373,-0.0025,118.8463,medium,4.437,True,da=-8.00km[medium] | di=-0.0404deg
STARLINK-6083,53deg,mixed,2026-05-04 19:44:42+00:00,2026-05-05 03:18:42+00:00,7.57,6866.883,488.75,0.000873,42.9575,204.3082,343.9169,-7.9968,-0.000267,-0.03008,-1.7789,-1.7796,0.0006,-64.0916,medium,4.436,True,da=-8.00km[medium] | di=-0.0301deg
STARLINK-34019,mid-inc,mixed,2026-05-04 20:36:42+00:00,2026-05-05 02:22:42+00:00,5.77,6956.047,577.91,0.000737,69.9438,332.4194,189.8339,-8.133,0.000201,-0.01584,-0.599,-0.6076,0.0085,-144.4586,medium,4.425,True,da=-8.13km[medium]
STARLINK-31889,53deg,mixed,2026-05-05 18:48:42+00:00,2026-05-05 22:14:42+00:00,3.43,6867.595,489.46,0.001118,42.914,312.1148,1.7873,-7.9757,-0.000459,-0.03774,-0.791,-0.8078,0.0168,67.6725,medium,4.424,True,da=-7.98km[medium] | di=-0.0377deg
STARLINK-37103,53deg,mixed,2026-05-03 09:48:42+00:00,2026-05-03 17:47:42+00:00,7.98,6795.439,417.3,0.001014,53.2852,65.2603,306.6858,7.8478,0.000334,0.0249,-1.5612,-1.5836,0.0224,56.3116,medium,4.422,True,da=+7.85km[medium] | di=+0.0249deg
STARLINK-34474,53deg,mixed,2026-05-06 02:11:42+00:00,2026-05-06 10:16:42+00:00,8.08,6855.414,477.28,0.001377,53.0939,209.9241,37.376,-7.9497,-0.001061,-0.02099,-1.5964,-1.569,-0.0274,56.4742,medium,4.421,True,da=-7.95km[medium] | di=-0.0210deg | de=-0.00106
STARLINK-37029,53deg,mixed,2026-05-03 09:46:42+00:00,2026-05-03 17:42:42+00:00,7.93,6795.197,417.06,0.001029,53.2845,65.2531,305.5372,7.8431,4.7e-05,0.02462,-1.5623,-1.5739,0.0116,44.6854,medium,4.42,True,da=+7.84km[medium] | di=+0.0246deg
STARLINK-31552,53deg,mixed,2026-05-03 18:38:42+00:00,2026-05-04 10:47:42+00:00,16.15,6867.583,489.45,0.001143,42.9092,308.8742,3.2858,-7.9694,-0.000571,-0.04289,-3.8303,-3.8003,-0.03,105.0169,medium,4.42,True,da=-7.97km[medium] | di=-0.0429deg
STARLINK-11253,53deg,phasing,2026-05-05 21:49:42+00:00,2026-05-06 03:00:42+00:00,5.18,6735.283,357.15,0.000941,53.2716,59.2181,59.333,7.7386,-0.000184,0.02448,-1.065,-1.0611,-0.004,141.2611,medium,4.419,True,da=+7.74km[medium] | di=+0.0245deg
STARLINK-30939,53deg,mixed,2026-05-03 02:49:42+00:00,2026-05-03 10:54:42+00:00,8.08,6839.219,461.08,0.001047,53.2934,107.6835,125.5772,7.9058,8.2e-05,0.02451,-1.5396,-1.5675,0.0279,61.5317,medium,4.412,True,da=+7.91km[medium] | di=+0.0245deg
STARLINK-32192,53deg,mixed,2026-05-03 02:32:42+00:00,2026-05-03 10:36:42+00:00,8.07,6852.065,473.93,0.001096,53.256,43.6352,128.0599,7.9255,0.000176,0.01965,-1.5344,-1.5555,0.0211,52.5803,medium,4.411,True,da=+7.93km[medium]
STARLINK-32259,53deg,mixed,2026-05-05 02:33:42+00:00,2026-05-05 10:36:42+00:00,8.05,6847.39,469.25,0.000306,53.0342,227.3697,93.8564,7.9156,0.001069,0.02563,-1.5851,-1.564,-0.0211,48.8449,medium,4.41,True,da=+7.92km[medium] | di=+0.0256deg | de=+0.00107
STARLINK-37042,53deg,phasing,2026-05-04 09:35:42+00:00,2026-05-04 21:01:42+00:00,11.43,6812.019,433.88,0.000289,53.2656,60.5212,90.4142,7.8513,0.000312,0.02229,-2.2288,-2.2498,0.021,126.3718,medium,4.408,True,da=+7.85km[medium] | di=+0.0223deg
STARLINK-11206,53deg,phasing,2026-05-02 19:02:42+00:00,2026-05-03 02:53:42+00:00,7.85,6736.781,358.64,0.001186,53.0275,239.4147,129.7287,7.7097,0.000141,0.02777,-1.5891,-1.6148,0.0257,49.427,medium,4.401,True,da=+7.71km[medium] | di=+0.0278deg
STARLINK-35364,53deg,lowering,2026-05-05 18:00:42+00:00,2026-05-05 23:01:42+00:00,5.02,6843.957,465.82,0.000509,53.1609,182.8846,211.8988,-7.8938,0.000933,-0.01909,-1.0105,-0.9779,-0.0326,75.1515,medium,4.401,True,da=-7.89km[medium]
STARLINK-35022,53deg,mixed,2026-05-06 02:01:42+00:00,2026-05-06 10:07:42+00:00,8.1,6851.061,472.92,0.001399,53.0796,325.3251,34.9464,-7.8997,-0.001046,-0.02552,-1.6012,-1.5764,-0.0248,62.1601,medium,4.398,True,da=-7.90km[medium] | di=-0.0255deg | de=-0.00105
STARLINK-31852,53deg,mixed,2026-05-02 10:30:42+00:00,2026-05-02 18:38:42+00:00,8.13,6858.587,480.45,0.000442,42.8952,322.8781,91.7168,7.9123,0.000837,0.02934,-1.938,-1.9142,-0.0238,65.9464,medium,4.397,True,da=+7.91km[medium] | di=+0.0293deg
STARLINK-31730,53deg,mixed,2026-05-05 22:16:42+00:00,2026-05-06 02:36:42+00:00,4.33,6867.182,489.04,0.001197,43.0693,20.456,11.4503,-7.9237,-0.000591,-0.03851,-1.0428,-1.0172,-0.0256,-85.8212,medium,4.395,True,da=-7.92km[medium] | di=-0.0385deg
STARLINK-30295,53deg,mixed,2026-05-02 18:51:42+00:00,2026-05-03 02:56:42+00:00,8.08,6847.416,469.28,0.000309,53.0366,315.5404,86.1558,7.8881,0.001068,0.01791,-1.5916,-1.5705,-0.0211,56.5157,medium,4.395,True,da=+7.89km[medium] | de=+0.00107
STARLINK-31101,53deg,phasing,2026-05-02 18:39:42+00:00,2026-05-03 02:46:42+00:00,8.12,6858.839,480.7,0.000507,42.836,273.8885,100.5494,7.9047,0.000738,0.03569,-1.9221,-1.9118,-0.0103,62.1038,medium,4.393,True,da=+7.90km[medium] | di=+0.0357deg
STARLINK-35129,53deg,phasing,2026-05-05 18:14:42+00:00,2026-05-05 22:44:42+00:00,4.5,6855.479,477.34,0.001394,53.114,340.0354,143.0739,-7.8951,-0.001045,-0.02652,-0.8507,-0.8731,0.0223,-46.6267,medium,4.391,True,da=-7.90km[medium] | di=-0.0265deg | de=-0.00105
STARLINK-37037,53deg,phasing,2026-05-05 23:06:42+00:00,2026-05-06 01:37:42+00:00,2.52,6838.39,460.25,0.001007,53.0025,272.1157,122.3631,7.8478,-0.000159,0.02536,-0.4832,-0.4916,0.0083,-140.6314,medium,4.381,True,da=+7.85km[medium] | di=+0.0254deg
STARLINK-35302,53deg,mixed,2026-05-06 02:08:42+00:00,2026-05-06 10:09:42+00:00,8.02,6851.109,472.97,0.001108,53.1468,181.2167,302.895,7.8673,-0.000219,0.03071,-1.543,-1.5504,0.0074,41.0163,medium,4.379,True,da=+7.87km[medium] | di=+0.0307deg
STARLINK-5038,mid-inc,phasing,2026-05-04 19:35:42+00:00,2026-05-05 03:28:42+00:00,7.88,6943.41,565.27,0.000799,69.9501,342.7158,61.8247,8.0152,0.000263,0.0065,-0.8275,-0.8318,0.0043,-28.7491,medium,4.373,True,da=+8.02km[medium]
STARLINK-31723,53deg,mixed,2026-05-02 18:30:42+00:00,2026-05-03 02:47:42+00:00,8.28,6859.465,481.33,0.000623,43.0742,37.877,72.856,7.8638,0.000596,0.03488,-1.9653,-1.9429,-0.0224,100.3739,medium,4.37,True,da=+7.86km[medium] | di=+0.0349deg
STARLINK-36389,SSO,mixed,2026-05-03 09:44:42+00:00,2026-05-03 18:00:42+00:00,8.27,6838.294,460.16,0.001213,97.1748,311.4391,51.8973,7.8267,0.000367,-0.00278,0.3497,0.3352,0.0146,100.4275,medium,4.369,True,da=+7.83km[medium]
STARLINK-32784,53deg,lowering,2026-05-06 02:19:42+00:00,2026-05-06 10:23:42+00:00,8.07,6826.02,447.88,0.000811,42.8974,307.8633,178.9594,-7.8013,0.000488,-0.03623,-1.923,-1.9391,0.0161,67.5553,medium,4.367,True,da=-7.80km[medium] | di=-0.0362deg
STARLINK-36705,SSO,phasing,2026-05-03 09:42:42+00:00,2026-05-03 17:46:42+00:00,8.07,6839.813,461.68,0.001282,97.1653,234.9512,47.3693,-7.8245,-0.000588,0.00374,0.3359,0.3278,0.008,54.3819,medium,4.366,True,da=-7.82km[medium]
STARLINK-34729,53deg,mixed,2026-05-04 10:04:42+00:00,2026-05-04 20:49:42+00:00,10.75,6859.648,481.51,0.001306,53.0305,268.911,177.9709,-7.8584,-0.000205,-0.02299,-2.1031,-2.0852,-0.0179,-51.2186,medium,4.366,True,da=-7.86km[medium] | di=-0.0230deg
STARLINK-34490,53deg,mixed,2026-05-05 10:11:42+00:00,2026-05-05 18:17:42+00:00,8.1,6851.76,473.62,0.001054,53.0732,212.6479,125.9055,7.8416,7.7e-05,0.026,-1.5387,-1.5688,0.03,60.3017,medium,4.365,True,da=+7.84km[medium] | di=+0.0260deg
STARLINK-11206,53deg,phasing,2026-05-02 10:50:42+00:00,2026-05-02 19:02:42+00:00,8.2,6744.437,366.3,0.00125,53.0497,241.1206,357.6388,-7.6558,-6.4e-05,-0.02217,-1.7059,-1.6869,-0.019,132.0898,medium,4.363,True,da=-7.66km[medium] | di=-0.0222deg
STARLINK-31176,53deg,lowering,2026-05-03 18:47:42+00:00,2026-05-04 10:47:42+00:00,16.0,6867.487,489.35,0.001118,42.8743,268.3534,180.3027,-7.8592,-0.000567,-0.03704,-3.7613,-3.767,0.0057,70.4386,medium,4.359,True,da=-7.86km[medium] | di=-0.0370deg
STARLINK-34876,SSO,phasing,2026-05-02 09:59:42+00:00,2026-05-02 18:08:42+00:00,8.15,6926.008,547.87,0.001443,97.5287,354.1331,139.1988,7.9578,-7.9e-05,-0.00761,0.3288,0.3314,-0.0026,39.5334,medium,4.358,True,da=+7.96km[medium]
STARLINK-35364,53deg,lowering,2026-05-06 02:03:42+00:00,2026-05-06 10:07:42+00:00,8.07,6835.098,456.96,0.001606,53.1373,181.2987,265.6125,7.7944,-0.001082,0.03099,-1.5987,-1.5732,-0.0254,57.5443,medium,4.354,True,da=+7.79km[medium] | di=+0.0310deg | de=-0.00108
STARLINK-31922,53deg,mixed,2026-05-05 18:44:42+00:00,2026-05-05 22:09:42+00:00,3.42,6859.677,481.54,0.000541,42.8759,311.3764,290.7404,7.8353,0.000544,0.03295,-0.7904,-0.8039,0.0135,63.76,medium,4.354,True,da=+7.84km[medium] | di=+0.0330deg
STARLINK-31723,53deg,mixed,2026-05-02 10:23:42+00:00,2026-05-02 18:30:42+00:00,8.12,6867.311,489.17,0.001271,43.1146,39.7821,10.7852,-7.8464,-0.000648,-0.04043,-1.9051,-1.9037,-0.0013,62.0708,medium,4.352,True,da=-7.85km[medium] | di=-0.0404deg
STARLINK-30938,53deg,lowering,2026-05-05 02:47:42+00:00,2026-05-05 10:52:42+00:00,8.08,6852.002,473.86,0.001085,53.2983,98.8406,126.174,7.8165,0.000128,0.0228,-1.5338,-1.5572,0.0234,56.3717,medium,4.35,True,da=+7.82km[medium] | di=+0.0228deg
STARLINK-11251,53deg,phasing,2026-05-03 11:13:42+00:00,2026-05-03 19:06:42+00:00,7.88,6736.675,358.54,0.001128,53.29,70.799,127.9312,7.5976,3e-05,0.02289,-1.5878,-1.612,0.0241,57.2768,medium,4.338,True,da=+7.60km[medium] | di=+0.0229deg
STARLINK-32675,53deg,phasing,2026-05-06 02:18:42+00:00,2026-05-06 10:34:42+00:00,8.27,6859.087,480.95,0.000679,42.862,306.2191,280.3105,7.8061,0.000554,0.03387,-1.9253,-1.9461,0.0208,96.3376,medium,4.338,True,da=+7.81km[medium] | di=+0.0339deg
STARLINK-30235,53deg,mixed,2026-05-02 10:37:42+00:00,2026-05-02 18:51:42+00:00,8.23,6867.022,488.88,0.001231,42.8732,279.2792,166.198,-7.8164,-0.000567,-0.03382,-1.9113,-1.9389,0.0276,88.7264,medium,4.336,True,da=-7.82km[medium] | di=-0.0338deg
STARLINK-31501,53deg,mixed,2026-05-03 10:37:42+00:00,2026-05-03 18:55:42+00:00,8.3,6867.442,489.31,0.001209,42.9099,310.6565,6.6408,-7.8165,-0.000556,-0.0366,-1.9836,-1.953,-0.0306,104.1981,medium,4.336,True,da=-7.82km[medium] | di=-0.0366deg
STARLINK-35131,53deg,phasing,2026-05-05 18:14:42+00:00,2026-05-05 22:43:42+00:00,4.48,6859.834,481.7,0.001341,53.1286,339.9873,177.9922,-7.8046,-0.000248,-0.02633,-0.8871,-0.8676,-0.0195,-50.4098,medium,4.336,True,da=-7.80km[medium] | di=-0.0263deg
STARLINK-31593,53deg,phasing,2026-05-06 02:14:42+00:00,2026-05-06 10:29:42+00:00,8.25,6859.253,481.12,0.000532,42.8497,295.0055,102.6033,7.8027,0.00031,0.03319,-1.9207,-1.9424,0.0217,92.5971,medium,4.336,True,da=+7.80km[medium] | di=+0.0332deg
STARLINK-35299,53deg,phasing,2026-05-03 09:59:42+00:00,2026-05-03 18:05:42+00:00,8.1,6859.601,481.46,0.001359,53.1542,350.9759,173.1486,-7.8019,-0.000414,-0.03002,-1.5444,-1.5668,0.0224,60.2234,medium,4.335,True,da=-7.80km[medium] | di=-0.0300deg
STARLINK-32015,53deg,mixed,2026-05-05 18:44:42+00:00,2026-05-05 22:09:42+00:00,3.42,6851.594,473.46,0.001043,53.2655,131.1715,305.576,7.7861,0.000391,0.02374,-0.6297,-0.6588,0.0291,64.613,medium,4.334,True,da=+7.79km[medium] | di=+0.0237deg
STARLINK-30236,53deg,phasing,2026-05-05 11:00:42+00:00,2026-05-05 19:07:42+00:00,8.12,6867.377,489.24,0.000983,42.8744,262.2624,190.216,-7.8062,-0.00036,-0.03145,-1.9023,-1.911,0.0087,61.9298,medium,4.33,True,da=-7.81km[medium] | di=-0.0314deg
STARLINK-31903,53deg,mixed,2026-05-05 10:31:42+00:00,2026-05-05 18:38:42+00:00,8.12,6859.594,481.46,0.000631,42.8686,306.6112,108.5423,7.7695,0.000625,0.03237,-1.9054,-1.9101,0.0048,62.0584,medium,4.317,True,da=+7.77km[medium] | di=+0.0324deg
STARLINK-32671,53deg,mixed,2026-05-03 10:29:42+00:00,2026-05-03 18:37:42+00:00,8.13,6866.478,488.34,0.000669,42.9261,321.765,202.3814,-7.7812,-3e-06,-0.0382,-1.9376,-1.9142,-0.0234,65.7691,medium,4.317,True,da=-7.78km[medium] | di=-0.0382deg
STARLINK-34876,SSO,phasing,2026-05-03 02:07:42+00:00,2026-05-03 10:16:42+00:00,8.15,6934.05,555.91,0.001329,97.5205,354.7858,180.62,-7.8942,5.8e-05,0.00684,0.3262,0.3314,-0.0052,39.4699,medium,4.316,True,da=-7.89km[medium]
STARLINK-32191,53deg,phasing,2026-05-05 22:28:42+00:00,2026-05-06 02:36:42+00:00,4.13,6852.249,474.11,0.001119,53.2294,30.7371,127.2775,7.7547,0.000124,0.02153,-0.7765,-0.7975,0.0209,-130.9731,medium,4.316,True,da=+7.75km[medium] | di=+0.0215deg
STARLINK-34079,mid-inc,mixed,2026-05-03 18:24:42+00:00,2026-05-04 10:15:42+00:00,15.85,6939.782,561.65,0.000737,69.926,335.1432,85.4949,7.9,0.000146,0.0074,-1.6538,-1.6773,0.0236,-38.7603,medium,4.314,True,da=+7.90km[medium]
STARLINK-34526,53deg,phasing,2026-05-03 10:13:42+00:00,2026-05-03 18:15:42+00:00,8.03,6851.5,473.36,0.001072,53.0534,221.8723,304.7657,7.7477,-2.6e-05,0.02669,-1.5393,-1.5568,0.0175,44.864,medium,4.313,True,da=+7.75km[medium] | di=+0.0267deg
STARLINK-30938,53deg,lowering,2026-05-04 19:57:42+00:00,2026-05-05 02:47:42+00:00,6.83,6859.759,481.62,0.001217,53.3219,100.184,356.7028,-7.7569,-0.000132,-0.02363,-1.3433,-1.3164,-0.0269,129.4712,medium,4.31,True,da=-7.76km[medium] | di=-0.0236deg
STARLINK-37213,SSO,raising,2026-05-05 17:39:42+00:00,2026-05-05 23:19:42+00:00,5.67,6794.932,416.8,0.001496,97.273,356.9662,317.2269,7.6449,-0.00052,-0.00069,0.2289,0.2382,-0.0093,-123.7918,medium,4.309,True,da=+7.64km[medium]
STARLINK-34729,53deg,mixed,2026-05-02 18:05:42+00:00,2026-05-03 02:10:42+00:00,8.08,6859.892,481.76,0.00118,53.0334,276.6639,355.2086,-7.7543,-5.6e-05,-0.02426,-1.5389,-1.5676,0.0288,56.4253,medium,4.308,True,da=-7.75km[medium] | di=-0.0243deg
STARLINK-37029,53deg,mixed,2026-05-06 01:38:42+00:00,2026-05-06 09:39:42+00:00,8.02,6799.03,420.89,0.001393,53.2826,52.5958,36.2877,-7.6463,-0.000932,-0.02903,-1.6254,-1.5947,-0.0307,64.2065,medium,4.305,True,da=-7.65km[medium] | di=-0.0290deg
STARLINK-35231,53deg,mixed,2026-05-02 09:58:42+00:00,2026-05-02 18:02:42+00:00,8.07,6851.957,473.82,0.000996,53.1084,198.8141,307.2227,7.7355,0.000297,0.02485,-1.5366,-1.5609,0.0243,52.5103,medium,4.305,True,da=+7.74km[medium] | di=+0.0249deg
STARLINK-32035,53deg,mixed,2026-05-05 18:39:42+00:00,2026-05-05 22:15:42+00:00,3.6,6856.199,478.06,0.001445,53.279,131.4643,146.9978,-7.7386,9e-05,-0.02421,-0.6619,-0.6955,0.0335,106.685,medium,4.303,True,da=-7.74km[medium] | di=-0.0242deg
STARLINK-6062,53deg,mixed,2026-05-02 18:59:42+00:00,2026-05-03 03:06:42+00:00,8.12,6869.876,491.74,0.000982,42.9353,215.2773,190.1212,-7.7576,-0.000431,-0.02762,-1.9037,-1.9066,0.0029,60.9383,medium,4.301,True,da=-7.76km[medium] | di=-0.0276deg
STARLINK-31895,53deg,mixed,2026-05-03 10:35:42+00:00,2026-05-03 18:43:42+00:00,8.13,6859.88,481.74,0.000523,42.902,324.8046,291.7394,7.7378,0.000557,0.03055,-1.9006,-1.9128,0.0122,65.7836,medium,4.299,True,da=+7.74km[medium] | di=+0.0305deg
STARLINK-34848,SSO,mixed,2026-05-03 18:10:42+00:00,2026-05-04 10:00:42+00:00,15.83,6931.483,553.35,0.001619,97.5204,355.4242,158.2148,-7.8546,-0.000305,0.00531,0.6443,0.6445,-0.0002,-26.3848,medium,4.297,True,da=-7.85km[medium]
STARLINK-11206,53deg,phasing,2026-05-03 19:09:42+00:00,2026-05-04 10:56:42+00:00,15.78,6736.732,358.6,0.001147,53.0325,234.5024,51.289,7.5237,0.000346,0.03036,-3.2835,-3.2465,-0.037,118.6808,medium,4.295,True,da=+7.52km[medium] | di=+0.0304deg
STARLINK-35323,53deg,mixed,2026-05-04 21:00:42+00:00,2026-05-05 02:12:42+00:00,5.2,6855.598,477.46,0.001393,53.1241,343.7583,144.4254,-7.7119,0.000228,-0.02893,-0.9737,-1.0086,0.0349,114.1641,medium,4.289,True,da=-7.71km[medium] | di=-0.0289deg
STARLINK-30303,53deg,mixed,2026-05-02 10:47:42+00:00,2026-05-02 18:51:42+00:00,8.07,6859.955,481.82,0.001276,53.0755,316.5105,359.1414,-7.7177,-0.000161,-0.02503,-1.5412,-1.5628,0.0216,52.5455,medium,4.288,True,da=-7.72km[medium] | di=-0.0250deg
STARLINK-30236,53deg,phasing,2026-05-05 19:07:42+00:00,2026-05-05 22:00:42+00:00,2.88,6859.571,481.43,0.000623,42.8429,260.3602,252.1458,7.7132,0.000286,0.03152,-0.6841,-0.6789,-0.0052,-58.5027,medium,4.286,True,da=+7.71km[medium] | di=+0.0315deg
STARLINK-34830,53deg,mixed,2026-05-05 18:21:42+00:00,2026-05-05 22:50:42+00:00,4.48,6852.21,474.07,0.001138,53.0749,326.8538,51.183,7.7014,0.000177,0.02051,-0.8891,-0.8682,-0.021,-50.401,medium,4.286,True,da=+7.70km[medium] | di=+0.0205deg
STARLINK-6083,53deg,mixed,2026-05-05 11:12:42+00:00,2026-05-05 19:20:42+00:00,8.13,6859.821,481.68,0.000486,42.9373,200.6593,292.1297,7.7133,0.000625,0.0367,-1.8964,-1.9117,0.0153,65.7866,medium,4.286,True,da=+7.71km[medium] | di=+0.0367deg
STARLINK-30851,53deg,phasing,2026-05-06 02:42:42+00:00,2026-05-06 10:49:42+00:00,8.12,6866.368,488.23,0.001259,42.904,229.2777,23.7263,-7.7242,-0.000784,-0.03172,-1.9357,-1.911,-0.0247,62.0307,medium,4.285,True,da=-7.72km[medium] | di=-0.0317deg
STARLINK-37405,SSO,mixed,2026-05-03 17:45:42+00:00,2026-05-04 09:41:42+00:00,15.93,6717.261,339.12,0.001316,97.2023,328.9811,180.7648,7.4673,-0.00024,0.00263,0.6998,0.6906,0.0092,168.109,medium,4.282,True,da=+7.47km[medium]
STARLINK-6083,53deg,mixed,2026-05-03 19:01:42+00:00,2026-05-04 11:14:42+00:00,16.22,6859.412,481.28,0.000576,42.91,210.1634,73.7679,7.7027,0.000332,0.04585,-3.8255,-3.8138,-0.0117,120.2986,medium,4.28,True,da=+7.70km[medium] | di=+0.0459deg
STARLINK-36832,SSO,mixed,2026-05-02 17:36:42+00:00,2026-05-03 01:40:42+00:00,8.07,6710.181,332.04,0.000898,97.2018,327.9065,202.1385,-7.4431,0.000814,0.0008,0.3619,0.3522,0.0096,111.2535,medium,4.275,True,da=-7.44km[medium]
STARLINK-35301,53deg,mixed,2026-05-02 18:07:42+00:00,2026-05-03 02:08:42+00:00,8.02,6851.321,473.18,0.001077,53.1067,196.6741,303.953,7.6768,-0.000153,0.02997,-1.5414,-1.5518,0.0104,41.0314,medium,4.273,True,da=+7.68km[medium] | di=+0.0300deg
STARLINK-32655,53deg,mixed,2026-05-03 10:32:42+00:00,2026-05-03 18:39:42+00:00,8.12,6859.841,481.7,0.000505,42.8956,321.527,291.5746,7.6776,0.000499,0.03066,-1.9007,-1.9091,0.0085,61.9738,medium,4.266,True,da=+7.68km[medium] | di=+0.0307deg
STARLINK-32664,53deg,phasing,2026-05-03 18:43:42+00:00,2026-05-04 10:31:42+00:00,15.8,6803.774,425.64,0.001358,42.8705,313.3338,93.7466,7.5755,-0.000671,0.02992,-3.8446,-3.8263,-0.0183,68.6796,medium,4.261,True,da=+7.58km[medium] | di=+0.0299deg
STARLINK-30851,53deg,phasing,2026-05-03 02:43:42+00:00,2026-05-03 11:00:42+00:00,8.28,6859.672,481.53,0.000659,42.8517,246.2522,70.2989,7.66,0.000591,0.03407,-1.9875,-1.9499,-0.0377,100.3708,medium,4.256,True,da=+7.66km[medium] | di=+0.0341deg
STARLINK-35236,53deg,mixed,2026-05-03 09:54:42+00:00,2026-05-03 18:08:42+00:00,8.23,6857.418,479.28,0.000648,53.1005,209.3409,333.5922,-7.6525,0.000171,-0.02344,-1.5538,-1.5962,0.0423,90.8936,medium,4.254,True,da=-7.65km[medium] | di=-0.0234deg
STARLINK-30235,53deg,mixed,2026-05-03 18:48:42+00:00,2026-05-04 11:01:42+00:00,16.22,6867.369,489.23,0.000963,42.8742,271.6917,349.2138,-7.6668,-0.0003,-0.03659,-3.8398,-3.818,-0.0217,120.3291,medium,4.253,True,da=-7.67km[medium] | di=-0.0366deg
STARLINK-30273,53deg,mixed,2026-05-03 18:54:42+00:00,2026-05-04 11:03:42+00:00,16.15,6843.491,465.35,0.000457,53.0311,310.8204,102.8137,7.6259,0.000114,0.01491,-3.1031,-3.1447,0.0416,112.6758,medium,4.252,True,da=+7.63km[medium]
STARLINK-11251,53deg,phasing,2026-05-04 11:01:42+00:00,2026-05-04 19:47:42+00:00,8.77,6742.271,364.13,0.000698,53.3021,65.9245,334.8173,-7.4403,0.000536,-0.02628,-1.759,-1.7949,0.0359,-94.4963,medium,4.243,True,da=-7.44km[medium] | di=-0.0263deg
STARLINK-6076,53deg,mixed,2026-05-02 10:56:42+00:00,2026-05-02 19:03:42+00:00,8.12,6863.87,485.73,0.000622,42.8968,216.8513,279.8454,7.6392,0.000164,0.03509,-1.9134,-1.9051,-0.0083,59.924,medium,4.241,True,da=+7.64km[medium] | di=+0.0351deg
STARLINK-36705,SSO,phasing,2026-05-04 21:09:42+00:00,2026-05-05 01:39:42+00:00,4.5,6831.263,453.13,0.003008,97.1668,236.4099,276.2512,7.585,-0.001144,-0.00015,0.1796,0.183,-0.0034,-45.4607,medium,4.241,True,da=+7.59km[medium] | de=-0.00114
STARLINK-30913,53deg,mixed,2026-05-04 19:58:42+00:00,2026-05-05 02:50:42+00:00,6.87,6843.927,465.79,0.001439,53.3147,99.8738,148.8749,-7.6047,4.4e-05,-0.0227,-1.3322,-1.3337,0.0016,141.1615,medium,4.24,True,da=-7.60km[medium] | di=-0.0227deg
STARLINK-34493,53deg,phasing,2026-05-04 10:22:42+00:00,2026-05-04 20:46:42+00:00,10.4,6855.11,476.97,0.000636,53.0762,217.7035,218.4593,-7.615,-0.000316,-0.02122,-2.0326,-2.0197,-0.0129,-131.6518,medium,4.235,True,da=-7.62km[medium] | di=-0.0212deg
STARLINK-35129,53deg,phasing,2026-05-05 10:07:42+00:00,2026-05-05 18:14:42+00:00,8.12,6847.88,469.74,0.000446,53.0956,341.6442,78.9037,7.5993,0.000948,0.01831,-1.6088,-1.5745,-0.0343,64.1701,medium,4.233,True,da=+7.60km[medium]
STARLINK-31889,53deg,mixed,2026-05-02 10:27:42+00:00,2026-05-02 18:33:42+00:00,8.1,6859.659,481.52,0.000529,42.9156,331.0349,289.0508,7.6096,0.000351,0.02881,-1.9057,-1.9048,-0.0008,58.1261,medium,4.228,True,da=+7.61km[medium] | di=+0.0288deg
STARLINK-34008,mid-inc,phasing,2026-05-04 20:34:42+00:00,2026-05-05 02:21:42+00:00,5.78,6947.669,569.53,0.000963,69.9329,332.5778,46.2605,-7.7527,0.001261,-0.01744,-0.6201,-0.6122,-0.0079,-140.4935,medium,4.226,True,da=-7.75km[medium] | de=+0.00126
STARLINK-37460,SSO,phasing,2026-05-05 01:40:42+00:00,2026-05-05 09:37:42+00:00,7.95,6717.372,339.23,0.001261,97.2079,330.3682,129.6876,7.3708,-0.000342,0.00143,0.3372,0.3448,-0.0076,77.2223,medium,4.226,True,da=+7.37km[medium]
STARLINK-36739,SSO,mixed,2026-05-05 23:04:42+00:00,2026-05-06 01:35:42+00:00,2.52,6842.474,464.34,0.001444,97.1743,313.9825,140.5432,7.57,-0.000158,-0.00404,0.0964,0.1018,-0.0055,-141.7586,medium,4.222,True,da=+7.57km[medium]
STARLINK-34019,mid-inc,mixed,2026-05-05 10:18:42+00:00,2026-05-05 18:26:42+00:00,8.13,6952.833,574.7,0.001093,69.9356,330.9854,27.8685,-7.7537,-0.000222,-0.01252,-0.855,-0.8585,0.0035,27.4566,medium,4.222,True,da=-7.75km[medium]
STARLINK-32189,53deg,mixed,2026-05-05 18:45:42+00:00,2026-05-05 22:22:42+00:00,3.62,6848.382,470.24,0.001606,53.2177,31.6079,283.8519,7.5784,-0.000193,0.02547,-0.6653,-0.6994,0.034,110.4682,medium,4.221,True,da=+7.58km[medium] | di=+0.0255deg
STARLINK-32665,53deg,mixed,2026-05-02 18:23:42+00:00,2026-05-03 02:29:42+00:00,8.1,6859.266,481.13,0.000602,42.8995,325.1055,285.7187,7.5936,0.000247,0.02688,-1.9059,-1.9058,-0.0002,58.146,medium,4.22,True,da=+7.59km[medium] | di=+0.0269deg
STARLINK-31148,53deg,mixed,2026-05-03 10:37:42+00:00,2026-05-03 18:55:42+00:00,8.3,6859.857,481.72,0.000538,42.8409,269.9613,248.133,7.5841,0.000489,0.03605,-1.9822,-1.9539,-0.0282,104.0116,medium,4.214,True,da=+7.58km[medium] | di=+0.0360deg
STARLINK-30283,53deg,phasing,2026-05-02 18:44:42+00:00,2026-05-03 03:00:42+00:00,8.27,6849.09,470.95,0.000706,53.0412,315.4612,111.7475,7.5595,-0.000109,0.01758,-1.563,-1.6047,0.0417,98.5539,medium,4.21,True,da=+7.56km[medium]
STARLINK-6095,53deg,mixed,2026-05-03 11:04:42+00:00,2026-05-03 19:10:42+00:00,8.1,6859.664,481.53,0.000571,42.9117,211.432,290.5975,7.5765,0.000395,0.0348,-1.8978,-1.9049,0.0071,58.1394,medium,4.21,True,da=+7.58km[medium] | di=+0.0348deg
STARLINK-32448,53deg,mixed,2026-05-05 18:41:42+00:00,2026-05-05 22:18:42+00:00,3.62,6858.535,480.4,0.000451,42.8667,307.7355,93.3182,7.5757,0.000238,0.03217,-0.8264,-0.8517,0.0252,109.7502,medium,4.21,True,da=+7.58km[medium] | di=+0.0322deg
STARLINK-32189,53deg,mixed,2026-05-04 20:07:42+00:00,2026-05-05 02:35:42+00:00,6.47,6851.71,473.57,0.001071,53.2382,35.9713,125.8923,7.5626,0.000321,0.0238,-1.2314,-1.2478,0.0164,45.2063,medium,4.209,True,da=+7.56km[medium] | di=+0.0238deg
STARLINK-32430,53deg,phasing,2026-05-05 10:39:42+00:00,2026-05-05 18:46:42+00:00,8.12,6866.339,488.2,0.000708,42.897,306.6854,202.6381,-7.5847,1e-06,-0.03578,-1.9292,-1.9112,-0.0179,61.9676,medium,4.208,True,da=-7.58km[medium] | di=-0.0358deg
STARLINK-34782,53deg,phasing,2026-05-05 10:02:42+00:00,2026-05-05 18:17:42+00:00,8.25,6850.17,472.03,0.000887,52.998,264.0136,61.5208,7.554,0.000592,0.02737,-1.6351,-1.602,-0.0331,94.8562,medium,4.206,True,da=+7.55km[medium] | di=+0.0274deg
STARLINK-30916,53deg,mixed,2026-05-03 02:52:42+00:00,2026-05-03 10:55:42+00:00,8.05,6847.297,469.16,0.001231,53.3194,107.8695,357.4234,-7.5484,-7.1e-05,-0.025,-1.536,-1.5607,0.0248,53.8643,medium,4.205,True,da=-7.55km[medium] | di=-0.0250deg
STARLINK-31555,53deg,mixed,2026-05-03 18:41:42+00:00,2026-05-04 10:41:42+00:00,16.0,6859.98,481.84,0.000713,42.8746,308.5842,113.8385,7.5588,0.000348,0.02625,-3.7468,-3.7647,0.0179,70.5645,medium,4.2,True,da=+7.56km[medium] | di=+0.0262deg
STARLINK-37163,53deg,mixed,2026-05-04 21:21:42+00:00,2026-05-05 01:38:42+00:00,4.28,6821.946,443.81,0.000681,53.2942,58.4004,205.9329,-7.4962,0.000162,-0.02114,-0.88,-0.8418,-0.0382,-88.6393,medium,4.2,True,da=-7.50km[medium] | di=-0.0211deg
STARLINK-37028,53deg,mixed,2026-05-04 09:36:42+00:00,2026-05-04 21:05:42+00:00,11.48,6857.124,478.99,0.001063,53.3049,61.0523,188.912,-7.5556,-6.7e-05,-0.02616,-2.2548,-2.216,-0.0388,118.4512,medium,4.2,True,da=-7.56km[medium] | di=-0.0262deg
STARLINK-31631,53deg,mixed,2026-05-04 20:05:42+00:00,2026-05-05 02:54:42+00:00,6.82,6866.727,488.59,0.000792,43.1586,73.3692,341.3118,-7.5709,-0.000213,-0.03161,-1.5946,-1.5979,0.0034,123.8477,medium,4.2,True,da=-7.57km[medium] | di=-0.0316deg
STARLINK-32018,53deg,mixed,2026-05-03 02:33:42+00:00,2026-05-03 10:38:42+00:00,8.08,6852.142,474.0,0.001105,53.237,143.9634,127.8015,7.5438,7.7e-05,0.03128,-1.5329,-1.5593,0.0264,56.4351,medium,4.198,True,da=+7.54km[medium] | di=+0.0313deg
STARLINK-30930,53deg,mixed,2026-05-03 02:51:42+00:00,2026-05-03 10:55:42+00:00,8.07,6839.523,461.39,0.000989,53.2959,107.339,307.545,7.5162,0.000379,0.02323,-1.5371,-1.5641,0.027,57.6094,medium,4.195,True,da=+7.52km[medium] | di=+0.0232deg
STARLINK-34528,53deg,mixed,2026-05-06 02:06:42+00:00,2026-05-06 10:20:42+00:00,8.23,6815.785,437.65,0.001073,53.0827,208.796,236.5972,7.4668,-0.000254,0.02793,-1.6648,-1.624,-0.0408,105.4689,medium,4.189,True,da=+7.47km[medium] | di=+0.0279deg
STARLINK-30846,53deg,mixed,2026-05-06 02:42:42+00:00,2026-05-06 10:51:42+00:00,8.15,6858.785,480.65,0.000468,42.8709,229.9712,86.6369,7.5265,0.000808,0.03455,-1.9512,-1.9188,-0.0324,69.6949,medium,4.183,True,da=+7.53km[medium] | di=+0.0346deg
STARLINK-32665,53deg,mixed,2026-05-06 02:25:42+00:00,2026-05-06 10:31:42+00:00,8.1,6859.558,481.42,0.000585,42.8632,306.2386,285.8993,7.5224,0.000316,0.0325,-1.9128,-1.9065,-0.0062,58.1022,medium,4.18,True,da=+7.52km[medium] | di=+0.0325deg
STARLINK-31700,53deg,mixed,2026-05-05 02:49:42+00:00,2026-05-05 10:51:42+00:00,8.03,6847.698,469.56,0.001649,53.188,19.1513,277.5766,7.5037,-0.001029,0.01979,-1.5699,-1.5552,-0.0147,44.8516,medium,4.18,True,da=+7.50km[medium] | de=-0.00103
STARLINK-35364,53deg,lowering,2026-05-02 18:03:42+00:00,2026-05-03 02:06:42+00:00,8.05,6854.968,476.83,0.000653,53.1192,196.873,218.9679,-7.511,0.001029,-0.01793,-1.5797,-1.5618,-0.0179,48.6735,medium,4.178,True,da=-7.51km[medium] | de=+0.00103
STARLINK-37028,53deg,mixed,2026-05-02 17:36:42+00:00,2026-05-03 01:40:42+00:00,8.07,6857.252,479.12,0.001212,53.3166,68.7815,357.4021,-7.5064,-7e-05,-0.02358,-1.5379,-1.5561,0.0182,53.5996,medium,4.173,True,da=-7.51km[medium] | di=-0.0236deg
STARLINK-31699,53deg,mixed,2026-05-03 18:36:42+00:00,2026-05-04 10:48:42+00:00,16.2,6860.223,482.09,0.000473,43.0663,32.12,244.0054,7.5099,0.000669,0.02574,-3.8258,-3.7994,-0.0264,116.3436,medium,4.172,True,da=+7.51km[medium] | di=+0.0257deg
STARLINK-32190,53deg,mixed,2026-05-03 18:39:42+00:00,2026-05-04 10:33:42+00:00,15.9,6847.542,469.41,0.000308,53.2339,40.8117,89.6973,7.4846,0.001059,0.01998,-3.0944,-3.075,-0.0193,51.6282,medium,4.17,True,da=+7.48km[medium] | de=+0.00106
STARLINK-36768,SSO,mixed,2026-05-03 01:45:42+00:00,2026-05-03 09:41:42+00:00,7.93,6836.592,458.46,0.002212,97.1712,311.0889,301.8049,7.454,-0.001073,-0.00035,0.3267,0.3219,0.0048,23.5662,medium,4.163,True,da=+7.45km[medium] | de=-0.00107
STARLINK-35036,53deg,mixed,2026-05-05 22:44:42+00:00,2026-05-06 02:09:42+00:00,3.42,6855.512,477.37,0.000605,53.0813,326.2481,215.8617,-7.4845,0.001016,-0.02828,-0.6933,-0.6633,-0.0299,64.5643,medium,4.162,True,da=-7.48km[medium] | di=-0.0283deg | de=+0.00102
STARLINK-30898,53deg,mixed,2026-05-03 18:49:42+00:00,2026-05-04 10:45:42+00:00,15.93,6843.21,465.07,0.001425,53.3095,104.8425,35.5873,-7.4615,-0.000864,-0.02459,-3.134,-3.0963,-0.0378,69.3827,medium,4.161,True,da=-7.46km[medium] | di=-0.0246deg
STARLINK-30846,53deg,mixed,2026-05-02 18:46:42+00:00,2026-05-03 02:51:42+00:00,8.08,6859.556,481.42,0.000673,42.8482,248.802,109.4637,7.4874,0.000585,0.03612,-1.9048,-1.903,-0.0018,54.3945,medium,4.16,True,da=+7.49km[medium] | di=+0.0361deg
STARLINK-35453,53deg,lowering,2026-05-03 17:57:42+00:00,2026-05-04 10:08:42+00:00,16.18,6847.856,469.72,0.001621,53.2306,38.4487,280.528,7.4628,-0.000231,0.0189,-3.0939,-3.1296,0.0358,116.517,medium,4.157,True,da=+7.46km[medium]
STARLINK-32182,53deg,mixed,2026-05-06 02:32:42+00:00,2026-05-06 10:37:42+00:00,8.08,6847.594,469.46,0.001692,53.2142,30.1338,265.4999,7.4596,-0.001058,0.0199,-1.5892,-1.564,-0.0252,56.3179,medium,4.156,True,da=+7.46km[medium] | de=-0.00106
STARLINK-36811,SSO,phasing,2026-05-02 17:45:42+00:00,2026-05-03 01:47:42+00:00,8.03,6831.415,453.28,0.000588,97.178,310.8345,82.9278,7.4336,0.000667,-0.00626,0.3341,0.327,0.0072,46.6869,medium,4.156,True,da=+7.43km[medium]
STARLINK-34492,53deg,mixed,2026-05-05 22:44:42+00:00,2026-05-06 02:08:42+00:00,3.4,6852.123,473.99,0.000976,53.0811,210.5792,307.6499,7.4643,0.000444,0.02615,-0.6274,-0.6583,0.0309,60.7756,medium,4.154,True,da=+7.46km[medium] | di=+0.0261deg
STARLINK-31718,53deg,raising,2026-05-02 10:25:42+00:00,2026-05-02 18:32:42+00:00,8.12,6859.368,481.23,0.000645,43.0749,39.9893,279.5806,7.4574,0.000128,0.02948,-1.9182,-1.9042,-0.0141,61.8286,medium,4.144,True,da=+7.46km[medium] | di=+0.0295deg
STARLINK-37042,53deg,phasing,2026-05-05 01:41:42+00:00,2026-05-05 09:44:42+00:00,8.05,6819.829,441.69,0.000575,53.2892,57.3762,216.9068,-7.3898,0.001072,-0.02849,-1.6147,-1.584,-0.0308,63.1445,medium,4.142,True,da=-7.39km[medium] | di=-0.0285deg | de=+0.00107
STARLINK-30939,53deg,mixed,2026-05-05 22:01:42+00:00,2026-05-06 02:52:42+00:00,4.85,6838.245,460.11,0.000958,53.2947,94.6218,120.8551,7.4151,0.000562,0.02659,-0.9382,-0.9411,0.0028,36.9209,medium,4.139,True,da=+7.42km[medium] | di=+0.0266deg
STARLINK-30934,53deg,mixed,2026-05-05 21:58:42+00:00,2026-05-06 02:49:42+00:00,4.85,6844.63,466.49,0.00148,53.3162,94.9094,27.7058,-7.4234,-0.000635,-0.01891,-0.9443,-0.9416,-0.0027,36.9219,medium,4.138,True,da=-7.42km[medium]
STARLINK-35270,53deg,mixed,2026-05-04 20:56:42+00:00,2026-05-05 02:09:42+00:00,5.22,6839.728,461.59,0.000935,53.2941,109.7654,231.6595,7.4076,0.000169,0.02508,-1.0477,-1.0115,-0.0362,121.1576,medium,4.134,True,da=+7.41km[medium] | di=+0.0251deg
STARLINK-31741,53deg,mixed,2026-05-03 10:37:42+00:00,2026-05-03 18:43:42+00:00,8.1,6859.88,481.74,0.000562,43.0684,33.7742,290.4943,7.4398,0.000383,0.02772,-1.8997,-1.9,0.0003,58.1153,medium,4.134,True,da=+7.44km[medium] | di=+0.0277deg
STARLINK-34849,53deg,mixed,2026-05-05 02:04:42+00:00,2026-05-05 10:09:42+00:00,8.08,6859.762,481.62,0.001359,53.1256,201.6325,175.1142,-7.4299,-0.000425,-0.01955,-1.5412,-1.5642,0.0229,56.3516,medium,4.128,True,da=-7.43km[medium]
STARLINK-34085,mid-inc,mixed,2026-05-05 18:30:42+00:00,2026-05-05 22:40:42+00:00,4.17,6947.543,569.41,0.001035,69.9277,330.3484,226.9669,-7.5709,-0.000322,-0.01404,-0.4465,-0.4411,-0.0054,-143.873,medium,4.127,True,da=-7.57km[medium]
STARLINK-34492,53deg,mixed,2026-05-05 18:14:42+00:00,2026-05-05 22:44:42+00:00,4.5,6859.549,481.41,0.00116,53.1011,211.4695,354.1725,-7.4253,-0.000185,-0.02007,-0.8903,-0.8714,-0.0189,-46.5226,medium,4.126,True,da=-7.43km[medium] | di=-0.0201deg
STARLINK-37026,53deg,mixed,2026-05-05 01:36:42+00:00,2026-05-05 09:36:42+00:00,8.0,6848.038,469.9,0.000894,53.0023,276.5048,119.7962,7.4063,0.000522,0.02232,-1.551,-1.5551,0.0041,38.3193,medium,4.126,True,da=+7.41km[medium] | di=+0.0223deg
STARLINK-34823,53deg,mixed,2026-05-05 02:06:42+00:00,2026-05-05 10:08:42+00:00,8.03,6847.685,469.55,0.001656,52.995,265.7688,277.4515,7.4035,-0.001026,0.02183,-1.5781,-1.5622,-0.0159,44.8752,medium,4.124,True,da=+7.40km[medium] | di=+0.0218deg | de=-0.00103
STARLINK-37446,SSO,phasing,2026-05-06 01:38:42+00:00,2026-05-06 09:39:42+00:00,8.02,6716.074,337.94,0.001187,97.2118,331.415,54.4397,7.1905,0.000336,0.00107,0.3604,0.3481,0.0123,93.049,medium,4.124,True,da=+7.19km[medium]
STARLINK-30818,53deg,mixed,2026-05-02 18:50:42+00:00,2026-05-03 02:57:42+00:00,8.12,6865.957,487.82,0.001272,42.8747,248.2049,26.4055,-7.4327,-0.000802,-0.02853,-1.9374,-1.9121,-0.0253,62.0911,medium,4.124,True,da=-7.43km[medium] | di=-0.0285deg
STARLINK-37026,53deg,mixed,2026-05-05 23:04:42+00:00,2026-05-06 01:36:42+00:00,2.53,6859.469,481.33,0.001349,53.0279,272.3691,11.7022,-7.4174,-0.000423,-0.02174,-0.4782,-0.4914,0.0132,-138.0834,medium,4.122,True,da=-7.42km[medium] | di=-0.0217deg
STARLINK-6083,53deg,mixed,2026-05-02 10:56:42+00:00,2026-05-02 19:03:42+00:00,8.12,6858.684,480.55,0.000681,42.894,217.7007,273.7097,7.4105,-1.3e-05,0.03416,-1.9273,-1.9104,-0.0169,61.9474,medium,4.118,True,da=+7.41km[medium] | di=+0.0342deg
STARLINK-32778,53deg,mixed,2026-05-02 18:21:42+00:00,2026-05-03 02:38:42+00:00,8.28,6867.314,489.18,0.00101,42.9515,332.8289,190.9733,-7.4202,-0.000451,-0.03999,-1.9777,-1.9478,-0.0299,100.1661,medium,4.116,True,da=-7.42km[medium] | di=-0.0400deg
STARLINK-30846,53deg,mixed,2026-05-04 20:04:42+00:00,2026-05-05 02:53:42+00:00,6.82,6858.948,480.81,0.000688,42.8573,237.2032,259.1614,7.3953,0.000585,0.03879,-1.5983,-1.6051,0.0068,123.6988,medium,4.11,True,da=+7.40km[medium] | di=+0.0388deg
STARLINK-31851,53deg,mixed,2026-05-03 18:37:42+00:00,2026-05-04 10:37:42+00:00,16.0,6867.594,489.46,0.001055,42.9322,322.8769,355.8057,-7.4008,-0.000352,-0.04097,-3.7442,-3.7629,0.0188,70.5252,medium,4.105,True,da=-7.40km[medium] | di=-0.0410deg
STARLINK-6096,53deg,mixed,2026-05-02 19:07:42+00:00,2026-05-03 03:13:42+00:00,8.1,6867.42,489.28,0.00098,42.9342,215.3261,189.197,-7.3974,-0.000428,-0.02635,-1.8984,-1.9049,0.0064,58.1307,medium,4.103,True,da=-7.40km[medium] | di=-0.0264deg
STARLINK-37370,SSO,mixed,2026-05-06 01:37:42+00:00,2026-05-06 09:35:42+00:00,7.97,6721.369,343.23,0.001469,97.2087,331.4091,38.4756,-7.1549,-0.000446,0.00866,0.3583,0.3463,0.012,81.2292,medium,4.099,True,da=-7.15km[medium]
STARLINK-37133,53deg,mixed,2026-05-02 17:35:42+00:00,2026-05-03 01:40:42+00:00,8.08,6847.62,469.48,0.000335,53.2789,68.6109,84.4286,7.3479,0.001029,0.0214,-1.5928,-1.5616,-0.0312,56.4838,medium,4.093,True,da=+7.35km[medium] | di=+0.0214deg | de=+0.00103
STARLINK-36973,53deg,phasing,2026-05-05 23:07:42+00:00,2026-05-06 01:37:42+00:00,2.5,6840.655,462.52,0.000989,53.0022,272.1215,121.0614,7.3331,-0.000261,0.02337,-0.4833,-0.4878,0.0046,-144.7847,medium,4.091,True,da=+7.33km[medium] | di=+0.0234deg
STARLINK-31724,53deg,lowering,2026-05-02 10:23:42+00:00,2026-05-02 18:30:42+00:00,8.12,6867.963,489.83,0.001174,43.0312,3.7967,359.631,-7.3768,-0.000375,-0.03808,-1.8902,-1.9054,0.0152,61.9425,medium,4.091,True,da=-7.38km[medium] | di=-0.0381deg
STARLINK-37051,53deg,raising,2026-05-03 01:35:42+00:00,2026-05-03 09:39:42+00:00,8.07,6806.408,428.27,0.001453,53.0319,284.1401,16.5337,-7.2734,-0.00121,-0.03716,-1.6192,-1.608,-0.0112,73.3526,medium,4.089,True,da=-7.27km[medium] | di=-0.0372deg | de=-0.00121
STARLINK-5038,mid-inc,phasing,2026-05-05 19:29:42+00:00,2026-05-05 21:29:42+00:00,2.0,6951.768,573.63,0.001077,69.9566,340.2045,31.7916,-7.5022,-0.000315,-0.01194,-0.2325,-0.211,-0.0216,89.4919,medium,4.086,True,da=-7.50km[medium]
STARLINK-31903,53deg,mixed,2026-05-03 10:35:42+00:00,2026-05-03 18:42:42+00:00,8.12,6858.646,480.51,0.000703,42.8839,317.9291,272.303,7.3492,-9.3e-05,0.02968,-1.9341,-1.9108,-0.0233,61.9788,medium,4.084,True,da=+7.35km[medium] | di=+0.0297deg
STARLINK-32448,53deg,mixed,2026-05-04 10:30:42+00:00,2026-05-04 20:25:42+00:00,9.92,6858.661,480.52,0.000684,42.8786,315.3272,270.215,7.3413,0.000556,0.02875,-2.3135,-2.3348,0.0213,114.8738,medium,4.08,True,da=+7.34km[medium] | di=+0.0287deg
STARLINK-36715,SSO,phasing,2026-05-04 21:09:42+00:00,2026-05-05 01:39:42+00:00,4.5,6849.826,471.69,0.001087,97.1574,236.3737,186.3584,-7.3272,0.000304,0.00709,0.1915,0.1818,0.0097,-45.622,medium,4.08,True,da=-7.33km[medium]
STARLINK-30838,53deg,mixed,2026-05-03 10:50:42+00:00,2026-05-03 18:56:42+00:00,8.1,6859.99,481.85,0.000714,42.8526,244.3479,111.1682,7.3367,0.000559,0.03596,-1.8953,-1.9065,0.0112,58.2199,medium,4.076,True,da=+7.34km[medium] | di=+0.0360deg
STARLINK-34030,mid-inc,phasing,2026-05-02 10:09:42+00:00,2026-05-02 18:17:42+00:00,8.13,6946.513,568.38,0.000874,69.9454,338.8242,129.3302,7.4747,0.000216,0.00841,-0.8531,-0.8571,0.004,27.4495,medium,4.076,True,da=+7.47km[medium]
STARLINK-34817,53deg,mixed,2026-05-05 02:06:42+00:00,2026-05-05 10:07:42+00:00,8.02,6839.987,461.85,0.001061,53.01,266.0412,129.4779,7.3038,0.00021,0.02102,-1.5482,-1.5646,0.0164,46.1354,medium,4.076,True,da=+7.30km[medium] | di=+0.0210deg
STARLINK-31559,53deg,mixed,2026-05-02 18:31:42+00:00,2026-05-03 02:47:42+00:00,8.27,6859.776,481.64,0.000688,42.8806,314.0863,68.8916,7.3344,0.000561,0.0262,-1.9809,-1.9452,-0.0357,96.5253,medium,4.075,True,da=+7.33km[medium] | di=+0.0262deg
STARLINK-32710,53deg,mixed,2026-05-02 18:18:42+00:00,2026-05-03 02:34:42+00:00,8.27,6866.598,488.46,0.001267,42.946,331.9874,159.1018,-7.3337,-0.0006,-0.03905,-1.9096,-1.9447,0.0351,96.3408,medium,4.069,True,da=-7.33km[medium] | di=-0.0391deg
STARLINK-31723,53deg,mixed,2026-05-05 18:39:42+00:00,2026-05-05 22:16:42+00:00,3.62,6860.184,482.05,0.000746,43.0399,20.9271,64.5175,7.3136,0.000499,0.03254,-0.8755,-0.8486,-0.0269,109.8117,medium,4.063,True,da=+7.31km[medium] | di=+0.0325deg
STARLINK-30233,53deg,phasing,2026-05-06 02:48:42+00:00,2026-05-06 10:53:42+00:00,8.08,6867.289,489.15,0.000895,42.8788,258.5793,193.5664,-7.32,-0.000383,-0.03334,-1.904,-1.9029,-0.0011,54.2976,medium,4.06,True,da=-7.32km[medium] | di=-0.0333deg
STARLINK-32035,53deg,mixed,2026-05-03 02:31:42+00:00,2026-05-03 10:35:42+00:00,8.07,6859.697,481.56,0.001313,53.2624,143.8765,178.3495,-7.3051,-0.000382,-0.01678,-1.5315,-1.5559,0.0244,52.5218,medium,4.059,True,da=-7.31km[medium]
STARLINK-5873,mid-inc,phasing,2026-05-02 10:54:42+00:00,2026-05-02 19:02:42+00:00,8.13,6946.55,568.41,0.001185,69.9197,328.7411,309.6486,7.4396,-0.000806,0.01108,-0.8529,-0.8581,0.0051,27.4475,medium,4.056,True,da=+7.44km[medium]
STARLINK-35031,53deg,phasing,2026-05-03 02:04:42+00:00,2026-05-03 18:15:42+00:00,16.18,6838.241,460.1,0.000566,53.1147,349.9152,74.6722,7.2664,0.000268,0.02343,-3.1505,-3.1535,0.003,125.7942,medium,4.056,True,da=+7.27km[medium] | di=+0.0234deg
STARLINK-34800,53deg,phasing,2026-05-05 18:19:42+00:00,2026-05-05 22:50:42+00:00,4.52,6859.351,481.21,0.001427,53.0306,262.3655,169.8589,-7.2803,-0.000349,-0.02566,-0.8904,-0.8761,-0.0143,-42.755,medium,4.045,True,da=-7.28km[medium] | di=-0.0257deg
STARLINK-31700,53deg,mixed,2026-05-04 19:57:42+00:00,2026-05-05 02:49:42+00:00,6.87,6854.968,476.83,0.001354,53.2119,20.4588,140.6907,-7.2701,0.000296,-0.02397,-1.3076,-1.3293,0.0218,136.8859,medium,4.044,True,da=-7.27km[medium] | di=-0.0240deg
STARLINK-34024,mid-inc,phasing,2026-05-05 10:16:42+00:00,2026-05-05 18:34:42+00:00,8.3,6948.685,570.55,0.000909,69.93,331.1693,222.972,-7.4141,0.001069,-0.01177,-0.8951,-0.878,-0.017,64.7964,medium,4.041,True,da=-7.41km[medium] | de=+0.00107
STARLINK-30913,53deg,mixed,2026-05-05 21:59:42+00:00,2026-05-06 02:50:42+00:00,4.85,6845.879,467.74,0.001497,53.3194,94.85,19.9742,-7.2495,-0.000468,-0.01826,-0.9364,-0.9409,0.0044,36.9094,medium,4.04,True,da=-7.25km[medium]
STARLINK-30844,53deg,lowering,2026-05-02 10:39:42+00:00,2026-05-02 18:47:42+00:00,8.13,6867.535,489.4,0.001117,43.1583,108.8866,359.48,-7.284,-0.000373,-0.02857,-1.8877,-1.9056,0.0179,65.8452,medium,4.04,True,da=-7.28km[medium] | di=-0.0286deg
STARLINK-35336,53deg,mixed,2026-05-03 09:53:42+00:00,2026-05-03 18:09:42+00:00,8.27,6858.005,479.87,0.000758,53.1039,208.9242,202.6207,-7.2647,0.000425,-0.02162,-1.6364,-1.6019,-0.0346,98.3656,medium,4.038,True,da=-7.26km[medium] | di=-0.0216deg
STARLINK-6095,53deg,mixed,2026-05-03 19:10:42+00:00,2026-05-04 11:12:42+00:00,16.03,6867.24,489.1,0.000966,42.9465,209.5342,348.7369,-7.276,-0.000243,-0.02052,-3.748,-3.7698,0.0218,78.1638,medium,4.036,True,da=-7.28km[medium] | di=-0.0205deg
STARLINK-31741,53deg,mixed,2026-05-03 18:43:42+00:00,2026-05-04 10:45:42+00:00,16.03,6867.32,489.18,0.000945,43.0961,31.8745,348.6095,-7.2708,-0.000248,-0.0388,-3.7296,-3.7611,0.0314,78.1279,medium,4.033,True,da=-7.27km[medium] | di=-0.0388deg
STARLINK-11246,53deg,phasing,2026-05-04 11:01:42+00:00,2026-05-04 19:47:42+00:00,8.77,6741.2,363.06,0.00149,53.2996,65.8514,30.2811,-7.0677,-0.00014,-0.02584,-1.8416,-1.7959,-0.0457,-94.5635,medium,4.031,True,da=-7.07km[medium] | di=-0.0258deg
STARLINK-31557,53deg,mixed,2026-05-02 18:36:42+00:00,2026-05-03 02:41:42+00:00,8.08,6859.142,481.01,0.000621,42.871,310.065,283.5021,7.2533,0.000118,0.02677,-1.9121,-1.903,-0.0091,54.3151,medium,4.031,True,da=+7.25km[medium] | di=+0.0268deg
STARLINK-30303,53deg,mixed,2026-05-03 18:46:42+00:00,2026-05-04 10:55:42+00:00,16.15,6855.597,477.46,0.001396,53.0527,310.2882,144.5127,-7.2457,0.00013,-0.0311,-3.0943,-3.1373,0.0431,108.9701,medium,4.03,True,da=-7.25km[medium] | di=-0.0311deg
STARLINK-32262,53deg,mixed,2026-05-05 18:47:42+00:00,2026-05-05 22:26:42+00:00,3.65,6727.556,349.42,0.001245,53.1151,191.8134,140.9633,-7.036,-2.1e-05,-0.01729,-0.74,-0.7562,0.0162,141.965,medium,4.025,True,da=-7.04km[medium]
STARLINK-31580,53deg,mixed,2026-05-06 02:29:42+00:00,2026-05-06 10:33:42+00:00,8.07,6852.63,474.49,0.000916,53.1973,16.6952,309.7914,7.2334,0.000446,0.01882,-1.5336,-1.5575,0.0239,52.4885,medium,4.025,True,da=+7.23km[medium]
STARLINK-36999,53deg,raising,2026-05-05 09:28:42+00:00,2026-05-05 17:44:42+00:00,8.27,6845.841,467.7,0.001473,53.2929,54.7806,19.6364,-7.2202,-0.000489,-0.02414,-1.646,-1.6048,-0.0412,103.9028,medium,4.024,True,da=-7.22km[medium] | di=-0.0241deg
STARLINK-35131,53deg,phasing,2026-05-05 22:43:42+00:00,2026-05-06 02:08:42+00:00,3.42,6852.03,473.89,0.001093,53.1022,339.1001,127.5824,7.2215,-8e-05,0.01923,-0.6279,-0.6613,0.0335,64.6942,medium,4.019,True,da=+7.22km[medium]
STARLINK-34046,mid-inc,mixed,2026-05-04 10:20:42+00:00,2026-05-04 20:35:42+00:00,10.25,6947.268,569.13,0.000915,69.9341,333.6658,132.0906,-7.3613,0.00124,-0.01348,-1.067,-1.0849,0.0179,142.9691,medium,4.013,True,da=-7.36km[medium] | de=+0.00124
STARLINK-5526,mid-inc,phasing,2026-05-02 19:02:42+00:00,2026-05-03 03:10:42+00:00,8.13,6954.077,575.94,0.00035,69.9304,327.6571,202.2877,-7.3717,0.000783,-0.01599,-0.8524,-0.8581,0.0058,27.4323,medium,4.013,True,da=-7.37km[medium]
STARLINK-11246,53deg,phasing,2026-05-03 11:10:42+00:00,2026-05-03 19:03:42+00:00,7.88,6744.216,366.08,0.00144,53.3137,70.712,171.6562,-7.0367,-0.00054,-0.02462,-1.5845,-1.6118,0.0273,57.2071,medium,4.011,True,da=-7.04km[medium] | di=-0.0246deg
STARLINK-34438,53deg,mixed,2026-05-05 10:10:42+00:00,2026-05-05 18:11:42+00:00,8.02,6859.307,481.17,0.001005,53.252,30.6246,191.6091,-7.2154,-1e-06,-0.02863,-1.539,-1.5471,0.0081,41.055,medium,4.009,True,da=-7.22km[medium] | di=-0.0286deg
STARLINK-31501,53deg,mixed,2026-05-02 18:36:42+00:00,2026-05-03 02:41:42+00:00,8.08,6859.938,481.8,0.000522,42.8833,314.4062,292.3724,7.202,0.000411,0.02616,-1.8968,-1.9019,0.005,54.3072,medium,4.001,True,da=+7.20km[medium] | di=+0.0262deg
STARLINK-31557,53deg,mixed,2026-05-05 18:43:42+00:00,2026-05-05 22:09:42+00:00,3.43,6858.673,480.54,0.000674,42.8469,293.0717,267.5562,7.1968,-3.5e-05,0.03228,-0.8328,-0.8088,-0.024,67.5913,medium,4.0,True,da=+7.20km[medium] | di=+0.0323deg
STARLINK-30794,53deg,phasing,2026-05-03 02:51:42+00:00,2026-05-03 10:56:42+00:00,8.08,6860.171,482.03,0.000764,42.8542,246.1317,115.1221,7.179,0.000505,0.03111,-1.9,-1.9025,0.0025,54.3958,medium,3.988,True,da=+7.18km[medium] | di=+0.0311deg
STARLINK-31319,53deg,mixed,2026-05-04 20:11:42+00:00,2026-05-05 02:52:42+00:00,6.68,6859.303,481.17,0.000601,43.1256,73.5318,286.5194,7.1712,0.000638,0.03433,-1.5309,-1.5667,0.0358,93.154,medium,3.985,True,da=+7.17km[medium] | di=+0.0343deg
STARLINK-31042,53deg,mixed,2026-05-04 20:02:42+00:00,2026-05-05 02:52:42+00:00,6.83,6859.877,481.74,0.000515,42.8413,262.3137,248.1317,7.1693,0.000747,0.03288,-1.6187,-1.6088,-0.0098,127.5089,medium,3.983,True,da=+7.17km[medium] | di=+0.0329deg
STARLINK-32886,53deg,mixed,2026-05-04 20:19:42+00:00,2026-05-05 02:26:42+00:00,6.12,6855.967,477.83,0.00144,53.2723,48.3677,145.974,-7.1596,-0.000775,-0.02024,-1.1729,-1.1818,0.0089,-35.2988,medium,3.981,True,da=-7.16km[medium] | di=-0.0202deg
STARLINK-35116,53deg,mixed,2026-05-03 18:12:42+00:00,2026-05-04 10:02:42+00:00,15.83,6857.998,479.86,0.001448,53.1455,349.1558,22.1744,-7.1571,-0.000524,-0.02859,-3.0563,-3.0653,0.0089,36.2804,medium,3.978,True,da=-7.16km[medium] | di=-0.0286deg
STARLINK-30844,53deg,lowering,2026-05-03 02:51:42+00:00,2026-05-03 10:58:42+00:00,8.12,6860.44,482.3,0.000764,43.1299,105.0558,115.9374,7.1559,0.000409,0.03159,-1.8788,-1.9015,0.0227,62.0328,medium,3.975,True,da=+7.16km[medium] | di=+0.0316deg
STARLINK-30930,53deg,mixed,2026-05-03 18:50:42+00:00,2026-05-04 10:51:42+00:00,16.02,6844.588,466.45,0.001472,53.3144,104.2793,28.2653,-7.1282,-0.000612,-0.02398,-3.1548,-3.1096,-0.0452,88.5904,medium,3.974,True,da=-7.13km[medium] | di=-0.0240deg
STARLINK-35402,53deg,mixed,2026-05-03 18:07:42+00:00,2026-05-04 10:04:42+00:00,15.95,6854.975,476.84,0.001359,53.136,349.1083,37.9123,-7.1435,-0.00089,-0.02868,-3.116,-3.0933,-0.0227,63.1972,medium,3.973,True,da=-7.14km[medium] | di=-0.0287deg
STARLINK-31699,53deg,mixed,2026-05-06 02:33:42+00:00,2026-05-06 10:39:42+00:00,8.1,6860.666,482.53,0.000839,43.0393,18.926,119.3735,7.1499,0.000295,0.02669,-1.8825,-1.9003,0.0177,58.1674,medium,3.972,True,da=+7.15km[medium] | di=+0.0267deg
STARLINK-11241,53deg,phasing,2026-05-03 11:06:42+00:00,2026-05-03 19:09:42+00:00,8.05,6734.072,355.94,0.001384,53.2811,71.1636,293.9853,6.9538,5.5e-05,0.02193,-1.6104,-1.6489,0.0386,96.4552,medium,3.972,True,da=+6.95km[medium] | di=+0.0219deg
STARLINK-31730,53deg,mixed,2026-05-02 18:37:42+00:00,2026-05-03 02:44:42+00:00,8.12,6860.591,482.45,0.000399,43.076,38.1959,297.0013,7.1482,0.000704,0.03008,-1.8789,-1.9031,0.0242,61.9402,medium,3.971,True,da=+7.15km[medium] | di=+0.0301deg
STARLINK-35116,53deg,mixed,2026-05-04 10:02:42+00:00,2026-05-04 20:39:42+00:00,10.62,6850.841,472.7,0.000924,53.1169,346.0994,58.4548,7.1338,-0.00025,0.01642,-2.0976,-2.0556,-0.042,-81.8302,medium,3.971,True,da=+7.13km[medium]
STARLINK-37065,53deg,mixed,2026-05-05 23:12:42+00:00,2026-05-06 01:43:42+00:00,2.52,6839.758,461.62,0.000989,53.0055,272.4979,307.5764,7.1143,0.000472,0.02414,-0.4781,-0.4913,0.0132,-140.2845,medium,3.97,True,da=+7.11km[medium] | di=+0.0241deg
STARLINK-34079,mid-inc,mixed,2026-05-05 10:17:42+00:00,2026-05-05 18:26:42+00:00,8.15,6947.682,569.55,0.000887,69.9275,330.9631,46.6651,-7.281,-0.000135,-0.01164,-0.8657,-0.8627,-0.0031,31.2118,medium,3.969,True,da=-7.28km[medium]
STARLINK-31613,53deg,mixed,2026-05-03 10:37:42+00:00,2026-05-03 18:42:42+00:00,8.08,6859.683,481.55,0.001134,53.2442,27.0328,352.907,-7.119,3.8e-05,-0.02768,-1.5373,-1.5599,0.0227,56.4241,medium,3.956,True,da=-7.12km[medium] | di=-0.0277deg
STARLINK-32848,53deg,mixed,2026-05-04 20:19:42+00:00,2026-05-05 02:26:42+00:00,6.12,6852.634,474.5,0.001476,53.2765,48.3583,151.6709,-7.0991,-0.00061,-0.02008,-1.1817,-1.1837,0.0019,-33.9305,medium,3.951,True,da=-7.10km[medium] | di=-0.0201deg
STARLINK-11205,53deg,mixed,2026-05-03 03:02:42+00:00,2026-05-03 11:03:42+00:00,8.02,6734.556,356.42,0.001272,53.024,237.7587,242.153,6.9155,-0.000674,0.02286,-1.6966,-1.6516,-0.045,88.5408,medium,3.95,True,da=+6.92km[medium] | di=+0.0229deg
STARLINK-11251,53deg,phasing,2026-05-03 02:58:42+00:00,2026-05-03 11:13:42+00:00,8.25,6743.602,365.46,0.000921,53.3157,72.5001,344.1058,-6.9269,0.000207,-0.02571,-1.7011,-1.6872,-0.0139,143.8254,medium,3.949,True,da=-6.93km[medium] | di=-0.0257deg
STARLINK-34024,mid-inc,phasing,2026-05-05 02:23:42+00:00,2026-05-05 10:16:42+00:00,7.88,6941.45,563.31,0.00197,69.9181,331.9907,251.6625,7.2353,-0.001061,0.01187,-0.8215,-0.8339,0.0125,-28.6905,medium,3.949,True,da=+7.24km[medium] | de=-0.00106
STARLINK-31851,53deg,mixed,2026-05-03 02:36:42+00:00,2026-05-03 10:41:42+00:00,8.08,6859.076,480.94,0.00069,42.8985,326.6478,281.5569,7.1051,-8e-06,0.03119,-1.917,-1.9022,-0.0147,54.3111,medium,3.948,True,da=+7.11km[medium] | di=+0.0312deg
STARLINK-35464,53deg,mixed,2026-05-02 09:52:42+00:00,2026-05-02 17:51:42+00:00,7.98,6838.276,460.14,0.000638,53.2452,44.6588,105.5259,7.0659,0.000738,0.01898,-1.563,-1.5511,-0.0119,37.5243,medium,3.944,True,da=+7.07km[medium]
STARLINK-30818,53deg,mixed,2026-05-03 10:50:42+00:00,2026-05-03 18:56:42+00:00,8.1,6858.9,480.76,0.000506,42.8465,244.3936,96.9931,7.0952,0.000771,0.03479,-1.9196,-1.9079,-0.0118,58.2566,medium,3.943,True,da=+7.10km[medium] | di=+0.0348deg
STARLINK-35129,53deg,phasing,2026-05-02 18:04:42+00:00,2026-05-03 02:09:42+00:00,8.08,6852.574,474.44,0.001148,53.1372,354.0084,129.4437,7.0834,-1e-06,0.01925,-1.5325,-1.563,0.0304,56.441,medium,3.942,True,da=+7.08km[medium]
STARLINK-31416,53deg,mixed,2026-05-05 18:44:42+00:00,2026-05-05 22:09:42+00:00,3.42,6867.676,489.54,0.001103,42.8916,297.2203,358.03,-7.1001,-0.00029,-0.03338,-0.7786,-0.8039,0.0253,63.8345,medium,3.938,True,da=-7.10km[medium] | di=-0.0334deg
STARLINK-6030,53deg,mixed,2026-05-05 11:13:42+00:00,2026-05-05 19:19:42+00:00,8.1,6858.7,480.56,0.000696,42.9316,200.719,274.7336,7.0842,-8.5e-05,0.03359,-1.9257,-1.9055,-0.0203,58.1431,medium,3.937,True,da=+7.08km[medium] | di=+0.0336deg
STARLINK-37066,53deg,mixed,2026-05-05 01:41:42+00:00,2026-05-05 09:40:42+00:00,7.98,6791.142,413.0,0.001661,52.9931,275.5411,263.3211,6.9639,-0.001025,0.02005,-1.6255,-1.5984,-0.0271,56.2829,medium,3.928,True,da=+6.96km[medium] | di=+0.0201deg | de=-0.00102
STARLINK-30805,53deg,mixed,2026-05-02 18:53:42+00:00,2026-05-03 02:59:42+00:00,8.1,6858.708,480.57,0.00053,42.8436,248.0308,94.5607,7.0674,0.00073,0.03511,-1.9307,-1.9082,-0.0226,58.2605,medium,3.928,True,da=+7.07km[medium] | di=+0.0351deg
STARLINK-36773,SSO,phasing,2026-05-03 09:46:42+00:00,2026-05-03 17:42:42+00:00,7.93,6840.521,462.38,0.001622,97.1722,311.4066,314.5361,7.0384,-0.000762,-0.0017,0.3253,0.3213,0.004,23.5698,medium,3.927,True,da=+7.04km[medium]
STARLINK-34405,mid-inc,mixed,2026-05-05 10:02:42+00:00,2026-05-05 18:19:42+00:00,8.28,6948.254,570.12,0.000837,70.0258,170.9817,224.8701,-7.1993,0.001059,-0.0098,-0.8926,-0.8724,-0.0203,61.0605,medium,3.924,True,da=-7.20km[medium] | de=+0.00106
STARLINK-11251,53deg,phasing,2026-05-04 19:47:42+00:00,2026-05-05 03:17:42+00:00,7.5,6734.831,356.69,0.001235,53.2759,64.1654,240.321,6.8706,-0.000611,0.02306,-1.5375,-1.5359,-0.0017,-33.0055,medium,3.924,True,da=+6.87km[medium] | di=+0.0231deg
STARLINK-30321,53deg,mixed,2026-05-02 18:50:42+00:00,2026-05-03 02:56:42+00:00,8.1,6859.51,481.37,0.001019,53.074,315.0575,349.7421,-7.0582,0.000109,-0.02705,-1.5358,-1.5695,0.0336,60.2536,medium,3.922,True,da=-7.06km[medium] | di=-0.0271deg
STARLINK-31750,53deg,mixed,2026-05-04 20:11:42+00:00,2026-05-05 02:51:42+00:00,6.67,6859.678,481.54,0.000583,43.0512,26.2188,289.3203,7.0519,0.000715,0.02856,-1.5258,-1.5645,0.0387,89.3072,medium,3.918,True,da=+7.05km[medium] | di=+0.0286deg
STARLINK-31613,53deg,mixed,2026-05-04 20:13:42+00:00,2026-05-05 02:54:42+00:00,6.68,6856.736,478.6,0.001464,53.2185,20.516,149.5906,-7.0454,-0.000132,-0.02335,-1.2496,-1.2924,0.0428,94.8289,medium,3.917,True,da=-7.05km[medium] | di=-0.0233deg
STARLINK-37066,53deg,mixed,2026-05-05 23:10:42+00:00,2026-05-06 01:39:42+00:00,2.48,6798.542,420.4,0.000635,53.0148,271.2712,218.8952,-6.9498,-0.000156,-0.0202,-0.5073,-0.4971,-0.0102,-142.6715,medium,3.914,True,da=-6.95km[medium] | di=-0.0202deg
STARLINK-32262,53deg,mixed,2026-05-03 18:45:42+00:00,2026-05-04 10:36:42+00:00,15.85,6728.147,350.01,0.0007,53.088,201.7448,316.5137,-6.8376,0.000397,-0.0085,-3.2625,-3.2843,0.0218,143.139,medium,3.911,True,da=-6.84km[medium]
STARLINK-31741,53deg,mixed,2026-05-05 22:14:42+00:00,2026-05-06 02:34:42+00:00,4.33,6859.262,481.12,0.000603,43.0353,19.7649,286.8682,7.0239,0.000152,0.02886,-0.9807,-1.0174,0.0367,-85.8295,medium,3.903,True,da=+7.02km[medium] | di=+0.0289deg
STARLINK-35008,53deg,mixed,2026-05-03 02:01:42+00:00,2026-05-03 10:07:42+00:00,8.1,6852.47,474.33,0.000903,53.1001,339.4438,309.3288,7.0003,0.000501,0.02031,-1.5364,-1.5677,0.0313,60.1655,medium,3.896,True,da=+7.00km[medium] | di=+0.0203deg
STARLINK-31593,53deg,phasing,2026-05-05 21:46:42+00:00,2026-05-06 02:14:42+00:00,4.47,6866.269,488.13,0.001225,42.884,296.0518,157.9714,-7.0152,-0.000694,-0.03428,-1.0463,-1.0519,0.0056,-55.3681,medium,3.892,True,da=-7.02km[medium] | di=-0.0343deg
STARLINK-32189,53deg,mixed,2026-05-03 02:36:42+00:00,2026-05-03 10:41:42+00:00,8.08,6852.771,474.63,0.000872,53.2591,43.9981,311.2835,6.9854,0.00054,0.01764,-1.5312,-1.5585,0.0272,56.3403,medium,3.887,True,da=+6.99km[medium]
STARLINK-11205,53deg,mixed,2026-05-03 19:07:42+00:00,2026-05-04 11:01:42+00:00,15.9,6733.113,354.98,0.000615,53.0212,234.4424,71.2135,6.7988,-2.4e-05,0.02871,-3.265,-3.2782,0.0132,146.0284,medium,3.885,True,da=+6.80km[medium] | di=+0.0287deg
STARLINK-35336,53deg,mixed,2026-05-02 18:05:42+00:00,2026-05-03 02:10:42+00:00,8.08,6859.486,481.35,0.001398,53.0998,211.9659,174.0506,-6.9886,-0.000506,-0.01604,-1.5354,-1.5651,0.0297,56.3383,medium,3.883,True,da=-6.99km[medium]
STARLINK-31718,53deg,raising,2026-05-04 10:43:42+00:00,2026-05-04 19:44:42+00:00,9.02,6866.647,488.51,0.000742,43.0863,28.6706,199.853,-6.9946,-8.9e-05,-0.0384,-2.1603,-2.116,-0.0443,-91.5571,medium,3.88,True,da=-6.99km[medium] | di=-0.0384deg
STARLINK-6096,53deg,mixed,2026-05-04 19:45:42+00:00,2026-05-05 03:18:42+00:00,7.55,6867.546,489.41,0.001044,42.9605,203.8631,185.9547,-6.9925,-0.000225,-0.02479,-1.8099,-1.7744,-0.0354,-67.9973,medium,3.879,True,da=-6.99km[medium] | di=-0.0248deg
STARLINK-31416,53deg,mixed,2026-05-06 02:38:42+00:00,2026-05-06 10:43:42+00:00,8.08,6867.445,489.31,0.001216,42.8864,295.3695,10.3303,-6.9924,-0.000499,-0.03388,-1.8981,-1.9023,0.0042,54.3651,medium,3.879,True,da=-6.99km[medium] | di=-0.0339deg
STARLINK-32190,53deg,mixed,2026-05-03 10:36:42+00:00,2026-05-03 18:39:42+00:00,8.05,6854.506,476.37,0.001325,53.2613,42.394,40.8595,-6.9636,-0.001017,-0.0274,-1.5823,-1.5569,-0.0254,48.8379,medium,3.874,True,da=-6.96km[medium] | di=-0.0274deg | de=-0.00102
STARLINK-35290,53deg,phasing,2026-05-02 09:54:42+00:00,2026-05-02 18:09:42+00:00,8.25,6850.619,472.48,0.0012,53.104,198.2598,240.3171,6.9557,-0.000498,0.02234,-1.6345,-1.598,-0.0365,94.515,medium,3.872,True,da=+6.96km[medium] | di=+0.0223deg
STARLINK-37460,SSO,phasing,2026-05-02 06:57:42+00:00,2026-05-02 17:42:42+00:00,10.75,6712.384,334.25,0.001134,97.2015,327.4336,189.9721,-6.7386,0.000162,0.00309,0.4726,0.4688,0.0038,27.3006,medium,3.868,True,da=-6.74km[medium]
STARLINK-30851,53deg,phasing,2026-05-02 10:44:42+00:00,2026-05-02 18:50:42+00:00,8.1,6867.613,489.48,0.001157,42.8813,250.002,3.6024,-6.9636,-0.000331,-0.02897,-1.8838,-1.9061,0.0223,58.2101,medium,3.862,True,da=-6.96km[medium] | di=-0.0290deg
STARLINK-35295,53deg,lowering,2026-05-04 10:07:42+00:00,2026-05-04 20:53:42+00:00,10.77,6852.9,474.76,0.000853,53.1212,346.5007,228.3228,6.9237,0.000407,0.01564,-2.1107,-2.0824,-0.0283,-47.3063,medium,3.853,True,da=+6.92km[medium]
STARLINK-31741,53deg,mixed,2026-05-06 02:34:42+00:00,2026-05-06 10:39:42+00:00,8.08,6866.285,488.15,0.000755,43.0641,18.7842,201.0387,-6.9409,-0.00012,-0.03683,-1.9064,-1.898,-0.0084,54.291,medium,3.851,True,da=-6.94km[medium] | di=-0.0368deg
STARLINK-32045,53deg,mixed,2026-05-04 20:11:42+00:00,2026-05-05 02:40:42+00:00,6.48,6852.862,474.73,0.000834,53.2604,135.9549,311.5851,6.9194,0.000437,0.02163,-1.2336,-1.2498,0.0162,48.8959,medium,3.85,True,da=+6.92km[medium] | di=+0.0216deg
STARLINK-32448,53deg,mixed,2026-05-06 02:34:42+00:00,2026-05-06 10:39:42+00:00,8.08,6859.238,481.1,0.000554,42.8631,305.8693,101.836,6.9162,0.000619,0.03042,-1.9179,-1.9033,-0.0147,54.3677,medium,3.843,True,da=+6.92km[medium] | di=+0.0304deg
STARLINK-31101,53deg,phasing,2026-05-06 02:46:42+00:00,2026-05-06 10:51:42+00:00,8.08,6860.74,482.6,0.000799,42.8515,254.971,119.851,6.9153,0.000419,0.02868,-1.893,-1.9022,0.0092,54.3981,medium,3.841,True,da=+6.92km[medium] | di=+0.0287deg
STARLINK-31413,53deg,mixed,2026-05-05 18:44:42+00:00,2026-05-05 22:10:42+00:00,3.43,6860.502,482.37,0.000789,42.8593,296.913,118.4307,6.9146,0.000241,0.02821,-0.7774,-0.8079,0.0305,67.6671,medium,3.841,True,da=+6.91km[medium] | di=+0.0282deg
STARLINK-30864,53deg,mixed,2026-05-06 02:46:42+00:00,2026-05-06 10:51:42+00:00,8.08,6859.114,480.98,0.000542,42.887,320.7502,100.8298,6.9082,0.000668,0.03117,-1.9183,-1.9026,-0.0156,54.3919,medium,3.839,True,da=+6.91km[medium] | di=+0.0312deg
STARLINK-32784,53deg,lowering,2026-05-04 10:32:42+00:00,2026-05-04 20:25:42+00:00,9.88,6824.766,446.63,0.001729,42.9062,317.4174,329.8572,-6.8498,-0.000606,-0.03432,-2.3601,-2.3764,0.0164,127.6281,medium,3.835,True,da=-6.85km[medium] | di=-0.0343deg
STARLINK-37446,SSO,phasing,2026-05-05 17:40:42+00:00,2026-05-05 23:19:42+00:00,5.65,6725.008,346.87,0.00085,97.2092,331.0788,333.3698,-6.6999,0.000844,0.00358,0.2365,0.2451,-0.0086,-105.7294,medium,3.835,True,da=-6.70km[medium]
STARLINK-32747,53deg,mixed,2026-05-03 18:28:42+00:00,2026-05-04 10:27:42+00:00,15.98,6865.658,487.52,0.001224,42.9339,327.0072,27.0055,-6.9096,-0.000747,-0.03854,-3.7921,-3.7621,-0.03,66.7737,medium,3.834,True,da=-6.91km[medium] | di=-0.0385deg
STARLINK-31772,53deg,mixed,2026-05-03 02:41:42+00:00,2026-05-03 10:46:42+00:00,8.08,6854.491,476.35,0.001331,53.2308,28.4553,40.7852,-6.8872,-0.000963,-0.02498,-1.5916,-1.5644,-0.0272,56.5042,medium,3.831,True,da=-6.89km[medium] | di=-0.0250deg
STARLINK-35276,53deg,mixed,2026-05-05 02:08:42+00:00,2026-05-05 10:12:42+00:00,8.07,6847.462,469.32,0.00166,53.0853,201.4737,265.9317,6.8764,-0.000995,0.02679,-1.5924,-1.5657,-0.0267,52.4974,medium,3.831,True,da=+6.88km[medium] | di=+0.0268deg
STARLINK-31889,53deg,mixed,2026-05-03 18:40:42+00:00,2026-05-04 10:38:42+00:00,15.97,6860.827,482.69,0.000786,42.9043,323.4332,119.7746,6.8912,0.000287,0.02306,-3.7331,-3.7541,0.021,62.87,medium,3.828,True,da=+6.89km[medium] | di=+0.0231deg
STARLINK-30794,53deg,phasing,2026-05-04 10:52:42+00:00,2026-05-04 20:03:42+00:00,9.18,6858.989,480.85,0.000659,42.8555,238.6084,259.939,6.886,-4.8e-05,0.03203,-2.1476,-2.1628,0.0152,-53.2788,medium,3.827,True,da=+6.89km[medium] | di=+0.0320deg
STARLINK-32667,53deg,mixed,2026-05-02 18:17:42+00:00,2026-05-03 02:34:42+00:00,8.28,6860.065,481.93,0.000729,42.9044,324.7788,65.3936,6.8856,0.0005,0.02422,-1.9849,-1.9483,-0.0366,100.4003,medium,3.825,True,da=+6.89km[medium] | di=+0.0242deg
STARLINK-32883,53deg,mixed,2026-05-05 10:23:42+00:00,2026-05-05 18:27:42+00:00,8.07,6852.726,474.59,0.001199,53.2593,45.6657,130.7076,6.8677,-1e-06,0.01742,-1.5346,-1.5553,0.0208,52.6049,medium,3.822,True,da=+6.87km[medium]
STARLINK-34046,mid-inc,mixed,2026-05-04 20:35:42+00:00,2026-05-05 02:21:42+00:00,5.77,6939.907,561.77,0.002155,69.9206,332.5988,275.0597,6.9975,-0.001262,0.00625,-0.6184,-0.6105,-0.0079,-144.2481,medium,3.821,True,da=+7.00km[medium] | de=-0.00126
STARLINK-37026,53deg,mixed,2026-05-03 01:37:42+00:00,2026-05-03 09:44:42+00:00,8.12,6845.175,467.04,0.001526,52.9996,285.8538,253.9408,6.8482,-0.000912,0.01712,-1.6134,-1.5805,-0.0329,65.0185,medium,3.817,True,da=+6.85km[medium]
STARLINK-31416,53deg,mixed,2026-05-05 22:09:42+00:00,2026-05-06 02:38:42+00:00,4.48,6860.576,482.44,0.000813,42.8582,296.4416,61.8645,6.8691,0.000403,0.02814,-1.0721,-1.055,-0.0171,-51.5342,medium,3.816,True,da=+6.87km[medium] | di=+0.0281deg
STARLINK-35418,53deg,mixed,2026-05-02 17:59:42+00:00,2026-05-03 02:05:42+00:00,8.1,6852.535,474.4,0.001141,53.2548,43.1561,129.9902,6.8568,-0.000106,0.02035,-1.5323,-1.562,0.0297,60.2414,medium,3.816,True,da=+6.86km[medium] | di=+0.0203deg
STARLINK-34008,mid-inc,phasing,2026-05-04 10:17:42+00:00,2026-05-04 20:34:42+00:00,10.28,6940.681,562.54,0.002099,69.9235,333.6526,255.8305,6.9887,-0.001137,0.00943,-1.0748,-1.0881,0.0133,150.43,medium,3.815,True,da=+6.99km[medium] | de=-0.00114
STARLINK-32448,53deg,mixed,2026-05-05 22:18:42+00:00,2026-05-06 02:34:42+00:00,4.27,6866.111,487.97,0.000689,42.8988,306.909,203.0684,-6.8731,-0.000135,-0.03579,-1.0397,-1.0046,-0.0351,-101.2324,medium,3.814,True,da=-6.87km[medium] | di=-0.0358deg
STARLINK-5529,mid-inc,phasing,2026-05-02 19:07:42+00:00,2026-05-03 03:15:42+00:00,8.13,6954.833,576.7,0.00049,69.9316,327.6721,198.513,-6.996,0.000552,-0.0154,-0.8509,-0.8577,0.0068,27.4182,medium,3.808,True,da=-7.00km[medium]
STARLINK-31156,53deg,raising,2026-05-02 18:38:42+00:00,2026-05-03 02:42:42+00:00,8.07,6860.458,482.32,0.000744,42.844,273.8438,117.8583,6.8539,0.000426,0.03022,-1.8914,-1.8988,0.0074,50.5845,medium,3.808,True,da=+6.85km[medium] | di=+0.0302deg
STARLINK-32430,53deg,phasing,2026-05-02 18:17:42+00:00,2026-05-03 02:33:42+00:00,8.27,6866.952,488.82,0.00089,42.9275,321.8555,196.51,-6.8605,-0.000371,-0.03701,-1.9822,-1.9446,-0.0376,96.3363,medium,3.806,True,da=-6.86km[medium] | di=-0.0370deg
STARLINK-30303,53deg,mixed,2026-05-05 21:58:42+00:00,2026-05-06 02:49:42+00:00,4.85,6857.975,479.84,0.001509,53.0437,300.4041,22.8642,-6.8421,-0.000517,-0.02313,-0.9351,-0.941,0.006,33.8711,medium,3.803,True,da=-6.84km[medium] | di=-0.0231deg
STARLINK-35270,53deg,mixed,2026-05-03 18:13:42+00:00,2026-05-04 10:00:42+00:00,15.78,6846.074,467.94,0.000799,53.3103,114.9523,199.2102,-6.8239,0.000223,-0.01897,-3.062,-3.0619,-0.0002,34.6551,medium,3.803,True,da=-6.82km[medium]
STARLINK-30906,53deg,mixed,2026-05-04 10:47:42+00:00,2026-05-04 19:59:42+00:00,9.2,6866.505,488.37,0.001271,43.16,100.9902,159.6116,-6.8523,-0.000617,-0.02613,-2.1603,-2.1563,-0.004,-49.5188,medium,3.802,True,da=-6.85km[medium] | di=-0.0261deg
STARLINK-31042,53deg,mixed,2026-05-03 18:38:42+00:00,2026-05-04 10:50:42+00:00,16.2,6867.485,489.35,0.001119,42.8747,268.2863,181.264,-6.8495,-0.000696,-0.03267,-3.8528,-3.8129,-0.0398,116.2967,medium,3.799,True,da=-6.85km[medium] | di=-0.0327deg
STARLINK-30813,53deg,mixed,2026-05-02 18:53:42+00:00,2026-05-03 03:00:42+00:00,8.12,6865.381,487.24,0.001246,42.8728,248.2148,30.8027,-6.8449,-0.000774,-0.02575,-1.9443,-1.9124,-0.032,62.0958,medium,3.798,True,da=-6.84km[medium] | di=-0.0258deg
STARLINK-35301,53deg,mixed,2026-05-05 10:01:42+00:00,2026-05-05 18:08:42+00:00,8.12,6854.959,476.82,0.000614,53.1528,184.3469,219.1969,-6.8289,0.000964,-0.0198,-1.6043,-1.5732,-0.031,63.9482,medium,3.798,True,da=-6.83km[medium]
STARLINK-36354,SSO,mixed,2026-05-03 17:57:42+00:00,2026-05-04 09:49:42+00:00,15.87,6831.655,453.52,0.000618,97.1791,311.758,80.7322,6.7913,0.000584,-0.00368,0.6554,0.646,0.0093,47.2791,medium,3.797,True,da=+6.79km[medium]
STARLINK-31157,53deg,mixed,2026-05-06 02:48:42+00:00,2026-05-06 10:53:42+00:00,8.08,6865.904,487.77,0.000645,42.8767,254.8285,205.3235,-6.842,3.1e-05,-0.03236,-1.9234,-1.904,-0.0194,54.3234,medium,3.796,True,da=-6.84km[medium] | di=-0.0324deg
STARLINK-37066,53deg,mixed,2026-05-06 01:39:42+00:00,2026-05-06 09:40:42+00:00,8.02,6791.592,413.46,0.000479,52.9946,270.7639,76.2237,6.7297,0.00085,0.01882,-1.6389,-1.6048,-0.0341,64.2249,medium,3.796,True,da=+6.73km[medium]
STARLINK-31859,53deg,mixed,2026-05-02 10:23:42+00:00,2026-05-02 18:31:42+00:00,8.13,6858.806,480.67,0.000478,42.8964,323.7279,85.3135,6.8289,0.000774,0.02546,-1.949,-1.9145,-0.0344,65.897,medium,3.795,True,da=+6.83km[medium] | di=+0.0255deg
STARLINK-31740,53deg,mixed,2026-05-04 20:12:42+00:00,2026-05-05 02:52:42+00:00,6.67,6850.237,472.1,0.001234,53.2032,22.5023,241.6666,6.8143,-0.000584,0.01973,-1.3263,-1.2887,-0.0376,90.9251,medium,3.794,True,da=+6.81km[medium]
STARLINK-34760,53deg,phasing,2026-05-02 10:07:42+00:00,2026-05-02 18:12:42+00:00,8.08,6854.437,476.3,0.00132,53.0133,278.0869,41.2559,-6.8166,-0.000952,-0.01851,-1.5964,-1.5723,-0.0241,56.5035,medium,3.792,True,da=-6.82km[medium]
STARLINK-35299,53deg,phasing,2026-05-05 18:07:42+00:00,2026-05-05 22:59:42+00:00,4.87,6848.359,470.22,0.00049,53.0917,340.0948,104.5795,6.8086,0.000837,0.01929,-0.9511,-0.9441,-0.007,37.7286,medium,3.792,True,da=+6.81km[medium]
STARLINK-31157,53deg,mixed,2026-05-03 10:39:42+00:00,2026-05-03 18:54:42+00:00,8.25,6859.881,481.74,0.000534,42.8409,269.9569,248.838,6.8236,0.000255,0.03298,-1.9796,-1.9426,-0.037,92.5125,medium,3.791,True,da=+6.82km[medium] | di=+0.0330deg
STARLINK-33946,mid-inc,mixed,2026-05-05 22:38:42+00:00,2026-05-06 02:25:42+00:00,3.78,6956.127,577.99,0.000773,69.9374,329.7896,188.2406,-6.9663,7.2e-05,-0.01422,-0.4175,-0.3986,-0.0189,129.9137,medium,3.79,True,da=-6.97km[medium]
STARLINK-30813,53deg,mixed,2026-05-03 18:48:42+00:00,2026-05-04 10:49:42+00:00,16.02,6860.477,482.34,0.000802,42.8575,242.5229,117.555,6.8206,0.000173,0.0342,-3.748,-3.7691,0.0212,74.349,medium,3.789,True,da=+6.82km[medium] | di=+0.0342deg
STARLINK-32001,53deg,mixed,2026-05-04 20:11:42+00:00,2026-05-05 02:39:42+00:00,6.47,6852.924,474.79,0.00121,53.2628,135.5991,132.0542,6.8056,0.000141,0.02004,-1.2339,-1.2466,0.0127,45.1423,medium,3.787,True,da=+6.81km[medium] | di=+0.0200deg
STARLINK-31555,53deg,mixed,2026-05-02 18:32:42+00:00,2026-05-03 02:49:42+00:00,8.28,6866.191,488.05,0.000576,42.9098,314.2775,333.6114,-6.8214,2.7e-05,-0.03529,-1.9118,-1.9498,0.038,100.23,medium,3.785,True,da=-6.82km[medium] | di=-0.0353deg
STARLINK-31176,53deg,lowering,2026-05-04 10:47:42+00:00,2026-05-04 19:59:42+00:00,9.2,6859.627,481.49,0.000552,42.8372,264.5922,250.7412,6.807,0.000193,0.03226,-2.1639,-2.1667,0.0028,-49.4204,medium,3.782,True,da=+6.81km[medium] | di=+0.0323deg
STARLINK-30838,53deg,mixed,2026-05-04 19:58:42+00:00,2026-05-05 02:48:42+00:00,6.83,6865.592,487.45,0.00124,42.8872,236.5344,152.1816,-6.8086,-0.000562,-0.02387,-1.5977,-1.6094,0.0117,127.5375,medium,3.778,True,da=-6.81km[medium] | di=-0.0239deg
STARLINK-31561,53deg,mixed,2026-05-05 22:09:42+00:00,2026-05-06 02:38:42+00:00,4.48,6858.891,480.75,0.000685,42.8512,295.9566,259.9951,6.7986,-0.000191,0.02784,-1.0441,-1.0561,0.012,-51.4778,medium,3.778,True,da=+6.80km[medium] | di=+0.0278deg
STARLINK-35301,53deg,mixed,2026-05-03 10:01:42+00:00,2026-05-03 18:05:42+00:00,8.07,6859.751,481.61,0.00116,53.1446,193.6116,355.4402,-6.7951,2.5e-05,-0.02038,-1.5315,-1.56,0.0285,52.6058,medium,3.775,True,da=-6.80km[medium] | di=-0.0204deg
STARLINK-11246,53deg,phasing,2026-05-05 21:51:42+00:00,2026-05-06 03:02:42+00:00,5.18,6738.785,360.65,0.000742,53.2826,58.6584,316.8448,-6.6141,-0.000408,-0.02037,-1.042,-1.0634,0.0214,141.1874,medium,3.774,True,da=-6.61km[medium] | di=-0.0204deg
STARLINK-34860,53deg,mixed,2026-05-05 22:53:42+00:00,2026-05-06 02:10:42+00:00,3.28,6849.869,471.73,0.001362,53.001,261.8783,294.8992,6.7762,-0.000764,0.02344,-0.6388,-0.6378,-0.001,33.9646,medium,3.773,True,da=+6.78km[medium] | di=+0.0234deg
STARLINK-36962,53deg,phasing,2026-05-03 01:32:42+00:00,2026-05-03 09:38:42+00:00,8.1,6794.318,416.18,0.001154,53.2867,65.9368,301.8037,6.6896,0.000346,0.01599,-1.5677,-1.6083,0.0406,83.4153,medium,3.771,True,da=+6.69km[medium]
STARLINK-37366,SSO,mixed,2026-05-03 17:47:42+00:00,2026-05-04 09:33:42+00:00,15.77,6721.66,343.52,0.001426,97.2024,328.978,176.9357,-6.5784,0.000904,0.00976,0.693,0.6847,0.0084,125.1642,medium,3.768,True,da=-6.58km[medium]
STARLINK-36962,53deg,phasing,2026-05-02 09:42:42+00:00,2026-05-02 17:36:42+00:00,7.9,6798.152,420.01,0.000673,53.2987,69.1329,220.2193,-6.6777,0.000933,-0.02074,-1.5838,-1.5711,-0.0126,36.9252,medium,3.761,True,da=-6.68km[medium] | di=-0.0207deg
STARLINK-31176,53deg,lowering,2026-05-03 10:40:42+00:00,2026-05-03 18:47:42+00:00,8.12,6860.718,482.58,0.000779,42.84,270.2392,118.2435,6.7686,0.00034,0.03432,-1.8858,-1.9104,0.0246,62.0592,medium,3.76,True,da=+6.77km[medium] | di=+0.0343deg
STARLINK-32667,53deg,mixed,2026-05-03 10:27:42+00:00,2026-05-03 18:35:42+00:00,8.13,6867.586,489.45,0.001189,42.9302,320.9432,174.2787,-6.7736,-0.000832,-0.03414,-1.888,-1.9125,0.0244,65.8117,medium,3.757,True,da=-6.77km[medium] | di=-0.0341deg
STARLINK-30921,53deg,mixed,2026-05-02 18:47:42+00:00,2026-05-03 02:52:42+00:00,8.08,6842.16,464.02,0.001343,53.302,109.3692,40.5544,-6.7337,-0.000866,-0.02026,-1.6102,-1.5715,-0.0386,61.6138,medium,3.756,True,da=-6.73km[medium] | di=-0.0203deg
STARLINK-34801,53deg,mixed,2026-05-03 02:04:42+00:00,2026-05-03 10:09:42+00:00,8.08,6852.869,474.73,0.001225,53.1353,352.5325,131.821,6.7504,-0.000121,0.01857,-1.5326,-1.563,0.0304,56.4151,medium,3.756,True,da=+6.75km[medium]
STARLINK-37471,SSO,phasing,2026-05-06 01:37:42+00:00,2026-05-06 09:44:42+00:00,8.12,6726.464,348.33,0.001578,97.2062,331.4028,20.4573,-6.5575,-0.000177,0.00819,0.3639,0.3517,0.0121,116.6991,medium,3.752,True,da=-6.56km[medium]
STARLINK-5846,mid-inc,mixed,2026-05-02 10:58:42+00:00,2026-05-02 19:05:42+00:00,8.12,6944.493,566.36,0.000823,69.917,328.5596,122.2784,6.8718,0.000245,0.00955,-0.8541,-0.8575,0.0034,23.7074,medium,3.748,True,da=+6.87km[medium]
STARLINK-31552,53deg,mixed,2026-05-04 20:05:42+00:00,2026-05-05 02:55:42+00:00,6.83,6858.755,480.62,0.000464,42.8602,302.8781,81.7301,6.7403,4.1e-05,0.02697,-1.595,-1.6095,0.0145,127.6632,medium,3.746,True,da=+6.74km[medium] | di=+0.0270deg
STARLINK-31164,53deg,mixed,2026-05-02 18:31:42+00:00,2026-05-03 02:50:42+00:00,8.32,6867.431,489.29,0.00101,42.8768,273.6596,190.2844,-6.7456,-0.000603,-0.03054,-1.9974,-1.9574,-0.04,107.78,medium,3.742,True,da=-6.75km[medium] | di=-0.0305deg
STARLINK-32660,53deg,mixed,2026-05-03 02:28:42+00:00,2026-05-03 10:33:42+00:00,8.08,6860.689,482.55,0.000797,42.8729,308.9613,118.0952,6.7365,0.000391,0.03009,-1.8908,-1.9016,0.0108,54.3974,medium,3.742,True,da=+6.74km[medium] | di=+0.0301deg
STARLINK-37162,53deg,mixed,2026-05-05 17:36:42+00:00,2026-05-05 23:21:42+00:00,5.75,6816.549,438.41,0.000957,53.2726,54.1845,307.8417,6.6674,-7.3e-05,0.01998,-1.0957,-1.129,0.0334,-109.0061,medium,3.74,True,da=+6.67km[medium]
STARLINK-35231,53deg,mixed,2026-05-02 18:02:42+00:00,2026-05-03 02:05:42+00:00,8.05,6859.693,481.56,0.001294,53.1332,197.2774,359.733,-6.7243,-0.000111,-0.0149,-1.5338,-1.5571,0.0234,48.7753,medium,3.736,True,da=-6.72km[medium]
STARLINK-36962,53deg,phasing,2026-05-04 09:34:42+00:00,2026-05-04 21:07:42+00:00,11.55,6813.631,435.49,0.001185,53.3039,59.6029,186.4555,6.656,-0.000344,-0.00502,-2.3025,-2.2703,-0.0322,157.0511,medium,3.736,True,da=+6.66km[medium]
STARLINK-6066,53deg,mixed,2026-05-03 11:10:42+00:00,2026-05-03 19:17:42+00:00,8.12,6863.364,485.23,0.000754,42.9177,211.8674,120.0334,6.7283,0.000296,0.0318,-1.8807,-1.9055,0.0248,61.0064,medium,3.735,True,da=+6.73km[medium] | di=+0.0318deg
STARLINK-30938,53deg,lowering,2026-05-04 10:46:42+00:00,2026-05-04 19:57:42+00:00,9.18,6853.047,474.91,0.001211,53.2983,101.9844,47.7139,6.712,6e-06,0.02362,-1.8005,-1.7687,-0.0318,-51.0111,medium,3.735,True,da=+6.71km[medium] | di=+0.0236deg
STARLINK-32192,53deg,mixed,2026-05-05 10:35:42+00:00,2026-05-05 18:40:42+00:00,8.08,6854.656,476.52,0.001336,53.24,32.8489,40.1754,-6.706,-0.000959,-0.02823,-1.596,-1.5639,-0.032,56.5162,medium,3.73,True,da=-6.71km[medium] | di=-0.0282deg
STARLINK-34848,SSO,mixed,2026-05-04 20:45:42+00:00,2026-05-05 02:12:42+00:00,5.45,6926.841,548.7,0.001471,97.5231,356.4969,37.9494,6.8087,-0.00033,-0.00751,0.225,0.2214,0.0035,150.3486,medium,3.728,True,da=+6.81km[medium]
STARLINK-31922,53deg,mixed,2026-05-05 10:30:42+00:00,2026-05-05 18:44:42+00:00,8.23,6866.397,488.26,0.000678,42.9084,313.3577,202.0076,-6.7194,-0.000137,-0.03248,-1.9813,-1.9378,-0.0435,88.7328,medium,3.728,True,da=-6.72km[medium] | di=-0.0325deg
STARLINK-5841,mid-inc,phasing,2026-05-05 11:13:42+00:00,2026-05-05 19:21:42+00:00,8.13,6948.211,570.07,0.000952,69.8701,301.0129,224.6069,-6.8358,0.000959,-0.00797,-0.8594,-0.8629,0.0035,27.4189,medium,3.726,True,da=-6.84km[medium]
STARLINK-34046,mid-inc,mixed,2026-05-02 10:13:42+00:00,2026-05-02 18:20:42+00:00,8.12,6944.172,566.03,0.000817,69.9415,338.7247,120.9484,6.8297,0.000208,0.00741,-0.8554,-0.8567,0.0012,23.7053,medium,3.726,True,da=+6.83km[medium]
STARLINK-31772,53deg,mixed,2026-05-04 20:11:42+00:00,2026-05-05 02:49:42+00:00,6.63,6856.352,478.21,0.000602,53.2167,20.4244,211.7141,-6.6907,0.000736,-0.02273,-1.3199,-1.2829,-0.037,83.2809,medium,3.72,True,da=-6.69km[medium] | di=-0.0227deg
STARLINK-30964,53deg,mixed,2026-05-04 20:02:42+00:00,2026-05-05 02:53:42+00:00,6.85,6866.326,488.19,0.000722,43.1661,95.068,337.9357,-6.702,-6.2e-05,-0.02917,-1.607,-1.6055,-0.0015,131.4873,medium,3.718,True,da=-6.70km[medium] | di=-0.0292deg
STARLINK-32747,53deg,mixed,2026-05-04 10:27:42+00:00,2026-05-04 20:22:42+00:00,9.92,6858.749,480.61,0.000477,42.8954,323.2151,93.7792,6.6885,7.7e-05,0.02448,-2.3089,-2.3345,0.0256,115.0104,medium,3.717,True,da=+6.69km[medium] | di=+0.0245deg
STARLINK-11205,53deg,mixed,2026-05-02 19:00:42+00:00,2026-05-03 03:02:42+00:00,8.03,6741.071,362.93,0.001458,53.0408,239.3671,149.6374,-6.5144,-0.000186,-0.01678,-1.6084,-1.6553,0.0468,92.5155,medium,3.716,True,da=-6.51km[medium]
STARLINK-34528,53deg,mixed,2026-05-03 18:05:42+00:00,2026-05-04 10:16:42+00:00,16.18,6816.772,438.64,0.000955,53.0617,219.8477,231.3066,6.622,0.000527,0.02856,-3.2066,-3.1927,-0.0139,145.5274,medium,3.714,True,da=+6.62km[medium] | di=+0.0286deg
STARLINK-34474,53deg,mixed,2026-05-05 02:04:42+00:00,2026-05-05 10:10:42+00:00,8.1,6847.845,469.71,0.001614,53.0613,214.5822,258.9317,6.6665,-0.00094,0.02332,-1.6064,-1.5729,-0.0336,60.1448,medium,3.714,True,da=+6.67km[medium] | di=+0.0233deg
STARLINK-31157,53deg,mixed,2026-05-04 19:59:42+00:00,2026-05-05 02:50:42+00:00,6.85,6866.0,487.86,0.000641,42.873,262.056,335.6171,-6.6918,-2.1e-05,-0.02906,-1.612,-1.6134,0.0015,131.5121,medium,3.713,True,da=-6.69km[medium] | di=-0.0291deg
STARLINK-32045,53deg,mixed,2026-05-06 02:33:42+00:00,2026-05-06 10:37:42+00:00,8.07,6847.631,469.49,0.000351,53.2518,130.1087,85.5479,6.6517,0.000985,0.02476,-1.5829,-1.5596,-0.0233,52.6632,medium,3.706,True,da=+6.65km[medium] | di=+0.0248deg
STARLINK-30898,53deg,mixed,2026-05-05 22:01:42+00:00,2026-05-06 02:51:42+00:00,4.83,6839.297,461.16,0.001033,53.2984,94.8391,306.3908,6.6307,-0.000252,0.02482,-0.932,-0.9374,0.0054,32.9991,medium,3.701,True,da=+6.63km[medium] | di=+0.0248deg
STARLINK-35298,53deg,mixed,2026-05-06 02:05:42+00:00,2026-05-06 10:12:42+00:00,8.12,6848.157,470.02,0.001568,53.1364,181.3305,256.5877,6.6246,-0.000945,0.02738,-1.6062,-1.573,-0.0331,63.9439,medium,3.69,True,da=+6.62km[medium] | di=+0.0274deg
STARLINK-35148,53deg,mixed,2026-05-03 18:06:42+00:00,2026-05-04 10:04:42+00:00,15.97,6841.662,463.52,0.001055,53.1206,192.2417,305.483,6.6113,0.000446,0.03206,-3.0703,-3.1057,0.0354,74.8837,medium,3.688,True,da=+6.61km[medium] | di=+0.0321deg
STARLINK-34817,53deg,mixed,2026-05-04 10:02:42+00:00,2026-05-04 20:38:42+00:00,10.6,6846.692,468.56,0.00143,53.0197,269.2165,30.0586,-6.6152,-0.000629,-0.00914,-2.1091,-2.0693,-0.0398,-79.6244,medium,3.686,True,da=-6.62km[medium]
STARLINK-30838,53deg,mixed,2026-05-06 02:44:42+00:00,2026-05-06 10:48:42+00:00,8.07,6867.505,489.37,0.001254,42.9095,229.3125,10.1494,-6.636,-0.000457,-0.02754,-1.8916,-1.8974,0.0058,50.5171,medium,3.681,True,da=-6.64km[medium] | di=-0.0275deg
STARLINK-37054,53deg,mixed,2026-05-02 09:39:42+00:00,2026-05-02 17:42:42+00:00,8.05,6859.792,481.66,0.001262,53.0386,288.5748,357.9958,-6.6233,-4.2e-05,-0.01931,-1.5361,-1.5605,0.0244,48.776,medium,3.68,True,da=-6.62km[medium]
STARLINK-30813,53deg,mixed,2026-05-06 02:49:42+00:00,2026-05-06 10:54:42+00:00,8.08,6867.322,489.18,0.001193,42.909,229.3428,8.0684,-6.6349,-0.000444,-0.02896,-1.8945,-1.9015,0.007,54.3713,medium,3.68,True,da=-6.63km[medium] | di=-0.0290deg
STARLINK-6062,53deg,mixed,2026-05-03 11:10:42+00:00,2026-05-03 19:16:42+00:00,8.1,6863.415,485.28,0.000387,42.9179,211.4304,300.5558,6.6202,0.000719,0.03048,-1.8802,-1.9016,0.0214,57.1104,medium,3.675,True,da=+6.62km[medium] | di=+0.0305deg
STARLINK-37471,SSO,phasing,2026-05-02 09:47:42+00:00,2026-05-02 17:39:42+00:00,7.87,6703.927,325.79,0.001445,97.2053,327.5631,137.02,6.3891,-0.000559,-0.00332,0.3402,0.3434,-0.0032,64.1443,medium,3.674,True,da=+6.39km[medium]
STARLINK-35384,53deg,mixed,2026-05-04 10:04:42+00:00,2026-05-04 20:53:42+00:00,10.82,6848.502,470.37,0.00062,53.2782,112.2103,73.1827,6.5946,0.000778,0.02299,-2.0793,-2.0891,0.0098,-35.851,medium,3.673,True,da=+6.59km[medium] | di=+0.0230deg
STARLINK-30313,53deg,mixed,2026-05-03 18:53:42+00:00,2026-05-04 11:00:42+00:00,16.12,6849.297,471.16,0.001393,53.0335,310.7764,292.754,6.5892,-2e-06,0.01375,-3.0836,-3.1296,0.0461,101.2352,medium,3.669,True,da=+6.59km[medium]
STARLINK-32040,53deg,mixed,2026-05-06 02:13:42+00:00,2026-05-06 10:30:42+00:00,8.28,6851.398,473.26,0.001098,53.264,129.7509,235.9076,6.5884,-0.000325,0.02577,-1.6367,-1.598,-0.0387,102.1545,medium,3.667,True,da=+6.59km[medium] | di=+0.0258deg
STARLINK-33946,mid-inc,mixed,2026-05-03 10:15:42+00:00,2026-05-03 18:22:42+00:00,8.12,6944.204,566.07,0.001553,69.9344,336.1206,300.8351,6.7185,-0.00094,0.00797,-0.8557,-0.8569,0.0012,23.6655,medium,3.665,True,da=+6.72km[medium]
STARLINK-11444,53deg,phasing,2026-05-04 19:43:42+00:00,2026-05-05 03:03:42+00:00,7.33,6734.352,356.21,0.000847,42.9675,189.1578,59.7418,6.4107,0.000158,0.03431,-1.8842,-1.8384,-0.0458,-69.948,medium,3.662,True,da=+6.41km[medium] | di=+0.0343deg
STARLINK-34801,53deg,mixed,2026-05-05 02:06:42+00:00,2026-05-05 10:08:42+00:00,8.03,6859.623,481.49,0.001333,53.1334,343.2587,2.8278,-6.5912,-0.000131,-0.02257,-1.5335,-1.554,0.0206,44.9461,medium,3.662,True,da=-6.59km[medium] | di=-0.0226deg
STARLINK-35464,53deg,mixed,2026-05-03 17:53:42+00:00,2026-05-04 10:05:42+00:00,16.2,6837.476,459.34,0.001694,53.2295,38.4456,274.4535,6.5526,-0.000414,0.01614,-3.1172,-3.1504,0.0332,128.5078,medium,3.659,True,da=+6.55km[medium]
STARLINK-30313,53deg,mixed,2026-05-04 11:00:42+00:00,2026-05-05 03:01:42+00:00,16.02,6855.886,477.75,0.001391,53.0473,307.6928,33.9891,-6.5768,-0.000634,-0.02448,-3.1439,-3.1106,-0.0333,78.5116,medium,3.657,True,da=-6.58km[medium] | di=-0.0245deg
STARLINK-32448,53deg,mixed,2026-05-05 10:34:42+00:00,2026-05-05 18:41:42+00:00,8.12,6865.119,486.98,0.001172,42.8977,309.6787,31.2116,-6.5841,-0.000722,-0.03099,-1.9433,-1.9118,-0.0314,62.1066,medium,3.654,True,da=-6.58km[medium] | di=-0.0310deg
STARLINK-35148,53deg,mixed,2026-05-02 09:55:42+00:00,2026-05-02 18:09:42+00:00,8.23,6843.13,464.99,0.000408,53.0974,198.5147,99.5089,6.5499,0.00056,0.03633,-1.579,-1.6011,0.0221,93.9042,medium,3.653,True,da=+6.55km[medium] | di=+0.0363deg
STARLINK-37065,53deg,mixed,2026-05-03 09:40:42+00:00,2026-05-03 17:42:42+00:00,8.03,6847.221,469.08,0.001284,53.0358,284.5258,177.3519,-6.5516,-0.00047,-0.02031,-1.5413,-1.5674,0.0261,49.9239,medium,3.65,True,da=-6.55km[medium] | di=-0.0203deg
STARLINK-31859,53deg,mixed,2026-05-03 02:37:42+00:00,2026-05-03 10:41:42+00:00,8.07,6865.51,487.37,0.000512,42.9157,319.9223,209.3664,-6.5755,0.000128,-0.03093,-1.9185,-1.8991,-0.0194,50.4941,medium,3.649,True,da=-6.58km[medium] | di=-0.0309deg
STARLINK-36792,SSO,phasing,2026-05-06 01:38:42+00:00,2026-05-06 09:44:42+00:00,8.1,6833.303,455.17,0.002717,97.1789,314.0259,250.4689,6.521,-0.000976,-0.00027,0.341,0.3296,0.0114,61.7625,medium,3.644,True,da=+6.52km[medium]
STARLINK-31319,53deg,mixed,2026-05-03 10:39:42+00:00,2026-05-03 18:56:42+00:00,8.28,6865.938,487.8,0.001249,43.1587,81.398,153.8822,-6.5641,-0.000654,-0.02796,-1.9069,-1.9419,0.035,100.1529,medium,3.642,True,da=-6.56km[medium] | di=-0.0280deg
STARLINK-33946,mid-inc,mixed,2026-05-05 02:28:42+00:00,2026-05-05 10:22:42+00:00,7.9,6953.972,575.84,0.000421,69.9363,331.8937,336.9032,-6.6872,0.000674,-0.00942,-0.8325,-0.833,0.0005,-24.9578,medium,3.64,True,da=-6.69km[medium]
STARLINK-31557,53deg,mixed,2026-05-05 22:09:42+00:00,2026-05-06 02:38:42+00:00,4.48,6865.87,487.73,0.00064,42.8792,292.2389,335.1475,-6.5565,-3.9e-05,-0.03252,-1.0509,-1.0559,0.0051,-51.4825,medium,3.638,True,da=-6.56km[medium] | di=-0.0325deg
STARLINK-35196,53deg,mixed,2026-05-03 18:13:42+00:00,2026-05-04 10:02:42+00:00,15.82,6857.523,479.39,0.000685,53.1007,207.5322,205.9222,-6.5445,0.000453,-0.01031,-3.0633,-3.0649,0.0016,32.3654,medium,3.638,True,da=-6.54km[medium]
STARLINK-32190,53deg,mixed,2026-05-06 02:29:42+00:00,2026-05-06 10:34:42+00:00,8.08,6853.135,475.0,0.000855,53.2306,29.9964,312.1062,6.533,0.000615,0.01633,-1.531,-1.5594,0.0284,56.2969,medium,3.635,True,da=+6.53km[medium]
STARLINK-6096,53deg,mixed,2026-05-02 10:58:42+00:00,2026-05-02 19:07:42+00:00,8.15,6860.876,482.74,0.000871,42.9033,217.2085,119.533,6.5438,0.00011,0.03086,-1.8824,-1.9163,0.0339,69.664,medium,3.635,True,da=+6.54km[medium] | di=+0.0309deg
STARLINK-30837,53deg,mixed,2026-05-02 10:44:42+00:00,2026-05-02 18:51:42+00:00,8.12,6858.807,480.67,0.000496,42.8414,250.6381,87.7527,6.5247,0.000752,0.03269,-1.9363,-1.9124,-0.0239,62.0807,medium,3.626,True,da=+6.52km[medium] | di=+0.0327deg
STARLINK-30835,53deg,mixed,2026-05-02 18:44:42+00:00,2026-05-03 02:48:42+00:00,8.07,6860.866,482.73,0.000399,42.8565,248.3322,299.8627,6.526,0.000593,0.03126,-1.8884,-1.8981,0.0098,50.4873,medium,3.625,True,da=+6.53km[medium] | di=+0.0313deg
STARLINK-35231,53deg,mixed,2026-05-04 10:08:42+00:00,2026-05-04 20:43:42+00:00,10.58,6856.975,478.84,0.00061,53.147,189.5319,209.1948,-6.5057,0.000321,-0.01584,-2.0877,-2.0492,-0.0384,-89.4968,medium,3.617,True,da=-6.51km[medium]
STARLINK-32013,53deg,lowering,2026-05-03 02:34:42+00:00,2026-05-03 10:40:42+00:00,8.1,6847.993,469.86,0.000472,53.2241,144.097,79.1638,6.4907,0.000865,0.02679,-1.5953,-1.5668,-0.0285,60.354,medium,3.616,True,da=+6.49km[medium] | di=+0.0268deg
STARLINK-11253,53deg,phasing,2026-05-04 19:47:42+00:00,2026-05-05 03:16:42+00:00,7.48,6737.774,359.64,0.001235,53.2861,64.5612,46.0282,6.3318,0.000185,0.02122,-1.5503,-1.53,-0.0203,-37.005,medium,3.614,True,da=+6.33km[medium] | di=+0.0212deg
STARLINK-35364,53deg,lowering,2026-05-03 09:56:42+00:00,2026-05-03 18:07:42+00:00,8.18,6843.373,465.24,0.001626,53.1074,193.7734,267.3686,6.4809,-0.000559,0.03845,-1.5992,-1.5908,-0.0084,82.1473,medium,3.614,True,da=+6.48km[medium] | di=+0.0384deg
STARLINK-34019,mid-inc,mixed,2026-05-06 02:23:42+00:00,2026-05-06 10:16:42+00:00,7.88,6949.012,570.87,0.000982,69.924,329.2956,41.5754,6.6305,0.000105,0.0104,-0.8348,-0.8307,-0.0041,-28.7455,medium,3.613,True,da=+6.63km[medium]
STARLINK-31718,53deg,raising,2026-05-03 18:39:42+00:00,2026-05-04 10:43:42+00:00,16.07,6860.145,482.01,0.000702,43.0628,32.4012,113.9918,6.5021,4e-05,0.02356,-3.7307,-3.7696,0.0389,85.8613,medium,3.612,True,da=+6.50km[medium] | di=+0.0236deg
STARLINK-37162,53deg,mixed,2026-05-05 01:40:42+00:00,2026-05-05 09:43:42+00:00,8.05,6819.155,441.02,0.000617,53.287,57.3663,220.1025,-6.4408,0.000984,-0.02552,-1.6178,-1.5842,-0.0336,63.1408,medium,3.611,True,da=-6.44km[medium] | di=-0.0255deg
STARLINK-34797,53deg,mixed,2026-05-03 18:06:42+00:00,2026-05-04 10:02:42+00:00,15.93,6854.456,476.32,0.001324,53.0158,272.1749,41.082,-6.4859,-0.000884,-0.02312,-3.1241,-3.0988,-0.0253,59.3168,medium,3.608,True,da=-6.49km[medium] | di=-0.0231deg
STARLINK-32430,53deg,phasing,2026-05-04 10:34:42+00:00,2026-05-04 20:18:42+00:00,9.73,6859.021,480.88,0.000544,42.8749,312.356,77.7633,6.4818,0.000713,0.02483,-2.3319,-2.2919,-0.0399,72.9633,medium,3.602,True,da=+6.48km[medium] | di=+0.0248deg
STARLINK-36773,SSO,phasing,2026-05-05 23:12:42+00:00,2026-05-06 01:25:42+00:00,2.22,6843.541,465.4,0.001496,97.1737,313.9181,35.9808,6.4513,-0.000329,-0.00352,0.0949,0.0896,0.0053,149.7715,medium,3.597,True,da=+6.45km[medium]
STARLINK-37037,53deg,phasing,2026-05-03 01:34:42+00:00,2026-05-03 09:40:42+00:00,8.1,6840.018,461.88,0.00093,53.0113,285.6829,309.5215,6.426,0.000554,0.01934,-1.5454,-1.5812,0.0357,65.3042,medium,3.586,True,da=+6.43km[medium]
STARLINK-11444,53deg,phasing,2026-05-06 03:01:42+00:00,2026-05-06 11:03:42+00:00,8.03,6733.914,355.78,0.000426,42.9843,181.2883,243.8662,6.276,0.000358,0.03572,-2.0589,-2.0138,-0.0451,95.0399,medium,3.585,True,da=+6.28km[medium] | di=+0.0357deg
STARLINK-34375,53deg,mixed,2026-05-03 18:07:42+00:00,2026-05-04 10:14:42+00:00,16.12,6817.98,439.84,0.000804,53.0654,219.8686,225.748,6.3892,0.000368,0.02789,-3.211,-3.1775,-0.0335,130.1037,medium,3.583,True,da=+6.39km[medium] | di=+0.0279deg
STARLINK-32192,53deg,mixed,2026-05-03 10:36:42+00:00,2026-05-03 18:38:42+00:00,8.03,6859.991,481.85,0.001272,53.2756,42.1008,180.6402,-6.4478,-0.0005,-0.02505,-1.5313,-1.5486,0.0173,44.8266,medium,3.582,True,da=-6.45km[medium] | di=-0.0250deg
STARLINK-37036,53deg,mixed,2026-05-05 09:42:42+00:00,2026-05-05 17:52:42+00:00,8.17,6801.15,423.01,0.001439,53.0228,273.8369,24.7699,-6.3625,-0.000485,-0.01718,-1.6701,-1.6319,-0.0382,99.1705,medium,3.581,True,da=-6.36km[medium]
STARLINK-36715,SSO,phasing,2026-05-06 01:47:42+00:00,2026-05-06 09:43:42+00:00,7.93,6833.105,454.97,0.002736,97.1679,237.5547,288.0001,6.4068,-0.001018,-0.00738,0.3294,0.3222,0.0072,23.5166,medium,3.581,True,da=+6.41km[medium] | de=-0.00102
STARLINK-30201,53deg,mixed,2026-05-02 10:36:42+00:00,2026-05-02 18:44:42+00:00,8.13,6858.953,480.82,0.000471,42.8368,279.4822,84.456,6.4339,0.000733,0.03175,-1.9462,-1.9163,-0.0299,65.8896,medium,3.575,True,da=+6.43km[medium] | di=+0.0318deg
STARLINK-35453,53deg,lowering,2026-05-02 17:57:42+00:00,2026-05-03 02:03:42+00:00,8.1,6859.189,481.05,0.001411,53.2764,43.0881,168.8918,-6.4314,-0.00054,-0.02202,-1.532,-1.562,0.03,60.1684,medium,3.574,True,da=-6.43km[medium] | di=-0.0220deg
STARLINK-32783,53deg,lowering,2026-05-03 18:19:42+00:00,2026-05-04 10:31:42+00:00,16.2,6865.191,487.05,0.001212,42.9296,326.6114,148.3991,-6.4385,-0.000515,-0.03624,-3.7847,-3.8137,0.029,116.3082,medium,3.573,True,da=-6.44km[medium] | di=-0.0362deg
STARLINK-32778,53deg,mixed,2026-05-05 02:32:42+00:00,2026-05-05 10:36:42+00:00,8.07,6860.96,482.82,0.000846,42.8927,319.5559,119.7685,6.433,0.000349,0.02898,-1.887,-1.897,0.01,50.5525,medium,3.573,True,da=+6.43km[medium] | di=+0.0290deg
STARLINK-36705,SSO,phasing,2026-05-05 01:39:42+00:00,2026-05-05 09:43:42+00:00,8.07,6838.848,460.71,0.001864,97.1666,236.5895,230.7905,-6.4013,0.001013,-0.0001,0.3407,0.3279,0.0128,54.08,medium,3.573,True,da=-6.40km[medium] | de=+0.00101
STARLINK-30794,53deg,phasing,2026-05-05 18:40:42+00:00,2026-05-05 22:05:42+00:00,3.42,6867.357,489.22,0.001057,42.9043,231.0995,354.9747,-6.44,-0.00023,-0.02753,-0.7756,-0.8037,0.0281,63.8262,medium,3.572,True,da=-6.44km[medium] | di=-0.0275deg
STARLINK-31857,53deg,mixed,2026-05-06 02:32:42+00:00,2026-05-06 10:39:42+00:00,8.12,6861.318,483.18,0.000344,42.8766,309.4808,301.3586,6.4248,0.00085,0.02747,-1.8868,-1.9089,0.0222,61.9221,medium,3.569,True,da=+6.42km[medium] | di=+0.0275deg
STARLINK-35148,53deg,mixed,2026-05-05 18:15:42+00:00,2026-05-05 22:47:42+00:00,4.53,6843.099,464.96,0.000849,53.1482,182.919,228.0053,6.3965,0.00016,0.02515,-0.8946,-0.8807,-0.0139,-36.5775,medium,3.567,True,da=+6.40km[medium] | di=+0.0252deg
STARLINK-35036,53deg,mixed,2026-05-03 18:10:42+00:00,2026-05-04 09:59:42+00:00,15.82,6857.815,479.68,0.001481,53.1109,336.424,23.3413,-6.4151,-0.000458,-0.02698,-3.0546,-3.0642,0.0096,32.455,medium,3.566,True,da=-6.42km[medium] | di=-0.0270deg
STARLINK-30930,53deg,mixed,2026-05-05 21:56:42+00:00,2026-05-06 02:48:42+00:00,4.87,6835.096,456.96,0.001687,53.285,94.3169,275.9187,6.3824,-0.000967,0.02443,-0.965,-0.9463,-0.0187,40.6666,medium,3.565,True,da=+6.38km[medium] | di=+0.0244deg
STARLINK-35262,53deg,mixed,2026-05-04 10:04:42+00:00,2026-05-04 20:38:42+00:00,10.57,6856.581,478.44,0.000605,53.1462,189.5111,211.3341,-6.412,0.000292,-0.01564,-2.0845,-2.0464,-0.0381,-93.3305,medium,3.565,True,da=-6.41km[medium]
STARLINK-34019,mid-inc,mixed,2026-05-02 10:11:42+00:00,2026-05-02 18:18:42+00:00,8.12,6953.689,575.55,0.00111,69.9551,338.5644,24.293,-6.5375,-0.000174,-0.01201,-0.8511,-0.8553,0.0041,23.7014,medium,3.559,True,da=-6.54km[medium]
STARLINK-30923,53deg,raising,2026-05-02 10:43:42+00:00,2026-05-02 18:51:42+00:00,8.13,6841.706,463.57,0.001581,53.2802,111.0623,251.5283,6.3739,-0.000895,0.0239,-1.6136,-1.5763,-0.0373,70.6368,medium,3.555,True,da=+6.37km[medium] | di=+0.0239deg
STARLINK-34024,mid-inc,phasing,2026-05-02 10:09:42+00:00,2026-05-02 18:16:42+00:00,8.12,6949.707,571.57,0.000766,69.95,338.7496,219.3358,-6.5206,0.000929,-0.01256,-0.857,-0.8572,0.0002,23.6816,medium,3.553,True,da=-6.52km[medium]
STARLINK-36385,SSO,mixed,2026-05-03 01:52:42+00:00,2026-05-03 09:47:42+00:00,7.92,6844.881,466.74,0.000988,97.1666,234.7007,211.9611,-6.3747,0.000919,0.00025,0.3263,0.3208,0.0056,19.7414,medium,3.553,True,da=-6.37km[medium]
STARLINK-35321,53deg,mixed,2026-05-03 09:59:42+00:00,2026-05-03 18:15:42+00:00,8.27,6849.519,471.38,0.00084,53.1227,351.0766,114.9074,6.3713,-0.000233,0.01421,-1.5649,-1.6018,0.0369,98.5661,medium,3.548,True,da=+6.37km[medium]
STARLINK-37447,SSO,mixed,2026-05-04 09:35:42+00:00,2026-05-04 21:14:42+00:00,11.65,6719.821,341.68,0.000984,97.2071,329.6811,330.8203,6.1889,-0.000159,0.00116,0.5008,0.5047,-0.0039,-127.9015,medium,3.547,True,da=+6.19km[medium]
STARLINK-34729,53deg,mixed,2026-05-03 18:12:42+00:00,2026-05-04 10:04:42+00:00,15.87,6853.28,475.14,0.001231,53.0133,271.9674,134.0215,6.3682,7.5e-05,0.01722,-3.0564,-3.0763,0.0199,43.9494,medium,3.543,True,da=+6.37km[medium]
STARLINK-31750,53deg,mixed,2026-05-03 18:36:42+00:00,2026-05-04 10:49:42+00:00,16.22,6867.459,489.32,0.001089,43.099,32.2495,180.4483,-6.3856,-0.000708,-0.03572,-3.8332,-3.8027,-0.0305,120.1126,medium,3.542,True,da=-6.39km[medium] | di=-0.0357deg
STARLINK-35116,53deg,mixed,2026-05-06 02:07:42+00:00,2026-05-06 10:11:42+00:00,8.07,6847.674,469.54,0.001649,53.0845,338.3193,263.97,6.3582,-0.00098,0.01884,-1.5902,-1.5659,-0.0243,52.4587,medium,3.542,True,da=+6.36km[medium]
STARLINK-32430,53deg,phasing,2026-05-05 22:23:42+00:00,2026-05-06 02:31:42+00:00,4.13,6867.089,488.95,0.001277,42.8968,303.9136,14.2097,-6.3802,-0.000818,-0.03176,-0.9661,-0.9726,0.0064,-131.6985,medium,3.539,True,da=-6.38km[medium] | di=-0.0318deg
STARLINK-35321,53deg,mixed,2026-05-05 18:05:42+00:00,2026-05-05 22:56:42+00:00,4.85,6854.903,476.77,0.001363,53.1118,340.2499,38.6292,-6.3583,-0.000751,-0.02297,-0.946,-0.9409,-0.0051,33.8996,medium,3.537,True,da=-6.36km[medium] | di=-0.0230deg
STARLINK-31954,53deg,mixed,2026-05-05 18:45:42+00:00,2026-05-05 22:09:42+00:00,3.4,6854.408,476.27,0.001326,53.2714,131.7456,41.805,-6.357,-0.000835,-0.0194,-0.6916,-0.6573,-0.0343,60.9625,medium,3.536,True,da=-6.36km[medium]
STARLINK-32045,53deg,mixed,2026-05-03 18:41:42+00:00,2026-05-04 10:30:42+00:00,15.82,6855.657,477.52,0.00058,53.2589,140.9299,215.4947,-6.3592,0.000829,-0.01428,-3.0643,-3.0565,-0.0078,32.3549,medium,3.536,True,da=-6.36km[medium]
STARLINK-11237,53deg,mixed,2026-05-05 21:45:42+00:00,2026-05-06 02:57:42+00:00,5.2,6744.33,366.19,0.001058,53.2993,58.5797,348.6903,-6.2019,0.000188,-0.01897,-1.0787,-1.0632,-0.0156,145.1898,medium,3.535,True,da=-6.20km[medium]
STARLINK-37405,SSO,mixed,2026-05-03 01:32:42+00:00,2026-05-03 09:34:42+00:00,8.03,6698.182,320.05,0.002418,97.2053,328.2693,298.9242,6.1381,-0.001001,0.00144,0.3453,0.3519,-0.0067,103.5543,medium,3.535,True,da=+6.14km[medium] | de=-0.00100
STARLINK-35035,53deg,mixed,2026-05-05 10:09:42+00:00,2026-05-05 18:13:42+00:00,8.07,6853.946,475.81,0.000708,53.0808,328.6569,223.4503,-6.3528,0.000953,-0.02264,-1.5958,-1.5668,-0.0289,52.4928,medium,3.534,True,da=-6.35km[medium] | di=-0.0226deg
STARLINK-37028,53deg,mixed,2026-05-05 23:12:42+00:00,2026-05-06 01:43:42+00:00,2.52,6857.152,479.01,0.001129,53.2965,53.7752,188.7429,-6.3461,9.3e-05,-0.01965,-0.4683,-0.4856,0.0173,-141.9296,medium,3.528,True,da=-6.35km[medium]
STARLINK-36385,SSO,mixed,2026-05-06 01:56:42+00:00,2026-05-06 09:51:42+00:00,7.92,6843.15,465.01,0.001213,97.163,237.6598,217.6424,-6.3258,0.000972,0.00022,0.327,0.3209,0.0062,19.7078,medium,3.528,True,da=-6.33km[medium]
STARLINK-5529,mid-inc,phasing,2026-05-03 03:15:42+00:00,2026-05-03 11:09:42+00:00,7.9,6947.837,569.7,0.001042,69.9162,326.8212,225.9312,6.4682,-0.00064,0.00853,-0.8331,-0.8333,0.0002,-24.9445,medium,3.526,True,da=+6.47km[medium]
STARLINK-32182,53deg,mixed,2026-05-03 10:39:42+00:00,2026-05-03 18:43:42+00:00,8.07,6859.572,481.43,0.001184,53.2771,42.4752,354.2325,-6.342,4.3e-05,-0.02516,-1.533,-1.5553,0.0222,52.6201,medium,3.524,True,da=-6.34km[medium] | di=-0.0252deg
STARLINK-34688,53deg,mixed,2026-05-05 02:10:42+00:00,2026-05-05 10:06:42+00:00,7.93,6848.487,470.35,0.000764,53.2246,32.3524,66.9603,-6.3181,-0.000449,-0.00945,-1.5522,-1.5398,-0.0124,23.1858,medium,3.519,True,da=-6.32km[medium]
STARLINK-36832,SSO,mixed,2026-05-06 01:37:42+00:00,2026-05-06 09:45:42+00:00,8.13,6720.703,342.57,0.001407,97.2097,331.4096,40.4825,6.1417,0.000201,0.00174,0.3642,0.3524,0.0119,120.6413,medium,3.519,True,da=+6.14km[medium]
STARLINK-33946,mid-inc,mixed,2026-05-05 10:22:42+00:00,2026-05-05 18:29:42+00:00,8.12,6947.285,569.15,0.001095,69.9268,331.0612,311.9454,6.445,-0.000716,0.0089,-0.8517,-0.856,0.0043,23.6759,medium,3.514,True,da=+6.45km[medium]
STARLINK-36687,SSO,phasing,2026-05-03 01:53:42+00:00,2026-05-03 09:48:42+00:00,7.92,6837.627,459.49,0.002049,97.1696,234.7493,305.592,6.2874,-0.000955,-0.00723,0.3265,0.3209,0.0056,19.7335,medium,3.51,True,da=+6.29km[medium]
STARLINK-31773,53deg,phasing,2026-05-05 02:54:42+00:00,2026-05-05 10:36:42+00:00,7.7,6856.334,478.2,0.000593,53.2208,21.1905,328.625,-6.308,0.000681,-0.02356,-1.4867,-1.4889,0.0022,-31.5904,medium,3.507,True,da=-6.31km[medium] | di=-0.0236deg
STARLINK-32199,53deg,mixed,2026-05-06 02:34:42+00:00,2026-05-06 10:38:42+00:00,8.07,6853.466,475.33,0.000825,53.2319,30.0151,313.7849,6.3011,0.000611,0.01564,-1.5294,-1.556,0.0266,52.4781,medium,3.506,True,da=+6.30km[medium]
STARLINK-30938,53deg,lowering,2026-05-03 18:56:42+00:00,2026-05-04 10:46:42+00:00,15.83,6859.349,481.21,0.001449,53.3196,105.0294,11.4783,-6.3023,-0.000238,-0.02138,-3.0449,-3.0498,0.0049,36.2356,medium,3.502,True,da=-6.30km[medium] | di=-0.0214deg
STARLINK-35453,53deg,lowering,2026-05-05 22:56:42+00:00,2026-05-06 02:10:42+00:00,3.23,6847.829,469.69,0.000537,53.2382,28.2299,211.7945,-6.2778,0.000533,-0.01807,-0.6259,-0.6276,0.0018,24.0507,medium,3.497,True,da=-6.28km[medium]
STARLINK-34088,mid-inc,phasing,2026-05-05 22:39:42+00:00,2026-05-06 02:15:42+00:00,3.6,6951.217,573.08,0.001047,69.9303,329.9643,34.2568,-6.4165,-0.000242,-0.01153,-0.4054,-0.3802,-0.0252,88.9842,medium,3.495,True,da=-6.42km[medium]
STARLINK-37370,SSO,mixed,2026-05-05 09:42:42+00:00,2026-05-05 17:39:42+00:00,7.95,6713.966,335.83,0.002428,97.2149,330.7144,240.5251,6.0795,-0.000933,-0.00313,0.3598,0.3458,0.014,76.927,medium,3.489,True,da=+6.08km[medium]
STARLINK-30938,53deg,lowering,2026-05-05 22:00:42+00:00,2026-05-06 02:51:42+00:00,4.85,6854.79,476.65,0.000656,53.3056,95.1759,219.3476,-6.2716,0.000858,-0.01579,-0.947,-0.9366,-0.0104,33.788,medium,3.488,True,da=-6.27km[medium]
STARLINK-30283,53deg,phasing,2026-05-05 21:57:42+00:00,2026-05-06 02:48:42+00:00,4.85,6848.326,470.19,0.000588,53.0153,300.8867,105.8419,6.2627,0.000754,0.01803,-0.9513,-0.9427,-0.0086,33.9057,medium,3.488,True,da=+6.26km[medium]
STARLINK-34447,mid-inc,phasing,2026-05-06 02:03:42+00:00,2026-05-06 10:22:42+00:00,8.32,6947.648,569.51,0.000797,70.0265,169.3319,133.6489,6.3786,-0.000504,0.0144,-0.8492,-0.8726,0.0235,68.6827,medium,3.477,True,da=+6.38km[medium]
STARLINK-34085,mid-inc,mixed,2026-05-05 10:23:42+00:00,2026-05-05 18:30:42+00:00,8.12,6953.926,575.79,0.000379,69.9378,331.1994,203.2917,-6.3833,0.000656,-0.01018,-0.851,-0.8558,0.0048,23.6751,medium,3.475,True,da=-6.38km[medium]
STARLINK-33860,mid-inc,phasing,2026-05-04 10:14:42+00:00,2026-05-04 20:32:42+00:00,10.3,6947.598,569.46,0.001073,69.9334,333.568,312.9348,-6.3709,-0.000396,-0.01092,-1.0776,-1.0897,0.0122,154.3321,medium,3.473,True,da=-6.37km[medium]
STARLINK-32784,53deg,lowering,2026-05-05 10:31:42+00:00,2026-05-05 18:35:42+00:00,8.07,6819.91,441.77,0.000922,42.8767,311.6421,121.3886,6.1937,0.000159,0.02474,-1.9073,-1.938,0.0306,67.2368,medium,3.472,True,da=+6.19km[medium] | di=+0.0247deg
STARLINK-37023,53deg,lowering,2026-05-05 09:36:42+00:00,2026-05-05 17:44:42+00:00,8.13,6851.336,473.2,0.000964,53.0026,275.0123,124.2949,6.2295,-6e-05,0.0271,-1.543,-1.5788,0.0358,68.0536,medium,3.468,True,da=+6.23km[medium] | di=+0.0271deg
STARLINK-32769,53deg,lowering,2026-05-03 18:24:42+00:00,2026-05-04 10:35:42+00:00,16.18,6867.348,489.21,0.001044,42.9391,326.5729,188.7281,-6.2479,-0.000712,-0.03561,-3.8473,-3.8048,-0.0425,112.487,medium,3.466,True,da=-6.25km[medium] | di=-0.0356deg
STARLINK-37026,53deg,mixed,2026-05-04 21:02:42+00:00,2026-05-05 01:36:42+00:00,4.57,6854.263,476.13,0.001429,53.0226,277.3916,150.4952,-6.2247,-0.000535,-0.02029,-0.8868,-0.888,0.0012,-30.6991,medium,3.463,True,da=-6.22km[medium] | di=-0.0203deg
STARLINK-36702,SSO,mixed,2026-05-02 17:36:42+00:00,2026-05-03 01:51:42+00:00,8.25,6842.792,464.65,0.001284,97.1655,234.3015,321.5026,-6.1851,-0.000232,0.00513,0.3298,0.3347,-0.0049,96.422,medium,3.449,True,da=-6.19km[medium]
STARLINK-31750,53deg,mixed,2026-05-02 18:39:42+00:00,2026-05-03 02:46:42+00:00,8.12,6858.883,480.75,0.000474,43.071,37.8792,86.1526,6.2056,0.000716,0.0274,-1.9326,-1.9054,-0.0272,62.062,medium,3.449,True,da=+6.21km[medium] | di=+0.0274deg
STARLINK-30837,53deg,mixed,2026-05-04 10:51:42+00:00,2026-05-04 20:01:42+00:00,9.17,6864.85,486.71,0.000421,42.8829,239.2595,325.9963,-6.2098,0.000319,-0.02631,-2.1277,-2.1597,0.032,-57.0559,medium,3.446,True,da=-6.21km[medium] | di=-0.0263deg
STARLINK-36962,53deg,phasing,2026-05-05 09:34:42+00:00,2026-05-05 17:49:42+00:00,8.25,6829.101,450.96,0.000902,53.295,54.8563,344.3073,-6.1426,-0.000609,-0.03786,-1.6049,-1.6151,0.0102,106.1537,medium,3.436,True,da=-6.14km[medium] | di=-0.0379deg
STARLINK-5522,mid-inc,phasing,2026-05-03 11:04:42+00:00,2026-05-03 19:22:42+00:00,8.3,6954.536,576.4,0.001105,69.926,326.004,159.7379,-6.3131,-0.000195,-0.00947,-0.8511,-0.8753,0.0243,64.8724,medium,3.436,True,da=-6.31km[medium]
STARLINK-31903,53deg,mixed,2026-05-04 10:32:42+00:00,2026-05-04 20:10:42+00:00,9.63,6867.513,489.38,0.001195,42.9132,312.2914,6.5256,-6.1928,-0.000305,-0.03124,-2.2501,-2.2655,0.0154,49.9525,medium,3.435,True,da=-6.19km[medium] | di=-0.0312deg
STARLINK-5529,mid-inc,phasing,2026-05-05 11:11:42+00:00,2026-05-05 19:19:42+00:00,8.13,6955.687,577.55,0.000573,69.9161,320.9349,193.3799,-6.3119,0.000161,-0.00836,-0.8478,-0.8576,0.0098,27.4094,medium,3.435,True,da=-6.31km[medium]
STARLINK-35445,53deg,mixed,2026-05-03 09:57:42+00:00,2026-05-03 18:02:42+00:00,8.08,6853.295,475.16,0.000815,53.2518,39.8432,313.0144,6.1668,0.000585,0.0147,-1.5326,-1.5587,0.0261,56.3524,medium,3.431,True,da=+6.17km[medium]
STARLINK-36715,SSO,phasing,2026-05-05 01:39:42+00:00,2026-05-05 09:35:42+00:00,7.93,6842.498,464.36,0.001391,97.1645,236.5652,140.7364,6.1504,0.000101,-0.00654,0.3252,0.3206,0.0046,23.6339,medium,3.43,True,da=+6.15km[medium]
STARLINK-31852,53deg,mixed,2026-05-05 18:40:42+00:00,2026-05-05 22:06:42+00:00,3.43,6861.067,482.93,0.000833,42.8737,303.9507,122.4621,6.1678,0.000145,0.02552,-0.7712,-0.8077,0.0365,67.6582,medium,3.426,True,da=+6.17km[medium] | di=+0.0255deg
STARLINK-35462,53deg,mixed,2026-05-04 10:09:42+00:00,2026-05-04 20:56:42+00:00,10.78,6853.595,475.46,0.000775,53.2412,34.7642,314.2924,-6.1523,0.000918,-0.02288,-2.0644,-2.087,0.0226,-43.4655,medium,3.423,True,da=-6.15km[medium] | di=-0.0229deg
STARLINK-31561,53deg,mixed,2026-05-02 18:33:42+00:00,2026-05-03 02:50:42+00:00,8.28,6866.797,488.66,0.000893,42.9115,313.7897,196.8653,-6.163,-0.000452,-0.03369,-1.9913,-1.9488,-0.0425,100.199,medium,3.419,True,da=-6.16km[medium] | di=-0.0337deg
STARLINK-34817,53deg,mixed,2026-05-02 18:09:42+00:00,2026-05-03 02:06:42+00:00,7.95,6846.597,468.46,0.000582,53.0224,276.9922,210.6208,-6.1357,0.000617,-0.01995,-1.5497,-1.552,0.0023,29.7456,medium,3.419,True,da=-6.14km[medium]
STARLINK-34760,53deg,phasing,2026-05-05 18:17:42+00:00,2026-05-05 22:47:42+00:00,4.5,6847.428,469.29,0.000314,52.9931,262.5184,92.2933,6.1295,0.000928,0.01731,-0.8461,-0.8756,0.0295,-46.6395,medium,3.415,True,da=+6.13km[medium]
STARLINK-30923,53deg,raising,2026-05-05 10:49:42+00:00,2026-05-05 18:49:42+00:00,8.0,6840.376,462.24,0.001755,53.2849,97.0638,275.7222,6.1098,-0.000958,0.02297,-1.5692,-1.5515,-0.0177,40.1274,medium,3.409,True,da=+6.11km[medium] | di=+0.0230deg
STARLINK-5841,mid-inc,phasing,2026-05-03 19:22:42+00:00,2026-05-04 11:13:42+00:00,15.85,6939.816,561.68,0.002156,69.8664,305.1908,270.8227,6.2398,-0.000879,0.00364,-1.6542,-1.6829,0.0287,-38.6834,medium,3.407,True,da=+6.24km[medium]
STARLINK-31625,53deg,mixed,2026-05-03 18:40:42+00:00,2026-05-04 10:43:42+00:00,16.05,6860.465,482.33,0.000758,43.1388,83.1419,117.6377,6.127,4.3e-05,0.02249,-3.7228,-3.7608,0.038,81.9986,medium,3.404,True,da=+6.13km[medium] | di=+0.0225deg
STARLINK-11207,53deg,mixed,2026-05-04 19:47:42+00:00,2026-05-05 03:18:42+00:00,7.52,6739.892,361.76,0.000593,53.2921,63.9484,323.4039,-5.9653,0.00077,-0.01786,-1.5345,-1.5405,0.006,-29.0847,medium,3.403,True,da=-5.97km[medium]
STARLINK-34523,53deg,mixed,2026-05-05 22:45:42+00:00,2026-05-06 02:10:42+00:00,3.42,6823.155,445.02,0.001476,53.1034,209.4616,160.2805,-6.0731,-0.000545,-0.01729,-0.6337,-0.6737,0.0401,70.7148,medium,3.402,True,da=-6.07km[medium]
STARLINK-34008,mid-inc,phasing,2026-05-05 18:25:42+00:00,2026-05-05 22:34:42+00:00,4.15,6939.889,561.75,0.002204,69.9157,330.2646,275.7011,6.2283,-0.001343,0.00728,-0.4447,-0.4396,-0.0051,-147.4859,medium,3.401,True,da=+6.23km[medium] | de=-0.00134
STARLINK-37163,53deg,mixed,2026-05-03 17:46:42+00:00,2026-05-04 09:42:42+00:00,15.93,6815.269,437.13,0.001133,53.2823,63.7896,301.5175,6.0518,0.00033,0.01346,-3.0916,-3.1307,0.039,87.7679,medium,3.395,True,da=+6.05km[medium]
STARLINK-36385,SSO,mixed,2026-05-05 17:52:42+00:00,2026-05-05 23:15:42+00:00,5.38,6848.599,470.46,0.001543,97.1565,237.337,163.4175,-6.095,-0.000251,0.00529,0.2219,0.2175,0.0044,157.186,medium,3.395,True,da=-6.10km[medium]
STARLINK-31724,53deg,lowering,2026-05-02 18:30:42+00:00,2026-05-03 02:47:42+00:00,8.28,6860.586,482.45,0.000799,42.9931,1.9064,61.5735,6.1112,0.000491,0.02249,-1.9842,-1.9454,-0.0388,100.3912,medium,3.395,True,da=+6.11km[medium] | di=+0.0225deg
STARLINK-37156,53deg,mixed,2026-05-03 17:40:42+00:00,2026-05-04 09:38:42+00:00,15.97,6858.725,480.59,0.001466,53.3088,64.0478,163.0975,-6.0965,-0.000543,-0.02585,-3.049,-3.0773,0.0282,66.7989,medium,3.388,True,da=-6.10km[medium] | di=-0.0258deg
STARLINK-30794,53deg,phasing,2026-05-02 10:37:42+00:00,2026-05-02 18:45:42+00:00,8.13,6867.541,489.4,0.000985,42.8803,249.969,351.0447,-6.1058,-5.5e-05,-0.02499,-1.8764,-1.9136,0.0372,65.8042,medium,3.387,True,da=-6.11km[medium] | di=-0.0250deg
STARLINK-34574,mid-inc,phasing,2026-05-05 10:08:42+00:00,2026-05-05 18:15:42+00:00,8.12,6948.06,569.92,0.000808,70.0263,171.0625,134.8796,6.2107,0.000172,0.00963,-0.8498,-0.8516,0.0018,23.7154,medium,3.385,True,da=+6.21km[medium]
STARLINK-31101,53deg,phasing,2026-05-04 19:58:42+00:00,2026-05-05 02:50:42+00:00,6.87,6859.385,481.25,0.000607,42.8401,262.2796,254.0351,6.0861,0.00062,0.0286,-1.6119,-1.6176,0.0057,135.1796,medium,3.382,True,da=+6.09km[medium] | di=+0.0286deg
STARLINK-30952,53deg,phasing,2026-05-02 10:44:42+00:00,2026-05-02 18:48:42+00:00,8.07,6858.881,480.74,0.000531,43.1204,108.6738,96.3898,6.0768,0.000665,0.03275,-1.9147,-1.8921,-0.0225,50.5741,medium,3.377,True,da=+6.08km[medium] | di=+0.0327deg
STARLINK-31773,53deg,phasing,2026-05-04 20:15:42+00:00,2026-05-05 02:54:42+00:00,6.65,6850.274,472.14,0.001221,53.2034,22.5153,241.5275,6.0609,-0.000629,0.01739,-1.3248,-1.2857,-0.0391,87.0975,medium,3.375,True,da=+6.06km[medium]
STARLINK-36773,SSO,phasing,2026-05-05 17:48:42+00:00,2026-05-05 23:12:42+00:00,5.4,6837.496,459.36,0.002113,97.1799,313.6977,234.9039,6.045,-0.000617,-0.00625,0.2204,0.2192,0.0012,161.0769,medium,3.375,True,da=+6.05km[medium]
STARLINK-37066,53deg,mixed,2026-05-03 01:39:42+00:00,2026-05-03 09:40:42+00:00,8.02,6791.864,413.73,0.00155,52.9985,285.1357,254.1674,5.9802,-0.000891,0.01686,-1.6382,-1.6048,-0.0334,64.0157,medium,3.373,True,da=+5.98km[medium]
STARLINK-31696,53deg,mixed,2026-05-04 20:06:42+00:00,2026-05-05 02:51:42+00:00,6.75,6854.862,476.73,0.001353,53.2122,20.5005,140.2447,-6.062,0.000124,-0.02019,-1.2633,-1.3063,0.043,110.1371,medium,3.372,True,da=-6.06km[medium] | di=-0.0202deg
STARLINK-34019,mid-inc,mixed,2026-05-04 10:19:42+00:00,2026-05-04 20:36:42+00:00,10.28,6949.866,571.73,0.000995,69.9368,333.5084,39.1795,6.1815,-0.000258,0.00701,-1.089,-1.0826,-0.0064,150.6544,medium,3.368,True,da=+6.18km[medium]
STARLINK-32190,53deg,mixed,2026-05-02 10:22:42+00:00,2026-05-02 18:38:42+00:00,8.27,6851.354,473.22,0.00109,53.2596,47.0754,235.6451,6.0501,-0.000433,0.01433,-1.641,-1.5954,-0.0456,98.3637,medium,3.368,True,da=+6.05km[medium]
STARLINK-5529,mid-inc,phasing,2026-05-03 11:09:42+00:00,2026-05-03 19:16:42+00:00,8.12,6954.305,576.17,0.000402,69.9248,325.9881,200.9867,-6.1828,0.00052,-0.00852,-0.8496,-0.8561,0.0064,23.7085,medium,3.365,True,da=-6.18km[medium]
STARLINK-36708,SSO,phasing,2026-05-03 01:53:42+00:00,2026-05-03 09:48:42+00:00,7.92,6840.228,462.09,0.001649,97.1699,233.8363,313.7285,6.026,-0.000783,-0.00704,0.3255,0.3205,0.005,19.7489,medium,3.363,True,da=+6.03km[medium]
STARLINK-11237,53deg,mixed,2026-05-02 10:55:42+00:00,2026-05-02 19:07:42+00:00,8.2,6732.053,353.92,0.001709,53.2778,75.5731,273.8881,5.8728,-0.000477,0.0193,-1.6527,-1.6821,0.0294,131.7711,medium,3.356,True,da=+5.87km[medium]
STARLINK-11237,53deg,mixed,2026-05-02 19:07:42+00:00,2026-05-03 02:59:42+00:00,7.87,6737.926,359.79,0.001232,53.2971,73.9204,45.6592,-5.8776,-0.000881,-0.01734,-1.6472,-1.6137,-0.0335,53.4335,medium,3.355,True,da=-5.88km[medium]
STARLINK-31859,53deg,mixed,2026-05-05 10:34:42+00:00,2026-05-05 18:41:42+00:00,8.12,6858.796,480.66,0.000477,42.8645,306.7083,84.5859,6.0374,0.000714,0.02561,-1.9462,-1.912,-0.0342,62.105,medium,3.355,True,da=+6.04km[medium] | di=+0.0256deg
STARLINK-34546,mid-inc,mixed,2026-05-05 22:48:42+00:00,2026-05-06 02:06:42+00:00,3.3,6945.045,566.91,0.001306,70.0253,169.5097,304.2916,6.1499,-0.000845,0.00635,-0.3471,-0.3468,-0.0003,21.4413,medium,3.354,True,da=+6.15km[medium]
STARLINK-31851,53deg,mixed,2026-05-04 20:12:42+00:00,2026-05-05 02:40:42+00:00,6.47,6859.172,481.03,0.000576,42.8827,316.8374,104.8623,6.0334,0.000629,0.02105,-1.5354,-1.5226,-0.0128,43.5465,medium,3.353,True,da=+6.03km[medium] | di=+0.0210deg
STARLINK-35290,53deg,phasing,2026-05-05 18:07:42+00:00,2026-05-05 22:57:42+00:00,4.83,6851.117,472.98,0.001126,53.1421,182.6885,302.5467,6.0164,-0.000476,0.02522,-0.932,-0.9353,0.0033,29.9601,medium,3.349,True,da=+6.02km[medium] | di=+0.0252deg
STARLINK-37133,53deg,mixed,2026-05-03 17:42:42+00:00,2026-05-04 09:32:42+00:00,15.83,6854.02,475.88,0.000698,53.2929,63.9709,223.0622,-6.0156,0.000944,-0.02477,-3.0753,-3.0599,-0.0154,36.1753,medium,3.347,True,da=-6.02km[medium] | di=-0.0248deg
STARLINK-34490,53deg,mixed,2026-05-04 10:19:42+00:00,2026-05-04 19:57:42+00:00,9.63,6853.698,475.56,0.001249,53.0705,217.319,44.5633,-6.0165,-0.000885,-0.01824,-1.8936,-1.8716,-0.022,52.4809,medium,3.347,True,da=-6.02km[medium]
STARLINK-34572,mid-inc,mixed,2026-05-03 02:19:42+00:00,2026-05-03 10:14:42+00:00,7.92,6944.129,565.99,0.001492,70.002,176.902,239.6453,6.1337,-0.00092,0.01436,-0.8296,-0.8332,0.0035,-21.2487,medium,3.346,True,da=+6.13km[medium]
STARLINK-37036,53deg,mixed,2026-05-02 09:45:42+00:00,2026-05-02 17:37:42+00:00,7.87,6799.363,421.23,0.000515,53.0239,288.2043,214.4364,-5.9353,0.000713,-0.01755,-1.5743,-1.5732,-0.0011,29.1984,medium,3.342,True,da=-5.94km[medium]
STARLINK-31906,53deg,mixed,2026-05-05 22:08:42+00:00,2026-05-06 02:37:42+00:00,4.48,6867.426,489.29,0.001226,42.911,311.0179,173.9619,-6.0191,-0.00034,-0.03194,-1.0778,-1.0544,-0.0234,-51.4993,medium,3.339,True,da=-6.02km[medium] | di=-0.0319deg
STARLINK-34079,mid-inc,mixed,2026-05-06 02:22:42+00:00,2026-05-06 10:17:42+00:00,7.92,6943.757,565.62,0.000779,69.9159,329.2693,60.3744,6.1154,0.000189,0.00927,-0.8293,-0.8369,0.0075,-21.2624,medium,3.336,True,da=+6.12km[medium]
STARLINK-31422,53deg,lowering,2026-05-05 18:43:42+00:00,2026-05-05 22:09:42+00:00,3.43,6864.911,486.77,0.000449,42.8805,297.5947,212.8064,-6.0117,0.000217,-0.02736,-0.8456,-0.8089,-0.0367,67.5987,medium,3.336,True,da=-6.01km[medium] | di=-0.0274deg
STARLINK-32035,53deg,mixed,2026-05-04 20:14:42+00:00,2026-05-05 02:38:42+00:00,6.4,6855.073,476.94,0.001364,53.2681,135.8422,38.6525,-5.987,-0.000636,-0.01901,-1.2489,-1.2368,-0.0121,29.8474,medium,3.33,True,da=-5.99km[medium]
STARLINK-35262,53deg,mixed,2026-05-03 09:53:42+00:00,2026-05-03 18:08:42+00:00,8.25,6850.935,472.8,0.001041,53.118,194.1934,57.1967,5.9762,0.000463,0.01919,-1.6374,-1.5977,-0.0397,94.9134,medium,3.327,True,da=+5.98km[medium]
STARLINK-30838,53deg,mixed,2026-05-05 02:48:42+00:00,2026-05-05 10:51:42+00:00,8.05,6858.783,480.65,0.000678,42.8633,234.9367,279.7191,5.9841,-0.000291,0.02761,-1.9205,-1.8963,-0.0242,46.7556,medium,3.326,True,da=+5.98km[medium] | di=+0.0276deg
STARLINK-31724,53deg,lowering,2026-05-03 18:35:42+00:00,2026-05-04 10:47:42+00:00,16.2,6867.368,489.23,0.001057,43.0089,356.2217,186.5952,-5.9947,-0.000717,-0.03454,-3.8417,-3.8041,-0.0376,116.3253,medium,3.325,True,da=-5.99km[medium] | di=-0.0345deg
STARLINK-31622,53deg,mixed,2026-05-06 02:29:42+00:00,2026-05-06 10:35:42+00:00,8.1,6858.709,480.57,0.000706,43.1198,70.2095,265.7396,5.9694,-0.000321,0.0218,-1.9319,-1.9003,-0.0316,58.1415,medium,3.317,True,da=+5.97km[medium] | di=+0.0218deg
STARLINK-31780,53deg,lowering,2026-05-02 10:28:42+00:00,2026-05-02 18:34:42+00:00,8.1,6859.158,481.02,0.00146,53.2545,31.7727,166.1899,-5.9671,-0.000638,-0.02365,-1.5337,-1.5627,0.029,60.1886,medium,3.316,True,da=-5.97km[medium] | di=-0.0236deg
STARLINK-6075,53deg,raising,2026-05-04 19:46:42+00:00,2026-05-05 03:19:42+00:00,7.55,6865.032,486.9,0.001201,42.9496,203.9271,147.361,-5.9677,-0.000667,-0.02094,-1.742,-1.7765,0.0346,-68.076,medium,3.312,True,da=-5.97km[medium] | di=-0.0209deg
STARLINK-32664,53deg,phasing,2026-05-06 02:22:42+00:00,2026-05-06 10:36:42+00:00,8.23,6804.207,426.07,0.001173,42.8591,299.8616,57.9921,5.8746,-0.000461,0.02608,-2.0387,-1.9947,-0.044,112.4099,medium,3.304,True,da=+5.87km[medium] | di=+0.0261deg
STARLINK-30295,53deg,mixed,2026-05-06 02:46:42+00:00,2026-05-06 10:51:42+00:00,8.08,6847.723,469.59,0.0004,53.0115,300.0566,79.6409,5.9266,0.00088,0.01633,-1.6018,-1.572,-0.0299,56.5939,medium,3.302,True,da=+5.93km[medium]
STARLINK-11204,53deg,phasing,2026-05-03 03:02:42+00:00,2026-05-03 11:05:42+00:00,8.05,6741.729,363.59,0.001487,53.3105,72.4629,27.5397,-5.7879,-0.000463,-0.02289,-1.6926,-1.6476,-0.0451,96.7109,medium,3.301,True,da=-5.79km[medium] | di=-0.0229deg
STARLINK-36768,SSO,mixed,2026-05-02 09:45:42+00:00,2026-05-02 17:40:42+00:00,7.92,6840.831,462.69,0.001567,97.1696,310.4226,224.1563,-5.9161,0.000934,0.00564,0.3279,0.3216,0.0063,19.7257,medium,3.301,True,da=-5.92km[medium]
STARLINK-34528,53deg,mixed,2026-05-05 22:52:42+00:00,2026-05-06 02:06:42+00:00,3.23,6821.675,443.54,0.000616,53.0997,209.4309,208.2717,-5.8896,0.000457,-0.01701,-0.6349,-0.6381,0.0032,28.3256,medium,3.3,True,da=-5.89km[medium]
STARLINK-35302,53deg,mixed,2026-05-05 10:02:42+00:00,2026-05-05 18:00:42+00:00,7.97,6857.554,479.42,0.000666,53.1609,184.373,205.5799,-5.9309,0.000407,-0.0173,-1.5374,-1.5414,0.004,29.5679,medium,3.297,True,da=-5.93km[medium]
STARLINK-33946,mid-inc,mixed,2026-05-03 02:20:42+00:00,2026-05-03 10:15:42+00:00,7.92,6950.255,572.12,0.000701,69.943,336.9503,322.0517,-6.0503,0.000852,-0.00868,-0.8297,-0.836,0.0063,-21.2166,medium,3.296,True,da=-6.05km[medium]
STARLINK-36773,SSO,phasing,2026-05-03 01:51:42+00:00,2026-05-03 09:46:42+00:00,7.92,6834.624,456.49,0.002503,97.1724,311.0795,294.7875,5.8966,-0.000881,-0.00018,0.327,0.3217,0.0053,19.7486,medium,3.294,True,da=+5.90km[medium]
STARLINK-37037,53deg,phasing,2026-05-04 21:10:42+00:00,2026-05-05 01:40:42+00:00,4.5,6834.988,456.85,0.001686,52.9941,277.1985,270.1588,5.8878,-0.000862,0.01761,-0.8541,-0.8812,0.027,-43.6505,medium,3.289,True,da=+5.89km[medium]
STARLINK-31555,53deg,mixed,2026-05-05 18:47:42+00:00,2026-05-05 22:13:42+00:00,3.43,6867.314,489.18,0.000962,42.8902,297.2506,348.2841,-5.9114,-1.1e-05,-0.02807,-0.7701,-0.8077,0.0377,67.648,medium,3.279,True,da=-5.91km[medium] | di=-0.0281deg
STARLINK-31593,53deg,phasing,2026-05-05 01:49:42+00:00,2026-05-05 10:44:42+00:00,8.92,6858.933,480.8,0.000667,42.8545,300.7861,261.2065,5.8921,0.000441,0.0259,-2.1411,-2.1007,-0.0404,-114.3844,medium,3.274,True,da=+5.89km[medium] | di=+0.0259deg
STARLINK-32013,53deg,lowering,2026-05-05 02:32:42+00:00,2026-05-05 10:30:42+00:00,7.97,6849.544,471.41,0.001409,53.2495,134.7979,295.081,5.874,-0.000733,0.0237,-1.5413,-1.5392,-0.0021,29.6136,medium,3.271,True,da=+5.87km[medium] | di=+0.0237deg
STARLINK-30837,53deg,mixed,2026-05-04 20:01:42+00:00,2026-05-05 02:51:42+00:00,6.83,6858.64,480.5,0.00074,42.8566,237.1318,268.9403,5.8855,0.000441,0.032,-1.5854,-1.61,0.0246,127.5339,medium,3.271,True,da=+5.89km[medium] | di=+0.0320deg
STARLINK-34490,53deg,mixed,2026-05-05 18:17:42+00:00,2026-05-05 22:46:42+00:00,4.48,6859.601,481.46,0.00113,53.0992,211.1091,186.2073,-5.8831,0.000103,-0.01422,-0.8968,-0.8678,-0.029,-50.3821,medium,3.269,True,da=-5.88km[medium]
STARLINK-6095,53deg,mixed,2026-05-02 19:03:42+00:00,2026-05-03 03:07:42+00:00,8.07,6864.538,486.4,0.000353,42.9221,215.2563,216.322,-5.8874,0.000352,-0.01889,-1.9273,-1.8993,-0.0279,50.5045,medium,3.268,True,da=-5.89km[medium]
STARLINK-35035,53deg,mixed,2026-05-05 18:13:42+00:00,2026-05-05 22:42:42+00:00,4.48,6847.594,469.46,0.001661,53.0582,327.0611,275.9431,5.8645,-0.000876,0.01605,-0.8378,-0.871,0.0332,-50.2938,medium,3.267,True,da=+5.86km[medium]
STARLINK-34046,mid-inc,mixed,2026-05-03 02:17:42+00:00,2026-05-03 10:11:42+00:00,7.9,6946.952,568.82,0.000889,69.9386,337.0329,130.905,-5.989,-0.00015,-0.00778,-0.8228,-0.8357,0.013,-25.0134,medium,3.265,True,da=-5.99km[medium]
STARLINK-5526,mid-inc,phasing,2026-05-03 03:10:42+00:00,2026-05-03 11:05:42+00:00,7.92,6946.706,568.57,0.001134,69.9144,326.8048,229.72,5.9892,-0.000809,0.00768,-0.8323,-0.8357,0.0034,-21.2193,medium,3.265,True,da=+5.99km[medium]
STARLINK-32199,53deg,mixed,2026-05-05 22:26:42+00:00,2026-05-06 02:34:42+00:00,4.13,6847.609,469.47,0.000355,53.2166,30.8402,84.6222,5.8571,0.000471,0.01534,-0.825,-0.8,-0.025,-130.8373,medium,3.263,True,da=+5.86km[medium]
STARLINK-11207,53deg,mixed,2026-05-05 19:02:42+00:00,2026-05-05 21:53:42+00:00,2.85,6738.798,360.66,0.001321,53.2829,59.2304,40.9775,5.7184,-0.000164,0.01773,-0.6177,-0.5825,-0.0352,-48.6001,medium,3.263,True,da=+5.72km[medium]
STARLINK-34909,SSO,mixed,2026-05-02 09:54:42+00:00,2026-05-02 18:11:42+00:00,8.28,6924.586,546.45,0.001293,97.5287,354.0871,45.2088,-5.9529,-0.000303,-0.00017,0.3482,0.3384,0.0098,69.7384,medium,3.261,True,da=-5.95km[medium]
STARLINK-31555,53deg,mixed,2026-05-05 02:45:42+00:00,2026-05-05 10:50:42+00:00,8.08,6858.721,480.58,0.000741,42.8548,301.0439,270.1723,5.8668,-0.000342,0.02386,-1.9374,-1.9046,-0.0328,54.3398,medium,3.26,True,da=+5.87km[medium] | di=+0.0239deg
STARLINK-34008,mid-inc,phasing,2026-05-05 22:34:42+00:00,2026-05-06 02:22:42+00:00,3.8,6946.117,567.98,0.000861,69.923,329.8199,128.2152,-5.9776,0.001329,-0.01273,-0.3852,-0.4025,0.0173,133.7674,medium,3.26,True,da=-5.98km[medium] | de=+0.00133
STARLINK-30813,53deg,mixed,2026-05-02 10:35:42+00:00,2026-05-02 18:53:42+00:00,8.3,6859.523,481.39,0.000609,42.844,250.1251,286.8259,5.8584,0.000636,0.02876,-1.9102,-1.9552,0.0449,103.9769,medium,3.255,True,da=+5.86km[medium] | di=+0.0288deg
STARLINK-37471,SSO,phasing,2026-05-05 09:41:42+00:00,2026-05-05 17:40:42+00:00,7.98,6721.074,342.94,0.00131,97.2112,330.7051,218.6349,-5.6824,0.000907,0.0034,0.3615,0.347,0.0145,84.7897,medium,3.255,True,da=-5.68km[medium]
STARLINK-36739,SSO,mixed,2026-05-02 09:42:42+00:00,2026-05-02 17:37:42+00:00,7.92,6841.503,463.37,0.001497,97.1704,310.4778,317.4272,5.8283,-0.000624,-0.00166,0.3248,0.3204,0.0044,19.7307,medium,3.251,True,da=+5.83km[medium]
STARLINK-30864,53deg,mixed,2026-05-05 02:52:42+00:00,2026-05-05 10:54:42+00:00,8.03,6866.683,488.55,0.001263,42.9334,326.4122,17.9102,-5.8571,-0.000475,-0.02748,-1.8875,-1.8892,0.0017,42.9242,medium,3.249,True,da=-5.86km[medium] | di=-0.0275deg
STARLINK-32018,53deg,mixed,2026-05-04 10:35:42+00:00,2026-05-04 20:08:42+00:00,9.55,6848.301,470.16,0.001563,53.2416,137.7859,284.3767,5.8306,-0.000884,0.02307,-1.8567,-1.8466,-0.0101,33.1693,medium,3.248,True,da=+5.83km[medium] | di=+0.0231deg
STARLINK-35301,53deg,mixed,2026-05-05 18:08:42+00:00,2026-05-05 22:59:42+00:00,4.85,6848.13,469.99,0.001579,53.133,182.7426,283.1451,5.8304,-0.000882,0.02443,-0.9506,-0.9403,-0.0103,33.7939,medium,3.248,True,da=+5.83km[medium] | di=+0.0244deg
STARLINK-32430,53deg,phasing,2026-05-03 10:27:42+00:00,2026-05-03 18:34:42+00:00,8.12,6861.613,483.48,0.000259,42.8969,318.0024,305.1454,5.8416,0.000926,0.02299,-1.8793,-1.9084,0.0291,61.9725,medium,3.244,True,da=+5.84km[medium] | di=+0.0230deg
STARLINK-36715,SSO,phasing,2026-05-03 01:52:42+00:00,2026-05-03 09:47:42+00:00,7.92,6841.235,463.1,0.001453,97.168,234.6037,316.7421,5.8083,-0.000643,-0.00707,0.3252,0.3203,0.005,19.7472,medium,3.24,True,da=+5.81km[medium]
STARLINK-37473,SSO,phasing,2026-05-05 01:42:42+00:00,2026-05-05 09:41:42+00:00,7.98,6722.697,344.56,0.001546,97.2052,330.3726,145.5825,-5.6496,0.000407,0.00819,0.3379,0.3465,-0.0086,85.0272,medium,3.235,True,da=-5.65km[medium]
STARLINK-36687,SSO,phasing,2026-05-05 01:42:42+00:00,2026-05-05 09:37:42+00:00,7.92,6841.33,463.19,0.001356,97.1648,236.7124,137.2213,5.7905,0.000214,-0.00647,0.3255,0.3201,0.0054,19.8103,medium,3.23,True,da=+5.79km[medium]
STARLINK-11205,53deg,mixed,2026-05-05 21:48:42+00:00,2026-05-06 02:59:42+00:00,5.18,6737.62,359.48,0.001195,53.0532,223.9776,131.9881,-5.6546,0.000485,-0.01378,-1.0424,-1.0694,0.027,141.0233,medium,3.228,True,da=-5.65km[medium]
STARLINK-31416,53deg,mixed,2026-05-03 18:50:42+00:00,2026-05-04 10:49:42+00:00,15.98,6867.282,489.14,0.001228,42.9058,308.5089,169.583,-5.8193,-0.000975,-0.03394,-3.7331,-3.7595,0.0264,66.6388,medium,3.228,True,da=-5.82km[medium] | di=-0.0339deg
STARLINK-34493,53deg,phasing,2026-05-03 18:14:42+00:00,2026-05-04 10:22:42+00:00,16.13,6849.317,471.18,0.000787,53.0499,220.7914,113.3014,5.7934,-0.000152,0.02625,-3.0879,-3.1318,0.0439,105.158,medium,3.226,True,da=+5.79km[medium] | di=+0.0263deg
STARLINK-31501,53deg,mixed,2026-05-06 02:32:42+00:00,2026-05-06 10:37:42+00:00,8.08,6858.829,480.69,0.000714,42.8487,295.5758,269.6217,5.7994,-0.000317,0.02334,-1.9385,-1.9048,-0.0337,54.2953,medium,3.223,True,da=+5.80km[medium] | di=+0.0233deg
STARLINK-33946,mid-inc,mixed,2026-05-06 02:25:42+00:00,2026-05-06 10:20:42+00:00,7.92,6949.161,571.02,0.000844,69.9231,329.3722,318.1543,-5.9103,0.000844,-0.00801,-0.828,-0.8372,0.0092,-21.2165,medium,3.221,True,da=-5.91km[medium]
STARLINK-11207,53deg,mixed,2026-05-05 21:53:42+00:00,2026-05-06 03:05:42+00:00,5.2,6744.516,366.38,0.001157,53.3006,58.6127,352.3774,-5.6504,0.000151,-0.01744,-1.0816,-1.0629,-0.0187,145.218,medium,3.22,True,da=-5.65km[medium]
STARLINK-32191,53deg,phasing,2026-05-05 18:41:42+00:00,2026-05-05 22:28:42+00:00,3.78,6858.042,479.91,0.000748,53.2474,31.4745,338.2635,-5.7933,0.000371,-0.01797,-0.7374,-0.7303,-0.0071,149.014,medium,3.22,True,da=-5.79km[medium]
STARLINK-32660,53deg,mixed,2026-05-03 10:33:42+00:00,2026-05-03 18:40:42+00:00,8.12,6867.425,489.29,0.001188,42.903,307.0705,172.4926,-5.8045,-0.000928,-0.02896,-1.8791,-1.909,0.0299,61.9873,medium,3.22,True,da=-5.80km[medium] | di=-0.0290deg
STARLINK-36811,SSO,phasing,2026-05-04 21:07:42+00:00,2026-05-05 01:37:42+00:00,4.5,6849.623,471.49,0.001535,97.1715,312.9412,10.2682,-5.7765,-0.000396,0.00016,0.1898,0.182,0.0078,-45.594,medium,3.217,True,da=-5.78km[medium]
STARLINK-30835,53deg,mixed,2026-05-04 10:51:42+00:00,2026-05-04 20:03:42+00:00,9.2,6864.443,486.31,0.001168,42.881,238.8605,142.9634,-5.7962,-0.00066,-0.02421,-2.1392,-2.1678,0.0286,-49.5174,medium,3.217,True,da=-5.80km[medium] | di=-0.0242deg
STARLINK-31859,53deg,mixed,2026-05-04 20:13:42+00:00,2026-05-05 02:41:42+00:00,6.47,6864.998,486.86,0.001199,42.8982,310.1151,32.5332,-5.796,-0.00063,-0.03026,-1.5375,-1.523,-0.0145,43.547,medium,3.217,True,da=-5.80km[medium] | di=-0.0303deg
STARLINK-30835,53deg,mixed,2026-05-04 20:03:42+00:00,2026-05-05 02:52:42+00:00,6.82,6858.646,480.51,0.000507,42.8568,236.7213,93.446,5.7728,-0.000201,0.03191,-1.5767,-1.6061,0.0294,123.7953,medium,3.208,True,da=+5.77km[medium] | di=+0.0319deg
STARLINK-37405,SSO,mixed,2026-05-02 17:37:42+00:00,2026-05-03 01:32:42+00:00,7.92,6703.757,325.62,0.001577,97.2054,327.913,223.1615,-5.5744,0.000841,-0.00017,0.3563,0.3468,0.0095,75.7627,medium,3.206,True,da=-5.57km[medium]
STARLINK-32767,53deg,mixed,2026-05-04 10:27:42+00:00,2026-05-04 20:17:42+00:00,9.83,6859.866,481.73,0.000504,42.8979,322.715,291.8042,5.7619,0.000712,0.02083,-2.2728,-2.3141,0.0413,95.7793,medium,3.201,True,da=+5.76km[medium] | di=+0.0208deg
STARLINK-37473,SSO,phasing,2026-05-04 21:14:42+00:00,2026-05-05 01:42:42+00:00,4.47,6728.29,350.15,0.001508,97.2066,330.1745,170.9473,-5.593,3.8e-05,-0.00141,0.1981,0.1932,0.0049,-25.3648,medium,3.199,True,da=-5.59km[medium]
STARLINK-35323,53deg,mixed,2026-05-05 18:06:42+00:00,2026-05-05 22:56:42+00:00,4.83,6852.671,474.53,0.000907,53.1034,339.6692,310.056,5.7493,-0.0001,0.01554,-0.9251,-0.9356,0.0105,29.9685,medium,3.199,True,da=+5.75km[medium]
STARLINK-37163,53deg,mixed,2026-05-06 01:41:42+00:00,2026-05-06 09:36:42+00:00,7.92,6812.812,434.67,0.001582,53.259,52.7976,283.6732,5.6962,-0.000846,0.01298,-1.5699,-1.5585,-0.0114,32.2359,medium,3.198,True,da=+5.70km[medium]
STARLINK-11251,53deg,phasing,2026-05-05 21:51:42+00:00,2026-05-06 03:03:42+00:00,5.2,6732.429,354.29,0.001691,53.2624,58.8053,261.4389,5.5957,-0.000462,0.01793,-1.0466,-1.067,0.0203,144.9092,medium,3.198,True,da=+5.60km[medium]
STARLINK-32192,53deg,mixed,2026-05-02 10:27:42+00:00,2026-05-02 18:39:42+00:00,8.2,6855.856,477.72,0.001414,53.272,46.7901,34.2203,-5.7358,-0.000561,-0.02283,-1.6291,-1.5839,-0.0453,83.3605,medium,3.19,True,da=-5.74km[medium] | di=-0.0228deg
STARLINK-34782,53deg,phasing,2026-05-04 10:03:42+00:00,2026-05-04 20:49:42+00:00,10.77,6853.288,475.15,0.00081,53.0071,268.6197,313.5472,-5.7278,0.000865,-0.0159,-2.0572,-2.0951,0.0378,-47.2818,medium,3.187,True,da=-5.73km[medium]
STARLINK-31580,53deg,mixed,2026-05-04 10:47:42+00:00,2026-05-04 19:56:42+00:00,9.15,6859.267,481.13,0.00097,53.2368,24.4087,192.5884,-5.7353,0.00027,-0.02421,-1.8082,-1.7658,-0.0424,-58.6568,medium,3.187,True,da=-5.74km[medium] | di=-0.0242deg
STARLINK-34518,53deg,mixed,2026-05-03 10:08:42+00:00,2026-05-03 18:10:42+00:00,8.03,6847.504,469.37,0.001681,53.0409,221.9478,268.2313,5.7163,-0.000862,0.01979,-1.5792,-1.5614,-0.0179,44.8439,medium,3.185,True,da=+5.72km[medium]
STARLINK-30837,53deg,mixed,2026-05-03 18:51:42+00:00,2026-05-04 10:51:42+00:00,16.0,6859.118,480.98,0.000647,42.8534,243.0806,255.5677,5.732,-0.000226,0.0295,-3.8211,-3.7693,-0.0519,70.4286,medium,3.185,True,da=+5.73km[medium] | di=+0.0295deg
STARLINK-31561,53deg,mixed,2026-05-03 18:43:42+00:00,2026-05-04 10:45:42+00:00,16.03,6866.812,488.67,0.00078,42.902,308.0574,340.7654,-5.7292,2.7e-05,-0.03195,-3.7383,-3.7722,0.034,78.1501,medium,3.178,True,da=-5.73km[medium] | di=-0.0319deg
STARLINK-32769,53deg,lowering,2026-05-04 10:35:42+00:00,2026-05-04 20:20:42+00:00,9.75,6861.101,482.96,0.000332,42.9035,322.7256,301.2151,5.7044,0.000936,0.02058,-2.2541,-2.2929,0.0388,76.6452,medium,3.169,True,da=+5.70km[medium] | di=+0.0206deg
STARLINK-36795,SSO,mixed,2026-05-06 01:44:42+00:00,2026-05-06 09:39:42+00:00,7.92,6841.852,463.71,0.00142,97.1745,314.0561,318.2936,5.6806,-0.000524,0.00076,0.3244,0.3206,0.0038,19.7468,medium,3.169,True,da=+5.68km[medium]
STARLINK-37051,53deg,raising,2026-05-05 23:12:42+00:00,2026-05-06 01:39:42+00:00,2.45,6831.807,453.67,0.001532,52.995,270.373,286.6404,5.6691,-0.000332,0.01531,-0.4894,-0.4806,-0.0088,-155.2496,medium,3.169,True,da=+5.67km[medium]
STARLINK-34493,53deg,phasing,2026-05-02 18:06:42+00:00,2026-05-03 02:19:42+00:00,8.22,6856.734,478.6,0.00064,53.0657,225.4656,330.7434,-5.6991,0.000345,-0.01373,-1.5489,-1.5938,0.0449,87.0398,medium,3.169,True,da=-5.70km[medium]
STARLINK-30201,53deg,mixed,2026-05-05 10:58:42+00:00,2026-05-05 19:04:42+00:00,8.1,6861.763,483.63,0.000919,42.8497,262.3723,125.896,5.7037,0.000168,0.02936,-1.8733,-1.9058,0.0325,58.2372,medium,3.168,True,da=+5.70km[medium] | di=+0.0294deg
STARLINK-35035,53deg,mixed,2026-05-05 02:06:42+00:00,2026-05-05 10:09:42+00:00,8.05,6859.647,481.51,0.001357,53.0993,330.1863,174.7528,-5.7005,-0.00065,-0.01852,-1.5295,-1.558,0.0286,48.6974,medium,3.167,True,da=-5.70km[medium]
STARLINK-34548,mid-inc,mixed,2026-05-03 10:08:42+00:00,2026-05-03 18:14:42+00:00,8.1,6946.102,567.96,0.001186,70.0112,175.9319,308.3463,5.7939,-0.000831,0.00774,-0.8512,-0.8514,0.0003,19.9307,medium,3.159,True,da=+5.79km[medium]
STARLINK-32664,53deg,phasing,2026-05-05 22:20:42+00:00,2026-05-06 02:22:42+00:00,4.03,6809.825,431.69,0.001377,42.8852,300.8347,200.8079,-5.6178,-0.000204,-0.02611,-0.9731,-0.9772,0.0041,-142.8159,medium,3.156,True,da=-5.62km[medium] | di=-0.0261deg
STARLINK-37042,53deg,phasing,2026-05-06 01:43:42+00:00,2026-05-06 09:37:42+00:00,7.9,6823.175,445.04,0.001503,53.292,52.6392,19.3254,-5.634,-0.000302,-0.02188,-1.544,-1.5509,0.0069,28.4545,medium,3.156,True,da=-5.63km[medium] | di=-0.0219deg
STARLINK-11205,53deg,mixed,2026-05-05 03:16:42+00:00,2026-05-05 11:06:42+00:00,7.83,6731.82,353.68,0.000308,53.0306,227.8196,85.5544,5.5199,0.000896,0.01944,-1.6444,-1.6165,-0.0279,45.5932,medium,3.155,True,da=+5.52km[medium]
STARLINK-32192,53deg,mixed,2026-05-03 18:38:42+00:00,2026-05-04 10:33:42+00:00,15.92,6853.543,475.41,0.000772,53.2506,40.5695,225.4667,-5.6611,0.000832,-0.02188,-3.1074,-3.0795,-0.0279,55.2701,medium,3.15,True,da=-5.66km[medium] | di=-0.0219deg
STARLINK-34688,53deg,mixed,2026-05-05 22:49:42+00:00,2026-05-06 02:09:42+00:00,3.33,6841.778,463.64,0.001293,53.2313,28.3031,136.5748,5.6301,-0.000106,0.01589,-0.6194,-0.6469,0.0275,47.6104,medium,3.141,True,da=+5.63km[medium]
STARLINK-31101,53deg,phasing,2026-05-03 10:41:42+00:00,2026-05-03 18:46:42+00:00,8.08,6867.665,489.53,0.001097,42.8729,270.1099,178.8101,-5.6562,-0.000858,-0.02278,-1.8733,-1.9017,0.0284,54.2655,medium,3.137,True,da=-5.66km[medium] | di=-0.0228deg
STARLINK-30864,53deg,mixed,2026-05-04 19:59:42+00:00,2026-05-05 02:52:42+00:00,6.88,6861.035,482.9,0.000342,42.9139,328.0407,238.9171,5.6484,0.000921,0.01951,-1.6285,-1.6186,-0.0099,138.9931,medium,3.137,True,da=+5.65km[medium]
STARLINK-36708,SSO,phasing,2026-05-05 17:48:42+00:00,2026-05-05 23:12:42+00:00,5.4,6834.368,456.23,0.002554,97.1652,236.4518,246.189,5.6077,-0.001275,-0.00108,0.2193,0.2192,0.0,161.1056,medium,3.133,True,da=+5.61km[medium] | de=-0.00127
STARLINK-5526,mid-inc,phasing,2026-05-06 03:20:42+00:00,2026-05-06 11:15:42+00:00,7.92,6942.843,564.71,0.001686,69.8936,319.2147,244.518,5.7336,-0.000832,0.0064,-0.8279,-0.8383,0.0104,-21.2081,medium,3.129,True,da=+5.73km[medium]
STARLINK-30938,53deg,lowering,2026-05-03 10:51:42+00:00,2026-05-03 18:56:42+00:00,8.08,6853.725,475.59,0.00078,53.2984,106.5565,315.1512,5.6245,0.000669,0.02124,-1.5271,-1.5567,0.0296,56.3271,medium,3.129,True,da=+5.62km[medium] | di=+0.0212deg
STARLINK-34909,SSO,mixed,2026-05-03 02:06:42+00:00,2026-05-03 10:11:42+00:00,8.08,6916.14,538.0,0.00071,97.5284,354.7538,101.7582,5.6979,0.00046,3e-05,0.3319,0.3307,0.0012,24.4961,medium,3.127,True,da=+5.70km[medium]
STARLINK-11246,53deg,phasing,2026-05-05 03:17:42+00:00,2026-05-05 11:08:42+00:00,7.85,6732.091,353.95,0.001676,53.2681,62.4995,262.7167,5.4622,-0.000839,0.0142,-1.6399,-1.6109,-0.029,49.3314,medium,3.122,True,da=+5.46km[medium]
STARLINK-31780,53deg,lowering,2026-05-05 22:15:42+00:00,2026-05-06 02:34:42+00:00,4.32,6856.457,478.32,0.000576,53.2068,15.5576,327.4446,-5.6144,0.000613,-0.01974,-0.7902,-0.8347,0.0445,-88.5344,medium,3.122,True,da=-5.61km[medium]
STARLINK-30930,53deg,mixed,2026-05-05 02:53:42+00:00,2026-05-05 10:49:42+00:00,7.93,6844.52,466.38,0.000623,53.3167,98.0452,209.1148,-5.5896,0.00049,-0.02009,-1.5379,-1.5395,0.0016,26.8673,medium,3.116,True,da=-5.59km[medium] | di=-0.0201deg
STARLINK-30295,53deg,mixed,2026-05-04 10:57:42+00:00,2026-05-05 03:04:42+00:00,16.12,6849.757,471.62,0.001312,53.0268,307.7467,295.3961,5.595,7.1e-05,0.01412,-3.0812,-3.1302,0.049,101.2587,medium,3.115,True,da=+5.59km[medium]
STARLINK-34046,mid-inc,mixed,2026-05-03 10:11:42+00:00,2026-05-03 18:18:42+00:00,8.12,6940.963,562.83,0.000739,69.9308,336.2101,105.8916,5.7013,0.000101,0.00598,-0.8604,-0.8587,-0.0016,23.7137,medium,3.112,True,da=+5.70km[medium]
STARLINK-11206,53deg,phasing,2026-05-03 02:53:42+00:00,2026-05-03 11:07:42+00:00,8.23,6744.491,366.35,0.001326,53.0553,237.8256,179.1557,-5.4589,-0.000651,-0.0165,-1.723,-1.6924,-0.0305,139.5273,medium,3.111,True,da=-5.46km[medium]
STARLINK-32886,53deg,mixed,2026-05-03 10:20:42+00:00,2026-05-03 18:24:42+00:00,8.07,6847.815,469.68,0.001655,53.2594,54.9666,261.4281,5.5791,-0.00087,0.01416,-1.5906,-1.5598,-0.0308,52.4851,medium,3.108,True,da=+5.58km[medium]
STARLINK-6030,53deg,mixed,2026-05-06 03:03:42+00:00,2026-05-06 11:05:42+00:00,8.03,6861.845,483.71,0.000222,42.9539,196.9652,306.978,5.5955,0.000737,0.03025,-1.8724,-1.8868,0.0145,42.8533,medium,3.108,True,da=+5.60km[medium] | di=+0.0302deg
STARLINK-31723,53deg,mixed,2026-05-06 02:36:42+00:00,2026-05-06 10:40:42+00:00,8.07,6858.516,480.38,0.000496,43.0299,19.0429,88.3653,5.5883,0.000625,0.01887,-1.9274,-1.8957,-0.0317,50.5729,medium,3.106,True,da=+5.59km[medium]
STARLINK-30882,53deg,phasing,2026-05-05 22:00:42+00:00,2026-05-06 02:51:42+00:00,4.85,6840.626,462.49,0.001222,53.3037,94.811,47.112,-5.5626,-0.000844,-0.01324,-0.9624,-0.9433,-0.0191,36.9375,medium,3.104,True,da=-5.56km[medium]
STARLINK-32009,53deg,mixed,2026-05-06 02:35:42+00:00,2026-05-06 10:40:42+00:00,8.08,6859.377,481.24,0.000999,53.2875,130.2723,348.4443,-5.5809,0.000293,-0.0147,-1.5254,-1.5577,0.0324,56.3899,medium,3.101,True,da=-5.58km[medium]
STARLINK-5841,mid-inc,phasing,2026-05-05 03:18:42+00:00,2026-05-05 11:13:42+00:00,7.92,6942.528,564.39,0.001778,69.8654,301.8415,245.809,5.6828,-0.000826,0.00472,-0.8286,-0.8396,0.011,-21.2022,medium,3.101,True,da=+5.68km[medium]
STARLINK-30952,53deg,phasing,2026-05-04 10:48:42+00:00,2026-05-04 19:58:42+00:00,9.17,6864.117,485.98,0.000384,43.1526,97.3719,323.1788,-5.5805,0.000282,-0.02297,-2.1223,-2.1506,0.0283,-57.0069,medium,3.098,True,da=-5.58km[medium] | di=-0.0230deg
STARLINK-34490,53deg,mixed,2026-05-02 10:07:42+00:00,2026-05-02 18:12:42+00:00,8.08,6853.749,475.61,0.001264,53.0524,226.6106,135.1548,5.5623,-0.000224,0.01988,-1.5292,-1.5657,0.0365,56.4294,medium,3.095,True,da=+5.56km[medium]
STARLINK-36705,SSO,phasing,2026-05-05 17:49:42+00:00,2026-05-05 23:12:42+00:00,5.38,6849.168,471.03,0.000961,97.1569,237.2605,346.6711,-5.5501,0.000506,0.00414,0.223,0.2174,0.0057,157.6658,medium,3.091,True,da=-5.55km[medium]
STARLINK-34085,mid-inc,mixed,2026-05-05 02:28:42+00:00,2026-05-05 10:23:42+00:00,7.92,6948.257,570.12,0.00097,69.9285,332.0333,224.5094,5.6697,-0.000592,0.00935,-0.8338,-0.8345,0.0007,-21.2177,medium,3.09,True,da=+5.67km[medium]
STARLINK-30295,53deg,mixed,2026-05-03 18:56:42+00:00,2026-05-04 10:57:42+00:00,16.02,6855.31,477.17,0.0006,53.0517,310.8934,217.1773,-5.553,0.000712,-0.02497,-3.1467,-3.1104,-0.0363,78.2189,medium,3.088,True,da=-5.55km[medium] | di=-0.0250deg
STARLINK-37029,53deg,mixed,2026-05-03 01:36:42+00:00,2026-05-03 09:46:42+00:00,8.17,6800.678,422.54,0.00063,53.3074,66.9178,206.6755,-5.4817,0.000399,-0.0229,-1.6647,-1.6212,-0.0435,98.8618,medium,3.086,True,da=-5.48km[medium] | di=-0.0229deg
STARLINK-31852,53deg,mixed,2026-05-04 20:14:42+00:00,2026-05-05 02:41:42+00:00,6.45,6866.988,488.85,0.001252,42.9066,309.2848,15.9445,-5.5536,-0.000378,-0.02836,-1.5085,-1.5172,0.0087,39.6979,medium,3.081,True,da=-5.55km[medium] | di=-0.0284deg
STARLINK-34088,mid-inc,phasing,2026-05-04 10:13:42+00:00,2026-05-04 20:31:42+00:00,10.3,6946.2,568.06,0.000858,69.9331,333.768,128.3351,-5.6407,0.001193,-0.01083,-1.0759,-1.0903,0.0144,154.1889,medium,3.076,True,da=-5.64km[medium] | de=+0.00119
STARLINK-32664,53deg,phasing,2026-05-04 10:31:42+00:00,2026-05-04 20:26:42+00:00,9.92,6811.35,433.21,0.000687,42.9004,309.4892,162.4262,-5.4715,0.000856,-0.02808,-2.4167,-2.4002,-0.0166,143.0071,medium,3.073,True,da=-5.47km[medium] | di=-0.0281deg
STARLINK-30881,53deg,mixed,2026-05-04 19:59:42+00:00,2026-05-05 02:49:42+00:00,6.83,6862.051,483.91,0.00024,42.9174,327.968,231.9509,5.532,0.000895,0.01868,-1.6371,-1.6059,-0.0311,127.5183,medium,3.072,True,da=+5.53km[medium]
STARLINK-34493,53deg,phasing,2026-05-04 20:46:42+00:00,2026-05-05 02:05:42+00:00,5.32,6847.495,469.36,0.00032,53.055,215.6709,86.8075,5.5134,0.000514,0.02189,-1.0073,-1.033,0.0258,141.0937,medium,3.072,True,da=+5.51km[medium] | di=+0.0219deg
STARLINK-34572,mid-inc,mixed,2026-05-02 18:13:42+00:00,2026-05-03 02:19:42+00:00,8.1,6949.761,571.62,0.00069,70.0098,177.7531,219.7266,-5.6315,0.000801,-0.00779,-0.8511,-0.8527,0.0016,19.9187,medium,3.068,True,da=-5.63km[medium]
STARLINK-35336,53deg,mixed,2026-05-03 02:10:42+00:00,2026-05-03 09:53:42+00:00,7.72,6852.497,474.36,0.000893,53.0838,210.4305,230.3889,5.5077,-0.000135,0.02015,-1.5063,-1.4946,-0.0117,-27.7681,medium,3.065,True,da=+5.51km[medium] | di=+0.0202deg
STARLINK-36962,53deg,phasing,2026-05-05 17:49:42+00:00,2026-05-05 23:10:42+00:00,5.35,6822.958,444.82,0.000292,53.2572,53.2514,90.4609,5.4712,0.001086,0.00692,-1.0297,-1.0479,0.0182,154.867,medium,3.065,True,da=+5.47km[medium] | de=+0.00109
STARLINK-35298,53deg,mixed,2026-05-03 10:01:42+00:00,2026-05-03 18:14:42+00:00,8.22,6851.065,472.93,0.00111,53.1171,193.699,303.1402,5.5065,0.000334,0.01833,-1.5459,-1.5914,0.0455,86.9739,medium,3.065,True,da=+5.51km[medium]
STARLINK-31164,53deg,mixed,2026-05-05 21:57:42+00:00,2026-05-06 02:50:42+00:00,4.88,6864.584,486.45,0.000396,42.8666,255.8798,215.1134,-5.5212,0.000247,-0.02046,-1.166,-1.1507,-0.0152,40.2585,medium,3.064,True,da=-5.52km[medium] | di=-0.0205deg
STARLINK-30939,53deg,mixed,2026-05-04 10:45:42+00:00,2026-05-04 19:54:42+00:00,9.15,6835.339,457.2,0.001653,53.2841,101.4937,279.3187,5.4846,-0.000866,0.01983,-1.7464,-1.7795,0.0331,-52.7984,medium,3.064,True,da=+5.48km[medium]
STARLINK-32018,53deg,mixed,2026-05-04 20:08:42+00:00,2026-05-05 02:37:42+00:00,6.48,6854.131,475.99,0.000679,53.2647,135.9293,317.546,5.5037,0.000688,0.01707,-1.2285,-1.2494,0.0209,48.9047,medium,3.062,True,da=+5.50km[medium]
STARLINK-34079,mid-inc,mixed,2026-05-05 02:22:42+00:00,2026-05-05 10:17:42+00:00,7.92,6942.082,563.94,0.000739,69.9188,331.79,67.9271,5.6003,0.000148,0.00869,-0.8269,-0.8376,0.0107,-21.2621,medium,3.056,True,da=+5.60km[medium]
STARLINK-32675,53deg,phasing,2026-05-03 10:28:42+00:00,2026-05-03 18:36:42+00:00,8.13,6864.491,486.35,0.001189,42.9154,321.3073,36.4885,-5.5037,-0.000606,-0.02793,-1.9599,-1.9152,-0.0446,65.921,medium,3.055,True,da=-5.50km[medium] | di=-0.0279deg
STARLINK-35299,53deg,phasing,2026-05-04 10:06:42+00:00,2026-05-04 20:54:42+00:00,10.8,6852.976,474.84,0.000785,53.122,346.2877,311.6146,-5.4778,0.000829,-0.02267,-2.0718,-2.0963,0.0246,-39.6413,medium,3.048,True,da=-5.48km[medium] | di=-0.0227deg
STARLINK-31157,53deg,mixed,2026-05-02 18:37:42+00:00,2026-05-03 02:44:42+00:00,8.12,6867.372,489.23,0.001255,42.8773,273.7146,170.7477,-5.4871,-0.001009,-0.02466,-1.8775,-1.9096,0.0321,61.9576,medium,3.044,True,da=-5.49km[medium] | di=-0.0247deg | de=-0.00101
STARLINK-35236,53deg,mixed,2026-05-05 22:58:42+00:00,2026-05-06 01:28:42+00:00,2.5,6854.271,476.13,0.000697,53.1171,197.5124,318.0247,5.4638,0.000696,0.0176,-0.4658,-0.4834,0.0176,-145.6654,medium,3.039,True,da=+5.46km[medium]
STARLINK-30235,53deg,mixed,2026-05-05 03:02:42+00:00,2026-05-05 11:05:42+00:00,8.05,6867.732,489.59,0.001091,42.8769,264.1003,183.7988,-5.4763,-0.000856,-0.02521,-1.8786,-1.8936,0.0151,46.6707,medium,3.037,True,da=-5.48km[medium] | di=-0.0252deg
STARLINK-35364,53deg,lowering,2026-05-03 18:07:42+00:00,2026-05-04 09:59:42+00:00,15.87,6849.854,471.72,0.001066,53.1458,192.1743,349.5159,-5.4529,0.000202,-0.00434,-3.057,-3.0823,0.0253,51.9009,medium,3.036,True,da=-5.45km[medium]
STARLINK-11253,53deg,phasing,2026-05-05 19:08:42+00:00,2026-05-05 21:49:42+00:00,2.68,6740.604,362.47,0.001427,53.2897,59.7256,147.3606,-5.3206,-0.000486,-0.01803,-0.5075,-0.5497,0.0422,-88.0276,medium,3.035,True,da=-5.32km[medium]
STARLINK-6066,53deg,mixed,2026-05-06 02:59:42+00:00,2026-05-06 11:06:42+00:00,8.12,6869.924,491.79,0.001035,42.981,196.8717,351.8645,-5.4708,-0.000167,-0.01887,-1.8716,-1.9039,0.0322,60.9707,medium,3.033,True,da=-5.47km[medium]
STARLINK-6030,53deg,mixed,2026-05-02 19:01:42+00:00,2026-05-03 03:08:42+00:00,8.12,6861.911,483.77,0.000278,42.9092,215.8228,306.8636,5.4531,0.00095,0.03248,-1.8772,-1.9078,0.0305,61.9666,medium,3.028,True,da=+5.45km[medium] | di=+0.0325deg
STARLINK-35295,53deg,lowering,2026-05-05 22:54:42+00:00,2026-05-06 02:09:42+00:00,3.25,6855.614,477.48,0.001403,53.1104,339.3742,35.7295,-5.4445,-0.00054,-0.0203,-0.6325,-0.6301,-0.0023,26.4294,medium,3.028,True,da=-5.44km[medium] | di=-0.0203deg
STARLINK-11204,53deg,phasing,2026-05-03 19:08:42+00:00,2026-05-04 11:02:42+00:00,15.9,6739.005,360.87,0.000627,53.2954,69.1673,220.7517,5.3048,0.000795,0.01397,-3.2785,-3.2492,-0.0293,145.7183,medium,3.027,True,da=+5.30km[medium]
STARLINK-30930,53deg,mixed,2026-05-04 10:51:42+00:00,2026-05-04 19:53:42+00:00,9.03,6837.46,459.32,0.00086,53.2904,101.1245,116.8557,5.4201,0.000519,0.01984,-1.7125,-1.7547,0.0421,-79.9077,medium,3.026,True,da=+5.42km[medium]
STARLINK-35148,53deg,mixed,2026-05-03 02:04:42+00:00,2026-05-03 10:00:42+00:00,7.93,6845.873,467.74,0.000579,53.1285,195.4085,215.424,-5.4292,0.000655,-0.01224,-1.5492,-1.545,-0.0042,25.8714,medium,3.026,True,da=-5.43km[medium]
STARLINK-5841,mid-inc,phasing,2026-05-03 03:08:42+00:00,2026-05-03 11:03:42+00:00,7.92,6948.541,570.4,0.000926,69.8809,306.91,223.4798,5.5478,-0.000534,0.0051,-0.8354,-0.8364,0.001,-21.2151,medium,3.024,True,da=+5.55km[medium]
STARLINK-32190,53deg,mixed,2026-05-05 22:21:42+00:00,2026-05-06 02:29:42+00:00,4.13,6847.71,469.57,0.000363,53.2167,30.8226,82.9464,5.4251,0.000491,0.01399,-0.8262,-0.8001,-0.0261,-130.8402,medium,3.022,True,da=+5.43km[medium]
STARLINK-34493,53deg,phasing,2026-05-05 02:05:42+00:00,2026-05-05 10:08:42+00:00,8.05,6853.009,474.87,0.000834,53.0769,214.6637,227.9013,-5.4285,0.000847,-0.01411,-1.5933,-1.564,-0.0293,48.6841,medium,3.021,True,da=-5.43km[medium]
STARLINK-31561,53deg,mixed,2026-05-04 20:11:42+00:00,2026-05-05 02:51:42+00:00,6.67,6860.385,482.25,0.00076,42.8649,302.0941,63.0035,5.4372,0.000477,0.02086,-1.6204,-1.5695,-0.051,89.5096,medium,3.021,True,da=+5.44km[medium] | di=+0.0209deg
STARLINK-37051,53deg,raising,2026-05-05 01:35:42+00:00,2026-05-05 09:32:42+00:00,7.95,6830.13,451.99,0.000738,53.0269,274.6088,337.8854,5.4019,0.000714,0.00123,-1.5355,-1.5599,0.0245,36.1155,medium,3.021,True,da=+5.40km[medium]
STARLINK-34375,53deg,mixed,2026-05-05 02:19:42+00:00,2026-05-05 10:12:42+00:00,7.88,6814.561,436.42,0.000895,53.0699,213.4721,118.5977,5.3764,0.000507,0.01866,-1.5627,-1.5574,-0.0053,24.6861,medium,3.017,True,da=+5.38km[medium]
STARLINK-36999,53deg,raising,2026-05-04 09:33:42+00:00,2026-05-04 21:05:42+00:00,11.53,6835.066,456.93,0.001675,53.2653,59.4138,272.0277,5.3935,-0.000483,0.01384,-2.22,-2.2445,0.0245,135.8884,medium,3.013,True,da=+5.39km[medium]
STARLINK-31922,53deg,mixed,2026-05-05 22:09:42+00:00,2026-05-06 02:39:42+00:00,4.5,6867.513,489.38,0.001084,42.9088,310.586,354.5004,-5.4277,-0.000835,-0.02891,-1.0843,-1.0581,-0.0262,-47.6207,medium,3.011,True,da=-5.43km[medium] | di=-0.0289deg
STARLINK-32042,53deg,mixed,2026-05-03 02:30:42+00:00,2026-05-03 10:34:42+00:00,8.07,6853.202,475.07,0.000838,53.2436,143.8035,226.7998,-5.405,0.000816,-0.01176,-1.5888,-1.5609,-0.0279,52.4997,medium,3.007,True,da=-5.40km[medium]
STARLINK-31156,53deg,raising,2026-05-04 10:45:42+00:00,2026-05-04 19:57:42+00:00,9.2,6864.07,485.93,0.000269,42.8593,264.3679,320.8667,-5.4176,0.000394,-0.0214,-2.1367,-2.1687,0.032,-49.4269,medium,3.007,True,da=-5.42km[medium] | di=-0.0214deg
STARLINK-6096,53deg,mixed,2026-05-03 19:04:42+00:00,2026-05-04 11:15:42+00:00,16.18,6859.176,481.04,0.000706,42.9093,209.66,283.3829,5.4098,0.000507,0.03581,-3.7744,-3.809,0.0346,112.4883,medium,3.006,True,da=+5.41km[medium] | di=+0.0358deg
STARLINK-34817,53deg,mixed,2026-05-03 10:11:42+00:00,2026-05-03 18:07:42+00:00,7.93,6840.639,462.5,0.00116,53.0007,273.8223,300.7616,5.3849,-0.000595,0.01952,-1.5447,-1.5489,0.0042,25.9136,medium,3.005,True,da=+5.38km[medium]
STARLINK-30837,53deg,mixed,2026-05-03 02:45:42+00:00,2026-05-03 10:55:42+00:00,8.17,6866.853,488.72,0.001267,42.884,246.8458,162.1305,-5.4146,-0.000968,-0.02323,-1.8862,-1.9216,0.0354,73.454,medium,3.004,True,da=-5.41km[medium] | di=-0.0232deg
STARLINK-5526,mid-inc,phasing,2026-05-04 19:35:42+00:00,2026-05-05 03:20:42+00:00,7.75,6946.851,568.71,0.001113,69.9089,322.53,310.6637,-5.5064,0.000781,-0.01298,-0.7948,-0.8211,0.0263,-58.6142,medium,3.002,True,da=-5.51km[medium]
STARLINK-31889,53deg,mixed,2026-05-04 20:11:42+00:00,2026-05-05 02:38:42+00:00,6.45,6864.873,486.74,0.000442,42.91,317.4728,213.4464,-5.4065,0.000143,-0.02896,-1.5308,-1.5187,-0.0122,39.6505,medium,3.001,True,da=-5.41km[medium] | di=-0.0290deg
STARLINK-31895,53deg,mixed,2026-05-05 18:40:42+00:00,2026-05-05 22:16:42+00:00,3.6,6866.705,488.57,0.000843,42.907,311.6198,197.7027,-5.4039,-0.000522,-0.02516,-0.8912,-0.8469,-0.0443,105.8057,medium,2.998,True,da=-5.40km[medium] | di=-0.0252deg
STARLINK-34030,mid-inc,phasing,2026-05-05 18:30:42+00:00,2026-05-05 22:39:42+00:00,4.15,6956.466,578.33,0.000876,69.9412,330.3919,182.8553,-5.511,0.00015,-0.0113,-0.4234,-0.4369,0.0134,-147.6918,medium,2.998,True,da=-5.51km[medium]
STARLINK-5873,mid-inc,phasing,2026-05-06 03:02:42+00:00,2026-05-06 11:08:42+00:00,8.1,6947.357,569.22,0.001079,69.9002,319.473,311.9023,5.4924,-0.000686,0.00677,-0.8476,-0.8555,0.0079,19.9406,medium,2.994,True,da=+5.49km[medium]
STARLINK-30938,53deg,lowering,2026-05-03 02:45:42+00:00,2026-05-03 10:51:42+00:00,8.1,6848.351,470.21,0.001555,53.2822,108.1541,255.0377,5.3739,-0.000775,0.01626,-1.5976,-1.565,-0.0326,60.1135,medium,2.993,True,da=+5.37km[medium]
STARLINK-37023,53deg,lowering,2026-05-04 09:40:42+00:00,2026-05-04 21:04:42+00:00,11.4,6857.029,478.89,0.001391,53.022,279.696,27.6409,-5.384,-0.00036,-0.01591,-2.2521,-2.2131,-0.0389,98.2706,medium,2.993,True,da=-5.38km[medium]
STARLINK-35262,53deg,mixed,2026-05-05 22:53:42+00:00,2026-05-06 02:08:42+00:00,3.25,6857.476,479.34,0.001483,53.168,182.3849,26.3554,-5.3741,-0.000403,-0.01771,-0.6263,-0.6287,0.0024,26.4211,medium,2.987,True,da=-5.37km[medium]
STARLINK-31413,53deg,mixed,2026-05-02 18:31:42+00:00,2026-05-03 02:48:42+00:00,8.28,6859.792,481.66,0.00068,42.8806,313.9476,111.4244,5.374,-0.000227,0.01763,-1.9042,-1.9502,0.046,100.2511,medium,2.986,True,da=+5.37km[medium]
STARLINK-34496,53deg,phasing,2026-05-06 02:04:42+00:00,2026-05-06 10:19:42+00:00,8.25,6822.804,444.67,0.000707,53.104,208.8522,202.4772,-5.3289,0.000146,-0.01208,-1.6727,-1.6267,-0.046,109.2872,medium,2.985,True,da=-5.33km[medium]
STARLINK-35462,53deg,mixed,2026-05-03 17:57:42+00:00,2026-05-04 10:09:42+00:00,16.2,6858.959,480.82,0.000918,53.2634,37.9295,194.0426,-5.3635,-0.000143,-0.02214,-3.1653,-3.1244,-0.0408,120.2498,medium,2.981,True,da=-5.36km[medium] | di=-0.0221deg
STARLINK-32042,53deg,mixed,2026-05-04 10:34:42+00:00,2026-05-04 20:05:42+00:00,9.52,6856.629,478.49,0.001496,53.2682,137.6044,30.9865,-5.3496,-0.000474,-0.01107,-1.8368,-1.8372,0.0004,25.5997,medium,2.974,True,da=-5.35km[medium]
STARLINK-35308,53deg,raising,2026-05-05 18:04:42+00:00,2026-05-05 22:55:42+00:00,4.85,6847.913,469.78,0.001626,53.132,182.735,279.4677,5.3381,-0.000838,0.02289,-0.9534,-0.9405,-0.0129,33.7718,medium,2.974,True,da=+5.34km[medium] | di=+0.0229deg
STARLINK-31613,53deg,mixed,2026-05-04 10:42:42+00:00,2026-05-04 20:13:42+00:00,9.52,6851.394,473.26,0.001046,53.2072,22.3599,123.9878,5.3419,0.000418,0.01128,-1.8439,-1.8392,-0.0047,25.6028,medium,2.973,True,da=+5.34km[medium]
STARLINK-37054,53deg,mixed,2026-05-05 09:42:42+00:00,2026-05-05 17:48:42+00:00,8.1,6858.91,480.77,0.000923,53.028,274.5919,344.8753,-5.346,0.000332,-0.01474,-1.5327,-1.5707,0.038,60.2421,medium,2.971,True,da=-5.35km[medium]
STARLINK-32042,53deg,mixed,2026-05-05 22:07:42+00:00,2026-05-06 02:37:42+00:00,4.5,6847.548,469.41,0.001666,53.2527,130.7081,275.3846,5.3298,-0.00079,0.01732,-0.8445,-0.8704,0.0259,-46.4771,medium,2.969,True,da=+5.33km[medium]
STARLINK-34447,mid-inc,phasing,2026-05-05 10:03:42+00:00,2026-05-05 18:20:42+00:00,8.28,6949.173,571.04,0.000815,70.0279,171.0139,138.6811,5.4485,-0.000501,0.00884,-0.8499,-0.8687,0.0188,61.163,medium,2.969,True,da=+5.45km[medium]
STARLINK-36795,SSO,mixed,2026-05-03 09:47:42+00:00,2026-05-03 17:42:42+00:00,7.92,6848.156,470.02,0.001578,97.1696,311.4238,18.342,-5.3256,-0.000133,0.0039,0.3246,0.3204,0.0042,19.7964,medium,2.967,True,da=-5.33km[medium]
STARLINK-35022,53deg,mixed,2026-05-04 10:04:42+00:00,2026-05-04 20:39:42+00:00,10.58,6852.202,474.06,0.000561,53.1019,333.0829,211.2117,-5.3283,0.000428,-0.02075,-2.1019,-2.0559,-0.046,-87.1482,medium,2.965,True,da=-5.33km[medium] | di=-0.0208deg
STARLINK-30201,53deg,mixed,2026-05-02 18:44:42+00:00,2026-05-03 03:00:42+00:00,8.27,6865.386,487.25,0.001204,42.8686,277.536,150.3456,-5.3427,-0.000706,-0.02514,-1.9041,-1.9471,0.043,96.3466,medium,2.965,True,da=-5.34km[medium] | di=-0.0251deg
STARLINK-31631,53deg,mixed,2026-05-05 18:41:42+00:00,2026-05-05 22:07:42+00:00,3.43,6861.685,483.55,0.000905,43.134,68.0572,125.9812,5.3292,5e-06,0.02113,-0.7682,-0.8042,0.036,67.6252,medium,2.96,True,da=+5.33km[medium] | di=+0.0211deg
STARLINK-30906,53deg,mixed,2026-05-03 18:56:42+00:00,2026-05-04 10:47:42+00:00,15.85,6861.18,483.04,0.000905,43.139,104.7011,123.54,5.3251,0.000367,0.02108,-3.7109,-3.7133,0.0025,36.0716,medium,2.958,True,da=+5.33km[medium] | di=+0.0211deg
STARLINK-31696,53deg,mixed,2026-05-05 22:16:42+00:00,2026-05-06 02:36:42+00:00,4.33,6856.895,478.76,0.001466,53.2079,15.485,29.4024,-5.3162,-0.00039,-0.01945,-0.8796,-0.8377,-0.0419,-84.7893,medium,2.956,True,da=-5.32km[medium]
STARLINK-6062,53deg,mixed,2026-05-03 19:16:42+00:00,2026-05-04 11:12:42+00:00,15.93,6870.035,491.9,0.001106,42.9483,209.5502,357.6662,-5.3292,-0.000132,-0.01228,-3.7209,-3.7388,0.0178,53.202,medium,2.954,True,da=-5.33km[medium]
STARLINK-34528,53deg,mixed,2026-05-05 02:15:42+00:00,2026-05-05 10:08:42+00:00,7.88,6814.189,436.05,0.00082,53.0687,213.4595,116.398,5.2624,0.000533,0.01843,-1.5643,-1.5578,-0.0065,24.685,medium,2.953,True,da=+5.26km[medium]
STARLINK-34572,mid-inc,mixed,2026-05-02 10:06:42+00:00,2026-05-02 18:13:42+00:00,8.12,6955.176,577.04,0.000483,70.0184,178.6013,196.0129,-5.4148,0.000207,-0.00863,-0.8482,-0.8517,0.0035,23.7137,medium,2.947,True,da=-5.41km[medium]
STARLINK-36705,SSO,phasing,2026-05-03 01:48:42+00:00,2026-05-03 09:42:42+00:00,7.9,6845.085,466.95,0.001555,97.1661,234.6253,31.3972,-5.2729,-0.000273,-0.00081,0.3259,0.3199,0.006,15.9721,medium,2.939,True,da=-5.27km[medium]
STARLINK-32769,53deg,lowering,2026-05-02 18:18:42+00:00,2026-05-03 02:34:42+00:00,8.27,6860.723,482.59,0.000833,42.9229,332.268,59.8567,5.2891,0.000416,0.01665,-1.9903,-1.9441,-0.0462,96.6068,medium,2.938,True,da=+5.29km[medium]
STARLINK-11205,53deg,mixed,2026-05-04 11:01:42+00:00,2026-05-04 19:46:42+00:00,8.75,6739.912,361.77,0.000591,53.0499,231.1774,217.2419,-5.143,0.000319,-0.01648,-1.8415,-1.803,-0.0385,-98.5703,medium,2.934,True,da=-5.14km[medium]
STARLINK-37036,53deg,mixed,2026-05-03 09:48:42+00:00,2026-05-03 17:40:42+00:00,7.87,6796.757,418.62,0.001153,53.0122,283.405,46.618,-5.2018,-0.000689,-0.01376,-1.5831,-1.5754,-0.0078,29.2845,medium,2.93,True,da=-5.20km[medium]
STARLINK-34526,53deg,phasing,2026-05-05 18:17:42+00:00,2026-05-05 22:48:42+00:00,4.52,6854.667,476.53,0.000666,53.0834,211.0576,221.0621,5.2657,0.00064,0.02123,-0.8996,-0.8739,-0.0257,-42.7096,medium,2.929,True,da=+5.27km[medium] | di=+0.0212deg
STARLINK-37103,53deg,mixed,2026-05-03 01:38:42+00:00,2026-05-03 09:48:42+00:00,8.17,6800.631,422.49,0.000639,53.3067,66.9259,207.8593,-5.1927,0.000374,-0.02145,-1.6656,-1.6212,-0.0444,98.8265,medium,2.923,True,da=-5.19km[medium] | di=-0.0214deg
STARLINK-31501,53deg,mixed,2026-05-03 18:55:42+00:00,2026-05-04 10:46:42+00:00,15.85,6859.626,481.49,0.000654,42.8733,308.6729,110.8389,5.2607,0.000501,0.01658,-3.7456,-3.7326,-0.013,36.1399,medium,2.923,True,da=+5.26km[medium]
STARLINK-36973,53deg,phasing,2026-05-02 17:35:42+00:00,2026-05-03 01:32:42+00:00,7.95,6849.273,471.14,0.001397,53.0059,287.2018,292.7838,5.2398,-0.000721,0.01247,-1.5474,-1.5453,-0.002,25.7383,medium,2.918,True,da=+5.24km[medium]
STARLINK-34046,mid-inc,mixed,2026-05-06 02:19:42+00:00,2026-05-06 10:25:42+00:00,8.1,6942.998,564.86,0.000766,69.9155,329.464,115.7069,5.3471,0.000187,0.0085,-0.8524,-0.8568,0.0044,19.9639,medium,2.918,True,da=+5.35km[medium]
STARLINK-31631,53deg,mixed,2026-05-03 10:36:42+00:00,2026-05-03 18:41:42+00:00,8.08,6863.959,485.82,0.000265,43.1504,81.2773,220.1869,-5.2491,0.000439,-0.02182,-1.9322,-1.8965,-0.0357,54.3035,medium,2.914,True,da=-5.25km[medium] | di=-0.0218deg
STARLINK-30273,53deg,mixed,2026-05-06 02:46:42+00:00,2026-05-06 10:51:42+00:00,8.08,6854.777,476.64,0.000926,53.0459,299.9666,345.51,-5.2313,0.0003,-0.01915,-1.5358,-1.5702,0.0344,58.1685,medium,2.91,True,da=-5.23km[medium]
STARLINK-6095,53deg,mixed,2026-05-05 11:12:42+00:00,2026-05-05 19:18:42+00:00,8.1,6867.517,489.38,0.001241,42.9715,200.1051,172.7462,-5.245,-0.001014,-0.01997,-1.8701,-1.9025,0.0324,58.1335,medium,2.909,True,da=-5.25km[medium] | de=-0.00101
STARLINK-31773,53deg,phasing,2026-05-04 10:44:42+00:00,2026-05-04 20:15:42+00:00,9.52,6855.499,477.36,0.000583,53.2254,24.3624,215.988,-5.2251,0.000638,-0.02203,-1.847,-1.8403,-0.0068,25.5395,medium,2.906,True,da=-5.23km[medium] | di=-0.0220deg
STARLINK-33946,mid-inc,mixed,2026-05-02 10:17:42+00:00,2026-05-02 18:23:42+00:00,8.1,6948.421,570.28,0.000929,69.9471,338.6381,315.8547,5.3328,-0.000533,0.00547,-0.8496,-0.8532,0.0036,19.9267,medium,2.906,True,da=+5.33km[medium]
STARLINK-31699,53deg,mixed,2026-05-05 22:13:42+00:00,2026-05-06 02:33:42+00:00,4.33,6865.898,487.76,0.00068,43.0654,19.9894,205.2649,-5.2319,0.000159,-0.02612,-1.0635,-1.0171,-0.0463,-85.8914,medium,2.903,True,da=-5.23km[medium] | di=-0.0261deg
STARLINK-34024,mid-inc,phasing,2026-05-05 22:33:42+00:00,2026-05-06 02:20:42+00:00,3.78,6940.535,562.4,0.000699,69.9148,329.8593,102.8163,5.3056,0.000637,0.00449,-0.3811,-0.4007,0.0197,130.0962,medium,2.897,True,da=+5.31km[medium]
STARLINK-34523,53deg,mixed,2026-05-02 10:16:42+00:00,2026-05-02 18:10:42+00:00,7.9,6817.916,439.78,0.001239,53.0554,226.1667,45.9442,-5.1667,-0.000669,-0.01453,-1.5677,-1.5633,-0.0044,28.573,medium,2.897,True,da=-5.17km[medium]
STARLINK-11241,53deg,phasing,2026-05-04 19:49:42+00:00,2026-05-05 03:19:42+00:00,7.5,6732.151,354.01,0.00037,53.2677,64.4795,81.6949,5.0619,0.000805,0.01824,-1.519,-1.5391,0.0201,-33.1166,medium,2.893,True,da=+5.06km[medium]
STARLINK-30320,53deg,mixed,2026-05-05 21:59:42+00:00,2026-05-06 02:50:42+00:00,4.85,6853.021,474.88,0.000842,53.0151,287.9558,227.0444,-5.1927,0.0008,-0.0175,-0.9573,-0.9436,-0.0137,33.782,medium,2.889,True,da=-5.19km[medium]
STARLINK-37446,SSO,phasing,2026-05-04 21:14:42+00:00,2026-05-05 01:38:42+00:00,4.4,6728.268,350.13,0.001059,97.2065,330.1787,188.9142,-5.0491,0.000422,-0.0018,0.1983,0.1903,0.008,-41.0988,medium,2.888,True,da=-5.05km[medium]
STARLINK-31773,53deg,phasing,2026-05-03 10:36:42+00:00,2026-05-03 18:42:42+00:00,8.1,6848.371,470.23,0.000538,53.2131,29.0194,73.4965,5.1706,0.00069,0.00892,-1.6076,-1.5677,-0.0399,60.3514,medium,2.88,True,da=+5.17km[medium]
STARLINK-30952,53deg,phasing,2026-05-04 19:58:42+00:00,2026-05-05 02:50:42+00:00,6.87,6858.537,480.4,0.000665,43.1296,95.2496,266.1719,5.1818,0.000445,0.02369,-1.5876,-1.6112,0.0236,135.1679,medium,2.88,True,da=+5.18km[medium] | di=+0.0237deg
STARLINK-5841,mid-inc,phasing,2026-05-02 19:02:42+00:00,2026-05-03 03:08:42+00:00,8.1,6953.831,575.69,0.000371,69.8916,307.76,203.5449,-5.29,0.000555,-0.01073,-0.85,-0.8557,0.0058,19.9349,medium,2.88,True,da=-5.29km[medium]
STARLINK-32259,53deg,mixed,2026-05-03 10:31:42+00:00,2026-05-03 18:35:42+00:00,8.07,6847.904,469.77,0.001635,53.0202,235.1362,259.9114,5.1627,-0.000784,0.01902,-1.5928,-1.5685,-0.0243,52.4806,medium,2.876,True,da=+5.16km[medium]
STARLINK-34088,mid-inc,phasing,2026-05-05 18:30:42+00:00,2026-05-05 22:39:42+00:00,4.15,6956.502,578.36,0.000908,69.9413,330.3875,181.9546,-5.2843,0.00014,-0.01096,-0.4232,-0.4368,0.0137,-147.6978,medium,2.875,True,da=-5.28km[medium]
STARLINK-35129,53deg,phasing,2026-05-04 10:03:42+00:00,2026-05-04 20:48:42+00:00,10.75,6852.992,474.86,0.000827,53.1223,346.2717,311.7676,-5.1641,0.000782,-0.02178,-2.0527,-2.0864,0.0337,-51.1004,medium,2.874,True,da=-5.16km[medium] | di=-0.0218deg
STARLINK-32191,53deg,phasing,2026-05-03 18:37:42+00:00,2026-05-04 10:26:42+00:00,15.82,6847.87,469.73,0.000423,53.2346,40.7757,99.5118,5.155,0.000798,0.01243,-3.0706,-3.0604,-0.0102,32.4548,medium,2.872,True,da=+5.16km[medium]
STARLINK-32778,53deg,mixed,2026-05-04 20:25:42+00:00,2026-05-05 02:32:42+00:00,6.12,6866.136,488.0,0.001269,42.9222,321.0006,156.5766,-5.1753,-0.000423,-0.02951,-1.4447,-1.4389,-0.0058,-36.8081,medium,2.871,True,da=-5.18km[medium] | di=-0.0295deg
STARLINK-31895,53deg,mixed,2026-05-04 10:32:42+00:00,2026-05-04 20:06:42+00:00,9.57,6865.895,487.76,0.001232,42.9173,319.2027,25.9561,-5.1607,-0.000426,-0.02743,-2.2534,-2.2509,-0.0025,34.6659,medium,2.864,True,da=-5.16km[medium] | di=-0.0274deg
STARLINK-34019,mid-inc,mixed,2026-05-05 18:26:42+00:00,2026-05-05 22:36:42+00:00,4.17,6945.079,566.94,0.000871,69.9231,330.1304,55.325,-5.2396,0.00133,-0.01075,-0.4488,-0.4415,-0.0073,-143.7478,medium,2.858,True,da=-5.24km[medium] | de=+0.00133
STARLINK-37442,SSO,mixed,2026-05-02 17:42:42+00:00,2026-05-03 01:32:42+00:00,7.83,6695.687,317.55,0.002936,97.2099,327.922,251.3805,4.9582,-0.00086,-0.0059,0.3512,0.3437,0.0074,56.0366,small,2.857,True,da=+4.96km[small]
STARLINK-32742,53deg,mixed,2026-05-02 18:20:42+00:00,2026-05-03 02:38:42+00:00,8.3,6864.874,486.74,0.00121,42.9381,332.0226,145.5358,-5.1405,-0.000648,-0.02906,-1.9048,-1.9532,0.0484,104.0102,medium,2.853,True,da=-5.14km[medium] | di=-0.0291deg
STARLINK-30818,53deg,mixed,2026-05-04 10:46:42+00:00,2026-05-04 19:56:42+00:00,9.17,6867.541,489.4,0.001047,42.892,238.7631,187.5092,-5.1369,-8.2e-05,-0.02116,-2.1925,-2.1557,-0.0367,-57.1373,medium,2.849,True,da=-5.14km[medium] | di=-0.0212deg
STARLINK-5526,mid-inc,phasing,2026-05-05 11:16:42+00:00,2026-05-05 19:24:42+00:00,8.13,6945.34,567.2,0.00132,69.9002,320.9074,234.5839,-5.223,0.000714,-0.00651,-0.864,-0.8625,-0.0015,27.4113,medium,2.849,True,da=-5.22km[medium]
STARLINK-37037,53deg,phasing,2026-05-04 09:37:42+00:00,2026-05-04 21:10:42+00:00,11.55,6840.089,461.95,0.001144,53.0092,279.427,130.4188,-5.101,0.000542,-0.01512,-2.2285,-2.2622,0.0338,139.74,medium,2.846,True,da=-5.10km[medium]
STARLINK-34830,53deg,mixed,2026-05-03 02:04:42+00:00,2026-05-03 10:08:42+00:00,8.07,6852.916,474.78,0.001193,53.101,339.31,48.0376,-5.1074,-0.000751,-0.01621,-1.5938,-1.5663,-0.0274,52.6723,medium,2.842,True,da=-5.11km[medium]
STARLINK-30952,53deg,phasing,2026-05-03 18:56:42+00:00,2026-05-04 10:48:42+00:00,15.87,6859.002,480.87,0.000638,43.1309,101.1087,283.218,5.1147,-0.000254,0.02174,-3.7368,-3.7221,-0.0148,39.9608,medium,2.842,True,da=+5.11km[medium] | di=+0.0217deg
STARLINK-34546,mid-inc,mixed,2026-05-06 02:06:42+00:00,2026-05-06 10:14:42+00:00,8.13,6951.195,573.06,0.000461,70.0316,169.1626,325.7329,5.2111,0.000228,0.01313,-0.8446,-0.8519,0.0073,27.4319,medium,2.838,True,da=+5.21km[medium]
STARLINK-34572,mid-inc,mixed,2026-05-03 10:14:42+00:00,2026-05-03 18:08:42+00:00,7.9,6950.263,572.13,0.000572,70.0163,176.0723,218.3966,5.2029,-0.000106,0.00878,-0.8386,-0.8286,-0.01,-24.9594,medium,2.835,True,da=+5.20km[medium]
STARLINK-31580,53deg,mixed,2026-05-04 19:56:42+00:00,2026-05-05 02:52:42+00:00,6.93,6853.532,475.39,0.00124,53.2126,22.6005,133.9316,-5.0892,0.000295,-0.017,-1.3264,-1.3423,0.0159,152.1886,medium,2.831,True,da=-5.09km[medium]
STARLINK-34801,53deg,mixed,2026-05-05 10:08:42+00:00,2026-05-05 18:12:42+00:00,8.07,6853.032,474.89,0.001202,53.1108,341.7252,47.7739,-5.0854,-0.000773,-0.02077,-1.5997,-1.5659,-0.0338,52.6718,medium,2.83,True,da=-5.09km[medium] | di=-0.0208deg
STARLINK-30916,53deg,mixed,2026-05-05 18:42:42+00:00,2026-05-05 21:56:42+00:00,3.23,6837.551,459.41,0.001265,53.2965,95.4466,297.4917,5.0682,-0.00064,0.01258,-0.6358,-0.628,-0.0078,24.5595,medium,2.83,True,da=+5.07km[medium]
STARLINK-31706,53deg,mixed,2026-05-03 18:38:42+00:00,2026-05-04 10:41:42+00:00,16.05,6851.551,473.41,0.001044,53.2157,27.4204,124.3555,5.0824,-0.000455,0.01304,-3.0563,-3.1011,0.0449,86.0018,medium,2.829,True,da=+5.08km[medium]
STARLINK-31780,53deg,lowering,2026-05-02 18:34:42+00:00,2026-05-03 02:39:42+00:00,8.08,6853.191,475.05,0.000822,53.2309,30.2391,226.3785,-5.0773,0.000771,-0.01823,-1.5951,-1.5646,-0.0305,56.3025,medium,2.825,True,da=-5.08km[medium]
STARLINK-34546,mid-inc,mixed,2026-05-05 02:04:42+00:00,2026-05-05 10:12:42+00:00,8.13,6951.202,573.06,0.000451,70.0257,171.687,325.7931,5.187,0.00024,0.01303,-0.8448,-0.8522,0.0074,27.4355,medium,2.825,True,da=+5.19km[medium]
STARLINK-34848,SSO,mixed,2026-05-02 18:08:42+00:00,2026-05-03 02:11:42+00:00,8.05,6924.245,546.11,0.00137,97.5257,354.4474,133.6863,5.1538,0.000206,-0.00342,0.3259,0.3278,-0.0019,16.9958,medium,2.824,True,da=+5.15km[medium]
STARLINK-36702,SSO,mixed,2026-05-02 09:42:42+00:00,2026-05-02 17:36:42+00:00,7.9,6837.733,459.6,0.002063,97.1681,233.9792,305.6213,5.0587,-0.000779,-0.0026,0.3222,0.3203,0.0019,15.8814,medium,2.824,True,da=+5.06km[medium]
STARLINK-6062,53deg,mixed,2026-05-02 10:52:42+00:00,2026-05-02 18:59:42+00:00,8.12,6864.792,486.65,0.000983,42.9108,217.1448,129.1346,5.0846,-1e-06,0.02454,-1.8674,-1.9052,0.0378,60.9866,medium,2.822,True,da=+5.08km[medium] | di=+0.0245deg
STARLINK-31780,53deg,lowering,2026-05-05 10:34:42+00:00,2026-05-05 18:40:42+00:00,8.1,6858.896,480.76,0.001478,53.2204,17.8296,164.4642,-5.0758,-0.000706,-0.02267,-1.5344,-1.5637,0.0294,60.2287,medium,2.821,True,da=-5.08km[medium] | di=-0.0227deg
STARLINK-31852,53deg,mixed,2026-05-04 10:31:42+00:00,2026-05-04 20:14:42+00:00,9.72,6861.909,483.77,0.000217,42.8877,311.5301,306.9333,5.0786,0.001035,0.01886,-2.2453,-2.2851,0.0398,69.0112,medium,2.82,True,da=+5.08km[medium] | de=+0.00104
STARLINK-32778,53deg,mixed,2026-05-03 10:21:42+00:00,2026-05-03 18:27:42+00:00,8.1,6858.832,480.69,0.000673,42.907,329.0597,261.3886,5.0717,-0.00044,0.01756,-1.9486,-1.9073,-0.0413,58.1567,medium,2.818,True,da=+5.07km[medium]
STARLINK-31699,53deg,mixed,2026-05-04 20:05:42+00:00,2026-05-05 02:46:42+00:00,6.68,6865.424,487.29,0.000457,43.0767,26.0819,330.0149,-5.0675,0.00035,-0.02539,-1.5166,-1.5687,0.0521,93.1943,medium,2.812,True,da=-5.07km[medium] | di=-0.0254deg
STARLINK-31164,53deg,mixed,2026-05-03 10:44:42+00:00,2026-05-03 18:50:42+00:00,8.1,6862.494,484.36,0.000188,42.8523,269.7889,310.3569,5.0646,0.001035,0.02456,-1.8677,-1.9053,0.0376,58.1219,medium,2.812,True,da=+5.06km[medium] | di=+0.0246deg | de=+0.00103
STARLINK-34559,mid-inc,phasing,2026-05-04 10:14:42+00:00,2026-05-04 20:46:42+00:00,10.53,6940.103,561.97,0.001993,70.0076,173.4606,278.29,5.1447,-0.001181,0.01035,-1.1154,-1.1109,-0.0046,-153.2657,medium,2.809,True,da=+5.14km[medium] | de=-0.00118
STARLINK-6095,53deg,mixed,2026-05-04 19:50:42+00:00,2026-05-05 03:15:42+00:00,7.42,6860.061,481.92,0.000525,42.9277,203.7542,247.4915,5.0448,0.000648,0.02989,-1.7949,-1.7446,-0.0503,-98.5115,medium,2.803,True,da=+5.04km[medium] | di=+0.0299deg
STARLINK-32883,53deg,mixed,2026-05-04 10:31:42+00:00,2026-05-04 20:23:42+00:00,9.87,6852.652,474.51,0.001172,53.2676,50.3259,49.3652,5.0347,0.000327,0.01032,-1.9525,-1.9031,-0.0493,106.1371,medium,2.802,True,da=+5.03km[medium]
STARLINK-34523,53deg,mixed,2026-05-05 10:11:42+00:00,2026-05-05 18:16:42+00:00,8.08,6817.452,439.31,0.001188,53.0807,211.9285,131.6537,4.994,-0.000438,0.0169,-1.5506,-1.5943,0.0437,70.9706,small,2.801,True,da=+4.99km[small]
STARLINK-11206,53deg,phasing,2026-05-05 03:14:42+00:00,2026-05-05 11:05:42+00:00,7.85,6737.068,358.93,0.001164,53.047,227.9046,49.8845,-4.9055,-0.000784,-0.01312,-1.6521,-1.6199,-0.0322,49.5268,small,2.8,True,da=-4.91km[small]
STARLINK-32848,53deg,mixed,2026-05-06 02:21:42+00:00,2026-05-06 10:17:42+00:00,7.93,6851.214,473.08,0.000603,53.2638,42.5868,215.7948,-5.0257,0.000582,-0.01888,-1.5385,-1.5359,-0.0025,23.657,medium,2.798,True,da=-5.03km[medium]
STARLINK-36962,53deg,phasing,2026-05-04 21:07:42+00:00,2026-05-05 01:36:42+00:00,4.48,6820.287,442.15,0.000841,53.2989,57.3004,343.5066,-4.9866,0.000381,-0.02421,-0.8892,-0.8812,-0.008,-41.9312,small,2.795,True,da=-4.99km[small] | di=-0.0242deg
STARLINK-31903,53deg,mixed,2026-05-03 02:31:42+00:00,2026-05-03 10:35:42+00:00,8.07,6863.676,485.54,0.000238,42.9075,319.8643,221.7995,-5.0305,0.000465,-0.02365,-1.9352,-1.9003,-0.035,50.5035,medium,2.793,True,da=-5.03km[medium] | di=-0.0237deg
STARLINK-34760,53deg,phasing,2026-05-05 22:47:42+00:00,2026-05-06 02:11:42+00:00,3.4,6853.558,475.42,0.001242,53.0104,261.6723,45.6538,-5.0167,-0.00065,-0.01363,-0.6959,-0.6613,-0.0345,60.9417,medium,2.791,True,da=-5.02km[medium]
STARLINK-34085,mid-inc,mixed,2026-05-02 10:14:42+00:00,2026-05-02 18:21:42+00:00,8.12,6955.877,577.74,0.000632,69.9591,338.7791,192.2224,-5.1248,-3.3e-05,-0.0101,-0.8477,-0.8538,0.0062,23.6705,medium,2.789,True,da=-5.12km[medium]
STARLINK-30934,53deg,mixed,2026-05-03 02:49:42+00:00,2026-05-03 10:55:42+00:00,8.1,6841.288,463.15,0.001288,53.301,107.9668,43.9554,-4.9995,-0.000611,-0.01699,-1.611,-1.5748,-0.0362,65.4767,small,2.789,True,da=-5.00km[small]
STARLINK-30881,53deg,mixed,2026-05-06 02:47:42+00:00,2026-05-06 10:49:42+00:00,8.03,6859.017,480.88,0.00053,42.8854,320.6739,97.696,5.0158,0.000564,0.02289,-1.9162,-1.892,-0.0241,42.9002,medium,2.787,True,da=+5.02km[medium] | di=+0.0229deg
STARLINK-35323,53deg,mixed,2026-05-05 10:03:42+00:00,2026-05-05 18:06:42+00:00,8.05,6847.67,469.53,0.001651,53.0932,341.2633,261.3907,5.0003,-0.000744,0.01018,-1.5941,-1.563,-0.0311,48.6652,medium,2.786,True,da=+5.00km[medium]
STARLINK-31148,53deg,mixed,2026-05-02 18:37:42+00:00,2026-05-03 02:41:42+00:00,8.07,6867.668,489.53,0.001185,42.8785,273.7176,177.72,-5.0195,-0.000981,-0.0233,-1.8718,-1.8973,0.0255,50.4635,medium,2.784,True,da=-5.02km[medium] | di=-0.0233deg
STARLINK-36811,SSO,phasing,2026-05-03 09:40:42+00:00,2026-05-03 17:45:42+00:00,8.08,6842.94,464.8,0.001482,97.1714,311.4916,141.7584,4.9905,-0.000582,-0.00048,0.3254,0.3271,-0.0017,58.1121,small,2.783,True,da=+4.99km[small]
STARLINK-35196,53deg,mixed,2026-05-04 10:02:42+00:00,2026-05-04 20:07:42+00:00,10.08,6850.979,472.84,0.001138,53.0903,204.4689,238.2875,4.9919,0.000289,0.01836,-1.9498,-1.9545,0.0047,155.5506,small,2.779,True,da=+4.99km[small]
STARLINK-5846,mid-inc,mixed,2026-05-03 03:12:42+00:00,2026-05-03 11:06:42+00:00,7.9,6955.981,577.84,0.001089,69.9286,326.8589,169.7026,-5.0887,-2.8e-05,-0.00791,-0.8369,-0.8321,-0.0048,-24.9932,medium,2.769,True,da=-5.09km[medium]
STARLINK-31593,53deg,phasing,2026-05-02 18:30:42+00:00,2026-05-03 02:36:42+00:00,8.1,6867.449,489.31,0.001231,42.9141,313.8118,171.2722,-4.9823,-0.001048,-0.02752,-1.8701,-1.9043,0.0342,58.1597,small,2.764,True,da=-4.98km[small] | di=-0.0275deg | de=-0.00105
STARLINK-11444,53deg,phasing,2026-05-04 10:57:42+00:00,2026-05-04 19:43:42+00:00,8.77,6739.189,361.05,0.001292,42.9852,191.3065,151.7159,-4.8374,-0.000445,-0.01772,-2.1487,-2.1989,0.0502,-91.9741,small,2.76,True,da=-4.84km[small]
STARLINK-6066,53deg,mixed,2026-05-02 19:07:42+00:00,2026-05-03 03:14:42+00:00,8.12,6866.413,488.28,0.00107,42.9206,215.7032,39.9782,-4.9711,-0.000604,-0.01444,-1.952,-1.9088,-0.0432,61.0793,small,2.758,True,da=-4.97km[small]
STARLINK-34559,mid-inc,phasing,2026-05-02 18:03:42+00:00,2026-05-03 02:20:42+00:00,8.28,6941.819,563.68,0.001778,69.9975,177.6924,249.6979,5.0526,-0.000714,0.00923,-0.8908,-0.8733,-0.0175,61.0796,medium,2.758,True,da=+5.05km[medium]
STARLINK-32767,53deg,mixed,2026-05-05 02:35:42+00:00,2026-05-05 10:35:42+00:00,8.0,6865.045,486.91,0.001216,42.9101,318.9612,32.8258,-4.9614,-0.000528,-0.02344,-1.8944,-1.8832,-0.0112,35.2382,small,2.753,True,da=-4.96km[small] | di=-0.0234deg
STARLINK-34909,SSO,mixed,2026-05-05 02:14:42+00:00,2026-05-05 10:07:42+00:00,7.88,6932.909,554.77,0.001498,97.5157,356.7139,165.8041,-5.0295,-9e-06,0.00622,0.3223,0.3203,0.002,-20.7119,medium,2.75,True,da=-5.03km[medium]
STARLINK-31750,53deg,mixed,2026-05-05 22:15:42+00:00,2026-05-06 02:35:42+00:00,4.33,6865.272,487.14,0.001231,43.0626,20.0862,149.2646,-4.9532,-0.000434,-0.02464,-0.9669,-1.0174,0.0505,-86.0088,small,2.749,True,da=-4.95km[small] | di=-0.0246deg
STARLINK-32262,53deg,mixed,2026-05-03 10:28:42+00:00,2026-05-03 18:45:42+00:00,8.28,6732.955,354.82,0.000716,53.1021,203.4639,160.7071,-4.8078,-1.6e-05,-0.0141,-1.7191,-1.7108,-0.0084,155.8066,small,2.747,True,da=-4.81km[small]
STARLINK-31557,53deg,mixed,2026-05-04 10:40:42+00:00,2026-05-04 20:14:42+00:00,9.57,6860.344,482.21,0.000687,42.8619,300.605,115.1245,4.9306,0.000502,0.02039,-2.2575,-2.2526,-0.0049,34.6758,small,2.739,True,da=+4.93km[small] | di=+0.0204deg
STARLINK-31922,53deg,mixed,2026-05-04 10:34:42+00:00,2026-05-04 20:08:42+00:00,9.57,6859.856,481.72,0.000672,42.8905,318.9594,111.546,4.9231,0.00052,0.01731,-2.2622,-2.2522,-0.01,34.6806,small,2.735,True,da=+4.92km[small]
STARLINK-32190,53deg,mixed,2026-05-03 02:32:42+00:00,2026-05-03 10:36:42+00:00,8.07,6859.42,481.28,0.001022,53.2797,43.9188,348.2848,-4.9142,0.000303,-0.01846,-1.5247,-1.5546,0.0299,52.5747,small,2.731,True,da=-4.91km[small]
STARLINK-34797,53deg,mixed,2026-05-04 20:49:42+00:00,2026-05-05 02:12:42+00:00,5.38,6851.156,473.02,0.001017,53.0052,266.9929,56.7894,4.9049,-0.000428,0.01712,-1.0432,-1.0455,0.0023,156.4764,small,2.73,True,da=+4.90km[small]
STARLINK-35462,53deg,mixed,2026-05-06 02:07:42+00:00,2026-05-06 09:50:42+00:00,7.72,6853.308,475.17,0.001243,53.2245,27.0363,133.0532,-4.9054,-0.00064,-0.01886,-1.4791,-1.4937,0.0147,-27.9143,small,2.729,True,da=-4.91km[small]
STARLINK-31156,53deg,raising,2026-05-03 18:54:42+00:00,2026-05-04 10:45:42+00:00,15.85,6859.176,481.04,0.000575,42.8388,268.1275,284.7972,4.8939,-0.000306,0.02048,-3.7596,-3.7358,-0.0238,36.0695,small,2.719,True,da=+4.89km[small] | di=+0.0205deg
STARLINK-34782,53deg,phasing,2026-05-03 18:07:42+00:00,2026-05-04 10:03:42+00:00,15.93,6848.418,470.28,0.001539,52.9941,271.7486,254.4262,4.8707,-0.000729,0.01293,-3.1289,-3.0996,-0.0293,59.121,small,2.713,True,da=+4.87km[small]
STARLINK-30835,53deg,mixed,2026-05-03 02:48:42+00:00,2026-05-03 10:54:42+00:00,8.1,6867.392,489.26,0.000993,42.8878,246.4438,350.35,-4.8855,1.3e-05,-0.0212,-1.8771,-1.905,0.0279,58.1944,small,2.71,True,da=-4.89km[small] | di=-0.0212deg
STARLINK-31857,53deg,mixed,2026-05-03 02:34:42+00:00,2026-05-03 10:40:42+00:00,8.1,6867.35,489.21,0.001026,42.9357,326.4655,351.7208,-4.8852,-3.2e-05,-0.02292,-1.8737,-1.9036,0.0299,58.1671,small,2.71,True,da=-4.89km[small] | di=-0.0229deg
STARLINK-5038,mid-inc,phasing,2026-05-02 19:16:42+00:00,2026-05-03 03:24:42+00:00,8.13,6956.378,578.24,0.001033,69.9817,347.7851,5.735,-4.9788,3.4e-05,-0.01213,-0.8447,-0.8544,0.0097,27.4631,small,2.709,True,da=-4.98km[small]
STARLINK-31954,53deg,mixed,2026-05-05 22:09:42+00:00,2026-05-06 02:37:42+00:00,4.47,6848.051,469.91,0.000491,53.252,131.054,102.7675,4.852,0.000711,0.01559,-0.8331,-0.8639,0.0307,-54.3333,small,2.703,True,da=+4.85km[small]
STARLINK-31852,53deg,mixed,2026-05-03 02:33:42+00:00,2026-05-03 10:38:42+00:00,8.08,6867.629,489.49,0.001181,42.9242,319.0908,173.7569,-4.8697,-0.001032,-0.02321,-1.8711,-1.8998,0.0287,54.2811,small,2.701,True,da=-4.87km[small] | di=-0.0232deg | de=-0.00103
STARLINK-34548,mid-inc,mixed,2026-05-02 10:11:42+00:00,2026-05-02 18:07:42+00:00,7.93,6951.558,573.42,0.000417,70.0132,178.4484,327.1118,-4.9521,0.000688,-0.00862,-0.8356,-0.8341,-0.0014,-17.4866,small,2.697,True,da=-4.95km[small]
STARLINK-37037,53deg,phasing,2026-05-03 17:46:42+00:00,2026-05-04 09:37:42+00:00,15.85,6835.264,457.13,0.000404,52.9977,282.5528,80.2487,4.8253,0.00074,0.01154,-3.1258,-3.1041,-0.0218,50.1702,small,2.695,True,da=+4.83km[small]
STARLINK-30934,53deg,mixed,2026-05-02 18:44:42+00:00,2026-05-03 02:49:42+00:00,8.08,6846.12,467.98,0.000871,53.3158,109.505,342.4583,-4.8319,0.000417,-0.01476,-1.5382,-1.567,0.0288,61.4971,small,2.693,True,da=-4.83km[small]
STARLINK-34019,mid-inc,mixed,2026-05-03 02:15:42+00:00,2026-05-03 10:09:42+00:00,7.9,6951.115,572.98,0.001054,69.9444,336.8775,34.2453,4.9402,1.5e-05,0.00822,-0.8377,-0.8311,-0.0065,-24.9939,small,2.691,True,da=+4.94km[small]
STARLINK-34523,53deg,mixed,2026-05-03 10:16:42+00:00,2026-05-03 18:09:42+00:00,7.88,6822.764,444.63,0.000791,53.0791,221.4227,201.0708,-4.7968,5e-06,-0.01366,-1.5441,-1.5551,0.0111,24.6244,small,2.687,True,da=-4.80km[small]
STARLINK-35290,53deg,phasing,2026-05-06 02:01:42+00:00,2026-05-06 10:07:42+00:00,8.1,6853.993,475.86,0.0007,53.1564,181.157,316.8098,4.8292,0.000777,0.02126,-1.531,-1.5652,0.0342,60.1715,small,2.687,True,da=+4.83km[small] | di=+0.0213deg
STARLINK-35301,53deg,mixed,2026-05-02 09:53:42+00:00,2026-05-02 18:07:42+00:00,8.23,6856.152,478.02,0.000577,53.1213,198.3104,213.2383,-4.8311,0.000501,-0.0146,-1.6363,-1.5951,-0.0412,90.7147,small,2.686,True,da=-4.83km[small]
STARLINK-30233,53deg,phasing,2026-05-04 11:01:42+00:00,2026-05-05 03:03:42+00:00,16.03,6859.885,481.75,0.000704,42.8411,267.9683,66.9185,4.8352,0.000483,0.02423,-3.8266,-3.7774,-0.0492,78.3886,small,2.686,True,da=+4.84km[small] | di=+0.0242deg
STARLINK-31580,53deg,mixed,2026-05-02 18:36:42+00:00,2026-05-03 02:51:42+00:00,8.25,6855.512,477.37,0.000614,53.2404,32.1415,324.0227,-4.8239,0.000341,-0.01638,-1.5478,-1.5945,0.0467,94.6966,small,2.683,True,da=-4.82km[small]
STARLINK-34019,mid-inc,mixed,2026-05-05 02:22:42+00:00,2026-05-05 10:18:42+00:00,7.93,6947.914,569.78,0.000938,69.928,331.8204,45.3753,4.9184,0.000155,0.00758,-0.835,-0.8367,0.0017,-17.5068,small,2.681,True,da=+4.92km[small]
STARLINK-35290,53deg,phasing,2026-05-05 02:07:42+00:00,2026-05-05 10:12:42+00:00,8.08,6852.994,474.86,0.00084,53.141,185.8321,228.1342,-4.8176,0.000715,-0.00891,-1.602,-1.5678,-0.0342,56.3146,small,2.681,True,da=-4.82km[small]
STARLINK-36773,SSO,phasing,2026-05-05 01:46:42+00:00,2026-05-05 09:42:42+00:00,7.93,6845.184,467.05,0.001533,97.1716,313.0475,149.3957,4.7948,-5.2e-05,-0.00077,0.322,0.3207,0.0013,23.6457,small,2.673,True,da=+4.79km[small]
STARLINK-6030,53deg,mixed,2026-05-03 19:22:42+00:00,2026-05-04 11:15:42+00:00,15.88,6862.837,484.7,0.001034,42.9254,210.0833,132.9939,4.8103,0.000164,0.03241,-3.7185,-3.7311,0.0126,43.7183,small,2.671,True,da=+4.81km[small] | di=+0.0324deg
STARLINK-37023,53deg,lowering,2026-05-03 17:39:42+00:00,2026-05-04 09:40:42+00:00,16.02,6852.231,474.09,0.000866,53.0118,282.7587,309.273,4.7974,0.000525,0.01018,-3.0627,-3.1087,0.046,78.3679,small,2.67,True,da=+4.80km[small]
STARLINK-30930,53deg,mixed,2026-05-06 02:48:42+00:00,2026-05-06 10:44:42+00:00,7.93,6841.478,463.34,0.00072,53.3094,93.3519,316.5854,4.7777,0.000203,0.01179,-1.5287,-1.5375,0.0089,26.9196,small,2.665,True,da=+4.78km[small]
STARLINK-35276,53deg,mixed,2026-05-03 18:13:42+00:00,2026-05-04 10:00:42+00:00,15.78,6853.78,475.64,0.001275,53.0888,207.6273,136.1194,4.7879,0.000225,0.02428,-3.0506,-3.055,0.0044,24.7785,small,2.664,True,da=+4.79km[small] | di=+0.0243deg
STARLINK-11241,53deg,phasing,2026-05-05 10:59:42+00:00,2026-05-05 19:01:42+00:00,8.03,6736.032,357.9,0.001038,53.2781,61.3884,54.7828,4.6631,0.000373,0.01225,-1.6954,-1.6451,-0.0503,92.7555,small,2.663,True,da=+4.66km[small]
STARLINK-34030,mid-inc,phasing,2026-05-05 22:39:42+00:00,2026-05-06 02:16:42+00:00,3.62,6950.955,572.82,0.001026,69.9299,329.9684,35.1634,-4.8891,-0.000181,-0.00924,-0.408,-0.3819,-0.0261,92.7335,small,2.663,True,da=-4.89km[small]
STARLINK-34849,53deg,mixed,2026-05-02 10:02:42+00:00,2026-05-02 18:06:42+00:00,8.07,6852.8,474.66,0.000863,53.0769,214.0595,229.317,-4.7851,0.00076,-0.01361,-1.593,-1.5671,-0.0259,52.4905,small,2.663,True,da=-4.79km[small]
STARLINK-30916,53deg,mixed,2026-05-05 21:56:42+00:00,2026-05-06 02:48:42+00:00,4.87,6842.62,464.48,0.000625,53.3091,94.8107,322.0512,4.7656,0.000705,0.01905,-0.9202,-0.9426,0.0224,40.6811,small,2.658,True,da=+4.77km[small]
STARLINK-5038,mid-inc,phasing,2026-05-05 11:33:42+00:00,2026-05-05 19:29:42+00:00,7.93,6946.892,568.76,0.000871,69.9495,341.0409,49.3088,4.8752,0.000206,0.00713,-0.8364,-0.8363,-0.0001,-17.5172,small,2.658,True,da=+4.88km[small]
STARLINK-11206,53deg,phasing,2026-05-04 19:43:42+00:00,2026-05-05 03:14:42+00:00,7.52,6732.418,354.28,0.000462,53.0258,229.4338,79.0606,4.6494,0.000703,0.02119,-1.5292,-1.5511,0.0219,-29.1761,small,2.657,True,da=+4.65km[small] | di=+0.0212deg
STARLINK-34518,53deg,mixed,2026-05-03 18:10:42+00:00,2026-05-04 10:22:42+00:00,16.2,6853.22,475.08,0.000819,53.0607,220.3685,313.0752,-4.7741,-0.000244,-0.00708,-3.1055,-3.1474,0.0419,120.4767,small,2.656,True,da=-4.77km[small]
STARLINK-35274,53deg,mixed,2026-05-05 22:54:42+00:00,2026-05-06 02:08:42+00:00,3.23,6856.789,478.65,0.00147,53.114,339.3879,29.9026,-4.7637,-0.000371,-0.01793,-0.6236,-0.6263,0.0027,22.5892,small,2.649,True,da=-4.76km[small]
STARLINK-32667,53deg,mixed,2026-05-04 10:34:42+00:00,2026-05-04 20:18:42+00:00,9.73,6861.906,483.77,0.00025,42.8932,315.2336,306.7265,4.7554,0.001025,0.0171,-2.2464,-2.289,0.0426,72.8204,small,2.641,True,da=+4.76km[small] | de=+0.00102
STARLINK-31741,53deg,mixed,2026-05-02 10:32:42+00:00,2026-05-02 18:39:42+00:00,8.12,6867.238,489.1,0.001272,43.113,39.4374,165.7448,-4.7442,-0.001079,-0.02518,-1.8667,-1.9021,0.0354,61.9702,small,2.632,True,da=-4.74km[small] | di=-0.0252deg | de=-0.00108
STARLINK-30925,53deg,mixed,2026-05-05 22:00:42+00:00,2026-05-06 02:52:42+00:00,4.87,6859.252,481.12,0.000584,43.1303,89.1537,104.0573,4.7267,0.000578,0.02443,-1.155,-1.1416,-0.0134,36.4865,small,2.627,True,da=+4.73km[small] | di=+0.0244deg
STARLINK-37054,53deg,mixed,2026-05-05 17:48:42+00:00,2026-05-05 23:11:42+00:00,5.38,6853.563,475.43,0.001255,53.0133,273.0592,45.1174,4.7165,-0.000508,0.01224,-1.0512,-1.0441,-0.0071,156.5136,small,2.624,True,da=+4.72km[small]
STARLINK-36708,SSO,phasing,2026-05-02 09:42:42+00:00,2026-05-02 17:37:42+00:00,7.92,6849.035,470.9,0.000946,97.164,233.1653,193.9445,-4.7098,0.000102,0.00093,0.3216,0.3198,0.0018,19.7688,small,2.623,True,da=-4.71km[small]
STARLINK-31740,53deg,mixed,2026-05-02 10:32:42+00:00,2026-05-02 18:37:42+00:00,8.08,6854.218,476.08,0.000688,53.241,33.6122,318.0153,4.7149,0.000803,0.00917,-1.5304,-1.559,0.0286,56.3915,small,2.623,True,da=+4.71km[small]
STARLINK-11253,53deg,phasing,2026-05-05 11:06:42+00:00,2026-05-05 19:08:42+00:00,8.03,6736.013,357.88,0.001061,53.278,61.4215,54.575,4.5913,0.000366,0.01165,-1.6958,-1.6452,-0.0507,92.7856,small,2.622,True,da=+4.59km[small]
STARLINK-34375,53deg,mixed,2026-05-02 10:14:42+00:00,2026-05-02 18:07:42+00:00,7.88,6817.923,439.79,0.001257,53.0554,226.1566,46.0004,-4.6746,-0.000577,-0.01295,-1.5617,-1.5598,-0.0019,24.7005,small,2.621,True,da=-4.67km[small]
STARLINK-34800,53deg,phasing,2026-05-05 22:50:42+00:00,2026-05-06 02:04:42+00:00,3.23,6852.071,473.93,0.001078,53.0049,261.4751,127.1039,4.703,0.000362,0.01748,-0.624,-0.6277,0.0037,22.5664,small,2.617,True,da=+4.70km[small]
STARLINK-32042,53deg,mixed,2026-05-02 10:22:42+00:00,2026-05-02 18:37:42+00:00,8.25,6850.756,472.62,0.000976,53.2308,146.8797,121.6548,4.6998,-0.000363,0.01869,-1.5498,-1.5942,0.0443,94.6786,small,2.616,True,da=+4.70km[small]
STARLINK-35270,53deg,mixed,2026-05-05 17:59:42+00:00,2026-05-05 23:01:42+00:00,5.03,6842.486,464.35,0.001365,53.3087,105.674,39.0449,-4.6862,-0.000477,-0.01841,-1.0263,-0.9777,-0.0486,79.2686,small,2.614,True,da=-4.69km[small]
STARLINK-32710,53deg,mixed,2026-05-04 10:35:42+00:00,2026-05-04 20:17:42+00:00,9.7,6863.915,485.78,0.001118,42.9152,322.5454,40.2207,-4.704,-0.000528,-0.02543,-2.3307,-2.2843,-0.0464,65.3329,small,2.611,True,da=-4.70km[small] | di=-0.0254deg
STARLINK-31148,53deg,mixed,2026-05-04 19:55:42+00:00,2026-05-05 02:50:42+00:00,6.92,6864.821,486.68,0.000476,42.8677,262.0627,327.3816,-4.7019,0.000262,-0.02115,-1.6285,-1.6293,0.0008,146.8226,small,2.61,True,da=-4.70km[small] | di=-0.0211deg
STARLINK-35367,53deg,mixed,2026-05-04 20:58:42+00:00,2026-05-05 02:14:42+00:00,5.27,6839.81,461.67,0.000882,53.2947,109.5715,308.994,-4.6775,-0.000514,-0.01315,-0.9969,-1.0247,0.0278,132.876,small,2.61,True,da=-4.68km[small]
STARLINK-34559,mid-inc,phasing,2026-05-04 20:46:42+00:00,2026-05-05 02:10:42+00:00,5.4,6945.248,567.11,0.000812,70.0179,172.3452,125.0243,-4.7839,0.001165,-0.00923,-0.5495,-0.5694,0.0199,133.2749,small,2.609,True,da=-4.78km[small] | de=+0.00117
STARLINK-30835,53deg,mixed,2026-05-03 18:50:42+00:00,2026-05-04 10:51:42+00:00,16.02,6859.758,481.62,0.00072,42.8563,242.6925,68.5602,4.6842,0.000448,0.02468,-3.8319,-3.7729,-0.059,74.4032,small,2.603,True,da=+4.68km[small] | di=+0.0247deg
STARLINK-30233,53deg,phasing,2026-05-02 18:53:42+00:00,2026-05-03 03:00:42+00:00,8.12,6863.907,485.77,0.000316,42.8616,277.451,220.1399,-4.6819,0.000322,-0.02251,-1.9564,-1.9131,-0.0433,61.9426,small,2.599,True,da=-4.68km[small] | di=-0.0225deg
STARLINK-6081,53deg,mixed,2026-05-02 19:07:42+00:00,2026-05-03 03:13:42+00:00,8.1,6862.738,484.6,0.001012,42.914,215.4216,132.6079,4.6744,-9.6e-05,0.02802,-1.8696,-1.9033,0.0337,58.1773,small,2.595,True,da=+4.67km[small] | di=+0.0280deg
STARLINK-36702,SSO,mixed,2026-05-03 01:51:42+00:00,2026-05-03 09:46:42+00:00,7.92,6836.607,458.47,0.001052,97.1706,234.6313,57.9246,-4.6447,-0.00044,-0.00113,0.3299,0.3221,0.0077,19.8298,small,2.594,True,da=-4.64km[small]
STARLINK-34574,mid-inc,phasing,2026-05-05 02:12:42+00:00,2026-05-05 10:08:42+00:00,7.93,6952.821,574.68,0.000963,70.0281,171.8971,152.3937,-4.7618,-0.000155,-0.00178,-0.8346,-0.8328,-0.0018,-17.5141,small,2.593,True,da=-4.76km[small]
STARLINK-30923,53deg,raising,2026-05-02 18:51:42+00:00,2026-05-03 02:51:42+00:00,8.0,6848.08,469.94,0.000686,53.3041,109.4486,322.1651,4.6516,0.000681,0.01496,-1.5305,-1.5454,0.015,40.0657,small,2.591,True,da=+4.65km[small]
STARLINK-30964,53deg,mixed,2026-05-06 02:51:42+00:00,2026-05-06 10:50:42+00:00,7.98,6865.776,487.64,0.000627,43.1641,87.8805,207.4982,-4.6565,-0.000238,-0.02327,-1.8687,-1.8706,0.002,31.3658,small,2.584,True,da=-4.66km[small] | di=-0.0233deg
STARLINK-31625,53deg,mixed,2026-05-05 18:43:42+00:00,2026-05-05 22:10:42+00:00,3.45,6866.631,488.49,0.00076,43.1584,71.8705,340.5663,-4.6576,0.00017,-0.02276,-0.7666,-0.8081,0.0415,71.4298,small,2.584,True,da=-4.66km[small] | di=-0.0228deg
STARLINK-5038,mid-inc,phasing,2026-05-03 03:24:42+00:00,2026-05-03 11:18:42+00:00,7.9,6951.399,573.26,0.001067,69.9696,346.9403,33.198,4.742,6e-06,0.00734,-0.8374,-0.8301,-0.0074,-24.9991,small,2.583,True,da=+4.74km[small]
STARLINK-34046,mid-inc,mixed,2026-05-05 02:21:42+00:00,2026-05-05 10:26:42+00:00,8.08,6946.904,568.77,0.000893,69.9268,331.9804,130.8116,4.7358,0.000171,0.00749,-0.8465,-0.853,0.0065,16.2153,small,2.582,True,da=+4.74km[small]
STARLINK-32040,53deg,mixed,2026-05-05 10:39:42+00:00,2026-05-05 18:42:42+00:00,8.05,6847.796,469.66,0.00165,53.2503,132.7473,260.8862,4.6276,-0.000717,0.01742,-1.586,-1.5572,-0.0287,48.6491,small,2.578,True,da=+4.63km[small]
STARLINK-35022,53deg,mixed,2026-05-02 09:55:42+00:00,2026-05-02 18:09:42+00:00,8.23,6846.541,468.4,0.001091,53.106,342.3869,302.2077,4.6229,0.000293,0.01009,-1.5585,-1.5992,0.0407,92.6542,small,2.576,True,da=+4.62km[small]
STARLINK-37447,SSO,mixed,2026-05-03 01:33:42+00:00,2026-05-03 09:32:42+00:00,7.98,6700.691,322.55,0.002006,97.2037,328.2721,307.1344,4.4735,-0.000528,0.00217,0.3427,0.3494,-0.0066,91.7402,small,2.575,True,da=+4.47km[small]
STARLINK-6062,53deg,mixed,2026-05-06 03:01:42+00:00,2026-05-06 11:01:42+00:00,8.0,6869.331,491.19,0.00118,42.9816,196.4369,180.2854,-4.6378,-0.000748,-0.00872,-1.8552,-1.8765,0.0213,34.8724,small,2.571,True,da=-4.64km[small]
STARLINK-34523,53deg,mixed,2026-05-03 18:09:42+00:00,2026-05-04 10:23:42+00:00,16.23,6817.967,439.83,0.000795,53.0654,219.8786,225.6952,4.5837,0.000699,0.0224,-3.213,-3.2022,-0.0108,157.0909,small,2.57,True,da=+4.58km[small] | di=+0.0224deg
STARLINK-32013,53deg,lowering,2026-05-04 10:33:42+00:00,2026-05-04 20:15:42+00:00,9.7,6853.769,475.63,0.000759,53.2586,137.9326,224.4741,-4.6191,0.000638,-0.01016,-1.9141,-1.8754,-0.0387,67.5596,small,2.57,True,da=-4.62km[small]
STARLINK-31906,53deg,mixed,2026-05-05 10:34:42+00:00,2026-05-05 18:42:42+00:00,8.13,6863.832,485.69,0.001108,42.8991,313.779,40.3206,-4.6272,-0.000512,-0.02252,-1.9632,-1.9159,-0.0473,65.9493,small,2.569,True,da=-4.63km[small] | di=-0.0225deg
STARLINK-30844,53deg,lowering,2026-05-04 10:43:42+00:00,2026-05-04 19:55:42+00:00,9.2,6862.784,484.65,0.000235,43.1432,97.6348,226.311,4.6248,0.00096,0.02469,-2.1928,-2.1538,-0.039,-49.3361,small,2.568,True,da=+4.62km[small] | di=+0.0247deg
STARLINK-35295,53deg,lowering,2026-05-03 18:07:42+00:00,2026-05-04 10:07:42+00:00,16.0,6857.517,479.38,0.00149,53.1412,349.5506,153.8615,-4.6177,-0.000637,-0.01999,-3.0498,-3.0963,0.0465,74.4613,small,2.567,True,da=-4.62km[small]
STARLINK-36715,SSO,phasing,2026-05-02 09:40:42+00:00,2026-05-02 17:35:42+00:00,7.92,6849.177,471.04,0.000941,97.1627,233.9322,193.1283,-4.6074,5.2e-05,0.00108,0.3216,0.3198,0.0018,19.7672,small,2.566,True,da=-4.61km[small]
STARLINK-35276,53deg,mixed,2026-05-06 02:11:42+00:00,2026-05-06 10:07:42+00:00,7.93,6856.949,478.81,0.001434,53.1266,196.8332,29.0791,-4.6114,-0.000302,-0.00893,-1.5361,-1.536,-0.0,21.9504,small,2.564,True,da=-4.61km[small]
STARLINK-35299,53deg,phasing,2026-05-05 10:02:42+00:00,2026-05-05 18:07:42+00:00,8.08,6852.966,474.83,0.001152,53.1112,341.7008,48.0758,-4.6068,-0.000662,-0.01951,-1.606,-1.569,-0.037,56.5037,small,2.563,True,da=-4.61km[small]
STARLINK-36382,SSO,mixed,2026-05-05 09:48:42+00:00,2026-05-05 17:44:42+00:00,7.93,6828.907,450.77,0.003008,97.1809,313.4066,275.7092,4.5807,-0.000719,-0.00062,0.3309,0.3238,0.0071,24.5345,small,2.562,True,da=+4.58km[small]
STARLINK-34490,53deg,mixed,2026-05-05 22:46:42+00:00,2026-05-06 02:11:42+00:00,3.42,6853.718,475.58,0.001234,53.085,210.2124,135.8251,4.6037,-0.000489,0.01636,-0.6212,-0.6615,0.0403,64.6867,small,2.561,True,da=+4.60km[small]
STARLINK-34518,53deg,mixed,2026-05-05 18:21:42+00:00,2026-05-05 22:51:42+00:00,4.5,6855.121,476.98,0.000625,53.0848,211.0795,218.9192,4.6041,0.000765,0.0191,-0.901,-0.8706,-0.0304,-46.5395,small,2.561,True,da=+4.60km[small]
STARLINK-30921,53deg,mixed,2026-05-06 02:50:42+00:00,2026-05-06 10:45:42+00:00,7.92,6837.241,459.1,0.000814,53.2957,93.7605,115.1499,4.5855,0.000517,0.01138,-1.542,-1.5382,-0.0037,23.1378,small,2.56,True,da=+4.59km[small]
STARLINK-37103,53deg,mixed,2026-05-05 01:44:42+00:00,2026-05-05 09:38:42+00:00,7.9,6795.515,417.38,0.000965,53.2783,57.3642,232.4495,-4.5395,0.000743,-0.01932,-1.5936,-1.5731,-0.0205,36.9239,small,2.558,True,da=-4.54km[small]
STARLINK-32783,53deg,lowering,2026-05-06 02:21:42+00:00,2026-05-06 10:26:42+00:00,8.08,6863.557,485.42,0.001101,42.8942,313.462,42.7037,-4.605,-0.000593,-0.02183,-1.9445,-1.9045,-0.04,54.4049,small,2.556,True,da=-4.61km[small] | di=-0.0218deg
STARLINK-30818,53deg,mixed,2026-05-05 02:47:42+00:00,2026-05-05 10:52:42+00:00,8.08,6858.751,480.61,0.000651,42.8615,234.9916,261.7466,4.5982,-0.000504,0.02139,-1.9485,-1.905,-0.0435,54.3501,small,2.555,True,da=+4.60km[small] | di=+0.0214deg
STARLINK-37103,53deg,mixed,2026-05-02 09:48:42+00:00,2026-05-02 17:38:42+00:00,7.83,6795.211,417.07,0.001097,53.2903,70.033,126.1421,4.5321,0.000334,0.01596,-1.5554,-1.5554,0.0,21.5065,small,2.554,True,da=+4.53km[small]
STARLINK-30898,53deg,mixed,2026-05-05 10:44:42+00:00,2026-05-05 18:48:42+00:00,8.07,6840.407,462.27,0.000879,53.3018,97.082,228.1264,-4.575,0.000664,-0.01111,-1.6035,-1.5687,-0.0348,57.5418,small,2.553,True,da=-4.57km[small]
STARLINK-34438,53deg,mixed,2026-05-05 22:50:42+00:00,2026-05-06 02:04:42+00:00,3.23,6854.695,476.56,0.000659,53.2325,28.1876,220.553,-4.5869,0.000636,-0.01678,-0.6279,-0.6253,-0.0027,22.5066,small,2.551,True,da=-4.59km[small]
STARLINK-36718,SSO,phasing,2026-05-06 01:55:42+00:00,2026-05-06 09:40:42+00:00,7.75,6837.07,458.93,0.001076,97.1657,237.6306,123.7711,-4.5661,-0.000285,-0.00138,0.3187,0.3151,0.0036,-18.6082,small,2.55,True,da=-4.57km[small]
STARLINK-37366,SSO,mixed,2026-05-05 01:39:42+00:00,2026-05-05 09:38:42+00:00,7.98,6722.096,343.96,0.001492,97.2052,330.3745,143.7704,-4.4503,0.000346,0.00762,0.3377,0.3465,-0.0088,85.0369,small,2.549,True,da=-4.45km[small]
STARLINK-35022,53deg,mixed,2026-05-05 10:02:42+00:00,2026-05-05 18:18:42+00:00,8.27,6850.247,472.11,0.000609,53.0866,328.3835,320.5806,-4.5666,0.000286,-0.01755,-1.5653,-1.6077,0.0424,100.4274,small,2.543,True,da=-4.57km[small]
STARLINK-32189,53deg,mixed,2026-05-02 18:31:42+00:00,2026-05-03 02:36:42+00:00,8.08,6848.229,470.09,0.001564,53.2448,45.5949,254.9767,4.5417,-0.000692,0.0143,-1.5968,-1.5636,-0.0332,56.3068,small,2.53,True,da=+4.54km[small]
STARLINK-32710,53deg,mixed,2026-05-03 18:24:42+00:00,2026-05-04 10:35:42+00:00,16.18,6859.365,481.23,0.000597,42.9031,326.3121,287.7092,4.5494,0.000521,0.0121,-3.7667,-3.8106,0.0439,112.5115,small,2.528,True,da=+4.55km[small]
STARLINK-34088,mid-inc,phasing,2026-05-06 02:15:42+00:00,2026-05-06 10:20:42+00:00,8.08,6944.801,566.66,0.000805,69.9188,329.5589,123.241,4.634,0.000175,0.00745,-0.8486,-0.8543,0.0057,16.229,small,2.528,True,da=+4.63km[small]
STARLINK-30882,53deg,phasing,2026-05-03 18:54:42+00:00,2026-05-04 10:48:42+00:00,15.9,6848.83,470.69,0.001507,53.3196,104.7053,162.5888,-4.5373,-0.00076,-0.01503,-3.0513,-3.0775,0.0262,59.5027,small,2.527,True,da=-4.54km[small]
STARLINK-35129,53deg,phasing,2026-05-02 10:00:42+00:00,2026-05-02 18:04:42+00:00,8.07,6848.04,469.9,0.000479,53.1297,355.6092,76.7644,4.5339,0.000668,0.00753,-1.6008,-1.5649,-0.0359,52.6794,small,2.526,True,da=+4.53km[small]
STARLINK-35336,53deg,mixed,2026-05-05 02:05:42+00:00,2026-05-05 10:10:42+00:00,8.08,6848.323,470.19,0.000533,53.0924,201.1375,74.7275,4.5161,0.000645,0.01782,-1.6052,-1.5691,-0.0361,56.5172,small,2.516,True,da=+4.52km[small]
STARLINK-5846,mid-inc,mixed,2026-05-02 19:05:42+00:00,2026-05-03 03:12:42+00:00,8.12,6951.365,573.23,0.001067,69.9266,327.7056,145.9858,4.6164,2.1e-05,0.00203,-0.8467,-0.8547,0.008,23.7168,small,2.514,True,da=+4.62km[small]
STARLINK-30923,53deg,raising,2026-05-05 18:49:42+00:00,2026-05-05 22:03:42+00:00,3.23,6846.485,468.35,0.000797,53.3078,95.4946,315.8495,4.5097,2.9e-05,0.0109,-0.6223,-0.6251,0.0029,23.7158,small,2.513,True,da=+4.51km[small]
STARLINK-31954,53deg,mixed,2026-05-05 10:40:42+00:00,2026-05-05 18:45:42+00:00,8.08,6858.92,480.78,0.000938,53.2831,133.2712,345.407,-4.5124,0.000388,-0.0117,-1.5256,-1.5578,0.0322,56.3981,small,2.508,True,da=-4.51km[small]
STARLINK-32848,53deg,mixed,2026-05-05 10:21:42+00:00,2026-05-05 18:26:42+00:00,8.08,6849.704,471.57,0.001315,53.2648,45.6397,137.6938,4.5002,-0.000427,0.0098,-1.5311,-1.5618,0.0307,58.2581,small,2.506,True,da=+4.50km[small]
STARLINK-31724,53deg,lowering,2026-05-04 20:05:42+00:00,2026-05-05 02:55:42+00:00,6.83,6858.718,480.58,0.000734,42.9564,350.2085,276.4104,4.5033,0.000379,0.01299,-1.5692,-1.6082,0.0389,127.5493,small,2.503,True,da=+4.50km[small]
STARLINK-34030,mid-inc,phasing,2026-05-03 18:26:42+00:00,2026-05-04 10:18:42+00:00,15.87,6956.463,578.33,0.000869,69.9522,335.4438,182.9492,-4.5982,0.00017,-0.01096,-1.6794,-1.6689,-0.0104,-34.9868,small,2.502,True,da=-4.60km[small]
STARLINK-35453,53deg,lowering,2026-05-04 10:08:42+00:00,2026-05-04 20:56:42+00:00,10.8,6855.319,477.18,0.00139,53.2495,35.3548,37.045,4.4951,-0.000168,0.00973,-2.1172,-2.0815,-0.0357,-39.719,small,2.5,True,da=+4.50km[small]
STARLINK-33860,mid-inc,phasing,2026-05-05 02:28:42+00:00,2026-05-05 10:20:42+00:00,7.87,6956.363,578.23,0.000961,69.9404,331.8735,0.3021,-4.5948,-0.000472,-0.00653,-0.8377,-0.8279,-0.0098,-32.4396,small,2.5,True,da=-4.59km[small]
STARLINK-35231,53deg,mixed,2026-05-05 22:57:42+00:00,2026-05-06 02:11:42+00:00,3.23,6857.85,479.71,0.001497,53.1688,182.4053,24.2118,-4.4958,-0.000291,-0.01491,-0.6211,-0.6251,0.004,22.5826,small,2.499,True,da=-4.50km[small]
STARLINK-30938,53deg,lowering,2026-05-05 18:45:42+00:00,2026-05-05 22:00:42+00:00,3.25,6859.286,481.15,0.000944,53.3225,95.7943,192.9911,-4.4966,-0.000289,-0.01688,-0.6184,-0.6257,0.0073,26.3565,small,2.499,True,da=-4.50km[small]
STARLINK-35131,53deg,phasing,2026-05-02 18:04:42+00:00,2026-05-03 02:09:42+00:00,8.08,6858.966,480.83,0.001469,53.158,353.9497,164.3761,-4.4925,-0.000801,-0.01659,-1.5246,-1.5624,0.0378,56.3693,small,2.497,True,da=-4.49km[small]
STARLINK-35308,53deg,raising,2026-05-05 22:55:42+00:00,2026-05-06 02:09:42+00:00,3.23,6853.251,475.11,0.000788,53.1549,181.7816,313.2395,4.4883,-0.000105,0.01302,-0.6216,-0.6252,0.0036,22.5312,small,2.497,True,da=+4.49km[small]
STARLINK-5529,mid-inc,phasing,2026-05-04 11:18:42+00:00,2026-05-04 19:37:42+00:00,8.32,6947.505,569.37,0.001055,69.9086,323.4529,227.168,-4.5783,0.000654,-0.00554,-0.8986,-0.8805,-0.0181,68.5226,small,2.496,True,da=-4.58km[small]
STARLINK-37366,SSO,mixed,2026-05-03 01:36:42+00:00,2026-05-03 09:39:42+00:00,8.05,6701.144,323.01,0.002137,97.204,328.2689,306.0996,4.3344,-0.000889,0.00414,0.3449,0.3523,-0.0073,106.3205,small,2.494,True,da=+4.33km[small]
STARLINK-11207,53deg,mixed,2026-05-03 19:06:42+00:00,2026-05-04 11:00:42+00:00,15.9,6731.777,353.64,0.001712,53.2717,69.0362,268.3185,4.3617,-0.000645,0.01194,-3.2364,-3.2641,0.0277,145.8089,small,2.493,True,da=+4.36km[small]
STARLINK-36782,SSO,mixed,2026-05-05 17:53:42+00:00,2026-05-05 23:15:42+00:00,5.37,6835.729,457.59,0.001049,97.1814,313.8064,119.0345,-4.4569,0.002025,-0.00055,0.2155,0.2188,-0.0033,153.5361,small,2.489,True,da=-4.46km[small] | de=+0.00203
STARLINK-30818,53deg,mixed,2026-05-06 02:45:42+00:00,2026-05-06 10:48:42+00:00,8.05,6867.465,489.33,0.001119,42.9099,229.3309,359.8481,-4.4858,-0.000121,-0.01897,-1.8731,-1.8923,0.0192,46.7066,small,2.488,True,da=-4.49km[small]
STARLINK-6030,53deg,mixed,2026-05-04 19:43:42+00:00,2026-05-05 03:17:42+00:00,7.57,6863.798,485.66,0.000286,42.943,204.3467,318.9035,-4.4821,0.000307,-0.01424,-1.7403,-1.781,0.0407,-64.1166,small,2.488,True,da=-4.48km[small]
STARLINK-34528,53deg,mixed,2026-05-03 10:13:42+00:00,2026-05-03 18:05:42+00:00,7.87,6821.209,443.07,0.000609,53.0741,221.394,210.5466,-4.4365,0.000346,-0.01237,-1.5463,-1.5531,0.0068,20.76,small,2.486,True,da=-4.44km[small]
STARLINK-32883,53deg,mixed,2026-05-05 02:18:42+00:00,2026-05-05 10:23:42+00:00,8.08,6848.263,470.13,0.000568,53.2501,47.2636,74.1665,4.4626,0.000631,0.00923,-1.598,-1.5635,-0.0344,56.5411,small,2.486,True,da=+4.46km[small]
STARLINK-34518,53deg,mixed,2026-05-05 10:05:42+00:00,2026-05-05 18:21:42+00:00,8.27,6850.658,472.52,0.000917,53.0701,212.6338,120.3802,4.4626,-0.000292,0.01467,-1.5543,-1.6036,0.0494,98.539,small,2.484,True,da=+4.46km[small]
STARLINK-31622,53deg,mixed,2026-05-02 18:34:42+00:00,2026-05-03 02:52:42+00:00,8.3,6859.957,481.82,0.000497,43.1346,88.9385,292.4571,4.4631,0.000663,0.01939,-1.901,-1.9463,0.0453,103.9926,small,2.48,True,da=+4.46km[small]
STARLINK-36385,SSO,mixed,2026-05-02 17:57:42+00:00,2026-05-03 01:52:42+00:00,7.92,6849.329,471.19,0.000975,97.1609,234.3787,192.1898,-4.4484,1.3e-05,0.00566,0.322,0.3197,0.0022,19.7713,small,2.477,True,da=-4.45km[small]
STARLINK-35231,53deg,mixed,2026-05-03 09:57:42+00:00,2026-05-03 18:11:42+00:00,8.23,6851.443,473.31,0.001056,53.1188,194.2156,55.1484,4.4459,0.000369,0.01429,-1.6371,-1.5948,-0.0424,91.0376,small,2.475,True,da=+4.45km[small]
STARLINK-31706,53deg,mixed,2026-05-04 10:41:42+00:00,2026-05-04 20:11:42+00:00,9.5,6856.634,478.5,0.000589,53.2287,24.3642,210.3574,-4.4488,0.000366,-0.01976,-1.8389,-1.8354,-0.0034,21.7142,small,2.473,True,da=-4.45km[small]
STARLINK-34046,mid-inc,mixed,2026-05-05 10:26:42+00:00,2026-05-05 18:33:42+00:00,8.12,6951.64,573.5,0.001064,69.9343,331.1339,147.0269,4.5394,1.8e-05,0.00576,-0.8466,-0.8543,0.0077,23.6789,small,2.472,True,da=+4.54km[small]
STARLINK-5038,mid-inc,phasing,2026-05-05 03:28:42+00:00,2026-05-05 11:33:42+00:00,8.08,6951.425,573.29,0.001062,69.9566,341.8883,33.0756,-4.5328,-0.00019,-0.00711,-0.8474,-0.8521,0.0047,16.2332,small,2.469,True,da=-4.53km[small]
STARLINK-36792,SSO,phasing,2026-05-03 09:44:42+00:00,2026-05-03 17:38:42+00:00,7.9,6842.914,464.78,0.001288,97.1712,311.4113,321.8601,4.4214,-0.000396,-0.00066,0.3242,0.3197,0.0045,15.9561,small,2.466,True,da=+4.42km[small]
STARLINK-30934,53deg,mixed,2026-05-04 20:00:42+00:00,2026-05-05 02:55:42+00:00,6.92,6846.821,468.68,0.001442,53.324,99.9308,168.1456,-4.4248,-0.000797,-0.01252,-1.362,-1.3399,-0.0221,152.6178,small,2.465,True,da=-4.42km[small]
STARLINK-35035,53deg,mixed,2026-05-05 22:42:42+00:00,2026-05-06 02:07:42+00:00,3.42,6853.458,475.32,0.000785,53.0742,326.2233,225.6492,-4.4278,0.000669,-0.01828,-0.7014,-0.6635,-0.0379,64.5627,small,2.464,True,da=-4.43km[small]
STARLINK-36792,SSO,phasing,2026-05-05 01:42:42+00:00,2026-05-05 09:37:42+00:00,7.92,6845.175,467.04,0.001536,97.1716,313.0512,149.1106,4.4174,-0.0,-0.00047,0.3219,0.32,0.0019,19.791,small,2.462,True,da=+4.42km[small]
STARLINK-37029,53deg,mixed,2026-05-05 23:10:42+00:00,2026-05-06 01:38:42+00:00,2.47,6803.407,425.27,0.001241,53.2962,53.0637,182.9392,-4.3765,0.000152,-0.0136,-0.4679,-0.4889,0.021,-146.6515,small,2.462,True,da=-4.38km[small]
STARLINK-36702,SSO,mixed,2026-05-05 17:45:42+00:00,2026-05-05 23:09:42+00:00,5.4,6849.11,470.97,0.000977,97.1571,237.2619,346.3404,-4.4178,0.000556,0.00344,0.2234,0.218,0.0054,161.5104,small,2.46,True,da=-4.42km[small]
STARLINK-37037,53deg,phasing,2026-05-05 01:40:42+00:00,2026-05-05 09:35:42+00:00,7.92,6840.876,462.74,0.000824,53.0117,276.3444,226.5083,-4.397,0.000644,-0.01599,-1.5547,-1.5496,-0.0051,23.06,small,2.453,True,da=-4.40km[small]
STARLINK-30320,53deg,mixed,2026-05-05 19:07:42+00:00,2026-05-05 21:59:42+00:00,2.87,6848.617,470.48,0.001481,53.0021,288.4725,288.566,4.4037,-0.000639,0.013,-0.5167,-0.5576,0.0409,-61.5216,small,2.453,True,da=+4.40km[small]
STARLINK-30921,53deg,mixed,2026-05-02 10:44:42+00:00,2026-05-02 18:47:42+00:00,8.05,6846.552,468.42,0.000992,53.3129,110.8989,346.7416,-4.3923,0.000351,-0.0109,-1.5297,-1.5601,0.0304,53.8128,small,2.447,True,da=-4.39km[small]
STARLINK-32001,53deg,mixed,2026-05-03 18:42:42+00:00,2026-05-04 10:28:42+00:00,15.77,6854.883,476.75,0.001364,53.258,140.5713,39.4543,-4.3969,-0.000422,-0.00821,-3.0516,-3.0463,-0.0053,20.9541,small,2.446,True,da=-4.40km[small]
STARLINK-37370,SSO,mixed,2026-05-04 21:15:42+00:00,2026-05-05 01:42:42+00:00,4.45,6728.758,350.62,0.001334,97.206,330.176,180.8878,-4.2759,0.000242,-0.00208,0.1986,0.1923,0.0063,-29.2954,small,2.445,True,da=-4.28km[small]
STARLINK-32747,53deg,mixed,2026-05-02 18:22:42+00:00,2026-05-03 02:28:42+00:00,8.1,6859.047,480.91,0.000654,42.9157,332.6739,258.3936,4.3971,-0.000381,0.01295,-1.945,-1.9072,-0.0378,58.1347,small,2.444,True,da=+4.40km[small]
STARLINK-31922,53deg,mixed,2026-05-06 02:39:42+00:00,2026-05-06 10:38:42+00:00,7.98,6862.085,483.95,0.000249,42.8799,309.5017,306.8797,4.3995,0.000472,0.01861,-1.8771,-1.8779,0.0007,31.3707,small,2.443,True,da=+4.40km[small]
STARLINK-31922,53deg,mixed,2026-05-03 18:33:42+00:00,2026-05-04 10:34:42+00:00,16.02,6864.253,486.12,0.001126,42.9175,322.7815,37.1086,-4.397,-0.000455,-0.02695,-3.8221,-3.7709,-0.0513,74.4374,small,2.441,True,da=-4.40km[small] | di=-0.0270deg
STARLINK-5526,mid-inc,phasing,2026-05-02 11:06:42+00:00,2026-05-02 19:02:42+00:00,7.93,6949.599,571.46,0.000707,69.9232,328.4959,219.7701,4.4786,-0.000356,0.00725,-0.8387,-0.8362,-0.0025,-17.4824,small,2.44,True,da=+4.48km[small]
STARLINK-34572,mid-inc,mixed,2026-05-05 10:02:42+00:00,2026-05-05 18:19:42+00:00,8.28,6954.288,576.15,0.000992,70.0351,171.0292,158.3863,-4.4823,-0.000324,-0.00575,-0.8495,-0.8686,0.0191,61.109,small,2.44,True,da=-4.48km[small]
STARLINK-31559,53deg,mixed,2026-05-05 18:43:42+00:00,2026-05-05 22:09:42+00:00,3.43,6859.383,481.25,0.00063,42.8538,297.0574,72.0564,4.3884,0.000519,0.01745,-0.8546,-0.8091,-0.0456,67.745,small,2.438,True,da=+4.39km[small]
STARLINK-30923,53deg,raising,2026-05-06 02:49:42+00:00,2026-05-06 10:49:42+00:00,8.0,6852.444,474.31,0.001229,53.3277,93.9607,356.0078,-4.3808,0.00024,-0.01644,-1.5217,-1.5453,0.0235,40.2277,small,2.438,True,da=-4.38km[small]
STARLINK-35464,53deg,mixed,2026-05-02 17:51:42+00:00,2026-05-03 02:05:42+00:00,8.23,6845.341,467.2,0.001376,53.2642,43.0959,143.0503,-4.3737,-0.000217,-0.01557,-1.5537,-1.5985,0.0447,94.9136,small,2.438,True,da=-4.37km[small]
STARLINK-36385,SSO,mixed,2026-05-03 09:47:42+00:00,2026-05-03 17:53:42+00:00,8.1,6838.506,460.37,0.001907,97.1668,235.027,231.7025,-4.3605,0.000651,0.00091,0.3394,0.3291,0.0102,61.7935,small,2.434,True,da=-4.36km[small]
STARLINK-35131,53deg,phasing,2026-05-03 02:09:42+00:00,2026-05-03 09:53:42+00:00,7.73,6854.473,476.34,0.000667,53.1414,352.4251,220.7454,4.3702,0.000184,0.01119,-1.5064,-1.4949,-0.0115,-23.9643,small,2.431,True,da=+4.37km[small]
STARLINK-31772,53deg,mixed,2026-05-02 18:36:42+00:00,2026-05-03 02:41:42+00:00,8.08,6858.863,480.73,0.0009,53.246,29.979,344.3796,-4.3723,0.000432,-0.01529,-1.5236,-1.5592,0.0356,56.4056,small,2.43,True,da=-4.37km[small]
STARLINK-30201,53deg,mixed,2026-05-03 18:53:42+00:00,2026-05-04 11:03:42+00:00,16.17,6859.681,481.54,0.00054,42.8418,271.8439,290.4505,4.3542,0.000558,0.01687,-3.7721,-3.8099,0.0377,108.6724,small,2.419,True,da=+4.35km[small]
STARLINK-34496,53deg,phasing,2026-05-02 18:04:42+00:00,2026-05-03 02:19:42+00:00,8.25,6817.925,439.79,0.001271,53.0569,224.6418,45.8853,4.3067,0.00023,0.01873,-1.6686,-1.628,-0.0407,109.7048,small,2.415,True,da=+4.31km[small]
STARLINK-5846,mid-inc,mixed,2026-05-05 03:17:42+00:00,2026-05-05 11:11:42+00:00,7.9,6956.302,578.16,0.00104,69.919,321.8054,173.3543,-4.4341,5.4e-05,-0.00759,-0.838,-0.8323,-0.0058,-24.9858,small,2.413,True,da=-4.43km[small]
STARLINK-30952,53deg,phasing,2026-05-05 18:39:42+00:00,2026-05-05 22:06:42+00:00,3.45,6859.835,481.7,0.000672,43.1367,89.9437,69.7484,4.3378,0.000461,0.0157,-0.8608,-0.8091,-0.0518,71.5462,small,2.41,True,da=+4.34km[small]
STARLINK-30881,53deg,mixed,2026-05-05 18:40:42+00:00,2026-05-05 21:56:42+00:00,3.27,6864.471,486.33,0.001161,42.9183,322.6199,35.5643,-4.3377,-0.000403,-0.02228,-0.7731,-0.7689,-0.0041,29.4354,small,2.408,True,da=-4.34km[small] | di=-0.0223deg
STARLINK-6075,53deg,raising,2026-05-02 19:04:42+00:00,2026-05-03 03:09:42+00:00,8.08,6863.186,485.05,0.001071,42.9159,215.4001,135.2957,4.3223,-9.3e-05,0.02647,-1.8666,-1.8991,0.0325,54.3439,small,2.4,True,da=+4.32km[small] | di=+0.0265deg
STARLINK-35148,53deg,mixed,2026-05-04 20:49:42+00:00,2026-05-05 02:12:42+00:00,5.38,6847.457,469.32,0.000711,53.153,187.0473,334.6616,-4.3075,0.000528,-0.0101,-1.0532,-1.0466,-0.0065,159.2641,small,2.4,True,da=-4.31km[small]
STARLINK-35321,53deg,mixed,2026-05-03 18:15:42+00:00,2026-05-04 10:01:42+00:00,15.77,6855.891,477.75,0.000607,53.1369,349.5117,213.4735,-4.3135,0.000438,-0.01962,-3.0475,-3.0537,0.0063,20.9637,small,2.399,True,da=-4.31km[small]
STARLINK-31851,53deg,mixed,2026-05-02 18:30:42+00:00,2026-05-03 02:36:42+00:00,8.1,6863.392,485.25,0.000276,42.9249,328.5936,223.4163,-4.3155,0.000414,-0.02641,-1.9459,-1.9076,-0.0383,58.1406,small,2.396,True,da=-4.32km[small] | di=-0.0264deg
STARLINK-35453,53deg,lowering,2026-05-06 02:10:42+00:00,2026-05-06 10:09:42+00:00,7.98,6841.551,463.41,0.00107,53.2202,27.604,235.8452,-4.2935,0.000572,-0.01585,-1.5761,-1.5545,-0.0216,37.3174,small,2.395,True,da=-4.29km[small]
STARLINK-36718,SSO,phasing,2026-05-05 17:50:42+00:00,2026-05-05 23:15:42+00:00,5.42,6834.416,456.28,0.000934,97.1638,237.2899,65.5816,4.2805,0.000889,0.00015,0.2208,0.22,0.0008,165.2407,small,2.392,True,da=+4.28km[small]
STARLINK-36999,53deg,raising,2026-05-05 01:45:42+00:00,2026-05-05 09:28:42+00:00,7.72,6841.559,463.42,0.00127,53.2846,56.2882,42.5889,4.2813,0.000204,0.00832,-1.5076,-1.4966,-0.011,-22.9525,small,2.388,True,da=+4.28km[small]
STARLINK-31740,53deg,mixed,2026-05-04 10:42:42+00:00,2026-05-04 20:12:42+00:00,9.5,6854.53,476.39,0.00064,53.2227,24.347,219.9007,-4.2931,0.000594,-0.0195,-1.8448,-1.8376,-0.0072,21.7659,small,2.388,True,da=-4.29km[small]
STARLINK-35384,53deg,mixed,2026-05-05 18:07:42+00:00,2026-05-05 22:59:42+00:00,4.87,6851.798,473.66,0.001053,53.2951,106.0303,233.8383,-4.285,0.000683,-0.01691,-0.9683,-0.941,-0.0273,37.5932,small,2.385,True,da=-4.28km[small]
STARLINK-37026,53deg,mixed,2026-05-02 09:39:42+00:00,2026-05-02 17:43:42+00:00,8.07,6847.987,469.85,0.001263,53.038,288.9502,181.1894,-4.2804,-0.000145,-0.02708,-1.5517,-1.5724,0.0208,56.3605,small,2.384,True,da=-4.28km[small] | di=-0.0271deg
STARLINK-30925,53deg,mixed,2026-05-03 02:48:42+00:00,2026-05-03 10:54:42+00:00,8.1,6867.275,489.14,0.001272,43.1626,104.9248,168.0555,-4.2913,-0.001056,-0.01953,-1.8547,-1.8963,0.0417,58.1388,small,2.38,True,da=-4.29km[small] | de=-0.00106
STARLINK-37156,53deg,mixed,2026-05-02 17:41:42+00:00,2026-05-03 01:40:42+00:00,7.98,6851.634,473.5,0.001037,53.2912,68.7171,54.9904,-4.2747,-0.000738,-0.01338,-1.5671,-1.5439,-0.0232,33.477,small,2.379,True,da=-4.27km[small]
STARLINK-5846,mid-inc,mixed,2026-05-05 11:11:42+00:00,2026-05-05 19:18:42+00:00,8.12,6951.867,573.73,0.001094,69.9114,320.9674,148.3685,4.3653,-1.4e-05,0.00688,-0.8446,-0.8551,0.0105,23.7088,small,2.377,True,da=+4.37km[small]
STARLINK-32001,53deg,mixed,2026-05-03 10:38:42+00:00,2026-05-03 18:42:42+00:00,8.07,6859.158,481.02,0.000995,53.2682,142.0953,346.8793,-4.2748,0.000369,-0.01022,-1.5239,-1.5548,0.0309,52.575,small,2.375,True,da=-4.27km[small]
STARLINK-11204,53deg,phasing,2026-05-04 19:48:42+00:00,2026-05-05 03:17:42+00:00,7.48,6731.803,353.67,0.001722,53.2665,64.0816,271.9405,4.1499,-0.000664,0.01442,-1.5077,-1.5364,0.0287,-36.9229,small,2.372,True,da=+4.15km[small]
STARLINK-32675,53deg,phasing,2026-05-04 10:26:42+00:00,2026-05-04 20:25:42+00:00,9.98,6863.036,484.9,0.001046,42.899,315.5996,134.7113,-4.2678,-0.000332,-0.02516,-2.3187,-2.3525,0.0337,130.1732,small,2.37,True,da=-4.27km[small] | di=-0.0252deg
STARLINK-32035,53deg,mixed,2026-05-03 10:35:42+00:00,2026-05-03 18:39:42+00:00,8.07,6852.392,474.25,0.000931,53.2456,142.345,230.8713,-4.2576,0.000648,-0.01005,-1.5928,-1.561,-0.0318,52.4755,small,2.369,True,da=-4.26km[small]
STARLINK-31696,53deg,mixed,2026-05-02 10:30:42+00:00,2026-05-02 18:33:42+00:00,8.05,6852.09,473.95,0.000991,53.2318,31.6891,231.9578,-4.2571,0.000647,-0.01906,-1.5914,-1.5587,-0.0328,48.6754,small,2.369,True,da=-4.26km[small]
STARLINK-6076,53deg,mixed,2026-05-05 03:17:42+00:00,2026-05-05 11:21:42+00:00,8.07,6863.706,485.57,0.000632,42.9283,201.7433,265.9473,4.2676,-0.000463,0.02483,-1.9273,-1.8944,-0.0329,48.4957,small,2.369,True,da=+4.27km[small] | di=+0.0248deg
STARLINK-34088,mid-inc,phasing,2026-05-02 18:18:42+00:00,2026-05-03 02:14:42+00:00,7.93,6954.517,576.38,0.001118,69.9547,337.9663,159.5826,-4.3511,-0.000119,-0.01069,-0.8381,-0.8351,-0.0029,-17.482,small,2.368,True,da=-4.35km[small]
STARLINK-5526,mid-inc,phasing,2026-05-04 11:17:42+00:00,2026-05-04 19:35:42+00:00,8.3,6942.514,564.38,0.001724,69.9011,323.4264,245.853,4.3372,-0.000611,0.00786,-0.8963,-0.879,-0.0174,64.8107,small,2.367,True,da=+4.34km[small]
STARLINK-36768,SSO,mixed,2026-05-06 01:33:42+00:00,2026-05-06 09:39:42+00:00,8.1,6834.231,456.09,0.00258,97.1783,314.0286,246.3229,4.2356,-0.000616,0.00115,0.3414,0.3297,0.0117,61.765,small,2.367,True,da=+4.24km[small]
STARLINK-35453,53deg,lowering,2026-05-05 18:00:42+00:00,2026-05-05 22:56:42+00:00,4.93,6852.077,473.94,0.001423,53.2418,29.1474,157.0729,-4.2486,-0.000886,-0.00361,-0.9176,-0.9548,0.0373,54.7216,small,2.365,True,da=-4.25km[small]
STARLINK-35295,53deg,lowering,2026-05-05 18:03:42+00:00,2026-05-05 22:54:42+00:00,4.85,6859.86,481.72,0.001312,53.1265,340.2892,1.8818,-4.246,9.2e-05,-0.01615,-0.915,-0.9376,0.0226,33.8477,small,2.359,True,da=-4.25km[small]
STARLINK-37028,53deg,mixed,2026-05-05 09:36:42+00:00,2026-05-05 17:50:42+00:00,8.23,6848.725,470.59,0.001093,53.2726,56.3801,303.4976,4.2335,0.000286,0.01239,-1.5481,-1.5914,0.0433,91.8857,small,2.358,True,da=+4.23km[small]
STARLINK-37066,53deg,mixed,2026-05-02 09:41:42+00:00,2026-05-02 17:39:42+00:00,7.97,6798.466,420.33,0.001338,53.0229,288.2856,141.5164,4.1865,-0.000373,0.01276,-1.5548,-1.5893,0.0345,52.4932,small,2.358,True,da=+4.19km[small]
STARLINK-34375,53deg,mixed,2026-05-03 10:15:42+00:00,2026-05-03 18:07:42+00:00,7.87,6822.186,444.05,0.000693,53.0772,221.4117,204.9874,-4.2066,0.000112,-0.01178,-1.5431,-1.5521,0.009,20.7605,small,2.357,True,da=-4.21km[small]
STARLINK-32013,53deg,lowering,2026-05-03 18:35:42+00:00,2026-05-04 10:33:42+00:00,15.97,6858.007,479.87,0.001488,53.2655,140.9788,157.6552,-4.2377,-0.000729,-0.00689,-3.0462,-3.0794,0.0332,66.8189,small,2.355,True,da=-4.24km[small]
STARLINK-30934,53deg,mixed,2026-05-03 10:55:42+00:00,2026-05-03 18:50:42+00:00,7.92,6836.288,458.15,0.000677,53.284,106.3558,109.4322,4.2171,0.000545,0.01805,-1.5461,-1.5394,-0.0067,23.1384,small,2.355,True,da=+4.22km[small]
STARLINK-36687,SSO,phasing,2026-05-03 09:48:42+00:00,2026-05-03 17:42:42+00:00,7.9,6843.915,465.78,0.001094,97.1624,235.0758,325.3255,4.2188,-0.00024,-0.00232,0.3205,0.3191,0.0013,15.9471,small,2.352,True,da=+4.22km[small]
STARLINK-35270,53deg,mixed,2026-05-05 10:03:42+00:00,2026-05-05 17:59:42+00:00,7.93,6846.701,468.56,0.001459,53.319,107.2017,12.0952,-4.2151,-9.3e-05,-0.01032,-1.5277,-1.537,0.0093,26.9497,small,2.349,True,da=-4.22km[small]
STARLINK-30297,53deg,mixed,2026-05-06 02:44:42+00:00,2026-05-06 10:47:42+00:00,8.05,6855.236,477.1,0.001361,53.0352,299.9789,141.8344,4.2163,-0.000358,0.01065,-1.5294,-1.5594,0.03,48.7096,small,2.345,True,da=+4.22km[small]
STARLINK-34848,SSO,mixed,2026-05-03 02:11:42+00:00,2026-05-03 10:15:42+00:00,8.07,6929.399,551.26,0.001575,97.5223,354.7734,150.682,4.2809,-4.2e-05,-0.0002,0.3247,0.3277,-0.0029,20.7287,small,2.343,True,da=+4.28km[small]
STARLINK-30882,53deg,phasing,2026-05-02 18:46:42+00:00,2026-05-03 02:43:42+00:00,7.95,6849.38,471.24,0.001474,53.3184,109.4111,7.7826,-4.2048,-7.3e-05,-0.01328,-1.5317,-1.5382,0.0065,29.8456,small,2.342,True,da=-4.20km[small]
STARLINK-30321,53deg,mixed,2026-05-05 21:58:42+00:00,2026-05-06 02:49:42+00:00,4.85,6855.641,477.5,0.000606,53.0386,300.4813,324.7189,4.2076,0.000655,0.00917,-0.9187,-0.9393,0.0206,33.8011,small,2.34,True,da=+4.21km[small]
STARLINK-34574,mid-inc,phasing,2026-05-03 18:08:42+00:00,2026-05-04 10:21:42+00:00,16.22,6951.628,573.49,0.00095,70.0189,175.2639,147.4841,4.2973,-0.000344,0.01221,-1.6845,-1.6997,0.0152,43.6541,small,2.34,True,da=+4.30km[small]
STARLINK-30297,53deg,mixed,2026-05-02 18:53:42+00:00,2026-05-03 02:58:42+00:00,8.08,6858.87,480.73,0.00148,53.0709,315.4666,163.6526,-4.2038,-0.000825,-0.0182,-1.5292,-1.5655,0.0364,56.3705,small,2.336,True,da=-4.20km[small]
STARLINK-37028,53deg,mixed,2026-05-05 17:50:42+00:00,2026-05-05 23:12:42+00:00,5.37,6852.959,474.82,0.001379,53.285,54.8321,35.3833,4.1932,-0.000251,0.01148,-1.0569,-1.0348,-0.0221,153.3596,small,2.333,True,da=+4.19km[small]
STARLINK-31176,53deg,lowering,2026-05-02 18:39:42+00:00,2026-05-03 02:45:42+00:00,8.1,6863.248,485.11,0.001078,42.8544,274.0771,43.7913,-4.1995,-0.000533,-0.01912,-1.9525,-1.9097,-0.0428,58.2826,small,2.332,True,da=-4.20km[small]
STARLINK-35031,53deg,phasing,2026-05-02 09:53:42+00:00,2026-05-02 18:03:42+00:00,8.17,6842.541,464.4,0.000908,53.1384,353.0295,309.8302,4.1801,0.000572,0.00732,-1.549,-1.5886,0.0396,79.6189,small,2.331,True,da=+4.18km[small]
STARLINK-35302,53deg,mixed,2026-05-03 02:09:42+00:00,2026-05-03 09:54:42+00:00,7.75,6856.959,478.82,0.000603,53.1302,195.1552,331.3681,-4.1897,0.000259,-0.00759,-1.5068,-1.5002,-0.0066,-20.1316,small,2.329,True,da=-4.19km[small]
STARLINK-30233,53deg,phasing,2026-05-05 19:06:42+00:00,2026-05-05 22:06:42+00:00,3.0,6862.936,484.8,0.000207,42.8585,260.4126,227.1668,4.1944,0.000648,0.01627,-0.7222,-0.7057,-0.0166,-31.7785,small,2.329,True,da=+4.19km[small]
STARLINK-37026,53deg,mixed,2026-05-03 09:44:42+00:00,2026-05-03 17:40:42+00:00,7.93,6852.023,473.89,0.000614,53.0167,284.2404,318.9592,4.1788,0.000197,0.01493,-1.5301,-1.5399,0.0099,22.924,small,2.326,True,da=+4.18km[small]
STARLINK-32848,53deg,mixed,2026-05-05 02:26:42+00:00,2026-05-05 10:21:42+00:00,7.92,6845.534,467.4,0.000866,53.2564,47.1766,117.7404,4.1698,0.000449,0.00838,-1.5369,-1.5333,-0.0036,19.9534,small,2.324,True,da=+4.17km[small]
STARLINK-34515,mid-inc,mixed,2026-05-02 10:11:42+00:00,2026-05-02 18:06:42+00:00,7.92,6955.969,577.83,0.000549,70.0202,178.4052,348.7214,-4.2682,-0.00018,-0.00761,-0.8397,-0.8301,-0.0096,-21.2393,small,2.322,True,da=-4.27km[small]
STARLINK-31413,53deg,mixed,2026-05-05 22:10:42+00:00,2026-05-06 02:39:42+00:00,4.48,6867.417,489.28,0.001029,42.8875,296.1356,186.0978,-4.1769,2.7e-05,-0.02113,-1.0942,-1.0542,-0.04,-51.5136,small,2.317,True,da=-4.18km[small] | di=-0.0211deg
STARLINK-31593,53deg,phasing,2026-05-03 02:36:42+00:00,2026-05-03 10:19:42+00:00,7.72,6862.466,484.33,0.000183,42.8866,311.9416,229.4319,4.1694,0.000571,0.0179,-1.8306,-1.8147,-0.0159,-29.7208,small,2.315,True,da=+4.17km[small]
STARLINK-30846,53deg,mixed,2026-05-05 02:53:42+00:00,2026-05-05 10:51:42+00:00,7.97,6866.343,488.21,0.001273,42.8961,235.6049,22.8602,-4.1719,-0.000305,-0.01673,-1.8759,-1.874,-0.0019,27.6299,small,2.315,True,da=-4.17km[small]
STARLINK-36973,53deg,phasing,2026-05-05 01:41:42+00:00,2026-05-05 09:36:42+00:00,7.92,6843.017,464.88,0.000878,53.0117,276.3442,227.89,-4.1503,0.000613,-0.01524,-1.553,-1.5478,-0.0052,22.0844,small,2.314,True,da=-4.15km[small]
STARLINK-32035,53deg,mixed,2026-05-06 02:33:42+00:00,2026-05-06 10:39:42+00:00,8.1,6858.573,480.44,0.001513,53.2871,129.9397,161.2845,-4.1608,-0.000808,-0.00802,-1.5227,-1.5609,0.0382,60.1795,small,2.312,True,da=-4.16km[small]
STARLINK-35236,53deg,mixed,2026-05-04 20:46:42+00:00,2026-05-05 02:10:42+00:00,5.4,6850.291,472.15,0.00089,53.0916,202.6305,61.0177,4.1527,-0.000247,0.01595,-1.0417,-1.0473,0.0056,160.2989,small,2.312,True,da=+4.15km[small]
STARLINK-32191,53deg,phasing,2026-05-04 10:26:42+00:00,2026-05-04 20:10:42+00:00,9.73,6853.025,474.89,0.001221,53.247,37.7051,131.9666,4.1507,-0.000551,0.00787,-1.8418,-1.8784,0.0367,75.3375,small,2.31,True,da=+4.15km[small]
STARLINK-35022,53deg,mixed,2026-05-02 18:09:42+00:00,2026-05-03 02:04:42+00:00,7.92,6851.164,473.03,0.001384,53.1161,340.8284,34.8619,-4.1501,-0.000353,-0.01883,-1.5336,-1.5377,0.0041,19.9602,small,2.31,True,da=-4.15km[small]
STARLINK-34438,53deg,mixed,2026-05-02 18:04:42+00:00,2026-05-03 02:20:42+00:00,8.27,6852.372,474.24,0.000943,53.2536,43.0281,230.5355,4.1446,-0.000346,0.01244,-1.6418,-1.5956,-0.0462,98.3412,small,2.307,True,da=+4.14km[small]
STARLINK-34830,53deg,mixed,2026-05-04 20:49:42+00:00,2026-05-05 02:13:42+00:00,5.4,6855.951,477.81,0.001405,53.0945,330.9817,146.0681,-4.1437,-0.000387,-0.01812,-1.0459,-1.0468,0.0009,160.0009,small,2.304,True,da=-4.14km[small]
STARLINK-32660,53deg,mixed,2026-05-05 18:31:42+00:00,2026-05-05 22:19:42+00:00,3.8,6862.029,483.89,0.000958,42.8622,293.9059,51.496,4.1439,-0.000268,0.01593,-0.9021,-0.8942,-0.0079,151.8708,small,2.301,True,da=+4.14km[small]
STARLINK-30952,53deg,phasing,2026-05-03 10:50:42+00:00,2026-05-03 18:56:42+00:00,8.1,6863.139,485.0,0.000209,43.144,103.0533,225.059,-4.1363,0.000429,-0.0132,-1.9446,-1.9007,-0.0439,58.159,small,2.297,True,da=-4.14km[small]
STARLINK-11246,53deg,phasing,2026-05-03 19:03:42+00:00,2026-05-04 11:01:42+00:00,15.97,6737.179,359.04,0.0009,53.2891,69.1274,228.8633,4.0206,0.00059,0.01045,-3.276,-3.2676,-0.0084,161.4178,small,2.295,True,da=+4.02km[small]
STARLINK-30939,53deg,mixed,2026-05-05 02:53:42+00:00,2026-05-05 10:47:42+00:00,7.9,6843.283,465.15,0.001416,53.3137,98.3848,34.5171,-4.1126,-0.000338,-0.01558,-1.5322,-1.5335,0.0013,19.3125,small,2.293,True,da=-4.11km[small]
STARLINK-30864,53deg,mixed,2026-05-05 18:40:42+00:00,2026-05-05 22:05:42+00:00,3.42,6863.391,485.25,0.001078,42.9144,322.6967,42.5387,-4.13,-0.000465,-0.02145,-0.848,-0.8047,-0.0433,63.9138,small,2.293,True,da=-4.13km[small] | di=-0.0215deg
STARLINK-34438,53deg,mixed,2026-05-05 02:07:42+00:00,2026-05-05 10:10:42+00:00,8.05,6855.187,477.05,0.001393,53.2434,32.1476,142.8517,4.1207,-0.000388,0.0086,-1.523,-1.552,0.029,48.7574,small,2.292,True,da=+4.12km[small]
STARLINK-32747,53deg,mixed,2026-05-05 18:30:42+00:00,2026-05-05 22:18:42+00:00,3.8,6860.121,481.98,0.000473,42.8866,315.6842,246.2886,4.1225,0.000697,0.01598,-0.887,-0.8947,0.0077,151.6532,small,2.29,True,da=+4.12km[small]
STARLINK-36389,SSO,mixed,2026-05-03 18:00:42+00:00,2026-05-04 09:46:42+00:00,15.77,6846.12,467.98,0.001581,97.172,311.7888,152.3247,4.1015,-0.000158,-0.00314,0.642,0.6371,0.0049,24.2433,small,2.286,True,da=+4.10km[small]
STARLINK-30283,53deg,phasing,2026-05-06 02:48:42+00:00,2026-05-06 10:53:42+00:00,8.08,6854.589,476.45,0.001342,53.0334,299.9354,139.7476,4.1071,-0.000471,0.01006,-1.5316,-1.5665,0.0349,56.4463,small,2.285,True,da=+4.11km[small]
STARLINK-36708,SSO,phasing,2026-05-02 17:37:42+00:00,2026-05-03 01:53:42+00:00,8.27,6844.325,466.19,0.001048,97.1649,233.4869,213.7133,-4.097,0.000601,0.00503,0.3493,0.3349,0.0144,100.0152,small,2.284,True,da=-4.10km[small]
STARLINK-36811,SSO,phasing,2026-05-03 01:47:42+00:00,2026-05-03 09:40:42+00:00,7.88,6838.849,460.71,0.001255,97.1717,311.1686,129.6148,4.0909,0.000227,-0.00027,0.323,0.3198,0.0032,12.1437,small,2.283,True,da=+4.09km[small]
STARLINK-31724,53deg,lowering,2026-05-05 18:43:42+00:00,2026-05-05 22:10:42+00:00,3.45,6859.674,481.54,0.000712,42.9472,344.9033,68.6203,4.1088,0.000441,0.01672,-0.8574,-0.8117,-0.0457,71.58,small,2.283,True,da=+4.11km[small]
STARLINK-30952,53deg,phasing,2026-05-06 02:47:42+00:00,2026-05-06 10:53:42+00:00,8.1,6863.297,485.16,0.001093,43.1514,87.9849,135.6541,4.11,-0.000236,0.01497,-1.8551,-1.8959,0.0408,58.1507,small,2.282,True,da=+4.11km[small]
STARLINK-37037,53deg,phasing,2026-05-02 17:39:42+00:00,2026-05-03 01:34:42+00:00,7.92,6835.933,457.8,0.001548,53.0021,287.2376,286.442,4.0849,-0.000619,0.00922,-1.5547,-1.5501,-0.0047,23.0795,small,2.282,True,da=+4.08km[small]
STARLINK-36687,SSO,phasing,2026-05-06 01:49:42+00:00,2026-05-06 09:44:42+00:00,7.92,6831.96,453.82,0.002964,97.1683,237.7,280.6842,4.0813,-0.000661,-0.006,0.3292,0.322,0.0072,19.6839,small,2.281,True,da=+4.08km[small]
STARLINK-11237,53deg,mixed,2026-05-03 02:59:42+00:00,2026-05-03 11:12:42+00:00,8.22,6732.048,353.91,0.000351,53.2798,72.2732,99.0927,3.9876,0.000732,0.0076,-1.652,-1.6865,0.0345,135.8326,small,2.279,True,da=+3.99km[small]
STARLINK-32675,53deg,phasing,2026-05-02 10:28:42+00:00,2026-05-02 18:26:42+00:00,7.97,6859.685,481.55,0.000553,42.9066,326.9162,290.8395,4.102,-0.000331,0.01277,-1.889,-1.8757,-0.0134,27.5773,small,2.279,True,da=+4.10km[small]
STARLINK-34680,53deg,phasing,2026-05-05 18:19:42+00:00,2026-05-05 22:48:42+00:00,4.48,6859.196,481.06,0.000987,53.0306,263.0516,192.4869,-4.0981,0.000388,-0.01522,-0.9028,-0.8689,-0.0339,-50.3686,small,2.277,True,da=-4.10km[small]
STARLINK-35290,53deg,phasing,2026-05-04 20:54:42+00:00,2026-05-05 02:07:42+00:00,5.22,6848.908,470.77,0.0007,53.1265,186.8031,110.0704,4.0861,0.00014,0.01456,-0.971,-1.0117,0.0407,118.0638,small,2.276,True,da=+4.09km[small]
STARLINK-35364,53deg,lowering,2026-05-03 02:06:42+00:00,2026-05-03 09:56:42+00:00,7.83,6847.457,469.32,0.001682,53.1013,195.2933,267.6414,-4.0836,-5.7e-05,0.0061,-1.5199,-1.5245,0.0045,-0.2728,small,2.275,True,da=-4.08km[small]
STARLINK-34688,53deg,mixed,2026-05-05 10:06:42+00:00,2026-05-05 17:59:42+00:00,7.88,6842.169,464.03,0.000315,53.2152,30.8002,90.1461,-4.077,0.000202,-0.00399,-1.5448,-1.5344,-0.0103,13.5845,small,2.274,True,da=-4.08km[small]
STARLINK-37460,SSO,phasing,2026-05-03 17:42:42+00:00,2026-05-04 09:32:42+00:00,15.83,6714.232,336.1,0.001531,97.2067,328.9721,139.5769,-3.9631,0.001528,0.00832,0.688,0.6901,-0.0021,140.6203,small,2.274,True,da=-3.96km[small] | de=+0.00153
STARLINK-34546,mid-inc,mixed,2026-05-02 18:12:42+00:00,2026-05-03 02:18:42+00:00,8.1,6955.608,577.47,0.001013,70.0188,177.5723,13.3098,-4.1725,-8e-05,-0.00477,-0.8428,-0.8494,0.0066,19.9783,small,2.271,True,da=-4.17km[small]
STARLINK-34729,53deg,mixed,2026-05-03 10:16:42+00:00,2026-05-03 18:12:42+00:00,7.93,6849.205,471.07,0.000725,52.9971,273.511,112.0143,4.0755,0.000506,0.01619,-1.5436,-1.5429,-0.0008,22.0072,small,2.27,True,da=+4.08km[small]
STARLINK-30837,53deg,mixed,2026-05-05 21:57:42+00:00,2026-05-06 02:49:42+00:00,4.87,6859.086,480.95,0.000517,42.8675,231.0058,98.2761,4.0777,0.000529,0.02389,-1.1688,-1.1468,-0.0221,36.4516,small,2.266,True,da=+4.08km[small] | di=+0.0239deg
STARLINK-32015,53deg,mixed,2026-05-03 18:37:42+00:00,2026-05-04 10:27:42+00:00,15.83,6851.511,473.37,0.001048,53.2475,140.5165,55.234,-4.065,-0.000724,-0.00725,-3.0852,-3.0649,-0.0202,36.3152,small,2.263,True,da=-4.07km[small]
STARLINK-34688,53deg,mixed,2026-05-06 02:09:42+00:00,2026-05-06 10:06:42+00:00,7.95,6847.408,469.27,0.001187,53.2472,27.6837,184.1852,-4.0595,-0.000599,-0.01609,-1.527,-1.5423,0.0153,30.6798,small,2.262,True,da=-4.06km[small]
STARLINK-36354,SSO,mixed,2026-05-05 01:58:42+00:00,2026-05-05 09:53:42+00:00,7.92,6835.802,457.66,0.002347,97.1758,313.0676,240.309,-4.0483,0.000637,0.00429,0.3275,0.3226,0.0049,19.7486,small,2.261,True,da=-4.05km[small]
STARLINK-30846,53deg,mixed,2026-05-03 02:51:42+00:00,2026-05-03 10:58:42+00:00,8.12,6867.044,488.91,0.001257,42.8843,246.8971,163.8581,-4.0761,-0.00104,-0.01744,-1.8742,-1.9089,0.0348,61.9784,small,2.261,True,da=-4.08km[small] | de=-0.00104
STARLINK-30805,53deg,mixed,2026-05-05 22:00:42+00:00,2026-05-06 02:52:42+00:00,4.87,6862.694,484.56,0.001019,42.8846,230.3481,46.7366,-4.0649,-0.000534,-0.01359,-1.1705,-1.1471,-0.0234,36.5303,small,2.257,True,da=-4.06km[small]
STARLINK-31706,53deg,mixed,2026-05-03 10:37:42+00:00,2026-05-03 18:38:42+00:00,8.02,6847.509,469.37,0.000335,53.2104,29.003,83.1609,4.0422,0.000709,0.00529,-1.5826,-1.5529,-0.0297,41.1946,small,2.252,True,da=+4.04km[small]
STARLINK-37366,SSO,mixed,2026-05-05 17:36:42+00:00,2026-05-05 23:25:42+00:00,5.82,6717.421,339.28,0.001907,97.2131,331.0734,309.6615,-3.9285,0.000604,0.002,0.2436,0.2532,-0.0096,-66.4421,small,2.252,True,da=-3.93km[small]
STARLINK-31750,53deg,mixed,2026-05-05 10:34:42+00:00,2026-05-05 18:39:42+00:00,8.08,6867.351,489.21,0.001007,43.0779,22.8494,348.8845,-4.0602,7.5e-05,-0.02401,-1.8652,-1.8949,0.0297,54.3687,small,2.252,True,da=-4.06km[small] | di=-0.0240deg
STARLINK-30844,53deg,lowering,2026-05-03 18:54:42+00:00,2026-05-04 10:43:42+00:00,15.82,6866.843,488.71,0.000816,43.1628,101.3336,197.9044,-4.0584,-0.000581,-0.01969,-3.6987,-3.7035,0.0048,28.4066,small,2.251,True,da=-4.06km[small]
STARLINK-30233,53deg,phasing,2026-05-03 10:52:42+00:00,2026-05-03 18:51:42+00:00,7.98,6859.447,481.31,0.000609,42.8385,273.6299,286.711,4.0493,-0.000411,0.02089,-1.8915,-1.8818,-0.0097,31.4063,small,2.25,True,da=+4.05km[small] | di=+0.0209deg
STARLINK-5529,mid-inc,phasing,2026-05-02 11:11:42+00:00,2026-05-02 19:07:42+00:00,7.93,6950.703,572.57,0.000625,69.9248,328.5116,216.0083,4.13,-0.000136,0.00682,-0.8396,-0.8358,-0.0038,-17.4953,small,2.25,True,da=+4.13km[small]
STARLINK-32675,53deg,phasing,2026-05-03 18:36:42+00:00,2026-05-04 10:26:42+00:00,15.83,6858.988,480.85,0.000584,42.8875,319.3475,102.4094,4.0488,0.000463,0.01149,-3.7479,-3.7303,-0.0176,32.3019,small,2.25,True,da=+4.05km[small]
STARLINK-36718,SSO,phasing,2026-05-02 09:45:42+00:00,2026-05-02 17:39:42+00:00,7.9,6848.51,470.37,0.001503,97.1617,234.0048,17.025,-4.037,-6.8e-05,0.00174,0.3203,0.3191,0.0012,15.9683,small,2.249,True,da=-4.04km[small]
STARLINK-34088,mid-inc,phasing,2026-05-03 02:14:42+00:00,2026-05-03 10:19:42+00:00,8.08,6950.165,572.03,0.000999,69.944,337.1283,142.1006,4.125,0.000111,0.0067,-0.844,-0.8511,0.007,16.2362,small,2.247,True,da=+4.12km[small]
STARLINK-30864,53deg,mixed,2026-05-03 18:48:42+00:00,2026-05-04 10:47:42+00:00,15.98,6863.597,485.46,0.000272,42.939,333.976,221.7288,-4.0473,0.000281,-0.02612,-3.8105,-3.7626,-0.0479,66.6228,small,2.247,True,da=-4.05km[small] | di=-0.0261deg
STARLINK-35022,53deg,mixed,2026-05-05 02:07:42+00:00,2026-05-05 10:02:42+00:00,7.92,6846.222,468.08,0.001185,53.0739,329.9222,300.6575,4.0249,-0.000576,0.01272,-1.5386,-1.5393,0.0007,19.9232,small,2.243,True,da=+4.02km[small]
STARLINK-37066,53deg,mixed,2026-05-05 09:40:42+00:00,2026-05-05 17:40:42+00:00,8.0,6798.106,419.97,0.000636,53.0131,273.9156,319.604,3.9819,0.000853,0.01468,-1.5552,-1.5966,0.0414,60.2116,small,2.243,True,da=+3.98km[small]
STARLINK-31857,53deg,mixed,2026-05-02 10:21:42+00:00,2026-05-02 18:39:42+00:00,8.3,6862.185,484.05,0.00023,42.9241,330.3223,231.6257,4.0368,0.00041,0.01292,-2.009,-1.9511,-0.0579,103.9811,small,2.242,True,da=+4.04km[small]
STARLINK-37065,53deg,mixed,2026-05-05 17:38:42+00:00,2026-05-05 23:12:42+00:00,5.57,6835.745,457.61,0.000556,52.997,273.5944,105.7296,4.0126,0.000433,0.00842,-1.0965,-1.0902,-0.0063,-158.1532,small,2.241,True,da=+4.01km[small]
STARLINK-30952,53deg,phasing,2026-05-03 02:44:42+00:00,2026-05-03 10:50:42+00:00,8.1,6867.177,489.04,0.001263,43.1623,104.9069,166.9128,-4.0386,-0.001053,-0.01827,-1.8535,-1.8963,0.0427,58.1461,small,2.24,True,da=-4.04km[small] | de=-0.00105
STARLINK-35148,53deg,mixed,2026-05-05 10:06:42+00:00,2026-05-05 18:15:42+00:00,8.15,6847.117,468.98,0.001486,53.1597,184.4599,152.2327,-4.0176,-0.000637,-0.01145,-1.5409,-1.5845,0.0436,75.7727,small,2.238,True,da=-4.02km[small]
STARLINK-32182,53deg,mixed,2026-05-03 18:43:42+00:00,2026-05-04 10:29:42+00:00,15.77,6853.23,475.09,0.001227,53.252,40.9422,46.8526,-4.0158,-0.000516,-0.01591,-3.0515,-3.0493,-0.0022,20.861,small,2.234,True,da=-4.02km[small]
STARLINK-36389,SSO,mixed,2026-05-03 01:51:42+00:00,2026-05-03 09:44:42+00:00,7.88,6842.298,464.16,0.001414,97.1698,311.1147,39.7529,-4.0047,-0.0002,0.00497,0.3244,0.3199,0.0045,12.1444,small,2.234,True,da=-4.00km[small]
STARLINK-31741,53deg,mixed,2026-05-05 18:49:42+00:00,2026-05-05 22:14:42+00:00,3.42,6863.279,485.14,0.000245,43.0528,20.611,223.0911,-4.0176,0.000358,-0.01757,-0.846,-0.8029,-0.0431,63.7771,small,2.231,True,da=-4.02km[small]
STARLINK-32262,53deg,mixed,2026-05-05 10:39:42+00:00,2026-05-05 18:47:42+00:00,8.13,6731.45,353.31,0.001648,53.126,193.534,19.6731,-3.8933,-0.000403,-0.01094,-1.7207,-1.6797,-0.041,121.2902,small,2.225,True,da=-3.89km[small]
STARLINK-34729,53deg,mixed,2026-05-04 20:49:42+00:00,2026-05-05 02:11:42+00:00,5.37,6851.79,473.65,0.0011,53.0075,266.8079,126.7523,-3.9929,0.000546,-0.01201,-1.0247,-1.0446,0.0198,152.3918,small,2.222,True,da=-3.99km[small]
STARLINK-34474,53deg,mixed,2026-05-05 10:10:42+00:00,2026-05-05 18:16:42+00:00,8.1,6854.512,476.37,0.000673,53.0846,212.9757,319.0765,3.9929,0.000825,0.01305,-1.527,-1.5679,0.0409,60.2024,small,2.221,True,da=+3.99km[small]
STARLINK-32013,53deg,lowering,2026-05-02 10:22:42+00:00,2026-05-02 18:39:42+00:00,8.28,6854.356,476.22,0.000695,53.2409,147.1992,318.6924,-3.9926,0.000208,-0.00951,-1.556,-1.6014,0.0453,102.3232,small,2.221,True,da=-3.99km[small]
STARLINK-31319,53deg,mixed,2026-05-02 18:36:42+00:00,2026-05-03 02:44:42+00:00,8.13,6859.621,481.48,0.00064,43.1348,85.204,71.8418,3.9899,0.000483,0.01672,-1.957,-1.9078,-0.0491,65.9098,small,2.217,True,da=+3.99km[small]
STARLINK-34375,53deg,mixed,2026-05-05 18:17:42+00:00,2026-05-05 22:46:42+00:00,4.48,6820.366,442.23,0.000607,53.0911,210.3634,214.2287,3.9546,0.000791,0.01618,-0.9131,-0.883,-0.0302,-42.3271,small,2.216,True,da=+3.95km[small]
STARLINK-31156,53deg,raising,2026-05-05 22:01:42+00:00,2026-05-06 02:50:42+00:00,4.82,6862.426,484.29,0.000968,42.8559,256.053,131.4172,3.99,0.000255,0.02006,-1.1293,-1.1333,0.004,24.9356,small,2.216,True,da=+3.99km[small] | di=+0.0201deg
STARLINK-36973,53deg,phasing,2026-05-04 21:05:42+00:00,2026-05-05 01:41:42+00:00,4.6,6839.049,460.91,0.001473,53.0001,277.2331,249.1287,3.968,-0.000595,0.0116,-0.8889,-0.8993,0.0104,-21.2386,small,2.215,True,da=+3.97km[small]
STARLINK-34546,mid-inc,mixed,2026-05-04 20:41:42+00:00,2026-05-05 02:04:42+00:00,5.38,6955.271,577.13,0.00042,70.0337,172.2718,196.3636,-4.069,3.1e-05,-0.00805,-0.5849,-0.5643,-0.0206,129.4296,small,2.214,True,da=-4.07km[small]
STARLINK-35148,53deg,mixed,2026-05-05 02:12:42+00:00,2026-05-05 10:06:42+00:00,7.9,6843.149,465.01,0.001238,53.1429,185.9941,133.9257,3.9678,0.000247,0.01674,-1.5342,-1.536,0.0017,18.3069,small,2.213,True,da=+3.97km[small]
STARLINK-34375,53deg,mixed,2026-05-06 02:11:42+00:00,2026-05-06 10:17:42+00:00,8.1,6814.736,436.6,0.001282,53.0789,208.8039,242.6028,3.9425,-0.000581,0.01707,-1.6456,-1.6003,-0.0453,74.6186,small,2.212,True,da=+3.94km[small]
STARLINK-34490,53deg,mixed,2026-05-03 18:10:42+00:00,2026-05-04 10:19:42+00:00,16.15,6849.725,471.59,0.001321,53.0504,220.4088,295.6509,3.9729,-7.2e-05,0.02009,-3.0898,-3.1361,0.0462,108.9124,small,2.212,True,da=+3.97km[small] | di=+0.0201deg
STARLINK-30906,53deg,mixed,2026-05-05 18:49:42+00:00,2026-05-05 22:04:42+00:00,3.25,6861.964,483.83,0.000229,43.1462,93.4625,308.1371,3.9838,0.000382,0.01328,-0.7614,-0.7613,-0.0001,25.5464,small,2.212,True,da=+3.98km[small]
STARLINK-32655,53deg,mixed,2026-05-04 10:29:42+00:00,2026-05-05 02:37:42+00:00,16.13,6865.929,487.79,0.001246,42.9115,315.9242,25.8027,-3.9828,-0.000284,-0.02724,-3.8541,-3.7951,-0.059,101.1978,small,2.21,True,da=-3.98km[small] | di=-0.0272deg
STARLINK-34046,mid-inc,mixed,2026-05-02 18:20:42+00:00,2026-05-03 02:17:42+00:00,7.95,6951.002,572.86,0.001025,69.9489,337.8693,144.6538,-4.0495,-0.000136,-0.01035,-0.8364,-0.8385,0.0021,-13.7487,small,2.206,True,da=-4.05km[small]
STARLINK-34782,53deg,phasing,2026-05-04 20:49:42+00:00,2026-05-05 02:10:42+00:00,5.35,6847.56,469.42,0.001675,52.9912,266.5624,266.2654,3.9558,-0.000634,0.01335,-1.0173,-1.0415,0.0242,148.5825,small,2.204,True,da=+3.96km[small]
STARLINK-32040,53deg,mixed,2026-05-02 10:30:42+00:00,2026-05-02 18:36:42+00:00,8.1,6848.855,470.72,0.001487,53.2263,146.7003,251.1591,3.9557,-0.000617,0.01581,-1.6038,-1.5672,-0.0365,60.109,small,2.203,True,da=+3.96km[small]
STARLINK-31730,53deg,mixed,2026-05-04 20:11:42+00:00,2026-05-05 02:51:42+00:00,6.67,6865.182,487.04,0.001204,43.0719,26.5466,147.9008,-3.9675,-0.000877,-0.01888,-1.5086,-1.5646,0.056,89.3238,small,2.202,True,da=-3.97km[small]
STARLINK-37156,53deg,mixed,2026-05-02 09:41:42+00:00,2026-05-02 17:41:42+00:00,8.0,6855.593,477.46,0.001466,53.3123,70.2538,17.227,-3.9583,-0.000429,-0.0211,-1.5367,-1.5433,0.0066,37.7634,small,2.201,True,da=-3.96km[small] | di=-0.0211deg
STARLINK-31561,53deg,mixed,2026-05-03 10:45:42+00:00,2026-05-03 18:43:42+00:00,7.97,6862.855,484.72,0.00019,42.8868,309.9236,313.1868,3.9568,0.00059,0.01518,-1.8662,-1.8733,0.0071,27.5786,small,2.197,True,da=+3.96km[small]
STARLINK-32747,53deg,mixed,2026-05-03 02:28:42+00:00,2026-05-03 10:32:42+00:00,8.07,6863.444,485.31,0.000273,42.9286,330.7289,316.5283,3.9581,0.000964,0.01775,-1.8659,-1.8949,0.0289,50.5094,small,2.197,True,da=+3.96km[small]
STARLINK-32848,53deg,mixed,2026-05-03 10:30:42+00:00,2026-05-03 18:25:42+00:00,7.92,6845.727,467.59,0.001274,53.2675,54.9113,297.6338,3.9401,-0.000571,0.00919,-1.5386,-1.5329,-0.0057,19.8849,small,2.196,True,da=+3.94km[small]
STARLINK-34079,mid-inc,mixed,2026-05-04 10:15:42+00:00,2026-05-04 20:36:42+00:00,10.35,6947.682,569.55,0.000883,69.9334,333.4895,46.7346,4.0288,-0.00044,0.00368,-1.0887,-1.0917,0.003,165.6096,small,2.196,True,da=+4.03km[small]
STARLINK-30201,53deg,mixed,2026-05-04 11:03:42+00:00,2026-05-05 03:04:42+00:00,16.02,6864.035,485.9,0.001098,42.8587,268.0718,39.123,-3.954,-0.000381,-0.0145,-3.8237,-3.7741,-0.0496,74.435,small,2.195,True,da=-3.95km[small]
STARLINK-30882,53deg,phasing,2026-05-04 20:03:42+00:00,2026-05-05 02:54:42+00:00,6.85,6847.798,469.66,0.001025,53.3238,99.8441,191.3741,-3.937,-0.000435,-0.00733,-1.366,-1.3261,-0.0399,137.2358,small,2.193,True,da=-3.94km[small]
STARLINK-31580,53deg,mixed,2026-05-05 18:46:42+00:00,2026-05-05 22:11:42+00:00,3.42,6858.18,480.04,0.000755,53.2164,18.1915,337.6122,-3.9414,0.000548,-0.01104,-0.6188,-0.6596,0.0408,64.6478,small,2.191,True,da=-3.94km[small]
STARLINK-35298,53deg,mixed,2026-05-04 20:56:42+00:00,2026-05-05 02:09:42+00:00,5.22,6854.391,476.25,0.001329,53.1425,186.9871,41.9634,3.9344,0.000149,0.01538,-1.0493,-1.0085,-0.0408,118.2531,small,2.189,True,da=+3.93km[small]
STARLINK-36382,SSO,mixed,2026-05-03 01:57:42+00:00,2026-05-03 09:42:42+00:00,7.75,6842.674,464.54,0.001495,97.168,311.1046,30.533,3.9193,1e-05,0.00117,0.3218,0.3136,0.0082,-17.566,small,2.186,True,da=+3.92km[small]
STARLINK-36795,SSO,mixed,2026-05-03 17:42:42+00:00,2026-05-04 09:52:42+00:00,16.17,6842.83,464.69,0.001445,97.1735,311.7484,38.1384,3.9141,0.000152,-0.00242,0.6704,0.6545,0.0158,116.3959,small,2.183,True,da=+3.91km[small]
STARLINK-34797,53deg,mixed,2026-05-05 02:12:42+00:00,2026-05-05 10:07:42+00:00,7.92,6856.061,477.92,0.000589,53.0223,265.9497,213.2658,-3.9238,0.000377,-0.01369,-1.5366,-1.537,0.0004,18.1254,small,2.182,True,da=-3.92km[small]
STARLINK-5526,mid-inc,phasing,2026-05-05 03:20:42+00:00,2026-05-05 11:16:42+00:00,7.93,6941.345,563.21,0.001894,69.8959,321.7352,252.0495,3.9949,-0.000574,0.00427,-0.8278,-0.841,0.0132,-17.4657,small,2.181,True,da=+3.99km[small]
STARLINK-32009,53deg,mixed,2026-05-05 02:33:42+00:00,2026-05-05 10:39:42+00:00,8.1,6852.739,474.6,0.000889,53.2585,134.9507,229.1924,-3.9195,0.000602,-0.00716,-1.6014,-1.5665,-0.0349,60.1372,small,2.181,True,da=-3.92km[small]
STARLINK-37460,SSO,phasing,2026-05-03 09:29:42+00:00,2026-05-03 17:42:42+00:00,8.22,6718.035,339.9,0.001225,97.2027,328.606,355.526,-3.8028,0.000306,0.004,0.3661,0.3571,0.009,144.0509,small,2.18,True,da=-3.80km[small]
STARLINK-32742,53deg,mixed,2026-05-05 02:39:42+00:00,2026-05-05 10:38:42+00:00,7.98,6859.332,481.2,0.000608,42.8834,318.7665,104.8786,3.9223,0.000437,0.0184,-1.8984,-1.8806,-0.0178,31.4604,small,2.179,True,da=+3.92km[small]
STARLINK-32675,53deg,phasing,2026-05-04 20:25:42+00:00,2026-05-05 02:32:42+00:00,6.12,6858.769,480.63,0.000714,42.8738,313.2808,264.8845,3.9176,-0.000502,0.01349,-1.4176,-1.4416,0.024,-36.7732,small,2.177,True,da=+3.92km[small]
STARLINK-35129,53deg,phasing,2026-05-03 18:06:42+00:00,2026-05-04 10:03:42+00:00,15.95,6849.085,470.95,0.00143,53.1157,349.3959,248.8427,3.9066,-0.000603,0.00657,-3.1242,-3.0941,-0.0301,62.9249,small,2.176,True,da=+3.91km[small]
STARLINK-35445,53deg,mixed,2026-05-04 10:07:42+00:00,2026-05-04 20:52:42+00:00,10.75,6848.169,470.03,0.00052,53.2265,35.1857,103.1481,3.906,0.000605,0.00817,-2.0481,-2.0809,0.0328,-51.3105,small,2.176,True,da=+3.91km[small]
STARLINK-30303,53deg,mixed,2026-05-03 10:51:42+00:00,2026-05-03 18:46:42+00:00,7.92,6851.696,473.56,0.001078,53.0417,311.8234,126.3471,3.9009,0.000318,0.01092,-1.5352,-1.5362,0.0011,18.1656,small,2.171,True,da=+3.90km[small]
STARLINK-37447,SSO,mixed,2026-05-03 17:45:42+00:00,2026-05-04 09:35:42+00:00,15.83,6716.037,337.9,0.001199,97.2024,328.982,185.4786,3.7838,-0.000216,0.00467,0.6991,0.6875,0.0116,145.3417,small,2.17,True,da=+3.78km[small]
STARLINK-6081,53deg,mixed,2026-05-04 19:47:42+00:00,2026-05-05 03:21:42+00:00,7.57,6863.555,485.42,0.001087,42.9427,203.9538,137.0389,-3.907,-0.000474,-0.01188,-1.7375,-1.7809,0.0434,-64.2918,small,2.169,True,da=-3.91km[small]
STARLINK-31857,53deg,mixed,2026-05-05 22:13:42+00:00,2026-05-06 02:32:42+00:00,4.32,6865.22,487.08,0.001233,42.8982,310.5511,31.0366,-3.9017,-0.000889,-0.02155,-1.0703,-1.0159,-0.0544,-89.678,small,2.165,True,da=-3.90km[small] | di=-0.0216deg
STARLINK-30916,53deg,mixed,2026-05-03 10:55:42+00:00,2026-05-03 18:50:42+00:00,7.92,6839.748,461.61,0.00116,53.2944,106.3335,51.2877,-3.879,-0.000588,-0.00796,-1.549,-1.54,-0.009,23.1475,small,2.165,True,da=-3.88km[small]
STARLINK-36382,SSO,mixed,2026-05-05 17:44:42+00:00,2026-05-05 23:08:42+00:00,5.4,6833.488,455.35,0.00229,97.1803,313.7374,300.2436,-3.8687,-0.001592,-0.00011,0.2186,0.2203,-0.0018,162.06,small,2.162,True,da=-3.87km[small] | de=-0.00159
STARLINK-36792,SSO,phasing,2026-05-03 01:51:42+00:00,2026-05-03 09:44:42+00:00,7.88,6839.04,460.9,0.001833,97.17,311.0869,309.754,3.874,-0.000545,0.00121,0.3245,0.3197,0.0048,12.1062,small,2.162,True,da=+3.87km[small]
STARLINK-37023,53deg,lowering,2026-05-02 17:43:42+00:00,2026-05-03 01:38:42+00:00,7.92,6856.201,478.06,0.00053,53.0269,287.445,212.8817,-3.8864,0.000366,-0.01486,-1.533,-1.5367,0.0037,18.0954,small,2.161,True,da=-3.89km[small]
STARLINK-34019,mid-inc,mixed,2026-05-02 18:18:42+00:00,2026-05-03 02:15:42+00:00,7.95,6947.152,569.01,0.000936,69.943,337.7133,47.9944,3.9627,0.000118,0.00135,-0.8358,-0.8385,0.0027,-13.7491,small,2.16,True,da=+3.96km[small]
STARLINK-35384,53deg,mixed,2026-05-05 10:12:42+00:00,2026-05-05 18:07:42+00:00,7.92,6855.68,477.54,0.000644,53.3035,107.5579,215.7812,-3.8816,0.000409,-0.00844,-1.5276,-1.5272,-0.0004,18.0571,small,2.159,True,da=-3.88km[small]
STARLINK-34860,53deg,mixed,2026-05-04 20:48:42+00:00,2026-05-05 02:12:42+00:00,5.4,6849.736,471.6,0.000834,53.0007,266.9726,64.6121,3.8764,-5.4e-05,0.01386,-1.0409,-1.0499,0.009,160.271,small,2.159,True,da=+3.88km[small]
STARLINK-30934,53deg,mixed,2026-05-05 02:55:42+00:00,2026-05-05 10:50:42+00:00,7.92,6842.396,464.26,0.000645,53.3115,98.5688,320.7634,3.8686,0.000289,0.0099,-1.5252,-1.5339,0.0087,23.0911,small,2.158,True,da=+3.87km[small]
STARLINK-32013,53deg,lowering,2026-05-05 10:30:42+00:00,2026-05-05 18:44:42+00:00,8.23,6855.418,477.28,0.000676,53.2732,133.2566,324.6946,-3.8804,0.000385,-0.01024,-1.5448,-1.5896,0.0448,90.8534,small,2.158,True,da=-3.88km[small]
STARLINK-35453,53deg,lowering,2026-05-05 01:56:42+00:00,2026-05-05 10:05:42+00:00,8.15,6849.458,471.32,0.000785,53.2252,32.2942,65.6795,3.8736,0.000518,0.01089,-1.617,-1.5766,-0.0404,71.9291,small,2.157,True,da=+3.87km[small]
STARLINK-34801,53deg,mixed,2026-05-02 18:08:42+00:00,2026-05-03 02:04:42+00:00,7.93,6848.998,470.86,0.000675,53.1261,354.0734,109.8066,3.871,0.00055,0.00927,-1.5408,-1.5386,-0.0022,22.0144,small,2.156,True,da=+3.87km[small]
STARLINK-32883,53deg,mixed,2026-05-03 10:20:42+00:00,2026-05-03 18:24:42+00:00,8.07,6848.281,470.14,0.001575,53.261,54.9856,255.6184,3.8686,-0.000617,0.00872,-1.5945,-1.5601,-0.0344,52.487,small,2.155,True,da=+3.87km[small]
STARLINK-32665,53deg,mixed,2026-05-03 18:41:42+00:00,2026-05-04 10:31:42+00:00,15.83,6858.835,480.7,0.000491,42.8866,319.3823,100.301,3.8754,0.000492,0.01046,-3.7501,-3.7309,-0.0192,32.3155,small,2.154,True,da=+3.88km[small]
STARLINK-37162,53deg,mixed,2026-05-05 09:43:42+00:00,2026-05-05 17:36:42+00:00,7.88,6812.714,434.58,0.001601,53.2615,55.7485,283.2433,3.8348,-0.000644,0.01113,-1.564,-1.5527,-0.0114,24.5984,small,2.153,True,da=+3.83km[small]
STARLINK-37471,SSO,phasing,2026-05-05 01:41:42+00:00,2026-05-05 09:41:42+00:00,8.0,6717.324,339.19,0.001219,97.208,330.3667,129.6136,3.7498,9.2e-05,0.00319,0.3384,0.3474,-0.009,89.0213,small,2.15,True,da=+3.75km[small]
STARLINK-32015,53deg,mixed,2026-05-03 10:42:42+00:00,2026-05-03 18:37:42+00:00,7.92,6855.373,477.24,0.001415,53.256,142.0462,37.0897,-3.8616,-0.000366,-0.00849,-1.5297,-1.5291,-0.0006,18.1443,small,2.148,True,da=-3.86km[small]
STARLINK-30233,53deg,phasing,2026-05-05 10:58:42+00:00,2026-05-05 19:06:42+00:00,8.13,6866.804,488.67,0.001255,42.8722,262.2784,161.4196,-3.8677,-0.001048,-0.01365,-1.8659,-1.9133,0.0474,65.7472,small,2.146,True,da=-3.87km[small] | de=-0.00105
STARLINK-11207,53deg,mixed,2026-05-04 11:00:42+00:00,2026-05-04 19:47:42+00:00,8.78,6736.139,358.0,0.001067,53.2836,65.7998,54.1274,3.7539,-0.000474,0.00845,-1.8513,-1.7989,-0.0524,-90.7235,small,2.143,True,da=+3.75km[small]
STARLINK-6076,53deg,mixed,2026-05-05 21:39:42+00:00,2026-05-06 03:02:42+00:00,5.38,6870.969,492.83,0.001163,42.9718,197.4034,154.8439,-3.8672,-0.000997,-0.01479,-1.2724,-1.2617,-0.0107,153.5403,small,2.143,True,da=-3.87km[small]
STARLINK-32664,53deg,phasing,2026-05-05 02:40:42+00:00,2026-05-05 10:33:42+00:00,7.88,6806.964,428.83,0.001747,42.8738,305.5583,313.0839,3.8103,0.000483,0.01724,-1.9026,-1.9079,0.0053,31.02,small,2.142,True,da=+3.81km[small]
STARLINK-34518,53deg,mixed,2026-05-04 20:47:42+00:00,2026-05-05 02:10:42+00:00,5.38,6851.702,473.57,0.001008,53.0654,215.2117,305.7858,-3.8465,-0.000532,-0.00643,-1.0285,-1.0463,0.0179,156.4257,small,2.141,True,da=-3.85km[small]
STARLINK-30236,53deg,phasing,2026-05-02 18:44:42+00:00,2026-05-03 03:01:42+00:00,8.28,6865.792,487.66,0.000612,42.8694,277.445,206.9323,-3.8563,-0.000379,-0.01827,-2.0069,-1.9498,-0.0571,100.1674,small,2.14,True,da=-3.86km[small]
STARLINK-32675,53deg,phasing,2026-05-05 02:32:42+00:00,2026-05-05 10:36:42+00:00,8.07,6862.686,484.55,0.000212,42.8873,311.8632,228.1113,-3.8519,0.000456,-0.01875,-1.9426,-1.9012,-0.0414,50.5125,small,2.139,True,da=-3.85km[small]
STARLINK-34849,53deg,mixed,2026-05-06 02:10:42+00:00,2026-05-06 10:05:42+00:00,7.92,6852.479,474.34,0.000898,53.1123,196.9448,309.6713,3.8432,-0.000326,0.01712,-1.5332,-1.533,-0.0002,18.0859,small,2.139,True,da=+3.84km[small]
STARLINK-30295,53deg,mixed,2026-05-05 10:58:42+00:00,2026-05-05 19:03:42+00:00,8.08,6852.318,474.18,0.00111,53.0282,303.1335,50.9813,-3.8396,-0.000526,-0.01075,-1.6045,-1.5721,-0.0325,56.5174,small,2.137,True,da=-3.84km[small]
STARLINK-6030,53deg,mixed,2026-05-04 11:15:42+00:00,2026-05-04 19:43:42+00:00,8.47,6867.647,489.51,0.001198,42.9578,206.3648,176.7122,-3.8491,-0.000912,-0.0148,-2.0181,-1.9881,-0.03,142.1913,small,2.135,True,da=-3.85km[small]
STARLINK-34526,53deg,phasing,2026-05-05 10:11:42+00:00,2026-05-05 18:17:42+00:00,8.1,6858.501,480.36,0.001489,53.0947,212.5854,160.851,-3.8347,-0.000822,-0.01132,-1.5277,-1.5679,0.0402,60.211,small,2.131,True,da=-3.83km[small]
STARLINK-31857,53deg,mixed,2026-05-04 10:35:42+00:00,2026-05-04 20:08:42+00:00,9.55,6863.316,485.18,0.00106,42.9064,318.8958,136.6258,3.8378,0.000202,0.01178,-2.2342,-2.2445,0.0103,30.8389,small,2.131,True,da=+3.84km[small]
STARLINK-5367,53deg,phasing,2026-05-02 18:58:42+00:00,2026-05-03 03:06:42+00:00,8.13,6863.412,485.27,0.001063,43.0822,34.3786,42.9992,-3.8354,-0.000417,-0.01895,-1.9526,-1.9102,-0.0425,65.9126,small,2.129,True,da=-3.84km[small]
STARLINK-30297,53deg,mixed,2026-05-03 02:58:42+00:00,2026-05-03 10:53:42+00:00,7.92,6854.666,476.53,0.000656,53.0527,313.9375,220.0232,-3.822,0.000483,-0.01433,-1.5362,-1.537,0.0008,18.109,small,2.126,True,da=-3.82km[small]
STARLINK-37051,53deg,raising,2026-05-05 17:53:42+00:00,2026-05-05 23:12:42+00:00,5.32,6835.609,457.47,0.00136,53.0178,271.4025,140.93,-3.802,0.000172,-0.02279,-1.0295,-1.0433,0.0138,145.7104,small,2.124,True,da=-3.80km[small] | di=-0.0228deg
STARLINK-32009,53deg,mixed,2026-05-04 10:34:42+00:00,2026-05-04 19:53:42+00:00,9.32,6858.121,479.98,0.001507,53.2715,138.0027,158.5633,-3.8201,-0.000177,-0.00783,-1.8063,-1.7963,-0.01,-20.3913,small,2.123,True,da=-3.82km[small]
STARLINK-30813,53deg,mixed,2026-05-05 18:42:42+00:00,2026-05-05 21:57:42+00:00,3.25,6861.716,483.58,0.000253,42.8779,231.2223,306.0672,3.8218,0.000295,0.01758,-0.7644,-0.7648,0.0003,25.5558,small,2.123,True,da=+3.82km[small]
STARLINK-30321,53deg,mixed,2026-05-04 19:54:42+00:00,2026-05-05 03:04:42+00:00,7.17,6847.637,469.5,0.000362,53.0205,305.5496,98.4071,3.8089,0.000698,0.00741,-1.4044,-1.3944,-0.0101,-154.1913,small,2.122,True,da=+3.81km[small]
STARLINK-35236,53deg,mixed,2026-05-05 10:03:42+00:00,2026-05-05 18:18:42+00:00,8.25,6852.274,474.14,0.000923,53.105,200.0583,231.7747,3.8111,-0.00031,0.01204,-1.6412,-1.5981,-0.0431,94.5259,small,2.121,True,da=+3.81km[small]
STARLINK-34405,mid-inc,mixed,2026-05-05 02:05:42+00:00,2026-05-05 10:02:42+00:00,7.95,6944.366,566.23,0.001447,70.0145,171.8145,238.6139,3.8882,-0.00061,0.0113,-0.8328,-0.8366,0.0038,-13.7438,small,2.121,True,da=+3.89km[small]
STARLINK-35148,53deg,mixed,2026-05-02 18:09:42+00:00,2026-05-03 02:04:42+00:00,7.92,6849.68,471.54,0.000968,53.1338,196.9357,193.4131,-3.8065,-0.000388,-0.00527,-1.5273,-1.5378,0.0106,22.0109,small,2.12,True,da=-3.81km[small]
STARLINK-32787,53deg,lowering,2026-05-06 02:23:42+00:00,2026-05-06 10:18:42+00:00,7.92,6854.25,476.11,0.000717,53.2583,42.5843,222.6093,-3.8113,0.000537,-0.01504,-1.5334,-1.53,-0.0034,18.0497,small,2.12,True,da=-3.81km[small]
STARLINK-36999,53deg,raising,2026-05-03 17:42:42+00:00,2026-05-04 09:33:42+00:00,15.85,6838.862,460.73,0.000692,53.2924,62.523,221.7555,-3.7958,0.000983,-0.02707,-3.1092,-3.0854,-0.0238,50.2722,small,2.119,True,da=-3.80km[small] | di=-0.0271deg
STARLINK-34782,53deg,phasing,2026-05-02 18:05:42+00:00,2026-05-03 02:00:42+00:00,7.92,6853.52,475.38,0.001243,53.0123,276.372,135.038,3.8062,0.000232,0.00977,-1.5299,-1.5359,0.006,18.1507,small,2.118,True,da=+3.81km[small]
STARLINK-32018,53deg,mixed,2026-05-02 18:37:42+00:00,2026-05-03 02:33:42+00:00,7.93,6848.345,470.21,0.00058,53.2252,145.5125,105.8172,3.7965,0.000525,0.0118,-1.549,-1.5356,-0.0135,21.9843,small,2.115,True,da=+3.80km[small]
STARLINK-30283,53deg,phasing,2026-05-03 03:00:42+00:00,2026-05-03 10:55:42+00:00,7.92,6856.65,478.51,0.000597,53.0587,313.8982,210.3014,-3.7928,0.000245,-0.01438,-1.5311,-1.5352,0.0041,18.1051,small,2.109,True,da=-3.79km[small]
STARLINK-11253,53deg,phasing,2026-05-03 19:06:42+00:00,2026-05-04 11:02:42+00:00,15.93,6744.037,365.9,0.001101,53.3121,69.5909,350.8441,-3.7005,0.000326,-0.01472,-3.2821,-3.2549,-0.0271,153.9471,small,2.109,True,da=-3.70km[small]
STARLINK-36782,SSO,mixed,2026-05-02 09:45:42+00:00,2026-05-02 17:39:42+00:00,7.9,6836.208,458.07,0.001065,97.1744,310.5067,58.8882,-3.7601,-0.000378,0.00308,0.3283,0.3217,0.0066,15.9543,small,2.1,True,da=-3.76km[small]
STARLINK-37054,53deg,mixed,2026-05-03 01:34:42+00:00,2026-05-03 09:48:42+00:00,8.23,6851.769,473.63,0.001082,53.0117,285.5139,53.4351,3.7691,0.0003,0.01103,-1.6439,-1.5988,-0.0452,91.0338,small,2.098,True,da=+3.77km[small]
STARLINK-6075,53deg,raising,2026-05-02 10:57:42+00:00,2026-05-02 19:04:42+00:00,8.12,6859.41,481.27,0.000622,42.8982,217.3543,73.2028,3.7759,0.000449,0.01765,-1.9542,-1.9116,-0.0427,62.0929,small,2.098,True,da=+3.78km[small]
STARLINK-31613,53deg,mixed,2026-05-02 10:35:42+00:00,2026-05-02 18:38:42+00:00,8.05,6851.739,473.6,0.001026,53.231,31.708,233.6379,-3.767,0.000589,-0.01746,-1.5925,-1.5588,-0.0337,48.6774,small,2.097,True,da=-3.77km[small]
STARLINK-31625,53deg,mixed,2026-05-04 10:43:42+00:00,2026-05-04 20:15:42+00:00,9.53,6866.592,488.45,0.000801,43.1612,79.4191,199.6364,-3.7787,-0.000592,-0.01801,-2.2291,-2.2324,0.0033,26.9943,small,2.096,True,da=-3.78km[small]
STARLINK-31555,53deg,mixed,2026-05-02 10:35:42+00:00,2026-05-02 18:32:42+00:00,7.95,6862.422,484.29,0.000171,42.8969,316.1463,309.9515,3.7688,0.000405,0.01283,-1.8688,-1.8696,0.0008,23.6599,small,2.093,True,da=+3.77km[small]
STARLINK-37066,53deg,mixed,2026-05-03 09:40:42+00:00,2026-05-03 17:41:42+00:00,8.02,6797.844,419.71,0.000658,53.0154,283.4976,318.1831,3.7167,0.00082,0.01408,-1.5581,-1.6002,0.0421,64.0754,small,2.093,True,da=+3.72km[small]
STARLINK-32647,53deg,mixed,2026-05-03 18:36:42+00:00,2026-05-04 10:26:42+00:00,15.83,6862.903,484.77,0.001055,42.905,319.5252,45.7261,-3.7704,-0.000528,-0.02473,-3.7486,-3.7304,-0.0182,32.3123,small,2.093,True,da=-3.77km[small] | di=-0.0247deg
STARLINK-35196,53deg,mixed,2026-05-04 20:07:42+00:00,2026-05-05 02:14:42+00:00,6.12,6855.971,477.83,0.001427,53.1087,202.5191,33.8381,3.7606,-0.00017,0.01631,-1.2073,-1.1825,-0.0248,-35.2613,small,2.091,True,da=+3.76km[small]
STARLINK-34823,53deg,mixed,2026-05-04 20:44:42+00:00,2026-05-05 02:06:42+00:00,5.37,6851.439,473.3,0.001057,53.0064,266.7927,125.051,-3.7539,0.000599,-0.01141,-1.0238,-1.0447,0.0209,152.4005,small,2.09,True,da=-3.75km[small]
STARLINK-32769,53deg,lowering,2026-05-02 10:21:42+00:00,2026-05-02 18:18:42+00:00,7.95,6864.489,486.35,0.001189,42.9445,334.1479,36.0288,-3.766,-0.000356,-0.0216,-1.8799,-1.8703,-0.0096,23.8278,small,2.09,True,da=-3.77km[small] | di=-0.0216deg
STARLINK-32783,53deg,lowering,2026-05-02 10:25:42+00:00,2026-05-02 18:22:42+00:00,7.95,6865.457,487.32,0.001225,42.9486,334.1834,30.237,-3.7664,-0.00032,-0.0215,-1.8748,-1.8692,-0.0056,23.7633,small,2.09,True,da=-3.77km[small] | di=-0.0215deg
STARLINK-37133,53deg,mixed,2026-05-05 09:38:42+00:00,2026-05-05 17:33:42+00:00,7.92,6855.901,477.76,0.001428,53.2873,56.2535,33.8554,-3.7523,-0.000319,-0.01379,-1.5291,-1.5276,-0.0015,18.1501,small,2.087,True,da=-3.75km[small]
STARLINK-31954,53deg,mixed,2026-05-02 10:28:42+00:00,2026-05-02 18:31:42+00:00,8.05,6855.508,477.37,0.000606,53.2451,147.2164,324.2051,3.7485,0.000857,0.01409,-1.5222,-1.5517,0.0295,48.6911,small,2.085,True,da=+3.75km[small]
STARLINK-32040,53deg,mixed,2026-05-02 18:36:42+00:00,2026-05-03 02:31:42+00:00,7.92,6852.81,474.67,0.000869,53.2421,145.0966,311.2681,3.7407,-0.000264,0.01316,-1.5315,-1.5282,-0.0033,18.0959,small,2.082,True,da=+3.74km[small]
STARLINK-30321,53deg,mixed,2026-05-05 03:04:42+00:00,2026-05-05 10:59:42+00:00,7.92,6851.446,473.31,0.00106,53.0279,304.1451,304.2159,3.7367,-0.000463,0.00865,-1.5369,-1.537,0.0002,18.1107,small,2.08,True,da=+3.74km[small]
STARLINK-35302,53deg,mixed,2026-05-05 18:00:42+00:00,2026-05-05 22:54:42+00:00,4.9,6851.623,473.49,0.001073,53.1436,182.8355,235.1478,-3.736,0.000548,-0.00575,-0.9776,-0.9507,-0.0269,45.2271,small,2.079,True,da=-3.74km[small]
STARLINK-32767,53deg,mixed,2026-05-03 18:27:42+00:00,2026-05-04 10:27:42+00:00,16.0,6863.608,485.47,0.000307,42.9224,326.5337,221.3148,-3.7429,0.000198,-0.02444,-3.8188,-3.7672,-0.0516,70.4894,small,2.078,True,da=-3.74km[small] | di=-0.0244deg
STARLINK-32742,53deg,mixed,2026-05-02 10:23:42+00:00,2026-05-02 18:20:42+00:00,7.95,6861.135,483.0,0.000844,42.9283,333.9005,121.7619,3.7391,0.000366,0.00981,-1.8779,-1.8699,-0.008,23.7739,small,2.077,True,da=+3.74km[small]
STARLINK-31593,53deg,phasing,2026-05-05 18:09:42+00:00,2026-05-05 21:46:42+00:00,3.62,6862.527,484.39,0.00097,42.8694,296.9529,48.135,3.7412,0.000256,0.01456,-0.9011,-0.8508,-0.0503,109.8363,small,2.077,True,da=+3.74km[small]
STARLINK-36792,SSO,phasing,2026-05-02 09:45:42+00:00,2026-05-02 17:38:42+00:00,7.88,6845.622,467.49,0.00097,97.1671,310.4168,209.1638,-3.726,0.000475,0.0045,0.3247,0.3192,0.0055,12.0688,small,2.077,True,da=-3.73km[small]
STARLINK-32783,53deg,lowering,2026-05-03 10:22:42+00:00,2026-05-03 18:19:42+00:00,7.95,6861.46,483.32,0.000883,42.9192,328.4868,124.5951,3.7312,0.00033,0.01039,-1.8753,-1.8699,-0.0055,23.804,small,2.072,True,da=+3.73km[small]
STARLINK-11207,53deg,mixed,2026-05-05 10:58:42+00:00,2026-05-05 19:02:42+00:00,8.07,6735.169,357.03,0.001191,53.2744,60.8395,300.5466,3.6286,0.00013,0.00849,-1.6091,-1.6534,0.0443,100.4309,small,2.072,True,da=+3.63km[small]
STARLINK-30835,53deg,mixed,2026-05-05 02:52:42+00:00,2026-05-05 10:49:42+00:00,7.95,6864.419,486.28,0.000306,42.8887,235.1446,217.2413,-3.7323,9.5e-05,-0.01532,-1.8826,-1.8719,-0.0107,23.7856,small,2.072,True,da=-3.73km[small]
STARLINK-35445,53deg,mixed,2026-05-03 02:02:42+00:00,2026-05-03 09:57:42+00:00,7.92,6849.576,471.44,0.001343,53.2447,41.3784,294.9028,3.7196,-0.000529,0.00708,-1.5351,-1.5308,-0.0044,18.1116,small,2.071,True,da=+3.72km[small]
STARLINK-37051,53deg,raising,2026-05-02 17:43:42+00:00,2026-05-03 01:35:42+00:00,7.87,6802.728,424.59,0.000972,53.0364,285.6844,348.1058,3.6798,0.000481,-0.00455,-1.5444,-1.5659,0.0215,28.4279,small,2.07,True,da=+3.68km[small]
STARLINK-36389,SSO,mixed,2026-05-02 17:58:42+00:00,2026-05-03 01:51:42+00:00,7.88,6846.013,467.88,0.001568,97.1701,310.7942,27.6246,-3.7144,-0.000154,-0.00028,0.3205,0.3192,0.0013,12.1283,small,2.07,True,da=-3.71km[small]
STARLINK-31422,53deg,lowering,2026-05-05 22:09:42+00:00,2026-05-06 02:38:42+00:00,4.48,6858.899,480.76,0.000666,42.8531,296.7491,280.4051,3.7185,-0.000475,0.01327,-1.0192,-1.057,0.0377,-51.4646,small,2.066,True,da=+3.72km[small]
STARLINK-32647,53deg,mixed,2026-05-03 10:28:42+00:00,2026-05-03 18:36:42+00:00,8.13,6866.626,488.49,0.000784,42.9248,321.3959,339.9051,-3.7237,0.000271,-0.01982,-1.8707,-1.9119,0.0412,65.8209,small,2.066,True,da=-3.72km[small]
STARLINK-35302,53deg,mixed,2026-05-02 10:03:42+00:00,2026-05-02 18:06:42+00:00,8.05,6851.874,473.74,0.000989,53.1078,198.3132,234.0627,-3.7111,0.000606,-0.01131,-1.5899,-1.563,-0.0269,48.6412,small,2.065,True,da=-3.71km[small]
STARLINK-31413,53deg,mixed,2026-05-06 02:39:42+00:00,2026-05-06 10:46:42+00:00,8.12,6863.24,485.1,0.001057,42.8664,295.0414,134.5842,3.7168,-0.000221,0.01435,-1.8714,-1.9089,0.0376,61.9585,small,2.064,True,da=+3.72km[small]
STARLINK-31413,53deg,mixed,2026-05-03 10:42:42+00:00,2026-05-03 18:50:42+00:00,8.13,6863.302,485.16,0.000185,42.8881,310.1821,223.9752,-3.7178,0.000378,-0.01832,-1.9654,-1.9162,-0.0492,65.8136,small,2.064,True,da=-3.72km[small]
STARLINK-36795,SSO,mixed,2026-05-05 17:49:42+00:00,2026-05-05 23:13:42+00:00,5.4,6835.511,457.37,0.002392,97.1806,313.7325,298.5671,-3.6873,-0.001746,-0.00041,0.2181,0.2201,-0.002,161.3731,small,2.06,True,da=-3.69km[small] | de=-0.00175
STARLINK-34688,53deg,mixed,2026-05-05 17:59:42+00:00,2026-05-05 22:49:42+00:00,4.83,6838.092,459.95,0.000517,53.2112,29.2555,103.7306,3.6863,0.000776,0.02014,-0.9524,-0.9407,-0.0117,32.8443,small,2.058,True,da=+3.69km[small] | di=+0.0201deg
STARLINK-5541,mid-inc,mixed,2026-05-03 11:10:42+00:00,2026-05-03 19:18:42+00:00,8.13,6956.502,578.37,0.000938,69.9775,346.0845,0.7501,-3.7803,0.000128,-0.00761,-0.8457,-0.8542,0.0085,27.4348,small,2.057,True,da=-3.78km[small]
STARLINK-34860,53deg,mixed,2026-05-03 02:09:42+00:00,2026-05-03 10:11:42+00:00,8.03,6859.46,481.32,0.001076,53.0305,275.216,349.6407,-3.701,0.000336,-0.01328,-1.5293,-1.5566,0.0273,44.9316,small,2.056,True,da=-3.70km[small]
STARLINK-31622,53deg,mixed,2026-05-04 10:41:42+00:00,2026-05-04 20:14:42+00:00,9.55,6863.268,485.13,0.001083,43.1431,79.5173,135.4857,3.7011,0.000131,0.01783,-2.2279,-2.2358,0.008,30.8191,small,2.055,True,da=+3.70km[small]
STARLINK-32667,53deg,mixed,2026-05-05 10:30:42+00:00,2026-05-05 18:27:42+00:00,7.95,6864.283,486.15,0.001148,42.8942,309.6469,37.1369,-3.7022,-0.000333,-0.01792,-1.8782,-1.8719,-0.0063,23.8206,small,2.055,True,da=-3.70km[small]
STARLINK-35262,53deg,mixed,2026-05-05 02:12:42+00:00,2026-05-05 10:07:42+00:00,7.92,6853.83,475.69,0.00072,53.1446,186.3439,316.3023,3.6881,-6.1e-05,0.01693,-1.5284,-1.5309,0.0025,18.1059,small,2.052,True,da=+3.69km[small]
STARLINK-31164,53deg,mixed,2026-05-03 18:50:42+00:00,2026-05-04 10:40:42+00:00,15.83,6867.559,489.42,0.001223,42.8768,267.9212,8.4788,-3.695,-0.000107,-0.01778,-3.7213,-3.7229,0.0016,32.281,small,2.05,True,da=-3.70km[small]
STARLINK-34574,mid-inc,phasing,2026-05-03 10:12:42+00:00,2026-05-03 18:08:42+00:00,7.93,6955.391,577.25,0.001002,70.0245,176.1044,164.9827,-3.7628,-5.2e-05,-0.00559,-0.8405,-0.8318,-0.0087,-17.4986,small,2.048,True,da=-3.76km[small]
STARLINK-32448,53deg,mixed,2026-05-02 10:25:42+00:00,2026-05-02 18:22:42+00:00,7.95,6864.048,485.91,0.001109,42.9257,326.6923,39.564,-3.6845,-0.000357,-0.02037,-1.8821,-1.8712,-0.0109,23.7876,small,2.045,True,da=-3.68km[small] | di=-0.0204deg
STARLINK-32710,53deg,mixed,2026-05-05 10:29:42+00:00,2026-05-05 18:26:42+00:00,7.95,6861.254,483.12,0.000855,42.8933,316.8551,123.1528,3.6812,0.000365,0.01203,-1.875,-1.8709,-0.0042,23.8089,small,2.045,True,da=+3.68km[small]
STARLINK-31906,53deg,mixed,2026-05-03 10:41:42+00:00,2026-05-03 18:38:42+00:00,7.95,6864.627,486.49,0.000371,42.9247,325.0671,215.6855,-3.6819,-2.1e-05,-0.02008,-1.878,-1.8707,-0.0073,23.7675,small,2.044,True,da=-3.68km[small] | di=-0.0201deg
STARLINK-34559,mid-inc,phasing,2026-05-03 02:20:42+00:00,2026-05-03 10:17:42+00:00,7.95,6946.872,568.73,0.001064,70.0067,176.8016,310.7774,-3.7495,0.000518,-0.00028,-0.8326,-0.8377,0.0051,-13.7319,small,2.044,True,da=-3.75km[small]
STARLINK-31857,53deg,mixed,2026-05-03 18:36:42+00:00,2026-05-04 10:35:42+00:00,15.98,6859.643,481.51,0.000675,42.8968,322.7098,69.8496,3.6733,0.000385,0.00964,-3.814,-3.7643,-0.0497,66.7762,small,2.041,True,da=+3.67km[small]
STARLINK-34079,mid-inc,mixed,2026-05-03 10:17:42+00:00,2026-05-03 18:24:42+00:00,8.12,6943.522,565.38,0.000751,69.9333,336.0063,61.7755,-3.7395,-1.4e-05,-0.00736,-0.8631,-0.8599,-0.0033,23.7194,small,2.04,True,da=-3.74km[small]
STARLINK-35262,53deg,mixed,2026-05-04 20:38:42+00:00,2026-05-05 02:12:42+00:00,5.57,6850.169,472.03,0.000897,53.1306,187.4266,118.0036,3.661,-0.000177,0.01401,-1.0826,-1.0789,-0.0038,-161.7013,small,2.038,True,da=+3.66km[small]
STARLINK-32660,53deg,mixed,2026-05-02 10:26:42+00:00,2026-05-02 18:23:42+00:00,7.95,6864.015,485.88,0.001106,42.8965,312.7943,39.8649,-3.6713,-0.000352,-0.01844,-1.8814,-1.8721,-0.0093,23.7757,small,2.038,True,da=-3.67km[small]
STARLINK-30930,53deg,mixed,2026-05-02 18:48:42+00:00,2026-05-03 02:51:42+00:00,8.05,6835.877,457.74,0.001537,53.2845,108.9445,253.8166,3.6467,-0.000548,0.01144,-1.6055,-1.566,-0.0395,53.7285,small,2.037,True,da=+3.65km[small]
STARLINK-36708,SSO,phasing,2026-05-03 09:48:42+00:00,2026-05-03 17:43:42+00:00,7.92,6846.254,468.12,0.000866,97.1629,234.1618,333.4773,3.6542,0.00022,-0.00235,0.32,0.3195,0.0005,19.7743,small,2.036,True,da=+3.65km[small]
STARLINK-35274,53deg,mixed,2026-05-06 02:08:42+00:00,2026-05-06 10:04:42+00:00,7.93,6852.026,473.89,0.001099,53.0961,338.7643,52.4919,-3.6562,-0.000557,-0.01177,-1.5462,-1.5406,-0.0055,21.9737,small,2.035,True,da=-3.66km[small]
STARLINK-34800,53deg,phasing,2026-05-02 10:12:42+00:00,2026-05-02 18:07:42+00:00,7.92,6852.696,474.56,0.001159,53.0063,277.8837,130.3773,3.6565,0.000282,0.0144,-1.531,-1.5368,0.0057,18.1399,small,2.035,True,da=+3.66km[small]
STARLINK-32647,53deg,mixed,2026-05-05 10:33:42+00:00,2026-05-05 18:30:42+00:00,7.95,6865.271,487.13,0.000487,42.8973,310.1038,210.619,-3.6632,-0.000234,-0.01865,-1.8731,-1.8709,-0.0022,23.7908,small,2.033,True,da=-3.66km[small]
STARLINK-30805,53deg,mixed,2026-05-05 18:45:42+00:00,2026-05-05 22:00:42+00:00,3.25,6866.357,488.22,0.001251,42.8987,231.106,21.1441,-3.6626,-0.000231,-0.01407,-0.7579,-0.7644,0.0065,25.5926,small,2.032,True,da=-3.66km[small]
STARLINK-35299,53deg,phasing,2026-05-05 02:07:42+00:00,2026-05-05 10:02:42+00:00,7.92,6856.615,478.48,0.001407,53.1237,343.2299,29.9328,-3.6492,-0.000255,-0.01252,-1.5291,-1.5328,0.0038,18.143,small,2.029,True,da=-3.65km[small]
STARLINK-30818,53deg,mixed,2026-05-04 19:56:42+00:00,2026-05-05 02:47:42+00:00,6.85,6862.404,484.27,0.000964,42.8709,236.5706,130.3719,-3.6531,-0.000313,-0.00943,-1.579,-1.6149,0.0359,131.3747,small,2.029,True,da=-3.65km[small]
STARLINK-36782,SSO,mixed,2026-05-06 01:42:42+00:00,2026-05-06 09:35:42+00:00,7.88,6834.758,456.62,0.000946,97.1795,314.1257,115.7904,3.6305,0.000259,0.00021,0.3238,0.3208,0.003,12.1351,small,2.028,True,da=+3.63km[small]
STARLINK-31895,53deg,mixed,2026-05-05 22:16:42+00:00,2026-05-06 02:35:42+00:00,4.32,6861.301,483.16,0.00032,42.8818,310.7286,303.5084,3.648,0.000108,0.01154,-0.964,-1.016,0.052,-89.6683,small,2.026,True,da=+3.65km[small]
STARLINK-31555,53deg,mixed,2026-05-05 22:13:42+00:00,2026-05-06 02:32:42+00:00,4.32,6861.403,483.27,0.000951,42.8622,296.4806,55.9321,3.6472,-0.000522,0.01342,-1.0735,-1.0163,-0.0572,-89.7268,small,2.026,True,da=+3.65km[small]
STARLINK-35418,53deg,mixed,2026-05-02 09:53:42+00:00,2026-05-02 17:59:42+00:00,8.1,6848.898,470.76,0.000658,53.247,44.7627,69.6444,3.6367,0.000483,0.00784,-1.6066,-1.5667,-0.0399,60.3458,small,2.025,True,da=+3.64km[small]
STARLINK-34574,mid-inc,phasing,2026-05-05 22:44:42+00:00,2026-05-06 02:05:42+00:00,3.35,6939.847,561.71,0.00083,70.0171,169.7539,85.8725,3.7067,-5.6e-05,0.00304,-0.3659,-0.3534,-0.0125,32.7292,small,2.024,True,da=+3.71km[small]
STARLINK-32883,53deg,mixed,2026-05-06 02:23:42+00:00,2026-05-06 10:18:42+00:00,7.92,6857.666,479.53,0.00067,53.2692,42.6153,205.1849,-3.6404,8e-05,-0.01464,-1.5245,-1.5269,0.0024,18.0484,small,2.024,True,da=-3.64km[small]
STARLINK-34559,mid-inc,phasing,2026-05-06 02:08:42+00:00,2026-05-06 10:05:42+00:00,7.95,6943.197,565.06,0.00159,70.0189,169.2835,243.2726,3.6944,-0.000574,0.01108,-0.8316,-0.837,0.0053,-13.738,small,2.016,True,da=+3.69km[small]
STARLINK-32015,53deg,mixed,2026-05-02 18:40:42+00:00,2026-05-03 02:35:42+00:00,7.92,6853.603,475.47,0.000768,53.2447,145.0993,314.9415,3.6239,-0.000119,0.01287,-1.5297,-1.5276,-0.0021,18.0959,small,2.016,True,da=+3.62km[small]
STARLINK-34515,mid-inc,mixed,2026-05-05 02:06:42+00:00,2026-05-05 10:03:42+00:00,7.95,6946.63,568.49,0.001111,70.0188,171.6837,309.906,-3.6982,0.000507,-5e-05,-0.8322,-0.8373,0.0051,-13.733,small,2.016,True,da=-3.70km[small]
STARLINK-32647,53deg,mixed,2026-05-06 02:25:42+00:00,2026-05-06 10:33:42+00:00,8.13,6859.85,481.71,0.000572,42.8646,306.3555,250.5478,3.6217,-0.000325,0.01476,-1.9686,-1.9162,-0.0523,65.7506,small,2.012,True,da=+3.62km[small]
STARLINK-30813,53deg,mixed,2026-05-04 10:49:42+00:00,2026-05-04 20:00:42+00:00,9.18,6867.297,489.16,0.000975,42.8917,238.7749,191.904,-3.6278,0.000105,-0.01443,-2.201,-2.159,-0.042,-53.3001,small,2.012,True,da=-3.63km[small]
STARLINK-34024,mid-inc,phasing,2026-05-03 18:25:42+00:00,2026-05-04 10:19:42+00:00,15.9,6939.751,561.61,0.002203,69.9265,335.3437,269.1631,3.6796,-0.000529,0.00135,-1.6593,-1.6847,0.0254,-27.4456,small,2.009,True,da=+3.68km[small]
STARLINK-34860,53deg,mixed,2026-05-05 02:12:42+00:00,2026-05-05 10:07:42+00:00,7.92,6853.612,475.48,0.00078,53.0146,265.9317,224.8831,-3.6096,0.000527,-0.01315,-1.5424,-1.5391,-0.0034,18.1231,small,2.008,True,da=-3.61km[small]
STARLINK-35445,53deg,mixed,2026-05-05 01:58:42+00:00,2026-05-05 10:12:42+00:00,8.23,6855.261,477.12,0.001376,53.2432,32.1081,143.2871,-3.6064,-0.000311,-0.0159,-1.5452,-1.5909,0.0456,90.8105,small,2.006,True,da=-3.61km[small]
STARLINK-30236,53deg,phasing,2026-05-05 22:00:42+00:00,2026-05-06 02:50:42+00:00,4.83,6867.284,489.15,0.000909,42.8745,259.6761,193.6431,-3.6149,-0.00067,-0.01235,-1.125,-1.1366,0.0116,28.7287,small,2.005,True,da=-3.61km[small]
STARLINK-30233,53deg,phasing,2026-05-03 18:51:42+00:00,2026-05-04 11:01:42+00:00,16.17,6863.496,485.36,0.000198,42.8594,271.7384,318.1173,-3.6111,0.000506,-0.01828,-3.7701,-3.8102,0.0401,108.8011,small,2.005,True,da=-3.61km[small]
STARLINK-34515,mid-inc,mixed,2026-05-03 10:08:42+00:00,2026-05-03 18:14:42+00:00,8.1,6952.304,574.17,0.000299,70.0208,175.8831,329.9435,3.6747,0.000311,0.00477,-0.8453,-0.8489,0.0036,19.9414,small,2.001,True,da=+3.67km[small]
STARLINK-30882,53deg,phasing,2026-05-05 18:48:42+00:00,2026-05-05 22:00:42+00:00,3.2,6844.215,466.08,0.001454,53.3183,95.4335,30.1783,-3.5895,-0.000233,-0.01459,-0.6225,-0.6207,-0.0018,16.9338,small,2.001,True,da=-3.59km[small]
STARLINK-37133,53deg,mixed,2026-05-03 09:47:42+00:00,2026-05-03 17:42:42+00:00,7.92,6857.62,479.48,0.000697,53.3042,65.4936,204.9673,-3.5997,2e-06,-0.01126,-1.5227,-1.5256,0.0028,18.0949,small,2.001,True,da=-3.60km[small]
STARLINK-35462,53deg,mixed,2026-05-05 22:54:42+00:00,2026-05-06 02:07:42+00:00,3.22,6849.716,471.58,0.000814,53.2159,27.6623,114.3097,3.5918,0.000429,0.00865,-0.626,-0.6224,-0.0036,18.7435,small,2.0,True,da=+3.59km[small]
STARLINK-35445,53deg,mixed,2026-05-06 02:09:42+00:00,2026-05-06 10:04:42+00:00,7.92,6850.155,472.02,0.001301,53.2149,27.4361,296.9857,3.5912,-0.000532,0.00717,-1.5346,-1.5315,-0.0032,18.0538,small,2.0,True,da=+3.59km[small]
STARLINK-30939,53deg,mixed,2026-05-05 10:47:42+00:00,2026-05-05 18:49:42+00:00,8.03,6839.17,461.03,0.001078,53.2982,96.8526,53.8296,-3.5841,-0.000552,-0.00768,-1.5951,-1.5629,-0.0322,50.0746,small,2.0,True,da=-3.58km[small]
STARLINK-34823,53deg,mixed,2026-05-03 02:06:42+00:00,2026-05-03 10:09:42+00:00,8.05,6851.695,473.56,0.00106,53.0078,275.1054,53.8179,-3.5941,-0.000568,-0.01418,-1.5971,-1.5668,-0.0303,48.8635,small,2.0,True,da=-3.59km[small]
STARLINK-11237,53deg,mixed,2026-05-03 11:12:42+00:00,2026-05-03 19:03:42+00:00,7.85,6736.036,357.9,0.001083,53.2874,70.6212,234.9253,-3.5004,0.000524,-0.01314,-1.6455,-1.6111,-0.0343,49.3309,small,1.999,True,da=-3.50km[small]
STARLINK-31895,53deg,mixed,2026-05-05 10:33:42+00:00,2026-05-05 18:40:42+00:00,8.12,6863.107,484.97,0.001032,42.8952,313.4874,135.6753,3.5973,-0.000189,0.01173,-1.8676,-1.9083,0.0406,62.0274,small,1.997,True,da=+3.60km[small]
STARLINK-37066,53deg,mixed,2026-05-05 17:40:42+00:00,2026-05-05 23:10:42+00:00,5.5,6802.087,423.95,0.001489,53.0278,272.3604,19.8156,-3.5455,-0.000854,-0.01299,-1.0892,-1.0975,0.0084,-160.9204,small,1.995,True,da=-3.55km[small]
STARLINK-31552,53deg,mixed,2026-05-05 18:47:42+00:00,2026-05-05 22:13:42+00:00,3.43,6859.771,481.63,0.000498,42.858,297.5345,249.2826,3.5893,-0.000277,0.01595,-0.8567,-0.809,-0.0477,67.5968,small,1.994,True,da=+3.59km[small]
STARLINK-34447,mid-inc,phasing,2026-05-05 02:06:42+00:00,2026-05-05 10:03:42+00:00,7.95,6952.828,574.69,0.000943,70.0282,171.8502,152.4457,-3.655,-0.000128,-0.00028,-0.8363,-0.8343,-0.002,-13.7646,small,1.99,True,da=-3.66km[small]
STARLINK-34030,mid-inc,phasing,2026-05-06 02:16:42+00:00,2026-05-06 10:20:42+00:00,8.07,6946.066,567.93,0.000845,69.9207,329.5604,127.8969,3.6481,0.000137,0.00591,-0.846,-0.8521,0.0061,12.4748,small,1.989,True,da=+3.65km[small]
STARLINK-30813,53deg,mixed,2026-05-05 03:02:42+00:00,2026-05-05 10:45:42+00:00,7.72,6862.595,484.46,0.000166,42.8791,234.9144,312.0072,-3.5796,0.000472,-0.01553,-1.8067,-1.8189,0.0122,-29.7155,small,1.988,True,da=-3.58km[small]
STARLINK-32660,53deg,mixed,2026-05-05 10:34:42+00:00,2026-05-05 18:31:42+00:00,7.95,6865.605,487.47,0.001202,42.8783,295.7745,27.6974,-3.5765,-0.000244,-0.01615,-1.8686,-1.871,0.0025,23.7986,small,1.985,True,da=-3.58km[small]
STARLINK-32045,53deg,mixed,2026-05-04 10:30:42+00:00,2026-05-04 20:11:42+00:00,9.68,6849.298,471.16,0.001409,53.2446,137.8656,247.8496,3.564,-0.000574,0.01578,-1.9107,-1.8726,-0.0382,63.7355,small,1.985,True,da=+3.56km[small]
STARLINK-30844,53deg,lowering,2026-05-05 22:02:42+00:00,2026-05-06 02:52:42+00:00,4.83,6862.707,484.57,0.000989,43.143,89.342,48.0403,-3.5688,-0.000422,-0.01224,-1.1483,-1.1343,-0.0141,28.798,small,1.982,True,da=-3.57km[small]
STARLINK-31101,53deg,phasing,2026-05-02 10:35:42+00:00,2026-05-02 18:39:42+00:00,8.07,6862.407,484.27,0.000958,42.8493,275.8267,49.9189,-3.568,-0.000451,-0.01329,-1.9382,-1.9024,-0.0358,50.6306,small,1.981,True,da=-3.57km[small]
STARLINK-30303,53deg,mixed,2026-05-02 18:51:42+00:00,2026-05-03 02:56:42+00:00,8.08,6852.237,474.1,0.001115,53.0505,314.9693,51.6869,-3.5593,-0.00046,-0.0171,-1.6028,-1.5713,-0.0315,56.486,small,1.981,True,da=-3.56km[small]
STARLINK-11241,53deg,phasing,2026-05-03 19:09:42+00:00,2026-05-04 11:04:42+00:00,15.92,6741.026,362.89,0.00144,53.303,69.5532,30.4406,3.4691,-0.000176,0.00806,-3.2846,-3.2504,-0.0342,149.9478,small,1.979,True,da=+3.47km[small]
STARLINK-31895,53deg,mixed,2026-05-05 02:35:42+00:00,2026-05-05 10:33:42+00:00,7.97,6859.551,481.41,0.00064,42.8786,315.3796,108.0242,3.5561,0.000392,0.01665,-1.8921,-1.8768,-0.0153,27.6511,small,1.976,True,da=+3.56km[small]
STARLINK-35384,53deg,mixed,2026-05-06 02:02:42+00:00,2026-05-06 10:07:42+00:00,8.08,6848.785,470.65,0.001523,53.2849,104.4879,251.9054,3.5375,-0.000522,0.01101,-1.5958,-1.5622,-0.0336,56.2609,small,1.97,True,da=+3.54km[small]
STARLINK-31699,53deg,mixed,2026-05-05 10:51:42+00:00,2026-05-05 18:48:42+00:00,7.95,6860.625,482.49,0.000804,43.0478,22.6175,117.6629,3.5431,0.000355,0.00889,-1.8787,-1.8669,-0.0119,23.8107,small,1.968,True,da=+3.54km[small]
STARLINK-34496,53deg,phasing,2026-05-02 10:13:42+00:00,2026-05-02 18:04:42+00:00,7.85,6821.435,443.3,0.001475,53.0663,226.1839,28.9286,-3.5104,-0.000204,-0.00931,-1.542,-1.5495,0.0075,16.9567,small,1.967,True,da=-3.51km[small]
STARLINK-31696,53deg,mixed,2026-05-03 10:40:42+00:00,2026-05-03 18:35:42+00:00,7.92,6858.12,479.98,0.001506,53.2393,27.0104,21.8409,-3.5365,-0.000165,-0.01683,-1.5276,-1.5276,-0.0001,18.1409,small,1.966,True,da=-3.54km[small]
STARLINK-34909,SSO,mixed,2026-05-06 02:04:42+00:00,2026-05-06 10:06:42+00:00,8.03,6927.883,549.75,0.001473,97.5166,357.6855,145.0879,3.5886,9.9e-05,0.0018,0.3244,0.3264,-0.002,13.1772,small,1.965,True,da=+3.59km[small]
STARLINK-34823,53deg,mixed,2026-05-05 10:08:42+00:00,2026-05-05 18:13:42+00:00,8.08,6855.089,476.95,0.00063,53.0168,264.1908,322.3267,3.5331,0.000884,0.01272,-1.5262,-1.5669,0.0407,56.3689,small,1.965,True,da=+3.53km[small]
STARLINK-6095,53deg,mixed,2026-05-05 21:38:42+00:00,2026-05-06 03:01:42+00:00,5.38,6862.993,484.86,0.001055,42.9576,197.6861,46.0682,3.5327,-0.000332,0.0187,-1.2785,-1.2644,-0.0141,155.0904,small,1.961,True,da=+3.53km[small]
STARLINK-32013,53deg,lowering,2026-05-03 10:40:42+00:00,2026-05-03 18:35:42+00:00,7.92,6854.484,476.35,0.001337,53.2509,142.5017,139.5178,3.5228,0.000151,0.0146,-1.5229,-1.5267,0.0038,18.1374,small,1.96,True,da=+3.52km[small]
STARLINK-32259,53deg,mixed,2026-05-03 18:35:42+00:00,2026-05-04 10:36:42+00:00,16.02,6853.067,474.93,0.000851,53.0392,233.5434,312.392,3.521,0.000594,0.01667,-3.063,-3.1062,0.0432,78.303,small,1.959,True,da=+3.52km[small]
STARLINK-30236,53deg,phasing,2026-05-03 03:01:42+00:00,2026-05-03 10:58:42+00:00,7.95,6861.936,483.8,0.000233,42.8512,275.4381,307.0997,3.5226,0.000288,0.01401,-1.8774,-1.8715,-0.0059,23.7761,small,1.956,True,da=+3.52km[small]
STARLINK-30882,53deg,phasing,2026-05-04 10:48:42+00:00,2026-05-04 20:03:42+00:00,9.25,6844.293,466.16,0.000747,53.3045,101.6539,222.0915,3.505,0.000278,0.01927,-1.8099,-1.7908,-0.0191,-30.7174,small,1.954,True,da=+3.51km[small]
STARLINK-36782,SSO,mixed,2026-05-05 23:15:42+00:00,2026-05-06 01:42:42+00:00,2.45,6831.272,453.14,0.003074,97.1808,314.022,272.5705,3.4861,-0.002128,-0.00138,0.1037,0.0999,0.0038,-156.7801,small,1.949,True,da=+3.49km[small] | de=-0.00213
STARLINK-37156,53deg,mixed,2026-05-04 09:38:42+00:00,2026-05-04 21:19:42+00:00,11.68,6852.629,474.49,0.000923,53.283,60.9988,229.8963,3.5014,0.000516,0.00816,-2.262,-2.2537,-0.0083,162.9713,small,1.948,True,da=+3.50km[small]
STARLINK-31889,53deg,mixed,2026-05-06 02:22:42+00:00,2026-05-06 10:39:42+00:00,8.28,6860.83,482.69,0.000382,42.877,310.3057,297.6876,3.5048,0.000713,0.01461,-1.9027,-1.9503,0.0476,100.1528,small,1.947,True,da=+3.50km[small]
STARLINK-31552,53deg,mixed,2026-05-06 02:32:42+00:00,2026-05-06 10:38:42+00:00,8.1,6862.91,484.77,0.000141,42.8681,295.7166,227.1807,-3.5056,0.000416,-0.01897,-1.9585,-1.9093,-0.0492,58.1203,small,1.946,True,da=-3.51km[small]
STARLINK-35302,53deg,mixed,2026-05-03 18:09:42+00:00,2026-05-04 10:08:42+00:00,15.98,6853.415,475.28,0.001228,53.1257,192.1014,45.8917,-3.495,-0.000402,6e-05,-3.1404,-3.0991,-0.0413,70.8345,small,1.945,True,da=-3.50km[small]
STARLINK-34393,53deg,mixed,2026-05-02 10:09:42+00:00,2026-05-02 18:04:42+00:00,7.92,6854.469,476.33,0.000663,53.0202,290.8655,318.7392,3.4948,4e-05,0.01233,-1.5282,-1.535,0.0067,18.1033,small,1.944,True,da=+3.49km[small]
STARLINK-34405,mid-inc,mixed,2026-05-02 18:03:42+00:00,2026-05-03 02:19:42+00:00,8.27,6942.05,563.91,0.00178,69.9978,177.696,248.8248,3.5556,-0.000499,0.00698,-0.8888,-0.8718,-0.017,57.3136,small,1.941,True,da=+3.56km[small]
STARLINK-35008,53deg,mixed,2026-05-05 10:07:42+00:00,2026-05-05 18:11:42+00:00,8.07,6851.841,473.7,0.000967,53.0754,328.6239,233.2265,-3.4791,0.000552,-0.01368,-1.6023,-1.5674,-0.0349,52.4943,small,1.936,True,da=-3.48km[small]
STARLINK-30898,53deg,mixed,2026-05-05 18:48:42+00:00,2026-05-05 22:01:42+00:00,3.22,6835.832,457.7,0.001542,53.2907,95.4785,285.6683,3.4646,-0.00051,0.00772,-0.6394,-0.6257,-0.0137,20.7226,small,1.935,True,da=+3.46km[small]
STARLINK-30235,53deg,mixed,2026-05-02 18:51:42+00:00,2026-05-03 02:57:42+00:00,8.1,6859.206,481.07,0.000664,42.8394,277.368,254.9244,3.4824,-0.000424,0.01501,-1.9557,-1.9099,-0.0458,58.1967,small,1.935,True,da=+3.48km[small]
STARLINK-37028,53deg,mixed,2026-05-03 01:40:42+00:00,2026-05-03 09:45:42+00:00,8.08,6849.746,471.61,0.001142,53.293,67.2437,51.0017,-3.4661,-0.000505,-0.01697,-1.5996,-1.5644,-0.0352,57.5471,small,1.93,True,da=-3.47km[small]
STARLINK-34782,53deg,phasing,2026-05-02 10:10:42+00:00,2026-05-02 18:05:42+00:00,7.92,6850.056,471.92,0.000845,52.9981,277.9104,116.8809,3.4636,0.000397,0.01421,-1.5384,-1.5392,0.0008,18.1571,small,1.929,True,da=+3.46km[small]
STARLINK-6062,53deg,mixed,2026-05-05 19:20:42+00:00,2026-05-05 21:31:42+00:00,2.18,6866.626,488.49,0.000302,42.9605,198.272,218.5242,3.4775,0.000833,0.01752,-0.5435,-0.5118,-0.0317,140.4948,small,1.929,True,da=+3.48km[small]
STARLINK-32747,53deg,mixed,2026-05-05 10:33:42+00:00,2026-05-05 18:30:42+00:00,7.95,6863.593,485.46,0.000224,42.9048,317.5669,222.531,-3.4723,0.00025,-0.01824,-1.8827,-1.8721,-0.0106,23.7576,small,1.928,True,da=-3.47km[small]
STARLINK-30805,53deg,mixed,2026-05-04 19:55:42+00:00,2026-05-05 03:08:42+00:00,7.22,6867.634,489.5,0.001085,42.8954,236.4732,183.1485,-3.4713,5.5e-05,-0.00917,-1.6772,-1.6961,0.0189,-144.5877,small,1.925,True,da=-3.47km[small]
STARLINK-31954,53deg,mixed,2026-05-06 02:37:42+00:00,2026-05-06 10:32:42+00:00,7.92,6852.903,474.77,0.001202,53.2676,130.2208,48.4342,-3.4572,-0.000413,-0.00764,-1.533,-1.5304,-0.0026,18.1472,small,1.924,True,da=-3.46km[small]
STARLINK-34079,mid-inc,mixed,2026-05-03 02:22:42+00:00,2026-05-03 10:17:42+00:00,7.92,6940.007,561.87,0.000726,69.927,336.8293,83.0364,3.5147,2.4e-05,0.00634,-0.8229,-0.8386,0.0157,-21.261,small,1.919,True,da=+3.51km[small]
STARLINK-34546,mid-inc,mixed,2026-05-02 10:16:42+00:00,2026-05-02 18:12:42+00:00,7.93,6952.097,573.96,0.000962,70.0146,178.4125,30.8008,3.5104,5.2e-05,0.00417,-0.8402,-0.8318,-0.0084,-17.4911,small,1.912,True,da=+3.51km[small]
STARLINK-35008,53deg,mixed,2026-05-04 20:39:42+00:00,2026-05-05 02:13:42+00:00,5.57,6858.323,480.19,0.001441,53.1012,331.2232,20.3372,-3.4334,-0.00083,-0.01601,-1.0699,-1.0774,0.0075,-161.3834,small,1.908,True,da=-3.43km[small]
STARLINK-33946,mid-inc,mixed,2026-05-02 18:23:42+00:00,2026-05-03 02:20:42+00:00,7.95,6953.754,575.62,0.000396,69.9526,337.7885,335.7814,-3.4997,0.000305,-0.00954,-0.8382,-0.8371,-0.0011,-13.7297,small,1.905,True,da=-3.50km[small]
STARLINK-30835,53deg,mixed,2026-05-05 21:59:42+00:00,2026-05-06 02:49:42+00:00,4.83,6859.273,481.14,0.000663,42.8687,230.5951,282.7368,3.4261,-0.000464,0.02053,-1.1561,-1.139,-0.0171,28.7404,small,1.904,True,da=+3.43km[small] | di=+0.0205deg
STARLINK-35131,53deg,phasing,2026-05-05 02:07:42+00:00,2026-05-05 10:10:42+00:00,8.05,6848.091,469.95,0.000506,53.0976,343.1239,76.5417,3.4177,0.000555,0.01041,-1.5905,-1.5632,-0.0273,48.8462,small,1.904,True,da=+3.42km[small]
STARLINK-31740,53deg,mixed,2026-05-03 18:36:42+00:00,2026-05-04 10:42:42+00:00,16.1,6851.114,472.98,0.000979,53.2145,27.4111,122.3636,3.4161,-0.000339,0.00825,-3.0641,-3.1131,0.049,97.5371,small,1.902,True,da=+3.42km[small]
STARLINK-35299,53deg,phasing,2026-05-02 18:09:42+00:00,2026-05-03 02:04:42+00:00,7.92,6854.113,475.98,0.001238,53.1422,354.0178,136.8243,3.4181,0.000222,0.0079,-1.5234,-1.531,0.0076,18.1679,small,1.902,True,da=+3.42km[small]
STARLINK-35035,53deg,mixed,2026-05-03 18:14:42+00:00,2026-05-04 10:06:42+00:00,15.87,6851.202,473.07,0.001028,53.0896,336.3836,56.1381,-3.4022,-0.000604,-0.01719,-3.0998,-3.083,-0.0168,43.9939,small,1.894,True,da=-3.40km[small]
STARLINK-30837,53deg,mixed,2026-05-06 02:49:42+00:00,2026-05-06 10:46:42+00:00,7.95,6863.164,485.03,0.001046,42.8914,229.8369,134.7278,3.409,0.000245,0.01581,-1.8693,-1.8692,-0.0001,23.7326,small,1.893,True,da=+3.41km[small]
STARLINK-34493,53deg,phasing,2026-05-05 22:52:42+00:00,2026-05-06 02:05:42+00:00,3.22,6854.957,476.82,0.000648,53.09,210.5883,320.7949,3.4019,0.000161,0.01333,-0.6145,-0.6225,0.008,18.7011,small,1.892,True,da=+3.40km[small]
STARLINK-34085,mid-inc,mixed,2026-05-04 20:31:42+00:00,2026-05-05 02:28:42+00:00,5.95,6951.729,573.59,0.000486,69.9388,332.634,327.4945,-3.4728,0.000484,-0.01032,-0.6007,-0.6276,0.0268,-102.9852,small,1.891,True,da=-3.47km[small]
STARLINK-35276,53deg,mixed,2026-05-02 18:02:42+00:00,2026-05-03 02:07:42+00:00,8.08,6858.487,480.35,0.000869,53.0949,212.3228,342.0345,-3.4006,0.000497,-0.0055,-1.5276,-1.5644,0.0368,56.4075,small,1.89,True,da=-3.40km[small]
STARLINK-35008,53deg,mixed,2026-05-02 18:06:42+00:00,2026-05-03 02:01:42+00:00,7.92,6849.087,470.95,0.001419,53.0941,340.9814,291.222,3.383,-0.000516,0.00604,-1.5375,-1.5367,-0.0008,18.1067,small,1.884,True,da=+3.38km[small]
STARLINK-34405,mid-inc,mixed,2026-05-03 02:19:42+00:00,2026-05-03 10:16:42+00:00,7.95,6945.606,567.47,0.00128,70.0048,176.8072,306.1384,-3.4502,0.000471,0.00014,-0.8316,-0.8382,0.0066,-13.7511,small,1.882,True,da=-3.45km[small]
STARLINK-30805,53deg,mixed,2026-05-05 03:08:42+00:00,2026-05-05 10:50:42+00:00,7.7,6864.163,486.03,0.001141,42.8863,234.796,38.5608,3.3885,1.2e-05,0.0163,-1.8444,-1.8096,-0.0348,-33.5651,small,1.881,True,da=+3.39km[small]
STARLINK-31593,53deg,phasing,2026-05-03 18:15:42+00:00,2026-05-04 10:50:42+00:00,16.58,6863.905,485.77,0.000309,42.8897,308.2491,219.6701,-3.3883,0.000384,-0.02261,-3.9172,-3.9056,-0.0116,-155.7527,small,1.881,True,da=-3.39km[small] | di=-0.0226deg
STARLINK-5522,mid-inc,phasing,2026-05-05 03:15:42+00:00,2026-05-05 11:21:42+00:00,8.1,6956.17,578.03,0.000715,69.9189,321.7903,188.3488,-3.4547,-0.000332,-0.00729,-0.8428,-0.8532,0.0104,19.9527,small,1.88,True,da=-3.45km[small]
STARLINK-35022,53deg,mixed,2026-05-05 22:48:42+00:00,2026-05-06 02:01:42+00:00,3.22,6854.436,476.3,0.0015,53.0927,325.9387,15.4562,-3.3748,-0.000101,-0.01314,-0.6136,-0.6239,0.0103,19.4901,small,1.877,True,da=-3.37km[small]
STARLINK-37065,53deg,mixed,2026-05-05 01:47:42+00:00,2026-05-05 09:42:42+00:00,7.92,6838.856,460.72,0.001036,53.0062,276.7234,55.5417,-3.3616,-0.000574,-0.01354,-1.5603,-1.5509,-0.0093,23.1699,small,1.876,True,da=-3.36km[small]
STARLINK-32710,53deg,mixed,2026-05-02 10:21:42+00:00,2026-05-02 18:18:42+00:00,7.95,6863.225,485.09,0.001058,42.9377,333.8543,135.3452,3.3735,0.000209,0.00826,-1.8669,-1.8678,0.0009,23.7567,small,1.873,True,da=+3.37km[small]
STARLINK-31176,53deg,lowering,2026-05-05 18:49:42+00:00,2026-05-05 22:03:42+00:00,3.23,6863.983,485.85,0.001165,42.8612,257.0496,39.342,-3.3749,-0.000359,-0.01605,-0.7662,-0.7618,-0.0044,21.7888,small,1.873,True,da=-3.37km[small]
STARLINK-31741,53deg,mixed,2026-05-05 10:52:42+00:00,2026-05-05 18:49:42+00:00,7.95,6866.643,488.51,0.000776,43.0742,22.4734,199.3129,-3.3639,-0.000532,-0.02132,-1.8624,-1.8641,0.0016,23.7782,small,1.866,True,da=-3.36km[small] | di=-0.0213deg
STARLINK-11246,53deg,phasing,2026-05-03 02:56:42+00:00,2026-05-03 11:10:42+00:00,8.23,6740.944,362.81,0.001501,53.3075,72.4282,31.7142,3.272,-6.1e-05,0.00624,-1.7162,-1.6814,-0.0349,139.942,small,1.866,True,da=+3.27km[small]
STARLINK-11204,53deg,phasing,2026-05-05 03:17:42+00:00,2026-05-05 11:08:42+00:00,7.85,6735.953,357.82,0.001058,53.2809,62.5739,235.0176,-3.2669,0.000526,-0.01347,-1.6445,-1.6113,-0.0332,49.3497,small,1.865,True,da=-3.27km[small]
STARLINK-36715,SSO,phasing,2026-05-02 17:35:42+00:00,2026-05-03 01:52:42+00:00,8.28,6844.57,466.43,0.000993,97.1638,234.2538,212.8954,-3.335,0.00046,0.00416,0.3499,0.3354,0.0145,103.8466,small,1.859,True,da=-3.34km[small]
STARLINK-30964,53deg,mixed,2026-05-05 10:50:42+00:00,2026-05-05 18:47:42+00:00,7.95,6862.837,484.7,0.00106,43.1486,91.5886,133.2236,3.3378,0.000202,0.01911,-1.8581,-1.8616,0.0035,23.7913,small,1.853,True,da=+3.34km[small]
STARLINK-35299,53deg,phasing,2026-05-05 22:59:42+00:00,2026-05-06 02:03:42+00:00,3.07,6855.167,477.03,0.001327,53.111,339.1436,142.3081,-3.3314,-0.000274,-0.01347,-0.5936,-0.5943,0.0008,-15.7368,small,1.853,True,da=-3.33km[small]
STARLINK-32448,53deg,mixed,2026-05-03 10:23:42+00:00,2026-05-03 18:42:42+00:00,8.32,6863.515,485.38,0.001049,42.9126,320.985,137.7766,-3.3369,-0.000604,-0.01986,-1.9105,-1.9583,0.0477,107.8393,small,1.853,True,da=-3.34km[small]
STARLINK-35262,53deg,mixed,2026-05-06 02:08:42+00:00,2026-05-06 10:03:42+00:00,7.92,6852.102,473.96,0.00108,53.1503,181.7586,52.7765,-3.3254,-0.000427,-0.00386,-1.5416,-1.5351,-0.0065,18.131,small,1.851,True,da=-3.33km[small]
STARLINK-31772,53deg,mixed,2026-05-04 10:40:42+00:00,2026-05-04 20:11:42+00:00,9.52,6859.683,481.55,0.001142,53.2328,22.2527,186.1518,-3.3316,-0.000541,-0.01608,-1.8283,-1.835,0.0067,25.5624,small,1.851,True,da=-3.33km[small]
STARLINK-34474,53deg,mixed,2026-05-04 10:17:42+00:00,2026-05-04 20:42:42+00:00,10.42,6851.783,473.65,0.001008,53.0663,217.6496,234.2122,-3.3217,-0.000414,-0.00804,-2.0514,-2.0243,-0.0271,-127.7585,small,1.849,True,da=-3.32km[small]
STARLINK-34085,mid-inc,mixed,2026-05-02 18:21:42+00:00,2026-05-03 02:18:42+00:00,7.95,6950.752,572.62,0.000599,69.949,337.9314,215.8929,3.3826,-0.000175,0.0005,-0.8388,-0.8368,-0.002,-13.7325,small,1.843,True,da=+3.38km[small]
STARLINK-37023,53deg,lowering,2026-05-03 01:38:42+00:00,2026-05-03 09:44:42+00:00,8.1,6852.315,474.18,0.000896,53.012,285.912,230.9772,-3.3049,0.000475,-0.01255,-1.6115,-1.5757,-0.0358,60.161,small,1.839,True,da=-3.30km[small]
STARLINK-32784,53deg,lowering,2026-05-03 02:36:42+00:00,2026-05-03 10:30:42+00:00,7.9,6823.892,445.76,0.000416,42.9113,325.1013,138.9016,3.281,0.000461,0.01539,-1.8848,-1.8945,0.0097,28.2503,small,1.837,True,da=+3.28km[small]
STARLINK-31559,53deg,mixed,2026-05-06 02:27:42+00:00,2026-05-06 10:34:42+00:00,8.12,6862.989,484.85,0.001044,42.8658,295.2469,46.0911,-3.3092,-0.000426,-0.01757,-1.9651,-1.9131,-0.052,62.0844,small,1.837,True,da=-3.31km[small]
STARLINK-6095,53deg,mixed,2026-05-06 03:01:42+00:00,2026-05-06 10:58:42+00:00,7.95,6866.526,488.39,0.000723,42.9763,196.4077,201.1586,-3.3087,-0.000497,-0.00981,-1.8627,-1.867,0.0043,23.7562,small,1.836,True,da=-3.31km[small]
STARLINK-6030,53deg,mixed,2026-05-05 21:39:42+00:00,2026-05-06 03:03:42+00:00,5.4,6865.153,487.02,0.001191,42.9657,198.2408,148.2754,-3.308,-0.000969,-0.01176,-1.2756,-1.2693,-0.0063,158.7026,small,1.836,True,da=-3.31km[small]
STARLINK-37065,53deg,mixed,2026-05-03 17:42:42+00:00,2026-05-04 09:38:42+00:00,15.93,6840.67,462.53,0.000814,53.0155,282.9845,227.2758,-3.2872,0.000481,-0.01457,-3.1538,-3.1179,-0.0359,69.1466,small,1.834,True,da=-3.29km[small]
STARLINK-30906,53deg,mixed,2026-05-04 19:59:42+00:00,2026-05-05 02:46:42+00:00,6.78,6859.653,481.52,0.000654,43.1339,98.8299,110.0928,3.2984,-0.000417,0.01437,-1.5462,-1.5915,0.0453,116.1221,small,1.833,True,da=+3.30km[small]
STARLINK-34848,SSO,mixed,2026-05-05 22:47:42+00:00,2026-05-06 02:07:42+00:00,3.33,6930.482,552.34,0.00161,97.5207,357.5641,154.0402,3.3489,-0.000414,-0.00524,0.1306,0.1353,-0.0047,32.3671,small,1.832,True,da=+3.35km[small]
STARLINK-34024,mid-inc,phasing,2026-05-02 18:16:42+00:00,2026-05-03 02:23:42+00:00,8.12,6943.186,565.05,0.001695,69.9375,337.8926,243.0174,-3.3552,0.000511,-0.00953,-0.8626,-0.8598,-0.0028,23.691,small,1.831,True,da=-3.36km[small]
STARLINK-5529,mid-inc,phasing,2026-05-05 19:19:42+00:00,2026-05-05 21:40:42+00:00,2.35,6949.375,571.24,0.000734,69.9078,320.0871,220.7894,3.3564,0.000322,0.00299,-0.2484,-0.248,-0.0004,167.8766,small,1.829,True,da=+3.36km[small]
STARLINK-32182,53deg,mixed,2026-05-05 18:44:42+00:00,2026-05-05 22:30:42+00:00,3.77,6847.456,469.32,0.001717,53.2158,31.6323,274.2094,3.28,-0.000759,0.01109,-0.7035,-0.7297,0.0262,144.9539,small,1.827,True,da=+3.28km[small]
STARLINK-30882,53deg,phasing,2026-05-03 11:00:42+00:00,2026-05-03 18:54:42+00:00,7.9,6845.554,467.42,0.001436,53.3054,106.228,144.3326,3.2763,7.1e-05,0.01418,-1.5227,-1.5286,0.0059,18.2562,small,1.826,True,da=+3.28km[small]
STARLINK-36718,SSO,phasing,2026-05-03 01:44:42+00:00,2026-05-03 09:40:42+00:00,7.93,6831.157,453.02,0.000674,97.1735,234.662,91.1931,3.2567,0.000271,-0.00554,0.3318,0.3231,0.0087,23.6643,small,1.821,True,da=+3.26km[small]
STARLINK-35301,53deg,mixed,2026-05-05 22:59:42+00:00,2026-05-06 02:03:42+00:00,3.07,6853.96,475.82,0.000696,53.1574,181.7921,316.939,-3.271,0.000445,-0.01137,-0.5927,-0.594,0.0013,-15.6833,small,1.82,True,da=-3.27km[small]
STARLINK-31552,53deg,mixed,2026-05-05 10:50:42+00:00,2026-05-05 18:47:42+00:00,7.95,6863.044,484.91,0.000162,42.873,299.418,225.5096,-3.2735,0.000336,-0.015,-1.8835,-1.8735,-0.01,23.773,small,1.818,True,da=-3.27km[small]
STARLINK-30273,53deg,mixed,2026-05-05 11:01:42+00:00,2026-05-05 19:04:42+00:00,8.05,6851.211,473.07,0.000575,53.0389,303.0143,324.8897,3.2642,0.00088,0.01085,-1.5281,-1.5629,0.0347,50.5422,small,1.817,True,da=+3.26km[small]
STARLINK-30235,53deg,mixed,2026-05-05 11:05:42+00:00,2026-05-05 19:09:42+00:00,8.07,6862.256,484.12,0.000235,42.8517,262.2218,230.4695,-3.2706,0.000451,-0.01196,-1.938,-1.9023,-0.0357,50.5166,small,1.816,True,da=-3.27km[small]
STARLINK-30898,53deg,mixed,2026-05-05 02:51:42+00:00,2026-05-05 10:44:42+00:00,7.88,6843.662,465.52,0.00062,53.3145,98.6101,212.684,-3.2544,0.000259,-0.01272,-1.5281,-1.5295,0.0015,15.4424,small,1.815,True,da=-3.25km[small]
STARLINK-34523,53deg,mixed,2026-05-05 02:07:42+00:00,2026-05-05 10:11:42+00:00,8.07,6814.219,436.08,0.000808,53.0682,213.5676,64.4176,3.2328,0.00038,0.01249,-1.6391,-1.5949,-0.0442,67.2361,small,1.814,True,da=+3.23km[small]
STARLINK-34518,53deg,mixed,2026-05-04 10:22:42+00:00,2026-05-04 20:47:42+00:00,10.42,6848.446,470.31,0.000575,53.0537,217.263,73.5519,3.2564,0.000433,0.01172,-2.0514,-2.0245,-0.0269,-127.7661,small,1.814,True,da=+3.26km[small]
STARLINK-36795,SSO,mixed,2026-05-02 09:42:42+00:00,2026-05-02 17:36:42+00:00,7.9,6835.201,457.06,0.002439,97.1733,310.4335,242.6065,-3.2405,0.000505,0.00376,0.3282,0.3218,0.0064,15.8778,small,1.81,True,da=-3.24km[small]
STARLINK-5846,mid-inc,mixed,2026-05-03 19:24:42+00:00,2026-05-04 11:14:42+00:00,15.83,6952.4,574.26,0.000423,69.9228,325.1732,209.6026,3.32,0.000691,-0.00067,-1.6817,-1.6675,-0.0142,-42.4578,small,1.808,True,da=+3.32km[small]
STARLINK-31101,53deg,phasing,2026-05-04 10:48:42+00:00,2026-05-04 19:58:42+00:00,9.17,6862.638,484.5,0.000183,42.8519,264.3911,311.1362,-3.253,0.000424,-0.01181,-2.1115,-2.1613,0.0498,-57.1012,small,1.806,True,da=-3.25km[small]
STARLINK-31559,53deg,mixed,2026-05-05 10:46:42+00:00,2026-05-05 18:43:42+00:00,7.95,6862.618,484.48,0.00099,42.8682,298.9424,48.2441,-3.2349,-0.00036,-0.01443,-1.885,-1.874,-0.011,23.8123,small,1.796,True,da=-3.23km[small]
STARLINK-35302,53deg,mixed,2026-05-05 22:54:42+00:00,2026-05-06 02:08:42+00:00,3.23,6847.887,469.75,0.001621,53.1379,181.8579,280.3749,3.2216,-0.000512,0.00896,-0.6412,-0.6274,-0.0139,22.5201,small,1.795,True,da=+3.22km[small]
STARLINK-37023,53deg,lowering,2026-05-03 09:44:42+00:00,2026-05-03 17:39:42+00:00,7.92,6849.01,470.87,0.001371,52.9994,284.3005,291.1382,3.2213,-0.000504,0.0124,-1.5418,-1.5401,-0.0017,18.1348,small,1.794,True,da=+3.22km[small]
STARLINK-30934,53deg,mixed,2026-05-04 10:49:42+00:00,2026-05-04 20:00:42+00:00,9.18,6843.605,465.47,0.000617,53.3103,101.7468,213.3266,3.216,0.000825,0.01373,-1.8159,-1.7785,-0.0374,-45.1811,small,1.793,True,da=+3.22km[small]
STARLINK-36739,SSO,mixed,2026-05-05 17:53:42+00:00,2026-05-05 23:04:42+00:00,5.18,6845.688,467.55,0.00157,97.1755,313.7608,28.8476,-3.2139,-0.000127,-0.00119,0.2217,0.21,0.0117,111.6955,small,1.791,True,da=-3.21km[small]
STARLINK-30846,53deg,mixed,2026-05-02 10:39:42+00:00,2026-05-02 18:46:42+00:00,8.12,6862.781,484.64,0.001018,42.8594,250.7581,47.3503,-3.2241,-0.000345,-0.01122,-1.9561,-1.9134,-0.0427,62.1133,small,1.79,True,da=-3.22km[small]
STARLINK-30964,53deg,mixed,2026-05-05 02:53:42+00:00,2026-05-05 10:50:42+00:00,7.95,6859.624,481.49,0.00066,43.137,93.461,109.423,3.2139,0.0004,0.01164,-1.8724,-1.8652,-0.0072,23.8006,small,1.786,True,da=+3.21km[small]
STARLINK-35008,53deg,mixed,2026-05-02 10:00:42+00:00,2026-05-02 18:06:42+00:00,8.1,6852.296,474.16,0.000912,53.1096,342.5944,231.0886,-3.2093,0.000508,-0.01551,-1.613,-1.5722,-0.0408,60.1335,small,1.786,True,da=-3.21km[small]
STARLINK-34438,53deg,mixed,2026-05-04 10:18:42+00:00,2026-05-04 20:34:42+00:00,10.27,6849.023,470.89,0.000723,53.2297,35.2139,110.3794,3.2035,0.000262,0.00539,-1.9962,-1.9868,-0.0095,-162.2985,small,1.784,True,da=+3.20km[small]
STARLINK-30283,53deg,phasing,2026-05-02 10:38:42+00:00,2026-05-02 18:44:42+00:00,8.1,6852.294,474.16,0.001117,53.052,317.0739,51.3932,-3.2039,-0.000411,-0.01081,-1.6127,-1.5742,-0.0385,60.3543,small,1.783,True,da=-3.20km[small]
STARLINK-31148,53deg,mixed,2026-05-05 10:46:42+00:00,2026-05-05 18:43:42+00:00,7.95,6862.985,484.85,0.001057,42.8577,258.5496,134.2122,3.2094,0.000217,0.0181,-1.861,-1.8704,0.0094,23.8438,small,1.782,True,da=+3.21km[small]
STARLINK-32042,53deg,mixed,2026-05-04 20:05:42+00:00,2026-05-05 02:33:42+00:00,6.47,6851.279,473.14,0.001022,53.2571,135.7677,56.5862,-3.1985,-0.000534,-0.01132,-1.2866,-1.2514,-0.0352,45.2068,small,1.78,True,da=-3.20km[small]
STARLINK-34797,53deg,mixed,2026-05-04 10:02:42+00:00,2026-05-04 20:49:42+00:00,10.78,6847.97,469.83,0.00044,52.9927,269.0508,100.3987,3.1861,0.000577,0.01249,-2.0579,-2.0992,0.0413,-43.6093,small,1.775,True,da=+3.19km[small]
STARLINK-35445,53deg,mixed,2026-05-04 20:52:42+00:00,2026-05-05 01:58:42+00:00,5.1,6852.075,473.94,0.001124,53.2346,33.1376,51.8376,3.1858,0.000252,0.00858,-1.0295,-0.9852,-0.0442,91.4496,small,1.773,True,da=+3.19km[small]
STARLINK-31718,53deg,raising,2026-05-05 22:06:42+00:00,2026-05-06 02:37:42+00:00,4.52,6864.245,486.11,0.001155,43.0574,20.3609,36.8836,3.1944,-8.4e-05,0.0106,-1.0935,-1.0586,-0.0349,-43.8274,small,1.773,True,da=+3.19km[small]
STARLINK-31157,53deg,mixed,2026-05-05 18:40:42+00:00,2026-05-05 21:55:42+00:00,3.25,6863.71,485.57,0.001142,42.8642,256.6964,139.4744,3.192,0.00012,0.01302,-0.7528,-0.7643,0.0115,25.5872,small,1.772,True,da=+3.19km[small]
STARLINK-35276,53deg,mixed,2026-05-05 18:05:42+00:00,2026-05-05 22:57:42+00:00,4.87,6856.573,478.44,0.000597,53.1191,198.3593,328.8911,3.1806,0.000786,0.01526,-0.915,-0.9405,0.0255,37.6196,small,1.768,True,da=+3.18km[small]
STARLINK-34024,mid-inc,phasing,2026-05-06 02:20:42+00:00,2026-05-06 10:24:42+00:00,8.07,6945.84,567.7,0.001336,69.9193,329.4782,232.9125,-3.236,0.00046,-0.00437,-0.849,-0.854,0.005,12.4481,small,1.765,True,da=-3.24km[small]
STARLINK-34848,SSO,mixed,2026-05-04 10:00:42+00:00,2026-05-04 20:45:42+00:00,10.75,6923.628,545.49,0.001314,97.5257,356.0685,131.83,3.2132,0.000157,-0.00267,0.4284,0.4382,-0.0097,-93.8806,small,1.761,True,da=+3.21km[small]
STARLINK-30844,53deg,lowering,2026-05-05 18:48:42+00:00,2026-05-05 22:02:42+00:00,3.23,6865.88,487.74,0.001231,43.1613,90.0989,26.301,-3.1735,-0.000242,-0.01829,-0.7568,-0.7573,0.0005,21.7393,small,1.761,True,da=-3.17km[small]
STARLINK-35321,53deg,mixed,2026-05-04 10:01:42+00:00,2026-05-04 20:26:42+00:00,10.42,6851.577,473.44,0.001045,53.1173,346.4642,234.4372,-3.1548,-0.000472,-0.01472,-2.057,-2.0222,-0.0348,-127.7577,small,1.756,True,da=-3.15km[small]
STARLINK-30925,53deg,mixed,2026-05-05 02:55:42+00:00,2026-05-05 10:52:42+00:00,7.95,6862.923,484.79,0.001054,43.1499,93.6757,46.151,-3.1581,-0.000361,-0.01738,-1.8718,-1.8652,-0.0066,23.7903,small,1.754,True,da=-3.16km[small]
STARLINK-34546,mid-inc,mixed,2026-05-03 02:18:42+00:00,2026-05-03 10:15:42+00:00,7.95,6951.435,573.3,0.000933,70.014,176.7294,33.288,3.2152,6.5e-05,0.01046,-0.8396,-0.8338,-0.0058,-13.7473,small,1.751,True,da=+3.22km[small]
STARLINK-32182,53deg,mixed,2026-05-05 22:30:42+00:00,2026-05-06 02:32:42+00:00,4.03,6850.736,472.6,0.000958,53.2269,30.9288,59.1633,-3.1426,0.000734,-0.01268,-0.795,-0.7813,-0.0137,-153.6634,small,1.75,True,da=-3.14km[small]
STARLINK-6076,53deg,mixed,2026-05-05 11:21:42+00:00,2026-05-05 19:18:42+00:00,7.95,6867.974,489.84,0.000168,42.9531,199.816,314.443,3.1551,0.000558,0.016,-1.859,-1.8628,0.0038,21.7651,small,1.75,True,da=+3.16km[small]
STARLINK-11204,53deg,phasing,2026-05-03 11:05:42+00:00,2026-05-03 19:08:42+00:00,8.05,6735.941,357.8,0.001024,53.2876,70.7703,124.2506,3.0647,-0.000397,0.00781,-1.603,-1.649,0.0461,96.5011,small,1.75,True,da=+3.06km[small]
STARLINK-32769,53deg,lowering,2026-05-05 10:31:42+00:00,2026-05-05 18:27:42+00:00,7.93,6865.086,486.95,0.001201,42.9104,317.1361,31.6199,-3.1516,-0.000245,-0.0166,-1.8693,-1.8664,-0.0029,19.9857,small,1.749,True,da=-3.15km[small]
STARLINK-36715,SSO,phasing,2026-05-03 09:47:42+00:00,2026-05-03 17:43:42+00:00,7.93,6847.043,468.91,0.00081,97.1609,234.9289,336.4893,3.137,0.000424,-0.00195,0.3199,0.32,-0.0001,23.6179,small,1.748,True,da=+3.14km[small]
STARLINK-35290,53deg,phasing,2026-05-05 22:57:42+00:00,2026-05-06 02:01:42+00:00,3.07,6857.134,479.0,0.00065,53.1674,181.7565,332.5068,-3.1411,5.1e-05,-0.01095,-0.5994,-0.5929,-0.0065,-15.697,small,1.746,True,da=-3.14km[small]
STARLINK-32787,53deg,lowering,2026-05-02 10:21:42+00:00,2026-05-02 18:24:42+00:00,8.05,6859.037,480.9,0.001465,53.3011,59.5599,165.216,-3.1406,-0.000887,-0.01243,-1.5211,-1.5501,0.029,48.7147,small,1.745,True,da=-3.14km[small]
STARLINK-32259,53deg,mixed,2026-05-05 10:36:42+00:00,2026-05-05 18:41:42+00:00,8.08,6855.306,477.17,0.001375,53.0598,225.7846,142.7013,3.1358,-0.000534,0.01106,-1.5252,-1.5653,0.0401,56.429,small,1.744,True,da=+3.14km[small]
STARLINK-31148,53deg,mixed,2026-05-06 02:48:42+00:00,2026-05-06 10:44:42+00:00,7.93,6865.259,487.12,0.00038,42.8725,254.8281,212.3387,-3.1382,-0.00013,-0.01468,-1.8741,-1.8674,-0.0067,19.8863,small,1.742,True,da=-3.14km[small]
STARLINK-37471,SSO,phasing,2026-05-03 09:26:42+00:00,2026-05-03 17:42:42+00:00,8.27,6715.693,337.56,0.000889,97.2038,328.6042,339.5106,-3.0345,0.000553,0.00364,0.3657,0.3597,0.006,155.9436,small,1.741,True,da=-3.03km[small]
STARLINK-32664,53deg,phasing,2026-05-02 18:23:42+00:00,2026-05-03 02:37:42+00:00,8.23,6812.202,434.07,0.001632,42.9144,319.2595,204.1455,-3.1018,7.6e-05,-0.01924,-2.0453,-1.9901,-0.0552,111.5982,small,1.741,True,da=-3.10km[small]
STARLINK-35402,53deg,mixed,2026-05-03 09:53:42+00:00,2026-05-03 18:07:42+00:00,8.23,6851.846,473.71,0.000949,53.1318,350.6604,307.0553,3.1287,0.00041,0.00427,-1.5522,-1.5947,0.0425,90.857,small,1.741,True,da=+3.13km[small]
STARLINK-30838,53deg,mixed,2026-05-02 18:50:42+00:00,2026-05-03 02:46:42+00:00,7.93,6863.944,485.81,0.001179,42.8671,248.1771,40.557,-3.131,-0.000323,-0.00973,-1.876,-1.8687,-0.0073,19.977,small,1.738,True,da=-3.13km[small]
STARLINK-30851,53deg,phasing,2026-05-03 18:56:42+00:00,2026-05-04 10:45:42+00:00,15.82,6867.237,489.1,0.000978,42.888,242.4196,190.6537,-3.1338,-0.000687,-0.00977,-3.7182,-3.7182,-0.0,28.3736,small,1.738,True,da=-3.13km[small]
STARLINK-31741,53deg,mixed,2026-05-04 20:07:42+00:00,2026-05-05 02:47:42+00:00,6.67,6861.463,483.33,0.000884,43.0578,25.944,55.4638,3.1212,0.000299,0.01105,-1.6158,-1.5647,-0.051,89.5081,small,1.734,True,da=+3.12km[small]
STARLINK-33860,mid-inc,phasing,2026-05-05 10:20:42+00:00,2026-05-05 18:33:42+00:00,8.22,6951.768,573.63,0.000489,69.9338,331.0358,327.8625,3.1789,0.000564,0.00473,-0.8471,-0.8651,0.0179,46.249,small,1.731,True,da=+3.18km[small]
STARLINK-32190,53deg,mixed,2026-05-04 10:33:42+00:00,2026-05-04 20:13:42+00:00,9.67,6855.027,476.89,0.001367,53.2538,37.7174,141.3255,3.1105,-0.000578,0.00457,-1.8327,-1.8639,0.0312,60.0191,small,1.73,True,da=+3.11km[small]
STARLINK-30934,53deg,mixed,2026-05-03 18:50:42+00:00,2026-05-04 10:49:42+00:00,15.98,6840.505,462.37,0.001222,53.3021,104.8097,132.5706,3.0998,-0.000605,0.00821,-3.0629,-3.1012,0.0383,80.756,small,1.73,True,da=+3.10km[small]
STARLINK-6075,53deg,raising,2026-05-03 03:09:42+00:00,2026-05-03 11:07:42+00:00,7.97,6867.508,489.37,0.000978,42.9424,213.5335,189.6396,-3.1151,-0.000605,-0.01037,-1.8612,-1.8709,0.0097,27.5705,small,1.728,True,da=-3.12km[small]
STARLINK-36768,SSO,mixed,2026-05-05 01:40:42+00:00,2026-05-05 09:45:42+00:00,8.08,6847.067,468.93,0.00158,97.1704,313.0556,156.4167,-3.1023,-0.000448,0.0032,0.3227,0.3271,-0.0044,58.1033,small,1.728,True,da=-3.10km[small]
STARLINK-37037,53deg,phasing,2026-05-06 01:37:42+00:00,2026-05-06 09:40:42+00:00,8.05,6846.238,468.1,0.000848,53.0278,271.6325,341.7317,-3.1002,0.000554,-0.01118,-1.536,-1.5702,0.0342,53.7944,small,1.728,True,da=-3.10km[small]
STARLINK-31557,53deg,mixed,2026-05-04 20:14:42+00:00,2026-05-05 02:52:42+00:00,6.63,6865.275,487.14,0.001188,42.8822,298.3475,149.8003,-3.1147,-0.000979,-0.01684,-1.5107,-1.5612,0.0504,81.6749,small,1.728,True,da=-3.11km[small]
STARLINK-32660,53deg,mixed,2026-05-06 02:16:42+00:00,2026-05-06 10:33:42+00:00,8.28,6865.521,487.38,0.001207,42.8737,292.0753,29.3766,-3.1079,-0.000257,-0.01602,-2.0116,-1.9495,-0.0621,100.3508,small,1.725,True,da=-3.11km[small]
STARLINK-34438,53deg,mixed,2026-05-02 10:10:42+00:00,2026-05-02 18:04:42+00:00,7.9,6855.472,477.34,0.000607,53.2678,44.5555,216.2654,-3.1003,0.000336,-0.0142,-1.5274,-1.5252,-0.0022,14.2701,small,1.724,True,da=-3.10km[small]
STARLINK-6081,53deg,mixed,2026-05-02 11:00:42+00:00,2026-05-02 19:07:42+00:00,8.12,6859.635,481.5,0.000634,42.8993,217.3781,70.5037,3.1032,0.000377,0.01465,-1.9565,-1.9117,-0.0448,62.1042,small,1.724,True,da=+3.10km[small]
STARLINK-31042,53deg,mixed,2026-05-05 10:48:42+00:00,2026-05-05 18:44:42+00:00,7.93,6864.504,486.37,0.00115,42.8623,258.8305,35.6129,-3.0996,-0.000231,-0.01148,-1.8661,-1.8684,0.0023,20.0095,small,1.72,True,da=-3.10km[small]
STARLINK-34909,SSO,mixed,2026-05-05 10:07:42+00:00,2026-05-05 18:21:42+00:00,8.23,6927.88,549.74,0.001489,97.5219,357.0361,145.0923,3.1418,-0.000626,-0.00439,0.328,0.3347,-0.0067,58.3183,small,1.72,True,da=+3.14km[small]
STARLINK-30295,53deg,mixed,2026-05-03 02:56:42+00:00,2026-05-03 10:51:42+00:00,7.92,6855.304,477.17,0.001377,53.0546,313.9488,142.6715,3.0906,8.2e-05,0.00872,-1.5256,-1.5333,0.0077,18.1421,small,1.719,True,da=+3.09km[small]
STARLINK-34528,53deg,mixed,2026-05-03 02:20:42+00:00,2026-05-03 10:13:42+00:00,7.88,6824.277,446.14,0.001145,53.0825,222.9386,185.9242,-3.068,-0.000536,-0.00848,-1.5445,-1.553,0.0085,24.6224,small,1.718,True,da=-3.07km[small]
STARLINK-31557,53deg,mixed,2026-05-03 10:46:42+00:00,2026-05-03 18:42:42+00:00,7.93,6864.978,486.84,0.001156,42.8907,306.2911,32.1779,-3.0931,-0.00024,-0.01502,-1.8682,-1.8671,-0.0011,19.9839,small,1.717,True,da=-3.09km[small]
STARLINK-34559,mid-inc,phasing,2026-05-03 10:17:42+00:00,2026-05-03 18:12:42+00:00,7.92,6943.122,564.99,0.001582,70.0064,175.969,297.0455,-3.1419,0.00044,-0.00531,-0.825,-0.8357,0.0108,-21.2227,small,1.714,True,da=-3.14km[small]
STARLINK-30295,53deg,mixed,2026-05-03 10:51:42+00:00,2026-05-03 18:56:42+00:00,8.08,6858.395,480.26,0.001459,53.0633,312.4232,160.8136,-3.0843,-0.000859,-0.01155,-1.5299,-1.5656,0.0358,56.3636,small,1.714,True,da=-3.08km[small]
STARLINK-32259,53deg,mixed,2026-05-02 10:30:42+00:00,2026-05-02 18:34:42+00:00,8.07,6855.748,477.61,0.001403,53.0369,239.7596,144.3859,3.0802,-0.000503,0.01278,-1.5237,-1.5626,0.0389,52.5672,small,1.713,True,da=+3.08km[small]
STARLINK-35445,53deg,mixed,2026-05-02 10:02:42+00:00,2026-05-02 17:56:42+00:00,7.9,6854.599,476.46,0.000669,53.2652,44.5133,220.4938,-3.078,0.000384,-0.0141,-1.5289,-1.5259,-0.003,14.2651,small,1.712,True,da=-3.08km[small]
STARLINK-31422,53deg,lowering,2026-05-06 02:38:42+00:00,2026-05-06 10:44:42+00:00,8.1,6862.618,484.48,0.000191,42.8664,295.7298,228.9404,-3.0831,0.000375,-0.01719,-1.96,-1.9094,-0.0506,58.1276,small,1.712,True,da=-3.08km[small]
STARLINK-34393,53deg,mixed,2026-05-04 20:32:42+00:00,2026-05-05 02:05:42+00:00,5.55,6853.397,475.26,0.001244,53.0114,279.5936,46.8571,-3.0724,9e-06,-0.00966,-1.0797,-1.079,-0.0007,-165.3025,small,1.709,True,da=-3.07km[small]
STARLINK-32647,53deg,mixed,2026-05-02 10:21:42+00:00,2026-05-02 18:17:42+00:00,7.93,6865.847,487.71,0.000587,42.9331,327.124,207.5325,-3.0798,-0.000345,-0.0182,-1.8677,-1.865,-0.0027,19.9199,small,1.709,True,da=-3.08km[small]
STARLINK-34849,53deg,mixed,2026-05-05 10:09:42+00:00,2026-05-05 18:15:42+00:00,8.1,6852.332,474.19,0.000934,53.106,200.0913,231.4658,-3.0715,0.000499,-0.00963,-1.6066,-1.5721,-0.0345,60.1324,small,1.709,True,da=-3.07km[small]
STARLINK-31422,53deg,lowering,2026-05-02 10:40:42+00:00,2026-05-02 18:36:42+00:00,7.93,6865.667,487.53,0.000531,42.9109,316.4708,208.8592,-3.0786,-0.000314,-0.01662,-1.8674,-1.8658,-0.0016,19.9147,small,1.708,True,da=-3.08km[small]
STARLINK-36768,SSO,mixed,2026-05-03 09:41:42+00:00,2026-05-03 17:46:42+00:00,8.08,6844.046,465.91,0.001139,97.1709,311.4156,325.3712,3.0555,0.000449,0.00025,0.3246,0.3271,-0.0025,58.0698,small,1.704,True,da=+3.06km[small]
STARLINK-31422,53deg,lowering,2026-05-02 18:36:42+00:00,2026-05-03 02:42:42+00:00,8.1,6862.588,484.45,0.000217,42.8943,314.6034,228.774,-3.0674,0.000391,-0.01946,-1.9534,-1.9086,-0.0448,58.1378,small,1.703,True,da=-3.07km[small]
STARLINK-31851,53deg,mixed,2026-05-02 10:22:42+00:00,2026-05-02 18:30:42+00:00,8.13,6866.46,488.32,0.001278,42.9437,330.4635,157.6429,-3.0684,-0.001003,-0.01883,-1.8699,-1.9111,0.0412,65.7734,small,1.702,True,da=-3.07km[small] | de=-0.00100
STARLINK-37042,53deg,phasing,2026-05-03 09:44:42+00:00,2026-05-03 17:39:42+00:00,7.92,6821.233,443.1,0.000604,53.3007,65.1928,330.1553,3.0331,0.000707,0.0096,-1.5338,-1.5514,0.0175,32.3207,small,1.7,True,da=+3.03km[small]
STARLINK-37023,53deg,lowering,2026-05-02 09:48:42+00:00,2026-05-02 17:43:42+00:00,7.92,6859.256,481.12,0.000886,53.0349,288.9704,194.8236,-3.0553,-0.000356,-0.00807,-1.5254,-1.5336,0.0082,18.0582,small,1.698,True,da=-3.06km[small]
STARLINK-35008,53deg,mixed,2026-05-05 02:13:42+00:00,2026-05-05 10:07:42+00:00,7.9,6854.889,476.75,0.000612,53.0852,330.1533,218.9539,-3.0479,0.000356,-0.00987,-1.5294,-1.532,0.0026,14.2726,small,1.695,True,da=-3.05km[small]
STARLINK-31895,53deg,mixed,2026-05-06 02:35:42+00:00,2026-05-06 10:31:42+00:00,7.93,6864.949,486.81,0.000428,42.8934,309.7646,213.8401,-3.0519,-0.000203,-0.01577,-1.8717,-1.867,-0.0046,19.9037,small,1.694,True,da=-3.05km[small]
STARLINK-34559,mid-inc,phasing,2026-05-05 10:07:42+00:00,2026-05-05 18:14:42+00:00,8.12,6942.928,564.79,0.001588,70.0178,170.9664,244.564,-3.104,0.000461,-0.0037,-0.8641,-0.8564,-0.0077,23.6587,small,1.694,True,da=-3.10km[small]
STARLINK-35262,53deg,mixed,2026-05-02 09:53:42+00:00,2026-05-02 18:08:42+00:00,8.25,6851.634,473.5,0.001087,53.1076,198.7963,305.4297,3.0437,0.000291,0.01051,-1.5483,-1.5989,0.0506,94.6056,small,1.694,True,da=+3.04km[small]
STARLINK-31895,53deg,mixed,2026-05-02 18:33:42+00:00,2026-05-03 02:29:42+00:00,7.93,6864.849,486.71,0.000484,42.9317,328.6285,213.6638,-3.0459,-0.000187,-0.02042,-1.8649,-1.866,0.0011,19.9365,small,1.69,True,da=-3.05km[small] | di=-0.0204deg
STARLINK-30881,53deg,mixed,2026-05-04 10:47:42+00:00,2026-05-04 19:59:42+00:00,9.2,6859.011,480.87,0.000648,42.9095,330.0963,281.3851,3.0398,-0.000409,0.00799,-2.1284,-2.1673,0.039,-49.4342,small,1.689,True,da=+3.04km[small]
STARLINK-31552,53deg,mixed,2026-05-02 10:34:42+00:00,2026-05-02 18:30:42+00:00,7.93,6865.877,487.74,0.000559,42.9131,316.4564,207.1004,-3.0433,-0.000381,-0.01655,-1.8664,-1.8656,-0.0009,19.9245,small,1.689,True,da=-3.04km[small]
STARLINK-30295,53deg,mixed,2026-05-05 03:04:42+00:00,2026-05-05 10:58:42+00:00,7.9,6855.352,477.22,0.001382,53.0409,304.6655,36.6549,-3.034,-0.000272,-0.01272,-1.532,-1.5333,0.0013,14.3265,small,1.687,True,da=-3.03km[small]
STARLINK-35274,53deg,mixed,2026-05-05 18:03:42+00:00,2026-05-05 22:54:42+00:00,4.85,6859.826,481.69,0.001198,53.1265,340.3,356.0634,-3.0366,0.000272,-0.01243,-0.9121,-0.9373,0.0252,33.8393,small,1.687,True,da=-3.04km[small]
STARLINK-32784,53deg,lowering,2026-05-02 10:27:42+00:00,2026-05-02 18:22:42+00:00,7.92,6828.189,450.05,0.001398,42.9411,329.0158,1.7604,-3.0104,-0.000746,-0.0177,-1.8815,-1.897,0.0155,31.9298,small,1.684,True,da=-3.01km[small]
STARLINK-11205,53deg,mixed,2026-05-04 19:46:42+00:00,2026-05-05 03:16:42+00:00,7.5,6734.769,356.63,0.000911,53.0334,229.3359,118.6715,-2.9492,-0.000603,-0.00282,-1.5163,-1.549,0.0328,-33.1171,small,1.684,True,da=-2.95km[small]
STARLINK-37023,53deg,lowering,2026-05-05 17:44:42+00:00,2026-05-05 23:08:42+00:00,5.4,6857.566,479.43,0.000905,53.0297,273.4693,192.3484,-3.0273,0.000231,-0.00106,-1.0644,-1.047,-0.0173,160.8216,small,1.683,True,da=-3.03km[small]
STARLINK-30236,53deg,phasing,2026-05-06 02:50:42+00:00,2026-05-06 10:46:42+00:00,7.93,6863.669,485.53,0.000239,42.8621,258.5511,222.3718,-3.0308,0.000207,-0.01456,-1.881,-1.8692,-0.0118,19.9085,small,1.683,True,da=-3.03km[small]
STARLINK-34393,53deg,mixed,2026-05-03 18:10:42+00:00,2026-05-04 10:22:42+00:00,16.2,6849.086,470.95,0.000698,53.0022,284.665,111.7485,3.0203,0.000274,0.00395,-3.1025,-3.1517,0.0492,120.4785,small,1.682,True,da=+3.02km[small]
STARLINK-32667,53deg,mixed,2026-05-02 10:21:42+00:00,2026-05-02 18:17:42+00:00,7.93,6863.092,484.96,0.001051,42.9219,326.659,45.4071,-3.0272,-0.000323,-0.0175,-1.8802,-1.868,-0.0123,19.9865,small,1.681,True,da=-3.03km[small]
STARLINK-30303,53deg,mixed,2026-05-03 02:56:42+00:00,2026-05-03 10:51:42+00:00,7.92,6848.678,470.54,0.000654,53.0334,313.3666,108.1729,3.0183,0.000424,0.00836,-1.5432,-1.5393,-0.0039,18.1742,small,1.681,True,da=+3.02km[small]
STARLINK-37162,53deg,mixed,2026-05-04 20:56:42+00:00,2026-05-05 01:40:42+00:00,4.73,6822.156,444.02,0.000691,53.2949,58.29,204.5692,-3.0013,-7.4e-05,-0.00785,-0.9237,-0.9289,0.0052,15.5333,small,1.681,True,da=-3.00km[small]
STARLINK-37036,53deg,mixed,2026-05-05 17:52:42+00:00,2026-05-05 23:12:42+00:00,5.33,6794.787,416.65,0.000955,53.0056,272.1668,123.9404,-2.9813,0.000595,-0.01267,-1.0527,-1.0687,0.016,160.0488,small,1.68,True,da=-2.98km[small]
STARLINK-32035,53deg,mixed,2026-05-04 10:34:42+00:00,2026-05-04 20:14:42+00:00,9.67,6858.093,479.96,0.000774,53.273,137.6692,338.6383,-3.02,0.00059,-0.00493,-1.827,-1.8633,0.0363,60.0141,small,1.679,True,da=-3.02km[small]
STARLINK-31631,53deg,mixed,2026-05-02 10:38:42+00:00,2026-05-02 18:34:42+00:00,7.93,6861.156,483.02,0.000888,43.1391,86.8465,122.1714,3.0188,0.000254,0.01733,-1.8646,-1.8598,-0.0048,19.9427,small,1.677,True,da=+3.02km[small]
STARLINK-30906,53deg,mixed,2026-05-05 02:46:42+00:00,2026-05-05 10:54:42+00:00,8.13,6862.951,484.81,0.000237,43.1483,97.2838,226.215,-3.0163,0.000316,-0.01581,-1.9537,-1.9081,-0.0456,65.786,small,1.675,True,da=-3.02km[small]
STARLINK-30835,53deg,mixed,2026-05-06 02:49:42+00:00,2026-05-06 10:45:42+00:00,7.93,6862.699,484.56,0.000199,42.8892,229.439,311.4772,3.0175,0.000299,0.01488,-1.8703,-1.8659,-0.0044,19.8966,small,1.675,True,da=+3.02km[small]
STARLINK-35464,53deg,mixed,2026-05-04 10:05:42+00:00,2026-05-04 20:58:42+00:00,10.88,6844.028,465.89,0.00128,53.2456,35.3284,42.9613,2.9968,0.000174,0.00532,-2.1228,-2.1108,-0.012,-15.0929,small,1.671,True,da=+3.00km[small]
STARLINK-31773,53deg,phasing,2026-05-06 02:37:42+00:00,2026-05-06 10:32:42+00:00,7.92,6859.12,480.98,0.001481,53.2169,16.6369,15.2695,-2.9967,-6.3e-05,-0.01204,-1.5204,-1.5273,0.0069,18.0966,small,1.665,True,da=-3.00km[small]
STARLINK-34088,mid-inc,phasing,2026-05-05 02:28:42+00:00,2026-05-05 10:22:42+00:00,7.9,6956.537,578.4,0.000926,69.9414,332.0711,179.4984,-3.0606,0.00017,-0.00373,-0.8385,-0.8309,-0.0076,-24.9888,small,1.665,True,da=-3.06km[small]
STARLINK-31561,53deg,mixed,2026-05-06 02:38:42+00:00,2026-05-06 10:34:42+00:00,7.93,6865.689,487.55,0.000494,42.8791,294.9126,208.5173,-2.9993,-0.000326,-0.01655,-1.8691,-1.8667,-0.0024,19.8992,small,1.664,True,da=-3.00km[small]
STARLINK-6081,53deg,mixed,2026-05-03 11:10:42+00:00,2026-05-03 19:06:42+00:00,7.93,6864.758,486.62,0.000399,42.9337,211.6927,214.547,-2.995,-0.000115,-0.01212,-1.8661,-1.8659,-0.0002,19.9403,small,1.662,True,da=-2.99km[small]
STARLINK-31422,53deg,lowering,2026-05-03 18:56:42+00:00,2026-05-04 10:45:42+00:00,15.82,6862.09,483.95,0.000961,42.8838,308.8658,50.9041,-2.9935,-0.000453,-0.02111,-3.7489,-3.7284,-0.0205,28.4816,small,1.662,True,da=-2.99km[small] | di=-0.0211deg
STARLINK-34797,53deg,mixed,2026-05-05 10:07:42+00:00,2026-05-05 18:13:42+00:00,8.1,6852.137,474.0,0.000966,53.0086,264.4132,231.3912,-2.9805,0.000462,-0.00745,-1.6084,-1.5758,-0.0326,60.1254,small,1.659,True,da=-2.98km[small]
STARLINK-37023,53deg,lowering,2026-05-05 23:08:42+00:00,2026-05-06 01:37:42+00:00,2.48,6854.538,476.4,0.001136,53.0286,272.4049,353.17,-2.977,-0.00048,-0.00406,-0.4594,-0.4823,0.0229,-148.7861,small,1.656,True,da=-2.98km[small]
STARLINK-30925,53deg,mixed,2026-05-04 10:43:42+00:00,2026-05-04 19:52:42+00:00,9.15,6859.659,481.52,0.000581,43.1314,97.4332,289.879,2.9748,-0.000394,0.01539,-2.1015,-2.147,0.0455,-60.913,small,1.653,True,da=+2.97km[small]
STARLINK-37447,SSO,mixed,2026-05-04 21:14:42+00:00,2026-05-05 01:43:42+00:00,4.48,6726.009,347.87,0.000824,97.2083,330.1819,202.9188,2.887,0.000412,-0.00633,0.1991,0.1937,0.0054,-21.4363,small,1.652,True,da=+2.89km[small]
STARLINK-6096,53deg,mixed,2026-05-05 03:18:42+00:00,2026-05-05 11:14:42+00:00,7.93,6860.554,482.42,0.000819,42.9357,202.0532,117.9574,2.9722,0.000332,0.01872,-1.8739,-1.8665,-0.0074,19.9722,small,1.651,True,da=+2.97km[small]
STARLINK-37442,SSO,mixed,2026-05-03 09:27:42+00:00,2026-05-03 17:40:42+00:00,8.22,6709.703,331.57,0.001712,97.204,328.6144,23.356,2.8744,-0.00012,-0.00168,0.3687,0.3579,0.0107,147.3252,small,1.651,True,da=+2.87km[small]
STARLINK-31773,53deg,phasing,2026-05-03 02:41:42+00:00,2026-05-03 10:36:42+00:00,7.92,6851.336,473.2,0.001013,53.2258,30.5585,55.3407,-2.9641,-0.000474,-0.01266,-1.5391,-1.5331,-0.006,18.1559,small,1.65,True,da=-2.96km[small]
STARLINK-37133,53deg,mixed,2026-05-05 01:43:42+00:00,2026-05-05 09:38:42+00:00,7.92,6858.868,480.73,0.001474,53.3014,57.7716,15.7064,-2.9677,-4.6e-05,-0.01409,-1.5182,-1.5245,0.0063,18.149,small,1.649,True,da=-2.97km[small]
STARLINK-34088,mid-inc,phasing,2026-05-05 10:22:42+00:00,2026-05-05 18:30:42+00:00,8.13,6953.476,575.34,0.001096,69.9377,331.2326,154.5096,3.0251,-0.000188,0.00356,-0.8451,-0.8555,0.0104,27.445,small,1.647,True,da=+3.03km[small]
STARLINK-34438,53deg,mixed,2026-05-04 20:34:42+00:00,2026-05-05 02:07:42+00:00,5.55,6852.227,474.09,0.000985,53.235,33.2177,308.0809,2.9597,0.000408,0.00836,-1.0701,-1.0721,0.0021,-165.2292,small,1.647,True,da=+2.96km[small]
STARLINK-32199,53deg,mixed,2026-05-02 18:34:42+00:00,2026-05-03 02:28:42+00:00,7.9,6850.751,472.61,0.001169,53.2528,45.4799,301.2927,2.9592,-0.000422,0.00925,-1.5276,-1.5266,-0.001,14.2664,small,1.647,True,da=+2.96km[small]
STARLINK-35402,53deg,mixed,2026-05-02 10:01:42+00:00,2026-05-02 17:55:42+00:00,7.9,6853.416,475.28,0.000802,53.148,355.3284,225.9867,-2.955,0.000418,-0.01532,-1.5371,-1.531,-0.0061,14.2641,small,1.644,True,da=-2.95km[small]
STARLINK-34800,53deg,phasing,2026-05-04 20:45:42+00:00,2026-05-05 02:09:42+00:00,5.4,6848.145,470.01,0.001586,52.9929,266.5673,256.7868,2.9509,-0.000599,0.01021,-1.0353,-1.0512,0.0159,160.0576,small,1.644,True,da=+2.95km[small]
STARLINK-6096,53deg,mixed,2026-05-04 11:15:42+00:00,2026-05-04 19:45:42+00:00,8.5,6864.586,486.45,0.001213,42.9451,205.8855,35.8712,2.9605,-0.000168,0.01538,-2.0224,-1.9955,-0.0269,150.0835,small,1.643,True,da=+2.96km[small]
STARLINK-30297,53deg,mixed,2026-05-05 19:02:42+00:00,2026-05-05 22:04:42+00:00,3.03,6859.719,481.58,0.001384,53.0524,301.4892,173.513,-2.9542,8.6e-05,-0.01047,-0.6031,-0.5872,-0.0158,-23.3815,small,1.641,True,da=-2.95km[small]
STARLINK-31156,53deg,raising,2026-05-05 18:47:42+00:00,2026-05-05 22:01:42+00:00,3.23,6859.475,481.34,0.000634,42.8444,256.8264,109.6241,2.9513,0.000335,0.01144,-0.7734,-0.7623,-0.0111,21.7931,small,1.64,True,da=+2.95km[small]
STARLINK-31559,53deg,mixed,2026-05-03 18:39:42+00:00,2026-05-04 10:49:42+00:00,16.17,6865.933,487.8,0.000663,42.8979,308.3994,205.3124,-2.9512,-0.000485,-0.02023,-3.8666,-3.8025,-0.0641,108.6722,small,1.638,True,da=-2.95km[small] | di=-0.0202deg
STARLINK-35290,53deg,phasing,2026-05-05 10:12:42+00:00,2026-05-05 18:07:42+00:00,7.92,6848.177,470.04,0.001555,53.1321,184.2301,284.4488,2.9407,-0.000428,0.01002,-1.5416,-1.5362,-0.0055,18.0978,small,1.638,True,da=+2.94km[small]
STARLINK-35336,53deg,mixed,2026-05-05 23:03:42+00:00,2026-05-06 02:05:42+00:00,3.03,6856.877,478.74,0.000614,53.1289,197.0856,209.988,2.9445,0.000525,0.00976,-0.6028,-0.586,-0.0167,-23.3596,small,1.637,True,da=+2.94km[small]
STARLINK-31700,53deg,mixed,2026-05-04 10:49:42+00:00,2026-05-04 19:57:42+00:00,9.13,6857.907,479.77,0.000704,53.2277,22.2707,203.1535,-2.9389,0.00065,-0.01573,-1.8119,-1.7627,-0.0491,-62.4628,small,1.634,True,da=-2.94km[small]
STARLINK-35231,53deg,mixed,2026-05-04 20:43:42+00:00,2026-05-05 02:06:42+00:00,5.38,6850.47,472.33,0.000932,53.1312,187.4442,119.6979,-2.9358,0.000717,-0.00689,-1.0273,-1.0452,0.0179,156.2527,small,1.634,True,da=-2.94km[small]
STARLINK-34729,53deg,mixed,2026-05-03 02:10:42+00:00,2026-05-03 10:16:42+00:00,8.1,6852.138,474.0,0.001124,53.0091,275.125,51.6339,-2.9334,-0.000399,-0.012,-1.614,-1.5758,-0.0382,60.3804,small,1.633,True,da=-2.93km[small]
STARLINK-31319,53deg,mixed,2026-05-05 10:47:42+00:00,2026-05-05 18:43:42+00:00,7.93,6864.571,486.43,0.001184,43.1471,70.1539,35.8353,-2.9395,-0.000302,-0.01444,-1.865,-1.8596,-0.0053,19.9327,small,1.632,True,da=-2.94km[small]
STARLINK-31696,53deg,mixed,2026-05-06 02:36:42+00:00,2026-05-06 10:30:42+00:00,7.9,6851.579,473.44,0.001077,53.1884,14.6054,304.6131,2.926,-0.000399,0.0056,-1.5288,-1.5283,-0.0004,14.2411,small,1.629,True,da=+2.93km[small]
STARLINK-30881,53deg,mixed,2026-05-03 11:00:42+00:00,2026-05-03 18:56:42+00:00,7.93,6863.085,484.95,0.000154,42.9406,335.7417,225.354,-2.9336,0.000324,-0.01769,-1.8788,-1.8673,-0.0115,19.9596,small,1.629,True,da=-2.93km[small]
STARLINK-31851,53deg,mixed,2026-05-06 02:35:42+00:00,2026-05-06 10:34:42+00:00,7.98,6861.725,483.59,0.000289,42.8785,309.7161,235.0485,-2.9319,0.000385,-0.01505,-1.909,-1.8823,-0.0267,31.3703,small,1.628,True,da=-2.93km[small]
STARLINK-34680,53deg,phasing,2026-05-05 22:48:42+00:00,2026-05-06 02:12:42+00:00,3.4,6855.097,476.96,0.001375,53.0153,262.1489,142.1183,2.9238,-0.000664,0.01189,-0.6177,-0.6592,0.0415,60.8124,small,1.626,True,da=+2.92km[small]
STARLINK-30925,53deg,mixed,2026-05-03 10:54:42+00:00,2026-05-03 18:50:42+00:00,7.93,6862.983,484.85,0.000216,43.143,103.0701,226.1943,-2.9263,0.000276,-0.00784,-1.8706,-1.8611,-0.0095,19.9388,small,1.625,True,da=-2.93km[small]
STARLINK-32660,53deg,mixed,2026-05-03 18:40:42+00:00,2026-05-04 10:31:42+00:00,15.85,6861.621,483.48,0.00026,42.874,305.1914,234.4799,-2.9233,0.000419,-0.02008,-3.7685,-3.7377,-0.0309,36.0728,small,1.624,True,da=-2.92km[small] | di=-0.0201deg
STARLINK-31700,53deg,mixed,2026-05-03 02:47:42+00:00,2026-05-03 10:41:42+00:00,7.9,6853.279,475.14,0.001229,53.2274,28.4708,46.305,-2.9109,-0.000335,-0.01264,-1.53,-1.5282,-0.0018,14.315,small,1.62,True,da=-2.91km[small]
STARLINK-34526,53deg,phasing,2026-05-04 20:41:42+00:00,2026-05-05 02:05:42+00:00,5.4,6850.632,472.49,0.001177,53.0621,215.1978,300.2861,-2.9106,-0.000742,-0.00333,-1.0322,-1.0499,0.0177,160.2399,small,1.62,True,da=-2.91km[small]
STARLINK-31042,53deg,mixed,2026-05-06 02:50:42+00:00,2026-05-06 10:46:42+00:00,7.93,6860.228,482.09,0.000724,42.8471,255.0039,113.8788,2.9153,0.000305,0.01145,-1.8845,-1.8697,-0.0148,19.9233,small,1.62,True,da=+2.92km[small]
STARLINK-35402,53deg,mixed,2026-05-05 18:08:42+00:00,2026-05-05 22:59:42+00:00,4.85,6847.57,469.43,0.001678,53.0892,339.7914,265.4472,2.9061,-0.00045,0.00638,-0.9614,-0.9424,-0.019,33.7746,small,1.619,True,da=+2.91km[small]
STARLINK-35270,53deg,mixed,2026-05-02 18:08:42+00:00,2026-05-03 02:01:42+00:00,7.88,6839.479,461.34,0.001086,53.2833,119.643,52.9541,-2.8972,-0.000373,-0.00898,-1.5443,-1.5337,-0.0106,15.4572,small,1.617,True,da=-2.90km[small]
STARLINK-6062,53deg,mixed,2026-05-05 03:18:42+00:00,2026-05-05 11:15:42+00:00,7.95,6866.619,488.48,0.001118,42.9536,201.9853,142.4183,2.9065,0.000169,0.01712,-1.8564,-1.8642,0.0078,22.7858,small,1.612,True,da=+2.91km[small]
STARLINK-34405,mid-inc,mixed,2026-05-04 10:14:42+00:00,2026-05-04 20:30:42+00:00,10.27,6940.074,561.94,0.002033,70.0075,173.4646,277.3229,2.9509,-0.001284,0.00693,-1.0652,-1.0835,0.0182,146.7304,small,1.611,True,da=+2.95km[small] | de=-0.00128
STARLINK-30913,53deg,mixed,2026-05-06 02:50:42+00:00,2026-05-06 10:44:42+00:00,7.9,6838.629,460.49,0.00103,53.3011,93.9135,56.8836,-2.8869,-0.000492,-0.01266,-1.544,-1.5371,-0.007,19.2859,small,1.611,True,da=-2.89km[small]
STARLINK-6083,53deg,mixed,2026-05-03 11:04:42+00:00,2026-05-03 19:01:42+00:00,7.95,6862.311,484.17,0.000943,42.9227,212.0459,49.9538,-2.8988,-0.000367,-0.0127,-1.8825,-1.8725,-0.0101,23.8141,small,1.61,True,da=-2.90km[small]
STARLINK-30925,53deg,mixed,2026-05-02 10:36:42+00:00,2026-05-02 18:52:42+00:00,8.27,6862.246,484.11,0.000999,43.1352,108.7725,51.586,2.8985,0.000211,0.01864,-1.9961,-1.937,-0.0591,96.5292,small,1.61,True,da=+2.90km[small]
STARLINK-34008,mid-inc,phasing,2026-05-02 10:10:42+00:00,2026-05-02 18:17:42+00:00,8.12,6942.721,564.58,0.001817,69.9392,338.7143,244.7356,-2.9486,0.000423,-0.00722,-0.8639,-0.8598,-0.0041,23.6526,small,1.609,True,da=-2.95km[small]
STARLINK-37473,SSO,phasing,2026-05-03 17:44:42+00:00,2026-05-04 09:35:42+00:00,15.85,6716.336,338.2,0.001647,97.2044,328.975,153.7085,-2.8048,0.000777,0.00824,0.6934,0.6896,0.0038,146.2262,small,1.609,True,da=-2.80km[small]
STARLINK-6062,53deg,mixed,2026-05-05 11:15:42+00:00,2026-05-05 19:20:42+00:00,8.08,6869.526,491.39,0.001287,42.9707,200.1289,165.2041,-2.8996,-0.000985,-0.01021,-1.8569,-1.8954,0.0385,53.3201,small,1.608,True,da=-2.90km[small]
STARLINK-35008,53deg,mixed,2026-05-05 22:51:42+00:00,2026-05-06 02:05:42+00:00,3.23,6847.766,469.63,0.001624,53.057,326.1255,277.4635,2.8868,-0.000447,0.00511,-0.6406,-0.6287,-0.012,22.5251,small,1.608,True,da=+2.89km[small]
STARLINK-31625,53deg,mixed,2026-05-05 22:10:42+00:00,2026-05-06 02:30:42+00:00,4.33,6861.973,483.84,0.00093,43.1357,71.1039,51.9962,2.8915,-0.000566,0.01422,-1.0676,-1.0155,-0.0521,-85.8793,small,1.606,True,da=+2.89km[small]
STARLINK-30851,53deg,phasing,2026-05-04 10:45:42+00:00,2026-05-04 19:56:42+00:00,9.18,6864.103,485.97,0.000291,42.8782,238.7014,219.0273,2.8891,0.000934,0.01495,-2.2031,-2.1589,-0.0442,-53.2392,small,1.604,True,da=+2.89km[small]
STARLINK-30864,53deg,mixed,2026-05-03 10:52:42+00:00,2026-05-03 18:48:42+00:00,7.93,6866.488,488.35,0.000703,42.9567,335.8394,201.7905,-2.8908,-0.000431,-0.01771,-1.8634,-1.8636,0.0002,19.9382,small,1.604,True,da=-2.89km[small]
STARLINK-36962,53deg,phasing,2026-05-02 17:36:42+00:00,2026-05-03 01:32:42+00:00,7.93,6791.474,413.34,0.001606,53.2779,67.5492,257.1446,2.8438,-0.000452,0.00882,-1.6123,-1.5795,-0.0328,44.6592,small,1.604,True,da=+2.84km[small]
STARLINK-35274,53deg,mixed,2026-05-03 02:10:42+00:00,2026-05-03 09:54:42+00:00,7.73,6847.49,469.35,0.00035,53.1189,352.6808,84.8858,2.8758,0.000551,0.00653,-1.4795,-1.5017,0.0221,-24.0391,small,1.602,True,da=+2.88km[small]
STARLINK-30846,53deg,mixed,2026-05-03 10:58:42+00:00,2026-05-03 18:54:42+00:00,7.93,6862.968,484.83,0.000218,42.8668,245.023,225.8365,-2.8803,0.000276,-0.0099,-1.8729,-1.8696,-0.0033,19.9694,small,1.599,True,da=-2.88km[small]
STARLINK-31559,53deg,mixed,2026-05-02 10:35:42+00:00,2026-05-02 18:31:42+00:00,7.93,6862.652,484.52,0.000999,42.8958,315.9676,48.9488,-2.8757,-0.000311,-0.01518,-1.8813,-1.8691,-0.0123,19.9428,small,1.597,True,da=-2.88km[small]
STARLINK-32767,53deg,mixed,2026-05-03 10:31:42+00:00,2026-05-03 18:27:42+00:00,7.93,6866.483,488.35,0.00075,42.9395,328.3973,201.3523,-2.875,-0.000443,-0.01713,-1.8636,-1.8641,0.0005,19.9625,small,1.595,True,da=-2.87km[small]
STARLINK-30939,53deg,mixed,2026-05-03 10:54:42+00:00,2026-05-03 18:49:42+00:00,7.92,6847.125,468.99,0.001129,53.3179,106.1439,187.1089,-2.8604,-0.000557,-0.00474,-1.522,-1.5329,0.0108,23.0719,small,1.594,True,da=-2.86km[small]
STARLINK-35022,53deg,mixed,2026-05-03 18:14:42+00:00,2026-05-04 10:04:42+00:00,15.83,6855.068,476.93,0.001407,53.1172,336.1234,171.4562,-2.8665,-0.000846,-0.01525,-3.0405,-3.068,0.0276,39.7555,small,1.594,True,da=-2.87km[small]
STARLINK-36792,SSO,phasing,2026-05-02 17:38:42+00:00,2026-05-03 01:51:42+00:00,8.22,6841.896,463.76,0.001445,97.1716,310.7415,221.2325,-2.8559,0.000388,-0.00154,0.3453,0.3333,0.012,88.5214,small,1.593,True,da=-2.86km[small]
STARLINK-6075,53deg,raising,2026-05-06 03:09:42+00:00,2026-05-06 11:06:42+00:00,7.95,6864.605,486.47,0.001169,42.9687,196.5336,146.8878,2.869,8.7e-05,0.01548,-1.8544,-1.8657,0.0113,23.8249,small,1.592,True,da=+2.87km[small]
STARLINK-31148,53deg,mixed,2026-05-05 02:50:42+00:00,2026-05-05 10:46:42+00:00,7.93,6860.119,481.98,0.000738,42.8466,260.4342,114.2043,2.8663,0.000319,0.01114,-1.8847,-1.8698,-0.0148,20.0079,small,1.592,True,da=+2.87km[small]
STARLINK-32655,53deg,mixed,2026-05-05 10:32:42+00:00,2026-05-05 18:29:42+00:00,7.95,6864.251,486.11,0.001136,42.8951,310.2018,143.1585,2.8644,0.000144,0.00899,-1.8595,-1.8684,0.0089,23.8047,small,1.59,True,da=+2.86km[small]
STARLINK-6066,53deg,mixed,2026-05-03 19:17:42+00:00,2026-05-04 11:08:42+00:00,15.85,6870.092,491.96,0.00105,42.9495,209.9867,181.0398,-2.8665,-0.00066,-0.00263,-3.7051,-3.7164,0.0113,34.0695,small,1.589,True,da=-2.87km[small]
STARLINK-32664,53deg,phasing,2026-05-03 02:37:42+00:00,2026-05-03 10:28:42+00:00,7.85,6809.101,430.96,0.001708,42.8952,317.2142,315.7437,2.8256,0.000325,0.01341,-1.8959,-1.8977,0.0018,22.5577,small,1.588,True,da=+2.83km[small]
STARLINK-30321,53deg,mixed,2026-05-05 10:59:42+00:00,2026-05-05 19:05:42+00:00,8.1,6855.183,477.05,0.000597,53.0366,302.6083,322.3266,2.8527,0.000879,0.00954,-1.5289,-1.5696,0.0407,60.1887,small,1.587,True,da=+2.85km[small]
STARLINK-34830,53deg,mixed,2026-05-04 10:04:42+00:00,2026-05-04 20:49:42+00:00,10.75,6858.804,480.67,0.00084,53.1082,333.1031,197.2494,-2.8534,0.000566,-0.01371,-2.1213,-2.0795,-0.0419,-51.1813,small,1.586,True,da=-2.85km[small]
STARLINK-30964,53deg,mixed,2026-05-02 10:35:42+00:00,2026-05-02 18:53:42+00:00,8.3,6860.706,482.57,0.000824,43.132,108.5483,118.7272,2.8477,-0.000603,0.01702,-1.8953,-1.9465,0.0512,104.0294,small,1.582,True,da=+2.85km[small]
STARLINK-11444,53deg,phasing,2026-05-02 18:47:42+00:00,2026-05-03 02:59:42+00:00,8.2,6738.204,360.07,0.001222,42.9528,201.4588,35.7712,2.7651,-1.3e-05,0.02126,-2.1026,-2.0542,-0.0485,134.5875,small,1.578,True,da=+2.77km[small] | di=+0.0213deg
STARLINK-34008,mid-inc,phasing,2026-05-03 10:19:42+00:00,2026-05-03 18:26:42+00:00,8.12,6939.729,561.59,0.00224,69.9282,336.165,270.8452,2.89,-0.000404,0.00233,-0.8641,-0.8601,-0.004,23.6528,small,1.578,True,da=+2.89km[small]
STARLINK-31889,53deg,mixed,2026-05-04 10:38:42+00:00,2026-05-04 20:11:42+00:00,9.55,6867.718,489.58,0.001073,42.9274,319.7001,182.6446,-2.8453,-0.000631,-0.01737,-2.2273,-2.243,0.0157,30.8018,small,1.578,True,da=-2.85km[small]
STARLINK-35308,53deg,raising,2026-05-03 18:12:42+00:00,2026-05-04 10:01:42+00:00,15.82,6847.538,469.4,0.000315,53.1069,192.0125,86.5417,2.8286,0.000585,0.02023,-3.0875,-3.0716,-0.0159,32.4839,small,1.576,True,da=+2.83km[small] | di=+0.0202deg
STARLINK-30964,53deg,mixed,2026-05-03 10:54:42+00:00,2026-05-03 18:50:42+00:00,7.93,6860.539,482.4,0.00046,43.1349,102.8427,297.0134,2.8361,-0.000231,0.01746,-1.8687,-1.8606,-0.0081,19.944,small,1.575,True,da=+2.84km[small]
STARLINK-32042,53deg,mixed,2026-05-06 02:37:42+00:00,2026-05-06 10:31:42+00:00,7.9,6852.878,474.74,0.000876,53.27,129.8637,228.9075,-2.8254,0.000434,-0.00439,-1.5276,-1.5268,-0.0008,14.2514,small,1.572,True,da=-2.83km[small]
STARLINK-34817,53deg,mixed,2026-05-02 10:09:42+00:00,2026-05-02 18:09:42+00:00,8.0,6849.42,471.28,0.00141,53.0295,278.5198,169.3694,-2.8227,-0.000828,-0.00708,-1.5276,-1.5577,0.0301,41.2513,small,1.572,True,da=-2.82km[small]
STARLINK-32199,53deg,mixed,2026-05-05 18:40:42+00:00,2026-05-05 22:26:42+00:00,3.77,6850.425,472.29,0.00126,53.2243,31.543,299.5758,-2.8167,-0.000906,-0.00775,-0.7028,-0.7297,0.0269,145.0465,small,1.568,True,da=-2.82km[small]
STARLINK-31857,53deg,mixed,2026-05-03 10:40:42+00:00,2026-05-03 18:36:42+00:00,7.93,6862.465,484.33,0.000995,42.9128,324.5919,49.8878,-2.8223,-0.00032,-0.01599,-1.882,-1.8687,-0.0133,19.9617,small,1.567,True,da=-2.82km[small]
STARLINK-34492,53deg,mixed,2026-05-04 10:22:42+00:00,2026-05-04 20:47:42+00:00,10.42,6851.458,473.32,0.001067,53.0649,217.6675,235.8994,-2.8071,-0.000433,-0.00628,-2.0521,-2.0244,-0.0277,-127.7571,small,1.563,True,da=-2.81km[small]
STARLINK-6076,53deg,mixed,2026-05-06 03:02:42+00:00,2026-05-06 10:58:42+00:00,7.93,6867.102,488.96,0.000166,42.957,196.131,308.3843,2.8184,0.00026,0.01793,-1.8603,-1.8598,-0.0005,17.9284,small,1.563,True,da=+2.82km[small]
STARLINK-35453,53deg,lowering,2026-05-03 02:03:42+00:00,2026-05-03 09:57:42+00:00,7.9,6852.758,474.62,0.00087,53.2544,41.5561,229.0601,-2.8047,0.000437,-0.01225,-1.5312,-1.5276,-0.0035,14.2685,small,1.561,True,da=-2.80km[small]
STARLINK-34518,53deg,mixed,2026-05-05 02:10:42+00:00,2026-05-05 10:05:42+00:00,7.92,6847.856,469.72,0.000475,53.059,214.1832,102.2116,2.8023,0.000442,0.01112,-1.5494,-1.5391,-0.0103,18.1687,small,1.561,True,da=+2.80km[small]
STARLINK-36354,SSO,mixed,2026-05-03 01:55:42+00:00,2026-05-03 09:40:42+00:00,7.75,6850.017,471.88,0.001203,97.1641,311.0998,355.1332,-2.8042,-0.000295,0.00508,0.3221,0.3129,0.0092,-18.5453,small,1.561,True,da=-2.80km[small]
STARLINK-35321,53deg,mixed,2026-05-05 10:11:42+00:00,2026-05-05 18:05:42+00:00,7.9,6857.709,479.57,0.001496,53.1247,341.7793,24.3297,-2.8063,-0.000133,-0.01295,-1.5293,-1.5284,-0.0009,14.2995,small,1.56,True,da=-2.81km[small]
STARLINK-30913,53deg,mixed,2026-05-05 02:50:42+00:00,2026-05-05 10:43:42+00:00,7.88,6836.323,458.19,0.001483,53.292,98.5417,290.0364,2.792,-0.000418,0.00616,-1.5374,-1.5334,-0.004,15.4248,small,1.559,True,da=+2.79km[small]
STARLINK-35276,53deg,mixed,2026-05-05 22:57:42+00:00,2026-05-06 02:11:42+00:00,3.23,6859.754,481.62,0.001383,53.1344,197.4443,6.5107,-2.8043,5e-05,-0.00783,-0.6111,-0.6247,0.0136,22.5684,small,1.558,True,da=-2.80km[small]
STARLINK-34849,53deg,mixed,2026-05-05 22:45:42+00:00,2026-05-06 02:10:42+00:00,3.42,6849.685,471.55,0.00136,53.1034,197.6492,245.1119,2.7938,-0.000461,0.00893,-0.7044,-0.6629,-0.0415,64.5594,small,1.556,True,da=+2.79km[small]
STARLINK-34030,mid-inc,phasing,2026-05-05 02:28:42+00:00,2026-05-05 10:22:42+00:00,7.9,6956.527,578.39,0.000896,69.9414,332.0754,180.3908,-2.8563,0.00019,-0.00342,-0.8386,-0.8309,-0.0078,-24.9839,small,1.554,True,da=-2.86km[small]
STARLINK-35464,53deg,mixed,2026-05-03 02:05:42+00:00,2026-05-03 09:59:42+00:00,7.9,6840.968,462.83,0.001159,53.2486,41.5421,237.9638,-2.7834,0.000444,-0.01217,-1.545,-1.5371,-0.0079,18.2368,small,1.553,True,da=-2.78km[small]
STARLINK-31157,53deg,mixed,2026-05-05 10:44:42+00:00,2026-05-05 18:40:42+00:00,7.93,6860.916,482.78,0.000821,42.8479,258.566,119.4792,2.794,0.000321,0.01629,-1.8696,-1.869,-0.0006,19.9952,small,1.552,True,da=+2.79km[small]
STARLINK-36739,SSO,mixed,2026-05-05 01:43:42+00:00,2026-05-05 09:38:42+00:00,7.92,6831.239,453.1,0.003029,97.1779,313.1003,272.7718,2.7747,-0.000392,0.00179,0.3286,0.3228,0.0058,19.7448,small,1.551,True,da=+2.77km[small]
STARLINK-31852,53deg,mixed,2026-05-03 10:38:42+00:00,2026-05-03 18:34:42+00:00,7.93,6862.759,484.62,0.000149,42.901,317.2197,228.038,-2.791,0.000342,-0.01516,-1.8799,-1.8688,-0.0111,19.9237,small,1.55,True,da=-2.79km[small]
STARLINK-31148,53deg,mixed,2026-05-03 02:41:42+00:00,2026-05-03 10:37:42+00:00,7.93,6862.648,484.51,0.000204,42.8552,271.8459,228.1836,-2.7909,0.000334,-0.01425,-1.8845,-1.8702,-0.0143,19.9494,small,1.55,True,da=-2.79km[small]
STARLINK-37446,SSO,phasing,2026-05-02 17:32:42+00:00,2026-05-03 01:41:42+00:00,8.15,6710.698,332.56,0.000903,97.2017,327.9095,199.1761,-2.6921,0.000102,-0.00144,0.3642,0.3553,0.009,130.9733,small,1.546,True,da=-2.69km[small]
STARLINK-37133,53deg,mixed,2026-05-05 17:33:42+00:00,2026-05-05 23:18:42+00:00,5.75,6852.148,474.01,0.001109,53.2735,54.7244,52.0055,-2.759,0.000307,-0.00927,-1.1538,-1.1117,-0.0421,-119.4519,small,1.536,True,da=-2.76km[small]
STARLINK-35301,53deg,mixed,2026-05-04 10:04:42+00:00,2026-05-04 20:53:42+00:00,10.82,6850.311,472.17,0.000884,53.127,188.9388,118.8796,-2.7563,-0.000538,-0.00438,-2.0648,-2.1003,0.0354,-35.9556,small,1.535,True,da=-2.76km[small]
STARLINK-32259,53deg,mixed,2026-05-05 22:27:42+00:00,2026-05-06 02:35:42+00:00,4.13,6859.06,480.92,0.000922,53.0743,223.502,343.9338,-2.7594,-0.000368,-0.00485,-0.7642,-0.8,0.0357,-130.5924,small,1.533,True,da=-2.76km[small]
STARLINK-37063,53deg,mixed,2026-05-06 01:40:42+00:00,2026-05-06 09:36:42+00:00,7.93,6847.866,469.73,0.001638,52.994,271.7775,278.0323,2.7512,-0.000433,0.00675,-1.5548,-1.5447,-0.0101,21.8815,small,1.533,True,da=+2.75km[small]
STARLINK-30283,53deg,phasing,2026-05-03 10:55:42+00:00,2026-05-03 18:49:42+00:00,7.9,6852.857,474.72,0.000842,53.0444,312.3671,228.4065,-2.7524,0.000412,-0.00912,-1.5369,-1.535,-0.0019,14.2742,small,1.532,True,da=-2.75km[small]
STARLINK-30835,53deg,mixed,2026-05-03 10:54:42+00:00,2026-05-03 18:50:42+00:00,7.93,6862.507,484.37,0.001006,42.8666,244.5667,48.5444,-2.7484,-0.000286,-0.01025,-1.8742,-1.8699,-0.0043,20.0158,small,1.526,True,da=-2.75km[small]
STARLINK-34574,mid-inc,phasing,2026-05-06 02:05:42+00:00,2026-05-06 10:02:42+00:00,7.95,6943.554,565.42,0.000774,70.0202,169.388,118.6017,-2.7911,3.8e-05,0.00197,-0.8298,-0.8383,0.0086,-13.7699,small,1.523,True,da=-2.79km[small]
STARLINK-34024,mid-inc,phasing,2026-05-03 10:18:42+00:00,2026-05-03 18:25:42+00:00,8.12,6942.543,564.41,0.001811,69.9327,336.2079,245.5041,-2.7915,0.000392,-0.00619,-0.8642,-0.8601,-0.0041,23.659,small,1.523,True,da=-2.79km[small]
STARLINK-30930,53deg,mixed,2026-05-05 10:49:42+00:00,2026-05-05 18:42:42+00:00,7.88,6838.93,460.79,0.001113,53.2966,96.5073,235.9821,-2.7266,0.000385,-0.005,-1.5388,-1.5335,-0.0053,15.3845,small,1.522,True,da=-2.73km[small]
STARLINK-34030,mid-inc,phasing,2026-05-05 10:22:42+00:00,2026-05-05 18:30:42+00:00,8.13,6953.671,575.53,0.001086,69.938,331.2368,155.407,2.7952,-0.00021,0.00323,-0.8449,-0.8554,0.0105,27.4483,small,1.522,True,da=+2.80km[small]
STARLINK-31696,53deg,mixed,2026-05-03 18:35:42+00:00,2026-05-04 10:45:42+00:00,16.17,6854.583,476.45,0.001341,53.2224,25.4828,39.9818,2.7352,0.000142,0.0033,-3.1654,-3.1206,-0.0448,112.9795,small,1.521,True,da=+2.74km[small]
STARLINK-32192,53deg,mixed,2026-05-05 02:41:42+00:00,2026-05-05 10:35:42+00:00,7.9,6857.392,479.25,0.00146,53.2521,34.3709,25.8426,-2.7357,-0.000123,-0.01213,-1.5219,-1.5241,0.0022,14.3328,small,1.521,True,da=-2.74km[small]
STARLINK-36832,SSO,mixed,2026-05-03 01:40:42+00:00,2026-05-03 09:42:42+00:00,8.03,6702.738,324.6,0.001712,97.2026,328.2684,313.392,-2.6403,-0.00053,0.00621,0.3447,0.3519,-0.0072,103.5689,small,1.519,True,da=-2.64km[small]
STARLINK-31852,53deg,mixed,2026-05-05 22:06:42+00:00,2026-05-06 02:36:42+00:00,4.5,6867.235,489.1,0.000978,42.8992,303.1796,190.1203,-2.734,0.000143,-0.01658,-1.1006,-1.0576,-0.043,-47.6709,small,1.517,True,da=-2.73km[small]
STARLINK-5873,mid-inc,phasing,2026-05-05 03:14:42+00:00,2026-05-05 11:20:42+00:00,8.1,6956.396,578.26,0.001034,69.9187,321.9908,4.3754,-2.7848,7.9e-05,-0.00556,-0.8415,-0.8529,0.0114,19.9609,small,1.515,True,da=-2.78km[small]
STARLINK-31593,53deg,phasing,2026-05-03 10:19:42+00:00,2026-05-03 18:15:42+00:00,7.93,6866.636,488.5,0.000753,42.9045,310.111,199.7111,-2.7304,-0.000444,-0.01486,-1.8618,-1.8649,0.0031,19.959,small,1.515,True,da=-2.73km[small]
STARLINK-37405,SSO,mixed,2026-05-02 09:43:42+00:00,2026-05-02 17:37:42+00:00,7.9,6706.391,328.25,0.001626,97.203,327.5722,151.0059,-2.6343,-4.8e-05,0.00244,0.3408,0.3453,-0.0045,72.1556,small,1.514,True,da=-2.63km[small]
STARLINK-36973,53deg,phasing,2026-05-06 01:37:42+00:00,2026-05-06 09:42:42+00:00,8.08,6847.988,469.85,0.000727,53.0256,271.6382,336.2767,-2.7155,0.00067,-0.00953,-1.5368,-1.5752,0.0383,60.4661,small,1.513,True,da=-2.72km[small]
STARLINK-32042,53deg,mixed,2026-05-05 10:39:42+00:00,2026-05-05 18:43:42+00:00,8.07,6858.589,480.45,0.001512,53.2838,132.9145,162.1171,-2.7227,-0.000924,-0.0045,-1.521,-1.554,0.033,52.5243,small,1.513,True,da=-2.72km[small]
STARLINK-31555,53deg,mixed,2026-05-05 10:50:42+00:00,2026-05-05 18:47:42+00:00,7.95,6864.588,486.45,0.000399,42.8786,299.1065,324.512,2.7261,0.000562,0.01162,-1.8558,-1.8686,0.0128,23.772,small,1.513,True,da=+2.73km[small]
STARLINK-31851,53deg,mixed,2026-05-05 22:16:42+00:00,2026-05-06 02:35:42+00:00,4.32,6864.447,486.31,0.000389,42.8959,310.6794,324.7171,-2.7212,-0.0001,-0.0174,-0.9633,-1.016,0.0528,-89.6686,small,1.51,True,da=-2.72km[small]
STARLINK-35384,53deg,mixed,2026-05-04 20:53:42+00:00,2026-05-05 02:06:42+00:00,5.22,6855.097,476.96,0.001398,53.3012,110.131,37.3317,2.7148,0.000127,0.00828,-1.053,-1.0048,-0.0482,118.2728,small,1.51,True,da=+2.71km[small]
STARLINK-31164,53deg,mixed,2026-05-05 18:42:42+00:00,2026-05-05 21:57:42+00:00,3.25,6867.301,489.16,0.001018,42.8808,256.6285,189.5569,-2.7179,-0.000622,-0.01418,-0.7487,-0.764,0.0154,25.5565,small,1.508,True,da=-2.72km[small]
STARLINK-6076,53deg,mixed,2026-05-03 11:04:42+00:00,2026-05-03 19:01:42+00:00,7.95,6867.307,489.17,0.00092,42.9245,211.2172,50.0588,-2.7173,-0.000342,-0.01188,-1.8761,-1.8675,-0.0085,21.8102,small,1.507,True,da=-2.72km[small]
STARLINK-36782,SSO,mixed,2026-05-05 01:43:42+00:00,2026-05-05 09:38:42+00:00,7.92,6849.965,471.83,0.001358,97.169,313.1356,2.6493,-2.7045,0.000231,0.00529,0.3231,0.3199,0.0032,19.8028,small,1.506,True,da=-2.70km[small]
STARLINK-30813,53deg,mixed,2026-05-05 10:45:42+00:00,2026-05-05 18:42:42+00:00,7.95,6859.015,480.88,0.000638,42.8636,233.1077,282.2917,2.7007,-0.000384,0.01427,-1.8853,-1.8743,-0.011,23.7755,small,1.501,True,da=+2.70km[small]
STARLINK-32747,53deg,mixed,2026-05-02 10:25:42+00:00,2026-05-02 18:22:42+00:00,7.95,6861.751,483.61,0.000269,42.933,334.566,234.6576,-2.7033,0.000385,-0.01726,-1.8921,-1.8727,-0.0194,23.736,small,1.501,True,da=-2.70km[small]
STARLINK-36354,SSO,mixed,2026-05-06 01:53:42+00:00,2026-05-06 09:49:42+00:00,7.93,6847.44,469.3,0.00087,97.1712,314.0564,337.7536,2.6917,0.000494,0.00232,0.3228,0.3205,0.0023,23.5979,small,1.5,True,da=+2.69km[small]
STARLINK-30913,53deg,mixed,2026-05-04 10:47:42+00:00,2026-05-04 19:58:42+00:00,9.18,6846.617,468.48,0.000957,53.3191,101.6908,194.0847,-2.6895,0.000482,-0.00435,-1.8169,-1.7785,-0.0385,-45.2097,small,1.499,True,da=-2.69km[small]
STARLINK-30303,53deg,mixed,2026-05-06 02:49:42+00:00,2026-05-06 10:44:42+00:00,7.92,6851.133,473.0,0.000993,53.0206,299.4691,56.7353,-2.6921,-0.000456,-0.01222,-1.5462,-1.5404,-0.0057,18.1469,small,1.499,True,da=-2.69km[small]
STARLINK-32675,53deg,phasing,2026-05-02 18:26:42+00:00,2026-05-03 02:33:42+00:00,8.12,6863.787,485.65,0.000223,42.9193,325.0271,318.4168,2.6978,0.001065,0.00562,-1.8606,-1.9074,0.0467,61.9541,small,1.498,True,da=+2.70km[small] | de=+0.00106
STARLINK-35301,53deg,mixed,2026-05-05 02:07:42+00:00,2026-05-05 10:01:42+00:00,7.9,6857.642,479.51,0.000652,53.1559,185.873,204.9183,-2.6835,-3.7e-05,-0.00309,-1.5261,-1.5271,0.001,14.2785,small,1.492,True,da=-2.68km[small]
STARLINK-34909,SSO,mixed,2026-05-03 10:11:42+00:00,2026-05-03 18:07:42+00:00,7.93,6921.838,543.7,0.00117,97.5284,355.0857,126.2542,-2.7226,-0.000148,-0.00201,0.3244,0.3243,0.0001,-9.424,small,1.492,True,da=-2.72km[small]
STARLINK-30837,53deg,mixed,2026-05-05 02:51:42+00:00,2026-05-05 10:46:42+00:00,7.92,6864.526,486.39,0.001182,42.8886,235.5464,36.4742,-2.6868,-0.00024,-0.01013,-1.8718,-1.8634,-0.0084,16.1608,small,1.491,True,da=-2.69km[small]
STARLINK-30938,53deg,lowering,2026-05-02 18:50:42+00:00,2026-05-03 02:45:42+00:00,7.92,6851.028,472.89,0.001106,53.291,109.6978,236.9297,-2.6772,0.000449,-0.0089,-1.5437,-1.5308,-0.0129,18.108,small,1.49,True,da=-2.68km[small]
STARLINK-30913,53deg,mixed,2026-05-02 18:52:42+00:00,2026-05-03 02:48:42+00:00,7.93,6847.166,469.03,0.001325,53.3186,109.4427,1.6184,-2.673,0.000149,-0.00839,-1.5283,-1.536,0.0078,26.9667,small,1.489,True,da=-2.67km[small]
STARLINK-6066,53deg,mixed,2026-05-04 19:48:42+00:00,2026-05-05 03:22:42+00:00,7.57,6866.032,487.9,0.001039,42.9453,204.247,42.1028,2.682,-0.00031,0.01705,-1.8332,-1.7752,-0.058,-65.0825,small,1.488,True,da=+2.68km[small]
STARLINK-5522,mid-inc,phasing,2026-05-05 11:21:42+00:00,2026-05-05 19:18:42+00:00,7.95,6952.715,574.58,0.000383,69.9116,320.9474,208.3016,2.7334,0.000199,0.0056,-0.8401,-0.8376,-0.0026,-13.745,small,1.488,True,da=+2.73km[small]
STARLINK-34823,53deg,mixed,2026-05-05 22:52:42+00:00,2026-05-06 02:06:42+00:00,3.23,6859.709,481.57,0.001387,53.0312,261.7542,6.6028,-2.675,8.1e-05,-0.00643,-0.6114,-0.6262,0.0148,22.5437,small,1.486,True,da=-2.68km[small]
STARLINK-30925,53deg,mixed,2026-05-06 02:52:42+00:00,2026-05-06 10:48:42+00:00,7.93,6863.979,485.84,0.001162,43.1547,87.9987,140.5438,2.6764,9.7e-05,0.00909,-1.8487,-1.8569,0.0082,19.9731,small,1.486,True,da=+2.68km[small]
STARLINK-30939,53deg,mixed,2026-05-05 18:49:42+00:00,2026-05-05 22:01:42+00:00,3.2,6835.586,457.45,0.000526,53.2905,95.2576,103.9043,2.6587,0.000432,0.00422,-0.6357,-0.6227,-0.013,16.9509,small,1.485,True,da=+2.66km[small]
STARLINK-34572,mid-inc,mixed,2026-05-05 18:19:42+00:00,2026-05-05 22:49:42+00:00,4.5,6949.805,571.67,0.000669,70.0294,170.1796,219.4954,2.7241,0.000298,0.00633,-0.4955,-0.4721,-0.0234,-68.9116,small,1.484,True,da=+2.72km[small]
STARLINK-35364,53deg,lowering,2026-05-02 09:56:42+00:00,2026-05-02 18:03:42+00:00,8.12,6857.636,479.5,0.001503,53.1267,198.4005,154.9403,-2.668,-0.00085,-0.00746,-1.5275,-1.5701,0.0427,64.0276,small,1.483,True,da=-2.67km[small]
STARLINK-31625,53deg,mixed,2026-05-05 02:54:42+00:00,2026-05-05 10:49:42+00:00,7.92,6862.57,484.43,0.000156,43.1442,75.5727,312.1443,2.6677,0.000314,0.00727,-1.8538,-1.8547,0.001,16.131,small,1.481,True,da=+2.67km[small]
STARLINK-34024,mid-inc,phasing,2026-05-03 02:23:42+00:00,2026-05-03 10:18:42+00:00,7.92,6939.831,561.69,0.002206,69.928,337.03,266.7085,2.7113,-0.000396,0.00474,-0.8221,-0.8388,0.0167,-21.2043,small,1.48,True,da=+2.71km[small]
STARLINK-37446,SSO,phasing,2026-05-03 01:41:42+00:00,2026-05-03 09:32:42+00:00,7.85,6708.005,329.87,0.001005,97.2003,328.2737,330.1494,2.5717,0.000597,0.00457,0.3382,0.3423,-0.004,59.785,small,1.478,True,da=+2.57km[small]
STARLINK-6075,53deg,raising,2026-05-05 21:34:42+00:00,2026-05-06 03:09:42+00:00,5.58,6861.944,483.81,0.000267,42.9504,197.8483,305.9362,2.6608,0.000902,0.01826,-1.3148,-1.3125,-0.0023,-159.0484,small,1.478,True,da=+2.66km[small]
STARLINK-37133,53deg,mixed,2026-05-03 01:40:42+00:00,2026-05-03 09:47:42+00:00,8.12,6854.968,476.83,0.001363,53.3003,67.0181,140.9124,2.6513,-0.000666,0.00387,-1.5245,-1.5636,0.0391,64.0549,small,1.475,True,da=+2.65km[small]
STARLINK-31724,53deg,lowering,2026-05-04 10:47:42+00:00,2026-05-04 20:05:42+00:00,9.3,6861.374,483.24,0.00034,42.9743,352.38,302.9205,-2.6554,0.000394,-0.01796,-2.1714,-2.1896,0.0182,-26.5101,small,1.475,True,da=-2.66km[small]
STARLINK-32778,53deg,mixed,2026-05-06 02:16:42+00:00,2026-05-06 10:21:42+00:00,8.08,6866.88,488.74,0.001233,42.9103,313.9704,164.3836,-2.6565,-0.000945,-0.014,-1.863,-1.8997,0.0368,54.2897,small,1.474,True,da=-2.66km[small]
STARLINK-31042,53deg,mixed,2026-05-03 02:45:42+00:00,2026-05-03 10:41:42+00:00,7.93,6863.591,485.45,0.001085,42.8557,272.0035,137.495,2.653,0.000146,0.01001,-1.8678,-1.8664,-0.0015,19.9735,small,1.473,True,da=+2.65km[small]
STARLINK-6066,53deg,mixed,2026-05-02 11:00:42+00:00,2026-05-02 19:07:42+00:00,8.12,6869.067,490.93,0.00072,42.9308,217.5603,339.0169,-2.6545,0.00035,-0.01027,-1.8571,-1.9047,0.0477,60.9613,small,1.472,True,da=-2.65km[small]
STARLINK-35445,53deg,mixed,2026-05-05 18:04:42+00:00,2026-05-05 22:55:42+00:00,4.85,6850.304,472.17,0.001259,53.2175,29.037,240.7353,-2.6441,0.000426,-0.00768,-0.9614,-0.9397,-0.0217,33.7502,small,1.472,True,da=-2.64km[small]
STARLINK-35301,53deg,mixed,2026-05-03 18:05:42+00:00,2026-05-04 10:04:42+00:00,15.98,6852.956,474.82,0.001185,53.1242,192.0801,48.046,-2.6448,-0.000301,0.00281,-3.1413,-3.0991,-0.0421,70.8336,small,1.472,True,da=-2.64km[small]
STARLINK-6081,53deg,mixed,2026-05-03 03:13:42+00:00,2026-05-03 11:10:42+00:00,7.95,6867.413,489.28,0.000916,42.942,213.552,190.7852,-2.6545,-0.000517,-0.0083,-1.8592,-1.8668,0.0076,23.7617,small,1.472,True,da=-2.65km[small]
STARLINK-32009,53deg,mixed,2026-05-02 18:32:42+00:00,2026-05-03 02:37:42+00:00,8.08,6855.622,477.49,0.0006,53.2485,145.7356,324.4219,2.6409,0.000887,0.0094,-1.5277,-1.5584,0.0308,56.3612,small,1.469,True,da=+2.64km[small]
STARLINK-30818,53deg,mixed,2026-05-05 10:52:42+00:00,2026-05-05 18:48:42+00:00,7.93,6863.349,485.21,0.000147,42.8829,233.043,316.0967,2.6434,0.0005,0.01449,-1.8572,-1.8657,0.0085,19.9515,small,1.468,True,da=+2.64km[small]
STARLINK-31780,53deg,lowering,2026-05-05 18:40:42+00:00,2026-05-05 22:15:42+00:00,3.58,6853.82,475.68,0.000772,53.1978,16.2952,224.6929,2.637,-0.000196,0.00902,-0.7376,-0.6923,-0.0453,102.7518,small,1.467,True,da=+2.64km[small]
STARLINK-30321,53deg,mixed,2026-05-03 02:56:42+00:00,2026-05-03 10:50:42+00:00,7.9,6852.452,474.31,0.001128,53.047,313.5217,49.9958,-2.6324,-0.000344,-0.01076,-1.5366,-1.5352,-0.0014,14.335,small,1.465,True,da=-2.63km[small]
STARLINK-30235,53deg,mixed,2026-05-03 02:57:42+00:00,2026-05-03 10:52:42+00:00,7.92,6862.688,484.55,0.00024,42.8544,275.4123,313.1211,2.6364,0.000235,0.00894,-1.8694,-1.8634,-0.0061,16.1653,small,1.464,True,da=+2.64km[small]
STARLINK-34817,53deg,mixed,2026-05-06 02:11:42+00:00,2026-05-06 10:06:42+00:00,7.92,6835.086,456.95,0.001593,52.9969,261.3608,275.3823,2.6211,-0.000411,0.00727,-1.5642,-1.5515,-0.0126,23.0923,small,1.464,True,da=+2.62km[small]
STARLINK-32015,53deg,mixed,2026-05-02 10:23:42+00:00,2026-05-02 18:40:42+00:00,8.28,6856.237,478.1,0.000606,53.2496,146.7457,212.7919,-2.6337,0.000161,-0.00488,-1.6464,-1.5989,-0.0475,102.1497,small,1.464,True,da=-2.63km[small]
STARLINK-11253,53deg,phasing,2026-05-04 11:02:42+00:00,2026-05-04 19:47:42+00:00,8.75,6740.336,362.2,0.001427,53.2973,66.3088,144.7912,-2.562,-0.000192,-0.01122,-1.7476,-1.7909,0.0433,-98.763,small,1.461,True,da=-2.56km[small]
STARLINK-6096,53deg,mixed,2026-05-05 11:14:42+00:00,2026-05-05 19:22:42+00:00,8.13,6863.526,485.39,0.001151,42.9544,200.1793,137.9296,2.6305,-0.000494,0.014,-1.8633,-1.9104,0.047,65.82,small,1.46,True,da=+2.63km[small]
STARLINK-31922,53deg,mixed,2026-05-04 20:08:42+00:00,2026-05-05 02:36:42+00:00,6.47,6864.779,486.64,0.001191,42.9078,316.6972,146.2266,2.6242,-0.000246,0.00619,-1.4868,-1.5192,0.0324,43.4876,small,1.456,True,da=+2.62km[small]
STARLINK-30297,53deg,mixed,2026-05-03 10:53:42+00:00,2026-05-03 18:48:42+00:00,7.92,6850.844,472.71,0.001138,53.0384,312.4013,238.1322,-2.6122,0.00042,-0.00875,-1.5462,-1.5399,-0.0063,18.0937,small,1.454,True,da=-2.61km[small]
STARLINK-30934,53deg,mixed,2026-05-05 18:44:42+00:00,2026-05-05 21:58:42+00:00,3.23,6847.234,469.1,0.001347,53.3282,95.5243,3.1087,-2.6045,0.000133,-0.01206,-0.6149,-0.6259,0.011,24.5971,small,1.451,True,da=-2.60km[small]
STARLINK-34438,53deg,mixed,2026-05-05 18:11:42+00:00,2026-05-05 22:50:42+00:00,4.65,6852.092,473.95,0.001004,53.2234,29.0856,232.6641,2.6027,-0.000345,0.00911,-0.898,-0.8987,0.0007,-12.1111,small,1.449,True,da=+2.60km[small]
STARLINK-31319,53deg,mixed,2026-05-06 02:51:42+00:00,2026-05-06 10:46:42+00:00,7.92,6861.085,482.95,0.000848,43.1304,66.3275,121.6654,2.6026,0.000254,0.00691,-1.86,-1.8566,-0.0034,16.1181,small,1.446,True,da=+2.60km[small]
STARLINK-30846,53deg,mixed,2026-05-05 10:51:42+00:00,2026-05-05 18:47:42+00:00,7.93,6862.171,484.03,0.000968,42.8793,233.729,50.4902,-2.5963,-0.0003,-0.01095,-1.8753,-1.8698,-0.0055,20.0272,small,1.442,True,da=-2.60km[small]
STARLINK-37162,53deg,mixed,2026-05-02 09:44:42+00:00,2026-05-02 17:37:42+00:00,7.88,6824.325,446.19,0.001272,53.3157,69.9229,182.4894,-2.5725,-0.000628,-0.00724,-1.5317,-1.5444,0.0127,24.6158,small,1.44,True,da=-2.57km[small]
STARLINK-5841,mid-inc,phasing,2026-05-02 10:54:42+00:00,2026-05-02 19:02:42+00:00,8.13,6956.477,578.34,0.000982,69.8943,308.6032,176.1102,-2.646,-0.000611,-0.00275,-0.8432,-0.8573,0.014,27.4346,small,1.44,True,da=-2.65km[small]
STARLINK-35295,53deg,lowering,2026-05-06 02:09:42+00:00,2026-05-06 10:05:42+00:00,7.93,6850.169,472.03,0.000863,53.0901,338.7417,62.1588,-2.5849,-0.000535,-0.00812,-1.5501,-1.5418,-0.0083,21.9777,small,1.439,True,da=-2.58km[small]
STARLINK-6083,53deg,mixed,2026-05-03 03:09:42+00:00,2026-05-03 11:04:42+00:00,7.92,6864.904,486.77,0.001154,42.9302,213.912,33.8204,-2.5929,-0.000211,-0.00757,-1.8661,-1.8617,-0.0044,16.1333,small,1.439,True,da=-2.59km[small]
STARLINK-31859,53deg,mixed,2026-05-04 10:38:42+00:00,2026-05-04 20:13:42+00:00,9.58,6867.59,489.45,0.001064,42.9131,312.3406,354.0735,-2.5922,0.000135,-0.01487,-2.2255,-2.2513,0.0258,38.4596,small,1.438,True,da=-2.59km[small]
STARLINK-31724,53deg,lowering,2026-05-06 02:29:42+00:00,2026-05-06 10:35:42+00:00,8.1,6862.192,484.05,0.001017,42.951,343.089,50.3575,-2.5809,-0.00035,-0.01254,-1.9555,-1.9069,-0.0486,58.2478,small,1.433,True,da=-2.58km[small]
STARLINK-30838,53deg,mixed,2026-05-02 10:43:42+00:00,2026-05-02 18:50:42+00:00,8.12,6866.521,488.38,0.000682,42.8766,250.0365,338.5914,-2.5766,0.000496,-0.00952,-1.8594,-1.9088,0.0495,61.9656,small,1.429,True,da=-2.58km[small]
STARLINK-30864,53deg,mixed,2026-05-05 10:54:42+00:00,2026-05-05 18:40:42+00:00,7.77,6860.826,482.69,0.000788,42.9059,324.5247,60.8344,2.5643,0.000289,0.00852,-1.828,-1.8283,0.0003,-18.2957,small,1.424,True,da=+2.56km[small]
STARLINK-30320,53deg,mixed,2026-05-05 11:03:42+00:00,2026-05-05 19:07:42+00:00,8.07,6851.175,473.04,0.001115,53.0089,290.0718,236.0259,-2.5571,0.000365,-0.00673,-1.5994,-1.5699,-0.0295,52.5401,small,1.423,True,da=-2.56km[small]
STARLINK-37103,53deg,mixed,2026-05-04 09:33:42+00:00,2026-05-04 21:06:42+00:00,11.55,6792.44,414.3,0.000681,53.2702,60.5771,69.2421,2.5243,0.000398,0.00529,-2.2935,-2.2992,0.0056,165.8166,small,1.423,True,da=+2.52km[small]
STARLINK-35402,53deg,mixed,2026-05-05 22:59:42+00:00,2026-05-06 02:02:42+00:00,3.05,6850.476,472.34,0.001228,53.0956,338.83,299.2218,-2.5565,0.000415,-0.01098,-0.5776,-0.5926,0.015,-19.5133,small,1.423,True,da=-2.56km[small]
STARLINK-31148,53deg,mixed,2026-05-05 21:57:42+00:00,2026-05-06 02:48:42+00:00,4.85,6867.822,489.69,0.00108,42.8799,255.9457,179.8039,-2.5631,-0.0007,-0.00749,-1.1176,-1.1398,0.0222,32.5347,small,1.422,True,da=-2.56km[small]
STARLINK-31176,53deg,lowering,2026-05-05 10:53:42+00:00,2026-05-05 18:49:42+00:00,7.93,6866.545,488.41,0.001235,42.8711,258.9048,19.3478,-2.5629,-7e-05,-0.00989,-1.8552,-1.8659,0.0107,19.9942,small,1.422,True,da=-2.56km[small]
STARLINK-35323,53deg,mixed,2026-05-03 02:10:42+00:00,2026-05-03 09:53:42+00:00,7.72,6857.332,479.19,0.001497,53.1494,352.0953,27.1776,2.5528,-0.000201,0.00588,-1.5131,-1.49,-0.0231,-27.8564,small,1.419,True,da=+2.55km[small]
STARLINK-32018,53deg,mixed,2026-05-05 02:37:42+00:00,2026-05-05 10:33:42+00:00,7.93,6859.635,481.5,0.001367,53.2818,134.7008,6.4508,-2.5532,0.000122,-0.00466,-1.5154,-1.5275,0.0121,21.9598,small,1.419,True,da=-2.55km[small]
STARLINK-30273,53deg,mixed,2026-05-02 18:51:42+00:00,2026-05-03 02:55:42+00:00,8.07,6857.079,478.94,0.000682,53.0695,315.4813,335.8837,-2.5524,0.000775,-0.00823,-1.5244,-1.563,0.0386,53.1769,small,1.419,True,da=-2.55km[small]
STARLINK-31042,53deg,mixed,2026-05-02 18:50:42+00:00,2026-05-03 02:45:42+00:00,7.92,6861.037,482.9,0.000843,42.8445,273.8751,121.3545,2.5534,0.000242,0.01117,-1.8716,-1.8652,-0.0064,16.1405,small,1.418,True,da=+2.55km[small]
STARLINK-11246,53deg,phasing,2026-05-02 19:05:42+00:00,2026-05-03 02:56:42+00:00,7.85,6743.43,365.29,0.000927,53.3138,74.0025,342.3602,-2.4859,0.000574,-0.00631,-1.5743,-1.6034,0.0291,49.354,small,1.417,True,da=-2.49km[small]
STARLINK-35274,53deg,mixed,2026-05-02 09:58:42+00:00,2026-05-02 18:03:42+00:00,8.08,6855.628,477.49,0.0006,53.1544,355.7909,324.3449,2.5459,0.00088,0.0021,-1.5301,-1.562,0.0319,56.3667,small,1.416,True,da=+2.55km[small]
STARLINK-34823,53deg,mixed,2026-05-03 18:12:42+00:00,2026-05-04 09:58:42+00:00,15.77,6856.896,478.76,0.001456,53.0245,271.9394,151.5013,2.5474,-7.3e-05,0.00528,-3.0453,-3.0539,0.0086,20.9419,small,1.416,True,da=+2.55km[small]
STARLINK-35129,53deg,phasing,2026-05-04 20:48:42+00:00,2026-05-05 02:12:42+00:00,5.4,6847.828,469.69,0.001609,53.1005,344.219,260.6672,2.5401,-0.000701,0.00315,-1.0318,-1.049,0.0171,160.0821,small,1.415,True,da=+2.54km[small]
STARLINK-6081,53deg,mixed,2026-05-06 03:01:42+00:00,2026-05-06 10:58:42+00:00,7.95,6859.097,480.96,0.000551,42.9421,196.6137,101.9913,2.5435,0.000369,0.01719,-1.8885,-1.8719,-0.0166,23.7916,small,1.413,True,da=+2.54km[small]
STARLINK-35462,53deg,mixed,2026-05-02 09:59:42+00:00,2026-05-02 17:53:42+00:00,7.9,6851.976,473.84,0.001086,53.2546,44.122,52.4807,-2.5386,-0.00036,-0.01249,-1.534,-1.5281,-0.0059,14.3176,small,1.413,True,da=-2.54km[small]
STARLINK-31042,53deg,mixed,2026-05-05 02:52:42+00:00,2026-05-05 10:48:42+00:00,7.93,6867.046,488.91,0.001262,42.8742,260.695,15.6406,-2.5421,-0.000112,-0.01191,-1.8645,-1.8653,0.0008,19.9723,small,1.41,True,da=-2.54km[small]
STARLINK-31922,53deg,mixed,2026-05-03 10:37:42+00:00,2026-05-03 18:33:42+00:00,7.93,6866.79,488.65,0.001237,42.9328,324.6419,17.1515,-2.5374,-0.00011,-0.01531,-1.8604,-1.8638,0.0035,19.9571,small,1.408,True,da=-2.54km[small]
STARLINK-32848,53deg,mixed,2026-05-03 02:35:42+00:00,2026-05-03 10:30:42+00:00,7.92,6843.212,465.08,0.001655,53.264,56.4572,277.7518,2.5151,-0.00038,0.00347,-1.5458,-1.5356,-0.0102,19.8819,small,1.403,True,da=+2.52km[small]
STARLINK-35298,53deg,mixed,2026-05-03 18:14:42+00:00,2026-05-04 09:58:42+00:00,15.73,6856.572,478.43,0.001444,53.1355,192.1531,30.1141,-2.5227,-0.000143,0.0022,-3.0454,-3.0442,-0.0013,13.3163,small,1.403,True,da=-2.52km[small]
STARLINK-32675,53deg,phasing,2026-05-05 18:33:42+00:00,2026-05-05 22:21:42+00:00,3.8,6861.158,483.02,0.000341,42.8773,308.0299,302.3931,-2.5173,0.000173,-0.01369,-0.8728,-0.8961,0.0233,151.7766,small,1.398,True,da=-2.52km[small]
STARLINK-30916,53deg,mixed,2026-05-05 10:46:42+00:00,2026-05-05 18:42:42+00:00,7.93,6835.056,456.92,0.001708,53.2847,97.0069,270.6,2.4951,-0.000443,0.01176,-1.5604,-1.5444,-0.016,26.8917,small,1.394,True,da=+2.50km[small]
STARLINK-34572,mid-inc,mixed,2026-05-06 02:03:42+00:00,2026-05-06 10:11:42+00:00,8.13,6953.915,575.78,0.00098,70.0359,169.345,157.0606,2.561,-0.000224,0.00858,-0.8411,-0.8512,0.0102,27.4265,small,1.394,True,da=+2.56km[small]
STARLINK-35445,53deg,mixed,2026-05-05 22:55:42+00:00,2026-05-06 02:09:42+00:00,3.23,6847.659,469.52,0.001685,53.2098,28.0756,274.4856,2.4951,-0.000385,0.0051,-0.6395,-0.6265,-0.0129,22.5002,small,1.39,True,da=+2.50km[small]
STARLINK-37063,53deg,mixed,2026-05-05 09:37:42+00:00,2026-05-05 17:32:42+00:00,7.92,6859.158,481.02,0.000975,53.0286,274.9048,192.1517,-2.4985,-0.000386,-0.00596,-1.5227,-1.5337,0.011,18.1042,small,1.388,True,da=-2.50km[small]
STARLINK-34030,mid-inc,phasing,2026-05-02 18:17:42+00:00,2026-05-03 02:24:42+00:00,8.12,6953.987,575.85,0.001091,69.9538,337.971,156.7797,2.5482,-0.000186,-0.00066,-0.843,-0.853,0.01,23.7198,small,1.387,True,da=+2.55km[small]
STARLINK-31101,53deg,phasing,2026-05-05 10:44:42+00:00,2026-05-05 18:39:42+00:00,7.92,6863.664,485.53,0.00107,42.8593,258.8025,41.5544,-2.4948,-0.000205,-0.0086,-1.8643,-1.865,0.0007,16.1553,small,1.385,True,da=-2.49km[small]
STARLINK-35129,53deg,phasing,2026-05-05 02:12:42+00:00,2026-05-05 10:07:42+00:00,7.92,6850.368,472.23,0.000908,53.1036,343.1872,60.7493,-2.4884,-0.000462,-0.00801,-1.543,-1.5379,-0.0051,18.1544,small,1.385,True,da=-2.49km[small]
STARLINK-30939,53deg,mixed,2026-05-02 18:45:42+00:00,2026-05-03 02:49:42+00:00,8.07,6836.74,458.6,0.00071,53.2857,109.2964,67.8138,2.4789,0.000337,0.00765,-1.6129,-1.569,-0.0438,57.7635,small,1.384,True,da=+2.48km[small]
STARLINK-30964,53deg,mixed,2026-05-02 18:53:42+00:00,2026-05-03 02:48:42+00:00,7.92,6863.554,485.42,0.00022,43.149,106.6531,222.7566,-2.4892,0.00013,-0.01125,-1.865,-1.8564,-0.0086,16.1137,small,1.382,True,da=-2.49km[small]
STARLINK-30837,53deg,mixed,2026-05-05 10:46:42+00:00,2026-05-05 18:42:42+00:00,7.93,6861.839,483.7,0.000942,42.8785,233.6746,52.6351,-2.4889,-0.0003,-0.01014,-1.8765,-1.8701,-0.0064,20.033,small,1.382,True,da=-2.49km[small]
STARLINK-36389,SSO,mixed,2026-05-05 09:58:42+00:00,2026-05-05 17:53:42+00:00,7.92,6847.74,469.6,0.000887,97.1726,313.4275,339.0655,2.4761,0.000436,0.00064,0.323,0.3198,0.0032,19.7603,small,1.379,True,da=+2.48km[small]
STARLINK-34496,53deg,phasing,2026-05-05 18:19:42+00:00,2026-05-05 22:49:42+00:00,4.5,6821.754,443.62,0.000623,53.0941,210.3823,208.7795,2.4591,0.000797,0.01251,-0.9156,-0.8859,-0.0296,-38.4844,small,1.378,True,da=+2.46km[small]
STARLINK-31631,53deg,mixed,2026-05-06 02:37:42+00:00,2026-05-06 10:33:42+00:00,7.93,6864.734,486.6,0.001199,43.1463,66.1965,145.9502,2.4797,6.1e-05,0.00618,-1.8479,-1.8566,0.0087,19.9584,small,1.376,True,da=+2.48km[small]
STARLINK-31740,53deg,mixed,2026-05-05 02:52:42+00:00,2026-05-05 10:47:42+00:00,7.92,6857.051,478.91,0.00065,53.223,21.176,332.5917,2.472,0.000449,0.0035,-1.5181,-1.5263,0.0081,18.1112,small,1.374,True,da=+2.47km[small]
STARLINK-36999,53deg,raising,2026-05-05 17:44:42+00:00,2026-05-05 23:08:42+00:00,5.4,6838.621,460.48,0.000984,53.2687,53.1346,123.5393,-2.4595,0.000538,-0.00906,-1.0433,-1.0513,0.008,163.4284,small,1.373,True,da=-2.46km[small]
STARLINK-30939,53deg,mixed,2026-05-04 19:54:42+00:00,2026-05-05 02:53:42+00:00,6.98,6840.824,462.69,0.000788,53.3039,99.7474,226.5203,2.4585,0.000629,0.00982,-1.3626,-1.3549,-0.0077,167.9968,small,1.372,True,da=+2.46km[small]
STARLINK-34782,53deg,phasing,2026-05-06 02:09:42+00:00,2026-05-06 10:12:42+00:00,8.05,6858.929,480.79,0.001453,53.0292,260.8582,162.9959,-2.4671,-0.000868,-0.00885,-1.5294,-1.5597,0.0303,48.6709,small,1.371,True,da=-2.47km[small]
STARLINK-6075,53deg,raising,2026-05-03 11:07:42+00:00,2026-05-03 19:02:42+00:00,7.92,6864.393,486.26,0.000373,42.932,211.6722,217.2101,-2.4666,-9.7e-05,-0.00969,-1.8626,-1.8621,-0.0005,16.1079,small,1.369,True,da=-2.47km[small]
STARLINK-34909,SSO,mixed,2026-05-02 18:11:42+00:00,2026-05-03 02:06:42+00:00,7.92,6918.633,540.5,0.00099,97.5285,354.4353,114.9472,-2.4925,-0.00028,-8e-05,0.3185,0.3241,-0.0057,-13.1891,small,1.367,True,da=-2.49km[small]
STARLINK-32192,53deg,mixed,2026-05-05 18:40:42+00:00,2026-05-05 22:26:42+00:00,3.77,6847.95,469.81,0.000377,53.2117,31.253,96.6916,2.4519,0.000855,0.0107,-0.7017,-0.7297,0.028,145.0373,small,1.366,True,da=+2.45km[small]
STARLINK-30930,53deg,mixed,2026-05-03 10:55:42+00:00,2026-05-03 18:50:42+00:00,7.92,6847.04,468.9,0.001368,53.3192,105.8019,5.1544,-2.4517,0.000104,-0.00477,-1.5226,-1.5327,0.0102,23.1109,small,1.366,True,da=-2.45km[small]
STARLINK-31696,53deg,mixed,2026-05-04 10:45:42+00:00,2026-05-04 20:06:42+00:00,9.35,6857.319,479.18,0.001483,53.2257,22.3174,152.9613,-2.4561,-0.00013,-0.01352,-1.8168,-1.8049,-0.012,-12.7166,small,1.365,True,da=-2.46km[small]
STARLINK-31552,53deg,mixed,2026-05-05 02:55:42+00:00,2026-05-05 10:50:42+00:00,7.92,6865.496,487.36,0.000505,42.8872,301.283,209.3933,-2.4516,-0.000343,-0.01415,-1.8651,-1.8625,-0.0026,16.1162,small,1.36,True,da=-2.45km[small]
STARLINK-32001,53deg,mixed,2026-05-04 10:28:42+00:00,2026-05-04 20:11:42+00:00,9.72,6850.486,472.35,0.000942,53.2498,137.5197,60.4084,2.4374,0.000267,0.01304,-1.9206,-1.8782,-0.0424,71.6458,small,1.357,True,da=+2.44km[small]
STARLINK-37447,SSO,mixed,2026-05-02 09:41:42+00:00,2026-05-02 17:37:42+00:00,7.93,6704.711,326.57,0.001594,97.2033,327.5727,147.2528,-2.3569,0.000117,0.00262,0.3419,0.3471,-0.0051,80.1782,small,1.355,True,da=-2.36km[small]
STARLINK-6075,53deg,raising,2026-05-03 19:02:42+00:00,2026-05-04 11:07:42+00:00,16.08,6861.926,483.79,0.000275,42.9223,209.8097,233.318,2.4364,4e-05,0.02235,-3.8478,-3.7826,-0.0652,89.5664,small,1.353,True,da=+2.44km[small] | di=+0.0223deg
STARLINK-30838,53deg,mixed,2026-05-05 10:51:42+00:00,2026-05-05 18:47:42+00:00,7.93,6864.767,486.63,0.000388,42.8909,233.0162,326.4747,2.4368,0.00053,0.0118,-1.8509,-1.8643,0.0134,19.9808,small,1.352,True,da=+2.44km[small]
STARLINK-37028,53deg,mixed,2026-05-03 09:45:42+00:00,2026-05-03 17:39:42+00:00,7.9,6846.28,468.14,0.000637,53.2761,65.644,108.5488,2.4209,0.000367,0.00931,-1.5347,-1.5295,-0.0053,15.3038,small,1.349,True,da=+2.42km[small]
STARLINK-31906,53deg,mixed,2026-05-02 18:40:42+00:00,2026-05-03 02:36:42+00:00,7.93,6864.232,486.1,0.001167,42.9303,328.7827,141.4061,2.4289,0.000101,0.00509,-1.8554,-1.8637,0.0083,19.9628,small,1.348,True,da=+2.43km[small]
STARLINK-31176,53deg,lowering,2026-05-02 10:44:42+00:00,2026-05-02 18:39:42+00:00,7.92,6865.675,487.54,0.001225,42.863,275.9351,27.6355,-2.4267,-0.000146,-0.00862,-1.858,-1.8629,0.005,16.1558,small,1.347,True,da=-2.43km[small]
STARLINK-34559,mid-inc,phasing,2026-05-05 02:10:42+00:00,2026-05-05 10:07:42+00:00,7.95,6940.464,562.33,0.001977,70.0087,171.7957,258.2992,2.464,-0.000389,0.00909,-0.8293,-0.8388,0.0096,-13.7352,small,1.345,True,da=+2.46km[small]
STARLINK-5367,53deg,phasing,2026-05-02 11:03:42+00:00,2026-05-02 18:58:42+00:00,7.92,6865.833,487.7,0.001228,43.0989,36.238,26.8773,-2.4215,-0.000165,-0.01677,-1.8594,-1.8558,-0.0036,16.1218,small,1.344,True,da=-2.42km[small]
STARLINK-35236,53deg,mixed,2026-05-04 09:58:42+00:00,2026-05-04 20:46:42+00:00,10.8,6847.879,469.74,0.00042,53.081,204.6897,100.8038,2.412,0.00047,0.01063,-2.0592,-2.0987,0.0396,-39.7861,small,1.344,True,da=+2.41km[small]
STARLINK-34085,mid-inc,mixed,2026-05-03 02:18:42+00:00,2026-05-03 10:12:42+00:00,7.9,6954.135,576.0,0.000424,69.9495,337.0926,202.1604,2.4667,0.000558,0.0044,-0.8395,-0.8303,-0.0092,-24.979,small,1.343,True,da=+2.47km[small]
STARLINK-31857,53deg,mixed,2026-05-04 20:08:42+00:00,2026-05-05 02:37:42+00:00,6.48,6867.154,489.02,0.001262,42.9182,316.6616,167.4647,-2.4201,-0.00087,-0.01593,-1.4878,-1.5232,0.0354,47.2982,small,1.342,True,da=-2.42km[small]
STARLINK-31723,53deg,mixed,2026-05-05 10:44:42+00:00,2026-05-05 18:39:42+00:00,7.92,6862.6,484.46,0.001015,43.057,22.8001,48.3574,-2.4158,-0.000269,-0.01712,-1.8729,-1.8601,-0.0128,16.1601,small,1.341,True,da=-2.42km[small]
STARLINK-6095,53deg,mixed,2026-05-05 03:15:42+00:00,2026-05-05 11:12:42+00:00,7.95,6865.106,486.97,0.001173,42.9576,201.9593,148.98,2.411,6.7e-05,0.01393,-1.8542,-1.8658,0.0116,23.7662,small,1.338,True,da=+2.41km[small]
STARLINK-31501,53deg,mixed,2026-05-05 02:48:42+00:00,2026-05-05 10:43:42+00:00,7.92,6863.147,485.01,0.000192,42.8756,301.2033,225.0739,-2.4082,0.000188,-0.01396,-1.8742,-1.865,-0.0092,16.1239,small,1.337,True,da=-2.41km[small]
STARLINK-31922,53deg,mixed,2026-05-02 18:38:42+00:00,2026-05-03 02:33:42+00:00,7.92,6862.524,484.39,0.000178,42.9206,328.3611,310.5437,2.4072,0.000249,0.00392,-1.86,-1.8617,0.0017,16.1087,small,1.337,True,da=+2.41km[small]
STARLINK-30881,53deg,mixed,2026-05-05 10:44:42+00:00,2026-05-05 18:40:42+00:00,7.93,6866.879,488.74,0.001246,42.9328,324.479,15.598,-2.4089,-8.5e-05,-0.01448,-1.859,-1.8637,0.0047,19.9663,small,1.336,True,da=-2.41km[small]
STARLINK-5873,mid-inc,phasing,2026-05-02 19:02:42+00:00,2026-05-03 03:09:42+00:00,8.12,6953.99,575.85,0.000379,69.9308,327.8881,337.0961,2.4549,0.000586,-0.00209,-0.8438,-0.854,0.0102,23.7281,small,1.336,True,da=+2.45km[small]
STARLINK-34800,53deg,phasing,2026-05-05 02:09:42+00:00,2026-05-05 10:03:42+00:00,7.9,6851.096,472.96,0.000988,53.0032,265.532,56.8444,-2.3974,-0.000349,-0.01001,-1.543,-1.5377,-0.0053,14.3486,small,1.335,True,da=-2.40km[small]
STARLINK-31699,53deg,mixed,2026-05-02 18:31:42+00:00,2026-05-03 02:49:42+00:00,8.3,6861.027,482.89,0.000817,43.0805,37.7302,119.1998,2.3989,-0.000579,0.01008,-1.892,-1.9482,0.0562,104.0102,small,1.332,True,da=+2.40km[small]
STARLINK-32655,53deg,mixed,2026-05-02 10:22:42+00:00,2026-05-02 18:19:42+00:00,7.95,6865.107,486.97,0.001191,42.9317,327.2178,147.7098,2.401,6.7e-05,0.00477,-1.8589,-1.8667,0.0079,23.7542,small,1.332,True,da=+2.40km[small]
STARLINK-30321,53deg,mixed,2026-05-05 19:05:42+00:00,2026-05-05 21:58:42+00:00,2.88,6858.035,479.9,0.001476,53.0461,301.0794,22.5153,-2.3943,-0.00087,-0.00758,-0.5981,-0.5587,-0.0394,-57.7963,small,1.331,True,da=-2.39km[small]
STARLINK-34800,53deg,phasing,2026-05-02 18:07:42+00:00,2026-05-03 02:01:42+00:00,7.9,6856.353,478.22,0.001441,53.0207,276.3527,148.5171,2.3912,4.4e-05,0.00566,-1.5236,-1.5308,0.0072,14.3122,small,1.33,True,da=+2.39km[small]
STARLINK-31718,53deg,raising,2026-05-05 10:45:42+00:00,2026-05-05 18:40:42+00:00,7.92,6862.877,484.74,0.000231,43.0567,22.9739,313.1514,2.387,0.000276,0.00445,-1.8624,-1.8572,-0.0052,16.1283,small,1.325,True,da=+2.39km[small]
STARLINK-34830,53deg,mixed,2026-05-02 09:58:42+00:00,2026-05-02 18:11:42+00:00,8.22,6852.722,474.59,0.000858,53.1106,342.3818,310.5589,2.3812,0.000501,0.003,-1.5489,-1.5918,0.0429,86.9806,small,1.325,True,da=+2.38km[small]
STARLINK-30952,53deg,phasing,2026-05-05 02:50:42+00:00,2026-05-05 10:45:42+00:00,7.92,6863.718,485.58,0.00111,43.1533,93.6621,41.3397,-2.3829,-0.000222,-0.01372,-1.8557,-1.8561,0.0004,16.1157,small,1.323,True,da=-2.38km[small]
STARLINK-30864,53deg,mixed,2026-05-02 10:44:42+00:00,2026-05-02 18:52:42+00:00,8.13,6860.285,482.15,0.000754,42.9429,341.5263,65.3938,2.3768,0.000284,0.00418,-1.9711,-1.9142,-0.0569,65.9245,small,1.32,True,da=+2.38km[small]
STARLINK-5522,mid-inc,phasing,2026-05-02 19:02:42+00:00,2026-05-03 03:09:42+00:00,8.12,6954.084,575.95,0.001111,69.9307,327.6881,157.264,2.4242,-0.000217,-0.00112,-0.8444,-0.8539,0.0096,23.7126,small,1.32,True,da=+2.42km[small]
STARLINK-32013,53deg,lowering,2026-05-02 18:39:42+00:00,2026-05-03 02:34:42+00:00,7.92,6850.363,472.23,0.000903,53.2314,145.6432,61.0156,-2.3698,-0.000431,-0.00723,-1.5461,-1.5333,-0.0129,18.1482,small,1.319,True,da=-2.37km[small]
STARLINK-34492,53deg,mixed,2026-05-05 02:07:42+00:00,2026-05-05 10:10:42+00:00,8.05,6848.446,470.31,0.001518,53.0628,214.6113,252.9747,2.3667,-0.000337,0.01004,-1.5987,-1.5646,-0.0341,48.6793,small,1.318,True,da=+2.37km[small]
STARLINK-36687,SSO,phasing,2026-05-02 09:42:42+00:00,2026-05-02 17:36:42+00:00,7.9,6849.924,471.79,0.001167,97.162,234.08,185.793,-2.3658,-0.000303,-9e-05,0.3209,0.3187,0.0021,15.9489,small,1.317,True,da=-2.37km[small]
STARLINK-35298,53deg,mixed,2026-05-03 02:07:42+00:00,2026-05-03 10:01:42+00:00,7.9,6848.706,470.57,0.001463,53.1047,195.238,288.869,2.359,-0.000353,0.01247,-1.5391,-1.5337,-0.0054,14.2712,small,1.314,True,da=+2.36km[small]
STARLINK-11206,53deg,phasing,2026-05-03 11:07:42+00:00,2026-05-03 19:09:42+00:00,8.03,6739.032,360.9,0.000675,53.0388,236.1026,318.683,-2.2998,0.000472,-0.00629,-1.6002,-1.6551,0.0549,92.606,small,1.312,True,da=-2.30km[small]
STARLINK-35270,53deg,mixed,2026-05-05 23:01:42+00:00,2026-05-06 02:04:42+00:00,3.05,6837.8,459.66,0.000888,53.2903,104.6476,118.3135,-2.3442,-0.000443,-0.00401,-0.5822,-0.5937,0.0115,-17.6748,small,1.309,True,da=-2.34km[small]
STARLINK-34797,53deg,mixed,2026-05-03 02:09:42+00:00,2026-05-03 10:14:42+00:00,8.08,6858.115,479.98,0.000764,53.0263,275.2278,338.0217,-2.3519,0.000652,-0.00909,-1.5309,-1.5669,0.036,56.4133,small,1.307,True,da=-2.35km[small]
STARLINK-6030,53deg,mixed,2026-05-03 03:08:42+00:00,2026-05-03 11:05:42+00:00,7.95,6867.364,489.23,0.001228,42.9417,213.9455,8.8302,-2.3553,-3.9e-05,-0.00726,-1.8578,-1.8667,0.0089,23.7724,small,1.306,True,da=-2.36km[small]
STARLINK-33946,mid-inc,mixed,2026-05-05 18:29:42+00:00,2026-05-05 22:38:42+00:00,4.15,6953.73,575.59,0.00038,69.9357,330.2095,335.6214,2.3971,0.000393,0.00162,-0.4199,-0.4366,0.0167,-147.3808,small,1.305,True,da=+2.40km[small]
STARLINK-31859,53deg,mixed,2026-05-05 22:07:42+00:00,2026-05-06 02:36:42+00:00,4.48,6864.642,486.5,0.000387,42.8884,304.0083,214.2989,2.3494,0.000866,0.00577,-1.1022,-1.0537,-0.0485,-51.4597,small,1.304,True,da=+2.35km[small]
STARLINK-31422,53deg,lowering,2026-05-03 02:42:42+00:00,2026-05-03 10:38:42+00:00,7.93,6859.521,481.38,0.000608,42.8748,312.65,286.9118,2.3411,-0.00038,0.00968,-1.8848,-1.8698,-0.015,19.9485,small,1.301,True,da=+2.34km[small]
STARLINK-31906,53deg,mixed,2026-05-04 20:13:42+00:00,2026-05-05 02:41:42+00:00,6.47,6867.371,489.23,0.000949,42.9207,317.1229,348.3368,-2.336,0.000257,-0.01453,-1.4856,-1.519,0.0334,43.4826,small,1.296,True,da=-2.34km[small]
STARLINK-37370,SSO,mixed,2026-05-05 17:39:42+00:00,2026-05-05 23:19:42+00:00,5.67,6720.046,341.91,0.001494,97.2118,331.0742,317.4522,2.2609,-0.000328,-0.00142,0.2363,0.2458,-0.0095,-101.7921,small,1.296,True,da=+2.26km[small]
STARLINK-37065,53deg,mixed,2026-05-02 17:41:42+00:00,2026-05-03 01:35:42+00:00,7.9,6834.999,456.86,0.000342,53.0023,287.6409,96.4707,2.3176,0.000499,0.00318,-1.5539,-1.5483,-0.0056,19.3269,small,1.295,True,da=+2.32km[small]
STARLINK-5873,mid-inc,phasing,2026-05-05 11:20:42+00:00,2026-05-05 19:17:42+00:00,7.95,6953.611,575.47,0.001113,69.9132,321.1493,24.3363,2.3758,-3.4e-05,0.00506,-0.8423,-0.8372,-0.0051,-13.7656,small,1.293,True,da=+2.38km[small]
STARLINK-31319,53deg,mixed,2026-05-03 02:44:42+00:00,2026-05-03 10:39:42+00:00,7.92,6863.611,485.47,0.001123,43.1515,83.2471,137.7516,2.3268,0.000126,0.00725,-1.8491,-1.8537,0.0046,16.1306,small,1.292,True,da=+2.33km[small]
STARLINK-32675,53deg,phasing,2026-05-05 10:36:42+00:00,2026-05-05 18:33:42+00:00,7.95,6858.834,480.7,0.000668,42.8686,309.9206,278.6238,2.3234,-0.000327,0.00868,-1.8907,-1.8746,-0.0161,23.7694,small,1.291,True,da=+2.32km[small]
STARLINK-34760,53deg,phasing,2026-05-06 02:11:42+00:00,2026-05-06 10:05:42+00:00,7.9,6848.541,470.4,0.000593,52.9968,260.9765,106.5955,2.3176,0.000352,0.00466,-1.5444,-1.5378,-0.0066,14.291,small,1.291,True,da=+2.32km[small]
STARLINK-30837,53deg,mixed,2026-05-03 10:55:42+00:00,2026-05-03 18:51:42+00:00,7.93,6861.439,483.3,0.000299,42.8608,244.9596,235.5845,-2.3205,0.000349,-0.00738,-1.879,-1.8709,-0.0081,19.9832,small,1.289,True,da=-2.32km[small]
STARLINK-37028,53deg,mixed,2026-05-04 21:05:42+00:00,2026-05-05 01:44:42+00:00,4.65,6849.569,471.43,0.000996,53.2787,58.7975,307.3632,-2.313,0.000317,-0.00573,-0.8933,-0.8999,0.0067,-11.4916,small,1.288,True,da=-2.31km[small]
STARLINK-32767,53deg,mixed,2026-05-05 18:32:42+00:00,2026-05-05 22:19:42+00:00,3.78,6858.573,480.44,0.000476,42.878,315.1689,91.8586,2.3137,-7.2e-05,0.00808,-0.8622,-0.8921,0.0299,147.9414,small,1.286,True,da=+2.31km[small]
STARLINK-31906,53deg,mixed,2026-05-06 02:37:42+00:00,2026-05-06 10:32:42+00:00,7.92,6861.407,483.27,0.000886,42.879,309.9401,122.4626,2.3131,0.00019,0.01021,-1.871,-1.864,-0.007,16.104,small,1.285,True,da=+2.31km[small]
STARLINK-35276,53deg,mixed,2026-05-03 02:07:42+00:00,2026-05-03 10:00:42+00:00,7.88,6855.086,476.95,0.001366,53.0894,210.7952,38.4419,-2.3106,-0.000184,-0.00409,-1.531,-1.5281,-0.0029,10.476,small,1.285,True,da=-2.31km[small]
STARLINK-31622,53deg,mixed,2026-05-03 10:43:42+00:00,2026-05-03 18:38:42+00:00,7.92,6864.228,486.09,0.001165,43.15,85.1998,37.2799,-2.3121,-0.000237,-0.00804,-1.8599,-1.8556,-0.0044,16.1309,small,1.283,True,da=-2.31km[small]
STARLINK-6081,53deg,mixed,2026-05-05 11:11:42+00:00,2026-05-05 19:17:42+00:00,8.1,6859.754,481.62,0.000667,42.9372,200.3732,69.7102,2.3083,0.000298,0.01203,-1.9536,-1.9069,-0.0467,58.254,small,1.283,True,da=+2.31km[small]
STARLINK-37446,SSO,phasing,2026-05-05 23:19:42+00:00,2026-05-06 01:38:42+00:00,2.32,6718.308,340.17,0.001694,97.2127,331.3152,227.6403,-2.2345,-0.000507,-0.00093,0.0998,0.1007,-0.001,-173.2007,small,1.281,True,da=-2.23km[small]
STARLINK-31699,53deg,mixed,2026-05-04 10:48:42+00:00,2026-05-04 20:05:42+00:00,9.28,6867.733,489.6,0.001142,43.0921,28.2942,0.349,-2.3091,-0.000685,-0.01541,-2.2123,-2.1742,-0.0381,-30.3341,small,1.281,True,da=-2.31km[small]
STARLINK-32655,53deg,mixed,2026-05-05 02:37:42+00:00,2026-05-05 10:32:42+00:00,7.92,6861.946,483.81,0.000963,42.8843,312.0701,127.0005,2.3043,0.000174,0.01083,-1.8683,-1.8633,-0.005,16.158,small,1.28,True,da=+2.30km[small]
STARLINK-30864,53deg,mixed,2026-05-02 18:52:42+00:00,2026-05-03 02:47:42+00:00,7.92,6862.661,484.52,0.001038,42.9471,339.5552,131.3183,2.3061,0.000183,0.0042,-1.8578,-1.8608,0.003,16.1519,small,1.28,True,da=+2.31km[small]
STARLINK-32647,53deg,mixed,2026-05-02 18:17:42+00:00,2026-05-03 02:34:42+00:00,8.28,6862.767,484.63,0.000242,42.9149,325.2562,227.4524,2.3009,0.000221,0.00338,-2.0041,-1.9479,-0.0561,100.1645,small,1.278,True,da=+2.30km[small]
STARLINK-5038,mid-inc,phasing,2026-05-06 03:15:42+00:00,2026-05-06 11:20:42+00:00,8.08,6953.955,575.82,0.000418,69.9536,339.3664,336.8567,2.346,0.000379,0.00428,-0.8413,-0.8495,0.0082,16.2022,small,1.277,True,da=+2.35km[small]
STARLINK-36973,53deg,phasing,2026-05-03 09:43:42+00:00,2026-05-03 17:36:42+00:00,7.88,6855.103,476.97,0.001346,53.0198,284.1146,37.8644,-2.2948,-0.000169,-0.00497,-1.5284,-1.5306,0.0022,10.4894,small,1.276,True,da=-2.29km[small]
STARLINK-31724,53deg,lowering,2026-05-05 10:48:42+00:00,2026-05-05 18:43:42+00:00,7.92,6861.97,483.83,0.000977,42.9629,346.7808,52.4495,-2.2965,-0.000266,-0.01571,-1.8775,-1.8635,-0.014,16.1708,small,1.275,True,da=-2.30km[small]
STARLINK-34797,53deg,mixed,2026-05-05 22:42:42+00:00,2026-05-06 02:01:42+00:00,3.32,6850.504,472.37,0.001259,53.0031,261.9723,241.237,-2.2897,0.000334,-0.00482,-0.6732,-0.6457,-0.0275,41.6022,small,1.275,True,da=-2.29km[small]
STARLINK-31593,53deg,phasing,2026-05-05 10:44:42+00:00,2026-05-05 18:09:42+00:00,7.42,6864.825,486.69,0.001107,42.8804,298.645,146.8222,-2.2981,-0.000138,-0.01097,-1.6921,-1.7455,0.0534,-98.6871,small,1.275,True,da=-2.30km[small]
STARLINK-11205,53deg,mixed,2026-05-02 10:48:42+00:00,2026-05-02 19:00:42+00:00,8.2,6743.304,365.17,0.00147,53.0461,241.0864,17.5453,-2.2334,-1.2e-05,-0.00528,-1.7193,-1.6854,-0.034,132.0921,small,1.273,True,da=-2.23km[small]
STARLINK-32448,53deg,mixed,2026-05-03 02:28:42+00:00,2026-05-03 10:23:42+00:00,7.92,6861.226,483.09,0.000846,42.9013,322.8552,121.6491,2.2892,0.000203,0.01122,-1.8702,-1.8635,-0.0067,16.1275,small,1.272,True,da=+2.29km[small]
STARLINK-35336,53deg,mixed,2026-05-05 10:10:42+00:00,2026-05-05 18:03:42+00:00,7.88,6852.839,474.7,0.001178,53.1102,199.5324,131.2447,2.2834,0.000207,0.00749,-1.5243,-1.5271,0.0028,10.4978,small,1.271,True,da=+2.28km[small]
STARLINK-35036,53deg,mixed,2026-05-06 02:09:42+00:00,2026-05-06 10:04:42+00:00,7.92,6848.027,469.89,0.001621,53.053,325.5548,280.426,2.2778,-0.000407,0.00716,-1.5447,-1.5394,-0.0053,18.076,small,1.269,True,da=+2.28km[small]
STARLINK-31903,53deg,mixed,2026-05-04 20:10:42+00:00,2026-05-05 02:38:42+00:00,6.47,6861.32,483.18,0.000891,42.8819,310.0412,56.478,-2.2815,-0.000343,-0.01502,-1.5617,-1.5247,-0.037,43.5672,small,1.267,True,da=-2.28km[small]
STARLINK-31741,53deg,mixed,2026-05-02 18:39:42+00:00,2026-05-03 02:47:42+00:00,8.13,6862.493,484.36,0.000194,43.0878,37.5707,227.715,-2.2788,0.000329,-0.01352,-1.9578,-1.91,-0.0478,65.8162,small,1.265,True,da=-2.28km[small]
STARLINK-32671,53deg,mixed,2026-05-03 18:37:42+00:00,2026-05-04 10:27:42+00:00,15.83,6858.697,480.56,0.000666,42.8879,319.8274,268.1505,2.276,-0.000349,0.00282,-3.7601,-3.7328,-0.0273,32.2122,small,1.265,True,da=+2.28km[small]
STARLINK-35453,53deg,lowering,2026-05-02 10:02:42+00:00,2026-05-02 17:57:42+00:00,7.92,6856.914,478.78,0.001462,53.2719,44.6078,150.7567,2.2756,-5.1e-05,0.00445,-1.5197,-1.5247,0.005,18.1351,small,1.265,True,da=+2.28km[small]
STARLINK-31631,53deg,mixed,2026-05-05 22:07:42+00:00,2026-05-06 02:37:42+00:00,4.5,6867.014,488.88,0.000909,43.1551,67.289,193.6064,-2.2796,0.00029,-0.00885,-1.0925,-1.0532,-0.0394,-47.6562,small,1.265,True,da=-2.28km[small]
STARLINK-31906,53deg,mixed,2026-05-03 18:38:42+00:00,2026-05-04 10:28:42+00:00,15.83,6860.945,482.81,0.00035,42.9046,323.1891,239.453,-2.2758,0.000354,-0.01794,-3.759,-3.7325,-0.0265,32.2341,small,1.264,True,da=-2.28km[small]
STARLINK-32040,53deg,mixed,2026-05-04 20:08:42+00:00,2026-05-05 02:35:42+00:00,6.45,6859.284,481.15,0.001459,53.2816,135.5366,167.1237,-2.273,-0.000811,-0.00764,-1.2213,-1.2421,0.0208,41.2649,small,1.263,True,da=-2.27km[small]
STARLINK-32784,53deg,lowering,2026-05-05 02:37:42+00:00,2026-05-05 10:31:42+00:00,7.9,6817.657,439.52,0.001132,42.8661,313.57,92.672,2.2526,-0.00021,0.01053,-1.9279,-1.9026,-0.0254,28.7167,small,1.263,True,da=+2.25km[small]
STARLINK-6076,53deg,mixed,2026-05-03 03:09:42+00:00,2026-05-03 11:04:42+00:00,7.92,6869.577,491.44,0.00112,42.9307,213.0792,35.9166,-2.2707,-0.0002,-0.00624,-1.8619,-1.8571,-0.0049,14.1422,small,1.259,True,da=-2.27km[small]
STARLINK-34393,53deg,mixed,2026-05-05 22:52:42+00:00,2026-05-06 02:06:42+00:00,3.23,6857.451,479.31,0.000687,53.0219,274.4453,334.4742,2.2584,0.000545,0.00856,-0.6107,-0.6262,0.0155,22.5517,small,1.255,True,da=+2.26km[small]
STARLINK-34375,53deg,mixed,2026-05-03 02:22:42+00:00,2026-05-03 10:15:42+00:00,7.88,6824.427,446.29,0.001292,53.0829,222.9543,180.3613,-2.2404,-0.0006,-0.00566,-1.5426,-1.5525,0.0099,24.6261,small,1.254,True,da=-2.24km[small]
STARLINK-37036,53deg,mixed,2026-05-02 17:37:42+00:00,2026-05-03 01:38:42+00:00,8.02,6793.428,415.29,0.001228,53.0064,286.6301,243.6348,2.2226,-0.000307,0.00354,-1.6426,-1.605,-0.0376,64.0156,small,1.253,True,da=+2.22km[small]
STARLINK-32042,53deg,mixed,2026-05-02 18:37:42+00:00,2026-05-03 02:30:42+00:00,7.88,6855.456,477.32,0.000613,53.2495,145.3299,216.3334,-2.2538,0.000225,-0.00589,-1.5264,-1.5222,-0.0042,10.4665,small,1.253,True,da=-2.25km[small]
STARLINK-34528,53deg,mixed,2026-05-02 10:15:42+00:00,2026-05-02 18:06:42+00:00,7.85,6814.484,436.35,0.000858,53.0446,226.1217,63.1798,-2.2306,-0.000425,-0.0051,-1.5574,-1.5552,-0.0021,16.9667,small,1.252,True,da=-2.23km[small]
STARLINK-31552,53deg,mixed,2026-05-02 18:30:42+00:00,2026-05-03 02:47:42+00:00,8.28,6862.834,484.7,0.000178,42.8966,314.5899,227.0249,2.2546,0.000294,0.00413,-2.0069,-1.9484,-0.0585,100.1785,small,1.252,True,da=+2.25km[small]
STARLINK-35022,53deg,mixed,2026-05-03 02:04:42+00:00,2026-05-03 10:09:42+00:00,8.08,6847.014,468.88,0.00103,53.0972,339.2948,54.8221,-2.2446,-0.000281,-0.00707,-1.6077,-1.5731,-0.0346,58.3478,small,1.251,True,da=-2.24km[small]
STARLINK-37156,53deg,mixed,2026-05-03 09:46:42+00:00,2026-05-03 17:40:42+00:00,7.9,6856.478,478.34,0.001456,53.301,65.5647,148.7993,2.2473,1e-05,0.00786,-1.5169,-1.5208,0.0039,14.2982,small,1.25,True,da=+2.25km[small]
STARLINK-32018,53deg,mixed,2026-05-03 10:38:42+00:00,2026-05-03 18:34:42+00:00,7.93,6859.686,481.55,0.001182,53.2683,142.4306,184.2366,-2.2465,-0.000549,-0.00389,-1.5171,-1.5278,0.0107,21.9229,small,1.248,True,da=-2.25km[small]
STARLINK-6081,53deg,mixed,2026-05-05 21:37:42+00:00,2026-05-06 03:01:42+00:00,5.4,6861.339,483.2,0.00033,42.9487,197.8709,303.1487,-2.2426,0.000221,-0.00659,-1.2572,-1.2717,0.0145,158.8426,small,1.246,True,da=-2.24km[small]
STARLINK-32848,53deg,mixed,2026-05-04 10:26:42+00:00,2026-05-04 20:19:42+00:00,9.88,6850.395,472.26,0.001354,53.2749,50.32,39.5043,2.2386,0.000122,0.00164,-1.9617,-1.9098,-0.0519,112.1666,small,1.246,True,da=+2.24km[small]
STARLINK-32787,53deg,lowering,2026-05-05 22:25:42+00:00,2026-05-06 02:23:42+00:00,3.97,6856.486,478.35,0.00145,53.2676,43.3456,31.4791,-2.2366,-0.000733,-0.00931,-0.7613,-0.7652,0.0039,-168.8698,small,1.244,True,da=-2.24km[small]
STARLINK-35276,53deg,mixed,2026-05-05 10:12:42+00:00,2026-05-05 18:05:42+00:00,7.88,6854.338,476.2,0.000665,53.1121,199.8813,318.4291,2.2349,-6.7e-05,0.00706,-1.522,-1.5259,0.0039,10.462,small,1.243,True,da=+2.23km[small]
STARLINK-35302,53deg,mixed,2026-05-05 02:06:42+00:00,2026-05-05 10:02:42+00:00,7.93,6859.789,481.65,0.001184,53.1629,185.895,183.6496,-2.2352,-0.000518,-0.00199,-1.5221,-1.5314,0.0094,21.9302,small,1.242,True,da=-2.24km[small]
STARLINK-37036,53deg,mixed,2026-05-05 23:12:42+00:00,2026-05-06 01:20:42+00:00,2.13,6791.806,413.67,0.00155,52.993,271.1141,283.9892,2.2012,-0.000662,0.00889,-0.3925,-0.4276,0.0351,136.0079,small,1.241,True,da=+2.20km[small]
STARLINK-31561,53deg,mixed,2026-05-03 02:50:42+00:00,2026-05-03 10:45:42+00:00,7.92,6860.634,482.5,0.00044,42.8778,311.7984,297.0643,2.2207,-0.00025,0.00903,-1.8748,-1.8648,-0.01,16.1225,small,1.234,True,da=+2.22km[small]
STARLINK-30952,53deg,phasing,2026-05-02 18:48:42+00:00,2026-05-03 02:44:42+00:00,7.93,6864.958,486.82,0.001195,43.1532,106.7592,146.9639,2.2197,6.8e-05,0.00916,-1.8523,-1.8563,0.004,19.949,small,1.232,True,da=+2.22km[small]
STARLINK-31422,53deg,lowering,2026-05-05 10:47:42+00:00,2026-05-05 18:43:42+00:00,7.93,6867.125,488.99,0.000885,42.8913,299.4508,192.8452,-2.2143,-0.000436,-0.01084,-1.8561,-1.8646,0.0084,19.9612,small,1.228,True,da=-2.21km[small]
STARLINK-35196,53deg,mixed,2026-05-05 22:54:42+00:00,2026-05-06 02:08:42+00:00,3.23,6849.779,471.64,0.000804,53.1035,197.3292,64.8843,-2.2037,-0.000504,-0.00558,-0.6425,-0.6282,-0.0143,22.6059,small,1.227,True,da=-2.20km[small]
STARLINK-30235,53deg,mixed,2026-05-05 19:09:42+00:00,2026-05-05 22:06:42+00:00,2.95,6858.985,480.85,0.000686,42.8398,260.2837,280.9861,2.2087,-0.000328,0.00727,-0.6587,-0.6959,0.0372,-43.2205,small,1.227,True,da=+2.21km[small]
STARLINK-32848,53deg,mixed,2026-05-05 22:23:42+00:00,2026-05-06 02:21:42+00:00,3.97,6853.418,475.28,0.001468,53.2729,43.3472,23.7521,-2.204,-0.000865,-0.00906,-0.7604,-0.7663,0.0059,-167.9573,small,1.226,True,da=-2.20km[small]
STARLINK-34860,53deg,mixed,2026-05-06 02:10:42+00:00,2026-05-06 10:04:42+00:00,7.9,6856.645,478.51,0.000597,53.0245,261.2395,328.8638,2.2015,0.000253,0.00604,-1.5276,-1.5305,0.0029,14.2385,small,1.224,True,da=+2.20km[small]
STARLINK-36708,SSO,phasing,2026-05-05 23:12:42+00:00,2026-05-06 01:10:42+00:00,1.97,6839.976,461.84,0.001279,97.1641,236.6711,47.2946,2.189,0.000115,-0.00021,0.0918,0.0797,0.0121,92.2528,small,1.222,True,da=+2.19km[small]
STARLINK-31557,53deg,mixed,2026-05-06 02:38:42+00:00,2026-05-06 10:34:42+00:00,7.93,6859.313,481.18,0.000601,42.8467,291.188,283.665,2.1944,-0.000344,0.00705,-1.8887,-1.871,-0.0178,19.9107,small,1.219,True,da=+2.19km[small]
STARLINK-34085,mid-inc,mixed,2026-05-03 10:12:42+00:00,2026-05-03 18:19:42+00:00,8.12,6956.602,578.46,0.000982,69.9538,336.2531,177.1814,-2.241,-0.000534,-0.0052,-0.8447,-0.853,0.0083,23.6863,small,1.219,True,da=-2.24km[small]
STARLINK-34801,53deg,mixed,2026-05-05 22:51:42+00:00,2026-05-06 02:06:42+00:00,3.25,6847.464,469.33,0.000302,53.0861,339.2381,88.3229,2.1856,0.000503,0.00374,-0.6493,-0.6317,-0.0176,26.4478,small,1.218,True,da=+2.19km[small]
STARLINK-35321,53deg,mixed,2026-05-06 02:11:42+00:00,2026-05-06 10:06:42+00:00,7.92,6847.774,469.64,0.000428,53.0832,338.653,98.9815,2.1858,0.000434,0.007,-1.5436,-1.5386,-0.005,18.1361,small,1.218,True,da=+2.19km[small]
STARLINK-31557,53deg,mixed,2026-05-05 02:52:42+00:00,2026-05-05 10:47:42+00:00,7.92,6862.16,484.02,0.00021,42.8654,296.8368,231.4752,-2.1928,0.000265,-0.01317,-1.8781,-1.8662,-0.0119,16.1235,small,1.218,True,da=-2.19km[small]
STARLINK-34496,53deg,phasing,2026-05-03 02:19:42+00:00,2026-05-03 10:12:42+00:00,7.88,6822.232,444.09,0.001501,53.0757,222.9732,155.5902,2.1722,-0.000226,0.00802,-1.5426,-1.5525,0.0099,24.6418,small,1.217,True,da=+2.17km[small]
STARLINK-31559,53deg,mixed,2026-05-04 20:13:42+00:00,2026-05-05 02:52:42+00:00,6.65,6862.321,484.18,0.000219,42.8728,302.3191,310.4124,2.1917,0.000959,0.00643,-1.511,-1.5653,0.0543,85.5113,small,1.217,True,da=+2.19km[small]
STARLINK-34830,53deg,mixed,2026-05-02 18:11:42+00:00,2026-05-03 02:04:42+00:00,7.88,6855.103,476.97,0.001359,53.1136,340.8329,37.5394,-2.1876,-0.000167,-0.01261,-1.5229,-1.5274,0.0045,10.4982,small,1.217,True,da=-2.19km[small]
STARLINK-32430,53deg,phasing,2026-05-05 02:32:42+00:00,2026-05-05 10:39:42+00:00,8.12,6864.15,486.01,0.00116,42.8886,308.551,140.6614,2.1898,-0.000452,0.00846,-1.8657,-1.9082,0.0425,61.9766,small,1.216,True,da=+2.19km[small]
STARLINK-35308,53deg,raising,2026-05-05 02:14:42+00:00,2026-05-05 10:09:42+00:00,7.92,6849.969,471.83,0.001291,53.1314,185.8275,243.2733,-2.1841,0.000337,-0.00087,-1.5461,-1.537,-0.0091,18.1019,small,1.216,True,da=-2.18km[small]
STARLINK-31922,53deg,mixed,2026-05-02 10:30:42+00:00,2026-05-02 18:38:42+00:00,8.13,6860.336,482.2,0.000445,42.9158,330.3314,244.7651,2.1875,-0.000267,0.00482,-1.9703,-1.915,-0.0553,65.7786,small,1.215,True,da=+2.19km[small]
STARLINK-31631,53deg,mixed,2026-05-03 02:41:42+00:00,2026-05-03 10:36:42+00:00,7.92,6866.148,488.01,0.00071,43.1631,83.1251,204.0857,-2.1889,-0.000445,-0.01273,-1.8478,-1.8534,0.0055,16.1011,small,1.215,True,da=-2.19km[small]
STARLINK-31416,53deg,mixed,2026-05-05 02:52:42+00:00,2026-05-05 10:47:42+00:00,7.92,6863.747,485.61,0.000258,42.8765,300.9359,318.1366,2.187,0.000369,0.00792,-1.8645,-1.8619,-0.0026,16.1258,small,1.214,True,da=+2.19km[small]
STARLINK-34760,53deg,phasing,2026-05-02 18:12:42+00:00,2026-05-03 02:07:42+00:00,7.92,6847.62,469.48,0.000367,52.9948,276.4905,97.7593,2.1787,0.000474,0.00532,-1.547,-1.5419,-0.0051,18.1714,small,1.214,True,da=+2.18km[small]
STARLINK-32742,53deg,mixed,2026-05-05 10:38:42+00:00,2026-05-05 18:25:42+00:00,7.78,6863.255,485.12,0.001045,42.9018,316.8681,136.339,-2.1805,-0.000187,-0.01338,-1.8333,-1.8326,-0.0007,-14.4658,small,1.211,True,da=-2.18km[small]
STARLINK-30934,53deg,mixed,2026-05-06 02:49:42+00:00,2026-05-06 10:44:42+00:00,7.92,6837.206,459.07,0.000845,53.2972,93.9652,64.6277,-2.1658,-0.000515,-0.01054,-1.5533,-1.5412,-0.012,23.1425,small,1.209,True,da=-2.17km[small]
STARLINK-30313,53deg,mixed,2026-05-06 02:43:42+00:00,2026-05-06 10:49:42+00:00,8.1,6857.81,479.67,0.001488,53.0437,299.9532,155.4549,-2.1715,-0.000895,-0.00983,-1.5302,-1.5697,0.0395,60.1711,small,1.207,True,da=-2.17km[small]
STARLINK-35236,53deg,mixed,2026-05-05 02:10:42+00:00,2026-05-05 10:03:42+00:00,7.88,6854.443,476.31,0.000643,53.1076,201.5888,221.3165,-2.1694,0.00028,-0.00254,-1.5305,-1.5279,-0.0026,10.4582,small,1.207,True,da=-2.17km[small]
STARLINK-11205,53deg,mixed,2026-05-05 11:06:42+00:00,2026-05-05 19:07:42+00:00,8.02,6737.34,359.2,0.001204,53.05,226.1752,131.1476,2.1122,-0.000556,0.00654,-1.5967,-1.6505,0.0538,88.6923,small,1.206,True,da=+2.11km[small]
STARLINK-35036,53deg,mixed,2026-05-05 02:08:42+00:00,2026-05-05 10:10:42+00:00,8.03,6858.929,480.79,0.001465,53.0976,330.2045,164.9526,-2.1675,-0.000886,-0.00749,-1.5216,-1.5539,0.0322,44.8893,small,1.205,True,da=-2.17km[small]
STARLINK-6030,53deg,mixed,2026-05-03 11:05:42+00:00,2026-05-03 19:22:42+00:00,8.28,6865.008,486.87,0.001189,42.9344,212.0877,32.6026,-2.1715,-0.000155,-0.00901,-2.0044,-1.9475,-0.0569,100.3913,small,1.205,True,da=-2.17km[small]
STARLINK-31723,53deg,mixed,2026-05-03 18:37:42+00:00,2026-05-04 10:48:42+00:00,16.18,6865.847,487.71,0.000585,43.0918,32.2178,205.4599,-2.1709,-0.000315,-0.017,-3.8513,-3.7938,-0.0575,112.4733,small,1.205,True,da=-2.17km[small]
STARLINK-35262,53deg,mixed,2026-05-02 18:08:42+00:00,2026-05-03 02:01:42+00:00,7.88,6854.678,476.54,0.001378,53.1181,197.248,40.0353,-2.1665,-0.000203,-0.00054,-1.5259,-1.5273,0.0014,10.4941,small,1.205,True,da=-2.17km[small]
STARLINK-32848,53deg,mixed,2026-05-02 10:23:42+00:00,2026-05-02 18:18:42+00:00,7.92,6852.937,474.8,0.001501,53.2972,59.5821,153.7491,2.1636,-0.000105,0.0053,-1.519,-1.5269,0.0079,19.924,small,1.204,True,da=+2.16km[small]
STARLINK-36768,SSO,mixed,2026-05-05 17:50:42+00:00,2026-05-05 23:13:42+00:00,5.38,6831.242,453.1,0.003068,97.183,313.7171,272.4652,2.1543,-0.002234,-0.00395,0.2161,0.2196,-0.0035,157.4088,small,1.204,True,da=+2.15km[small] | de=-0.00223
STARLINK-34848,SSO,mixed,2026-05-03 10:15:42+00:00,2026-05-03 18:10:42+00:00,7.92,6933.68,555.54,0.001534,97.5221,355.0981,171.4108,-2.1972,8.6e-05,-0.00171,0.3262,0.3214,0.0048,-13.196,small,1.201,True,da=-2.20km[small]
STARLINK-34830,53deg,mixed,2026-05-05 02:13:42+00:00,2026-05-05 10:06:42+00:00,7.88,6851.807,473.67,0.001018,53.0764,329.9359,306.069,2.1553,-0.000319,0.00672,-1.5273,-1.5292,0.0019,10.4536,small,1.2,True,da=+2.16km[small]
STARLINK-34528,53deg,mixed,2026-05-04 20:41:42+00:00,2026-05-05 02:15:42+00:00,5.57,6812.051,433.91,0.001686,53.0561,214.577,267.9091,2.1377,-0.000866,0.01258,-1.1175,-1.1025,-0.015,-151.5111,small,1.2,True,da=+2.14km[small]
STARLINK-34490,53deg,mixed,2026-05-05 02:05:42+00:00,2026-05-05 10:11:42+00:00,8.1,6849.607,471.47,0.000772,53.064,214.2627,65.5473,2.1529,0.000282,0.00922,-1.6148,-1.5734,-0.0414,60.3582,small,1.199,True,da=+2.15km[small]
STARLINK-34085,mid-inc,mixed,2026-05-04 10:21:42+00:00,2026-05-04 20:31:42+00:00,10.17,6953.929,575.79,0.000376,69.9437,333.7256,203.3404,-2.1992,0.00011,-0.00489,-1.0916,-1.0704,-0.0212,124.1542,small,1.197,True,da=-2.20km[small]
STARLINK-31164,53deg,mixed,2026-05-04 10:40:42+00:00,2026-05-04 20:01:42+00:00,9.35,6863.864,485.73,0.001116,42.859,264.1999,40.7598,2.1521,0.000162,0.01196,-2.2052,-2.1995,-0.0058,-15.0844,small,1.195,True,da=+2.15km[small]
STARLINK-37370,SSO,mixed,2026-05-03 01:37:42+00:00,2026-05-03 09:47:42+00:00,8.17,6700.92,322.78,0.002025,97.2042,328.268,305.801,-2.072,-0.001287,0.00728,0.3526,0.3581,-0.0055,134.051,small,1.192,True,da=-2.07km[small] | de=-0.00129
STARLINK-34405,mid-inc,mixed,2026-05-03 10:16:42+00:00,2026-05-03 18:12:42+00:00,7.93,6942.156,564.02,0.001751,70.0049,175.9756,292.3873,-2.1844,0.000308,-0.00381,-0.8277,-0.8377,0.01,-17.5004,small,1.192,True,da=-2.18km[small]
STARLINK-32787,53deg,lowering,2026-05-05 10:33:42+00:00,2026-05-05 18:28:42+00:00,7.92,6859.68,481.54,0.001136,53.281,45.6262,186.4518,-2.1405,-0.00044,-0.01125,-1.5192,-1.5242,0.005,18.1147,small,1.189,True,da=-2.14km[small]
STARLINK-35384,53deg,mixed,2026-05-05 02:06:42+00:00,2026-05-05 10:12:42+00:00,8.1,6857.811,479.67,0.001525,53.3095,109.078,155.6045,-2.1317,-0.000881,-0.00592,-1.5201,-1.5599,0.0397,60.1767,small,1.185,True,da=-2.13km[small]
STARLINK-11444,53deg,phasing,2026-05-02 10:55:42+00:00,2026-05-02 18:47:42+00:00,7.87,6740.279,362.14,0.000766,42.961,203.3842,339.9547,-2.0745,0.000456,-0.00822,-1.9253,-1.9712,0.0459,55.8165,small,1.183,True,da=-2.07km[small]
STARLINK-30925,53deg,mixed,2026-05-02 18:52:42+00:00,2026-05-03 02:48:42+00:00,7.93,6865.145,487.01,0.00121,43.1538,106.7764,148.1152,2.1298,6.3e-05,0.00877,-1.8516,-1.8561,0.0045,19.9404,small,1.182,True,da=+2.13km[small]
STARLINK-35262,53deg,mixed,2026-05-05 18:02:42+00:00,2026-05-05 22:53:42+00:00,4.85,6859.597,481.46,0.001125,53.1691,183.297,352.5258,-2.1215,0.000358,-0.00112,-0.9122,-0.9362,0.024,33.8296,small,1.179,True,da=-2.12km[small]
STARLINK-32886,53deg,mixed,2026-05-03 18:24:42+00:00,2026-05-04 10:26:42+00:00,16.03,6853.394,475.26,0.000785,53.2735,53.376,313.9132,2.1171,0.000622,0.00285,-3.0494,-3.0935,0.0441,82.0755,small,1.178,True,da=+2.12km[small]
STARLINK-34088,mid-inc,phasing,2026-05-03 10:19:42+00:00,2026-05-03 18:26:42+00:00,8.12,6954.29,576.15,0.00111,69.9507,336.2842,158.3368,2.1568,-0.000203,0.0015,-0.8448,-0.853,0.0082,23.7116,small,1.174,True,da=+2.16km[small]
STARLINK-31851,53deg,mixed,2026-05-05 10:33:42+00:00,2026-05-05 18:40:42+00:00,8.12,6866.106,487.97,0.001213,42.9083,313.4472,156.9086,-2.1116,-0.000891,-0.01363,-1.8645,-1.9081,0.0436,62.0028,small,1.172,True,da=-2.11km[small]
STARLINK-5529,mid-inc,phasing,2026-05-05 21:40:42+00:00,2026-05-06 02:59:42+00:00,5.32,6952.732,574.59,0.001056,69.9108,319.8387,28.666,-2.1463,-6.1e-05,-0.00564,-0.585,-0.561,-0.024,114.702,small,1.169,True,da=-2.15km[small]
STARLINK-35453,53deg,lowering,2026-05-03 09:57:42+00:00,2026-05-03 17:57:42+00:00,8.0,6849.953,471.82,0.001307,53.2421,40.0249,243.3286,-2.0974,0.000314,-0.0115,-1.5762,-1.5493,-0.0269,37.1994,small,1.168,True,da=-2.10km[small]
STARLINK-5846,mid-inc,mixed,2026-05-06 03:03:42+00:00,2026-05-06 11:00:42+00:00,7.95,6942.412,564.28,0.000765,69.8932,319.3004,113.3484,-2.1403,-7.9e-05,-0.00458,-0.8293,-0.8439,0.0146,-13.7715,small,1.168,True,da=-2.14km[small]
STARLINK-32199,53deg,mixed,2026-05-03 10:43:42+00:00,2026-05-03 18:36:42+00:00,7.88,6852.481,474.34,0.001149,53.2548,42.4065,50.217,-2.097,-0.000247,-0.01189,-1.5296,-1.5243,-0.0053,10.4801,small,1.167,True,da=-2.10km[small]
STARLINK-11246,53deg,phasing,2026-05-04 19:47:42+00:00,2026-05-05 03:17:42+00:00,7.5,6734.132,356.0,0.00135,53.2737,64.0098,295.7176,-2.0418,0.000326,-0.00567,-1.5103,-1.5406,0.0302,-33.0009,small,1.166,True,da=-2.04km[small]
STARLINK-35236,53deg,mixed,2026-05-03 02:01:42+00:00,2026-05-03 09:54:42+00:00,7.88,6855.323,477.19,0.0006,53.0917,210.8684,323.1377,2.0958,4.9e-05,0.00884,-1.5275,-1.5259,-0.0016,10.4545,small,1.166,True,da=+2.10km[small]
STARLINK-30906,53deg,mixed,2026-05-03 11:00:42+00:00,2026-05-03 18:56:42+00:00,7.93,6859.083,480.95,0.000613,43.1232,106.5778,103.5365,2.0969,0.000291,0.01572,-1.8767,-1.8627,-0.014,20.0035,small,1.165,True,da=+2.10km[small]
STARLINK-5522,mid-inc,phasing,2026-05-02 11:05:42+00:00,2026-05-02 19:02:42+00:00,7.95,6956.222,578.09,0.001056,69.9339,328.5303,171.031,-2.1388,5.5e-05,-0.00318,-0.8422,-0.8364,-0.0058,-13.7671,small,1.164,True,da=-2.14km[small]
STARLINK-37156,53deg,mixed,2026-05-05 01:45:42+00:00,2026-05-05 09:39:42+00:00,7.9,6856.959,478.82,0.000601,53.295,57.84,331.0392,2.0832,0.000336,0.00161,-1.5166,-1.5208,0.0042,14.2962,small,1.158,True,da=+2.08km[small]
STARLINK-30233,53deg,phasing,2026-05-05 03:03:42+00:00,2026-05-05 10:58:42+00:00,7.92,6864.721,486.58,0.001187,42.8653,264.1418,145.3071,2.0836,6.8e-05,0.00687,-1.8633,-1.8614,-0.0019,16.1125,small,1.156,True,da=+2.08km[small]
STARLINK-35262,53deg,mixed,2026-05-05 10:07:42+00:00,2026-05-05 18:02:42+00:00,7.92,6857.518,479.38,0.000659,53.1615,184.8156,334.4082,2.0793,0.000466,0.00756,-1.5185,-1.5282,0.0097,18.1176,small,1.156,True,da=+2.08km[small]
STARLINK-34405,mid-inc,mixed,2026-05-02 10:07:42+00:00,2026-05-02 18:03:42+00:00,7.93,6939.938,561.8,0.002046,69.9954,178.5234,266.3298,2.1119,-0.000266,0.00241,-0.8274,-0.838,0.0106,-17.505,small,1.153,True,da=+2.11km[small]
STARLINK-34830,53deg,mixed,2026-05-05 22:50:42+00:00,2026-05-06 02:04:42+00:00,3.23,6859.912,481.77,0.001314,53.0954,325.9647,0.782,-2.0738,0.000173,-0.00942,-0.6088,-0.6251,0.0164,22.5634,small,1.152,True,da=-2.07km[small]
STARLINK-11246,53deg,phasing,2026-05-02 10:53:42+00:00,2026-05-02 19:05:42+00:00,8.2,6741.41,363.27,0.00062,53.3071,75.7194,210.799,2.0198,0.000307,0.00674,-1.7169,-1.6747,-0.0422,131.5612,small,1.152,True,da=+2.02km[small]
STARLINK-35402,53deg,mixed,2026-05-05 02:06:42+00:00,2026-05-05 10:02:42+00:00,7.93,6859.684,481.55,0.001196,53.1338,342.8983,183.3988,-2.0715,-0.000547,-0.00804,-1.5189,-1.5326,0.0137,21.9146,small,1.151,True,da=-2.07km[small]
STARLINK-35299,53deg,phasing,2026-05-03 02:04:42+00:00,2026-05-03 09:59:42+00:00,7.92,6857.531,479.39,0.00146,53.1501,352.4944,154.9922,2.0696,-0.000101,0.00417,-1.5186,-1.5287,0.0101,18.1564,small,1.15,True,da=+2.07km[small]
STARLINK-31730,53deg,mixed,2026-05-06 02:36:42+00:00,2026-05-06 10:31:42+00:00,7.92,6859.258,481.12,0.000606,43.0308,19.4133,285.6291,2.0669,-0.000287,0.00382,-1.873,-1.8616,-0.0113,16.0854,small,1.149,True,da=+2.07km[small]
STARLINK-35462,53deg,mixed,2026-05-05 18:04:42+00:00,2026-05-05 22:54:42+00:00,4.83,6847.655,469.52,0.000382,53.2073,28.6193,84.2606,2.0611,0.000432,0.0086,-0.9569,-0.9367,-0.0202,30.0491,small,1.148,True,da=+2.06km[small]
STARLINK-30898,53deg,mixed,2026-05-03 10:57:42+00:00,2026-05-03 18:49:42+00:00,7.87,6845.269,467.13,0.001509,53.3123,106.3662,24.0032,-2.0586,-8.4e-05,-0.00278,-1.5236,-1.5245,0.0008,11.5841,small,1.147,True,da=-2.06km[small]
STARLINK-31741,53deg,mixed,2026-05-05 02:47:42+00:00,2026-05-05 10:52:42+00:00,8.08,6864.584,486.45,0.001183,43.0689,24.3282,144.9719,2.0589,-0.000407,0.00527,-1.8548,-1.8945,0.0397,54.3411,small,1.143,True,da=+2.06km[small]
STARLINK-11251,53deg,phasing,2026-05-03 19:06:42+00:00,2026-05-04 11:01:42+00:00,15.92,6744.273,366.14,0.001158,53.3129,69.2111,185.208,-2.0016,-0.00046,-0.01077,-3.2867,-3.2495,-0.0372,149.6093,small,1.141,True,da=-2.00km[small]
STARLINK-34688,53deg,mixed,2026-05-02 10:12:42+00:00,2026-05-02 18:05:42+00:00,7.88,6854.023,475.89,0.001285,53.2627,44.6761,136.6698,2.0469,0.000107,0.00337,-1.5231,-1.521,-0.0021,10.483,small,1.139,True,da=+2.05km[small]
STARLINK-35321,53deg,mixed,2026-05-03 02:03:42+00:00,2026-05-03 09:59:42+00:00,7.93,6847.476,469.34,0.000361,53.1184,352.6268,92.8997,2.0435,0.000479,0.00427,-1.5502,-1.5409,-0.0093,22.0077,small,1.138,True,da=+2.04km[small]
STARLINK-6030,53deg,mixed,2026-05-02 10:55:42+00:00,2026-05-02 19:01:42+00:00,8.1,6859.867,481.73,0.000528,42.8991,217.7758,248.715,2.044,-0.00025,0.01014,-1.953,-1.9081,-0.0448,58.1486,small,1.136,True,da=+2.04km[small]
STARLINK-30235,53deg,mixed,2026-05-03 10:52:42+00:00,2026-05-03 18:48:42+00:00,7.93,6865.324,487.19,0.000475,42.8633,273.5429,329.2864,2.045,0.000489,0.0109,-1.8512,-1.8648,0.0136,19.9274,small,1.135,True,da=+2.05km[small]
STARLINK-31042,53deg,mixed,2026-05-05 18:44:42+00:00,2026-05-05 21:58:42+00:00,3.23,6861.405,483.27,0.000918,42.8508,256.9644,55.6223,-2.0413,-0.000365,-0.01239,-0.7774,-0.7626,-0.0147,21.8002,small,1.134,True,da=-2.04km[small]
STARLINK-32660,53deg,mixed,2026-05-05 02:35:42+00:00,2026-05-05 10:34:42+00:00,7.98,6867.644,489.51,0.001094,42.8887,297.633,356.2763,-2.0388,0.000108,-0.01033,-1.8585,-1.8758,0.0173,31.4211,small,1.131,True,da=-2.04km[small]
STARLINK-11251,53deg,phasing,2026-05-06 03:03:42+00:00,2026-05-06 11:06:42+00:00,8.05,6738.025,359.89,0.001229,53.2803,57.7587,46.3481,1.9816,0.000179,0.00266,-1.6985,-1.6481,-0.0504,96.6207,small,1.131,True,da=+1.98km[small]
STARLINK-31906,53deg,mixed,2026-05-03 02:36:42+00:00,2026-05-03 10:41:42+00:00,8.08,6866.661,488.52,0.001268,42.9354,326.9273,161.3688,-2.0346,-0.000897,-0.01071,-1.8603,-1.8988,0.0385,54.3167,small,1.129,True,da=-2.03km[small]
STARLINK-30906,53deg,mixed,2026-05-05 10:54:42+00:00,2026-05-05 18:49:42+00:00,7.92,6859.935,481.8,0.000553,43.1325,95.33,292.001,2.0294,-0.000324,0.01378,-1.8675,-1.8578,-0.0097,16.1361,small,1.128,True,da=+2.03km[small]
STARLINK-35270,53deg,mixed,2026-05-02 09:54:42+00:00,2026-05-02 18:08:42+00:00,8.23,6841.502,463.37,0.000717,53.2877,121.1954,316.9362,-2.0229,0.000368,-0.00433,-1.5524,-1.5996,0.0471,96.018,small,1.128,True,da=-2.02km[small]
STARLINK-30313,53deg,mixed,2026-05-03 02:57:42+00:00,2026-05-03 10:50:42+00:00,7.88,6851.787,473.65,0.001016,53.0437,313.9057,233.626,-2.023,0.000281,-0.00838,-1.5316,-1.5323,0.0007,10.463,small,1.126,True,da=-2.02km[small]
STARLINK-31903,53deg,mixed,2026-05-06 02:34:42+00:00,2026-05-06 10:30:42+00:00,7.93,6867.427,489.29,0.000974,42.8967,302.8554,190.5515,-2.0279,-0.000453,-0.01162,-1.8574,-1.864,0.0066,19.9095,small,1.125,True,da=-2.03km[small]
STARLINK-31501,53deg,mixed,2026-05-05 10:43:42+00:00,2026-05-05 18:40:42+00:00,7.95,6860.739,482.6,0.00038,42.8616,299.3291,241.1979,-2.0236,0.000309,-0.00917,-1.8929,-1.8753,-0.0176,23.7798,small,1.124,True,da=-2.02km[small]
STARLINK-32182,53deg,mixed,2026-05-05 02:33:42+00:00,2026-05-05 10:38:42+00:00,8.08,6857.898,479.76,0.001483,53.2575,34.7499,157.6846,-2.0198,-0.000875,-0.0099,-1.5226,-1.5585,0.0359,56.3789,small,1.123,True,da=-2.02km[small]
STARLINK-37065,53deg,mixed,2026-05-04 09:38:42+00:00,2026-05-04 21:05:42+00:00,11.45,6837.382,459.25,0.001294,53.0009,279.8307,296.4225,2.0099,-0.000187,0.00718,-2.1902,-2.2415,0.0513,116.7695,small,1.122,True,da=+2.01km[small]
STARLINK-32190,53deg,mixed,2026-05-02 18:38:42+00:00,2026-05-03 02:32:42+00:00,7.9,6857.404,479.27,0.000657,53.2739,45.4344,334.0088,2.0158,0.000365,0.0058,-1.5157,-1.5211,0.0054,14.276,small,1.121,True,da=+2.02km[small]
STARLINK-32886,53deg,mixed,2026-05-05 02:26:42+00:00,2026-05-05 10:19:42+00:00,7.88,6848.807,470.67,0.000665,53.2521,47.1948,110.6753,2.005,0.000319,0.00116,-1.5283,-1.5255,-0.0028,10.5245,small,1.117,True,da=+2.01km[small]
STARLINK-31157,53deg,mixed,2026-05-03 02:44:42+00:00,2026-05-03 10:39:42+00:00,7.92,6861.885,483.75,0.000246,42.8526,271.8371,232.7053,-2.004,0.000288,-0.0117,-1.8802,-1.8667,-0.0135,16.1327,small,1.113,True,da=-2.00km[small]
STARLINK-37156,53deg,mixed,2026-05-06 01:38:42+00:00,2026-05-06 09:43:42+00:00,8.08,6851.365,473.23,0.001017,53.2706,53.2677,56.02,-2.0002,-0.000261,-0.01119,-1.5999,-1.5633,-0.0366,56.4716,small,1.113,True,da=-2.00km[small]
STARLINK-36792,SSO,phasing,2026-05-04 21:02:42+00:00,2026-05-05 01:42:42+00:00,4.67,6847.174,469.04,0.001589,97.1728,312.8598,156.4392,-1.9985,-5.3e-05,-0.00116,0.1914,0.1888,0.0026,-7.3286,small,1.113,True,da=-2.00km[small]
STARLINK-30921,53deg,mixed,2026-05-05 22:04:42+00:00,2026-05-06 02:50:42+00:00,4.77,6835.257,457.12,0.000383,53.2853,94.6997,97.4245,1.9843,0.000431,0.0104,-0.9392,-0.928,-0.0112,17.7254,small,1.108,True,da=+1.98km[small]
STARLINK-30921,53deg,mixed,2026-05-05 10:48:42+00:00,2026-05-05 18:40:42+00:00,7.87,6845.415,467.28,0.001496,53.3179,96.9162,22.7419,-1.986,-8.1e-05,-0.00308,-1.5233,-1.5242,0.0009,11.5905,small,1.107,True,da=-1.99km[small]
STARLINK-32015,53deg,mixed,2026-05-05 10:38:42+00:00,2026-05-05 18:44:42+00:00,8.1,6849.607,471.47,0.001367,53.2563,132.7769,245.4576,1.9871,-0.000324,0.00918,-1.6054,-1.5664,-0.039,60.1184,small,1.107,True,da=+1.99km[small]
STARLINK-32675,53deg,phasing,2026-05-03 02:33:42+00:00,2026-05-03 10:28:42+00:00,7.92,6866.485,488.35,0.001287,42.925,323.1665,20.3709,-1.9938,-9.8e-05,-0.00951,-1.8592,-1.8601,0.0009,16.1176,small,1.106,True,da=-1.99km[small]
STARLINK-31148,53deg,mixed,2026-05-04 10:43:42+00:00,2026-05-04 19:55:42+00:00,9.2,6866.811,488.67,0.00126,42.8729,264.2695,16.7735,-1.9901,-0.000783,-0.00522,-2.2068,-2.163,-0.0438,-49.3918,small,1.104,True,da=-1.99km[small]
STARLINK-30882,53deg,phasing,2026-05-05 02:54:42+00:00,2026-05-05 10:46:42+00:00,7.87,6843.861,465.72,0.00059,53.3165,98.4781,328.6099,1.9774,0.000234,0.00349,-1.5201,-1.5238,0.0036,11.6067,small,1.102,True,da=+1.98km[small]
STARLINK-11237,53deg,mixed,2026-05-06 02:57:42+00:00,2026-05-06 11:01:42+00:00,8.07,6738.128,359.99,0.001246,53.2804,57.501,133.8801,-1.9299,-0.00017,-0.00925,-1.6049,-1.6533,0.0484,100.3071,small,1.101,True,da=-1.93km[small]
STARLINK-31750,53deg,mixed,2026-05-05 18:39:42+00:00,2026-05-05 22:15:42+00:00,3.6,6863.291,485.15,0.001083,43.0539,20.9842,43.2532,1.9816,0.000149,0.00871,-0.898,-0.8445,-0.0535,106.0114,small,1.1,True,da=+1.98km[small]
STARLINK-31700,53deg,mixed,2026-05-02 18:30:42+00:00,2026-05-03 02:47:42+00:00,8.28,6851.304,473.17,0.00109,53.2228,30.0229,304.0077,1.9755,0.000139,0.00459,-1.5522,-1.6019,0.0497,102.2973,small,1.1,True,da=+1.98km[small]
STARLINK-32784,53deg,lowering,2026-05-03 18:24:42+00:00,2026-05-04 10:32:42+00:00,16.13,6826.73,448.59,0.001389,42.9206,321.3411,195.497,-1.9642,0.00034,-0.01446,-3.9237,-3.8689,-0.0548,134.3602,small,1.099,True,da=-1.96km[small]
STARLINK-32742,53deg,mixed,2026-05-06 02:20:42+00:00,2026-05-06 10:36:42+00:00,8.27,6863.756,485.62,0.001109,42.8929,313.168,138.0343,-1.9802,-0.000862,-0.0102,-1.8939,-1.9461,0.0521,96.3463,small,1.099,True,da=-1.98km[small]
STARLINK-5367,53deg,phasing,2026-05-04 19:27:42+00:00,2026-05-05 03:24:42+00:00,7.95,6867.527,489.39,0.001182,43.0762,22.9609,5.4034,-1.9818,8.5e-05,-0.01333,-1.8431,-1.8624,0.0193,23.7626,small,1.099,True,da=-1.98km[small]
STARLINK-37471,SSO,phasing,2026-05-03 17:42:42+00:00,2026-05-04 09:34:42+00:00,15.87,6712.659,334.52,0.001442,97.2074,328.9699,135.4542,-1.9142,0.001518,0.00728,0.6901,0.6918,-0.0017,148.6272,small,1.099,True,da=-1.91km[small] | de=+0.00152
STARLINK-34030,mid-inc,phasing,2026-05-03 02:24:42+00:00,2026-05-03 10:19:42+00:00,7.92,6956.536,578.4,0.000904,69.9532,337.128,180.4995,-2.0201,0.000186,-0.00219,-0.8395,-0.8319,-0.0076,-21.2448,small,1.099,True,da=-2.02km[small]
STARLINK-30851,53deg,phasing,2026-05-05 18:48:42+00:00,2026-05-05 22:02:42+00:00,3.23,6867.031,488.89,0.001272,42.9026,231.1322,11.4748,-1.9759,-7.7e-05,-0.00866,-0.7483,-0.7598,0.0114,21.725,small,1.096,True,da=-1.98km[small]
STARLINK-34574,mid-inc,phasing,2026-05-04 20:48:42+00:00,2026-05-05 02:12:42+00:00,5.4,6954.835,576.7,0.001016,70.0321,172.4835,18.963,-2.0139,-5.3e-05,-0.00399,-0.5865,-0.5658,-0.0206,133.4308,small,1.096,True,da=-2.01km[small]
STARLINK-31631,53deg,mixed,2026-05-02 18:34:42+00:00,2026-05-03 02:41:42+00:00,8.12,6864.175,486.04,0.001142,43.1564,84.9818,142.114,1.9731,-0.000431,0.00673,-1.8567,-1.9,0.0433,61.9717,small,1.095,True,da=+1.97km[small]
STARLINK-31750,53deg,mixed,2026-05-03 02:46:42+00:00,2026-05-03 10:41:42+00:00,7.92,6865.088,486.95,0.00119,43.0984,35.9467,148.2146,1.9646,3.7e-05,0.00379,-1.8492,-1.8541,0.005,16.1117,small,1.09,True,da=+1.96km[small]
STARLINK-31773,53deg,phasing,2026-05-03 18:42:42+00:00,2026-05-04 10:44:42+00:00,16.03,6853.542,475.41,0.001229,53.2221,27.4118,133.8479,1.9567,-0.000646,0.00334,-3.0495,-3.0971,0.0477,82.14,small,1.089,True,da=+1.96km[small]
STARLINK-32671,53deg,mixed,2026-05-02 10:20:42+00:00,2026-05-02 18:16:42+00:00,7.93,6860.708,482.57,0.000775,42.9129,327.4607,62.1751,-1.9545,-0.000304,-0.0129,-1.8898,-1.8699,-0.0199,19.9916,small,1.086,True,da=-1.95km[small]
STARLINK-32192,53deg,mixed,2026-05-02 18:39:42+00:00,2026-05-03 02:32:42+00:00,7.88,6850.12,471.98,0.000853,53.2492,45.161,117.5808,1.9451,0.000244,0.00677,-1.5257,-1.5245,-0.0013,10.4791,small,1.083,True,da=+1.95km[small]
STARLINK-34548,mid-inc,mixed,2026-05-05 02:07:42+00:00,2026-05-05 10:04:42+00:00,7.95,6942.094,563.96,0.001768,70.0115,171.7359,292.0391,-1.9837,0.000246,0.00239,-0.8291,-0.8391,0.01,-13.7296,small,1.083,True,da=-1.98km[small]
STARLINK-31593,53deg,phasing,2026-05-02 10:34:42+00:00,2026-05-02 18:30:42+00:00,7.93,6865.497,487.36,0.001169,42.91,315.6675,151.322,1.9511,6.2e-05,0.0041,-1.8558,-1.8633,0.0076,19.9502,small,1.083,True,da=+1.95km[small]
STARLINK-35445,53deg,mixed,2026-05-02 17:56:42+00:00,2026-05-03 02:02:42+00:00,8.1,6851.521,473.38,0.001053,53.2511,42.9844,234.7589,-1.9456,0.000291,-0.00642,-1.6061,-1.567,-0.0391,60.1439,small,1.083,True,da=-1.95km[small]
STARLINK-37036,53deg,mixed,2026-05-05 01:42:42+00:00,2026-05-05 09:42:42+00:00,8.0,6799.232,421.09,0.000534,53.0187,275.394,324.5555,1.9178,0.000905,0.00412,-1.5571,-1.5965,0.0394,60.2144,small,1.08,True,da=+1.92km[small]
STARLINK-34559,mid-inc,phasing,2026-05-02 10:07:42+00:00,2026-05-02 18:03:42+00:00,7.93,6939.843,561.71,0.002022,69.9953,178.5197,267.1797,1.976,-0.000243,0.0022,-0.8273,-0.8381,0.0108,-17.4819,small,1.079,True,da=+1.98km[small]
STARLINK-31852,53deg,mixed,2026-05-03 18:34:42+00:00,2026-05-04 10:31:42+00:00,15.95,6859.968,481.83,0.000491,42.8858,315.3398,247.9618,1.941,-0.000275,0.0019,-3.8097,-3.7584,-0.0514,58.9716,small,1.078,True,da=+1.94km[small]
STARLINK-35367,53deg,mixed,2026-05-05 10:08:42+00:00,2026-05-05 18:01:42+00:00,7.88,6835.365,457.23,0.000448,53.2826,107.0261,101.2019,1.9306,0.000387,0.00988,-1.5408,-1.5348,-0.0061,15.4581,small,1.078,True,da=+1.93km[small]
STARLINK-36354,SSO,mixed,2026-05-02 09:44:42+00:00,2026-05-02 17:50:42+00:00,8.1,6837.112,458.97,0.002097,97.1712,310.4303,235.3576,-1.922,0.000366,0.0033,0.3434,0.3294,0.014,61.7993,small,1.073,True,da=-1.92km[small]
STARLINK-5522,mid-inc,phasing,2026-05-03 03:09:42+00:00,2026-05-03 11:04:42+00:00,7.92,6956.508,578.37,0.000894,69.9296,326.8437,180.9765,-1.9717,0.000211,-0.00359,-0.8397,-0.8329,-0.0068,-21.2387,small,1.073,True,da=-1.97km[small]
STARLINK-34490,53deg,mixed,2026-05-04 19:57:42+00:00,2026-05-05 02:05:42+00:00,6.13,6847.682,469.54,0.000365,53.0522,215.4254,97.0442,1.9247,0.000407,0.01173,-1.1628,-1.1929,0.0301,-31.4968,small,1.072,True,da=+1.92km[small]
STARLINK-35035,53deg,mixed,2026-05-02 18:11:42+00:00,2026-05-03 02:04:42+00:00,7.88,6849.336,471.2,0.001399,53.0942,341.0028,292.9042,1.9222,-0.000298,0.00119,-1.5287,-1.5307,0.002,10.4645,small,1.07,True,da=+1.92km[small]
STARLINK-6076,53deg,mixed,2026-05-02 19:03:42+00:00,2026-05-03 03:09:42+00:00,8.1,6871.509,493.37,0.000786,42.9319,214.9379,339.7693,-1.9315,0.000334,-0.00124,-1.8587,-1.8979,0.0392,56.1473,small,1.07,True,da=-1.93km[small]
STARLINK-35298,53deg,mixed,2026-05-02 18:04:42+00:00,2026-05-03 02:07:42+00:00,8.05,6850.627,472.49,0.001211,53.1046,196.8316,240.2122,-1.9207,0.000252,4e-05,-1.5936,-1.5632,-0.0304,48.6569,small,1.069,True,da=-1.92km[small]
STARLINK-11444,53deg,phasing,2026-05-03 19:01:42+00:00,2026-05-04 10:57:42+00:00,15.93,6741.061,362.92,0.001083,42.9815,195.3301,352.7265,-1.8717,0.00021,0.00369,-4.0236,-3.989,-0.0345,158.9895,small,1.068,True,da=-1.87km[small]
STARLINK-6066,53deg,mixed,2026-05-03 03:14:42+00:00,2026-05-03 11:10:42+00:00,7.93,6861.441,483.3,0.000467,42.9061,213.7512,101.0575,1.9224,0.000288,0.01158,-1.8838,-1.8672,-0.0166,18.9759,small,1.068,True,da=+1.92km[small]
STARLINK-31895,53deg,mixed,2026-05-03 02:29:42+00:00,2026-05-03 10:35:42+00:00,8.1,6861.803,483.67,0.000298,42.9112,326.7636,233.6002,-1.9224,0.000225,-0.00924,-1.959,-1.9081,-0.0508,58.1392,small,1.068,True,da=-1.92km[small]
STARLINK-30236,53deg,phasing,2026-05-03 10:58:42+00:00,2026-05-03 18:54:42+00:00,7.93,6865.459,487.32,0.000521,42.8652,273.5607,330.8758,1.9204,0.000478,0.0103,-1.8504,-1.8646,0.0142,19.9607,small,1.066,True,da=+1.92km[small]
STARLINK-37442,SSO,mixed,2026-05-05 23:16:42+00:00,2026-05-06 01:35:42+00:00,2.32,6714.44,336.3,0.002373,97.2152,331.3234,239.7939,-1.8561,-0.001441,-0.00128,0.1005,0.101,-0.0005,-173.1411,small,1.065,True,da=-1.86km[small] | de=-0.00144
STARLINK-31889,53deg,mixed,2026-05-03 10:44:42+00:00,2026-05-03 18:40:42+00:00,7.93,6858.915,480.78,0.000485,42.9001,325.3207,99.7913,1.9114,0.000301,0.00424,-1.8875,-1.8699,-0.0176,19.9833,small,1.062,True,da=+1.91km[small]
STARLINK-34493,53deg,phasing,2026-05-03 02:19:42+00:00,2026-05-03 10:12:42+00:00,7.88,6851.035,472.9,0.000984,53.052,223.9167,57.7832,-1.9062,-0.000249,-0.00398,-1.5377,-1.5325,-0.0053,10.4869,small,1.061,True,da=-1.91km[small]
STARLINK-31718,53deg,raising,2026-05-05 02:51:42+00:00,2026-05-05 10:45:42+00:00,7.9,6860.967,482.83,0.00038,43.0526,24.8351,300.8613,1.9098,-0.000149,0.00408,-1.8612,-1.8555,-0.0057,12.2901,small,1.061,True,da=+1.91km[small]
STARLINK-34030,mid-inc,phasing,2026-05-03 10:19:42+00:00,2026-05-03 18:26:42+00:00,8.12,6954.515,576.38,0.001091,69.951,336.2885,159.2548,1.9476,-0.000222,0.0012,-0.8447,-0.853,0.0083,23.6945,small,1.06,True,da=+1.95km[small]
STARLINK-30835,53deg,mixed,2026-05-05 10:49:42+00:00,2026-05-05 18:45:42+00:00,7.93,6860.687,482.55,0.000401,42.8734,233.2621,241.0269,-1.9057,0.000313,-0.00658,-1.8814,-1.871,-0.0104,19.9869,small,1.059,True,da=-1.91km[small]
STARLINK-34860,53deg,mixed,2026-05-02 09:58:42+00:00,2026-05-02 18:05:42+00:00,8.12,6851.911,473.77,0.001012,53.0055,278.3839,233.1879,-1.9033,0.00028,-0.00339,-1.6156,-1.5788,-0.0368,63.948,small,1.059,True,da=-1.90km[small]
STARLINK-34008,mid-inc,phasing,2026-05-03 18:26:42+00:00,2026-05-04 10:17:42+00:00,15.85,6942.619,564.48,0.001836,69.9305,335.3009,294.498,-1.9383,0.000264,-0.00699,-1.6483,-1.6793,0.031,-38.6675,small,1.058,True,da=-1.94km[small]
STARLINK-34572,mid-inc,mixed,2026-05-05 02:05:42+00:00,2026-05-05 10:02:42+00:00,7.95,6956.23,578.09,0.000939,70.0328,171.8688,172.1712,-1.942,5.4e-05,0.00228,-0.8396,-0.8323,-0.0073,-13.7848,small,1.057,True,da=-1.94km[small]
STARLINK-31319,53deg,mixed,2026-05-05 02:52:42+00:00,2026-05-05 10:47:42+00:00,7.92,6866.475,488.34,0.001239,43.16,72.0009,19.6735,-1.9036,-5.5e-05,-0.01285,-1.847,-1.853,0.006,16.1618,small,1.056,True,da=-1.90km[small]
STARLINK-35402,53deg,mixed,2026-05-03 02:00:42+00:00,2026-05-03 09:53:42+00:00,7.88,6849.957,471.82,0.001272,53.1286,352.1896,296.5764,1.8886,-0.000322,0.00316,-1.5292,-1.529,-0.0002,10.4789,small,1.052,True,da=+1.89km[small]
STARLINK-31559,53deg,mixed,2026-05-05 02:52:42+00:00,2026-05-05 10:46:42+00:00,7.9,6864.513,486.38,0.001178,42.8792,300.8081,35.9237,-1.8953,-0.000188,-0.01102,-1.8657,-1.8594,-0.0063,12.3204,small,1.052,True,da=-1.90km[small]
STARLINK-35236,53deg,mixed,2026-05-03 18:08:42+00:00,2026-05-04 09:58:42+00:00,15.83,6849.766,471.63,0.000819,53.0771,207.7871,64.4858,-1.8872,-0.000399,0.00387,-3.0975,-3.0778,-0.0197,36.318,small,1.051,True,da=-1.89km[small]
STARLINK-31416,53deg,mixed,2026-05-02 10:35:42+00:00,2026-05-02 18:31:42+00:00,7.93,6865.663,487.53,0.000567,42.911,316.0988,331.1518,1.8929,0.000407,0.00554,-1.8551,-1.8631,0.008,19.8998,small,1.05,True,da=+1.89km[small]
STARLINK-34474,53deg,mixed,2026-05-05 22:46:42+00:00,2026-05-06 02:11:42+00:00,3.42,6857.301,479.16,0.000665,53.0972,210.5422,332.7239,-1.8868,0.000712,-0.00331,-0.6182,-0.6613,0.0432,64.6521,small,1.049,True,da=-1.89km[small]
STARLINK-32045,53deg,mixed,2026-05-03 10:35:42+00:00,2026-05-03 18:41:42+00:00,8.1,6857.544,479.41,0.001472,53.2609,142.4537,155.3067,-1.8867,-0.000892,-0.00196,-1.5238,-1.5617,0.0378,60.188,small,1.049,True,da=-1.89km[small]
STARLINK-37446,SSO,phasing,2026-05-03 17:45:42+00:00,2026-05-04 09:34:42+00:00,15.82,6719.36,341.22,0.001453,97.2024,328.9798,175.1637,-1.826,0.000245,0.00769,0.6961,0.6867,0.0094,138.7468,small,1.047,True,da=-1.83km[small]
STARLINK-36739,SSO,mixed,2026-05-03 01:51:42+00:00,2026-05-03 09:44:42+00:00,7.88,6833.394,455.26,0.000834,97.1745,311.1316,69.8141,-1.8721,-0.000187,0.00325,0.3251,0.3213,0.0037,12.1467,small,1.046,True,da=-1.87km[small]
STARLINK-11205,53deg,mixed,2026-05-05 19:07:42+00:00,2026-05-05 21:48:42+00:00,2.68,6739.452,361.31,0.000647,53.0566,224.5785,219.84,-1.832,0.000547,-0.0034,-0.6009,-0.5524,-0.0485,-87.8519,small,1.045,True,da=-1.83km[small]
STARLINK-34079,mid-inc,mixed,2026-05-05 22:35:42+00:00,2026-05-06 02:22:42+00:00,3.78,6941.841,563.7,0.001897,69.915,329.649,290.3237,1.9154,-0.001118,0.00085,-0.3797,-0.4008,0.0211,130.0506,small,1.045,True,da=+1.92km[small] | de=-0.00112
STARLINK-36795,SSO,mixed,2026-05-03 01:52:42+00:00,2026-05-03 09:47:42+00:00,7.92,6850.031,471.89,0.001267,97.1649,311.1011,358.5457,-1.875,0.000311,0.00472,0.3228,0.3196,0.0032,19.7964,small,1.044,True,da=-1.88km[small]
STARLINK-31413,53deg,mixed,2026-05-03 02:48:42+00:00,2026-05-03 10:42:42+00:00,7.9,6865.166,487.03,0.000453,42.8982,312.0434,211.6755,-1.8644,-0.000268,-0.01012,-1.8612,-1.8582,-0.0031,12.2996,small,1.035,True,da=-1.86km[small]
STARLINK-31176,53deg,lowering,2026-05-05 02:48:42+00:00,2026-05-05 10:53:42+00:00,8.08,6864.681,486.54,0.000404,42.8634,260.771,325.0045,1.8648,0.000831,0.00775,-1.8662,-1.9008,0.0345,54.3433,small,1.035,True,da=+1.86km[small]
STARLINK-5541,mid-inc,mixed,2026-05-05 11:19:42+00:00,2026-05-05 19:15:42+00:00,7.93,6954.597,576.46,0.001076,69.9615,341.0318,19.3637,1.8998,-0.000148,0.0019,-0.8429,-0.8333,-0.0097,-17.5023,small,1.034,True,da=+1.90km[small]
STARLINK-34848,SSO,mixed,2026-05-06 02:07:42+00:00,2026-05-06 10:09:42+00:00,8.03,6933.831,555.69,0.001196,97.5155,357.6947,186.4073,-1.89,-0.000244,0.00276,0.3237,0.3259,-0.0021,13.154,small,1.033,True,da=-1.89km[small]
STARLINK-31922,53deg,mixed,2026-05-03 02:33:42+00:00,2026-05-03 10:37:42+00:00,8.07,6864.931,486.79,0.000427,42.9246,326.5012,326.6524,1.8592,0.00081,0.00822,-1.8593,-1.8947,0.0354,50.4992,small,1.032,True,da=+1.86km[small]
STARLINK-32015,53deg,mixed,2026-05-03 02:35:42+00:00,2026-05-03 10:42:42+00:00,8.12,6857.227,479.09,0.000648,53.2576,143.5696,333.0374,-1.854,0.000766,-0.00155,-1.5234,-1.5653,0.0419,64.0523,small,1.031,True,da=-1.85km[small]
STARLINK-35036,53deg,mixed,2026-05-03 10:15:42+00:00,2026-05-03 18:10:42+00:00,7.92,6859.668,481.53,0.001374,53.1211,337.9489,5.2179,-1.8536,0.000107,-0.01016,-1.5249,-1.5298,0.0049,18.1234,small,1.03,True,da=-1.85km[small]
STARLINK-37133,53deg,mixed,2026-05-02 09:40:42+00:00,2026-05-02 17:35:42+00:00,7.92,6849.47,471.33,0.000765,53.2839,70.1523,66.2755,-1.8496,-0.00043,-0.00495,-1.5414,-1.5319,-0.0095,18.153,small,1.03,True,da=-1.85km[small]
STARLINK-31772,53deg,mixed,2026-05-05 02:49:42+00:00,2026-05-05 10:30:42+00:00,7.68,6849.661,471.52,0.001337,53.194,19.1044,294.995,-1.8435,0.00031,-0.0093,-1.4583,-1.4898,0.0315,-35.3979,small,1.027,True,da=-1.84km[small]
STARLINK-34474,53deg,mixed,2026-05-03 02:23:42+00:00,2026-05-03 10:16:42+00:00,7.88,6848.512,470.37,0.000631,53.0456,223.7984,108.1046,1.8363,0.000259,0.0065,-1.5387,-1.533,-0.0057,10.4837,small,1.023,True,da=+1.84km[small]
STARLINK-32778,53deg,mixed,2026-05-04 10:29:42+00:00,2026-05-04 20:25:42+00:00,9.93,6864.294,486.16,0.001154,42.919,323.3918,37.6583,1.8414,0.000115,0.00324,-2.3912,-2.3343,-0.057,118.9183,small,1.022,True,da=+1.84km[small]
STARLINK-32769,53deg,lowering,2026-05-05 18:27:42+00:00,2026-05-05 22:26:42+00:00,3.98,6861.934,483.8,0.000957,42.8938,315.2668,51.6056,-1.8383,-0.000453,-0.0105,-0.9433,-0.9385,-0.0047,-166.1045,small,1.021,True,da=-1.84km[small]
STARLINK-32747,53deg,mixed,2026-05-05 02:39:42+00:00,2026-05-05 10:33:42+00:00,7.9,6865.433,487.3,0.000509,42.9145,319.4265,210.2594,-1.84,-0.000285,-0.00967,-1.8597,-1.8574,-0.0022,12.2716,small,1.021,True,da=-1.84km[small]
STARLINK-34438,53deg,mixed,2026-05-03 02:20:42+00:00,2026-05-03 10:13:42+00:00,7.88,6856.517,478.38,0.000597,53.266,41.3863,328.8767,1.8275,0.00021,0.00168,-1.5176,-1.519,0.0014,10.4519,small,1.016,True,da=+1.83km[small]
STARLINK-34008,mid-inc,phasing,2026-05-06 02:22:42+00:00,2026-05-06 10:19:42+00:00,7.95,6940.14,562.0,0.00219,69.9102,329.4347,261.9826,1.8588,-0.000276,0.00363,-0.8283,-0.8432,0.0149,-13.7304,small,1.015,True,da=+1.86km[small]
STARLINK-32671,53deg,mixed,2026-05-05 02:40:42+00:00,2026-05-05 10:40:42+00:00,8.0,6860.748,482.61,0.000779,42.8814,312.2968,60.5373,-1.8263,-0.000295,-0.01061,-1.9197,-1.8865,-0.0332,35.3148,small,1.014,True,da=-1.83km[small]
STARLINK-34447,mid-inc,phasing,2026-05-05 22:49:42+00:00,2026-05-06 02:03:42+00:00,3.23,6945.794,567.66,0.000799,70.026,169.6733,127.1644,1.8546,-2e-06,0.0005,-0.3414,-0.3401,-0.0013,6.4845,small,1.011,True,da=+1.85km[small]
STARLINK-35131,53deg,phasing,2026-05-06 02:08:42+00:00,2026-05-06 10:02:42+00:00,7.9,6859.251,481.11,0.001013,53.1215,338.4722,192.2766,-1.8198,-0.000386,-0.0064,-1.5189,-1.5268,0.0079,14.2483,small,1.011,True,da=-1.82km[small]
STARLINK-11207,53deg,mixed,2026-05-06 03:05:42+00:00,2026-05-06 11:07:42+00:00,8.03,6738.866,360.73,0.001307,53.2832,57.5311,137.5954,-1.7718,-0.000368,-0.00903,-1.5973,-1.6457,0.0483,92.4695,small,1.011,True,da=-1.77km[small]
STARLINK-30851,53deg,phasing,2026-05-05 02:56:42+00:00,2026-05-05 10:52:42+00:00,7.93,6865.514,487.38,0.000604,42.8928,234.836,331.5008,1.8202,0.000403,0.00922,-1.8597,-1.8638,0.0042,19.9733,small,1.01,True,da=+1.82km[small]
STARLINK-35236,53deg,mixed,2026-05-05 18:18:42+00:00,2026-05-05 22:58:42+00:00,4.67,6856.085,477.95,0.000613,53.1171,198.4171,326.3006,-1.8144,8.4e-05,9e-05,-0.9047,-0.9034,-0.0013,-8.2758,small,1.009,True,da=-1.81km[small]
STARLINK-31416,53deg,mixed,2026-05-04 20:13:42+00:00,2026-05-05 02:52:42+00:00,6.65,6861.931,483.79,0.000227,42.8726,302.5616,232.6443,1.8164,3.1e-05,0.00391,-1.6257,-1.5658,-0.0599,85.4923,small,1.009,True,da=+1.82km[small]
STARLINK-34515,mid-inc,mixed,2026-05-02 18:06:42+00:00,2026-05-03 02:22:42+00:00,8.27,6951.701,573.56,0.000369,70.0126,177.5655,327.4821,1.8504,0.0006,0.00466,-0.8443,-0.8674,0.023,57.4,small,1.008,True,da=+1.85km[small]
STARLINK-34492,53deg,mixed,2026-05-03 18:10:42+00:00,2026-05-04 10:22:42+00:00,16.2,6849.652,471.52,0.000838,53.0514,220.7679,115.4608,1.8061,0.000229,0.01352,-3.1005,-3.1478,0.0473,120.4386,small,1.006,True,da=+1.81km[small]
STARLINK-35196,53deg,mixed,2026-05-02 18:06:42+00:00,2026-05-03 02:01:42+00:00,7.92,6849.277,471.14,0.000757,53.0645,212.2026,67.21,-1.8043,-0.000441,0.00112,-1.5456,-1.5397,-0.0059,18.179,small,1.005,True,da=-1.80km[small]
STARLINK-31164,53deg,mixed,2026-05-03 02:50:42+00:00,2026-05-03 10:44:42+00:00,7.9,6860.685,482.55,0.000407,42.8462,271.6622,298.0644,1.8088,-0.000219,0.00601,-1.8733,-1.862,-0.0113,12.2925,small,1.005,True,da=+1.81km[small]
STARLINK-31101,53deg,phasing,2026-05-05 02:50:42+00:00,2026-05-05 10:44:42+00:00,7.9,6865.471,487.33,0.001227,42.8687,260.6677,29.2147,-1.8071,-0.000157,-0.00943,-1.8652,-1.8588,-0.0064,12.3397,small,1.003,True,da=-1.81km[small]
STARLINK-35308,53deg,raising,2026-05-06 02:09:42+00:00,2026-05-06 10:03:42+00:00,7.9,6857.739,479.6,0.000683,53.1679,181.16,335.7707,1.8048,0.000358,0.01167,-1.52,-1.5246,0.0046,14.2678,small,1.003,True,da=+1.80km[small]
STARLINK-32783,53deg,lowering,2026-05-05 10:29:42+00:00,2026-05-05 18:26:42+00:00,7.95,6867.542,489.4,0.001173,42.9219,317.1745,2.7372,-1.8088,5.2e-05,-0.01091,-1.8546,-1.867,0.0123,23.7894,small,1.003,True,da=-1.81km[small]
STARLINK-31740,53deg,mixed,2026-05-03 10:43:42+00:00,2026-05-03 18:36:42+00:00,7.88,6849.315,471.18,0.000738,53.2152,28.9448,111.9106,1.7992,0.000242,-0.00075,-1.5337,-1.5265,-0.0072,10.453,small,1.002,True,da=+1.80km[small]
STARLINK-34546,mid-inc,mixed,2026-05-03 10:15:42+00:00,2026-05-03 18:11:42+00:00,7.93,6954.651,576.51,0.000998,70.0245,175.8899,19.5407,1.8394,-0.0001,0.00169,-0.8421,-0.8307,-0.0114,-17.4898,small,1.001,True,da=+1.84km[small]
STARLINK-35367,53deg,mixed,2026-05-04 09:59:42+00:00,2026-05-04 20:58:42+00:00,10.98,6838.016,459.88,0.001186,53.288,111.7101,299.6931,1.7935,-0.000304,0.00676,-2.1386,-2.1353,-0.0033,9.301,small,1.001,True,da=+1.79km[small]
STARLINK-34849,53deg,mixed,2026-05-03 10:12:42+00:00,2026-05-03 18:05:42+00:00,7.88,6858.503,480.37,0.001472,53.1052,209.3692,19.1959,-1.7984,-1.6e-05,-0.005,-1.5178,-1.5247,0.0069,10.4822,small,0.999,True,da=-1.80km[small]
STARLINK-31903,53deg,mixed,2026-05-02 18:37:42+00:00,2026-05-03 02:31:42+00:00,7.9,6865.472,487.34,0.000552,42.9215,321.7198,209.5128,-1.7958,-0.000314,-0.01392,-1.8555,-1.8572,0.0018,12.2867,small,0.997,True,da=-1.80km[small]
STARLINK-30881,53deg,mixed,2026-05-02 10:42:42+00:00,2026-05-02 18:50:42+00:00,8.13,6862.373,484.24,0.000983,42.951,341.4655,50.7604,-1.7875,-0.000199,-0.01407,-1.9722,-1.9142,-0.058,65.9036,small,0.993,True,da=-1.79km[small]
STARLINK-6062,53deg,mixed,2026-05-04 19:50:42+00:00,2026-05-05 03:18:42+00:00,7.47,6864.833,486.7,0.000221,42.9385,203.8003,230.4024,1.786,0.000897,0.01508,-1.815,-1.7534,-0.0616,-87.984,small,0.991,True,da=+1.79km[small]
STARLINK-34548,mid-inc,mixed,2026-05-04 10:16:42+00:00,2026-05-04 20:43:42+00:00,10.45,6952.505,574.37,0.000292,70.0266,173.3989,330.7414,1.818,0.000712,0.00528,-1.0955,-1.0953,-0.0003,-171.9124,small,0.99,True,da=+1.82km[small]
STARLINK-30813,53deg,mixed,2026-05-05 21:57:42+00:00,2026-05-06 02:49:42+00:00,4.87,6865.538,487.4,0.000548,42.8955,230.4579,331.623,1.7837,0.000645,0.01354,-1.1151,-1.1433,0.0282,36.4454,small,0.99,True,da=+1.78km[small]
STARLINK-30964,53deg,mixed,2026-05-03 18:50:42+00:00,2026-05-04 10:51:42+00:00,16.02,6863.375,485.24,0.000228,43.1523,100.9739,316.9574,1.7836,0.000999,0.00585,-3.7015,-3.7512,0.0497,74.2404,small,0.99,True,da=+1.78km[small]
STARLINK-31699,53deg,mixed,2026-05-03 10:42:42+00:00,2026-05-03 18:36:42+00:00,7.9,6862.002,483.87,0.000249,43.08,33.9852,231.6733,-1.7792,0.000224,-0.0137,-1.8653,-1.8557,-0.0096,12.3322,small,0.988,True,da=-1.78km[small]
STARLINK-31772,53deg,mixed,2026-05-03 10:46:42+00:00,2026-05-03 18:40:42+00:00,7.9,6847.604,469.47,0.000368,53.2058,26.8637,97.2894,1.7706,0.000361,-0.00199,-1.5426,-1.5314,-0.0112,14.3267,small,0.986,True,da=+1.77km[small]
STARLINK-5529,mid-inc,phasing,2026-05-04 19:37:42+00:00,2026-05-05 03:22:42+00:00,7.75,6942.927,564.79,0.001709,69.903,322.5543,295.6906,1.803,-0.000243,-0.00183,-0.7931,-0.8212,0.0281,-58.6307,small,0.984,True,da=+1.80km[small]
STARLINK-5541,mid-inc,mixed,2026-05-05 03:13:42+00:00,2026-05-05 11:19:42+00:00,8.1,6956.406,578.27,0.000902,69.9639,341.873,359.3948,-1.8084,0.000174,-0.00235,-0.8412,-0.8508,0.0095,19.9688,small,0.984,True,da=-1.81km[small]
STARLINK-34523,53deg,mixed,2026-05-04 20:44:42+00:00,2026-05-05 02:07:42+00:00,5.38,6812.471,434.33,0.001623,53.0577,214.6184,258.468,1.7473,-0.000814,0.0105,-1.0507,-1.066,0.0153,165.9496,small,0.981,True,da=+1.75km[small]
STARLINK-31413,53deg,mixed,2026-05-05 10:47:42+00:00,2026-05-05 18:44:42+00:00,7.95,6858.739,480.6,0.000476,42.8511,298.8064,94.5838,1.7637,0.000313,0.00823,-1.8934,-1.8755,-0.0179,23.8468,small,0.98,True,da=+1.76km[small]
STARLINK-30913,53deg,mixed,2026-05-03 10:54:42+00:00,2026-05-03 18:48:42+00:00,7.9,6835.042,456.91,0.000347,53.2793,106.319,94.0231,1.7493,0.000431,0.0105,-1.5481,-1.5384,-0.0097,19.2837,small,0.977,True,da=+1.75km[small]
STARLINK-35336,53deg,mixed,2026-05-05 18:03:42+00:00,2026-05-05 23:03:42+00:00,5.0,6855.122,476.99,0.001386,53.1177,198.008,141.7425,1.7551,-0.000772,0.01127,-0.9225,-0.9674,0.0449,68.2456,small,0.976,True,da=+1.76km[small]
STARLINK-34830,53deg,mixed,2026-05-05 10:06:42+00:00,2026-05-05 18:21:42+00:00,8.25,6853.963,475.83,0.000699,53.0831,328.4085,316.5226,-1.7526,0.000438,-0.00826,-1.5547,-1.6002,0.0455,94.6604,small,0.975,True,da=-1.75km[small]
STARLINK-34848,SSO,mixed,2026-05-05 10:06:42+00:00,2026-05-05 18:12:42+00:00,8.1,6933.647,555.51,0.001541,97.5188,357.0453,171.3653,-1.7807,-0.000596,-0.0016,0.3264,0.3286,-0.0022,28.2014,small,0.974,True,da=-1.78km[small]
STARLINK-31176,53deg,lowering,2026-05-04 19:59:42+00:00,2026-05-05 02:48:42+00:00,6.82,6866.434,488.3,0.000744,42.8695,262.4283,201.3208,-1.7536,-0.00034,-0.00613,-1.6572,-1.603,-0.0543,123.6836,small,0.973,True,da=-1.75km[small]
STARLINK-34849,53deg,mixed,2026-05-03 02:09:42+00:00,2026-05-03 10:12:42+00:00,8.05,6856.754,478.62,0.000604,53.097,210.8971,330.4803,1.7495,0.000868,0.00819,-1.528,-1.557,0.029,48.7156,small,0.973,True,da=+1.75km[small]
STARLINK-31580,53deg,mixed,2026-05-03 02:51:42+00:00,2026-05-03 10:44:42+00:00,7.88,6850.688,472.55,0.000954,53.224,30.5937,58.7192,-1.7481,-0.000283,-0.00895,-1.5286,-1.5266,-0.002,10.4826,small,0.973,True,da=-1.75km[small]
STARLINK-31416,53deg,mixed,2026-05-05 10:47:42+00:00,2026-05-05 18:44:42+00:00,7.95,6865.934,487.8,0.000628,42.8844,299.0714,334.2624,1.7423,0.000476,0.00718,-1.8511,-1.8677,0.0165,23.7677,small,0.967,True,da=+1.74km[small]
STARLINK-32747,53deg,mixed,2026-05-03 10:32:42+00:00,2026-05-03 18:28:42+00:00,7.93,6867.403,489.27,0.001238,42.9464,328.863,7.0377,-1.7441,-1.3e-05,-0.0125,-1.8558,-1.8624,0.0066,19.9678,small,0.967,True,da=-1.74km[small]
STARLINK-30916,53deg,mixed,2026-05-05 02:51:42+00:00,2026-05-05 10:46:42+00:00,7.92,6836.783,458.65,0.001401,53.293,98.5611,247.5143,-1.7268,0.000307,-0.00825,-1.5542,-1.5415,-0.0126,23.0857,small,0.964,True,da=-1.73km[small]
STARLINK-35323,53deg,mixed,2026-05-04 10:04:42+00:00,2026-05-04 21:00:42+00:00,10.93,6857.332,479.19,0.001474,53.1352,345.8819,153.4613,-1.7335,-8.1e-05,-0.01106,-2.1236,-2.1145,-0.0091,-9.0359,small,0.964,True,da=-1.73km[small]
STARLINK-32783,53deg,lowering,2026-05-02 18:22:42+00:00,2026-05-03 02:28:42+00:00,8.1,6861.69,483.55,0.000905,42.9271,332.3086,54.0003,-1.7283,-0.000197,-0.01529,-1.9522,-1.9077,-0.0445,58.2793,small,0.96,True,da=-1.73km[small]
STARLINK-31699,53deg,mixed,2026-05-05 18:48:42+00:00,2026-05-05 22:13:42+00:00,3.42,6864.168,486.03,0.001159,43.0567,20.7387,141.4736,1.7298,-0.000479,0.00874,-0.7493,-0.8011,0.0518,63.7913,small,0.96,True,da=+1.73km[small]
STARLINK-32883,53deg,mixed,2026-05-02 10:22:42+00:00,2026-05-02 18:24:42+00:00,8.03,6857.056,478.92,0.001471,53.2952,59.5847,151.5841,1.7246,-0.000603,0.00315,-1.5187,-1.5465,0.0278,44.9098,small,0.959,True,da=+1.72km[small]
STARLINK-32182,53deg,mixed,2026-05-02 18:31:42+00:00,2026-05-03 02:35:42+00:00,8.07,6848.953,470.82,0.001447,53.2472,45.6121,249.1716,1.7191,-0.000313,0.00587,-1.5953,-1.561,-0.0343,52.4838,small,0.957,True,da=+1.72km[small]
STARLINK-37447,SSO,mixed,2026-05-02 17:37:42+00:00,2026-05-03 01:33:42+00:00,7.93,6702.354,324.22,0.001711,97.206,327.9146,227.431,-1.6632,0.000296,-0.00221,0.3575,0.3474,0.0101,79.7034,small,0.957,True,da=-1.66km[small]
STARLINK-6075,53deg,raising,2026-05-05 11:19:42+00:00,2026-05-05 19:13:42+00:00,7.9,6860.087,481.95,0.000724,42.9393,200.2672,114.5854,1.7214,0.000225,0.00903,-1.8649,-1.8598,-0.0051,12.331,small,0.956,True,da=+1.72km[small]
STARLINK-31895,53deg,mixed,2026-05-03 18:43:42+00:00,2026-05-04 10:32:42+00:00,15.82,6867.618,489.48,0.00108,42.9326,322.904,357.523,-1.7228,0.000152,-0.0153,-3.7013,-3.7136,0.0123,28.4331,small,0.956,True,da=-1.72km[small]
STARLINK-35418,53deg,mixed,2026-05-03 02:05:42+00:00,2026-05-03 09:59:42+00:00,7.9,6859.391,481.25,0.001035,53.2752,41.6238,190.2316,-1.7194,-0.000366,-0.00893,-1.517,-1.5212,0.0043,14.284,small,0.955,True,da=-1.72km[small]
STARLINK-30921,53deg,mixed,2026-05-05 02:55:42+00:00,2026-05-05 10:48:42+00:00,7.88,6847.122,468.98,0.001395,53.3256,98.4343,7.2904,-1.7066,0.000101,-0.00769,-1.5181,-1.5258,0.0077,15.4514,small,0.951,True,da=-1.71km[small]
STARLINK-31559,53deg,mixed,2026-05-03 10:42:42+00:00,2026-05-03 18:39:42+00:00,7.95,6867.646,489.51,0.0011,42.9084,310.2536,181.5397,-1.7128,-0.000437,-0.01055,-1.8542,-1.8672,0.013,23.7726,small,0.95,True,da=-1.71km[small]
STARLINK-34801,53deg,mixed,2026-05-04 20:42:42+00:00,2026-05-05 02:06:42+00:00,5.4,6857.917,479.78,0.000724,53.1316,344.3174,202.8743,1.7058,0.000608,0.00171,-1.0587,-1.0431,-0.0157,159.9536,small,0.948,True,da=+1.71km[small]
STARLINK-11241,53deg,phasing,2026-05-05 21:53:42+00:00,2026-05-06 03:04:42+00:00,5.18,6732.752,354.61,0.000459,53.2634,59.1148,102.8052,1.6551,0.000835,0.00563,-1.0292,-1.0646,0.0354,141.1429,small,0.946,True,da=+1.66km[small]
STARLINK-34826,53deg,mixed,2026-05-06 02:08:42+00:00,2026-05-06 10:03:42+00:00,7.92,6847.702,469.56,0.001681,52.9966,261.353,274.7526,1.6989,-0.000259,0.00429,-1.5516,-1.542,-0.0096,18.0544,small,0.946,True,da=+1.70km[small]
STARLINK-30303,53deg,mixed,2026-05-05 03:08:42+00:00,2026-05-05 11:01:42+00:00,7.88,6858.677,480.54,0.001488,53.0498,304.0519,17.6413,-1.7013,-4.3e-05,-0.00831,-1.5231,-1.5266,0.0034,10.4788,small,0.945,True,da=-1.70km[small]
STARLINK-37028,53deg,mixed,2026-05-06 01:43:42+00:00,2026-05-06 09:35:42+00:00,7.87,6850.806,472.67,0.001222,53.2768,53.3069,46.8133,-1.6961,-0.000161,-0.00969,-1.5215,-1.5214,-0.0001,7.5893,small,0.944,True,da=-1.70km[small]
STARLINK-30964,53deg,mixed,2026-05-05 22:00:42+00:00,2026-05-06 02:51:42+00:00,4.85,6867.477,489.34,0.001184,43.1701,88.988,174.9267,-1.7013,-0.000557,-0.00599,-1.1075,-1.1343,0.0269,32.5715,small,0.944,True,da=-1.70km[small]
STARLINK-37473,SSO,phasing,2026-05-06 01:44:42+00:00,2026-05-06 09:38:42+00:00,7.9,6714.365,336.23,0.001071,97.213,331.4124,60.0608,1.6379,7.5e-05,0.00363,0.3551,0.344,0.0111,65.4626,small,0.94,True,da=+1.64km[small]
STARLINK-32199,53deg,mixed,2026-05-02 10:30:42+00:00,2026-05-02 18:34:42+00:00,8.07,6849.065,470.93,0.001449,53.252,47.0786,248.795,1.6857,-0.000279,0.00078,-1.5987,-1.5609,-0.0378,52.4977,small,0.939,True,da=+1.69km[small]
STARLINK-36768,SSO,mixed,2026-05-02 17:40:42+00:00,2026-05-03 01:45:42+00:00,8.08,6834.914,456.78,0.002501,97.1752,310.7505,243.882,1.678,-0.000289,-0.00398,0.3384,0.3288,0.0096,57.923,small,0.937,True,da=+1.68km[small]
STARLINK-32199,53deg,mixed,2026-05-05 10:37:42+00:00,2026-05-05 18:40:42+00:00,8.05,6848.743,470.61,0.001516,53.2245,33.1382,250.8982,1.682,-0.000256,-0.00018,-1.5953,-1.5589,-0.0364,48.6776,small,0.937,True,da=+1.68km[small]
STARLINK-30273,53deg,mixed,2026-05-05 03:09:42+00:00,2026-05-05 11:01:42+00:00,7.87,6849.531,471.39,0.000708,53.0367,304.5427,316.4654,1.6801,-0.000134,0.00221,-1.5284,-1.5294,0.001,8.4244,small,0.936,True,da=+1.68km[small]
STARLINK-31625,53deg,mixed,2026-05-02 10:38:42+00:00,2026-05-02 18:32:42+00:00,7.9,6865.21,487.07,0.000513,43.1566,90.6585,329.1293,1.6846,0.000272,0.01032,-1.8473,-1.8484,0.001,12.2271,small,0.935,True,da=+1.68km[small]
STARLINK-30201,53deg,mixed,2026-05-05 03:04:42+00:00,2026-05-05 10:58:42+00:00,7.9,6860.081,481.94,0.000716,42.8442,264.2481,113.5579,1.6818,0.000203,0.00546,-1.8758,-1.8627,-0.0131,12.338,small,0.934,True,da=+1.68km[small]
STARLINK-32194,53deg,mixed,2026-05-06 02:36:42+00:00,2026-05-06 10:31:42+00:00,7.92,6847.793,469.66,0.001683,53.2143,30.1241,274.9722,1.6767,-0.000297,0.00209,-1.5431,-1.5342,-0.0089,18.0329,small,0.934,True,da=+1.68km[small]
STARLINK-31625,53deg,mixed,2026-05-06 02:30:42+00:00,2026-05-06 10:35:42+00:00,8.08,6864.865,486.73,0.000364,43.1499,70.0363,326.1169,1.6768,0.000879,0.00363,-1.8494,-1.8919,0.0426,54.3166,small,0.931,True,da=+1.68km[small]
STARLINK-34492,53deg,mixed,2026-05-03 10:16:42+00:00,2026-05-03 18:10:42+00:00,7.9,6847.982,469.84,0.000457,53.0443,222.3052,101.1212,1.6708,0.000381,0.00708,-1.5373,-1.5368,-0.0005,14.3396,small,0.931,True,da=+1.67km[small]
STARLINK-31156,53deg,raising,2026-05-02 10:41:42+00:00,2026-05-02 18:38:42+00:00,7.95,6858.784,480.65,0.000437,42.8335,275.7352,94.0181,1.6736,0.000307,0.01052,-1.8915,-1.876,-0.0155,23.8401,small,0.93,True,da=+1.67km[small]
STARLINK-32199,53deg,mixed,2026-05-04 20:08:42+00:00,2026-05-05 02:35:42+00:00,6.45,6858.984,480.85,0.001493,53.2606,35.9071,164.7583,-1.6736,-0.000818,-0.0055,-1.2123,-1.2426,0.0303,41.2801,small,0.93,True,da=-1.67km[small]
STARLINK-31176,53deg,lowering,2026-05-03 02:45:42+00:00,2026-05-03 10:40:42+00:00,7.92,6859.049,480.91,0.000546,42.8352,272.1246,102.0739,1.6691,0.000233,0.00471,-1.8854,-1.8679,-0.0175,16.1696,small,0.928,True,da=+1.67km[small]
STARLINK-5541,mid-inc,mixed,2026-05-06 03:20:42+00:00,2026-05-06 11:15:42+00:00,7.92,6954.894,576.76,0.001098,69.9553,339.3463,18.0519,1.6993,-0.00024,0.00291,-0.8398,-0.8317,-0.0081,-21.2942,small,0.925,True,da=+1.70km[small]
STARLINK-32013,53deg,lowering,2026-05-05 18:44:42+00:00,2026-05-05 22:08:42+00:00,3.4,6851.537,473.4,0.001061,53.2629,131.7118,55.548,-1.652,-0.000206,-0.00439,-0.6991,-0.6575,-0.0416,60.9634,small,0.92,True,da=-1.65km[small]
STARLINK-32667,53deg,mixed,2026-05-05 02:36:42+00:00,2026-05-05 10:30:42+00:00,7.9,6865.941,487.8,0.001257,42.9033,311.5062,24.8072,-1.6579,-0.000109,-0.00908,-1.8593,-1.8572,-0.0021,12.3297,small,0.92,True,da=-1.66km[small]
STARLINK-30939,53deg,mixed,2026-05-06 02:52:42+00:00,2026-05-06 10:46:42+00:00,7.9,6845.66,467.52,0.001519,53.3213,93.6836,157.776,1.6486,-0.000171,0.00273,-1.5193,-1.5288,0.0095,19.255,small,0.919,True,da=+1.65km[small]
STARLINK-31780,53deg,lowering,2026-05-06 02:34:42+00:00,2026-05-06 10:38:42+00:00,8.07,6850.843,472.71,0.001189,53.1871,14.7674,238.9102,-1.6469,0.000251,-0.00905,-1.5972,-1.5633,-0.0339,52.4365,small,0.917,True,da=-1.65km[small]
STARLINK-31148,53deg,mixed,2026-05-02 10:40:42+00:00,2026-05-02 18:37:42+00:00,7.95,6866.017,487.88,0.001232,42.8684,275.5688,154.0009,1.6509,-4.7e-05,0.01003,-1.8511,-1.8681,0.0169,23.7192,small,0.916,True,da=+1.65km[small]
STARLINK-30235,53deg,mixed,2026-05-06 02:47:42+00:00,2026-05-06 10:54:42+00:00,8.12,6861.904,483.77,0.000248,42.8544,258.5214,232.1696,-1.6475,0.000232,-0.00959,-1.9703,-1.9136,-0.0568,62.0198,small,0.915,True,da=-1.65km[small]
STARLINK-34447,mid-inc,phasing,2026-05-03 18:06:42+00:00,2026-05-04 10:19:42+00:00,16.22,6954.988,576.85,0.000972,70.024,175.2143,162.5159,-1.6821,-0.000739,0.0031,-1.6834,-1.6993,0.016,43.6462,small,0.915,True,da=-1.68km[small]
STARLINK-30930,53deg,mixed,2026-05-04 19:53:42+00:00,2026-05-05 02:53:42+00:00,7.0,6842.88,464.74,0.001379,53.3102,99.412,36.948,1.6403,-0.000755,0.00648,-1.3668,-1.3568,-0.01,172.1668,small,0.915,True,da=+1.64km[small]
STARLINK-37026,53deg,mixed,2026-05-03 17:40:42+00:00,2026-05-04 09:32:42+00:00,15.87,6856.202,478.06,0.000811,53.0317,282.7104,341.8832,-1.6416,0.000592,-0.00914,-3.0465,-3.0777,0.0312,45.8962,small,0.913,True,da=-1.64km[small]
STARLINK-32189,53deg,mixed,2026-05-04 10:26:42+00:00,2026-05-04 20:07:42+00:00,9.68,6850.075,471.94,0.000844,53.2389,37.8905,61.8848,1.6348,0.000227,-0.00069,-1.9192,-1.8733,-0.0459,64.0076,small,0.91,True,da=+1.63km[small]
STARLINK-36999,53deg,raising,2026-05-02 17:36:42+00:00,2026-05-03 01:31:42+00:00,7.92,6819.236,441.1,0.000982,53.2873,67.2337,58.1143,1.6191,-0.000698,-0.01118,-1.5762,-1.5544,-0.0218,29.8541,small,0.908,True,da=+1.62km[small]
STARLINK-36718,SSO,phasing,2026-05-05 23:15:42+00:00,2026-05-06 01:55:42+00:00,2.67,6838.696,460.56,0.001822,97.164,237.5107,230.8223,-1.6268,-0.000746,0.00175,0.12,0.1082,0.0117,-107.0512,small,0.908,True,da=-1.63km[small]
STARLINK-30881,53deg,mixed,2026-05-02 18:50:42+00:00,2026-05-03 02:44:42+00:00,7.9,6860.585,482.45,0.000784,42.9369,339.4934,116.664,1.6323,0.000202,0.0007,-1.8611,-1.8595,-0.0016,12.3131,small,0.907,True,da=+1.63km[small]
STARLINK-30882,53deg,phasing,2026-05-05 10:46:42+00:00,2026-05-05 18:48:42+00:00,8.03,6845.838,467.7,0.000825,53.32,96.9579,340.2166,-1.623,0.00063,-0.00171,-1.5244,-1.5559,0.0314,49.9616,small,0.905,True,da=-1.62km[small]
STARLINK-34523,53deg,mixed,2026-05-03 02:23:42+00:00,2026-05-03 10:16:42+00:00,7.88,6824.38,446.24,0.001325,53.0826,222.9643,176.4455,-1.6153,-0.000535,-0.00356,-1.5416,-1.5523,0.0107,24.6253,small,0.904,True,da=-1.62km[small]
STARLINK-32199,53deg,mixed,2026-05-03 18:36:42+00:00,2026-05-04 10:29:42+00:00,15.88,6850.384,472.25,0.000902,53.2429,40.8769,60.6971,-1.6235,-0.000237,-0.00889,-3.1023,-3.0749,-0.0274,47.7994,small,0.904,True,da=-1.62km[small]
STARLINK-35367,53deg,mixed,2026-05-03 18:08:42+00:00,2026-05-04 09:59:42+00:00,15.85,6836.398,458.26,0.001419,53.2805,114.8296,249.7162,1.6178,-0.000233,0.00746,-3.1195,-3.0846,-0.0349,49.9768,small,0.904,True,da=+1.62km[small]
STARLINK-32035,53deg,mixed,2026-05-05 02:38:42+00:00,2026-05-05 10:33:42+00:00,7.92,6849.086,470.95,0.000728,53.2491,134.5933,68.4999,-1.6211,-0.000385,-0.00094,-1.5403,-1.5332,-0.007,18.1738,small,0.903,True,da=-1.62km[small]
STARLINK-31148,53deg,mixed,2026-05-05 18:43:42+00:00,2026-05-05 21:57:42+00:00,3.23,6866.195,488.06,0.001274,42.8758,256.6886,158.056,1.6279,-0.000194,0.00416,-0.7429,-0.7596,0.0168,21.7479,small,0.903,True,da=+1.63km[small]
STARLINK-32664,53deg,phasing,2026-05-02 10:29:42+00:00,2026-05-02 18:23:42+00:00,7.9,6813.812,435.67,0.001074,42.925,321.1442,170.3044,-1.6096,0.000558,-0.01059,-1.8848,-1.9067,0.022,33.841,small,0.903,True,da=-1.61km[small]
STARLINK-5846,mid-inc,mixed,2026-05-05 19:18:42+00:00,2026-05-05 21:39:42+00:00,2.35,6956.233,578.1,0.00108,69.9183,320.1228,172.0773,-1.648,-0.000626,-0.0044,-0.2515,-0.2474,-0.0041,167.8481,small,0.897,True,da=-1.65km[small]
STARLINK-31580,53deg,mixed,2026-05-05 22:11:42+00:00,2026-05-06 02:29:42+00:00,4.3,6854.238,476.1,0.001303,53.2053,17.5727,42.2599,-1.6085,-0.000387,-0.00806,-0.8775,-0.8315,-0.046,-92.4686,small,0.895,True,da=-1.61km[small]
STARLINK-31157,53deg,mixed,2026-05-05 02:50:42+00:00,2026-05-05 10:44:42+00:00,7.9,6859.309,481.17,0.00062,42.844,260.444,107.1292,1.6071,0.000201,0.00397,-1.878,-1.8635,-0.0145,12.35,small,0.893,True,da=+1.61km[small]
STARLINK-31723,53deg,mixed,2026-05-03 10:42:42+00:00,2026-05-03 18:37:42+00:00,7.92,6867.454,489.32,0.000937,43.1041,34.0679,189.3486,-1.6079,-0.000351,-0.01233,-1.8502,-1.8536,0.0035,16.1113,small,0.892,True,da=-1.61km[small]
STARLINK-35364,53deg,lowering,2026-05-04 09:59:42+00:00,2026-05-04 20:54:42+00:00,10.92,6844.401,466.26,0.001268,53.1415,189.1173,41.4168,1.5993,0.000105,0.0083,-2.1232,-2.1227,-0.0005,-7.4127,small,0.892,True,da=+1.60km[small]
STARLINK-34528,53deg,mixed,2026-05-05 10:08:42+00:00,2026-05-05 18:13:42+00:00,8.08,6819.451,441.31,0.001353,53.0871,211.8952,141.0831,1.5881,-0.000755,0.00542,-1.5463,-1.5941,0.0478,70.9559,small,0.89,True,da=+1.59km[small]
STARLINK-32182,53deg,mixed,2026-05-04 10:29:42+00:00,2026-05-04 20:00:42+00:00,9.52,6849.214,471.08,0.000711,53.2361,37.8907,67.7136,-1.5925,-0.000377,-0.01085,-1.8636,-1.8438,-0.0199,25.5978,small,0.887,True,da=-1.59km[small]
STARLINK-37042,53deg,phasing,2026-05-05 17:48:42+00:00,2026-05-05 23:11:42+00:00,5.38,6823.688,445.55,0.000982,53.2948,54.1719,347.0303,-1.5805,0.000508,-0.00651,-1.0711,-1.0552,-0.0159,166.1902,small,0.885,True,da=-1.58km[small]
STARLINK-32259,53deg,mixed,2026-05-03 02:37:42+00:00,2026-05-03 10:31:42+00:00,7.9,6849.491,471.35,0.001344,53.0251,236.6817,245.6286,-1.5861,0.000292,-0.0049,-1.5455,-1.5378,-0.0077,14.2828,small,0.883,True,da=-1.59km[small]
STARLINK-35308,53deg,raising,2026-05-04 21:01:42+00:00,2026-05-05 02:14:42+00:00,5.22,6851.555,473.42,0.001067,53.1349,186.796,125.2536,-1.5865,0.000224,-0.00348,-0.9686,-1.0118,0.0432,118.0198,small,0.883,True,da=-1.59km[small]
STARLINK-31724,53deg,lowering,2026-05-05 22:10:42+00:00,2026-05-06 02:29:42+00:00,4.32,6863.783,485.65,0.001152,42.9639,344.046,140.2003,-1.591,-0.000136,-0.01289,-0.957,-1.0149,0.058,-89.8428,small,0.883,True,da=-1.59km[small]
STARLINK-30273,53deg,mixed,2026-05-04 11:03:42+00:00,2026-05-05 03:09:42+00:00,16.1,6851.116,472.98,0.000571,53.046,307.7173,215.4896,-1.5851,0.000137,-0.00934,-3.1746,-3.1299,-0.0446,100.9758,small,0.882,True,da=-1.59km[small]
STARLINK-32655,53deg,mixed,2026-05-03 18:39:42+00:00,2026-05-04 10:29:42+00:00,15.83,6867.518,489.38,0.001004,42.9262,319.6264,353.5485,-1.5892,0.000242,-0.01474,-3.7022,-3.7179,0.0157,32.2543,small,0.881,True,da=-1.59km[small]
STARLINK-31857,53deg,mixed,2026-05-05 10:30:42+00:00,2026-05-05 18:48:42+00:00,8.3,6863.421,485.28,0.000206,42.8949,313.3156,223.2398,1.5876,0.000202,0.00464,-2.0129,-1.9522,-0.0608,104.0198,small,0.881,True,da=+1.59km[small]
STARLINK-31593,53deg,phasing,2026-05-04 10:50:42+00:00,2026-05-05 01:49:42+00:00,14.98,6860.517,482.38,0.000693,42.867,304.332,63.9173,-1.5837,-2.7e-05,-0.01258,-3.5459,-3.5343,-0.0116,-162.7108,small,0.88,True,da=-1.58km[small]
STARLINK-11204,53deg,phasing,2026-05-05 21:52:42+00:00,2026-05-06 03:04:42+00:00,5.2,6734.119,355.98,0.001405,53.2679,58.7195,293.0505,-1.5403,-0.000981,-0.00435,-1.0357,-1.0681,0.0324,145.0231,small,0.88,True,da=-1.54km[small]
STARLINK-11444,53deg,phasing,2026-05-05 21:50:42+00:00,2026-05-06 03:01:42+00:00,5.18,6732.379,354.24,0.000536,42.9773,182.558,101.0688,1.5351,-0.00011,0.00702,-1.2697,-1.3025,0.0328,142.7974,small,0.877,True,da=+1.54km[small]
STARLINK-35262,53deg,mixed,2026-05-03 02:01:42+00:00,2026-05-03 09:53:42+00:00,7.87,6852.511,474.37,0.001175,53.1176,195.7221,50.5294,-1.5765,-0.000134,0.0004,-1.5286,-1.5255,-0.0031,6.6673,small,0.877,True,da=-1.58km[small]
STARLINK-36973,53deg,phasing,2026-05-02 09:47:42+00:00,2026-05-02 17:35:42+00:00,7.8,6850.843,472.71,0.001153,53.0092,288.7101,301.4427,-1.5696,0.000244,-0.00321,-1.5082,-1.5178,0.0096,-8.6589,small,0.874,True,da=-1.57km[small]
STARLINK-6081,53deg,mixed,2026-05-03 19:06:42+00:00,2026-05-04 11:09:42+00:00,16.05,6861.763,483.63,0.000284,42.9216,209.8266,234.4873,1.5729,-7.4e-05,0.01855,-3.8404,-3.7761,-0.0643,81.9195,small,0.874,True,da=+1.57km[small]
STARLINK-30805,53deg,mixed,2026-05-03 02:59:42+00:00,2026-05-03 10:54:42+00:00,7.92,6865.776,487.64,0.001261,42.8787,246.1001,152.8212,1.5691,3.1e-05,0.00641,-1.86,-1.8602,0.0003,16.1311,small,0.871,True,da=+1.57km[small]
STARLINK-35270,53deg,mixed,2026-05-03 02:01:42+00:00,2026-05-03 09:57:42+00:00,7.93,6836.582,458.45,0.000713,53.2744,118.0987,68.4114,-1.5578,-0.000368,-0.0022,-1.5603,-1.5454,-0.0149,27.0166,small,0.87,True,da=-1.56km[small]
STARLINK-32009,53deg,mixed,2026-05-04 19:53:42+00:00,2026-05-05 02:33:42+00:00,6.67,6854.301,476.16,0.001329,53.2637,136.1963,138.172,-1.5613,-0.00044,-0.00522,-1.2456,-1.2873,0.0417,91.0204,small,0.868,True,da=-1.56km[small]
STARLINK-30844,53deg,lowering,2026-05-05 10:52:42+00:00,2026-05-05 18:48:42+00:00,7.93,6867.443,489.31,0.001206,43.1649,91.9455,6.3716,-1.5631,2.5e-05,-0.00353,-1.8467,-1.8555,0.0089,19.9294,small,0.867,True,da=-1.56km[small]
STARLINK-32647,53deg,mixed,2026-05-03 02:34:42+00:00,2026-05-03 10:28:42+00:00,7.9,6865.068,486.93,0.000462,42.9183,323.2521,327.6169,1.5584,0.000322,0.00649,-1.8563,-1.8558,-0.0005,12.2883,small,0.865,True,da=+1.56km[small]
STARLINK-6083,53deg,mixed,2026-05-06 03:05:42+00:00,2026-05-06 11:00:42+00:00,7.92,6866.042,487.91,0.000683,42.9732,196.9155,335.8575,1.5567,0.000296,0.01174,-1.8492,-1.8571,0.0078,16.0928,small,0.864,True,da=+1.56km[small]
STARLINK-31631,53deg,mixed,2026-05-05 10:47:42+00:00,2026-05-05 18:41:42+00:00,7.9,6860.131,481.99,0.000737,43.1266,69.9194,113.6596,1.5537,0.000168,0.0074,-1.8622,-1.8542,-0.008,12.3216,small,0.863,True,da=+1.55km[small]
STARLINK-31555,53deg,mixed,2026-05-06 02:32:42+00:00,2026-05-06 10:37:42+00:00,8.08,6865.05,486.91,0.000429,42.8756,295.4071,326.2053,1.5532,0.000819,0.00507,-1.8637,-1.9002,0.0365,54.2961,small,0.862,True,da=+1.55km[small]
STARLINK-32883,53deg,mixed,2026-05-05 22:25:42+00:00,2026-05-06 02:23:42+00:00,3.97,6859.213,481.08,0.001484,53.2761,43.3719,14.026,-1.547,-0.000814,-0.00681,-0.7566,-0.7638,0.0072,-168.8411,small,0.86,True,da=-1.55km[small]
STARLINK-34574,mid-inc,phasing,2026-05-02 10:14:42+00:00,2026-05-02 18:10:42+00:00,7.93,6956.558,578.42,0.000856,70.0201,178.6286,180.0221,-1.5812,0.000136,-0.0025,-0.8427,-0.8309,-0.0118,-17.5005,small,0.86,True,da=-1.58km[small]
STARLINK-30818,53deg,mixed,2026-05-03 18:56:42+00:00,2026-05-04 10:46:42+00:00,15.83,6865.996,487.86,0.001277,42.8813,242.4739,155.2497,1.5455,-0.000231,0.01071,-3.7108,-3.7198,0.009,32.2595,small,0.858,True,da=+1.55km[small]
STARLINK-31613,53deg,mixed,2026-05-03 02:43:42+00:00,2026-05-03 10:37:42+00:00,7.9,6858.142,480.0,0.000766,53.2437,28.5491,338.6292,1.5417,0.000367,0.00047,-1.5163,-1.5219,0.0056,14.2778,small,0.857,True,da=+1.54km[small]
STARLINK-32013,53deg,lowering,2026-05-06 02:38:42+00:00,2026-05-06 10:34:42+00:00,7.93,6848.978,470.84,0.000711,53.2557,130.1736,69.83,-1.5379,-0.000366,-0.00116,-1.5468,-1.5363,-0.0105,21.9782,small,0.856,True,da=-1.54km[small]
STARLINK-34729,53deg,mixed,2026-05-05 02:11:42+00:00,2026-05-05 10:05:42+00:00,7.9,6847.797,469.66,0.001646,52.9955,265.7831,279.1441,1.5351,-0.000236,0.00334,-1.5449,-1.5388,-0.0062,14.2959,small,0.855,True,da=+1.54km[small]
STARLINK-31557,53deg,mixed,2026-05-03 18:42:42+00:00,2026-05-04 10:40:42+00:00,15.97,6861.884,483.75,0.000916,42.8756,304.4229,52.1617,-1.5403,-0.00023,-0.01379,-3.8179,-3.763,-0.0549,62.9627,small,0.855,True,da=-1.54km[small]
STARLINK-30320,53deg,mixed,2026-05-02 18:50:42+00:00,2026-05-03 02:54:42+00:00,8.07,6849.211,471.07,0.001398,53.0197,302.5174,248.2377,1.5327,-0.000221,0.00077,-1.601,-1.5693,-0.0317,52.4878,small,0.854,True,da=+1.53km[small]
STARLINK-34393,53deg,mixed,2026-05-03 10:15:42+00:00,2026-05-03 18:10:42+00:00,7.92,6847.559,469.42,0.000305,52.9948,286.2132,93.5962,1.5271,0.000393,0.00744,-1.5482,-1.5422,-0.0061,18.1522,small,0.851,True,da=+1.53km[small]
STARLINK-30297,53deg,mixed,2026-05-05 22:04:42+00:00,2026-05-06 02:44:42+00:00,4.67,6856.765,478.63,0.00147,53.042,300.8862,150.1315,-1.5283,-0.000109,-0.00679,-0.9073,-0.9047,-0.0026,-8.2971,small,0.85,True,da=-1.53km[small]
STARLINK-31730,53deg,mixed,2026-05-03 18:32:42+00:00,2026-05-04 10:45:42+00:00,16.22,6866.183,488.05,0.001209,43.0892,32.6224,23.5243,-1.5307,-5.4e-05,-0.01329,-3.8553,-3.8004,-0.0549,120.3378,small,0.849,True,da=-1.53km[small]
STARLINK-35231,53deg,mixed,2026-05-03 02:05:42+00:00,2026-05-03 09:57:42+00:00,7.87,6852.969,474.83,0.001183,53.1183,195.7437,48.5083,-1.526,-0.000127,0.00046,-1.5281,-1.5251,-0.003,6.6401,small,0.849,True,da=-1.53km[small]
STARLINK-32430,53deg,phasing,2026-05-03 02:33:42+00:00,2026-05-03 10:27:42+00:00,7.9,6860.092,481.95,0.000519,42.8905,319.8732,292.8463,1.5212,-0.00026,0.00648,-1.8709,-1.8614,-0.0095,12.2991,small,0.845,True,da=+1.52km[small]
STARLINK-34574,mid-inc,phasing,2026-05-02 18:10:42+00:00,2026-05-03 02:15:42+00:00,8.08,6954.976,576.84,0.000992,70.0176,177.7859,162.5216,1.5532,-0.000132,0.00356,-0.8408,-0.8466,0.0058,16.218,small,0.845,True,da=+1.55km[small]
STARLINK-30837,53deg,mixed,2026-05-02 18:51:42+00:00,2026-05-03 02:45:42+00:00,7.9,6865.332,487.19,0.001248,42.8741,248.7019,149.8333,1.5213,1.8e-05,0.00987,-1.856,-1.8569,0.0008,12.2972,small,0.844,True,da=+1.52km[small]
STARLINK-30864,53deg,mixed,2026-05-03 02:47:42+00:00,2026-05-03 10:52:42+00:00,8.08,6864.967,486.83,0.001221,42.9513,337.6975,147.4702,1.5208,-0.000518,0.00539,-1.8581,-1.898,0.0399,54.3203,small,0.844,True,da=+1.52km[small]
STARLINK-31700,53deg,mixed,2026-05-05 10:51:42+00:00,2026-05-05 18:43:42+00:00,7.87,6855.201,477.06,0.00062,53.2077,17.5814,322.4282,1.5173,-1.3e-05,-0.00167,-1.5238,-1.5191,-0.0047,6.6339,small,0.844,True,da=+1.52km[small]
STARLINK-34447,mid-inc,phasing,2026-05-03 10:10:42+00:00,2026-05-03 18:06:42+00:00,7.93,6956.537,578.4,0.00085,70.0261,176.0571,180.0112,-1.549,0.000122,-0.00215,-0.8428,-0.8307,-0.0121,-17.4953,small,0.843,True,da=-1.55km[small]
STARLINK-32448,53deg,mixed,2026-05-03 18:42:42+00:00,2026-05-04 10:30:42+00:00,15.8,6860.178,482.04,0.000445,42.8927,319.0745,245.6159,-1.5173,0.000239,-0.01414,-3.7473,-3.726,-0.0213,24.5991,small,0.843,True,da=-1.52km[small]
STARLINK-31903,53deg,mixed,2026-05-03 18:42:42+00:00,2026-05-04 10:32:42+00:00,15.83,6865.995,487.86,0.000609,42.9136,315.9949,334.2817,1.5181,0.000586,-0.00041,-3.7036,-3.7182,0.0146,32.2438,small,0.842,True,da=+1.52km[small]
STARLINK-34493,53deg,phasing,2026-05-05 18:12:42+00:00,2026-05-05 22:52:42+00:00,4.67,6856.472,478.33,0.000626,53.0913,211.4946,329.0879,-1.5146,2.2e-05,-0.00136,-0.9063,-0.9037,-0.0026,-8.293,small,0.842,True,da=-1.51km[small]
STARLINK-36782,SSO,mixed,2026-05-03 01:52:42+00:00,2026-05-03 09:45:42+00:00,7.88,6848.641,470.5,0.00156,97.1663,311.1757,163.7225,1.512,-0.000127,0.00095,0.3211,0.3182,0.0029,12.1338,small,0.842,True,da=+1.51km[small]
STARLINK-32767,53deg,mixed,2026-05-05 10:35:42+00:00,2026-05-05 18:32:42+00:00,7.95,6860.084,481.95,0.000688,42.8867,317.0668,68.064,-1.5111,-0.000212,-0.00866,-1.898,-1.875,-0.023,23.7945,small,0.84,True,da=-1.51km[small]
STARLINK-30818,53deg,mixed,2026-05-05 18:48:42+00:00,2026-05-05 22:03:42+00:00,3.25,6865.993,487.86,0.000647,42.8973,231.1859,336.0482,1.5126,0.000491,0.00735,-0.7446,-0.7634,0.0187,25.5592,small,0.839,True,da=+1.51km[small]
STARLINK-37036,53deg,mixed,2026-05-04 09:41:42+00:00,2026-05-04 21:05:42+00:00,11.4,6801.811,423.67,0.000729,53.0263,278.6288,200.3691,-1.4867,-0.000142,-0.00196,-2.3107,-2.2738,-0.037,130.6687,small,0.837,True,da=-1.49km[small]
STARLINK-34526,53deg,phasing,2026-05-05 22:48:42+00:00,2026-05-06 02:02:42+00:00,3.23,6859.932,481.8,0.001306,53.1046,210.158,178.3525,-1.502,-0.000544,-0.00289,-0.6076,-0.6248,0.0172,22.5347,small,0.835,True,da=-1.50km[small]
STARLINK-35231,53deg,mixed,2026-05-06 02:11:42+00:00,2026-05-06 10:03:42+00:00,7.87,6853.354,475.22,0.001206,53.1539,181.7842,46.7943,-1.4969,-0.000121,0.00173,-1.5248,-1.5235,-0.0013,6.6259,small,0.833,True,da=-1.50km[small]
STARLINK-30952,53deg,phasing,2026-05-05 10:45:42+00:00,2026-05-05 18:39:42+00:00,7.9,6861.335,483.2,0.000888,43.1396,91.8064,57.4554,-1.5006,-0.000216,-0.00285,-1.8626,-1.8542,-0.0084,12.293,small,0.833,True,da=-1.50km[small]
STARLINK-32783,53deg,lowering,2026-05-03 02:28:42+00:00,2026-05-03 10:22:42+00:00,7.9,6859.962,481.82,0.000708,42.9118,330.3564,112.2797,1.4977,0.000175,0.00738,-1.8696,-1.8609,-0.0088,12.3155,small,0.832,True,da=+1.50km[small]
STARLINK-31176,53deg,lowering,2026-05-05 22:03:42+00:00,2026-05-06 02:50:42+00:00,4.78,6860.608,482.47,0.000807,42.8452,256.2834,61.1308,-1.4948,-0.000264,-0.00371,-1.1428,-1.1285,-0.0143,17.3113,small,0.83,True,da=-1.49km[small]
STARLINK-31852,53deg,mixed,2026-05-06 02:36:42+00:00,2026-05-06 10:30:42+00:00,7.9,6864.501,486.36,0.001121,42.8827,302.0789,142.4494,1.4958,4.2e-05,0.0061,-1.859,-1.8575,-0.0016,12.2572,small,0.83,True,da=+1.50km[small]
STARLINK-34801,53deg,mixed,2026-05-02 10:14:42+00:00,2026-05-02 18:08:42+00:00,7.9,6847.509,469.37,0.000356,53.1281,355.6183,95.4924,1.4886,0.000319,-0.00205,-1.545,-1.5344,-0.0106,14.3142,small,0.829,True,da=+1.49km[small]
STARLINK-31780,53deg,lowering,2026-05-04 10:38:42+00:00,2026-05-04 20:10:42+00:00,9.53,6849.282,471.15,0.000725,53.2013,22.4877,67.8876,-1.4875,-0.000324,-0.00999,-1.8709,-1.8484,-0.0225,29.4039,small,0.828,True,da=-1.49km[small]
STARLINK-32742,53deg,mixed,2026-05-05 18:25:42+00:00,2026-05-05 22:23:42+00:00,3.97,6861.074,482.94,0.000858,42.8884,315.0348,121.8732,1.4862,-0.000632,0.00447,-0.9352,-0.9342,-0.001,-170.0926,small,0.826,True,da=+1.49km[small]
STARLINK-30864,53deg,mixed,2026-05-04 10:47:42+00:00,2026-05-04 19:59:42+00:00,9.2,6859.55,481.41,0.000553,42.9129,330.1654,288.3516,1.4847,-0.000211,0.00101,-2.1247,-2.1676,0.0429,-49.4344,small,0.825,True,da=+1.48km[small]
STARLINK-37063,53deg,mixed,2026-05-02 17:38:42+00:00,2026-05-03 01:38:42+00:00,8.0,6845.715,467.58,0.001521,53.002,287.316,256.2672,1.4796,-0.000196,0.00115,-1.5818,-1.5597,-0.022,38.1938,small,0.825,True,da=+1.48km[small]
STARLINK-35298,53deg,mixed,2026-05-05 02:09:42+00:00,2026-05-05 10:04:42+00:00,7.92,6858.325,480.19,0.001478,53.1579,185.9378,160.2165,1.4834,-0.00014,0.00945,-1.5202,-1.5279,0.0076,18.1178,small,0.824,True,da=+1.48km[small]
STARLINK-31700,53deg,mixed,2026-05-02 10:24:42+00:00,2026-05-02 18:30:42+00:00,8.1,6849.826,471.69,0.001324,53.2239,31.6335,243.8704,1.4778,-0.000233,-0.00107,-1.6106,-1.5678,-0.0427,60.1373,small,0.823,True,da=+1.48km[small]
STARLINK-36811,SSO,phasing,2026-05-05 17:50:42+00:00,2026-05-05 23:14:42+00:00,5.4,6831.202,453.06,0.000584,97.1836,313.7949,92.4836,1.4699,0.002274,-0.0037,0.2175,0.2204,-0.0029,161.3162,small,0.822,True,da=+1.47km[small] | de=+0.00227
STARLINK-32665,53deg,mixed,2026-05-05 10:33:42+00:00,2026-05-05 18:29:42+00:00,7.93,6860.118,481.98,0.000447,42.8738,310.0158,245.971,-1.4782,0.000229,-0.00834,-1.8878,-1.8714,-0.0164,19.9727,small,0.821,True,da=-1.48km[small]
STARLINK-5846,mid-inc,mixed,2026-05-03 11:06:42+00:00,2026-05-03 19:24:42+00:00,8.3,6950.893,572.76,0.001061,69.9207,326.0219,144.7094,1.5076,-0.000639,0.00209,-0.8487,-0.8752,0.0265,64.8932,small,0.821,True,da=+1.51km[small]
STARLINK-30851,53deg,phasing,2026-05-04 19:56:42+00:00,2026-05-05 02:56:42+00:00,7.0,6866.992,488.86,0.001225,42.8931,236.4983,165.7881,-1.4788,-0.000621,-0.00035,-1.6623,-1.6448,-0.0175,165.7127,small,0.82,True,da=-1.48km[small]
STARLINK-37028,53deg,mixed,2026-05-05 01:44:42+00:00,2026-05-05 09:36:42+00:00,7.87,6847.256,469.12,0.001313,53.273,57.9042,295.8716,1.4693,-0.00022,-0.0004,-1.5241,-1.5229,-0.0011,7.626,small,0.819,True,da=+1.47km[small]
STARLINK-37026,53deg,mixed,2026-05-02 17:43:42+00:00,2026-05-03 01:37:42+00:00,7.9,6843.707,465.57,0.001118,53.0109,287.3985,237.5499,1.4678,0.000408,-0.01129,-1.5447,-1.5417,-0.0029,16.3909,small,0.818,True,da=+1.47km[small]
STARLINK-6095,53deg,mixed,2026-05-02 10:56:42+00:00,2026-05-02 19:03:42+00:00,8.12,6866.008,487.87,0.001272,42.9265,217.114,154.3557,-1.4701,-0.00092,-0.00441,-1.8577,-1.9072,0.0495,61.9663,small,0.816,True,da=-1.47km[small]
STARLINK-32647,53deg,mixed,2026-05-05 02:39:42+00:00,2026-05-05 10:33:42+00:00,7.9,6866.735,488.6,0.000785,42.9053,311.9595,198.3088,-1.4648,-0.000298,-0.00806,-1.8558,-1.8563,0.0005,12.3102,small,0.813,True,da=-1.46km[small]
STARLINK-32783,53deg,lowering,2026-05-05 18:26:42+00:00,2026-05-05 22:24:42+00:00,3.97,6865.733,487.6,0.001225,42.9109,315.3198,26.5266,-1.4626,-0.000859,-0.00825,-0.9285,-0.9324,0.004,-169.8861,small,0.812,True,da=-1.46km[small]
STARLINK-35129,53deg,phasing,2026-05-06 02:09:42+00:00,2026-05-06 10:04:42+00:00,7.92,6858.513,480.38,0.001503,53.1185,338.5136,161.215,1.4587,-0.000217,0.00375,-1.517,-1.5293,0.0122,18.0918,small,0.811,True,da=+1.46km[small]
STARLINK-30923,53deg,raising,2026-05-05 22:03:42+00:00,2026-05-06 02:49:42+00:00,4.77,6850.995,472.86,0.000825,53.3187,94.8723,339.5653,1.449,0.000403,0.00899,-0.9116,-0.9199,0.0083,16.4425,small,0.807,True,da=+1.45km[small]
STARLINK-6083,53deg,mixed,2026-05-05 21:40:42+00:00,2026-05-06 03:05:42+00:00,5.42,6867.492,489.35,0.001154,42.9768,198.208,173.3286,-1.4497,-0.000471,-0.0036,-1.2925,-1.2707,-0.0217,162.5288,small,0.804,True,da=-1.45km[small]
STARLINK-34375,53deg,mixed,2026-05-04 20:36:42+00:00,2026-05-05 02:19:42+00:00,5.72,6815.991,437.85,0.001083,53.0687,214.6413,235.4312,-1.4296,-0.000188,0.00115,-1.1692,-1.1308,-0.0384,-116.8335,small,0.802,True,da=-1.43km[small]
STARLINK-32769,53deg,lowering,2026-05-05 02:37:42+00:00,2026-05-05 10:31:42+00:00,7.9,6866.532,488.39,0.001268,42.9179,318.9927,19.2967,-1.4459,-6.7e-05,-0.00748,-1.8566,-1.8561,-0.0005,12.3231,small,0.802,True,da=-1.45km[small]
STARLINK-34860,53deg,mixed,2026-05-04 10:00:42+00:00,2026-05-04 20:48:42+00:00,10.8,6848.305,470.17,0.000533,52.9939,269.0341,104.4005,1.4304,0.000301,0.00687,-2.0616,-2.1031,0.0416,-39.7884,small,0.797,True,da=+1.43km[small]
STARLINK-31625,53deg,mixed,2026-05-03 10:45:42+00:00,2026-05-03 18:40:42+00:00,7.92,6859.033,480.9,0.000551,43.1281,85.0136,101.4823,1.4321,0.000207,0.01062,-1.8718,-1.8591,-0.0127,16.1554,small,0.796,True,da=+1.43km[small]
STARLINK-35364,53deg,lowering,2026-05-05 02:04:42+00:00,2026-05-05 10:11:42+00:00,8.12,6845.248,467.11,0.001312,53.1509,185.9431,143.3782,-1.4243,-0.000814,0.00855,-1.5365,-1.5784,0.0419,68.4022,small,0.794,True,da=-1.42km[small]
STARLINK-31552,53deg,mixed,2026-05-03 02:47:42+00:00,2026-05-03 10:41:42+00:00,7.9,6865.088,486.95,0.000472,42.9007,312.583,327.2035,1.4284,0.000295,0.0056,-1.8576,-1.8564,-0.0012,12.3087,small,0.793,True,da=+1.43km[small]
STARLINK-31699,53deg,mixed,2026-05-03 02:49:42+00:00,2026-05-03 10:42:42+00:00,7.88,6863.426,485.29,0.000238,43.0906,35.8382,223.21,-1.4236,1.1e-05,-0.01052,-1.8529,-1.8499,-0.003,8.4633,small,0.79,True,da=-1.42km[small]
STARLINK-34496,53deg,phasing,2026-05-05 22:49:42+00:00,2026-05-06 02:04:42+00:00,3.25,6824.213,446.08,0.00142,53.1066,209.4667,170.2951,-1.4092,-0.000713,-0.00266,-0.6145,-0.6396,0.0251,32.1821,small,0.789,True,da=-1.41km[small]
STARLINK-37063,53deg,mixed,2026-05-03 09:39:42+00:00,2026-05-03 17:39:42+00:00,8.0,6857.798,479.66,0.000683,53.0274,284.1784,336.0286,1.419,0.000756,0.00635,-1.5223,-1.5492,0.0269,37.2473,small,0.789,True,da=+1.42km[small]
STARLINK-31557,53deg,mixed,2026-05-03 02:41:42+00:00,2026-05-03 10:46:42+00:00,8.08,6866.396,488.26,0.000739,42.8978,308.1528,337.8172,-1.4182,0.000418,-0.00714,-1.8617,-1.8999,0.0381,54.3606,small,0.787,True,da=-1.42km[small]
STARLINK-37471,SSO,phasing,2026-05-05 23:18:42+00:00,2026-05-06 01:37:42+00:00,2.32,6727.839,349.7,0.001011,97.2072,331.3044,193.7467,-1.375,0.000567,-0.00102,0.0984,0.1001,-0.0017,-173.2894,small,0.787,True,da=-1.37km[small]
STARLINK-34079,mid-inc,mixed,2026-05-05 18:26:42+00:00,2026-05-05 22:35:42+00:00,4.15,6940.401,562.26,0.000752,69.9158,330.0974,77.8768,1.44,0.001145,-0.00081,-0.4484,-0.4401,-0.0084,-147.5531,small,0.786,True,da=+1.44km[small] | de=+0.00114
STARLINK-31741,53deg,mixed,2026-05-04 10:45:42+00:00,2026-05-04 20:07:42+00:00,9.37,6860.049,481.91,0.000697,43.0573,28.1449,66.7374,1.4139,0.000188,0.00052,-2.2009,-2.2012,0.0003,-11.2736,small,0.786,True,da=+1.41km[small]
STARLINK-34490,53deg,mixed,2026-05-03 10:09:42+00:00,2026-05-03 18:10:42+00:00,8.02,6848.317,470.18,0.001525,53.0443,221.9905,254.5923,1.4086,-0.000204,0.00612,-1.5816,-1.5593,-0.0223,41.0586,small,0.785,True,da=+1.41km[small]
STARLINK-30201,53deg,mixed,2026-05-03 03:00:42+00:00,2026-05-03 10:57:42+00:00,7.95,6860.044,481.91,0.000498,42.8434,275.6319,246.6923,-1.4116,0.000201,-0.00858,-1.9019,-1.8763,-0.0256,23.7865,small,0.784,True,da=-1.41km[small]
STARLINK-31851,53deg,mixed,2026-05-03 10:41:42+00:00,2026-05-03 18:37:42+00:00,7.93,6866.181,488.04,0.000682,42.9296,324.7308,335.868,1.4128,0.000373,0.00254,-1.8539,-1.8624,0.0085,19.9377,small,0.784,True,da=+1.41km[small]
STARLINK-35031,53deg,phasing,2026-05-05 22:50:42+00:00,2026-05-06 02:04:42+00:00,3.23,6836.451,458.31,0.000719,53.0836,336.5191,69.5489,-1.4037,-0.000358,-0.00777,-0.6499,-0.6327,-0.0171,24.6552,small,0.784,True,da=-1.40km[small]
STARLINK-32647,53deg,mixed,2026-05-05 18:30:42+00:00,2026-05-05 22:28:42+00:00,3.97,6861.607,483.47,0.000253,42.8786,308.2307,234.4098,-1.4096,0.000514,-0.0085,-0.9386,-0.9349,-0.0037,-170.0686,small,0.783,True,da=-1.41km[small]
STARLINK-30846,53deg,mixed,2026-05-03 18:54:42+00:00,2026-05-04 10:43:42+00:00,15.82,6860.087,481.95,0.000493,42.8569,243.1501,245.8059,-1.4076,0.000211,-0.00233,-3.7618,-3.7318,-0.03,28.3906,small,0.782,True,da=-1.41km[small]
STARLINK-32667,53deg,mixed,2026-05-05 18:27:42+00:00,2026-05-05 22:26:42+00:00,3.98,6860.581,482.44,0.000814,42.8763,307.7687,60.9575,-1.4084,-0.000167,-0.00824,-0.9474,-0.9393,-0.0081,-166.1161,small,0.782,True,da=-1.41km[small]
STARLINK-5038,mid-inc,phasing,2026-05-02 11:09:42+00:00,2026-05-02 19:16:42+00:00,8.12,6954.944,576.81,0.000516,69.982,348.6292,342.0573,1.4344,0.000516,-0.00033,-0.8441,-0.8517,0.0076,23.6777,small,0.781,True,da=+1.43km[small]
STARLINK-37054,53deg,mixed,2026-05-02 17:42:42+00:00,2026-05-03 01:34:42+00:00,7.87,6853.169,475.03,0.00122,53.0193,287.0387,46.7718,-1.3995,-0.000138,-0.0076,-1.5248,-1.5286,0.0038,6.6633,small,0.779,True,da=-1.40km[small]
STARLINK-31750,53deg,mixed,2026-05-04 10:49:42+00:00,2026-05-04 20:11:42+00:00,9.37,6861.074,482.94,0.000381,43.0632,28.4164,300.5609,-1.3956,0.000202,-0.01202,-2.1976,-2.2016,0.0041,-11.2405,small,0.775,True,da=-1.40km[small]
STARLINK-31625,53deg,mixed,2026-05-05 10:49:42+00:00,2026-05-05 18:43:42+00:00,7.9,6865.237,487.1,0.00047,43.1515,73.719,328.2754,1.3935,0.00029,0.00696,-1.8484,-1.8487,0.0002,12.291,small,0.773,True,da=+1.39km[small]
STARLINK-32710,53deg,mixed,2026-05-05 02:35:42+00:00,2026-05-05 10:29:42+00:00,7.9,6859.864,481.73,0.000689,42.8861,318.7265,110.8275,1.3904,0.000165,0.00722,-1.8714,-1.8618,-0.0097,12.3253,small,0.773,True,da=+1.39km[small]
STARLINK-32883,53deg,mixed,2026-05-03 02:27:42+00:00,2026-05-03 10:20:42+00:00,7.88,6849.666,471.53,0.001331,53.2694,56.5153,245.1698,-1.3853,0.000244,-0.0085,-1.5297,-1.5257,-0.004,10.4486,small,0.771,True,da=-1.39km[small]
STARLINK-35236,53deg,mixed,2026-05-02 18:09:42+00:00,2026-05-03 02:01:42+00:00,7.87,6853.937,475.8,0.000747,53.0814,212.3905,316.5151,1.3861,-0.000147,0.01034,-1.522,-1.5244,0.0023,6.6226,small,0.771,True,da=+1.39km[small]
STARLINK-34490,53deg,mixed,2026-05-03 02:16:42+00:00,2026-05-03 10:09:42+00:00,7.88,6849.7,471.56,0.001318,53.0475,223.5291,244.1061,-1.3826,0.000207,-0.00325,-1.5386,-1.5334,-0.0051,10.4862,small,0.77,True,da=-1.38km[small]
STARLINK-30913,53deg,mixed,2026-05-05 18:46:42+00:00,2026-05-05 21:59:42+00:00,3.22,6847.258,469.12,0.001279,53.3276,95.4628,359.2185,-1.379,0.000219,-0.00823,-0.6128,-0.6224,0.0096,20.7557,small,0.768,True,da=-1.38km[small]
STARLINK-34393,53deg,mixed,2026-05-05 02:05:42+00:00,2026-05-05 10:08:42+00:00,8.05,6850.324,472.19,0.001252,53.0017,278.5138,241.5547,-1.3627,0.0002,-0.00674,-1.5992,-1.5671,-0.0321,48.6534,small,0.759,True,da=-1.36km[small]
STARLINK-37063,53deg,mixed,2026-05-04 21:07:42+00:00,2026-05-05 01:46:42+00:00,4.65,6858.158,480.02,0.000755,53.0273,277.3368,201.4137,1.3629,0.000293,0.00397,-0.9106,-0.9003,-0.0102,-12.0831,small,0.758,True,da=+1.36km[small]
STARLINK-34848,SSO,mixed,2026-05-05 18:12:42+00:00,2026-05-05 22:47:42+00:00,4.58,6931.867,553.73,0.000945,97.5172,357.3717,199.5667,-1.3849,0.000665,0.00351,0.1924,0.1861,0.0063,-45.5265,small,0.758,True,da=-1.38km[small]
STARLINK-31730,53deg,mixed,2026-05-05 10:44:42+00:00,2026-05-05 18:39:42+00:00,7.92,6860.112,481.98,0.00048,43.0438,23.18,245.6939,-1.3634,0.000194,-0.01278,-1.8789,-1.8623,-0.0166,16.1416,small,0.757,True,da=-1.36km[small]
STARLINK-34572,mid-inc,mixed,2026-05-05 22:49:42+00:00,2026-05-06 02:03:42+00:00,3.23,6952.529,574.39,0.000966,70.0357,169.6842,150.5838,1.3858,1.3e-05,0.00018,-0.3392,-0.3388,-0.0004,6.4768,small,0.755,True,da=+1.39km[small]
STARLINK-36999,53deg,raising,2026-05-03 09:48:42+00:00,2026-05-03 17:42:42+00:00,7.9,6837.509,459.37,0.000852,53.3055,64.0539,200.2844,1.3528,-0.00016,-0.0131,-1.531,-1.5361,0.0051,21.4711,small,0.755,True,da=+1.35km[small]
STARLINK-31954,53deg,mixed,2026-05-03 02:34:42+00:00,2026-05-03 10:37:42+00:00,8.05,6850.232,472.1,0.000906,53.2318,144.1438,61.6817,-1.3538,-0.000228,0.00161,-1.5887,-1.5586,-0.0301,48.8595,small,0.754,True,da=-1.35km[small]
STARLINK-35445,53deg,mixed,2026-05-05 10:12:42+00:00,2026-05-05 18:04:42+00:00,7.87,6851.654,473.52,0.001065,53.2273,30.5629,234.0977,-1.3509,0.000194,-0.00982,-1.5259,-1.5224,-0.0035,6.6377,small,0.752,True,da=-1.35km[small]
STARLINK-32430,53deg,phasing,2026-05-04 20:18:42+00:00,2026-05-05 02:32:42+00:00,6.23,6865.503,487.37,0.001257,42.8997,310.0241,150.7266,-1.3537,-9.7e-05,-0.01115,-1.4731,-1.4657,-0.0074,-10.0652,small,0.751,True,da=-1.35km[small]
STARLINK-31622,53deg,mixed,2026-05-03 18:38:42+00:00,2026-05-04 10:41:42+00:00,16.05,6861.916,483.78,0.000928,43.1419,83.3398,53.4108,1.3521,0.000155,0.00121,-3.8225,-3.763,-0.0595,82.0749,small,0.751,True,da=+1.35km[small]
STARLINK-34797,53deg,mixed,2026-05-05 18:13:42+00:00,2026-05-05 22:42:42+00:00,4.48,6849.156,471.02,0.001429,53.0011,262.8048,291.5166,1.3479,-0.00017,0.00202,-0.8325,-0.8726,0.0401,-50.2796,small,0.751,True,da=+1.35km[small]
STARLINK-37029,53deg,mixed,2026-05-05 17:49:42+00:00,2026-05-05 23:10:42+00:00,5.35,6802.075,423.94,0.001485,53.2927,54.1434,18.714,1.3322,-0.000244,0.00353,-1.0797,-1.0595,-0.0202,164.2251,small,0.75,True,da=+1.33km[small]
STARLINK-34782,53deg,phasing,2026-05-05 02:10:42+00:00,2026-05-05 10:02:42+00:00,7.87,6851.516,473.38,0.001041,53.0045,265.5451,54.8479,-1.3467,-0.000153,-0.00648,-1.5315,-1.5303,-0.0012,6.6729,small,0.75,True,da=-1.35km[small]
STARLINK-34008,mid-inc,phasing,2026-05-05 10:18:42+00:00,2026-05-05 18:25:42+00:00,8.12,6941.261,563.12,0.002012,69.9185,331.1296,252.0413,-1.3719,0.000192,-0.00281,-0.8649,-0.8608,-0.0041,23.6598,small,0.749,True,da=-1.37km[small]
STARLINK-34526,53deg,phasing,2026-05-03 02:21:42+00:00,2026-05-03 10:13:42+00:00,7.87,6850.155,472.02,0.001248,53.048,223.4035,298.1358,1.3443,-0.000176,0.0054,-1.5312,-1.5286,-0.0026,6.6298,small,0.748,True,da=+1.34km[small]
STARLINK-30813,53deg,mixed,2026-05-03 10:53:42+00:00,2026-05-03 18:48:42+00:00,7.92,6859.131,480.99,0.000547,42.8481,244.3969,101.3944,1.3457,0.000256,0.00936,-1.874,-1.8675,-0.0064,16.1605,small,0.748,True,da=+1.35km[small]
STARLINK-32769,53deg,lowering,2026-05-03 02:34:42+00:00,2026-05-03 10:28:42+00:00,7.9,6866.012,487.87,0.001248,42.9395,330.2778,156.4634,1.3439,-1e-06,0.00468,-1.852,-1.8544,0.0024,12.3018,small,0.746,True,da=+1.34km[small]
STARLINK-31954,53deg,mixed,2026-05-03 18:42:42+00:00,2026-05-04 10:32:42+00:00,15.83,6859.217,481.08,0.001454,53.269,140.9981,167.0052,-1.338,-0.00072,0.00216,-3.0334,-3.0489,0.0155,36.2193,small,0.744,True,da=-1.34km[small]
STARLINK-35462,53deg,mixed,2026-05-03 02:08:42+00:00,2026-05-03 10:03:42+00:00,7.92,6858.526,480.39,0.001462,53.2706,40.9623,161.6287,1.3283,-0.000206,-0.0001,-1.5158,-1.5239,0.0081,18.122,small,0.738,True,da=+1.33km[small]
STARLINK-31561,53deg,mixed,2026-05-05 02:51:42+00:00,2026-05-05 10:46:42+00:00,7.92,6865.822,487.68,0.001237,42.8857,300.4737,152.5131,1.326,-3.4e-05,0.00493,-1.8563,-1.8601,0.0039,16.1247,small,0.736,True,da=+1.33km[small]
STARLINK-34008,mid-inc,phasing,2026-05-05 02:21:42+00:00,2026-05-05 10:18:42+00:00,7.95,6939.917,561.78,0.002224,69.9155,331.9577,265.767,1.3443,-0.000212,0.00302,-0.8281,-0.8432,0.015,-13.7258,small,0.734,True,da=+1.34km[small]
STARLINK-31750,53deg,mixed,2026-05-06 02:35:42+00:00,2026-05-06 10:30:42+00:00,7.92,6860.319,482.18,0.000797,43.0379,19.1193,63.2558,-1.3211,-0.000267,-0.01061,-1.8745,-1.8622,-0.0123,16.1324,small,0.734,True,da=-1.32km[small]
STARLINK-34405,mid-inc,mixed,2026-05-04 20:30:42+00:00,2026-05-05 02:05:42+00:00,5.58,6943.025,564.89,0.000748,70.0144,172.3993,64.0533,1.3412,0.000699,9e-05,-0.5848,-0.5885,0.0037,174.5606,small,0.732,True,da=+1.34km[small]
STARLINK-6066,53deg,mixed,2026-05-05 03:22:42+00:00,2026-05-05 11:17:42+00:00,7.92,6868.714,490.58,0.000729,42.9623,202.4139,337.0203,1.3206,0.000277,0.01084,-1.8483,-1.855,0.0067,15.121,small,0.732,True,da=+1.32km[small]
STARLINK-31718,53deg,raising,2026-05-04 19:44:42+00:00,2026-05-05 02:51:42+00:00,7.12,6859.653,481.52,0.000653,43.0479,26.5103,108.2959,1.3144,-0.000273,0.00467,-1.6752,-1.673,-0.0022,-167.4347,small,0.73,True,da=+1.31km[small]
STARLINK-31857,53deg,mixed,2026-05-05 02:37:42+00:00,2026-05-05 10:30:42+00:00,7.88,6864.734,486.6,0.000392,42.9023,315.1738,214.7629,-1.3128,-0.000186,-0.00732,-1.8581,-1.8543,-0.0039,8.4769,small,0.729,True,da=-1.31km[small]
STARLINK-30851,53deg,phasing,2026-05-05 22:02:42+00:00,2026-05-06 02:42:42+00:00,4.67,6865.055,486.92,0.001195,42.8939,230.3838,33.1998,1.3129,6.4e-05,0.0101,-1.1061,-1.0967,-0.0094,-9.4735,small,0.729,True,da=+1.31km[small]
STARLINK-30838,53deg,mixed,2026-05-03 18:56:42+00:00,2026-05-04 10:47:42+00:00,15.85,6867.327,489.19,0.001273,42.8885,242.4526,169.3882,-1.3148,-0.000605,-0.00147,-3.711,-3.7238,0.0128,36.0625,small,0.729,True,da=-1.31km[small]
STARLINK-34797,53deg,mixed,2026-05-03 10:14:42+00:00,2026-05-03 18:06:42+00:00,7.87,6855.763,477.63,0.001415,53.0172,273.6969,34.435,-1.3071,-9.2e-05,-0.00142,-1.522,-1.5265,0.0044,6.6469,small,0.727,True,da=-1.31km[small]
STARLINK-35308,53deg,raising,2026-05-02 09:59:42+00:00,2026-05-02 18:03:42+00:00,8.07,6849.345,471.21,0.001388,53.0999,198.2628,247.7867,1.3039,-0.000182,0.00443,-1.5978,-1.5663,-0.0316,52.4748,small,0.726,True,da=+1.30km[small]
STARLINK-30794,53deg,phasing,2026-05-04 20:03:42+00:00,2026-05-05 03:03:42+00:00,7.0,6865.875,487.74,0.000611,42.8875,236.4608,206.6602,1.306,0.000626,0.01242,-1.6629,-1.6446,-0.0184,165.7281,small,0.725,True,da=+1.31km[small]
STARLINK-31580,53deg,mixed,2026-05-02 10:44:42+00:00,2026-05-02 18:36:42+00:00,7.87,6854.208,476.07,0.000702,53.2414,33.6647,317.3829,1.304,-8.8e-05,-0.00101,-1.5232,-1.5187,-0.0045,6.6397,small,0.725,True,da=+1.30km[small]
STARLINK-36385,SSO,mixed,2026-05-05 01:56:42+00:00,2026-05-05 09:48:42+00:00,7.87,6831.811,453.67,0.000687,97.17,236.681,100.7859,1.2935,0.000173,-0.00435,0.3268,0.3203,0.0065,8.3038,small,0.723,True,da=+1.29km[small]
STARLINK-30964,53deg,mixed,2026-05-05 18:47:42+00:00,2026-05-05 22:00:42+00:00,3.22,6866.175,488.04,0.001262,43.1677,89.7304,157.0149,1.3019,-7.8e-05,0.00236,-0.7425,-0.7522,0.0097,17.9118,small,0.722,True,da=+1.30km[small]
STARLINK-31319,53deg,mixed,2026-05-02 10:42:42+00:00,2026-05-02 18:36:42+00:00,7.9,6860.92,482.78,0.000853,43.1376,87.0675,59.5431,-1.299,-0.000212,-0.0028,-1.8634,-1.8546,-0.0088,12.2987,small,0.722,True,da=-1.30km[small]
STARLINK-31772,53deg,mixed,2026-05-06 02:38:42+00:00,2026-05-06 10:32:42+00:00,7.9,6859.872,481.74,0.001402,53.2135,14.5199,4.562,-1.2982,0.00011,-0.00716,-1.5165,-1.5229,0.0064,14.2676,small,0.721,True,da=-1.30km[small]
STARLINK-34393,53deg,mixed,2026-05-05 18:12:42+00:00,2026-05-05 22:52:42+00:00,4.67,6858.749,480.61,0.000859,53.028,275.3547,342.7183,-1.2981,-0.000172,-0.00609,-0.9093,-0.904,-0.0054,-8.2441,small,0.721,True,da=-1.30km[small]
STARLINK-34729,53deg,mixed,2026-05-02 10:11:42+00:00,2026-05-02 18:05:42+00:00,7.9,6858.596,480.46,0.000811,53.0271,278.1832,340.945,1.2964,0.000369,0.00624,-1.5193,-1.5292,0.0099,14.2635,small,0.72,True,da=+1.30km[small]
STARLINK-6062,53deg,mixed,2026-05-03 03:06:42+00:00,2026-05-03 11:10:42+00:00,8.07,6862.119,483.98,0.000552,42.9077,213.3737,251.0596,1.296,-0.000165,0.01018,-1.9433,-1.8982,-0.0451,49.4962,small,0.72,True,da=+1.30km[small]
STARLINK-32784,53deg,lowering,2026-05-02 18:22:42+00:00,2026-05-03 02:36:42+00:00,8.23,6825.178,447.04,0.000653,42.9234,327.1342,33.6901,-1.2859,-0.000236,-0.01208,-2.0329,-1.9755,-0.0574,105.2115,small,0.72,True,da=-1.29km[small]
STARLINK-31696,53deg,mixed,2026-05-03 02:47:42+00:00,2026-05-03 10:40:42+00:00,7.88,6859.413,481.28,0.001482,53.2469,28.5267,11.3769,-1.2934,2.3e-05,-0.00761,-1.5162,-1.5188,0.0026,10.464,small,0.719,True,da=-1.29km[small]
STARLINK-31557,53deg,mixed,2026-05-05 10:47:42+00:00,2026-05-05 18:43:42+00:00,7.93,6859.967,481.83,0.000474,42.8522,294.9587,247.5987,-1.2943,0.0002,-0.00534,-1.887,-1.872,-0.015,19.9575,small,0.719,True,da=-1.29km[small]
STARLINK-34393,53deg,mixed,2026-05-04 10:22:42+00:00,2026-05-04 20:32:42+00:00,10.17,6852.106,473.97,0.000972,53.0062,281.5625,232.227,1.2905,0.000272,0.00517,-1.969,-1.9755,0.0066,174.6301,small,0.718,True,da=+1.29km[small]
STARLINK-34526,53deg,phasing,2026-05-02 10:11:42+00:00,2026-05-02 18:05:42+00:00,7.9,6859.687,481.55,0.001191,53.0705,226.5562,185.4806,-1.292,-0.000367,-0.00175,-1.5165,-1.528,0.0114,14.3049,small,0.718,True,da=-1.29km[small]
STARLINK-31696,53deg,mixed,2026-05-05 02:51:42+00:00,2026-05-05 10:45:42+00:00,7.9,6848.8,470.66,0.001477,53.192,19.2372,250.3818,-1.2763,0.000219,-0.00783,-1.5379,-1.5323,-0.0056,14.2664,small,0.711,True,da=-1.28km[small]
STARLINK-31555,53deg,mixed,2026-05-03 10:44:42+00:00,2026-05-03 18:41:42+00:00,7.95,6858.703,480.57,0.000468,42.8702,310.4813,90.0096,1.2772,0.000245,0.00436,-1.8971,-1.8753,-0.0219,23.8289,small,0.71,True,da=+1.28km[small]
STARLINK-32192,53deg,mixed,2026-05-05 22:26:42+00:00,2026-05-06 02:34:42+00:00,4.13,6850.402,472.27,0.001232,53.2224,30.5512,241.7289,-1.2737,-0.000531,-0.0068,-0.8329,-0.8005,-0.0325,-130.7746,small,0.709,True,da=-1.27km[small]
STARLINK-11207,53deg,mixed,2026-05-05 03:18:42+00:00,2026-05-05 10:58:42+00:00,7.67,6733.927,355.79,0.001363,53.2742,62.414,294.3192,1.2419,-0.000172,0.0002,-1.5745,-1.5735,-0.001,6.2274,small,0.709,True,da=+1.24km[small]
STARLINK-34438,53deg,mixed,2026-05-03 10:13:42+00:00,2026-05-03 18:07:42+00:00,7.9,6858.344,480.21,0.000806,53.2677,39.8687,339.3286,1.274,0.000343,-0.00038,-1.5187,-1.521,0.0023,14.2925,small,0.708,True,da=+1.27km[small]
STARLINK-32767,53deg,mixed,2026-05-06 02:16:42+00:00,2026-05-06 10:22:42+00:00,8.1,6860.109,481.97,0.000733,42.8781,313.3725,65.897,1.2736,0.000146,0.00586,-1.9614,-1.909,-0.0524,58.308,small,0.708,True,da=+1.27km[small]
STARLINK-35384,53deg,mixed,2026-05-05 22:59:42+00:00,2026-05-06 02:02:42+00:00,3.05,6847.513,469.38,0.001736,53.2782,105.062,271.4315,1.2716,-0.000213,0.00669,-0.5741,-0.5903,0.0162,-19.526,small,0.708,True,da=+1.27km[small]
STARLINK-31580,53deg,mixed,2026-05-03 10:44:42+00:00,2026-05-03 18:38:42+00:00,7.9,6848.94,470.8,0.000672,53.2151,29.0651,69.2019,-1.2688,-0.000299,-0.0109,-1.5422,-1.5314,-0.0108,14.3254,small,0.707,True,da=-1.27km[small]
STARLINK-34447,mid-inc,phasing,2026-05-04 20:31:42+00:00,2026-05-05 02:06:42+00:00,5.58,6954.124,575.99,0.000289,70.0309,172.4381,337.8233,-1.2957,0.000654,-0.00271,-0.5879,-0.5852,-0.0028,174.6225,small,0.705,True,da=-1.30km[small]
STARLINK-30921,53deg,mixed,2026-05-03 10:57:42+00:00,2026-05-03 18:51:42+00:00,7.9,6846.197,468.06,0.001498,53.315,106.1875,163.8001,1.2638,-0.000254,0.00751,-1.5182,-1.5286,0.0104,19.247,small,0.704,True,da=+1.26km[small]
STARLINK-30794,53deg,phasing,2026-05-06 02:47:42+00:00,2026-05-06 10:52:42+00:00,8.08,6861.259,483.12,0.000865,42.8825,229.2158,57.0346,-1.2678,-0.000202,-0.00472,-1.9573,-1.9052,-0.0521,54.4226,small,0.704,True,da=-1.27km[small]
STARLINK-30794,53deg,phasing,2026-05-02 18:45:42+00:00,2026-05-03 02:51:42+00:00,8.1,6861.435,483.3,0.00093,42.8553,248.0925,56.8489,-1.2639,-0.000166,-0.0011,-1.9608,-1.9098,-0.0511,58.2732,small,0.702,True,da=-1.26km[small]
STARLINK-35453,53deg,lowering,2026-05-05 10:05:42+00:00,2026-05-05 18:00:42+00:00,7.92,6853.332,475.19,0.001303,53.2361,30.6772,137.6086,-1.2545,0.00012,0.00574,-1.5298,-1.5301,0.0004,19.4643,small,0.698,True,da=-1.25km[small]
STARLINK-35321,53deg,mixed,2026-05-02 18:07:42+00:00,2026-05-03 02:03:42+00:00,7.93,6848.727,470.59,0.000665,53.1261,354.1767,70.8933,-1.2506,-0.000303,-0.00767,-1.5499,-1.5411,-0.0087,22.0064,small,0.697,True,da=-1.25km[small]
STARLINK-32710,53deg,mixed,2026-05-05 22:24:42+00:00,2026-05-06 02:22:42+00:00,3.97,6866.078,487.94,0.000667,42.909,314.053,336.8328,1.2553,0.000553,0.00035,-0.9275,-0.9316,0.0041,-169.8902,small,0.696,True,da=+1.26km[small]
STARLINK-31156,53deg,raising,2026-05-06 02:50:42+00:00,2026-05-06 10:46:42+00:00,7.93,6866.416,488.28,0.001223,42.8759,254.9236,156.3528,1.2518,-3.6e-05,0.00501,-1.859,-1.8638,0.0048,19.9013,small,0.695,True,da=+1.25km[small]
STARLINK-31724,53deg,lowering,2026-05-05 02:55:42+00:00,2026-05-05 10:48:42+00:00,7.88,6863.221,485.08,0.001113,42.9694,348.6393,43.9597,-1.251,-0.000136,-0.00649,-1.8585,-1.8536,-0.0049,8.4898,small,0.695,True,da=-1.25km[small]
STARLINK-31622,53deg,mixed,2026-05-02 10:38:42+00:00,2026-05-02 18:34:42+00:00,7.93,6858.711,480.57,0.000733,43.125,90.8198,272.5428,1.2455,-0.000236,0.00959,-1.8813,-1.8635,-0.0178,19.9143,small,0.692,True,da=+1.25km[small]
STARLINK-35323,53deg,mixed,2026-05-05 22:56:42+00:00,2026-05-06 02:09:42+00:00,3.22,6858.42,480.28,0.000807,53.1189,338.7441,340.0245,1.2433,0.000458,0.00156,-0.6077,-0.6214,0.0137,18.7204,small,0.691,True,da=+1.24km[small]
STARLINK-31042,53deg,mixed,2026-05-03 10:41:42+00:00,2026-05-03 18:38:42+00:00,7.95,6866.244,488.11,0.00123,42.8657,270.1357,157.4685,1.2413,-0.000111,0.00895,-1.8493,-1.8681,0.0188,23.7955,small,0.689,True,da=+1.24km[small]
STARLINK-34860,53deg,mixed,2026-05-05 18:13:42+00:00,2026-05-05 22:53:42+00:00,4.67,6851.106,472.97,0.00113,53.0075,262.7792,303.1406,-1.2367,0.000232,-0.00643,-0.9009,-0.9079,0.007,-8.2414,small,0.688,True,da=-1.24km[small]
STARLINK-6096,53deg,mixed,2026-05-03 03:13:42+00:00,2026-05-03 11:08:42+00:00,7.92,6860.022,481.89,0.000552,42.9079,213.4277,247.3278,-1.2373,0.000193,-0.00113,-1.8811,-1.8663,-0.0148,16.1211,small,0.687,True,da=-1.24km[small]
STARLINK-5841,mid-inc,phasing,2026-05-05 21:31:42+00:00,2026-05-06 03:05:42+00:00,5.57,6954.819,576.68,0.001112,69.8814,299.926,18.7381,1.2598,-0.000445,0.00137,-0.5909,-0.587,-0.004,170.9095,small,0.686,True,da=+1.26km[small]
STARLINK-32199,53deg,mixed,2026-05-03 02:28:42+00:00,2026-05-03 10:43:42+00:00,8.25,6853.71,475.57,0.000748,53.262,43.9522,315.559,-1.2284,0.000401,-0.00719,-1.5457,-1.5935,0.0478,94.658,small,0.683,True,da=-1.23km[small]
STARLINK-35116,53deg,mixed,2026-05-04 20:39:42+00:00,2026-05-05 02:11:42+00:00,5.53,6857.975,479.84,0.000673,53.1333,344.0018,336.6246,1.2297,0.000757,-0.0007,-1.0626,-1.0689,0.0064,-169.0141,small,0.683,True,da=+1.23km[small]
STARLINK-34008,mid-inc,phasing,2026-05-03 02:14:42+00:00,2026-05-03 10:19:42+00:00,8.08,6940.979,562.84,0.00208,69.9295,337.0208,254.6681,-1.2502,0.00016,-0.00134,-0.8557,-0.8569,0.0012,16.1772,small,0.682,True,da=-1.25km[small]
STARLINK-35148,53deg,mixed,2026-05-03 10:00:42+00:00,2026-05-03 18:06:42+00:00,8.1,6840.444,462.31,0.001234,53.1163,193.8592,241.2955,1.2175,-0.000179,0.00432,-1.6176,-1.5793,-0.0382,64.1876,small,0.679,True,da=+1.22km[small]
STARLINK-34515,mid-inc,mixed,2026-05-03 02:22:42+00:00,2026-05-03 10:08:42+00:00,7.77,6953.551,575.41,0.000968,70.0173,176.7212,24.8821,-1.2469,-0.000669,0.00351,-0.8381,-0.8146,-0.0235,-54.9387,small,0.679,True,da=-1.25km[small]
STARLINK-31903,53deg,mixed,2026-05-02 10:29:42+00:00,2026-05-02 18:37:42+00:00,8.13,6864.253,486.12,0.001145,42.9223,323.5859,143.6777,1.2191,-0.000593,-0.00084,-1.8662,-1.9116,0.0454,65.835,small,0.677,True,da=+1.22km[small]
STARLINK-34680,53deg,phasing,2026-05-06 02:12:42+00:00,2026-05-06 10:04:42+00:00,7.87,6858.021,479.88,0.000712,53.0272,261.5312,202.9307,-1.2187,-8.7e-05,-0.00527,-1.5255,-1.5244,-0.0011,6.6192,small,0.677,True,da=-1.22km[small]
STARLINK-11241,53deg,phasing,2026-05-05 03:19:42+00:00,2026-05-05 10:59:42+00:00,7.67,6737.213,359.08,0.001176,53.286,62.9605,48.5783,-1.181,-0.000138,-0.00791,-1.572,-1.5715,-0.0005,6.2045,small,0.674,True,da=-1.18km[small]
STARLINK-31889,53deg,mixed,2026-05-05 22:14:42+00:00,2026-05-06 02:22:42+00:00,4.13,6859.62,481.48,0.000659,42.8763,311.3238,69.4598,1.2103,-0.000277,0.00073,-1.0181,-0.9745,-0.0436,-131.7722,small,0.672,True,da=+1.21km[small]
STARLINK-37066,53deg,mixed,2026-05-04 09:32:42+00:00,2026-05-04 21:05:42+00:00,11.55,6792.156,414.02,0.000596,52.9956,278.7437,108.0018,-1.1876,0.001087,-0.00194,-2.2928,-2.3166,0.0238,165.6777,small,0.67,True,da=-1.19km[small] | de=+0.00109
STARLINK-34474,53deg,mixed,2026-05-05 18:16:42+00:00,2026-05-05 22:46:42+00:00,4.5,6858.505,480.37,0.001498,53.0976,211.4487,19.2789,-1.2041,-0.000833,-0.00046,-0.9065,-0.8703,-0.0362,-46.555,small,0.669,True,da=-1.20km[small]
STARLINK-31906,53deg,mixed,2026-05-05 02:41:42+00:00,2026-05-05 10:34:42+00:00,7.88,6865.035,486.9,0.001205,42.9061,315.6373,31.8193,-1.2031,-9.7e-05,-0.00704,-1.8583,-1.8538,-0.0045,8.5013,small,0.668,True,da=-1.20km[small]
STARLINK-31501,53deg,mixed,2026-05-02 10:40:42+00:00,2026-05-02 18:36:42+00:00,7.93,6858.741,480.6,0.000691,42.8803,316.2942,272.4516,1.1976,-0.000168,0.00302,-1.888,-1.871,-0.017,19.9208,small,0.666,True,da=+1.20km[small]
STARLINK-34849,53deg,mixed,2026-05-04 20:41:42+00:00,2026-05-05 02:04:42+00:00,5.38,6858.563,480.43,0.001502,53.1177,202.6925,18.5479,1.1988,-0.000143,0.00788,-1.06,-1.0399,-0.0201,156.5664,small,0.666,True,da=+1.20km[small]
STARLINK-37026,53deg,mixed,2026-05-06 01:36:42+00:00,2026-05-06 09:44:42+00:00,8.13,6852.052,473.91,0.000926,53.0061,271.8909,233.6188,-1.195,0.000171,-0.00535,-1.6241,-1.5817,-0.0424,67.7323,small,0.665,True,da=-1.19km[small]
STARLINK-32742,53deg,mixed,2026-05-05 22:23:42+00:00,2026-05-06 02:20:42+00:00,3.95,6862.56,484.42,0.000227,42.8929,314.0996,311.7806,1.1952,0.000882,1e-05,-0.9316,-0.9296,-0.002,-173.7463,small,0.664,True,da=+1.20km[small]
STARLINK-30805,53deg,mixed,2026-05-05 10:50:42+00:00,2026-05-05 18:45:42+00:00,7.92,6867.552,489.41,0.001153,42.9026,232.9516,4.9957,-1.1948,9.8e-05,-0.00384,-1.8456,-1.8593,0.0137,16.1484,small,0.663,True,da=-1.19km[small]
STARLINK-35308,53deg,raising,2026-05-04 10:01:42+00:00,2026-05-04 21:01:42+00:00,11.0,6850.366,472.23,0.0009,53.1272,188.925,119.0256,1.1889,0.000167,0.00773,-2.129,-2.1333,0.0044,6.2279,small,0.662,True,da=+1.19km[small]
STARLINK-6066,53deg,mixed,2026-05-04 11:08:42+00:00,2026-05-04 19:48:42+00:00,8.67,6867.226,489.09,0.00039,42.9469,206.2816,215.1092,-1.1933,0.000649,-0.00157,-2.0346,-2.0343,-0.0003,-173.0064,small,0.662,True,da=-1.19km[small]
STARLINK-6083,53deg,mixed,2026-05-02 19:03:42+00:00,2026-05-03 03:09:42+00:00,8.1,6866.094,487.96,0.000668,42.9281,215.7733,335.6571,-1.1904,0.000486,0.00209,-1.8613,-1.9029,0.0416,58.1633,small,0.661,True,da=-1.19km[small]
STARLINK-34008,mid-inc,phasing,2026-05-02 18:17:42+00:00,2026-05-03 02:14:42+00:00,7.95,6939.772,561.64,0.00224,69.932,337.8504,268.3882,1.2069,-0.00016,-0.00249,-0.8296,-0.8427,0.0131,-13.7202,small,0.659,True,da=+1.21km[small]
STARLINK-5367,53deg,phasing,2026-05-05 03:24:42+00:00,2026-05-05 11:12:42+00:00,7.8,6865.546,487.41,0.001267,43.0628,21.1178,29.1661,1.1839,1.9e-05,0.00243,-1.842,-1.8278,-0.0142,-10.6418,small,0.657,True,da=+1.18km[small]
STARLINK-31895,53deg,mixed,2026-05-04 20:06:42+00:00,2026-05-05 02:35:42+00:00,6.48,6860.735,482.6,0.000806,42.8898,316.9493,60.622,-1.1833,-0.000166,-0.01123,-1.5698,-1.5284,-0.0414,47.4021,small,0.657,True,da=-1.18km[small]
STARLINK-37163,53deg,mixed,2026-05-05 09:40:42+00:00,2026-05-05 17:32:42+00:00,7.87,6824.349,446.21,0.001348,53.2983,55.9582,176.7416,-1.1736,-0.000501,-0.00533,-1.5303,-1.5411,0.0108,20.7662,small,0.657,True,da=-1.17km[small]
STARLINK-32045,53deg,mixed,2026-05-05 02:40:42+00:00,2026-05-05 10:35:42+00:00,7.92,6859.782,481.64,0.001271,53.282,134.7213,0.481,-1.1796,0.000238,-0.00021,-1.5127,-1.5235,0.0108,18.1336,small,0.655,True,da=-1.18km[small]
STARLINK-35299,53deg,phasing,2026-05-03 18:05:42+00:00,2026-05-04 10:06:42+00:00,16.02,6851.799,473.66,0.000945,53.1242,349.4315,233.3721,1.1777,-0.00016,-0.00223,-3.1438,-3.1046,-0.0392,78.2426,small,0.655,True,da=+1.18km[small]
STARLINK-31718,53deg,raising,2026-05-03 10:45:42+00:00,2026-05-03 18:39:42+00:00,7.9,6858.967,480.83,0.000534,43.0642,34.2724,101.6331,1.1777,0.000167,-0.00139,-1.8711,-1.8575,-0.0136,12.3586,small,0.654,True,da=+1.18km[small]
STARLINK-32886,53deg,mixed,2026-05-05 22:22:42+00:00,2026-05-06 02:20:42+00:00,3.97,6859.692,481.55,0.001424,53.2775,43.3627,8.3567,-1.1756,-0.000625,-0.00552,-0.7555,-0.7635,0.008,-168.8331,small,0.653,True,da=-1.18km[small]
STARLINK-34876,SSO,phasing,2026-05-06 02:12:42+00:00,2026-05-06 10:09:42+00:00,7.95,6917.47,539.33,0.002743,97.5223,357.7154,250.1195,1.1888,-0.000185,0.00291,0.3221,0.3252,-0.003,-5.6344,small,0.652,True,da=+1.19km[small]
STARLINK-31613,53deg,mixed,2026-05-03 18:42:42+00:00,2026-05-04 10:42:42+00:00,16.0,6852.564,474.43,0.001171,53.2165,25.4955,49.3311,-1.1701,-0.000126,-0.00933,-3.1357,-3.0956,-0.0401,74.6568,small,0.651,True,da=-1.17km[small]
STARLINK-36768,SSO,mixed,2026-05-04 21:09:42+00:00,2026-05-05 01:40:42+00:00,4.52,6848.236,470.1,0.000923,97.172,312.8644,198.2132,-1.1688,0.000657,-0.00155,0.1912,0.1826,0.0086,-41.7966,small,0.651,True,da=-1.17km[small]
STARLINK-35116,53deg,mixed,2026-05-02 18:07:42+00:00,2026-05-03 02:01:42+00:00,7.9,6848.704,470.57,0.00145,53.1272,353.8165,251.3872,-1.1656,0.00019,-0.00637,-1.5372,-1.5346,-0.0026,14.2806,small,0.649,True,da=-1.17km[small]
STARLINK-32262,53deg,mixed,2026-05-04 20:29:42+00:00,2026-05-05 02:39:42+00:00,6.17,6720.848,342.71,0.001339,53.0812,196.4465,273.5692,1.1307,-0.000382,0.00777,-1.2882,-1.28,-0.0082,16.4566,small,0.648,True,da=+1.13km[small]
STARLINK-30964,53deg,mixed,2026-05-04 10:51:42+00:00,2026-05-04 20:02:42+00:00,9.18,6865.159,487.02,0.001227,43.1582,97.2724,31.1978,1.1668,-0.000506,0.00796,-2.2044,-2.1489,-0.0555,-53.2621,small,0.648,True,da=+1.17km[small]
STARLINK-31730,53deg,mixed,2026-05-03 10:38:42+00:00,2026-05-03 18:32:42+00:00,7.9,6867.348,489.21,0.001232,43.1002,34.473,11.2263,-1.1646,-2.3e-05,-0.01098,-1.8506,-1.8497,-0.0009,12.298,small,0.646,True,da=-1.16km[small]
STARLINK-5873,mid-inc,phasing,2026-05-03 03:09:42+00:00,2026-05-03 11:05:42+00:00,7.93,6956.445,578.31,0.000966,69.9287,327.0444,0.8242,-1.1857,-0.000416,-0.00226,-0.8396,-0.8345,-0.0051,-17.505,small,0.645,True,da=-1.19km[small]
STARLINK-32671,53deg,mixed,2026-05-03 02:34:42+00:00,2026-05-03 10:29:42+00:00,7.92,6867.64,489.5,0.000995,42.9323,323.6173,186.3089,-1.1619,-0.000326,-0.00623,-1.8523,-1.8583,0.006,16.0725,small,0.644,True,da=-1.16km[small]
STARLINK-30898,53deg,mixed,2026-05-06 02:51:42+00:00,2026-05-06 10:45:42+00:00,7.9,6845.928,467.79,0.000781,53.3233,93.9071,339.3899,1.1518,0.000522,0.00137,-1.5181,-1.5287,0.0106,19.2495,small,0.642,True,da=+1.15km[small]
STARLINK-31700,53deg,mixed,2026-05-03 10:41:42+00:00,2026-05-03 18:33:42+00:00,7.87,6850.368,472.23,0.000894,53.2148,26.9407,60.62,-1.1532,-0.000151,-0.01006,-1.5287,-1.5238,-0.0049,6.6545,small,0.642,True,da=-1.15km[small]
STARLINK-32767,53deg,mixed,2026-05-03 02:36:42+00:00,2026-05-03 10:31:42+00:00,7.92,6867.637,489.5,0.001067,42.9451,330.2491,185.2383,-1.1537,-0.000317,-0.00559,-1.8517,-1.8579,0.0062,16.1139,small,0.64,True,da=-1.15km[small]
STARLINK-32665,53deg,mixed,2026-05-05 02:40:42+00:00,2026-05-05 10:33:42+00:00,7.88,6861.27,483.13,0.000329,42.8806,311.8814,237.4799,-1.1524,0.000119,-0.00675,-1.8655,-1.8581,-0.0074,8.4911,small,0.64,True,da=-1.15km[small]
STARLINK-5522,mid-inc,phasing,2026-05-05 19:18:42+00:00,2026-05-05 21:39:42+00:00,2.35,6955.448,577.31,0.000582,69.9172,320.1073,194.5565,1.1664,0.000368,-0.00037,-0.2519,-0.2473,-0.0046,167.8525,small,0.635,True,da=+1.17km[small]
STARLINK-30881,53deg,mixed,2026-05-03 18:56:42+00:00,2026-05-04 10:47:42+00:00,15.85,6860.152,482.01,0.000478,42.9229,333.8629,245.3136,-1.141,0.000171,-0.01343,-3.7666,-3.7356,-0.031,36.0715,small,0.634,True,da=-1.14km[small]
STARLINK-32710,53deg,mixed,2026-05-05 18:26:42+00:00,2026-05-05 22:24:42+00:00,3.97,6864.935,486.8,0.001219,42.9053,314.9801,146.9618,1.1432,-0.000553,0.00371,-0.9271,-0.9322,0.0051,-170.129,small,0.634,True,da=+1.14km[small]
STARLINK-34493,53deg,phasing,2026-05-02 10:14:42+00:00,2026-05-02 18:06:42+00:00,7.87,6855.595,477.46,0.000598,53.0588,226.984,324.1035,1.1388,4.2e-05,0.00696,-1.5184,-1.524,0.0056,6.6399,small,0.633,True,da=+1.14km[small]
STARLINK-37054,53deg,mixed,2026-05-03 17:39:42+00:00,2026-05-04 09:35:42+00:00,15.93,6856.18,478.04,0.001426,53.0258,282.3493,147.2757,1.134,-0.000787,-0.00116,-3.0486,-3.0886,0.04,59.202,small,0.631,True,da=+1.13km[small]
STARLINK-31852,53deg,mixed,2026-05-02 18:38:42+00:00,2026-05-03 02:33:42+00:00,7.92,6866.5,488.36,0.001279,42.9246,320.9401,157.6631,1.1294,-9.8e-05,-0.00037,-1.8493,-1.8585,0.0092,16.0938,small,0.627,True,da=+1.13km[small]
STARLINK-31706,53deg,mixed,2026-05-05 10:52:42+00:00,2026-05-05 18:46:42+00:00,7.9,6859.734,481.6,0.001366,53.2272,19.6696,4.0255,-1.1259,0.000107,-0.00892,-1.5214,-1.5225,0.0011,14.3254,small,0.626,True,da=-1.13km[small]
STARLINK-31857,53deg,mixed,2026-05-02 18:39:42+00:00,2026-05-03 02:34:42+00:00,7.92,6866.222,488.09,0.00064,42.9371,328.3133,335.6068,1.1281,0.000386,-0.00137,-1.8478,-1.8584,0.0106,16.114,small,0.626,True,da=+1.13km[small]
STARLINK-36705,SSO,phasing,2026-05-02 17:43:42+00:00,2026-05-03 01:48:42+00:00,8.08,6846.206,468.07,0.000898,97.1636,234.3013,333.295,-1.1207,0.000657,0.00258,0.3239,0.3268,-0.0028,58.1022,small,0.625,True,da=-1.12km[small]
STARLINK-31501,53deg,mixed,2026-05-04 10:46:42+00:00,2026-05-04 20:09:42+00:00,9.38,6864.887,486.75,0.001155,42.8899,304.9272,146.9788,-1.1239,-4.7e-05,-0.00793,-2.2137,-2.2072,-0.0065,-7.4143,small,0.624,True,da=-1.12km[small]
STARLINK-37036,53deg,mixed,2026-05-03 01:38:42+00:00,2026-05-03 09:48:42+00:00,8.17,6795.65,417.51,0.000921,53.0099,284.9875,307.6503,1.107,0.000232,0.00232,-1.5826,-1.6335,0.0509,98.9676,small,0.624,True,da=+1.11km[small]
STARLINK-34826,53deg,mixed,2026-05-02 18:10:42+00:00,2026-05-03 02:05:42+00:00,7.92,6847.53,469.39,0.001671,52.9931,276.8622,269.7788,1.1188,-0.000179,0.00295,-1.5491,-1.5425,-0.0066,18.0994,small,0.623,True,da=+1.12km[small]
STARLINK-11237,53deg,mixed,2026-05-04 19:42:42+00:00,2026-05-05 03:22:42+00:00,7.67,6741.512,363.37,0.000601,53.2972,63.9113,331.4997,1.0932,0.000104,0.00439,-1.5671,-1.5665,-0.0006,6.208,small,0.623,True,da=+1.09km[small]
STARLINK-30881,53deg,mixed,2026-05-05 21:56:42+00:00,2026-05-06 02:47:42+00:00,4.85,6860.133,482.0,0.000757,42.896,321.8469,64.9997,-1.1155,-0.000227,-0.01058,-1.173,-1.1435,-0.0295,32.6963,small,0.62,True,da=-1.12km[small]
STARLINK-37213,SSO,raising,2026-05-04 09:32:42+00:00,2026-05-04 21:14:42+00:00,11.7,6781.637,403.5,0.001213,97.2752,355.6022,54.8443,1.0971,0.001715,0.00326,0.4962,0.4962,-0.0001,-159.1923,small,0.62,True,da=+1.10km[small] | de=+0.00172
STARLINK-34574,mid-inc,phasing,2026-05-03 02:15:42+00:00,2026-05-03 10:12:42+00:00,7.95,6956.53,578.39,0.00086,70.0212,176.9451,178.7396,-1.1389,0.000141,0.00326,-0.8407,-0.8324,-0.0082,-13.7569,small,0.62,True,da=-1.14km[small]
STARLINK-30930,53deg,mixed,2026-05-05 18:42:42+00:00,2026-05-05 21:56:42+00:00,3.23,6836.204,458.07,0.001499,53.2916,94.9684,251.3666,-1.1078,0.000188,-0.00664,-0.6516,-0.6297,-0.0219,24.5521,small,0.619,True,da=-1.11km[small]
STARLINK-37036,53deg,mixed,2026-05-04 21:05:42+00:00,2026-05-05 01:42:42+00:00,4.62,6800.324,422.19,0.000587,53.0244,276.3181,331.0378,-1.0921,-5.3e-05,-0.00568,-0.9241,-0.9215,-0.0026,-6.4823,small,0.615,True,da=-1.09km[small]
STARLINK-34860,53deg,mixed,2026-05-05 10:07:42+00:00,2026-05-05 18:13:42+00:00,8.1,6850.003,471.87,0.001307,53.0014,264.3892,243.0062,1.1031,-0.000177,0.00604,-1.6101,-1.5759,-0.0342,60.1344,small,0.614,True,da=+1.10km[small]
STARLINK-36999,53deg,raising,2026-05-04 21:05:42+00:00,2026-05-05 01:45:42+00:00,4.67,6840.46,462.32,0.001192,53.2792,57.1937,47.9161,1.0995,7.8e-05,0.00539,-0.9055,-0.9065,0.0009,-5.3272,small,0.614,True,da=+1.10km[small]
STARLINK-31696,53deg,mixed,2026-05-05 10:45:42+00:00,2026-05-05 18:41:42+00:00,7.93,6847.524,469.39,0.001697,53.1842,17.6993,264.6482,1.0999,-0.000143,-0.00351,-1.5558,-1.539,-0.0168,21.9166,small,0.613,True,da=+1.10km[small]
STARLINK-31730,53deg,mixed,2026-05-05 02:51:42+00:00,2026-05-05 10:44:42+00:00,7.88,6861.214,483.08,0.000327,43.053,25.0381,237.2246,-1.1019,0.000153,-0.0092,-1.858,-1.853,-0.0051,8.4693,small,0.612,True,da=-1.10km[small]
STARLINK-34688,53deg,mixed,2026-05-02 18:05:42+00:00,2026-05-03 02:11:42+00:00,8.1,6856.07,477.93,0.001392,53.2661,43.153,147.1528,1.1003,-0.000774,0.00186,-1.5227,-1.5614,0.0387,60.2079,small,0.612,True,da=+1.10km[small]
STARLINK-37065,53deg,mixed,2026-05-02 09:46:42+00:00,2026-05-02 17:41:42+00:00,7.92,6836.095,457.96,0.000554,53.0041,289.2054,73.3161,-1.096,-0.000212,-0.00188,-1.5645,-1.5521,-0.0124,23.1547,small,0.612,True,da=-1.10km[small]
STARLINK-32664,53deg,phasing,2026-05-04 20:26:42+00:00,2026-05-05 02:40:42+00:00,6.23,6805.878,427.74,0.001543,42.8723,307.0725,305.4333,1.0862,0.000204,0.00143,-1.5142,-1.5107,-0.0034,7.6506,small,0.611,True,da=+1.09km[small]
STARLINK-36705,SSO,phasing,2026-05-05 23:12:42+00:00,2026-05-06 01:32:42+00:00,2.33,6843.618,465.48,0.001467,97.1611,237.4835,144.337,-1.0896,-0.000129,0.00187,0.0972,0.0944,0.0028,176.1348,small,0.608,True,da=-1.09km[small]
STARLINK-32667,53deg,mixed,2026-05-03 18:35:42+00:00,2026-05-04 10:34:42+00:00,15.98,6860.813,482.68,0.000356,42.8961,319.0552,240.0904,1.0937,-0.000106,-0.00287,-3.8216,-3.7649,-0.0567,66.6361,small,0.608,True,da=+1.09km[small]
STARLINK-37366,SSO,mixed,2026-05-04 21:22:42+00:00,2026-05-05 01:39:42+00:00,4.28,6723.154,345.02,0.001057,97.2089,330.1778,212.4159,-1.0582,0.000435,-0.00373,0.1967,0.1856,0.0111,-68.6455,small,0.606,True,da=-1.06km[small]
STARLINK-35231,53deg,mixed,2026-05-03 18:11:42+00:00,2026-05-04 10:08:42+00:00,15.95,6855.888,477.75,0.001424,53.1331,192.5784,146.186,1.0868,-0.000814,0.01392,-3.0465,-3.0841,0.0375,63.0087,small,0.604,True,da=+1.09km[small]
STARLINK-34823,53deg,mixed,2026-05-05 18:13:42+00:00,2026-05-05 22:52:42+00:00,4.65,6858.622,480.48,0.001513,53.0295,262.6646,18.6956,1.0874,-0.000126,0.00163,-0.9104,-0.9002,-0.0102,-12.0928,small,0.604,True,da=+1.09km[small]
STARLINK-32190,53deg,mixed,2026-05-05 02:40:42+00:00,2026-05-05 10:32:42+00:00,7.87,6850.032,471.89,0.001283,53.232,34.6444,242.5846,-1.0829,0.000192,-0.00688,-1.524,-1.5233,-0.0007,6.6328,small,0.603,True,da=-1.08km[small]
STARLINK-30201,53deg,mixed,2026-05-06 02:49:42+00:00,2026-05-06 10:45:42+00:00,7.93,6866.67,488.53,0.001247,42.8766,258.6483,162.0899,1.0872,-7.6e-05,0.00206,-1.8575,-1.8637,0.0062,19.9008,small,0.603,True,da=+1.09km[small]
STARLINK-36702,SSO,mixed,2026-05-05 01:45:42+00:00,2026-05-05 09:39:42+00:00,7.9,6831.215,453.08,0.003059,97.1709,236.6027,268.6208,1.0749,-0.000184,-0.00435,0.3288,0.3218,0.0069,15.9027,small,0.601,True,da=+1.07km[small]
STARLINK-32655,53deg,mixed,2026-05-03 02:36:42+00:00,2026-05-03 10:32:42+00:00,7.93,6858.762,480.62,0.000723,42.891,323.4172,271.6327,1.0792,-0.000218,0.00459,-1.8901,-1.8707,-0.0194,19.942,small,0.6,True,da=+1.08km[small]
STARLINK-35384,53deg,mixed,2026-05-03 02:01:42+00:00,2026-05-03 09:55:42+00:00,7.9,6847.466,469.33,0.001706,53.2683,118.3844,272.7081,1.0756,-0.00017,0.00695,-1.5349,-1.5294,-0.0054,14.2757,small,0.599,True,da=+1.08km[small]
STARLINK-37042,53deg,phasing,2026-05-05 23:11:42+00:00,2026-05-06 01:43:42+00:00,2.53,6822.108,443.97,0.00149,53.2883,53.1008,153.2205,1.0672,1.3e-05,0.00375,-0.4616,-0.4966,0.035,-133.8951,small,0.598,True,da=+1.07km[small]
STARLINK-36389,SSO,mixed,2026-05-04 21:13:42+00:00,2026-05-05 01:53:42+00:00,4.67,6832.998,454.86,0.002777,97.1807,312.9042,288.3461,-1.0698,0.000151,-0.00269,0.1894,0.1903,-0.0009,-7.2786,small,0.598,True,da=-1.07km[small]
STARLINK-34474,53deg,mixed,2026-05-03 10:16:42+00:00,2026-05-03 18:08:42+00:00,7.87,6850.348,472.21,0.00089,53.0521,222.2597,118.5883,1.0728,0.000178,0.00561,-1.5237,-1.5284,0.0047,6.6785,small,0.597,True,da=+1.07km[small]
STARLINK-30813,53deg,mixed,2026-05-04 20:00:42+00:00,2026-05-05 03:02:42+00:00,7.03,6863.669,485.53,0.00108,42.8773,236.574,138.6039,-1.0744,-0.000914,0.00187,-1.6596,-1.6557,-0.0039,173.4033,small,0.596,True,da=-1.07km[small]
STARLINK-30236,53deg,phasing,2026-05-02 10:37:42+00:00,2026-05-02 18:44:42+00:00,8.12,6864.72,486.58,0.001136,42.8628,279.3054,144.9678,1.0727,-0.000523,0.00658,-1.8604,-1.909,0.0486,61.9646,small,0.595,True,da=+1.07km[small]
STARLINK-35290,53deg,phasing,2026-05-03 02:01:42+00:00,2026-05-03 09:54:42+00:00,7.88,6858.554,480.42,0.000843,53.1357,195.1067,341.4668,1.069,0.000254,0.00827,-1.5218,-1.5222,0.0004,10.4496,small,0.594,True,da=+1.07km[small]
STARLINK-34574,mid-inc,phasing,2026-05-04 10:21:42+00:00,2026-05-04 20:48:42+00:00,10.45,6955.925,577.79,0.000606,70.0311,173.5794,191.1382,-1.0899,0.00041,0.00098,-1.0959,-1.0941,-0.0018,-172.1752,small,0.593,True,da=-1.09km[small]
STARLINK-31552,53deg,mixed,2026-05-03 10:41:42+00:00,2026-05-03 18:38:42+00:00,7.95,6866.517,488.38,0.000767,42.9063,310.7254,339.5121,1.0665,0.000376,0.00287,-1.8513,-1.8668,0.0156,23.7737,small,0.592,True,da=+1.07km[small]
STARLINK-32778,53deg,mixed,2026-05-03 02:38:42+00:00,2026-05-03 10:21:42+00:00,7.72,6859.894,481.76,0.000558,42.9115,330.8512,291.1394,-1.0619,0.000115,-0.00456,-1.7916,-1.8191,0.0275,-29.7508,small,0.59,True,da=-1.06km[small]
STARLINK-32787,53deg,lowering,2026-05-05 18:28:42+00:00,2026-05-05 22:25:42+00:00,3.95,6857.54,479.4,0.000695,53.2697,44.107,204.5665,-1.0534,0.000755,-0.00211,-0.7614,-0.7612,-0.0001,-173.0874,small,0.586,True,da=-1.05km[small]
STARLINK-32778,53deg,mixed,2026-05-05 18:32:42+00:00,2026-05-05 22:19:42+00:00,3.78,6867.309,489.17,0.000983,42.9173,315.8173,190.2707,-1.0569,-0.000246,-0.00592,-0.9203,-0.8884,-0.0318,147.8153,small,0.586,True,da=-1.06km[small]
STARLINK-30283,53deg,phasing,2026-05-05 03:05:42+00:00,2026-05-05 10:59:42+00:00,7.9,6847.519,469.38,0.000324,53.0165,304.5547,92.9264,1.0506,0.00028,0.00054,-1.5439,-1.5385,-0.0054,14.3375,small,0.585,True,da=+1.05km[small]
STARLINK-35418,53deg,mixed,2026-05-06 02:11:42+00:00,2026-05-06 10:04:42+00:00,7.88,6859.649,481.51,0.001093,53.2465,27.6839,188.4803,-1.0508,-0.000292,-0.00673,-1.5158,-1.5186,0.0028,10.3975,small,0.584,True,da=-1.05km[small]
STARLINK-30201,53deg,mixed,2026-05-03 10:57:42+00:00,2026-05-03 18:53:42+00:00,7.93,6858.632,480.5,0.000698,42.8348,273.73,270.4787,1.0487,-0.000159,0.00701,-1.8861,-1.8725,-0.0136,19.9718,small,0.583,True,da=+1.05km[small]
STARLINK-32192,53deg,mixed,2026-05-04 20:13:42+00:00,2026-05-05 02:41:42+00:00,6.47,6858.44,480.3,0.000765,53.2573,35.5839,340.7094,-1.0484,0.000694,-0.00519,-1.213,-1.2461,0.0331,45.1333,small,0.583,True,da=-1.05km[small]
STARLINK-36702,SSO,mixed,2026-05-05 23:09:42+00:00,2026-05-06 01:29:42+00:00,2.33,6844.692,466.55,0.001533,97.1606,237.4853,147.8508,-1.0448,-0.000345,0.00191,0.0973,0.0944,0.0029,176.1184,small,0.582,True,da=-1.04km[small]
STARLINK-32664,53deg,phasing,2026-05-05 10:33:42+00:00,2026-05-05 18:28:42+00:00,7.92,6810.775,432.64,0.00223,42.891,303.6557,344.1039,-1.032,-0.000526,-0.00442,-1.8829,-1.9144,0.0315,38.8312,small,0.58,True,da=-1.03km[small]
STARLINK-34447,mid-inc,phasing,2026-05-02 10:12:42+00:00,2026-05-02 18:08:42+00:00,7.93,6955.434,577.3,0.000497,70.0185,178.5813,195.0459,1.0635,0.000355,0.00148,-0.8429,-0.8308,-0.0121,-17.497,small,0.579,True,da=+1.06km[small]
STARLINK-36687,SSO,phasing,2026-05-04 21:01:42+00:00,2026-05-05 01:42:42+00:00,4.68,6842.367,464.23,0.001406,97.1612,236.5194,140.6664,-1.0372,-5e-05,0.00367,0.193,0.1896,0.0033,-3.4451,small,0.578,True,da=-1.04km[small]
STARLINK-30295,53deg,mixed,2026-05-05 19:03:42+00:00,2026-05-05 22:06:42+00:00,3.05,6848.479,470.34,0.000584,53.0174,301.529,107.4987,-1.0361,-0.000263,-0.00552,-0.5751,-0.594,0.0189,-19.582,small,0.577,True,da=-1.04km[small]
STARLINK-30882,53deg,phasing,2026-05-06 02:51:42+00:00,2026-05-06 10:46:42+00:00,7.92,6835.063,456.93,0.000378,53.2904,93.8487,84.0495,1.0315,0.000228,-0.00035,-1.5549,-1.5417,-0.0132,23.1368,small,0.576,True,da=+1.03km[small]
STARLINK-31613,53deg,mixed,2026-05-05 02:54:42+00:00,2026-05-05 10:46:42+00:00,7.87,6849.691,471.55,0.001331,53.1951,19.2664,244.4195,-1.0335,0.000177,-0.0069,-1.5246,-1.5249,0.0003,6.6304,small,0.575,True,da=-1.03km[small]
STARLINK-30321,53deg,mixed,2026-05-06 02:49:42+00:00,2026-05-06 10:44:42+00:00,7.92,6859.849,481.71,0.001262,53.0477,299.5626,358.52,-1.0287,0.0002,-0.00622,-1.5214,-1.5319,0.0105,18.1152,small,0.572,True,da=-1.03km[small]
STARLINK-35299,53deg,phasing,2026-05-02 09:53:42+00:00,2026-05-02 18:09:42+00:00,8.27,6855.139,477.0,0.001323,53.1515,355.6702,38.1496,-1.0257,-8.5e-05,-0.00933,-1.6524,-1.5996,-0.0527,98.6746,small,0.57,True,da=-1.03km[small]
STARLINK-6096,53deg,mixed,2026-05-05 21:32:42+00:00,2026-05-06 03:07:42+00:00,5.58,6866.622,488.48,0.000824,42.9723,197.7654,340.6835,1.0264,0.0003,0.00868,-1.2956,-1.3096,0.014,-158.9984,small,0.569,True,da=+1.03km[small]
STARLINK-31413,53deg,mixed,2026-05-02 10:34:42+00:00,2026-05-02 18:31:42+00:00,7.95,6858.768,480.63,0.000471,42.8787,315.8463,87.6225,1.0244,0.000209,0.00187,-1.8987,-1.8751,-0.0236,23.8019,small,0.569,True,da=+1.02km[small]
STARLINK-30938,53deg,lowering,2026-05-06 02:51:42+00:00,2026-05-06 10:46:42+00:00,7.92,6848.518,470.38,0.001514,53.2898,94.2289,253.1356,-1.0208,0.000186,-0.00649,-1.5416,-1.5321,-0.0095,18.1001,small,0.569,True,da=-1.02km[small]
STARLINK-6075,53deg,raising,2026-05-05 03:19:42+00:00,2026-05-05 11:19:42+00:00,8.0,6859.064,480.93,0.000534,42.9287,202.1852,79.285,1.0224,0.00019,0.01059,-1.918,-1.8849,-0.0331,35.3004,small,0.568,True,da=+1.02km[small]
STARLINK-31851,53deg,mixed,2026-05-04 10:37:42+00:00,2026-05-04 20:12:42+00:00,9.58,6860.193,482.06,0.000703,42.8912,319.1327,66.3309,-1.0215,-0.000127,-0.00849,-2.2954,-2.2596,-0.0358,38.5314,small,0.567,True,da=-1.02km[small]
STARLINK-36773,SSO,phasing,2026-05-04 21:05:42+00:00,2026-05-05 01:46:42+00:00,4.68,6846.202,468.06,0.001577,97.1732,312.8559,152.8726,-1.0178,-4.3e-05,-0.00156,0.1916,0.1895,0.0021,-3.4768,small,0.567,True,da=-1.02km[small]
STARLINK-31718,53deg,raising,2026-05-05 18:40:42+00:00,2026-05-05 22:06:42+00:00,3.43,6865.264,487.13,0.000508,43.0611,21.1115,329.2797,-1.0186,0.000648,-0.00374,-0.7506,-0.8052,0.0546,67.6038,small,0.565,True,da=-1.02km[small]
STARLINK-32040,53deg,mixed,2026-05-03 18:42:42+00:00,2026-05-04 10:28:42+00:00,15.77,6847.438,469.3,0.000313,53.235,140.4657,86.0698,1.0117,0.0003,0.00828,-3.0654,-3.0548,-0.0106,20.9698,small,0.564,True,da=+1.01km[small]
STARLINK-6095,53deg,mixed,2026-05-03 03:07:42+00:00,2026-05-03 11:04:42+00:00,7.95,6858.651,480.51,0.000704,42.9032,213.3291,266.8265,1.0129,-0.000134,0.00854,-1.897,-1.8744,-0.0227,23.771,small,0.563,True,da=+1.01km[small]
STARLINK-36382,SSO,mixed,2026-05-05 01:53:42+00:00,2026-05-05 09:48:42+00:00,7.92,6829.913,451.78,0.002828,97.1778,313.0774,254.9707,-1.0058,0.000181,0.00307,0.3292,0.3234,0.0058,20.7384,small,0.562,True,da=-1.01km[small]
STARLINK-34909,SSO,mixed,2026-05-03 18:07:42+00:00,2026-05-04 10:05:42+00:00,15.97,6919.116,540.98,0.001022,97.5264,355.4101,116.8302,1.0226,2.3e-05,0.00129,0.6481,0.6529,-0.0048,3.767,small,0.561,True,da=+1.02km[small]
STARLINK-30313,53deg,mixed,2026-05-05 22:03:42+00:00,2026-05-06 02:43:42+00:00,4.67,6858.819,480.68,0.001501,53.049,300.8632,163.7321,-1.0085,-1.2e-05,-0.00535,-0.91,-0.9034,-0.0066,-8.2772,small,0.56,True,da=-1.01km[small]
STARLINK-30906,53deg,mixed,2026-05-06 02:45:42+00:00,2026-05-06 10:54:42+00:00,8.15,6865.263,487.13,0.000453,43.1596,91.6013,328.0445,-1.0098,0.000718,-0.00687,-1.8536,-1.9083,0.0547,69.5878,small,0.56,True,da=-1.01km[small]
STARLINK-35276,53deg,mixed,2026-05-03 10:00:42+00:00,2026-05-03 18:13:42+00:00,8.22,6852.776,474.64,0.001183,53.0854,209.2642,48.918,1.0039,9.2e-05,0.00342,-1.6369,-1.5933,-0.0436,87.2014,small,0.559,True,da=+1.00km[small]
STARLINK-31922,53deg,mixed,2026-05-05 02:36:42+00:00,2026-05-05 10:30:42+00:00,7.9,6867.403,489.27,0.000945,42.914,315.2104,189.7143,-1.0062,-0.000267,-0.00565,-1.8528,-1.8551,0.0024,12.2934,small,0.558,True,da=-1.01km[small]
STARLINK-34572,mid-inc,mixed,2026-05-04 10:22:42+00:00,2026-05-04 20:48:42+00:00,10.43,6943.874,565.74,0.001487,70.0128,173.5356,240.8802,-1.0149,-0.000757,0.00138,-1.0981,-1.0999,0.0018,-175.8794,small,0.554,True,da=-1.01km[small]
STARLINK-36768,SSO,mixed,2026-05-05 23:13:42+00:00,2026-05-06 01:33:42+00:00,2.33,6833.396,455.26,0.000834,97.1791,313.9332,69.874,0.8349,0.001746,-0.00078,0.0954,0.0951,0.0003,176.4489,none,0.467,True,de=+0.00175
STARLINK-37051,53deg,raising,2026-05-03 17:43:42+00:00,2026-05-04 09:37:42+00:00,15.9,6814.267,436.13,0.001486,53.0317,280.9045,161.5192,-0.815,-9.2e-05,-0.03242,-3.1148,-3.1513,0.0365,83.8333,none,0.457,True,di=-0.0324deg
STARLINK-33946,mid-inc,mixed,2026-05-04 10:13:42+00:00,2026-05-04 20:31:42+00:00,10.3,6941.025,562.89,0.002015,69.9235,333.606,285.8223,-0.8282,-0.001287,-0.00242,-1.0721,-1.0921,0.02,154.2613,none,0.452,True,de=-0.00129
STARLINK-34496,53deg,phasing,2026-05-04 20:49:42+00:00,2026-05-05 02:11:42+00:00,5.37,6811.882,433.74,0.001702,53.0561,214.6013,272.3829,0.7761,-0.001134,0.00745,-1.0425,-1.0634,0.0209,162.1543,none,0.436,True,de=-0.00113
STARLINK-37366,SSO,mixed,2026-05-05 23:25:42+00:00,2026-05-06 01:43:42+00:00,2.3,6713.492,335.36,0.002512,97.2151,331.317,243.2194,-0.756,-0.001544,-0.00148,0.0994,0.1002,-0.0009,-177.0845,none,0.434,True,de=-0.00154
STARLINK-34024,mid-inc,phasing,2026-05-05 18:34:42+00:00,2026-05-05 22:33:42+00:00,3.98,6941.271,563.13,0.001978,69.9182,330.2742,287.7685,-0.7361,-0.001279,-0.00335,-0.4149,-0.4224,0.0075,175.0479,none,0.402,True,de=-0.00128
STARLINK-37163,53deg,mixed,2026-05-05 23:16:42+00:00,2026-05-06 01:41:42+00:00,2.42,6812.153,434.02,0.000338,53.2577,53.2867,84.3589,0.6593,0.001244,0.00122,-0.4891,-0.4766,-0.0125,-160.6857,none,0.37,True,de=+0.00124
STARLINK-36811,SSO,phasing,2026-05-05 23:14:42+00:00,2026-05-06 01:36:42+00:00,2.37,6832.671,454.53,0.002858,97.18,314.0124,253.7997,-0.6296,-0.002171,0.00097,0.0968,0.0965,0.0002,-176.0676,none,0.352,True,de=-0.00217
STARLINK-34474,53deg,mixed,2026-05-04 20:42:42+00:00,2026-05-05 02:04:42+00:00,5.37,6848.461,470.32,0.000594,53.0582,215.5983,106.4537,-0.6156,0.00102,0.00302,-1.0161,-1.044,0.0279,152.478,none,0.343,True,de=+0.00102
STARLINK-37029,53deg,mixed,2026-05-04 09:37:42+00:00,2026-05-04 21:10:42+00:00,11.55,6790.954,412.82,0.000287,53.2653,60.5319,91.3956,0.5679,0.00132,-0.00055,-2.2878,-2.3025,0.0147,165.7264,none,0.32,True,de=+0.00132
STARLINK-37447,SSO,mixed,2026-05-05 23:21:42+00:00,2026-05-06 01:39:42+00:00,2.3,6711.907,333.77,0.002747,97.2166,331.3238,249.4596,-0.5293,-0.001881,-0.00177,0.0996,0.1003,-0.0007,-177.0452,none,0.304,True,de=-0.00188
STARLINK-34680,53deg,phasing,2026-05-04 20:44:42+00:00,2026-05-05 02:08:42+00:00,5.4,6847.605,469.47,0.001675,52.9918,267.2227,275.567,0.5069,-0.001157,0.00248,-1.0302,-1.0523,0.0221,160.1291,none,0.282,True,de=-0.00116
STARLINK-36999,53deg,raising,2026-05-05 23:08:42+00:00,2026-05-06 01:28:42+00:00,2.33,6836.161,458.02,0.001522,53.2597,52.0914,286.9676,-0.3839,-0.001016,-0.00081,-0.4509,-0.4546,0.0037,177.3768,none,0.214,True,de=-0.00102
STARLINK-36962,53deg,phasing,2026-05-05 23:10:42+00:00,2026-05-06 01:38:42+00:00,2.47,6828.429,450.29,0.001379,53.2641,52.2217,245.328,-0.3564,-0.001043,-0.00669,-0.5022,-0.4825,-0.0197,-151.0292,none,0.199,True,de=-0.00104
STARLINK-37405,SSO,mixed,2026-05-05 23:19:42+00:00,2026-05-06 01:36:42+00:00,2.28,6715.741,337.6,0.002159,97.2146,331.3187,235.6155,0.2737,-0.001018,-0.00237,0.098,0.0994,-0.0013,178.9582,none,0.157,True,de=-0.00102
STARLINK-36354,SSO,mixed,2026-05-05 17:47:42+00:00,2026-05-05 23:12:42+00:00,5.42,6831.382,453.25,0.003043,97.1825,313.7236,275.9592,0.254,-0.002385,-0.00275,0.2186,0.2211,-0.0024,165.1079,none,0.142,True,de=-0.00238
STARLINK-35131,53deg,phasing,2026-05-04 20:44:42+00:00,2026-05-05 02:07:42+00:00,5.38,6847.86,469.72,0.001606,53.1017,344.1461,280.2249,0.2313,-0.0011,-0.00403,-1.0222,-1.0464,0.0242,156.3168,none,0.129,True,de=-0.00110
STARLINK-30923,53deg,raising,2026-05-04 19:57:42+00:00,2026-05-05 02:58:42+00:00,7.02,6840.364,462.23,0.000409,53.2859,99.9468,96.0847,-0.1726,0.001349,0.00122,-1.3584,-1.3633,0.0049,173.9672,none,0.096,True,de=+0.00135
STARLINK-37063,53deg,mixed,2026-05-05 23:14:42+00:00,2026-05-06 01:40:42+00:00,2.43,6847.866,469.73,0.000423,52.9929,272.265,79.2075,-0.0006,0.001215,0.00107,-0.4875,-0.4742,-0.0133,-161.1752,none,0.0,True,de=+0.00121
