NORAD_ID,COSPAR_ID,NAME,MEAN_ALT_KM
22,1959-009A,EXPLORER 7,491.4
29,1960-002B,TIROS 1,640.7
45,1960-007A,TRANSIT 2A,779.2
46,1960-007B,SOLRAD 1 (GREB),717.4
47,1960-007C,THOR ABLESTAR R/B,748.5
116,1961-015A,TRANSIT 4A,927.7
117,1961-015B,SOLRAD 3/INJUN 1,935.1
118,1961-015C,THOR ABLESTAR R/B,891.6
162,1961-017A,TIROS 3,748.0
226,1962-002A,TIROS 4,742.1
309,1962-025A,TIROS 5,698.4
369,1962-039A,FTV 3502,598.8
397,1962-047A,TIROS 6,587.1
716,1963-054A,TIROS 8,658.4
727,1964-001A,THOR AGENA D R/B,915.6
728,1964-001B,GGSE 1 (GGRS),908.7
729,1964-001C,SECOR 1B,917.6
730,1964-001D,SOLRAD 7A,914.7
731,1964-001E,GREB,913.8
733,1964-002A,THOR AGENA D R/B,785.5
734,1964-002B,OPS 3367 A,800.0
735,1964-002C,OPS 3367 B,803.7
801,1964-026A,OPS 4412 (TRANSIT 9),842.6
809,1964-026D,SCOUT X-4 R/B,864.0
812,1964-031A,OPS 4467 A,817.1
813,1964-031B,OPS 4467 B,820.0
815,1964-031C,THOR AGENA D R/B,804.0
871,1964-051B,SCOUT X-4 R/B,898.7
876,1964-053A,COSMOS 44,682.0
877,1964-053B,SL-3 R/B,695.9
1208,1965-016E,SECOR 3,914.6
1244,1965-016B,GGSE 2,914.3
1245,1965-016J,THOR AGENA D R/B,909.1
1271,1965-016A,OPS 4988 (GREB 6),912.6
1272,1965-016H,PORCUPINE 1,920.0
1291,1965-016D,SOLRAD 7B,918.5
1292,1965-016C,GGSE 3,895.5
1293,1965-016F,OSCAR 3,872.0
1430,1965-051A,TIROS 10,760.4
1433,1965-051B,DELTA 1 R/B,692.1
1510,1965-065C,DODECAPOLE 2,864.2
1580,1965-072A,OPS 8068,800.2
1583,1965-072D,THOR ALTAIR R/B,684.8
1641,1965-082C,OV2-1,717.2
1738,1965-093A,EXPLORER 30,759.7
1739,1965-093B,SCOUT X-4 R/B,716.0
1814,1965-101A,FR 1,663.3
1815,1965-101B,SCOUT X-4 R/B,600.4
1982,1966-008A,ESSA 1 (OT-3),738.3
1983,1966-008B,DELTA 1 R/B,672.9
2125,1966-026A,OPS 0340,698.2
2142,1966-031A,OAO 1,783.3
2144,1966-031B,ATLAS AGENA D R/B,749.5
2176,1966-041A,OPS 0082 (TRANSIT 13),886.1
2180,1966-041B,SCOUT A R/B,897.2
2418,1966-082A,OPS 6026 (DMSP 4A F1),753.0
2422,1966-082B,THOR BURNER 2 R/B,743.6
2621,1966-111C,OV1-10 R/B,619.2
2669,1967-010A,OPS 6073 (DMSP 4A F2),804.9
2674,1967-011A,DIADEME 1,655.6
2741,1967-010B,THOR BURNER 2 R/B,801.5
2801,1967-045A,COSMOS 158,775.8
2802,1967-045B,SL-8 R/B,747.1
2825,1967-053B,THOR AGENA D R/B,908.9
2826,1967-053A,OPS 5712 (P/L 160),647.5
2828,1967-053C,GGSE 4,907.7
2834,1967-053D,GGSE 5,914.2
2847,1967-053E,TIMATION 1,890.8
2872,1967-053F,SURCAL 159,902.4
2873,1967-053G,OPS 5712 (P/L 152),906.1
2874,1967-053H,OPS 5712 (P/L 153),912.0
2920,1967-080A,OPS 7202 (DMSP 4A F3),848.5
2940,1967-080B,THOR BURNER 2 R/B,841.8
2980,1967-096A,OPS 1264 (DMSP 4A F4),690.9
2985,1967-096B,THOR BURNER 2 R/B,670.1
3047,1967-116A,COSMOS 192,708.3
3048,1967-116B,SL-8 R/B,689.6
3081,1967-127A,COSMOS 198,923.9
3158,1968-023A,COSMOS 209,908.1
3229,1968-040A,COSMOS 220,634.2
3230,1968-040B,SL-8 R/B,563.7
3266,1968-042A,OPS 7869 (DMSP 4B F1),846.5
3271,1968-042B,THOR BURNER 2 R/B,840.6
3510,1968-092A,OPS 4078 (DMSP 4B F2),804.8
3522,1968-092B,THOR BURNER 2 R/B,795.6
3597,1968-110A,OAO 2,741.6
3598,1968-110B,ATLAS CENTAUR R/B,708.1
4047,1969-062A,OPS 1127 (DMSP 4B F3),800.6
4048,1969-062B,THOR BURNER 2 R/B,791.5
4070,1969-070A,COSMOS 292,715.2
4071,1969-070B,SL-8 R/B,679.1
4132,1969-082K,SOICAL (CONE),792.9
4138,1969-091A,COSMOS 304,744.4
4139,1969-091B,SL-8 R/B,679.4
4168,1969-082H,TEMPSAT 2,914.8
4221,1969-097A,AZUR (GRS A),488.9
4237,1969-082E,OPS 7613 (P/L 4),914.9
4247,1969-082F,OPS 7613 (P/L 5),914.9
4256,1969-082B,OPS 7613 (P/L 1),903.8
4257,1969-082C,TIMATION 2,913.6
4259,1969-082D,OPS 7613 (P/L 3),917.9
4295,1969-082G,OPS 7613 (P/L 6),916.3
4331,1970-012A,OPS 0054 (DMSP 5A F1),783.6
4332,1970-012B,THOR BURNER 2 R/B,792.2
4369,1970-028A,COSMOS 332,722.5
4370,1970-028B,SL-8 R/B,689.7
4419,1970-047A,METEOR 1-5,845.5
4420,1970-047B,SL-3 R/B,857.6
4512,1970-070A,OPS 0203 (DMSP 5A F2),777.3
4513,1970-070B,THOR BURNER 2 R/B,783.0
4578,1970-083A,COSMOS 371,714.0
4579,1970-083B,SL-8 R/B,688.7
4588,1970-086A,COSMOS 372,775.9
4589,1970-086B,SL-8 R/B,754.7
4799,1970-108A,COSMOS 385,981.8
4800,1970-108B,SL-8 R/B,974.6
4922,1971-010A,COSMOS 394,430.5
4953,1971-012A,OPS 5268 (DMSP 5A F3),758.6
4954,1971-012B,THOR BURNER 2 R/B,766.5
5118,1971-028B,SL-3 R/B,387.1
5126,1971-011B,M-4S R/B,984.2
5174,1971-035A,COSMOS 407,784.8
5175,1971-035B,SL-8 R/B,767.3
5395,1971-067K,OV1-20/OV1-21 AKM,758.1
5397,1971-067B,OV1-21,838.5
5398,1971-067E,RIGIDSPHERE 2 (LCS 4),773.1
5435,1971-071A,EOLE 1 (CAS-A),699.8
5438,1971-071B,SCOUT B-1 R/B,689.0
5556,1971-087B,THOR BURNER 2 R/B,819.0
5557,1971-087A,OPS 4311 (DMSP 5B F1),804.0
5560,1971-089A,ASTEX 1,730.2
5678,1971-110A,OPS 7898 (P/L 1),991.9
5679,1971-110B,THORAD AGENA D R/B,951.0
5680,1971-110C,OPS 7898 (P/L 2),989.7
5681,1971-110D,OPS 7898 (P/L 3),990.1
5682,1971-110E,OPS 7898 (P/L 4),990.1
5685,1971-111B,SL-8 R/B,981.2
5705,1971-114A,COSMOS 468,776.5
5707,1971-114B,SL-8 R/B,764.1
5731,1971-120A,METEOR 1-10,860.1
5732,1971-120B,SL-3 R/B,878.8
5847,1972-009B,SL-8 R/B,973.0
5903,1972-018A,OPS 5058 (DMSP 5B F2),814.1
5904,1972-018B,THOR BURNER 2 R/B,817.4
5917,1972-022A,METEOR 1-11,869.1
5918,1972-022B,SL-3 R/B,879.2
6020,1972-035B,SL-8 R/B,974.1
6059,1972-043A,COSMOS 494,777.2
6061,1972-043B,SL-8 R/B,758.6
6079,1972-049A,METEOR 1-12,888.6
6080,1972-049B,SL-3 R/B,896.5
6126,1972-058A,LANDSAT 1 (ERTS 1),908.5
6127,1972-058B,DELTA 1 R/B,614.5
6148,1972-062A,COSMOS 514,963.8
6149,1972-062B,SL-8 R/B,959.6
6153,1972-065A,OAO 3 (COPERNICUS),700.3
6155,1972-065B,ATLAS CENTAUR R/B,643.6
6173,1972-069A,TRIAD 1,724.5
6180,1972-069B,SCOUT B-1 R/B,651.3
6217,1972-076B,OPS 8180 (STP RADSAT),665.3
6218,1972-076C,ATLAS F BURNER 2 R/B,711.0
6256,1972-085A,METEOR 1-13,868.4
6257,1972-085B,SL-3 R/B,877.2
6275,1972-089A,OPS 7323 (DMSP 5B F3),799.2
6276,1972-089B,THOR BURNER 2 R/B,825.3
6323,1972-104A,COSMOS 540,774.0
6324,1972-104B,SL-8 R/B,748.2
6350,1973-005A,COSMOS 546,483.6
6392,1973-015A,METEOR 1-14,873.1
6393,1973-015B,SL-3 R/B,882.2
6659,1973-034A,METEOR 1-15,864.7
6660,1973-034B,SL-3 R/B,879.3
6708,1973-042B,SL-8 R/B,990.4
6787,1973-054A,OPS 8364 (DMSP 4),786.7
6788,1973-054B,THOR BURNER 2 R/B,809.1
6829,1973-065B,SL-8 R/B,980.1
6965,1973-098A,COSMOS 614,765.2
6966,1973-098B,SL-8 R/B,749.7
7003,1973-107A,AUREOLE 2,391.4
7005,1973-108A,COSMOS 626,951.5
7009,1973-109B,SL-8 R/B,981.5
7209,1974-011A,METEOR 1-16,851.1
7210,1974-011B,SL-3 R/B,854.2
7213,1974-013A,MIRANDA (X-4),745.8
7218,1974-015A,OPS 8579 (DMSP 5B F5),791.7
7219,1974-015B,THOR BURNER 2A R/B,811.6
7228,1974-013B,SCOUT D-1 R/B,750.0
7244,1974-020B,OPS 4547,792.7
7274,1974-025A,METEOR 1-17,870.3
7275,1974-025B,SL-3 R/B,876.5
7291,1974-029A,COSMOS 651,925.0
7337,1974-044A,COSMOS 660,678.0
7350,1974-048B,SL-8 R/B,978.0
7363,1974-052A,METEOR 1-18,900.1
7364,1974-052B,SL-3 R/B,878.7
7411,1974-063A,OPS 6983 (DMSP 5C F1),800.1
7412,1974-063B,THOR BURNER 2A R/B,819.9
7433,1974-071A,COSMOS 676,787.2
7434,1974-071B,SL-8 R/B,771.6
7490,1974-083A,METEOR 1-19,864.6
7493,1974-083B,SL-3 R/B,873.3
7574,1974-099A,METEOR 1-20,859.5
7575,1974-099B,SL-3 R/B,861.2
7594,1974-105B,SL-8 R/B,973.8
7615,1975-004A,LANDSAT 2,911.5
7714,1975-023A,METEOR 1-21,871.8
7715,1975-023B,SL-3 R/B,876.2
7718,1975-024A,COSMOS 723,937.0
7727,1975-025A,COSMOS 724,904.0
7734,1975-027A,GEOS 3,835.3
7735,1975-027B,DELTA 1 R/B,813.7
7736,1975-028A,COSMOS 726,976.5
7737,1975-028B,SL-8 R/B,968.2
7816,1975-043A,OPS 6226,814.9
7817,1975-043B,THOR BURNER 2 R/B,833.2
8026,1975-064A,METEOR 2-1,863.8
8027,1975-064B,SL-3 R/B,874.2
8293,1975-087A,METEOR 1-22,856.6
8294,1975-087B,SL-3 R/B,869.6
8343,1975-094A,COSMOS 773,779.1
8344,1975-094B,SL-8 R/B,763.7
8421,1975-103B,SL-8 R/B,981.4
8458,1975-112A,COSMOS 783,786.3
8459,1975-112B,SL-8 R/B,771.6
8519,1975-124A,METEOR 1-23,861.9
8520,1975-124B,SL-3 R/B,868.5
8646,1976-011B,SL-8 R/B,992.1
8688,1976-014A,COSMOS 803,389.7
8799,1976-032A,METEOR 1-24,860.1
8800,1976-032B,SL-3 R/B,864.3
8845,1976-043A,METEOR 1-25,860.3
8846,1976-043B,SL-3 R/B,869.9
8923,1976-061A,COSMOS 836,785.3
8924,1976-061B,SL-8 R/B,770.3
9022,1976-069A,COSMOS 841,776.2
9023,1976-069B,SL-8 R/B,761.7
9044,1976-070B,SL-8 R/B,983.7
9062,1976-078B,SL-8 R/B,975.6
9415,1976-091A,OPS 5721,806.3
9443,1976-098A,COSMOS 858,781.9
9444,1976-098B,SL-8 R/B,767.8
9481,1976-102A,METEOR 1-26,865.4
9482,1976-102B,SL-3 R/B,873.4
9510,1976-108B,SL-8 R/B,978.6
9638,1976-128B,SL-8 R/B,976.2
9661,1977-002A,METEOR 2-2,886.4
9662,1977-002B,SL-3 R/B,896.4
9848,1977-013B,SL-8 R/B,986.2
9903,1977-024A,METEOR 1-27,870.9
9904,1977-024B,SL-3 R/B,875.7
10020,1977-039B,SL-8 R/B,976.7
10033,1977-044A,OPS 5644,794.2
10095,1977-055A,COSMOS 921,584.5
10096,1977-055B,SL-14 R/B,598.7
10114,1977-057B,SL-3 R/B,435.6
10120,1977-059A,COSMOS 923,789.3
10121,1977-059B,SL-8 R/B,774.3
10358,1977-088A,COSMOS 952,957.8
10514,1977-117A,METEOR 2-3,862.3
10515,1977-117B,SL-3 R/B,869.6
10520,1977-119A,COSMOS 968,775.4
10521,1977-119B,SL-8 R/B,757.7
10676,1978-019A,COSMOS 990,774.9
10677,1978-019B,SL-8 R/B,760.0
10693,1978-022B,SL-8 R/B,979.3
10702,1978-026A,LANDSAT 3,911.4
10703,1978-026B,OSCAR 8,901.7
10704,1978-026C,DELTA 1 R/B,942.0
10777,1978-034B,SL-8 R/B,979.1
10820,1978-042A,OPS 6182 (DMSP 5D-1 F2),772.3
10961,1978-063A,COSMOS 1023,773.7
10962,1978-063B,SL-8 R/B,756.3
10967,1978-064A,SEASAT 1,745.3
10974,1978-067B,SL-14 R/B,605.0
10992,1978-074B,SL-8 R/B,977.4
11060,1978-096A,TIROS N,834.7
11080,1978-098A,NIMBUS 7,955.1
11081,1978-098B,DELTA 1 R/B(+CAMEO),949.5
11111,1978-105A,COSMOS 1048,781.4
11112,1978-105B,SL-8 R/B,769.7
11165,1978-121A,COSMOS 1066,859.4
11166,1978-121B,SL-3 R/B,852.0
11267,1979-011B,SL-14 R/B,599.1
11288,1979-021A,METEOR 2-4,858.6
11289,1979-021B,SL-3 R/B,859.4
11309,1979-026B,SL-8 R/B,979.8
11321,1979-028B,SL-8 R/B,982.4
11379,1979-046B,SL-8 R/B,979.0
11389,1979-050A,OPS 5390,801.2
11416,1979-057A,NOAA 6,780.7
11425,1979-060A,COSMOS 1110,784.9
11427,1979-060B,SL-8 R/B,769.5
11510,1979-078A,COSMOS 1125,785.2
11511,1979-078B,SL-8 R/B,771.3
11573,1979-089A,COSMOS 1140,773.6
11574,1979-089B,SL-8 R/B,757.8
11586,1979-090B,SL-8 R/B,973.5
11605,1979-095A,METEOR 2-5,875.2
11608,1979-095B,SL-3 R/B,878.4
11672,1980-005B,SL-14 R/B,602.1
11751,1980-026B,SL-8 R/B,980.5
11788,1980-034A,COSMOS 1176,924.8
11804,1980-039B,SL-8 R/B,983.2
11869,1980-056A,COSMOS 1190,783.5
11870,1980-056B,SL-8 R/B,771.0
11962,1980-073A,METEOR 2-6,862.6
11963,1980-073B,SL-3 R/B,866.0
11971,1980-034D,COSMOS 1176 FUEL CORE,911.6
12139,1981-003B,SL-8 R/B,537.9
12319,1981-021A,COSMOS 1249,947.1
12409,1981-037A,COSMOS 1266,933.7
12435,1981-037D,COSMOS 1266 FUEL CORE,924.6
12442,1981-041A,COSMOS 1269,788.5
12443,1981-041B,SL-8 R/B,778.8
12456,1981-043A,METEOR 2-7,863.0
12457,1981-043B,SL-3 R/B,874.5
12465,1981-046B,SL-3 R/B,446.1
12551,1981-021C,COSMOS 1249 FUEL CORE,933.9
12553,1981-059A,NOAA 7,840.0
12586,1981-065B,SL-3 R/B,472.3
12645,1981-075A,INTERCOSMOS 22 (BULGARIA 1300),836.0
12646,1981-075B,SL-3 R/B,844.6
12682,1981-077B,SL-8 R/B,975.0
12783,1981-081A,COSMOS 1299,951.5
12786,1981-082B,SL-14 R/B,614.0
12791,1981-084A,COSMOS 1302,782.1
12792,1981-084B,SL-8 R/B,768.9
12803,1981-087A,COSMOS 1304,943.4
12804,1981-087B,SL-8 R/B,936.6
12808,1981-081C,COSMOS 1299 FUEL CORE,940.5
12836,1981-091B,SL-8 R/B,982.4
12904,1981-103B,SL-3 R/B,508.2
12987,1981-117A,COSMOS 1328,470.1
12988,1981-117B,SL-14 R/B,613.6
13027,1982-001A,COSMOS 1331,773.3
13028,1982-001B,SL-8 R/B,766.0
13068,1982-013B,SL-3 R/B,506.5
13113,1982-025A,METEOR 2-8,951.3
13114,1982-025B,SL-14 R/B,954.1
13121,1982-027B,SL-3 R/B,487.1
13148,1982-037A,COSMOS 1354,789.6
13149,1982-037B,SL-8 R/B,776.6
13154,1982-039B,SL-3 R/B,542.8
13172,1982-041C,OPS 6553,556.8
13175,1982-043A,COSMOS 1365,936.5
13241,1982-051A,COSMOS 1371,790.2
13242,1982-051B,SL-8 R/B,774.4
13243,1982-052A,COSMOS 1372,949.5
13259,1982-055A,COSMOS 1375,953.7
13272,1982-059B,SL-14 R/B,613.9
13403,1982-079B,SL-3 R/B,497.8
13416,1982-052D,COSMOS 1372 FUEL CORE,935.9
13553,1982-092B,SL-14 R/B,615.5
13594,1982-043D,COSMOS 1365 FUEL CORE,924.6
13600,1982-099A,COSMOS 1412,948.5
13648,1982-109A,COSMOS 1420,783.0
13649,1982-109B,SL-8 R/B,770.2
13653,1982-099E,COSMOS 1412 FUEL CORE,935.3
13718,1982-116A,METEOR 2-9,846.3
13719,1982-116B,SL-3 R/B,848.8
13736,1982-118A,OPS 9845 (DMSP 5D-2 F6),797.3
13758,1983-001B,SL-8 R/B,974.0
13771,1983-003B,SL-3 R/B,467.9
13777,1983-004A,IRAS,897.9
13778,1983-004B,DELTA 1 R/B,867.6
13819,1983-010B,SL-3 R/B,432.7
13923,1983-022A,NOAA 8,799.6
13991,1983-031A,COSMOS 1452,785.6
13992,1983-031B,SL-8 R/B,773.7
14033,1983-037B,SL-14 R/B,617.0
14064,1983-044A,COSMOS 1461,465.5
14147,1983-061A,COSMOS 1470,439.5
14148,1983-061B,SL-14 R/B,618.6
14154,1983-063A,HILAT,770.1
14155,1983-063B,SCOUT G-1 R/B,753.5
14208,1983-075B,SL-3 R/B,456.7
14240,1983-079A,COSMOS 1486,782.7
14241,1983-079B,SL-8 R/B,773.8
14373,1983-099B,SL-14 R/B,616.8
14401,1983-103A,COSMOS 1503,788.5
14402,1983-103B,SL-8 R/B,774.4
14452,1983-109A,METEOR 2-10,808.1
14453,1983-109B,SL-3 R/B,814.2
14506,1983-113A,OPS 1294 (DMSP 5D-2 F7),799.6
14552,1983-122B,SL-14 R/B,618.0
14699,1984-013A,COSMOS 1536,500.7
14700,1984-013B,SL-14 R/B,618.8
14759,1984-019A,COSMOS 1538,783.9
14760,1984-019B,SL-8 R/B,775.0
14780,1984-021A,LANDSAT 5,561.5
14781,1984-021B,OSCAR 11 (UoSAT 2),603.3
14820,1984-027B,SL-14 R/B,617.6
15031,1984-056A,COSMOS 1570,790.1
15032,1984-056B,SL-8 R/B,778.5
15071,1984-065C,USA 3,533.0
15078,1984-067B,SL-8 R/B,979.6
15085,1984-069A,COSMOS 1579,949.1
15099,1984-072A,METEOR 2-11,952.4
15100,1984-072B,SL-14 R/B,955.0
15330,1984-069D,COSMOS 1579 FUEL CORE,936.1
15331,1984-105A,COSMOS 1602,309.7
15332,1984-105B,SL-14 R/B,618.0
15333,1984-106A,COSMOS 1603,851.1
15334,1984-106B,SL-12 R/B(2),847.3
15335,1984-106C,SL-12 R/B(AUX MOTOR),822.0
15338,1984-106F,SL-12 R/B(AUX MOTOR),835.0
15370,1984-111B,SL-14 R/B,617.3
15378,1984-112A,COSMOS 1607,957.9
15427,1984-123A,NOAA 9,842.5
15482,1985-006A,COSMOS 1624,785.7
15483,1985-006B,SL-8 R/B,773.0
15495,1985-009B,SL-14 R/B,617.2
15503,1984-112C,COSMOS 1607 FUEL CORE,944.4
15516,1985-013A,METEOR 2-12,950.3
15517,1985-013B,SL-14 R/B,953.4
15593,1985-020B,SL-14 R/B,615.0
15595,1985-021A,GEOSAT,765.9
15596,1985-021B,ATLAS 41E R/B,751.3
15598,1985-022B,SL-8 R/B,982.3
15755,1985-042A,COSMOS 1656,829.2
15772,1985-042D,SL-12 R/B(2),825.8
15773,1985-042E,SL-12 R/B(AUX MOTOR),805.2
15774,1985-042F,SL-12 R/B(AUX MOTOR),814.5
15890,1985-058B,SL-14 R/B,618.2
15930,1985-064A,COSMOS 1670,957.3
15945,1985-069B,SL-14 R/B,616.2
15986,1985-075A,COSMOS 1677,947.4
16011,1985-079A,COSMOS 1680,785.1
16012,1985-079B,SL-8 R/B,773.1
16181,1985-097A,COSMOS 1697,854.1
16182,1985-097B,SL-16 R/B,844.0
16262,1985-108A,COSMOS 1703,419.5
16263,1985-108B,SL-14 R/B,619.1
16326,1985-113A,COSMOS 1707,369.8
16327,1985-113B,SL-14 R/B,618.1
16408,1985-119A,METEOR 2-13,951.3
16409,1985-119B,SL-14 R/B,953.6
16494,1986-005B,SL-8 R/B,982.5
16496,1986-006B,SL-14 R/B,615.0
16612,1986-018B,SL-14 R/B,615.4
16613,1986-019A,SPOT 1,664.2
16615,1986-019C,ARIANE 1 R/B,787.9
16681,1986-030A,COSMOS 1741,785.8
16682,1986-030B,SL-8 R/B,774.6
16719,1986-034A,COSMOS 1743,394.5
16720,1986-034B,SL-14 R/B,618.6
16735,1986-039A,METEOR 2-14,951.5
16736,1986-039B,SL-14 R/B,953.9
16791,1986-046A,COSMOS 1758,495.1
16792,1986-046B,SL-14 R/B,618.8
16809,1986-024E,COSMOS 1736 FUEL CORE,965.1
16860,1986-052A,COSMOS 1763,768.0
16864,1986-052B,SL-8 R/B,758.1
16881,1986-055A,COSMOS 1766,419.3
16882,1986-055B,SL-14 R/B,618.7
16952,1986-070A,COSMOS 1777,785.3
16953,1986-070B,SL-8 R/B,769.5
16969,1986-073A,NOAA 10,801.7
16986,1986-074A,COSMOS 1782,471.7
16987,1986-074B,SL-14 R/B,619.5
17035,1986-062C,COSMOS 1771 FUEL CORE,948.3
17191,1986-097A,COSMOS 1805,428.1
17192,1986-097B,SL-14 R/B,617.8
17241,1986-101A,COSMOS 1809,955.2
17242,1986-101B,SL-14 R/B,959.1
17290,1987-001A,METEOR 2-15,952.5
17291,1987-001B,SL-14 R/B,954.5
17296,1987-003B,SL-14 R/B,618.7
17303,1987-006A,COSMOS 1814,779.0
17304,1987-006B,SL-8 R/B,768.5
17369,1987-011A,COSMOS 1818,792.7
17527,1987-018A,MOS 1A (MOMO 1),889.9
17528,1987-018B,N-2 R/B,718.1
17567,1987-024B,SL-14 R/B,617.1
17589,1987-027A,COSMOS 1833,856.1
17590,1987-027B,SL-16 R/B,842.1
17911,1987-038A,COSMOS 1842,415.2
17912,1987-038B,SL-14 R/B,619.5
17973,1987-041A,COSMOS 1844,851.0
17974,1987-041B,SL-16 R/B,840.5
18095,1987-049A,COSMOS 1850,785.2
18096,1987-049B,SL-8 R/B,772.4
18122,1987-052A,COSMOS 1860,953.5
18123,1987-053A,DMSP 5D-2 F8 (USA 26),834.1
18130,1987-054B,SL-8 R/B,981.8
18152,1987-055A,COSMOS 1862,480.6
18153,1987-055B,SL-14 R/B,618.7
18187,1987-060A,COSMOS 1867,793.8
18214,1987-062A,COSMOS 1869,465.6
18215,1987-062B,SL-14 R/B,618.7
18241,1987-052D,COSMOS 1860 FUEL CORE,939.4
18312,1987-068A,METEOR 2-16,953.6
18313,1987-068B,SL-14 R/B,955.8
18422,1987-088B,SL-14 R/B,619.7
18585,1987-098A,COSMOS 1898,783.7
18586,1987-098B,SL-8 R/B,771.2
18665,1987-101A,COSMOS 1900,714.5
18749,1988-001B,SL-14 R/B,619.0
18820,1988-005A,METEOR 2-17,951.1
18821,1988-005B,SL-14 R/B,952.6
18822,1988-006A,DMSP 5D-2 F9 (USA 29),802.9
18958,1988-020A,COSMOS 1933,518.6
18959,1988-020B,SL-14 R/B,618.6
18960,1988-021A,IRS 1A,910.8
18961,1988-021B,SL-3 R/B,898.5
19038,1988-029A,COSMOS 1937,778.5
19039,1988-029B,SL-8 R/B,765.8
19046,1988-032B,SL-3 R/B,512.7
19119,1988-039A,COSMOS 1943,846.9
19120,1988-039B,SL-16 R/B,833.8
19162,1988-019D,COSMOS 1932 FUEL CORE,957.1
19210,1988-050A,COSMOS 1953,486.5
19211,1988-050B,SL-14 R/B,619.5
19256,1988-053A,COSMOS 1954,782.3
19257,1988-053B,SL-8 R/B,769.2
19274,1988-056A,OKEAN 1,476.8
19275,1988-056B,SL-14 R/B,620.3
19460,1988-078A,USA 32,784.2
19467,1988-080A,FENGYUN 1A,888.8
19468,1988-080B,CZ-4 R/B,888.0
19531,1988-089A,NOAA 11,846.7
19573,1988-093A,COSMOS 1975,488.0
19574,1988-093B,SL-14 R/B,618.6
19649,1988-102A,COSMOS 1980,848.8
19650,1988-102B,SL-16 R/B,845.6
19769,1989-005A,COSMOS 1992,779.5
19770,1989-005B,SL-8 R/B,764.6
19851,1989-018A,METEOR 2-18,949.8
19852,1989-018B,SL-14 R/B,956.3
20322,1989-089A,COBE,882.1
20323,1989-089B,DELTA 1 R/B,730.6
20432,1990-004A,COSMOS 2056,784.7
20433,1990-004B,SL-8 R/B,773.9
20436,1990-005A,SPOT 2,656.3
20437,1990-005B,OSCAR 14 (UOSAT 3),788.1
20438,1990-005C,OSCAR 15 (UOSAT 4),793.2
20439,1990-005D,OSCAR 16 (PACSAT),785.9
20440,1990-005E,OSCAR 17 (DOVE),784.0
20441,1990-005F,OSCAR 18 (WEBERSAT),785.6
20442,1990-005G,OSCAR 19 (LUSAT),785.2
20443,1990-005H,ARIANE 40 R/B,766.0
20453,1990-008B,DELTA 2 R/B(1),399.5
20465,1990-010A,COSMOS 2058,538.9
20466,1990-010B,SL-14 R/B,625.2
20478,1990-013A,MOS 1B (MOMO 1B),914.7
20510,1990-018A,OKEAN 2,525.7
20511,1990-018B,SL-14 R/B,629.7
20547,1990-028B,USA 55,443.8
20560,1990-031A,USA 56,644.3
20561,1990-031B,USA 57,658.2
20562,1990-031C,USA 58,648.2
20563,1990-031D,ATLAS 28E R/B,635.8
20578,1990-036B,SL-8 R/B,983.0
20580,1990-037B,HST,483.7
20607,1990-043A,MACSAT 1 (M 1),652.1
20608,1990-043B,MACSAT 2 (M 2),634.8
20624,1990-046A,COSMOS 2082,850.0
20625,1990-046B,SL-16 R/B,849.4
20663,1990-055A,COSMOS 2084,556.4
20666,1990-055D,SL-6 R/B(2),562.7
20670,1990-057A,METEOR 2-19,953.8
20671,1990-057B,SL-14 R/B,954.3
20763,1990-074B,DELTA 2 R/B,689.5
20775,1990-078B,SL-8 R/B,606.3
20788,1990-081A,FENGYUN 1B,889.9
20791,1990-081D,CZ-4 R/B,925.1
20826,1990-086A,METEOR 2-20,955.3
20978,1990-105A,DMSP 5D-2 F10 (USA 68),765.3
21014,1990-111A,COSMOS 2112,784.6
21015,1990-111B,SL-8 R/B,774.7
21088,1991-006B,SL-8 R/B,979.9
21090,1991-007B,SL-8 R/B,982.9
21263,1991-032A,NOAA 12,809.8
21397,1991-039A,OKEAN 3,559.0
21398,1991-039B,SL-14 R/B,630.6
21418,1991-041A,COSMOS 2150,790.1
21419,1991-041B,SL-8 R/B,781.4
21422,1991-042A,COSMOS 2151,573.5
21423,1991-042B,SL-14 R/B,630.7
21527,1991-045A,REX,820.5
21528,1991-045B,SCOUT G-1 R/B,807.0
21574,1991-050A,ERS 1,767.4
21575,1991-050B,OSCAR 22 (UoSAT 5),758.0
21576,1991-050C,ORBCOMM-X,754.0
21577,1991-050D,TUBSAT A,763.9
21578,1991-050E,SARA,703.5
21610,1991-050F,ARIANE 40 R/B,756.1
21688,1991-061A,IRS 1B,908.4
21689,1991-061B,SL-3 R/B,893.0
21798,1991-082A,DMSP 5D-2 F11 (USA 73),841.2
21891,1992-009B,DELTA 2 R/B(1),594.2
21949,1992-023A,USA 81,791.0
22007,1992-036B,SL-8 R/B,977.2
22080,1992-053A,COSMOS 2208,793.9
22081,1992-053B,SL-8 R/B,782.8
22109,1992-058B,DELTA 2 R/B(1),636.2
22219,1992-076A,COSMOS 2219,852.6
22220,1992-076B,SL-16 R/B,843.1
22236,1992-080A,COSMOS 2221,585.6
22237,1992-080B,SL-14 R/B,635.5
22276,1992-089B,DELTA 2 R/B(1),586.6
22284,1992-093A,COSMOS 2227,853.7
22285,1992-093B,SL-16 R/B,847.9
22286,1992-094A,COSMOS 2228,582.4
22287,1992-094B,SL-14 R/B,636.3
22488,1993-008B,SL-8 R/B,978.2
22489,1993-009A,OXP 1,742.5
22490,1993-009B,SCD 1,745.6
22491,1993-009C,PEGASUS R/B,707.3
22561,1993-014A,START 1,823.8
22562,1993-014B,SL-18 R/B,796.9
22565,1993-016A,COSMOS 2237,858.4
22566,1993-016B,SL-16 R/B,848.4
22591,1993-020B,SL-8 R/B,979.1
22626,1993-024A,COSMOS 2242,584.5
22627,1993-024B,SL-14 R/B,636.1
22638,1993-026A,ALEXIS,786.7
22639,1993-026B,PEGASUS R/B,789.0
22675,1993-036A,COSMOS 2251,788.1
22676,1993-036B,SL-8 R/B,781.3
22698,1993-041A,RADCAL,818.5
22699,1993-041B,SCOUT G-1 R/B,809.9
22739,1993-050A,NOAA 13,854.1
22782,1993-055A,METEOR 2-21,956.8
22783,1993-055B,TEMISAT,957.3
22784,1993-055C,SL-14 R/B,958.5
22802,1993-059A,COSMOS 2263,854.1
22803,1993-059B,SL-16 R/B,841.9
22823,1993-061A,SPOT 3,832.3
22824,1993-061B,STELLA,807.4
22825,1993-061C,EYESAT-1,795.8
22826,1993-061D,ITAMSAT,794.4
22827,1993-061E,HEALTHSAT 2,790.5
22828,1993-061F,KITSAT 2,793.0
22829,1993-061G,POSAT 1,792.6
22830,1993-061H,ARIANE 40 R/B,789.3
23087,1994-023A,COSMOS 2278,851.6
23088,1994-023B,SL-16 R/B,849.4
23093,1994-024B,SL-8 R/B,977.3
23105,1994-029A,STEP 2,604.4
23106,1994-029B,PEGASUS R/B,647.7
23180,1994-041B,SL-8 R/B,977.1
23233,1994-057A,DMSP 5D-2 F12 (USA 106),845.9
23317,1994-066A,OKEAN 4,583.5
23318,1994-066B,SL-14 R/B,633.6
23323,1994-068A,IRS P2,816.8
23324,1994-068B,IRS P2 R/B,841.3
23342,1994-074A,RESURS O1,620.8
23343,1994-074B,SL-16 R/B,638.3
23404,1994-077A,COSMOS 2297,853.1
23405,1994-077B,SL-16 R/B,847.5
23431,1994-083A,COSMOS 2298,795.0
23432,1994-083B,SL-8 R/B,784.1
23455,1994-089A,NOAA 14,850.6
23533,1995-015A,DMSP 5D-2 F13 (USA 109),842.6
23545,1995-017A,ORBCOMM FM 1,589.8
23546,1995-017B,ORBCOMM FM 2,583.2
23547,1995-017C,ORBVIEW 1 (MICROLAB),677.1
23548,1995-017D,PEGASUS R/B,722.8
23561,1995-021B,ARIANE 40+ R/B,766.4
23605,1995-033A,HELIOS 1A,557.7
23606,1995-033B,CERISE,475.0
23607,1995-033C,UPM/LBSAT,622.0
23608,1995-033D,ARIANE 40+3 R/B,428.0
23657,1995-046A,SICH 1,591.3
23659,1995-046C,SL-14 R/B,635.4
23704,1995-058A,COSMOS 2322,853.5
23705,1995-058B,SL-16 R/B,847.8
23710,1995-059A,RADARSAT,791.0
23751,1995-072A,IRS 1C,820.5
23752,1995-072B,SKIPPER,811.8
23753,1995-072C,SL-6 R/B,808.9
23814,1996-014A,REX 2,814.5
23815,1996-014B,PEGASUS R/B,813.3
23827,1996-017A,IRS B3,820.0
23828,1996-017B,PSLV R/B,823.5
23851,1996-024A,MSX,906.6
23937,1996-029F,USA 124,317.5
23940,1996-037A,TOMS EP,701.0
24277,1996-046A,ADEOS,797.7
24297,1996-051A,COSMOS 2333,853.5
24298,1996-051B,SL-16 R/B,858.2
24753,1997-012A,DMSP 5D-2 F14 (USA 131),843.6
24793,1997-020B,IRIDIUM 7,778.2
24795,1997-020D,IRIDIUM 5,580.9
24796,1997-020E,IRIDIUM 4,775.2
24797,1997-020F,DELTA 2 R/B,739.8
24836,1997-030A,IRIDIUM 914,761.8
24841,1997-030F,IRIDIUM 16,769.0
24842,1997-030G,IRIDIUM 911,739.2
24870,1997-034B,IRIDIUM 17,771.8
24871,1997-034C,IRIDIUM 920,759.6
24883,1997-037A,ORBVIEW 2 (SEASTAR),780.5
24903,1997-043A,IRIDIUM 26,774.2
24907,1997-043E,IRIDIUM 22,778.2
24920,1997-047A,FORTE,805.9
24921,1997-047B,PEGASUS R/B,810.5
24925,1997-048A,DUMMY MASS 1,613.6
24926,1997-048B,DUMMY MASS 2,614.4
24944,1997-051A,IRIDIUM 29,776.4
24946,1997-051C,IRIDIUM 33,781.8
24948,1997-051E,IRIDIUM 28,773.4
24954,1997-052B,FAISAT 2V,969.8
24955,1997-052C,SL-8 R/B,964.2
24967,1997-056C,IRIDIUM 36,772.7
24971,1997-057A,IRS 1D,780.6
25042,1997-069D,IRIDIUM 39,733.9
25043,1997-069E,IRIDIUM 38,770.9
25077,1997-077A,IRIDIUM 42,776.8
25078,1997-077B,IRIDIUM 44,763.9
25104,1997-082A,IRIDIUM 45,460.3
25105,1997-082B,IRIDIUM 24,757.5
25112,1997-084A,ORBCOMM FM 8,742.5
25113,1997-084B,ORBCOMM FM 10,743.4
25114,1997-084C,ORBCOMM FM 11,744.3
25115,1997-084D,ORBCOMM FM 12,744.2
25116,1997-084E,ORBCOMM FM 9,744.8
25117,1997-084F,ORBCOMM FM 5,742.1
25118,1997-084G,ORBCOMM FM 6,741.5
25119,1997-084H,ORBCOMM FM 7,741.5
25157,1998-007A,GFO,370.2
25158,1998-007B,ORBCOMM FM 3,781.1
25159,1998-007C,ORBCOMM FM 4,780.3
25160,1998-007D,CELESTIS 03/TAURUS R/B,824.2
25260,1998-017A,SPOT 4,713.1
25261,1998-017B,ARIANE 40 R/B,778.0
25273,1998-019B,IRIDIUM 57,778.4
25286,1998-021B,IRIDIUM 63,776.1
25319,1998-026A,IRIDIUM 69,761.2
25320,1998-026B,IRIDIUM 71,761.0
25338,1998-030A,NOAA 15,808.5
25344,1998-032C,IRIDIUM 73,725.8
25394,1998-043A,RESURS O1-N4,815.3
25395,1998-043B,FASAT B,810.6
25396,1998-043C,TMSAT,813.2
25397,1998-043D,TECHSAT 1B,817.6
25398,1998-043E,WESTPAC,822.2
25399,1998-043F,SAFIR 2,813.7
25400,1998-043G,SL-16 R/B,812.1
25406,1998-045A,COSMOS 2360,858.1
25407,1998-045B,SL-16 R/B,845.4
25413,1998-046A,ORBCOMM FM 17,779.6
25414,1998-046B,ORBCOMM FM 18,767.3
25415,1998-046C,ORBCOMM FM 19,767.9
25416,1998-046D,ORBCOMM FM 20,772.5
25417,1998-046E,ORBCOMM FM 16,766.1
25418,1998-046F,ORBCOMM FM 15,767.3
25419,1998-046G,ORBCOMM FM 14,765.8
25420,1998-046H,ORBCOMM FM 13,770.7
25467,1998-051A,IRIDIUM 82,392.2
25475,1998-053A,ORBCOMM FM 21,772.1
25476,1998-053B,ORBCOMM FM 22,768.0
25477,1998-053C,ORBCOMM FM 23,771.2
25478,1998-053D,ORBCOMM FM 24,769.1
25479,1998-053E,ORBCOMM FM 25,769.2
25480,1998-053F,ORBCOMM FM 26,772.7
25481,1998-053G,ORBCOMM FM 27,769.0
25482,1998-053H,ORBCOMM FM 28,768.8
25484,1998-053K,PEGASUS R/B(2),754.2
25489,1998-055A,STEX,727.0
25490,1998-055B,TAURUS R/B,663.0
25504,1998-060A,SCD 2,747.6
25506,1998-060B,PEGASUS R/B,739.3
25510,1998-061C,DELTA 2 R/B(1),753.0
25520,1998-064B,PAN SAT,336.4
25544,1998-067A,SPACE STATION,428.1
25560,1998-071A,SWAS,546.4
25561,1998-071B,PEGASUS R/B,564.4
25575,1998-069F,ISS (UNITY),428.0
25615,1998-055C,USA 141,742.0
25634,1999-008A,ARGOS,832.6
25635,1999-008B,ORSTED,727.3
25636,1999-008C,SUNSAT,744.5
25637,1999-008D,DELTA 2 R/B,735.3
25682,1999-020A,LANDSAT 7,687.9
25693,1999-021A,OSCAR 36 (UOSAT 12),623.3
25730,1999-025A,FENGYUN 1C,809.9
25731,1999-025B,SJ-5,856.6
25732,1999-025C,CZ-4B R/B,838.4
25736,1999-026B,MUBLCOM,710.0
25756,1999-029A,KITSAT 3,714.1
25757,1999-029B,TUBSAT,725.0
25758,1999-029C,IRS P4 (OCEANSAT 1),715.9
25759,1999-029D,PSLV R/B,714.0
25789,1999-034A,QUIKSCAT,727.4
25791,1999-035A,FUSE 1,751.0
25860,1999-039A,OKEAN O,635.3
25861,1999-039B,SL-16 R/B,631.0
25919,1999-051A,IKONOS 2,583.2
25940,1999-057A,CBERS 1,775.7
25941,1999-057B,SACI 1,717.1
25942,1999-057C,CZ-4 R/B,771.1
25977,1999-064A,HELIOS 1B,612.0
25978,1999-064B,CLEMENTINE,463.9
25979,1999-064C,ARIANE 40 R/B,476.9
25980,1999-065A,ORBCOMM FM 30,772.2
25981,1999-065B,ORBCOMM FM 31,772.5
25982,1999-065C,ORBCOMM FM 32,775.6
25983,1999-065D,ORBCOMM FM 33,762.9
25984,1999-065E,ORBCOMM FM 36,768.8
25985,1999-065F,ORBCOMM FM 35,772.5
25986,1999-065G,ORBCOMM FM 34,772.9
25991,1999-067A,DMSP 5D-2 F15 (USA 147),840.9
25994,1999-068A,TERRA,697.0
26032,1999-070A,KOMPSAT,647.4
26033,1999-070B,ACRIMSAT,681.6
26061,2000-004A,JAWSAT,749.2
26063,2000-004C,OPAL,772.5
26064,2000-004D,FALCONSAT,774.8
26065,2000-004E,ASUSAT,771.6
26066,2000-004F,MINOTAUR R/B,769.1
26069,2000-006A,COSMOS 2369,853.3
26070,2000-006B,SL-16 R/B,846.7
26080,2000-004H,PICOSAT 1&2 (TETHERED),740.6
26086,2000-009A,DUMSAT,582.8
26091,2000-004J,PICOSAT 3,701.5
26092,2000-004K,PICOSAT 4,737.1
26093,2000-004L,PICOSAT 5,685.0
26094,2000-004M,PICOSAT 6,742.1
26103,2000-014B,TAURUS R/B,453.7
26365,2000-026A,SIMSAT 1,489.7
26366,2000-026B,SIMSAT 2,485.5
26384,2000-033A,NADEZHDA 6,664.3
26385,2000-033B,TZINGHUA 1,674.2
26386,2000-033C,SNAP 1,653.3
26387,2000-033D,SL-8 R/B,656.0
26400,2000-037A,ISS (ZVEZDA),428.1
26474,2000-047B,TITAN 4B R/B,544.2
26503,1981-021E,COSMOS 1249 COOLANT,928.3
26504,1981-021F,COSMOS 1249 COOLANT,927.2
26507,1981-021J,COSMOS 1249 COOLANT,922.9
26508,1981-021K,COSMOS 1249 COOLANT,928.0
26517,1984-069J,COSMOS 1579 COOLANT,931.6
26519,1984-069L,COSMOS 1579 COOLANT,932.9
26520,1984-069M,COSMOS 1579 COOLANT,932.2
26521,1984-069N,COSMOS 1579 COOLANT,929.0
26536,2000-055A,NOAA 16,853.2
26545,2000-057A,SAUDISAT 1A,595.9
26546,2000-057B,MEGSAT 1,558.7
26547,2000-057C,UNISAT,545.8
26548,2000-057D,TIUNGSAT 1,570.2
26549,2000-057E,SAUDISAT 1B,602.2
26619,2000-075A,EO 1,671.2
26620,2000-075B,SAC C,691.2
26700,2001-006B,ISS (DESTINY),428.0
26702,2001-007A,ODIN,393.7
26703,2001-007B,SL-18 R/B,551.3
26911,1981-021Q,COSMOS 1249 COOLANT,929.3
26930,2001-043B,PICOSAT 9,793.7
26931,2001-043C,PCSAT,792.5
26932,2001-043D,SAPPHIRE,794.7
26958,2001-049B,PROBA 1,552.1
26998,2001-055B,TIMED,589.3
27371,2002-004B,PEGASUS R/B,414.7
27386,2002-009A,ENVISAT,768.8
27387,2002-009B,ARIANE 5 R/B,776.3
27421,2002-021A,SPOT 5,717.6
27422,2002-021B,IDEFIX/ARIANE 42P,795.4
27424,2002-022A,AQUA,693.8
27430,2002-024A,HAIYANG 1,788.6
27431,2002-024B,FENGYUN 1D,865.8
27432,2002-024C,CZ-4B R/B,851.0
27453,2002-032A,NOAA 17,811.6
27559,2002-054A,ALSAT 1,642.6
27560,2002-054B,MOZHAYETS,694.8
27561,2002-054C,RUBIN 3/SL-8,705.1
27568,1980-034E,COSMOS 1176 COOLANT,855.5
27597,2002-056A,ADEOS 2,801.2
27598,2002-056B,FEDSAT,799.8
27599,2002-056C,WEOS,796.2
27600,2002-056D,MICRO LABSAT,796.1
27601,2002-056E,H-2A R/B,786.3
27605,2002-058A,RUBIN 2,638.6
27606,2002-058B,LATINSAT B,646.3
27607,2002-058C,SAUDISAT 1C,627.5
27608,2002-058D,UNISAT 2,623.5
27609,2002-058E,TRAILBLAZER 2,632.5
27610,2002-058F,SL-24 R/B,800.5
27612,2002-058H,LATINSAT A,619.8
27640,2003-001A,CORIOLIS,832.8
27643,2003-002B,CHIPSAT,437.5
27651,2003-004A,SORCE,564.1
27652,2003-004B,PEGASUS R/B,591.5
27664,2003-005B,XSS 10,605.4
27665,2003-005C,DELTA 2 R/B(1),800.5
27783,2003-017A,GALEX,681.1
27784,2003-017B,PEGASUS R/B,684.4
27840,2003-031A,MONITOR-E/SL-19,766.3
27842,2003-031C,DTUSAT,819.4
27843,2003-031D,MOST,828.1
27844,2003-031E,CUTE-1,818.1
27845,2003-031F,QUAKESAT,816.1
27846,2003-031G,AAU CUBESAT,819.3
27847,2003-031H,CANX-1,819.6
27848,2003-031J,CUBESAT XI-IV,820.5
27858,2003-036A,SCISAT 1,632.2
27859,2003-036B,PEGASUS R/B,612.8
27939,2003-042A,MOZHAYETS 4,657.7
27940,2003-042B,RUBIN 4/SL-8,670.2
27941,2003-042C,NIGERIASAT 1,604.8
27942,2003-042D,UK-DMC,615.0
27943,2003-042E,BILSAT 1,677.8
27944,2003-042F,LARETS,687.9
27945,2003-042G,KAISTSAT 4,675.2
28050,2003-046B,PSLV R/B,840.7
28051,2003-046A,IRS P6,778.5
28054,2003-048A,DMSP 5D-3 F16 (USA 172),851.3
28057,2003-049A,CBERS 2,776.5
28058,2003-049B,CHUANG XIN 1 (CZ-1),737.6
28059,2003-049C,CZ-4 R/B,716.4
28220,2004-012A,TANSUO 1,478.3
28221,2004-012B,NAXING 1,557.0
28222,2004-012C,CZ-2C R/B,375.4
28230,2004-014A,GP-B,626.6
28254,2004-018A,ROCSAT 2,896.7
28255,2004-018B,TAURUS R/B,726.1
28274,1984-069AK,COSMOS 1579 COOLANT,924.8
28352,2004-021A,COSMOS 2406,859.2
28353,2004-021B,SL-16 R/B,850.9
28366,2004-025A,APRIZESAT 2,772.3
28368,2004-025C,DEMETER,625.5
28369,2004-025D,SAUDICOMSAT 1,715.2
28370,2004-025E,SAUDICOMSAT 2,733.0
28371,2004-025F,SAUDISAT 2,711.3
28372,2004-025G,APRIZESAT 1,727.2
28373,2004-025H,UNISAT 3,736.1
28375,2004-025K,AMSAT ECHO,753.0
28376,2004-026A,AURA,696.5
28381,2004-028B,SL-8 R/B,975.9
28413,2004-035A,SJ-6A,522.8
28414,2004-035B,SJ-6B,556.4
28415,2004-035C,CZ-4 R/B,484.8
28454,2002-056F,RITE TARGET 1,775.6
28455,2002-056G,RITE TARGET 2,774.8
28470,2004-044A,JB-3 C,516.9
28479,2004-046A,TANSUO 2,679.8
28480,2004-046B,CZ-2C R/B,809.0
28485,2004-047A,SWIFT,392.0
28492,2004-049A,HELIOS-2A,566.2
28493,2004-049B,NANOSAT(1),636.6
28494,2004-049C,ESSAIM-1,617.2
28495,2004-049D,ESSAIM-2,602.7
28496,2004-049E,ESSAIM-3,585.9
28497,2004-049F,ESSAIM-4,611.6
28498,2004-049G,PARASOL,654.0
28499,2004-049H,ARIANE 5 R/B,619.8
28521,2005-002A,COSMOS 2414,943.1
28522,2005-002B,SL-8 R/B,935.6
28523,2005-002C,TATIANA,942.6
28637,2005-011B,MINOTAUR R/B,858.9
28647,2005-016B,TITAN 4B R/B,443.3
28649,2005-017A,CARTOSAT-1,602.5
28650,2005-017B,HAMSAT (VO-52),546.5
28651,2005-017C,PSLV R/B,639.5
28654,2005-018A,NOAA 18,853.9
28737,2005-024A,SJ-7,512.1
28738,2005-024B,CZ-2D R/B,389.7
28809,2005-031A,OICETS,503.6
28810,2005-031B,INDEX,543.1
28890,2005-043A,BEIJING 1 (TSINGHUA),689.2
28891,2005-043B,TOPSAT,686.0
28892,2005-043C,UWE-1,662.2
28893,2005-043D,SINAH 1,687.1
28894,2005-043E,SSETI-EXPRESS,683.3
28895,2005-043F,CUBESAT XI-V,660.6
28898,2005-043G,MOZ.5/SAFIR/RUBIN 5/SL-8,686.5
28931,2006-002A,ALOS,668.6
28932,2006-002B,H-2A R/B,522.6
29047,2006-011A,FORMOSAT 3A,794.5
29048,2006-011B,FORMOSAT 3B,794.5
29049,2006-011C,FORMOSAT 3C,794.4
29050,2006-011D,FORMOSAT 3D,678.7
29051,2006-011E,FORMOSAT 3E,794.0
29052,2006-011F,FORMOSAT 3F,793.7
29092,2006-015A,YAOGAN 1,612.5
29107,2006-016A,CLOUDSAT,616.9
29108,2006-016B,CALIPSO,670.8
29194,1976-103G,COSMOS 860 COOLANT,900.7
29195,1976-103H,COSMOS 860 COOLANT,945.4
29196,1976-103J,COSMOS 860 COOLANT,945.1
29203,1981-037E,COSMOS 1266 COOLANT,928.5
29228,2006-021A,RESURS DK-1,534.7
29268,2006-031A,KOMPSAT 2,685.5
29269,2006-031B,SL-19 R/B,560.0
29444,1981-021W,COSMOS 1249 COOLANT,935.5
29479,2006-041A,HINODE (SOLAR B),673.0
29499,2006-044A,METOP-A,650.3
29505,2006-046A,SJ-6C,525.2
29506,2006-046B,SJ-6D,570.7
29507,2006-046C,CZ-4 R/B,521.8
29522,2006-050A,DMSP 5D-3 F17 (USA 191),849.6
29678,2006-063A,COROT,732.1
29709,2007-001A,LAPAN-TUBSAT,618.1
29713,2007-001E,PSLV R/B,580.2
31113,2007-010A,HAIYANG 1B,795.5
31114,2007-010B,CZ-2C R/B,831.7
31117,2007-012A,EGYPTSAT 1,637.8
31118,2007-012B,SAUDISAT 3,663.8
31119,2007-012C,SAUDICOMSAT 7,681.0
31121,2007-012E,SAUDICOMSAT 6,692.4
31122,2007-012F,CSTB 1,659.7
31124,2007-012H,SAUDICOMSAT 5,674.5
31125,2007-012J,SAUDICOMSAT 3,666.4
31126,2007-012K,MAST,692.2
31127,2007-012L,SAUDICOMSAT 4,686.1
31128,2007-012M,LIBERTAD 1,688.8
31129,2007-012N,CP3,682.0
31130,2007-012P,CAPE 1,685.3
31132,2007-012Q,CP4,679.6
31133,2007-012R,AEROCUBE 2,679.4
31305,2007-015B,PEGASUS R/B,491.6
31490,2007-019A,YAOGAN 2,628.4
31598,2007-023A,SKYMED 1,584.4
31698,2007-026A,TERRA SAR X,515.6
31699,2007-026B,SL-24 R/B,746.2
31792,2007-029A,COSMOS 2428,856.4
31793,2007-029B,SL-16 R/B,850.0
32060,2007-041A,WORLDVIEW 1,501.3
32062,2007-042A,CBERS 2B,760.9
32063,2007-042B,CZ-4 R/B,725.0
32289,2007-055A,YAOGAN 3,603.7
32376,2007-059A,SKYMED 2,629.7
32382,2007-061A,RADARSAT 2,798.9
32783,2008-021A,CARTOSAT 2A,639.2
32784,2008-021B,CANX-6,566.0
32785,2008-021C,CUTE-1.7+APD II,547.6
32786,2008-021D,IMS-1,562.6
32790,2008-021H,CANX-2,558.7
32791,2008-021J,SEEDS,483.5
32792,2008-021K,RUBIN 8/PSLV,617.2
32958,2008-026A,FENGYUN 3A,834.0
32959,2008-026B,CZ-4B R/B,755.8
33053,2008-029A,GLAST,502.6
33060,2008-031A,ORBCOMM FM 38,627.6
33061,2008-031B,ORBCOMM FM 41,629.1
33062,2008-031C,ORBCOMM FM 29,628.5
33063,2008-031D,ORBCOMM FM 39,633.7
33064,2008-031E,ORBCOMM FM 37,633.1
33065,2008-031F,ORBCOMM FM 40,624.7
33066,2008-031G,SL-8 R/B,658.3
33272,2008-037A,COSMOS 2441,722.3
33312,2008-040A,RAPIDEYE 2,558.6
33313,2008-040B,RAPIDEYE 5,567.2
33314,2008-040C,RAPIDEYE 1,564.4
33315,2008-040D,RAPIDEYE 3,553.8
33316,2008-040E,RAPIDEYE 4,562.2
33320,2008-041A,HJ-1A,624.6
33321,2008-041B,HJ-1B,626.5
33331,2008-042A,GEOEYE 1,685.4
33393,2008-048A,DEMOSAT/FALCON 1,585.5
33396,2008-049A,THEOS,832.1
33408,2008-053A,SJ-6E,524.1
33409,2008-053B,SJ-6F,561.8
33410,2008-053C,CZ-4B R/B,509.9
33412,2008-054A,SKYMED 3,554.3
33433,2008-056A,SHIYUAN 3 (SY-3),796.3
33434,2008-056B,CHUANG XIN 1-02(CX-1-02),798.4
33446,2008-061A,YAOGAN 4,626.9
33492,2009-002A,GOSAT (IBUKI),676.1
33494,2009-002C,SPRITE-SAT (RISING),651.5
33495,2009-002D,KAGAYAKI,653.1
33496,2009-002E,SOHLA-1 (MAIDO-1),652.5
33497,2009-002F,SDS-1,654.2
33498,2009-002G,STARS (KUKAI),589.2
33499,2009-002H,KKS-1 (KISEKI),627.3
33500,2009-002J,H-2A R/B,568.0
33504,2009-003A,KORONAS-FOTON,442.0
33505,2009-003B,SL-14 R/B,518.1
33591,2009-005A,NOAA 19,854.7
35578,2009-037A,RAZAKSAT,667.4
35579,2009-037B,FALCON 1 R/B,608.7
35635,2009-039A,COSMOS 2454,936.0
35636,2009-039B,STERKH,934.7
35637,2009-039C,SL-8 R/B,929.8
35681,2009-041A,DEIMOS 1,651.8
35682,2009-041B,DUBAISAT 1,652.5
35683,2009-041C,DMC 2,649.5
35684,2009-041D,APRIZESAT 4,624.7
35685,2009-041E,NANOSAT 1B,596.3
35686,2009-041F,APRIZESAT 3,586.5
35865,2009-049A,METEOR-M,821.9
35866,2009-049B,STERKH 2,819.2
35868,2009-049D,TATIANA 2,818.3
35869,2009-049E,UGATUSAT,821.7
35871,2009-049G,BLITS,825.2
35931,2009-051A,OCEANSAT 2,902.2
35932,2009-051B,SWISSCUBE,692.9
35933,2009-051C,BEESAT,695.3
35934,2009-051D,UWE-2,700.2
35935,2009-051E,ITUPSAT 1,699.3
35936,2009-051F,RUBIN 9.1/RUBIN 9.2/PSLV,754.1
35946,2009-055A,WORLDVIEW 2,772.5
35951,2009-057A,DMSP 5D-3 F18 (USA 210),850.0
36036,2009-059A,SMOS,766.4
36037,2009-059B,PROBA 2,717.2
36039,2009-059D,SL-19 R/B,589.0
36086,2009-060A,POISK,428.0
36088,2009-061A,SJ-11-01,688.7
36089,2009-061B,CZ-2C R/B,725.1
36095,2009-063A,COSMOS 2455,911.2
36110,2009-069A,YAOGAN 7,643.0
36508,2010-013A,CRYOSAT 2,726.6
36596,2010-027A,SJ-12,525.3
36597,2010-027B,CZ-2D R/B,566.7
36598,2010-028A,PICARD,724.2
36599,2010-028B,PRISMA (MANGO),703.3
36605,2010-030A,TANDEM X,515.6
36795,2010-035A,CARTOSAT 2B,640.7
36796,2010-035B,STUDSAT,561.1
36797,2010-035C,AISSAT 1,583.3
36798,2010-035D,ALSAT 2A,654.4
36799,2010-035E,TISAT 1,487.6
36800,2010-035F,PSLV R/B,537.7
36827,2010-028F,PRISMA (TANGO),750.0
36834,2010-038A,YAOGAN 10,620.5
36941,1987-011V,COSMOS 1818 COOLANT,763.8
36949,1987-011AD,COSMOS 1818 COOLANT,763.7
37165,2010-047A,YAOGAN 11,630.3
37166,2010-047B,ZHEDA PIXING 1B,602.2
37167,2010-047C,ZHEDA PIXING 1C,603.1
37168,2010-048A,SBSS (USA 216),525.4
37179,2010-051A,SJ-6G,522.3
37180,2010-051B,SJ-6H,576.7
37181,2010-051C,CZ-4B R/B,520.1
37214,2010-059A,FENGYUN 3B,850.1
37215,2010-059B,CZ-4C R/B,739.9
37216,2010-060A,SKYMED 4,629.7
37223,2010-062B,RAX (USA 218),574.8
37224,2010-062C,O/OREOS (USA 219),594.6
37225,2010-062D,FASTSAT-HSV01 (USA 220),630.0
37227,2010-062F,FAST 1 (USA 222),620.4
37363,2011-005B,SL-19 R/B,396.2
37380,2010-062M,FAST 2 (USA 228),622.3
37387,2011-015A,RESOURCESAT 2,824.5
37388,2011-015B,YOUTHSAT,813.7
37389,2011-015C,XSAT,815.0
37390,2011-015D,PSLV R/B,804.5
37673,2011-024A,SAC-D (AQUARIUS),641.3
37730,2011-030A,SJ-11-03,686.7
37731,2011-030B,CZ-2C R/B,632.4
37765,2011-039A,SJ-11-02,686.2
37766,2011-039B,CZ-2C R/B,667.3
37781,2011-043A,HAIYANG 2A,980.6
37782,2011-043B,CZ-4B R/B,768.0
37788,2011-044A,EDUSAT,647.9
37789,2011-044B,NIGERIASAT 2,666.8
37790,2011-044C,NIGERIASAT X,697.7
37791,2011-044D,RASAT,674.3
37792,2011-044E,APRIZESAT 5,633.6
37793,2011-044F,APRIZESAT 6,646.7
37794,2011-044G,SICH 2,682.5
37839,2011-058B,JUGNU,853.8
37840,2011-058C,VESSELSAT 1,861.7
37841,2011-058D,SRMSAT,861.2
37842,2011-058E,PSLV R/B,826.3
37849,2011-061A,SUOMI NPP,834.2
37875,2011-066B,YAOGAN 12,496.2
37930,2011-068A,CHUANG XIN 1-03,797.1
37931,2011-068B,SHIYUAN 4,795.3
37932,2011-068C,CZ-2D R/B,822.4
38007,2011-076A,ELISA W11,644.7
38008,2011-076B,ELISA E24,605.0
38009,2011-076C,ELISA W23,673.3
38010,2011-076D,ELISA E12,597.4
38011,2011-076E,SSOT,629.2
38012,2011-076F,PLEIADES 1,705.0
38013,2011-076G,ASAP-S,503.1
38038,2011-079A,ZY 1,771.8
38039,2011-079B,CZ-4B R/B,528.1
38248,2012-017A,RISAT 1,397.4
38257,2012-021A,YAOGAN 14,492.4
38337,2012-025A,GCOM W1,709.6
38338,2012-025B,KOMPSAT 3,693.5
38339,2012-025C,SDS-4,650.2
38340,2012-025D,HORYU 2,603.5
38341,2012-025E,H-2A R/B,588.6
38358,2012-031A,NUSTAR,549.6
38709,2012-039C,EXACTVIEW-1,815.8
38711,2012-039E,MKA-FKI 1,814.3
38755,2012-047A,SPOT 6,705.0
38756,2012-047B,PROITERES,629.2
38757,2012-047C,PSLV R/B,626.4
38759,2012-048B,SMDC ONE 1.2,514.6
38761,2012-048D,CSSWE,453.0
38762,2012-048E,CXBN,512.3
38763,2012-048F,CP5,496.0
38764,2012-048G,CINEMA,444.6
38765,2012-048H,RE,514.9
38767,2012-048K,AEROCUBE 4.5A,379.2
38771,2012-049A,METOP-B,827.7
38782,2012-052A,VRSS-1,637.0
38860,2012-056A,SJ-9A,619.9
38861,2012-056B,SJ-9B,602.0
39019,2012-068A,PLEIADES 1B,705.0
39030,2012-073A,GOKTURK 2,650.9
39084,2013-008A,LANDSAT 8,709.6
39086,2013-009A,SARAL,789.4
39087,2013-009B,AAUSAT3,766.2
39088,2013-009C,SAPPHIRE,781.5
39089,2013-009D,NEOSSAT,779.6
39090,2013-009E,STRAND 1,775.2
39091,2013-009F,BRITE-A TUGSAT-1,777.2
39092,2013-009G,BRITE-U UNIBRITE,777.6
39093,2013-009H,PSLV R/B,737.1
39132,2013-015C,DOVE 2,359.3
39133,2013-015D,AIST 2,496.9
39150,2013-018A,GAOFEN 1,647.5
39151,2013-018B,NEE 01 PEGASUS,595.1
39152,2013-018C,TURKSAT 3U,586.8
39153,2013-018D,CUBEBUG 1,584.1
39154,2013-018E,CZ-2D R/B,632.0
39159,2013-021A,PROBA V,820.4
39160,2013-021B,VNREDSAT 1,684.5
39161,2013-021C,ESTCUBE 1,632.9
39177,2013-028A,COSMOS 2486,712.8
39197,2013-033A,IRIS,618.6
39198,2013-033B,PEGASUS R/B,617.5
39202,2013-035A,SJ-11-05,684.9
39203,2013-035B,CZ-2C R/B,710.5
39208,2013-037A,SHIYAN-7 (SY-7),661.3
39209,2013-037B,CHUANGXIN-3 (CX-3),654.1
39210,2013-037C,SHIJIAN-15 (SJ-15),663.8
39211,2013-037D,CZ-4C R/B,464.8
39227,2013-042A,KOMPSAT 5,560.1
39255,2013-049C,EPSILON R/B,895.3
39260,2013-052A,FENGYUN 3C,847.0
39261,2013-052B,CZ-4C R/B,785.8
39265,2013-055A,CASSIOPE,512.6
39266,2013-055B,CUSAT,336.3
39267,2013-055C,DANDE,645.2
39269,2013-055E,POPACS 2,608.8
39358,2013-057A,SHIJIAN-16 (SJ-16),597.6
39416,2013-066A,APRIZESAT 7,600.9
39417,2013-066B,ZACUBE,572.6
39418,2013-066C,SKYSAT 1,535.8
39419,2013-066D,DUBAISAT 2,544.7
39420,2013-066E,OPTOS,661.5
39421,2013-066F,UNISAT 5,560.7
39422,2013-066G,STSAT 3,567.2
39423,2013-066H,WNISAT 1,707.0
39424,2013-066J,CINEMA 2,623.6
39425,2013-066K,APRIZESAT 8,613.0
39426,2013-066L,CINEMA 3,642.6
39427,2013-066M,TRITON 1,632.4
39428,2013-066N,DELFI-N3XT,592.8
39429,2013-066P,DOVE 3,649.8
39430,2013-066Q,GOMX 1,670.9
39431,2013-066R,BRITE-PL,728.8
39432,2013-066S,ICUBE 1,501.9
39438,2013-066Y,VELOX-P 2,596.9
39440,2013-066AA,CUBEBUG 2,595.3
39441,2013-066AB,NEE 02 KRYSAOR,616.7
39442,2013-066AC,PUCP-SAT 1,482.4
39444,2013-066AE,FUNCUBE 1 (AO-73),548.8
39445,2013-066AF,HINCUBE,552.3
39446,2013-066AG,UWE-3,585.3
39451,2013-067A,SWARM B,488.9
39452,2013-067B,SWARM A,426.2
39453,2013-067C,SWARM C,426.2
39455,2013-068A,SHIYAN-5 (SY-5),753.7
39467,2013-072F,ALICE,550.9
39469,2013-072H,MCUBED-2,524.0
39471,2013-072K,IPEX,553.0
39472,2013-072L,SMDC ONE 2.4,385.5
39473,2013-072M,TACSAT-6,419.9
39474,2013-072N,SMDC ONE 2.3,418.4
39475,2013-072P,ATLAS 5 CENTAUR R/B,583.9
39490,2013-078A,COSMOS 2493 (SKRL 756),568.8
39491,2013-078B,COSMOS 2494 (SKRL 756),560.7
39492,2013-078C,AIST 1,586.9
39574,2014-009C,GPM,438.4
39624,2014-014A,SJ-11-06,694.6
39625,2014-014B,CZ-2C R/B,466.5
39630,2014-015A,DMSP 5D-3 F19 (USA 249),849.6
39634,2014-016A,SENTINEL 1A,702.9
39637,1987-060E,COSMOS 1867 COOLANT,785.3
39638,1987-060F,COSMOS 1867 COOLANT,787.1
39639,1987-060G,COSMOS 1867 COOLANT,786.9
39640,1987-060H,COSMOS 1867 COOLANT,784.9
39641,1987-060J,COSMOS 1867 COOLANT,786.6
39642,1987-060K,COSMOS 1867 COOLANT,787.2
39643,1987-060L,COSMOS 1867 COOLANT,783.3
39644,1987-060M,COSMOS 1867 COOLANT,783.0
39645,1987-060N,COSMOS 1867 COOLANT,786.3
39646,1987-060P,COSMOS 1867 COOLANT,786.4
39647,1987-060Q,COSMOS 1867 COOLANT,787.4
39654,1987-060R,COSMOS 1867 COOLANT,786.8
39655,1987-060S,COSMOS 1867 COOLANT,786.6
39656,1987-060T,COSMOS 1867 COOLANT,786.0
39657,1987-060U,COSMOS 1867 COOLANT,786.0
39658,1987-060V,COSMOS 1867 COOLANT,783.3
39659,1987-060W,COSMOS 1867 COOLANT,785.3
39660,1987-060X,COSMOS 1867 COOLANT,786.1
39661,1987-060Y,COSMOS 1867 COOLANT,783.6
39662,1987-060Z,COSMOS 1867 COOLANT,783.7
39663,1987-060AA,COSMOS 1867 COOLANT,784.0
39664,1987-060AB,COSMOS 1867 COOLANT,786.3
39665,1987-060AC,COSMOS 1867 COOLANT,786.3
39666,1987-060AD,COSMOS 1867 COOLANT,784.8
39667,1987-060AE,COSMOS 1867 COOLANT,785.6
39668,1987-060AF,COSMOS 1867 COOLANT,785.7
39669,1987-060AG,COSMOS 1867 COOLANT,785.8
39670,1987-060AH,COSMOS 1867 COOLANT,785.8
39671,1987-060AJ,COSMOS 1867 COOLANT,784.4
39672,1987-060AK,COSMOS 1867 COOLANT,785.0
39673,1987-060AL,COSMOS 1867 COOLANT,786.4
39674,1987-060AM,COSMOS 1867 COOLANT,783.1
39675,1987-060AN,COSMOS 1867 COOLANT,784.1
39676,1987-060AP,COSMOS 1867 COOLANT,786.2
39677,1987-060AQ,COSMOS 1867 COOLANT,786.3
39678,2014-021A,EGYPTSAT 2,713.2
39679,2014-021B,SL-4 R/B,453.9
39731,2014-024A,KAZEOSAT 1,758.9
39766,2014-029A,ALOS 2,638.3
39767,2014-029B,UNIFORM 1,588.1
39768,2014-029C,SOCRATES,591.2
39769,2014-029D,RISING 2,581.3
39771,2014-029F,H-2A R/B,531.9
40010,2014-033A,KAZEOSAT 2,619.6
40011,2014-033B,HODOYOSHI 4,611.7
40012,2014-033C,UNISAT 6,612.1
40013,2014-033D,DEIMOS 2,594.3
40014,2014-033E,BUGSAT 1,529.0
40015,2014-033F,HODOYOSHI 3,620.2
40016,2014-033G,SAUDISAT 4,638.3
40017,2014-033H,TABLETSAT AURORA,523.6
40018,2014-033J,APRIZESAT 9,655.1
40019,2014-033K,APRIZESAT 10,665.7
40020,2014-033L,BRITE TORONTO,660.2
40021,2014-033M,DUCHIFAT-1,417.9
40022,2014-033N,PACE,543.5
40024,2014-033Q,NANOSAT C BR1,486.6
40025,2014-033R,QB50P1 (EO-79),522.5
40028,2014-033U,POPSAT HIP 1,530.9
40030,2014-033W,DTUSAT-2,531.6
40032,2014-033Y,QB50P2,531.3
40034,2014-033AA,ANTELSAT,604.2
40037,2014-033AD,PERSEUS M2,588.8
40039,2014-033AF,PERSEUS M1,588.5
40042,2014-033AJ,POLYITAN 1,482.1
40043,2014-033AK,TIGRISAT,621.4
40044,2014-033AL,LEMUR 1,621.1
40045,2014-033AM,AEROCUBE 6A,583.1
40046,2014-033AN,AEROCUBE 6B,578.8
40049,2014-033AR,SL-24 PLAT,545.1
40053,2014-034A,SPOT 7,697.5
40054,2014-034B,AISAT,552.1
40055,2014-034C,NLS 7.1/CANX 4,633.0
40056,2014-034D,NLS 7.2/CANX 5,632.9
40057,2014-034E,VELOX 1,583.1
40058,2014-034F,PSLV R/B,623.3
40059,2014-035A,OCO 2,709.7
40069,2014-037A,METEOR M2,827.6
40070,2014-037B,MKA PN2 (RELEK),714.7
40071,2014-037C,DX 1,606.0
40072,2014-037D,SKYSAT 2,612.0
40073,2014-037E,DUMMY SAT,627.1
40074,2014-037F,UKUBE 1,536.7
40075,2014-037G,AISSAT 2,595.2
40076,2014-037H,TDS 1,537.5
40086,2014-040A,ORBCOMM FM 109,704.4
40087,2014-040B,ORBCOMM FM 107,704.1
40088,2014-040C,ORBCOMM FM 106,667.1
40089,2014-040D,ORBCOMM FM 111,610.0
40090,2014-040E,ORBCOMM FM 104,709.4
40091,2014-040F,ORBCOMM FM 103,704.4
40115,2014-048A,WORLDVIEW-3 (WV-3),621.2
40118,2014-049A,GAOFEN 2,634.0
40119,2014-049B,BRITE-PL 2,591.8
40136,2014-051A,LING QIAO,798.0
40137,2014-051B,CHUANG XIN 1-04,797.6
40143,2014-053A,YAOGAN 21,497.3
40261,2014-059A,SJ-11-07,688.6
40262,2014-059B,CZ-2C R/B,648.0
40286,2014-066A,SJ-11-08,680.8
40287,2014-066B,CZ-2C R/B,676.0
40298,2014-070A,ASNARO,513.9
40310,2014-072A,YAOGAN 24,648.8
40336,2014-079A,CBERS-4,780.3
40337,2014-079B,CZ-4B R/B,558.6
40358,2014-086A,COSMOS 2502,908.5
40362,2014-088A,YAOGAN 26,441.3
40376,2015-003A,SMAP,689.5
40420,2015-009A,COSMOS 2503,554.5
40536,2015-014A,KOMPSAT 3A,424.9
40697,2015-028A,SENTINEL 2A,796.2
40698,2015-028B,AVUM R/B,457.2
40699,2015-029A,COSMOS 2506,718.6
40701,2015-030A,GAOFEN 8,444.1
40715,2015-032A,DMC 3-FM1,618.7
40716,2015-032B,DMC 3-FM2,618.7
40717,2015-032C,DMC 3-FM3,618.7
40718,2015-032D,CARBONITE 1 (CBNT-1),626.1
40719,2015-032E,DEORBITSAIL,565.9
40720,2015-032F,PSLV R/B,616.1
40894,2015-047A,GAOFEN 9,627.8
40905,2015-049G,OBJECT G,393.4
40908,2015-049K,LILACSAT 2,427.7
40930,2015-052A,ASTROSAT,629.1
40931,2015-052B,LAPAN A2 (IO-86),639.4
40958,2015-057A,LQSAT,647.0
40959,2015-057B,LINGQIAO VIDEO A,645.1
40960,2015-057C,LINGQIAO VIDEO B,644.8
40961,2015-057D,JILIN 1,642.7
40965,2015-058B,AEROCUBE 5C,602.0
40966,2015-058C,AEROCUBE 7,589.4
40967,2015-058D,FOX-1A (AO-85),603.6
40968,2015-058E,BISONSAT,588.8
40969,2015-058F,ARC-1,448.7
40970,2015-058G,SNAP-3 ALICE,434.9
40971,2015-058H,LMRST-SAT,604.7
40972,2015-058J,SNAP-3 EDDIE,431.8
40973,2015-058K,PROPCUBE 3,593.7
40974,2015-058L,SINOD-D 1,530.5
40975,2015-058M,SNAP-3 JIMI,569.9
40976,2015-058N,PROPCUBE 1,609.0
40977,2015-058P,SINOD-D 3,594.6
40978,2015-058Q,ATLAS 5 CENTAUR R/B,560.5
41026,2015-064A,YAOGAN 28,494.1
41038,2015-069A,YAOGAN 29,627.0
41039,2015-069B,CZ-4C R/B,479.4
41099,2015-071B,COSMOS 2512,651.1
41166,2015-077A,VELOX C1,433.8
41167,2015-077B,KENT RIDGE 1,505.2
41173,2015-078A,DAMPE,481.3
41179,2015-081A,ORBCOMM FM114,704.3
41180,2015-081B,ORBCOMM FM119,704.5
41181,2015-081C,ORBCOMM FM105,747.5
41182,2015-081D,ORBCOMM FM110,704.3
41183,2015-081E,ORBCOMM FM118,704.3
41184,2015-081F,ORBCOMM FM112,704.3
41185,2015-081G,ORBCOMM FM113,704.3
41186,2015-081H,ORBCOMM FM115,690.2
41187,2015-081J,ORBCOMM FM108,704.3
41188,2015-081K,ORBCOMM FM117,704.3
41189,2015-081L,ORBCOMM FM116,704.3
41335,2016-011A,SENTINEL-3A,809.9
41336,2016-011B,BREEZE-KM R/B,487.3
41337,2016-012A,ASTRO H,543.0
41338,2016-012B,CHUBUSAT 2,513.1
41339,2016-012C,CHUBUSAT 3,519.5
41340,2016-012D,HORYU 4,376.3
41341,2016-012E,H-2A R/B,418.4
41394,2016-020A,COSMOS 2515 (BARS-M 2),550.5
41456,2016-025A,SENTINEL 1B,577.6
41457,2016-025B,MICROSCOPE,702.1
41473,2016-029A,YAOGAN 30,648.2
41556,2016-033A,ZIYUAN 3-2,509.3
41579,2016-034A,COSMOS 2517 (GEO-IK),950.2
41580,2016-034B,BREEZE-KM R/B,812.7
41599,2016-040A,CARTOSAT 2C,515.3
41601,2016-040C,SKYSAT C1,468.4
41603,2016-040E,LAPAN A3,475.4
41634,2016-043A,SJ 16-02,594.9
41727,2016-049A,GAOFEN 3,758.3
41728,2016-049B,CZ-4C R/B,663.3
41770,2016-058A,PERUSAT 1,705.0
41771,2016-058B,SKYSAT C4,435.6
41772,2016-058C,SKYSAT C5,470.9
41773,2016-058D,SKYSAT C2,452.7
41774,2016-058E,SKYSAT C3,426.5
41783,2016-059A,PRATHAM,677.6
41784,2016-059B,PISAT,672.0
41785,2016-059C,ALSAT 1B,661.2
41786,2016-059D,ALSAT 2B,665.8
41787,2016-059E,PATHFINDER 1,676.0
41789,2016-059G,ALSAT 1N,670.9
41790,2016-059H,SCATSAT 1,638.6
41791,2016-059J,PSLV R/B,688.8
41847,2016-066G,CZ-11 R/B,750.8
41849,2016-067B,RAVAN,430.6
41850,2016-067C,CELTEE 1,516.5
41851,2016-067D,OPTICUBE 04,545.5
41852,2016-067E,AEROCUBE 8D,503.4
41853,2016-067F,AEROCUBE 8C,502.7
41857,2016-068A,YUNHAI 1,790.0
41858,2016-068B,CZ-2D R/B,775.2
41875,2016-073A,GOKTURK-1A,691.4
41877,2016-074A,RESOURCESAT 2A,827.1
41878,2016-074B,PSLV R/B,818.6
41884,2016-078A,CYGFM05,414.9
41885,2016-078B,CYGFM04,403.5
41886,2016-078C,CYGFM02,397.3
41887,2016-078D,CYGFM01,413.3
41888,2016-078E,CYGFM08,407.0
41890,2016-078G,CYGFM07,407.0
41891,2016-078H,CYGFM03,406.8
41892,2016-078J,PEGASUS R/B,373.9
41898,2016-081A,TANSAT,700.7
41899,2016-081B,YIJIAN,698.2
41900,2016-081C,SPARK 1,701.3
41901,2016-081D,SPARK 2,703.3
41914,2017-002B,JILIN-1-03,454.8
41917,2017-003A,IRIDIUM 106,784.9
41918,2017-003B,IRIDIUM 103,784.8
41919,2017-003C,IRIDIUM 109,784.8
41920,2017-003D,IRIDIUM 102,784.8
41921,2017-003E,IRIDIUM 105,784.2
41922,2017-003F,IRIDIUM 104,784.8
41923,2017-003G,IRIDIUM 114,784.8
41924,2017-003H,IRIDIUM 108,784.8
41925,2017-003J,IRIDIUM 112,784.8
41926,2017-003K,IRIDIUM 111,784.8
41948,2017-008A,CARTOSAT 2D,515.3
42063,2017-013A,SENTINEL 2B,796.2
42758,2017-034A,HXMT (HUIYAN),520.0
42767,2017-036C,CARTOSAT 2E,515.3
42794,2017-036AF,DSAT,525.6
42803,2017-039A,IRIDIUM 113,784.8
42804,2017-039B,IRIDIUM 123,784.8
42805,2017-039C,IRIDIUM 120,784.8
42806,2017-039D,IRIDIUM 115,754.8
42807,2017-039E,IRIDIUM 118,784.8
42808,2017-039F,IRIDIUM 117,784.8
42809,2017-039G,IRIDIUM 126,784.8
42810,2017-039H,IRIDIUM 124,754.8
42811,2017-039J,IRIDIUM 128,784.8
42812,2017-039K,IRIDIUM 121,784.8
42825,2017-042A,KANOPUS-V-IK,505.2
42826,2017-042B,NORSAT 1,534.2
42827,2017-042C,OBJECT C,501.8
42828,2017-042D,NORSAT 2,512.6
42829,2017-042E,TECHNOSAT,560.4
42831,2017-042G,FLYING LAPTOP,572.1
42832,2017-042H,OBJECT H,551.2
42833,2017-042J,OBJECT J,548.3
42834,2017-042K,OBJECT K,548.8
42835,2017-042L,WNISAT 1R,570.0
42836,2017-042M,OBJECT M,548.8
42837,2017-042N,LEMUR 2 GREENBERG,487.0
42838,2017-042P,LEMUR 2 ANDIS,478.8
42839,2017-042Q,LEMUR 2 MONSON,496.1
42840,2017-042R,LEMUR 2 FURIAUS,491.7
42841,2017-042S,LEMUR 2 PETERG,481.4
42842,2017-042T,LEMUR 2 DEMBITZ,490.1
42843,2017-042U,OBJECT U,571.6
42844,2017-042V,NANOACE,505.3
42845,2017-042W,LEMUR 2 ZACHARY,442.7
42846,2017-042X,CORVUS BC2,556.4
42847,2017-042Y,CORVUS BC1,555.8
42848,2017-042Z,OBJECT Z,552.7
42849,2017-042AA,OBJECT AA,552.0
42901,2017-044B,VENUS,532.0
42920,2017-049A,FORMOSAT-5,730.5
42921,2017-050A,ORS 5 SENSORSAT,572.2
42945,2017-058A,YAOGAN-30 A,565.9
42946,2017-058B,YAOGAN-30 B,566.7
42947,2017-058C,YAOGAN-30 C,561.7
42948,2017-058D,CZ-2C R/B,616.9
42954,2017-060A,VRSS-2,633.2
42955,2017-061A,IRIDIUM 133,784.8
42956,2017-061B,IRIDIUM 100,784.8
42957,2017-061C,IRIDIUM 122,784.8
42958,2017-061D,IRIDIUM 129,784.8
42959,2017-061E,IRIDIUM 119,784.8
42960,2017-061F,IRIDIUM 107,784.8
42961,2017-061G,IRIDIUM 132,784.8
42962,2017-061H,IRIDIUM 136,784.8
42963,2017-061J,IRIDIUM 139,784.8
42964,2017-061K,IRIDIUM 125,784.8
42969,2017-064A,SENTINEL 5P,834.2
42970,2017-064B,BREEZE-KM R/B,514.1
42986,2017-037E,COSMOS 2523,589.1
42987,2017-068A,SKYSAT C11,413.4
42988,2017-068B,SKYSAT C10,473.7
42989,2017-068C,SKYSAT C9,454.9
42990,2017-068D,SKYSAT C8,467.4
42991,2017-068E,SKYSAT C7,467.5
42992,2017-068F,SKYSAT C6,474.3
43005,2017-070A,MOHAMMED VI-A,645.7
43010,2017-072A,FENGYUN 3D,833.5
43011,2017-072B,HEAD-1,803.1
43012,2017-072C,CZ-4C R/B,704.5
43013,2017-073A,NOAA 20 (JPSS 1),834.1
43016,2017-073D,MAKERSAT-0,487.2
43017,2017-073E,FOX-1B (RADFXSAT AO-91),539.5
43022,2017-074A,JILIN-01-04,452.4
43023,2017-074B,JILIN-01-05,474.9
43024,2017-074C,JILIN-01-06,474.8
43028,2017-075A,YAOGAN-30 D,566.7
43029,2017-075B,YAOGAN-30 E,567.2
43030,2017-075C,YAOGAN-30 F,567.2
43032,2017-076A,COSMOS 2524,909.9
43034,2017-077A,LKW-1,502.6
43065,2017-082A,GCOM-C,808.1
43070,2017-083A,IRIDIUM 135,784.8
43071,2017-083B,IRIDIUM 138,784.8
43072,2017-083C,IRIDIUM 116,784.8
43073,2017-083D,IRIDIUM 130,784.8
43074,2017-083E,IRIDIUM 151,784.8
43075,2017-083F,IRIDIUM 134,784.8
43076,2017-083G,IRIDIUM 137,784.8
43077,2017-083H,IRIDIUM 141,784.8
43078,2017-083J,IRIDIUM 153,784.8
43079,2017-083K,IRIDIUM 131,784.8
43080,2017-084A,LKW-2,497.2
43081,2017-085A,YAOGAN-30 G,567.1
43082,2017-085B,YAOGAN-30 H,567.1
43083,2017-085C,YAOGAN-30 J,567.2
43084,2017-085D,CZ-2C R/B,462.5
43099,2018-002A,SUPERVIEW-1 03,463.1
43111,2018-004A,CARTOSAT 2F,515.3
43113,2018-004C,LEO 1,676.6
43146,2018-006A,LKW-3,472.4
43152,2018-007A,ASNARO-2,505.8
43159,2018-008E,JILIN-01-07,473.0
43160,2018-008F,JILIN-01-08,475.4
43169,2018-011A,WEINA 1A,572.1
43170,2017-011B,YAOGAN-30 K,567.2
43171,2018-011C,YAOGAN-30 L,567.2
43172,2018-011D,YAOGAN-30 M,567.0
43180,2018-014A,KANOPUS-V 3,505.3
43181,2018-014B,KANOPUS-V 4,505.3
43182,2018-014C,LEMUR 2 JIN-LUEN,303.2
43184,2018-014E,LEMUR 2 KADI,371.4
43186,2018-014G,S-NET D,525.5
43187,2018-014H,S-NET B,525.6
43188,2018-014J,S-NET A,525.6
43189,2018-014K,S-NET C,525.7
43194,2018-015C,ZHANGHENG-1,510.7
43215,2018-020A,PAZ,515.5
43236,2018-025A,LKW-4,406.3
43249,2018-030A,IRIDIUM 144,784.8
43250,2018-030D,IRIDIUM 149,784.8
43251,2018-030E,IRIDIUM 157,784.8
43252,2018-030F,IRIDIUM 140,784.8
43253,2018-030G,IRIDIUM 145,784.8
43254,2018-030H,IRIDIUM 146,784.8
43255,2018-030I,IRIDIUM 148,784.8
43256,2018-030J,IRIDIUM 142,784.8
43257,2018-030B,IRIDIUM 150,784.8
43258,2018-030C,IRIDIUM 143,784.8
43259,2018-031A,GAOFEN 1-02,647.8
43260,2018-031B,GAOFEN 1-03,647.7
43262,2018-031D,GAOFEN 1-04,647.7
43264,2018-031F,CZ-4C R/B,504.1
43324,1987-060AR,COSMOS 1867 COOLANT,786.4
43325,1987-060AS,COSMOS 1867 COOLANT,781.8
43326,1987-060AT,COSMOS 1867 COOLANT,784.5
43328,1987-060AV,COSMOS 1867 COOLANT,785.7
43437,2018-039A,SENTINEL 3B,809.8
43438,2018-039B,BREEZE-KM R/B,486.6
43440,2018-040B,ZHUHAI-1 OVS-02,501.2
43441,2018-040C,ZHUHAI-1 OHS-02,498.9
43461,2018-043A,GAOFEN-5,698.6
43462,2018-043B,CZ-4C R/B,614.6
43476,2018-047A,GRACE-FO 1,460.2
43477,2018-047B,GRACE-FO 2,460.2
43478,2018-047C,IRIDIUM 161,754.8
43479,2018-047D,IRIDIUM 152,784.8
43480,2018-047E,IRIDIUM 147,784.8
43481,2018-047F,IRIDIUM 110,784.8
43482,2018-047G,IRIDIUM 162,754.8
43484,2018-048A,GAOFEN 6,647.1
43485,2018-048B,LUOJIA-1 01,614.6
43486,2018-048C,CZ-2D R/B,589.8
43529,2018-056A,PAKTES 1A,578.2
43530,2018-056B,PRSS 1,630.6
43569,2018-061A,IRIDIUM 160,784.8
43570,2018-061B,IRIDIUM 166,784.8
43571,2018-061C,IRIDIUM 158,784.8
43572,2018-061D,IRIDIUM 165,784.8
43573,2018-061E,IRIDIUM 155,784.8
43574,2018-061F,IRIDIUM 154,784.9
43575,2018-061G,IRIDIUM 163,784.8
43576,2018-061H,IRIDIUM 156,784.8
43577,2018-061J,IRIDIUM 164,784.9
43578,2018-061K,IRIDIUM 159,784.8
43585,2018-063A,GAOFEN 11,415.5
43609,2018-068A,HAIYANG 1C,785.1
43610,2018-068B,CZ-2C R/B,711.5
43613,2018-070A,ICESAT-2,488.1
43618,2018-071A,SSTL S1-4,585.9
43619,2018-071B,NOVASAR 1,585.9
43620,2018-071C,PSLV R/B,573.6
43636,2018-075A,CENTISPACE-1 S1,700.6
43641,2018-076A,SAOCOM 1-A,629.7
43642,2018-077A,YAOGAN-32 A,690.5
43643,2018-077B,YAOGAN-32 B,690.5
43655,2018-081A,HAIYANG 2B,973.5
43656,2018-081B,CZ-4B R/B,792.8
43657,2018-082A,COSMOS 2528,912.4
43662,2018-083A,CFOSAT,524.1
43672,2018-084B,GOSAT 2,623.2
43676,2018-084F,KHALIFASAT,570.8
43677,2018-084G,TEN-KOH,566.2
43678,2018-084H,DIWATA 2B (PO-101),573.9
43679,2018-084I,STARS-AO,524.8
43681,2018-084K,AUTCUBE 2,544.9
43682,2018-084L,H-2A R/B,447.0
43689,2018-087A,METOP-C,827.5
43711,2018-094B,SHIYUAN 6 (SY-6),486.4
43717,2018-095A,MOHAMMED VI-B,645.8
43719,2018-096A,HYSIS,640.9
43758,2018-099A,MINXSS-2,448.8
43759,2018-099B,SIRION PATHFINDER-2,532.0
43761,2018-099D,K2SAT,555.0
43762,2018-099E,STPSAT-5,534.4
43763,2018-099F,UPPER FREE FLYER,540.6
43764,2018-099G,POLAR SCOUT KODIAK,396.4
43765,2018-099H,HAWK-A,502.5
43766,2018-099J,SPAWAR-CAL-O,476.7
43767,2018-099K,CORVUS BC4,537.9
43768,2018-099L,AISTECHSAT-2,529.5
43770,2018-099N,FOX-1CLIFF (AO-95),498.3
43771,2018-099P,K2SAT,478.3
43772,2018-099Q,RANGE-A,391.1
43773,2018-099R,RANGE-A,535.3
43775,2018-099T,EXSEEDSAT-1,544.7
43776,2018-099U,SPAWAR-CAL-R,557.7
43778,2018-099W,SPAWAR-CAL-OR,507.4
43779,2018-099X,OBJECT X,552.0
43782,2018-099AA,SNUSAT-2,511.5
43783,2018-099AB,KAZSTSAT,575.1
43784,2018-099AC,SNUGLITE,497.0
43786,2018-099AE,ITASAT-1,519.2
43790,2018-099AJ,EAGLET 1,536.4
43792,2018-099AL,ESEO,561.8
43794,2018-099AN,HAWK-B,507.6
43796,2018-099AQ,THEA,476.5
43797,2018-099AR,SKYSAT C12,434.8
43798,2018-099AS,ASTROCAST-01,440.7
43799,2018-099AT,HAWK-C,492.7
43800,2018-099AU,ICEYE-X2,523.0
43802,2018-099AW,SKYSAT C13,336.6
43803,2018-099AX,JY1SAT (JO-97),480.2
43804,2018-099AY,SUOMI 100,493.4
43805,2018-099AZ,AL FARABI 2,352.0
43806,2018-099BA,OBJECT BA,528.2
43807,2018-099BB,EUCROPIS,514.9
43808,2018-099BC,POLAR SCOUT YUKON,469.3
43809,2018-099BD,CENTAURI-1,526.7
43810,2018-099BE,OBJECT BE,543.0
43811,2018-099BF,NEXTSAT-1,548.9
43812,2018-099BG,GLOBAL-2,548.9
43815,2018-099BK,FALCONSAT-6,492.9
43819,2018-099BP,EXCITE,555.2
43820,2018-099BQ,SEAHAWK-1,508.8
43822,2018-099BS,OBJECT BS,531.9
43831,2018-102A,SAUDISAT 5A,491.4
43833,2018-102C,SAUDISAT 5B,490.6
43834,2018-102D,OBJECT D,400.8
43876,2018-111A,KANOPUS-V 5,505.3
43877,2018-111B,KANOPUS-V 6,456.3
43879,2018-111D,ISAT,413.8
43880,2018-111E,UWE-4,449.9
43881,2018-111F,D-STAR ONE SPARROW,401.7
43890,2018-111Q,GRUS-1A,577.2
43891,2018-111R,OBJECT R,462.3
43900,2018-111AA,OBJECT AA,346.6
43909,2018-112A,YUNHAI 2 1,802.3
43910,2018-112B,YUNHAI 2 2,802.3
43911,2018-112C,YUNHAI 2 3,802.4
43912,2018-112D,YUNHAI 2 4,802.3
43913,2018-112E,YUNHAI 2 5,802.3
43915,2018-112G,YUNHAI 2 6,802.3
43922,2019-002A,IRIDIUM 180,784.8
43923,2019-002B,IRIDIUM 176,661.1
43924,2019-002C,IRIDIUM 168,784.8
43925,2019-002D,IRIDIUM 173,784.8
43926,2019-002E,IRIDIUM 169,770.2
43927,2019-002F,IRIDIUM 172,784.8
43928,2019-002G,IRIDIUM 175,753.8
43929,2019-002H,IRIDIUM 171,784.8
43930,2019-002J,IRIDIUM 170,661.1
43931,2019-002K,IRIDIUM 167,784.8
43943,2019-005B,JILIN-01-09,513.8
43946,2019-005E,JILIN-01-10,498.7
44047,2019-008A,EGYPTSAT A,660.8
44072,2019-015A,PRISMA,625.0
44078,2019-018A,EMISAT,753.7
44207,2019-024A,TIANHUI 2-01A,523.0
44209,2019-024C,TIANHUI 2-01B,523.0
44233,2019-028A,RISAT 2B,570.5
44310,2019-032A,OBJECT A,493.4
44311,2019-032B,OBJECT B,494.8
44312,2019-032C,OBJECT C,480.7
44314,2019-032E,OBJECT E,465.4
44315,2019-032F,OBJECT F,327.2
44316,2019-032G,OBJECT G,496.6
44322,2019-033A,RCM-1,597.0
44323,2019-033B,RCM-3,597.0
44324,2019-033C,RCM-2,597.0
44339,2019-036A,PROX-1 (NANOSAT-7),609.6
44340,2019-036B,NPSAT1,656.3
44341,2019-036C,CELESTIS 16 (OTB),709.9
44343,2019-036E,FORMOSAT7-3/COSMIC2-3,546.0
44349,2019-036L,FORMOSAT7-1/COSMIC2-1,586.1
44350,2019-036M,FORMOSAT7-4/COSMIC2-4,586.1
44351,2019-036N,FORMOSAT7-2/COSMIC2-2,586.0
44353,2019-036Q,FORMOSAT7-6/COSMIC2-6,586.0
44358,2019-036V,FORMOSAT7-5/COSMIC2-5,586.1
44387,2019-038A,METEOR M2-2,817.9
44389,2019-038C,ICEYE-X5,426.8
44390,2019-038D,ICEYE-X4,490.6
44408,2019-038Y,MOMENTUS-X1,393.8
44421,2019-039A,COSMOS 2535,599.6
44424,2019-039D,COSMOS 2538,513.7
44449,2019-045A,YAOGAN-30 N,567.2
44450,2019-045B,YAOGAN-30 P,567.1
44451,2019-045C,YAOGAN-30 Q,567.0
44495,2019-054A,BRO-1,368.3
44499,2019-054E,GLOBAL-4,403.2
44517,2019-057A,COSMOS 2540,950.1
44518,2019-057B,BREEZE-KM R/B,814.0
44520,2019-058B,KX-09,585.1
44528,2019-059A,ZY-1 02D,780.7
44529,2019-059B,BNU-1,738.3
44530,2019-059C,TAURUS-1,664.8
44531,2019-059D,CZ-4B R/B,532.7
44536,2019-060C,ZHUHAI-1 03B,426.0
44537,2019-060D,ZHUHAI-1 03C,352.1
44538,2019-060E,ZHUHAI-1 03D,438.8
44539,2019-060F,ZHUHAI-1 03E,458.6
44547,2019-063A,YUNHAI 1-02,789.8
44548,2019-063B,CZ-2D R/B,763.0
44622,2019-066A,GAOFEN 10R,627.5
44628,2019-068A,ICON,554.3
44629,2019-068B,PEGASUS R/B,559.3
44703,2019-072A,GAOFEN 7,508.5
44777,2019-075A,JILIN-01 GAOFEN 2A,462.2
44779,2019-076A,NINGXIA-1 1,893.9
44780,2019-076B,NINGXIA-1 2,893.9
44781,2019-076C,NINGXIA-1 3,893.9
44782,2019-076D,NINGXIA-1 4,893.8
44783,2019-076E,NINGXIA-1 5,894.0
44784,2019-076F,CZ-6 R/B,839.1
44804,2019-081A,CARTOSAT 3,515.4
44805,2019-081B,PSLV R/B,417.3
44819,2019-082A,GAOFEN 12,635.3
44836,2019-086A,JILIN-01 GAOFEN 2B,513.9
44857,2019-089F,RISAT-2BR1,570.5
44859,2019-089H,OBJECT H,539.2
44862,2019-089L,PSLV R/B,429.5
44873,2019-092A,CSG-1,629.7
44874,2019-092B,CHEOPS,694.2
44876,2019-092D,ANGELS,315.9
44879,2019-093A,OBJECT,589.5
44880,2019-093B,OBJECT B,588.4
44881,2019-093C,CAS-6 (TO-108),616.4
44882,2019-093D,OBJECT D,561.3
44883,2019-093E,OBJECT E,631.4
44884,2019-093F,OBJECT F,574.2
44885,2019-093G,FLORIPASAT-1,565.0
44886,2019-093H,OBJECT H,590.4
44887,2019-093J,OBJECT J,599.1
44889,2019-093K,OBJECT L,592.4
44890,2019-093L,OBJECT M,505.1
44891,2019-093M,OBJECT N,480.2
45016,2020-003A,OBJECT A,542.7
45024,2020-004A,YINHE-1,639.5
45453,2020-020AF,ONEWEB-0050,604.9
45460,2020-021A,YAOGAN-30 R,567.0
45461,2020-021B,YAOGAN-30 S,567.0
45462,2020-021C,YAOGAN-30 T,567.0
45602,2020-028A,XINGYUN-2 01,539.0
45603,2020-028B,XINGYUN-2 02,539.7
45625,2020-034B,GAOFEN 9 02,498.0
45721,2020-036A,HAIYANG 1D,784.8
45722,2020-036B,CZ-2C R/B,740.5
45726,2020-037D,ANDESITE,557.9
45727,2020-037E,M2 PATHFINDER,560.8
45728,2020-037F,ELECTRON KICK STAGE R/B,518.2
45794,2020-039A,GAOFEN 9 03,480.1
45856,2020-042A,GAOFEN DUOMO (GFDM),646.3
45859,2020-043A,SHIYAN 6 02 (SY-6 02),697.5
45877,2020-046E,MINOTAUR 4 R/B,553.7
45915,2019-079E,OBJECT E,619.3
45939,2020-051A,OBJECT A,509.1
46025,2020-054A,GAOFEN 9 04,466.8
46232,2020-058A,OBJECT A,481.2
46265,2020-059A,SAOCOM 1-B,629.7
46266,2020-059B,GNOMES-1,574.2
46267,2020-059C,TYVAK-0172,318.0
46275,2020-061D,ATHENA,433.5
46277,2020-061F,NEMO-HD,444.7
46278,2020-061G,GHGSAT-C1,378.3
46292,2020-061W,3CAT-5/A (TYVAK-0161),442.9
46293,2020-061X,3CAT-5/B (TYVAK-0162),439.4
46320,2020-061BA,NAPA-1,397.9
46396,2020-064A,GAOFEN 11 2,503.1
46454,2020-065A,JILIN-01 GAOFEN 3B,315.3
46457,2020-065D,JILIN-01 GAOFEN 3E,408.0
46458,2020-065E,JILIN-01 GAOFEN 3F,413.2
46459,2020-065F,JILIN-01 GAOFEN 3G,394.8
46460,2020-065G,JILIN-01 GAOFEN 3H,400.4
46461,2020-065H,JILIN-01 GAOFEN 3I,353.7
46462,2020-065J,JILIN-01 GAOFEN 3J,332.7
46469,2020-066A,HAIYANG 2C,959.1
46470,2020-066B,CZ-4B R/B,799.2
46478,2020-067A,HJ-2A,647.5
46479,2020-067B,HJ-2B,647.5
46493,2020-068H,DEKART,467.0
46494,2020-068J,NORBI,438.7
46495,2020-068K,SALSAT (TUBSAT 22),487.4
46496,2020-068L,ICEYE-X7,484.1
46497,2020-068M,ICEYE-X6,561.6
46504,2020-068U,NETSAT-4,450.0
46505,2020-068V,NETSAT-3,453.9
46506,2020-068W,NETSAT-1,475.2
46507,2020-068X,NETSAT-2,446.1
46807,2020-076A,YAOGAN-30 U,567.0
46808,2020-076B,YAOGAN-30 V,567.3
46809,2020-076C,YAOGAN-30 W,567.1
46810,2020-076D,TIANQI-6,553.8
46818,2020-077F,CE-SAT IIB,334.0
46905,2020-081A,RISAT-2BR2,570.6
46906,2020-081B,KSM1-C,497.0
46907,2020-081C,KSM1-D,502.4
46912,2020-081H,KSM1-A,499.1
46913,2020-081J,R2,500.5
46914,2020-081K,KSM1-B,503.0
46915,2020-081L,PSLV R/B,464.5
46955,2020-085AC,DRAGRACER 2(AUGURY),378.9
47226,2020-090A,FALCON EYE 2,621.0
47231,2020-092A,GAOFEN 14,497.1
47234,2020-094A,GECAM-A,573.0
47235,2020-094B,GECAM-B,569.0
47302,2020-103A,YAOGAN-33,704.0
47303,2020-103B,WEINA 2,684.6
47304,2020-103C,CZ-4C R/B,571.1
47423,2021-006L,OBJECT L,472.8
47424,2021-006M,OBJECT M,475.5
47430,2021-006T,ASTROCAST-0101,379.5
47435,2021-006Y,RIDESHARE ADAPTER,441.5
47436,2021-006Z,OBJECT Z,479.4
47437,2021-006AA,OBJECT AA,482.4
47448,2021-006AM,CUBEL,454.5
47486,2021-006CB,CELESTIS 17/SHERPA-FX1,479.3
47487,2021-006CC,ASTROCAST-0103,344.5
47502,2021-006CT,HAWK-2C,472.3
47504,2021-006CV,ION SCV-002,447.4
47505,2021-006CW,HAWK-2A,472.2
47508,2021-006CZ,HAWK-2B,472.3
47509,2021-006DA,GHGSAT-C2,462.8
47517,2021-006DH,ASTROCAST-0105,377.7
47546,2021-008A,COSMOS 2549,911.4
47699,2021-015A,AMAZONIA 1,763.1
47700,2021-015B,OBJECT B,448.2
47932,2021-022A,CAS500-1,512.3
47933,2021-022B,GRUS-1C,577.8
47934,2021-022C,GRUS-1B,577.8
47935,2021-022D,GRUS-1E,575.1
47936,2021-022E,GRUS-1D,577.5
47937,2021-022F,OBJECT F,478.0
47945,2021-022P,UNISAT 7,458.5
47947,2021-022R,FEES,546.6
47953,2021-022X,OBJECT X,389.7
47958,2021-022AC,KMSL,352.4
47971,2021-023G,GLOBAL-9,443.5
48079,2021-026A,GAOFEN 12 (02),635.8
48080,2021-026B,CZ-4C R/B,523.3
48158,2021-028B,CZ-4B R/B,882.2
48268,2021-034A,PNEO3,631.2
48269,2021-034B,LEMUR 2 AMANDA-SVANTE,484.3
48270,2021-034C,AII-BRAVO,565.4
48271,2021-034D,TYVAK-182A,557.6
48272,2021-034E,NORSAT 3,560.1
48273,2021-034F,LEMUR 2 SPECIAL K,429.7
48274,2021-035A,CSS (TIANHE-1),390.4
48423,2021-039A,YAOGAN-30 X,567.1
48424,2021-039B,YAOGAN-30 Y,566.9
48425,2021-039C,YAOGAN-30 Z,567.3
48426,2021-039D,TIANQI-12,539.8
48427,2021-039E,CZ-2C R/B,375.5
48606,2021-041BF,TYVAK-0130,493.8
48621,2021-043A,HAIYANG 2D,959.1
48624,2021-043D,CZ-4B R/B,827.2
48843,2021-050D,OBJECT D,501.2
48849,2021-052D,MINOTAUR 1 R/B,580.0
48860,2021-055A,YAOGAN-30 AA,566.9
48861,2021-055B,YAOGAN-30 AB,567.2
48862,2021-055C,CZ-2C R/B,610.8
48863,2021-055D,YAOGAN-30 AC,567.1
48864,2021-055E,TIANQI-14,535.3
48865,2021-056A,COSMOS 2550,471.5
48892,2021-059P,TYVAK-0173,631.5
48907,2021-059AE,MANDRAKE 2 ABLE,419.1
48908,2021-059AF,MANDRAKE 2 BAKER,408.1
48909,2021-059AG,PACE-1,369.8
48915,2021-059AN,YAM-3,433.6
48918,2021-059AR,ICEYE-X11,345.6
48924,2021-059AX,FARADAY_PHOENIX,385.6
48931,2021-059BE,HAWK-3B,386.0
48948,2021-059BX,HAWK-3C,385.8
48951,2021-059CA,DEMO8(TENZING),418.7
48957,2021-059CG,HAWK-3A,386.0
48958,2021-059CH,SHERPA-FX2/TAGSAT-2,415.4
48963,2021-059CN,NAPA-2,353.7
48964,2021-059CP,SPARTAN,368.8
49003,2021-062A,OBJECT A,544.6
49006,2021-062D,OBJECT D,313.3
49007,2021-062E,OBJECT E,322.9
49008,2021-063A,FENGYUN 3E,832.9
49010,2021-063C,CZ-4C R/B,709.5
49018,2021-064A,NINGXIA-1 6,871.6
49019,2021-064B,NINGXIA-1 7,871.5
49020,2021-064C,NINGXIA-1 8,871.6
49021,2021-064D,NINGXIA-1 9,871.5
49022,2021-064E,NINGXIA-1 10,871.5
49023,2021-064F,CZ-6 R/B,764.8
49024,2021-062D,OBJECT D,800.6
49026,2021-065A,YAOGAN-30 AD,567.2
49027,2021-065B,TIANQI-15,544.2
49028,2021-065C,YAOGAN-30 AE,567.1
49029,2021-065D,YAOGAN-30 AF,567.1
49044,2021-066A,ISS (NAUKA),428.1
49047,2021-062E,OBJECT E,806.1
49049,2021-067A,TIANHUI 1-04,502.8
49050,,,823.7
49051,,,846.9
49052,2021-068A,MONOLITH,548.7
49059,2021-070A,KL-BETA A,920.5
49060,2021-070B,KL-BETA B,919.3
49061,2021-070C,CZ-6 R/B,737.4
49070,2021-073E,PNEO4,631.2
49071,2021-074A,TIANHUI 2-02A,522.8
49072,2021-074B,TIANHUI 2-02B,522.9
49113,2021-076B,PAYLOAD B,868.5
49122,2021-079A,GAOFEN-5 02,707.7
49123,2021-079B,CZ-4C R/B,546.2
49256,2021-086A,JILIN-01 GAOFEN 2D,543.6
49260,2021-088A,LANDSAT 9,709.7
49261,2021-088B,CS1,475.8
49262,2021-088C,CS2,471.5
49263,2021-088D,CUTE-LASP,367.2
49264,2021-088E,CUPID,498.6
49316,2021-091B,OBJECT B,518.7
49318,2021-091D,OBJECT D,900.5
49319,2021-091E,OBJECT E,395.8
49321,2021-091G,OBJECT G,373.1
49338,2021-097A,JILIN-01 GAOFEN 2F,552.1
49383,2021-099A,YAOGAN-32 2A,687.2
49384,2021-099B,YAOGAN-32 2B,687.2
49387,2021-100A,SDGSAT 1,514.6
49390,2021-101A,YAOGAN-35 A,497.1
49393,2021-101D,YAOGAN-35 C,503.8
49396,2021-102B,TEIKYOSAT-4 (OORURI),545.8
49397,2021-102C,RAISE 2,511.5
49398,2021-102D,NANODRAGON,486.2
49399,2021-102E,Z-SAT,520.2
49400,2021-102F,HIBARI,483.0
49401,2021-102G,DRUMS,514.0
49402,2021-102H,KOSEN-1,496.0
49403,2021-102J,OBJECT J,381.0
49404,2021-102K,OBJECT K,508.8
49467,2021-105D,AVUM R/B,476.1
49469,2021-106A,GLOBAL-14,433.6
49492,2021-107A,GAOFEN 11 3,502.4
49495,2021-109A,GAOFEN 3 02,758.4
49496,2021-109B,CZ-4C R/B,650.2
49772,2021-115BA,GLOBAL-12,427.0
49773,2021-115BB,GLOBAL-13,444.6
49949,2021-120A,GLOBAL-17,429.5
49950,2021-120B,GLOBAL-16,434.8
49954,2021-121A,IXPE,545.1
49961,2021-122A,SHIJIAN 6 05A (SJ-6 05A),576.7
49962,2021-122B,SHIJIAN 6 05B (SJ-6 05B),538.7
50465,2021-131A,ZY-1 02E,780.9
50466,2021-131B,XW-3 (CAS 9),761.4
50467,2021-131C,CZ-4C R/B,675.5
50572,2021-134A,TIANHUI 4A,437.2
50573,2021-134B,TIANHUI 4B,437.3
50794,1987-060AW,COSMOS 1867 COOLANT,782.2
50993,2022-002K,ION SCV-004,484.2
51053,2022-002BX,HYPSO-1,388.4
51060,2022-002CE,ETV-A1,456.6
51061,2022-002CF,BRO-5,441.6
51284,2022-007A,LT-1 O1A,610.0
51444,2022-008A,CSG-2,629.7
51645,2022-012Z,ONEWEB-0455,820.4
51656,2022-013A,EOS-4,535.0
51657,2022-013B,INSPIRESAT-1,322.1
51659,2022-013D,PSLV R/B,377.0
51822,2022-018A,LT-1 O1B,610.1
51825,2022-019B,OBJECT B,383.3
51827,2022-019D,OBJECT D,391.9
51828,2022-019E,OBJECT E,408.5
51831,2022-019H,OBJECT H,311.0
51832,2022-019J,OBJECT J,512.8
51835,2022-019M,OBJECT M,322.8
51839,2022-019R,OBJECT R,355.9
51840,2022-019S,OBJECT S,323.8
51841,2022-019T,OBJECT T,355.0
51843,2022-019V,OBJECT V,422.8
51844,2022-019W,OBJECT W,326.0
51846,2022-019Y,OBJECT Y,366.8
51847,2022-020A,STRIX-BETA,315.3
51946,2022-023A,OBJECT A,519.2
51947,2022-023B,OBJECT B,519.3
51948,2022-023C,OBJECT C,519.6
51949,2022-023D,OBJECT D,519.4
51951,2022-023F,OBJECT F,519.2
51953,2022-023H,OBJECT H,506.4
52150,2022-031A,TK-2,564.6
52151,2022-031B,PUJIANG 2 (PJ-2),592.0
52152,2022-031C,CZ-6A R/B,550.8
52153,2022-032A,OBJECT A,583.4
52155,2022-032C,OBJECT C,569.8
52156,2022-032D,OBJECT D,542.0
52157,2022-033A,OMNI-L1,628.9
52158,2022-033B,GNOMES-3,621.5
52159,2022-033C,ENMAP,652.3
52161,2022-033E,ARCSAT-1,419.6
52184,2022-033AD,NUSAT-26 (M SOMERVILLE),455.6
52196,2022-034B,GLOBAL-18,444.6
52200,2022-035A,GAOFEN 3 03,758.4
52201,2022-035B,CZ-4C R/B,654.5
52202,2022-036A,COSMOS 2554,912.5
52257,2022-039A,DAQI 1,708.0
52258,2022-039B,CZ-4C R/B,564.4
52320,2022-043A,SUPERVIEW NEO-1 01,525.9
52322,2022-043C,SUPERVIEW NEO-1 02,526.0
52389,2022-046B,JILIN-01 GAOFEN 3D 4,326.9
52390,2022-046C,JILIN-01 GAOFEN 3D 5,315.1
52391,2022-046D,JILIN-01 GAOFEN 3D 6,322.8
52422,2022-047AE,BRO-6,437.1
52443,2022-048A,JILIN-01 KUANFU 01C,544.2
52444,2022-048B,JILIN-01 GAOFEN 3D 27,391.0
52445,2022-048C,JILIN-01 GAOFEN 3D 28,386.9
52446,2022-048D,JILIN-01 GAOFEN 3D 29,390.5
52447,2022-048E,JILIN-01 GAOFEN 3D 30,368.4
52448,2022-048F,JILIN-01 GAOFEN 3D 31,383.4
52713,2022-054A,COSMOS 2556,495.8
52716,2022-056A,OBJECT A,885.9
52718,2022-056C,OBJECT C,885.9
52737,2022-057F,GHGSAT-C3,473.3
52744,2022-057N,GHGSAT-C5,473.4
52746,2022-057Q,GHGSAT-C4,473.4
52751,2022-057V,OBJECT V,463.6
52754,2022-057Y,HAWK-5C,428.7
52756,2022-057AA,HAWK-5B,428.9
52757,2022-057AB,HAWK-5A,428.8
52760,2022-057AE,VIGORIDE-3,493.9
52761,2022-057AF,ION SCV-006,443.2
52763,2022-057AH,SHERPA-AC1,468.1
52771,2022-057AR,OMNI-L2,632.9
52785,2022-058A,GEESAT 1-01,633.0
52786,2022-058B,GEESAT 1-02,633.0
52787,2022-058C,GEESAT 1-03,633.0
52788,2022-058D,GEESAT 1-04,633.1
52789,2022-058E,GEESAT 1-05,574.2
52790,2022-058F,GEESAT 1-06,633.0
52791,2022-058G,GEESAT 1-07,633.0
52792,2022-058H,GEESAT 1-08,633.0
52793,2022-058J,GEESAT 1-09,574.4
52794,2022-058K,CZ-2C R/B,407.7
52894,2022-065A,PVSAT,702.0
52895,2022-065B,KSLV-II DUMMY,704.6
52896,2022-065C,KSLV-II R/B,683.3
52897,2022-065D,STEP CUBE LAB-II,690.2
52898,2022-065E,RANDEV,688.9
52899,2022-065F,SNUGLITE-II,686.9
52900,2022-065G,MIMAN,694.7
52907,2022-068A,YAOGAN-35 02A,504.0
52908,2022-068B,YAOGAN-35 02B,424.6
52912,2022-069A,GAOFEN 12 (03),636.8
52913,2022-069B,CZ-4C R/B,475.9
52935,2022-072A,DS-EO,533.8
52939,2022-072E,POEM,503.7
52983,2022-065H,DUMMY CUBESAT,698.6
53104,2022-079C,ELECTRON KICK STAGE R/B,573.8
53128,2022-082A,SUPERVIEW NEO-2 O1,499.4
53130,2022-082C,SUPERVIEW NEO-2 02,499.4
53239,2022-085A,CSS (WENTIAN),390.3
53316,2022-088A,YAOGAN-35 03A,384.2
53318,2022-088C,YAOGAN-35 03B,502.6
53320,2022-088E,YAOGAN-35 03C,453.0
53323,2022-089A,COSMOS 2558,389.0
53346,2022-090A,OBJECT A,509.0
53354,2022-091C,ELECTRON KICK STAGE R/B,598.3
53370,2022-096A,KHAYYAM,498.0
53444,2022-098A,OBJECT A,393.7
53445,2022-098B,OBJECT B,402.7
53446,2022-098C,OBJECT C,401.2
53447,2022-098D,OBJECT D,310.9
53448,2022-098E,OBJECT E,397.2
53449,2022-098F,OBJECT F,381.5
53450,2022-098G,OBJECT G,351.0
53451,2022-098H,OBJECT H,313.4
53452,2022-098J,OBJECT J,389.2
53453,2022-098K,OBJECT K,392.4
53522,2022-101A,YAOGAN-35 04A,503.6
53524,2022-101C,YAOGAN-35 04B,471.8
53526,2022-101E,YAOGAN-35 04C,511.1
53586,2022-102A,CHUANG XIN 16A (CX-16A),556.7
53587,2022-103A,BEIJING 3B,614.5
53698,2022-106A,YAOGAN-33 02,704.6
53699,2022-106B,CZ-4C R/B,566.1
53754,2022-107BG,SHERPA-LTC2,672.5
53757,2022-108A,CENTISPACE-1 S3,696.6
53758,2022-108B,CENTISPACE-1 S4,694.5
53760,2022-109A,YAOGAN-35 05A,503.9
53761,2022-109B,YAOGAN-35 05B,466.9
53763,2022-109D,YAOGAN-35 05C,506.1
53807,2022-111AL,BLUEWALKER 3,461.1
53815,2022-113A,STRIX-1,464.5
53817,2022-113C,ELECTRON KICK STAGE R/B,399.3
53876,2022-102B,CHUANG XIN 16B (CX-16B),455.1
53877,2022-115A,YUNHAI 1-03,790.0
53878,2022-115B,CZ-2D R/B,662.7
53943,2022-120A,YAOGAN-36 01A,505.6
53947,2022-120E,YAOGAN-36 01C,468.1
54020,2022-126A,CENTISPACE-1 S5,691.2
54021,2022-126B,CENTISPACE-1 S6,693.3
54023,2022-127A,OTB-3-GAZELLE,756.9
54024,2022-127B,ELECTRON KICK STAGE R/B,615.8
54029,2022-129A,ASO-S,726.2
54030,2022-129B,CZ-2D R/B,710.8
54035,2022-132A,HJ-2E,509.4
54039,2022-132E,CZ-2C R/B,384.7
54042,2022-133A,YAOGAN-36 02A,503.9
54043,2022-133B,YAOGAN-36 02B,480.9
54045,2022-133D,YAOGAN-36 02C,444.7
54109,2022-137A,COSMOS 2561,425.2
54149,2022-138AN,GSLV R/B,583.7
54214,2022-142A,SHIYAN 20C (SY-20C),800.6
54215,2022-142B,CZ-2D R/B,784.4
54216,2022-143A,CSS (MENGTIAN),390.4
54227,2022-147A,MATS,559.2
54228,2022-147B,ELECTRON KICK STAGE R/B,483.9
54234,2022-150A,NOAA-21 (JPSS-2),834.0
54235,2022-151A,YUNHAI 3,855.1
54236,2022-151B,CZ-6A R/B,869.0
54251,2022-155A,OBJECT A,404.7
54252,2022-155B,OBJECT B,409.4
54253,2022-155C,OBJECT C,430.1
54254,2022-155D,OBJECT D,361.2
54255,2022-155E,OBJECT E,414.6
54361,2022-158A,EOS-6,742.7
54362,2022-158B,OBJECT B,422.3
54372,2022-160A,YAOGAN-36 03A,476.7
54374,2022-160C,YAOGAN-36 03B,513.2
54376,2022-160E,YAOGAN-36 03C,503.4
54381,2022-163A,COSMOS 2565,912.5
54383,2022-163C,COSMOS 2566,908.9
54588,2022-164A,JIAOTONG VDES,745.8
54640,2022-165A,GAOFEN 5 01A,707.3
54641,2022-165B,CZ-2D R/B,672.5
54685,2022-167D,OBJECT D,469.6
54686,2022-167E,OBJECT E,477.0
54687,2022-167F,OBJECT F,361.4
54689,2022-167H,OBJECT H,474.8
54690,2022-167J,OBJECT J,474.7
54691,2022-167K,OBJECT K,350.5
54692,2022-167L,OBJECT L,476.6
54694,2022-167N,OBJECT N,466.8
54695,2022-167P,OBJECT P,472.7
54699,2022-169A,SHIYAN 20A (SY-20A),800.6
54700,2022-169B,SHIYAN 20B (SY-20B),800.5
54701,2022-169C,CZ-4C R/B,727.4
54746,2022-171A,YAOGAN-36 04A,513.2
54748,2022-171C,YAOGAN-36 04B,503.4
54750,2022-171E,YAOGAN-36 04C,481.7
54752,2022-172A,SHIYAN 21 (SY-21),490.8
54753,,,845.8
54754,2022-173A,SWOT,900.3
54817,2022-163D,OBJECT D,909.8
54818,2022-176A,GAOFEN 11 04,500.8
54880,2022-179A,EROS C3,537.2
55009,2023-001A,SAPLING-1,452.2
55010,2023-001B,MENUT,421.5
55011,2023-001C,BRO-8,440.5
55012,2023-001D,CONNECTA T1.2,436.3
55015,2023-001G,BIRKELAND,457.5
55016,2023-001H,OBJECT H,454.7
55034,2023-001AB,LYNK TOWER 4,476.6
55041,2023-001AJ,SKYKRAFT-1,395.9
55045,2023-001AN,NUSAT-34 (AMELIA EARHART,487.6
55046,2023-001AP,LYNK TOWER 3,469.6
55047,2023-001AQ,NUSAT-33 (ALBANIA-2),492.7
55048,2023-001AR,NUSAT-35 (WILLIAMINA),474.0
55049,2023-001AS,ICEYE-X21,337.3
55051,2023-001AU,ION SCV-008,490.5
55053,2023-001AW,EOSSAT-1,475.2
55054,2023-001AX,SKYKRAFT-1A,487.9
55056,2023-001AZ,VIGORIDE 5,410.2
55060,2023-001BD,ION SCV-007,644.5
55061,2023-001BE,SKYKRAFT-1C,499.5
55076,2023-001BV,YAM-5,462.7
55093,2023-001CN,HUYGENS,457.6
55103,2023-001CY,KUWAITSAT-1,435.2
55104,2023-001CY,SHARJAHSAT-1,435.5
55107,2023-001DC,AAC-AIS-SAT-1,600.8
55109,2023-001DE,ASTROCAST-0402,491.7
55110,2023-001DF,ASTROCAST-0401,493.2
55111,2023-001DG,ASTROCAST-0403,487.7
55112,2023-001DH,ASTROCAST-0404,493.2
55135,2023-003C,OBJECT C,417.8
55137,2023-003E,OBJECT E,418.8
55159,2023-004V,ONEWEB-0618,536.4
55244,2023-006C,YAOGAN-37,524.0
55324,2023-011A,HAWK-6B,506.6
55326,2023-011C,HAWK-6C,506.6
55327,2023-011D,HAWK-6A,506.6
55690,2023-025A,HORUS 1,502.8
55836,2023-030A,TIANHUI 6A,896.4
55838,2023-030C,CZ-4C R/B,826.1
55839,2023-030D,TIANHUI 6B,896.4
55844,2023-032A,HORUS 2,502.5
55846,2023-032C,CZ-2C R/B,450.5
55861,2023-034A,SHIYAN 19 (SY-19),413.5
55908,2023-035A,ELECTRON KICK STAGE R/B,544.3
55973,2023-039A,TIANMU-1 03,439.1
55974,2023-039B,TIANMU-1 04,437.8
55975,2023-039C,TIANMU-1 05,439.1
55976,2023-039D,TIANMU-1 06,437.6
55978,2023-040A,COSMOS 2567,500.1
55982,2023-041B,GLOBAL-19,456.6
55983,2023-041C,GLOBAL-5,456.6
56153,2023-047A,OBJECT A,530.3
56154,2023-047B,OBJECT B,530.3
56155,2023-047C,OBJECT C,530.3
56156,2023-047D,OBJECT D,530.3
56162,2023-050A,CHECKMATE 8,953.6
56163,2023-050B,CHECKMATE 5,953.5
56164,2023-050C,CHECKMATE 4,954.1
56165,2023-050D,CHECKMATE 6,952.5
56166,2023-050E,CHECKMATE 7,951.2
56167,2023-050F,CHECKMATE 2,952.9
56168,2023-050G,CHECKMATE 1,953.6
56169,2023-050H,CHECKMATE 3,952.9
56170,2023-050J,BB 2,949.3
56171,2023-050K,BB 1,962.5
56178,2023-054A,IMECE,681.5
56185,2023-054H,BRO-9,370.5
56186,2023-054J,GHGSAT-C8,422.3
56191,2023-054P,HAWK-7A,493.6
56192,2023-054Q,ION SCV-010,496.7
56193,2023-054R,HAWK-7B,493.6
56195,2023-054T,GHOST-1,310.0
56200,2023-054Y,HAWK-7C,493.6
56201,2023-054Z,NUSAT-39 (TIKVAH ALPER),445.7
56202,2023-054AA,NUSAT-38 (MARIA AGNESI),439.0
56203,2023-054AB,NUSAT-37 (JOAN CLARKE),421.7
56204,2023-054AC,GHGSAT-C6,422.3
56209,2023-054AH,GHGSAT-C7,429.4
56218,2023-054AS,KEPLER-21,348.0
56225,2023-054AZ,AAC-HSI-SAT1,536.7
56226,2023-084BK,OUTPOST MISSION 1,355.0
56232,2023-055A,FENGYUN 3G,415.4
56308,2023-057A,POEM 2,590.4
56309,2023-057B,LUMELITE 4,512.0
56310,2023-057C,TELEOS 2,585.3
56726,2023-068S,IRIDIUM 181,754.7
56727,2023-068T,IRIDIUM 177,635.8
56728,2023-068U,IRIDIUM 174,661.0
56729,2023-068V,IRIDIUM 178,635.7
56730,2023-068W,IRIDIUM 179,635.8
56731,2023-069A,OBJECT A,453.9
56732,2023-069B,OBJECT B,543.9
56743,2023-072A,NEXTSAT-2,492.9
56744,2023-072B,SNIPE-D,456.0
56745,2023-072C,SNIPE-B,445.0
56746,2023-072D,SNIPE-C,398.7
56747,2023-072E,OBJECT E,441.1
56748,2023-072F,OBJECT F,483.5
56749,2023-072G,SNIPE-A,435.3
56750,2023-072H,KSLV-II R/B,472.8
56756,2023-074A,KONDOR FKA NO.1,513.9
56846,2023-081A,OBJECT A,505.8
56866,2023-081W,OBJECT W,501.4
56874,2023-082A,LONGJIANG 3,456.1
56933,2023-084B,OTTER PUP,310.2
56934,2023-084C,GEISAT PRECURSOR,472.9
56943,2023-084M,NUSAT-40 (C SHOEMAKER),385.3
56944,2023-084N,NUSAT-41 (C PAYNE-G),479.5
56946,2023-084Q,GREGOIRE,464.5
56947,2023-084R,ICEYE-X30,346.5
56950,2023-084U,BLACKJACK ACES-3,515.6
56953,2023-084X,RUNNER-1 (TYVAK-1005),465.0
56954,2023-084Y,HOTSAT-1,506.3
56955,2023-084Z,BLACKJACK ACES-2,516.3
56956,2023-084AA,BLACKJACK ACES-1,516.6
56957,2023-084AB,ION SCV-011,489.0
56958,2023-084AC,GHOST-3,438.6
56960,2023-084AE,ORBITER SN3,473.2
56961,2023-084AF,ICEYE-X26,349.4
56962,2023-084AG,TOMORROW-R2,349.4
56963,2023-084AH,ICEYE-X25,413.7
56964,2023-084AJ,AFR-1,489.7
56966,2023-084AL,NUSAT-42 (M WONENBURGER),448.4
56968,2023-084AN,NUSAT-43 (R DIENG-KUNTZ),335.6
56970,2023-084AQ,LEMUR 2 EMBRIONOVIS,467.3
56995,2023-084BX,AAC-HSI-SAT2,513.6
56996,2023-084BY,AAC-AIS-SAT2,620.7
57004,2023-085A,OBJECT A,487.4
57012,2023-085J,OBJECT J,476.6
57014,2023-085L,OBJECT L,484.0
57023,2023-085V,OBJECT V,479.0
57026,2023-085Y,OBJECT Y,473.5
57031,2023-085AD,OBJECT AD,475.7
57036,2023-085AJ,OBJECT AJ,504.5
57037,2023-085AK,OBJECT AK,504.2
57038,2023-085AL,OBJECT AL,475.5
57044,2023-085AS,OBJECT AS,471.0
57166,2023-091A,METEOR M2-3,818.8
57168,2023-091C,RESHUCUBE-2,497.7
57169,2023-091D,OBJECT D,504.4
57170,2023-091E,SIRIUS-SINP-3U,504.4
57171,2023-091F,OBJECT F,504.4
57172,2023-091G,UMKA-1,513.4
57173,2023-091H,SAMSAT-ION,492.4
57174,2023-091J,SATURN,533.2
57175,2023-091K,CUBEBEL-2,491.4
57176,2023-091L,SITRO-AIS-5,490.3
57177,2023-091M,ZORKIY-2M,513.6
57178,2023-091N,CUBESX-HSE-3,485.5
57179,2023-091P,NORBY-2,525.6
57180,2023-091Q,MONITOR-3,494.4
57181,2023-091R,OBJECT R,531.3
57182,2023-091S,MONITOR-4,494.1
57183,2023-091T,OBJECT T,518.3
57184,2023-091U,MONITOR-2,518.7
57185,2023-091V,OBJECT V,464.5
57186,2023-091W,CSTP-1.2,490.3
57187,2023-091X,SVYATOBOR-1,497.3
57188,2023-091Y,HORS-1,497.1
57189,2023-091Z,VIZARD-METEO,472.8
57190,2023-091AA,NANOZOND-1,325.5
57191,2023-091AB,POLYTECH-UNIVERSE-3,518.1
57192,2023-091AC,SITRO-AIS-6,498.9
57193,2023-091AD,SITRO-AIS-8,483.3
57194,2023-091AE,SITRO-AIS-7,499.7
57195,2023-091AF,AVION-KALUGA-650,514.6
57196,2023-091AG,HORS-2,483.6
57197,2023-091AH,A-SEANSAT-PG1,470.6
57199,2023-091AK,SITRO-AIS-10,466.5
57200,2023-091AL,DRUZHBA-ATURK,449.0
57201,2023-091AM,SITRO-AIS-9,467.8
57202,2023-091AN,CSTP-1.1,518.1
57203,2023-091AP,UTMN-2,483.0
57204,2023-091AQ,SITRO-AIS-12,467.0
57206,2023-091AS,AHMAT-1,415.3
57208,2023-091AU,SITRO-AIS-11,466.0
57217,2023-091AV,KUZGTU-1,489.1
57323,2023-091AX,STRATOSAT-TK1-E,358.0
57326,2023-091BA,STRATOSAT-TK1-D,376.0
57386,2023-100A,STARLING 4,554.7
57387,2023-100B,STARLING 2,554.7
57388,2023-100C,STARLING 1,554.7
57389,2023-100D,STARLING 3,539.1
57390,2023-100E,LEMUR 2 MANO,377.0
57391,2023-100F,LEMUR 2 DEVERILL-M-T,465.8
57393,2023-100H,ELECTRON KICK STAGE R/B,673.5
57399,2023-101A,TIANMU-1 07,485.2
57400,2023-101B,TIANMU-1 08,485.0
57401,2023-101C,TIANMU-1 09,485.2
57402,2023-101D,TIANMU-1 10,485.0
57424,2023-104A,OBJECT A,473.3
57426,2023-104C,OBJECT C,490.9
57429,2023-104F,OBJECT F,424.6
57452,2023-106A,YAOGAN-36 05A,503.2
57454,2023-106C,YAOGAN-36 05B,520.1
57456,2023-106E,YAOGAN-36 05C,520.6
57490,2023-111A,FENGYUN 3F,832.8
57491,2023-111B,CZ-4C R/B,709.5
57519,2023-116A,HJ-2F,509.6
57582,2023-117C,OBJECT C,462.1
57585,2023-117F,OBJECT F,448.0
57626,2023-121A,HEAD-3A,698.6
57627,2023-121B,HEAD-3B,695.7
57628,2023-121C,HEAD-3C,693.5
57629,2023-121D,HEAD-3D,691.3
57630,2023-121E,HEAD-3E,688.4
57654,2023-123A,GAOFEN 12 04,636.3
57655,2023-123B,CZ-4C R/B,461.1
57693,2023-126A,CAPELLA-11 (ACADIA),633.2
57694,2023-126B,ELECTRON KICK STAGE R/B,623.1
57696,2023-127A,JILIN-01 KUANFU 02A,543.8
57727,2023-130A,YAOGAN-39 01A,503.8
57728,2023-130B,YAOGAN-39 01B,520.2
57731,2023-130E,YAOGAN-39 01C,520.2
57756,2023-133A,WILDFIRE 4,948.7
57757,2023-133B,BB4,868.6
57758,2023-133C,WILDFIRE 3,949.4
57760,2023-133E,BB3,787.1
57761,2023-133F,WILDFIRE 7,953.1
57762,2023-133G,CHECKMATE 10,951.7
57763,2023-133H,WILDFIRE 6,952.2
57764,2023-133J,WILDFIRE 1,950.8
57765,2023-133K,WILDFIRE 9,952.0
57766,2023-133L,WILDFIRE 10,951.3
57767,2023-133M,WILDFIRE 2,952.7
57768,2023-133N,WILDFIRE 8,951.9
57769,2023-133P,WILDFIRE 5,951.8
57792,2023-135A,TIANQI 21,822.1
57793,2023-135B,TIANQI 22,822.1
57794,2023-135C,TIANQI 23,822.0
57795,2023-135D,TIANQI 24,822.1
57797,2023-136A,YAOGAN-33 03,704.7
57798,2023-136B,CZ-4C R/B,564.6
57800,2023-138A,XRISM,538.2
57830,2023-139A,YAOGAN-40 01A,858.2
57831,2023-139B,CZ-6A R/B,806.6
57832,2023-139C,YAOGAN-40 01B,858.3
57833,2023-139D,YAOGAN-40 01C,858.2
57835,2023-139F,CZ-6A R/B,769.0
57886,2023-145A,YAOGAN-39 02A,503.5
57889,2023-145D,YAOGAN-39 02B,522.2
57890,2023-145E,YAOGAN-39 02C,522.1
57956,2023-084BZ,SKYKRAFT-3D,375.8
57958,2023-149A,YAOGAN-33 04,704.7
57959,2023-149B,CZ-4C R/B,576.9
57986,2023-152A,YAOGAN-39 03A,503.9
57988,2023-152C,YAOGAN-39 03B,521.2
57990,2023-152E,YAOGAN-39 03C,521.4
58016,2023-155A,T2V,631.5
58017,2023-155B,FORMOSAT-7R/TRITON,602.4
58018,2023-155C,ANSER-FLW2,453.8
58019,2023-155D,ANSER-FLW1,454.8
58020,2023-155E,NESS,490.4
58021,2023-155F,CSC-2,512.2
58022,2023-155G,CSC-1,542.8
58023,2023-155H,PRETTY,504.7
58024,2023-155J,MACSAT,513.4
58025,2023-155K,PVCC,528.3
58073,2023-159A,YUNHAI 1-04,790.0
58074,2023-159B,CZ-2D R/B,801.3
58141,2023-163A,YAOGAN-39 04A,504.2
58143,2023-163C,YAOGAN-39 04B,522.1
58145,2023-163E,YAOGAN-39 04C,522.1
58148,2023-165A,COSMOS 2570,912.5
58172,2023-165C,COSMOS 2571,910.2
58199,2023-168A,TIANHUI 5A,612.6
58200,2023-168B,CZ-6A R/B,524.2
58201,2023-168C,TIANHUI 5B,612.6
58258,2023-174C,ORBASTRO-PC-1,438.7
58259,2023-174D,LEMUR 2 BASS,452.1
58262,2023-174G,PLATERO,401.5
58264,2023-174J,BRO-11,493.5
58270,2023-174Q,FLOCK 4Q 1,376.3
58271,2023-174R,FLOCK 4Q 16,436.4
58272,2023-174S,TIGER-6,356.3
58273,2023-174T,FLOCK 4Q 11,435.2
58274,2023-174U,FLOCK 4Q 36,417.3
58275,2023-174V,FLOCK 4Q 12,408.5
58276,2023-174W,GENMAT-1,473.9
58277,2023-174X,TIGER-5,315.0
58280,2023-174AA,FLOCK 4Q 28,423.2
58281,2023-174AB,AETHER-1,387.8
58282,2023-174AC,FLOCK 4Q 27,423.3
58283,2023-174AD,FLOCK 4Q 17,351.9
58284,2023-174AE,FLOCK 4Q 26,417.8
58285,2023-174AF,FLOCK 4Q 31,418.6
58286,2023-174AG,FLOCK 4Q 30,418.2
58287,2023-174AH,PICO-01B009,380.8
58288,2023-174AJ,ICEYE-X31,478.4
58291,2023-174AM,FALCONSAT-10,492.3
58294,2023-174AQ,ICEYE-X34,411.5
58295,2023-174AR,SPACEVAN-001,403.6
58296,2023-174AS,PELICAN-1 3001,385.8
58297,2023-174AT,UMBRA-07,550.7
58298,2023-174AU,SPIP,492.3
58299,2023-174AV,AETHER-2,472.3
58300,2023-174AW,ION SCV-013,559.5
58301,2023-174AX,IMPULSE-1 MIRA,473.0
58302,2023-174AY,ICEYE-X35,435.9
58303,2023-174AZ,FLOCK 4Q 25,399.9
58304,2023-174BA,FLOCK 4Q 29,421.6
58306,2023-174BC,FLOCK 4Q 22,413.1
58307,2023-174BD,FLOCK 4Q 23,403.3
58308,2023-174BE,FLOCK 4Q 33,416.3
58309,2023-174BF,FLOCK 4Q 35,419.4
58313,2023-174BK,FLOCK 4Q 20,380.0
58316,2023-174BN,FLOCK 4Q 34,402.6
58318,2023-174BQ,FLOCK 4Q 7,422.3
58319,2023-174BR,FLOCK 4Q 15,378.8
58320,2023-174BS,FLOCK 4Q 2,435.6
58321,2023-174BT,PROTOMETHEE,482.0
58322,2023-174BU,FLOCK 4Q 9,436.7
58323,2023-174BV,OBSERVER-1A,463.1
58326,2023-174BY,PICO-01A003,445.0
58327,2023-174BZ,FLOCK 4Q 4,438.1
58328,2023-174CA,FLOCK 4Q 13,429.7
58329,2023-174CB,FLOCK 4Q 21,395.8
58331,2023-174CD,BRO-10,337.3
58334,2023-174CG,OUTPOST-MISSION-2,417.9
58336,2023-174CJ,LEMUR 2 JK0903EM1407,430.7
58340,2023-174CN,LEMUR 2 MJR092620,445.5
58349,2023-176A,HAIYANG 3A,785.1
58400,2023-179A,MALLIGYONG-1,506.6
58401,2023-179B,CHOLLIMA-1 R/B,399.6
58428,2023-165D,OBJECT D,909.9
58435,2023-182A,COSMOS 2572,309.2
58462,2023-185A,GNOMES-4,573.0
58463,2023-185B,KORSAT 7,571.0
58464,2023-185C,KOYOH,521.4
58465,2023-185D,BANE,358.5
58466,2023-185E,UHETSAT,482.7
58467,2023-185F,LILIUM-1,360.0
58468,2023-185G,SPIRIT,379.4
58469,2023-185H,ION SCV-015,477.2
58496,2023-187A,XINGCHI-1 02A,623.9
58497,2023-187B,MISRSAT-2,626.9
58498,2023-187C,XINGCHI-1 02B,619.0
58499,2023-187D,CZ-2C R/B,600.0
58500,2023-188A,DOORY-SAT,635.2
58501,2023-188B,TLV R/B,488.0
58502,2023-189A,OBJECT A,475.3
58503,2023-189B,OBJECT B,347.2
58507,2023-190C,JIELONG 3 R/B,516.1
58555,2023-193C,HONGHU 2,502.5
58557,2023-194A,YAOGAN-39 05A,503.8
58558,2023-194B,YAOGAN-39 05B,522.6
58559,2023-194C,YAOGAN-39 05C,522.3
58562,2023-185M,ALISIO-1,523.7
58570,2023-174DB,OBJECT DB,383.5
58578,2023-196A,QPS-SAR-5 TSUKUYOMI-I,511.1
58579,2023-196B,ELECTRON KICK STAGE R/B,534.1
58614,2023-201A,COSMOS 2573,500.1
58645,2023-205A,TIANMU-1 11,494.6
58646,2023-205B,TIANMU-1 12,494.8
58647,2023-205C,TIANMU-1 13,494.6
58648,2023-205D,TIANMU-1 14,494.7
58650,2023-206A,SHIYAN 24C 01,580.3
58651,2023-206B,SHIYAN 24C 02,580.5
58652,2023-206C,SHIYAN 24C 03,580.4
58660,2023-208A,TIANMU-1 19,482.3
58661,2023-208B,TIANMU-1 20,478.8
58662,2023-208C,TIANMU-1 21,472.6
58663,2023-208D,TIANMU-1 22,483.6
58665,2023-185P,MDQUBESAT-2,385.3
58694,2024-001A,XPOSAT,639.4
58700,2024-004A,TIANMU-1 15,494.7
58701,2024-004B,TIANMU-1 16,494.5
58702,2024-004C,TIANMU-1 17,494.5
58703,2024-004D,TIANMU-1 18,494.6
58727,2023-185R,UNICORN-2L,513.5
58753,2024-007A,EINSTEIN PROBE,569.6
58754,2024-007B,CZ-2C R/B,451.9
58755,2023-185S,NANOFF B,538.1
58758,2024-009A,YUNYAO-1 18,508.7
58759,2024-009B,YUNYAO-1 19,523.8
58760,2024-009C,YUNYAO-1 20,523.2
58810,2023-185T,NANOFF A,538.2
58817,2024-015A,SORAYA,756.8
58818,2024-015B,QAEM 100 R/B,751.6
58820,2024-016A,OBJECT A,423.7
58821,2024-016B,OBJECT B,397.2
58822,2024-016C,OBJECT C,501.1
58823,2024-016D,OBJECT D,433.3
58848,2023-174DH,AAC-HSI-SAT3,527.1
58852,2024-018D,OBJECT D,715.3
58899,2024-022A,LEMUR 2 NIMBUS2000,460.8
58900,2024-022B,LEMUR 2 VALHALLA,461.7
58901,2024-022C,ELECTRON KICK STAGE R/B,421.8
58902,2024-022D,LEMUR 2 OBA-NI-JESU,367.7
58903,2024-022E,LEMUR 2 CAEL,458.2
58905,2024-023A,GEESAT 2-01,627.2
58906,2024-023B,GEESAT 2-02,627.1
58907,2024-023C,GEESAT 2-03,584.2
58908,2024-023D,GEESAT 2-04,584.0
58909,2024-023E,GEESAT 2-05,627.2
58910,2024-023F,GEESAT 2-06,563.7
58911,2024-023G,GEESAT 2-07,627.1
58912,2024-023H,GEESAT 2-08,627.2
58913,2024-023J,GEESAT 2-09,627.1
58914,2024-023K,GEESAT 2-10,627.0
58915,2024-023L,GEESAT 2-11,627.0
58916,2024-023M,CZ-2C R/B,664.1
58918,2024-024B,OBJECT B,509.7
58919,2024-024C,OBJECT C,388.2
58921,2024-024E,NEXSAT-1,475.6
58922,2024-024F,OBJECT F,511.0
58923,2024-024G,OBJECT G,302.3
58925,2024-024J,OBJECT J,384.8
58927,2024-024L,OBJECT L,483.4
58928,2024-026A,PACE,682.7
58929,2024-026A,COSMOS 2575,350.6
58960,2024-028F,HBTSS-SV1,614.3
58987,2024-032A,CE-SAT-IE,674.0
58989,2024-032C,TIRSAT,661.0
58992,2024-034A,ADRAS-J,497.1
58993,2024-034B,ELECTRON KICK STAGE R/B,417.5
58997,2023-174DJ,AAC-AIS-SAT3,623.2
59050,1987-060AX,OBJECT AX,783.5
59051,2024-039A,METEOR M2-4,824.3
59065,2024-039Q,PARS-1,441.7
59066,2024-039R,SITRO-AIS-25,596.4
59067,2024-039S,SITRO-AIS-26,597.0
59068,2024-039T,SITRO-AIS-27,595.8
59071,2024-039U,SITRO-AIS-28,595.6
59072,2024-039V,MARAFON-D-GVM,746.0
59073,2024-039W,FREGAT R/B,737.4
59098,2024-043A,HORACIO,579.8
59099,2024-043B,MUSAT2,551.1
59100,2024-043C,ICEYE-X38,537.2
59101,2024-043D,METHANESAT,581.2
59103,2024-043F,ICEYE-X36,555.1
59104,2024-043G,PE2_FLT2 (TYVAK-0262),584.0
59105,2024-043H,PE2_FLT1 (TYVAK-0261),584.0
59106,2024-043J,RROCI-2,575.6
59107,2024-043K,BRO-13,585.3
59108,2024-043L,BRO-12,584.6
59112,2024-043Q,SONATE-2,415.9
59117,2024-043V,CONTECSAT-1,467.9
59120,2024-043Y,TIGER-8,444.2
59121,2024-043Z,LYNK TOWER 5,483.7
59122,2024-043AA,NUSAT-44 MARIA MITCHELL,482.7
59123,2024-043AB,LYNK TOWER 6,483.2
59124,2024-043AC,VSP ROSE,489.1
59125,2024-043AD,OBJECT AD,469.4
59126,2024-043AE,YAM-6,466.0
59127,2024-043AF,JACKAL-01,447.6
59128,2024-043AG,OBJECT AG,479.8
59129,2024-043AH,APEX ARIES 1,418.8
59130,2024-043AJ,GHOST-5,451.3
59131,2024-043AK,MESON-1,482.5
59132,2024-043AL,LIZZIESAT,492.4
59133,2024-043AM,GHOST-4,450.1
59134,2024-043AN,JACKAL-02,443.5
59135,2024-043AP,VSP RF A1,493.8
59136,2024-043AQ,VSP RF C1,484.1
59137,2024-043AR,VSP RF B1,492.2
59141,2024-043AV,TIGER-7,434.1
59142,2024-043AW,OBJECT AW,352.5
59146,2024-043BA,LEMUR 2 JOHNNYTRUONG,410.7
59148,2024-043BC,HAMMER,433.8
59175,2023-174DK,EXO-0,473.4
59224,2024-047A,STRIX-3,519.0
59225,2024-047B,ELECTRON KICK STAGE R/B,488.9
59280,2024-052A,YUNHAI 2-2A,805.8
59281,2024-052B,YUNHAI 2-2B,805.8
59282,2024-052C,YUNHAI 2-2C,805.8
59283,2024-052D,YUNHAI 2-2D,805.7
59284,2024-052E,YUNHAI 2-2E,805.8
59285,2024-052F,YUNHAI 2-2F,805.9
59289,2024-053B,MOLA,414.9
59290,2024-053C,AEROCUBE 16A,449.3
59291,2024-053D,AEROCUBE 16B,449.6
59343,2024-058A,YUNHAI 3-02,854.7
59344,2024-058B,CZ-6A R/B,803.5
59371,2024-061A,RESURS P4,473.8
59395,2024-063A,YAOGAN 42-01,503.7
59396,2024-063B,CZ-2D R/B,454.3
59442,2024-066A,TSAT-1A,471.7
59443,2024-066B,HAWK-8A,577.6
59444,2024-066C,CAPELLA-14 (ACADIA),539.5
59445,2024-066D,HAWK-8B,577.6
59446,2024-066E,HAWK-9A,577.6
59447,2024-066F,QPS-SAR-7 TSUKUYOMI-II,550.0
59448,2024-066G,HAWK-9C,577.6
59449,2024-066H,HAWK-8C,577.6
59450,2024-066J,HAWK-9B,577.6
59451,2024-066K,CENTAURI-6,558.6
59452,2024-066L,KORSAT-1,576.4
59481,2024-070A,WSF-M,830.1
59510,2024-072A,SUPERVIEW NEO-3 01,502.3
59557,2024-075A,YAOGAN-42 02,503.8
59587,2024-077A,NEONSAT-1,464.1
59588,2024-077B,ACS 3,934.2
59590,2024-077D,ELECTRON KICK STAGE R/B,708.5
59625,2024-081A,LEGION 1,523.6
59626,2024-081B,LEGION 2,522.8
59679,2024-085C,OBJECT C,476.3
59680,2024-085D,OBJECT D,471.3
59728,2024-089A,SHIYAN 23 (SY-23),614.7
59729,2024-089B,CZ-4C R/B,481.6
59773,2024-092A,COSMOS 2576,488.2
59774,2024-092B,ZORKIY-2M-6,491.6
59775,2024-092C,ZORKIY-2M-4,489.7
59776,2024-092D,SITRO-AIS-53,471.4
59777,2024-092E,SITRO-AIS-54,471.6
59778,2024-092F,SITRO-AIS-56,469.8
59779,2024-092G,RASSVET-2-1,792.9
59780,2024-092H,RASSVET-2-2,792.8
59781,2024-092J,RASSVET-2-3,792.8
59805,2024-094A,OBJECT A,523.7
59806,2024-094B,OBJECT B,523.3
59807,2024-094C,OBJECT C,523.2
59808,2024-094D,OBJECT D,523.0
59809,2024-092K,SITRO-AIS-55,472.3
59810,2024-095A,OBJECT A,541.5
59812,2024-095C,OBJECT C,367.6
59881,2024-099A,PREFIRE-2,511.7
59884,2023-195G,OBJECT G,600.1
59908,2024-101A,EARTHCARE,403.4
59909,2024-102A,TIANQI 25,904.0
59910,2024-102B,TIANQI 26,903.9
59911,2024-102C,TIANQI 27,903.9
59912,2024-102D,TIANQI 28,903.9
59917,2024-105A,OBJECT A,523.3
59918,2024-105B,OBJECT B,519.9
59919,2024-105C,OBJECT C,514.6
59920,2024-105D,OBJECT D,507.9
59921,2024-105E,OBJECT E,515.4
59965,2024-108A,PREFIRE-1,504.6
60012,2024-110A,OBJECT A,536.6
60013,2024-110B,OBJECT B,509.2
60014,2024-110C,OBJECT C,580.2
60015,2024-110D,OBJECT D,503.0
60079,2024-114A,KINEIS-1B,635.0
60081,2024-114C,KINEIS-1C,635.0
60082,2024-114D,KINEIS-1D,648.7
60083,2024-114E,KINEIS-1E,634.8
60084,2024-114F,KINEIS-1A,634.9
60085,2024-114G,ELECTRON KICK STAGE R/B,534.3
60088,2024-116A,OBJECT A,621.9
60089,2024-116B,OBJECT B,626.0
60182,2024-123A,ALOS-4,638.1
60203,2024-126A,KUBESAT-1,402.1
60206,2024-126D,R5-S4,451.3
60207,2024-126E,R5-S2,446.6
60209,2024-126G,MO-122,408.4
60210,2024-126H,FIREFLY ALPHA R/B,397.4
60211,2024-127A,TIANHUI 5C,612.6
60212,2024-127B,TIANHUI 5D,612.7
60214,2024-127D,CZ-6A R/B,532.8
60235,2024-128A,REPLICATOR,571.7
60236,2024-128B,3CAT-4,568.2
60237,2024-128C,GRBBETA,555.7
60238,2024-128D,ISTSAT-1,541.8
60239,2024-128E,ARIANE 6 R/B,573.5
60240,2024-128F,OOV-CUBE,566.8
60241,2024-128G,CURIE-A/B,553.2
60242,2024-128H,CURIUM-ONE,539.7
60243,2024-128J,ROBUSTA-3A,542.0
60246,2024-125J,CATSAT,422.5
60249,2024-130A,GAOFEN 11-05,502.9
60352,2024-137A,STRIX-4,483.7
60385,2024-140G,QIANFAN-7,806.3
60397,2024-140U,CZ-6A R/B,832.9
60419,2024-142A,CAPELLA-13 (ACADIA),612.4
60420,2024-142B,ELECTRON KICK STAGE R/B,596.0
60452,2024-146A,LEGION 3,527.1
60453,2024-146B,LEGION 4,527.2
60454,2024-147A,EOS-8,437.8
60458,2024-148A,YAOGAN-43 O1A,472.9
60459,2024-148B,YAOGAN-43 O1B,471.4
60460,2024-148C,YAOGAN-43 O1C,502.7
60461,2024-148D,YAOGAN-43 O1D,486.9
60462,2024-148E,YAOGAN-43 O1E,504.3
60463,2024-148F,YAOGAN-43 O1F,481.8
60464,2024-148G,YAOGAN-43 O1G,487.0
60465,2024-148H,YAOGAN-43 O1H,494.3
60466,2024-148J,YAOGAN-43 O1J,470.3
60468,2024-149A,OBJECT A,478.5
60469,2024-149B,WARATAH SEED-1,471.6
60470,2024-149C,PHISAT 2,483.4
60471,2024-149D,LEMUR 2 TOMATOKECHUP,470.2
60472,2024-149E,CONNECTA IOT-1,504.4
60473,2024-149F,LOPEN,461.5
60474,2024-149G,ROCK,461.4
60475,2024-149H,CONNECTA IOT-3,504.4
60476,2024-149J,QUBE,443.2
60478,2024-149L,WREN-1,458.3
60479,2024-149M,TOMORROW-S1,478.4
60480,2024-149N,FLOCK 4BE 18,456.1
60481,2024-149P,FLOCK 4BE 7,462.2
60483,2024-149R,FLOCK 4BE 16,342.5
60484,2024-149S,FLOCK 4BE 26,429.4
60485,2024-149T,TOMORROW-S2,478.7
60486,2024-149U,FLOCK 4BE 36,453.4
60487,2024-149V,FLOCK 4BE 25,463.3
60488,2024-149W,FLOCK 4BE 31,450.8
60489,2024-149X,FLOCK 4BE 20,465.6
60490,2024-149Y,FLOCK 4BE 23,466.8
60491,2024-149Z,FLOCK 4BE 15,443.0
60492,2024-149AA,FLOCK 4BE 17,461.3
60493,2024-149AB,NUSAT-50 (NANCY ROMAN),482.0
60494,2024-149AC,FLOCK 4BE 22,457.6
60495,2024-149AD,FLOCK 4BE 34,457.3
60496,2024-149AE,TYCHE,495.4
60497,2024-149AF,FLOCK 4BE 32,455.4
60498,2024-149AG,NUSAT-48 (H. LEAVITT),484.2
60499,2024-149AH,FLOCK 4BE 30,450.1
60500,2024-149AJ,NUSAT-49(K.VON NEUMANN),484.8
60501,2024-149AK,FLOCK 4BE 11,453.1
60502,2024-149AL,FLOCK 4BE 33,358.5
60503,2024-149AM,FLOCK 4BE 10,320.9
60504,2024-149AN,YAM-7,481.2
60505,2024-149AP,FLOCK 4BE 24,453.4
60506,2024-149AQ,LUR-1,486.1
60507,2024-149AR,TANAGER-1 4001,442.7
60508,2024-149AS,EAGLEEYE,397.1
60509,2024-149AT,FLOCK 4BE 29,449.7
60510,2024-149AU,OBJECT AU,459.7
60511,2024-149AV,FLOCK 4BE 2,438.8
60512,2024-149AW,FLOCK 4BE 13,454.6
60513,2024-149AX,FLOCK 4BE 27,474.1
60514,2024-149AY,FLOCK 4BE 9,458.5
60516,2024-149BA,FLOCK 4BE 6,461.4
60517,2024-149BB,FLOCK 4BE 14,458.1
60518,2024-149BC,FLOCK 4BE 1,454.1
60519,2024-149BD,FLOCK 4BE 28,447.7
60520,2024-149BE,IPERDRONE.0,404.6
60521,2024-149BF,OBJECT BF,385.9
60522,2024-149BG,CONNECTA IOT-2,503.3
60523,2024-149BH,PTD-R (TYVAK-0127),349.9
60524,2024-149BJ,CONNECTA IOT-4,455.7
60525,2024-149BK,ORESAT0.5,447.5
60526,2024-149BL,DEIMOS,449.6
60527,2024-149BM,CUAVA-2,470.6
60528,2024-149BN,ERNST,462.3
60530,2024-149BQ,TORO,586.1
60531,2024-149BR,HYPSO-2,579.1
60532,2024-149BS,LEMU-NGE,590.8
60533,2024-149BT,LEMUR 2 STELLA,543.5
60534,2024-149BU,SATELIOT_2,586.3
60535,2024-149BV,NIGHTJAR,578.6
60536,2024-149BW,LEMUR 2 MARHISYAM,544.9
60537,2024-149BX,SATELIOT_4,585.4
60538,2024-149BY,PICO-02A021,566.6
60539,2024-149BZ,ICEYE-X43,575.6
60540,2024-149CA,HAWK-10A,585.7
60541,2024-149CB,UMBRA-09,526.7
60542,2024-149CC,QPS-SAR-8 AMATERU-IV,564.0
60543,2024-149CD,ARCTIC WEATHER SATELLITE,605.7
60544,2024-149CE,CAPELLA-15 (ACADIA),597.4
60545,2024-149CF,HAWK-10B,585.6
60546,2024-149CG,ICEYE-X39,576.1
60547,2024-149CH,UMBRA-10,526.9
60548,2024-149CJ,ICEYE-X33,570.0
60549,2024-149CK,ICEYE-X40,581.3
60550,2024-149CL,SATELIOT_1,581.2
60551,2024-149CM,BRO-14,586.5
60552,2024-149CN,SATELIOT_3,581.1
60553,2024-149CP,BRO-15,586.6
60554,2024-149CQ,UM5-RIBAT,572.2
60555,2024-149CR,UM5-EOSAT,570.8
60556,2024-149CS,KANYINI,432.6
60557,2024-149CT,CELESTIS 24/TROOP-F2,346.2
60558,2024-149CU,FLOCK 4BE 35,432.2
60559,2024-149CV,FLOCK 4BE 5,460.1
60560,2024-149CW,FLOCK 4BE 12,420.5
60561,2024-149CX,FLOCK 4BE 3,456.5
60562,2024-149CY,HYPERFIELD-1A,483.1
60563,2024-149CZ,FLOCK 4BE 19,449.9
60565,2024-149DB,PTD-4,517.2
60573,2024-149DK,ION SCV-012,590.3
60574,2024-149DL,GNOMES-5,572.6
60575,2024-149DM,HAWK-10C,585.7
60576,2024-149DN,LEMUR 2 AHMED-ASRAR,540.8
60577,2024-149DP,LEMUR 2 LLOYD,550.8
60578,2024-149DQ,LEMUR 2 SQUIRRELCOMM,555.2
60579,2024-149DR,LEMUR 2 SIERRINI,545.9
60580,2024-149DS,SEDNA-1,555.9
60745,2024-153A,OBJECT A,453.0
60746,2024-153B,OBJECT B,479.7
60747,2024-153C,OBJECT C,460.9
60748,2024-153D,OBJECT D,496.7
60749,2024-153E,OBJECT E,498.6
60750,2024-153F,OBJECT F,502.0
60945,2024-156A,YAOGAN-43 02A,444.3
60946,2024-156B,YAOGAN-43 02B,503.9
60947,2024-156C,YAOGAN-43 02C,503.7
60948,2024-156D,YAOGAN-43 02D,503.8
60949,2024-156E,YAOGAN-43 02E,504.7
60950,2024-156F,YAOGAN-43 02F,503.9
60989,2024-157A,SENTINEL-2C,796.1
61011,2024-159A,GEESAT 3-01,624.1
61012,2024-159B,GEESAT 3-02,624.2
61013,2024-159C,GEESAT 3-03,624.1
61014,2024-159D,GEESAT 3-04,627.2
61015,2024-159E,GEESAT 3-05,624.2
61016,2024-159F,GEESAT 3-06,624.2
61017,2024-159G,GEESAT 3-07,624.2
61018,2024-159H,GEESAT 3-08,624.2
61019,2024-159J,GEESAT 3-09,624.2
61020,2024-159K,GEESAT 3-10,624.2
61045,2024-163A,SPACEMOBILE-003,509.9
61046,2024-163B,SPACEMOBILE-005,509.8
61047,2024-163C,SPACEMOBILE-001,509.7
61048,2024-163D,SPACEMOBILE-002,509.7
61049,2024-163E,SPACEMOBILE-004,509.7
61071,2024-165A,QAEM 100 R/B,530.1
61072,2024-165B,CHAMRAN-1,542.0
61180,2024-166B,OBJECT B,350.6
61189,2024-169A,JILIN-01 KUANFU 02B 1,545.1
61190,2024-169B,JILIN-01 KUANFU 02B 2,545.2
61191,2024-169C,JILIN-01 KUANFU 02B 3,545.2
61192,2024-169D,JILIN-01 KUANFU 02B 4,545.1
61193,2024-169E,JILIN-01 KUANFU 02B 5,545.1
61194,2024-169F,JILIN-01 KUANFU 02B 6,545.1
61195,2024-170A,TIANQI 29,904.0
61196,2024-170B,TIANQI 30,904.0
61197,2024-170C,TIANQI 31,904.1
61198,2024-170D,TIANQI 32,903.9
61220,2024-171A,KINEIS-3C,661.0
61221,2024-171B,KINEIS-3D,661.0
61222,2024-171C,KINEIS-3E,661.0
61223,2024-171D,KINEIS-3A,660.9
61224,2024-171E,KINEIS-3B,660.9
61226,2024-171G,ELECTRON KICK STAGE R/B,580.6
61227,2024-173A,OBJECT A,403.2
61229,2024-173C,OBJECT C,439.4
61230,2024-173D,OBJECT D,490.0
61231,2024-173E,OBJECT E,515.5
61232,2024-173F,OBJECT F,379.7
61238,2024-174A,OBJECT A,515.6
61239,2024-174B,OBJECT B,544.5
61240,2024-174C,OBJECT C,514.5
61241,2024-174D,OBJECT D,487.8
61242,2024-174E,OBJECT E,493.4
61440,2024-176B,H-2A R/B,351.1
61552,2024-185A,QIANFAN-19,851.5
61553,2024-185B,QIANFAN-20,870.1
61554,2024-185C,QIANFAN-21,823.2
61555,2024-185D,QIANFAN-22,948.6
61556,2024-185E,QIANFAN-23,844.6
61557,2024-185F,QIANFAN-24,819.1
61558,2024-185G,QIANFAN-25,880.2
61559,2024-185H,QIANFAN-26,978.6
61560,2024-185J,QIANFAN-27,807.4
61561,2024-185K,QIANFAN-28,804.7
61566,2024-185Q,QIANFAN-33,912.6
61567,2024-185R,QIANFAN-34,892.6
61568,2024-185S,QIANFAN-35,805.1
61570,2024-185U,CZ-6A R/B,727.1
61571,2024-186A,GAOFEN 12-05,633.7
61572,2024-186B,CZ-4C R/B,550.8
61614,2024-189A,TIANPING 3A-01,571.1
61615,2024-189B,TIANPING 3B-01,571.1
61616,2024-189C,TIANPING 3B-02,571.1
61617,2024-190A,YAOGAN-43 03A,504.1
61618,2024-190B,YAOGAN-43 03B,504.0
61619,2024-190C,YAOGAN-43 03C,504.0
61730,2024-197A,COSMOS 2579,500.1
61735,2024-199A,IONOSFERA-M 01,823.3
61736,2024-199B,IONOSFERA-M 02,823.2
61737,2024-199C,SITRO-AIS-16,582.8
61738,2024-199D,SITRO-AIS-15,582.7
61739,2024-199E,SITRO-AIS-21,590.1
61740,2024-199F,SITRO-AIS-22,588.0
61741,2024-199G,SITRO-AIS-24,587.3
61742,2024-199H,SITRO-AIS-23,587.8
61743,2024-199J,SITRO-AIS-13,582.0
61744,2024-199K,OBJECT K,431.2
61745,2024-199L,POLYTECH UNIVERSE-5,412.5
61746,2024-199M,COLIBRI-S,440.5
61747,2024-199N,POLYTECH UNIVERSE-4,445.6
61748,2024-199P,SITRO-AIS-44,401.7
61749,2024-199Q,VIZARD-ION,424.7
61750,2024-199R,MTUSI-1,424.8
61751,2024-199S,VLADIVOSTOK-1,467.1
61752,2024-199T,SITRO-AIS-14,582.6
61753,2024-199U,KHORS-3,425.0
61754,2024-199V,KHORS-4,415.9
61755,2024-199W,SITRO-AIS-43,400.4
61756,2024-199X,SITRO-AIS-42,399.8
61757,2024-199Y,HORIZON GORIZONT,348.6
61758,2024-199Z,SITRO-AIS-20,581.8
61759,2024-199AA,SITRO-AIS-19,581.8
61760,2024-199AB,SITRO-AIS-41,402.6
61761,2024-199AC,NORBY-3,420.8
61762,2024-199AD,ARCTICSAT-1,367.2
61763,2024-199AE,SIT-HSE,428.8
61764,2024-199AF,SIT-2086,428.0
61768,2024-199AK,HOD-HOD-1A,434.9
61769,2024-199AL,KOSAR,426.4
61771,2024-199AN,SITRO-AIS-48,419.9
61772,2024-199AP,HYPERVIEW-1G,393.4
61773,2024-199AQ,SITRO-AIS-47,418.6
61774,2024-199AR,SITRO-AIS-46,415.4
61775,2024-199AS,CSTP-2.2,447.9
61776,2024-199AT,SITRO-AIS-40,414.7
61777,2024-199AU,CSTP-2.1,445.4
61778,2024-199AV,SITRO-AIS-39,420.3
61779,2024-199AW,MSU ALTAIR,466.8
61780,2024-199AX,SITRO-AIS-37,418.3
61781,2024-199AY,ASRTU-1 (AO-123),469.8
61782,2024-199AZ,TUSUR GO,345.6
61784,2024-199BB,SAMSAT-IONOSPHERE,420.9
61785,2024-199BC,RTU MIREA 1,414.6
61786,2024-199BD,SITRO-AIS-38,437.4
61787,2024-199BE,YUZGU-60,468.2
61788,2024-199BF,SITRO-AIS-45,420.0
61789,2024-199BG,SITRO-AIS-17,581.7
61790,2024-199BH,SITRO-AIS-18,581.9
61869,2024-204A,OBJECT A,489.5
61870,2024-204B,OBJECT B,488.9
61871,2024-204C,OBJECT C,500.9
61872,2024-204D,OBJECT D,495.4
61873,2024-204E,CZ-2C R/B,482.9
61894,2024-206A,OBJECT A,541.2
61895,2024-205B,OBJECT B,487.1
61896,2024-205C,OBJECT C,540.1
61897,2024-205D,OBJECT D,522.0
61898,2024-205E,OBJECT E,544.0
61899,2024-205F,OL-1 (OMANLENS-1),520.2
61900,2024-205G,OBJECT G,544.3
61901,2024-205H,OBJECT H,484.0
61902,2024-205J,OBJECT J,540.3
61903,2024-205K,OBJECT K,487.4
61904,2024-205L,OBJECT L,552.9
61905,2024-205M,OBJECT M,488.9
61906,2024-205N,OBJECT N,469.1
61907,2024-205P,OBJECT P,523.0
61908,2024-205Q,OBJECT Q,522.8
61936,2024-208A,HAIYANG 4A,657.7
61938,2024-208C,CZ-4B R/B,490.7
62078,2024-218A,CZ-2C R/B,503.2
62079,2024-218B,SUPERVIEW NEO-2 03,513.8
62080,2024-218C,SUPERVIEW NEO-2 04,513.9
62081,2024-219A,KINEIS-5C,660.8
62082,2024-219B,KINEIS-5D,660.8
62083,2024-219C,KINEIS-5E,660.8
62084,2024-219D,KINEIS-5A,661.1
62085,2024-219E,KINEIS-5B,642.4
62086,2024-219F,ELECTRON KICK STAGE R/B,585.6
62111,2024-221A,GUANGCHUAN 01,531.0
62112,2024-221B,GUANGCHUAN 02,531.2
62138,2024-223A,KONDOR FKA 2,513.7
62190,2024-228A,HAISHAO 1,380.2
62216,2024-230A,COSMOS 2580,912.5
62237,2024-232A,CZ-6A R/B,726.8
62240,2024-232D,QIANFAN-39,814.1
62243,2024-232G,QIANFAN-42,817.2
62261,2024-235A,SENTINEL 1C,702.9
62291,2024-238B,GJZ 02,988.2
62292,2024-238C,GJZ 03,988.1
62293,2024-238D,GJZ 04,988.2
62294,2024-238E,GJZ 05,988.2
62333,2024-241A,PIESAT-2 09,532.9
62334,2024-241B,PIESAT-2 10,533.0
62335,2024-241C,PIESAT-2 11,532.9
62336,2024-241D,PIESAT-2 12,533.0
62365,2024-245A,TIANQI 33,903.8
62366,2024-245B,TIANQI 34,903.9
62367,2024-245C,TIANQI 35,903.9
62368,2024-245D,TIANQI 36,903.7
62377,2024-247A,KORSAT-2,577.8
62378,2024-247B,TANSTAAFL-2,487.8
62379,2024-247C,HAWK-11B,485.4
62380,2024-247D,OBJECT D,484.6
62381,2024-247E,HAWK-11C,485.4
62382,2024-247F,HAWK-11A,485.5
62383,2024-247G,LIZZIESAT-2,487.2
62384,2024-247H,ICEYE-X49,536.6
62385,2024-247J,OBJECT J,438.2
62386,2024-247K,TOMORROW-S4,488.9
62387,2024-247L,OBJECT L,434.4
62388,2024-247M,GITAI-SC1,511.5
62389,2024-247N,ICEYE-X47,535.9
62391,2024-247Q,LASARSAT,449.4
62392,2024-247R,TOMORROW-S3,489.0
62393,2024-247S,OBJECT S,390.6
62394,2024-247T,CROCUBE,445.4
62395,2024-247U,OBJECT U,444.7
62396,2024-247V,OBJECT V,435.6
62399,2024-247Y,OBJECT Y,443.5
62400,2024-247Z,XCUBE-1,488.1
62401,2024-247AA,CTC-0,463.5
62402,2024-247AB,DJIBOUTI-1B,429.5
62403,2024-247AC,OBJECT AC,465.5
62404,2024-247AD,OBJECT AD,437.4
62405,2024-247AE,OBJECT AE,419.8
62406,2024-248A,STRIX 2,549.8
62407,2024-248B,ELECTRON KICK STAGE R/B,491.4
62430,2024-250A,RESURS P5,474.1
62459,2024-253A,SDX01,395.4
62460,2024-253B,SDX02,395.3
62576,2025-007B,CENTISPACE-1 S7,968.8
62577,2025-007C,CENTISPACE-1 S8,969.3
62578,2025-007D,CENTISPACE-1 S9,969.1
62579,2025-007E,CENTISPACE-1 S10,968.9
62580,2025-007F,CENTISPACE-1 S11,969.1
62581,2025-007G,CENTISPACE-1 S12,969.1
62582,2025-007H,CENTISPACE-1 S13,968.5
62583,2025-007J,CENTISPACE-1 S14,968.8
62584,2025-007K,CENTISPACE-1 S15,969.2
62585,2025-007L,CENTISPACE-1 S16,969.0
62609,2025-009A,BUZZZER-1,510.0
62610,2025-009B,EDISON-1,484.3
62611,2025-009C,BALKAN-1,501.3
62612,2025-009D,GESAT GEN 1,491.3
62613,2025-009E,FLOCK 4G 8,488.7
62614,2025-009F,OBJECT F,306.4
62615,2025-009G,OBJECT G,498.9
62616,2025-009H,INNOCUBE (TUSAT-31),497.1
62617,2025-009J,SCOT-1 (SCOT),437.8
62618,2025-009K,AE1D,427.2
62619,2025-009L,IRIS-F3,496.0
62620,2025-009M,OBJECT M,425.5
62621,2025-009N,FLOCK 4G 13,468.6
62622,2025-009P,FLOCK 4G 9,493.2
62623,2025-009Q,OTTER,488.3
62624,2025-009R,FLOCK 4G 7,490.2
62625,2025-009S,FLOCK 4G 12,490.6
62626,2025-009T,MBZ-SAT,517.8
62627,2025-009U,RAY 1.0,512.4
62629,2025-009W,FLOCK 4G 11,490.0
62630,2025-009X,ION SCV-014,558.8
62631,2025-009Y,PELICAN-2 3009,452.2
62632,2025-009Z,SIGI,501.9
62633,2025-009AA,FLOCK 4G 26,489.9
62634,2025-009AB,FLOCK 4G 28,472.7
62635,2025-009AC,GARAI-A,509.3
62636,2025-009AD,FLOCK 4G 20,454.6
62637,2025-009AE,FLOCK 4G 24,488.3
62638,2025-009AF,FLOCK 4G 16,421.8
62639,2025-009AG,FLOCK 4G 3,490.2
62640,2025-009AH,NUSAT-45 (UZMASAT-1),488.6
62641,2025-009AJ,FLOCK 4G 27,490.0
62642,2025-009AK,FLOCK 4G 29,489.6
62643,2025-009AL,FLOCK 4G 32,394.7
62644,2025-009AM,ANSER-LS,453.7
62645,2025-009AN,FLOCK 4G 22,490.1
62646,2025-009AP,FLOCK 4G 25,489.5
62647,2025-009AQ,FLOCK 4G 23,489.9
62648,2025-009AR,LIME,485.5
62649,2025-009AS,AE1C,450.4
62650,2025-009AT,FLOCK 4G 34,490.2
62651,2025-009AU,FLOCK 4G 21,486.4
62652,2025-009AV,FLOCK 4G 31,490.7
62653,2025-009AW,PAUSAT-1,504.2
62654,2025-009AX,BRO-16,503.3
62655,2025-009AY,OBJECT AY,461.0
62656,2025-009AZ,OBJECT AZ,480.4
62657,2025-009BA,OBJECT BA,490.2
62658,2025-009BB,TROLL,487.2
62659,2025-009BC,FLOCK 4G 4,491.3
62660,2025-009BD,FLOCK 4G 6,489.3
62661,2025-009BE,FLOCK 4G 2,488.5
62663,2025-009BG,FLOCK 4G 5,485.8
62664,2025-009BH,LYRA-1,521.0
62665,2025-009BJ,JAY-D2,507.7
62666,2025-009BK,FLOCK 4G 1,489.2
62667,2025-009BL,FLOCK 4G 14,490.1
62668,2025-009BM,JAY-C,507.7
62669,2025-009BN,JAY-D1,507.6
62670,2025-009BP,FLOCK 4G 10,490.1
62671,2025-009BQ,SKYBEE-A01,511.2
62672,2025-009BR,OBJECT BR,506.2
62673,2025-009BS,IMPULSE-2 MIRA,494.8
62674,2025-009BT,OBJECT BT,487.9
62675,2025-009BU,FLOCK 4G 36,489.9
62676,2025-009BV,FOSSASAT2E19 (TAT-E),510.9
62677,2025-009BW,ELEVATION-1,460.1
62678,2025-009BX,FLOCK 4G 15,489.8
62679,2025-009BY,FLOCK 4G 30,489.7
62680,2025-009BZ,FLOCK 4G 18,489.8
62681,2025-009CA,FLOCK 4G 17,489.6
62682,2025-009CB,OT-FOREST-3 BJOERNTBW,501.7
62683,2025-009CC,FLOCK 4G 35,468.7
62684,2025-009CD,IRIS-F2,497.3
62685,2025-009CE,FLOCK 4G 33,499.6
62686,2025-009CF,FOSSASAT2E18 (TAT-A),511.3
62688,2025-009CH,BLUEBON,484.8
62689,2025-009CJ,LOGSATS,322.6
62691,2025-009CL,OBJECT CL,452.7
62693,2025-009CN,OBJECT CN,371.5
62694,2025-009CP,LEMUR 2 WILSON,590.2
62695,2025-009CQ,CONNECTA IOT-8,595.8
62696,2025-009CR,LEMUR 2 STAR-FOX,570.2
62697,2025-009CS,IRIDE-MS2-HEO-1,592.4
62698,2025-009CT,ICEYE-X42,599.4
62699,2025-009CU,LEMUR 2 ARIANNA,570.4
62700,2025-009CV,ICEYE-X41,585.8
62701,2025-009CW,FIREFLY-1,596.1
62702,2025-009CX,NORSAT 4,590.4
62703,2025-009CY,CONNECTA IOT-5,591.0
62704,2025-009CZ,FIREFLY-2,596.0
62705,2025-009DA,ICEYE-X45,571.5
62706,2025-009DB,LEMUR 2 ALISIA,569.6
62707,2025-009DC,ICEYE-X44,588.0
62708,2025-009DD,CENTAURI-7,582.6
62709,2025-009DE,CONNECTA IOT-6,592.6
62710,2025-009DF,FIREFLY-3,596.1
62711,2025-009DG,LEMUR 2 ROUNDTRIPPER,566.6
62712,2025-009DH,LEMUR 2 MYNAMEISJEFF,566.5
62713,2025-009DJ,SATGUS,573.5
62714,2025-009DK,CENTAURI-8,582.2
62715,2025-009DL,CONNECTA IOT-7,592.6
62725,2025-012A,OBJECT A,519.8
62726,2025-012B,OBJECT B,511.7
62727,2025-012C,OBJECT C,495.7
62728,2025-012D,OBJECT D,403.2
62729,2025-013A,OBJECT A,481.7
62730,2025-013B,OBJECT B,541.2
62731,2025-013C,OBJECT C,541.2
62732,2025-013D,OBJECT D,541.0
62733,2025-013E,OBJECT E,541.8
62756,2025-014X,USA 485,347.6
62757,2025-014Y,USA 486,347.7
62803,2025-016U,CZ-6A R/B,724.8
62900,2025-025A,LEGION 5,527.3
62901,2025-025B,LEGION 6,527.1
62902,2025-026A,COSMOS 2581,590.2
62903,2025-026B,COSMOS 2582,590.2
62904,2025-026C,COSMOS 2583,590.2
62928,2025-028A,ELECTRON KICK STAGE R/B,608.6
62929,2025-028B,KINEIS-2C,660.8
62930,2025-028C,KINEIS-2D,651.0
62931,2025-028D,KINEIS-2E,646.7
62932,2025-028E,KINEIS-2A,661.3
62934,2025-028G,KINEIS-2B,658.1
62980,2025-030K,CZ-8A R/B,789.1
63002,2025-009DM,OBJECT DM,358.9
63003,2025-009DN,FOSSASAT2E20 (TAT-O),490.3
63027,2025-033B,GLOBAL-31,455.5
63125,2025-040A,SUPERVIEW NEO-1 03,508.3
63126,2025-040B,SUPERVIEW NEO-1 04,508.4
63127,2025-040C,CZ-2C R/B,463.9
63153,2025-009DQ,SEDNA-2,540.9
63163,2025-046E,QIANFAN-77,914.2
63177,2025-046U,CZ-8 R/B,867.8
63178,2025-047A,PUNCH-NFI00,653.4
63179,2025-047B,PUNCH-WFI01,654.7
63180,2025-047C,PUNCH-WFI03,654.7
63181,2025-047D,PUNCH-WFI02,654.7
63182,2025-047E,SPHEREX,655.8
63205,2025-050A,QPS-SAR-9 SUSANOO-I,566.9
63207,2025-050C,ELECTRON KICK STAGE R/B,565.6
63208,2025-051A,SUPERVIEW NEO 3-02,502.3
63209,2025-051B,TIANYAN 23,443.8
63210,2025-052A,JINJUSAT-1B,480.3
63211,2025-052B,NUSHSAT-1,474.8
63212,2025-052C,IOD1_STARTICAL,437.7
63213,2025-052D,TEVEL2-4,478.1
63214,2025-052E,TEVEL2-5,478.3
63215,2025-052F,TEVEL2-6,478.5
63216,2025-052G,BOTSAT-1,495.8
63217,2025-052H,TEVEL2-1,479.8
63218,2025-052J,TEVEL2-3,479.8
63219,2025-052K,TEVEL2-2,479.8
63220,2025-052L,AEROCUBE 18A,502.5
63221,2025-052M,OBJECT M,509.1
63222,2025-052N,AEROCUBE 18B,502.9
63223,2025-052P,DROID.002,506.1
63225,2025-052R,TOMORROW-S6,507.9
63226,2025-052S,ETIHAD-SAT,508.7
63227,2025-052T,CLARITY-1,321.0
63228,2025-052U,OBJECT U,505.0
63229,2025-052V,SPACEEYE-T1,507.9
63230,2025-052W,ION SCV-017,491.7
63231,2025-052X,M-SEL,498.6
63232,2025-052Y,SPHINX/FRAZIER,504.2
63233,2025-052Z,LIZZIESAT-3 (LS-3),510.2
63234,2025-052AA,TOMORROW-S5,507.9
63235,2025-052AB,OTP-2,504.6
63236,2025-052AC,ORBASTRO-TR5,507.7
63237,2025-052AD,TEVEL2-9,485.1
63238,2025-052AE,TEVEL2-7,485.7
63239,2025-052AF,TEVEL2-8,485.8
63240,2025-052AG,ALMUNTHER,485.8
63241,2025-052AH,OBJECT AH,495.2
63242,2025-052AJ,HERMES-1,510.6
63243,2025-052AK,HERMES-2,488.0
63244,2025-052AL,PANDORE,590.9
63245,2025-052AM,BUCCANEER MM,592.0
63246,2025-052AN,LEMUR 2 LEIA-PHILIP,583.7
63247,2025-052AP,EZIE-A,584.8
63248,2025-052AQ,LEMUR 2 LIA-MARTIN,583.3
63249,2025-052AR,EZIE-C,584.8
63250,2025-052AS,EZIE-B,584.8
63251,2025-052AT,UVSQ-SAT NG,589.6
63252,2025-052AU,ARVAKER-1,591.9
63253,2025-052AV,ICEYE-X48,581.9
63254,2025-052AW,YAM-8,539.8
63255,2025-052AX,ICEYE-X50,589.5
63256,2025-052AY,FIRESAT0,596.6
63257,2025-052AZ,ICEYE-X51,571.3
63258,2025-052BA,ICEYE-X46,588.4
63259,2025-052BB,LEMUR 2 DELOITTE-1,583.5
63260,2025-052BC,HYVRID,591.4
63261,2025-052BD,LEMUR 2 EMERSONROSE,578.9
63262,2025-052BE,LEMUR 2 MARACHE-FRAN,576.6
63263,2025-052BF,SOAP,585.3
63264,2025-052BG,LEMUR 2 THEFALCONER,584.2
63291,2025-055A,OBJECT A,527.3
63292,2025-055B,OBJECT B,516.3
63293,2025-055C,OBJECT C,517.3
63294,2025-055D,OBJECT D,527.4
63295,2025-055E,OBJECT E,527.1
63296,2025-055F,OBJECT F,527.5
63297,2025-055G,OBJECT G,504.4
63298,2025-055H,OBJECT H,477.1
63300,2025-056A,KINEIS-4E,661.0
63301,2025-056B,KINEIS-4C,660.9
63302,2025-056C,KINEIS-4D,660.8
63303,2025-056D,KINEIS-4A,660.7
63304,2025-056E,KINEIS-4B,660.8
63306,2025-056G,ELECTRON KICK STAGE R/B,610.4
63330,2025-026F,OBJECT F,583.4
63344,2025-059A,YUNYAO-1 43,541.9
63345,2025-059B,YUNYAO-1 44,541.9
63346,2025-059C,YUNYAO-1 45,541.8
63347,2025-059D,YUNYAO-1 46,541.9
63348,2025-059E,YUNYAO-1 47,541.3
63349,2025-059F,YUNYAO-1 48,541.1
63351,2025-061A,LEMUR 2 UNTITLED-SC,534.7
63352,2025-061B,LEMUR 2 ESPERANZA,534.4
63353,2025-061C,LEMUR 2 KREMPEL-BRO2,533.1
63354,2025-061D,LEMUR 2 THERMORAPTOR,532.9
63355,2025-061F,LEMUR 2 NEUROSPICY,532.6
63356,2025-061F,LEMUR 2 TILLINFINITY,530.8
63357,2025-061G,LEMUR 2 KREMPEL-BRO1,531.4
63358,2025-061H,LEMUR 2 LANGER2SPACE,532.3
63359,2025-061J,ELECTRON KICK STAGE R/B,476.0
63395,2025-052BH,LEMUR 2 BALTO,576.6
63429,2025-067B,HJS-6B,467.3
63430,2025-067C,HJS-6C,467.4
63431,2025-067D,HJS-6D,467.5
63432,2025-068A,TIANPING-3A02,617.6
63488,2025-009DR,POSAT 2,540.4
63489,2025-052BK,HERMES-6,507.1
63490,2025-052BL,HYDRA-W,359.2
63492,2025-052BN,HADES-ICM (SO-125),387.8
63523,2021-035E,OBJECT E,366.0
63605,2025-078G,CZ-6A R/B,919.0
63630,2025-081A,KORSAT-3,576.7
63631,2025-081B,TOMORROW-S7,576.1
63724,2025-088A,KUIPER-00008,647.2
63725,2025-088B,KUIPER-00009,625.6
63726,2025-088C,KUIPER-00010,636.7
63727,2025-088D,KUIPER-00011,636.8
63728,2025-088E,KUIPER-00012,636.7
63729,2025-088F,KUIPER-00013,636.6
63730,2025-088G,KUIPER-00014,625.5
63731,2025-088H,KUIPER-00015,636.5
63732,2025-088J,KUIPER-00016,625.1
63733,2025-088K,KUIPER-00018,636.8
63734,2025-088L,KUIPER-00019,625.4
63735,2025-088M,KUIPER-00020,636.7
63736,2025-088N,KUIPER-00021,625.4
63737,2025-088P,KUIPER-00023,636.7
63738,2025-088Q,KUIPER-00024,636.7
63739,2025-088R,KUIPER-00025,624.8
63740,2025-088S,KUIPER-00027,636.7
63741,2025-088T,KUIPER-00028,636.4
63742,2025-088U,KUIPER-00029,636.7
63743,2025-088V,KUIPER-00030,636.6
63744,2025-088W,KUIPER-00031,624.4
63745,2025-088X,KUIPER-00032,459.4
63746,2025-088Y,KUIPER-00033,636.6
63747,2025-088Z,KUIPER-00034,636.7
63748,2025-088AA,KUIPER-00035,625.5
63749,2025-088AB,KUIPER-00037,636.5
63750,2025-088AC,KUIPER-00038,636.5
63772,2025-090A,BIOMASS,676.1
63833,2025-052BP,HERMES 4,490.5
63834,2025-052BQ,HERMES-5,492.7
63835,2025-052BR,HERMES-3,480.7
63918,2025-096A,YAOGAN-40 02A,858.2
63919,2025-096B,YAOGAN-40 02B,858.2
63920,2025-096C,YAOGAN-40 02C,858.2
63921,2025-096D,CZ-6A R/B,810.5
63922,2025-096E,CZ-6A R/B,687.1
63982,2025-100A,OBJECT A,509.2
63983,2025-100B,OBJECT B,470.4
63984,2025-100C,OBJECT C,508.8
63985,2025-100D,OBJECT D,485.4
63986,2025-100E,OBJECT E,515.8
63987,2025-100F,OBJECT F,508.4
63988,2025-100G,OBJECT G,495.4
63989,2025-100H,OBJECT H,479.6
63990,2025-100J,OBJECT J,483.3
63991,2025-100K,OBJECT K,508.2
63992,2025-100L,OBJECT L,508.2
63993,2025-100M,OBJECT M,473.8
64048,2025-103A,OBJECT A,515.5
64049,2025-103B,OBJECT B,514.5
64050,2025-103C,OBJECT C,514.4
64051,2025-103D,OBJECT D,519.8
64052,2025-103E,OBJECT E,506.4
64053,2025-103F,OBJECT F,517.8
64055,2025-104A,QPS-SAR-10 WADATSUMI-I,570.9
64058,2025-105A,TIANQI 16,904.0
64059,2025-105B,TIANQI 17,904.0
64060,2025-105C,TIANQI 18,904.1
64061,2025-105D,TIANQI 20,904.1
64087,2025-108A,OBJECT A,527.0
64088,2025-108B,OBJECT B,515.7
64089,2025-108C,OBJECT C,530.7
64090,2025-108D,OBJECT D,519.1
64091,2025-108E,OBJECT E,506.4
64092,2025-108F,OBJECT F,499.3
64093,2025-108G,ZK-1A R/B,419.4
64095,2025-109A,COSMOS 2588,484.6
64199,2025-115A,SJ-26,504.6
64230,2025-118A,ELECTRON KICK STAGE R/B,413.2
64231,2025-118B,GLOBAL-32,458.5
64288,2025-121F,CZ-6A R/B,921.6
64340,2025-125A,QPS-SAR-11 YAMATSUMI,571.5
64393,2025-128A,ZHANGHENG 1-02,510.1
64500,2025-134A,KUIPER-00039,636.7
64501,2025-134B,KUIPER-00040,625.5
64502,2025-134C,KUIPER-00041,636.8
64503,2025-134D,KUIPER-00042,626.1
64504,2025-134E,KUIPER-00043,636.7
64505,2025-134F,KUIPER-00044,625.6
64506,2025-134G,KUIPER-00046,636.7
64507,2025-134H,KUIPER-00047,625.1
64508,2025-134J,KUIPER-00048,636.8
64509,2025-134K,KUIPER-00049,625.3
64510,2025-134L,KUIPER-00050,630.2
64511,2025-134M,KUIPER-00051,636.7
64513,2025-134P,KUIPER-00053,636.5
64514,2025-134Q,KUIPER-00054,636.7
64515,2025-134R,KUIPER-00055,509.9
64516,2025-134S,KUIPER-00056,636.7
64517,2025-134T,KUIPER-00057,636.8
64518,2025-134U,KUIPER-00058,636.7
64519,2025-134V,KUIPER-00059,636.7
64520,2025-134W,KUIPER-00060,636.7
64521,2025-134X,KUIPER-00061,636.7
64522,2025-134Y,KUIPER-00062,636.8
64523,2025-134Z,KUIPER-00063,636.7
64524,2025-134AA,KUIPER-00064,636.6
64525,2025-134AB,KUIPER-00065,636.6
64526,2025-134AC,KUIPER-00066,553.8
64528,2025-135A,GOOD ANCESTOR KILAKILA,504.8
64529,2025-135B,GHGSAT-C12,513.9
64530,2025-135C,DUTHSAT-2,498.5
64531,2025-135D,RIDUSAT-1,499.7
64532,2025-135E,OBJECT E,499.8
64533,2025-135F,TPA-1,510.6
64534,2025-135G,CONNECTA IOT-9,513.4
64535,2025-135H,UND ROADS 1,508.5
64536,2025-135J,FOSSASAT2E21,514.6
64537,2025-135K,OTTER PUP 2,502.4
64538,2025-135L,IOD2_STARTICAL,514.0
64539,2025-135M,ELARA 1,506.6
64540,2025-135N,ARCSTONE,484.3
64541,2025-135P,PULSAR-0,513.8
64542,2025-135Q,USPWSA-DRAGOON,500.0
64543,2025-135R,W-SERIES 4,574.4
64544,2025-135S,SKYBEE-A02,514.1
64545,2025-135T,ION SCV-020,511.2
64546,2025-135U,FORGESTAR-1,504.1
64547,2025-135V,OBJECT V,501.7
64548,2025-135W,GHGSAT-C13,511.8
64549,2025-135X,UND ROADS 2,504.6
64550,2025-135Y,BRO-18,509.4
64551,2025-135Z,SATMAR,501.9
64552,2025-135AA,HYPERFIELD-1B,508.1
64553,2025-135AB,CONNECTA IOT-12,508.8
64554,2025-135AC,OBJECT AC,489.9
64555,2025-135AD,CONNECTA IOT-10,511.0
64556,2025-135AE,OBJECT AE,499.8
64557,2025-135AF,CONNECTA IOT-11,509.6
64558,2025-135AG,QUICK3,497.3
64559,2025-135AH,PADRE,598.3
64560,2025-135AJ,PARUS-T2,590.0
64561,2025-135AK,LEMUR 2 KRISH,588.4
64562,2025-135AL,HUBBLE 6,598.1
64563,2025-135AM,AE3VA,586.1
64564,2025-135AN,TIME FLIES,591.6
64565,2025-135AP,LEMUR 2 HUBBLE-4,595.8
64566,2025-135AQ,ARVAKER-3,595.0
64567,2025-135AR,ARVAKER-2,595.1
64568,2025-135AS,IRIDE-MS2-HEO-3,594.1
64569,2025-135AT,IRIDE-MS2-HEO-2,594.8
64570,2025-135AU,ICEYE-X54,592.5
64571,2025-135AV,IRIDE-MS2-HEO-5,593.9
64572,2025-135AW,ICEYE-X52,595.0
64573,2025-135AX,MUSAT3,589.0
64574,2025-135AY,ICEYE-X56,589.3
64575,2025-135AZ,ION SCV-018,591.1
64576,2025-135BA,IRIDE-MS2-HEO-6,593.4
64577,2025-135BB,LYRA-3,654.8
64578,2025-135BC,ICEYE-X57,571.3
64579,2025-135BD,GRUS-3ALPHA,596.1
64580,2025-135BE,YAM-10,600.4
64581,2025-135BF,ICEYE-X55,590.5
64582,2025-135BG,IRIDE-MS2-HEO-4,592.4
64583,2025-135BH,CAPELLA-17 (ACADIA),601.5
64584,2025-135BJ,ICEYE-X53,571.3
64585,2025-135BK,IRIDE-MS2-HEO-9,592.1
64586,2025-135BL,LEMUR 2 SEJONG-2,586.7
64587,2025-135BM,IRIDE-MS2-HEO-8,591.8
64588,2025-135BN,BIFROST-DNK,592.0
64589,2025-135BP,SATORO-T3,592.7
64590,2025-135BQ,STITCH,593.3
64591,2025-135BR,AE2A,585.5
64592,2025-135BS,HUBBLE 7,594.2
64621,2025-137A,HAWK-12C,520.5
64622,2025-137B,HAWK-12B,520.4
64623,2025-137C,HAWK-12A,520.4
64624,2025-137D,KESTREL-0A,508.1
64627,2022-089C,OBJECT C,464.2
64691,2025-139A,LYRA-4,660.9
64692,2025-139B,ELECTRON KICK STAGE R/B,657.7
64694,2025-140A,GOSAT-GW,676.0
64695,2025-140B,H-2A R/B,603.3
64753,2025-145A,SHIYAN 28B-01 (SY-28B 01),801.0
64754,2025-145B,CZ-4C R/B,711.2
64786,2025-149A,TIANZHOU-9,390.3
64816,2025-151A,KUIPER-00069,636.7
64817,2025-151B,KUIPER-00070,636.7
64818,2025-151C,KUIPER-00071,636.8
64819,2025-151D,KUIPER-00072,636.9
64820,2025-151E,KUIPER-00073,636.6
64821,2025-151F,KUIPER-00074,416.4
64822,2025-151G,KUIPER-00075,447.3
64823,2025-151H,KUIPER-00076,636.6
64824,2025-151J,KUIPER-00077,636.7
64825,2025-151K,KUIPER-00078,636.7
64826,2025-151L,KUIPER-00079,636.7
64827,2025-151M,KUIPER-00080,636.6
64828,2025-151N,KUIPER-00082,636.7
64829,2025-151P,KUIPER-00083,636.7
64830,2025-151Q,KUIPER-00084,636.8
64831,2025-151R,KUIPER-00085,636.7
64832,2025-151S,KUIPER-00086,636.6
64833,2025-151T,KUIPER-00087,636.7
64834,2025-151U,KUIPER-00089,636.6
64835,2025-151V,KUIPER-00090,636.7
64836,2025-151W,KUIPER-00091,636.8
64837,2025-151X,KUIPER-00092,636.7
64838,2025-151Y,KUIPER-00093,636.6
64839,2025-151Z,KUIPER-00094,559.9
64840,2025-135BT,LEMUR 2 HUBBLE-5,593.1
64841,2025-135BU,LEMUR 2 KARENDARRELL,577.8
64869,2025-154A,LIDE,593.1
64870,2025-154B,TRACERS 1,595.1
64871,2025-154C,EPIC ATHENA,593.2
64872,2025-154D,SKYCRAFT 4B,584.6
64873,2025-154E,TRACERS 2,595.0
64874,2025-154F,PEXT,513.3
64875,2025-154G,REAL,485.3
64876,2025-155A,IONOSFERA-M 03,827.5
64877,2025-155B,IONOSFERA-M 04,827.6
64878,2025-155C,INNOSAT-16,499.6
64879,2025-155D,GEOSCAN-6,487.6
64880,2025-155E,GEOSCAN-1,486.3
64881,2025-155F,239ALFEROV,481.3
64882,2025-155G,CSTP-4.3,488.9
64883,2025-155H,CSTP-4.2,489.0
64884,2025-155J,OBJECT J,489.0
64885,2025-155K,OBJECT K,467.1
64886,2025-155L,ASTROLINE-3,463.2
64887,2025-155M,ASTROLINE-1,470.2
64888,2025-155N,ASTROLINE-2,462.9
64889,2025-155P,ASTROLINE-4,495.9
64890,2025-155Q,GEOSCAN-2,485.5
64891,2025-155R,GEOSCAN-5,480.3
64892,2025-155S,GEOSCAN-4,479.9
64893,2025-155T,GEOSCAN-3,475.6
64894,2025-155U,INNOSAT-3,458.9
64895,2025-155V,CSTP-4.4,488.9
64896,2025-154H,SKYCRAFT 4C,590.2
64897,2025-154J,SKYCRAFT 4A,587.7
64898,2025-154K,SKYCRAFT 4D,588.8
64899,2025-156A,CARB,661.1
64900,2025-156B,CO3D3,513.2
64901,2025-156C,CO3D4,512.4
64902,2025-156D,CO3D2,512.3
64903,2025-156E,CO3D1,512.4
64961,2025-159F,CZ-6A R/B,921.6
64962,2025-160A,ENSHI XIDA SHANQUAN,463.4
65052,2025-162K,CZ-8A R/B,796.6
65053,2025-163A,NISAR,757.4
65054,2025-163B,GSLV R/B,740.1
65055,2025-164A,PRSC-S1,545.9
65115,2025-168K,CZ-12 R/B,844.3
65116,2025-169A,QPS-SAR-12 KUSHINADA-I,573.8
65117,2025-169B,ELECTRON KICK STAGE R/B,572.2
65119,2025-170A,GEESAT 4-01,624.5
65120,2025-170B,GEESAT 4-02,625.1
65121,2025-170C,GEESAT 4-03,624.6
65122,2025-170D,GEESAT 4-04,622.6
65123,2025-170E,GEESAT 4-05,621.8
65124,2025-170F,GEESAT 4-06,624.8
65125,2025-170G,GEESAT 4-07,624.7
65126,2025-170H,GEESAT 4-08,617.6
65127,2025-170J,GEESAT 4-09,633.0
65128,2025-170K,GEESAT 4-10,605.6
65129,2025-170L,GEESAT 4-11,624.3
65132,2025-171A,KUIPER-00081,636.8
65133,2025-171B,KUIPER-00088,636.7
65134,2025-171C,KUIPER-00095,636.8
65135,2025-171D,KUIPER-00096,636.7
65136,2025-171E,KUIPER-00097,636.7
65137,2025-171F,KUIPER-00098,636.7
65138,2025-171G,KUIPER-00099,636.7
65139,2025-171H,KUIPER-00100,636.7
65140,2025-171J,KUIPER-00102,636.7
65141,2025-171K,KUIPER-00103,636.7
65142,2025-171L,KUIPER-00104,636.8
65143,2025-171M,KUIPER-00105,636.7
65144,2025-171N,KUIPER-00106,582.7
65145,2025-171P,KUIPER-00107,636.8
65146,2025-171Q,KUIPER-00108,636.7
65147,2025-171R,KUIPER-00109,636.7
65148,2025-171S,KUIPER-00110,636.7
65149,2025-171T,KUIPER-00111,636.6
65150,2025-171U,KUIPER-00112,636.7
65151,2025-171V,KUIPER-00114,636.7
65152,2025-171W,KUIPER-00115,636.7
65153,2025-171X,KUIPER-00116,636.7
65154,2025-171Y,KUIPER-00118,636.7
65155,2025-171Z,KUIPER-00119,636.5
65159,2025-172A,METOP SG-A,827.5
65226,2025-177A,OBJECT A,801.0
65227,2025-154L,SKYCRAFT 4E,583.8
65233,2025-178F,CZ-6A R/B,919.7
65234,2025-177B,CZ-4C R/B,707.2
65259,2025-180A,OBJECT A,512.5
65260,2025-180B,OBJECT B,529.6
65261,2025-180C,OBJECT C,529.2
65262,2025-180D,OBJECT D,529.5
65263,2025-180E,OBJECT E,524.0
65297,2025-185A,DRESDEN,643.6
65298,2025-185C,FOURIER,643.5
65299,2025-185B,STARK,638.9
65300,2025-185D,ELECTRON KICK STAGE R/B,665.0
65301,2025-185E,BASIL,643.5
65302,2025-185F,DOJO,643.5
65314,2025-187K,CZ-8 R/B,796.8
65315,2025-188A,PELICAN-3 300A,451.5
65316,2025-188B,PELICAN-4 300B,451.6
65317,2025-188C,NAOS,457.6
65318,2025-188D,CAPELLA-16 (ACADIA),593.3
65319,2025-188E,FFLY-3,596.7
65320,2025-188F,FFLY-1,596.4
65321,2025-188G,LEAP-1,601.6
65322,2025-188H,FFLY-2,596.1
65403,2025-135BV,LEMUR-2-LUCILLE-ROSE,577.5
65488,2025-197A,OBJECT-A,543.8
65489,2025-197B,OBJECT-B,505.5
65490,2025-197C,OBJECT-C,501.6
65491,2025-197D,OBJECT-D,496.2
65544,2025-199A,OBJECT A,810.8
65545,2025-199B,OBJECT B,858.2
65546,2025-199C,OBJECT C,858.2
65547,2025-199D,OBJECT D,858.2
65548,2025-199E,OBJECT E,808.5
65549,2025-199F,OBJECT F,686.4
65550,2025-201A,GEESAT 5-01,624.3
65551,2025-201B,GEESAT 5-02,624.3
65552,2025-201C,GEESAT 5-03,624.3
65553,2025-201D,GEESAT 5-04,626.0
65554,2025-201E,GEESAT 5-05,624.3
65555,2025-201F,GEESAT 5-06,624.3
65556,2025-201G,GEESAT 5-07,624.3
65557,2025-201H,GEESAT 5-08,628.3
65558,2025-201J,GEESAT 5-09,624.4
65559,2025-201K,GEESAT 5-10,624.3
65560,2025-201L,GEESAT 5-11,624.3
65565,2025-203A,PRAETORIAN SDA_602,955.7
65566,2025-203B,PRAETORIAN SDA_603,957.3
65567,2025-203C,PRAETORIAN SDA_604,960.3
65568,2025-203D,PRAETORIAN SDA_605,958.6
65569,2025-203E,PRAETORIAN SDA_606,958.5
65570,2025-203F,PRAETORIAN SDA_607,955.6
65571,2025-203G,PRAETORIAN SDA_608,957.3
65572,2025-203H,PRAETORIAN SDA_609,955.8
65573,2025-203J,PRAETORIAN SDA_610,957.2
65574,2025-203K,PRAETORIAN SDA_611,959.4
65575,2025-203L,PRAETORIAN SDA_612,953.3
65576,2025-203M,PRAETORIAN SDA_613,960.6
65577,2025-203N,PRAETORIAN SDA_614,954.2
65578,2025-203P,PRAETORIAN SDA_615,955.4
65579,2025-203Q,PRAETORIAN SDA_616,959.3
65580,2025-203R,PRAETORIAN SDA_617,959.7
65581,2025-203S,PRAETORIAN SDA_618,954.2
65582,2025-203T,PRAETORIAN SDA_619,957.1
65583,2025-203U,PRAETORIAN SDA_620,957.9
65584,2025-203V,PRAETORIAN SDA_621,957.6
65585,2025-203X,PRAETORIAN SDA_601,958.7
65586,2025-204A,PROGRESS MS-32,428.0
65712,2025-214A,SHIKONGXING 01,597.4
65713,2025-214B,GEESAT 6-01,626.4
65714,2025-214C,GEESAT 6-02,626.8
65715,2025-214D,GEESAT 6-03,626.8
65716,2025-214E,GEESAT 6-04,626.8
65717,2025-214F,GEESAT 6-05,626.7
65718,2025-214G,GEESAT 6-06,627.5
65719,2025-214H,GEESAT 6-07,626.8
65720,2025-214J,GEESAT 6-08,626.7
65721,2025-214K,GEESAT 6-09,626.8
65722,2025-214L,GEESAT 6-10,626.8
65723,2025-214M,GEESAT 6-11,626.8
65762,2025-217A,KUIPER-00120,636.8
65763,2025-217B,KUIPER-00132,452.0
65764,2025-217C,KUIPER-00133,636.8
65765,2025-217D,KUIPER-00139,567.8
65766,2025-217E,KUIPER-00142,636.7
65767,2025-217F,KUIPER-00145,636.8
65768,2025-217G,KUIPER-00147,636.8
65769,2025-217H,KUIPER-00148,583.6
65770,2025-217J,KUIPER-00150,636.6
65771,2025-217K,KUIPER-00151,636.8
65772,2025-217L,KUIPER-00152,636.7
65773,2025-217M,KUIPER-00153,618.9
65774,2025-217N,KUIPER-00155,502.3
65775,2025-217P,KUIPER-00156,636.8
65776,2025-217Q,KUIPER-00158,634.1
65777,2025-217R,KUIPER-00163,452.9
65778,2025-217S,KUIPER-00165,636.8
65779,2025-217T,KUIPER-00166,636.6
65780,2025-217U,KUIPER-00167,636.7
65781,2025-217V,KUIPER-00168,636.7
65782,2025-217W,KUIPER-00169,636.8
65783,2025-217X,KUIPER-00170,636.8
65785,2025-217Z,KUIPER-00172,647.3
65786,2025-217AA,KUIPER-00173,647.5
65787,2025-217AB,KUIPER-00174,636.7
65788,2025-217AC,KUIPER-00176,636.8
65789,2024-018E,OBJECT E,717.8
65815,2025-219A,OBJECT A,832.7
65816,2025-219B,CZ-4C R/B,722.9
65822,2025-220F,CZ-6A R/B,921.1
65851,2025-222A,SHIYAN 30 01,594.8
65852,2025-222B,SHIYAN 30 02,594.9
65853,2025-222C,CZ-2D R/B,573.1
65938,2025-226A,OBJECT A,527.8
65939,2025-226B,OBJECT B,543.7
65940,2025-226C,OBJECT C,529.2
65941,1998-067XN,YOTSUBA-KULOVER,307.3
65943,1998-067XQ,BOTAN,310.0
65945,2025-227A,OBJECT A,503.1
65946,2025-227B,OBJECT B,480.7
65947,2025-228A,KUIPER-00101,636.7
65948,2025-228B,KUIPER-00113,636.7
65949,2025-228C,KUIPER-00117,636.7
65950,2025-228D,KUIPER-00121,636.6
65951,2025-228E,KUIPER-00122,637.2
65952,2025-228F,KUIPER-00123,636.7
65953,2025-228G,KUIPER-00124,636.7
65954,2025-228H,KUIPER-00125,636.8
65955,2025-228J,KUIPER-00126,636.8
65956,2025-228K,KUIPER-00127,648.1
65957,2025-228L,KUIPER-00128,636.6
65958,2025-228M,KUIPER-00129,636.5
65959,2025-228N,KUIPER-00130,636.7
65960,2025-228P,KUIPER-00134,455.6
65961,2025-228Q,KUIPER-00135,636.6
65962,2025-228R,KUIPER-00136,636.7
65963,2025-228S,KUIPER-00137,636.7
65964,2025-228T,KUIPER-00138,636.7
65965,2025-228U,KUIPER-00140,636.7
65966,2025-228V,KUIPER-00141,636.8
65967,2025-228W,KUIPER-00146,636.7
65968,2025-228X,KUIPER-00149,636.6
65969,2025-228Y,KUIPER-00154,636.8
65970,2025-228Z,KUIPER-00157,636.7
65971,2025-229A,STRIX-5,562.7
65973,2025-229C,ELECTRON KICK STAGE R/B,559.0
65974,2025-230A,SDA_1664,959.2
65975,2025-230B,SDA_1665,957.7
65976,2025-230C,SDA_1666,954.6
65977,2025-230D,SDA_1667,956.2
65978,2025-230E,SDA_1668,951.6
65979,2025-230F,SDA_1669,952.4
65980,2025-230G,SDA_1670,955.5
65981,2025-230H,SDA_1671,952.9
65982,2025-230J,SDA_1672,957.1
65983,2025-230K,SDA_1673,955.2
65984,2025-230L,SDA_1674,953.5
65985,2025-230M,SDA_1675,954.2
65986,2025-230N,SDA_1676,958.0
65987,2025-230P,SDA_1677,959.4
65988,2025-230Q,SDA_1678,952.2
65989,2025-230R,SDA_1679,952.2
65990,2025-230S,SDA_1680,952.6
65991,2025-230T,SDA_1681,952.4
65992,2025-230U,SDA_1682,958.7
65993,2025-230V,SDA_1683,959.3
65994,2025-230W,SDA_1684,958.8
66004,2025-231K,CZ-8A R/B,798.4
66043,2025-233L,QIANFAN-101,809.7
66051,2025-233U,CZ-6A R/B,709.5
66052,1998-067XR,HRC MONOBLOCK CAMERA,383.1
66053,2025-234A,OBJECT A,471.2
66054,2025-234B,OBJECT B,512.3
66055,2025-234C,OBJECT C,502.9
66056,2025-234D,OBJECT D,506.5
66174,2025-241A,HTV-X1,475.8
66175,2025-242A,OBJECT A,495.0
66176,2025-242B,OBJECT B,414.3
66205,2025-226E,GRAVITY-1 R/B,359.3
66294,2025-248B,SEMI-1L,512.6
66295,2025-248C,LEMUR 2 AFFIE-WAUWIE,500.1
66296,2025-248D,OBJECT D,511.2
66297,2025-248E,SEMI-1N,506.7
66298,2025-248F,SEMI-1P,512.7
66299,2025-248G,FGN-100-D2,513.3
66300,2025-248H,ICEYE-X65,549.1
66301,2025-248J,ICEYE-X66,548.7
66302,2025-248K,ICEYE-X67,548.1
66303,2025-248L,STARCLOUD-1,511.8
66304,2025-248M,OBJECT M,497.9
66305,2025-248N,OBJECT N,497.7
66306,2025-248P,OBJECT P,498.6
66307,2025-248Q,OBJECT Q,499.1
66308,2025-248R,TOMORROW-S8,513.7
66309,2025-248S,TOMORROW-S9,514.7
66315,2025-251A,SENTINEL-1D,702.9
66316,2025-252A,QPS-SAR-14 YACHIHOKO-1,577.3
66376,2025-255A,SHIYAN 32-01,430.0
66378,2025-255C,SHIYAN 32-02,450.7
66379,2025-255D,SHIYAN 32-03,450.8
66409,2025-256A,OBJECT A,732.4
66410,2025-256B,OBJECT B,732.4
66411,2025-256C,ZK-1A R/B,556.7
66515,2025-246C,SZ-21 MODULE,366.2
66545,2025-266A,SJ-30A,526.7
66546,2025-266B,SJ-30B,526.8
66547,2025-266C,SJ-30C,526.7
66548,2025-266D,CZ-2C R/B,472.5
66554,2025-267A,GLOBAL-33,469.1
66555,2025-267B,ELECTRON KICK STAGE R/B,455.2
66645,2025-273A,SZ-22,390.4
66650,2025-274A,BEE-1000,597.4
66651,2025-274B,OBJECT B,596.5
66652,2025-274C,OBJECT C,596.8
66653,2025-274D,INHA-ROSAT,597.3
66654,2025-274E,JACK-003,596.6
66655,2025-274F,CAS500-3,610.0
66656,2025-274G,PERSAT-01,595.8
66657,2025-274H,SPIRONE,595.2
66658,2025-274J,OBJECT J,593.5
66659,2025-274K,JACK-004,594.2
66660,2025-274L,K-HERO,593.8
66661,2025-274M,SNUGLITE-III-DURI,593.6
66662,2025-274N,SNUGLITE-III-HANA,593.2
66663,2025-274P,KSLV-II R/B,578.8
66664,2025-275A,SOYUZ MS-28,428.0
66666,2025-276A,FORMOSAT-8A,571.6
66667,2025-276B,PELICAN-5 300C,490.2
66668,2025-276C,OBJECT C,503.1
66669,2025-276D,OBJECT D,503.5
66670,2025-276E,HUNITY-1,504.3
66671,2025-276F,HCT-SAT2,513.5
66672,2025-276G,BRO-17,520.9
66673,2025-276H,OBJECT H,511.2
66674,2025-276J,BRO-20,520.3
66675,2025-276K,OBJECT K,514.9
66676,2025-276L,OBJECT L,518.5
66677,2025-276M,OBJECT M,510.8
66678,2025-276N,LEMUR-2-DEANANDMAEVE,517.1
66679,2025-276P,LILIUM-2,520.6
66680,2025-276Q,OTTER SDM,518.3
66681,2025-276R,PHASMA-DIRAC,508.8
66682,2025-276S,ION-SCV-022,582.2
66683,2025-276T,PHASMA-LAMARR,519.3
66684,2025-276U,MICE-1,517.3
66685,2025-276V,OBJECT V,510.8
66686,2025-276W,LEMUR-2-STAS-GORBUK,517.7
66687,2025-276X,IMPULSE-3 MIRA,514.9
66688,2025-276Y,WISDOM-A,517.7
66689,2025-276Z,AC1-003,519.5
66690,2025-276AA,OBJECT AA,518.1
66691,2025-276AB,OBJECT AB,514.5
66692,2025-276AC,NUSAT-52,516.5
66693,2025-276AD,OBJECT AD,511.0
66694,2025-276AE,YAM-9,530.9
66695,2025-276AF,IRIDE FM1,513.2
66696,2025-276AG,IRIDE FM2,515.1
66697,2025-276AH,IRIDE FM3,513.0
66698,2025-276AJ,IRIDE FM4,516.5
66699,2025-276AK,IRIDE FM5,515.8
66700,2025-276AL,IRIDE FM6,512.7
66701,2025-276AM,IRIDE FM7,515.4
66702,2025-276AN,IRIDE FM8,515.8
66703,2025-276AP,PELICAN-6 300D,488.4
66704,2025-276AQ,FLOCK 4H 1,514.2
66705,2025-276AR,FLOCK 4H 2,513.6
66706,2025-276AS,FLOCK 4H 3,516.2
66707,2025-276AT,FLOCK 4H 4,516.9
66708,2025-276AU,FLOCK 4H 5,514.2
66709,2025-276AV,FLOCK 4H 6,515.1
66710,2025-276AW,FLOCK 4H 7,516.0
66711,2025-276AX,FLOCK 4H 8,515.8
66712,2025-276AY,FLOCK 4H 9,514.8
66713,2025-276AZ,FLOCK 4H 10,516.5
66714,2025-276BA,FLOCK 4H 11,511.9
66715,2025-276BB,FLOCK 4H 12,514.6
66716,2025-276BC,FLOCK 4H 13,513.8
66717,2025-276BD,FLOCK 4H 14,513.0
66718,2025-276BE,FLOCK 4H 15,517.3
66719,2025-276BF,FLOCK 4H 16,516.7
66720,2025-276BG,FLOCK 4H 17,511.9
66721,2025-276BH,FLOCK 4H 18,516.7
66722,2025-276BJ,FLOCK 4H 19,512.6
66723,2025-276BK,FLOCK 4H 20,512.7
66724,2025-276BL,FLOCK 4H 21,513.4
66725,2025-276BM,FLOCK 4H 22,515.7
66726,2025-276BN,FLOCK 4H 23,516.8
66727,2025-276BP,FLOCK 4H 24,516.5
66728,2025-276BQ,FLOCK 4H 25,513.8
66729,2025-276BR,FLOCK 4H 26,517.2
66730,2025-276BS,FLOCK 4H 27,514.6
66731,2025-276BT,FLOCK 4H 28,517.1
66732,2025-276BU,FLOCK 4H 29,516.8
66733,2025-276BV,FLOCK 4H 30,516.6
66734,2025-276BW,FLOCK 4H 31,517.1
66735,2025-276BX,FLOCK 4H 32,516.8
66736,2025-276BY,FLOCK 4H 33,513.2
66737,2025-276BZ,FLOCK 4H 34,514.5
66738,2025-276CA,FLOCK 4H 35,513.9
66739,2025-276CB,FLOCK 4H 36,514.7
66740,2025-276CC,NUSAT-51 (YVONNE BRILL),515.3
66741,2025-276CD,OBJECT CD,515.2
66742,2025-276CE,MERCURY ONE (M1),516.3
66743,2025-276CF,NUSAT-47,515.1
66744,2025-276CG,AC1-001,519.2
66745,2025-276CH,AC1-002,518.9
66746,2025-276CJ,OBJECT CJ,507.9
66748,2025-276CL,UMBRA-11,503.6
66749,2025-276CM,PIAST-S1,515.0
66750,2025-276CN,OBJECT CN,515.5
66751,2025-276CP,ICEYE-X58,516.7
66752,2025-276CQ,ICEYE SAR-1,543.3
66753,2025-276CR,ICEYE SAR-2,521.6
66754,2025-276CS,ICEYE-X61,515.6
66755,2025-276CT,ICEYE-X62,536.5
66756,2025-276CU,MAUVE,514.4
66757,2025-276CV,PIAST-S2,514.3
66758,2025-276CW,PIAST-M,514.7
66759,2025-276CX,OBJECT CX,513.3
66760,2025-276CY,OBJECT CY,514.6
66761,2025-276CZ,OBJECT CZ,510.5
66762,2025-276DA,HYDROGNSS-1,530.4
66763,2025-276DB,HYDROGNSS-2,535.3
66764,2025-276DC,NAHLA,517.7
66765,2025-276DD,OBJECT DD,507.8
66766,2025-276DE,T-MICROSAT-1,513.3
66767,2025-276DF,ACCENTURE-1,515.0
66768,2025-276DG,LEMUR-2-TEODOR,512.7
66769,2025-276DH,SPEQTRE,513.9
66770,2025-276DJ,LILIUM-3,515.7
66771,2025-276DK,GYEONGGISAT-1,513.6
66772,2025-276DL,IHI-SAT2,511.9
66773,2025-276DM,OBJECT DM,513.7
66774,2025-276DN,GENA-OT-1,512.6
66775,2025-276DP,PHI-1,512.3
66776,2025-276DQ,LEMUR-2-LAILA,512.0
66777,2025-276DR,LUNA-1,509.6
66778,2025-276DS,FORESAIL-1 PRIME,519.4
66779,2025-276DU,FOSSASAT2E22,519.2
66780,2025-276DV,FOSSASAT2E24,518.1
66781,2025-276DW,LEMUR-2-CELIJO-SB-PK,577.4
66820,2025-279A,KOMPSAT-7,569.4
66906,1998-067XS,DUPLEX,402.2
66907,1998-067XT,RHOK-SAT,349.0
66908,1998-067XU,CU-ALPHA,348.3
66909,1998-067XV,SILVERSAT,333.8
66910,1998-067XW,EAGLESAT-2,353.8
66911,1998-067XX,FORAS-PROMINEO,316.0
66912,1998-067XY,CONTENTCUBE,374.0
66913,2025-285A,OBJECT A,910.2
66914,2025-285B,OBJECT B,910.3
66924,2025-286K,CZ-8A R/B,797.0
66958,2025-287F,CZ-6A R/B,918.6
66988,2025-289A,YAOGAN-47,502.6
66993,2025-292A,OBJECT A,556.7
66994,2025-292B,THE ARAB SATELLITE 813,556.3
66995,2025-292C,OBJECT C,556.1
66996,2025-292D,OBJECT D,557.1
66997,2025-292E,OBJECT E,556.3
66998,2025-292F,OBJECT F,555.5
66999,2025-292G,OBJECT G,555.3
67000,2025-292H,OBJECT H,553.7
67001,2025-292J,OBJECT J,556.3
67068,2025-295K,CZ-12 R/B,761.8
67069,2025-296A,XIWANG-5 02,528.0
67070,2025-296B,DEAR-5,521.1
67073,2025-297B,RAISE-4,548.4
67131,2025-300A,ZY 3 04,509.3
67133,2025-301A,KUIPER-00144,510.9
67134,2025-301B,KUIPER-00164,636.0
67135,2025-301C,KUIPER-00175,549.5
67136,2025-301D,KUIPER-00179,636.7
67137,2025-301E,KUIPER-00181,647.6
67138,2025-301F,KUIPER-00183,549.6
67139,2025-301G,KUIPER-00184,563.6
67140,2025-301H,KUIPER-00186,636.6
67141,2025-301J,KUIPER-00187,636.6
67142,2025-301K,KUIPER-00188,457.5
67143,2025-301L,KUIPER-00191,636.5
67144,2025-301M,KUIPER-00196,460.6
67145,2025-301N,KUIPER-00204,494.7
67146,2025-301P,KUIPER-00210,636.6
67147,2025-301Q,KUIPER-00221,636.7
67148,2025-301R,KUIPER-00232,636.2
67149,2025-301S,KUIPER-00241,636.6
67150,2025-301T,KUIPER-00245,636.7
67151,2025-301U,KUIPER-00246,648.0
67152,2025-301V,KUIPER-00247,530.0
67153,2025-301W,KUIPER-00248,459.1
67154,2025-301X,KUIPER-00249,503.9
67155,2025-301Y,KUIPER-00250,647.7
67156,2025-301Z,KUIPER-00251,545.8
67157,2025-301AA,KUIPER-00252,573.3
67158,2025-301AB,KUIPER-00261,647.6
67159,2025-301AC,KUIPER-00265,636.7
67219,2025-305A,DISKSAT C,548.6
67220,2025-305B,DISKSAT B,549.8
67221,2025-305C,DISKSAT D,550.2
67222,2025-305D,DISKSAT A,548.9
67228,2025-307A,QPS-SAR-15 SUKUNAMI-1,579.4
67232,2025-309A,SPACEMOBILE-006,518.6
67233,2025-309B,LVM3 CUS R/B,510.2
67234,2025-310A,OBJECT A,650.0
67245,2025-311K,CZ-8A R/B,857.6
67248,2025-313A,OBJECT A,677.7
67249,2025-313B,OBJECT B,656.4
67250,2025-313C,OBJECT C,615.5
67251,2025-313D,OBJECT D,607.6
67252,2025-313E,ZORKIY-2M-VPE,503.8
67253,2025-313F,AIST-2T-1,393.0
67254,2025-313G,AIST-2T-2,392.9
67255,2025-313H,KOWSAR-1.5,564.6
67256,2025-313J,SITRO-AIS-57,508.0
67257,2025-313K,SITRO-AIS-59,508.1
67258,2025-313L,SITRO-AIS-58,507.9
67259,2025-313M,OBJECT M,505.3
67260,2025-313N,SITRO-AIS-60,509.2
67261,2025-313P,OBJECT P,502.3
67262,2025-313Q,OBJECT Q,506.3
67263,2025-313R,DCS-1,507.1
67264,2025-313S,OBJECT S,509.0
67265,2025-313T,SITRO-TD-4,507.3
67266,2025-313U,SITRO-AIS-65,507.1
67267,2025-313V,OBJECT V,506.2
67268,2025-313W,ZORKIY-2M-7,508.5
67269,2025-313X,OBJECT X,504.6
67270,2025-313Y,SITRO-TD-3,507.1
67271,2025-313Z,OBJECT Z,510.3
67272,2025-313AA,OBJECT AA,505.8
67273,2025-313AB,OBJECT AB,511.1
67274,2025-313AC,OBJECT AC,508.6
67275,2025-313AD,OBJECT AD,508.4
67276,2025-313AE,OBJECT AE,508.3
67277,2025-313AF,OBJECT AF,508.4
67278,2025-313AG,OBJECT AG,508.1
67279,2025-313AH,GALAPAGOS-UTE,508.0
67280,2025-313AJ,GRIFON-3,508.2
67281,2025-313AK,GRIFON-1,507.9
67282,2025-313AL,LOBACHEVSKY,506.5
67283,2025-313AM,OBJECT AM,504.7
67284,2025-313AN,OBJECT AN,507.0
67285,2025-313AP,NASBSAT-2,505.1
67286,2025-313AQ,OBJECT AQ,504.3
67287,2025-313AR,LUCA,503.7
67288,2025-313AS,OBJECT AS,506.1
67289,2025-313AT,NASBSAT-1,501.3
67290,2025-313AU,SAKHACUBE-CHOLBON,503.0
67291,2025-313AV,QMR-KWT 2,500.8
67292,2025-313AW,SITRO-AIS-64,502.8
67293,2025-313AX,SCORPION,506.6
67294,2025-313AY,SITRO-AIS-63,502.6
67295,2025-313AZ,ZORKIY-2M-5,504.0
67296,2025-313BA,SITRO-AIS-62,502.4
67297,2025-313BB,SITRO-AIS-61,502.1
67298,2025-313BC,OBJECT BC,476.3
67299,2025-313BD,OBJECT BD,473.6
67300,2025-314A,TIANHUI 7,493.0
67304,2026-001A,COSMO-SKYMED-FM3,629.7
67363,2026-004A,LEMUR-2 FIKRETDENGIZ,612.5
67364,2026-004B,LEMUR-2 CALLUM-K-J,613.2
67365,2026-004C,LEMUR-2 MARIO-SOUSA,612.0
67366,2026-004D,OBJECT D,612.3
67367,2026-004E,LEMUR-2 SONNENBLUME,611.8
67368,2026-004F,LEMUR-2 WOBLER,611.8
67369,2026-004G,OBJECT G,613.1
67370,2026-004H,LEMUR-2 GRAM-E-SUE,611.3
67371,2026-004J,UMBRA-12,609.6
67372,2026-004K,ICEYE-X63,611.0
67373,2026-004L,ICEYE-X64,612.2
67374,2026-004M,AETHER-3,611.1
67375,2026-004N,AETHER-4,611.1
67376,2026-004P,AETHER-5,611.6
67377,2026-004Q,AETHER-6,611.1
67378,2026-004R,AETHER-7,611.9
67379,2026-004S,AETHER-8,611.8
67380,2026-004T,AETHER-9,611.5
67381,2026-004U,AETHER-10,610.9
67382,2026-004V,AETHER-11,610.9
67383,2026-004W,AETHER-12,611.8
67384,2026-004X,CAPELLA-19 (ACADIA),615.5
67385,2026-004Y,CAPELLA-18 (ACADIA),614.8
67386,2026-004Z,OBJECT Z,609.6
67387,2026-004AA,LEMUR-2 KATIE,607.0
67388,2026-004AB,LEMUR-2 HCS-BAZUS,607.0
67389,2026-004AC,HYDRA-2,519.8
67390,2026-004AD,CONNECTA IOT-16,522.0
67391,2026-004AE,FLAMINGO-1,520.5
67392,2026-004AF,HAWK-13A,517.8
67393,2026-004AG,HAWK-13C,517.8
67394,2026-004AH,LEMUR-2 KUTAR,517.0
67395,2026-004AJ,PANDORA,611.6
67396,2026-004AK,HAWK-13B,517.8
67397,2026-004AL,CARBSAR,517.3
67398,2026-004AM,TOMORROW-S10,517.6
67399,2026-004AN,TOMORROW-S11,516.7
67400,2026-004AP,CONNECTA IOT-13,521.5
67401,2026-004AQ,CONNECTA IOT-14,519.0
67402,2026-004AR,CONNECTA IOT-15,522.8
67433,2026-006A,YAOGAN-50,959.5
67434,2026-006B,CZ-6A R/B,692.4
67444,2026-007K,CZ-8A R/B,854.3
67474,2026-009A,ALSAT 3A,503.3
67475,2026-009B,CZ-2C R/B,563.4
67476,2026-010A,TIANQI 37,904.0
67477,2026-010B,TIANQI 38,904.0
67478,2026-010C,TIANQI 39,886.7
67479,2026-010D,TIANQI 40,904.0
67481,2025-082C,SZ-20 MODULE,380.5
67482,2025-313BE,OBJECT BE,474.6
67483,2026-012A,ION-SCV-021,582.3
67531,2026-013K,CZ-12 R/B,851.3
67614,2026-019A,NEONSAT-1A,549.6
67646,2026-021A,OBJECT A,503.6
67647,2026-021B,OBJECT B,499.5
67674,2026-023A,COSMOS 2600,329.4
67675,2026-023B,OBJECT B,502.8
67676,2026-023C,OBJECT C,502.6
67677,2026-023D,OBJECT D,502.9
67678,2026-023E,OBJECT E,502.2
67679,2026-023F,OBJECT F,501.8
67680,2026-023G,OBJECT G,501.8
67681,2026-023H,OBJECT H,502.3
67682,2026-023J,OBJECT J,501.8
67683,1998-067XZ,KNACKSAT-2,414.1
67684,1998-067YA,CORAL,402.1
67685,1998-067YB,GXIBA-1,412.6
67686,1998-067YC,UITMSAT,409.9
67687,1998-067YD,HMU-SAT2,413.3
67688,1998-067YE,LEOPARD,411.1
67689,2026-024A,PRC TEST SPACECRAFT 4,599.8
67690,2026-024B,CZ-2F R/B,468.1
67746,2026-027A,OBJECT A,518.9
67747,2026-027B,OBJECT B,518.7
67748,2027-027C,OBJECT C,518.9
67749,2026-027D,OBJECT D,517.3
67750,2026-027E,OBJECT E,517.7
67751,2026-027F,OBJECT F,527.5
67752,2026-027G,OBJECT G,535.9
67764,2026-030A,KUIPER-00159,463.8
67765,2026-030B,KUIPER-00160,464.4
67766,2026-030C,KUIPER-00177,580.5
67767,2026-030D,KUIPER-00178,536.7
67768,2026-030E,KUIPER-00180,485.9
67769,2026-030F,KUIPER-00197,462.2
67770,2026-030G,KUIPER-00198,463.1
67771,2026-030H,KUIPER-00199,468.6
67772,2026-030J,KUIPER-00200,460.3
67773,2026-030K,KUIPER-00203,627.5
67774,2026-030L,KUIPER-00205,461.9
67775,2026-030M,KUIPER-00208,515.4
67776,2026-030N,KUIPER-00209,487.7
67777,2026-030P,KUIPER-00213,478.8
67778,2026-030Q,KUIPER-00214,460.9
67779,2026-030R,KUIPER-00215,467.9
67780,2026-030S,KUIPER-00218,465.7
67781,2026-030T,KUIPER-00220,467.4
67782,2026-030U,KUIPER-00222,480.2
67783,2026-030V,KUIPER-00223,468.9
67784,2026-030W,KUIPER-00225,463.6
67785,2026-030X,KUIPER-00226,484.5
67786,2026-030Y,KUIPER-00259,466.6
67787,2026-030Z,KUIPER-00260,461.6
67788,2026-030AA,KUIPER-00262,461.0
67789,2026-030AB,KUIPER-00266,483.4
67790,2026-030AC,KUIPER-00268,463.2
67791,2026-030AD,KUIPER-00270,468.1
67792,2026-030AE,KUIPER-00274,485.5
67793,2026-030AF,KUIPER-00275,467.4
67794,2026-030AG,KUIPER-00276,484.5
67795,2026-030AH,KUIPER-00279,465.3
67796,2026-031A,DRAGON FREEDOM 3,428.0
68098,2026-043A,GLOBAL-34,477.4
44714,2019-074B,STARLINK 1008,475.5
44718,2019-074F,STARLINK 1012,477.9
44723,2019-074L,STARLINK 1017,495.8
44724,2019-074M,STARLINK 1019,318.8
44725,2019-074N,STARLINK 1020,480.0
44741,2019-074AE,STARLINK 1036,396.4
44744,2019-074AH,STARLINK 1039,503.6
44747,2019-074AL,STARLINK 1042,421.6
44748,2019-074AM,STARLINK 1043,409.7
44751,2019-074AQ,STARLINK 1046,437.0
44752,2019-074AR,STARLINK 1047,474.1
44753,2019-074AS,STARLINK 1048,404.3
44768,2019-074BH,STARLINK 1063,478.1
44771,2019-074BL,STARLINK 1067,393.6
44772,2019-074BM,STARLINK 1068,376.5
44927,2020-001P,STARLINK-1114,413.8
44930,2020-001S,STARLINK-1123,483.6
44941,2020-001AD,STARLINK-1094,480.2
44949,2020-001AM,STARLINK-1122,482.4
44961,2020-001AZ,STARLINK-1080,423.1
44968,2020-001BG,STARLINK-1090,483.0
45044,2020-006A,STARLINK-1132,437.4
45047,2020-006D,STARLINK-1131,482.4
45048,2020-006E,STARLINK-1134,436.2
45054,2020-006L,STARLINK-1156,482.4
45057,2020-006P,STARLINK-1159,314.3
45060,2020-006S,STARLINK-1166,429.2
45061,2020-006T,STARLINK-1169,479.8
45062,2020-006U,STARLINK-1171,378.7
45064,2020-006W,STARLINK-1133,482.4
45071,2020-006AD,STARLINK-1167,480.9
45072,2020-006AE,STARLINK-1168,482.4
45074,2020-006AG,STARLINK-1172,477.9
45080,2020-006AN,STARLINK-1153,480.8
45081,2020-006AP,STARLINK-1151,372.9
45087,2020-006AV,STARLINK-1185,463.8
45088,2020-006AW,STARLINK-1183,482.4
45096,2020-006BE,STARLINK-1152,451.4
45098,2020-006BG,STARLINK-1184,539.9
45100,2020-006BJ,STARLINK-1193,397.8
45179,2020-012B,STARLINK-1143,373.7
45183,2020-012F,STARLINK-1202,482.4
45185,2020-012H,STARLINK-1216,482.4
45187,2020-012K,STARLINK-1225,482.4
45189,2020-012M,STARLINK-1230,482.3
45190,2020-012N,STARLINK-1234,378.8
45197,2020-012V,STARLINK-1269,482.3
45198,2020-012W,STARLINK-1154,427.0
45201,2020-012Z,STARLINK-1199,482.4
45206,2020-012AE,STARLINK-1209,411.4
45212,2020-012AL,STARLINK-1231,505.3
45217,2020-012AR,STARLINK-1271,482.4
45222,2020-012AW,STARLINK-1191,478.1
45223,2020-012AX,STARLINK-1212,408.0
45225,2020-012AZ,STARLINK-1215,482.4
45227,2020-012BB,STARLINK-1221,445.7
45228,2020-012BC,STARLINK-1222,421.9
45229,2020-012BD,STARLINK-1226,462.1
45230,2020-012BE,STARLINK-1227,462.1
45235,2020-012BK,STARLINK-1246,482.4
45237,2020-012BM,STARLINK-1270,424.3
45360,2020-019A,STARLINK-1279,392.5
45361,2020-019B,STARLINK-1301,374.5
45366,2020-019G,STARLINK-1262,484.9
45367,2020-019H,STARLINK-1273,433.3
45368,2020-019J,STARLINK-1276,538.2
45369,2020-019K,STARLINK-1277,418.3
45370,2020-019L,STARLINK-1281,482.4
45374,2020-019Q,STARLINK-1300,482.4
45375,2020-019R,STARLINK-1302,403.8
45376,2020-019S,STARLINK-1304,420.8
45377,2020-019T,STARLINK-1305,405.2
45379,2020-019V,STARLINK-1319,373.5
45383,2020-019Z,STARLINK-1266,429.3
45384,2020-019AA,STARLINK-1267,415.4
45386,2020-019AC,STARLINK-1272,396.6
45387,2020-019AD,STARLINK-1274,424.4
45388,2020-019AE,STARLINK-1280,372.4
45389,2020-019AF,STARLINK-1283,385.5
45390,2020-019AG,STARLINK-1284,410.2
45395,2020-019AM,STARLINK-1297,401.7
45397,2020-019AP,STARLINK-1307,421.0
45399,2020-019AR,STARLINK-1255,408.8
45404,2020-019AW,STARLINK-1260,480.3
45405,2020-019AX,STARLINK-1263,482.4
45406,2020-019AY,STARLINK-1265,480.5
45408,2020-019BA,STARLINK-1278,398.5
45412,2020-019BE,STARLINK-1296,478.6
45414,2020-019BG,STARLINK-1309,400.1
45415,2020-019BH,STARLINK-1316,478.5
45417,2020-019BK,STARLINK-1286,417.5
45419,2020-019BM,STARLINK-1308,412.7
45531,2020-025A,STARLINK-1329,380.7
45532,2020-025B,STARLINK-1338,402.3
45535,2020-025E,STARLINK-1350,463.5
45538,2020-025H,STARLINK-1362,483.7
45540,2020-025K,STARLINK-1368,482.4
45542,2020-025M,STARLINK-1371,423.9
45543,2020-025N,STARLINK-1372,482.4
45544,2020-025P,STARLINK-1373,412.5
45555,2020-025AA,STARLINK-1327,402.7
45564,2020-025AK,STARLINK-1356,431.0
45565,2020-025AL,STARLINK-1357,396.9
45567,2020-025AN,STARLINK-1361,422.2
45568,2020-025AP,STARLINK-1363,333.9
45569,2020-025AQ,STARLINK-1366,337.7
45570,2020-025AR,STARLINK-1376,478.4
45572,2020-025AT,STARLINK-1320,361.7
45573,2020-025AU,STARLINK-1321,419.7
45578,2020-025AZ,STARLINK-1331,419.9
45580,2020-025BB,STARLINK-1333,482.4
45581,2020-025BC,STARLINK-1335,484.9
45582,2020-025BD,STARLINK-1337,390.4
45586,2020-025BH,STARLINK-1347,402.3
45589,2020-025BL,STARLINK-1364,416.3
45590,2020-025BM,STARLINK-1365,430.3
45660,2020-035D,STARLINK-1443,493.2
45663,2020-035G,STARLINK-1446,442.6
45665,2020-035J,STARLINK-1448,406.5
45668,2020-035M,STARLINK-1451,540.5
45669,2020-035N,STARLINK-1452,430.1
45670,2020-035P,STARLINK-1453,405.8
45671,2020-035Q,STARLINK-1454,410.6
45673,2020-035S,STARLINK-1456,416.1
45674,2020-035T,STARLINK-1457,326.0
45675,2020-035U,STARLINK-1458,437.9
45676,2020-035V,STARLINK-1460,482.4
45677,2020-035W,STARLINK-1392,484.9
45679,2020-035Y,STARLINK-1394,415.5
45685,2020-035AE,STARLINK-1402,431.1
45686,2020-035AF,STARLINK-1404,468.0
45689,2020-035AJ,STARLINK-1413,482.4
45693,2020-035AN,STARLINK-1417,533.0
45695,2020-035AQ,STARLINK-1420,403.8
45696,2020-035AR,STARLINK-1422,482.3
45697,2020-035AS,STARLINK-1351,407.5
45700,2020-035AV,STARLINK-1400,413.4
45701,2020-035AW,STARLINK-1403,484.9
45703,2020-035AY,STARLINK-1407,382.6
45706,2020-035BB,STARLINK-1411,377.4
45710,2020-035BF,STARLINK-1423,406.0
45711,2020-035BG,STARLINK-1433,400.0
45712,2020-035BH,STARLINK-1434,487.9
45731,2020-038B,STARLINK-1465,415.5
45735,2020-038F,STARLINK-1471,424.4
45741,2020-038M,STARLINK-1480,410.2
45744,2020-038Q,STARLINK-1500,465.8
45746,2020-038S,STARLINK-1504,411.1
45747,2020-038T,STARLINK-1506,493.2
45751,2020-038X,STARLINK-1464,436.6
45754,2020-038AA,STARLINK-1477,527.3
45755,2020-038AB,STARLINK-1478,400.0
45759,2020-038AF,STARLINK-1493,414.7
45760,2020-038AG,STARLINK-1494,344.1
45764,2020-038AL,STARLINK-1502,424.6
45772,2020-038AU,STARLINK-1470,484.9
45773,2020-038AV,STARLINK-1482,478.7
45780,2020-038BC,STARLINK-1496,421.1
45786,2020-038BJ,STARLINK-1513,482.4
46027,2020-055A,STARLINK-1522,543.7
46028,2020-055B,STARLINK-1523,484.9
46029,2020-055C,STARLINK-1526,484.9
46032,2020-055F,STARLINK-1555,482.3
46033,2020-055G,STARLINK-1556,484.7
46034,2020-055H,STARLINK-1557,484.9
46035,2020-055J,STARLINK-1558,485.0
46036,2020-055K,STARLINK-1560,484.9
46038,2020-055M,STARLINK-1567,416.2
46039,2020-055N,STARLINK-1569,482.4
46043,2020-055S,STARLINK-1582,482.4
46045,2020-055U,STARLINK-1591,482.4
46047,2020-055W,STARLINK-1524,482.4
46048,2020-055X,STARLINK-1527,482.4
46051,2020-055AA,STARLINK-1540,482.4
46052,2020-055AB,STARLINK-1541,482.4
46053,2020-055AC,STARLINK-1543,482.4
46054,2020-055AD,STARLINK-1548,482.4
46055,2020-055AE,STARLINK-1554,482.4
46058,2020-055AH,STARLINK-1564,482.4
46059,2020-055AJ,STARLINK-1570,482.4
46060,2020-055AK,STARLINK-1572,482.4
46061,2020-055AL,STARLINK-1573,482.4
46063,2020-055AN,STARLINK-1577,482.4
46064,2020-055AP,STARLINK-1583,482.4
46066,2020-055AR,STARLINK-1525,482.2
46070,2020-055AV,STARLINK-1536,552.5
46073,2020-055AY,STARLINK-1542,554.3
46074,2020-055AZ,STARLINK-1549,554.4
46075,2020-055BA,STARLINK-1551,554.4
46076,2020-055BB,STARLINK-1552,554.3
46077,2020-055BC,STARLINK-1559,479.0
46079,2020-055BE,STARLINK-1566,554.4
46080,2020-055BF,STARLINK-1568,430.0
46082,2020-055BH,STARLINK-1578,554.3
46083,2020-055BJ,STARLINK-1579,554.4
46119,2020-057C,STARLINK-1593,334.4
46127,2020-057L,STARLINK-1621,322.9
46128,2020-057M,STARLINK-1622,373.5
46129,2020-057N,STARLINK-1623,405.5
46130,2020-057P,STARLINK-1624,357.1
46141,2020-057AA,STARLINK-1596,430.8
46142,2020-057AB,STARLINK-1597,395.1
46144,2020-057AD,STARLINK-1606,371.9
46146,2020-057AF,STARLINK-1608,482.3
46155,2020-057AQ,STARLINK-1667,371.6
46156,2020-057AR,STARLINK-1545,377.5
46159,2020-057AU,STARLINK-1595,412.6
46160,2020-057AV,STARLINK-1598,409.8
46164,2020-057AZ,STARLINK-1612,309.9
46167,2020-057BC,STARLINK-1626,398.6
46168,2020-057BD,STARLINK-1627,345.2
46171,2020-057BG,STARLINK-1633,384.0
46172,2020-057BH,STARLINK-1635,379.7
46173,2020-057BJ,STARLINK-1640,401.4
46174,2020-057BK,STARLINK-1641,418.3
46326,2020-062B,STARLINK-1654,358.5
46328,2020-062D,STARLINK-1686,350.9
46329,2020-062E,STARLINK-1695,400.4
46331,2020-062G,STARLINK-1719,389.0
46335,2020-062L,STARLINK-1727,355.3
46340,2020-062R,STARLINK-1759,382.8
46342,2020-062T,STARLINK-1762,485.2
46343,2020-062U,STARLINK-1764,363.5
46347,2020-062Y,STARLINK-1547,372.7
46348,2020-062Z,STARLINK-1553,460.8
46351,2020-062AC,STARLINK-1646,397.7
46352,2020-062AD,STARLINK-1653,384.9
46353,2020-062AE,STARLINK-1656,408.5
46355,2020-062AG,STARLINK-1661,480.1
46356,2020-062AH,STARLINK-1665,372.8
46357,2020-062AJ,STARLINK-1666,388.0
46359,2020-062AL,STARLINK-1707,370.7
46375,2020-062BC,STARLINK-1724,405.4
46376,2020-062BD,STARLINK-1742,301.5
46383,2020-062BL,STARLINK-1770,375.3
46384,2020-062BM,STARLINK-1771,427.0
46535,2020-070D,STARLINK-1663,369.8
46537,2020-070F,STARLINK-1672,412.3
46538,2020-070G,STARLINK-1678,375.1
46553,2020-070X,STARLINK-1664,450.1
46556,2020-070AA,STARLINK-1676,409.3
46557,2020-070AB,STARLINK-1679,387.7
46558,2020-070AC,STARLINK-1680,328.7
46559,2020-070AD,STARLINK-1681,320.4
46562,2020-070AG,STARLINK-1714,411.1
46563,2020-070AH,STARLINK-1730,433.3
46564,2020-070AJ,STARLINK-1733,339.2
46565,2020-070AK,STARLINK-1735,377.2
46567,2020-070AM,STARLINK-1741,374.3
46572,2020-070AS,STARLINK-1531,373.8
46576,2020-070AW,STARLINK-1677,366.4
46578,2020-070AY,STARLINK-1683,308.9
46582,2020-070BC,STARLINK-1728,404.9
46585,2020-070BF,STARLINK-1736,363.7
46588,2020-070BJ,STARLINK-1746,342.7
46672,2020-073C,STARLINK-1716,371.5
46674,2020-073E,STARLINK-1718,396.6
46681,2020-073M,STARLINK-1775,323.4
46685,2020-073R,STARLINK-1781,397.0
46687,2020-073T,STARLINK-1784,377.6
46689,2020-073V,STARLINK-1788,376.2
46691,2020-073X,STARLINK-1790,339.5
46696,2020-073AC,STARLINK-1795,363.4
46698,2020-073AE,STARLINK-1797,399.9
46699,2020-073AF,STARLINK-1799,328.2
46700,2020-073AG,STARLINK-1800,315.2
46701,2020-073AH,STARLINK-1801,347.7
46702,2020-073AJ,STARLINK-1802,479.9
46705,2020-073AM,STARLINK-1805,408.3
46706,2020-073AN,STARLINK-1807,497.3
46709,2020-073AR,STARLINK-1810,424.0
46713,2020-073AV,STARLINK-1815,359.2
46714,2020-073AW,STARLINK-1816,341.1
46715,2020-073AX,STARLINK-1817,378.8
46718,2020-073BA,STARLINK-1821,452.5
46723,2020-073BF,STARLINK-1826,381.8
46725,2020-073BH,STARLINK-1828,403.7
46727,2020-073BK,STARLINK-1830,398.2
46743,2020-074E,STARLINK-1892,412.1
46744,2020-074F,STARLINK-1894,307.8
46746,2020-074H,STARLINK-1905,374.2
46749,2020-074L,STARLINK-1911,345.3
46753,2020-074Q,STARLINK-1922,371.8
46758,2020-074V,STARLINK-1928,365.0
46780,2020-074AT,STARLINK-1832,327.9
46782,2020-074AV,STARLINK-1835,387.3
46784,2020-074AX,STARLINK-1882,376.8
46786,2020-074AZ,STARLINK-1893,416.6
46790,2020-074BD,STARLINK-1931,369.5
46792,2020-074BF,STARLINK-1934,318.7
46794,2020-074BH,STARLINK-1942,423.1
46796,2020-074BK,STARLINK-1944,370.9
47122,2020-088A,STARLINK-1777,409.5
47126,2020-088E,STARLINK-1812,524.2
47135,2020-088P,STARLINK-1845,399.8
47143,2020-088X,STARLINK-1856,416.6
47157,2020-088AM,STARLINK-1871,482.3
47158,2020-088AN,STARLINK-1873,393.0
47161,2020-088AR,STARLINK-1876,373.4
47171,2020-088BB,STARLINK-1888,418.8
47178,2020-088BJ,STARLINK-1912,395.3
47179,2020-088BK,STARLINK-1913,482.4
47351,2021-005C,STARLINK-2017,482.4
47352,2021-005D,STARLINK-2034,482.4
47353,2021-005E,STARLINK-2045,482.4
47354,2021-005F,STARLINK-2046,482.4
47355,2021-005G,STARLINK-2047,482.4
47356,2021-005H,STARLINK-2049,554.4
47357,2021-005J,STARLINK-2050,482.5
47358,2021-005K,STARLINK-2055,554.4
47361,2021-005N,STARLINK-2071,554.3
47362,2021-005P,STARLINK-2076,484.9
47366,2021-005T,STARLINK-2081,485.0
47367,2021-005U,STARLINK-2082,482.4
47368,2021-005V,STARLINK-2084,482.4
47371,2021-005Y,STARLINK-2088,539.4
47373,2021-005AA,STARLINK-2092,482.4
47374,2021-005AB,STARLINK-2093,369.4
47375,2021-005AC,STARLINK-2094,484.9
47376,2021-005AD,STARLINK-2096,482.4
47377,2021-005AE,STARLINK-2097,539.4
47378,2021-005AF,STARLINK-2098,482.4
47379,2021-005AG,STARLINK-2099,482.4
47380,2021-005AH,STARLINK-2100,499.4
47381,2021-005AJ,STARLINK-2101,484.9
47382,2021-005AK,STARLINK-2102,482.4
47383,2021-005AL,STARLINK-2103,481.0
47384,2021-005AM,STARLINK-2104,554.3
47385,2021-005AN,STARLINK-2105,554.3
47386,2021-005AP,STARLINK-2106,554.4
47388,2021-005AR,STARLINK-2109,539.3
47389,2021-005AS,STARLINK-2110,482.4
47390,2021-005AT,STARLINK-2111,529.9
47391,2021-005AU,STARLINK-2112,554.3
47392,2021-005AV,STARLINK-2113,388.7
47393,2021-005AW,STARLINK-2114,366.5
47397,2021-005BA,STARLINK-2119,482.4
47399,2021-005BC,STARLINK-2121,482.4
47400,2021-005BD,STARLINK-2122,482.4
47401,2021-005BE,STARLINK-2123,554.2
47404,2021-005BH,STARLINK-2128,381.7
47405,2021-005BJ,STARLINK-2130,482.5
47407,2021-005BL,STARLINK-2134,554.3
47408,2021-005BM,STARLINK-2135,554.3
47555,2021-009H,STARLINK-1954,474.9
47559,2021-009M,STARLINK-1958,362.8
47563,2021-009R,STARLINK-1962,376.7
47565,2021-009T,STARLINK-1964,365.0
47566,2021-009U,STARLINK-1965,304.9
47568,2021-009W,STARLINK-1967,376.7
47573,2021-009AB,STARLINK-1975,324.4
47587,2021-009AR,STARLINK-1991,364.4
47588,2021-009AS,STARLINK-1993,357.0
47589,2021-009AT,STARLINK-1994,393.5
47590,2021-009AU,STARLINK-1995,396.8
47592,2021-009AW,STARLINK-1997,367.9
47596,2021-009BA,STARLINK-2001,412.3
47604,2021-009BJ,STARLINK-2021,370.0
47621,2021-012B,STARLINK-1609,467.0
47622,2021-012C,STARLINK-1645,301.9
47623,2021-012D,STARLINK-1655,371.5
47624,2021-012E,STARLINK-1669,324.9
47625,2021-012F,STARLINK-1704,435.5
47627,2021-012H,STARLINK-1972,424.0
47628,2021-012J,STARLINK-1973,482.3
47630,2021-012L,STARLINK-1983,482.3
47632,2021-012N,STARLINK-1992,482.4
47638,2021-012U,STARLINK-2015,482.3
47641,2021-012X,STARLINK-2019,388.6
47648,2021-012AE,STARLINK-2031,482.4
47649,2021-012AF,STARLINK-2032,369.4
47650,2021-012AG,STARLINK-2033,473.7
47652,2021-012AJ,STARLINK-2036,436.4
47655,2021-012AM,STARLINK-2039,482.4
47656,2021-012AN,STARLINK-2040,482.5
47657,2021-012AP,STARLINK-2041,429.1
47667,2021-012AZ,STARLINK-2058,301.7
47672,2021-012BE,STARLINK-2065,356.3
47676,2021-012BJ,STARLINK-2083,388.3
47679,2021-012BM,STARLINK-2095,327.7
47722,2021-017A,STARLINK-2068,482.4
47723,2021-017B,STARLINK-2107,482.4
47728,2021-017G,STARLINK-2131,492.6
47730,2021-017J,STARLINK-2140,484.9
47731,2021-017K,STARLINK-2141,420.1
47733,2021-017M,STARLINK-2143,482.4
47734,2021-017N,STARLINK-2144,482.4
47736,2021-017Q,STARLINK-2147,498.0
47739,2021-017T,STARLINK-2150,482.4
47742,2021-017W,STARLINK-2156,482.4
47745,2021-017Z,STARLINK-2159,434.5
47746,2021-017AA,STARLINK-2160,482.4
47747,2021-017AB,STARLINK-2161,482.4
47748,2021-017AC,STARLINK-2162,415.6
47749,2021-017AD,STARLINK-2163,431.2
47750,2021-017AE,STARLINK-2164,482.3
47752,2021-017AG,STARLINK-2169,442.3
47753,2021-017AH,STARLINK-2170,482.3
47754,2021-017AJ,STARLINK-2171,352.3
47760,2021-017AQ,STARLINK-2178,482.4
47762,2021-017AS,STARLINK-2180,410.6
47767,2021-017AX,STARLINK-2185,445.2
47770,2021-017BA,STARLINK-2193,482.4
47771,2021-017BB,STARLINK-2194,482.4
47772,2021-017BC,STARLINK-2195,482.4
47773,2021-017BD,STARLINK-2196,482.3
47776,2021-017BG,STARLINK-2209,436.2
47778,2021-017BJ,STARLINK-2211,454.2
47780,2021-017BL,STARLINK-2213,482.4
47787,2021-018A,STARLINK-2257,482.4
47788,2021-018B,STARLINK-2314,478.3
47789,2021-018C,STARLINK-2315,554.4
47790,2021-018D,STARLINK-2319,482.4
47791,2021-018E,STARLINK-2322,482.4
47792,2021-018F,STARLINK-2334,554.3
47793,2021-018G,STARLINK-2338,554.3
47796,2021-018K,STARLINK-2373,554.4
47797,2021-018L,STARLINK-2377,484.9
47798,2021-018M,STARLINK-2379,554.4
47799,2021-018N,STARLINK-2380,482.4
47800,2021-018P,STARLINK-2381,554.4
47802,2021-018R,STARLINK-2383,484.8
47804,2021-018T,STARLINK-2385,482.4
47805,2021-018U,STARLINK-2386,554.3
47806,2021-018V,STARLINK-2387,482.3
47807,2021-018W,STARLINK-2388,482.3
47808,2021-018X,STARLINK-2389,482.4
47810,2021-018Z,STARLINK-2391,482.4
47814,2021-018AD,STARLINK-2395,482.4
47815,2021-018AE,STARLINK-2396,482.4
47816,2021-018AF,STARLINK-2399,554.4
47817,2021-018AG,STARLINK-2400,482.4
47818,2021-018AH,STARLINK-2401,439.9
47819,2021-018AJ,STARLINK-2402,482.4
47821,2021-018AL,STARLINK-2406,482.4
47822,2021-018AM,STARLINK-2407,482.4
47823,2021-018AN,STARLINK-2408,554.4
47824,2021-018AP,STARLINK-2409,554.4
47825,2021-018AQ,STARLINK-2410,482.3
47826,2021-018AR,STARLINK-2411,482.4
47827,2021-018AS,STARLINK-2413,485.0
47828,2021-018AT,STARLINK-2415,482.4
47830,2021-018AV,STARLINK-2419,482.4
47831,2021-018AW,STARLINK-2420,554.4
47832,2021-018AX,STARLINK-2422,482.4
47833,2021-018AY,STARLINK-2423,538.9
47834,2021-018AZ,STARLINK-2424,482.4
47836,2021-018BB,STARLINK-2426,482.3
47837,2021-018BC,STARLINK-2427,554.4
47838,2021-018BD,STARLINK-2429,482.3
47839,2021-018BE,STARLINK-2431,482.3
47840,2021-018BF,STARLINK-2432,554.4
47841,2021-018BG,STARLINK-2433,554.3
47843,2021-018BJ,STARLINK-2435,485.3
47844,2021-018BK,STARLINK-2446,479.8
47845,2021-018BL,STARLINK-2453,554.4
47861,2021-021B,STARLINK-2280,482.4
47862,2021-021C,STARLINK-2291,482.3
47870,2021-021L,STARLINK-2326,482.4
47873,2021-021P,STARLINK-2329,482.4
47874,2021-021Q,STARLINK-2330,483.2
47879,2021-021V,STARLINK-2336,444.4
47883,2021-021Z,STARLINK-2342,432.7
47884,2021-021AA,STARLINK-2343,484.9
47887,2021-021AD,STARLINK-2346,482.4
47894,2021-021AL,STARLINK-2354,481.5
47895,2021-021AM,STARLINK-2355,482.3
47896,2021-021AN,STARLINK-2356,482.5
47898,2021-021AQ,STARLINK-2358,482.4
47901,2021-021AT,STARLINK-2361,479.4
47903,2021-021AV,STARLINK-2363,371.3
47904,2021-021AW,STARLINK-2364,482.4
47907,2021-021AZ,STARLINK-2367,484.9
47910,2021-021BC,STARLINK-2370,482.3
47911,2021-021BD,STARLINK-2371,482.3
47916,2021-021BJ,STARLINK-2378,482.3
47919,2021-021BM,STARLINK-2405,482.4
47978,2021-024B,STARLINK-1647,482.4
47981,2021-024E,STARLINK-2303,482.4
47993,2021-024S,STARLINK-2273,455.3
47997,2021-024W,STARLINK-2266,482.4
48000,2021-024Z,STARLINK-2270,471.9
48009,2021-024AJ,STARLINK-2153,482.4
48010,2021-024AK,STARLINK-2226,482.4
48019,2021-024AU,STARLINK-2285,482.4
48022,2021-024AX,STARLINK-2298,456.3
48023,2021-024AY,STARLINK-2292,464.3
48029,2021-024BE,STARLINK-2299,478.3
48093,2021-027B,STARLINK-2404,482.4
48094,2021-027C,STARLINK-2412,482.4
48095,2021-027D,STARLINK-2414,482.4
48096,2021-027E,STARLINK-2417,482.4
48097,2021-027F,STARLINK-2418,482.4
48098,2021-027G,STARLINK-2421,482.4
48099,2021-027H,STARLINK-2428,482.4
48100,2021-027J,STARLINK-2430,482.3
48101,2021-027K,STARLINK-2436,482.4
48104,2021-027N,STARLINK-2439,482.4
48105,2021-027P,STARLINK-2440,482.4
48106,2021-027Q,STARLINK-2442,484.9
48107,2021-027R,STARLINK-2443,482.4
48111,2021-027V,STARLINK-2448,475.0
48112,2021-027W,STARLINK-2449,482.4
48113,2021-027X,STARLINK-2450,482.4
48115,2021-027Z,STARLINK-2452,482.2
48116,2021-027AA,STARLINK-2454,482.4
48117,2021-027AB,STARLINK-2455,484.9
48119,2021-027AD,STARLINK-2459,482.4
48120,2021-027AE,STARLINK-2460,482.2
48121,2021-027AF,STARLINK-2462,482.4
48123,2021-027AH,STARLINK-2464,482.4
48124,2021-027AJ,STARLINK-2465,482.4
48125,2021-027AK,STARLINK-2466,482.3
48126,2021-027AL,STARLINK-2467,484.9
48127,2021-027AM,STARLINK-2468,482.4
48128,2021-027AN,STARLINK-2469,513.0
48129,2021-027AP,STARLINK-2471,482.4
48130,2021-027AQ,STARLINK-2472,482.3
48131,2021-027AR,STARLINK-2473,482.4
48132,2021-027AS,STARLINK-2474,482.4
48133,2021-027AT,STARLINK-2475,482.3
48134,2021-027AU,STARLINK-2476,482.4
48135,2021-027AV,STARLINK-2478,482.4
48136,2021-027AW,STARLINK-2479,482.4
48137,2021-027AX,STARLINK-2480,510.6
48138,2021-027AY,STARLINK-2481,482.4
48139,2021-027AZ,STARLINK-2482,484.9
48140,2021-027BA,STARLINK-2483,482.4
48142,2021-027BC,STARLINK-2485,484.9
48143,2021-027BD,STARLINK-2486,480.1
48144,2021-027BE,STARLINK-2487,484.9
48148,2021-027BJ,STARLINK-2491,482.3
48149,2021-027BK,STARLINK-2492,484.9
48150,2021-027BL,STARLINK-2493,484.8
48151,2021-027BM,STARLINK-2503,482.5
48276,2021-036A,STARLINK-2567,539.4
48277,2021-036B,STARLINK-2569,497.3
48278,2021-036C,STARLINK-2543,482.4
48280,2021-036E,STARLINK-2565,554.3
48282,2021-036G,STARLINK-2558,482.4
48283,2021-036H,STARLINK-2516,482.4
48284,2021-036J,STARLINK-2564,482.4
48286,2021-036L,STARLINK-2547,482.4
48287,2021-036M,STARLINK-2566,482.4
48289,2021-036P,STARLINK-2545,482.4
48291,2021-036R,STARLINK-2555,482.4
48292,2021-036S,STARLINK-2542,482.4
48293,2021-036T,STARLINK-2550,482.4
48294,2021-036U,STARLINK-2533,482.4
48295,2021-036V,STARLINK-2535,482.4
48298,2021-036Y,STARLINK-2559,482.4
48299,2021-036Z,STARLINK-2557,482.4
48300,2021-036AA,STARLINK-2538,482.4
48301,2021-036AB,STARLINK-2537,483.1
48303,2021-036AD,STARLINK-2530,482.4
48304,2021-036AE,STARLINK-2524,554.3
48305,2021-036AF,STARLINK-2519,554.4
48306,2021-036AG,STARLINK-2523,554.3
48309,2021-036AK,STARLINK-2517,479.9
48310,2021-036AL,STARLINK-2536,484.8
48311,2021-036AM,STARLINK-2534,482.3
48312,2021-036AN,STARLINK-2061,482.4
48314,2021-036AQ,STARLINK-2549,484.8
48315,2021-036AR,STARLINK-2506,554.3
48316,2021-036AS,STARLINK-2507,554.4
48317,2021-036AT,STARLINK-2513,482.4
48318,2021-036AU,STARLINK-2509,482.4
48319,2021-036AV,STARLINK-2512,482.3
48320,2021-036AW,STARLINK-2029,484.9
48321,2021-036AX,STARLINK-2457,482.3
48323,2021-036AZ,STARLINK-2515,482.4
48325,2021-036BB,STARLINK-2495,482.4
48326,2021-036BC,STARLINK-2498,482.3
48327,2021-036BD,STARLINK-2502,484.9
48328,2021-036BE,STARLINK-2504,482.4
48329,2021-036BF,STARLINK-2510,484.8
48330,2021-036BG,STARLINK-2501,484.8
48331,2021-036BH,STARLINK-2514,484.8
48333,2021-036BK,STARLINK-2518,484.8
48334,2021-036BL,STARLINK-2470,484.8
48353,2021-038A,STARLINK-2613,482.3
48354,2021-038B,STARLINK-2674,482.3
48355,2021-038C,STARLINK-2635,482.4
48356,2021-038D,STARLINK-2637,482.3
48357,2021-038E,STARLINK-2636,482.4
48358,2021-038F,STARLINK-2624,482.4
48359,2021-038G,STARLINK-2628,482.4
48360,2021-038H,STARLINK-2622,482.4
48361,2021-038J,STARLINK-2591,482.3
48362,2021-038K,STARLINK-2578,482.3
48364,2021-038M,STARLINK-2611,482.4
48365,2021-038N,STARLINK-2608,482.4
48367,2021-038Q,STARLINK-2643,482.4
48368,2021-038R,STARLINK-2623,482.4
48370,2021-038T,STARLINK-2621,482.4
48371,2021-038U,STARLINK-2589,482.4
48373,2021-038W,STARLINK-2609,482.3
48374,2021-038X,STARLINK-2604,482.4
48375,2021-038Y,STARLINK-2603,482.7
48376,2021-038Z,STARLINK-2610,482.3
48377,2021-038AA,STARLINK-2499,482.4
48378,2021-038AB,STARLINK-2526,482.4
48379,2021-038AC,STARLINK-2612,482.4
48380,2021-038AD,STARLINK-2614,482.3
48381,2021-038AE,STARLINK-2630,482.4
48382,2021-038AF,STARLINK-2585,482.4
48385,2021-038AJ,STARLINK-2598,482.4
48386,2021-038AK,STARLINK-2606,482.9
48388,2021-038AM,STARLINK-2594,484.9
48390,2021-038AP,STARLINK-2586,482.3
48391,2021-038AQ,STARLINK-2607,484.9
48392,2021-038AR,STARLINK-2605,482.4
48395,2021-038AU,STARLINK-2574,482.4
48396,2021-038AV,STARLINK-2575,482.4
48397,2021-038AW,STARLINK-2590,482.4
48398,2021-038AX,STARLINK-2588,525.1
48399,2021-038AY,STARLINK-2587,482.4
48400,2021-038AZ,STARLINK-2576,482.3
48401,2021-038BA,STARLINK-2571,482.6
48404,2021-038BD,STARLINK-2593,482.4
48405,2021-038BE,STARLINK-2570,482.4
48406,2021-038BF,STARLINK-2568,482.3
48408,2021-038BH,STARLINK-2592,482.4
48410,2021-038BK,STARLINK-2563,484.9
48411,2021-038BL,STARLINK-2505,497.5
48412,2021-038BM,STARLINK-2581,554.4
48428,2021-040A,STARLINK-2461,482.4
48431,2021-040D,STARLINK-2700,484.8
48432,2021-040E,STARLINK-2680,554.4
48433,2021-040F,STARLINK-2699,484.9
48434,2021-040G,STARLINK-2692,482.4
48435,2021-040H,STARLINK-2633,484.8
48436,2021-040J,STARLINK-2639,482.3
48437,2021-040K,STARLINK-2642,484.8
48438,2021-040L,STARLINK-2640,482.4
48439,2021-040M,STARLINK-2583,482.2
48440,2021-040N,STARLINK-2682,482.4
48441,2021-040P,STARLINK-2702,482.3
48442,2021-040Q,STARLINK-2644,482.3
48443,2021-040R,STARLINK-2663,482.3
48444,2021-040S,STARLINK-2645,482.4
48445,2021-040T,STARLINK-2634,482.4
48449,2021-040X,STARLINK-2655,482.4
48452,2021-040AA,STARLINK-2703,482.3
48453,2021-040AB,STARLINK-2620,482.4
48454,2021-040AC,STARLINK-2654,482.3
48455,2021-040AD,STARLINK-2497,482.4
48458,2021-040AG,STARLINK-2698,482.3
48459,2021-040AH,STARLINK-2579,482.3
48460,2021-040AJ,STARLINK-2582,397.6
48462,2021-040AL,STARLINK-2683,482.2
48464,2021-040AN,STARLINK-2686,484.9
48465,2021-040AP,STARLINK-2681,442.6
48466,2021-040AQ,STARLINK-2687,482.4
48467,2021-040AR,STARLINK-2659,482.3
48468,2021-040AS,STARLINK-2685,482.4
48469,2021-040AT,STARLINK-2661,482.3
48470,2021-040AU,STARLINK-2675,482.4
48471,2021-040AV,STARLINK-2684,482.4
48472,2021-040AW,STARLINK-2722,546.8
48473,2021-040AX,STARLINK-2658,482.3
48474,2021-040AY,STARLINK-2697,484.9
48478,2021-040BC,STARLINK-2728,484.9
48479,2021-040BD,STARLINK-2755,484.9
48481,2021-040BF,STARLINK-2706,482.4
48482,2021-040BG,STARLINK-2525,482.4
48483,2021-040BH,STARLINK-2531,482.3
48485,2021-040BK,STARLINK-2500,482.4
48487,2021-040BM,STARLINK-2494,482.3
48553,2021-041A,STARLINK-2063,482.4
48554,2021-041B,STARLINK-2139,482.4
48555,2021-041C,STARLINK-2145,554.4
48556,2021-041D,STARLINK-2151,482.4
48557,2021-041E,STARLINK-2155,482.4
48558,2021-041F,STARLINK-2166,482.4
48562,2021-041K,STARLINK-2187,456.6
48563,2021-041L,STARLINK-2188,482.4
48564,2021-041M,STARLINK-2190,482.4
48566,2021-041P,STARLINK-2214,554.3
48568,2021-041R,STARLINK-2217,482.4
48569,2021-041S,STARLINK-2219,482.4
48570,2021-041T,STARLINK-2220,554.4
48571,2021-041U,STARLINK-2221,482.3
48572,2021-041V,STARLINK-2222,554.3
48573,2021-041W,STARLINK-2224,482.3
48574,2021-041X,STARLINK-2225,482.3
48575,2021-041Y,STARLINK-2227,482.4
48576,2021-041Z,STARLINK-2228,482.4
48577,2021-041AA,STARLINK-2231,482.4
48578,2021-041AB,STARLINK-2232,482.4
48580,2021-041AD,STARLINK-2234,482.4
48581,2021-041AE,STARLINK-2235,554.3
48582,2021-041AF,STARLINK-2236,549.5
48583,2021-041AG,STARLINK-2237,554.3
48584,2021-041AH,STARLINK-2238,424.1
48586,2021-041AK,STARLINK-2241,554.3
48589,2021-041AN,STARLINK-2245,482.4
48592,2021-041AR,STARLINK-2249,522.0
48593,2021-041AS,STARLINK-2250,482.4
48594,2021-041AT,STARLINK-2251,498.3
48595,2021-041AU,STARLINK-2252,554.3
48596,2021-041AV,STARLINK-2253,482.4
48597,2021-041AW,STARLINK-2255,482.4
48602,2021-041BB,STARLINK-2713,482.2
48603,2021-041BC,STARLINK-2714,493.5
48604,2021-041BD,STARLINK-2757,554.3
48639,2021-044B,STARLINK-2739,482.4
48640,2021-044C,STARLINK-2736,482.4
48641,2021-044D,STARLINK-2754,482.4
48642,2021-044E,STARLINK-2646,482.4
48643,2021-044F,STARLINK-2704,482.3
48644,2021-044G,STARLINK-2695,482.4
48646,2021-044J,STARLINK-2732,482.4
48648,2021-044L,STARLINK-2521,482.4
48649,2021-044M,STARLINK-2673,482.4
48650,2021-044N,STARLINK-2672,482.4
48651,2021-044P,STARLINK-2731,482.4
48652,2021-044Q,STARLINK-2727,430.3
48653,2021-044R,STARLINK-2720,482.4
48655,2021-044T,STARLINK-2657,482.3
48656,2021-044U,STARLINK-2701,482.3
48657,2021-044V,STARLINK-2734,482.3
48658,2021-044W,STARLINK-2647,482.3
48659,2021-044X,STARLINK-2717,481.9
48662,2021-044AA,STARLINK-2726,485.3
48663,2021-044AB,STARLINK-2667,482.4
48666,2021-044AE,STARLINK-2666,484.9
48667,2021-044AF,STARLINK-2735,485.3
48668,2021-044AG,STARLINK-2738,482.4
48669,2021-044AH,STARLINK-2707,482.3
48670,2021-044AJ,STARLINK-2763,482.4
48671,2021-044AK,STARLINK-2745,486.0
48672,2021-044AL,STARLINK-2705,482.4
48673,2021-044AM,STARLINK-2711,485.2
48674,2021-044AN,STARLINK-2712,489.8
48676,2021-044AQ,STARLINK-2746,496.0
48678,2021-044AS,STARLINK-2615,482.4
48679,2021-044AT,STARLINK-2648,486.5
48681,2021-044AV,STARLINK-2725,482.4
48682,2021-044AW,STARLINK-2743,482.4
48683,2021-044AX,STARLINK-2756,482.4
48684,2021-044AY,STARLINK-2741,482.5
48685,2021-044AZ,STARLINK-2751,482.4
48686,2021-044BA,STARLINK-2629,484.9
48687,2021-044BB,STARLINK-2627,482.4
48688,2021-044BC,STARLINK-2742,482.4
48690,2021-044BE,STARLINK-2740,482.4
48691,2021-044BF,STARLINK-2750,482.3
48692,2021-044BG,STARLINK-2752,480.1
48693,2021-044BH,STARLINK-2618,482.4
48694,2021-044BJ,STARLINK-2748,482.3
48695,2021-044BK,STARLINK-2616,482.4
48696,2021-044BL,STARLINK-2753,482.4
48880,2021-059B,STARLINK-3004,570.2
48881,2021-059C,STARLINK-3005,570.2
49131,2021-082B,STARLINK-3096,415.6
49132,2021-082C,STARLINK-3090,579.2
49133,2021-082D,STARLINK-3077,579.2
49134,2021-082E,STARLINK-3078,579.2
49135,2021-082F,STARLINK-3073,579.2
49137,2021-082H,STARLINK-3055,581.7
49138,2021-082J,STARLINK-3058,579.2
49139,2021-082K,STARLINK-3057,579.2
49141,2021-082M,STARLINK-3093,579.2
49143,2021-082P,STARLINK-3109,581.7
49144,2021-082Q,STARLINK-3100,579.2
49145,2021-082R,STARLINK-3119,579.3
49146,2021-082S,STARLINK-3116,581.7
49147,2021-082T,STARLINK-3071,579.2
49148,2021-082U,STARLINK-3048,581.7
49151,2021-082X,STARLINK-3102,579.2
49153,2021-082Z,STARLINK-3072,579.2
49154,2021-082AA,STARLINK-3068,581.7
49155,2021-082AB,STARLINK-3060,579.2
49156,2021-082AC,STARLINK-3085,579.3
49157,2021-082AD,STARLINK-3051,559.5
49158,2021-082AE,STARLINK-3083,375.8
49159,2021-082AF,STARLINK-3056,579.2
49160,2021-082AG,STARLINK-3095,579.2
49161,2021-082AH,STARLINK-3080,579.2
49163,2021-082AK,STARLINK-3088,581.8
49164,2021-082AL,STARLINK-3106,579.2
49165,2021-082AM,STARLINK-3052,579.2
49166,2021-082AN,STARLINK-3089,581.7
49167,2021-082AP,STARLINK-3054,579.2
49169,2021-082AR,STARLINK-3046,579.2
49171,2021-082AT,STARLINK-3107,539.4
49173,2021-082AV,STARLINK-3045,579.2
49175,2021-082AX,STARLINK-3087,581.7
49176,2021-082AY,STARLINK-3069,579.2
49177,2021-082AZ,STARLINK-3103,579.2
49178,2021-082BA,STARLINK-3086,579.2
49179,2021-082BB,STARLINK-3043,579.2
49181,2021-082BD,STARLINK-3059,579.2
49408,2021-104A,STARLINK-3151,445.1
49409,2021-104B,STARLINK-3075,546.9
49410,2021-104C,STARLINK-3147,546.9
49411,2021-104D,STARLINK-3162,546.9
49413,2021-104F,STARLINK-3157,546.9
49414,2021-104G,STARLINK-3146,546.9
49415,2021-104H,STARLINK-3159,546.9
49416,2021-104J,STARLINK-3133,546.9
49417,2021-104K,STARLINK-3154,546.9
49418,2021-104L,STARLINK-3111,546.9
49419,2021-104M,STARLINK-3120,547.0
49420,2021-104N,STARLINK-3110,546.8
49421,2021-104P,STARLINK-3112,546.9
49422,2021-104Q,STARLINK-3161,546.9
49424,2021-104S,STARLINK-3135,546.9
49425,2021-104T,STARLINK-3139,546.9
49426,2021-104U,STARLINK-3114,546.9
49427,2021-104V,STARLINK-3131,546.9
49428,2021-104W,STARLINK-3121,546.9
49430,2021-104Y,STARLINK-3138,546.8
49431,2021-104Z,STARLINK-3153,546.9
49432,2021-104AA,STARLINK-3158,546.9
49433,2021-104AB,STARLINK-3079,546.9
49434,2021-104AC,STARLINK-3134,546.7
49435,2021-104AD,STARLINK-3117,546.9
49436,2021-104AE,STARLINK-3049,546.9
49437,2021-104AF,STARLINK-3130,546.9
49438,2021-104AG,STARLINK-3044,546.9
49440,2021-104AJ,STARLINK-3105,546.9
49441,2021-104AK,STARLINK-3128,546.9
49442,2021-104AL,STARLINK-3098,546.8
49443,2021-104AM,STARLINK-3136,546.9
49444,2021-104AN,STARLINK-3126,546.9
49445,2021-104AP,STARLINK-3122,546.9
49446,2021-104AQ,STARLINK-3099,546.8
49447,2021-104AR,STARLINK-3115,546.9
49449,2021-104AT,STARLINK-3137,444.9
49450,2021-104AU,STARLINK-3127,546.9
49451,2021-104AV,STARLINK-3125,546.9
49452,2021-104AW,STARLINK-3150,547.1
49453,2021-104AX,STARLINK-3129,546.9
49454,2021-104AY,STARLINK-3160,546.9
49455,2021-104AZ,STARLINK-3145,546.9
49456,2021-104BA,STARLINK-3124,547.0
49457,2021-104BB,STARLINK-3132,546.9
49458,2021-104BC,STARLINK-3156,546.9
49459,2021-104BD,STARLINK-3141,546.9
49460,2021-104BE,STARLINK-3140,546.8
49724,2021-115A,STARLINK-3219,546.8
49725,2021-115B,STARLINK-3218,546.9
49727,2021-115D,STARLINK-3242,546.8
49728,2021-115E,STARLINK-3240,546.8
49729,2021-115F,STARLINK-3251,546.9
49730,2021-115G,STARLINK-3249,546.9
49732,2021-115J,STARLINK-3246,546.9
49733,2021-115K,STARLINK-3252,546.9
49734,2021-115L,STARLINK-3238,546.9
49735,2021-115M,STARLINK-3113,547.0
49736,2021-115N,STARLINK-3148,546.9
49737,2021-115P,STARLINK-3225,546.8
49738,2021-115Q,STARLINK-3143,546.8
49739,2021-115R,STARLINK-3155,546.9
49740,2021-115S,STARLINK-3226,546.9
49741,2021-115T,STARLINK-3244,546.9
49742,2021-115U,STARLINK-3202,546.9
49743,2021-115V,STARLINK-3239,546.9
49744,2021-115W,STARLINK-3231,546.9
49745,2021-115X,STARLINK-3241,546.9
49746,2021-115Y,STARLINK-3233,546.9
49747,2021-115Z,STARLINK-3247,546.8
49748,2021-115AA,STARLINK-3248,546.9
49749,2021-115AB,STARLINK-3250,546.9
49750,2021-115AC,STARLINK-3236,546.9
49751,2021-115AD,STARLINK-3229,546.8
49752,2021-115AE,STARLINK-3209,546.8
49753,2021-115AF,STARLINK-3200,546.8
49754,2021-115AG,STARLINK-3193,546.9
49755,2021-115AH,STARLINK-3210,546.9
49756,2021-115AJ,STARLINK-3207,546.9
49757,2021-115AK,STARLINK-3197,546.9
49758,2021-115AL,STARLINK-3194,546.9
49759,2021-115AM,STARLINK-3204,546.9
49760,2021-115AN,STARLINK-3199,546.9
49761,2021-115AP,STARLINK-3203,546.9
49762,2021-115AQ,STARLINK-3195,546.9
49763,2021-115AR,STARLINK-3198,546.9
49765,2021-115AT,STARLINK-3227,546.9
49766,2021-115AU,STARLINK-3190,546.9
49767,2021-115AV,STARLINK-3192,546.9
49768,2021-115AW,STARLINK-3196,546.9
49769,2021-115AX,STARLINK-3208,546.9
49770,2021-115AY,STARLINK-3191,547.0
49771,2021-115AZ,STARLINK-3201,546.8
50159,2021-125D,STARLINK-3297,546.8
50161,2021-125F,STARLINK-3304,546.9
50163,2021-125H,STARLINK-3306,546.9
50165,2021-125K,STARLINK-3298,546.9
50166,2021-125L,STARLINK-3305,546.9
50167,2021-125M,STARLINK-3271,546.9
50169,2021-125P,STARLINK-3301,546.9
50170,2021-125Q,STARLINK-3245,546.9
50171,2021-125R,STARLINK-3286,546.9
50172,2021-125S,STARLINK-3287,546.9
50173,2021-125T,STARLINK-3289,540.4
50174,2021-125U,STARLINK-3292,546.9
50175,2021-125V,STARLINK-3291,546.9
50176,2021-125W,STARLINK-3293,546.9
50177,2021-125X,STARLINK-3282,546.9
50179,2021-125Z,STARLINK-3283,546.9
50180,2021-125AA,STARLINK-3265,546.9
50181,2021-125AB,STARLINK-3285,546.9
50182,2021-125AC,STARLINK-3277,546.9
50183,2021-125AD,STARLINK-3281,546.9
50185,2021-125AF,STARLINK-3279,546.9
50186,2021-125AG,STARLINK-3274,546.9
50187,2021-125AH,STARLINK-3272,545.6
50189,2021-125AK,STARLINK-3276,533.5
50190,2021-125AL,STARLINK-3268,546.9
50191,2021-125AM,STARLINK-3273,546.9
50192,2021-125AN,STARLINK-3259,546.8
50193,2021-125AP,STARLINK-3261,546.9
50195,2021-125AR,STARLINK-3266,546.9
50197,2021-125AT,STARLINK-3267,546.9
50198,2021-125AU,STARLINK-3264,546.9
50199,2021-125AV,STARLINK-3270,546.8
50200,2021-125AW,STARLINK-3235,546.8
50201,2021-125AX,STARLINK-3255,330.4
50202,2021-125AY,STARLINK-3256,546.8
50203,2021-125AZ,STARLINK-3257,546.9
50204,2021-125BA,STARLINK-3254,546.9
50205,2021-125BB,STARLINK-3260,546.9
50804,2022-001B,STARLINK-3323,546.8
50805,2022-001C,STARLINK-3333,546.9
50806,2022-001D,STARLINK-3335,546.9
50808,2022-001F,STARLINK-3355,546.9
50809,2022-001G,STARLINK-3232,546.8
50812,2022-001K,STARLINK-3338,546.9
50813,2022-001L,STARLINK-3349,459.9
50814,2022-001M,STARLINK-3324,546.9
50815,2022-001N,STARLINK-3234,546.8
50816,2022-001P,STARLINK-3342,529.8
50817,2022-001Q,STARLINK-3341,546.9
50818,2022-001R,STARLINK-3336,546.9
50819,2022-001S,STARLINK-3327,546.8
50820,2022-001T,STARLINK-3339,546.9
50821,2022-001U,STARLINK-3346,546.9
50822,2022-001V,STARLINK-3343,546.9
50823,2022-001W,STARLINK-3334,546.9
50825,2022-001Y,STARLINK-3332,546.9
50827,2022-001AA,STARLINK-3329,546.8
50828,2022-001AB,STARLINK-3290,546.8
50829,2022-001AC,STARLINK-3294,546.8
50830,2022-001AD,STARLINK-3278,546.8
50831,2022-001AE,STARLINK-3299,546.9
50832,2022-001AF,STARLINK-3328,546.9
50834,2022-001AH,STARLINK-3331,546.9
50835,2022-001AJ,STARLINK-3310,546.9
50836,2022-001AK,STARLINK-3330,546.9
50837,2022-001AL,STARLINK-3318,546.9
50839,2022-001AN,STARLINK-3320,546.9
50840,2022-001AP,STARLINK-3295,546.9
50841,2022-001AQ,STARLINK-3300,546.9
50842,2022-001AR,STARLINK-3302,546.9
50843,2022-001AS,STARLINK-3325,386.1
50844,2022-001AT,STARLINK-3326,546.9
50845,2022-001AU,STARLINK-3230,546.9
50846,2022-001AV,STARLINK-3308,546.9
50848,2022-001AX,STARLINK-3315,546.9
50849,2022-001AY,STARLINK-3311,546.7
50850,2022-001AZ,STARLINK-3312,546.9
50851,2022-001BA,STARLINK-3314,546.9
51104,2022-005A,STARLINK-3366,546.9
51105,2022-005B,STARLINK-3350,546.8
51106,2022-005C,STARLINK-3176,546.9
51108,2022-005E,STARLINK-3362,546.9
51109,2022-005F,STARLINK-3358,546.8
51110,2022-005G,STARLINK-3344,546.9
51111,2022-005H,STARLINK-3173,546.9
51112,2022-005J,STARLINK-3374,546.9
51113,2022-005K,STARLINK-3372,546.9
51114,2022-005L,STARLINK-3375,546.9
51115,2022-005M,STARLINK-3397,546.9
51116,2022-005N,STARLINK-3243,546.9
51117,2022-005P,STARLINK-3391,546.9
51118,2022-005Q,STARLINK-3394,546.9
51120,2022-005S,STARLINK-3398,546.9
51121,2022-005T,STARLINK-3399,546.9
51123,2022-005V,STARLINK-3392,546.9
51124,2022-005W,STARLINK-3389,546.9
51125,2022-005X,STARLINK-3387,546.9
51126,2022-005Y,STARLINK-3386,546.9
51127,2022-005Z,STARLINK-3370,546.9
51128,2022-005AA,STARLINK-3400,546.8
51129,2022-005AB,STARLINK-3396,546.9
51130,2022-005AC,STARLINK-3395,546.9
51131,2022-005AD,STARLINK-3388,546.9
51132,2022-005AE,STARLINK-3393,546.9
51133,2022-005AF,STARLINK-3356,547.0
51135,2022-005AH,STARLINK-3363,546.9
51136,2022-005AJ,STARLINK-3253,546.9
51137,2022-005AK,STARLINK-3180,546.9
51138,2022-005AL,STARLINK-3177,546.8
51139,2022-005AM,STARLINK-3172,546.9
51140,2022-005AN,STARLINK-3175,546.9
51141,2022-005AP,STARLINK-3179,547.0
51142,2022-005AQ,STARLINK-3369,512.5
51143,2022-005AR,STARLINK-3184,546.9
51144,2022-005AS,STARLINK-3185,546.9
51146,2022-005AU,STARLINK-3354,546.9
51147,2022-005AV,STARLINK-3352,494.5
51148,2022-005AW,STARLINK-3359,544.1
51149,2022-005AX,STARLINK-3360,546.9
51150,2022-005AY,STARLINK-3357,546.8
51152,2022-005BA,STARLINK-3364,546.9
51461,2022-010F,STARLINK-3181,546.9
51462,2022-010G,STARLINK-3166,546.8
51463,2022-010H,STARLINK-3419,546.9
51464,2022-010J,STARLINK-3189,546.9
51465,2022-010K,STARLINK-3401,546.9
51467,2022-010M,STARLINK-3178,546.9
51468,2022-010N,STARLINK-3174,546.9
51469,2022-010P,STARLINK-3182,546.9
51472,2022-010S,STARLINK-3415,546.8
51714,2022-016A,STARLINK-3528,546.9
51715,2022-016B,STARLINK-3533,546.8
51716,2022-016C,STARLINK-3543,546.9
51717,2022-016D,STARLINK-3445,546.9
51718,2022-016E,STARLINK-3546,524.9
51719,2022-016F,STARLINK-3540,546.9
51720,2022-016G,STARLINK-3526,546.8
51721,2022-016H,STARLINK-3524,546.9
51722,2022-016J,STARLINK-3535,546.8
51724,2022-016L,STARLINK-3529,546.9
51725,2022-016M,STARLINK-3522,546.9
51726,2022-016N,STARLINK-3527,546.1
51727,2022-016P,STARLINK-3532,546.9
51729,2022-016R,STARLINK-3523,546.9
51731,2022-016T,STARLINK-3514,546.4
51732,2022-016U,STARLINK-3518,546.9
51733,2022-016V,STARLINK-3525,546.9
51734,2022-016W,STARLINK-3450,546.9
51735,2022-016X,STARLINK-3517,546.9
51736,2022-016Y,STARLINK-3447,546.9
51737,2022-016Z,STARLINK-3509,546.9
51738,2022-016AA,STARLINK-3515,546.9
51739,2022-016AB,STARLINK-3516,546.8
51740,2022-016AC,STARLINK-3500,546.8
51741,2022-016AD,STARLINK-3520,546.9
51742,2022-016AE,STARLINK-3521,546.8
51743,2022-016AF,STARLINK-3512,546.8
51744,2022-016AG,STARLINK-3452,546.9
51745,2022-016AH,STARLINK-3449,546.9
51746,2022-016AJ,STARLINK-3502,546.9
51747,2022-016AK,STARLINK-3446,546.3
51748,2022-016AL,STARLINK-3501,546.9
51749,2022-016AM,STARLINK-3451,546.8
51750,2022-016AN,STARLINK-3505,547.0
51751,2022-016AP,STARLINK-3506,546.9
51752,2022-016AQ,STARLINK-3511,546.9
51753,2022-016AR,STARLINK-3507,546.9
51754,2022-016AS,STARLINK-3457,547.0
51755,2022-016AT,STARLINK-3460,546.9
51756,2022-016AU,STARLINK-3513,546.9
51757,2022-016AV,STARLINK-3459,546.9
51758,2022-016AW,STARLINK-3458,546.8
51759,2022-016AX,STARLINK-3456,546.9
51768,2022-017A,STARLINK-3622,546.7
51769,2022-017B,STARLINK-3621,546.9
51770,2022-017C,STARLINK-3612,546.9
51771,2022-017D,STARLINK-3614,546.9
51772,2022-017E,STARLINK-3623,546.9
51773,2022-017F,STARLINK-3624,546.9
51774,2022-017G,STARLINK-3629,546.8
51775,2022-017H,STARLINK-3620,546.9
51776,2022-017J,STARLINK-3608,546.9
51777,2022-017K,STARLINK-3625,546.8
51778,2022-017L,STARLINK-3615,546.8
51779,2022-017M,STARLINK-3611,546.9
51780,2022-017N,STARLINK-3617,546.9
51781,2022-017P,STARLINK-3580,546.8
51782,2022-017Q,STARLINK-3616,546.8
51783,2022-017R,STARLINK-3628,546.9
51784,2022-017S,STARLINK-3632,546.9
51785,2022-017T,STARLINK-3646,546.9
51786,2022-017U,STARLINK-3638,546.9
51787,2022-017V,STARLINK-3619,546.8
51788,2022-017W,STARLINK-3641,546.9
51789,2022-017X,STARLINK-3639,546.9
51790,2022-017Y,STARLINK-3631,546.9
51791,2022-017Z,STARLINK-3602,546.9
51792,2022-017AA,STARLINK-3626,546.9
51793,2022-017AB,STARLINK-3633,438.4
51794,2022-017AC,STARLINK-3573,546.9
51795,2022-017AD,STARLINK-3586,546.9
51798,2022-017AG,STARLINK-3634,546.9
51799,2022-017AH,STARLINK-3637,546.9
51801,2022-017AK,STARLINK-3592,546.9
51803,2022-017AM,STARLINK-3544,546.9
51804,2022-017AN,STARLINK-3601,546.8
51805,2022-017AP,STARLINK-3605,546.9
51807,2022-017AR,STARLINK-3606,546.9
51808,2022-017AS,STARLINK-3609,546.9
51809,2022-017AT,STARLINK-3607,546.9
51810,2022-017AU,STARLINK-3613,547.0
51811,2022-017AV,STARLINK-3569,546.9
51812,2022-017AW,STARLINK-3610,546.8
51813,2022-017AX,STARLINK-3552,546.9
51814,2022-017AY,STARLINK-3599,546.9
51815,2022-017AZ,STARLINK-3604,546.8
51816,2022-017BA,STARLINK-3603,302.7
51852,2022-022A,STARLINK-3542,546.8
51854,2022-022C,STARLINK-3541,528.5
51855,2022-022D,STARLINK-3545,546.8
51856,2022-022E,STARLINK-3568,546.9
51857,2022-022F,STARLINK-3571,546.8
51858,2022-022G,STARLINK-3563,546.8
51859,2022-022H,STARLINK-3560,546.9
51860,2022-022J,STARLINK-3559,546.9
51861,2022-022K,STARLINK-3562,546.8
51862,2022-022L,STARLINK-3508,546.9
51863,2022-022M,STARLINK-3555,546.9
51864,2022-022N,STARLINK-3548,546.8
51865,2022-022P,STARLINK-3503,546.8
51866,2022-022Q,STARLINK-3553,546.8
51867,2022-022R,STARLINK-3590,546.9
51868,2022-022S,STARLINK-3578,546.9
51869,2022-022T,STARLINK-3588,546.8
51870,2022-022U,STARLINK-3591,546.9
51871,2022-022V,STARLINK-3567,546.9
51872,2022-022W,STARLINK-3554,546.9
51873,2022-022X,STARLINK-3582,518.8
51874,2022-022Y,STARLINK-3574,546.8
51875,2022-022Z,STARLINK-3585,546.9
51876,2022-022AA,STARLINK-3583,546.9
51877,2022-022AB,STARLINK-3556,546.8
51878,2022-022AC,STARLINK-3575,546.9
51879,2022-022AD,STARLINK-3572,546.9
51880,2022-022AE,STARLINK-3566,546.8
51881,2022-022AF,STARLINK-3504,546.8
51882,2022-022AG,STARLINK-3570,546.8
51883,2022-022AH,STARLINK-3576,546.9
51884,2022-022AJ,STARLINK-3577,546.8
51885,2022-022AK,STARLINK-3584,546.8
51886,2022-022AL,STARLINK-3565,546.8
51887,2022-022AM,STARLINK-3551,546.9
51888,2022-022AN,STARLINK-3536,546.8
51889,2022-022AP,STARLINK-3547,546.9
51891,2022-022AR,STARLINK-3549,546.9
51892,2022-022AS,STARLINK-3587,546.9
51893,2022-022AT,STARLINK-3579,546.9
51894,2022-022AU,STARLINK-3595,546.9
51895,2022-022AV,STARLINK-3594,546.9
51896,2022-022AW,STARLINK-3593,546.9
51897,2022-022AX,STARLINK-3598,546.8
51898,2022-022AY,STARLINK-3597,546.8
51956,2022-025A,STARLINK-3700,484.7
51957,2022-025B,STARLINK-3694,484.9
51958,2022-025C,STARLINK-3692,482.4
51959,2022-025D,STARLINK-3704,484.9
51960,2022-025E,STARLINK-3691,482.5
51962,2022-025G,STARLINK-3697,482.4
51963,2022-025H,STARLINK-3675,482.4
51964,2022-025J,STARLINK-3690,482.4
51965,2022-025K,STARLINK-3696,487.5
51966,2022-025L,STARLINK-3699,554.3
51968,2022-025N,STARLINK-3681,482.4
51969,2022-025P,STARLINK-3680,482.4
51970,2022-025Q,STARLINK-3677,554.3
51971,2022-025R,STARLINK-3669,482.4
51972,2022-025S,STARLINK-3671,554.3
51973,2022-025T,STARLINK-3679,554.3
51974,2022-025U,STARLINK-3672,554.3
51975,2022-025V,STARLINK-3674,482.4
51977,2022-025X,STARLINK-3660,546.9
51980,2022-025AA,STARLINK-3649,546.8
51981,2022-025AB,STARLINK-3635,547.0
51983,2022-025AD,STARLINK-3655,546.8
51984,2022-025AE,STARLINK-3664,546.9
51985,2022-025AF,STARLINK-3651,546.9
51986,2022-025AG,STARLINK-3645,546.8
51987,2022-025AH,STARLINK-3644,546.8
51988,2022-025AJ,STARLINK-3640,546.8
51989,2022-025AK,STARLINK-3642,546.8
51990,2022-025AL,STARLINK-3657,546.9
51991,2022-025AM,STARLINK-3652,546.9
51992,2022-025AN,STARLINK-3643,546.9
51993,2022-025AP,STARLINK-3648,546.8
51994,2022-025AQ,STARLINK-3647,546.8
51995,2022-025AR,STARLINK-3636,546.9
51996,2022-025AS,STARLINK-3538,546.8
51997,2022-025AT,STARLINK-3589,547.0
51998,2022-025AU,STARLINK-3618,546.8
52000,2022-025AW,STARLINK-3653,546.9
52001,2022-025AX,STARLINK-3659,546.9
52002,2022-025AY,STARLINK-3668,546.9
52090,2022-029C,STARLINK-3712,547.0
52092,2022-029E,STARLINK-3716,546.9
52093,2022-029F,STARLINK-3673,546.9
52094,2022-029G,STARLINK-3714,546.8
52095,2022-029H,STARLINK-3701,546.8
52096,2022-029J,STARLINK-3717,546.9
52098,2022-029L,STARLINK-3665,546.8
52100,2022-029N,STARLINK-3702,547.0
52101,2022-029P,STARLINK-3703,546.9
52102,2022-029Q,STARLINK-3709,546.9
52103,2022-029R,STARLINK-3705,546.9
52105,2022-029T,STARLINK-3706,546.9
52106,2022-029U,STARLINK-3670,546.9
52107,2022-029V,STARLINK-3658,546.8
52108,2022-029W,STARLINK-3698,546.8
52110,2022-029Y,STARLINK-3687,546.8
52111,2022-029Z,STARLINK-3708,546.9
52112,2022-029AA,STARLINK-3734,530.0
52113,2022-029AB,STARLINK-3736,546.9
52114,2022-029AC,STARLINK-3737,546.9
52115,2022-029AD,STARLINK-3685,546.9
52116,2022-029AE,STARLINK-3735,546.9
52117,2022-029AF,STARLINK-3738,546.9
52118,2022-029AG,STARLINK-3743,546.9
52119,2022-029AH,STARLINK-3558,546.9
52120,2022-029AJ,STARLINK-3534,546.8
52121,2022-029AK,STARLINK-3678,546.8
52122,2022-029AL,STARLINK-3726,546.9
52123,2022-029AM,STARLINK-3725,546.9
52125,2022-029AP,STARLINK-3727,546.9
52126,2022-029AQ,STARLINK-3732,546.9
52127,2022-029AR,STARLINK-3715,546.9
52129,2022-029AT,STARLINK-3661,546.9
52131,2022-029AV,STARLINK-3711,528.2
52132,2022-029AW,STARLINK-3718,547.1
52133,2022-029AX,STARLINK-3707,547.0
52134,2022-029AY,STARLINK-3721,546.8
52135,2022-029AZ,STARLINK-3729,546.9
52136,2022-029BA,STARLINK-3720,546.8
52137,2022-029BB,STARLINK-3733,546.9
52138,2022-029BC,STARLINK-3723,546.9
52139,2022-029BD,STARLINK-3730,546.9
52140,2022-029BE,STARLINK-3682,546.8
52262,2022-041B,STARLINK-3761,546.9
52263,2022-041C,STARLINK-3786,546.9
52264,2022-041D,STARLINK-3795,546.9
52265,2022-041E,STARLINK-3740,546.9
52266,2022-041F,STARLINK-3739,546.9
52267,2022-041G,STARLINK-3748,546.9
52268,2022-041H,STARLINK-3746,546.9
52269,2022-041J,STARLINK-3791,546.9
52270,2022-041K,STARLINK-3804,546.8
52271,2022-041L,STARLINK-3788,546.8
52272,2022-041M,STARLINK-3781,546.9
52273,2022-041N,STARLINK-3782,546.9
52274,2022-041P,STARLINK-3790,546.9
52275,2022-041Q,STARLINK-3784,546.9
52276,2022-041R,STARLINK-3778,546.9
52278,2022-041T,STARLINK-3780,546.9
52280,2022-041V,STARLINK-3764,546.8
52281,2022-041W,STARLINK-3779,546.9
52282,2022-041X,STARLINK-3783,546.9
52283,2022-041Y,STARLINK-3789,546.9
52284,2022-041Z,STARLINK-3561,546.9
52286,2022-041AB,STARLINK-3802,546.8
52287,2022-041AC,STARLINK-3822,546.9
52288,2022-041AD,STARLINK-3776,546.9
52289,2022-041AE,STARLINK-3751,546.8
52290,2022-041AF,STARLINK-3772,546.9
52292,2022-041AH,STARLINK-3753,546.9
52293,2022-041AJ,STARLINK-3771,546.8
52294,2022-041AK,STARLINK-3777,546.9
52295,2022-041AL,STARLINK-3765,546.9
52296,2022-041AM,STARLINK-3766,546.9
52297,2022-041AN,STARLINK-3758,546.8
52298,2022-041AP,STARLINK-3760,546.9
52300,2022-041AR,STARLINK-3769,546.8
52301,2022-041AS,STARLINK-3768,546.9
52302,2022-041AT,STARLINK-3564,546.8
52303,2022-041AU,STARLINK-3742,546.8
52304,2022-041AV,STARLINK-3744,546.9
52305,2022-041AW,STARLINK-3724,546.8
52306,2022-041AX,STARLINK-3747,546.8
52307,2022-041AY,STARLINK-3755,546.9
52309,2022-041BA,STARLINK-3756,546.9
52310,2022-041BB,STARLINK-3688,546.8
52311,2022-041BC,STARLINK-3750,546.8
52312,2022-041BD,STARLINK-3752,546.9
52313,2022-041BE,STARLINK-3749,547.0
52331,2022-045A,STARLINK-3889,546.9
52332,2022-045B,STARLINK-3831,546.9
52333,2022-045C,STARLINK-3847,546.9
52334,2022-045D,STARLINK-3880,546.9
52335,2022-045E,STARLINK-3814,546.8
52336,2022-045F,STARLINK-3823,546.9
52337,2022-045G,STARLINK-3797,546.8
52339,2022-045J,STARLINK-3792,546.9
52340,2022-045K,STARLINK-3818,546.9
52341,2022-045L,STARLINK-3843,546.9
52342,2022-045M,STARLINK-3850,546.9
52343,2022-045N,STARLINK-3849,546.9
52344,2022-045P,STARLINK-3851,546.9
52345,2022-045Q,STARLINK-3852,546.9
52346,2022-045R,STARLINK-3812,546.9
52347,2022-045S,STARLINK-3826,546.9
52348,2022-045T,STARLINK-3829,546.9
52349,2022-045U,STARLINK-3819,546.9
52350,2022-045V,STARLINK-3754,546.9
52352,2022-045X,STARLINK-3838,546.9
52353,2022-045Y,STARLINK-3807,546.9
52355,2022-045AA,STARLINK-3877,546.9
52356,2022-045AB,STARLINK-3801,546.9
52357,2022-045AC,STARLINK-3821,546.9
52358,2022-045AD,STARLINK-3837,546.9
52359,2022-045AE,STARLINK-3853,546.8
52361,2022-045AG,STARLINK-3728,546.9
52362,2022-045AH,STARLINK-3848,546.9
52363,2022-045AJ,STARLINK-3830,546.9
52364,2022-045AK,STARLINK-3820,546.8
52365,2022-045AL,STARLINK-3874,546.9
52366,2022-045AM,STARLINK-3808,546.9
52367,2022-045AN,STARLINK-3817,546.8
52368,2022-045AP,STARLINK-3834,546.9
52369,2022-045AQ,STARLINK-3841,546.9
52370,2022-045AR,STARLINK-3827,546.9
52371,2022-045AS,STARLINK-3798,546.9
52372,2022-045AT,STARLINK-3796,546.9
52373,2022-045AU,STARLINK-3550,546.9
52374,2022-045AV,STARLINK-3762,546.9
52375,2022-045AW,STARLINK-3785,546.9
52377,2022-045AY,STARLINK-3805,546.9
52378,2022-045AZ,STARLINK-3806,546.9
52379,2022-045BA,STARLINK-3800,546.8
52380,2022-045BB,STARLINK-3793,546.9
52382,2022-045BD,STARLINK-3799,542.1
52383,2022-045BE,STARLINK-3811,546.9
52451,2022-049A,STARLINK-3870,481.4
52452,2022-049B,STARLINK-3909,546.8
52453,2022-049C,STARLINK-3872,546.9
52454,2022-049D,STARLINK-3888,546.8
52455,2022-049E,STARLINK-3890,546.9
52456,2022-049F,STARLINK-3896,546.9
52457,2022-049G,STARLINK-3899,546.9
52458,2022-049H,STARLINK-3898,546.9
52459,2022-049J,STARLINK-3856,546.9
52461,2022-049L,STARLINK-3900,546.9
52462,2022-049M,STARLINK-3903,546.9
52463,2022-049N,STARLINK-3885,546.9
52464,2022-049P,STARLINK-3904,546.9
52465,2022-049Q,STARLINK-3863,546.9
52467,2022-049S,STARLINK-3873,546.8
52468,2022-049T,STARLINK-3864,546.8
52469,2022-049U,STARLINK-3828,546.9
52470,2022-049V,STARLINK-3859,546.9
52471,2022-049W,STARLINK-3862,546.8
52472,2022-049X,STARLINK-3881,546.9
52473,2022-049Y,STARLINK-3879,546.9
52475,2022-049AA,STARLINK-3882,546.9
52476,2022-049AB,STARLINK-3835,546.9
52477,2022-049AC,STARLINK-3860,546.8
52478,2022-049AD,STARLINK-3825,546.9
52479,2022-049AE,STARLINK-3878,546.8
52480,2022-049AF,STARLINK-3839,546.9
52482,2022-049AH,STARLINK-3813,546.9
52483,2022-049AJ,STARLINK-3875,546.8
52484,2022-049AK,STARLINK-3887,546.9
52485,2022-049AL,STARLINK-3913,546.9
52486,2022-049AM,STARLINK-3918,546.8
52487,2022-049AN,STARLINK-3902,546.9
52488,2022-049AP,STARLINK-3892,546.8
52489,2022-049AQ,STARLINK-3923,546.8
52490,2022-049AR,STARLINK-3914,546.8
52491,2022-049AS,STARLINK-3908,546.9
52492,2022-049AT,STARLINK-3916,546.9
52493,2022-049AU,STARLINK-3883,546.9
52494,2022-049AV,STARLINK-3857,546.9
52496,2022-049AX,STARLINK-3871,546.9
52497,2022-049AY,STARLINK-3884,546.9
52498,2022-049AZ,STARLINK-3925,546.9
52499,2022-049BA,STARLINK-3894,546.9
52500,2022-049BB,STARLINK-3866,546.9
52501,2022-049BC,STARLINK-3907,546.8
52502,2022-049BD,STARLINK-3912,546.9
52503,2022-049BE,STARLINK-3861,546.9
52534,2022-051B,STARLINK-3952,318.0
52535,2022-051C,STARLINK-3958,546.9
52536,2022-051D,STARLINK-3964,546.9
52537,2022-051E,STARLINK-3897,546.8
52538,2022-051F,STARLINK-3933,546.9
52539,2022-051G,STARLINK-3757,546.9
52540,2022-051H,STARLINK-3940,546.9
52541,2022-051J,STARLINK-3845,546.9
52542,2022-051K,STARLINK-3937,546.8
52543,2022-051L,STARLINK-3926,546.9
52544,2022-051M,STARLINK-3944,546.9
52546,2022-051P,STARLINK-3948,546.9
52548,2022-051R,STARLINK-3931,546.9
52549,2022-051S,STARLINK-3935,546.8
52550,2022-051T,STARLINK-3965,546.8
52551,2022-051U,STARLINK-3969,546.9
52552,2022-051V,STARLINK-3966,546.9
52553,2022-051W,STARLINK-3858,546.9
52554,2022-051X,STARLINK-3770,546.8
52557,2022-051AA,STARLINK-3943,546.9
52559,2022-051AC,STARLINK-3953,546.9
52560,2022-051AD,STARLINK-3956,546.9
52561,2022-051AE,STARLINK-3955,546.9
52562,2022-051AF,STARLINK-3957,546.9
52563,2022-051AG,STARLINK-3942,546.8
52564,2022-051AH,STARLINK-3959,546.8
52565,2022-051AJ,STARLINK-3911,546.8
52566,2022-051AK,STARLINK-3938,546.9
52567,2022-051AL,STARLINK-3929,546.9
52568,2022-051AM,STARLINK-3930,546.9
52569,2022-051AN,STARLINK-3927,546.8
52574,2022-051AQ,STARLINK-3901,546.9
52576,2022-051AS,STARLINK-3932,546.9
52577,2022-051AT,STARLINK-3836,546.9
52578,2022-051AU,STARLINK-3833,546.9
52579,2022-051AV,STARLINK-3893,546.9
52580,2022-051AW,STARLINK-3919,546.9
52581,2022-051AX,STARLINK-3915,546.9
52583,2022-051AZ,STARLINK-3895,546.9
52584,2022-051BA,STARLINK-3922,546.9
52585,2022-051BB,STARLINK-3906,546.9
52586,2022-051BC,STARLINK-3910,546.9
52587,2022-051BD,STARLINK-3867,546.9
52588,2022-051BE,STARLINK-3917,546.9
52598,2022-052A,STARLINK-4019,546.9
52599,2022-052B,STARLINK-4024,546.9
52600,2022-052C,STARLINK-4026,546.9
52601,2022-052D,STARLINK-4027,546.9
52602,2022-052E,STARLINK-4012,546.9
52603,2022-052F,STARLINK-4016,546.9
52604,2022-052G,STARLINK-4013,546.9
52605,2022-052H,STARLINK-4000,546.9
52606,2022-052J,STARLINK-3928,547.0
52607,2022-052K,STARLINK-3947,546.9
52608,2022-052L,STARLINK-3979,546.9
52609,2022-052M,STARLINK-3997,546.9
52610,2022-052N,STARLINK-3998,546.9
52611,2022-052P,STARLINK-3980,546.9
52612,2022-052Q,STARLINK-4002,546.8
52614,2022-052S,STARLINK-3982,426.1
52615,2022-052T,STARLINK-4011,546.9
52617,2022-052V,STARLINK-3996,546.9
52618,2022-052W,STARLINK-3983,546.9
52619,2022-052X,STARLINK-3741,546.9
52620,2022-052Y,STARLINK-3975,546.9
52621,2022-052Z,STARLINK-3984,546.8
52622,2022-052AA,STARLINK-4008,546.9
52623,2022-052AB,STARLINK-3986,547.0
52625,2022-052AD,STARLINK-3988,546.9
52626,2022-052AE,STARLINK-3990,546.9
52627,2022-052AF,STARLINK-3992,546.9
52628,2022-052AG,STARLINK-4001,546.9
52629,2022-052AH,STARLINK-4022,546.9
52630,2022-052AJ,STARLINK-3989,546.9
52631,2022-052AK,STARLINK-3794,546.9
52632,2022-052AL,STARLINK-3995,546.9
52633,2022-052AM,STARLINK-3994,546.9
52634,2022-052AN,STARLINK-3974,546.8
52635,2022-052AP,STARLINK-3978,546.9
52636,2022-052AQ,STARLINK-3967,546.9
52637,2022-052AR,STARLINK-3961,546.9
52638,2022-052AS,STARLINK-3941,546.9
52639,2022-052AT,STARLINK-3968,546.8
52640,2022-052AU,STARLINK-3977,547.0
52641,2022-052AV,STARLINK-3991,546.9
52642,2022-052AW,STARLINK-3971,546.9
52643,2022-052AX,STARLINK-3963,546.9
52644,2022-052AY,STARLINK-3985,546.9
52645,2022-052AZ,STARLINK-3973,546.9
52646,2022-052BA,STARLINK-3832,547.0
52648,2022-052BC,STARLINK-3854,546.9
52649,2022-052BD,STARLINK-3868,546.9
52650,2022-052BE,STARLINK-3891,546.8
52656,2022-053A,STARLINK-4004,546.8
52657,2022-053B,STARLINK-4084,546.8
52658,2022-053C,STARLINK-4082,546.9
52659,2022-053D,STARLINK-3960,546.9
52660,2022-053E,STARLINK-4081,546.8
52662,2022-053G,STARLINK-4044,546.9
52663,2022-053H,STARLINK-4037,546.9
52664,2022-053J,STARLINK-4070,546.8
52665,2022-053K,STARLINK-4064,546.9
52666,2022-053L,STARLINK-4079,546.9
52667,2022-053M,STARLINK-4076,546.9
52668,2022-053N,STARLINK-4067,546.9
52669,2022-053P,STARLINK-3972,546.9
52670,2022-053Q,STARLINK-4075,546.9
52671,2022-053R,STARLINK-4071,546.9
52672,2022-053S,STARLINK-4073,546.9
52673,2022-053T,STARLINK-3976,546.9
52674,2022-053U,STARLINK-3936,541.8
52675,2022-053V,STARLINK-3934,546.9
52676,2022-053W,STARLINK-4006,546.9
52678,2022-053Y,STARLINK-4074,546.8
52679,2022-053Z,STARLINK-4031,546.8
52680,2022-053AA,STARLINK-3774,546.9
52681,2022-053AB,STARLINK-4068,547.1
52682,2022-053AC,STARLINK-4017,546.9
52684,2022-053AE,STARLINK-4014,546.9
52685,2022-053AF,STARLINK-4029,546.9
52686,2022-053AG,STARLINK-4005,546.8
52687,2022-053AH,STARLINK-3981,546.9
52688,2022-053AJ,STARLINK-4032,546.8
52689,2022-053AK,STARLINK-4078,405.5
52690,2022-053AL,STARLINK-4035,546.8
52692,2022-053AN,STARLINK-3993,546.8
52693,2022-053AP,STARLINK-3946,546.9
52694,2022-053AQ,STARLINK-4072,546.8
52695,2022-053AR,STARLINK-4041,546.9
52697,2022-053AT,STARLINK-4018,546.8
52698,2022-053AU,STARLINK-4030,546.8
52699,2022-053AV,STARLINK-3987,546.9
52700,2022-053AW,STARLINK-4034,546.9
52702,2022-053AY,STARLINK-4033,546.9
52703,2022-053AZ,STARLINK-4020,546.9
52704,2022-053BA,STARLINK-3999,546.8
52705,2022-053BB,STARLINK-3844,546.9
52706,2022-053BC,STARLINK-3970,546.8
52707,2022-053BD,STARLINK-4007,546.9
52708,2022-053BE,STARLINK-3962,546.9
52830,2022-062A,STARLINK-4091,546.9
52831,2022-062B,STARLINK-4089,546.9
52832,2022-062C,STARLINK-4083,546.8
52833,2022-062D,STARLINK-4086,546.9
52834,2022-062E,STARLINK-4108,546.9
52835,2022-062F,STARLINK-4080,546.8
52836,2022-062G,STARLINK-4043,541.9
52837,2022-062H,STARLINK-4036,546.8
52838,2022-062J,STARLINK-4092,546.8
52839,2022-062K,STARLINK-4048,546.8
52840,2022-062L,STARLINK-4049,527.8
52841,2022-062M,STARLINK-4065,546.8
52842,2022-062N,STARLINK-4046,546.9
52843,2022-062P,STARLINK-4188,546.9
52844,2022-062Q,STARLINK-4208,546.9
52845,2022-062R,STARLINK-4168,546.8
52846,2022-062S,STARLINK-4212,546.9
52847,2022-062T,STARLINK-4206,546.9
52848,2022-062U,STARLINK-4202,546.9
52849,2022-062V,STARLINK-4197,546.8
52850,2022-062W,STARLINK-4187,546.9
52851,2022-062X,STARLINK-3809,546.9
52852,2022-062Y,STARLINK-4184,546.9
52853,2022-062Z,STARLINK-4189,546.8
52854,2022-062AA,STARLINK-4204,546.9
52855,2022-062AB,STARLINK-4209,546.9
52856,2022-062AC,STARLINK-4201,546.9
52857,2022-062AD,STARLINK-4199,546.9
52858,2022-062AE,STARLINK-4198,546.9
52859,2022-062AF,STARLINK-4196,546.8
52860,2022-062AG,STARLINK-4191,546.9
52861,2022-062AH,STARLINK-4112,546.8
52862,2022-062AJ,STARLINK-4010,546.9
52863,2022-062AK,STARLINK-4270,546.8
52864,2022-062AL,STARLINK-4267,546.8
52865,2022-062AM,STARLINK-4274,546.8
52866,2022-062AN,STARLINK-4272,546.8
52867,2022-062AP,STARLINK-4126,546.9
52868,2022-062AQ,STARLINK-4261,546.8
52869,2022-062AR,STARLINK-4266,546.8
52871,2022-062AT,STARLINK-4207,546.8
52872,2022-062AU,STARLINK-4213,546.8
52873,2022-062AV,STARLINK-4211,546.8
52875,2022-062AX,STARLINK-4193,546.8
52876,2022-062AY,STARLINK-4200,546.9
52877,2022-062AZ,STARLINK-4214,546.9
52878,2022-062BA,STARLINK-4171,546.8
52879,2022-062BB,STARLINK-4139,546.9
52880,2022-062BC,STARLINK-4186,546.8
52882,2022-062BE,STARLINK-4181,546.9
52986,2022-076A,STARLINK-4260,546.8
52987,2022-076B,STARLINK-4259,546.8
52988,2022-076C,STARLINK-4291,546.8
52989,2022-076D,STARLINK-4293,536.7
52990,2022-076E,STARLINK-4286,546.8
52991,2022-076F,STARLINK-4285,546.8
52992,2022-076G,STARLINK-4269,546.8
52994,2022-076J,STARLINK-4256,546.8
52995,2022-076K,STARLINK-4296,546.9
52996,2022-076L,STARLINK-4295,546.8
52998,2022-076N,STARLINK-4254,547.0
52999,2022-076P,STARLINK-4217,547.0
53000,2022-076Q,STARLINK-4194,546.9
53001,2022-076R,STARLINK-4190,546.8
53002,2022-076S,STARLINK-4121,546.9
53003,2022-076T,STARLINK-4255,546.9
53004,2022-076U,STARLINK-4253,546.9
53005,2022-076V,STARLINK-4288,546.8
53006,2022-076W,STARLINK-4290,546.9
53007,2022-076X,STARLINK-4215,546.9
53008,2022-076Y,STARLINK-4275,546.9
53009,2022-076Z,STARLINK-4277,546.9
53010,2022-076AA,STARLINK-4263,546.9
53011,2022-076AB,STARLINK-4265,546.9
53012,2022-076AC,STARLINK-4271,546.8
53013,2022-076AD,STARLINK-4177,546.9
53014,2022-076AE,STARLINK-4183,546.8
53015,2022-076AF,STARLINK-4262,546.9
53016,2022-076AG,STARLINK-4283,546.9
53017,2022-076AH,STARLINK-4281,546.9
53018,2022-076AJ,STARLINK-4279,541.7
53019,2022-076AK,STARLINK-4282,546.9
53020,2022-076AL,STARLINK-4287,546.8
53022,2022-076AN,STARLINK-4216,546.9
53023,2022-076AP,STARLINK-4284,546.9
53024,2022-076AQ,STARLINK-4289,546.9
53025,2022-076AR,STARLINK-4218,546.9
53026,2022-076AS,STARLINK-4119,546.9
53027,2022-076AT,STARLINK-4158,546.9
53029,2022-076AV,STARLINK-4143,546.9
53030,2022-076AW,STARLINK-4160,546.9
53031,2022-076AX,STARLINK-4137,546.9
53032,2022-076AY,STARLINK-4115,546.9
53033,2022-076AZ,STARLINK-4167,546.9
53034,2022-076BA,STARLINK-4151,546.8
53035,2022-076BB,STARLINK-4157,546.9
53036,2022-076BC,STARLINK-4155,546.8
53037,2022-076BD,STARLINK-4153,546.9
53038,2022-076BE,STARLINK-4156,546.9
53043,2022-077A,STARLINK-4362,570.2
53044,2022-077B,STARLINK-4349,308.7
53045,2022-077C,STARLINK-4350,556.7
53046,2022-077D,STARLINK-4331,556.7
53047,2022-077E,STARLINK-4352,568.2
53048,2022-077F,STARLINK-4355,556.6
53049,2022-077G,STARLINK-4345,569.4
53050,2022-077H,STARLINK-4343,556.7
53051,2022-077J,STARLINK-4336,570.2
53052,2022-077K,STARLINK-4341,570.2
53053,2022-077L,STARLINK-4337,570.2
53054,2022-077M,STARLINK-4339,556.7
53055,2022-077N,STARLINK-4338,556.7
53056,2022-077P,STARLINK-4314,556.6
53057,2022-077Q,STARLINK-4252,556.7
53058,2022-077R,STARLINK-4317,556.7
53059,2022-077S,STARLINK-4320,569.0
53060,2022-077T,STARLINK-4305,570.1
53061,2022-077U,STARLINK-4308,567.8
53062,2022-077V,STARLINK-4311,556.7
53063,2022-077W,STARLINK-4307,556.7
53064,2022-077X,STARLINK-4313,556.7
53065,2022-077Y,STARLINK-4312,556.7
53066,2022-077Z,STARLINK-4309,556.7
53068,2022-077AB,STARLINK-4325,556.7
53069,2022-077AC,STARLINK-4323,570.2
53070,2022-077AD,STARLINK-4342,556.7
53071,2022-077AE,STARLINK-4328,556.7
53072,2022-077AF,STARLINK-4344,556.7
53073,2022-077AG,STARLINK-4346,510.8
53074,2022-077AH,STARLINK-4310,556.7
53075,2022-077AJ,STARLINK-4348,556.7
53076,2022-077AK,STARLINK-4347,570.1
53078,2022-077AM,STARLINK-4322,556.7
53079,2022-077AN,STARLINK-4327,556.7
53080,2022-077AP,STARLINK-4330,556.7
53081,2022-077AQ,STARLINK-4326,560.0
53082,2022-077AR,STARLINK-4321,570.1
53083,2022-077AS,STARLINK-4251,556.7
53084,2022-077AT,STARLINK-4319,556.7
53085,2022-077AU,STARLINK-4324,556.7
53086,2022-077AV,STARLINK-4318,556.7
53088,2022-077AX,STARLINK-4333,570.2
53134,2022-083C,STARLINK-4150,546.9
53135,2022-083D,STARLINK-4023,546.9
53136,2022-083E,STARLINK-4152,546.9
53137,2022-083F,STARLINK-4145,546.9
53138,2022-083G,STARLINK-4141,546.9
53139,2022-083H,STARLINK-4185,546.8
53140,2022-083J,STARLINK-4170,546.9
53141,2022-083K,STARLINK-4103,546.9
53142,2022-083L,STARLINK-4101,546.8
53143,2022-083M,STARLINK-4102,546.9
53144,2022-083N,STARLINK-4100,546.9
53145,2022-083P,STARLINK-4106,546.9
53147,2022-083R,STARLINK-4094,546.9
53149,2022-083T,STARLINK-4021,546.8
53151,2022-083V,STARLINK-4040,546.9
53152,2022-083W,STARLINK-4045,541.8
53153,2022-083X,STARLINK-4098,546.9
53154,2022-083Y,STARLINK-4077,546.8
53155,2022-083Z,STARLINK-4088,546.9
53156,2022-083AA,STARLINK-4087,546.8
53158,2022-083AC,STARLINK-4054,546.9
53159,2022-083AD,STARLINK-4111,546.8
53160,2022-083AE,STARLINK-4096,546.8
53161,2022-083AF,STARLINK-4055,546.9
53162,2022-083AG,STARLINK-4114,546.8
53163,2022-083AH,STARLINK-4104,546.9
53164,2022-083AJ,STARLINK-4116,546.8
53165,2022-083AK,STARLINK-4090,546.9
53166,2022-083AL,STARLINK-4110,529.9
53167,2022-083AM,STARLINK-3683,546.9
53168,2022-083AN,STARLINK-4105,546.9
53169,2022-083AP,STARLINK-4117,546.9
53170,2022-083AQ,STARLINK-4095,546.9
53171,2022-083AR,STARLINK-4052,547.0
53172,2022-083AS,STARLINK-4299,546.9
53173,2022-083AT,STARLINK-4300,546.9
53174,2022-083AU,STARLINK-4205,546.8
53175,2022-083AV,STARLINK-4292,546.9
53176,2022-083AW,STARLINK-4294,546.9
53177,2022-083AX,STARLINK-4298,546.9
53178,2022-083AY,STARLINK-4280,546.9
53179,2022-083AZ,STARLINK-4276,546.9
53180,2022-083BA,STARLINK-4258,546.9
53182,2022-083BC,STARLINK-4278,546.8
53183,2022-083BD,STARLINK-4268,546.9
53184,2022-083BE,STARLINK-4257,546.9
53189,2022-084A,STARLINK-4391,556.7
53190,2022-084B,STARLINK-4332,556.7
53191,2022-084C,STARLINK-4369,556.6
53192,2022-084D,STARLINK-4375,556.7
53193,2022-084E,STARLINK-4351,559.3
53194,2022-084F,STARLINK-4382,556.6
53197,2022-084J,STARLINK-4403,570.2
53198,2022-084K,STARLINK-4385,557.6
53199,2022-084L,STARLINK-4395,556.8
53200,2022-084M,STARLINK-4417,556.7
53201,2022-084N,STARLINK-4405,556.7
53202,2022-084P,STARLINK-4411,556.7
53203,2022-084Q,STARLINK-4409,556.7
53204,2022-084R,STARLINK-4410,570.2
53205,2022-084S,STARLINK-4397,556.7
53206,2022-084T,STARLINK-4408,556.6
53207,2022-084U,STARLINK-4413,570.2
53208,2022-084V,STARLINK-4425,561.3
53209,2022-084W,STARLINK-4423,556.7
53210,2022-084X,STARLINK-4427,561.7
53212,2022-084Z,STARLINK-4416,556.6
53213,2022-084AA,STARLINK-4414,556.6
53214,2022-084AB,STARLINK-4353,569.1
53215,2022-084AC,STARLINK-4335,556.7
53216,2022-084AD,STARLINK-4376,559.3
53218,2022-084AF,STARLINK-4384,556.7
53219,2022-084AG,STARLINK-4373,556.7
53220,2022-084AH,STARLINK-4363,570.2
53221,2022-084AJ,STARLINK-4377,556.7
53224,2022-084AM,STARLINK-4356,570.2
53225,2022-084AN,STARLINK-4358,556.7
53226,2022-084AP,STARLINK-4359,569.4
53227,2022-084AQ,STARLINK-4366,556.7
53228,2022-084AR,STARLINK-4365,556.7
53229,2022-084AS,STARLINK-4367,556.7
53230,2022-084AT,STARLINK-4364,556.6
53231,2022-084AU,STARLINK-4370,556.7
53232,2022-084AV,STARLINK-4371,570.2
53233,2022-084AW,STARLINK-4372,568.5
53234,2022-084AX,STARLINK-4368,567.3
53242,2022-086A,STARLINK-4056,546.9
53243,2022-086B,STARLINK-4047,546.9
53244,2022-086C,STARLINK-4125,546.9
53246,2022-086E,STARLINK-4131,546.9
53247,2022-086F,STARLINK-4061,546.9
53248,2022-086G,STARLINK-4135,546.9
53249,2022-086H,STARLINK-4128,546.8
53250,2022-086J,STARLINK-4059,546.8
53251,2022-086K,STARLINK-4129,546.9
53252,2022-086L,STARLINK-4132,546.8
53253,2022-086M,STARLINK-4133,546.8
53254,2022-086N,STARLINK-4134,546.9
53255,2022-086P,STARLINK-4142,546.8
53256,2022-086Q,STARLINK-4147,546.9
53257,2022-086R,STARLINK-4144,546.9
53258,2022-086S,STARLINK-4127,546.9
53259,2022-086T,STARLINK-4140,546.8
53261,2022-086V,STARLINK-4062,546.9
53262,2022-086W,STARLINK-4085,546.9
53263,2022-086X,STARLINK-4130,546.9
53264,2022-086Y,STARLINK-3950,546.8
53265,2022-086Z,STARLINK-4097,546.9
53266,2022-086AA,STARLINK-4058,546.9
53267,2022-086AB,STARLINK-4060,546.9
53268,2022-086AC,STARLINK-4109,546.9
53272,2022-086AG,STARLINK-4122,546.9
53273,2022-086AH,STARLINK-4051,546.8
53274,2022-086AJ,STARLINK-4050,546.9
53275,2022-086AK,STARLINK-4179,546.9
53276,2022-086AL,STARLINK-4174,546.9
53277,2022-086AM,STARLINK-4178,546.9
53278,2022-086AN,STARLINK-4180,546.8
53280,2022-086AQ,STARLINK-4169,546.9
53282,2022-086AS,STARLINK-4164,546.9
53283,2022-086AT,STARLINK-4175,546.9
53285,2022-086AV,STARLINK-4173,546.9
53286,2022-086AW,STARLINK-4165,546.9
53287,2022-086AX,STARLINK-4107,546.9
53288,2022-086AY,STARLINK-4162,547.0
53289,2022-086AZ,STARLINK-4176,546.9
53290,2022-086BA,STARLINK-4149,546.9
53291,2022-086BB,STARLINK-4166,546.9
53292,2022-086BC,STARLINK-4159,546.9
53293,2022-086BD,STARLINK-4148,546.9
53294,2022-086BE,STARLINK-4146,546.9
53388,2022-097A,STARLINK-4522,546.9
53389,2022-097B,STARLINK-4523,546.9
53390,2022-097C,STARLINK-4517,546.9
53391,2022-097D,STARLINK-4521,546.9
53392,2022-097E,STARLINK-4535,546.8
53393,2022-097F,STARLINK-4530,546.8
53394,2022-097G,STARLINK-4544,546.9
53395,2022-097H,STARLINK-4534,547.0
53396,2022-097J,STARLINK-4524,546.9
53397,2022-097K,STARLINK-4515,547.0
53398,2022-097L,STARLINK-4512,546.9
53399,2022-097M,STARLINK-4528,546.9
53400,2022-097N,STARLINK-4520,546.8
53401,2022-097P,STARLINK-4525,546.8
53402,2022-097Q,STARLINK-4499,546.8
53403,2022-097R,STARLINK-4507,546.9
53404,2022-097S,STARLINK-4509,546.8
53405,2022-097T,STARLINK-4510,546.9
53406,2022-097U,STARLINK-4533,546.9
53408,2022-097W,STARLINK-4491,546.9
53409,2022-097X,STARLINK-4490,546.9
53410,2022-097Y,STARLINK-4492,546.9
53411,2022-097Z,STARLINK-4497,547.0
53412,2022-097AA,STARLINK-4496,546.9
53413,2022-097AB,STARLINK-4500,546.9
53414,2022-097AC,STARLINK-4304,546.8
53415,2022-097AD,STARLINK-4479,546.9
53416,2022-097AE,STARLINK-4480,547.0
53417,2022-097AF,STARLINK-4484,546.8
53418,2022-097AG,STARLINK-4481,546.9
53419,2022-097AH,STARLINK-4476,546.9
53420,2022-097AJ,STARLINK-4552,546.9
53421,2022-097AK,STARLINK-4545,546.9
53422,2022-097AL,STARLINK-4546,546.8
53423,2022-097AM,STARLINK-4539,546.9
53424,2022-097AN,STARLINK-4532,546.9
53425,2022-097AP,STARLINK-4531,546.8
53426,2022-097AQ,STARLINK-4558,546.9
53429,2022-097AT,STARLINK-4543,546.8
53430,2022-097AU,STARLINK-4538,546.9
53431,2022-097AV,STARLINK-4548,546.9
53432,2022-097AW,STARLINK-4557,546.9
53433,2022-097AX,STARLINK-4549,546.9
53434,2022-097AY,STARLINK-4498,502.0
53435,2022-097AZ,STARLINK-4542,546.9
53436,2022-097BA,STARLINK-4527,546.9
53438,2022-097BC,STARLINK-4526,546.9
53439,2022-097BD,STARLINK-4519,546.9
53465,2022-099A,STARLINK-4415,556.6
53466,2022-099B,STARLINK-4398,542.7
53467,2022-099C,STARLINK-4394,549.2
53468,2022-099D,STARLINK-4400,556.6
53469,2022-099E,STARLINK-4399,556.7
53470,2022-099F,STARLINK-4393,560.7
53471,2022-099G,STARLINK-4316,556.7
53472,2022-099H,STARLINK-4447,570.2
53473,2022-099J,STARLINK-4383,556.6
53474,2022-099K,STARLINK-4445,556.7
53475,2022-099L,STARLINK-4389,542.7
53476,2022-099M,STARLINK-4378,556.7
53477,2022-099N,STARLINK-4412,542.6
53478,2022-099P,STARLINK-4433,570.2
53479,2022-099Q,STARLINK-4436,556.7
53480,2022-099R,STARLINK-4442,542.8
53481,2022-099S,STARLINK-4302,542.5
53482,2022-099T,STARLINK-4360,559.2
53484,2022-099V,STARLINK-4426,556.7
53485,2022-099W,STARLINK-4430,556.6
53486,2022-099X,STARLINK-4431,540.0
53487,2022-099Y,STARLINK-4432,556.7
53488,2022-099Z,STARLINK-4421,556.7
53489,2022-099AA,STARLINK-4392,567.4
53490,2022-099AB,STARLINK-4387,542.8
53491,2022-099AC,STARLINK-4450,542.7
53492,2022-099AD,STARLINK-4451,556.7
53494,2022-099AF,STARLINK-4340,556.7
53495,2022-099AG,STARLINK-4429,563.6
53497,2022-099AJ,STARLINK-4453,570.2
53498,2022-099AK,STARLINK-4439,556.7
53499,2022-099AL,STARLINK-4454,554.1
53500,2022-099AM,STARLINK-4455,556.7
53501,2022-099AN,STARLINK-4434,540.7
53502,2022-099AP,STARLINK-4435,542.5
53504,2022-099AR,STARLINK-4448,542.7
53505,2022-099AS,STARLINK-4446,410.7
53506,2022-099AT,STARLINK-4437,540.1
53508,2022-099AV,STARLINK-4443,556.7
53509,2022-099AW,STARLINK-4402,548.7
53528,2022-101B,STARLINK-4503,546.9
53529,2022-101C,STARLINK-4478,539.0
53530,2022-101D,STARLINK-4482,546.9
53531,2022-101E,STARLINK-4487,546.9
53532,2022-101F,STARLINK-4483,546.9
53533,2022-101G,STARLINK-4493,546.8
53535,2022-101J,STARLINK-4138,546.8
53536,2022-101K,STARLINK-4053,546.9
53537,2022-101L,STARLINK-4120,546.9
53539,2022-101N,STARLINK-4123,546.9
53540,2022-101P,STARLINK-4486,546.9
53541,2022-101Q,STARLINK-4485,546.9
53542,2022-101R,STARLINK-4489,546.8
53543,2022-101S,STARLINK-4297,546.8
53544,2022-101T,STARLINK-4303,546.9
53545,2022-101U,STARLINK-4475,546.9
53546,2022-101V,STARLINK-4477,546.9
53547,2022-101W,STARLINK-4474,546.8
53548,2022-101X,STARLINK-4513,546.9
53551,2022-101AA,STARLINK-4514,546.9
53552,2022-101AB,STARLINK-4495,546.9
53553,2022-101AC,STARLINK-4501,546.9
53554,2022-101AD,STARLINK-4506,546.9
53555,2022-101AE,STARLINK-4504,546.9
53556,2022-101AF,STARLINK-4505,546.9
53557,2022-101AG,STARLINK-4502,546.8
53558,2022-101AH,STARLINK-4494,546.9
53559,2022-101AJ,STARLINK-4508,546.9
53560,2022-101AK,STARLINK-4564,546.9
53561,2022-101AL,STARLINK-4563,546.8
53562,2022-101AM,STARLINK-4565,546.9
53563,2022-101AN,STARLINK-4561,546.9
53564,2022-101AP,STARLINK-4577,546.8
53565,2022-101AQ,STARLINK-4575,546.9
53566,2022-101AR,STARLINK-4576,546.8
53567,2022-101AS,STARLINK-4585,546.9
53568,2022-101AT,STARLINK-4583,546.9
53569,2022-101AU,STARLINK-4582,546.9
53570,2022-101AV,STARLINK-4550,546.8
53571,2022-101AW,STARLINK-4584,546.9
53572,2022-101AX,STARLINK-4555,546.9
53574,2022-101AZ,STARLINK-4559,546.9
53575,2022-101BA,STARLINK-4551,546.9
53576,2022-101BB,STARLINK-4581,546.8
53577,2022-101BC,STARLINK-4553,546.8
53578,2022-101BD,STARLINK-4556,546.8
53579,2022-101BE,STARLINK-4580,546.9
53588,2022-104A,STARLINK-4691,546.9
53589,2022-104B,STARLINK-4673,546.9
53590,2022-104C,STARLINK-4689,546.9
53591,2022-104D,STARLINK-4674,546.9
53592,2022-104E,STARLINK-4672,546.8
53594,2022-104G,STARLINK-4681,495.6
53595,2022-104H,STARLINK-4684,546.9
53598,2022-104L,STARLINK-4676,546.9
53600,2022-104N,STARLINK-4677,546.9
53601,2022-104P,STARLINK-4675,546.9
53602,2022-104Q,STARLINK-4648,546.9
53603,2022-104R,STARLINK-4692,546.9
53604,2022-104S,STARLINK-4690,546.9
53605,2022-104T,STARLINK-4693,499.1
53606,2022-104U,STARLINK-4590,546.9
53607,2022-104V,STARLINK-4591,546.9
53608,2022-104W,STARLINK-4647,546.9
53609,2022-104X,STARLINK-4660,546.9
53610,2022-104Y,STARLINK-4610,546.8
53612,2022-104AA,STARLINK-4658,546.9
53613,2022-104AB,STARLINK-4655,546.9
53616,2022-104AE,STARLINK-4605,546.9
53619,2022-104AH,STARLINK-4609,546.9
53620,2022-104AJ,STARLINK-4615,546.9
53621,2022-104AK,STARLINK-4608,546.9
53622,2022-104AL,STARLINK-4568,546.8
53623,2022-104AM,STARLINK-4573,546.9
53624,2022-104AN,STARLINK-4596,546.9
53626,2022-104AQ,STARLINK-4554,546.9
53627,2022-104AR,STARLINK-4595,546.9
53628,2022-104AS,STARLINK-4600,546.9
53629,2022-104AT,STARLINK-4602,546.8
53630,2022-104AU,STARLINK-4598,546.9
53631,2022-104AV,STARLINK-4599,546.8
53632,2022-104AW,STARLINK-4606,546.9
53633,2022-104AX,STARLINK-4593,546.9
53634,2022-104AY,STARLINK-4592,546.9
53636,2022-104BA,STARLINK-4586,546.8
53637,2022-104BB,STARLINK-4396,546.9
53638,2022-104BC,STARLINK-4594,546.9
53639,2022-104BD,STARLINK-4422,546.9
53640,2022-104BE,STARLINK-4597,546.9
53641,2022-104BF,STARLINK-4588,546.8
53648,2022-105A,STARLINK-4622,556.7
53649,2022-105B,STARLINK-4386,540.1
53650,2022-105C,STARLINK-4380,556.6
53651,2022-105D,STARLINK-4388,542.7
53652,2022-105E,STARLINK-4374,559.1
53653,2022-105F,STARLINK-4390,544.8
53654,2022-105G,STARLINK-4420,556.7
53655,2022-105H,STARLINK-4470,542.7
53656,2022-105J,STARLINK-4466,556.7
53658,2022-105L,STARLINK-4452,556.7
53660,2022-105N,STARLINK-4473,559.2
53661,2022-105P,STARLINK-4472,561.8
53662,2022-105Q,STARLINK-4357,556.7
53663,2022-105R,STARLINK-4457,556.7
53664,2022-105S,STARLINK-4471,556.7
53665,2022-105T,STARLINK-4334,540.2
53667,2022-105V,STARLINK-4406,540.4
53668,2022-105W,STARLINK-4458,529.1
53669,2022-105X,STARLINK-4464,545.8
53670,2022-105Y,STARLINK-4459,556.8
53671,2022-105Z,STARLINK-4440,570.2
53672,2022-105AA,STARLINK-4428,557.7
53673,2022-105AB,STARLINK-4456,556.7
53674,2022-105AC,STARLINK-4620,556.6
53675,2022-105AD,STARLINK-4617,556.7
53676,2022-105AE,STARLINK-4621,556.7
53677,2022-105AF,STARLINK-4579,556.6
53679,2022-105AH,STARLINK-4632,556.7
53680,2022-105AJ,STARLINK-4630,556.7
53681,2022-105AK,STARLINK-4424,542.7
53682,2022-105AL,STARLINK-4438,556.7
53683,2022-105AM,STARLINK-4625,556.6
53684,2022-105AN,STARLINK-4624,570.1
53685,2022-105AP,STARLINK-4626,570.1
53686,2022-105AQ,STARLINK-4467,570.1
53687,2022-105AR,STARLINK-4569,556.7
53688,2022-105AS,STARLINK-4571,557.1
53690,2022-105AU,STARLINK-4570,556.7
53691,2022-105AV,STARLINK-4560,556.6
53692,2022-105AW,STARLINK-4572,507.7
53693,2022-105AX,STARLINK-4566,556.7
53700,2022-107A,STARLINK-4725,546.8
53701,2022-107B,STARLINK-4711,546.9
53702,2022-107C,STARLINK-4724,547.0
53703,2022-107D,STARLINK-4731,546.9
53704,2022-107E,STARLINK-4714,546.9
53705,2022-107F,STARLINK-4717,546.9
53706,2022-107G,STARLINK-4716,546.9
53707,2022-107H,STARLINK-4667,546.8
53708,2022-107J,STARLINK-4694,546.9
53709,2022-107K,STARLINK-4685,546.9
53711,2022-107M,STARLINK-4627,546.9
53712,2022-107N,STARLINK-4683,546.9
53715,2022-107R,STARLINK-4686,546.9
53716,2022-107S,STARLINK-4699,546.9
53718,2022-107U,STARLINK-4695,546.9
53719,2022-107V,STARLINK-4644,546.9
53720,2022-107W,STARLINK-4642,546.9
53721,2022-107X,STARLINK-4707,546.9
53722,2022-107Y,STARLINK-4700,546.9
53723,2022-107Z,STARLINK-4705,546.9
53724,2022-107AA,STARLINK-4663,546.8
53726,2022-107AC,STARLINK-4697,547.5
53727,2022-107AD,STARLINK-4701,546.9
53728,2022-107AE,STARLINK-4640,546.8
53729,2022-107AF,STARLINK-4651,546.9
53730,2022-107AG,STARLINK-4641,546.9
53731,2022-107AH,STARLINK-4636,535.9
53732,2022-107AJ,STARLINK-4661,546.9
53733,2022-107AK,STARLINK-4574,546.9
53734,2022-107AL,STARLINK-4616,546.9
53735,2022-107AM,STARLINK-4618,546.9
53736,2022-107AN,STARLINK-4652,546.9
53738,2022-107AQ,STARLINK-4662,546.9
53740,2022-107AS,STARLINK-4607,546.9
53742,2022-107AU,STARLINK-4637,546.9
53743,2022-107AV,STARLINK-4645,546.9
53744,2022-107AW,STARLINK-4670,546.9
53745,2022-107AX,STARLINK-4656,546.9
53746,2022-107AY,STARLINK-4589,546.9
53750,2022-107BC,STARLINK-4612,546.9
53773,2022-111A,STARLINK-4718,546.9
53774,2022-111B,STARLINK-4719,546.9
53775,2022-111C,STARLINK-4722,547.0
53777,2022-111E,STARLINK-4664,546.8
53778,2022-111F,STARLINK-4709,546.9
53779,2022-111G,STARLINK-4706,546.9
53780,2022-111H,STARLINK-4678,547.0
53781,2022-111J,STARLINK-4462,546.9
53782,2022-111K,STARLINK-4679,507.2
53783,2022-111L,STARLINK-4536,546.9
53784,2022-111M,STARLINK-4687,547.0
53787,2022-111Q,STARLINK-4743,546.9
53789,2022-111S,STARLINK-4666,547.0
53790,2022-111T,STARLINK-4734,546.9
53792,2022-111V,STARLINK-4739,546.8
53793,2022-111W,STARLINK-4728,546.8
53794,2022-111X,STARLINK-4730,546.8
53795,2022-111Y,STARLINK-4742,546.8
53797,2022-111AA,STARLINK-4723,546.9
53798,2022-111AB,STARLINK-4712,546.9
53799,2022-111AC,STARLINK-4710,546.9
53800,2022-111AD,STARLINK-4720,411.9
53801,2022-111AE,STARLINK-4715,546.9
53802,2022-111AF,STARLINK-4726,546.8
53803,2022-111AG,STARLINK-4727,546.9
53804,2022-111AH,STARLINK-4729,546.8
53805,2022-111AJ,STARLINK-4763,547.0
53806,2022-111AK,STARLINK-4768,546.9
53819,2022-114B,STARLINK-4738,546.9
53820,2022-114C,STARLINK-4758,546.9
53823,2022-114F,STARLINK-4748,546.9
53824,2022-114G,STARLINK-4757,546.9
53825,2022-114H,STARLINK-4751,546.9
53826,2022-114J,STARLINK-4756,546.9
53827,2022-114K,STARLINK-4764,546.9
53828,2022-114L,STARLINK-4760,546.9
53829,2022-114M,STARLINK-4759,546.8
53830,2022-114N,STARLINK-4761,546.8
53831,2022-114P,STARLINK-4649,546.8
53832,2022-114Q,STARLINK-4747,546.9
53833,2022-114R,STARLINK-4771,546.9
53834,2022-114S,STARLINK-4737,546.8
53835,2022-114T,STARLINK-4783,546.9
53836,2022-114U,STARLINK-4778,546.9
53837,2022-114V,STARLINK-4776,546.9
53838,2022-114W,STARLINK-4773,546.9
53839,2022-114X,STARLINK-4784,546.9
53840,2022-114Y,STARLINK-4766,546.9
53841,2022-114Z,STARLINK-4750,546.9
53842,2022-114AA,STARLINK-4754,547.0
53843,2022-114AB,STARLINK-4769,546.9
53844,2022-114AC,STARLINK-4745,546.9
53845,2022-114AD,STARLINK-4753,546.9
53846,2022-114AE,STARLINK-4746,546.9
53847,2022-114AF,STARLINK-4777,546.9
53848,2022-114AG,STARLINK-4780,546.8
53849,2022-114AH,STARLINK-4770,546.9
53850,2022-114AJ,STARLINK-4767,546.9
53851,2022-114AK,STARLINK-4755,546.9
53852,2022-114AL,STARLINK-4797,546.9
53853,2022-114AM,STARLINK-4794,546.8
53854,2022-114AN,STARLINK-4800,546.9
53855,2022-114AP,STARLINK-4703,546.9
53856,2022-114AQ,STARLINK-4795,546.9
53857,2022-114AR,STARLINK-4809,546.9
53858,2022-114AS,STARLINK-4798,506.7
53859,2022-114AT,STARLINK-4790,546.9
53860,2022-114AU,STARLINK-4799,546.8
53861,2022-114AV,STARLINK-4781,546.9
53863,2022-114AX,STARLINK-4788,546.9
53864,2022-114AY,STARLINK-4779,546.9
53866,2022-114BA,STARLINK-4762,546.8
53867,2022-114BB,STARLINK-4793,546.9
53868,2022-114BC,STARLINK-4789,546.9
53869,2022-114BD,STARLINK-4810,546.9
53870,2022-114BE,STARLINK-4732,546.9
53871,2022-114BF,STARLINK-4740,546.9
53886,2022-119A,STARLINK-5028,546.9
53887,2022-119B,STARLINK-5029,546.9
53888,2022-119C,STARLINK-5034,477.3
53889,2022-119D,STARLINK-5031,546.9
53890,2022-119E,STARLINK-5050,546.9
53891,2022-119F,STARLINK-5041,538.6
53892,2022-119G,STARLINK-5046,546.8
53893,2022-119H,STARLINK-5052,546.8
53894,2022-119J,STARLINK-5043,546.8
53895,2022-119K,STARLINK-5032,505.3
53896,2022-119L,STARLINK-5037,546.9
53897,2022-119M,STARLINK-5035,541.9
53898,2022-119N,STARLINK-5044,546.9
53899,2022-119P,STARLINK-5042,527.6
53900,2022-119Q,STARLINK-5045,546.9
53902,2022-119S,STARLINK-5021,546.9
53903,2022-119T,STARLINK-5022,546.9
53904,2022-119U,STARLINK-4787,546.9
53905,2022-119V,STARLINK-5003,546.9
53906,2022-119W,STARLINK-5054,546.9
53908,2022-119Y,STARLINK-5057,546.9
53909,2022-119Z,STARLINK-4796,546.9
53911,2022-119AB,STARLINK-5048,546.9
53912,2022-119AC,STARLINK-5059,546.9
53913,2022-119AD,STARLINK-5053,546.9
53914,2022-119AE,STARLINK-5040,546.9
53915,2022-119AF,STARLINK-5017,499.9
53916,2022-119AG,STARLINK-5051,546.9
53917,2022-119AH,STARLINK-5036,541.9
53918,2022-119AJ,STARLINK-5012,546.9
53919,2022-119AK,STARLINK-5023,546.9
53920,2022-119AL,STARLINK-5025,546.9
53922,2022-119AN,STARLINK-5002,546.9
53923,2022-119AP,STARLINK-5004,546.9
53924,2022-119AQ,STARLINK-5001,546.9
53925,2022-119AR,STARLINK-5011,546.8
53926,2022-119AS,STARLINK-5014,541.8
53928,2022-119AU,STARLINK-5009,546.9
53929,2022-119AV,STARLINK-5018,546.9
53930,2022-119AW,STARLINK-5010,509.7
53932,2022-119AY,STARLINK-4772,546.9
53933,2022-119AZ,STARLINK-4782,546.9
53934,2022-119BA,STARLINK-4775,546.9
53935,2022-119BB,STARLINK-5000,506.6
53936,2022-119BC,STARLINK-4791,546.9
53964,2022-125A,STARLINK-4633,546.9
53966,2022-125C,STARLINK-4635,546.9
53967,2022-125D,STARLINK-4634,546.9
53968,2022-125E,STARLINK-4629,546.9
53969,2022-125F,STARLINK-4468,546.8
53970,2022-125G,STARLINK-4567,546.8
53973,2022-125K,STARLINK-5156,546.9
53974,2022-125L,STARLINK-5159,546.9
53975,2022-125M,STARLINK-5137,546.9
53976,2022-125N,STARLINK-5134,546.9
53977,2022-125P,STARLINK-5094,546.9
53978,2022-125Q,STARLINK-5148,546.9
53979,2022-125R,STARLINK-5123,546.9
53980,2022-125S,STARLINK-5133,546.9
53981,2022-125T,STARLINK-5149,546.9
53982,2022-125U,STARLINK-5120,546.9
53984,2022-125W,STARLINK-5142,546.8
53985,2022-125X,STARLINK-5147,546.9
53986,2022-125Y,STARLINK-5119,546.8
53988,2022-125AA,STARLINK-5113,546.8
53991,2022-125AD,STARLINK-5118,546.9
53992,2022-125AE,STARLINK-5108,546.9
53993,2022-125AF,STARLINK-5121,546.9
53994,2022-125AG,STARLINK-5125,547.0
53995,2022-125AH,STARLINK-5097,546.9
53996,2022-125AJ,STARLINK-5131,547.0
53997,2022-125AK,STARLINK-5130,546.8
53998,2022-125AL,STARLINK-5128,547.0
53999,2022-125AM,STARLINK-5079,547.0
54000,2022-125AN,STARLINK-5088,546.8
54002,2022-125AQ,STARLINK-5109,546.8
54003,2022-125AR,STARLINK-5114,546.8
54004,2022-125AS,STARLINK-5129,546.9
54005,2022-125AT,STARLINK-5135,546.9
54006,2022-125AU,STARLINK-5096,546.8
54007,2022-125AV,STARLINK-5132,546.8
54008,2022-125AW,STARLINK-5145,546.9
54009,2022-125AX,STARLINK-5099,546.9
54010,2022-125AY,STARLINK-5127,547.0
54011,2022-125AZ,STARLINK-5124,546.9
54012,2022-125BA,STARLINK-5126,546.8
54013,2022-125BB,STARLINK-5098,546.9
54015,2022-125BD,STARLINK-5055,546.8
54051,2022-136A,STARLINK-5195,546.9
54052,2022-136B,STARLINK-5189,547.0
54053,2022-136C,STARLINK-5176,546.9
54054,2022-136D,STARLINK-5163,546.9
54055,2022-136E,STARLINK-5158,546.9
54056,2022-136F,STARLINK-5226,546.9
54058,2022-136H,STARLINK-5167,546.9
54059,2022-136J,STARLINK-5173,546.9
54060,2022-136K,STARLINK-5169,546.9
54061,2022-136L,STARLINK-5209,546.9
54062,2022-136M,STARLINK-5170,546.8
54064,2022-136P,STARLINK-5172,546.9
54065,2022-136Q,STARLINK-5187,546.8
54066,2022-136R,STARLINK-5151,546.9
54067,2022-136S,STARLINK-5174,546.9
54068,2022-136T,STARLINK-5222,546.8
54070,2022-136V,STARLINK-5181,546.9
54071,2022-136W,STARLINK-5168,546.9
54073,2022-136Y,STARLINK-5146,546.9
54074,2022-136Z,STARLINK-5192,546.9
54075,2022-136AA,STARLINK-5212,546.9
54076,2022-136AB,STARLINK-5201,546.9
54077,2022-136AC,STARLINK-5171,546.9
54079,2022-136AE,STARLINK-5175,546.9
54080,2022-136AF,STARLINK-5160,546.9
54082,2022-136AH,STARLINK-5210,546.8
54083,2022-136AJ,STARLINK-5178,546.9
54084,2022-136AK,STARLINK-5183,546.9
54085,2022-136AL,STARLINK-5166,546.9
54086,2022-136AM,STARLINK-5211,546.9
54087,2022-136AN,STARLINK-5184,546.9
54088,2022-136AP,STARLINK-5153,546.9
54089,2022-136AQ,STARLINK-5143,547.0
54090,2022-136AR,STARLINK-5177,546.9
54091,2022-136AS,STARLINK-5221,546.9
54092,2022-136AT,STARLINK-5190,366.4
54093,2022-136AU,STARLINK-5213,546.8
54095,2022-136AW,STARLINK-5193,546.8
54096,2022-136AX,STARLINK-5188,546.8
54097,2022-136AY,STARLINK-5197,546.9
54098,2022-136AZ,STARLINK-5217,546.9
54099,2022-136BA,STARLINK-5198,546.9
54100,2022-136BB,STARLINK-5185,546.9
54101,2022-136BC,STARLINK-5204,546.9
54102,2022-136BD,STARLINK-5179,546.8
54103,2022-136BE,STARLINK-5200,546.9
54104,2022-136BF,STARLINK-5203,546.9
54157,2022-141A,STARLINK-5290,546.9
54158,2022-141B,STARLINK-5297,546.8
54159,2022-141C,STARLINK-5294,547.0
54160,2022-141D,STARLINK-5233,546.9
54161,2022-141E,STARLINK-5269,546.8
54162,2022-141F,STARLINK-5273,546.9
54163,2022-141G,STARLINK-5161,546.8
54164,2022-141H,STARLINK-5278,546.9
54165,2022-141J,STARLINK-5279,546.8
54166,2022-141K,STARLINK-5280,546.8
54167,2022-141L,STARLINK-5243,546.9
54168,2022-141M,STARLINK-5245,546.9
54169,2022-141N,STARLINK-5282,546.8
54170,2022-141P,STARLINK-5155,546.9
54172,2022-141R,STARLINK-5117,546.8
54173,2022-141S,STARLINK-5242,546.9
54174,2022-141T,STARLINK-5248,546.9
54175,2022-141U,STARLINK-5256,546.9
54176,2022-141V,STARLINK-5154,546.9
54177,2022-141W,STARLINK-5186,546.9
54178,2022-141X,STARLINK-5164,546.9
54179,2022-141Y,STARLINK-5122,546.8
54180,2022-141Z,STARLINK-5228,409.8
54181,2022-141AA,STARLINK-5227,546.8
54182,2022-141AB,STARLINK-5231,546.9
54183,2022-141AC,STARLINK-5239,546.9
54184,2022-141AD,STARLINK-5162,546.8
54185,2022-141AE,STARLINK-5235,546.9
54187,2022-141AG,STARLINK-5240,547.0
54188,2022-141AH,STARLINK-5238,546.9
54190,2022-141AK,STARLINK-5281,546.9
54191,2022-141AL,STARLINK-4619,546.9
54192,2022-141AM,STARLINK-5268,546.9
54193,2022-141AN,STARLINK-5263,546.8
54194,2022-141AP,STARLINK-5271,546.9
54195,2022-141AQ,STARLINK-5258,546.9
54196,2022-141AR,STARLINK-5237,546.9
54198,2022-141AT,STARLINK-5246,546.9
54199,2022-141AU,STARLINK-5244,546.9
54200,2022-141AV,STARLINK-5250,546.9
54201,2022-141AW,STARLINK-5199,546.9
54202,2022-141AX,STARLINK-5205,546.8
54203,2022-141AY,STARLINK-5247,546.8
54204,2022-141AZ,STARLINK-5241,546.9
54205,2022-141BA,STARLINK-5249,546.9
54206,2022-141BB,STARLINK-5264,546.9
54207,2022-141BC,STARLINK-5262,546.9
54208,2022-141BD,STARLINK-5255,546.9
54209,2022-141BE,STARLINK-5259,546.9
54758,2022-175A,STARLINK-5464,546.9
54759,2022-175B,STARLINK-5215,546.9
54760,2022-175C,STARLINK-5220,546.9
54761,2022-175D,STARLINK-5202,546.9
54762,2022-175E,STARLINK-5214,546.9
54763,2022-175F,STARLINK-5191,546.9
54764,2022-175G,STARLINK-5458,546.8
54766,2022-175J,STARLINK-5471,546.8
54767,2022-175K,STARLINK-5472,546.9
54768,2022-175L,STARLINK-5444,546.8
54770,2022-175N,STARLINK-5448,546.9
54771,2022-175P,STARLINK-5451,546.8
54772,2022-175Q,STARLINK-5452,547.0
54773,2022-175R,STARLINK-5453,546.8
54774,2022-175S,STARLINK-5454,546.8
54775,2022-175T,STARLINK-5465,546.8
54776,2022-175U,STARLINK-5470,546.9
54777,2022-175V,STARLINK-5468,546.9
54778,2022-175W,STARLINK-5450,546.9
54779,2022-175X,STARLINK-5447,546.8
54780,2022-175Y,STARLINK-5449,546.9
54781,2022-175Z,STARLINK-5443,546.9
54783,2022-175AB,STARLINK-5439,547.0
54784,2022-175AC,STARLINK-5442,546.9
54785,2022-175AD,STARLINK-5440,546.9
54787,2022-175AF,STARLINK-5441,546.9
54788,2022-175AG,STARLINK-5399,546.8
54789,2022-175AH,STARLINK-5446,546.9
54790,2022-175AJ,STARLINK-5445,546.9
54791,2022-175AK,STARLINK-5425,546.9
54792,2022-175AL,STARLINK-5431,546.9
54793,2022-175AM,STARLINK-5433,546.9
54795,2022-175AP,STARLINK-5436,546.9
54796,2022-175AQ,STARLINK-5415,546.9
54797,2022-175AR,STARLINK-5435,546.9
54798,2022-175AS,STARLINK-5420,546.8
54799,2022-175AT,STARLINK-5421,546.9
54800,2022-175AU,STARLINK-5428,546.8
54801,2022-175AV,STARLINK-5429,546.9
54802,2022-175AW,STARLINK-5426,546.9
54803,2022-175AX,STARLINK-5430,546.8
54804,2022-175AY,STARLINK-5422,546.8
54805,2022-175AZ,STARLINK-5417,546.8
54806,2022-175BA,STARLINK-5412,546.9
54807,2022-175BB,STARLINK-5410,546.9
54808,2022-175BC,STARLINK-5413,546.9
54809,2022-175BD,STARLINK-5414,546.9
54810,2022-175BE,STARLINK-5408,546.8
54811,2022-175BF,STARLINK-5424,546.9
54820,2022-177A,STARLINK-5382,502.0
54821,2022-177B,STARLINK-5385,492.7
54822,2022-177C,STARLINK-5101,507.8
54823,2022-177D,STARLINK-5106,492.8
54824,2022-177E,STARLINK-4643,492.8
54826,2022-177G,STARLINK-5107,518.0
54827,2022-177H,STARLINK-5383,515.8
54828,2022-177J,STARLINK-5381,501.0
54830,2022-177L,STARLINK-5394,513.1
54831,2022-177M,STARLINK-5395,493.1
54834,2022-177Q,STARLINK-5386,512.7
54835,2022-177R,STARLINK-5389,510.2
54836,2022-177S,STARLINK-5384,437.2
54837,2022-177T,STARLINK-5369,492.6
54838,2022-177U,STARLINK-5372,492.7
54840,2022-177W,STARLINK-5368,492.7
54841,2022-177X,STARLINK-4659,492.7
54842,2022-177Y,STARLINK-5387,490.5
54843,2022-177Z,STARLINK-5304,492.7
54844,2022-177AA,STARLINK-5388,510.8
54845,2022-177AB,STARLINK-5082,492.7
54846,2022-177AC,STARLINK-5360,492.7
54847,2022-177AD,STARLINK-5061,513.9
54848,2022-177AE,STARLINK-5432,495.2
54850,2022-177AG,STARLINK-5087,492.7
54851,2022-177AH,STARLINK-5084,492.7
54852,2022-177AJ,STARLINK-5418,492.7
54853,2022-177AK,STARLINK-5427,492.7
54855,2022-177AM,STARLINK-5416,492.7
54856,2022-177AN,STARLINK-5086,493.7
54857,2022-177AP,STARLINK-5078,492.6
54858,2022-177AQ,STARLINK-5407,492.7
54859,2022-177AR,STARLINK-5409,492.9
54860,2022-177AS,STARLINK-5406,492.7
54861,2022-177AT,STARLINK-5400,492.8
54862,2022-177AU,STARLINK-5403,492.7
54863,2022-177AV,STARLINK-5405,492.8
54864,2022-177AW,STARLINK-5359,492.7
54865,2022-177AX,STARLINK-5411,492.7
54866,2022-177AY,STARLINK-5398,492.7
54867,2022-177AZ,STARLINK-5396,492.7
54868,2022-177BA,STARLINK-5379,490.2
54869,2022-177BB,STARLINK-5402,497.3
54870,2022-177BC,STARLINK-5401,492.7
54871,2022-177BD,STARLINK-5397,492.7
54873,2022-177BF,STARLINK-5091,492.7
55269,2023-010A,STARLINK-5277,579.2
55271,2023-010C,STARLINK-5306,579.2
55272,2023-010D,STARLINK-5310,579.2
55273,2023-010E,STARLINK-5291,579.3
55274,2023-010F,STARLINK-5236,579.3
55275,2023-010G,STARLINK-5260,579.4
55276,2023-010H,STARLINK-5261,579.2
55277,2023-010J,STARLINK-5299,579.2
55278,2023-010K,STARLINK-5289,579.2
55280,2023-010M,STARLINK-5331,579.2
55281,2023-010N,STARLINK-5298,579.3
55282,2023-010P,STARLINK-5330,579.2
55283,2023-010Q,STARLINK-5317,579.3
55284,2023-010R,STARLINK-5337,582.9
55285,2023-010S,STARLINK-5332,579.2
55286,2023-010T,STARLINK-5338,579.2
55287,2023-010U,STARLINK-5341,579.2
55288,2023-010V,STARLINK-5311,579.2
55289,2023-010W,STARLINK-5320,579.2
55290,2023-010X,STARLINK-5266,579.2
55291,2023-010Y,STARLINK-5327,579.2
55292,2023-010Z,STARLINK-5325,579.2
55293,2023-010AA,STARLINK-5287,579.2
55294,2023-010AB,STARLINK-5286,579.2
55295,2023-010AC,STARLINK-5293,579.2
55296,2023-010AD,STARLINK-5285,579.2
55297,2023-010AE,STARLINK-5284,579.2
55299,2023-010AG,STARLINK-5270,579.2
55300,2023-010AH,STARLINK-5308,579.2
55302,2023-010AK,STARLINK-5321,579.2
55303,2023-010AL,STARLINK-5322,579.2
55304,2023-010AM,STARLINK-5318,579.2
55305,2023-010AN,STARLINK-5316,579.2
55306,2023-010AP,STARLINK-5295,579.3
55307,2023-010AQ,STARLINK-5288,579.1
55309,2023-010AS,STARLINK-5315,579.2
55310,2023-010AT,STARLINK-5309,579.2
55311,2023-010AU,STARLINK-5312,579.2
55312,2023-010AV,STARLINK-5296,579.2
55313,2023-010AW,STARLINK-5313,579.3
55314,2023-010AX,STARLINK-5305,579.2
55315,2023-010AY,STARLINK-4623,579.2
55316,2023-010AZ,STARLINK-5257,579.2
55317,2023-010BA,STARLINK-5265,579.2
55318,2023-010BB,STARLINK-5180,579.3
55319,2023-010BC,STARLINK-5196,579.2
55331,2023-013A,STARLINK-5492,503.7
55332,2023-013B,STARLINK-5491,492.7
55333,2023-013C,STARLINK-5493,503.6
55334,2023-013D,STARLINK-5652,503.0
55335,2023-013E,STARLINK-5660,506.8
55336,2023-013F,STARLINK-5655,492.8
55337,2023-013G,STARLINK-5667,492.8
55338,2023-013H,STARLINK-5658,508.9
55339,2023-013J,STARLINK-5671,536.8
55340,2023-013K,STARLINK-5675,502.9
55341,2023-013L,STARLINK-5670,511.9
55342,2023-013M,STARLINK-5657,512.8
55343,2023-013N,STARLINK-5661,499.1
55345,2023-013Q,STARLINK-5653,492.7
55346,2023-013R,STARLINK-5631,505.0
55347,2023-013S,STARLINK-5663,504.8
55348,2023-013T,STARLINK-5609,507.1
55349,2023-013U,STARLINK-5666,507.4
55350,2023-013V,STARLINK-5668,507.8
55351,2023-013W,STARLINK-5659,512.4
55352,2023-013X,STARLINK-5547,492.7
55353,2023-013Y,STARLINK-5608,492.7
55354,2023-013Z,STARLINK-5649,504.5
55355,2023-013AA,STARLINK-5647,513.6
55357,2023-013AC,STARLINK-5651,513.0
55358,2023-013AD,STARLINK-5622,508.4
55359,2023-013AE,STARLINK-5641,539.8
55360,2023-013AF,STARLINK-5664,548.6
55361,2023-013AG,STARLINK-5665,490.2
55362,2023-013AH,STARLINK-5574,492.7
55364,2023-013AK,STARLINK-5627,531.5
55365,2023-013AL,STARLINK-5639,536.6
55366,2023-013AM,STARLINK-5654,492.7
55367,2023-013AN,STARLINK-5635,492.7
55368,2023-013AP,STARLINK-5625,492.4
55369,2023-013AQ,STARLINK-5644,535.7
55370,2023-013AR,STARLINK-5027,539.7
55371,2023-013AS,STARLINK-5590,537.6
55372,2023-013AT,STARLINK-5568,537.7
55373,2023-013AU,STARLINK-5581,542.0
55374,2023-013AV,STARLINK-5578,540.6
55375,2023-013AW,STARLINK-5588,543.0
55376,2023-013AX,STARLINK-5586,492.7
55377,2023-013AY,STARLINK-5567,541.3
55378,2023-013AZ,STARLINK-5572,541.5
55379,2023-013BA,STARLINK-5569,543.9
55380,2023-013BB,STARLINK-5571,563.1
55381,2023-013BC,STARLINK-5575,546.1
55382,2023-013BD,STARLINK-5576,542.0
55383,2023-013BE,STARLINK-5531,492.8
55384,2023-013BF,STARLINK-5537,543.7
55385,2023-013BG,STARLINK-5556,547.9
55386,2023-013BH,STARLINK-5555,546.4
55392,2023-014B,STARLINK-5085,579.2
55393,2023-014C,STARLINK-4786,579.3
55395,2023-014E,STARLINK-5274,579.2
55396,2023-014F,STARLINK-5283,579.3
55397,2023-014G,STARLINK-5224,579.2
55398,2023-014H,STARLINK-5275,579.2
55399,2023-014J,STARLINK-5276,579.2
55400,2023-014K,STARLINK-5632,579.1
55401,2023-014L,STARLINK-5076,579.2
55402,2023-014M,STARLINK-5071,579.2
55403,2023-014N,STARLINK-5597,579.3
55404,2023-014P,STARLINK-5607,579.2
55405,2023-014Q,STARLINK-5623,579.2
55406,2023-014R,STARLINK-5630,579.2
55407,2023-014S,STARLINK-5019,579.4
55410,2023-014V,STARLINK-5633,579.1
55411,2023-014W,STARLINK-5605,579.3
55413,2023-014Y,STARLINK-5060,579.1
55414,2023-014Z,STARLINK-5620,579.2
55416,2023-014AB,STARLINK-5624,579.2
55418,2023-014AD,STARLINK-5030,579.2
55419,2023-014AE,STARLINK-5629,579.2
55420,2023-014AF,STARLINK-5604,579.2
55421,2023-014AG,STARLINK-5598,579.2
55422,2023-014AH,STARLINK-5006,579.2
55423,2023-014AJ,STARLINK-5068,579.2
55425,2023-014AL,STARLINK-5615,579.2
55426,2023-014AM,STARLINK-5638,579.2
55428,2023-014AP,STARLINK-5064,579.2
55429,2023-014AQ,STARLINK-5645,579.2
55430,2023-014AR,STARLINK-5642,579.2
55431,2023-014AS,STARLINK-5643,579.2
55432,2023-014AT,STARLINK-5637,579.2
55433,2023-014AU,STARLINK-5570,579.2
55434,2023-014AV,STARLINK-5621,579.2
55435,2023-014AW,STARLINK-5626,579.2
55436,2023-014AX,STARLINK-5640,579.2
55438,2023-014AZ,STARLINK-5074,579.2
55439,2023-014BA,STARLINK-5634,579.2
55449,2023-015A,STARLINK-5699,499.5
55450,2023-015B,STARLINK-5686,500.3
55451,2023-015C,STARLINK-5656,506.5
55452,2023-015D,STARLINK-5683,495.2
55453,2023-015E,STARLINK-5684,497.7
55454,2023-015F,STARLINK-5636,500.9
55455,2023-015G,STARLINK-5680,509.0
55456,2023-015H,STARLINK-5058,503.3
55457,2023-015J,STARLINK-5682,497.6
55458,2023-015K,STARLINK-5020,505.6
55459,2023-015L,STARLINK-5669,501.2
55460,2023-015M,STARLINK-5678,506.3
55461,2023-015N,STARLINK-5646,503.8
55462,2023-015P,STARLINK-5673,505.0
55463,2023-015Q,STARLINK-5677,530.0
55464,2023-015R,STARLINK-5676,504.5
55465,2023-015S,STARLINK-5674,508.7
55466,2023-015T,STARLINK-5628,509.7
55467,2023-015U,STARLINK-5679,493.0
55468,2023-015V,STARLINK-5672,506.5
55469,2023-015W,STARLINK-5681,505.9
55470,2023-015X,STARLINK-5708,508.5
55471,2023-015Y,STARLINK-5711,493.4
55472,2023-015Z,STARLINK-5705,543.0
55474,2023-015AB,STARLINK-5689,492.4
55475,2023-015AC,STARLINK-5650,512.7
55477,2023-015AE,STARLINK-5685,536.5
55478,2023-015AF,STARLINK-5691,548.6
55479,2023-015AG,STARLINK-5688,543.4
55480,2023-015AH,STARLINK-5690,492.7
55481,2023-015AJ,STARLINK-5694,492.7
55483,2023-015AL,STARLINK-5692,492.7
55484,2023-015AM,STARLINK-5696,492.8
55485,2023-015AN,STARLINK-5695,492.7
55486,2023-015AP,STARLINK-5704,492.8
55487,2023-015AQ,STARLINK-5701,492.7
55488,2023-015AR,STARLINK-5706,492.7
55489,2023-015AS,STARLINK-5371,492.7
55490,2023-015AT,STARLINK-5373,492.6
55491,2023-015AU,STARLINK-5364,550.2
55492,2023-015AV,STARLINK-5013,492.7
55493,2023-015AW,STARLINK-5362,492.7
55494,2023-015AX,STARLINK-5344,492.7
55495,2023-015AY,STARLINK-5100,533.2
55497,2023-015BA,STARLINK-5363,492.7
55498,2023-015BB,STARLINK-5365,492.7
55499,2023-015BC,STARLINK-5366,492.7
55500,2023-015BD,STARLINK-5141,492.7
55501,2023-015BE,STARLINK-5367,492.7
55569,2023-020A,STARLINK-5749,509.2
55570,2023-020B,STARLINK-5737,490.2
55571,2023-020C,STARLINK-5739,511.2
55572,2023-020D,STARLINK-5732,514.1
55573,2023-020E,STARLINK-5738,512.7
55574,2023-020F,STARLINK-5747,515.3
55575,2023-020G,STARLINK-5745,508.2
55576,2023-020H,STARLINK-5751,492.7
55577,2023-020J,STARLINK-5752,492.6
55579,2023-020L,STARLINK-5754,490.2
55580,2023-020M,STARLINK-5757,490.3
55581,2023-020N,STARLINK-5753,540.1
55582,2023-020P,STARLINK-5741,492.7
55583,2023-020Q,STARLINK-5742,492.7
55584,2023-020R,STARLINK-5736,492.7
55585,2023-020S,STARLINK-5769,493.0
55586,2023-020T,STARLINK-5767,492.7
55587,2023-020U,STARLINK-5727,492.7
55588,2023-020V,STARLINK-5728,495.2
55589,2023-020W,STARLINK-5697,492.7
55590,2023-020X,STARLINK-5762,492.7
55591,2023-020Y,STARLINK-5760,492.7
55592,2023-020Z,STARLINK-5759,491.0
55593,2023-020AA,STARLINK-5703,492.7
55594,2023-020AB,STARLINK-5750,492.7
55596,2023-020AD,STARLINK-5729,492.7
55597,2023-020AE,STARLINK-5743,492.7
55598,2023-020AF,STARLINK-5756,492.7
55599,2023-020AG,STARLINK-5761,501.4
55600,2023-020AH,STARLINK-5755,502.0
55601,2023-020AJ,STARLINK-5744,492.7
55602,2023-020AK,STARLINK-5764,499.2
55603,2023-020AL,STARLINK-5735,497.2
55604,2023-020AM,STARLINK-5748,492.7
55605,2023-020AN,STARLINK-5725,499.9
55607,2023-020AQ,STARLINK-5700,499.8
55608,2023-020AR,STARLINK-5726,499.1
55609,2023-020AS,STARLINK-5719,500.6
55610,2023-020AT,STARLINK-5722,504.9
55611,2023-020AU,STARLINK-5730,506.3
55612,2023-020AV,STARLINK-5734,505.3
55614,2023-020AX,STARLINK-5714,492.7
55615,2023-020AY,STARLINK-5712,497.2
55616,2023-020AZ,STARLINK-5710,504.1
55617,2023-020BA,STARLINK-5721,492.7
55618,2023-020BB,STARLINK-5717,502.7
55619,2023-020BC,STARLINK-5720,499.8
55620,2023-020BD,STARLINK-5718,503.9
55621,2023-020BE,STARLINK-5709,498.4
55622,2023-020BF,STARLINK-5702,497.4
55623,2023-020BG,STARLINK-5698,507.2
55628,2023-021A,STARLINK-5484,579.2
55629,2023-021B,STARLINK-5497,579.2
55630,2023-021C,STARLINK-5303,579.2
55631,2023-021D,STARLINK-5558,579.2
55632,2023-021E,STARLINK-5546,579.2
55633,2023-021F,STARLINK-5498,579.2
55634,2023-021G,STARLINK-5500,581.2
55635,2023-021H,STARLINK-5495,579.2
55636,2023-021J,STARLINK-5218,579.2
55637,2023-021K,STARLINK-5062,579.2
55638,2023-021L,STARLINK-5507,579.2
55639,2023-021M,STARLINK-5508,579.2
55640,2023-021N,STARLINK-5069,579.2
55641,2023-021P,STARLINK-5065,579.2
55643,2023-021R,STARLINK-5483,579.2
55644,2023-021S,STARLINK-5502,579.2
55647,2023-021V,STARLINK-5510,579.2
55648,2023-021W,STARLINK-5501,579.2
55649,2023-021X,STARLINK-5469,579.2
55650,2023-021Y,STARLINK-5494,579.2
55651,2023-021Z,STARLINK-5506,579.2
55652,2023-021AA,STARLINK-5487,579.2
55653,2023-021AB,STARLINK-5067,579.3
55654,2023-021AC,STARLINK-5070,579.2
55655,2023-021AD,STARLINK-5267,579.3
55657,2023-021AF,STARLINK-5328,579.2
55658,2023-021AG,STARLINK-5307,579.2
55659,2023-021AH,STARLINK-5477,579.2
55660,2023-021AJ,STARLINK-5467,585.2
55661,2023-021AK,STARLINK-5475,579.2
55662,2023-021AL,STARLINK-5479,581.7
55663,2023-021AM,STARLINK-5473,579.2
55664,2023-021AN,STARLINK-5480,579.2
55665,2023-021AP,STARLINK-5474,579.2
55667,2023-021AR,STARLINK-5456,579.3
55668,2023-021AS,STARLINK-5455,579.2
55669,2023-021AT,STARLINK-5459,579.2
55670,2023-021AU,STARLINK-5423,579.2
55671,2023-021AV,STARLINK-5460,579.2
55673,2023-021AX,STARLINK-5463,579.3
55674,2023-021AY,STARLINK-5462,579.2
55675,2023-021AZ,STARLINK-5232,579.2
55676,2023-021BA,STARLINK-5300,579.2
55677,2023-021BB,STARLINK-5324,579.2
55741,2023-028A,STARLINK-5592,579.2
55742,2023-028B,STARLINK-5594,579.2
55743,2023-028C,STARLINK-5602,579.2
55744,2023-028D,STARLINK-5601,579.2
55746,2023-028F,STARLINK-5579,579.2
55747,2023-028G,STARLINK-5539,579.2
55748,2023-028H,STARLINK-5580,579.2
55750,2023-028K,STARLINK-5573,579.2
55751,2023-028L,STARLINK-5577,579.2
55752,2023-028M,STARLINK-5613,579.2
55753,2023-028N,STARLINK-5617,579.2
55754,2023-028P,STARLINK-5612,579.2
55756,2023-028R,STARLINK-5614,579.2
55757,2023-028S,STARLINK-5544,579.2
55758,2023-028T,STARLINK-5072,579.2
55760,2023-028V,STARLINK-5532,579.2
55761,2023-028W,STARLINK-5611,579.2
55762,2023-028X,STARLINK-5603,579.2
55763,2023-028Y,STARLINK-5593,579.3
55764,2023-028Z,STARLINK-5499,579.2
55765,2023-028AA,STARLINK-5595,579.2
55766,2023-028AB,STARLINK-5599,579.2
55767,2023-028AC,STARLINK-5606,579.2
55769,2023-028AE,STARLINK-5584,579.2
55770,2023-028AF,STARLINK-5557,579.2
55771,2023-028AG,STARLINK-5591,579.2
55772,2023-028AH,STARLINK-5835,579.2
55773,2023-028AJ,STARLINK-5833,579.2
55774,2023-028AK,STARLINK-5812,579.1
55775,2023-028AL,STARLINK-5809,579.2
55777,2023-028AN,STARLINK-5814,579.3
55778,2023-028AP,STARLINK-5816,579.2
55779,2023-028AQ,STARLINK-5817,579.2
55780,2023-028AR,STARLINK-5819,579.2
55781,2023-028AS,STARLINK-5820,579.2
55782,2023-028AT,STARLINK-5826,579.2
55783,2023-028AU,STARLINK-5825,579.2
55784,2023-028AV,STARLINK-5797,579.2
55785,2023-028AW,STARLINK-5818,579.2
55786,2023-028AX,STARLINK-5823,579.2
55787,2023-028AY,STARLINK-5811,579.2
55788,2023-028AZ,STARLINK-5804,579.2
55789,2023-028BA,STARLINK-5815,579.2
55790,2023-028BB,STARLINK-5813,579.2
55791,2023-028BC,STARLINK-5807,579.2
55914,2023-037A,STARLINK-5856,579.2
55915,2023-037B,STARLINK-5859,579.2
55916,2023-037C,STARLINK-5796,579.2
55918,2023-037E,STARLINK-5867,579.2
55919,2023-037F,STARLINK-5871,579.2
55920,2023-037G,STARLINK-5862,579.1
55921,2023-037H,STARLINK-5861,579.2
55922,2023-037J,STARLINK-5863,579.2
55923,2023-037K,STARLINK-5854,579.3
55924,2023-037L,STARLINK-5849,579.2
55925,2023-037M,STARLINK-5922,579.2
55926,2023-037N,STARLINK-5921,579.2
55927,2023-037P,STARLINK-5919,578.2
55928,2023-037Q,STARLINK-5930,579.2
55930,2023-037S,STARLINK-5896,579.2
55931,2023-037T,STARLINK-5897,579.2
55932,2023-037U,STARLINK-5848,579.2
55933,2023-037V,STARLINK-5852,579.2
55934,2023-037W,STARLINK-5927,579.1
55935,2023-037X,STARLINK-5920,579.2
55936,2023-037Y,STARLINK-5882,579.2
55937,2023-037Z,STARLINK-5913,579.2
55938,2023-037AA,STARLINK-5909,579.2
55939,2023-037AB,STARLINK-5918,579.2
55940,2023-037AC,STARLINK-5864,579.2
55941,2023-037AD,STARLINK-5914,579.2
55942,2023-037AE,STARLINK-5917,579.2
55943,2023-037AF,STARLINK-5932,579.2
55944,2023-037AG,STARLINK-5926,579.3
55945,2023-037AH,STARLINK-5925,579.2
55946,2023-037AJ,STARLINK-5857,579.3
55947,2023-037AK,STARLINK-5851,380.9
55948,2023-037AL,STARLINK-5900,579.2
55949,2023-037AM,STARLINK-5899,579.2
55950,2023-037AN,STARLINK-5911,579.3
55951,2023-037AP,STARLINK-5908,579.2
55952,2023-037AQ,STARLINK-5893,579.2
55954,2023-037AS,STARLINK-5892,579.2
55955,2023-037AT,STARLINK-5878,579.2
55956,2023-037AU,STARLINK-5883,579.2
55957,2023-037AV,STARLINK-5884,579.2
55958,2023-037AW,STARLINK-5928,579.2
55959,2023-037AX,STARLINK-5929,579.2
55960,2023-037AY,STARLINK-5938,579.3
55961,2023-037AZ,STARLINK-5933,579.2
55962,2023-037BA,STARLINK-5906,579.2
55963,2023-037BB,STARLINK-5924,579.2
55964,2023-037BC,STARLINK-5895,549.5
55965,2023-037BD,STARLINK-5894,579.1
55986,2023-042A,STARLINK-5905,519.1
55987,2023-042B,STARLINK-5915,512.1
55988,2023-042C,STARLINK-5916,540.4
55989,2023-042D,STARLINK-5947,515.5
55990,2023-042E,STARLINK-5946,512.2
55991,2023-042F,STARLINK-5948,492.7
55993,2023-042H,STARLINK-5969,510.6
55994,2023-042J,STARLINK-5956,513.3
55996,2023-042L,STARLINK-5903,514.1
55998,2023-042N,STARLINK-5902,507.5
55999,2023-042P,STARLINK-5901,512.9
56000,2023-042Q,STARLINK-5910,522.6
56001,2023-042R,STARLINK-5944,543.3
56002,2023-042S,STARLINK-5799,519.6
56003,2023-042T,STARLINK-5789,519.8
56004,2023-042U,STARLINK-5787,540.0
56005,2023-042V,STARLINK-5801,540.3
56006,2023-042W,STARLINK-5794,539.6
56007,2023-042X,STARLINK-5806,519.7
56008,2023-042Y,STARLINK-5803,511.5
56009,2023-042Z,STARLINK-5964,540.1
56010,2023-042AA,STARLINK-5968,524.2
56011,2023-042AB,STARLINK-5936,492.8
56012,2023-042AC,STARLINK-5940,492.8
56013,2023-042AD,STARLINK-5941,523.1
56014,2023-042AE,STARLINK-5942,493.2
56015,2023-042AF,STARLINK-5939,492.7
56016,2023-042AG,STARLINK-5943,496.8
56017,2023-042AH,STARLINK-5934,493.1
56018,2023-042AJ,STARLINK-5945,500.1
56019,2023-042AK,STARLINK-5949,492.9
56020,2023-042AL,STARLINK-5912,497.7
56021,2023-042AM,STARLINK-5907,496.7
56022,2023-042AN,STARLINK-5783,492.7
56023,2023-042AP,STARLINK-5771,499.8
56024,2023-042AQ,STARLINK-5772,492.8
56025,2023-042AR,STARLINK-5766,493.7
56026,2023-042AS,STARLINK-5770,496.1
56027,2023-042AT,STARLINK-5777,492.8
56028,2023-042AU,STARLINK-5779,499.5
56029,2023-042AV,STARLINK-5774,492.7
56030,2023-042AW,STARLINK-5781,492.8
56031,2023-042AX,STARLINK-5785,493.7
56032,2023-042AY,STARLINK-5786,500.5
56034,2023-042BA,STARLINK-5782,509.6
56035,2023-042BB,STARLINK-5792,492.7
56036,2023-042BC,STARLINK-5790,499.0
56037,2023-042BD,STARLINK-5758,492.7
56038,2023-042BE,STARLINK-5793,508.5
56039,2023-042BF,STARLINK-5795,492.7
56040,2023-042BG,STARLINK-5798,492.8
56041,2023-042BH,STARLINK-5800,527.2
56094,2023-046B,STARLINK-6109,501.9
56095,2023-046C,STARLINK-6090,498.9
56096,2023-046D,STARLINK-6089,502.9
56097,2023-046E,STARLINK-6077,535.6
56098,2023-046F,STARLINK-6088,493.4
56100,2023-046H,STARLINK-6076,495.2
56101,2023-046J,STARLINK-6095,492.8
56102,2023-046K,STARLINK-6075,495.3
56103,2023-046L,STARLINK-6096,500.5
56104,2023-046M,STARLINK-6062,492.7
56105,2023-046N,STARLINK-6066,497.0
56107,2023-046Q,STARLINK-6030,506.7
56108,2023-046R,STARLINK-6081,507.5
56109,2023-046S,STARLINK-6083,503.3
56110,2023-046T,STARLINK-6082,501.5
56111,2023-046U,STARLINK-6084,519.3
56112,2023-046V,STARLINK-6080,509.3
56113,2023-046W,STARLINK-6113,508.0
56115,2023-046Y,STARLINK-6101,492.7
56116,2023-046Z,STARLINK-6114,508.5
56117,2023-046AA,STARLINK-6107,492.7
56119,2023-046AC,STARLINK-6091,492.7
56120,2023-046AD,STARLINK-6079,492.7
56121,2023-046AE,STARLINK-6092,492.7
56122,2023-046AF,STARLINK-6094,490.2
56123,2023-046AH,STARLINK-6115,492.7
56124,2023-046AJ,STARLINK-6126,492.7
56125,2023-046AK,STARLINK-6119,492.7
56126,2023-046AL,STARLINK-6124,492.7
56127,2023-046AM,STARLINK-6104,518.1
56128,2023-046AN,STARLINK-6122,492.7
56129,2023-046AP,STARLINK-6121,499.2
56130,2023-046AQ,STARLINK-6117,492.6
56131,2023-046AR,STARLINK-6120,490.2
56132,2023-046AS,STARLINK-6071,492.8
56133,2023-046AT,STARLINK-5566,492.7
56134,2023-046AU,STARLINK-5564,492.7
56136,2023-046AW,STARLINK-5489,491.3
56137,2023-046AX,STARLINK-5090,492.7
56138,2023-046AY,STARLINK-4774,492.7
56140,2023-046BA,STARLINK-5375,492.7
56141,2023-046BB,STARLINK-5377,492.8
56142,2023-046BC,STARLINK-5376,492.8
56143,2023-046BD,STARLINK-5016,542.9
56144,2023-046BE,STARLINK-5374,492.7
56146,2023-046BG,STARLINK-5111,492.7
56147,2023-046BH,STARLINK-5140,505.6
56148,2023-046BJ,STARLINK-5089,500.2
56287,2023-056B,STARLINK-30107,490.2
56288,2023-056C,STARLINK-30106,492.7
56289,2023-056D,STARLINK-30095,490.3
56290,2023-056E,STARLINK-30103,492.7
56291,2023-056F,STARLINK-30113,492.7
56292,2023-056G,STARLINK-30098,492.7
56293,2023-056H,STARLINK-30090,352.9
56294,2023-056J,STARLINK-30049,490.1
56295,2023-056K,STARLINK-30083,492.7
56296,2023-056L,STARLINK-30089,490.2
56297,2023-056M,STARLINK-30086,492.8
56298,2023-056N,STARLINK-30109,490.1
56299,2023-056P,STARLINK-30108,492.7
56300,2023-056Q,STARLINK-30104,492.7
56301,2023-056R,STARLINK-30101,490.2
56302,2023-056S,STARLINK-30111,492.8
56304,2023-056U,STARLINK-30099,490.1
56305,2023-056V,STARLINK-30094,492.7
56306,2023-056W,STARLINK-30112,490.2
56317,2023-058A,STARLINK-6038,556.7
56318,2023-058B,STARLINK-5954,556.7
56319,2023-058C,STARLINK-6039,556.6
56320,2023-058D,STARLINK-5988,556.7
56321,2023-058E,STARLINK-5876,556.7
56322,2023-058E,STARLINK-6033,556.7
56323,2023-058G,STARLINK-6035,556.7
56324,2023-058H,STARLINK-6034,556.7
56325,2023-058J,STARLINK-5981,556.7
56326,2023-058K,STARLINK-5980,556.7
56327,2023-058L,STARLINK-5997,556.8
56328,2023-058M,STARLINK-5992,556.7
56329,2023-058N,STARLINK-5984,556.7
56331,2023-058Q,STARLINK-5991,569.7
56332,2023-058R,STARLINK-5093,556.6
56333,2023-058S,STARLINK-5553,556.7
56334,2023-058T,STARLINK-5548,556.7
56335,2023-058U,STARLINK-5559,556.7
56336,2023-058V,STARLINK-5562,556.6
56337,2023-058W,STARLINK-5561,558.4
56338,2023-058X,STARLINK-5554,556.7
56339,2023-058Y,STARLINK-5552,557.3
56340,2023-058Z,STARLINK-5540,556.7
56341,2023-058AA,STARLINK-5543,556.8
56342,2023-058AB,STARLINK-5955,556.7
56343,2023-058AC,STARLINK-5976,556.7
56344,2023-058AD,STARLINK-5974,556.7
56345,2023-058AE,STARLINK-5979,570.2
56346,2023-058AF,STARLINK-5837,557.6
56347,2023-058AG,STARLINK-5829,556.7
56348,2023-058AH,STARLINK-5888,570.2
56349,2023-058AJ,STARLINK-5887,556.7
56350,2023-058AK,STARLINK-5886,556.7
56351,2023-058AL,STARLINK-5891,556.7
56352,2023-058AM,STARLINK-5885,570.2
56353,2023-058AN,STARLINK-5874,570.2
56354,2023-058AP,STARLINK-5877,556.7
56355,2023-058AQ,STARLINK-5533,570.2
56356,2023-058AR,STARLINK-5535,556.7
56357,2023-058AS,STARLINK-5538,556.7
56358,2023-058AT,STARLINK-5482,556.7
56359,2023-058AU,STARLINK-5551,570.2
56360,2023-058AV,STARLINK-5549,556.7
56361,2023-058AW,STARLINK-5550,570.0
56362,2023-058AX,STARLINK-5972,556.7
56374,2023-061A,STARLINK-6156,492.7
56375,2023-061B,STARLINK-6158,492.7
56376,2023-061C,STARLINK-6188,492.7
56377,2023-061D,STARLINK-6189,492.7
56378,2023-061E,STARLINK-6191,492.7
56379,2023-061F,STARLINK-6157,492.7
56381,2023-061H,STARLINK-6159,491.2
56382,2023-061J,STARLINK-6160,490.3
56383,2023-061K,STARLINK-6166,492.7
56384,2023-061L,STARLINK-6153,492.7
56385,2023-061M,STARLINK-6173,492.7
56386,2023-061N,STARLINK-5836,492.7
56387,2023-061P,STARLINK-6178,492.8
56388,2023-061Q,STARLINK-6176,490.2
56389,2023-061R,STARLINK-6145,490.2
56391,2023-061T,STARLINK-6298,492.7
56392,2023-061U,STARLINK-6301,498.0
56393,2023-061V,STARLINK-6303,492.7
56394,2023-061W,STARLINK-6305,492.7
56395,2023-061X,STARLINK-6273,504.7
56396,2023-061Y,STARLINK-6302,492.9
56397,2023-061Z,STARLINK-6271,492.8
56398,2023-061AA,STARLINK-6288,492.7
56399,2023-061AB,STARLINK-6277,492.9
56400,2023-061AC,STARLINK-6267,497.9
56404,2023-061AG,STARLINK-6287,495.3
56405,2023-061AH,STARLINK-6285,492.7
56406,2023-061AJ,STARLINK-6283,505.6
56407,2023-061AK,STARLINK-6282,501.4
56408,2023-061AL,STARLINK-6289,492.8
56409,2023-061AM,STARLINK-6241,502.8
56410,2023-061AN,STARLINK-6281,492.7
56411,2023-061AP,STARLINK-6279,507.3
56412,2023-061AQ,STARLINK-6278,501.7
56413,2023-061AR,STARLINK-6258,503.9
56414,2023-061AS,STARLINK-5136,508.4
56416,2023-061AU,STARLINK-6260,566.2
56417,2023-061AV,STARLINK-6261,505.1
56418,2023-061AW,STARLINK-5356,566.3
56419,2023-061AX,STARLINK-5350,509.3
56420,2023-061AY,STARLINK-6272,566.2
56421,2023-061AZ,STARLINK-6270,566.3
56422,2023-061BA,STARLINK-6236,566.2
56423,2023-061BB,STARLINK-6239,566.3
56424,2023-061BC,STARLINK-6242,566.2
56425,2023-061BD,STARLINK-6224,566.2
56426,2023-061BE,STARLINK-5352,566.3
56427,2023-061BF,STARLINK-5724,566.2
56428,2023-061BG,STARLINK-6238,566.2
56429,2023-061BH,STARLINK-6264,566.2
56448,2023-064A,STARLINK-5990,581.7
56449,2023-064B,STARLINK-5993,579.3
56450,2023-064C,STARLINK-5970,579.2
56451,2023-064D,STARLINK-5985,579.2
56452,2023-064E,STARLINK-5986,579.3
56453,2023-064F,STARLINK-5935,579.2
56454,2023-064G,STARLINK-5959,579.2
56455,2023-064H,STARLINK-5987,579.2
56456,2023-064J,STARLINK-5995,579.2
56457,2023-064K,STARLINK-5994,579.3
56458,2023-064L,STARLINK-6050,579.2
56459,2023-064M,STARLINK-6048,579.2
56460,2023-064N,STARLINK-6047,579.2
56461,2023-064P,STARLINK-6037,579.2
56462,2023-064Q,STARLINK-6045,579.2
56463,2023-064R,STARLINK-6051,579.2
56464,2023-064S,STARLINK-6043,579.2
56465,2023-064T,STARLINK-6054,579.2
56466,2023-064U,STARLINK-6053,579.2
56467,2023-064V,STARLINK-6055,579.2
56468,2023-064W,STARLINK-5998,579.2
56469,2023-064X,STARLINK-5518,579.2
56470,2023-064Y,STARLINK-5523,579.2
56471,2023-064Z,STARLINK-5521,579.2
56472,2023-064AA,STARLINK-5038,579.2
56474,2023-064AC,STARLINK-5524,579.2
56475,2023-064AD,STARLINK-5541,579.2
56476,2023-064AE,STARLINK-5545,579.2
56477,2023-064AF,STARLINK-5534,579.2
56478,2023-064AG,STARLINK-6041,579.2
56479,2023-064AH,STARLINK-6044,579.2
56480,2023-064AJ,STARLINK-6214,506.9
56481,2023-064AK,STARLINK-6222,579.2
56482,2023-064AL,STARLINK-6220,579.2
56483,2023-064AM,STARLINK-5868,579.0
56484,2023-064AN,STARLINK-6221,579.2
56485,2023-064AP,STARLINK-6210,579.2
56487,2023-064AR,STARLINK-6196,579.1
56488,2023-064AS,STARLINK-6204,579.2
56489,2023-064AT,STARLINK-5923,579.2
56490,2023-064AU,STARLINK-5873,579.2
56491,2023-064AV,STARLINK-5842,579.2
56492,2023-064AW,STARLINK-5846,579.2
56493,2023-064AX,STARLINK-5841,579.1
56494,2023-064AY,STARLINK-5530,579.2
56495,2023-064AZ,STARLINK-5529,579.2
56496,2023-064BA,STARLINK-5526,579.2
56497,2023-064BB,STARLINK-5527,579.3
56498,2023-064BC,STARLINK-5522,579.2
56503,2023-065A,STARLINK-5775,492.8
56504,2023-065B,STARLINK-5716,492.9
56505,2023-065C,STARLINK-5763,498.5
56506,2023-065D,STARLINK-5340,511.1
56507,2023-065E,STARLINK-5333,566.2
56508,2023-065F,STARLINK-5335,492.7
56509,2023-065G,STARLINK-5334,492.7
56510,2023-065H,STARLINK-5339,492.8
56511,2023-065J,STARLINK-5351,492.9
56512,2023-065K,STARLINK-5349,492.7
56513,2023-065L,STARLINK-5329,492.9
56515,2023-065N,STARLINK-5348,499.1
56516,2023-065P,STARLINK-5342,492.7
56517,2023-065Q,STARLINK-5345,492.7
56518,2023-065R,STARLINK-5346,497.6
56519,2023-065S,STARLINK-6313,498.7
56520,2023-065T,STARLINK-6344,499.4
56521,2023-065U,STARLINK-6333,558.3
56522,2023-065V,STARLINK-6327,496.7
56523,2023-065W,STARLINK-6328,504.2
56524,2023-065X,STARLINK-6323,492.7
56525,2023-065Y,STARLINK-6329,563.8
56526,2023-065Z,STARLINK-6317,507.8
56527,2023-065AA,STARLINK-6335,566.2
56528,2023-065AB,STARLINK-6337,566.2
56529,2023-065AC,STARLINK-6307,504.6
56530,2023-065AD,STARLINK-6318,499.8
56531,2023-065AE,STARLINK-6280,490.2
56532,2023-065AF,STARLINK-6319,490.2
56533,2023-065AG,STARLINK-6310,492.7
56534,2023-065AH,STARLINK-6308,492.8
56535,2023-065AJ,STARLINK-6309,510.0
56536,2023-065AK,STARLINK-6312,516.0
56537,2023-065AL,STARLINK-6311,513.3
56538,2023-065AM,STARLINK-6314,492.7
56539,2023-065AN,STARLINK-6135,515.1
56540,2023-065AP,STARLINK-6136,516.0
56541,2023-065AQ,STARLINK-6249,492.7
56542,2023-065AR,STARLINK-6266,511.2
56544,2023-065AT,STARLINK-6226,492.7
56545,2023-065AU,STARLINK-6086,492.7
56546,2023-065AV,STARLINK-6187,492.7
56547,2023-065AW,STARLINK-6291,490.2
56548,2023-065AX,STARLINK-6244,492.7
56549,2023-065AY,STARLINK-6263,492.7
56550,2023-065AZ,STARLINK-6255,492.7
56551,2023-065BA,STARLINK-6199,492.7
56552,2023-065BB,STARLINK-5802,495.1
56553,2023-065BC,STARLINK-6074,490.2
56554,2023-065BD,STARLINK-6295,491.6
56555,2023-065BE,STARLINK-6252,492.7
56556,2023-065BF,STARLINK-5302,492.7
56557,2023-065BG,STARLINK-6265,492.7
56558,2023-065BH,STARLINK-6286,521.6
56688,2023-067A,STARLINK-30122,510.3
56689,2023-067B,STARLINK-30129,566.2
56690,2023-067C,STARLINK-30124,566.3
56692,2023-067E,STARLINK-30036,566.3
56693,2023-067F,STARLINK-30067,566.3
56694,2023-067G,STARLINK-30126,492.7
56695,2023-067H,STARLINK-30121,566.2
56697,2023-067K,STARLINK-30130,490.2
56698,2023-067L,STARLINK-30068,490.3
56699,2023-067M,STARLINK-30127,566.2
56700,2023-067N,STARLINK-30053,490.2
56701,2023-067P,STARLINK-30125,490.2
56702,2023-067Q,STARLINK-30117,510.9
56703,2023-067R,STARLINK-30132,492.7
56704,2023-067S,STARLINK-30066,490.3
56705,2023-067T,STARLINK-30080,492.7
56706,2023-067U,STARLINK-30079,551.9
56707,2023-067V,STARLINK-30070,490.2
56708,2023-067W,STARLINK-30071,492.7
56709,2023-067X,STARLINK-30085,490.2
56767,2023-078A,STARLINK-6197,520.7
56768,2023-078B,STARLINK-6198,579.2
56770,2023-078D,STARLINK-6342,579.2
56772,2023-078F,STARLINK-6275,579.2
56773,2023-078G,STARLINK-6296,579.2
56774,2023-078H,STARLINK-6190,579.2
56775,2023-078J,STARLINK-6292,579.2
56776,2023-078K,STARLINK-6274,579.2
56777,2023-078L,STARLINK-5582,579.2
56778,2023-078M,STARLINK-6304,579.2
56779,2023-078N,STARLINK-6231,579.3
56780,2023-078P,STARLINK-5963,579.2
56781,2023-078Q,STARLINK-5989,579.1
56782,2023-078R,STARLINK-6352,579.2
56783,2023-078S,STARLINK-6357,579.2
56784,2023-078T,STARLINK-6354,579.2
56785,2023-078U,STARLINK-5931,579.2
56786,2023-078V,STARLINK-6341,579.2
56787,2023-078W,STARLINK-6326,579.2
56788,2023-078X,STARLINK-6336,579.2
56790,2023-078Z,STARLINK-6345,579.2
56791,2023-078AA,STARLINK-5977,579.2
56792,2023-078AB,STARLINK-6046,579.2
56793,2023-078AC,STARLINK-6052,579.2
56794,2023-078AD,STARLINK-6060,579.2
56795,2023-078AE,STARLINK-6061,579.2
56796,2023-078AF,STARLINK-6049,579.2
56797,2023-078AG,STARLINK-6058,579.2
56799,2023-078AJ,STARLINK-5953,579.2
56800,2023-078AK,STARLINK-6036,579.2
56801,2023-078AL,STARLINK-6087,579.2
56802,2023-078AM,STARLINK-6070,402.8
56803,2023-078AN,STARLINK-6029,579.2
56804,2023-078AP,STARLINK-6069,579.2
56805,2023-078AQ,STARLINK-6064,579.2
56806,2023-078AR,STARLINK-6072,579.2
56807,2023-078AS,STARLINK-6073,579.1
56808,2023-078AT,STARLINK-6042,579.2
56809,2023-078AU,STARLINK-6040,579.2
56810,2023-078AV,STARLINK-6031,579.2
56811,2023-078AW,STARLINK-6063,394.8
56812,2023-078AX,STARLINK-6065,579.3
56813,2023-078AY,STARLINK-6056,579.2
56814,2023-078AZ,STARLINK-6059,579.2
56816,2023-078BB,STARLINK-6067,579.2
56818,2023-078BD,STARLINK-6028,579.2
56823,2023-079A,STARLINK-30119,492.7
56824,2023-079B,STARLINK-30120,492.7
56825,2023-079C,STARLINK-30084,492.7
56826,2023-079D,STARLINK-30114,492.7
56827,2023-079E,STARLINK-30151,490.2
56828,2023-079F,STARLINK-30152,492.8
56832,2023-079K,STARLINK-30128,490.2
56833,2023-079L,STARLINK-30131,508.3
56834,2023-079M,STARLINK-30069,490.2
56835,2023-079N,STARLINK-30144,488.0
56836,2023-079P,STARLINK-30142,490.2
56837,2023-079Q,STARLINK-30133,492.7
56838,2023-079R,STARLINK-30123,490.2
56839,2023-079S,STARLINK-30076,492.7
56840,2023-079T,STARLINK-30073,490.3
56841,2023-079U,STARLINK-30078,490.2
56842,2023-079V,STARLINK-30135,492.7
56843,2023-079W,STARLINK-30137,492.7
56844,2023-079X,STARLINK-30136,490.1
56876,2023-083A,STARLINK-6206,512.9
56877,2023-083B,STARLINK-6209,507.4
56878,2023-083C,STARLINK-6182,510.4
56879,2023-083D,STARLINK-5707,515.5
56880,2023-083E,STARLINK-6177,508.6
56881,2023-083F,STARLINK-5853,517.7
56882,2023-083G,STARLINK-6175,509.5
56883,2023-083H,STARLINK-6171,505.5
56884,2023-083J,STARLINK-5515,513.2
56885,2023-083K,STARLINK-5095,507.3
56886,2023-083L,STARLINK-5496,507.8
56887,2023-083M,STARLINK-6180,535.3
56888,2023-083N,STARLINK-6181,536.5
56889,2023-083P,STARLINK-6169,511.0
56890,2023-083Q,STARLINK-5528,536.2
56891,2023-083R,STARLINK-6213,510.4
56892,2023-083S,STARLINK-6219,541.0
56893,2023-083T,STARLINK-6216,514.5
56894,2023-083U,STARLINK-6144,533.2
56895,2023-083V,STARLINK-6208,542.2
56896,2023-083W,STARLINK-6202,542.5
56897,2023-083X,STARLINK-6200,542.4
56898,2023-083Y,STARLINK-6205,492.7
56899,2023-083Z,STARLINK-6203,492.7
56900,2023-083AA,STARLINK-6207,493.0
56901,2023-083AB,STARLINK-6185,492.7
56902,2023-083AC,STARLINK-6195,496.4
56903,2023-083AD,STARLINK-6192,492.7
56904,2023-083AE,STARLINK-6193,493.1
56905,2023-083AF,STARLINK-6183,492.7
56906,2023-083AG,STARLINK-6098,492.7
56907,2023-083AH,STARLINK-6110,492.8
56908,2023-083AJ,STARLINK-6186,492.7
56909,2023-083AK,STARLINK-5999,493.1
56910,2023-083AL,STARLINK-6179,494.5
56911,2023-083AM,STARLINK-6116,492.7
56912,2023-083AN,STARLINK-5805,492.7
56913,2023-083AP,STARLINK-5950,492.7
56914,2023-083AQ,STARLINK-5961,490.2
56915,2023-083AR,STARLINK-5965,492.7
56916,2023-083AS,STARLINK-5973,493.0
56917,2023-083AT,STARLINK-5971,495.6
56918,2023-083AU,STARLINK-5951,492.8
56919,2023-083AV,STARLINK-5966,492.7
56920,2023-083AW,STARLINK-5960,496.3
56921,2023-083AX,STARLINK-5958,493.1
56922,2023-083AY,STARLINK-5937,502.1
56923,2023-083AZ,STARLINK-5952,492.8
56924,2023-083BA,STARLINK-5731,502.6
56925,2023-083BB,STARLINK-5733,498.9
56926,2023-083BC,STARLINK-5746,496.1
56927,2023-083BD,STARLINK-5808,492.7
57049,2023-088B,STARLINK-5850,506.9
57050,2023-088C,STARLINK-5845,517.5
57051,2023-088D,STARLINK-5839,504.3
57052,2023-088E,STARLINK-5860,503.1
57053,2023-088F,STARLINK-5865,511.9
57054,2023-088G,STARLINK-5881,510.8
57055,2023-088H,STARLINK-6237,511.8
57056,2023-088J,STARLINK-6353,508.7
57057,2023-088K,STARLINK-6223,511.6
57058,2023-088L,STARLINK-6217,509.1
57059,2023-088M,STARLINK-6211,492.9
57060,2023-088N,STARLINK-6227,515.5
57061,2023-088P,STARLINK-5869,541.8
57062,2023-088Q,STARLINK-5536,493.0
57063,2023-088R,STARLINK-5832,514.5
57064,2023-088S,STARLINK-5822,507.9
57065,2023-088T,STARLINK-5830,563.8
57066,2023-088U,STARLINK-5827,516.5
57067,2023-088V,STARLINK-5824,511.3
57068,2023-088W,STARLINK-5844,535.6
57069,2023-088X,STARLINK-5821,493.1
57070,2023-088Y,STARLINK-5828,492.8
57071,2023-088Z,STARLINK-5834,492.8
57072,2023-088AA,STARLINK-5843,492.7
57073,2023-088AB,STARLINK-5838,492.7
57074,2023-088AC,STARLINK-5773,542.2
57075,2023-088AD,STARLINK-5542,492.7
57076,2023-088AE,STARLINK-6155,490.7
57077,2023-088AF,STARLINK-6194,492.8
57079,2023-088AH,STARLINK-6245,492.7
57080,2023-088AJ,STARLINK-6243,492.7
57081,2023-088AK,STARLINK-6184,492.6
57082,2023-088AL,STARLINK-6248,492.7
57083,2023-088AM,STARLINK-6253,492.9
57084,2023-088AN,STARLINK-6240,492.7
57085,2023-088AP,STARLINK-6232,492.7
57086,2023-088AQ,STARLINK-6247,492.8
57087,2023-088AR,STARLINK-6251,492.7
57088,2023-088AS,STARLINK-6257,492.7
57089,2023-088AT,STARLINK-6259,492.8
57090,2023-088AU,STARLINK-6254,492.7
57091,2023-088AV,STARLINK-6262,492.8
57092,2023-088AW,STARLINK-6225,492.8
57093,2023-088AX,STARLINK-6229,492.8
57094,2023-088AY,STARLINK-6235,497.0
57101,2023-090A,STARLINK-6132,566.2
57102,2023-090B,STARLINK-6111,566.3
57104,2023-090D,STARLINK-6130,566.2
57105,2023-090E,STARLINK-6097,566.1
57106,2023-090F,STARLINK-6118,566.2
57107,2023-090G,STARLINK-6131,566.3
57108,2023-090H,STARLINK-6099,566.3
57109,2023-090J,STARLINK-6139,566.3
57110,2023-090K,STARLINK-6134,566.2
57111,2023-090L,STARLINK-6140,566.2
57112,2023-090M,STARLINK-6141,566.3
57113,2023-090N,STARLINK-6142,566.3
57114,2023-090P,STARLINK-6125,566.2
57115,2023-090Q,STARLINK-6085,531.5
57116,2023-090R,STARLINK-6129,566.2
57117,2023-090S,STARLINK-6148,566.2
57119,2023-090U,STARLINK-6150,566.2
57120,2023-090V,STARLINK-6147,566.3
57121,2023-090W,STARLINK-6152,566.2
57122,2023-090X,STARLINK-6149,566.3
57123,2023-090Y,STARLINK-6154,566.2
57124,2023-090Z,STARLINK-6146,566.3
57125,2023-090AA,STARLINK-6100,490.2
57126,2023-090AB,STARLINK-6167,566.2
57127,2023-090AC,STARLINK-6165,566.3
57128,2023-090AD,STARLINK-6163,566.2
57129,2023-090AE,STARLINK-6170,492.7
57130,2023-090AF,STARLINK-6172,566.3
57131,2023-090AG,STARLINK-6162,492.7
57132,2023-090AH,STARLINK-6128,566.2
57133,2023-090AJ,STARLINK-6143,492.7
57134,2023-090AK,STARLINK-6133,492.7
57135,2023-090AL,STARLINK-6127,492.7
57136,2023-090AM,STARLINK-6112,492.8
57137,2023-090AN,STARLINK-5347,492.7
57138,2023-090AP,STARLINK-5336,492.7
57139,2023-090AQ,STARLINK-5355,492.8
57141,2023-090AS,STARLINK-5357,492.7
57142,2023-090AT,STARLINK-5361,492.7
57143,2023-090AU,STARLINK-5358,492.7
57144,2023-090AV,STARLINK-5150,492.7
57145,2023-090AW,STARLINK-5768,492.8
57146,2023-090AX,STARLINK-5791,492.7
57147,2023-090AY,STARLINK-5765,495.5
57148,2023-090AZ,STARLINK-5788,492.9
57149,2023-090BA,STARLINK-5778,566.3
57150,2023-090BB,STARLINK-5780,536.9
57151,2023-090BC,STARLINK-5776,492.7
57152,2023-090BD,STARLINK-6164,492.7
57153,2023-090BE,STARLINK-5879,510.8
57154,2023-090BF,STARLINK-6106,493.3
57155,2023-090BG,STARLINK-6108,493.7
57156,2023-090BH,STARLINK-6137,493.3
57218,2023-094A,STARLINK-5525,492.7
57219,2023-094B,STARLINK-5520,508.0
57220,2023-094C,STARLINK-5880,514.0
57221,2023-094D,STARLINK-5875,517.1
57222,2023-094E,STARLINK-5870,492.7
57223,2023-094F,STARLINK-5519,509.0
57224,2023-094G,STARLINK-5983,492.7
57225,2023-094H,STARLINK-6294,492.7
57226,2023-094J,STARLINK-6350,492.7
57227,2023-094K,STARLINK-5996,518.3
57228,2023-094L,STARLINK-6230,492.7
57229,2023-094M,STARLINK-6233,492.7
57230,2023-094N,STARLINK-6250,492.7
57231,2023-094P,STARLINK-5840,492.6
57232,2023-094Q,STARLINK-5872,492.7
57233,2023-094R,STARLINK-5866,492.7
57234,2023-094S,STARLINK-6368,492.7
57235,2023-094T,STARLINK-6360,492.7
57236,2023-094U,STARLINK-6315,493.3
57237,2023-094V,STARLINK-6365,492.7
57238,2023-094W,STARLINK-6334,498.6
57239,2023-094X,STARLINK-6330,492.7
57240,2023-094Y,STARLINK-6351,492.7
57241,2023-094Z,STARLINK-6349,493.0
57242,2023-094AA,STARLINK-6306,492.9
57243,2023-094AB,STARLINK-6346,495.9
57244,2023-094AC,STARLINK-5610,492.7
57245,2023-094AD,STARLINK-5587,501.7
57246,2023-094AE,STARLINK-5049,493.0
57247,2023-094AF,STARLINK-5039,493.1
57248,2023-094AG,STARLINK-5514,496.4
57249,2023-094AH,STARLINK-5517,497.7
57250,2023-094AJ,STARLINK-5488,500.0
57251,2023-094AK,STARLINK-5513,496.6
57252,2023-094AL,STARLINK-5511,496.0
57253,2023-094AM,STARLINK-5516,495.9
57254,2023-094AN,STARLINK-5490,497.7
57255,2023-094AP,STARLINK-5481,495.7
57256,2023-094AQ,STARLINK-5512,502.0
57257,2023-094AR,STARLINK-5503,503.0
57258,2023-094AS,STARLINK-5476,497.8
57260,2023-094AU,STARLINK-5026,504.2
57261,2023-094AV,STARLINK-5485,492.7
57262,2023-094AW,STARLINK-5504,497.9
57263,2023-094AX,STARLINK-5509,492.7
57264,2023-094AY,STARLINK-5858,504.1
57290,2023-096A,STARLINK-30198,512.4
57291,2023-096B,STARLINK-30239,490.3
57294,2023-096E,STARLINK-30235,492.7
57300,2023-096L,STARLINK-30236,490.5
57301,2023-096M,STARLINK-30201,492.7
57302,2023-096N,STARLINK-30233,492.7
57310,2023-096W,STARLINK-30184,490.2
57328,2023-099A,STARLINK-6290,504.4
57329,2023-099B,STARLINK-6138,508.7
57330,2023-099C,STARLINK-6212,511.9
57331,2023-099D,STARLINK-6234,510.3
57332,2023-099E,STARLINK-5831,509.9
57333,2023-099F,STARLINK-5585,507.0
57334,2023-099G,STARLINK-5589,513.7
57335,2023-099H,STARLINK-6316,492.7
57336,2023-099J,STARLINK-6320,492.7
57337,2023-099K,STARLINK-6322,514.3
57338,2023-099L,STARLINK-6374,517.2
57339,2023-099M,STARLINK-6332,526.1
57340,2023-099N,STARLINK-6321,524.2
57341,2023-099P,STARLINK-6377,528.9
57342,2023-099Q,STARLINK-6375,492.7
57343,2023-099R,STARLINK-6379,520.6
57344,2023-099S,STARLINK-6380,510.6
57345,2023-099T,STARLINK-6373,529.5
57346,2023-099U,STARLINK-6359,492.7
57347,2023-099V,STARLINK-6378,540.2
57348,2023-099W,STARLINK-6372,492.7
57349,2023-099X,STARLINK-6376,492.7
57350,2023-099Y,STARLINK-6362,564.7
57351,2023-099Z,STARLINK-6331,492.7
57352,2023-099AA,STARLINK-6297,554.7
57353,2023-099AB,STARLINK-6324,492.7
57354,2023-099AC,STARLINK-6293,566.2
57355,2023-099AD,STARLINK-6276,543.8
57356,2023-099AE,STARLINK-6355,564.6
57357,2023-099AF,STARLINK-5600,550.8
57358,2023-099AG,STARLINK-6299,544.1
57359,2023-099AH,STARLINK-6347,546.1
57360,2023-099AJ,STARLINK-6348,549.0
57361,2023-099AK,STARLINK-6340,559.1
57362,2023-099AL,STARLINK-6343,563.9
57363,2023-099AM,STARLINK-6356,540.8
57364,2023-099AN,STARLINK-6338,549.5
57365,2023-099AP,STARLINK-5007,556.1
57366,2023-099AQ,STARLINK-6174,553.5
57367,2023-099AR,STARLINK-6215,492.7
57368,2023-099AS,STARLINK-6218,554.8
57369,2023-099AT,STARLINK-6168,549.8
57370,2023-099AU,STARLINK-5353,565.4
57371,2023-099AV,STARLINK-6032,553.6
57372,2023-099AW,STARLINK-5975,566.3
57373,2023-099AX,STARLINK-6370,541.6
57374,2023-099AY,STARLINK-6369,492.7
57375,2023-099AZ,STARLINK-6363,566.2
57376,2023-099BA,STARLINK-6367,499.4
57377,2023-099BB,STARLINK-6358,565.8
57378,2023-099BC,STARLINK-6364,499.6
57379,2023-099BD,STARLINK-6361,492.7
57380,2023-099BE,STARLINK-6366,493.8
57381,2023-099BF,STARLINK-6371,492.7
57404,2023-102A,STARLINK-30240,492.7
57406,2023-102C,STARLINK-30195,531.1
57407,2023-102D,STARLINK-30207,490.2
57408,2023-102E,STARLINK-30205,492.7
57409,2023-102F,STARLINK-30222,492.7
57410,2023-102G,STARLINK-30172,492.7
57411,2023-102H,STARLINK-30214,492.7
57412,2023-102J,STARLINK-30182,492.7
57413,2023-102K,STARLINK-30191,490.2
57414,2023-102L,STARLINK-30193,512.2
57415,2023-102M,STARLINK-30208,492.7
57416,2023-102N,STARLINK-30224,492.7
57417,2023-102P,STARLINK-30043,492.7
57418,2023-102Q,STARLINK-30221,531.2
57430,2023-105A,STARLINK-30189,372.5
57432,2023-105C,STARLINK-30188,507.7
57433,2023-105D,STARLINK-30105,490.2
57434,2023-105E,STARLINK-30102,487.2
57437,2023-105H,STARLINK-30237,353.4
57438,2023-105J,STARLINK-30158,490.2
57441,2023-105M,STARLINK-30160,538.1
57442,2023-105N,STARLINK-30146,490.2
57443,2023-105P,STARLINK-30197,490.2
57444,2023-105Q,STARLINK-30181,500.6
57445,2023-105R,STARLINK-30215,490.2
57446,2023-105S,STARLINK-30162,492.7
57447,2023-105T,STARLINK-30178,490.2
57448,2023-105U,STARLINK-30196,498.2
57449,2023-105V,STARLINK-30225,497.2
57450,2023-105W,STARLINK-30217,492.7
57451,2023-105X,STARLINK-30216,490.2
57457,2023-107A,STARLINK-30165,490.2
57458,2023-107B,STARLINK-30140,492.7
57460,2023-107D,STARLINK-30077,490.3
57461,2023-107E,STARLINK-30229,539.4
57462,2023-107F,STARLINK-30088,490.2
57463,2023-107G,STARLINK-30091,490.2
57465,2023-107J,STARLINK-30116,490.1
57467,2023-107L,STARLINK-30092,490.1
57468,2023-107M,STARLINK-30039,490.2
57469,2023-107N,STARLINK-30171,492.7
57470,2023-107P,STARLINK-30186,536.1
57472,2023-107R,STARLINK-30204,490.3
57475,2023-107U,STARLINK-30155,490.2
57476,2023-107V,STARLINK-30161,490.2
57477,2023-107W,STARLINK-30176,490.2
57495,2023-113A,STARLINK-30154,490.2
57496,2023-113B,STARLINK-30145,491.0
57497,2023-113C,STARLINK-30226,492.7
57498,2023-113D,STARLINK-30203,492.8
57499,2023-113E,STARLINK-30169,490.2
57500,2023-113F,STARLINK-30164,492.8
57501,2023-113G,STARLINK-30072,490.6
57503,2023-113J,STARLINK-30230,492.8
57504,2023-113K,STARLINK-30213,492.7
57505,2023-113L,STARLINK-30227,512.7
57506,2023-113M,STARLINK-30212,490.2
57507,2023-113N,STARLINK-30219,479.8
57508,2023-113P,STARLINK-30074,492.7
57509,2023-113Q,STARLINK-30082,490.2
57510,2023-113R,STARLINK-30153,490.1
57511,2023-113S,STARLINK-30147,490.2
57512,2023-113T,STARLINK-30157,490.2
57513,2023-113U,STARLINK-30168,490.2
57514,2023-113V,STARLINK-30231,492.7
57515,2023-113X,STARLINK-30081,490.2
57516,2023-113Y,STARLINK-30149,492.7
57521,2023-115A,STARLINK-30259,490.3
57522,2023-115B,STARLINK-30256,490.2
57523,2023-115C,STARLINK-30261,490.2
57524,2023-115D,STARLINK-30260,490.2
57525,2023-115E,STARLINK-30253,490.2
57526,2023-115F,STARLINK-30257,490.2
57527,2023-115G,STARLINK-30250,490.2
57528,2023-115H,STARLINK-30269,490.2
57529,2023-115J,STARLINK-30266,490.1
57530,2023-115K,STARLINK-30270,490.2
57531,2023-115L,STARLINK-30268,490.3
57532,2023-115M,STARLINK-30251,490.2
57533,2023-115N,STARLINK-30254,490.2
57534,2023-115P,STARLINK-30264,490.1
57602,2023-119A,STARLINK-30166,490.2
57603,2023-119B,STARLINK-30223,551.3
57604,2023-119C,STARLINK-30218,492.7
57605,2023-119D,STARLINK-30138,492.7
57606,2023-119E,STARLINK-30255,492.7
57607,2023-119F,STARLINK-30252,490.2
57608,2023-119G,STARLINK-30258,490.2
57609,2023-119H,STARLINK-30174,492.6
57610,2023-119J,STARLINK-30248,490.2
57611,2023-119K,STARLINK-30052,492.7
57612,2023-119L,STARLINK-30245,490.2
57613,2023-119M,STARLINK-30041,490.2
57614,2023-119N,STARLINK-30244,490.3
57615,2023-119P,STARLINK-30246,490.3
57616,2023-119Q,STARLINK-30075,492.7
57617,2023-119R,STARLINK-30148,492.7
57618,2023-119S,STARLINK-30249,492.7
57620,2023-119U,STARLINK-30141,492.7
57621,2023-119V,STARLINK-30150,492.7
57622,2023-119W,STARLINK-30056,492.7
57623,2023-119X,STARLINK-30100,492.7
57632,2023-122A,STARLINK-30309,490.2
57633,2023-122B,STARLINK-30306,490.2
57634,2023-122C,STARLINK-30323,492.6
57635,2023-122D,STARLINK-30329,490.2
57636,2023-122E,STARLINK-30330,490.2
57637,2023-122F,STARLINK-30311,490.2
57638,2023-122G,STARLINK-30328,492.6
57639,2023-122H,STARLINK-30326,490.2
57640,2023-122J,STARLINK-30324,490.2
57641,2023-122K,STARLINK-30312,490.2
57642,2023-122L,STARLINK-30263,490.2
57643,2023-122M,STARLINK-30280,490.2
57644,2023-122N,STARLINK-30247,490.2
57645,2023-122P,STARLINK-30277,490.2
57646,2023-122Q,STARLINK-30265,490.1
57647,2023-122R,STARLINK-30286,490.2
57648,2023-122S,STARLINK-30243,490.2
57650,2023-122U,STARLINK-30299,490.2
57651,2023-122V,STARLINK-30294,490.2
57652,2023-122W,STARLINK-30276,492.8
57653,2023-122X,STARLINK-30289,492.7
57663,2023-124A,STARLINK-30267,482.4
57665,2023-124C,STARLINK-30298,482.4
57666,2023-124D,STARLINK-30301,482.4
57667,2023-124E,STARLINK-30275,482.4
57668,2023-124F,STARLINK-30278,482.4
57669,2023-124G,STARLINK-30271,482.4
57670,2023-124H,STARLINK-30322,482.4
57671,2023-124J,STARLINK-30296,482.4
57672,2023-124K,STARLINK-30274,482.4
57673,2023-124L,STARLINK-30316,482.4
57676,2023-124P,STARLINK-30313,482.5
57677,2023-124Q,STARLINK-30303,482.4
57678,2023-124R,STARLINK-30320,482.4
57679,2023-124S,STARLINK-30321,482.4
57680,2023-124T,STARLINK-30283,482.4
57681,2023-124U,STARLINK-30273,482.4
57682,2023-124V,STARLINK-30297,482.4
57683,2023-124W,STARLINK-30295,482.4
57698,2023-129A,STARLINK-30288,490.2
57699,2023-129B,STARLINK-30347,492.7
57700,2023-129C,STARLINK-30332,562.9
57701,2023-129D,STARLINK-30345,490.2
57702,2023-129E,STARLINK-30333,490.2
57703,2023-129F,STARLINK-30336,490.2
57704,2023-129G,STARLINK-30346,490.2
57707,2023-129K,STARLINK-30327,487.4
57708,2023-129L,STARLINK-30315,490.2
57709,2023-129M,STARLINK-30287,490.2
57710,2023-129N,STARLINK-30335,490.2
57711,2023-129P,STARLINK-30318,490.3
57712,2023-129Q,STARLINK-30348,490.2
57713,2023-129R,STARLINK-30349,490.2
57714,2023-129S,STARLINK-30341,490.2
57715,2023-129T,STARLINK-30300,490.2
57716,2023-129U,STARLINK-30281,490.1
57717,2023-129V,STARLINK-30325,490.2
57718,2023-129W,STARLINK-30338,490.2
57719,2023-129X,STARLINK-30334,490.2
57732,2023-131A,STARLINK-30375,493.0
57733,2023-131B,STARLINK-30310,566.2
57734,2023-131C,STARLINK-30365,492.7
57735,2023-131D,STARLINK-30371,566.1
57736,2023-131E,STARLINK-30352,566.3
57737,2023-131F,STARLINK-30344,557.8
57738,2023-131G,STARLINK-30351,490.2
57739,2023-131H,STARLINK-30242,490.2
57740,2023-131J,STARLINK-30331,490.2
57741,2023-131K,STARLINK-30364,492.7
57742,2023-131L,STARLINK-30308,492.7
57743,2023-131M,STARLINK-30361,492.7
57744,2023-131N,STARLINK-30363,492.7
57745,2023-131P,STARLINK-30362,492.7
57746,2023-131Q,STARLINK-30350,490.2
57747,2023-131R,STARLINK-30307,492.7
57748,2023-131S,STARLINK-30356,492.7
57749,2023-131T,STARLINK-30366,526.7
57750,2023-131U,STARLINK-30357,566.2
57751,2023-131V,STARLINK-30370,490.2
57752,2023-131W,STARLINK-30368,492.7
57753,2023-131X,STARLINK-30343,566.3
57771,2023-134A,STARLINK-30397,490.3
57772,2023-134B,STARLINK-30354,492.7
57773,2023-134C,STARLINK-30383,490.2
57774,2023-134D,STARLINK-30384,492.6
57775,2023-134E,STARLINK-30305,490.2
57776,2023-134F,STARLINK-30360,490.2
57777,2023-134G,STARLINK-30355,492.7
57778,2023-134H,STARLINK-30385,490.2
57779,2023-134J,STARLINK-30359,490.2
57780,2023-134K,STARLINK-30380,490.2
57781,2023-134L,STARLINK-30369,490.2
57782,2023-134M,STARLINK-30376,490.2
57783,2023-134N,STARLINK-30389,492.7
57784,2023-134P,STARLINK-30388,490.2
57785,2023-134Q,STARLINK-30381,490.2
57786,2023-134R,STARLINK-30382,490.2
57787,2023-134S,STARLINK-30378,490.2
57788,2023-134T,STARLINK-30387,492.7
57789,2023-134U,STARLINK-30372,490.2
57791,2023-134W,STARLINK-30367,490.2
57809,2023-138B,STARLINK-30374,490.2
57810,2023-138C,STARLINK-30394,490.2
57811,2023-138D,STARLINK-30379,490.2
57812,2023-138E,STARLINK-30395,490.2
57813,2023-138F,STARLINK-30403,490.2
57814,2023-138G,STARLINK-30413,490.2
57815,2023-138H,STARLINK-30398,490.2
57816,2023-138J,STARLINK-30386,490.2
57817,2023-138K,STARLINK-30391,490.2
57818,2023-138L,STARLINK-30401,490.4
57819,2023-138M,STARLINK-30390,492.7
57820,2023-138N,STARLINK-30409,492.6
57821,2023-138P,STARLINK-30415,492.7
57823,2023-138R,STARLINK-30407,490.3
57824,2023-138S,STARLINK-30408,492.6
57825,2023-138T,STARLINK-30377,490.2
57826,2023-138U,STARLINK-30422,492.7
57827,2023-138V,STARLINK-30402,490.2
57828,2023-138W,STARLINK-30411,490.2
57829,2023-138X,STARLINK-30418,492.7
57840,2023-141A,STARLINK-30285,482.4
57841,2023-141B,STARLINK-30410,482.4
57842,2023-141C,STARLINK-30435,482.4
57843,2023-141D,STARLINK-30423,482.4
57844,2023-141E,STARLINK-30292,482.3
57847,2023-141H,STARLINK-30416,482.3
57848,2023-141J,STARLINK-30426,482.4
57849,2023-141K,STARLINK-30430,482.4
57850,2023-141L,STARLINK-30425,482.4
57851,2023-141M,STARLINK-30405,482.4
57852,2023-141N,STARLINK-30431,482.3
57853,2023-141P,STARLINK-30404,482.4
57854,2023-141Q,STARLINK-30412,482.4
57855,2023-141R,STARLINK-30392,482.4
57856,2023-141S,STARLINK-30291,482.4
57857,2023-141T,STARLINK-30424,482.4
57858,2023-141U,STARLINK-30290,482.4
57859,2023-141V,STARLINK-30414,482.4
57860,2023-141W,STARLINK-30272,482.5
57864,2023-144A,STARLINK-30432,490.3
57865,2023-144B,STARLINK-30427,490.2
57866,2023-144C,STARLINK-30393,490.2
57867,2023-144D,STARLINK-30439,490.1
57868,2023-144E,STARLINK-30442,490.3
57869,2023-144F,STARLINK-30441,490.2
57870,2023-144G,STARLINK-30460,490.2
57871,2023-144H,STARLINK-30444,490.2
57872,2023-144J,STARLINK-30446,490.2
57873,2023-144K,STARLINK-30445,490.1
57874,2023-144L,STARLINK-30447,490.2
57875,2023-144M,STARLINK-30434,490.3
57876,2023-144N,STARLINK-30429,492.7
57877,2023-144P,STARLINK-30284,490.2
57878,2023-144Q,STARLINK-30433,490.2
57879,2023-144R,STARLINK-30358,490.2
57880,2023-144S,STARLINK-30436,490.2
57882,2023-144U,STARLINK-30339,492.7
57883,2023-144V,STARLINK-30282,490.1
57884,2023-144W,STARLINK-30340,490.2
57885,2023-144X,STARLINK-30279,490.2
57891,2023-146A,STARLINK-30465,492.7
57892,2023-146B,STARLINK-30470,492.7
57893,2023-146C,STARLINK-30473,492.7
57894,2023-146D,STARLINK-30443,491.1
57895,2023-146E,STARLINK-30467,492.7
57896,2023-146F,STARLINK-30469,490.4
57897,2023-146G,STARLINK-30474,492.7
57898,2023-146H,STARLINK-30479,492.7
57899,2023-146J,STARLINK-30481,492.7
57900,2023-146K,STARLINK-30457,492.7
57901,2023-146L,STARLINK-30472,490.2
57902,2023-146M,STARLINK-30462,492.7
57903,2023-146N,STARLINK-30449,492.7
57904,2023-146P,STARLINK-30466,492.6
57906,2023-146R,STARLINK-30428,492.7
57907,2023-146S,STARLINK-30482,490.2
57908,2023-146T,STARLINK-30464,540.1
57909,2023-146U,STARLINK-30463,492.7
57910,2023-146V,STARLINK-30453,492.7
57911,2023-146W,STARLINK-30478,492.7
57912,2023-146X,STARLINK-30477,490.2
57913,2023-147A,STARLINK-30450,491.3
57914,2023-147B,STARLINK-30483,490.2
57915,2023-147C,STARLINK-30454,492.7
57917,2023-147E,STARLINK-30501,491.6
57918,2023-147F,STARLINK-30499,490.2
57919,2023-147G,STARLINK-30496,490.2
57920,2023-147H,STARLINK-30485,492.7
57921,2023-147J,STARLINK-30492,490.2
57923,2023-147L,STARLINK-30440,492.7
57924,2023-147M,STARLINK-30487,492.7
57925,2023-147N,STARLINK-30452,492.7
57926,2023-147P,STARLINK-30468,492.7
57928,2023-147R,STARLINK-30448,492.7
57930,2023-147T,STARLINK-30476,453.9
57931,2023-147U,STARLINK-30488,492.7
57932,2023-147V,STARLINK-30471,492.7
57933,2023-147W,STARLINK-30461,490.2
57935,2023-148A,STARLINK-30712,482.4
57936,2023-148B,STARLINK-30716,482.4
57937,2023-148C,STARLINK-30400,482.5
57938,2023-148D,STARLINK-30710,482.4
57939,2023-148E,STARLINK-30714,482.4
57940,2023-148F,STARLINK-30711,482.4
57941,2023-148G,STARLINK-30715,482.3
57942,2023-148H,STARLINK-30455,482.4
57943,2023-148J,STARLINK-30456,482.4
57944,2023-148K,STARLINK-30708,482.4
57945,2023-148L,STARLINK-30705,482.4
57946,2023-148M,STARLINK-30704,482.4
57947,2023-148N,STARLINK-30706,482.4
57949,2023-148Q,STARLINK-30707,482.2
57950,2023-148R,STARLINK-30701,482.4
57951,2023-148S,STARLINK-30399,482.5
57952,2023-148T,STARLINK-30713,482.4
57953,2023-148U,STARLINK-30700,482.4
57954,2023-148V,STARLINK-30703,482.5
57955,2023-148W,STARLINK-30702,482.4
57964,2023-151A,STARLINK-30396,490.2
57965,2023-151B,STARLINK-30524,490.2
57966,2023-151C,STARLINK-30521,490.2
57967,2023-151D,STARLINK-30528,490.2
57968,2023-151E,STARLINK-30495,490.1
57970,2023-151G,STARLINK-30494,490.2
57971,2023-151H,STARLINK-30498,490.2
57972,2023-151J,STARLINK-30505,490.2
57973,2023-151K,STARLINK-30502,490.2
57974,2023-151L,STARLINK-30489,490.2
57975,2023-151M,STARLINK-30503,490.2
57976,2023-151N,STARLINK-30512,490.2
57977,2023-151P,STARLINK-30509,490.2
57978,2023-151Q,STARLINK-30511,492.7
57979,2023-151R,STARLINK-30508,490.2
57981,2023-151T,STARLINK-30510,490.1
57982,2023-151U,STARLINK-30507,490.2
57983,2023-151V,STARLINK-30515,492.8
57984,2023-151W,STARLINK-30516,492.7
57985,2023-151X,STARLINK-30519,490.2
57991,2023-153A,STARLINK-30537,490.2
57992,2023-153B,STARLINK-30534,490.2
57993,2023-153C,STARLINK-30536,492.7
57994,2023-153D,STARLINK-30538,490.2
57995,2023-153E,STARLINK-30517,490.3
57997,2023-153G,STARLINK-30523,490.2
57998,2023-153H,STARLINK-30531,490.8
57999,2023-153J,STARLINK-30552,492.7
58000,2023-153K,STARLINK-30545,490.2
58001,2023-153L,STARLINK-30535,490.2
58002,2023-153M,STARLINK-30540,490.2
58003,2023-153N,STARLINK-30546,429.3
58004,2023-153P,STARLINK-30539,492.7
58005,2023-153Q,STARLINK-30530,491.8
58006,2023-153R,STARLINK-30526,495.2
58007,2023-153S,STARLINK-30527,490.2
58008,2023-153T,STARLINK-30522,490.2
58009,2023-153U,STARLINK-30486,490.2
58010,2023-153V,STARLINK-30520,490.2
58011,2023-153W,STARLINK-30497,490.1
58012,2023-153X,STARLINK-30525,490.2
58028,2023-156A,STARLINK-30514,482.4
58029,2023-156B,STARLINK-30518,482.4
58030,2023-156C,STARLINK-30549,482.4
58031,2023-156D,STARLINK-30556,482.4
58032,2023-156E,STARLINK-30561,482.4
58033,2023-156F,STARLINK-30562,482.4
58034,2023-156G,STARLINK-30565,482.4
58035,2023-156H,STARLINK-30438,482.4
58036,2023-156J,STARLINK-30437,482.4
58037,2023-156K,STARLINK-30533,482.3
58038,2023-156L,STARLINK-30560,482.4
58040,2023-156N,STARLINK-30555,482.4
58041,2023-156P,STARLINK-30542,482.4
58042,2023-156Q,STARLINK-30563,482.4
58043,2023-156R,STARLINK-30564,482.4
58044,2023-156S,STARLINK-30547,482.4
58045,2023-156T,STARLINK-30550,482.4
58046,2023-156U,STARLINK-30548,482.4
58047,2023-156V,STARLINK-30529,482.4
58048,2023-156W,STARLINK-30554,482.4
58051,2023-158A,STARLINK-30568,490.2
58052,2023-158B,STARLINK-30575,490.2
58053,2023-158C,STARLINK-30577,490.2
58054,2023-158D,STARLINK-30566,490.1
58055,2023-158E,STARLINK-30544,490.2
58056,2023-158F,STARLINK-30553,490.2
58057,2023-158G,STARLINK-30541,490.2
58058,2023-158H,STARLINK-30573,490.2
58059,2023-158J,STARLINK-30582,490.3
58060,2023-158K,STARLINK-30558,490.2
58061,2023-158L,STARLINK-30579,490.2
58062,2023-158M,STARLINK-30588,490.2
58063,2023-158N,STARLINK-30585,490.2
58064,2023-158P,STARLINK-30587,490.2
58065,2023-158Q,STARLINK-30576,490.2
58066,2023-158R,STARLINK-30571,490.2
58067,2023-158S,STARLINK-30567,490.1
58068,2023-158T,STARLINK-30569,492.8
58069,2023-158U,STARLINK-30480,490.2
58070,2023-158V,STARLINK-30532,490.2
58072,2023-158X,STARLINK-30506,490.2
58075,2023-160A,STARLINK-30604,490.2
58076,2023-160B,STARLINK-30500,490.2
58077,2023-160C,STARLINK-30613,490.2
58078,2023-160D,STARLINK-30597,490.2
58079,2023-160E,STARLINK-30598,490.2
58080,2023-160F,STARLINK-30603,490.2
58081,2023-160G,STARLINK-30602,502.8
58082,2023-160H,STARLINK-30610,492.7
58083,2023-160J,STARLINK-30551,492.7
58084,2023-160K,STARLINK-30586,492.7
58085,2023-160L,STARLINK-30609,492.6
58086,2023-160M,STARLINK-30583,492.7
58087,2023-160N,STARLINK-30557,490.2
58088,2023-160P,STARLINK-30591,490.2
58089,2023-160Q,STARLINK-30584,490.2
58090,2023-160R,STARLINK-30590,492.1
58091,2023-160S,STARLINK-30608,492.7
58092,2023-160T,STARLINK-30615,492.7
58093,2023-160U,STARLINK-30578,490.2
58094,2023-160V,STARLINK-30574,490.1
58095,2023-160W,STARLINK-30570,490.2
58096,2023-160X,STARLINK-30581,490.2
58097,2023-161A,STARLINK-30594,482.3
58098,2023-161B,STARLINK-30614,482.4
58099,2023-161C,STARLINK-30607,482.3
58100,2023-161D,STARLINK-30600,482.3
58101,2023-161E,STARLINK-30605,482.4
58102,2023-161F,STARLINK-30592,482.4
58103,2023-161G,STARLINK-30589,482.4
58104,2023-161H,STARLINK-30617,482.5
58105,2023-161J,STARLINK-30616,482.4
58106,2023-161K,STARLINK-30612,482.4
58107,2023-161L,STARLINK-30421,482.4
58108,2023-161M,STARLINK-30611,482.4
58109,2023-161N,STARLINK-30606,482.4
58110,2023-161P,STARLINK-30596,482.4
58111,2023-161Q,STARLINK-30595,482.4
58112,2023-161R,STARLINK-30593,482.4
58113,2023-161S,STARLINK-30353,482.4
58114,2023-161T,STARLINK-30572,482.4
58115,2023-161U,STARLINK-30580,482.4
58116,2023-161V,STARLINK-30493,482.4
58117,2023-161W,STARLINK-30601,482.4
58118,2023-162A,STARLINK-30795,490.2
58119,2023-162B,STARLINK-30765,492.7
58120,2023-162C,STARLINK-30768,492.7
58121,2023-162D,STARLINK-30799,492.7
58122,2023-162E,STARLINK-30759,492.7
58123,2023-162F,STARLINK-30781,490.2
58124,2023-162G,STARLINK-30754,490.2
58125,2023-162H,STARLINK-30766,490.2
58126,2023-162J,STARLINK-30767,490.2
58127,2023-162K,STARLINK-30790,529.1
58128,2023-162L,STARLINK-30787,490.2
58129,2023-162M,STARLINK-30756,490.8
58130,2023-162N,STARLINK-30783,490.2
58131,2023-162P,STARLINK-30757,490.2
58132,2023-162Q,STARLINK-30770,490.2
58133,2023-162R,STARLINK-30758,490.3
58134,2023-162S,STARLINK-30761,490.2
58135,2023-162T,STARLINK-30772,490.2
58136,2023-162U,STARLINK-30776,485.3
58137,2023-162V,STARLINK-30782,492.7
58138,2023-162W,STARLINK-30769,490.2
58139,2023-162X,STARLINK-30775,492.7
58140,2023-162Y,STARLINK-30780,490.3
58150,2023-166A,STARLINK-30802,482.5
58151,2023-166B,STARLINK-30834,482.4
58152,2023-166C,STARLINK-30833,482.6
58153,2023-166D,STARLINK-30831,482.3
58154,2023-166E,STARLINK-30797,482.4
58155,2023-166F,STARLINK-30804,482.3
58156,2023-166G,STARLINK-30784,482.5
58157,2023-166H,STARLINK-30803,482.5
58158,2023-166J,STARLINK-30829,482.4
58159,2023-166K,STARLINK-30788,482.4
58160,2023-166L,STARLINK-30779,482.4
58161,2023-166M,STARLINK-30773,482.4
58162,2023-166N,STARLINK-30816,482.4
58163,2023-166P,STARLINK-30763,482.4
58164,2023-166Q,STARLINK-30815,482.4
58165,2023-166R,STARLINK-30814,482.4
58166,2023-166S,STARLINK-30789,482.4
58167,2023-166T,STARLINK-30811,482.5
58168,2023-166U,STARLINK-30812,482.4
58169,2023-166V,STARLINK-30771,482.4
58170,2023-166W,STARLINK-30764,482.4
58171,2023-166X,STARLINK-30752,482.4
58175,2023-167A,STARLINK-30753,490.7
58176,2023-167B,STARLINK-30824,490.2
58177,2023-167C,STARLINK-30791,492.7
58178,2023-167D,STARLINK-30810,490.2
58179,2023-167E,STARLINK-30819,490.2
58180,2023-167F,STARLINK-30806,490.2
58181,2023-167G,STARLINK-30821,490.2
58182,2023-167H,STARLINK-30778,490.3
58183,2023-167J,STARLINK-30809,490.2
58184,2023-167K,STARLINK-30801,490.2
58185,2023-167L,STARLINK-30793,490.2
58186,2023-167M,STARLINK-30755,490.2
58187,2023-167N,STARLINK-30760,492.7
58188,2023-167P,STARLINK-30826,490.2
58189,2023-167Q,STARLINK-30796,490.2
58190,2023-167R,STARLINK-30820,490.2
58191,2023-167S,STARLINK-30785,490.2
58192,2023-167T,STARLINK-30807,490.2
58193,2023-167U,STARLINK-30822,490.2
58194,2023-167V,STARLINK-30830,490.2
58195,2023-167W,STARLINK-30827,490.2
58196,2023-167X,STARLINK-30798,490.2
58197,2023-167Y,STARLINK-30762,490.2
58206,2023-170A,STARLINK-30800,490.2
58207,2023-170B,STARLINK-30845,563.3
58208,2023-170C,STARLINK-30841,492.0
58209,2023-170D,STARLINK-30839,492.7
58210,2023-170E,STARLINK-30846,490.2
58211,2023-170F,STARLINK-30838,490.2
58212,2023-170G,STARLINK-30837,490.3
58213,2023-170H,STARLINK-30813,492.7
58214,2023-170J,STARLINK-30805,490.2
58215,2023-170K,STARLINK-30851,490.2
58217,2023-170M,STARLINK-30818,492.7
58218,2023-170N,STARLINK-30794,492.8
58219,2023-170P,STARLINK-30835,492.6
58220,2023-170Q,STARLINK-30792,559.6
58221,2023-170R,STARLINK-30836,492.7
58222,2023-170S,STARLINK-30855,490.2
58223,2023-170T,STARLINK-30840,492.7
58224,2023-170U,STARLINK-30875,490.2
58225,2023-170V,STARLINK-30872,490.2
58226,2023-170W,STARLINK-30865,492.7
58227,2023-170X,STARLINK-30874,492.8
58228,2023-170Y,STARLINK-30871,490.2
58230,2023-171A,STARLINK-30861,501.6
58231,2023-171B,STARLINK-30867,490.2
58232,2023-171C,STARLINK-30880,492.6
58233,2023-171D,STARLINK-30777,492.7
58234,2023-171E,STARLINK-30860,492.6
58236,2023-171G,STARLINK-30853,492.7
58237,2023-171H,STARLINK-30866,492.7
58238,2023-171J,STARLINK-30817,492.7
58239,2023-171K,STARLINK-30847,492.7
58240,2023-171L,STARLINK-30848,490.2
58241,2023-171M,STARLINK-30843,490.2
58242,2023-171N,STARLINK-30877,490.2
58243,2023-171P,STARLINK-30864,490.2
58244,2023-171Q,STARLINK-30854,490.2
58245,2023-171R,STARLINK-30849,492.6
58246,2023-171S,STARLINK-30886,490.2
58247,2023-171T,STARLINK-30850,490.2
58248,2023-171U,STARLINK-30823,495.2
58249,2023-171V,STARLINK-30873,492.7
58250,2023-171W,STARLINK-30808,490.2
58251,2023-171X,STARLINK-30881,490.2
58252,2023-171Y,STARLINK-30883,492.7
58352,2023-177B,STARLINK-30907,490.2
58353,2023-177C,STARLINK-30896,490.2
58354,2023-177D,STARLINK-30832,491.6
58355,2023-177E,STARLINK-30903,490.2
58356,2023-177F,STARLINK-30905,492.7
58357,2023-177G,STARLINK-30842,498.1
58358,2023-177H,STARLINK-30858,490.2
58359,2023-177J,STARLINK-30878,492.7
58360,2023-177K,STARLINK-30897,566.2
58361,2023-177L,STARLINK-30885,492.7
58362,2023-177M,STARLINK-30890,492.7
58363,2023-177N,STARLINK-30909,492.9
58364,2023-177P,STARLINK-30904,556.1
58365,2023-177Q,STARLINK-30918,492.8
58366,2023-177R,STARLINK-30892,492.7
58367,2023-177S,STARLINK-30891,492.7
58368,2023-177T,STARLINK-30889,490.2
58369,2023-177U,STARLINK-30870,490.2
58370,2023-177V,STARLINK-30888,490.1
58371,2023-177W,STARLINK-30859,490.1
58372,2023-177X,STARLINK-30884,492.7
58373,2023-177Y,STARLINK-30852,490.2
58374,2023-178A,STARLINK-30911,482.4
58375,2023-178B,STARLINK-30894,482.4
58376,2023-178C,STARLINK-30910,482.5
58377,2023-178D,STARLINK-30914,482.4
58378,2023-178E,STARLINK-30920,482.4
58379,2023-178F,STARLINK-30882,482.4
58380,2023-178G,STARLINK-30915,482.4
58381,2023-178H,STARLINK-30923,482.4
58382,2023-178J,STARLINK-30927,482.4
58383,2023-178K,STARLINK-30921,482.4
58384,2023-178L,STARLINK-30825,482.3
58385,2023-178M,STARLINK-30930,482.5
58386,2023-178N,STARLINK-30929,482.4
58387,2023-178P,STARLINK-30898,482.4
58388,2023-178Q,STARLINK-30913,482.4
58389,2023-178R,STARLINK-30938,482.4
58390,2023-178S,STARLINK-30868,482.4
58391,2023-178T,STARLINK-30916,482.5
58393,2023-178V,STARLINK-30939,482.4
58394,2023-178W,STARLINK-30887,482.5
58395,2023-178X,STARLINK-30934,482.4
58402,2023-180A,STARLINK-30964,490.2
58403,2023-180B,STARLINK-30844,490.2
58404,2023-180C,STARLINK-30876,490.2
58405,2023-180D,STARLINK-30952,490.2
58406,2023-180E,STARLINK-30925,490.3
58407,2023-180F,STARLINK-30954,490.2
58408,2023-180G,STARLINK-30906,492.6
58409,2023-180H,STARLINK-30940,490.2
58410,2023-180J,STARLINK-30933,490.2
58411,2023-180K,STARLINK-30919,490.2
58412,2023-180L,STARLINK-30924,477.1
58413,2023-180M,STARLINK-30931,490.2
58414,2023-180N,STARLINK-30922,490.1
58415,2023-180P,STARLINK-30949,490.2
58416,2023-180Q,STARLINK-30967,490.1
58417,2023-180R,STARLINK-30955,490.1
58418,2023-180S,STARLINK-30895,490.2
58419,2023-180T,STARLINK-30917,490.2
58420,2023-180U,STARLINK-30899,490.2
58421,2023-180V,STARLINK-30902,490.2
58422,2023-180W,STARLINK-30912,490.3
58423,2023-180X,STARLINK-30900,490.2
58424,2023-180Y,STARLINK-30908,490.2
58437,2023-183A,STARLINK-30869,492.7
58438,2023-183B,STARLINK-30969,492.7
58439,2023-183C,STARLINK-30951,492.2
58440,2023-183D,STARLINK-30950,490.2
58441,2023-183E,STARLINK-30942,491.4
58442,2023-183F,STARLINK-30959,492.8
58443,2023-183G,STARLINK-30971,492.7
58444,2023-183H,STARLINK-30963,490.2
58445,2023-183J,STARLINK-30961,492.7
58446,2023-183K,STARLINK-30975,490.7
58447,2023-183L,STARLINK-30976,492.7
58448,2023-183M,STARLINK-30926,492.7
58449,2023-183N,STARLINK-30943,490.2
58450,2023-183P,STARLINK-30946,490.2
58451,2023-183Q,STARLINK-30944,492.9
58452,2023-183R,STARLINK-30928,492.7
58453,2023-183S,STARLINK-30957,492.7
58454,2023-183T,STARLINK-30966,490.2
58455,2023-183U,STARLINK-30935,492.7
58457,2023-183W,STARLINK-30958,490.2
58458,2023-183X,STARLINK-30962,492.7
58459,2023-183Y,STARLINK-30977,490.3
58473,2023-186A,STARLINK-30947,492.7
58475,2023-186C,STARLINK-30941,490.8
58476,2023-186D,STARLINK-30980,490.2
58477,2023-186E,STARLINK-30965,490.6
58478,2023-186F,STARLINK-30990,492.6
58480,2023-186H,STARLINK-30984,490.2
58481,2023-186J,STARLINK-30956,492.7
58482,2023-186K,STARLINK-30997,490.1
58483,2023-186L,STARLINK-30994,490.2
58484,2023-186M,STARLINK-30991,490.2
58485,2023-186N,STARLINK-30979,490.2
58486,2023-186P,STARLINK-31005,490.2
58487,2023-186Q,STARLINK-30987,490.3
58488,2023-186R,STARLINK-31000,490.1
58489,2023-186S,STARLINK-30993,490.2
58490,2023-186T,STARLINK-30978,490.2
58491,2023-186U,STARLINK-30953,490.2
58492,2023-186V,STARLINK-30986,490.2
58493,2023-186W,STARLINK-30985,490.2
58494,2023-186X,STARLINK-30981,490.2
58495,2023-186Y,STARLINK-31002,490.2
58508,2023-191A,STARLINK-31026,516.3
58509,2023-191B,STARLINK-31020,490.2
58510,2023-191C,STARLINK-30989,490.2
58511,2023-191D,STARLINK-30968,490.2
58512,2023-191E,STARLINK-30982,490.2
58513,2023-191F,STARLINK-30998,492.7
58514,2023-191G,STARLINK-30983,490.1
58515,2023-191H,STARLINK-31017,490.2
58516,2023-191J,STARLINK-31028,490.3
58517,2023-191K,STARLINK-31011,490.2
58518,2023-191L,STARLINK-31021,492.7
58519,2023-191M,STARLINK-31010,490.2
58520,2023-191N,STARLINK-31003,490.2
58521,2023-191P,STARLINK-31015,490.2
58523,2023-191R,STARLINK-30932,490.2
58524,2023-191S,STARLINK-30992,490.2
58525,2023-191T,STARLINK-30948,490.2
58526,2023-191U,STARLINK-31013,554.2
58527,2023-191V,STARLINK-31001,492.8
58528,2023-191W,STARLINK-31004,490.2
58529,2023-191X,STARLINK-30988,490.2
58530,2023-191Y,STARLINK-31009,490.2
58531,2023-192A,STARLINK-31012,482.4
58532,2023-192B,STARLINK-31035,482.4
58533,2023-192C,STARLINK-31036,482.4
58534,2023-192D,STARLINK-30936,482.4
58535,2023-192E,STARLINK-31032,482.4
58536,2023-192F,STARLINK-31037,482.4
58537,2023-192G,STARLINK-31041,482.6
58538,2023-192H,STARLINK-31014,482.4
58539,2023-192J,STARLINK-31055,482.4
58540,2023-192K,STARLINK-31019,482.4
58541,2023-192L,STARLINK-31045,482.4
58542,2023-192M,STARLINK-31030,482.4
58543,2023-192N,STARLINK-31049,482.4
58544,2023-192P,STARLINK-31048,482.5
58545,2023-192Q,STARLINK-31057,482.4
58546,2023-192R,STARLINK-31050,482.4
58547,2023-192S,STARLINK-31063,482.4
58548,2023-192T,STARLINK-31016,482.4
58549,2023-192U,STARLINK-31053,482.4
58550,2023-192V,STARLINK-31056,482.4
58551,2023-192W,STARLINK-30999,482.4
58552,2023-192X,STARLINK-31046,482.4
58589,2023-200A,STARLINK-31044,492.7
58590,2023-200B,STARLINK-31062,492.7
58592,2023-200D,STARLINK-31096,496.4
58593,2023-200E,STARLINK-31094,492.7
58594,2023-200F,STARLINK-31075,492.8
58595,2023-200G,STARLINK-30857,490.2
58596,2023-200H,STARLINK-31059,490.2
58597,2023-200J,STARLINK-31087,492.8
58598,2023-200K,STARLINK-31079,443.5
58600,2023-200M,STARLINK-31052,492.8
58601,2023-200N,STARLINK-31074,490.3
58602,2023-200P,STARLINK-31071,490.2
58603,2023-200Q,STARLINK-31080,492.7
58604,2023-200R,STARLINK-31088,492.7
58605,2023-200S,STARLINK-31038,493.4
58606,2023-200T,STARLINK-31082,492.7
58607,2023-200U,STARLINK-31069,492.7
58608,2023-200V,STARLINK-31067,492.7
58609,2023-200W,STARLINK-31085,490.3
58610,2023-200X,STARLINK-31089,492.7
58611,2023-200Y,STARLINK-31061,490.2
58619,2023-203B,STARLINK-31054,490.2
58621,2023-203D,STARLINK-31134,490.2
58622,2023-203E,STARLINK-31133,490.2
58623,2023-203F,STARLINK-31068,490.2
58624,2023-203G,STARLINK-31129,490.0
58625,2023-203H,STARLINK-30774,490.1
58626,2023-203J,STARLINK-31086,490.2
58627,2023-203K,STARLINK-31065,490.3
58628,2023-203L,STARLINK-31092,490.2
58629,2023-203M,STARLINK-31091,490.2
58630,2023-203N,STARLINK-31084,490.2
58631,2023-203P,STARLINK-31064,490.2
58632,2023-203Q,STARLINK-31081,490.2
58633,2023-203R,STARLINK-31022,490.2
58634,2023-203S,STARLINK-31025,490.1
58635,2023-203T,STARLINK-31018,490.2
58636,2023-203U,STARLINK-31008,490.2
58637,2023-203V,STARLINK-31077,490.2
58638,2023-203W,STARLINK-31078,490.2
58639,2023-203X,STARLINK-31070,490.2
58640,2023-203Y,STARLINK-31090,490.2
58668,2023-211B,STARLINK-31113,490.2
58669,2023-211C,STARLINK-31128,490.2
58670,2023-211D,STARLINK-31083,490.2
58671,2023-211E,STARLINK-30828,490.2
58672,2023-211F,STARLINK-31104,466.6
58673,2023-211G,STARLINK-31131,490.3
58674,2023-211H,STARLINK-31124,490.3
58675,2023-211J,STARLINK-31126,490.2
58676,2023-211K,STARLINK-31066,490.2
58677,2023-211L,STARLINK-31058,490.2
58678,2023-211M,STARLINK-31125,490.3
58679,2023-211N,STARLINK-31110,490.2
58680,2023-211P,STARLINK-31112,490.2
58681,2023-211Q,STARLINK-31147,490.2
58682,2023-211R,STARLINK-31144,490.2
58683,2023-211S,STARLINK-31095,490.2
58684,2023-211T,STARLINK-31107,490.2
58685,2023-211U,STARLINK-31121,490.2
58686,2023-211V,STARLINK-31137,490.2
58689,2023-211Y,STARLINK-31106,490.1
58705,2024-002A,STARLINK-11072,366.9
58706,2024-002B,STARLINK-11075,366.9
58707,2024-002C,STARLINK-11077,366.9
58708,2024-002D,STARLINK-11079,366.9
58709,2024-002E,STARLINK-11076,366.9
58710,2024-002F,STARLINK-11078,366.9
58711,2024-002G,STARLINK-31031,482.4
58712,2024-002H,STARLINK-31029,482.4
58713,2024-002J,STARLINK-30973,482.4
58714,2024-002K,STARLINK-31100,482.4
58715,2024-002L,STARLINK-31102,482.4
58716,2024-002M,STARLINK-31098,482.3
58717,2024-002N,STARLINK-31093,482.4
58718,2024-002P,STARLINK-31097,482.4
58719,2024-002Q,STARLINK-31051,482.4
58720,2024-002R,STARLINK-31027,415.3
58721,2024-002S,STARLINK-30972,482.4
58722,2024-002T,STARLINK-31040,482.4
58723,2024-002U,STARLINK-31033,482.3
58724,2024-002V,STARLINK-30893,482.4
58725,2024-002W,STARLINK-30856,482.4
58729,2024-005B,STARLINK-31115,490.2
58732,2024-005E,STARLINK-31180,490.1
58733,2024-005F,STARLINK-31164,490.2
58734,2024-005G,STARLINK-31152,490.2
58735,2024-005H,STARLINK-31157,490.1
58736,2024-005J,STARLINK-31076,490.2
58737,2024-005K,STARLINK-31101,490.2
58738,2024-005L,STARLINK-31108,490.2
58739,2024-005M,STARLINK-31042,492.5
58740,2024-005N,STARLINK-31159,490.2
58741,2024-005P,STARLINK-31148,490.2
58742,2024-005Q,STARLINK-31151,490.2
58743,2024-005R,STARLINK-31156,492.7
58744,2024-005S,STARLINK-31167,490.2
58745,2024-005T,STARLINK-31176,492.4
58746,2024-005U,STARLINK-31181,490.4
58747,2024-005V,STARLINK-31183,492.7
58748,2024-005W,STARLINK-31165,490.2
58749,2024-005X,STARLINK-31160,492.7
58750,2024-005Y,STARLINK-31179,492.7
58765,2024-011A,STARLINK-31127,482.4
58766,2024-011B,STARLINK-31114,482.4
58767,2024-011C,STARLINK-31140,482.4
58769,2024-011E,STARLINK-31146,482.4
58770,2024-011F,STARLINK-31143,482.4
58771,2024-011G,STARLINK-31135,482.4
58772,2024-011H,STARLINK-31136,482.4
58773,2024-011J,STARLINK-31073,482.4
58774,2024-011K,STARLINK-31122,482.4
58775,2024-011L,STARLINK-31123,482.4
58776,2024-011M,STARLINK-31117,482.4
58777,2024-011N,STARLINK-31132,482.4
58778,2024-011P,STARLINK-31120,482.4
58779,2024-011Q,STARLINK-31142,482.4
58781,2024-011S,STARLINK-31099,482.4
58783,2024-011U,STARLINK-31047,482.4
58784,2024-011V,STARLINK-31039,482.5
58785,2024-011W,STARLINK-31034,482.4
58786,2024-011X,STARLINK-31024,482.4
58787,2024-012A,STARLINK-31189,490.2
58788,2024-012B,STARLINK-31185,490.2
58789,2024-012C,STARLINK-31166,490.2
58790,2024-012D,STARLINK-31187,490.3
58791,2024-012E,STARLINK-31162,490.2
58793,2024-012G,STARLINK-31184,490.2
58794,2024-012H,STARLINK-31192,490.2
58795,2024-012J,STARLINK-31161,490.2
58796,2024-012K,STARLINK-31195,490.2
58797,2024-012L,STARLINK-31193,490.2
58798,2024-012M,STARLINK-31168,490.2
58800,2024-012P,STARLINK-31191,490.2
58801,2024-012Q,STARLINK-31170,490.3
58803,2024-012S,STARLINK-31141,490.2
58804,2024-012T,STARLINK-31188,490.2
58806,2024-012V,STARLINK-31138,490.2
58807,2024-012W,STARLINK-31163,490.1
58808,2024-012X,STARLINK-31174,490.2
58809,2024-012Y,STARLINK-31169,490.2
58826,2024-017A,STARLINK-31233,482.4
58827,2024-017B,STARLINK-31271,482.3
58828,2024-017C,STARLINK-31222,482.4
58829,2024-017D,STARLINK-31258,482.4
58830,2024-017E,STARLINK-31253,482.4
58831,2024-017F,STARLINK-31232,482.4
58832,2024-017G,STARLINK-31263,482.4
58834,2024-017J,STARLINK-31171,482.4
58835,2024-017K,STARLINK-31246,482.4
58836,2024-017L,STARLINK-31251,482.4
58838,2024-017N,STARLINK-31249,482.4
58839,2024-017P,STARLINK-31250,482.4
58840,2024-017Q,STARLINK-31248,482.4
58841,2024-017R,STARLINK-31236,482.4
58842,2024-017S,STARLINK-31228,482.4
58843,2024-017T,STARLINK-31280,482.4
58844,2024-017U,STARLINK-31269,482.4
58845,2024-017V,STARLINK-31264,482.4
58846,2024-017W,STARLINK-31273,482.4
58847,2024-017X,STARLINK-31262,482.3
58853,2024-019A,STARLINK-31238,490.2
58854,2024-019B,STARLINK-31158,490.2
58855,2024-019C,STARLINK-31237,490.2
58856,2024-019D,STARLINK-31244,490.2
58858,2024-019F,STARLINK-31226,490.3
58859,2024-019G,STARLINK-31197,490.2
58860,2024-019H,STARLINK-31213,490.2
58861,2024-019J,STARLINK-31199,490.2
58862,2024-019K,STARLINK-31200,490.2
58863,2024-019L,STARLINK-31149,490.2
58864,2024-019M,STARLINK-31242,490.2
58865,2024-019N,STARLINK-31223,490.2
58866,2024-019P,STARLINK-31219,490.2
58867,2024-019Q,STARLINK-31198,490.2
58868,2024-019R,STARLINK-31196,490.4
58869,2024-019S,STARLINK-31203,490.2
58870,2024-019T,STARLINK-31201,490.2
58871,2024-019U,STARLINK-31214,490.2
58872,2024-019V,STARLINK-31215,490.2
58873,2024-019W,STARLINK-31177,490.2
58874,2024-019X,STARLINK-30945,490.2
58875,2024-019Y,STARLINK-31212,490.3
58876,2024-020A,STARLINK-31306,482.4
58877,2024-020B,STARLINK-31326,482.4
58878,2024-020C,STARLINK-31300,482.4
58879,2024-020D,STARLINK-31296,482.4
58880,2024-020E,STARLINK-31328,482.4
58881,2024-020F,STARLINK-31260,482.4
58882,2024-020G,STARLINK-31323,482.5
58883,2024-020H,STARLINK-31209,482.4
58884,2024-020J,STARLINK-31315,482.4
58885,2024-020K,STARLINK-31318,482.4
58886,2024-020L,STARLINK-31320,482.4
58887,2024-020M,STARLINK-31321,482.4
58889,2024-020P,STARLINK-31007,482.4
58890,2024-020Q,STARLINK-31230,482.4
58891,2024-020R,STARLINK-31245,482.4
58893,2024-020T,STARLINK-31255,482.4
58894,2024-020U,STARLINK-31243,482.4
58895,2024-020V,STARLINK-31218,482.4
58897,2024-020X,STARLINK-31190,482.4
58931,2024-027A,STARLINK-31317,482.4
58932,2024-027B,STARLINK-31378,482.4
58933,2024-027C,STARLINK-31350,482.4
58934,2024-027D,STARLINK-31337,482.4
58935,2024-027E,STARLINK-31362,482.4
58936,2024-027F,STARLINK-31383,482.4
58937,2024-027G,STARLINK-31390,482.3
58938,2024-027H,STARLINK-31377,482.4
58939,2024-027J,STARLINK-31372,482.4
58940,2024-027K,STARLINK-31371,482.4
58941,2024-027L,STARLINK-31345,482.4
58942,2024-027M,STARLINK-31354,482.4
58943,2024-027N,STARLINK-31346,482.3
58944,2024-027P,STARLINK-31336,482.4
58945,2024-027Q,STARLINK-31359,482.4
58946,2024-027R,STARLINK-31331,482.4
58947,2024-027S,STARLINK-31116,482.4
58948,2024-027T,STARLINK-31311,482.4
58949,2024-027U,STARLINK-31294,482.3
58951,2024-027W,STARLINK-31330,482.4
58952,2024-027X,STARLINK-31293,482.4
58965,2024-031A,STARLINK-31373,482.4
58966,2024-031B,STARLINK-31449,482.3
58967,2024-031C,STARLINK-31314,482.4
58968,2024-031D,STARLINK-31356,482.4
58969,2024-031E,STARLINK-31335,482.4
58970,2024-031F,STARLINK-31368,482.4
58971,2024-031G,STARLINK-31333,482.4
58972,2024-031H,STARLINK-31351,482.4
58973,2024-031J,STARLINK-31365,482.4
58974,2024-031K,STARLINK-31361,482.4
58975,2024-031L,STARLINK-31369,482.4
58976,2024-031M,STARLINK-31324,482.4
58977,2024-031N,STARLINK-31358,482.3
58978,2024-031P,STARLINK-31355,482.4
58979,2024-031Q,STARLINK-31380,482.3
58980,2024-031R,STARLINK-31353,482.4
58981,2024-031S,STARLINK-31339,482.4
58983,2024-031U,STARLINK-31384,482.4
58984,2024-031V,STARLINK-31379,482.4
58985,2024-031W,STARLINK-31385,482.4
58986,2024-031X,STARLINK-31229,482.4
58998,2024-036A,STARLINK-31468,482.4
58999,2024-036B,STARLINK-31440,482.4
59000,2024-036C,STARLINK-31529,482.4
59002,2024-036E,STARLINK-31431,482.5
59004,2024-036G,STARLINK-31435,482.4
59005,2024-036H,STARLINK-31484,482.5
59006,2024-036J,STARLINK-31450,482.4
59007,2024-036K,STARLINK-31456,482.4
59008,2024-036L,STARLINK-31460,482.4
59009,2024-036M,STARLINK-31488,482.4
59010,2024-036N,STARLINK-31528,482.3
59011,2024-036P,STARLINK-31491,482.4
59012,2024-036Q,STARLINK-31465,482.4
59013,2024-036R,STARLINK-31389,482.3
59014,2024-036S,STARLINK-31454,482.4
59015,2024-036T,STARLINK-31521,482.4
59016,2024-036U,STARLINK-31526,482.4
59017,2024-036V,STARLINK-31406,482.4
59018,2024-036W,STARLINK-31527,482.5
59019,2024-036X,STARLINK-31436,482.4
59023,2024-038A,STARLINK-30996,490.2
59024,2024-038B,STARLINK-31006,490.1
59025,2024-038C,STARLINK-31178,490.2
59027,2024-038E,STARLINK-30863,490.3
59028,2024-038F,STARLINK-31206,490.2
59029,2024-038G,STARLINK-31224,490.2
59030,2024-038H,STARLINK-31186,490.2
59031,2024-038J,STARLINK-31211,490.2
59032,2024-038K,STARLINK-30862,490.2
59033,2024-038L,STARLINK-31210,490.2
59034,2024-038M,STARLINK-31231,490.2
59035,2024-038N,STARLINK-31207,490.2
59036,2024-038P,STARLINK-31217,490.4
59037,2024-038Q,STARLINK-31208,490.2
59038,2024-038R,STARLINK-31235,490.2
59039,2024-038S,STARLINK-31220,490.2
59040,2024-038T,STARLINK-31225,490.1
59041,2024-038U,STARLINK-31240,490.2
59042,2024-038V,STARLINK-31202,495.3
59043,2024-038W,STARLINK-31234,490.2
59044,2024-038X,STARLINK-31153,490.2
59045,2024-038Y,STARLINK-31241,490.2
59046,2024-038Z,STARLINK-31205,490.3
59074,2024-041A,STARLINK-31265,490.2
59075,2024-041B,STARLINK-31276,490.2
59076,2024-041C,STARLINK-31259,490.2
59077,2024-041D,STARLINK-31281,490.2
59078,2024-041E,STARLINK-31274,490.2
59079,2024-041F,STARLINK-31257,490.2
59081,2024-041H,STARLINK-31292,490.2
59082,2024-041J,STARLINK-31286,490.3
59083,2024-041K,STARLINK-31252,490.2
59084,2024-041L,STARLINK-31261,490.2
59085,2024-041M,STARLINK-31290,490.2
59086,2024-041N,STARLINK-31279,490.2
59087,2024-041P,STARLINK-31266,490.2
59088,2024-041Q,STARLINK-31313,490.2
59089,2024-041R,STARLINK-31307,490.2
59090,2024-041S,STARLINK-31316,490.2
59092,2024-041U,STARLINK-31310,490.2
59093,2024-041V,STARLINK-31343,490.2
59095,2024-041X,STARLINK-31295,490.2
59096,2024-041Y,STARLINK-31291,490.2
59152,2024-044A,STARLINK-31312,490.2
59153,2024-044B,STARLINK-31308,490.2
59154,2024-044C,STARLINK-31270,490.2
59155,2024-044D,STARLINK-31341,490.3
59156,2024-044E,STARLINK-31338,490.2
59157,2024-044F,STARLINK-31334,490.2
59158,2024-044G,STARLINK-31297,490.2
59159,2024-044H,STARLINK-31182,490.2
59160,2024-044J,STARLINK-31327,490.2
59161,2024-044K,STARLINK-31256,490.2
59162,2024-044L,STARLINK-31272,490.2
59163,2024-044M,STARLINK-31278,490.2
59164,2024-044N,STARLINK-31309,490.2
59165,2024-044P,STARLINK-31325,490.5
59166,2024-044Q,STARLINK-31342,490.2
59167,2024-044R,STARLINK-31298,490.2
59168,2024-044S,STARLINK-31322,489.1
59169,2024-044T,STARLINK-31329,490.2
59170,2024-044U,STARLINK-31340,490.0
59171,2024-044V,STARLINK-31344,490.2
59172,2024-044W,STARLINK-31348,490.2
59173,2024-044X,STARLINK-31289,490.2
59174,2024-044Y,STARLINK-31283,490.3
59178,2024-045A,STARLINK-31439,490.2
59179,2024-045B,STARLINK-31410,490.3
59180,2024-045C,STARLINK-31395,490.2
59181,2024-045D,STARLINK-31486,490.2
59182,2024-045E,STARLINK-31411,490.2
59184,2024-045G,STARLINK-31382,490.2
59185,2024-045H,STARLINK-31394,490.2
59186,2024-045J,STARLINK-31403,490.2
59187,2024-045K,STARLINK-31514,490.2
59188,2024-045L,STARLINK-31478,490.2
59189,2024-045M,STARLINK-31498,490.2
59190,2024-045N,STARLINK-31563,490.2
59191,2024-045P,STARLINK-31551,490.2
59192,2024-045Q,STARLINK-31536,490.2
59193,2024-045R,STARLINK-31548,490.2
59194,2024-045S,STARLINK-31542,490.2
59195,2024-045T,STARLINK-31554,490.2
59196,2024-045U,STARLINK-31558,490.2
59197,2024-045V,STARLINK-31275,490.2
59198,2024-045W,STARLINK-31590,490.2
59199,2024-045X,STARLINK-31567,490.2
59200,2024-045Y,STARLINK-31503,490.2
59201,2024-046A,STARLINK-31603,482.4
59202,2024-046B,STARLINK-31602,482.4
59203,2024-046C,STARLINK-31577,482.5
59204,2024-046D,STARLINK-31522,482.4
59205,2024-046E,STARLINK-31586,482.3
59206,2024-046F,STARLINK-31247,482.4
59207,2024-046G,STARLINK-31591,482.4
59208,2024-046H,STARLINK-31576,482.4
59209,2024-046J,STARLINK-31601,482.3
59210,2024-046K,STARLINK-31520,482.4
59211,2024-046L,STARLINK-31496,482.4
59212,2024-046M,STARLINK-31492,482.4
59213,2024-046N,STARLINK-31517,482.4
59214,2024-046P,STARLINK-31604,482.4
59215,2024-046Q,STARLINK-31434,482.4
59216,2024-046R,STARLINK-31417,482.4
59217,2024-046S,STARLINK-31499,482.4
59218,2024-046T,STARLINK-31421,482.3
59219,2024-046U,STARLINK-31518,482.4
59220,2024-046V,STARLINK-31523,482.4
59221,2024-046W,STARLINK-31516,482.4
59222,2024-046X,STARLINK-31490,482.4
59223,2024-046Y,STARLINK-31420,482.4
59232,2024-049B,STARLINK-31305,490.2
59233,2024-049C,STARLINK-31459,490.2
59234,2024-049D,STARLINK-31438,490.2
59235,2024-049E,STARLINK-31467,490.3
59236,2024-049F,STARLINK-31444,487.3
59237,2024-049G,STARLINK-31505,490.2
59238,2024-049H,STARLINK-31494,490.2
59239,2024-049J,STARLINK-31303,490.2
59240,2024-049K,STARLINK-31408,490.2
59241,2024-049L,STARLINK-31427,490.2
59242,2024-049M,STARLINK-31423,490.2
59243,2024-049N,STARLINK-31433,490.2
59244,2024-049P,STARLINK-31285,490.2
59245,2024-049Q,STARLINK-31268,308.4
59246,2024-049R,STARLINK-31284,490.2
59247,2024-049S,STARLINK-31424,490.2
59248,2024-049T,STARLINK-31405,490.2
59249,2024-049U,STARLINK-31426,490.2
59250,2024-049V,STARLINK-31407,490.2
59252,2024-049X,STARLINK-31393,490.2
59253,2024-049Y,STARLINK-31425,490.3
59254,2024-050A,STARLINK-31659,482.4
59255,2024-050B,STARLINK-31629,482.4
59256,2024-050C,STARLINK-31652,482.4
59258,2024-050E,STARLINK-31637,482.4
59259,2024-050F,STARLINK-31506,482.4
59261,2024-050H,STARLINK-31639,482.4
59263,2024-050K,STARLINK-31598,482.4
59264,2024-050L,STARLINK-31645,482.4
59265,2024-050M,STARLINK-31646,482.4
59266,2024-050N,STARLINK-31648,482.4
59267,2024-050P,STARLINK-31579,482.5
59268,2024-050Q,STARLINK-31627,482.4
59269,2024-050R,STARLINK-31609,482.4
59270,2024-050S,STARLINK-31616,482.4
59271,2024-050T,STARLINK-31630,482.4
59272,2024-050U,STARLINK-31623,482.4
59273,2024-050V,STARLINK-31595,482.4
59296,2024-056A,STARLINK-31463,490.2
59297,2024-056B,STARLINK-31487,490.2
59298,2024-056C,STARLINK-31386,490.2
59299,2024-056D,STARLINK-31409,490.2
59300,2024-056E,STARLINK-31489,490.2
59301,2024-056F,STARLINK-31502,490.2
59302,2024-056G,STARLINK-31447,490.2
59303,2024-056H,STARLINK-31504,490.2
59304,2024-056J,STARLINK-31474,490.2
59305,2024-056K,STARLINK-31500,490.2
59306,2024-056L,STARLINK-31480,490.3
59307,2024-056M,STARLINK-31282,490.2
59308,2024-056N,STARLINK-31485,490.2
59309,2024-056P,STARLINK-31455,490.3
59310,2024-056Q,STARLINK-31475,490.2
59312,2024-056S,STARLINK-31445,490.2
59313,2024-056T,STARLINK-31495,490.2
59314,2024-056U,STARLINK-31477,490.3
59315,2024-056V,STARLINK-31446,490.2
59316,2024-056W,STARLINK-31479,490.2
59317,2024-056X,STARLINK-31349,490.4
59318,2024-056Y,STARLINK-31464,490.2
59320,2024-057A,STARLINK-31402,490.2
59321,2024-057B,STARLINK-31578,490.3
59322,2024-057C,STARLINK-31530,439.7
59323,2024-057D,STARLINK-31565,490.2
59324,2024-057E,STARLINK-31570,490.2
59325,2024-057F,STARLINK-31611,490.2
59326,2024-057G,STARLINK-31632,490.2
59327,2024-057H,STARLINK-31599,490.3
59328,2024-057J,STARLINK-31614,490.2
59329,2024-057K,STARLINK-31493,490.2
59330,2024-057L,STARLINK-31634,490.2
59331,2024-057M,STARLINK-31633,490.1
59332,2024-057N,STARLINK-31594,490.2
59333,2024-057P,STARLINK-31572,490.2
59334,2024-057Q,STARLINK-31573,490.2
59335,2024-057R,STARLINK-31588,490.2
59336,2024-057S,STARLINK-31596,490.2
59337,2024-057T,STARLINK-31612,490.2
59338,2024-057U,STARLINK-31550,490.2
59339,2024-057V,STARLINK-31473,490.3
59340,2024-057W,STARLINK-31562,490.1
59341,2024-057X,STARLINK-31600,490.2
59342,2024-057Y,STARLINK-31628,490.2
59348,2024-060A,STARLINK-31605,490.2
59349,2024-060B,STARLINK-31532,490.2
59350,2024-060C,STARLINK-31593,490.3
59351,2024-060D,STARLINK-31555,490.2
59352,2024-060E,STARLINK-31561,490.2
59353,2024-060F,STARLINK-31413,490.2
59354,2024-060G,STARLINK-31422,490.2
59355,2024-060H,STARLINK-31416,490.2
59356,2024-060J,STARLINK-31552,490.3
59357,2024-060K,STARLINK-31557,490.2
59358,2024-060L,STARLINK-31559,490.2
59359,2024-060M,STARLINK-31501,490.2
59360,2024-060N,STARLINK-31549,490.3
59361,2024-060P,STARLINK-31560,490.2
59362,2024-060Q,STARLINK-31571,490.2
59363,2024-060R,STARLINK-31553,490.3
59364,2024-060S,STARLINK-31547,490.2
59365,2024-060T,STARLINK-31537,490.2
59366,2024-060U,STARLINK-31451,490.2
59367,2024-060V,STARLINK-31428,490.2
59368,2024-060W,STARLINK-31419,490.2
59369,2024-060X,STARLINK-31583,490.2
59370,2024-060Y,STARLINK-31461,490.2
59374,2024-062A,STARLINK-31641,482.4
59375,2024-062B,STARLINK-31430,482.4
59376,2024-062C,STARLINK-31695,482.4
59377,2024-062D,STARLINK-31716,482.4
59378,2024-062E,STARLINK-31710,482.4
59379,2024-062F,STARLINK-31698,482.4
59380,2024-062G,STARLINK-31680,482.4
59381,2024-062H,STARLINK-31713,482.4
59382,2024-062J,STARLINK-31705,482.4
59384,2024-062L,STARLINK-31715,482.4
59385,2024-062M,STARLINK-31717,482.4
59386,2024-062N,STARLINK-31688,482.4
59387,2024-062P,STARLINK-31714,482.4
59388,2024-062Q,STARLINK-31643,482.4
59389,2024-062R,STARLINK-31647,482.4
59390,2024-062S,STARLINK-31649,482.4
59391,2024-062T,STARLINK-31644,482.4
59392,2024-062U,STARLINK-31626,482.4
59393,2024-062V,STARLINK-31443,482.4
59394,2024-062W,STARLINK-31607,482.6
59397,2024-062X,STARLINK-31608,482.4
59398,2024-064A,STARLINK-31534,490.2
59399,2024-064B,STARLINK-31544,490.2
59400,2024-064C,STARLINK-31545,490.2
59401,2024-064D,STARLINK-31507,490.2
59402,2024-064E,STARLINK-31543,490.2
59403,2024-064F,STARLINK-31366,490.0
59404,2024-064G,STARLINK-31374,490.2
59405,2024-064H,STARLINK-31400,490.2
59406,2024-064J,STARLINK-31391,490.2
59407,2024-064K,STARLINK-31387,490.2
59409,2024-064M,STARLINK-31396,490.2
59410,2024-064N,STARLINK-31412,490.2
59411,2024-064P,STARLINK-31483,490.2
59412,2024-064Q,STARLINK-31568,490.2
59413,2024-064R,STARLINK-31615,490.2
59414,2024-064S,STARLINK-31457,490.2
59415,2024-064T,STARLINK-31398,490.3
59416,2024-064U,STARLINK-31399,490.2
59417,2024-064V,STARLINK-31401,490.2
59418,2024-064W,STARLINK-31414,490.1
59419,2024-064X,STARLINK-31415,490.2
59420,2024-064Y,STARLINK-31466,490.3
59421,2024-065A,STARLINK-11087,366.9
59422,2024-065B,STARLINK-11090,366.9
59423,2024-065C,STARLINK-11093,366.9
59424,2024-065D,STARLINK-11083,367.0
59425,2024-065E,STARLINK-11085,366.9
59426,2024-065F,STARLINK-11089,366.9
59427,2024-065G,STARLINK-31757,482.4
59429,2024-065J,STARLINK-31773,482.5
59430,2024-065K,STARLINK-31772,482.4
59431,2024-065L,STARLINK-31613,482.4
59432,2024-065M,STARLINK-31780,482.4
59433,2024-065N,STARLINK-31740,482.3
59434,2024-065P,STARLINK-31580,482.4
59435,2024-065Q,STARLINK-31696,482.4
59436,2024-065R,STARLINK-31700,482.4
59437,2024-065S,STARLINK-31706,482.4
59438,2024-065T,STARLINK-31711,482.4
59439,2024-065U,STARLINK-31708,482.5
59441,2024-065W,STARLINK-31693,482.6
59456,2024-068B,STARLINK-31622,490.2
59457,2024-068C,STARLINK-31319,490.1
59458,2024-068D,STARLINK-31625,490.3
59459,2024-068E,STARLINK-31631,490.2
59460,2024-068F,STARLINK-31620,490.3
59462,2024-068H,STARLINK-31511,490.2
59463,2024-068J,STARLINK-31364,490.2
59464,2024-068K,STARLINK-31597,490.2
59465,2024-068L,STARLINK-31621,490.2
59466,2024-068M,STARLINK-31462,490.4
59467,2024-068N,STARLINK-31592,490.2
59468,2024-068P,STARLINK-31267,490.2
59469,2024-068Q,STARLINK-31381,490.2
59470,2024-068R,STARLINK-31546,490.2
59471,2024-068S,STARLINK-31575,490.2
59473,2024-068U,STARLINK-31610,490.3
59474,2024-068V,STARLINK-31581,490.2
59475,2024-068W,STARLINK-31566,490.2
59476,2024-068X,STARLINK-31515,490.2
59477,2024-068Y,STARLINK-31531,490.2
59484,2024-071A,STARLINK-31753,490.2
59486,2024-071C,STARLINK-31733,490.2
59487,2024-071D,STARLINK-31657,490.2
59488,2024-071E,STARLINK-31754,490.2
59489,2024-071F,STARLINK-31638,490.3
59490,2024-071G,STARLINK-31670,490.2
59491,2024-071H,STARLINK-31712,490.1
59492,2024-071J,STARLINK-31684,490.2
59493,2024-071K,STARLINK-31678,490.2
59494,2024-071L,STARLINK-31744,490.2
59495,2024-071M,STARLINK-31719,490.3
59496,2024-071N,STARLINK-31728,490.2
59497,2024-071P,STARLINK-31720,490.2
59498,2024-071Q,STARLINK-31731,490.2
59499,2024-071R,STARLINK-31742,490.1
59500,2024-071S,STARLINK-31512,490.2
59501,2024-071T,STARLINK-31458,490.2
59502,2024-071U,STARLINK-31357,490.2
59503,2024-071V,STARLINK-31508,490.2
59504,2024-071W,STARLINK-31535,490.2
59505,2024-071X,STARLINK-31533,490.3
59506,2024-071Y,STARLINK-31524,490.2
59511,2024-073A,STARLINK-31635,490.2
59512,2024-073B,STARLINK-31650,490.2
59513,2024-073C,STARLINK-31658,490.2
59515,2024-073E,STARLINK-31669,490.2
59516,2024-073F,STARLINK-31671,490.2
59517,2024-073G,STARLINK-31674,490.2
59519,2024-073J,STARLINK-31679,490.3
59520,2024-073K,STARLINK-31370,490.4
59521,2024-073L,STARLINK-31404,490.3
59522,2024-073M,STARLINK-31453,490.2
59523,2024-073N,STARLINK-31476,490.3
59525,2024-073Q,STARLINK-31538,490.2
59526,2024-073R,STARLINK-31564,490.2
59527,2024-073S,STARLINK-31452,490.0
59529,2024-073U,STARLINK-31513,490.1
59530,2024-073V,STARLINK-31392,490.2
59531,2024-073W,STARLINK-31619,490.2
59533,2024-073Y,STARLINK-31509,490.2
59534,2024-074A,STARLINK-31734,490.2
59535,2024-074B,STARLINK-31738,490.2
59536,2024-074C,STARLINK-31721,490.3
59537,2024-074D,STARLINK-31737,490.2
59538,2024-074E,STARLINK-31725,381.9
59539,2024-074F,STARLINK-31539,490.2
59540,2024-074G,STARLINK-31397,490.2
59541,2024-074H,STARLINK-31481,490.2
59542,2024-074J,STARLINK-31540,490.2
59543,2024-074K,STARLINK-31574,490.2
59544,2024-074L,STARLINK-31556,490.2
59545,2024-074M,STARLINK-31582,490.2
59546,2024-074N,STARLINK-31519,490.2
59547,2024-074P,STARLINK-31736,490.2
59548,2024-074Q,STARLINK-31675,490.2
59549,2024-074R,STARLINK-31722,490.2
59550,2024-074S,STARLINK-31741,490.2
59551,2024-074T,STARLINK-31699,490.2
59552,2024-074U,STARLINK-31750,490.2
59553,2024-074V,STARLINK-31723,490.2
59554,2024-074W,STARLINK-31724,490.2
59555,2024-074X,STARLINK-31730,490.2
59556,2024-074Y,STARLINK-31718,490.2
59564,2024-076A,STARLINK-31747,490.2
59565,2024-076B,STARLINK-31388,490.2
59566,2024-076C,STARLINK-31332,490.2
59567,2024-076D,STARLINK-31689,490.2
59568,2024-076E,STARLINK-31471,490.2
59569,2024-076F,STARLINK-31470,490.2
59570,2024-076G,STARLINK-31587,490.2
59571,2024-076H,STARLINK-31606,490.2
59572,2024-076J,STARLINK-31666,490.2
59573,2024-076K,STARLINK-31683,490.2
59574,2024-076L,STARLINK-31751,490.2
59575,2024-076M,STARLINK-31510,490.2
59576,2024-076N,STARLINK-31663,490.2
59577,2024-076P,STARLINK-31692,490.2
59578,2024-076Q,STARLINK-31685,490.2
59579,2024-076R,STARLINK-31686,490.2
59580,2024-076S,STARLINK-31668,490.3
59581,2024-076T,STARLINK-31690,490.2
59582,2024-076U,STARLINK-31701,489.8
59583,2024-076V,STARLINK-31697,490.2
59584,2024-076W,STARLINK-31662,490.2
59585,2024-076X,STARLINK-31702,490.2
59586,2024-076Y,STARLINK-31704,470.5
59601,2024-080A,STARLINK-31770,490.2
59602,2024-080B,STARLINK-31778,490.2
59603,2024-080C,STARLINK-31776,490.2
59604,2024-080D,STARLINK-31765,490.4
59605,2024-080E,STARLINK-31767,490.2
59606,2024-080F,STARLINK-31782,490.2
59607,2024-080G,STARLINK-31755,490.2
59608,2024-080H,STARLINK-31585,490.2
59609,2024-080J,STARLINK-31667,490.2
59610,2024-080K,STARLINK-31729,490.2
59611,2024-080L,STARLINK-31448,490.2
59612,2024-080M,STARLINK-31748,490.4
59613,2024-080N,STARLINK-31746,490.2
59614,2024-080P,STARLINK-31762,490.2
59615,2024-080Q,STARLINK-31761,348.8
59616,2024-080R,STARLINK-31768,490.2
59617,2024-080S,STARLINK-31769,490.2
59618,2024-080T,STARLINK-31784,490.2
59619,2024-080U,STARLINK-31777,490.2
59621,2024-080W,STARLINK-31758,490.2
59622,2024-080X,STARLINK-31774,490.2
59623,2024-080Y,STARLINK-31763,490.2
59631,2024-082A,STARLINK-31749,490.2
59632,2024-082B,STARLINK-31781,490.2
59633,2024-082C,STARLINK-31541,490.2
59634,2024-082D,STARLINK-31797,490.2
59635,2024-082E,STARLINK-31798,490.3
59636,2024-082F,STARLINK-31802,490.2
59637,2024-082G,STARLINK-31791,490.2
59638,2024-082H,STARLINK-31727,490.2
59639,2024-082J,STARLINK-31807,490.2
59640,2024-082K,STARLINK-31806,490.2
59641,2024-082L,STARLINK-31804,490.2
59642,2024-082M,STARLINK-31660,490.2
59643,2024-082N,STARLINK-31800,490.2
59644,2024-082P,STARLINK-31789,490.2
59645,2024-082Q,STARLINK-31795,490.2
59646,2024-082R,STARLINK-31796,490.3
59647,2024-082S,STARLINK-31801,490.2
59650,2024-082V,STARLINK-31787,490.2
59651,2024-082W,STARLINK-31277,490.2
59652,2024-082X,STARLINK-31799,490.2
59653,2024-082Y,STARLINK-31764,490.2
59654,2024-084A,STARLINK-31589,490.2
59655,2024-084B,STARLINK-31665,490.2
59656,2024-084C,STARLINK-31912,490.2
59657,2024-084D,STARLINK-31904,490.1
59658,2024-084E,STARLINK-31858,490.2
59659,2024-084F,STARLINK-31881,490.2
59660,2024-084G,STARLINK-31885,490.3
59661,2024-084H,STARLINK-31880,490.2
59662,2024-084J,STARLINK-31886,490.2
59663,2024-084K,STARLINK-31909,489.9
59664,2024-084L,STARLINK-31910,490.4
59666,2024-084N,STARLINK-31902,490.2
59667,2024-084P,STARLINK-31913,490.2
59668,2024-084Q,STARLINK-31866,490.2
59669,2024-084R,STARLINK-31917,490.2
59670,2024-084S,STARLINK-31860,490.2
59671,2024-084T,STARLINK-31854,490.2
59672,2024-084U,STARLINK-31842,490.2
59673,2024-084V,STARLINK-31871,490.2
59674,2024-084W,STARLINK-31875,490.2
59675,2024-084X,STARLINK-31877,490.2
59676,2024-084Y,STARLINK-31884,490.2
59682,2024-086A,STARLINK-32108,490.2
59683,2024-086B,STARLINK-32080,490.1
59684,2024-086C,STARLINK-32091,490.2
59685,2024-086D,STARLINK-32085,490.2
59686,2024-086E,STARLINK-32100,490.2
59687,2024-086F,STARLINK-32089,490.2
59688,2024-086G,STARLINK-32103,490.2
59689,2024-086H,STARLINK-32105,490.2
59690,2024-086J,STARLINK-32106,490.3
59691,2024-086K,STARLINK-32090,490.2
59693,2024-086M,STARLINK-32088,490.3
59694,2024-086N,STARLINK-32107,490.2
59695,2024-086P,STARLINK-32104,490.2
59696,2024-086Q,STARLINK-32094,490.2
59697,2024-086R,STARLINK-32099,490.4
59698,2024-086S,STARLINK-32096,490.3
59699,2024-086T,STARLINK-32102,490.2
59700,2024-086U,STARLINK-32092,490.2
59701,2024-086V,STARLINK-32093,490.2
59702,2024-086W,STARLINK-32087,490.2
59703,2024-086X,STARLINK-32086,490.1
59704,2024-086Y,STARLINK-32098,490.2
59708,2024-088A,STARLINK-11107,366.9
59709,2024-088B,STARLINK-11088,367.2
59710,2024-088C,STARLINK-11092,366.8
59711,2024-088D,STARLINK-11082,366.9
59712,2024-088E,STARLINK-11108,366.9
59713,2024-088F,STARLINK-11100,366.8
59714,2024-088G,STARLINK-11094,366.8
59715,2024-088H,STARLINK-11101,366.9
59716,2024-088J,STARLINK-11099,367.0
59717,2024-088K,STARLINK-11084,366.8
59718,2024-088L,STARLINK-11103,366.9
59719,2024-088M,STARLINK-11096,366.9
59720,2024-088N,STARLINK-11095,366.9
59721,2024-088P,STARLINK-31834,482.3
59722,2024-088Q,STARLINK-31843,482.4
59723,2024-088R,STARLINK-31766,482.4
59724,2024-088S,STARLINK-31836,482.4
59725,2024-088T,STARLINK-31820,482.4
59726,2024-088U,STARLINK-31642,482.4
59727,2024-088V,STARLINK-31827,482.3
59730,2024-090A,STARLINK-31472,490.2
59731,2024-090B,STARLINK-31817,490.2
59733,2024-090D,STARLINK-31833,490.2
59734,2024-090E,STARLINK-31849,490.2
59735,2024-090F,STARLINK-31661,490.3
59736,2024-090G,STARLINK-31707,490.1
59737,2024-090H,STARLINK-31821,490.2
59738,2024-090J,STARLINK-31819,490.3
59739,2024-090K,STARLINK-31726,490.2
59740,2024-090L,STARLINK-31759,490.2
59741,2024-090M,STARLINK-31818,490.2
59742,2024-090N,STARLINK-31816,490.2
59743,2024-090P,STARLINK-31809,490.2
59744,2024-090Q,STARLINK-31779,490.1
59745,2024-090R,STARLINK-31805,490.1
59746,2024-090S,STARLINK-31681,490.2
59747,2024-090T,STARLINK-31636,490.2
59748,2024-090U,STARLINK-31640,490.2
59749,2024-090V,STARLINK-31677,490.1
59750,2024-090W,STARLINK-31783,490.2
59751,2024-090X,STARLINK-31808,490.2
59752,2024-090Y,STARLINK-31822,490.1
59754,2024-091B,STARLINK-11118,366.9
59755,2024-091C,STARLINK-11132,366.9
59756,2024-091D,STARLINK-11131,366.9
59757,2024-091E,STARLINK-11114,366.9
59758,2024-091F,STARLINK-11105,366.9
59759,2024-091G,STARLINK-11097,366.9
59760,2024-091H,STARLINK-11098,366.9
59761,2024-091J,STARLINK-11117,366.9
59762,2024-091K,STARLINK-11110,366.9
59763,2024-091L,STARLINK-11104,366.9
59764,2024-091M,STARLINK-11111,366.9
59765,2024-091N,STARLINK-11106,366.9
59766,2024-091P,STARLINK-31739,482.4
59767,2024-091Q,STARLINK-31828,482.4
59768,2024-091R,STARLINK-31826,479.3
59769,2024-091S,STARLINK-31830,482.4
59770,2024-091T,STARLINK-31829,482.4
59771,2024-091U,STARLINK-31786,482.4
59772,2024-091V,STARLINK-31835,482.3
59782,2024-093A,STARLINK-31363,490.2
59783,2024-093B,STARLINK-31868,490.2
59784,2024-093C,STARLINK-31848,490.2
59785,2024-093D,STARLINK-31890,490.2
59786,2024-093E,STARLINK-31862,490.2
59787,2024-093F,STARLINK-31870,490.2
59788,2024-093G,STARLINK-31888,490.5
59789,2024-093H,STARLINK-31863,490.2
59790,2024-093J,STARLINK-31873,490.2
59791,2024-093K,STARLINK-31865,490.2
59794,2024-093N,STARLINK-31823,490.2
59795,2024-093P,STARLINK-31916,490.2
59797,2024-093R,STARLINK-31907,490.2
59798,2024-093S,STARLINK-31687,490.2
59799,2024-093T,STARLINK-31810,490.2
59800,2024-093U,STARLINK-31812,490.2
59801,2024-093V,STARLINK-31815,490.2
59802,2024-093W,STARLINK-31814,490.2
59803,2024-093X,STARLINK-31794,490.2
59804,2024-093Y,STARLINK-31824,490.2
59835,2024-097A,STARLINK-31947,490.2
59836,2024-097B,STARLINK-31929,490.2
59837,2024-097C,STARLINK-31927,490.2
59838,2024-097D,STARLINK-31855,490.2
59839,2024-097E,STARLINK-31887,490.2
59841,2024-097G,STARLINK-31852,490.3
59842,2024-097H,STARLINK-31906,490.2
59843,2024-097J,STARLINK-31857,490.2
59844,2024-097K,STARLINK-31851,490.2
59845,2024-097L,STARLINK-31903,490.2
59846,2024-097M,STARLINK-31922,490.3
59847,2024-097N,STARLINK-31889,490.2
59848,2024-097P,STARLINK-31859,490.1
59849,2024-097Q,STARLINK-31895,490.2
59850,2024-097R,STARLINK-31899,490.2
59851,2024-097S,STARLINK-31896,490.2
59853,2024-097U,STARLINK-31892,490.2
59854,2024-097V,STARLINK-31891,490.1
59855,2024-097W,STARLINK-31882,490.2
59856,2024-097X,STARLINK-31691,490.2
59857,2024-097Y,STARLINK-31569,490.2
59858,2024-098A,STARLINK-31654,490.3
59859,2024-098B,STARLINK-31442,490.2
59860,2024-098C,STARLINK-31651,490.2
59862,2024-098E,STARLINK-31584,490.2
59863,2024-098F,STARLINK-31950,490.3
59864,2024-098G,STARLINK-31931,490.2
59865,2024-098H,STARLINK-31938,490.2
59866,2024-098J,STARLINK-31941,490.2
59867,2024-098K,STARLINK-31952,490.2
59868,2024-098L,STARLINK-31921,490.2
59869,2024-098M,STARLINK-31760,490.2
59870,2024-098N,STARLINK-31945,490.2
59871,2024-098P,STARLINK-31937,490.5
59873,2024-098R,STARLINK-31940,490.2
59874,2024-098S,STARLINK-31933,490.3
59875,2024-098T,STARLINK-31936,490.2
59876,2024-098U,STARLINK-31935,490.2
59877,2024-098V,STARLINK-31934,490.2
59878,2024-098W,STARLINK-31943,478.8
59879,2024-098X,STARLINK-31926,490.2
59880,2024-098Y,STARLINK-31919,490.2
59885,2024-100A,STARLINK-31974,490.2
59886,2024-100B,STARLINK-31975,490.2
59887,2024-100C,STARLINK-31976,490.2
59888,2024-100D,STARLINK-31965,490.2
59889,2024-100E,STARLINK-31969,490.1
59890,2024-100F,STARLINK-31951,490.3
59891,2024-100G,STARLINK-31949,490.2
59892,2024-100H,STARLINK-31977,490.2
59893,2024-100J,STARLINK-31963,490.2
59894,2024-100K,STARLINK-31961,490.2
59895,2024-100L,STARLINK-31964,490.3
59896,2024-100M,STARLINK-31905,490.5
59897,2024-100N,STARLINK-31928,490.2
59898,2024-100P,STARLINK-31953,490.2
59899,2024-100Q,STARLINK-31942,490.2
59900,2024-100R,STARLINK-31676,490.2
59901,2024-100S,STARLINK-31908,490.2
59902,2024-100T,STARLINK-31914,490.2
59903,2024-100U,STARLINK-31850,490.2
59904,2024-100V,STARLINK-31924,490.2
59905,2024-100W,STARLINK-31898,490.3
59906,2024-100X,STARLINK-31861,490.2
59907,2024-100Y,STARLINK-31920,460.6
59922,2024-106A,STARLINK-31872,490.2
59923,2024-106B,STARLINK-31972,490.2
59924,2024-106C,STARLINK-31958,490.2
59925,2024-106D,STARLINK-31959,490.1
59926,2024-106E,STARLINK-31957,490.1
59927,2024-106F,STARLINK-31968,490.2
59928,2024-106G,STARLINK-31970,490.2
59929,2024-106H,STARLINK-31932,490.7
59930,2024-106J,STARLINK-31956,490.2
59931,2024-106K,STARLINK-31960,490.1
59932,2024-106L,STARLINK-31432,490.3
59933,2024-106M,STARLINK-31853,490.2
59934,2024-106N,STARLINK-31971,490.2
59936,2024-106Q,STARLINK-31962,490.2
59937,2024-106R,STARLINK-31879,490.2
59938,2024-106S,STARLINK-31876,490.2
59939,2024-106T,STARLINK-31955,490.3
59940,2024-106U,STARLINK-31946,490.3
59941,2024-106V,STARLINK-31948,490.3
59942,2024-106W,STARLINK-31900,490.2
59943,2024-106X,STARLINK-31973,490.2
59944,2024-106Y,STARLINK-31966,490.2
59945,2024-107A,STARLINK-11145,366.9
59947,2024-107C,STARLINK-11113,366.8
59948,2024-107D,STARLINK-11123,366.9
59949,2024-107E,STARLINK-11138,366.9
59950,2024-107F,STARLINK-11130,366.9
59952,2024-107H,STARLINK-11124,366.8
59954,2024-107K,STARLINK-11133,366.9
59955,2024-107L,STARLINK-11144,366.9
59956,2024-107M,STARLINK-11134,366.9
59957,2024-107N,STARLINK-11142,366.9
59958,2024-107P,STARLINK-31995,482.4
59959,2024-107Q,STARLINK-31989,482.4
59960,2024-107R,STARLINK-31856,482.4
59961,2024-107S,STARLINK-31993,482.4
59962,2024-107T,STARLINK-31980,482.4
59963,2024-107U,STARLINK-31991,482.4
59964,2024-107V,STARLINK-31979,482.4
60016,2024-111A,STARLINK-31978,482.4
60017,2024-111B,STARLINK-31987,482.4
60018,2024-111C,STARLINK-31984,482.4
60019,2024-111D,STARLINK-31986,482.4
60020,2024-111E,STARLINK-31883,482.4
60021,2024-111F,STARLINK-31967,482.4
60022,2024-111G,STARLINK-31982,482.4
60023,2024-111H,STARLINK-31992,482.4
60024,2024-111J,STARLINK-31990,482.4
60026,2024-111L,STARLINK-31939,482.4
60027,2024-111M,STARLINK-32012,482.4
60028,2024-111N,STARLINK-32008,482.4
60029,2024-111P,STARLINK-32006,482.5
60030,2024-111Q,STARLINK-32011,482.3
60031,2024-111R,STARLINK-31878,482.3
60032,2024-111S,STARLINK-32017,482.3
60034,2024-111U,STARLINK-32005,482.4
60035,2024-111V,STARLINK-31981,482.4
60036,2024-111W,STARLINK-31985,482.4
60037,2024-111X,STARLINK-31918,482.4
60038,2024-112A,STARLINK-11129,366.9
60039,2024-112B,STARLINK-11140,366.9
60040,2024-112C,STARLINK-11122,366.9
60041,2024-112D,STARLINK-11149,366.9
60042,2024-112E,STARLINK-11120,366.9
60043,2024-112F,STARLINK-11086,366.9
60044,2024-112G,STARLINK-11148,366.9
60045,2024-112H,STARLINK-11116,366.9
60046,2024-112J,STARLINK-11155,366.9
60047,2024-112K,STARLINK-11163,366.9
60048,2024-112L,STARLINK-11135,366.9
60049,2024-112M,STARLINK-11151,366.9
60050,2024-112N,STARLINK-11137,366.9
60051,2024-112P,STARLINK-31811,482.4
60052,2024-112Q,STARLINK-31775,482.4
60053,2024-112R,STARLINK-31793,482.4
60054,2024-112S,STARLINK-31735,482.4
60055,2024-112T,STARLINK-31788,482.4
60056,2024-112U,STARLINK-31825,482.4
60057,2024-112V,STARLINK-31437,482.4
60059,2024-113A,STARLINK-11181,366.9
60060,2024-113B,STARLINK-11176,366.8
60061,2024-113C,STARLINK-11167,366.9
60062,2024-113D,STARLINK-11166,366.9
60063,2024-113E,STARLINK-11165,366.9
60064,2024-113F,STARLINK-11169,366.9
60065,2024-113G,STARLINK-11102,366.9
60066,2024-113H,STARLINK-11141,366.9
60067,2024-113J,STARLINK-11153,366.8
60068,2024-113K,STARLINK-11170,366.9
60069,2024-113L,STARLINK-11171,366.8
60070,2024-113M,STARLINK-11186,366.9
60071,2024-113N,STARLINK-11184,366.9
60077,2024-113U,STARLINK-32032,482.4
60091,2024-117A,STARLINK-31441,482.4
60092,2024-117B,STARLINK-32044,482.4
60093,2024-117C,STARLINK-31239,482.3
60094,2024-117D,STARLINK-32007,482.4
60095,2024-117E,STARLINK-32028,482.4
60096,2024-117F,STARLINK-32016,482.4
60097,2024-117G,STARLINK-32003,482.4
60098,2024-117H,STARLINK-32026,482.4
60099,2024-117J,STARLINK-31732,482.4
60100,2024-117K,STARLINK-31996,482.4
60101,2024-117L,STARLINK-31999,482.5
60102,2024-117M,STARLINK-31954,482.4
60103,2024-117N,STARLINK-32013,482.3
60104,2024-117P,STARLINK-32009,482.4
60105,2024-117Q,STARLINK-32018,482.3
60106,2024-117R,STARLINK-32045,482.3
60107,2024-117S,STARLINK-32035,482.4
60108,2024-117T,STARLINK-32042,482.4
60109,2024-117U,STARLINK-32040,482.4
60110,2024-117V,STARLINK-32001,482.4
60111,2024-117W,STARLINK-32015,482.4
60112,2024-117X,STARLINK-32024,482.4
60113,2024-118A,STARLINK-11201,367.0
60114,2024-118B,STARLINK-11198,366.8
60115,2024-118C,STARLINK-11112,366.8
60116,2024-118D,STARLINK-11210,366.9
60117,2024-118E,STARLINK-11203,366.9
60118,2024-118F,STARLINK-11177,367.0
60119,2024-118G,STARLINK-11127,366.9
60120,2024-118H,STARLINK-11164,366.8
60121,2024-118J,STARLINK-11119,366.9
60122,2024-118K,STARLINK-11157,366.9
60123,2024-118L,STARLINK-11162,366.9
60124,2024-118M,STARLINK-11161,366.9
60125,2024-118N,STARLINK-11160,366.9
60126,2024-118P,STARLINK-31846,482.4
60127,2024-118Q,STARLINK-31840,482.4
60128,2024-118R,STARLINK-31813,482.4
60129,2024-118S,STARLINK-31845,482.4
60130,2024-118T,STARLINK-31838,482.8
60131,2024-118U,STARLINK-31785,482.4
60132,2024-118V,STARLINK-31792,482.4
60135,2024-120A,STARLINK-32043,482.4
60136,2024-120B,STARLINK-32112,482.4
60137,2024-120C,STARLINK-32050,482.4
60138,2024-120D,STARLINK-32025,482.5
60140,2024-120F,STARLINK-31694,482.3
60141,2024-120G,STARLINK-32036,482.4
60142,2024-120H,STARLINK-32031,482.4
60143,2024-120J,STARLINK-32027,482.4
60144,2024-120K,STARLINK-32033,482.4
60145,2024-120L,STARLINK-32029,482.4
60146,2024-120M,STARLINK-32127,482.4
60147,2024-120N,STARLINK-32019,482.4
60148,2024-120P,STARLINK-32021,482.4
60149,2024-120Q,STARLINK-32022,482.4
60150,2024-120R,STARLINK-32014,482.4
60151,2024-120S,STARLINK-32004,482.4
60152,2024-120T,STARLINK-32147,482.4
60153,2024-120U,STARLINK-32131,482.3
60154,2024-120V,STARLINK-32145,482.4
60155,2024-120W,STARLINK-32137,482.4
60156,2024-120X,STARLINK-32048,482.4
60157,2024-120Y,STARLINK-32129,482.4
60183,2024-124A,STARLINK-11168,366.9
60184,2024-124B,STARLINK-11187,366.9
60185,2024-124C,STARLINK-11180,366.9
60186,2024-124D,STARLINK-11197,366.8
60187,2024-124E,STARLINK-11194,366.8
60188,2024-124F,STARLINK-11189,366.9
60189,2024-124G,STARLINK-11183,366.9
60190,2024-124H,STARLINK-11179,366.9
60191,2024-124J,STARLINK-11175,366.9
60192,2024-124K,STARLINK-11173,366.9
60193,2024-124L,STARLINK-11172,366.9
60194,2024-124M,STARLINK-11152,366.9
60195,2024-124N,STARLINK-11193,366.9
60196,2024-124P,STARLINK-31869,482.4
60197,2024-124Q,STARLINK-32023,482.4
60198,2024-124R,STARLINK-32046,482.4
60199,2024-124S,STARLINK-32049,482.4
60200,2024-124T,STARLINK-32002,482.4
60201,2024-124U,STARLINK-32020,482.4
60202,2024-124V,STARLINK-32041,482.4
60255,2024-131A,STARLINK-32138,482.4
60256,2024-131B,STARLINK-32212,482.4
60257,2024-131C,STARLINK-32166,482.4
60258,2024-131D,STARLINK-32200,482.5
60259,2024-131E,STARLINK-32207,482.4
60260,2024-131F,STARLINK-32125,482.4
60261,2024-131G,STARLINK-32160,482.4
60262,2024-131H,STARLINK-32163,482.5
60263,2024-131J,STARLINK-32148,482.4
60264,2024-131K,STARLINK-32121,482.4
60265,2024-131L,STARLINK-32120,479.9
60266,2024-131M,STARLINK-32205,482.4
60267,2024-131N,STARLINK-32158,482.4
60268,2024-131P,STARLINK-32167,482.4
60269,2024-131Q,STARLINK-32144,482.4
60270,2024-131R,STARLINK-32211,482.4
60271,2024-131S,STARLINK-32164,482.4
60272,2024-131T,STARLINK-32128,482.4
60273,2024-131U,STARLINK-32206,482.4
60274,2024-131V,STARLINK-32155,482.4
60275,2024-131W,STARLINK-32152,482.2
60276,2024-131X,STARLINK-32154,482.4
60277,2024-131Y,STARLINK-32135,482.4
60278,2024-132A,STARLINK-32156,482.4
60279,2024-132B,STARLINK-32010,482.4
60280,2024-132C,STARLINK-32118,482.4
60281,2024-132D,STARLINK-32038,482.4
60282,2024-132E,STARLINK-32113,482.3
60283,2024-132F,STARLINK-32037,482.4
60284,2024-132G,STARLINK-32123,482.4
60285,2024-132H,STARLINK-32122,482.4
60286,2024-132J,STARLINK-31656,482.4
60287,2024-132K,STARLINK-32114,482.4
60288,2024-132L,STARLINK-31997,482.4
60289,2024-132M,STARLINK-32000,482.4
60290,2024-132N,STARLINK-32141,482.6
60291,2024-132P,STARLINK-32142,482.4
60292,2024-132Q,STARLINK-32149,482.4
60293,2024-132R,STARLINK-32159,482.4
60294,2024-132S,STARLINK-32150,482.4
60295,2024-132T,STARLINK-32126,482.4
60296,2024-132U,STARLINK-32143,482.4
60297,2024-132V,STARLINK-32034,482.4
60298,2024-132W,STARLINK-32124,482.4
60299,2024-132X,STARLINK-32151,482.4
60300,2024-132Y,STARLINK-32134,482.4
60301,2024-133A,STARLINK-11147,366.9
60302,2024-133B,STARLINK-11128,366.9
60303,2024-133C,STARLINK-11227,366.9
60304,2024-133D,STARLINK-11224,366.9
60305,2024-133E,STARLINK-11115,366.9
60306,2024-133F,STARLINK-11109,366.9
60307,2024-133G,STARLINK-11223,366.8
60308,2024-133H,STARLINK-11192,366.9
60309,2024-133J,STARLINK-11213,366.9
60310,2024-133K,STARLINK-11200,366.8
60312,2024-133M,STARLINK-11206,366.8
60313,2024-133N,STARLINK-11205,366.9
60314,2024-133P,STARLINK-32191,482.6
60315,2024-133Q,STARLINK-32194,482.4
60316,2024-133R,STARLINK-32192,482.4
60317,2024-133S,STARLINK-32189,482.4
60318,2024-133T,STARLINK-32190,482.4
60319,2024-133U,STARLINK-32182,482.4
60320,2024-133V,STARLINK-32199,482.4
60321,2024-133W,STARLINK-32198,482.4
60329,2024-136A,STARLINK-31745,482.4
60330,2024-136B,STARLINK-32153,482.3
60331,2024-136C,STARLINK-32203,482.4
60332,2024-136D,STARLINK-32171,482.3
60333,2024-136E,STARLINK-32133,482.4
60334,2024-136F,STARLINK-32132,482.4
60335,2024-136G,STARLINK-32168,482.4
60336,2024-136H,STARLINK-32079,482.4
60338,2024-136K,STARLINK-32078,482.4
60339,2024-136L,STARLINK-32175,482.4
60340,2024-136M,STARLINK-32176,482.4
60341,2024-136N,STARLINK-32185,482.4
60342,2024-136P,STARLINK-32221,482.4
60343,2024-136Q,STARLINK-32083,482.4
60344,2024-136R,STARLINK-32077,482.4
60345,2024-136S,STARLINK-32075,482.4
60346,2024-136T,STARLINK-32082,482.3
60347,2024-136U,STARLINK-32084,482.4
60348,2024-136V,STARLINK-32081,482.4
60349,2024-136W,STARLINK-32181,482.4
60350,2024-136X,STARLINK-32076,482.4
60351,2024-136Y,STARLINK-32097,482.4
60355,2024-138A,STARLINK-32285,482.3
60356,2024-138B,STARLINK-32278,482.4
60358,2024-138D,STARLINK-32287,482.4
60359,2024-138E,STARLINK-32290,482.3
60360,2024-138F,STARLINK-32275,482.4
60361,2024-138G,STARLINK-32227,482.4
60362,2024-138H,STARLINK-32256,482.4
60363,2024-138J,STARLINK-32267,482.4
60364,2024-138K,STARLINK-32270,482.4
60365,2024-138L,STARLINK-32188,482.4
60366,2024-138M,STARLINK-32230,482.4
60367,2024-138N,STARLINK-32243,482.5
60368,2024-138P,STARLINK-32271,482.3
60370,2024-138R,STARLINK-32220,482.4
60371,2024-138S,STARLINK-32263,482.3
60372,2024-138T,STARLINK-32268,482.4
60373,2024-138U,STARLINK-32223,482.4
60374,2024-138V,STARLINK-32180,482.5
60375,2024-138W,STARLINK-32281,482.4
60376,2024-138X,STARLINK-32277,482.4
60377,2024-138Y,STARLINK-32269,482.4
60398,2024-141A,STARLINK-11228,366.9
60399,2024-141B,STARLINK-11182,366.8
60400,2024-141C,STARLINK-11234,366.9
60401,2024-141D,STARLINK-11232,367.0
60402,2024-141E,STARLINK-11139,366.9
60403,2024-141F,STARLINK-11158,366.9
60404,2024-141G,STARLINK-11199,366.9
60405,2024-141H,STARLINK-11081,366.9
60406,2024-141J,STARLINK-11150,366.9
60407,2024-141K,STARLINK-11136,366.8
60408,2024-141L,STARLINK-11196,366.9
60409,2024-141M,STARLINK-11174,366.9
60410,2024-141N,STARLINK-11191,366.9
60411,2024-141P,STARLINK-32244,482.4
60412,2024-141Q,STARLINK-32186,482.4
60413,2024-141R,STARLINK-32178,482.4
60414,2024-141S,STARLINK-32234,482.4
60415,2024-141T,STARLINK-32265,482.4
60416,2024-141U,STARLINK-32197,482.4
60417,2024-141V,STARLINK-32255,482.4
60418,2024-141W,STARLINK-32236,482.4
60425,2024-144A,STARLINK-32250,482.4
60426,2024-144B,STARLINK-32226,482.4
60427,2024-144C,STARLINK-32254,482.4
60428,2024-144D,STARLINK-32193,482.4
60429,2024-144E,STARLINK-32242,482.4
60430,2024-144F,STARLINK-32196,482.4
60431,2024-144G,STARLINK-32232,482.4
60432,2024-144H,STARLINK-32246,482.4
60433,2024-144J,STARLINK-32183,482.4
60434,2024-144K,STARLINK-32233,482.4
60435,2024-144L,STARLINK-32222,482.4
60436,2024-144M,STARLINK-32229,482.4
60437,2024-144N,STARLINK-32241,482.4
60438,2024-144P,STARLINK-32240,482.4
60439,2024-144Q,STARLINK-32231,482.4
60440,2024-144R,STARLINK-32195,482.4
60441,2024-144S,STARLINK-32177,482.4
60442,2024-144T,STARLINK-32252,482.4
60443,2024-144U,STARLINK-32237,482.4
60444,2024-144V,STARLINK-32249,482.4
60445,2024-144W,STARLINK-32228,482.4
60446,2024-144X,STARLINK-32247,482.4
60447,2024-144Y,STARLINK-32101,482.4
60583,2024-150A,STARLINK-31844,482.4
60584,2024-150B,STARLINK-32204,482.4
60585,2024-150C,STARLINK-32130,482.4
60586,2024-150D,STARLINK-32173,482.4
60587,2024-150E,STARLINK-31911,482.4
60588,2024-150F,STARLINK-31994,482.4
60589,2024-150G,STARLINK-32169,482.4
60590,2024-150H,STARLINK-32209,482.4
60591,2024-150J,STARLINK-32170,482.4
60592,2024-150K,STARLINK-31497,482.4
60593,2024-150L,STARLINK-32161,482.4
60594,2024-150M,STARLINK-32210,482.5
60595,2024-150N,STARLINK-32202,482.4
60596,2024-150P,STARLINK-31930,482.4
60597,2024-150Q,STARLINK-32162,482.4
60598,2024-150R,STARLINK-32208,482.4
60599,2024-150S,STARLINK-32165,482.4
60600,2024-150T,STARLINK-31923,482.4
60601,2024-150U,STARLINK-31988,482.4
60602,2024-150V,STARLINK-31983,482.4
60603,2024-150W,STARLINK-31874,482.4
60604,2024-150X,STARLINK-32039,482.4
60720,2024-152A,STARLINK-11247,366.8
60721,2024-152B,STARLINK-11259,366.9
60722,2024-152C,STARLINK-11188,366.9
60723,2024-152D,STARLINK-11272,367.0
60724,2024-152E,STARLINK-11261,366.9
60725,2024-152F,STARLINK-11263,366.9
60726,2024-152G,STARLINK-11235,366.9
60727,2024-152H,STARLINK-11080,366.9
60728,2024-152J,STARLINK-11249,366.9
60729,2024-152K,STARLINK-11146,366.9
60730,2024-152L,STARLINK-11255,366.9
60731,2024-152M,STARLINK-11254,366.9
60732,2024-152N,STARLINK-11266,366.9
60733,2024-152P,STARLINK-32253,482.4
60734,2024-152Q,STARLINK-32179,482.4
60737,2024-152T,STARLINK-32289,482.4
60738,2024-152U,STARLINK-32304,482.5
60739,2024-152V,STARLINK-32235,482.4
60740,2024-152W,STARLINK-32315,482.4
60903,2024-154A,STARLINK-11242,366.9
60904,2024-154B,STARLINK-11256,366.9
60905,2024-154C,STARLINK-11159,366.9
60906,2024-154D,STARLINK-11264,366.9
60907,2024-154E,STARLINK-11226,366.9
60908,2024-154F,STARLINK-11229,366.9
60909,2024-154G,STARLINK-11265,366.9
60910,2024-154H,STARLINK-11250,366.9
60911,2024-154J,STARLINK-11190,366.9
60912,2024-154K,STARLINK-11225,366.9
60913,2024-154L,STARLINK-11273,366.8
60915,2024-154N,STARLINK-11271,366.9
60916,2024-154P,STARLINK-32371,482.4
60917,2024-154Q,STARLINK-32369,482.7
60918,2024-154R,STARLINK-32317,482.4
60919,2024-154S,STARLINK-32367,482.4
60920,2024-154T,STARLINK-32345,482.4
60921,2024-154U,STARLINK-32356,482.4
60922,2024-154V,STARLINK-32274,482.4
60923,2024-154W,STARLINK-32373,482.4
60924,2024-155A,STARLINK-11239,366.9
60925,2024-155B,STARLINK-11245,366.9
60926,2024-155C,STARLINK-11244,366.9
60927,2024-155D,STARLINK-11243,366.9
60928,2024-155E,STARLINK-11238,366.9
60929,2024-155F,STARLINK-11240,366.8
60930,2024-155G,STARLINK-11251,366.9
60931,2024-155H,STARLINK-11204,366.9
60932,2024-155J,STARLINK-11246,366.9
60933,2024-155K,STARLINK-11207,366.9
60934,2024-155L,STARLINK-11237,366.9
60935,2024-155M,STARLINK-11253,366.8
60936,2024-155N,STARLINK-11241,366.9
60937,2024-155P,STARLINK-32259,482.4
60938,2024-155Q,STARLINK-32262,389.4
60939,2024-155R,STARLINK-32258,482.4
60940,2024-155S,STARLINK-32251,482.4
60941,2024-155T,STARLINK-32224,482.4
60942,2024-155U,STARLINK-32184,482.4
60943,2024-155V,STARLINK-32288,482.4
60944,2024-155W,STARLINK-32276,482.4
60991,2024-158B,STARLINK-11289,366.8
60992,2024-158C,STARLINK-11282,366.9
60993,2024-158D,STARLINK-11283,366.8
60994,2024-158E,STARLINK-11267,366.8
60995,2024-158F,STARLINK-11269,366.9
60996,2024-158G,STARLINK-11281,366.9
60997,2024-158H,STARLINK-11260,366.8
60998,2024-158J,STARLINK-11287,366.9
60999,2024-158K,STARLINK-11270,366.9
61000,2024-158L,STARLINK-11290,366.9
61001,2024-158M,STARLINK-11274,366.9
61002,2024-158N,STARLINK-11288,366.9
61003,2024-158P,STARLINK-32279,482.4
61004,2024-158Q,STARLINK-32336,482.4
61005,2024-158R,STARLINK-32284,482.4
61006,2024-158S,STARLINK-32282,482.4
61007,2024-158T,STARLINK-32360,482.4
61008,2024-158U,STARLINK-32340,482.4
61010,2024-158W,STARLINK-32347,482.4
61050,2024-164A,STARLINK-11286,366.7
61051,2024-164B,STARLINK-11252,366.9
61053,2024-164D,STARLINK-11230,366.9
61054,2024-164E,STARLINK-11294,366.9
61055,2024-164F,STARLINK-11268,366.9
61056,2024-164G,STARLINK-11156,351.5
61057,2024-164H,STARLINK-11231,366.9
61058,2024-164J,STARLINK-11299,366.9
61059,2024-164K,STARLINK-11154,366.9
61060,2024-164L,STARLINK-11297,366.9
61061,2024-164M,STARLINK-11233,366.9
61062,2024-164N,STARLINK-11236,366.9
61063,2024-164P,STARLINK-32350,482.4
61064,2024-164Q,STARLINK-32378,482.4
61065,2024-164R,STARLINK-32321,482.5
61066,2024-164S,STARLINK-32381,482.4
61068,2024-164U,STARLINK-32385,482.4
61069,2024-164V,STARLINK-32380,482.4
61070,2024-164W,STARLINK-32375,482.4
61200,2024-171A,STARLINK-11209,366.9
61201,2024-171B,STARLINK-11257,366.9
61202,2024-171C,STARLINK-11309,366.9
61203,2024-171D,STARLINK-11292,366.9
61204,2024-171E,STARLINK-11302,366.9
61205,2024-171F,STARLINK-11277,366.9
61206,2024-171G,STARLINK-11279,366.9
61207,2024-171H,STARLINK-11091,366.9
61208,2024-171J,STARLINK-11291,366.9
61209,2024-171K,STARLINK-11304,366.8
61210,2024-171L,STARLINK-11307,366.9
61211,2024-171M,STARLINK-11298,366.9
61212,2024-171N,STARLINK-11310,366.8
61213,2024-171P,STARLINK-32386,482.4
61214,2024-171Q,STARLINK-32392,482.4
61215,2024-171R,STARLINK-32436,482.3
61216,2024-171S,STARLINK-32425,482.4
61217,2024-171T,STARLINK-32342,482.4
61218,2024-171U,STARLINK-32423,482.4
61219,2024-171V,STARLINK-32248,482.4
61243,2024-175A,STARLINK-11300,366.9
61244,2024-175B,STARLINK-11276,366.9
61245,2024-175C,STARLINK-11280,366.9
61246,2024-175D,STARLINK-11308,366.9
61247,2024-175E,STARLINK-11305,366.9
61248,2024-175F,STARLINK-11317,366.9
61249,2024-175G,STARLINK-11293,366.9
61251,2024-175J,STARLINK-11319,366.8
61252,2024-175K,STARLINK-11318,366.8
61253,2024-175L,STARLINK-11311,366.9
61254,2024-175M,STARLINK-11306,366.9
61255,2024-175N,STARLINK-11313,366.9
61256,2024-175P,STARLINK-32431,482.4
61257,2024-175Q,STARLINK-32432,482.4
61258,2024-175R,STARLINK-32382,482.4
61259,2024-175S,STARLINK-32435,482.4
61260,2024-175T,STARLINK-32474,482.4
61261,2024-175U,STARLINK-32447,482.4
61262,2024-175V,STARLINK-32446,482.4
61509,2024-183A,STARLINK-32174,482.4
61510,2024-183B,STARLINK-32139,482.3
61511,2024-183C,STARLINK-32140,482.3
61512,2024-183D,STARLINK-32201,482.4
61513,2024-183E,STARLINK-32030,482.3
61514,2024-183F,STARLINK-31837,482.4
61515,2024-183G,STARLINK-32136,482.4
61516,2024-183H,STARLINK-32047,482.4
61517,2024-183J,STARLINK-31756,482.4
61518,2024-183K,STARLINK-32172,482.4
61519,2024-183L,STARLINK-32338,482.4
61520,2024-183M,STARLINK-32306,482.4
61521,2024-183N,STARLINK-32297,482.4
61522,2024-183P,STARLINK-32260,482.4
61523,2024-183Q,STARLINK-32305,482.4
61524,2024-183R,STARLINK-32296,482.4
61525,2024-183S,STARLINK-32298,482.4
61526,2024-183T,STARLINK-32293,482.4
61527,2024-183U,STARLINK-32313,482.4
61528,2024-183V,STARLINK-32319,482.4
61529,2024-183W,STARLINK-32351,482.4
61530,2024-183X,STARLINK-32261,482.4
61531,2024-183Y,STARLINK-32358,482.4
61532,2024-184A,STARLINK-11354,366.9
61533,2024-184B,STARLINK-11323,366.9
61534,2024-184C,STARLINK-11338,366.9
61535,2024-184D,STARLINK-11362,366.9
61536,2024-184E,STARLINK-11295,366.9
61538,2024-184G,STARLINK-11325,366.9
61539,2024-184H,STARLINK-11332,366.9
61540,2024-184J,STARLINK-11350,366.9
61541,2024-184K,STARLINK-11357,366.9
61542,2024-184L,STARLINK-11322,366.9
61543,2024-184M,STARLINK-11364,366.9
61544,2024-184N,STARLINK-11349,366.9
61545,2024-184P,STARLINK-32406,482.4
61546,2024-184Q,STARLINK-32445,482.4
61547,2024-184R,STARLINK-32411,482.4
61548,2024-184S,STARLINK-32424,482.4
61549,2024-184T,STARLINK-32389,482.0
61550,2024-184U,STARLINK-32476,482.5
61551,2024-184V,STARLINK-32366,482.4
61574,2024-187A,STARLINK-11356,366.9
61575,2024-187B,STARLINK-11376,366.9
61576,2024-187C,STARLINK-11372,366.9
61577,2024-187D,STARLINK-11375,366.9
61578,2024-187E,STARLINK-11285,366.9
61579,2024-187F,STARLINK-11275,366.9
61580,2024-187G,STARLINK-11342,367.0
61581,2024-187H,STARLINK-11374,367.0
61582,2024-187J,STARLINK-11373,366.9
61583,2024-187K,STARLINK-11368,367.0
61584,2024-187L,STARLINK-11370,366.9
61585,2024-187M,STARLINK-11361,366.6
61586,2024-187N,STARLINK-11360,366.9
61587,2024-187P,STARLINK-32353,482.4
61588,2024-187Q,STARLINK-32325,482.4
61589,2024-187R,STARLINK-32416,482.4
61590,2024-187S,STARLINK-32413,482.4
61591,2024-187T,STARLINK-32409,482.4
61592,2024-187U,STARLINK-32422,482.4
61593,2024-187V,STARLINK-32397,482.4
61621,2024-191A,STARLINK-32302,490.2
61622,2024-191B,STARLINK-32364,490.2
61623,2024-191C,STARLINK-32331,490.2
61624,2024-191D,STARLINK-32398,490.2
61625,2024-191E,STARLINK-32365,490.2
61626,2024-191F,STARLINK-32333,490.2
61627,2024-191G,STARLINK-32399,490.2
61628,2024-191H,STARLINK-32421,490.2
61629,2024-191J,STARLINK-32403,490.2
61630,2024-191K,STARLINK-32390,490.2
61631,2024-191L,STARLINK-32348,490.2
61632,2024-191M,STARLINK-32455,490.2
61633,2024-191N,STARLINK-32396,490.2
61634,2024-191P,STARLINK-32355,490.2
61635,2024-191Q,STARLINK-32370,490.2
61636,2024-191R,STARLINK-32405,490.2
61637,2024-191S,STARLINK-32419,490.2
61638,2024-191T,STARLINK-32320,490.2
61639,2024-191U,STARLINK-32341,490.2
61640,2024-191V,STARLINK-32339,490.2
61641,2024-191W,STARLINK-32327,490.2
61642,2024-191X,STARLINK-32264,464.9
61643,2024-191Y,STARLINK-32337,490.3
61661,2024-193A,STARLINK-32238,482.4
61662,2024-193B,STARLINK-32310,482.4
61663,2024-193C,STARLINK-32308,482.4
61664,2024-193D,STARLINK-32301,482.4
61665,2024-193E,STARLINK-32439,482.4
61666,2024-193F,STARLINK-32428,482.4
61667,2024-193G,STARLINK-32414,482.4
61668,2024-193H,STARLINK-32441,482.4
61669,2024-193J,STARLINK-32400,482.5
61670,2024-193K,STARLINK-32449,482.5
61671,2024-193L,STARLINK-32453,482.4
61672,2024-193M,STARLINK-32443,482.4
61673,2024-193N,STARLINK-32417,482.4
61674,2024-193P,STARLINK-32326,482.4
61675,2024-193Q,STARLINK-32294,482.4
61676,2024-193R,STARLINK-32309,482.4
61677,2024-193S,STARLINK-32323,482.3
61678,2024-193T,STARLINK-32363,482.4
61679,2024-193U,STARLINK-32395,482.4
61680,2024-193V,STARLINK-32412,482.3
61681,2024-193W,STARLINK-32426,482.4
61682,2024-193X,STARLINK-32429,482.4
61687,2024-195A,STARLINK-11335,366.9
61688,2024-195B,STARLINK-11344,366.9
61689,2024-195C,STARLINK-11312,366.9
61690,2024-195D,STARLINK-11340,366.9
61691,2024-195E,STARLINK-11339,366.9
61692,2024-195F,STARLINK-11315,366.9
61693,2024-195G,STARLINK-11366,366.9
61694,2024-195H,STARLINK-11348,366.9
61695,2024-195J,STARLINK-11327,366.9
61696,2024-195K,STARLINK-11341,366.9
61697,2024-195L,STARLINK-11346,366.9
61699,2024-195N,STARLINK-11296,366.9
61700,2024-195P,STARLINK-32349,482.3
61701,2024-195Q,STARLINK-32461,482.4
61702,2024-195R,STARLINK-32299,482.4
61703,2024-195S,STARLINK-32335,380.7
61704,2024-195T,STARLINK-32387,482.3
61705,2024-195U,STARLINK-32515,482.4
61706,2024-195V,STARLINK-32533,482.4
61707,2024-196A,STARLINK-32376,482.4
61708,2024-196B,STARLINK-32402,482.4
61709,2024-196C,STARLINK-32314,482.4
61710,2024-196D,STARLINK-32404,482.4
61711,2024-196E,STARLINK-32312,482.4
61712,2024-196F,STARLINK-32343,482.4
61713,2024-196G,STARLINK-32467,482.4
61714,2024-196H,STARLINK-32440,482.4
61715,2024-196J,STARLINK-32459,482.4
61716,2024-196K,STARLINK-32465,482.4
61717,2024-196L,STARLINK-32457,482.4
61718,2024-196M,STARLINK-32591,482.4
61719,2024-196N,STARLINK-32344,482.4
61720,2024-196P,STARLINK-32322,482.4
61721,2024-196Q,STARLINK-32469,482.3
61722,2024-196R,STARLINK-32438,482.4
61723,2024-196S,STARLINK-32540,482.4
61724,2024-196T,STARLINK-32528,482.4
61725,2024-196U,STARLINK-32573,482.4
61726,2024-196V,STARLINK-32478,482.4
61727,2024-196W,STARLINK-32511,482.4
61728,2024-196X,STARLINK-32475,482.4
61729,2024-196Y,STARLINK-32442,482.4
61845,2024-202A,STARLINK-32362,490.2
61846,2024-202B,STARLINK-32472,490.2
61847,2024-202C,STARLINK-32352,490.2
61848,2024-202D,STARLINK-32427,490.3
61849,2024-202E,STARLINK-32346,490.2
61850,2024-202F,STARLINK-32330,490.2
61851,2024-202G,STARLINK-32379,490.2
61852,2024-202H,STARLINK-32433,490.2
61853,2024-202J,STARLINK-32394,490.2
61854,2024-202K,STARLINK-32486,490.2
61855,2024-202L,STARLINK-32391,490.2
61856,2024-202M,STARLINK-32483,490.2
61857,2024-202N,STARLINK-32451,490.2
61858,2024-202P,STARLINK-32556,490.2
61859,2024-202Q,STARLINK-32466,490.2
61860,2024-202R,STARLINK-32316,490.2
61861,2024-202S,STARLINK-32415,490.3
61862,2024-202T,STARLINK-32393,490.2
61863,2024-202U,STARLINK-32324,490.2
61864,2024-202V,STARLINK-32318,490.2
61865,2024-202W,STARLINK-32401,490.2
61866,2024-202X,STARLINK-32588,490.2
61867,2024-202Y,STARLINK-32569,490.3
61874,2024-204A,STARLINK-11402,366.9
61875,2024-204B,STARLINK-11316,366.9
61877,2024-204D,STARLINK-11321,366.9
61878,2024-204E,STARLINK-11314,366.9
61879,2024-204F,STARLINK-11324,366.9
61880,2024-204G,STARLINK-11328,366.9
61881,2024-204H,STARLINK-11329,366.9
61882,2024-204J,STARLINK-11398,366.9
61883,2024-204K,STARLINK-11383,366.9
61884,2024-204L,STARLINK-11359,366.9
61885,2024-204M,STARLINK-11301,366.9
61886,2024-204N,STARLINK-11351,366.9
61887,2024-204P,STARLINK-32410,482.4
61888,2024-204Q,STARLINK-32377,482.4
61889,2024-204R,STARLINK-32292,482.4
61890,2024-204S,STARLINK-32501,482.4
61891,2024-204T,STARLINK-32383,482.4
61892,2024-204U,STARLINK-32239,482.3
61893,2024-204V,STARLINK-32489,482.4
61912,2024-207A,STARLINK-32303,490.1
61913,2024-207B,STARLINK-32434,490.2
61914,2024-207C,STARLINK-32460,490.1
61915,2024-207D,STARLINK-32559,490.1
61916,2024-207E,STARLINK-32541,490.2
61917,2024-207F,STARLINK-32544,490.1
61918,2024-207G,STARLINK-32555,490.2
61919,2024-207H,STARLINK-32547,490.2
61920,2024-207J,STARLINK-32616,490.2
61921,2024-207K,STARLINK-32605,490.1
61922,2024-207L,STARLINK-32579,490.2
61923,2024-207M,STARLINK-32537,490.2
61924,2024-207N,STARLINK-32564,490.2
61925,2024-207P,STARLINK-32536,490.2
61926,2024-207Q,STARLINK-32624,490.2
61927,2024-207R,STARLINK-32622,490.2
61928,2024-207S,STARLINK-32620,490.1
61929,2024-207T,STARLINK-32609,490.1
61930,2024-207U,STARLINK-32567,490.2
61931,2024-207V,STARLINK-32420,490.2
61932,2024-207W,STARLINK-32354,490.2
61933,2024-207X,STARLINK-32361,490.2
61935,2024-207Z,STARLINK-32500,490.2
61939,2024-209A,STARLINK-11407,366.6
61940,2024-209B,STARLINK-11337,366.5
61941,2024-209C,STARLINK-11353,366.8
61942,2024-209D,STARLINK-11320,366.5
61943,2024-209E,STARLINK-11425,366.7
61944,2024-209F,STARLINK-11422,366.6
61945,2024-209G,STARLINK-11421,366.9
61946,2024-209H,STARLINK-11410,366.1
61947,2024-209J,STARLINK-11390,366.5
61948,2024-209K,STARLINK-11414,366.7
61949,2024-209L,STARLINK-11424,366.5
61950,2024-209M,STARLINK-11423,366.8
61951,2024-209N,STARLINK-11395,366.8
61952,2024-209P,STARLINK-32572,482.5
61953,2024-209Q,STARLINK-32585,482.5
61954,2024-209R,STARLINK-32574,482.4
61955,2024-209S,STARLINK-32583,482.4
61956,2024-209T,STARLINK-32273,482.3
61957,2024-209U,STARLINK-32359,482.4
61958,2024-209V,STARLINK-32566,482.4
61959,2024-210A,STARLINK-32499,490.2
61960,2024-210B,STARLINK-32372,490.2
61961,2024-210C,STARLINK-32452,490.2
61962,2024-210D,STARLINK-32458,490.2
61963,2024-210E,STARLINK-32487,490.2
61964,2024-210F,STARLINK-32513,490.0
61965,2024-210G,STARLINK-32514,490.2
61966,2024-210H,STARLINK-32498,490.2
61967,2024-210J,STARLINK-32518,490.2
61968,2024-210K,STARLINK-32471,490.2
61969,2024-210L,STARLINK-32450,490.1
61970,2024-210M,STARLINK-32613,490.2
61971,2024-210N,STARLINK-32610,490.1
61972,2024-210P,STARLINK-32612,490.1
61973,2024-210Q,STARLINK-32601,490.2
61974,2024-210R,STARLINK-32593,490.1
61975,2024-210S,STARLINK-32586,490.1
61976,2024-210T,STARLINK-32611,490.3
61977,2024-210U,STARLINK-32607,490.2
61978,2024-210V,STARLINK-32606,490.2
61979,2024-210W,STARLINK-32578,490.2
61980,2024-210X,STARLINK-32517,490.1
61981,2024-210Y,STARLINK-32522,490.2
61982,2024-210Z,STARLINK-32560,490.2
62008,2024-213A,STARLINK-11433,366.7
62009,2024-213B,STARLINK-11262,366.9
62010,2024-213C,STARLINK-11326,366.7
62011,2024-213D,STARLINK-11330,366.7
62012,2024-213E,STARLINK-11363,366.8
62013,2024-213F,STARLINK-11377,366.8
62014,2024-213G,STARLINK-11385,366.7
62015,2024-213H,STARLINK-11396,366.8
62016,2024-213J,STARLINK-11393,366.7
62017,2024-213K,STARLINK-11343,366.5
62018,2024-213L,STARLINK-11411,366.7
62019,2024-213M,STARLINK-11404,366.7
62020,2024-213N,STARLINK-11378,366.8
62021,2024-213P,STARLINK-32520,482.3
62022,2024-213Q,STARLINK-32539,482.4
62023,2024-213R,STARLINK-32334,482.4
62024,2024-213S,STARLINK-32504,482.4
62025,2024-213T,STARLINK-32493,482.3
62026,2024-213U,STARLINK-32561,482.4
62027,2024-213V,STARLINK-32512,482.4
62032,2024-216A,STARLINK-32637,490.2
62033,2024-216B,STARLINK-32582,490.2
62034,2024-216C,STARLINK-32615,490.2
62035,2024-216D,STARLINK-32592,490.2
62036,2024-216E,STARLINK-32225,490.1
62037,2024-216F,STARLINK-32595,490.2
62038,2024-216G,STARLINK-32477,442.4
62039,2024-216H,STARLINK-32480,490.2
62040,2024-216J,STARLINK-32510,490.1
62041,2024-216K,STARLINK-32456,490.2
62042,2024-216L,STARLINK-32509,490.1
62043,2024-216M,STARLINK-32491,490.2
62044,2024-216N,STARLINK-32577,490.1
62045,2024-216P,STARLINK-32618,490.2
62046,2024-216Q,STARLINK-32598,490.2
62047,2024-216R,STARLINK-32630,490.2
62048,2024-216S,STARLINK-32599,490.2
62049,2024-216T,STARLINK-32473,490.1
62050,2024-216U,STARLINK-32492,490.2
62051,2024-216V,STARLINK-32496,490.2
62052,2024-216W,STARLINK-32495,490.1
62053,2024-216X,STARLINK-32494,490.2
62054,2024-216Y,STARLINK-32408,490.2
62055,2024-216Z,STARLINK-32571,490.2
62057,2024-217A,STARLINK-11465,366.7
62058,2024-217B,STARLINK-11426,366.8
62059,2024-217C,STARLINK-11454,366.7
62060,2024-217D,STARLINK-11473,366.8
62061,2024-217E,STARLINK-11429,366.6
62062,2024-217F,STARLINK-11470,366.7
62063,2024-217G,STARLINK-11427,366.8
62064,2024-217H,STARLINK-11456,366.5
62065,2024-217J,STARLINK-11474,366.4
62066,2024-217K,STARLINK-11463,366.8
62067,2024-217L,STARLINK-11472,366.6
62068,2024-217M,STARLINK-11467,366.7
62069,2024-217N,STARLINK-11460,366.6
62070,2024-217P,STARLINK-32604,482.3
62071,2024-217Q,STARLINK-32553,482.4
62072,2024-217R,STARLINK-32603,482.4
62073,2024-217S,STARLINK-32444,482.4
62074,2024-217T,STARLINK-32619,482.3
62075,2024-217U,STARLINK-32580,482.4
62076,2024-217V,STARLINK-32617,482.4
62088,2024-220A,STARLINK-11384,363.4
62089,2024-220B,STARLINK-11379,363.5
62090,2024-220C,STARLINK-11387,363.3
62091,2024-220D,STARLINK-11389,363.2
62092,2024-220E,STARLINK-11388,363.4
62093,2024-220F,STARLINK-11345,363.8
62094,2024-220G,STARLINK-11381,363.3
62095,2024-220H,STARLINK-11369,363.4
62096,2024-220J,STARLINK-11303,363.6
62097,2024-220K,STARLINK-11367,363.5
62098,2024-220L,STARLINK-11386,363.7
62099,2024-220M,STARLINK-11380,363.7
62100,2024-220N,STARLINK-33566,490.2
62101,2024-220P,STARLINK-33545,490.2
62102,2024-220Q,STARLINK-33562,490.2
62103,2024-220R,STARLINK-33554,490.3
62104,2024-220S,STARLINK-33555,490.1
62107,2024-220V,STARLINK-33559,490.2
62108,2024-220W,STARLINK-33553,490.2
62109,2024-220X,STARLINK-33556,490.2
62110,2024-220Y,STARLINK-33551,490.3
62114,2024-222A,STARLINK-32311,490.1
62115,2024-222B,STARLINK-32470,490.2
62116,2024-222C,STARLINK-32502,490.3
62117,2024-222D,STARLINK-32521,490.2
62118,2024-222E,STARLINK-32549,490.1
62119,2024-222F,STARLINK-32535,490.1
62120,2024-222G,STARLINK-32548,490.1
62121,2024-222H,STARLINK-32525,490.2
62122,2024-222J,STARLINK-32628,490.1
62123,2024-222K,STARLINK-32626,490.1
62124,2024-222L,STARLINK-32608,490.2
62125,2024-222M,STARLINK-32488,490.1
62126,2024-222N,STARLINK-32490,490.1
62127,2024-222P,STARLINK-32557,490.1
62128,2024-222Q,STARLINK-32568,490.2
62129,2024-222R,STARLINK-32462,490.2
62130,2024-222S,STARLINK-32463,490.2
62131,2024-222T,STARLINK-32550,490.2
62132,2024-222U,STARLINK-32507,490.1
62133,2024-222V,STARLINK-32245,490.2
62134,2024-222W,STARLINK-32546,490.2
62135,2024-222X,STARLINK-32545,490.1
62136,2024-222Y,STARLINK-32554,490.2
62137,2024-222Z,STARLINK-32570,490.1
62139,2024-224A,STARLINK-32529,490.1
62140,2024-224B,STARLINK-32464,490.1
62141,2024-224C,STARLINK-32482,490.2
62142,2024-224D,STARLINK-32454,490.2
62143,2024-224E,STARLINK-32485,490.2
62144,2024-224F,STARLINK-32388,490.1
62145,2024-224G,STARLINK-32374,490.1
62146,2024-224H,STARLINK-32384,490.2
62147,2024-224J,STARLINK-32295,490.2
62148,2024-224K,STARLINK-32479,490.1
62149,2024-224L,STARLINK-32468,490.2
62150,2024-224M,STARLINK-32629,490.2
62151,2024-224N,STARLINK-32644,490.3
62152,2024-224P,STARLINK-32623,490.2
62153,2024-224Q,STARLINK-32639,490.2
62154,2024-224R,STARLINK-32625,490.1
62155,2024-224S,STARLINK-32635,490.1
62156,2024-224T,STARLINK-32532,490.2
62157,2024-224U,STARLINK-32503,490.1
62158,2024-224V,STARLINK-32508,490.2
62159,2024-224W,STARLINK-32524,490.2
62160,2024-224X,STARLINK-32484,490.1
62161,2024-224Y,STARLINK-32497,490.2
62162,2024-224Z,STARLINK-32526,490.1
62165,2024-225C,STARLINK-32523,579.3
62166,2024-225D,STARLINK-32551,579.1
62167,2024-225E,STARLINK-32506,579.2
62168,2024-225F,STARLINK-32562,579.2
62169,2024-225G,STARLINK-32558,579.1
62170,2024-225H,STARLINK-32538,579.2
62171,2024-225J,STARLINK-32257,579.2
62172,2024-225K,STARLINK-32407,579.2
62173,2024-225L,STARLINK-32575,579.3
62174,2024-225M,STARLINK-32552,579.2
62175,2024-225N,STARLINK-32534,573.8
62176,2024-225P,STARLINK-32516,579.2
62177,2024-225Q,STARLINK-32542,579.2
62178,2024-225R,STARLINK-32600,579.2
62179,2024-225S,STARLINK-32584,579.2
62180,2024-225T,STARLINK-32587,579.2
62181,2024-225U,STARLINK-32602,579.1
62182,2024-225V,STARLINK-32565,579.1
62183,2024-225W,STARLINK-32589,579.2
62184,2024-225X,STARLINK-32581,579.2
62192,2024-229A,STARLINK-32686,490.2
62193,2024-229B,STARLINK-32688,490.2
62194,2024-229C,STARLINK-32684,490.2
62195,2024-229D,STARLINK-32672,490.1
62196,2024-229E,STARLINK-32682,490.1
62197,2024-229F,STARLINK-32663,490.2
62198,2024-229G,STARLINK-32640,490.2
62199,2024-229H,STARLINK-32653,490.2
62200,2024-229J,STARLINK-32647,490.1
62201,2024-229K,STARLINK-32667,490.2
62202,2024-229L,STARLINK-32655,490.2
62203,2024-229M,STARLINK-32665,490.1
62204,2024-229N,STARLINK-32664,462.1
62205,2024-229P,STARLINK-32660,490.1
62206,2024-229Q,STARLINK-32448,490.2
62207,2024-229R,STARLINK-32430,490.1
62208,2024-229S,STARLINK-32675,490.1
62209,2024-229T,STARLINK-32671,490.2
62210,2024-229U,STARLINK-32670,490.2
62211,2024-229V,STARLINK-32642,490.2
62212,2024-229W,STARLINK-32668,490.2
62213,2024-229X,STARLINK-32669,490.1
62214,2024-229Y,STARLINK-32666,490.2
62215,2024-229Z,STARLINK-32662,490.2
62218,2024-231A,STARLINK-11394,366.5
62219,2024-231B,STARLINK-11490,366.7
62220,2024-231C,STARLINK-11466,366.7
62221,2024-231D,STARLINK-11468,366.6
62222,2024-231E,STARLINK-11488,366.6
62223,2024-231F,STARLINK-11483,366.7
62224,2024-231G,STARLINK-11492,366.6
62225,2024-231H,STARLINK-11471,366.6
62226,2024-231J,STARLINK-11475,366.3
62227,2024-231K,STARLINK-11469,366.6
62228,2024-231L,STARLINK-11476,366.6
62229,2024-231M,STARLINK-11485,366.6
62230,2024-231N,STARLINK-11481,366.6
62231,2024-231P,STARLINK-32650,482.4
62232,2024-231Q,STARLINK-32636,482.4
62233,2024-231R,STARLINK-32643,482.4
62234,2024-231S,STARLINK-32652,482.3
62235,2024-231T,STARLINK-32631,482.4
62236,2024-231U,STARLINK-32641,482.4
62262,2024-231V,STARLINK-32632,482.4
62267,2024-237A,STARLINK-11496,363.5
62268,2024-237B,STARLINK-11501,363.4
62269,2024-237C,STARLINK-11491,363.6
62270,2024-237D,STARLINK-11479,363.4
62271,2024-237E,STARLINK-11489,362.9
62272,2024-237F,STARLINK-11494,363.7
62273,2024-237G,STARLINK-11333,363.5
62274,2024-237H,STARLINK-11504,363.3
62275,2024-237J,STARLINK-11495,363.4
62276,2024-237K,STARLINK-11498,363.4
62277,2024-237L,STARLINK-11484,363.4
62278,2024-237M,STARLINK-11487,363.5
62279,2024-237N,STARLINK-11499,363.2
62280,2024-237P,STARLINK-33548,490.2
62281,2024-237Q,STARLINK-33544,490.2
62282,2024-237R,STARLINK-33560,490.2
62283,2024-237S,STARLINK-33547,490.2
62284,2024-237T,STARLINK-33563,490.2
62285,2024-237U,STARLINK-33550,490.2
62286,2024-237V,STARLINK-33564,490.2
62287,2024-237W,STARLINK-33546,490.2
62288,2024-237X,STARLINK-33565,490.2
62289,2024-237Y,STARLINK-33549,490.2
62301,2024-239A,STARLINK-32648,482.4
62302,2024-239B,STARLINK-32594,482.4
62303,2024-239C,STARLINK-32621,482.3
62304,2024-239D,STARLINK-32597,482.4
62305,2024-239E,STARLINK-32649,482.4
62306,2024-239F,STARLINK-32633,482.3
62307,2024-239G,STARLINK-32646,482.3
62308,2024-239H,STARLINK-32706,482.4
62309,2024-239J,STARLINK-32678,482.3
62310,2024-239K,STARLINK-32696,482.3
62311,2024-239L,STARLINK-32700,482.4
62312,2024-239M,STARLINK-32698,482.4
62313,2024-239N,STARLINK-32634,482.3
62314,2024-239P,STARLINK-32651,482.3
62315,2024-239Q,STARLINK-32627,482.4
62316,2024-239R,STARLINK-32596,482.3
62317,2024-239S,STARLINK-32519,482.4
62319,2024-239U,STARLINK-32527,482.3
62320,2024-239V,STARLINK-32481,482.4
62321,2024-239W,STARLINK-32645,482.3
62322,2024-239X,STARLINK-32654,482.3
62409,2024-249A,STARLINK-11444,363.4
62410,2024-249B,STARLINK-11493,363.4
62411,2024-249C,STARLINK-11453,363.5
62412,2024-249D,STARLINK-11462,363.3
62413,2024-249E,STARLINK-11441,363.2
62414,2024-249F,STARLINK-11445,363.7
62415,2024-249G,STARLINK-11355,363.5
62416,2024-249H,STARLINK-11446,363.4
62417,2024-249J,STARLINK-11428,363.5
62418,2024-249K,STARLINK-11447,363.4
62420,2024-249M,STARLINK-11434,363.5
62421,2024-249N,STARLINK-11461,363.4
62422,2024-249P,STARLINK-32692,490.2
62423,2024-249Q,STARLINK-32680,490.2
62424,2024-249R,STARLINK-32638,490.2
62425,2024-249S,STARLINK-32283,490.2
62426,2024-249T,STARLINK-32676,490.1
62427,2024-249U,STARLINK-32659,490.1
62428,2024-249V,STARLINK-32614,490.2
62429,2024-249W,STARLINK-32418,490.2
62432,2024-251A,STARLINK-32702,482.4
62433,2024-251B,STARLINK-32712,482.3
62434,2024-251C,STARLINK-32674,482.5
62435,2024-251D,STARLINK-32711,482.4
62436,2024-251E,STARLINK-32697,482.4
62437,2024-251F,STARLINK-32693,482.4
62438,2024-251G,STARLINK-32721,482.3
62439,2024-251H,STARLINK-32709,482.3
62440,2024-251J,STARLINK-32689,482.3
62441,2024-251K,STARLINK-32724,482.3
62442,2024-251L,STARLINK-32291,482.4
62443,2024-251M,STARLINK-32736,482.3
62444,2024-251N,STARLINK-32737,482.3
62445,2024-251P,STARLINK-32683,482.3
62446,2024-251Q,STARLINK-32726,482.4
62447,2024-251R,STARLINK-32730,482.3
62448,2024-251S,STARLINK-32719,482.5
62449,2024-251T,STARLINK-32723,482.4
62450,2024-251U,STARLINK-32722,482.4
62451,2024-251V,STARLINK-32720,482.4
62452,2024-251W,STARLINK-32656,482.3
62453,2024-251X,STARLINK-32690,482.4
62462,2024-254A,STARLINK-11518,363.4
62463,2024-254B,STARLINK-11455,363.7
62465,2024-254D,STARLINK-11178,363.5
62466,2024-254E,STARLINK-11506,363.5
62467,2024-254F,STARLINK-11486,363.3
62468,2024-254G,STARLINK-11511,363.5
62469,2024-254H,STARLINK-11505,363.5
62470,2024-254J,STARLINK-11497,363.5
62471,2024-254K,STARLINK-11477,363.5
62472,2024-254L,STARLINK-11500,363.0
62473,2024-254M,STARLINK-11464,363.4
62474,2024-254N,STARLINK-11502,363.5
62475,2024-254P,STARLINK-32657,490.2
62476,2024-254Q,STARLINK-32734,490.2
62477,2024-254R,STARLINK-32733,490.2
62478,2024-254S,STARLINK-32707,490.1
62479,2024-254T,STARLINK-32705,490.1
62480,2024-254U,STARLINK-32743,490.2
62481,2024-254V,STARLINK-32753,490.2
62482,2024-254W,STARLINK-32699,490.1
62487,2025-003A,STARLINK-32713,490.2
62488,2025-003B,STARLINK-32732,490.1
62489,2025-003C,STARLINK-32328,490.2
62490,2025-003D,STARLINK-32332,490.1
62491,2025-003E,STARLINK-32717,490.2
62492,2025-003F,STARLINK-32757,490.2
62493,2025-003G,STARLINK-32731,490.1
62494,2025-003H,STARLINK-32694,490.2
62495,2025-003J,STARLINK-32708,490.1
62496,2025-003K,STARLINK-32718,490.2
62497,2025-003L,STARLINK-32729,490.1
62498,2025-003M,STARLINK-32739,490.2
62499,2025-003N,STARLINK-32714,490.2
62500,2025-003P,STARLINK-32685,490.2
62501,2025-003Q,STARLINK-32691,490.2
62502,2025-003R,STARLINK-32788,490.2
62503,2025-003S,STARLINK-32768,490.1
62504,2025-003T,STARLINK-32792,490.2
62505,2025-003U,STARLINK-32725,490.3
62506,2025-003V,STARLINK-32681,490.2
62507,2025-003W,STARLINK-32679,490.2
62508,2025-003X,STARLINK-32749,490.2
62509,2025-003Y,STARLINK-32744,490.2
62510,2025-003Z,STARLINK-32701,490.2
62511,2025-004A,STARLINK-11452,363.5
62512,2025-004B,STARLINK-11443,363.5
62513,2025-004C,STARLINK-11440,363.5
62514,2025-004D,STARLINK-11514,363.5
62515,2025-004E,STARLINK-11508,363.1
62516,2025-004F,STARLINK-11510,362.9
62517,2025-004G,STARLINK-11512,363.4
62518,2025-004H,STARLINK-11450,363.5
62519,2025-004J,STARLINK-11507,363.5
62520,2025-004K,STARLINK-11482,363.5
62521,2025-004L,STARLINK-11528,363.6
62522,2025-004M,STARLINK-11516,363.4
62523,2025-004N,STARLINK-11527,363.2
62524,2025-004P,STARLINK-32748,490.2
62525,2025-004Q,STARLINK-32777,490.3
62526,2025-004R,STARLINK-32741,490.2
62527,2025-004S,STARLINK-32754,490.1
62528,2025-004T,STARLINK-32786,490.1
62529,2025-004U,STARLINK-32789,490.2
62530,2025-004V,STARLINK-32791,490.2
62531,2025-004W,STARLINK-32785,490.2
62554,2025-006A,STARLINK-11538,363.5
62555,2025-006B,STARLINK-11534,363.2
62556,2025-006C,STARLINK-11515,363.5
62557,2025-006D,STARLINK-11478,363.4
62558,2025-006E,STARLINK-11358,363.5
62559,2025-006F,STARLINK-11517,363.5
62560,2025-006G,STARLINK-11519,363.5
62561,2025-006H,STARLINK-11451,363.5
62562,2025-006J,STARLINK-11530,362.9
62563,2025-006K,STARLINK-11536,363.8
62564,2025-006L,STARLINK-11540,363.1
62565,2025-006M,STARLINK-11523,363.1
62566,2025-006N,STARLINK-11525,363.7
62567,2025-006P,STARLINK-32752,490.1
62568,2025-006Q,STARLINK-32760,490.1
62569,2025-006R,STARLINK-32715,490.2
62570,2025-006S,STARLINK-32764,490.1
62571,2025-006T,STARLINK-32773,490.2
62572,2025-006U,STARLINK-32750,490.2
62573,2025-006V,STARLINK-32771,490.4
62574,2025-006W,STARLINK-32766,490.1
62587,2025-008A,STARLINK-11547,363.4
62588,2025-008B,STARLINK-11185,362.7
62589,2025-008C,STARLINK-11513,363.6
62590,2025-008D,STARLINK-11397,363.6
62591,2025-008E,STARLINK-11420,363.5
62592,2025-008F,STARLINK-11415,363.5
62593,2025-008G,STARLINK-11413,363.5
62594,2025-008H,STARLINK-11416,363.0
62595,2025-008J,STARLINK-11535,363.6
62597,2025-008L,STARLINK-11521,363.4
62598,2025-008M,STARLINK-11258,363.5
62599,2025-008N,STARLINK-11529,363.5
62600,2025-008P,STARLINK-32747,490.2
62601,2025-008Q,STARLINK-32767,490.1
62602,2025-008R,STARLINK-32769,490.2
62603,2025-008S,STARLINK-32778,490.2
62604,2025-008T,STARLINK-32710,490.2
62605,2025-008U,STARLINK-32742,490.3
62606,2025-008V,STARLINK-32783,490.2
62607,2025-008W,STARLINK-32784,469.8
62735,2025-014A,STARLINK-32806,490.2
62736,2025-014B,STARLINK-32329,490.2
62737,2025-014C,STARLINK-32774,490.1
62738,2025-014D,STARLINK-32802,490.1
62739,2025-014E,STARLINK-32796,490.2
62740,2025-014F,STARLINK-32805,490.2
62741,2025-014G,STARLINK-32770,490.2
62742,2025-014H,STARLINK-32775,490.1
62743,2025-014J,STARLINK-32800,490.2
62744,2025-014K,STARLINK-32758,490.2
62745,2025-014L,STARLINK-32746,490.2
62746,2025-014M,STARLINK-32780,490.2
62747,2025-014N,STARLINK-32765,490.1
62748,2025-014P,STARLINK-32762,490.2
62749,2025-014Q,STARLINK-32761,490.2
62750,2025-014R,STARLINK-32763,490.2
62751,2025-014S,STARLINK-32759,490.2
62752,2025-014T,STARLINK-32756,490.2
62753,2025-014U,STARLINK-32751,490.1
62754,2025-014V,STARLINK-32740,490.2
62755,2025-014W,STARLINK-32745,490.2
62758,2025-015A,STARLINK-33596,482.4
62759,2025-015B,STARLINK-33589,482.3
62760,2025-015C,STARLINK-33575,482.3
62761,2025-015D,STARLINK-33584,482.4
62762,2025-015E,STARLINK-33577,482.4
62763,2025-015F,STARLINK-33597,482.3
62764,2025-015G,STARLINK-33579,482.4
62765,2025-015H,STARLINK-33592,482.4
62766,2025-015J,STARLINK-33595,482.5
62767,2025-015K,STARLINK-33572,482.4
62768,2025-015L,STARLINK-33601,482.4
62769,2025-015M,STARLINK-33569,482.3
62770,2025-015N,STARLINK-33594,482.4
62771,2025-015P,STARLINK-33598,482.3
62772,2025-015Q,STARLINK-33600,482.3
62773,2025-015R,STARLINK-33567,482.3
62774,2025-015S,STARLINK-33574,482.3
62775,2025-015T,STARLINK-33576,482.3
62776,2025-015U,STARLINK-33570,482.4
62777,2025-015V,STARLINK-33591,482.3
62778,2025-015W,STARLINK-33573,482.4
62779,2025-015X,STARLINK-33568,482.4
62780,2025-015Y,STARLINK-33593,482.3
62781,2025-015Z,STARLINK-33588,482.3
62782,2025-015AA,STARLINK-33585,482.1
62783,2025-015AB,STARLINK-33582,479.6
62784,2025-015AC,STARLINK-33581,482.3
62806,2025-018A,STARLINK-32883,482.4
62807,2025-018B,STARLINK-32886,482.5
62808,2025-018C,STARLINK-32848,482.4
62809,2025-018D,STARLINK-32787,482.4
62810,2025-018E,STARLINK-32851,482.4
62811,2025-018F,STARLINK-32847,482.4
62812,2025-018G,STARLINK-32837,482.3
62813,2025-018H,STARLINK-32855,482.3
62814,2025-018J,STARLINK-32843,482.4
62815,2025-018K,STARLINK-32845,482.3
62816,2025-018L,STARLINK-32854,482.5
62817,2025-018M,STARLINK-32824,482.4
62818,2025-018N,STARLINK-32853,482.4
62819,2025-018P,STARLINK-32856,482.4
62820,2025-018Q,STARLINK-32844,482.3
62821,2025-018R,STARLINK-32782,482.4
62822,2025-018S,STARLINK-32842,482.2
62823,2025-018T,STARLINK-32823,482.4
62824,2025-018U,STARLINK-32852,482.3
62825,2025-018V,STARLINK-32825,482.3
62826,2025-018W,STARLINK-32704,482.4
62828,2025-018Y,STARLINK-32727,482.3
62829,2025-019A,STARLINK-11548,363.4
62830,2025-019B,STARLINK-11480,363.5
62831,2025-019C,STARLINK-11559,363.3
62832,2025-019D,STARLINK-11549,363.2
62833,2025-019E,STARLINK-11554,363.3
62834,2025-019F,STARLINK-11520,363.4
62835,2025-019G,STARLINK-11546,363.8
62836,2025-019H,STARLINK-11533,363.6
62837,2025-019J,STARLINK-11557,363.6
62838,2025-019K,STARLINK-11556,363.3
62839,2025-019L,STARLINK-11524,363.2
62840,2025-019M,STARLINK-11551,363.5
62841,2025-019N,STARLINK-11531,363.5
62842,2025-019P,STARLINK-32755,490.2
62843,2025-019Q,STARLINK-32797,490.1
62844,2025-019R,STARLINK-32794,490.1
62845,2025-019S,STARLINK-32807,490.2
62846,2025-019T,STARLINK-32804,490.2
62847,2025-019U,STARLINK-32799,490.2
62848,2025-019V,STARLINK-32781,490.2
62849,2025-019W,STARLINK-32809,490.1
62854,2025-022A,STARLINK-32868,482.4
62855,2025-022B,STARLINK-32867,482.4
62856,2025-022C,STARLINK-32860,482.3
62857,2025-022D,STARLINK-32873,482.3
62858,2025-022E,STARLINK-32866,482.3
62859,2025-022F,STARLINK-32869,480.8
62860,2025-022G,STARLINK-32831,482.4
62861,2025-022H,STARLINK-32859,482.4
62862,2025-022J,STARLINK-32864,482.3
62863,2025-022K,STARLINK-32808,482.2
62864,2025-022L,STARLINK-32862,482.3
62865,2025-022M,STARLINK-32841,482.4
62866,2025-022N,STARLINK-32695,482.3
62867,2025-022P,STARLINK-32846,482.3
62868,2025-022Q,STARLINK-32822,482.4
62869,2025-022R,STARLINK-32813,482.4
62870,2025-022S,STARLINK-32861,482.4
62871,2025-022T,STARLINK-32814,482.3
62872,2025-022U,STARLINK-32849,482.4
62873,2025-022V,STARLINK-32833,482.3
62874,2025-022W,STARLINK-32793,482.3
62875,2025-022X,STARLINK-32834,482.3
62879,2025-024A,STARLINK-11371,363.5
62880,2025-024B,STARLINK-11352,363.5
62881,2025-024C,STARLINK-11382,363.5
62882,2025-024D,STARLINK-11432,363.5
62883,2025-024E,STARLINK-11419,363.3
62884,2025-024F,STARLINK-11437,363.3
62885,2025-024G,STARLINK-11442,363.2
62886,2025-024H,STARLINK-11365,363.6
62887,2025-024J,STARLINK-11436,363.4
62888,2025-024K,STARLINK-11438,363.6
62889,2025-024L,STARLINK-11391,363.5
62890,2025-024M,STARLINK-11431,363.5
62891,2025-024N,STARLINK-11435,363.5
62892,2025-024P,STARLINK-32878,490.1
62893,2025-024Q,STARLINK-32892,490.2
62894,2025-024R,STARLINK-32909,490.1
62895,2025-024S,STARLINK-32901,490.2
62896,2025-024T,STARLINK-32890,490.2
62897,2025-024U,STARLINK-32893,490.1
62898,2025-024V,STARLINK-32902,490.2
62899,2025-024W,STARLINK-32661,490.2
62907,2025-027A,STARLINK-11552,363.5
62908,2025-027B,STARLINK-11561,363.3
62909,2025-027C,STARLINK-11567,363.7
62910,2025-027D,STARLINK-11569,363.3
62911,2025-027E,STARLINK-11537,363.4
62912,2025-027F,STARLINK-11565,363.5
62913,2025-027G,STARLINK-11564,363.7
62914,2025-027H,STARLINK-11566,363.5
62915,2025-027J,STARLINK-11555,363.3
62916,2025-027K,STARLINK-11430,363.4
62917,2025-027L,STARLINK-11560,363.5
62918,2025-027M,STARLINK-11562,363.4
62919,2025-027N,STARLINK-11457,363.5
62920,2025-027P,STARLINK-32921,490.2
62921,2025-027Q,STARLINK-32917,490.1
62922,2025-027R,STARLINK-32916,490.1
62923,2025-027S,STARLINK-32905,490.2
62924,2025-027T,STARLINK-32871,490.2
62925,2025-027U,STARLINK-32920,490.1
62926,2025-027V,STARLINK-32922,490.2
62927,2025-027W,STARLINK-32891,490.1
62948,2025-029A,STARLINK-32728,482.4
62949,2025-029B,STARLINK-32857,482.4
62950,2025-029C,STARLINK-32850,482.3
62951,2025-029D,STARLINK-32875,482.3
62952,2025-029E,STARLINK-32865,482.4
62953,2025-029F,STARLINK-32884,482.3
62954,2025-029G,STARLINK-32874,482.4
62955,2025-029H,STARLINK-32880,482.4
62956,2025-029J,STARLINK-32815,482.4
62957,2025-029K,STARLINK-32879,482.3
62958,2025-029L,STARLINK-32885,482.4
62959,2025-029M,STARLINK-32896,482.3
62960,2025-029N,STARLINK-32877,482.4
62961,2025-029P,STARLINK-32889,482.3
62962,2025-029Q,STARLINK-32858,482.4
62963,2025-029R,STARLINK-32882,482.4
62964,2025-029S,STARLINK-32887,482.3
62965,2025-029T,STARLINK-32836,482.3
62966,2025-029U,STARLINK-32888,482.4
62967,2025-029V,STARLINK-32897,482.3
62968,2025-029W,STARLINK-32863,482.4
62969,2025-029X,STARLINK-32894,482.4
62970,2025-029Y,STARLINK-32826,482.4
62981,2025-031A,STARLINK-11543,363.5
62982,2025-031B,STARLINK-11458,363.5
62983,2025-031C,STARLINK-11417,363.2
62984,2025-031D,STARLINK-11544,363.4
62985,2025-031E,STARLINK-11582,363.7
62986,2025-031F,STARLINK-11571,363.4
62987,2025-031G,STARLINK-11539,363.3
62988,2025-031H,STARLINK-11542,363.5
62989,2025-031J,STARLINK-11573,363.6
62990,2025-031K,STARLINK-11572,363.6
62991,2025-031L,STARLINK-11583,363.2
62992,2025-031M,STARLINK-11570,363.6
62993,2025-031N,STARLINK-11576,363.3
62994,2025-031P,STARLINK-32899,490.2
62995,2025-031Q,STARLINK-32819,490.1
62996,2025-031R,STARLINK-32703,490.1
62997,2025-031S,STARLINK-32881,490.2
62998,2025-031T,STARLINK-32898,490.2
62999,2025-031U,STARLINK-32658,490.1
63000,2025-031V,STARLINK-32673,490.2
63001,2025-031W,STARLINK-32437,490.2
63005,2025-032A,STARLINK-11448,363.6
63006,2025-032B,STARLINK-11553,363.6
63007,2025-032C,STARLINK-11526,363.3
63008,2025-032D,STARLINK-11405,363.4
63009,2025-032E,STARLINK-11586,363.6
63010,2025-032F,STARLINK-11574,363.4
63011,2025-032G,STARLINK-11580,363.5
63012,2025-032H,STARLINK-11449,363.5
63013,2025-032J,STARLINK-11577,363.4
63014,2025-032K,STARLINK-11578,363.5
63015,2025-032L,STARLINK-11541,363.5
63016,2025-032M,STARLINK-11545,363.3
63017,2025-032N,STARLINK-11400,363.4
63018,2025-032P,STARLINK-32870,490.2
63019,2025-032Q,STARLINK-32872,490.2
63020,2025-032R,STARLINK-32677,490.3
63021,2025-032S,STARLINK-32929,490.2
63022,2025-032T,STARLINK-32944,490.1
63023,2025-032U,STARLINK-32943,490.1
63024,2025-032V,STARLINK-32803,490.1
63025,2025-032W,STARLINK-32926,490.1
63029,2025-034A,STARLINK-32798,482.4
63030,2025-034B,STARLINK-32779,482.4
63031,2025-034C,STARLINK-32716,482.3
63032,2025-034D,STARLINK-32776,482.4
63033,2025-034E,STARLINK-32772,482.4
63034,2025-034F,STARLINK-32830,482.4
63035,2025-034G,STARLINK-32801,482.3
63036,2025-034H,STARLINK-32818,482.3
63037,2025-034J,STARLINK-32810,482.5
63038,2025-034K,STARLINK-32812,482.5
63039,2025-034L,STARLINK-32811,482.3
63040,2025-034M,STARLINK-32832,482.4
63041,2025-034N,STARLINK-32820,482.3
63042,2025-034P,STARLINK-32795,482.4
63043,2025-034Q,STARLINK-32827,482.3
63044,2025-034R,STARLINK-32735,482.3
63045,2025-034S,STARLINK-32828,482.4
63046,2025-034T,STARLINK-32738,482.4
63047,2025-034U,STARLINK-32590,482.4
63048,2025-034V,STARLINK-32790,482.3
63049,2025-034W,STARLINK-32829,482.4
63050,2025-034X,STARLINK-32816,482.3
63051,2025-034Y,STARLINK-32835,482.5
63052,2025-035A,STARLINK-11550,363.4
63053,2025-035B,STARLINK-11563,363.8
63054,2025-035C,STARLINK-11347,363.5
63055,2025-035D,STARLINK-11558,363.4
63056,2025-035E,STARLINK-11392,363.7
63057,2025-035F,STARLINK-11406,363.4
63058,2025-035G,STARLINK-11418,363.2
63059,2025-035H,STARLINK-11509,364.0
63060,2025-035J,STARLINK-11403,363.5
63061,2025-035K,STARLINK-11409,363.5
63062,2025-035L,STARLINK-11412,363.7
63063,2025-035M,STARLINK-11399,363.3
63064,2025-035N,STARLINK-11408,363.4
63065,2025-035P,STARLINK-33635,490.2
63066,2025-035Q,STARLINK-33622,490.2
63067,2025-035R,STARLINK-33628,490.2
63068,2025-035S,STARLINK-33627,490.1
63069,2025-035T,STARLINK-33620,490.2
63070,2025-035U,STARLINK-33604,490.2
63071,2025-035V,STARLINK-33624,490.2
63072,2025-035W,STARLINK-33623,490.2
63073,2025-035X,STARLINK-33586,490.2
63074,2025-035Y,STARLINK-33605,490.2
63077,2025-037A,STARLINK-32839,580.4
63078,2025-037B,STARLINK-32821,579.3
63079,2025-037C,STARLINK-32817,579.2
63080,2025-037D,STARLINK-32906,579.1
63081,2025-037E,STARLINK-32895,579.2
63082,2025-037F,STARLINK-32933,579.3
63083,2025-037G,STARLINK-32932,579.2
63084,2025-037H,STARLINK-32908,579.2
63085,2025-037J,STARLINK-32505,579.2
63086,2025-037K,STARLINK-32914,579.2
63087,2025-037L,STARLINK-32918,579.2
63088,2025-037M,STARLINK-32912,579.2
63089,2025-037N,STARLINK-32910,579.3
63090,2025-037P,STARLINK-32903,579.2
63091,2025-037Q,STARLINK-32925,579.2
63092,2025-037R,STARLINK-32924,579.3
63093,2025-037S,STARLINK-32900,579.2
63094,2025-037T,STARLINK-32927,579.2
63095,2025-037U,STARLINK-32907,579.2
63096,2025-037V,STARLINK-32911,579.2
63097,2025-037W,STARLINK-32923,579.2
63098,2025-037X,STARLINK-32913,579.2
63104,2025-039A,STARLINK-11629,363.5
63105,2025-039B,STARLINK-11624,363.6
63106,2025-039C,STARLINK-11584,363.7
63107,2025-039D,STARLINK-11627,363.5
63108,2025-039E,STARLINK-11632,363.6
63109,2025-039F,STARLINK-11625,363.5
63110,2025-039G,STARLINK-11601,363.1
63111,2025-039H,STARLINK-11630,363.4
63112,2025-039J,STARLINK-11590,363.3
63113,2025-039K,STARLINK-11598,363.4
63114,2025-039L,STARLINK-11600,363.4
63115,2025-039M,STARLINK-11597,363.7
63116,2025-039N,STARLINK-11591,363.4
63117,2025-039P,STARLINK-32955,451.6
63118,2025-039Q,STARLINK-32945,490.2
63119,2025-039R,STARLINK-32941,490.2
63120,2025-039S,STARLINK-32942,490.2
63121,2025-039T,STARLINK-32947,490.2
63122,2025-039U,STARLINK-32961,490.1
63123,2025-039V,STARLINK-32948,490.2
63124,2025-039W,STARLINK-32957,490.2
63132,2025-043A,STARLINK-11609,363.5
63133,2025-043B,STARLINK-11604,363.2
63134,2025-043C,STARLINK-11605,363.3
63135,2025-043D,STARLINK-11610,363.5
63136,2025-043E,STARLINK-11613,363.2
63137,2025-043F,STARLINK-11616,363.6
63138,2025-043G,STARLINK-11611,362.8
63139,2025-043H,STARLINK-11628,363.6
63140,2025-043J,STARLINK-11607,363.4
63141,2025-043K,STARLINK-11522,363.4
63142,2025-043L,STARLINK-11503,363.3
63143,2025-043M,STARLINK-11579,363.1
63144,2025-043N,STARLINK-11581,363.2
63145,2025-043P,STARLINK-32949,490.1
63146,2025-043Q,STARLINK-32952,490.2
63147,2025-043R,STARLINK-32936,490.2
63148,2025-043S,STARLINK-32937,490.2
63149,2025-043T,STARLINK-32939,490.1
63150,2025-043U,STARLINK-32919,490.2
63151,2025-043V,STARLINK-32876,490.1
63152,2025-043W,STARLINK-32915,490.2
63183,2025-048A,STARLINK-11602,363.5
63184,2025-048B,STARLINK-11617,363.5
63185,2025-048C,STARLINK-11618,363.7
63186,2025-048D,STARLINK-11646,363.4
63187,2025-048E,STARLINK-11622,363.6
63188,2025-048F,STARLINK-11642,363.5
63189,2025-048G,STARLINK-11639,363.2
63190,2025-048H,STARLINK-11637,363.5
63191,2025-048J,STARLINK-11647,363.6
63192,2025-048K,STARLINK-11643,363.6
63193,2025-048L,STARLINK-11635,363.4
63194,2025-048M,STARLINK-11636,363.7
63195,2025-048N,STARLINK-11631,363.2
63196,2025-048P,STARLINK-32946,490.2
63197,2025-048Q,STARLINK-32960,490.2
63198,2025-048R,STARLINK-32904,490.2
63199,2025-048S,STARLINK-32931,490.1
63200,2025-048T,STARLINK-32934,490.2
63201,2025-048U,STARLINK-32938,490.1
63202,2025-048V,STARLINK-32935,490.2
63203,2025-048W,STARLINK-32930,490.1
63265,2025-053A,STARLINK-11654,363.4
63266,2025-053B,STARLINK-11659,363.5
63267,2025-053C,STARLINK-11653,363.6
63268,2025-053D,STARLINK-11641,363.4
63269,2025-053E,STARLINK-11638,363.5
63270,2025-053F,STARLINK-11614,363.2
63271,2025-053G,STARLINK-11620,363.3
63272,2025-053H,STARLINK-11619,363.5
63273,2025-053J,STARLINK-11621,363.5
63274,2025-053K,STARLINK-11615,363.5
63275,2025-053L,STARLINK-11608,363.0
63276,2025-053M,STARLINK-11623,363.4
63278,2025-053P,STARLINK-33660,490.2
63279,2025-053Q,STARLINK-33611,490.2
63280,2025-053R,STARLINK-33646,490.1
63281,2025-053S,STARLINK-33665,490.2
63282,2025-053T,STARLINK-33603,490.1
63283,2025-053U,STARLINK-33669,490.2
63284,2025-053V,STARLINK-33673,490.2
63285,2025-053W,STARLINK-33662,490.1
63286,2025-053X,STARLINK-33613,490.1
63287,2025-053Y,STARLINK-33680,490.2
63307,2025-057A,STARLINK-11568,363.4
63308,2025-057B,STARLINK-11575,363.2
63309,2025-057C,STARLINK-11585,363.4
63310,2025-057D,STARLINK-11587,363.5
63311,2025-057E,STARLINK-11589,363.6
63312,2025-057F,STARLINK-11650,363.5
63313,2025-057G,STARLINK-11648,363.2
63314,2025-057H,STARLINK-11640,363.6
63315,2025-057J,STARLINK-11652,363.4
63316,2025-057K,STARLINK-11645,363.3
63317,2025-057L,STARLINK-11633,363.2
63318,2025-057M,STARLINK-11593,363.4
63319,2025-057N,STARLINK-11588,363.4
63320,2025-057P,STARLINK-33671,490.2
63321,2025-057Q,STARLINK-33650,490.2
63322,2025-057R,STARLINK-33689,490.2
63323,2025-057S,STARLINK-33607,490.2
63324,2025-057T,STARLINK-33619,490.2
63325,2025-057U,STARLINK-33612,490.2
63326,2025-057V,STARLINK-33672,490.2
63327,2025-057W,STARLINK-33625,490.2
63328,2025-057X,STARLINK-33699,490.2
63329,2025-057Y,STARLINK-33674,490.2
63363,2025-063A,STARLINK-32840,482.5
63364,2025-063B,STARLINK-32543,482.3
63365,2025-063C,STARLINK-33741,482.4
63366,2025-063D,STARLINK-33742,482.2
63367,2025-063E,STARLINK-33734,482.4
63368,2025-063F,STARLINK-33578,482.4
63369,2025-063G,STARLINK-33626,482.4
63370,2025-063H,STARLINK-33657,482.4
63371,2025-063J,STARLINK-33648,482.4
63372,2025-063K,STARLINK-33614,482.4
63373,2025-063L,STARLINK-33617,482.4
63374,2025-063M,STARLINK-33618,482.4
63375,2025-063N,STARLINK-33621,482.3
63376,2025-063P,STARLINK-33539,482.3
63377,2025-063Q,STARLINK-33634,482.4
63378,2025-063R,STARLINK-33640,482.4
63379,2025-063S,STARLINK-33636,482.4
63380,2025-063T,STARLINK-33653,482.4
63381,2025-063U,STARLINK-33643,482.4
63382,2025-063V,STARLINK-33633,323.7
63383,2025-063W,STARLINK-33748,482.3
63384,2025-063X,STARLINK-33658,482.4
63385,2025-063Y,STARLINK-33616,482.4
63386,2025-063Z,STARLINK-33571,482.3
63387,2025-063AA,STARLINK-33533,482.4
63388,2025-063AB,STARLINK-33629,482.3
63389,2025-063AC,STARLINK-33656,482.4
63399,2025-065A,STARLINK-33531,490.2
63400,2025-065B,STARLINK-33652,490.1
63401,2025-065C,STARLINK-33707,490.3
63402,2025-065D,STARLINK-33668,490.2
63403,2025-065E,STARLINK-33676,490.2
63404,2025-065F,STARLINK-33711,490.2
63405,2025-065G,STARLINK-33708,490.2
63406,2025-065H,STARLINK-33690,490.3
63407,2025-065J,STARLINK-33694,490.2
63408,2025-065K,STARLINK-33692,490.2
63409,2025-065L,STARLINK-33693,490.2
63410,2025-065M,STARLINK-33677,490.2
63411,2025-065N,STARLINK-33647,490.1
63412,2025-065P,STARLINK-33645,490.1
63413,2025-065Q,STARLINK-33670,490.2
63414,2025-065R,STARLINK-33644,490.1
63415,2025-065S,STARLINK-33664,490.1
63416,2025-065T,STARLINK-33649,490.1
63417,2025-065U,STARLINK-33535,490.2
63418,2025-065V,STARLINK-33703,490.2
63419,2025-065W,STARLINK-33709,490.2
63420,2025-065X,STARLINK-33698,490.2
63421,2025-065Y,STARLINK-33606,490.2
63422,2025-065Z,STARLINK-33686,490.2
63423,2025-065AA,STARLINK-33675,490.2
63424,2025-065AB,STARLINK-33655,490.1
63425,2025-065AC,STARLINK-33608,490.2
63426,2025-065AD,STARLINK-33615,490.2
63433,2025-069A,STARLINK-33682,482.3
63434,2025-069B,STARLINK-33710,482.4
63435,2025-069C,STARLINK-33733,482.5
63436,2025-069D,STARLINK-33638,482.4
63437,2025-069E,STARLINK-33726,482.3
63438,2025-069F,STARLINK-33681,482.3
63439,2025-069G,STARLINK-33730,482.4
63440,2025-069H,STARLINK-33743,482.5
63441,2025-069J,STARLINK-33715,482.4
63442,2025-069K,STARLINK-33762,482.3
63443,2025-069L,STARLINK-33753,482.4
63444,2025-069M,STARLINK-33747,482.4
63445,2025-069N,STARLINK-33659,482.3
63446,2025-069P,STARLINK-33746,482.3
63447,2025-069Q,STARLINK-33799,482.4
63448,2025-069R,STARLINK-33797,482.4
63449,2025-069S,STARLINK-33798,482.4
63450,2025-069T,STARLINK-33736,482.4
63451,2025-069U,STARLINK-33740,482.3
63452,2025-069V,STARLINK-33763,482.3
63453,2025-069W,STARLINK-33784,482.5
63454,2025-069X,STARLINK-33768,482.4
63455,2025-069Y,STARLINK-33761,482.4
63456,2025-069Z,STARLINK-33737,482.4
63457,2025-069AA,STARLINK-33795,482.4
63458,2025-069AB,STARLINK-33756,482.4
63459,2025-069AC,STARLINK-33780,482.4
63460,2025-070A,STARLINK-33679,490.2
63461,2025-070B,STARLINK-33706,490.2
63462,2025-070C,STARLINK-33691,490.1
63463,2025-070D,STARLINK-33696,490.2
63464,2025-070E,STARLINK-33701,490.2
63465,2025-070F,STARLINK-33685,490.1
63466,2025-070G,STARLINK-33654,490.2
63467,2025-070H,STARLINK-33697,490.1
63468,2025-070J,STARLINK-33720,490.2
63469,2025-070K,STARLINK-33587,490.2
63470,2025-070L,STARLINK-33637,490.2
63471,2025-070M,STARLINK-33744,490.2
63472,2025-070N,STARLINK-33766,490.1
63473,2025-070P,STARLINK-33765,490.2
63474,2025-070Q,STARLINK-33735,490.1
63475,2025-070R,STARLINK-33731,490.2
63476,2025-070S,STARLINK-33718,490.2
63477,2025-070T,STARLINK-33630,490.2
63478,2025-070U,STARLINK-33695,490.2
63479,2025-070V,STARLINK-33713,490.1
63480,2025-070W,STARLINK-33721,490.2
63481,2025-070X,STARLINK-33639,490.1
63483,2025-070Z,STARLINK-33688,490.2
63484,2025-070AA,STARLINK-33700,490.2
63485,2025-070AB,STARLINK-33687,490.2
63486,2025-070AC,STARLINK-33716,490.2
63487,2025-070AD,STARLINK-33754,490.2
63493,2025-071A,STARLINK-33828,482.4
63494,2025-071B,STARLINK-33819,482.3
63495,2025-071C,STARLINK-33845,482.3
63496,2025-071D,STARLINK-33829,482.3
63497,2025-071E,STARLINK-33815,482.3
63498,2025-071F,STARLINK-33833,482.4
63499,2025-071G,STARLINK-33534,482.4
63500,2025-071H,STARLINK-33838,482.4
63501,2025-071J,STARLINK-33837,482.3
63502,2025-071K,STARLINK-33818,482.4
63503,2025-071L,STARLINK-33583,482.3
63504,2025-071M,STARLINK-33811,482.3
63505,2025-071N,STARLINK-33825,482.3
63506,2025-071P,STARLINK-33792,482.4
63507,2025-071Q,STARLINK-33843,482.3
63508,2025-071R,STARLINK-33809,482.2
63509,2025-071S,STARLINK-33678,482.4
63510,2025-071T,STARLINK-33764,482.4
63511,2025-071U,STARLINK-33804,482.3
63512,2025-071V,STARLINK-33751,482.3
63513,2025-071W,STARLINK-33750,482.3
63514,2025-071X,STARLINK-33786,482.4
63515,2025-071Y,STARLINK-33796,482.3
63516,2025-071Z,STARLINK-33785,482.4
63517,2025-071AA,STARLINK-33803,482.3
63518,2025-071AB,STARLINK-33807,482.3
63519,2025-071AC,STARLINK-33787,482.4
63548,2025-075A,STARLINK-11669,363.7
63549,2025-075B,STARLINK-11665,363.3
63550,2025-075C,STARLINK-11667,363.5
63551,2025-075D,STARLINK-11695,363.4
63552,2025-075E,STARLINK-11685,363.5
63553,2025-075F,STARLINK-11697,363.6
63554,2025-075G,STARLINK-11680,363.4
63556,2025-075J,STARLINK-11626,363.4
63557,2025-075K,STARLINK-11668,363.6
63558,2025-075L,STARLINK-11657,363.1
63559,2025-075M,STARLINK-11606,363.5
63560,2025-075N,STARLINK-11592,363.3
63561,2025-075P,STARLINK-32953,490.2
63562,2025-075Q,STARLINK-32951,490.2
63563,2025-075R,STARLINK-32958,490.2
63564,2025-075S,STARLINK-32928,490.2
63565,2025-075T,STARLINK-32687,490.1
63566,2025-075U,STARLINK-32950,490.1
63567,2025-075V,STARLINK-32954,490.2
63568,2025-075W,STARLINK-32940,490.1
63569,2025-076A,STARLINK-32959,490.2
63570,2025-076B,STARLINK-32956,490.2
63571,2025-076C,STARLINK-33722,490.1
63572,2025-076D,STARLINK-33739,490.2
63573,2025-076E,STARLINK-33683,490.2
63575,2025-076G,STARLINK-33732,490.2
63576,2025-076H,STARLINK-33800,490.2
63577,2025-076J,STARLINK-33632,490.2
63578,2025-076K,STARLINK-33719,490.1
63579,2025-076L,STARLINK-33755,490.2
63580,2025-076M,STARLINK-33752,490.2
63581,2025-076N,STARLINK-33714,490.2
63582,2025-076P,STARLINK-33814,490.3
63583,2025-076Q,STARLINK-33817,490.1
63584,2025-076R,STARLINK-33820,490.2
63585,2025-076S,STARLINK-33813,490.1
63586,2025-076T,STARLINK-33834,490.1
63587,2025-076U,STARLINK-33830,490.2
63588,2025-076V,STARLINK-33651,490.2
63589,2025-076W,STARLINK-33788,490.2
63590,2025-076X,STARLINK-33805,490.1
63591,2025-076Y,STARLINK-33702,490.2
63592,2025-076Z,STARLINK-33666,490.1
63593,2025-076AA,STARLINK-33723,490.2
63594,2025-076AB,STARLINK-33791,490.2
63595,2025-076AC,STARLINK-33831,490.2
63634,2025-083A,STARLINK-33879,490.2
63635,2025-083B,STARLINK-33854,490.2
63636,2025-083C,STARLINK-33864,490.2
63637,2025-083D,STARLINK-33832,490.2
63638,2025-083E,STARLINK-33856,490.2
63639,2025-083F,STARLINK-33876,490.2
63640,2025-083G,STARLINK-33859,490.2
63641,2025-083H,STARLINK-33826,490.2
63642,2025-083J,STARLINK-33836,490.2
63643,2025-083K,STARLINK-33558,490.2
63644,2025-083L,STARLINK-33852,490.2
63645,2025-083M,STARLINK-33835,490.2
63646,2025-083N,STARLINK-33661,490.1
63647,2025-083P,STARLINK-33729,490.1
63648,2025-083Q,STARLINK-33717,490.2
63649,2025-083R,STARLINK-33684,490.1
63650,2025-083S,STARLINK-33704,490.1
63651,2025-083T,STARLINK-33705,490.2
63652,2025-083U,STARLINK-33663,490.2
63653,2025-083V,STARLINK-33866,490.2
63654,2025-083W,STARLINK-33849,490.2
63655,2025-083X,STARLINK-33873,490.3
63656,2025-083Y,STARLINK-33772,490.3
63657,2025-083Z,STARLINK-33789,490.2
63658,2025-083AA,STARLINK-33822,490.2
63659,2025-083AB,STARLINK-33771,490.3
63660,2025-083AC,STARLINK-33810,490.2
63661,2025-083AD,STARLINK-33823,490.2
63664,2025-085A,STARLINK-11651,363.7
63665,2025-085B,STARLINK-11672,363.9
63666,2025-085C,STARLINK-11664,359.4
63667,2025-085D,STARLINK-11666,363.5
63668,2025-085E,STARLINK-11663,363.6
63669,2025-085F,STARLINK-11595,363.7
63670,2025-085G,STARLINK-11599,363.4
63671,2025-085H,STARLINK-11603,363.1
63672,2025-085J,STARLINK-11644,363.8
63673,2025-085K,STARLINK-11634,363.5
63674,2025-085L,STARLINK-11656,363.7
63675,2025-085M,STARLINK-11655,363.6
63676,2025-085N,STARLINK-11661,363.8
63677,2025-085P,STARLINK-33816,490.1
63678,2025-085Q,STARLINK-33861,490.2
63679,2025-085R,STARLINK-33850,490.2
63680,2025-085S,STARLINK-33887,490.2
63681,2025-085T,STARLINK-33886,490.2
63682,2025-085U,STARLINK-33840,490.2
63683,2025-085V,STARLINK-33851,490.2
63684,2025-085W,STARLINK-33853,490.1
63685,2025-085X,STARLINK-33847,490.2
63686,2025-085Y,STARLINK-33880,490.2
63697,2025-087A,STARLINK-33894,482.4
63698,2025-087B,STARLINK-33922,482.4
63699,2025-087C,STARLINK-33919,482.4
63700,2025-087D,STARLINK-33908,482.4
63701,2025-087E,STARLINK-33950,482.4
63702,2025-087F,STARLINK-33939,482.4
63703,2025-087G,STARLINK-33868,482.3
63704,2025-087H,STARLINK-33937,482.4
63705,2025-087J,STARLINK-33848,482.4
63706,2025-087K,STARLINK-33995,482.3
63707,2025-087L,STARLINK-33982,482.4
63708,2025-087M,STARLINK-33915,482.4
63709,2025-087N,STARLINK-33862,482.4
63710,2025-087P,STARLINK-33920,482.3
63711,2025-087Q,STARLINK-33580,482.4
63712,2025-087R,STARLINK-33783,482.4
63713,2025-087S,STARLINK-33773,482.3
63714,2025-087T,STARLINK-33745,482.4
63715,2025-087U,STARLINK-33728,482.3
63716,2025-087V,STARLINK-33749,482.4
63717,2025-087W,STARLINK-33725,482.4
63718,2025-087X,STARLINK-33641,482.4
63719,2025-087Y,STARLINK-33727,482.4
63720,2025-087Z,STARLINK-33757,482.4
63721,2025-087AA,STARLINK-33774,482.3
63722,2025-087AB,STARLINK-33767,482.4
63723,2025-087AC,STARLINK-33806,482.4
63751,2025-089A,STARLINK-11677,363.2
63752,2025-089B,STARLINK-11702,363.4
63753,2025-089C,STARLINK-11706,363.5
63754,2025-089D,STARLINK-11662,363.3
63755,2025-089E,STARLINK-11681,363.7
63756,2025-089F,STARLINK-11688,363.0
63757,2025-089G,STARLINK-11676,363.2
63758,2025-089H,STARLINK-11705,363.6
63759,2025-089J,STARLINK-11703,363.1
63760,2025-089K,STARLINK-11701,363.7
63761,2025-089L,STARLINK-11660,363.5
63762,2025-089M,STARLINK-11699,363.5
63763,2025-089N,STARLINK-11693,363.3
63764,2025-089P,STARLINK-33760,490.2
63765,2025-089Q,STARLINK-33941,490.3
63766,2025-089R,STARLINK-33824,490.0
63767,2025-089S,STARLINK-33808,490.2
63768,2025-089T,STARLINK-33844,490.1
63769,2025-089U,STARLINK-33907,490.1
63770,2025-089V,STARLINK-33884,490.2
63771,2025-089W,STARLINK-33841,490.1
63773,2025-089X,STARLINK-33769,490.1
63774,2025-089Y,STARLINK-33914,490.2
63775,2025-091A,STARLINK-33932,490.2
63776,2025-091B,STARLINK-33930,490.2
63777,2025-091C,STARLINK-33911,490.2
63778,2025-091D,STARLINK-33938,490.2
63779,2025-091E,STARLINK-33881,490.1
63780,2025-091F,STARLINK-33846,490.2
63781,2025-091G,STARLINK-33883,490.2
63782,2025-091H,STARLINK-33842,490.2
63783,2025-091J,STARLINK-33892,490.2
63784,2025-091K,STARLINK-33933,490.2
63785,2025-091L,STARLINK-33906,490.1
63786,2025-091M,STARLINK-33923,490.2
63787,2025-091N,STARLINK-33947,490.2
63788,2025-091P,STARLINK-33882,490.3
63789,2025-091Q,STARLINK-33875,490.2
63790,2025-091R,STARLINK-33869,490.2
63791,2025-091S,STARLINK-33935,490.2
63792,2025-091T,STARLINK-33916,490.2
63793,2025-091U,STARLINK-33925,490.1
63794,2025-091V,STARLINK-33870,490.2
63795,2025-091W,STARLINK-33867,490.2
63796,2025-091X,STARLINK-33918,490.2
63797,2025-091Y,STARLINK-33712,490.2
63798,2025-091Z,STARLINK-33827,490.2
63799,2025-091AA,STARLINK-33899,490.2
63800,2025-091AB,STARLINK-33900,490.2
63802,2025-091AC,STARLINK-33975,490.1
63803,2025-091AD,STARLINK-33951,490.2
63804,2025-092A,STARLINK-33909,490.2
63805,2025-092B,STARLINK-34029,490.1
63806,2025-092C,STARLINK-34102,490.2
63807,2025-092D,STARLINK-34109,490.3
63808,2025-092E,STARLINK-34091,490.2
63809,2025-092F,STARLINK-34095,490.1
63810,2025-092G,STARLINK-34127,490.2
63811,2025-092H,STARLINK-34110,403.0
63812,2025-092J,STARLINK-34101,490.1
63813,2025-092K,STARLINK-34065,490.2
63814,2025-092L,STARLINK-34057,490.2
63815,2025-092M,STARLINK-34060,490.2
63816,2025-092N,STARLINK-34048,490.2
63817,2025-092P,STARLINK-33959,490.1
63818,2025-092Q,STARLINK-34058,490.2
63819,2025-092R,STARLINK-34055,490.3
63820,2025-092S,STARLINK-33794,490.2
63821,2025-092T,STARLINK-34047,489.9
63822,2025-092U,STARLINK-34094,490.3
63823,2025-092V,STARLINK-34043,490.1
63824,2025-092W,STARLINK-34025,490.2
63825,2025-092X,STARLINK-33874,490.2
63826,2025-092Y,STARLINK-33781,490.2
63827,2025-092Z,STARLINK-33891,490.2
63828,2025-092AA,STARLINK-33903,490.2
63829,2025-092AB,STARLINK-33889,490.2
63830,2025-092AC,STARLINK-33984,490.2
63831,2025-092AD,STARLINK-33940,490.2
63832,2025-092AE,STARLINK-33978,490.2
63836,2025-093A,STARLINK-34018,490.1
63837,2025-093B,STARLINK-34053,490.2
63838,2025-093C,STARLINK-34042,490.2
63839,2025-093D,STARLINK-34040,490.2
63840,2025-093E,STARLINK-33990,490.3
63841,2025-093F,STARLINK-34056,490.1
63842,2025-093G,STARLINK-34026,490.2
63843,2025-093H,STARLINK-33777,490.2
63844,2025-093J,STARLINK-34041,490.1
63845,2025-093K,STARLINK-34011,490.1
63846,2025-093L,STARLINK-34044,490.2
63847,2025-093M,STARLINK-34037,490.2
63848,2025-093N,STARLINK-34010,490.1
63849,2025-093P,STARLINK-34009,490.1
63850,2025-093Q,STARLINK-33958,490.2
63851,2025-093R,STARLINK-33776,490.2
63853,2025-093T,STARLINK-34032,490.2
63854,2025-093U,STARLINK-34015,490.2
63855,2025-093V,STARLINK-33969,490.1
63856,2025-093W,STARLINK-34002,490.2
63857,2025-093X,STARLINK-33999,490.2
63858,2025-093Y,STARLINK-33976,490.1
63859,2025-093Z,STARLINK-33821,490.2
63860,2025-093AA,STARLINK-33888,490.2
63861,2025-093AB,STARLINK-33896,490.1
63862,2025-093AC,STARLINK-33878,490.2
63863,2025-093AD,STARLINK-33954,490.2
63864,2025-094A,STARLINK-33863,579.2
63865,2025-094B,STARLINK-33897,579.2
63866,2025-094C,STARLINK-34022,579.2
63867,2025-094D,STARLINK-33979,579.1
63868,2025-094E,STARLINK-34007,579.1
63869,2025-094F,STARLINK-34006,579.2
63870,2025-094G,STARLINK-33986,576.2
63871,2025-094H,STARLINK-34013,579.2
63872,2025-094J,STARLINK-34059,579.2
63873,2025-094K,STARLINK-33987,579.2
63874,2025-094L,STARLINK-34052,579.2
63875,2025-094M,STARLINK-34023,579.2
63876,2025-094N,STARLINK-34061,579.2
63877,2025-094P,STARLINK-33778,579.3
63878,2025-094Q,STARLINK-33901,579.5
63879,2025-094R,STARLINK-33812,579.2
63880,2025-094S,STARLINK-33779,579.2
63881,2025-094T,STARLINK-33905,579.2
63882,2025-094U,STARLINK-34003,445.2
63883,2025-094V,STARLINK-33968,579.2
63884,2025-094W,STARLINK-33943,579.3
63885,2025-094X,STARLINK-33858,579.2
63886,2025-094Y,STARLINK-33885,579.2
63887,2025-094Z,STARLINK-33904,579.2
63888,2025-094AA,STARLINK-33981,579.2
63889,2025-094AB,STARLINK-33738,579.2
63890,2025-095A,STARLINK-34116,490.1
63891,2025-095B,STARLINK-34123,490.2
63893,2025-095D,STARLINK-33972,490.1
63894,2025-095E,STARLINK-33973,490.2
63895,2025-095F,STARLINK-34119,490.2
63896,2025-095G,STARLINK-34143,490.1
63897,2025-095H,STARLINK-33957,490.1
63898,2025-095J,STARLINK-34120,490.2
63899,2025-095K,STARLINK-34134,490.2
63900,2025-095L,STARLINK-34118,490.2
63901,2025-095M,STARLINK-34125,490.1
63902,2025-095N,STARLINK-33955,490.2
63903,2025-095P,STARLINK-34097,490.1
63904,2025-095Q,STARLINK-34092,490.1
63905,2025-095R,STARLINK-34114,490.2
63906,2025-095S,STARLINK-33770,490.2
63907,2025-095T,STARLINK-34106,490.2
63908,2025-095U,STARLINK-34083,490.2
63909,2025-095V,STARLINK-34066,490.2
63910,2025-095W,STARLINK-34071,490.2
63911,2025-095X,STARLINK-34038,490.1
63912,2025-095Y,STARLINK-34031,490.2
63913,2025-095Z,STARLINK-34070,490.2
63914,2025-095AA,STARLINK-34068,490.2
63915,2025-095AB,STARLINK-34076,490.2
63916,2025-095AC,STARLINK-33910,490.2
63917,2025-095AD,STARLINK-34075,490.2
63926,2025-098A,STARLINK-34012,579.2
63927,2025-098B,STARLINK-33956,579.2
63928,2025-098C,STARLINK-33997,579.2
63929,2025-098D,STARLINK-33989,579.1
63930,2025-098E,STARLINK-33980,579.2
63931,2025-098F,STARLINK-33994,579.3
63932,2025-098G,STARLINK-33971,579.2
63933,2025-098H,STARLINK-33877,579.2
63934,2025-098J,STARLINK-33895,579.2
63935,2025-098K,STARLINK-34005,579.3
63936,2025-098L,STARLINK-34027,579.2
63937,2025-098M,STARLINK-34035,579.2
63938,2025-098N,STARLINK-33988,579.3
63939,2025-098P,STARLINK-34020,579.2
63940,2025-098Q,STARLINK-34021,579.2
63941,2025-098R,STARLINK-34004,579.2
63942,2025-098S,STARLINK-34014,579.2
63943,2025-098T,STARLINK-33985,579.2
63944,2025-098U,STARLINK-33996,579.2
63945,2025-098V,STARLINK-34036,579.2
63946,2025-098W,STARLINK-34039,579.2
63947,2025-098X,STARLINK-34034,584.3
63948,2025-098Y,STARLINK-33983,579.2
63949,2025-098Z,STARLINK-33993,579.2
63950,2025-098AA,STARLINK-33962,579.2
63951,2025-098AB,STARLINK-33998,579.2
63952,2025-099A,STARLINK-34159,490.2
63953,2025-099B,STARLINK-34137,490.2
63954,2025-099C,STARLINK-33974,490.2
63955,2025-099D,STARLINK-34170,490.2
63956,2025-099E,STARLINK-34187,490.2
63957,2025-099F,STARLINK-34142,490.3
63958,2025-099G,STARLINK-34144,490.1
63959,2025-099H,STARLINK-34099,490.2
63960,2025-099J,STARLINK-34107,490.2
63961,2025-099K,STARLINK-34121,490.2
63962,2025-099L,STARLINK-34103,490.1
63963,2025-099M,STARLINK-33801,490.2
63964,2025-099N,STARLINK-34135,490.0
63965,2025-099P,STARLINK-34147,490.1
63966,2025-099Q,STARLINK-33960,490.1
63967,2025-099R,STARLINK-34153,490.2
63968,2025-099S,STARLINK-33963,490.2
63969,2025-099T,STARLINK-34112,490.2
63970,2025-099U,STARLINK-34084,490.2
63971,2025-099V,STARLINK-34138,490.2
63972,2025-099W,STARLINK-34115,490.2
63973,2025-099X,STARLINK-34028,490.2
63974,2025-099Y,STARLINK-33942,490.2
63975,2025-099Z,STARLINK-34139,490.2
63976,2025-099AA,STARLINK-34090,490.2
63977,2025-099AB,STARLINK-34105,490.2
63978,2025-099AC,STARLINK-33642,490.2
63979,2025-099AD,STARLINK-34045,490.2
63994,2025-101A,STARLINK-33871,490.1
63995,2025-101B,STARLINK-34154,490.2
63996,2025-101C,STARLINK-34158,490.2
63997,2025-101D,STARLINK-34165,490.2
63998,2025-101E,STARLINK-34150,490.1
63999,2025-101F,STARLINK-34169,490.2
64000,2025-101G,STARLINK-34152,490.1
64001,2025-101H,STARLINK-33927,490.1
64002,2025-101J,STARLINK-33898,490.1
64003,2025-101K,STARLINK-33928,490.2
64004,2025-101L,STARLINK-33758,490.2
64005,2025-101M,STARLINK-33936,490.2
64006,2025-101N,STARLINK-33931,490.1
64007,2025-101P,STARLINK-33759,490.2
64008,2025-101Q,STARLINK-34163,490.1
64009,2025-101R,STARLINK-34077,490.3
64010,2025-101S,STARLINK-34113,490.1
64011,2025-101T,STARLINK-34193,490.2
64012,2025-101U,STARLINK-34078,490.2
64013,2025-101V,STARLINK-34182,490.2
64014,2025-101W,STARLINK-34192,490.2
64015,2025-101X,STARLINK-34093,490.2
64016,2025-101Y,STARLINK-34016,490.2
64017,2025-101Z,STARLINK-34161,490.2
64018,2025-101AA,STARLINK-34162,490.2
64019,2025-101AB,STARLINK-34155,490.1
64020,2025-101AC,STARLINK-34141,490.1
64021,2025-101AD,STARLINK-34062,490.1
64022,2025-102A,STARLINK-34051,579.2
64023,2025-102B,STARLINK-34087,579.2
64024,2025-102C,STARLINK-34184,579.2
64025,2025-102D,STARLINK-34088,573.8
64026,2025-102E,STARLINK-33992,579.2
64027,2025-102F,STARLINK-33967,579.2
64028,2025-102G,STARLINK-33953,579.2
64029,2025-102H,STARLINK-33790,579.2
64030,2025-102J,STARLINK-34030,579.5
64031,2025-102K,STARLINK-34024,579.2
64032,2025-102L,STARLINK-34019,579.1
64033,2025-102M,STARLINK-33860,579.2
64034,2025-102N,STARLINK-33946,579.2
64035,2025-102P,STARLINK-34046,579.2
64036,2025-102Q,STARLINK-34085,579.2
64037,2025-102R,STARLINK-34008,579.2
64038,2025-102S,STARLINK-34079,579.2
64039,2025-102T,STARLINK-34089,579.2
64040,2025-102U,STARLINK-34117,579.8
64041,2025-102V,STARLINK-34111,579.2
64042,2025-102W,STARLINK-34049,579.2
64043,2025-102X,STARLINK-34096,579.2
64044,2025-102Y,STARLINK-34081,579.1
64045,2025-102Z,STARLINK-34033,579.2
64046,2025-102AA,STARLINK-33952,579.2
64047,2025-102AB,STARLINK-33961,579.1
64064,2025-107A,STARLINK-11741,363.5
64065,2025-107B,STARLINK-11709,363.4
64066,2025-107C,STARLINK-11737,363.2
64067,2025-107D,STARLINK-11726,363.4
64068,2025-107E,STARLINK-11700,363.5
64069,2025-107F,STARLINK-11649,363.5
64070,2025-107G,STARLINK-11713,363.5
64071,2025-107H,STARLINK-11719,363.4
64072,2025-107J,STARLINK-11733,363.4
64073,2025-107K,STARLINK-11729,363.5
64074,2025-107L,STARLINK-11730,363.3
64075,2025-107M,STARLINK-11723,363.6
64076,2025-107N,STARLINK-11715,363.2
64077,2025-107P,STARLINK-34201,490.1
64078,2025-107Q,STARLINK-34190,490.2
64079,2025-107R,STARLINK-34168,490.2
64080,2025-107S,STARLINK-34098,490.1
64081,2025-107T,STARLINK-34180,490.3
64082,2025-107U,STARLINK-34171,490.1
64083,2025-107V,STARLINK-34126,490.2
64084,2025-107W,STARLINK-34157,490.2
64085,2025-107X,STARLINK-34140,490.2
64086,2025-107Y,STARLINK-34132,490.2
64096,2025-110A,STARLINK-34178,482.3
64097,2025-110B,STARLINK-34174,482.4
64098,2025-110C,STARLINK-34146,482.4
64099,2025-110D,STARLINK-34074,482.4
64100,2025-110E,STARLINK-34082,482.4
64101,2025-110F,STARLINK-34072,482.4
64102,2025-110G,STARLINK-34104,482.4
64103,2025-110H,STARLINK-34179,482.4
64104,2025-110J,STARLINK-34176,482.4
64105,2025-110K,STARLINK-33949,482.3
64106,2025-110L,STARLINK-33970,482.2
64107,2025-110M,STARLINK-33912,482.4
64108,2025-110N,STARLINK-34156,482.4
64109,2025-110P,STARLINK-34124,482.4
64110,2025-110Q,STARLINK-34145,482.5
64111,2025-110R,STARLINK-34148,482.4
64112,2025-110S,STARLINK-34136,482.4
64113,2025-110T,STARLINK-33839,482.4
64114,2025-110U,STARLINK-34064,482.4
64115,2025-110V,STARLINK-34067,482.4
64116,2025-110W,STARLINK-34080,482.4
64117,2025-110X,STARLINK-34122,482.3
64118,2025-110Y,STARLINK-33964,482.4
64119,2025-110Z,STARLINK-34160,482.4
64120,2025-110AA,STARLINK-34151,482.3
64121,2025-110AB,STARLINK-34189,482.4
64122,2025-110AC,STARLINK-33991,482.3
64123,2025-111A,STARLINK-11727,363.4
64124,2025-111B,STARLINK-11724,363.2
64125,2025-111C,STARLINK-11725,363.7
64126,2025-111D,STARLINK-11717,363.7
64127,2025-111E,STARLINK-11721,363.3
64128,2025-111F,STARLINK-11722,363.7
64129,2025-111G,STARLINK-11679,363.5
64130,2025-111H,STARLINK-11735,363.5
64131,2025-111J,STARLINK-11720,363.0
64132,2025-111K,STARLINK-11718,363.2
64133,2025-111L,STARLINK-11716,363.7
64134,2025-111M,STARLINK-11714,363.5
64135,2025-111N,STARLINK-11712,363.3
64136,2025-111P,STARLINK-34254,490.2
64137,2025-111Q,STARLINK-34230,422.6
64138,2025-111R,STARLINK-34129,490.2
64139,2025-111S,STARLINK-34212,490.0
64140,2025-111T,STARLINK-34149,490.2
64141,2025-111U,STARLINK-34054,490.2
64142,2025-111V,STARLINK-34195,490.2
64143,2025-111W,STARLINK-34133,490.2
64144,2025-111X,STARLINK-34181,490.2
64145,2025-111Y,STARLINK-34186,490.2
64146,2025-112A,STARLINK-34314,556.6
64147,2025-112B,STARLINK-33926,556.6
64148,2025-112C,STARLINK-34213,556.7
64149,2025-112D,STARLINK-33924,556.7
64150,2025-112E,STARLINK-34209,556.7
64151,2025-112F,STARLINK-34338,556.7
64152,2025-112G,STARLINK-34348,556.7
64153,2025-112H,STARLINK-34345,556.6
64154,2025-112J,STARLINK-33945,556.6
64155,2025-112K,STARLINK-34346,556.7
64156,2025-112L,STARLINK-34277,556.7
64157,2025-112M,STARLINK-34343,556.7
64158,2025-112N,STARLINK-34166,556.7
64159,2025-112P,STARLINK-34344,556.6
64160,2025-112Q,STARLINK-34339,556.7
64161,2025-112R,STARLINK-34341,556.7
64162,2025-112S,STARLINK-34317,556.5
64163,2025-112T,STARLINK-34340,556.7
64164,2025-112U,STARLINK-34263,556.6
64165,2025-112V,STARLINK-33793,556.7
64166,2025-112W,STARLINK-34313,556.6
64167,2025-112X,STARLINK-34309,556.6
64168,2025-112Y,STARLINK-34303,556.7
64169,2025-112Z,STARLINK-34175,556.6
64170,2025-113A,STARLINK-34177,482.4
64171,2025-113B,STARLINK-34228,482.3
64172,2025-113C,STARLINK-34233,482.4
64173,2025-113D,STARLINK-34172,482.4
64174,2025-113E,STARLINK-34202,482.4
64175,2025-113F,STARLINK-34231,482.3
64176,2025-113G,STARLINK-34191,482.3
64177,2025-113H,STARLINK-34164,482.3
64178,2025-113J,STARLINK-34227,482.3
64179,2025-113K,STARLINK-34194,482.3
64180,2025-113L,STARLINK-34000,482.4
64181,2025-113M,STARLINK-33917,482.4
64182,2025-113N,STARLINK-34131,482.3
64183,2025-113P,STARLINK-34188,482.3
64184,2025-113Q,STARLINK-34197,482.3
64185,2025-113R,STARLINK-34063,482.3
64186,2025-113S,STARLINK-34200,482.3
64187,2025-113T,STARLINK-33934,482.4
64188,2025-113U,STARLINK-33929,482.4
64189,2025-113V,STARLINK-33872,482.3
64190,2025-113W,STARLINK-34214,482.3
64191,2025-113X,STARLINK-34222,482.3
64192,2025-113Y,STARLINK-34265,482.4
64193,2025-113Z,STARLINK-34245,482.4
64194,2025-113AA,STARLINK-34237,482.4
64195,2025-113AB,STARLINK-33857,482.4
64196,2025-113AC,STARLINK-34173,482.4
64203,2025-117A,STARLINK-33966,482.4
64204,2025-117B,STARLINK-34331,482.4
64205,2025-117C,STARLINK-34251,482.4
64206,2025-117D,STARLINK-34311,482.4
64207,2025-117E,STARLINK-34324,482.3
64208,2025-117F,STARLINK-34327,482.4
64209,2025-117G,STARLINK-33944,482.4
64210,2025-117H,STARLINK-34310,482.4
64211,2025-117J,STARLINK-34258,482.4
64212,2025-117K,STARLINK-34284,482.4
64213,2025-117L,STARLINK-34332,482.4
64214,2025-117M,STARLINK-34283,482.4
64215,2025-117N,STARLINK-34349,482.4
64216,2025-117P,STARLINK-34296,482.4
64217,2025-117Q,STARLINK-34320,482.4
64218,2025-117R,STARLINK-34300,482.4
64219,2025-117S,STARLINK-34323,482.3
64220,2025-117T,STARLINK-34328,482.4
64221,2025-117U,STARLINK-34326,482.3
64222,2025-117V,STARLINK-34318,482.3
64223,2025-117W,STARLINK-34337,482.4
64224,2025-117X,STARLINK-34304,482.4
64225,2025-117Y,STARLINK-34289,482.4
64226,2025-117Z,STARLINK-34347,482.4
64227,2025-117AA,STARLINK-34330,482.4
64228,2025-117AB,STARLINK-34167,482.2
64229,2025-117AC,STARLINK-34241,482.4
64233,2025-119A,STARLINK-11686,363.5
64234,2025-119B,STARLINK-11682,363.6
64235,2025-119C,STARLINK-11675,363.6
64236,2025-119D,STARLINK-11691,363.2
64237,2025-119E,STARLINK-11670,363.2
64238,2025-119F,STARLINK-11708,363.5
64239,2025-119G,STARLINK-11683,363.5
64240,2025-119H,STARLINK-11684,363.6
64241,2025-119J,STARLINK-11689,363.4
64242,2025-119K,STARLINK-11690,363.8
64243,2025-119L,STARLINK-11694,363.7
64244,2025-119M,STARLINK-11710,363.5
64245,2025-119N,STARLINK-11704,363.3
64246,2025-119P,STARLINK-34203,490.2
64247,2025-119Q,STARLINK-33865,490.2
64248,2025-119R,STARLINK-34234,490.2
64249,2025-119S,STARLINK-34256,490.3
64250,2025-119T,STARLINK-34229,490.1
64251,2025-119U,STARLINK-34224,490.2
64252,2025-119V,STARLINK-34215,490.2
64253,2025-119W,STARLINK-33893,490.2
64254,2025-119X,STARLINK-34183,490.2
64255,2025-119Y,STARLINK-34211,490.1
64256,2025-120A,STARLINK-34329,482.3
64257,2025-120B,STARLINK-34352,482.3
64258,2025-120C,STARLINK-34308,482.4
64259,2025-120D,STARLINK-34306,482.3
64260,2025-120E,STARLINK-34281,482.3
64261,2025-120F,STARLINK-34297,482.4
64262,2025-120G,STARLINK-34325,482.3
64263,2025-120H,STARLINK-34276,482.3
64264,2025-120J,STARLINK-34333,482.3
64265,2025-120K,STARLINK-34240,482.4
64266,2025-120L,STARLINK-34315,482.3
64267,2025-120M,STARLINK-34321,482.4
64268,2025-120N,STARLINK-34319,482.3
64269,2025-120P,STARLINK-34298,482.3
64270,2025-120Q,STARLINK-34219,482.4
64271,2025-120R,STARLINK-34342,482.4
64272,2025-120S,STARLINK-34001,482.4
64273,2025-120T,STARLINK-34334,482.3
64274,2025-120U,STARLINK-34272,482.4
64275,2025-120V,STARLINK-34293,482.3
64276,2025-120W,STARLINK-34350,482.3
64277,2025-120X,STARLINK-34264,482.4
64278,2025-120Y,STARLINK-34353,482.4
64279,2025-120Z,STARLINK-34377,482.4
64280,2025-120AA,STARLINK-34359,482.3
64281,2025-120AB,STARLINK-34366,482.3
64282,2025-120AC,STARLINK-34381,482.3
64291,2025-123A,STARLINK-34448,579.3
64292,2025-123B,STARLINK-34362,579.2
64293,2025-123C,STARLINK-34428,579.2
64294,2025-123D,STARLINK-34388,579.2
64295,2025-123E,STARLINK-34424,579.2
64296,2025-123F,STARLINK-34443,580.0
64297,2025-123G,STARLINK-34369,579.3
64298,2025-123H,STARLINK-34391,579.2
64299,2025-123J,STARLINK-34378,578.3
64300,2025-123K,STARLINK-34376,579.2
64301,2025-123L,STARLINK-34372,579.3
64302,2025-123M,STARLINK-34379,445.2
64303,2025-123N,STARLINK-34356,579.2
64304,2025-123P,STARLINK-34360,579.1
64305,2025-123Q,STARLINK-34383,579.2
64306,2025-123R,STARLINK-34355,579.2
64307,2025-123S,STARLINK-34380,579.2
64308,2025-123T,STARLINK-34374,579.2
64309,2025-123U,STARLINK-34370,577.9
64310,2025-123V,STARLINK-34357,579.2
64311,2025-123W,STARLINK-34368,579.2
64312,2025-123X,STARLINK-34384,579.1
64313,2025-123Y,STARLINK-34358,579.2
64314,2025-123Z,STARLINK-34354,573.9
64315,2025-123AA,STARLINK-34387,579.2
64316,2025-123AB,STARLINK-33590,579.2
64317,2025-124A,STARLINK-11736,363.6
64318,2025-124B,STARLINK-11673,363.2
64319,2025-124C,STARLINK-11671,363.6
64320,2025-124D,STARLINK-11594,363.5
64321,2025-124E,STARLINK-11596,363.3
64322,2025-124F,STARLINK-11747,363.6
64323,2025-124G,STARLINK-11728,363.7
64324,2025-124H,STARLINK-11696,363.3
64325,2025-124J,STARLINK-11698,363.5
64326,2025-124K,STARLINK-11678,363.1
64327,2025-124L,STARLINK-11674,363.6
64328,2025-124M,STARLINK-11707,363.5
64329,2025-124N,STARLINK-11734,363.3
64330,2025-124P,STARLINK-34252,490.1
64331,2025-124Q,STARLINK-34050,490.1
64332,2025-124R,STARLINK-33782,490.2
64333,2025-124S,STARLINK-34207,490.2
64334,2025-124T,STARLINK-34260,490.2
64335,2025-124U,STARLINK-33855,490.2
64336,2025-124V,STARLINK-34223,490.2
64337,2025-124W,STARLINK-34216,490.2
64338,2025-124X,STARLINK-34218,490.1
64339,2025-124Y,STARLINK-34017,490.2
64344,2025-126A,STARLINK-33977,579.3
64345,2025-126B,STARLINK-34426,579.2
64346,2025-126C,STARLINK-34437,579.2
64347,2025-126D,STARLINK-34407,579.2
64348,2025-126E,STARLINK-34274,579.2
64349,2025-126F,STARLINK-34301,579.2
64350,2025-126G,STARLINK-34425,579.2
64351,2025-126H,STARLINK-34389,579.2
64352,2025-126J,STARLINK-34385,579.2
64353,2025-126K,STARLINK-34431,579.2
64354,2025-126L,STARLINK-34473,579.2
64355,2025-126M,STARLINK-34270,579.2
64356,2025-126N,STARLINK-34397,579.2
64357,2025-126P,STARLINK-34454,579.2
64358,2025-126Q,STARLINK-34436,579.3
64359,2025-126R,STARLINK-34291,579.2
64360,2025-126S,STARLINK-34458,579.2
64361,2025-126T,STARLINK-34243,579.2
64362,2025-126U,STARLINK-34335,579.2
64363,2025-126V,STARLINK-34408,579.2
64364,2025-126W,STARLINK-34476,579.2
64365,2025-126X,STARLINK-34479,579.2
64366,2025-126Y,STARLINK-34484,579.2
64367,2025-126Z,STARLINK-34483,579.2
64368,2025-126AA,STARLINK-34457,579.3
64369,2025-126AB,STARLINK-34444,579.2
64370,2025-127A,STARLINK-11732,363.4
64371,2025-127B,STARLINK-11731,363.5
64372,2025-127C,STARLINK-11746,362.9
64373,2025-127D,STARLINK-11748,363.5
64374,2025-127E,STARLINK-11739,363.6
64375,2025-127F,STARLINK-11738,363.6
64376,2025-127G,STARLINK-11745,363.5
64377,2025-127H,STARLINK-11742,363.5
64378,2025-127J,STARLINK-11711,362.9
64379,2025-127K,STARLINK-11743,363.6
64380,2025-127L,STARLINK-11744,363.5
64381,2025-127M,STARLINK-11692,363.1
64382,2025-127N,STARLINK-11740,363.6
64383,2025-127P,STARLINK-34299,490.2
64384,2025-127Q,STARLINK-34271,490.2
64385,2025-127R,STARLINK-34100,490.1
64386,2025-127S,STARLINK-34269,490.2
64387,2025-127T,STARLINK-34351,490.1
64388,2025-127U,STARLINK-34198,490.1
64389,2025-127V,STARLINK-34279,490.2
64390,2025-127W,STARLINK-34292,490.2
64391,2025-127X,STARLINK-34278,490.2
64392,2025-127Y,STARLINK-33802,490.2
64412,2025-129A,STARLINK-34419,579.2
64413,2025-129B,STARLINK-34275,579.3
64414,2025-129C,STARLINK-34225,579.2
64415,2025-129D,STARLINK-34422,579.2
64416,2025-129E,STARLINK-34514,579.2
64417,2025-129F,STARLINK-34487,579.2
64418,2025-129G,STARLINK-34461,579.2
64419,2025-129H,STARLINK-34512,579.2
64420,2025-129J,STARLINK-34503,573.6
64421,2025-129K,STARLINK-34498,579.2
64422,2025-129L,STARLINK-34434,579.3
64423,2025-129M,STARLINK-34467,579.2
64424,2025-129N,STARLINK-34468,579.1
64425,2025-129P,STARLINK-34452,579.2
64426,2025-129Q,STARLINK-34432,579.2
64427,2025-129R,STARLINK-34480,579.2
64428,2025-129S,STARLINK-34495,579.2
64429,2025-129T,STARLINK-34501,579.2
64430,2025-129U,STARLINK-34441,579.2
64431,2025-129V,STARLINK-34524,579.2
64432,2025-129W,STARLINK-34506,579.2
64433,2025-129X,STARLINK-34451,579.3
64434,2025-129Y,STARLINK-34472,579.3
64435,2025-129Z,STARLINK-34478,579.2
64436,2025-129AA,STARLINK-34396,579.2
64437,2025-129AB,STARLINK-34507,579.2
64438,2025-130A,STARLINK-34465,482.4
64439,2025-130B,STARLINK-34456,482.4
64440,2025-130C,STARLINK-34410,482.3
64441,2025-130D,STARLINK-34453,482.4
64442,2025-130E,STARLINK-34404,482.3
64443,2025-130F,STARLINK-34403,482.4
64444,2025-130G,STARLINK-34399,482.3
64445,2025-130H,STARLINK-34398,482.4
64446,2025-130J,STARLINK-34402,482.4
64447,2025-130K,STARLINK-34450,482.3
64448,2025-130L,STARLINK-34433,482.3
64449,2025-130M,STARLINK-34459,482.3
64450,2025-130N,STARLINK-34361,482.3
64451,2025-130P,STARLINK-34392,482.3
64452,2025-130Q,STARLINK-34367,482.4
64453,2025-130R,STARLINK-34221,482.3
64454,2025-130S,STARLINK-34282,482.3
64455,2025-130T,STARLINK-34295,482.3
64456,2025-130U,STARLINK-34430,482.3
64457,2025-130V,STARLINK-34445,482.4
64458,2025-130W,STARLINK-34439,482.3
64459,2025-130X,STARLINK-34421,482.5
64460,2025-130Y,STARLINK-34423,482.3
64461,2025-130Z,STARLINK-34418,482.3
64462,2025-130AA,STARLINK-34336,482.3
64463,2025-130AB,STARLINK-34400,482.3
64464,2025-130AC,STARLINK-34429,482.3
64465,2025-130AD,STARLINK-34449,482.4
64472,2025-133A,STARLINK-34493,482.4
64473,2025-133B,STARLINK-34492,482.4
64474,2025-133C,STARLINK-34474,482.3
64475,2025-133D,STARLINK-34523,482.4
64476,2025-133E,STARLINK-34496,482.3
64477,2025-133F,STARLINK-34375,482.3
64478,2025-133G,STARLINK-34490,482.3
64479,2025-133H,STARLINK-34528,482.3
64480,2025-133J,STARLINK-34518,482.3
64481,2025-133K,STARLINK-34526,482.3
64482,2025-133L,STARLINK-34527,482.4
64483,2025-133M,STARLINK-34420,482.4
64484,2025-133N,STARLINK-34509,482.4
64485,2025-133P,STARLINK-34409,482.4
64486,2025-133Q,STARLINK-34520,482.4
64487,2025-133R,STARLINK-34477,482.4
64488,2025-133S,STARLINK-34217,482.3
64489,2025-133T,STARLINK-34307,482.3
64490,2025-133U,STARLINK-34505,482.4
64491,2025-133V,STARLINK-34530,482.4
64492,2025-133W,STARLINK-34522,482.4
64493,2025-133X,STARLINK-34462,482.3
64494,2025-133Y,STARLINK-34226,482.4
64495,2025-133Z,STARLINK-34364,482.3
64496,2025-133AA,STARLINK-34268,482.4
64497,2025-133AB,STARLINK-34363,482.4
64498,2025-133AC,STARLINK-34427,482.3
64594,2025-137A,STARLINK-34280,482.4
64595,2025-137B,STARLINK-34517,482.5
64596,2025-137C,STARLINK-34510,482.3
64597,2025-137D,STARLINK-34486,482.4
64598,2025-137E,STARLINK-34463,482.4
64599,2025-137F,STARLINK-34294,482.3
64600,2025-137G,STARLINK-34504,482.4
64601,2025-137H,STARLINK-34508,482.4
64602,2025-137J,STARLINK-34435,482.2
64603,2025-137K,STARLINK-34475,482.3
64604,2025-137L,STARLINK-34488,482.3
64605,2025-137M,STARLINK-34516,482.4
64606,2025-137N,STARLINK-34073,482.4
64607,2025-137P,STARLINK-34532,482.3
64608,2025-137Q,STARLINK-34519,482.3
64609,2025-137R,STARLINK-34513,482.4
64610,2025-137S,STARLINK-34569,482.3
64611,2025-137T,STARLINK-34494,482.3
64612,2025-137U,STARLINK-34521,482.3
64613,2025-137V,STARLINK-34500,482.3
64614,2025-137W,STARLINK-34440,482.3
64615,2025-137X,STARLINK-34469,482.3
64616,2025-137Y,STARLINK-34413,482.4
64617,2025-137Z,STARLINK-34417,482.4
64618,2025-137AA,STARLINK-34415,482.4
64619,2025-137AB,STARLINK-34416,482.4
64620,2025-137AC,STARLINK-34414,482.4
64664,2025-139A,STARLINK-34464,482.4
64665,2025-139B,STARLINK-34555,482.3
64666,2025-139C,STARLINK-34390,482.3
64667,2025-139D,STARLINK-34382,482.4
64668,2025-139E,STARLINK-34395,482.3
64669,2025-139F,STARLINK-34394,482.3
64670,2025-139G,STARLINK-34287,482.4
64671,2025-139H,STARLINK-34365,482.3
64672,2025-139J,STARLINK-34442,482.3
64673,2025-139K,STARLINK-34288,482.3
64674,2025-139L,STARLINK-34539,482.3
64675,2025-139M,STARLINK-34590,482.3
64676,2025-139N,STARLINK-34573,482.4
64677,2025-139P,STARLINK-34605,482.4
64678,2025-139Q,STARLINK-34525,482.4
64679,2025-139R,STARLINK-34489,482.3
64680,2025-139S,STARLINK-34502,482.3
64681,2025-139T,STARLINK-34553,482.3
64682,2025-139U,STARLINK-34551,482.3
64683,2025-139V,STARLINK-34550,482.3
64684,2025-139W,STARLINK-34485,482.4
64685,2025-139X,STARLINK-34253,482.3
64686,2025-139Y,STARLINK-34565,482.3
64687,2025-139Z,STARLINK-34554,482.4
64688,2025-139AA,STARLINK-34262,482.4
64689,2025-139AB,STARLINK-34538,482.3
64690,2025-139AC,STARLINK-34250,482.4
64696,2025-142A,STARLINK-34497,579.2
64697,2025-142B,STARLINK-34584,579.2
64698,2025-142C,STARLINK-34535,579.2
64699,2025-142D,STARLINK-34600,579.2
64700,2025-142E,STARLINK-34560,579.2
64701,2025-142F,STARLINK-34576,579.2
64702,2025-142G,STARLINK-34322,579.2
64703,2025-142H,STARLINK-34470,579.2
64704,2025-142J,STARLINK-34405,579.2
64705,2025-142K,STARLINK-34406,579.2
64706,2025-142L,STARLINK-34559,579.2
64707,2025-142M,STARLINK-34316,579.3
64708,2025-142N,STARLINK-34563,579.2
64709,2025-142P,STARLINK-34499,579.2
64710,2025-142Q,STARLINK-34447,579.2
64711,2025-142R,STARLINK-34312,579.2
64712,2025-142S,STARLINK-34515,579.2
64713,2025-142T,STARLINK-34583,579.2
64714,2025-142U,STARLINK-34574,579.2
64715,2025-142V,STARLINK-34533,579.2
64716,2025-142W,STARLINK-34548,579.2
64717,2025-142X,STARLINK-34568,579.2
64718,2025-142Y,STARLINK-34546,579.2
64719,2025-142Z,STARLINK-34577,579.2
64720,2025-142AA,STARLINK-34572,579.2
64721,2025-142AB,STARLINK-34558,579.1
64724,2025-144A,STARLINK-34393,482.4
64725,2025-144B,STARLINK-34562,482.4
64726,2025-144C,STARLINK-34557,482.4
64727,2025-144D,STARLINK-34242,482.4
64728,2025-144E,STARLINK-34239,482.3
64729,2025-144F,STARLINK-34588,482.4
64730,2025-144G,STARLINK-34606,482.4
64731,2025-144H,STARLINK-34552,482.4
64732,2025-144J,STARLINK-34596,482.4
64733,2025-144K,STARLINK-34556,482.4
64734,2025-144L,STARLINK-34591,482.3
64735,2025-144M,STARLINK-34587,482.4
64736,2025-144N,STARLINK-34130,482.3
64737,2025-144P,STARLINK-34619,482.4
64738,2025-144Q,STARLINK-34597,482.4
64739,2025-144R,STARLINK-34471,482.3
64740,2025-144S,STARLINK-34208,482.3
64741,2025-144T,STARLINK-34205,482.4
64742,2025-144U,STARLINK-34607,482.3
64743,2025-144V,STARLINK-34236,482.4
64744,2025-144W,STARLINK-34185,482.3
64745,2025-144X,STARLINK-34581,482.3
64746,2025-144Y,STARLINK-34592,482.4
64747,2025-144Z,STARLINK-34589,482.4
64748,2025-144AA,STARLINK-34536,482.3
64749,2025-144AB,STARLINK-34595,482.3
64750,2025-144AC,STARLINK-34531,482.4
64755,2025-147A,STARLINK-33965,482.3
64756,2025-147B,STARLINK-34371,482.4
64757,2025-147C,STARLINK-34401,482.4
64758,2025-147D,STARLINK-34593,482.4
64759,2025-147E,STARLINK-34598,482.3
64760,2025-147F,STARLINK-34235,482.3
64761,2025-147G,STARLINK-34635,482.3
64762,2025-147H,STARLINK-34638,482.4
64763,2025-147J,STARLINK-34534,482.4
64764,2025-147K,STARLINK-34261,482.3
64765,2025-147L,STARLINK-34566,482.4
64766,2025-147M,STARLINK-34645,482.3
64767,2025-147N,STARLINK-34639,482.4
64768,2025-147P,STARLINK-34609,482.5
64769,2025-147Q,STARLINK-34246,482.3
64770,2025-147R,STARLINK-34618,482.3
64771,2025-147S,STARLINK-34541,482.4
64772,2025-147T,STARLINK-34652,482.3
64773,2025-147U,STARLINK-34612,482.4
64774,2025-147V,STARLINK-34621,482.4
64775,2025-147W,STARLINK-34657,482.3
64776,2025-147X,STARLINK-34637,482.4
64777,2025-147Y,STARLINK-34547,482.4
64778,2025-147Z,STARLINK-34537,482.4
64779,2025-147AA,STARLINK-34585,482.4
64780,2025-147AB,STARLINK-34491,482.4
64781,2025-147AC,STARLINK-34582,482.3
64782,2025-147AD,STARLINK-34482,482.3
64790,2025-150A,STARLINK-34629,579.2
64791,2025-150B,STARLINK-34697,579.2
64792,2025-150C,STARLINK-34632,579.2
64793,2025-150D,STARLINK-34693,579.2
64794,2025-150E,STARLINK-34666,579.2
64795,2025-150F,STARLINK-34567,579.2
64796,2025-150G,STARLINK-34646,579.2
64797,2025-150H,STARLINK-34641,579.2
64798,2025-150J,STARLINK-34649,579.2
64799,2025-150K,STARLINK-34662,579.3
64800,2025-150L,STARLINK-34660,579.2
64801,2025-150M,STARLINK-34604,579.2
64802,2025-150N,STARLINK-34658,579.2
64803,2025-150P,STARLINK-34620,579.2
64804,2025-150Q,STARLINK-34633,579.2
64805,2025-150R,STARLINK-34624,579.2
64806,2025-150S,STARLINK-34664,579.2
64807,2025-150T,STARLINK-34663,579.2
64808,2025-150U,STARLINK-34696,579.2
64809,2025-150V,STARLINK-34675,579.2
64810,2025-150W,STARLINK-34608,579.2
64811,2025-150X,STARLINK-34669,579.2
64812,2025-150Y,STARLINK-34644,579.2
64813,2025-150Z,STARLINK-34685,579.2
64814,2025-150AA,STARLINK-34668,579.2
64815,2025-150AB,STARLINK-34667,579.2
64842,2025-152A,STARLINK-34723,556.6
64843,2025-152B,STARLINK-34725,556.6
64844,2025-152C,STARLINK-34709,556.6
64845,2025-152D,STARLINK-34706,556.6
64846,2025-152E,STARLINK-34736,556.7
64847,2025-152F,STARLINK-34746,556.7
64848,2025-152G,STARLINK-34748,556.7
64849,2025-152H,STARLINK-34756,556.7
64850,2025-152J,STARLINK-34757,556.6
64851,2025-152K,STARLINK-34722,556.7
64852,2025-152L,STARLINK-34564,556.7
64853,2025-152M,STARLINK-34676,556.7
64854,2025-152N,STARLINK-34682,556.7
64855,2025-152P,STARLINK-34631,556.7
64856,2025-152Q,STARLINK-34578,556.7
64857,2025-152R,STARLINK-34683,556.7
64858,2025-152S,STARLINK-34654,556.6
64859,2025-152T,STARLINK-34575,556.7
64860,2025-152U,STARLINK-34570,556.6
64861,2025-152V,STARLINK-34651,570.1
64862,2025-152W,STARLINK-34684,556.7
64863,2025-152X,STARLINK-34690,556.6
64864,2025-152Y,STARLINK-34628,556.7
64865,2025-152Z,STARLINK-34544,556.6
64904,2025-157A,STARLINK-34647,482.3
64905,2025-157B,STARLINK-34273,482.4
64906,2025-157C,STARLINK-34713,482.4
64907,2025-157D,STARLINK-34712,482.4
64908,2025-157E,STARLINK-34702,482.4
64909,2025-157F,STARLINK-34687,482.3
64910,2025-157G,STARLINK-34642,482.3
64911,2025-157H,STARLINK-34718,482.4
64912,2025-157J,STARLINK-34711,482.3
64913,2025-157K,STARLINK-34659,482.4
64914,2025-157L,STARLINK-34571,482.4
64915,2025-157M,STARLINK-34636,482.3
64916,2025-157N,STARLINK-34695,453.8
64917,2025-157P,STARLINK-34653,482.3
64918,2025-157Q,STARLINK-34611,482.3
64919,2025-157R,STARLINK-34599,482.3
64920,2025-157S,STARLINK-34069,482.4
64921,2025-157T,STARLINK-34699,482.3
64922,2025-157U,STARLINK-34700,482.3
64923,2025-157V,STARLINK-34643,482.4
64924,2025-157W,STARLINK-34199,482.3
64925,2025-157X,STARLINK-34579,482.3
64926,2025-157Y,STARLINK-34543,482.3
64927,2025-157Z,STARLINK-34661,482.4
64928,2025-157AA,STARLINK-34248,482.4
64929,2025-157AB,STARLINK-34290,482.3
64930,2025-157AC,STARLINK-34220,482.4
64931,2025-157AD,STARLINK-34715,482.3
64932,2025-158A,STARLINK-34705,556.7
64933,2025-158B,STARLINK-34737,556.7
64934,2025-158C,STARLINK-34775,556.7
64935,2025-158D,STARLINK-34726,556.7
64936,2025-158E,STARLINK-34529,556.6
64937,2025-158F,STARLINK-34743,556.7
64938,2025-158G,STARLINK-34730,556.7
64939,2025-158H,STARLINK-34714,556.7
64940,2025-158J,STARLINK-34755,570.2
64941,2025-158K,STARLINK-34740,556.7
64942,2025-158L,STARLINK-34742,556.7
64943,2025-158M,STARLINK-34719,556.7
64944,2025-158N,STARLINK-34373,556.6
64945,2025-158P,STARLINK-34758,556.6
64946,2025-158Q,STARLINK-34753,556.9
64947,2025-158R,STARLINK-34747,556.7
64948,2025-158S,STARLINK-34630,556.6
64949,2025-158T,STARLINK-34689,556.6
64950,2025-158U,STARLINK-34586,556.7
64951,2025-158V,STARLINK-34738,556.6
64952,2025-158W,STARLINK-34744,556.7
64953,2025-158X,STARLINK-34701,556.6
64954,2025-158Y,STARLINK-34761,556.6
64955,2025-158Z,STARLINK-34732,556.7
65015,2025-161A,STARLINK-34617,482.3
65016,2025-161B,STARLINK-34627,482.4
65017,2025-161C,STARLINK-34549,482.3
65018,2025-161D,STARLINK-34623,482.4
65019,2025-161E,STARLINK-34232,482.3
65020,2025-161F,STARLINK-34772,482.3
65021,2025-161G,STARLINK-34778,482.5
65022,2025-161H,STARLINK-34789,482.4
65023,2025-161J,STARLINK-34858,482.4
65024,2025-161K,STARLINK-34773,482.3
65025,2025-161L,STARLINK-34727,482.4
65026,2025-161M,STARLINK-34804,482.3
65027,2025-161N,STARLINK-34655,482.4
65028,2025-161P,STARLINK-34807,482.4
65029,2025-161Q,STARLINK-34731,482.4
65030,2025-161R,STARLINK-34614,482.4
65031,2025-161S,STARLINK-34677,482.4
65032,2025-161T,STARLINK-34656,482.4
65033,2025-161U,STARLINK-34671,482.3
65034,2025-161V,STARLINK-34610,482.3
65035,2025-161W,STARLINK-34286,482.4
65036,2025-161X,STARLINK-34770,482.4
65037,2025-161Y,STARLINK-34776,482.6
65038,2025-161Z,STARLINK-34827,482.5
65039,2025-161AA,STARLINK-34721,482.3
65040,2025-161AB,STARLINK-34819,482.4
65041,2025-161AC,STARLINK-34820,482.3
65042,2025-161AD,STARLINK-34824,482.5
65056,2025-165A,STARLINK-34788,556.7
65057,2025-165B,STARLINK-34745,556.7
65058,2025-165C,STARLINK-34779,556.7
65059,2025-165D,STARLINK-34803,556.7
65060,2025-165E,STARLINK-34717,556.7
65061,2025-165F,STARLINK-34750,556.6
65062,2025-165G,STARLINK-34708,556.6
65063,2025-165H,STARLINK-34798,556.6
65064,2025-165J,STARLINK-34793,556.6
65065,2025-165K,STARLINK-34806,556.7
65066,2025-165L,STARLINK-34739,556.6
65067,2025-165M,STARLINK-34802,556.7
65068,2025-165N,STARLINK-34810,556.6
65069,2025-165P,STARLINK-34809,556.7
65070,2025-165Q,STARLINK-34794,556.7
65071,2025-165R,STARLINK-34805,556.7
65072,2025-165S,STARLINK-34735,556.6
65073,2025-165T,STARLINK-34781,556.7
65074,2025-165U,STARLINK-34780,556.6
65078,2025-167A,STARLINK-34771,482.3
65079,2025-167B,STARLINK-34634,482.3
65080,2025-167C,STARLINK-34267,482.4
65081,2025-167D,STARLINK-34561,482.4
65082,2025-167E,STARLINK-34626,482.4
65083,2025-167F,STARLINK-34247,482.4
65084,2025-167G,STARLINK-34601,482.4
65085,2025-167H,STARLINK-34792,482.3
65086,2025-167J,STARLINK-34822,482.4
65087,2025-167K,STARLINK-34686,482.4
65088,2025-167L,STARLINK-34594,482.4
65089,2025-167M,STARLINK-34665,482.3
65090,2025-167N,STARLINK-34673,482.4
65091,2025-167P,STARLINK-34648,482.4
65092,2025-167Q,STARLINK-34640,482.3
65093,2025-167R,STARLINK-34266,482.4
65094,2025-167S,STARLINK-34769,482.4
65095,2025-167T,STARLINK-34768,482.4
65096,2025-167U,STARLINK-34759,482.4
65097,2025-167V,STARLINK-34741,482.4
65098,2025-167W,STARLINK-34764,482.4
65099,2025-167X,STARLINK-34815,482.4
65100,2025-167Y,STARLINK-34814,482.3
65101,2025-167Z,STARLINK-34285,482.3
65102,2025-167AA,STARLINK-34857,482.3
65103,2025-167AB,STARLINK-34887,482.4
65104,2025-167AC,STARLINK-34481,482.3
65105,2025-167AD,STARLINK-34545,482.3
65174,2025-175A,STARLINK-34956,556.7
65175,2025-175B,STARLINK-34949,556.7
65176,2025-175C,STARLINK-34707,556.6
65177,2025-175D,STARLINK-34967,556.7
65178,2025-175E,STARLINK-34929,556.7
65179,2025-175F,STARLINK-34932,556.6
65180,2025-175G,STARLINK-34862,556.6
65181,2025-175H,STARLINK-34942,556.6
65182,2025-175J,STARLINK-34944,556.6
65183,2025-175K,STARLINK-34939,556.6
65184,2025-175L,STARLINK-34947,556.6
65185,2025-175M,STARLINK-34945,556.7
65186,2025-175N,STARLINK-34965,556.6
65187,2025-175P,STARLINK-34915,556.7
65188,2025-175Q,STARLINK-34972,556.6
65189,2025-175R,STARLINK-34866,556.7
65190,2025-175S,STARLINK-34917,556.6
65191,2025-175T,STARLINK-34948,556.7
65192,2025-175U,STARLINK-34955,556.7
65193,2025-175V,STARLINK-34950,556.6
65194,2025-175W,STARLINK-34926,556.7
65195,2025-175X,STARLINK-34928,556.7
65196,2025-175Y,STARLINK-34927,556.6
65197,2025-175Z,STARLINK-34952,556.7
65198,2025-176A,STARLINK-34981,482.4
65199,2025-176B,STARLINK-34821,482.4
65200,2025-176C,STARLINK-34865,482.4
65201,2025-176D,STARLINK-34843,482.3
65202,2025-176E,STARLINK-34905,482.3
65203,2025-176F,STARLINK-34914,482.4
65204,2025-176G,STARLINK-34787,482.4
65205,2025-176H,STARLINK-34796,482.3
65206,2025-176J,STARLINK-34763,482.3
65207,2025-176K,STARLINK-34901,482.3
65208,2025-176L,STARLINK-34841,482.3
65209,2025-176M,STARLINK-34976,482.3
65210,2025-176N,STARLINK-34941,482.4
65211,2025-176P,STARLINK-34847,482.3
65212,2025-176Q,STARLINK-34897,482.3
65213,2025-176R,STARLINK-34907,482.4
65214,2025-176S,STARLINK-34511,482.4
65215,2025-176T,STARLINK-33913,482.3
65216,2025-176U,STARLINK-34302,482.4
65217,2025-176V,STARLINK-34871,482.4
65218,2025-176W,STARLINK-34833,482.4
65219,2025-176X,STARLINK-34960,482.3
65220,2025-176Y,STARLINK-34603,482.4
65221,2025-176Z,STARLINK-34974,482.5
65222,2025-176AA,STARLINK-34999,482.3
65223,2025-176AB,STARLINK-34996,482.4
65224,2025-176AC,STARLINK-34975,482.3
65225,2025-176AD,STARLINK-34257,482.4
65235,2025-179A,STARLINK-34842,556.7
65236,2025-179B,STARLINK-34938,556.7
65237,2025-179C,STARLINK-34958,556.7
65238,2025-179D,STARLINK-34818,556.7
65239,2025-179E,STARLINK-34964,556.6
65240,2025-179F,STARLINK-34953,556.7
65241,2025-179G,STARLINK-34969,556.6
65242,2025-179H,STARLINK-34963,556.7
65243,2025-179J,STARLINK-34982,556.7
65244,2025-179K,STARLINK-34990,556.7
65245,2025-179L,STARLINK-34977,556.7
65246,2025-179M,STARLINK-34959,556.7
65247,2025-179N,STARLINK-34923,556.6
65248,2025-179P,STARLINK-34962,556.7
65249,2025-179Q,STARLINK-34925,556.7
65250,2025-179R,STARLINK-34973,556.7
65251,2025-179S,STARLINK-34989,556.7
65252,2025-179T,STARLINK-34961,556.7
65253,2025-179U,STARLINK-34933,556.7
65254,2025-179V,STARLINK-34979,556.7
65255,2025-179W,STARLINK-34987,556.7
65256,2025-179X,STARLINK-34971,556.7
65257,2025-179Y,STARLINK-34966,556.5
65258,2025-179Z,STARLINK-34980,556.7
65273,2025-184A,STARLINK-34922,556.6
65274,2025-184B,STARLINK-34904,556.7
65275,2025-184C,STARLINK-34954,556.6
65276,2025-184D,STARLINK-34968,556.7
65277,2025-184E,STARLINK-34935,556.7
65278,2025-184F,STARLINK-35000,556.6
65279,2025-184G,STARLINK-35023,556.7
65280,2025-184H,STARLINK-35001,556.7
65281,2025-184J,STARLINK-35010,556.6
65282,2025-184K,STARLINK-35021,556.7
65283,2025-184L,STARLINK-35015,556.7
65284,2025-184M,STARLINK-35006,556.6
65285,2025-184N,STARLINK-34995,556.6
65286,2025-184P,STARLINK-35048,556.7
65287,2025-184Q,STARLINK-35007,556.7
65288,2025-184R,STARLINK-35018,556.7
65289,2025-184S,STARLINK-34845,556.6
65290,2025-184T,STARLINK-34984,556.7
65291,2025-184U,STARLINK-35002,556.6
65292,2025-184V,STARLINK-35017,556.7
65293,2025-184W,STARLINK-34951,556.7
65294,2025-184X,STARLINK-34613,556.6
65295,2025-184Y,STARLINK-34834,556.7
65296,2025-184Z,STARLINK-34872,556.6
65323,2025-189A,STARLINK-34899,482.4
65324,2025-189B,STARLINK-34196,482.4
65325,2025-189C,STARLINK-34911,482.4
65326,2025-189D,STARLINK-34902,482.4
65327,2025-189E,STARLINK-34880,482.4
65328,2025-189F,STARLINK-34885,482.4
65329,2025-189G,STARLINK-34908,482.4
65330,2025-189H,STARLINK-34864,482.3
65331,2025-189J,STARLINK-34918,482.4
65332,2025-189K,STARLINK-33890,482.4
65333,2025-189L,STARLINK-34602,482.4
65334,2025-189M,STARLINK-34878,482.4
65335,2025-189N,STARLINK-34874,482.4
65336,2025-189P,STARLINK-34835,482.4
65337,2025-189Q,STARLINK-34854,482.3
65338,2025-189R,STARLINK-34751,482.4
65339,2025-189S,STARLINK-34777,482.4
65340,2025-189T,STARLINK-35020,482.4
65341,2025-189U,STARLINK-35016,482.4
65342,2025-189V,STARLINK-35092,482.4
65343,2025-189W,STARLINK-34838,482.3
65344,2025-189X,STARLINK-35088,482.4
65345,2025-189Y,STARLINK-34831,482.3
65346,2025-189Z,STARLINK-34873,482.4
65347,2025-189AA,STARLINK-34881,482.4
65348,2025-189AB,STARLINK-34859,482.4
65349,2025-189AC,STARLINK-34895,482.3
65350,2025-189AD,STARLINK-34892,482.4
65351,2025-190A,STARLINK-34244,482.3
65352,2025-190B,STARLINK-34716,482.3
65353,2025-190C,STARLINK-34828,482.4
65354,2025-190D,STARLINK-34785,482.4
65355,2025-190E,STARLINK-34823,482.3
65356,2025-190F,STARLINK-34680,482.4
65357,2025-190G,STARLINK-34860,482.3
65358,2025-190H,STARLINK-34782,482.4
65359,2025-190J,STARLINK-34760,482.3
65360,2025-190K,STARLINK-34826,482.4
65361,2025-190L,STARLINK-34800,482.3
65362,2025-190M,STARLINK-34817,482.4
65363,2025-190N,STARLINK-34797,482.4
65364,2025-190P,STARLINK-34729,482.3
65365,2025-190Q,STARLINK-34710,482.4
65366,2025-190R,STARLINK-34943,482.3
65367,2025-190S,STARLINK-34946,482.3
65368,2025-190T,STARLINK-34259,482.4
65369,2025-190U,STARLINK-34913,482.3
65370,2025-190V,STARLINK-34870,482.4
65371,2025-190W,STARLINK-34869,482.3
65372,2025-190X,STARLINK-34903,482.4
65373,2025-190Y,STARLINK-34891,482.4
65374,2025-190Z,STARLINK-34900,482.3
65375,2025-190AA,STARLINK-34305,482.4
65376,2025-190AB,STARLINK-34249,482.2
65377,2025-190AC,STARLINK-34879,482.4
65378,2025-190AD,STARLINK-34912,482.3
65379,2025-191A,STARLINK-34985,556.7
65380,2025-191B,STARLINK-35051,556.6
65381,2025-191C,STARLINK-35028,556.7
65382,2025-191D,STARLINK-35032,556.6
65383,2025-191E,STARLINK-35054,556.7
65384,2025-191F,STARLINK-35012,556.6
65385,2025-191G,STARLINK-35073,556.6
65386,2025-191H,STARLINK-35066,556.6
65387,2025-191J,STARLINK-34703,556.7
65388,2025-191K,STARLINK-34957,556.7
65389,2025-191L,STARLINK-34993,556.6
65390,2025-191M,STARLINK-35083,556.7
65391,2025-191N,STARLINK-34786,556.7
65392,2025-191P,STARLINK-35082,556.7
65393,2025-191Q,STARLINK-35097,556.6
65394,2025-191R,STARLINK-35058,556.6
65395,2025-191S,STARLINK-35094,556.6
65396,2025-191T,STARLINK-34811,556.6
65397,2025-191U,STARLINK-34940,556.7
65398,2025-191V,STARLINK-34931,556.6
65399,2025-191W,STARLINK-34836,556.7
65400,2025-191X,STARLINK-34876,556.6
65401,2025-191Y,STARLINK-34909,556.6
65402,2025-191Z,STARLINK-34848,556.7
65404,2025-192A,STARLINK-35031,482.4
65405,2025-192B,STARLINK-34830,482.4
65406,2025-192C,STARLINK-35036,482.4
65407,2025-192D,STARLINK-35035,482.3
65408,2025-192E,STARLINK-35008,482.4
65409,2025-192F,STARLINK-35022,482.4
65410,2025-192G,STARLINK-35024,482.4
65411,2025-192H,STARLINK-34983,482.3
65412,2025-192J,STARLINK-34992,482.4
65413,2025-192K,STARLINK-35003,482.3
65415,2025-192M,STARLINK-34238,482.4
65416,2025-192N,STARLINK-34855,482.3
65417,2025-192P,STARLINK-34255,482.4
65418,2025-192Q,STARLINK-34997,482.3
65419,2025-192R,STARLINK-35085,484.9
65420,2025-192S,STARLINK-35138,482.4
65421,2025-192T,STARLINK-35146,482.5
65422,2025-192U,STARLINK-35074,482.3
65423,2025-192V,STARLINK-34837,482.4
65424,2025-192W,STARLINK-34670,482.4
65425,2025-192X,STARLINK-35095,482.4
65426,2025-192Y,STARLINK-34883,482.4
65427,2025-192Z,STARLINK-34916,482.4
65428,2025-192AA,STARLINK-35004,482.3
65429,2025-192AB,STARLINK-35014,482.3
65430,2025-192AC,STARLINK-35025,482.4
65431,2025-192AD,STARLINK-35034,482.3
65434,2025-194A,STARLINK-35142,556.7
65435,2025-194B,STARLINK-34978,556.7
65436,2025-194C,STARLINK-35043,570.1
65437,2025-194D,STARLINK-35080,556.7
65438,2025-194E,STARLINK-35068,556.6
65439,2025-194F,STARLINK-35045,556.7
65440,2025-194G,STARLINK-35050,556.7
65441,2025-194H,STARLINK-35065,556.7
65442,2025-194J,STARLINK-34679,556.7
65443,2025-194K,STARLINK-34678,556.6
65444,2025-194L,STARLINK-35049,556.7
65445,2025-194M,STARLINK-35029,556.7
65446,2025-194N,STARLINK-34991,556.7
65447,2025-194P,STARLINK-34920,556.6
65448,2025-194Q,STARLINK-35030,556.7
65449,2025-194R,STARLINK-35009,556.7
65450,2025-194S,STARLINK-34970,556.6
65451,2025-194T,STARLINK-35039,556.6
65452,2025-194U,STARLINK-35084,556.7
65453,2025-194V,STARLINK-34988,570.2
65454,2025-194W,STARLINK-35059,570.2
65455,2025-194X,STARLINK-34728,556.7
65456,2025-194Y,STARLINK-35005,556.6
65457,2025-194Z,STARLINK-35076,556.7
65458,2025-195A,STARLINK-34784,482.4
65459,2025-195B,STARLINK-34867,482.3
65460,2025-195C,STARLINK-34850,482.3
65461,2025-195D,STARLINK-35159,482.4
65462,2025-195E,STARLINK-35180,482.3
65463,2025-195F,STARLINK-35111,482.4
65464,2025-195G,STARLINK-35107,482.3
65465,2025-195H,STARLINK-35169,482.4
65466,2025-195J,STARLINK-35027,482.4
65467,2025-195K,STARLINK-34816,482.4
65468,2025-195L,STARLINK-35033,482.4
65469,2025-195M,STARLINK-34924,482.4
65470,2025-195N,STARLINK-34829,482.4
65471,2025-195P,STARLINK-34888,482.3
65472,2025-195Q,STARLINK-34799,482.3
65473,2025-195R,STARLINK-34762,482.4
65474,2025-195S,STARLINK-34998,482.4
65475,2025-195T,STARLINK-34832,482.5
65476,2025-195U,STARLINK-35098,482.4
65477,2025-195V,STARLINK-35071,482.4
65478,2025-195W,STARLINK-35093,482.4
65479,2025-195X,STARLINK-35096,482.4
65480,2025-195Y,STARLINK-35040,482.4
65481,2025-195Z,STARLINK-35042,482.4
65482,2025-195AA,STARLINK-35038,482.3
65483,2025-195AB,STARLINK-35037,482.4
65484,2025-195AC,STARLINK-35089,482.3
65485,2025-195AD,STARLINK-35143,482.4
65492,2025-198A,STARLINK-35226,482.3
65493,2025-198B,STARLINK-35242,482.4
65494,2025-198C,STARLINK-35223,482.4
65495,2025-198D,STARLINK-34446,482.4
65496,2025-198E,STARLINK-35212,482.3
65497,2025-198F,STARLINK-34455,482.4
65498,2025-198G,STARLINK-35203,482.5
65499,2025-198H,STARLINK-35166,482.3
65500,2025-198J,STARLINK-35207,482.3
65501,2025-198K,STARLINK-35140,482.4
65502,2025-198L,STARLINK-35114,482.4
65503,2025-198M,STARLINK-35126,482.3
65504,2025-198N,STARLINK-35182,482.4
65505,2025-198P,STARLINK-35072,482.4
65506,2025-198Q,STARLINK-35184,482.4
65507,2025-198R,STARLINK-35163,482.4
65508,2025-198S,STARLINK-35119,482.4
65509,2025-198T,STARLINK-35168,482.3
65510,2025-198U,STARLINK-35122,482.4
65511,2025-198V,STARLINK-35124,482.3
65512,2025-198W,STARLINK-35149,482.3
65513,2025-198X,STARLINK-35019,482.5
65514,2025-198Y,STARLINK-35026,482.3
65515,2025-198Z,STARLINK-35241,482.5
65516,2025-198AA,STARLINK-35216,482.4
65517,2025-198AB,STARLINK-35228,482.3
65518,2025-198AC,STARLINK-35232,482.3
65519,2025-198AD,STARLINK-35164,482.2
65520,2025-200A,STARLINK-35112,556.7
65521,2025-200B,STARLINK-35187,556.7
65522,2025-200C,STARLINK-35188,556.6
65523,2025-200D,STARLINK-35078,556.7
65524,2025-200E,STARLINK-35055,556.7
65525,2025-200F,STARLINK-35057,556.7
65526,2025-200G,STARLINK-34674,556.6
65527,2025-200H,STARLINK-35067,556.7
65528,2025-200J,STARLINK-35063,556.7
65529,2025-200K,STARLINK-35077,556.6
65530,2025-200L,STARLINK-35152,556.7
65531,2025-200M,STARLINK-35064,556.6
65532,2025-200N,STARLINK-35170,556.7
65533,2025-200P,STARLINK-35172,556.6
65534,2025-200Q,STARLINK-35125,556.6
65535,2025-200R,STARLINK-35133,556.7
65536,2025-200S,STARLINK-35044,556.7
65537,2025-200T,STARLINK-35136,556.7
65538,2025-200U,STARLINK-35144,556.7
65539,2025-200V,STARLINK-35110,556.6
65540,2025-200W,STARLINK-35052,556.6
65541,2025-200X,STARLINK-35087,556.7
65542,2025-200Y,STARLINK-35100,556.6
65543,2025-200Z,STARLINK-35105,556.6
65592,2025-207A,STARLINK-35267,556.7
65593,2025-207B,STARLINK-35269,556.7
65594,2025-207C,STARLINK-35191,556.6
65595,2025-207D,STARLINK-35261,556.6
65596,2025-207E,STARLINK-35253,556.7
65597,2025-207F,STARLINK-35263,556.6
65598,2025-207G,STARLINK-35248,556.7
65599,2025-207H,STARLINK-35245,556.7
65600,2025-207J,STARLINK-35229,556.7
65601,2025-207K,STARLINK-35234,556.7
65602,2025-207L,STARLINK-35255,556.6
65603,2025-207M,STARLINK-35250,556.7
65604,2025-207N,STARLINK-35251,556.7
65605,2025-207P,STARLINK-35171,556.7
65606,2025-207Q,STARLINK-35195,556.7
65607,2025-207R,STARLINK-35156,556.6
65608,2025-207S,STARLINK-35185,556.6
65609,2025-207T,STARLINK-35053,556.7
65610,2025-207U,STARLINK-35178,556.6
65611,2025-207V,STARLINK-35186,556.7
65612,2025-207W,STARLINK-35154,556.6
65613,2025-207X,STARLINK-35162,556.7
65614,2025-207Y,STARLINK-35206,556.7
65615,2025-207Z,STARLINK-35174,556.7
65622,2025-210A,STARLINK-35247,482.4
65623,2025-210B,STARLINK-35239,482.4
65624,2025-210C,STARLINK-35151,482.4
65625,2025-210D,STARLINK-35153,482.4
65626,2025-210E,STARLINK-35225,482.5
65627,2025-210F,STARLINK-35217,482.4
65628,2025-210G,STARLINK-35128,482.4
65629,2025-210H,STARLINK-35135,482.3
65630,2025-210J,STARLINK-34877,482.4
65631,2025-210K,STARLINK-35104,482.4
65632,2025-210L,STARLINK-35117,482.4
65633,2025-210M,STARLINK-35103,482.4
65634,2025-210N,STARLINK-35123,482.2
65635,2025-210P,STARLINK-35150,482.3
65636,2025-210Q,STARLINK-35209,482.4
65637,2025-210R,STARLINK-35147,482.4
65638,2025-210S,STARLINK-35213,482.4
65639,2025-210T,STARLINK-35127,482.4
65640,2025-210U,STARLINK-35091,482.4
65641,2025-210V,STARLINK-35134,482.3
65642,2025-210W,STARLINK-35109,482.4
65643,2025-210X,STARLINK-35062,482.3
65644,2025-210Y,STARLINK-35141,482.3
65645,2025-210Z,STARLINK-35237,482.5
65646,2025-210AA,STARLINK-35183,482.3
65647,2025-210AB,STARLINK-35202,482.4
65648,2025-210AC,STARLINK-34868,482.3
65649,2025-210AD,STARLINK-35079,482.4
65652,2025-211A,STARLINK-35328,556.6
65653,2025-211B,STARLINK-34210,556.7
65654,2025-211C,STARLINK-35227,556.6
65655,2025-211D,STARLINK-35240,556.7
65656,2025-211E,STARLINK-35344,556.7
65657,2025-211F,STARLINK-34540,556.6
65658,2025-211G,STARLINK-35282,556.6
65659,2025-211H,STARLINK-35120,556.7
65660,2025-211J,STARLINK-35246,556.7
65661,2025-211K,STARLINK-35220,556.7
65662,2025-211L,STARLINK-35176,556.6
65663,2025-211M,STARLINK-35190,556.7
65664,2025-211N,STARLINK-35201,556.7
65665,2025-211P,STARLINK-35115,556.7
65666,2025-211Q,STARLINK-35181,556.7
65667,2025-211R,STARLINK-35361,556.7
65668,2025-211S,STARLINK-35351,556.7
65669,2025-211T,STARLINK-35353,556.7
65670,2025-211U,STARLINK-35359,556.7
65671,2025-211V,STARLINK-35194,556.6
65672,2025-211W,STARLINK-35198,556.7
65673,2025-211X,STARLINK-35177,556.7
65674,2025-211Y,STARLINK-35254,556.7
65675,2025-211Z,STARLINK-34749,556.6
65676,2025-212A,STARLINK-35189,482.4
65677,2025-212B,STARLINK-35222,482.3
65678,2025-212C,STARLINK-35233,482.3
65679,2025-212D,STARLINK-35205,482.4
65680,2025-212E,STARLINK-35070,482.4
65681,2025-212F,STARLINK-35230,482.4
65682,2025-212G,STARLINK-35235,482.3
65683,2025-212H,STARLINK-34886,482.4
65684,2025-212J,STARLINK-34795,482.3
65685,2025-212K,STARLINK-35145,482.3
65686,2025-212L,STARLINK-35137,482.4
65687,2025-212M,STARLINK-34856,482.4
65688,2025-212N,STARLINK-34930,482.4
65689,2025-212P,STARLINK-34875,482.3
65690,2025-212Q,STARLINK-34790,482.4
65691,2025-212R,STARLINK-34691,482.4
65692,2025-212S,STARLINK-34825,482.4
65693,2025-212T,STARLINK-35060,481.1
65694,2025-212U,STARLINK-35204,482.3
65695,2025-212V,STARLINK-35221,482.4
65696,2025-212W,STARLINK-34734,482.3
65697,2025-212X,STARLINK-35113,482.4
65698,2025-212Y,STARLINK-35090,482.4
65699,2025-212Z,STARLINK-35086,482.3
65700,2025-212AA,STARLINK-35101,482.4
65701,2025-212AB,STARLINK-35046,482.4
65702,2025-212AC,STARLINK-35075,482.3
65703,2025-212AD,STARLINK-34839,482.4
65734,2025-216A,STARLINK-34086,482.4
65735,2025-216B,STARLINK-35099,482.4
65736,2025-216C,STARLINK-35167,482.3
65737,2025-216D,STARLINK-35121,482.3
65738,2025-216E,STARLINK-35108,482.5
65739,2025-216F,STARLINK-35106,482.4
65740,2025-216G,STARLINK-35130,482.4
65741,2025-216H,STARLINK-35284,482.5
65742,2025-216J,STARLINK-35316,482.4
65743,2025-216K,STARLINK-35319,482.4
65744,2025-216L,STARLINK-35173,482.3
65745,2025-216M,STARLINK-34808,482.3
65746,2025-216N,STARLINK-34704,482.4
65747,2025-216P,STARLINK-35214,482.4
65748,2025-216Q,STARLINK-35265,482.4
65749,2025-216R,STARLINK-35288,482.3
65750,2025-216S,STARLINK-35165,482.4
65751,2025-216T,STARLINK-35260,482.4
65752,2025-216U,STARLINK-34893,482.3
65753,2025-216V,STARLINK-34894,482.3
65754,2025-216W,STARLINK-35287,482.3
65755,2025-216X,STARLINK-35294,482.3
65756,2025-216Y,STARLINK-35275,482.4
65757,2025-216Z,STARLINK-35211,482.4
65758,2025-216AA,STARLINK-35313,482.4
65759,2025-216AB,STARLINK-34692,482.4
65760,2025-216AC,STARLINK-34890,482.3
65761,2025-216AD,STARLINK-34889,482.4
65791,2025-218A,STARLINK-35330,556.6
65792,2025-218B,STARLINK-35373,556.7
65793,2025-218C,STARLINK-35383,556.7
65794,2025-218D,STARLINK-35378,556.7
65795,2025-218E,STARLINK-35406,556.6
65796,2025-218F,STARLINK-35390,556.7
65797,2025-218G,STARLINK-35412,556.7
65798,2025-218H,STARLINK-35414,556.7
65799,2025-218J,STARLINK-35357,556.6
65800,2025-218K,STARLINK-35300,556.7
65801,2025-218L,STARLINK-35296,556.7
65802,2025-218M,STARLINK-34919,556.7
65803,2025-218N,STARLINK-35286,556.7
65804,2025-218P,STARLINK-35266,556.7
65805,2025-218Q,STARLINK-35273,556.7
65806,2025-218R,STARLINK-35047,556.7
65807,2025-218S,STARLINK-35285,556.6
65808,2025-218T,STARLINK-34580,556.7
65809,2025-218U,STARLINK-35289,556.7
65810,2025-218V,STARLINK-35268,556.7
65811,2025-218W,STARLINK-35224,556.7
65812,2025-218X,STARLINK-35271,556.7
65813,2025-218Y,STARLINK-35215,556.7
65814,2025-218Z,STARLINK-35157,556.7
65823,2025-221A,STARLINK-35392,482.3
65824,2025-221B,STARLINK-35281,482.3
65825,2025-221C,STARLINK-35397,482.4
65826,2025-221D,STARLINK-35381,482.3
65827,2025-221E,STARLINK-35393,482.4
65828,2025-221F,STARLINK-35396,482.4
65829,2025-221G,STARLINK-35244,482.3
65830,2025-221H,STARLINK-35368,482.4
65831,2025-221J,STARLINK-35337,482.3
65832,2025-221K,STARLINK-35277,482.4
65833,2025-221L,STARLINK-35345,482.4
65834,2025-221M,STARLINK-35320,482.3
65835,2025-221N,STARLINK-35349,482.3
65836,2025-221P,STARLINK-35356,482.3
65837,2025-221Q,STARLINK-35314,482.4
65838,2025-221R,STARLINK-35324,482.3
65839,2025-221S,STARLINK-35102,482.4
65840,2025-221T,STARLINK-35364,482.4
65842,2025-221V,STARLINK-35298,482.3
65843,2025-221W,STARLINK-35301,482.4
65844,2025-221X,STARLINK-35148,482.4
65845,2025-221Y,STARLINK-35302,482.3
65846,2025-221Z,STARLINK-35290,482.3
65847,2025-221AA,STARLINK-35262,482.4
65848,2025-221AB,STARLINK-35308,482.4
65849,2025-221AC,STARLINK-35231,482.3
65850,2025-221AD,STARLINK-35252,482.3
65854,2025-223A,STARLINK-35208,482.4
65855,2025-223B,STARLINK-35200,482.3
65856,2025-223C,STARLINK-35459,482.3
65857,2025-223D,STARLINK-35489,482.3
65858,2025-223E,STARLINK-35199,482.4
65859,2025-223F,STARLINK-35408,482.4
65860,2025-223G,STARLINK-35303,482.4
65861,2025-223H,STARLINK-35258,482.4
65862,2025-223J,STARLINK-35386,482.4
65863,2025-223K,STARLINK-35469,482.4
65864,2025-223L,STARLINK-35471,482.4
65865,2025-223M,STARLINK-35475,482.4
65866,2025-223N,STARLINK-35312,482.4
65867,2025-223P,STARLINK-35456,482.4
65868,2025-223Q,STARLINK-35450,482.4
65869,2025-223R,STARLINK-35441,482.2
65870,2025-223S,STARLINK-35433,482.5
65871,2025-223T,STARLINK-35465,482.4
65872,2025-223U,STARLINK-34108,482.3
65873,2025-223V,STARLINK-35423,482.3
65874,2025-223W,STARLINK-35425,482.3
65875,2025-223X,STARLINK-34688,482.4
65876,2025-223Y,STARLINK-34438,482.5
65877,2025-223Z,STARLINK-35462,482.4
65878,2025-223AA,STARLINK-35453,482.3
65879,2025-223AB,STARLINK-35418,482.3
65880,2025-223AC,STARLINK-35445,482.3
65881,2025-223AD,STARLINK-35464,482.4
65882,2025-224A,STARLINK-35270,482.4
65883,2025-224B,STARLINK-35367,482.4
65884,2025-224C,STARLINK-35384,482.4
65885,2025-224D,STARLINK-35415,482.4
65886,2025-224E,STARLINK-35413,482.3
65887,2025-224F,STARLINK-35332,482.3
65888,2025-224G,STARLINK-35362,482.4
65889,2025-224H,STARLINK-35193,482.3
65890,2025-224J,STARLINK-34542,482.4
65891,2025-224K,STARLINK-34791,482.4
65892,2025-224L,STARLINK-34853,482.3
65893,2025-224M,STARLINK-34921,482.2
65894,2025-224N,STARLINK-34672,482.3
65895,2025-224P,STARLINK-34898,482.4
65896,2025-224Q,STARLINK-34906,482.4
65897,2025-224R,STARLINK-34934,482.4
65898,2025-224S,STARLINK-34936,482.4
65899,2025-224T,STARLINK-35272,482.3
65900,2025-224U,STARLINK-35264,482.4
65901,2025-224V,STARLINK-35249,482.3
65902,2025-224W,STARLINK-35278,482.4
65903,2025-224X,STARLINK-35210,482.3
65904,2025-224Y,STARLINK-35348,482.4
65905,2025-224Z,STARLINK-35380,482.4
65906,2025-224AA,STARLINK-35385,482.4
65907,2025-224AB,STARLINK-35347,482.3
65908,2025-224AC,STARLINK-35329,482.3
65909,2025-224AD,STARLINK-35387,482.4
65910,2025-225A,STARLINK-35523,482.4
65911,2025-225B,STARLINK-35160,482.4
65912,2025-225C,STARLINK-35508,482.3
65913,2025-225D,STARLINK-35472,482.4
65914,2025-225E,STARLINK-35524,482.4
65915,2025-225F,STARLINK-35539,482.4
65916,2025-225G,STARLINK-35521,482.3
65917,2025-225H,STARLINK-35478,482.3
65918,2025-225J,STARLINK-35516,482.4
65919,2025-225K,STARLINK-35519,482.4
65920,2025-225L,STARLINK-33902,482.3
65921,2025-225M,STARLINK-35530,482.4
65922,2025-225N,STARLINK-35544,482.3
65923,2025-225P,STARLINK-35484,482.4
65924,2025-225Q,STARLINK-34994,482.4
65925,2025-225R,STARLINK-35458,482.3
65926,2025-225S,STARLINK-35492,482.3
65927,2025-225T,STARLINK-35494,482.3
65928,2025-225U,STARLINK-35493,482.4
65929,2025-225V,STARLINK-35175,482.4
65930,2025-225W,STARLINK-35513,482.4
65931,2025-225X,STARLINK-35526,482.3
65932,2025-225Y,STARLINK-35436,482.3
65933,2025-225Z,STARLINK-35192,482.3
65934,2025-225AA,STARLINK-33921,482.4
65935,2025-225AB,STARLINK-35155,482.3
65936,2025-225AC,STARLINK-35161,482.3
65937,2025-225AD,STARLINK-35473,482.3
66005,2025-232A,STARLINK-34849,482.3
66006,2025-232B,STARLINK-35336,482.3
66007,2025-232C,STARLINK-35196,482.3
66008,2025-232D,STARLINK-35236,482.3
66009,2025-232E,STARLINK-35276,482.3
66010,2025-232F,STARLINK-35297,482.3
66011,2025-232G,STARLINK-35256,482.2
66012,2025-232H,STARLINK-35293,482.3
66013,2025-232J,STARLINK-35307,482.2
66014,2025-232K,STARLINK-35395,482.4
66015,2025-232L,STARLINK-34622,482.3
66016,2025-232M,STARLINK-35243,482.3
66017,2025-232N,STARLINK-35398,482.3
66018,2025-232P,STARLINK-35376,482.4
66019,2025-232Q,STARLINK-35382,482.3
66020,2025-232R,STARLINK-35430,482.4
66021,2025-232S,STARLINK-35432,482.4
66022,2025-232T,STARLINK-35340,482.3
66023,2025-232U,STARLINK-35394,482.4
66024,2025-232V,STARLINK-35410,482.3
66025,2025-232W,STARLINK-35280,482.4
66026,2025-232X,STARLINK-34812,482.3
66027,2025-232Y,STARLINK-35341,482.4
66028,2025-232Z,STARLINK-35339,482.3
66029,2025-232AA,STARLINK-35399,482.3
66030,2025-232AB,STARLINK-35431,482.4
66031,2025-232AC,STARLINK-35326,482.4
66032,2025-232AD,STARLINK-35311,482.3
66058,2025-235A,STARLINK-35552,482.4
66059,2025-235B,STARLINK-35560,482.4
66060,2025-235C,STARLINK-35558,482.3
66061,2025-235D,STARLINK-35566,482.4
66062,2025-235E,STARLINK-35421,482.3
66063,2025-235F,STARLINK-35562,482.3
66064,2025-235G,STARLINK-35542,482.5
66065,2025-235H,STARLINK-35375,482.3
66066,2025-235J,STARLINK-35179,482.4
66067,2025-235K,STARLINK-35401,482.4
66068,2025-235L,STARLINK-35422,482.3
66069,2025-235M,STARLINK-35279,482.3
66070,2025-235N,STARLINK-35295,482.3
66071,2025-235P,STARLINK-35323,482.4
66072,2025-235Q,STARLINK-35299,482.4
66073,2025-235R,STARLINK-35274,482.4
66074,2025-235S,STARLINK-35321,482.4
66075,2025-235T,STARLINK-35131,482.3
66076,2025-235U,STARLINK-34801,482.4
66077,2025-235V,STARLINK-35129,482.3
66078,2025-235W,STARLINK-35116,482.3
66079,2025-235X,STARLINK-35402,482.3
66080,2025-235Y,STARLINK-35325,482.4
66081,2025-235Z,STARLINK-35403,482.4
66082,2025-235AA,STARLINK-35011,482.3
66083,2025-235AB,STARLINK-35291,482.3
66084,2025-235AC,STARLINK-35379,482.4
66085,2025-235AD,STARLINK-35370,482.3
66086,2025-236A,STARLINK-35596,482.4
66087,2025-236B,STARLINK-35563,482.4
66088,2025-236C,STARLINK-35461,482.4
66089,2025-236D,STARLINK-35571,482.4
66090,2025-236E,STARLINK-35570,482.4
66091,2025-236F,STARLINK-35532,482.3
66092,2025-236G,STARLINK-35527,482.3
66093,2025-236H,STARLINK-35500,482.3
66094,2025-236J,STARLINK-35528,482.4
66095,2025-236K,STARLINK-35559,482.3
66096,2025-236L,STARLINK-34386,482.4
66097,2025-236M,STARLINK-35613,482.4
66098,2025-236N,STARLINK-34206,482.3
66099,2025-236P,STARLINK-34460,482.3
66100,2025-236Q,STARLINK-35609,482.3
66101,2025-236R,STARLINK-35595,482.4
66102,2025-236S,STARLINK-35599,482.4
66103,2025-236T,STARLINK-35622,482.3
66104,2025-236U,STARLINK-35452,482.3
66105,2025-236V,STARLINK-35561,482.3
66106,2025-236W,STARLINK-35584,482.4
66107,2025-236X,STARLINK-35593,482.4
66108,2025-236Y,STARLINK-35590,482.7
66109,2025-236Z,STARLINK-35545,482.4
66110,2025-236AA,STARLINK-35427,482.4
66111,2025-236AB,STARLINK-35574,482.3
66112,2025-236AC,STARLINK-35531,482.3
66113,2025-236AD,STARLINK-35491,482.3
66114,2025-237A,STARLINK-35496,482.4
66115,2025-237B,STARLINK-35428,482.4
66116,2025-237C,STARLINK-35573,482.3
66117,2025-237D,STARLINK-35572,482.3
66118,2025-237E,STARLINK-35468,482.4
66119,2025-237F,STARLINK-35547,482.4
66120,2025-237G,STARLINK-35553,482.4
66121,2025-237H,STARLINK-35631,482.3
66122,2025-237J,STARLINK-35653,482.4
66123,2025-237K,STARLINK-35628,482.5
66124,2025-237L,STARLINK-35645,482.4
66125,2025-237M,STARLINK-35649,482.4
66126,2025-237N,STARLINK-35658,482.4
66127,2025-237P,STARLINK-35629,482.4
66128,2025-237Q,STARLINK-35612,482.3
66129,2025-237R,STARLINK-35632,482.4
66130,2025-237S,STARLINK-35637,482.4
66131,2025-237T,STARLINK-35630,482.3
66132,2025-237U,STARLINK-34412,482.4
66133,2025-237V,STARLINK-35520,482.3
66134,2025-237W,STARLINK-35525,482.3
66135,2025-237X,STARLINK-34852,482.4
66136,2025-237Y,STARLINK-35592,482.4
66137,2025-237Z,STARLINK-35576,482.4
66138,2025-237AA,STARLINK-35623,482.3
66139,2025-237AB,STARLINK-35549,482.4
66140,2025-237AC,STARLINK-35625,482.4
66141,2025-237AD,STARLINK-35603,482.4
66146,2025-240A,STARLINK-35318,482.4
66147,2025-240B,STARLINK-33948,482.4
66148,2025-240C,STARLINK-35081,482.3
66149,2025-240D,STARLINK-35601,482.4
66150,2025-240E,STARLINK-35605,482.4
66151,2025-240F,STARLINK-35540,482.4
66152,2025-240G,STARLINK-35455,482.3
66153,2025-240H,STARLINK-34752,482.3
66154,2025-240J,STARLINK-34625,482.3
66155,2025-240K,STARLINK-35580,482.4
66156,2025-240L,STARLINK-35621,482.3
66157,2025-240M,STARLINK-35594,482.4
66158,2025-240N,STARLINK-35587,482.4
66159,2025-240P,STARLINK-35586,482.4
66160,2025-240Q,STARLINK-35636,482.4
66161,2025-240R,STARLINK-35635,482.4
66162,2025-240S,STARLINK-35633,482.4
66163,2025-240T,STARLINK-35607,482.4
66164,2025-240U,STARLINK-35614,482.4
66165,2025-240V,STARLINK-35575,482.4
66166,2025-240W,STARLINK-35624,482.4
66167,2025-240X,STARLINK-35641,482.3
66168,2025-240Y,STARLINK-35578,482.3
66169,2025-240Z,STARLINK-35638,482.4
66170,2025-240AA,STARLINK-35585,482.4
66171,2025-240AB,STARLINK-35606,482.4
66172,2025-240AC,STARLINK-35627,482.4
66173,2025-240AD,STARLINK-35634,482.4
66177,2025-242C,STARLINK-35352,482.4
66178,2025-243B,STARLINK-35363,482.4
66179,2025-243C,STARLINK-35346,482.4
66180,2025-243D,STARLINK-35335,482.4
66181,2025-243E,STARLINK-35342,482.3
66182,2025-243F,STARLINK-35333,482.4
66183,2025-243G,STARLINK-35310,482.4
66184,2025-243H,STARLINK-35317,482.4
66185,2025-243J,STARLINK-35377,482.3
66186,2025-243K,STARLINK-35365,482.4
66187,2025-243L,STARLINK-35350,482.4
66188,2025-243M,STARLINK-35041,482.4
66189,2025-243N,STARLINK-34694,482.4
66190,2025-243P,STARLINK-34863,482.4
66191,2025-243Q,STARLINK-35061,482.3
66192,2025-243R,STARLINK-34937,482.3
66193,2025-243S,STARLINK-35197,482.3
66194,2025-243T,STARLINK-35374,482.3
66195,2025-243U,STARLINK-34813,482.5
66196,2025-243V,STARLINK-35409,482.4
66197,2025-243X,STARLINK-35259,482.4
66198,2025-243W,STARLINK-35518,482.3
66199,2025-243Y,STARLINK-35509,482.2
66200,2025-243Z,STARLINK-35551,482.4
66201,2025-243AA,STARLINK-35543,482.4
66202,2025-243AB,STARLINK-35534,482.3
66203,2025-243AC,STARLINK-35548,482.3
66204,2025-243AD,STARLINK-35490,482.3
66206,2025-244A,STARLINK-35748,482.3
66207,2025-244B,STARLINK-35747,482.4
66208,2025-244C,STARLINK-35751,482.3
66209,2025-244D,STARLINK-35750,482.4
66210,2025-244E,STARLINK-35740,482.3
66211,2025-244F,STARLINK-35723,482.4
66212,2025-244G,STARLINK-35710,482.3
66213,2025-244H,STARLINK-34204,482.4
66214,2025-244J,STARLINK-35714,482.3
66215,2025-244K,STARLINK-35712,482.4
66216,2025-244L,STARLINK-35709,482.3
66217,2025-244M,STARLINK-35700,482.4
66218,2025-244N,STARLINK-35722,482.4
66219,2025-244P,STARLINK-35737,482.4
66220,2025-244Q,STARLINK-35677,482.3
66221,2025-244R,STARLINK-35704,482.3
66222,2025-244S,STARLINK-35666,482.2
66223,2025-244T,STARLINK-35664,482.3
66224,2025-244U,STARLINK-35733,482.4
66225,2025-244V,STARLINK-35734,482.4
66226,2025-244W,STARLINK-34466,482.4
66227,2025-244X,STARLINK-34882,482.4
66228,2025-244Y,STARLINK-35731,482.3
66229,2025-244Z,STARLINK-35758,482.4
66230,2025-244AA,STARLINK-35736,482.4
66231,2025-244AB,STARLINK-35735,482.3
66232,2025-244AC,STARLINK-35753,482.4
66233,2025-244AD,STARLINK-35626,482.4
66234,2025-245A,STARLINK-35537,482.4
66235,2025-245B,STARLINK-35541,482.4
66236,2025-245C,STARLINK-35454,482.3
66237,2025-245D,STARLINK-35557,482.4
66238,2025-245E,STARLINK-35556,482.4
66239,2025-245F,STARLINK-35554,482.3
66240,2025-245G,STARLINK-35546,482.3
66241,2025-245H,STARLINK-35497,482.4
66242,2025-245J,STARLINK-35480,482.4
66243,2025-245K,STARLINK-35495,482.5
66244,2025-245L,STARLINK-35517,482.4
66245,2025-245M,STARLINK-35503,482.4
66246,2025-245N,STARLINK-35434,482.4
66247,2025-245P,STARLINK-35481,482.4
66248,2025-245Q,STARLINK-35416,482.3
66249,2025-245R,STARLINK-35304,482.4
66250,2025-245S,STARLINK-35338,482.3
66251,2025-245T,STARLINK-35485,482.3
66252,2025-245U,STARLINK-35483,482.4
66253,2025-245V,STARLINK-35486,482.4
66254,2025-245W,STARLINK-35488,482.3
66255,2025-245X,STARLINK-35616,482.3
66256,2025-245Y,STARLINK-35619,482.4
66257,2025-245Z,STARLINK-35615,482.4
66258,2025-245AA,STARLINK-34650,482.4
66259,2025-245AB,STARLINK-35529,482.3
66260,2025-245AC,STARLINK-35420,482.3
66261,2025-245AD,STARLINK-35536,482.3
66262,2025-245AE,STARLINK-35487,482.3
66265,2025-247A,STARLINK-35801,482.4
66266,2025-247B,STARLINK-35056,482.3
66267,2025-247C,STARLINK-35550,482.4
66268,2025-247D,STARLINK-35069,482.4
66269,2025-247E,STARLINK-34910,482.4
66270,2025-247F,STARLINK-35757,482.3
66271,2025-247G,STARLINK-35745,482.4
66272,2025-247H,STARLINK-35741,482.3
66273,2025-247J,STARLINK-35730,482.3
66274,2025-247K,STARLINK-35760,482.4
66275,2025-247L,STARLINK-35752,482.4
66276,2025-247M,STARLINK-35742,482.3
66277,2025-247N,STARLINK-35708,482.3
66278,2025-247P,STARLINK-35713,482.4
66279,2025-247Q,STARLINK-35724,482.3
66280,2025-247R,STARLINK-35726,482.4
66281,2025-247S,STARLINK-35727,482.3
66282,2025-247T,STARLINK-35776,482.3
66283,2025-247U,STARLINK-35774,482.4
66284,2025-247V,STARLINK-35830,482.3
66285,2025-247W,STARLINK-35819,482.4
66286,2025-247X,STARLINK-35783,482.3
66287,2025-247Y,STARLINK-34884,482.4
66288,2025-247Z,STARLINK-34896,482.4
66289,2025-247AA,STARLINK-35802,482.3
66290,2025-247AB,STARLINK-35799,482.4
66291,2025-247AC,STARLINK-35800,482.3
66292,2025-247AD,STARLINK-35798,482.4
66319,2025-253A,STARLINK-35442,490.2
66320,2025-253B,STARLINK-34616,490.2
66321,2025-253C,STARLINK-34615,490.1
66322,2025-253D,STARLINK-35292,490.2
66323,2025-253E,STARLINK-35309,490.2
66324,2025-253F,STARLINK-35506,490.2
66325,2025-253G,STARLINK-35504,490.1
66326,2025-253H,STARLINK-35479,490.2
66327,2025-253J,STARLINK-35507,490.2
66328,2025-253K,STARLINK-35460,490.2
66329,2025-253L,STARLINK-35505,490.1
66330,2025-253M,STARLINK-35512,490.2
66331,2025-253N,STARLINK-35257,490.2
66332,2025-253P,STARLINK-35322,490.2
66333,2025-253Q,STARLINK-35400,490.2
66334,2025-253R,STARLINK-35407,490.1
66335,2025-253S,STARLINK-35417,490.1
66336,2025-253T,STARLINK-35404,490.1
66337,2025-253U,STARLINK-34783,490.2
66338,2025-253V,STARLINK-35477,490.2
66339,2025-253W,STARLINK-35443,490.1
66340,2025-253X,STARLINK-35218,490.2
66341,2025-253Y,STARLINK-35522,490.2
66342,2025-253Z,STARLINK-35535,490.1
66343,2025-253AA,STARLINK-35467,490.2
66344,2025-253AB,STARLINK-35511,490.3
66345,2025-253AC,STARLINK-35440,490.2
66346,2025-253AD,STARLINK-35482,490.2
66347,2025-253AE,STARLINK-35438,490.2
66348,2025-254A,STARLINK-35849,482.4
66349,2025-254B,STARLINK-35848,482.3
66350,2025-254C,STARLINK-35829,482.4
66351,2025-254D,STARLINK-35828,482.4
66352,2025-254E,STARLINK-35850,482.4
66353,2025-254F,STARLINK-35869,482.3
66354,2025-254G,STARLINK-35895,482.4
66355,2025-254H,STARLINK-35861,482.4
66356,2025-254J,STARLINK-35851,482.4
66357,2025-254K,STARLINK-35817,482.4
66358,2025-254L,STARLINK-35807,482.4
66359,2025-254M,STARLINK-35805,482.4
66360,2025-254N,STARLINK-35823,482.4
66361,2025-254P,STARLINK-35813,482.3
66362,2025-254Q,STARLINK-35822,482.4
66363,2025-254R,STARLINK-35806,482.4
66364,2025-254S,STARLINK-35797,482.3
66365,2025-254T,STARLINK-35827,482.4
66366,2025-254U,STARLINK-35845,482.4
66367,2025-254V,STARLINK-35846,482.4
66368,2025-254W,STARLINK-34861,482.3
66369,2025-254X,STARLINK-35795,482.4
66370,2025-254Y,STARLINK-35824,482.3
66371,2025-254Z,STARLINK-35804,482.2
66372,2025-254AA,STARLINK-35821,482.3
66373,2025-254AB,STARLINK-35809,482.4
66374,2025-254AC,STARLINK-35831,482.4
66375,2025-254AD,STARLINK-35826,482.4
66380,2025-257A,STARLINK-35139,482.4
66381,2025-257B,STARLINK-35158,482.3
66382,2025-257C,STARLINK-35639,482.3
66383,2025-257D,STARLINK-35690,482.3
66384,2025-257E,STARLINK-35662,482.3
66385,2025-257F,STARLINK-35659,482.3
66386,2025-257G,STARLINK-35651,482.4
66387,2025-257H,STARLINK-35661,482.4
66388,2025-257J,STARLINK-35647,482.3
66389,2025-257K,STARLINK-35694,482.4
66390,2025-257L,STARLINK-35665,482.8
66391,2025-257M,STARLINK-35656,482.4
66392,2025-257N,STARLINK-35671,482.3
66393,2025-257P,STARLINK-35652,482.3
66394,2025-257Q,STARLINK-35672,482.4
66395,2025-257R,STARLINK-35681,482.4
66396,2025-257S,STARLINK-35669,482.4
66397,2025-257T,STARLINK-35510,482.3
66398,2025-257U,STARLINK-35642,482.4
66399,2025-257V,STARLINK-35657,482.4
66400,2025-257W,STARLINK-35667,482.3
66401,2025-257X,STARLINK-35668,482.4
66402,2025-257Y,STARLINK-35644,438.3
66403,2025-257Z,STARLINK-35602,482.4
66404,2025-257AA,STARLINK-35691,482.4
66405,2025-257AB,STARLINK-35683,482.4
66406,2025-257AC,STARLINK-34840,482.3
66407,2025-257AD,STARLINK-35686,482.5
66408,2025-257AE,STARLINK-35679,482.4
66422,2025-259A,STARLINK-35617,490.2
66423,2025-259B,STARLINK-35618,490.1
66424,2025-259C,STARLINK-35588,490.2
66425,2025-259D,STARLINK-35555,490.2
66426,2025-259E,STARLINK-35589,490.2
66427,2025-259F,STARLINK-35611,490.1
66428,2025-259G,STARLINK-35610,490.2
66429,2025-259H,STARLINK-35533,490.2
66430,2025-259J,STARLINK-35470,490.2
66431,2025-259K,STARLINK-35439,490.1
66432,2025-259L,STARLINK-35446,490.2
66433,2025-259M,STARLINK-35457,490.2
66434,2025-259N,STARLINK-35389,490.2
66435,2025-259P,STARLINK-35502,490.2
66436,2025-259Q,STARLINK-35501,490.2
66437,2025-259R,STARLINK-35474,490.1
66438,2025-259S,STARLINK-34681,490.1
66439,2025-259T,STARLINK-35327,490.3
66440,2025-259U,STARLINK-35405,490.3
66441,2025-259V,STARLINK-35426,490.1
66442,2025-259W,STARLINK-34724,490.2
66443,2025-259X,STARLINK-35219,490.1
66444,2025-259Y,STARLINK-35360,490.1
66445,2025-259Z,STARLINK-34698,490.2
66446,2025-259AA,STARLINK-34986,490.1
66447,2025-259AB,STARLINK-34851,490.2
66448,2025-259AC,STARLINK-35355,490.1
66449,2025-259AD,STARLINK-34720,490.2
66450,2025-259AE,STARLINK-35334,490.2
66456,2025-262A,STARLINK-35643,490.1
66457,2025-262B,STARLINK-35466,490.2
66458,2025-262C,STARLINK-35684,490.1
66459,2025-262D,STARLINK-35449,490.1
66460,2025-262E,STARLINK-35424,490.1
66461,2025-262F,STARLINK-35132,490.1
66462,2025-262G,STARLINK-35499,490.2
66463,2025-262H,STARLINK-35463,490.0
66464,2025-262J,STARLINK-35435,490.1
66465,2025-262K,STARLINK-35448,490.2
66466,2025-262L,STARLINK-35388,490.2
66467,2025-262M,STARLINK-35682,490.2
66468,2025-262N,STARLINK-35331,490.2
66469,2025-262P,STARLINK-35451,490.3
66470,2025-262Q,STARLINK-35655,490.1
66471,2025-262R,STARLINK-35569,490.2
66472,2025-262S,STARLINK-35567,490.2
66473,2025-262T,STARLINK-35568,490.1
66474,2025-262U,STARLINK-35620,490.1
66475,2025-262V,STARLINK-35538,490.2
66476,2025-262W,STARLINK-35372,490.2
66477,2025-262X,STARLINK-35354,490.2
66478,2025-262Y,STARLINK-35283,490.1
66479,2025-262Z,STARLINK-35581,490.2
66480,2025-262AA,STARLINK-35670,490.3
66481,2025-262AB,STARLINK-35698,490.2
66482,2025-262AC,STARLINK-35648,490.1
66483,2025-262AD,STARLINK-35654,490.1
66484,2025-262AE,STARLINK-35371,490.2
66485,2025-263A,STARLINK-34774,490.2
66486,2025-263B,STARLINK-34844,490.1
66487,2025-263C,STARLINK-34733,490.2
66488,2025-263D,STARLINK-35515,490.2
66489,2025-263E,STARLINK-35696,490.2
66490,2025-263F,STARLINK-35693,490.2
66491,2025-263G,STARLINK-35663,490.2
66492,2025-263H,STARLINK-35673,490.2
66493,2025-263J,STARLINK-35597,490.2
66494,2025-263K,STARLINK-35689,490.1
66495,2025-263L,STARLINK-35832,490.2
66496,2025-263M,STARLINK-35909,490.2
66497,2025-263N,STARLINK-35899,490.2
66498,2025-263P,STARLINK-35907,490.1
66499,2025-263Q,STARLINK-35816,490.1
66500,2025-263R,STARLINK-35894,490.1
66501,2025-263S,STARLINK-35897,490.2
66502,2025-263T,STARLINK-35922,490.1
66503,2025-263U,STARLINK-35917,490.1
66504,2025-263V,STARLINK-35916,490.2
66505,2025-263W,STARLINK-34766,490.2
66506,2025-263X,STARLINK-34765,490.2
66507,2025-263Y,STARLINK-34767,490.2
66508,2025-263Z,STARLINK-35608,490.1
66509,2025-263AA,STARLINK-35598,490.2
66510,2025-263AB,STARLINK-35600,490.2
66511,2025-263AC,STARLINK-35444,490.2
66512,2025-263AD,STARLINK-35366,490.2
66513,2025-263AE,STARLINK-35692,490.2
66516,2025-265A,STARLINK-35924,490.2
66517,2025-265B,STARLINK-35937,490.2
66518,2025-265C,STARLINK-35962,490.2
66519,2025-265D,STARLINK-35931,490.2
66520,2025-265E,STARLINK-35952,490.2
66521,2025-265F,STARLINK-35915,490.2
66522,2025-265G,STARLINK-35946,490.2
66523,2025-265H,STARLINK-35969,490.2
66524,2025-265J,STARLINK-35687,490.2
66525,2025-265K,STARLINK-35975,490.2
66526,2025-265L,STARLINK-35932,490.1
66527,2025-265M,STARLINK-35935,490.2
66528,2025-265N,STARLINK-35928,490.1
66529,2025-265P,STARLINK-35933,490.3
66530,2025-265Q,STARLINK-35961,490.2
66531,2025-265R,STARLINK-35960,490.1
66532,2025-265S,STARLINK-35914,490.2
66533,2025-265T,STARLINK-35707,490.2
66534,2025-265U,STARLINK-35976,490.2
66535,2025-265V,STARLINK-35514,490.2
66536,2025-265W,STARLINK-35640,490.1
66537,2025-265X,STARLINK-35582,490.2
66538,2025-265Y,STARLINK-35577,490.2
66539,2025-265Z,STARLINK-35697,490.1
66540,2025-265AA,STARLINK-35818,490.2
66541,2025-265AB,STARLINK-35796,490.1
66542,2025-265AC,STARLINK-35833,490.3
66543,2025-265AD,STARLINK-35315,490.2
66544,2025-265AE,STARLINK-35728,490.3
66557,2025-268A,STARLINK-35699,490.1
66558,2025-268B,STARLINK-35695,490.2
66559,2025-268C,STARLINK-35419,490.2
66560,2025-268D,STARLINK-35411,490.2
66561,2025-268E,STARLINK-35305,490.1
66562,2025-268F,STARLINK-35579,490.1
66563,2025-268G,STARLINK-35437,490.1
66564,2025-268H,STARLINK-35358,490.2
66565,2025-268J,STARLINK-35893,490.2
66566,2025-268K,STARLINK-35871,490.1
66567,2025-268L,STARLINK-35825,490.0
66568,2025-268M,STARLINK-35803,490.1
66569,2025-268N,STARLINK-35835,490.2
66570,2025-268P,STARLINK-35834,490.2
66571,2025-268Q,STARLINK-35836,490.2
66572,2025-268R,STARLINK-35870,490.2
66573,2025-268S,STARLINK-35650,490.2
66574,2025-268T,STARLINK-35812,490.2
66575,2025-268U,STARLINK-35810,490.2
66576,2025-268V,STARLINK-35814,490.1
66577,2025-268W,STARLINK-35815,490.1
66578,2025-268X,STARLINK-35743,490.2
66579,2025-268Y,STARLINK-35868,490.2
66580,2025-268Z,STARLINK-35872,490.1
66581,2025-268AA,STARLINK-35744,490.2
66582,2025-268AB,STARLINK-35746,490.2
66583,2025-268AC,STARLINK-35941,490.2
66584,2025-268AD,STARLINK-35939,490.2
66585,2025-268AE,STARLINK-35963,490.2
66588,2025-270A,STARLINK-36076,490.1
66589,2025-270B,STARLINK-35447,490.2
66590,2025-270C,STARLINK-35429,490.1
66591,2025-270D,STARLINK-36058,490.1
66592,2025-270E,STARLINK-36066,490.2
66593,2025-270F,STARLINK-36031,490.2
66594,2025-270G,STARLINK-36032,490.2
66595,2025-270H,STARLINK-35711,490.1
66596,2025-270J,STARLINK-35811,490.1
66597,2025-270K,STARLINK-35820,490.1
66598,2025-270L,STARLINK-35981,490.1
66599,2025-270M,STARLINK-35930,490.2
66600,2025-270N,STARLINK-35980,490.3
66601,2025-270P,STARLINK-35978,490.2
66602,2025-270Q,STARLINK-36050,490.2
66603,2025-270R,STARLINK-36048,490.2
66604,2025-270S,STARLINK-35977,490.2
66605,2025-270T,STARLINK-36052,490.1
66606,2025-270U,STARLINK-36063,490.1
66607,2025-270V,STARLINK-35993,490.2
66608,2025-270W,STARLINK-36036,490.2
66609,2025-270X,STARLINK-36034,490.2
66610,2025-270Y,STARLINK-35680,490.2
66611,2025-270Z,STARLINK-35583,490.1
66612,2025-270AA,STARLINK-36039,490.2
66613,2025-270AB,STARLINK-36037,490.1
66614,2025-270AC,STARLINK-36040,490.2
66615,2025-270AD,STARLINK-35988,490.2
66616,2025-270AE,STARLINK-35391,490.2
66617,2025-271A,STARLINK-35940,482.3
66618,2025-271B,STARLINK-35970,482.4
66619,2025-271C,STARLINK-35951,482.4
66620,2025-271D,STARLINK-35936,482.4
66621,2025-271E,STARLINK-35847,482.3
66622,2025-271F,STARLINK-35950,482.3
66623,2025-271G,STARLINK-35920,482.3
66624,2025-271H,STARLINK-35927,482.3
66625,2025-271J,STARLINK-35929,482.4
66626,2025-271K,STARLINK-35902,482.4
66627,2025-271L,STARLINK-35904,482.3
66628,2025-271M,STARLINK-35862,482.3
66630,2025-271P,STARLINK-35949,482.4
66631,2025-271Q,STARLINK-35965,482.3
66632,2025-271R,STARLINK-35973,482.4
66633,2025-271S,STARLINK-35948,482.4
66634,2025-271T,STARLINK-35967,482.4
66635,2025-271U,STARLINK-35955,482.2
66636,2025-271V,STARLINK-35968,482.4
66637,2025-271W,STARLINK-35953,482.4
66638,2025-271X,STARLINK-35972,482.3
66639,2025-271Y,STARLINK-35908,482.4
66640,2025-271Z,STARLINK-35921,482.3
66641,2025-271AA,STARLINK-35923,482.2
66642,2025-271AB,STARLINK-35926,482.4
66643,2025-271AC,STARLINK-35918,482.4
66644,2025-271AD,STARLINK-35938,482.4
66791,2025-278A,STARLINK-35867,490.1
66792,2025-278B,STARLINK-35990,490.2
66793,2025-278C,STARLINK-36051,490.2
66794,2025-278D,STARLINK-36062,490.2
66795,2025-278E,STARLINK-36047,490.2
66796,2025-278F,STARLINK-35964,490.2
66797,2025-278G,STARLINK-36099,490.3
66798,2025-278H,STARLINK-36041,490.1
66799,2025-278J,STARLINK-36044,490.2
66800,2025-278K,STARLINK-35996,490.2
66801,2025-278L,STARLINK-36080,490.1
66802,2025-278M,STARLINK-35604,490.2
66803,2025-278N,STARLINK-35565,490.2
66804,2025-278P,STARLINK-36038,490.2
66805,2025-278Q,STARLINK-36049,490.1
66806,2025-278R,STARLINK-36069,490.3
66807,2025-278S,STARLINK-36000,490.2
66808,2025-278T,STARLINK-36071,490.2
66809,2025-278U,STARLINK-35979,490.1
66810,2025-278V,STARLINK-36046,490.2
66811,2025-278W,STARLINK-36045,490.2
66812,2025-278X,STARLINK-36054,490.2
66813,2025-278Y,STARLINK-36042,490.1
66814,2025-278Z,STARLINK-35984,490.1
66815,2025-278AA,STARLINK-35985,490.2
66816,2025-278AB,STARLINK-36098,490.1
66817,2025-278AC,STARLINK-35995,490.2
66818,2025-278AD,STARLINK-35994,490.2
66819,2025-278AE,STARLINK-35989,490.3
66821,2025-280A,STARLINK-35966,579.2
66822,2025-280B,STARLINK-35958,579.2
66823,2025-280C,STARLINK-35957,579.2
66824,2025-280D,STARLINK-35896,579.2
66825,2025-280E,STARLINK-35476,579.2
66826,2025-280F,STARLINK-35898,580.9
66827,2025-280G,STARLINK-35959,579.2
66828,2025-280H,STARLINK-35982,579.2
66829,2025-280J,STARLINK-36084,579.2
66830,2025-280K,STARLINK-35881,579.2
66831,2025-280L,STARLINK-35788,579.2
66832,2025-280M,STARLINK-35768,579.2
66833,2025-280N,STARLINK-35858,579.2
66834,2025-280P,STARLINK-35840,579.2
66835,2025-280Q,STARLINK-35890,579.2
66836,2025-280R,STARLINK-35838,579.2
66837,2025-280S,STARLINK-35729,579.2
66838,2025-280T,STARLINK-35886,579.4
66839,2025-280U,STARLINK-35717,579.2
66840,2025-280V,STARLINK-35837,579.2
66841,2025-280W,STARLINK-35715,579.2
66842,2025-280X,STARLINK-35769,579.3
66843,2025-280Y,STARLINK-35997,579.2
66844,2025-280Z,STARLINK-36073,579.3
66845,2025-280AA,STARLINK-36068,579.2
66846,2025-280AB,STARLINK-36055,579.2
66847,2025-280AC,STARLINK-36061,579.3
66848,2025-281A,STARLINK-36091,490.2
66849,2025-281B,STARLINK-36102,490.1
66850,2025-281C,STARLINK-36105,490.1
66851,2025-281D,STARLINK-36094,490.2
66852,2025-281E,STARLINK-35992,490.1
66853,2025-281F,STARLINK-35986,490.2
66854,2025-281G,STARLINK-36087,490.2
66855,2025-281H,STARLINK-36090,490.2
66856,2025-281J,STARLINK-36072,490.2
66857,2025-281K,STARLINK-36083,490.2
66858,2025-281L,STARLINK-35118,490.2
66859,2025-281M,STARLINK-35646,490.2
66860,2025-281N,STARLINK-35987,490.2
66861,2025-281P,STARLINK-35991,490.2
66862,2025-281Q,STARLINK-35974,490.2
66863,2025-281R,STARLINK-36134,490.1
66864,2025-281S,STARLINK-36070,490.2
66865,2025-281T,STARLINK-36117,490.1
66866,2025-281U,STARLINK-36126,490.2
66867,2025-281V,STARLINK-36101,490.2
66868,2025-281W,STARLINK-36108,490.1
66869,2025-281X,STARLINK-36092,490.3
66870,2025-281Y,STARLINK-36114,490.1
66871,2025-281Z,STARLINK-36095,490.1
66872,2025-281AA,STARLINK-36082,490.1
66873,2025-281AB,STARLINK-36128,490.2
66874,2025-281AC,STARLINK-36129,490.2
66875,2025-281AD,STARLINK-36053,490.2
66876,2025-281AE,STARLINK-35702,490.3
66878,2025-283A,STARLINK-35866,482.3
66879,2025-283B,STARLINK-35749,482.4
66880,2025-283C,STARLINK-35844,482.3
66881,2025-283D,STARLINK-35860,482.4
66882,2025-283E,STARLINK-35912,482.3
66883,2025-283F,STARLINK-35947,482.4
66884,2025-283G,STARLINK-36057,482.3
66885,2025-283H,STARLINK-35954,482.4
66886,2025-283J,STARLINK-35900,482.4
66887,2025-283K,STARLINK-35925,482.3
66888,2025-283L,STARLINK-35919,482.4
66889,2025-283M,STARLINK-35852,482.4
66890,2025-283N,STARLINK-35885,482.4
66891,2025-283P,STARLINK-35855,482.3
66892,2025-283Q,STARLINK-35883,482.4
66893,2025-283R,STARLINK-36033,482.4
66894,2025-283S,STARLINK-35718,482.4
66895,2025-283T,STARLINK-35971,482.4
66896,2025-283U,STARLINK-35791,482.4
66897,2025-283V,STARLINK-36079,482.3
66898,2025-283W,STARLINK-36065,482.3
66899,2025-283X,STARLINK-36064,482.4
66900,2025-283Y,STARLINK-36074,482.4
66901,2025-283Z,STARLINK-36043,482.3
66902,2025-283AA,STARLINK-35983,482.4
66903,2025-283AB,STARLINK-36077,482.4
66904,2025-283AC,STARLINK-36059,482.4
66905,2025-283AD,STARLINK-36075,482.4
66925,2025-286A,STARLINK-35945,482.4
66926,2025-286B,STARLINK-35942,482.3
66927,2025-286C,STARLINK-35943,482.4
66928,2025-286D,STARLINK-35944,482.3
66929,2025-286E,STARLINK-36169,482.3
66930,2025-286F,STARLINK-36206,482.4
66931,2025-286G,STARLINK-36130,482.4
66932,2025-286H,STARLINK-36177,482.4
66933,2025-286J,STARLINK-36157,482.3
66934,2025-286K,STARLINK-36153,482.4
66935,2025-286L,STARLINK-36127,482.3
66936,2025-286M,STARLINK-36160,482.3
66937,2025-286N,STARLINK-36165,482.3
66938,2025-286P,STARLINK-36155,482.3
66939,2025-286Q,STARLINK-36154,482.3
66940,2025-286R,STARLINK-36121,482.4
66941,2025-286S,STARLINK-36088,482.4
66942,2025-286T,STARLINK-36100,482.4
66943,2025-286U,STARLINK-36109,482.2
66944,2025-286V,STARLINK-36112,482.4
66945,2025-286W,STARLINK-36110,482.3
66946,2025-286X,STARLINK-36115,482.3
66947,2025-286Y,STARLINK-36089,482.4
66948,2025-286Z,STARLINK-36116,482.3
66949,2025-286AA,STARLINK-36096,482.4
66950,2025-286AB,STARLINK-36111,482.4
66951,2025-286AC,STARLINK-35999,482.4
66952,2025-286AD,STARLINK-36122,482.3
66959,2025-288A,STARLINK-35887,490.2
66960,2025-288B,STARLINK-35879,490.1
66961,2025-288C,STARLINK-35761,490.1
66962,2025-288D,STARLINK-35874,490.1
66963,2025-288E,STARLINK-36133,490.2
66964,2025-288F,STARLINK-36104,490.2
66965,2025-288G,STARLINK-36067,490.1
66966,2025-288H,STARLINK-36139,490.1
66967,2025-288J,STARLINK-36136,490.2
66968,2025-288K,STARLINK-36152,490.1
66969,2025-288L,STARLINK-36149,490.1
66970,2025-288M,STARLINK-35703,490.2
66971,2025-288N,STARLINK-35678,490.2
66972,2025-288P,STARLINK-34846,490.2
66973,2025-288Q,STARLINK-35778,490.2
66974,2025-288R,STARLINK-35780,490.2
66975,2025-288S,STARLINK-35777,490.1
66976,2025-288T,STARLINK-35772,490.1
66977,2025-288U,STARLINK-35770,490.1
66978,2025-288V,STARLINK-35787,490.2
66979,2025-288W,STARLINK-36107,490.1
66980,2025-288X,STARLINK-36086,490.2
66981,2025-288Y,STARLINK-36142,490.2
66982,2025-288Z,STARLINK-36113,490.1
66983,2025-288AA,STARLINK-36145,490.2
66984,2025-288AB,STARLINK-35591,490.2
66985,2025-288AC,STARLINK-36103,490.1
66986,2025-288AD,STARLINK-36135,490.2
66987,2025-288AE,STARLINK-36147,490.1
67003,2025-293A,STARLINK-35660,579.2
67004,2025-293B,STARLINK-35913,579.2
67005,2025-293C,STARLINK-36148,579.2
67006,2025-293D,STARLINK-36156,579.2
67007,2025-293E,STARLINK-36123,579.2
67008,2025-293F,STARLINK-36163,579.2
67009,2025-293G,STARLINK-36118,579.1
67010,2025-293H,STARLINK-36189,579.2
67011,2025-293J,STARLINK-36167,579.2
67012,2025-293K,STARLINK-36175,579.2
67013,2025-293L,STARLINK-35856,579.2
67014,2025-293M,STARLINK-36207,579.2
67015,2025-293N,STARLINK-36093,579.2
67016,2025-293P,STARLINK-36120,579.2
67017,2025-293Q,STARLINK-35498,579.2
67018,2025-293R,STARLINK-36106,579.2
67019,2025-293S,STARLINK-35688,579.1
67020,2025-293T,STARLINK-36172,579.2
67021,2025-293U,STARLINK-36184,579.2
67022,2025-293V,STARLINK-36209,579.2
67023,2025-293W,STARLINK-36191,579.3
67024,2025-293X,STARLINK-36192,579.2
67025,2025-293Y,STARLINK-36178,579.2
67026,2025-293Z,STARLINK-36176,579.2
67027,2025-293AA,STARLINK-36171,584.7
67028,2025-293AB,STARLINK-36132,579.2
67029,2025-293AC,STARLINK-36190,579.2
67030,2025-294A,STARLINK-36138,490.2
67031,2025-294B,STARLINK-36150,490.2
67032,2025-294C,STARLINK-36131,490.2
67033,2025-294D,STARLINK-36137,490.2
67034,2025-294E,STARLINK-36140,490.2
67035,2025-294F,STARLINK-36085,490.2
67036,2025-294G,STARLINK-36125,490.2
67037,2025-294H,STARLINK-35732,490.2
67038,2025-294J,STARLINK-35775,490.1
67039,2025-294K,STARLINK-35705,490.2
67040,2025-294L,STARLINK-35786,490.2
67041,2025-294M,STARLINK-35765,490.2
67042,2025-294N,STARLINK-35773,490.1
67043,2025-294P,STARLINK-35901,490.2
67044,2025-294Q,STARLINK-35884,490.1
67045,2025-294R,STARLINK-35891,490.2
67046,2025-294S,STARLINK-35721,490.2
67047,2025-294T,STARLINK-35779,490.2
67048,2025-294U,STARLINK-35905,490.2
67049,2025-294V,STARLINK-35877,490.1
67050,2025-294W,STARLINK-36078,490.2
67051,2025-294X,STARLINK-35706,490.1
67052,2025-294Y,STARLINK-35720,490.2
67053,2025-294Z,STARLINK-35739,490.2
67054,2025-294AA,STARLINK-35754,490.2
67055,2025-294AB,STARLINK-35790,490.1
67056,2025-294AC,STARLINK-36143,490.2
67057,2025-294AD,STARLINK-36141,490.2
67058,2025-294AE,STARLINK-35767,490.3
67075,2025-298A,STARLINK-36230,579.2
67076,2025-298B,STARLINK-36240,579.2
67077,2025-298C,STARLINK-36243,579.2
67078,2025-298D,STARLINK-36236,579.2
67079,2025-298E,STARLINK-36159,576.7
67080,2025-298F,STARLINK-36158,579.2
67081,2025-298G,STARLINK-35864,579.2
67082,2025-298H,STARLINK-36035,579.2
67083,2025-298J,STARLINK-36170,579.2
67084,2025-298K,STARLINK-36166,579.2
67085,2025-298L,STARLINK-35794,576.7
67086,2025-298M,STARLINK-35841,579.5
67087,2025-298N,STARLINK-35842,576.7
67088,2025-298P,STARLINK-35882,579.2
67089,2025-298Q,STARLINK-35763,579.2
67090,2025-298R,STARLINK-36060,579.1
67091,2025-298S,STARLINK-36097,487.1
67092,2025-298T,STARLINK-35792,579.5
67093,2025-298U,STARLINK-35784,576.6
67094,2025-298V,STARLINK-36202,576.7
67095,2025-298W,STARLINK-36227,579.2
67096,2025-298X,STARLINK-36228,579.2
67097,2025-298Y,STARLINK-36222,579.2
67098,2025-298Z,STARLINK-36205,576.7
67099,2025-298AA,STARLINK-36193,579.3
67100,2025-298AB,STARLINK-36215,579.3
67101,2025-298AC,STARLINK-36200,579.1
67102,2025-299A,STARLINK-36255,490.2
67103,2025-299B,STARLINK-36256,490.2
67104,2025-299C,STARLINK-36258,490.1
67105,2025-299D,STARLINK-36261,490.2
67106,2025-299E,STARLINK-36259,490.2
67107,2025-299F,STARLINK-36196,490.2
67108,2025-299G,STARLINK-36208,490.2
67109,2025-299H,STARLINK-35764,490.2
67110,2025-299J,STARLINK-35781,490.2
67111,2025-299K,STARLINK-35875,490.2
67112,2025-299L,STARLINK-35906,490.1
67113,2025-299M,STARLINK-35789,490.2
67114,2025-299N,STARLINK-36180,490.1
67115,2025-299P,STARLINK-35892,490.2
67116,2025-299Q,STARLINK-35738,490.2
67117,2025-299R,STARLINK-35674,490.2
67118,2025-299S,STARLINK-35701,490.2
67119,2025-299T,STARLINK-36179,490.2
67120,2025-299U,STARLINK-36217,490.2
67121,2025-299V,STARLINK-36124,490.1
67122,2025-299W,STARLINK-36188,490.2
67123,2025-299X,STARLINK-36151,490.1
67124,2025-299Y,STARLINK-36195,490.1
67125,2025-299Z,STARLINK-36219,490.3
67126,2025-299AA,STARLINK-36223,490.2
67127,2025-299AB,STARLINK-36164,490.2
67128,2025-299AC,STARLINK-35685,490.2
67129,2025-299AD,STARLINK-36214,490.1
67130,2025-299AE,STARLINK-36194,490.1
67163,2025-303A,STARLINK-35755,490.2
67164,2025-303B,STARLINK-36201,490.2
67165,2025-303C,STARLINK-36186,490.2
67166,2025-303D,STARLINK-36174,490.2
67167,2025-303E,STARLINK-36198,490.1
67168,2025-303F,STARLINK-35903,490.2
67169,2025-303G,STARLINK-35839,490.2
67170,2025-303H,STARLINK-35863,490.1
67171,2025-303J,STARLINK-35771,490.1
67172,2025-303K,STARLINK-35762,490.1
67173,2025-303L,STARLINK-36183,490.1
67174,2025-303M,STARLINK-36210,490.1
67175,2025-303N,STARLINK-35756,490.2
67176,2025-303P,STARLINK-35785,490.3
67177,2025-303Q,STARLINK-35853,490.2
67178,2025-303R,STARLINK-35878,490.1
67179,2025-303S,STARLINK-35793,490.2
67180,2025-303T,STARLINK-35876,490.2
67181,2025-303U,STARLINK-35766,490.2
67182,2025-303V,STARLINK-35782,490.2
67183,2025-303W,STARLINK-35719,490.1
67184,2025-303X,STARLINK-35910,490.2
67185,2025-303Y,STARLINK-35859,490.2
67186,2025-303Z,STARLINK-35857,490.1
67187,2025-303AA,STARLINK-35880,490.2
67188,2025-303AB,STARLINK-35675,490.2
67189,2025-303AC,STARLINK-35889,490.2
67190,2025-303AD,STARLINK-35888,490.1
67191,2025-303AE,STARLINK-35716,490.1
67192,2025-304A,STARLINK-36182,579.2
67193,2025-304B,STARLINK-36279,579.2
67194,2025-304C,STARLINK-36284,579.1
67195,2025-304D,STARLINK-36291,579.2
67196,2025-304E,STARLINK-36239,579.2
67197,2025-304F,STARLINK-36283,579.2
67198,2025-304G,STARLINK-36267,579.2
67199,2025-304H,STARLINK-36268,579.2
67200,2025-304J,STARLINK-36270,579.2
67201,2025-304K,STARLINK-36262,579.2
67202,2025-304L,STARLINK-36263,579.2
67203,2025-304M,STARLINK-36224,579.2
67204,2025-304N,STARLINK-36185,579.2
67205,2025-304P,STARLINK-36197,579.2
67206,2025-304Q,STARLINK-36056,579.2
67207,2025-304R,STARLINK-36225,579.2
67208,2025-304S,STARLINK-36265,579.2
67209,2025-304T,STARLINK-36226,579.1
67210,2025-304U,STARLINK-36173,579.2
67211,2025-304V,STARLINK-36280,579.2
67212,2025-304W,STARLINK-36213,579.3
67213,2025-304X,STARLINK-36199,579.2
67214,2025-304Y,STARLINK-36203,579.2
67215,2025-304Z,STARLINK-36221,579.2
67216,2025-304AA,STARLINK-36212,579.2
67217,2025-304AB,STARLINK-36216,579.2
67218,2025-304AC,STARLINK-36211,579.2
67305,2026-002A,STARLINK-36490,490.2
67306,2026-002B,STARLINK-36488,490.2
67307,2026-002C,STARLINK-36481,490.1
67308,2026-002D,STARLINK-36449,490.1
67309,2026-002E,STARLINK-36482,490.2
67310,2026-002F,STARLINK-36491,490.1
67311,2026-002G,STARLINK-36495,490.2
67312,2026-002H,STARLINK-36485,490.1
67313,2026-002J,STARLINK-36445,490.2
67314,2026-002K,STARLINK-36476,490.2
67315,2026-002L,STARLINK-36463,490.1
67316,2026-002M,STARLINK-36461,490.2
67317,2026-002N,STARLINK-36450,490.2
67318,2026-002P,STARLINK-36498,490.1
67319,2026-002Q,STARLINK-36470,490.1
67320,2026-002R,STARLINK-36500,490.2
67321,2026-002S,STARLINK-36462,490.1
67322,2026-002T,STARLINK-36434,490.2
67323,2026-002U,STARLINK-36497,490.1
67324,2026-002V,STARLINK-36471,490.3
67325,2026-002W,STARLINK-36473,490.2
67326,2026-002X,STARLINK-36430,490.0
67327,2026-002Y,STARLINK-36501,490.1
67328,2026-002Z,STARLINK-36489,490.1
67329,2026-002AA,STARLINK-36496,490.2
67330,2026-002AB,STARLINK-36483,490.2
67331,2026-002AC,STARLINK-36494,490.2
67332,2026-002AD,STARLINK-36492,490.1
67333,2026-002AE,STARLINK-36427,490.2
67334,2026-003A,STARLINK-35343,490.1
67335,2026-003B,STARLINK-36486,490.2
67336,2026-003C,STARLINK-36480,490.2
67337,2026-003D,STARLINK-36410,490.2
67338,2026-003E,STARLINK-36413,490.2
67339,2026-003F,STARLINK-36451,490.2
67340,2026-003G,STARLINK-36339,490.2
67341,2026-003H,STARLINK-36453,490.2
67342,2026-003J,STARLINK-36432,490.1
67343,2026-003K,STARLINK-36458,490.2
67344,2026-003L,STARLINK-36422,490.2
67345,2026-003M,STARLINK-35676,490.2
67346,2026-003N,STARLINK-36472,490.2
67347,2026-003P,STARLINK-36420,490.2
67348,2026-003Q,STARLINK-36467,490.2
67349,2026-003R,STARLINK-36457,490.1
67350,2026-003S,STARLINK-36475,490.3
67351,2026-003T,STARLINK-36478,490.1
67352,2026-003U,STARLINK-36479,490.1
67353,2026-003V,STARLINK-36474,490.1
67354,2026-003W,STARLINK-36448,490.2
67355,2026-003X,STARLINK-36477,490.2
67356,2026-003Y,STARLINK-36429,490.2
67357,2026-003Z,STARLINK-36456,490.2
67358,2026-003AA,STARLINK-36466,490.1
67359,2026-003AB,STARLINK-36499,490.2
67360,2026-003AC,STARLINK-36469,490.2
67361,2026-003AD,STARLINK-35306,490.2
67362,2026-003AE,STARLINK-36428,490.2
67404,2026-005A,STARLINK-36484,490.1
67405,2026-005B,STARLINK-36452,490.2
67406,2026-005C,STARLINK-36409,490.2
67407,2026-005D,STARLINK-36510,490.1
67408,2026-005E,STARLINK-36509,490.2
67409,2026-005F,STARLINK-36507,490.2
67410,2026-005G,STARLINK-36508,490.1
67411,2026-005H,STARLINK-36503,490.2
67412,2026-005J,STARLINK-36446,490.1
67413,2026-005K,STARLINK-36442,490.2
67414,2026-005L,STARLINK-36506,490.2
67415,2026-005M,STARLINK-36468,490.1
67416,2026-005N,STARLINK-36487,490.2
67417,2026-005P,STARLINK-36374,490.2
67418,2026-005Q,STARLINK-36455,490.2
67419,2026-005R,STARLINK-36424,490.2
67420,2026-005S,STARLINK-35564,490.2
67421,2026-005T,STARLINK-36431,490.2
67422,2026-005U,STARLINK-36418,490.2
67423,2026-005V,STARLINK-36465,490.2
67424,2026-005W,STARLINK-36362,490.1
67425,2026-005X,STARLINK-36447,490.2
67426,2026-005Y,STARLINK-36146,490.1
67427,2026-005Z,STARLINK-36459,490.2
67428,2026-005AA,STARLINK-36464,490.2
67429,2026-005AB,STARLINK-36513,490.2
67430,2026-005AC,STARLINK-36515,490.2
67431,2026-005AD,STARLINK-36443,490.2
67432,2026-005AE,STARLINK-36460,490.1
67445,2026-008A,STARLINK-36542,490.2
67446,2026-008B,STARLINK-36539,490.3
67447,2026-008C,STARLINK-36440,490.2
67448,2026-008D,STARLINK-36423,490.2
67449,2026-008E,STARLINK-36519,490.2
67450,2026-008F,STARLINK-36525,490.2
67451,2026-008G,STARLINK-36511,490.2
67452,2026-008H,STARLINK-36524,490.1
67453,2026-008J,STARLINK-36518,490.2
67454,2026-008K,STARLINK-36517,490.2
67455,2026-008L,STARLINK-36516,490.2
67456,2026-008M,STARLINK-36493,490.2
67457,2026-008N,STARLINK-36529,490.2
67458,2026-008P,STARLINK-36528,490.3
67459,2026-008Q,STARLINK-36546,490.2
67460,2026-008R,STARLINK-36523,490.2
67461,2026-008S,STARLINK-36522,490.2
67462,2026-008T,STARLINK-36504,490.2
67463,2026-008U,STARLINK-36505,490.2
67464,2026-008V,STARLINK-36421,490.2
67465,2026-008W,STARLINK-36437,490.2
67466,2026-008X,STARLINK-36520,490.2
67467,2026-008Y,STARLINK-36425,490.2
67468,2026-008Z,STARLINK-36414,490.1
67469,2026-008AA,STARLINK-36441,490.2
67470,2026-008AB,STARLINK-36454,490.2
67471,2026-008AC,STARLINK-36334,490.1
67472,2026-008AD,STARLINK-36269,490.2
67473,2026-008AE,STARLINK-36408,490.3
67493,2026-012A,STARLINK-36551,490.2
67494,2026-012B,STARLINK-36396,490.2
67495,2026-012C,STARLINK-36550,490.2
67496,2026-012D,STARLINK-36534,490.1
67497,2026-012E,STARLINK-36555,490.1
67498,2026-012F,STARLINK-36081,490.1
67499,2026-012G,STARLINK-36558,490.1
67500,2026-012H,STARLINK-36557,490.2
67501,2026-012J,STARLINK-36433,490.2
67502,2026-012K,STARLINK-36554,490.3
67503,2026-012L,STARLINK-36552,490.1
67504,2026-012M,STARLINK-36512,490.2
67505,2026-012N,STARLINK-36545,490.2
67506,2026-012P,STARLINK-36553,490.2
67507,2026-012Q,STARLINK-36521,490.1
67508,2026-012R,STARLINK-36526,490.2
67509,2026-012S,STARLINK-36541,490.2
67510,2026-012T,STARLINK-36549,490.2
67511,2026-012U,STARLINK-36540,490.1
67512,2026-012V,STARLINK-36538,490.2
67513,2026-012W,STARLINK-36531,490.2
67514,2026-012X,STARLINK-36530,490.1
67515,2026-012Y,STARLINK-36543,490.2
67516,2026-012Z,STARLINK-36537,490.2
67517,2026-012AA,STARLINK-36544,490.2
67518,2026-012AB,STARLINK-36412,490.1
67519,2026-012AC,STARLINK-36415,490.1
67520,2026-012AD,STARLINK-36547,490.2
67521,2026-012AE,STARLINK-36444,490.1
67532,2026-014A,STARLINK-36587,351.2
67533,2026-014B,STARLINK-36417,351.2
67534,2026-014C,STARLINK-36576,351.1
67535,2026-014D,STARLINK-36574,351.2
67536,2026-014E,STARLINK-36572,351.2
67537,2026-014F,STARLINK-36561,350.9
67538,2026-014G,STARLINK-36397,351.3
67539,2026-014H,STARLINK-36573,351.3
67540,2026-014J,STARLINK-36585,351.3
67541,2026-014K,STARLINK-36579,351.4
67542,2026-014L,STARLINK-35934,350.8
67543,2026-014M,STARLINK-36581,351.2
67544,2026-014N,STARLINK-36565,351.2
67545,2026-014P,STARLINK-36583,350.9
67546,2026-014Q,STARLINK-36580,350.7
67547,2026-014R,STARLINK-36584,351.1
67548,2026-014S,STARLINK-36586,351.0
67549,2026-014T,STARLINK-36564,350.9
67550,2026-014U,STARLINK-36563,351.2
67551,2026-014V,STARLINK-36566,351.0
67552,2026-014W,STARLINK-36567,351.0
67553,2026-014X,STARLINK-36569,351.1
67554,2026-014Y,STARLINK-36395,351.1
67555,2026-014Z,STARLINK-36559,351.1
67560,2026-014AA,STARLINK-36426,351.5
67561,2026-016A,STARLINK-36621,450.9
67562,2026-016B,STARLINK-36398,422.7
67563,2026-016C,STARLINK-36403,426.1
67564,2026-016D,STARLINK-36593,426.2
67565,2026-016E,STARLINK-35725,449.8
67566,2026-016F,STARLINK-36394,453.7
67567,2026-016G,STARLINK-36352,443.0
67568,2026-016H,STARLINK-36435,440.3
67569,2026-016J,STARLINK-36575,364.7
67570,2026-016K,STARLINK-36562,447.4
67571,2026-016L,STARLINK-36578,455.1
67572,2026-016M,STARLINK-36350,450.7
67573,2026-016N,STARLINK-36588,441.3
67574,2026-016P,STARLINK-36594,455.3
67575,2026-016Q,STARLINK-36400,455.0
67576,2026-016R,STARLINK-36591,455.0
67577,2026-016S,STARLINK-36590,454.4
67578,2026-016T,STARLINK-36613,465.5
67579,2026-016U,STARLINK-36571,450.3
67580,2026-016V,STARLINK-36612,426.2
67581,2026-016W,STARLINK-36632,459.9
67582,2026-016X,STARLINK-36609,448.2
67583,2026-016Y,STARLINK-36577,426.2
67584,2026-016Z,STARLINK-36419,434.8
67585,2026-016AA,STARLINK-36560,470.4
67589,2026-018A,STARLINK-36641,470.2
67590,2026-018B,STARLINK-36376,472.6
67591,2026-018C,STARLINK-36391,472.7
67592,2026-018D,STARLINK-36603,472.6
67593,2026-018E,STARLINK-36634,472.8
67594,2026-018F,STARLINK-36638,470.1
67595,2026-018G,STARLINK-36628,472.9
67596,2026-018H,STARLINK-36629,470.2
67597,2026-018J,STARLINK-36384,472.8
67598,2026-018K,STARLINK-36358,470.1
67599,2026-018L,STARLINK-36582,470.0
67600,2026-018M,STARLINK-36640,472.8
67601,2026-018N,STARLINK-36635,472.6
67602,2026-018P,STARLINK-36631,472.7
67603,2026-018Q,STARLINK-36626,472.5
67604,2026-018R,STARLINK-36605,470.2
67605,2026-018S,STARLINK-36281,472.7
67606,2026-018T,STARLINK-35843,472.7
67607,2026-018U,STARLINK-36351,472.6
67608,2026-018V,STARLINK-36411,472.7
67609,2026-018W,STARLINK-36312,472.7
67610,2026-018X,STARLINK-36387,351.0
67611,2026-018Y,STARLINK-36636,470.2
67612,2026-018Z,STARLINK-36407,472.7
67613,2026-018AA,STARLINK-36597,470.2
67617,2026-020A,STARLINK-36548,487.7
67618,2026-020B,STARLINK-36601,490.3
67619,2026-020C,STARLINK-36119,490.2
67620,2026-020D,STARLINK-36607,490.2
67621,2026-020E,STARLINK-36615,490.2
67622,2026-020F,STARLINK-36614,490.2
67623,2026-020G,STARLINK-36600,490.2
67624,2026-020H,STARLINK-36439,490.2
67625,2026-020J,STARLINK-36438,490.1
67626,2026-020K,STARLINK-36436,490.3
67627,2026-020L,STARLINK-36502,487.8
67628,2026-020M,STARLINK-36532,490.3
67629,2026-020N,STARLINK-36367,487.7
67630,2026-020P,STARLINK-36416,489.8
67631,2026-020Q,STARLINK-36527,487.7
67632,2026-020R,STARLINK-36633,487.7
67633,2026-020S,STARLINK-36637,490.1
67634,2026-020T,STARLINK-36617,487.7
67635,2026-020U,STARLINK-36627,487.6
67636,2026-020V,STARLINK-36624,487.7
67637,2026-020W,STARLINK-36610,490.1
67638,2026-020X,STARLINK-36599,490.2
67639,2026-020Y,STARLINK-36595,490.1
67640,2026-020Z,STARLINK-36570,487.7
67641,2026-020AA,STARLINK-36514,490.2
67642,2026-020AB,STARLINK-36556,490.2
67643,2026-020AC,STARLINK-36533,487.6
67644,2026-020AD,STARLINK-36623,487.7
67645,2026-020AE,STARLINK-36619,487.7
67648,2026-022A,STARLINK-36719,472.6
67649,2026-022B,STARLINK-36342,401.2
67650,2026-022C,STARLINK-36703,470.2
67651,2026-022D,STARLINK-36696,472.7
67652,2026-022E,STARLINK-36699,472.7
67653,2026-022F,STARLINK-36694,472.7
67654,2026-022G,STARLINK-36620,470.2
67655,2026-022H,STARLINK-36720,472.7
67656,2026-022J,STARLINK-36688,472.7
67657,2026-022K,STARLINK-36706,472.7
67658,2026-022L,STARLINK-36701,470.3
67659,2026-022M,STARLINK-36642,472.7
67660,2026-022N,STARLINK-36673,470.2
67661,2026-022P,STARLINK-36674,472.6
67662,2026-022Q,STARLINK-36700,472.7
67663,2026-022R,STARLINK-36675,472.7
67664,2026-022S,STARLINK-36404,472.6
67665,2026-022T,STARLINK-36399,472.6
67666,2026-022U,STARLINK-36365,472.7
67667,2026-022V,STARLINK-36622,472.7
67668,2026-022W,STARLINK-36625,472.7
67669,2026-022X,STARLINK-36639,472.7
67670,2026-022Y,STARLINK-36596,470.2
67671,2026-022Z,STARLINK-36297,472.7
67672,2026-022AA,STARLINK-36616,472.7
67693,2026-025A,STARLINK-36748,408.9
67694,2026-025B,STARLINK-36753,432.1
67695,2026-025C,STARLINK-36750,425.5
67696,2026-025D,STARLINK-36401,424.9
67697,2026-025E,STARLINK-36704,425.6
67698,2026-025F,STARLINK-36697,430.0
67699,2026-025G,STARLINK-36716,448.5
67700,2026-025H,STARLINK-36712,429.0
67701,2026-025J,STARLINK-36713,425.7
67702,2026-025K,STARLINK-36695,406.7
67703,2026-025L,STARLINK-36630,426.3
67704,2026-025M,STARLINK-36338,444.9
67705,2026-025N,STARLINK-36316,426.1
67706,2026-025P,STARLINK-36707,439.9
67707,2026-025Q,STARLINK-36645,415.9
67708,2026-025R,STARLINK-36287,427.9
67709,2026-025S,STARLINK-36698,435.0
67710,2026-025T,STARLINK-36344,425.3
67711,2026-025U,STARLINK-36687,441.9
67712,2026-025V,STARLINK-36705,443.6
67713,2026-025W,STARLINK-36708,472.7
67714,2026-025X,STARLINK-36702,426.3
67715,2026-025Y,STARLINK-36718,460.0
67716,2026-025Z,STARLINK-36715,466.9
67717,2026-025AA,STARLINK-36385,445.2
67721,2026-026A,STARLINK-36772,472.7
67722,2026-026B,STARLINK-36796,470.2
67723,2026-026C,STARLINK-36369,472.7
67724,2026-026D,STARLINK-36752,472.7
67725,2026-026E,STARLINK-36754,470.2
67726,2026-026F,STARLINK-36755,472.7
67727,2026-026G,STARLINK-36741,470.2
67728,2026-026H,STARLINK-36757,475.7
67729,2026-026J,STARLINK-36751,472.7
67730,2026-026K,STARLINK-36747,472.7
67731,2026-026L,STARLINK-36315,472.6
67732,2026-026M,STARLINK-36260,472.6
67733,2026-026N,STARLINK-36746,470.2
67734,2026-026P,STARLINK-36749,470.2
67735,2026-026Q,STARLINK-36691,472.7
67736,2026-026R,STARLINK-36317,472.7
67737,2026-026S,STARLINK-36330,472.7
67738,2026-026T,STARLINK-36327,472.7
67739,2026-026U,STARLINK-36329,472.7
67740,2026-026V,STARLINK-36737,472.7
67741,2026-026W,STARLINK-36740,471.5
67742,2026-026X,STARLINK-36693,472.7
67743,2026-026Y,STARLINK-36717,472.7
67744,2026-026Z,STARLINK-36692,472.7
67797,2026-032A,STARLINK-36800,351.0
67798,2026-032B,STARLINK-36798,351.2
67799,2026-032C,STARLINK-36804,350.9
67800,2026-032D,STARLINK-36354,351.1
67801,2026-032E,STARLINK-36773,351.2
67802,2026-032F,STARLINK-36739,351.2
67803,2026-032G,STARLINK-36768,350.9
67804,2026-032H,STARLINK-36792,351.1
67805,2026-032J,STARLINK-36782,351.2
67806,2026-032K,STARLINK-36389,350.8
67807,2026-032L,STARLINK-36382,351.0
67808,2026-032M,STARLINK-36811,350.8
67809,2026-032N,STARLINK-36795,351.0
67810,2026-032P,STARLINK-36807,351.1
67811,2026-032Q,STARLINK-36733,351.0
67812,2026-032R,STARLINK-36377,351.2
67813,2026-032S,STARLINK-36732,351.0
67814,2026-032T,STARLINK-36767,351.0
67815,2026-032U,STARLINK-36797,351.0
67816,2026-032V,STARLINK-36343,351.2
67817,2026-032W,STARLINK-36756,351.0
67818,2026-032X,STARLINK-36346,351.2
67819,2026-032Y,STARLINK-36788,351.2
67820,2026-032Z,STARLINK-36353,351.1
67821,2026-033A,STARLINK-36644,487.5
67822,2026-033B,STARLINK-36643,487.7
67823,2026-033C,STARLINK-36646,487.7
67824,2026-033D,STARLINK-36647,485.3
67825,2026-033E,STARLINK-36648,487.8
67826,2026-033F,STARLINK-35865,490.2
67827,2026-033G,STARLINK-36289,490.4
67828,2026-033H,STARLINK-36670,490.2
67829,2026-033J,STARLINK-36144,487.7
67830,2026-033K,STARLINK-36611,490.2
67831,2026-033L,STARLINK-36661,490.2
67832,2026-033M,STARLINK-36662,403.1
67833,2026-033N,STARLINK-36659,487.6
67834,2026-033P,STARLINK-36655,487.7
67835,2026-033Q,STARLINK-36657,490.2
67836,2026-033R,STARLINK-36650,490.3
67837,2026-033S,STARLINK-36649,490.4
67838,2026-033T,STARLINK-36654,487.8
67839,2026-033U,STARLINK-36652,487.8
67840,2026-033V,STARLINK-36651,487.7
67841,2026-033W,STARLINK-36656,487.8
67842,2026-033X,STARLINK-36653,488.2
67843,2026-033Y,STARLINK-36589,490.2
67844,2026-033Z,STARLINK-36598,490.2
67845,2026-033AA,STARLINK-36606,490.4
67846,2026-033AB,STARLINK-36658,490.4
67847,2026-033AC,STARLINK-36618,347.5
67848,2026-033AD,STARLINK-36660,487.7
67849,2026-033AE,STARLINK-36602,490.3
67850,2026-034A,STARLINK-36840,425.9
67851,2026-034B,STARLINK-36348,425.9
67852,2026-034C,STARLINK-36276,426.1
67853,2026-034D,STARLINK-36785,398.9
67854,2026-034E,STARLINK-36608,393.2
67855,2026-034F,STARLINK-36838,395.7
67856,2026-034G,STARLINK-36843,425.7
67857,2026-034H,STARLINK-36828,389.7
67858,2026-034J,STARLINK-36837,425.7
67859,2026-034K,STARLINK-36393,380.0
67860,2026-034L,STARLINK-35873,410.3
67861,2026-034M,STARLINK-36325,412.3
67862,2026-034N,STARLINK-36332,410.9
67863,2026-034P,STARLINK-36835,410.0
67864,2026-034Q,STARLINK-36831,406.0
67865,2026-034R,STARLINK-36738,393.3
67866,2026-034S,STARLINK-36780,406.3
67867,2026-034T,STARLINK-36761,390.0
67868,2026-034U,STARLINK-36762,397.7
67869,2026-034V,STARLINK-36779,406.0
67870,2026-034W,STARLINK-36770,405.8
67871,2026-034X,STARLINK-36769,401.7
67872,2026-034Y,STARLINK-36786,401.3
67873,2026-034Z,STARLINK-36783,404.3
67874,2026-034AA,STARLINK-36730,404.6
67875,2026-034AB,STARLINK-36727,404.2
67876,2026-034AC,STARLINK-36743,413.7
67877,2026-034AD,STARLINK-36784,426.1
67878,2026-034AE,STARLINK-36689,409.6
67879,2026-035A,STARLINK-36818,350.8
67880,2026-035B,STARLINK-36821,351.1
67881,2026-035C,STARLINK-36808,351.3
67882,2026-035D,STARLINK-36817,351.0
67883,2026-035E,STARLINK-36856,351.1
67884,2026-035F,STARLINK-36842,351.0
67885,2026-035G,STARLINK-36826,351.1
67886,2026-035H,STARLINK-36390,350.9
67887,2026-035J,STARLINK-36368,351.0
67888,2026-035K,STARLINK-36801,351.2
67889,2026-035L,STARLINK-36372,350.5
67890,2026-035M,STARLINK-36363,351.3
67891,2026-035N,STARLINK-36816,419.8
67892,2026-035P,STARLINK-36813,351.3
67893,2026-035Q,STARLINK-36803,351.4
67894,2026-035R,STARLINK-36846,350.6
67895,2026-035S,STARLINK-36866,351.2
67896,2026-035T,STARLINK-36877,351.0
67897,2026-035U,STARLINK-36870,351.1
67898,2026-035V,STARLINK-36810,350.9
67899,2026-035W,STARLINK-36878,350.9
67900,2026-035X,STARLINK-36361,351.5
67901,2026-035Y,STARLINK-36336,350.9
67902,2026-035Z,STARLINK-36876,350.9
67903,2026-035AA,STARLINK-36257,351.0
67904,2026-036A,STARLINK-36814,487.9
67905,2026-036B,STARLINK-36729,490.2
67906,2026-036C,STARLINK-36763,487.6
67907,2026-036D,STARLINK-36742,490.2
67908,2026-036E,STARLINK-36827,490.3
67909,2026-036F,STARLINK-36822,487.6
67910,2026-036G,STARLINK-36847,479.9
67911,2026-036H,STARLINK-36736,487.8
67912,2026-036J,STARLINK-36676,487.7
67913,2026-036K,STARLINK-36690,487.0
67914,2026-036L,STARLINK-36724,490.3
67915,2026-036M,STARLINK-36723,487.7
67916,2026-036N,STARLINK-36721,487.8
67917,2026-036P,STARLINK-36722,490.2
67918,2026-036Q,STARLINK-36341,490.3
67919,2026-036R,STARLINK-36663,487.8
67920,2026-036S,STARLINK-36375,487.7
67921,2026-036T,STARLINK-36405,483.9
67922,2026-036U,STARLINK-36383,330.9
67923,2026-036V,STARLINK-36406,469.9
67924,2026-036W,STARLINK-36714,490.3
67925,2026-036X,STARLINK-36726,467.0
67926,2026-036Y,STARLINK-36758,487.8
67927,2026-036Z,STARLINK-36728,490.3
67928,2026-036AA,STARLINK-36771,485.8
67929,2026-036AB,STARLINK-36809,487.6
67930,2026-036AC,STARLINK-36865,487.7
67931,2026-036AD,STARLINK-36781,487.6
67932,2026-037A,STARLINK-36301,435.3
67933,2026-037B,STARLINK-36852,422.1
67934,2026-037C,STARLINK-36861,422.8
67935,2026-037D,STARLINK-36860,422.1
67936,2026-037E,STARLINK-36848,422.0
67937,2026-037F,STARLINK-36370,422.1
67938,2026-037G,STARLINK-36371,422.2
67939,2026-037H,STARLINK-36246,422.1
67940,2026-037J,STARLINK-36907,422.1
67941,2026-037K,STARLINK-36927,422.1
67942,2026-037L,STARLINK-36914,422.1
67943,2026-037M,STARLINK-36851,422.4
67944,2026-037N,STARLINK-36892,422.3
67945,2026-037P,STARLINK-36908,422.2
67946,2026-037Q,STARLINK-36909,422.2
67947,2026-037R,STARLINK-36920,422.0
67948,2026-037S,STARLINK-36873,422.2
67949,2026-037T,STARLINK-36863,422.3
67950,2026-037U,STARLINK-36887,422.0
67951,2026-037V,STARLINK-36897,421.1
67952,2026-037W,STARLINK-36381,422.1
67953,2026-037X,STARLINK-36824,422.1
67954,2026-037Y,STARLINK-36869,422.2
67955,2026-037Z,STARLINK-36872,422.0
67956,2026-037AA,STARLINK-36918,422.2
67957,2026-037AB,STARLINK-36829,422.1
67958,2026-037AC,STARLINK-36799,421.5
67959,2026-037AD,STARLINK-36834,422.1
67960,2026-037AE,STARLINK-36841,422.1
67961,2026-038A,STARLINK-36912,472.7
67962,2026-038B,STARLINK-36881,472.7
67963,2026-038C,STARLINK-36357,472.8
67964,2026-038D,STARLINK-36349,472.8
67965,2026-038E,STARLINK-36806,472.7
67966,2026-038F,STARLINK-36820,472.7
67967,2026-038G,STARLINK-36819,428.3
67968,2026-038H,STARLINK-36812,472.7
67969,2026-038J,STARLINK-36709,472.7
67970,2026-038K,STARLINK-36319,470.3
67971,2026-038L,STARLINK-36710,472.8
67972,2026-038M,STARLINK-36894,472.7
67973,2026-038N,STARLINK-36900,426.6
67974,2026-038P,STARLINK-36901,472.7
67975,2026-038Q,STARLINK-36883,472.8
67976,2026-038R,STARLINK-36880,426.2
67977,2026-038S,STARLINK-36904,472.8
67978,2026-038T,STARLINK-36364,472.7
67979,2026-038U,STARLINK-36359,470.2
67980,2026-038V,STARLINK-36882,470.2
67981,2026-038W,STARLINK-36874,472.8
67982,2026-038X,STARLINK-36879,426.2
67983,2026-038Y,STARLINK-36867,426.2
67984,2026-038Z,STARLINK-36266,472.7
67985,2026-038AA,STARLINK-36802,351.2
67986,2026-039A,STARLINK-36535,487.7
67987,2026-039B,STARLINK-36744,490.3
67988,2026-039C,STARLINK-36734,422.1
67989,2026-039D,STARLINK-36957,486.8
67990,2026-039E,STARLINK-36951,461.6
67991,2026-039F,STARLINK-36941,422.0
67992,2026-039G,STARLINK-36950,423.4
67993,2026-039H,STARLINK-36975,433.2
67994,2026-039J,STARLINK-36993,469.7
67995,2026-039K,STARLINK-36968,422.1
67996,2026-039L,STARLINK-36979,472.4
67997,2026-039M,STARLINK-36994,422.0
67998,2026-039N,STARLINK-36988,427.7
67999,2026-039P,STARLINK-36926,430.8
68000,2026-039Q,STARLINK-36931,447.5
68001,2026-039R,STARLINK-36903,487.9
68002,2026-039S,STARLINK-36898,483.7
68003,2026-039T,STARLINK-36862,488.0
68004,2026-039U,STARLINK-36888,487.8
68005,2026-039V,STARLINK-36910,479.6
68006,2026-039W,STARLINK-36889,463.2
68007,2026-039X,STARLINK-36592,485.5
68008,2026-039Y,STARLINK-36911,473.0
68009,2026-039Z,STARLINK-36956,462.3
68010,2026-039AA,STARLINK-36953,476.9
68011,2026-039AB,STARLINK-36991,422.1
68012,2026-039AC,STARLINK-36936,439.7
68013,2026-039AD,STARLINK-36967,422.1
68014,2026-039AE,STARLINK-36985,480.7
68015,2026-040A,STARLINK-36335,351.0
68016,2026-040B,STARLINK-36923,351.0
68017,2026-040C,STARLINK-36568,351.1
68018,2026-040D,STARLINK-36930,351.2
68019,2026-040E,STARLINK-36921,351.1
68020,2026-040F,STARLINK-36928,351.0
68021,2026-040G,STARLINK-36858,350.9
68022,2026-040H,STARLINK-36916,367.2
68023,2026-040J,STARLINK-36871,351.0
68024,2026-040K,STARLINK-36891,351.1
68025,2026-040L,STARLINK-36378,351.2
68026,2026-040M,STARLINK-36884,351.0
68027,2026-040N,STARLINK-36940,351.0
68028,2026-040P,STARLINK-36253,464.5
68029,2026-040Q,STARLINK-36944,351.0
68030,2026-040R,STARLINK-36942,351.2
68031,2026-040S,STARLINK-36913,382.0
68032,2026-040T,STARLINK-36935,350.9
68033,2026-040V,STARLINK-36947,351.1
68034,2026-040W,STARLINK-36939,372.7
68035,2026-040X,STARLINK-36943,350.9
68036,2026-040Y,STARLINK-36906,368.7
68037,2026-040Z,STARLINK-36388,351.2
68038,2026-040AA,STARLINK-36895,351.3
68039,2026-040AB,STARLINK-36373,378.9
68040,2026-041A,STARLINK-36711,350.9
68041,2026-041B,STARLINK-36825,334.8
68042,2026-041C,STARLINK-36925,351.0
68043,2026-041D,STARLINK-36902,351.2
68044,2026-041E,STARLINK-36966,351.0
68045,2026-041F,STARLINK-36864,350.9
68046,2026-041G,STARLINK-36321,350.7
68047,2026-041H,STARLINK-36181,351.3
68048,2026-041J,STARLINK-36318,350.8
68049,2026-041K,STARLINK-36885,350.8
68050,2026-041L,STARLINK-36945,351.3
68051,2026-041M,STARLINK-35911,351.2
68052,2026-041N,STARLINK-35808,350.7
68053,2026-041P,STARLINK-36919,350.3
68054,2026-041Q,STARLINK-36924,351.0
68055,2026-041R,STARLINK-35998,350.9
68056,2026-041S,STARLINK-36845,351.0
68057,2026-041T,STARLINK-36954,350.9
68058,2026-041U,STARLINK-36899,350.9
68059,2026-041V,STARLINK-36917,364.3
68060,2026-041W,STARLINK-36959,350.9
68061,2026-041X,STARLINK-36915,350.8
68062,2026-041Y,STARLINK-36952,350.9
68063,2026-041Z,STARLINK-37000,350.6
68064,2026-041AA,STARLINK-36996,351.0
68065,2026-041AB,STARLINK-36836,351.0
68066,2026-041AC,STARLINK-36976,351.0
68067,2026-041AD,STARLINK-36929,350.9
68068,2026-041AE,STARLINK-36990,334.9
